Date,Scraped_At,dOpen,wOpen,mOpen,DIHD,DIHU,DILD,DILU,DRHD,DRHU,DRLD,DRLU,MIHD,MIHU,MILD,MILU,MRHD,MRHU,MRLD,MRLU,MTH1,MTH2,MTHD,MTHU,MTL1,MTL2,MTLD,MTLU,WIHD,WIHU,WILD,WILU,WRHD,WRHU,WRLD,WRLU,DTH1,DTH2,DTHD,DTHU,WTH1,WTH2,WTHD,WTHU,DTL1,DTL2,DTLD,DTLU,WTL1,WTL2,WTLD,WTLU
2024-12-31,2026-06-30 05:20:00,29.38,29.98,31.12,29.5109809128,29.55103914,29.17549326,29.2155514872,29.679006,29.75868,28.9474308,29.0633238,32.210068248,32.4058006,30.5708098,30.766542152,32.70712,33.24394,29.4818432,29.8671088,34.959585600000004,36.2560448,34.5466232,36.4521008,28.0696176,27.40116,26.151692,28.4299872,30.5632471092,30.67552101,29.62295319,29.7352270908,30.882398,31.1036504,28.854251,29.2550836,,,,,,,,,,,,,,,,
2025-01-01,2026-06-30 05:20:22,29.38,29.98,31.12,29.5109809128,29.55103914,29.17549326,29.2155514872,29.679006,29.75868,28.9474308,29.0633238,32.210068248,32.4058006,30.5708098,30.766542152,32.70712,33.24394,29.4818432,29.8671088,34.959585600000004,36.2560448,34.5466232,36.4521008,28.0696176,27.40116,26.151692,28.4299872,30.5632471092,30.67552101,29.62295319,29.7352270908,30.882398,31.1036504,28.854251,29.2550836,,,,,,,,,,,,,,,,
2025-01-02,2026-06-30 05:20:42,29.31,29.98,29.31,29.4690305344,29.51046672,29.12200248,29.1634386656,29.65376875,29.733375,28.8783674,28.9939839,30.336667749,30.521015925,28.8783674,28.9939839,30.882398,31.1036504,27.7671216,28.1299794,,,,,,,,,30.5632471092,30.67552101,29.62295319,29.7352270908,30.882398,31.1036504,28.854251,29.2550836,30.03505625,30.2492,29.963675,30.2956125,,,,,,,,,,,,
2025-01-03,2026-06-30 05:21:09,29.985,29.98,29.31,30.1086812846,30.149512155,29.766722745,29.8075536154,30.27965255,30.360939,29.5344697,29.65271295,30.336667749,30.521015925,28.792751775,28.977099951,30.882398,31.1036504,27.7671216,28.1299794,,,,,,,,,30.5632471092,30.67552101,29.62295319,29.7352270908,30.882398,31.1036504,28.854251,29.2550836,30.66898765,30.8876512,30.5960998,30.9350433,,,,,,,,,,,,
2025-01-06,2026-06-30 05:21:33,30.095,30.095,29.31,30.2505978212,30.29193041,29.90443739,29.9457699788,30.4260286,30.507708,29.6676634,29.7864399,30.336667749,30.521015925,28.792751775,28.977099951,30.80481,31.3104075,27.7671216,28.1299794,,,,,,,,,30.6804843813,30.7931889525,29.7365835975,29.8492881687,31.0008595,31.2229606,28.96493275,29.3673029,30.8172458,31.0369664,30.7440056,31.0845876,,,,,,,,,,,,
2025-01-07,2026-06-30 05:21:55,30.485,30.095,29.31,30.6109505046,30.652430655,30.263554245,30.3050343954,30.78439755,30.867039,30.0277797,30.14799795,30.336667749,30.521015925,28.792751775,28.977099951,30.80481,31.3104075,27.7671216,28.1299794,,,,,,,,,30.6804843813,30.7931889525,29.7365835975,29.8492881687,31.0008595,31.2229606,28.96493275,29.3673029,31.18022265,31.4025312,31.1061198,31.4507133,,,,,,,,,,,,
2025-01-08,2026-06-30 05:22:17,30.655,30.095,29.31,30.8224931906,30.863769405,30.476804895,30.5180811094,30.991343,31.07454,30.2448361,30.365923350000003,30.336667749,30.521015925,28.792751775,28.977099951,30.80481,31.3104075,27.7671216,28.1299794,,,,,,,,,30.6804843813,30.7931889525,29.7365835975,29.8492881687,31.0008595,31.2229606,28.96493275,29.3673029,,,,,,,,,,,,,,,,
2025-01-09,2026-06-30 05:22:41,30.73,30.095,29.31,30.8991147286,30.940808255,30.549931445,30.5916249714,31.0721022,31.155516,30.3138995,30.43526325,30.336667749,30.521015925,28.792751775,28.977099951,30.80481,31.3104075,27.7671216,28.1299794,,,,,,,,,30.6804843813,30.7931889525,29.7365835975,29.8492881687,31.0008595,31.2229606,28.96493275,29.3673029,31.4716266,31.6960128,31.3968312,31.7446452,32.1962329,32.8884179,32.0258952,32.92543475,,,,,,,,
2025-01-10,2026-06-30 05:23:03,31.045,30.095,29.31,31.186689339,31.229072875,30.831727225,30.874110761,31.3648543,31.449054,30.5901531,30.71262285,30.336667749,30.521015925,28.792751775,28.977099951,30.80481,31.3104075,27.7671216,28.1299794,32.9262678,34.1473224,32.5373241,34.3319754,,,,,30.6804843813,30.7931889525,29.7365835975,29.8492881687,31.0008595,31.2229606,28.96493275,29.3673029,31.7681429,31.9946432,31.6926428,32.0437338,32.1962329,32.8884179,32.0258952,32.92543475,,,,,,,,
2025-01-13,2026-06-30 05:23:24,31.305,31.305,29.31,31.482540493,31.527056925,31.109715375,31.154231807,31.68284365,31.767897,30.8466743,30.97017105,30.336667749,30.521015925,28.792751775,28.977099951,30.80481,31.3104075,27.7671216,28.1299794,32.9262678,34.1473224,32.5373241,34.3319754,,,,,31.9140243747,32.0312603475,30.9321731025,31.0494090753,32.2472805,32.4783114,30.336667749,30.521015925,,,,,,,,,30.4702437,30.1238275,30.12949725,30.5480451,,,,
2025-01-14,2026-06-30 05:23:45,30.305,31.305,29.31,30.5049862826,30.548079905,30.144077195,30.1871708174,30.6985909,30.781002,29.8896529,30.00931815,30.336667749,30.521015925,28.792751775,28.977099951,30.80481,31.3104075,27.7671216,28.1299794,32.9262678,34.1473224,32.5373241,34.3319754,,,,,31.9140243747,32.0312603475,30.9321731025,31.0494090753,32.2472805,32.4783114,30.336667749,30.521015925,,,,,,,,,,,,,29.15841615,28.4205573,27.1295391,29.64990465
2025-01-15,2026-06-30 05:24:09,30.545,31.305,29.31,30.672503966,30.71438195,30.32177585,30.363653834,30.8500144,30.932832,30.0820438,30.2024793,30.336667749,30.521015925,28.792751775,28.977099951,30.80481,31.3104075,27.7671216,28.1299794,32.9262678,34.1473224,32.5373241,34.3319754,,,,,31.9140243747,32.0312603475,30.9321731025,31.0494090753,32.2472805,32.4783114,30.336667749,30.521015925,31.2466832,31.4694656,31.1724224,31.5177504,,,,,,,,,29.15841615,28.4205573,27.1295391,29.64990465
2025-01-16,2026-06-30 05:24:32,31.6,31.305,29.31,31.748539324000003,31.7908535,31.3941581,31.436472276,31.9200738,32.005764,31.1574596,31.2822006,30.336667749,30.521015925,28.792751775,28.977099951,30.80481,31.3104075,27.7671216,28.1299794,32.9262678,34.1473224,32.5373241,34.3319754,,,,,31.9140243747,32.0312603475,30.9321731025,31.0494090753,32.2472805,32.4783114,30.336667749,30.521015925,,,,,,,,,,,,,29.15841615,28.4205573,27.1295391,29.64990465
2025-01-17,2026-06-30 05:25:00,31.605,31.305,29.31,31.7092531834,31.754858345,31.327309955,31.3729151166,31.9200738,32.005764,31.053864500000003,31.17819075,30.336667749,30.521015925,28.792751775,28.977099951,30.80481,31.3104075,27.7671216,28.1299794,32.9262678,34.1473224,32.5373241,34.3319754,,,,,31.9140243747,32.0312603475,30.9321731025,31.0494090753,32.2472805,32.4783114,30.336667749,30.521015925,,,,,,,,,30.6749055,30.3261625,30.336667749,30.521015925,29.15841615,28.4205573,27.1295391,29.64990465
2025-01-20,2026-06-30 05:25:23,31.085,31.085,29.31,31.1680835808,31.21330744,30.78933376,30.8345576192,31.37999665,31.464237,30.5161566,30.6383301,30.336667749,30.521015925,28.792751775,28.977099951,30.80481,31.3104075,27.7671216,28.1299794,32.9262678,34.1473224,32.5373241,34.3319754,,,,,31.6897443759,31.8061564575,30.7147931925,30.8312052741,32.0206585,32.2500658,29.91775825,30.3333647,,,,,,,,,,,,,,,,
2025-01-21,2026-06-30 05:25:46,31.205,31.085,29.31,31.4487647304,31.49482882,31.06297798,31.1090420696,31.6677013,31.752714,30.782544,30.905784,30.336667749,30.521015925,28.792751775,28.977099951,30.80481,31.3104075,27.7671216,28.1299794,32.9262678,34.1473224,32.5373241,34.3319754,,,,,31.6897443759,31.8061564575,30.7147931925,30.8312052741,32.0206585,32.2500658,29.91775825,30.3333647,,,,,,,,,,,,,,,,
2025-01-22,2026-06-30 05:26:06,31.555,31.085,29.31,31.6589243336,31.70319138,31.28818782,31.3324548664,31.85445695,31.939971,31.029199,31.1534265,30.336667749,30.521015925,28.792751775,28.977099951,30.80481,31.3104075,27.7671216,28.1299794,32.9262678,34.1473224,32.5373241,34.3319754,,,,,31.6897443759,31.8061564575,30.7147931925,30.8312052741,32.0206585,32.2500658,29.91775825,30.3333647,,,,,,,,,,,,,,,,
2025-01-23,2026-06-30 05:26:28,31.385,31.085,29.31,31.4981981832,31.54225746,31.12920174,31.1732610168,31.69293855,31.778019,30.8713398,30.9949353,30.336667749,30.521015925,28.792751775,28.977099951,30.80481,31.3104075,27.7671216,28.1299794,32.9262678,34.1473224,32.5373241,34.3319754,,,,,31.6897443759,31.8061564575,30.7147931925,30.8312052741,32.0206585,32.2500658,29.91775825,30.3333647,,,,,,,,,30.4946082,30.147915,29.91775825,30.3333647,,,,
2025-01-24,2026-06-30 05:26:51,30.84,31.085,29.31,30.9901128018,31.031446565,30.643942535,30.6852762982,31.15790885,31.241553,30.4125615,30.53432025,30.336667749,30.521015925,28.792751775,28.977099951,30.80481,31.3104075,27.7671216,28.1299794,32.9262678,34.1473224,32.5373241,34.3319754,,,,,31.6897443759,31.8061564575,30.7147931925,30.8312052741,32.0206585,32.2500658,29.91775825,30.3333647,31.55853655,31.7835424,31.4835346,31.8323091,,,,,,,,,,,,
2025-01-27,2026-06-30 05:27:12,30.995,30.995,29.31,31.0346474434,31.083358845000003,30.626689455,30.675400856600003,31.28914255,31.373139,30.3138995,30.43526325,30.336667749,30.521015925,28.792751775,28.977099951,30.80481,31.3104075,27.7671216,28.1299794,32.9262678,34.1473224,32.5373241,34.3319754,,,,,31.5979934673,31.7140685025,30.6258650475,30.7419400827,31.9279495,32.1566926,29.83113775,30.2455409,,,,,,,,,29.9439705,29.6035375,29.4462255,30.0939085,,,,
2025-01-28,2026-06-30 05:27:33,30.575,30.995,29.31,30.7046128156,30.74764623,30.34420797,30.3872413844,30.89544145,30.978381,30.09191,30.212385,30.336667749,30.521015925,28.792751775,28.977099951,30.80481,31.3104075,27.7671216,28.1299794,32.9262678,34.1473224,32.5373241,34.3319754,,,,,31.5979934673,31.7140685025,30.6258650475,30.7419400827,31.9279495,32.1566926,29.83113775,30.2455409,,,,,,,,,,,,,,,,
2025-01-29,2026-06-30 05:27:56,30.94,30.995,29.31,31.0654531848,31.10688434,30.71846726,30.7598984152,31.2336206,31.317468,30.486558,30.608613,30.336667749,30.521015925,28.792751775,28.977099951,30.80481,31.3104075,27.7671216,28.1299794,32.9262678,34.1473224,32.5373241,34.3319754,,,,,31.5979934673,31.7140685025,30.6258650475,30.7419400827,31.9279495,32.1566926,29.83113775,30.2455409,31.6352218,31.8607744,31.5600376,31.9096596,,,,,,,,,,,,
2025-01-30,2026-06-30 05:28:20,31.58,30.995,29.31,31.7542535576,31.79737078,31.39314682,31.4362640424,31.93521615,32.020947,31.1475934,31.2722949,30.336667749,30.521015925,28.792751775,28.977099951,30.80481,31.3104075,27.7671216,28.1299794,32.9262678,34.1473224,32.5373241,34.3319754,,,,,31.5979934673,31.7140685025,30.6258650475,30.7419400827,31.9279495,32.1566926,29.83113775,30.2455409,32.34583845,32.576457600000005,32.2689654,32.6264409,33.1590709,33.8719559,32.9836392,33.91007975,,,,,,,,
2025-01-31,2026-06-30 05:28:45,32.765,30.995,29.31,32.9447335368,32.990662740000005,32.56007646,32.6060056632,33.14660415,33.235587,32.2920726,32.4213561,30.336667749,30.521015925,28.792751775,28.977099951,30.80481,31.3104075,27.7671216,28.1299794,32.9262678,34.1473224,32.5373241,34.3319754,,,,,31.5979934673,31.7140685025,30.6258650475,30.7419400827,31.9279495,32.1566926,29.83113775,30.2455409,,,,,33.1590709,33.8719559,32.9836392,33.91007975,31.8980034,31.535355,31.5979934673,31.7140685025,,,,
2025-02-03,2026-06-30 05:29:06,32.46,32.46,32.46,32.49480976939999,32.558775794999995,31.959094305,32.0230603306,32.91442145,33.002781,31.4879773,31.61404155,33.597005634000006,33.801166050000006,31.959094305,32.0230603306,34.11546,34.675395,30.7513056,31.1531604,,,,,,,,,33.0914943684,33.213055770000004,32.07341763,32.1949790316,33.437046,33.6766008,31.241127,31.675117200000003,,,,,,,,,,,,,,,,
2025-02-04,2026-06-30 05:29:28,32.54,32.46,32.46,32.6571589264,32.702398120000005,32.27828068,32.3235198736,32.85385205,32.942049000000004,32.07341763,32.1949790316,33.597005634000006,33.801166050000006,31.88716215,32.091322566,34.11546,34.675395,30.7513056,31.1531604,,,,,,,,,33.0914943684,33.213055770000004,32.07341763,32.1949790316,33.437046,33.6766008,31.241127,31.675117200000003,33.276286150000004,33.513539200000004,33.1972018,33.5649603,,,,,,,,,,,,
2025-02-05,2026-06-30 05:29:47,32.87,32.46,32.46,33.0182031512,33.064386459999994,32.63141794,32.677601248799995,33.2223159,33.311502,32.361135999999995,32.490696,33.597005634000006,33.801166050000006,31.88716215,32.091322566,34.11546,34.675395,30.7513056,31.1531604,,,,,,,,,33.0914943684,33.213055770000004,32.07341763,32.1949790316,33.437046,33.6766008,31.241127,31.675117200000003,,,,,,,,,,,,,,,,
2025-02-06,2026-06-30 05:30:08,32.755,32.46,32.46,32.927103150200004,32.972373035000004,32.547967865000004,32.593237749800004,33.121366900000005,33.210282,32.2871395,32.41640325,33.597005634000006,33.801166050000006,31.88716215,32.091322566,34.11546,34.675395,30.7513056,31.1531604,,,,,,,,,33.0914943684,33.213055770000004,32.07341763,32.1949790316,33.437046,33.6766008,31.241127,31.675117200000003,,,,,,,,,31.8931305,31.5305375,31.3629855,32.052828500000004,,,,
2025-02-07,2026-06-30 05:30:29,32.65,32.46,32.46,32.8114793018,32.855326665,32.444257635,32.4881049982,32.9901332,33.078696,32.198343699999995,32.32725195,33.597005634000006,33.801166050000006,31.88716215,32.091322566,34.11546,34.675395,30.7513056,31.1531604,,,,,,,,,33.0914943684,33.213055770000004,32.07341763,32.1949790316,33.437046,33.6766008,31.241127,31.675117200000003,33.4143196,33.6525568,33.437046,33.6766008,,,,,31.8054183,31.4438225,31.241127,31.675117200000003,,,,
2025-02-10,2026-06-30 05:30:50,32.18,32.18,32.46,32.3045951008,32.352879439999995,31.90021376,31.9484980992,32.54091015,32.628267,31.6014386,31.7279571,33.597005634000006,33.801166050000006,31.88716215,32.091322566,34.11546,34.675395,30.7513056,31.1531604,,,,,,,,,32.8060470972,32.92655991,31.79675229,31.9172651028,33.148618,33.3861064,30.971641,31.4018876,32.95932045,33.1943136,32.8809894,33.2452449,,,,,,,,,,,,
2025-02-11,2026-06-30 05:31:11,32.495,32.18,32.46,32.6389389262,32.683995435,32.261590665,32.3066471738,32.83366225,32.921805,32.0010197,32.12913795,33.597005634000006,33.801166050000006,31.88716215,32.091322566,34.11546,34.675395,30.7513056,31.1531604,,,,,,,,,32.8060470972,32.92655991,31.79675229,31.9172651028,33.148618,33.3861064,30.971641,31.4018876,,,,,,,,,31.610502300000004,31.2511225,31.0850553,31.7687851,,,,
2025-02-12,2026-06-30 05:31:32,32.255,32.18,32.46,32.4202989238,32.463163214999994,32.061310485,32.1041747762,32.591384649999995,32.678877,31.79675229,31.9172651028,33.597005634000006,33.801166050000006,31.88716215,32.091322566,34.11546,34.675395,30.7513056,31.1531604,,,,,,,,,32.8060470972,32.92655991,31.79675229,31.9172651028,33.148618,33.3861064,30.971641,31.4018876,33.01044395,33.24580159999999,32.931991399999994,33.296811899999994,,,,,,,,,,,,
2025-02-13,2026-06-30 05:31:53,32.71,32.18,32.46,32.8787469968,32.92379524,32.50146796,32.5465162032,33.0708924,33.159672,32.2427416,32.3718276,33.597005634000006,33.801166050000006,31.88716215,32.091322566,34.11546,34.675395,30.7513056,31.1531604,,,,,,,,,32.8060470972,32.92655991,31.79675229,31.9172651028,33.148618,33.3861064,30.971641,31.4018876,,,,,,,,,,,,,,,,
2025-02-14,2026-06-30 05:32:17,32.99,32.18,32.46,33.163271611400006,33.210119845,32.770917655000005,32.8177658886,33.373739400000005,33.463332,32.4943297,32.62442295,33.597005634000006,33.801166050000006,31.88716215,32.091322566,34.11546,34.675395,30.7513056,31.1531604,,,,,,,,,32.8060470972,32.92655991,31.79675229,31.9172651028,33.148618,33.3861064,30.971641,31.4018876,33.8028582,34.043865600000004,33.7225224,34.096100400000005,34.4268076,35.1669476,34.2446688,35.206529,,,,,,,,
2025-02-17,2026-06-30 05:32:42,32.68,32.68,32.46,32.752306248,32.801965,32.3364142,32.386072952,33.0002281,33.088818,32.0256852,32.1539022,33.597005634000006,33.801166050000006,31.88716215,32.091322566,34.11546,34.675395,30.7513056,31.1531604,,,,,,,,,33.3157743672,33.43815966,32.3364142,32.386072952,33.597005634000006,33.801166050000006,31.452866,31.8897976,,,,,,,,,,,,,,,,
2025-02-18,2026-06-30 05:33:03,32.88,32.68,32.46,33.0068766118,33.052727015,32.622879485,32.6687298882,33.20717355,33.296319000000004,32.3562029,32.485743150000005,33.597005634000006,33.801166050000006,31.88716215,32.091322566,34.11546,34.675395,30.7513056,31.1531604,,,,,,,,,33.3157743672,33.43815966,32.29079754,32.4131828328,33.597005634000006,33.801166050000006,31.452866,31.8897976,33.63415065,33.873955200000005,33.597005634000006,33.801166050000006,,,,,,,,,,,,
2025-02-19,2026-06-30 05:33:25,33.42,32.68,32.46,33.571186979,33.616334675,33.193075025,33.238222721,33.7573456,33.847967999999995,32.9383087,33.07017945,33.597005634000006,33.801166050000006,31.88716215,32.091322566,34.11546,34.675395,30.7513056,31.1531604,,,,,,,,,33.3157743672,33.43815966,32.29079754,32.4131828328,33.597005634000006,33.801166050000006,31.452866,31.8897976,,,,,,,,,32.536353299999995,32.1664475,32.29079754,32.4131828328,,,,
2025-02-20,2026-06-30 05:33:46,33.15,32.68,32.46,33.3131589082,33.358132185,32.936507715,32.9814809918,33.49992565,33.589857,32.6817875,32.81263125,33.597005634000006,33.801166050000006,31.88716215,32.091322566,34.11546,34.675395,30.7513056,31.1531604,,,,,,,,,33.3157743672,33.43815966,32.29079754,32.4131828328,33.597005634000006,33.801166050000006,31.452866,31.8897976,33.93066695,34.172585600000005,33.8500274,34.225017900000005,,,,,,,,,,,,
2025-02-21,2026-06-30 05:34:11,33.45,32.68,32.46,33.597581595,33.643081675,33.216518425000004,33.262018505,33.7876303,33.878333999999995,32.9580411,33.08999085,33.597005634000006,33.801166050000006,31.88716215,32.091322566,34.11546,34.675395,30.7513056,31.1531604,,,,,,,,,33.3157743672,33.43815966,32.29079754,32.4131828328,33.597005634000006,33.801166050000006,31.452866,31.8897976,,,,,,,,,32.555844900000004,32.1857175,32.29079754,32.4131828328,,,,
2025-02-24,2026-06-30 05:34:33,32.855,32.855,32.46,33.135901623799995,33.185897115,32.717189385,32.7671848762,33.383834300000004,33.473454000000004,32.4637133775,32.5867540383,33.597005634000006,33.801166050000006,31.88716215,32.091322566,34.11546,34.675395,30.7513056,31.1531604,,,,,,,,,33.4941789117,33.6172195725,32.4637133775,32.5867540383,33.84393549999999,34.0864054,31.62129475,32.0605661,,,,,,,,,32.0100801,31.6461575,31.62129475,32.0605661,,,,
2025-02-25,2026-06-30 05:34:53,32.72,32.855,32.46,32.8387693148,32.88631199,32.440599410000004,32.4881420852,33.0607975,33.14955,32.1539458,32.282676300000006,33.597005634000006,33.801166050000006,31.88716215,32.091322566,34.11546,34.675395,30.7513056,31.1531604,,,,,,,,,33.4941789117,33.6172195725,32.4637133775,32.5867540383,33.84393549999999,34.0864054,31.62129475,32.0605661,,,,,,,,,31.761562200000004,31.400465000000004,31.2336042,31.9206014,30.60213265,29.8277403,28.4728001,31.11795615
2025-02-26,2026-06-30 05:35:13,32.04,32.855,32.46,32.246579321,32.291606025,31.869480675,31.914507379,32.4450086,32.532108,31.6063717,31.73290995,33.597005634000006,33.801166050000006,31.88716215,32.091322566,34.11546,34.675395,30.7513056,31.1531604,,,,,,,,,33.4941789117,33.6172195725,32.4637133775,32.5867540383,33.84393549999999,34.0864054,31.62129475,32.0605661,,,,,,,,,,,,,30.60213265,29.8277403,28.4728001,31.11795615
2025-02-27,2026-06-30 05:35:36,32.535,32.855,32.46,32.7167396914,32.761260245,32.343880055,32.3884006086,32.90432655,32.992659,32.0898155,32.21828925,33.597005634000006,33.801166050000006,31.88716215,32.091322566,34.11546,34.675395,30.7513056,31.1531604,,,,,,,,,33.4941789117,33.6172195725,32.4637133775,32.5867540383,33.84393549999999,34.0864054,31.62129475,32.0605661,,,,,,,,,31.6982145,31.3378375,31.1713095,31.8569365,30.60213265,29.8277403,28.4728001,31.11795615
2025-02-28,2026-06-30 05:35:57,31.855,32.855,32.46,31.990320091,32.033742475000004,31.626657625,31.670080009,32.172446300000004,32.258814,31.3794491,31.50507885,33.597005634000006,33.801166050000006,31.88716215,32.091322566,34.11546,34.675395,30.7513056,31.1531604,,,,,,,,,33.4941789117,33.6172195725,32.4637133775,32.5867540383,33.84393549999999,34.0864054,31.62129475,32.0605661,,,,,,,,,30.9965169,30.6441175,30.7513056,31.1531604,30.60213265,29.8277403,28.4728001,31.11795615
2025-03-03,2026-06-30 05:36:17,31.715,31.715,31.715,31.976351267,32.025643475,31.563529025,31.612821233,32.22796825,32.314485,31.2511885,31.37630475,32.8259098485,33.0253845125,31.2511885,31.37630475,33.332465,33.87954875,30.0455224,30.4381541,,,,,,,,,32.3320007361,32.4507721425,31.3372902075,31.4560616139,32.6696215,32.9036782,30.52410175,30.9481313,32.64235475,32.875088,32.6696215,32.9036782,,,,,,,,,,,,
2025-03-04,2026-06-30 05:36:49,32.265,31.715,31.715,32.40405162,32.4478497,32.0372427,32.08104078,32.5863372,32.673816,31.7888964,31.9161654,32.8259098485,33.0253845125,31.1553095375,31.3547842015,33.332465,33.87954875,30.0455224,30.4381541,,,,,,,,,32.3320007361,32.4507721425,31.3372902075,31.4560616139,32.6696215,32.9036782,30.52410175,30.9481313,,,,,,,,,,,,,,,,
2025-03-05,2026-06-30 05:37:09,32.56,31.715,31.715,32.7135877678,32.757945115000005,32.342094985,32.3864523322,32.8992791,32.987598000000006,32.0898155,32.21828925,32.8259098485,33.0253845125,31.1553095375,31.3547842015,33.332465,33.87954875,30.0455224,30.4381541,,,,,,,,,32.3320007361,32.4507721425,31.3372902075,31.4560616139,32.6696215,32.9036782,30.52410175,30.9481313,33.3222973,33.5598784,33.243103600000005,33.6113706,33.9293413,34.6587863,33.7498344,34.69779575,,,,,,,,
2025-03-06,2026-06-30 05:37:31,33.235,31.715,31.715,33.4054381364,33.45037157,33.02912063,33.0740540636,33.59077975,33.680955,32.7755164,32.9067354,32.8259098485,33.0253845125,31.1553095375,31.3547842015,33.332465,33.87954875,30.0455224,30.4381541,,,,,,,,,32.3320007361,32.4507721425,31.3372902075,31.4560616139,32.6696215,32.9036782,30.52410175,30.9481313,,,,,33.9293413,34.6587863,33.7498344,34.69779575,,,,,,,,
2025-03-07,2026-06-30 05:37:50,32.945,32.945,31.715,33.0772962304,33.12451072,32.68187488,32.729089369600004,33.292980199999995,33.382355999999994,32.40060080000001,32.5303188,32.8259098485,33.0253845125,31.1553095375,31.3547842015,33.332465,33.87954875,30.0455224,30.4381541,,,,,,,,,33.5859298203,33.7093075275,32.5526415225,32.6760192297,33.9366445,34.1797786,31.70791525,32.1483899,,,,,,,,,,,,,,,,
2025-03-10,2026-06-30 05:38:11,32.46,32.945,31.715,32.5931450828,32.63861979,32.212294410000005,32.257769117200006,32.79328265,32.881317,31.946755600000003,32.074656600000004,32.8259098485,33.0253845125,31.1553095375,31.3547842015,33.332465,33.87954875,30.0455224,30.4381541,,,,,,,,,33.5859298203,33.7093075275,32.5526415225,32.6760192297,33.9366445,34.1797786,31.70791525,32.1483899,,,,,,,,,,,,,,,,
2025-03-11,2026-06-30 05:38:40,33.375,32.945,31.715,33.5561189024,33.60124712,33.17817008,33.2232982976,33.74220325,33.832784999999994,32.9235094,33.0553209,32.8259098485,33.0253845125,31.1553095375,31.3547842015,33.332465,33.87954875,30.0455224,30.4381541,,,,,,,,,33.5859298203,33.7093075275,32.5526415225,32.6760192297,33.9366445,34.1797786,31.70791525,32.1483899,,,,,,,,,,,,,,,,
2025-03-12,2026-06-30 05:39:00,33.725,32.945,31.715,33.8995327406,33.944945755,33.519198745000004,33.5646117594,34.08542985,34.176933,33.26389330000001,33.39706755,32.8259098485,33.0253845125,31.1553095375,31.3547842015,33.332465,33.87954875,30.0455224,30.4381541,,,,,,,,,33.5859298203,33.7093075275,32.5526415225,32.6760192297,33.9366445,34.1797786,31.70791525,32.1483899,,,,,,,,,,,,,,,,
2025-03-13,2026-06-30 05:39:27,34.505,32.945,31.715,34.6819954244,34.730647770000004,34.27453203,34.32318437560001,34.8980693,34.991754,33.989059000000005,34.1251365,32.8259098485,33.0253845125,31.1553095375,31.3547842015,33.332465,33.87954875,30.0455224,30.4381541,35.6279967,36.9492436,35.20713865,37.1490481,,,,,33.5859298203,33.7093075275,32.5526415225,32.6760192297,33.9366445,34.1797786,31.70791525,32.1483899,,,,,35.2452199,36.0029549,35.0587512,36.04347725,,,,,,,,
2025-03-14,2026-06-30 05:39:46,34.41,34.41,31.715,34.572085809600004,34.620118680000004,34.16981052,34.2178433904,34.78197795,34.875350999999995,33.890397,34.0260795,32.8259098485,33.0253845125,31.1553095375,31.3547842015,33.332465,33.87954875,30.0455224,30.4381541,35.6279967,36.9492436,35.20713865,37.1490481,,,,,35.0794307214,35.208294795,34.000194105,34.1290581786,35.445741,35.699686799999995,33.117904499999995,33.5779662,,,,,,,,,,,,,,,,
2025-03-17,2026-06-30 05:40:06,34.38,34.41,31.715,34.5675508032,34.61382736,34.17998464,34.2262611968,34.7567407,34.850046,33.9199956,34.0557966,32.8259098485,33.0253845125,31.1553095375,31.3547842015,33.332465,33.87954875,30.0455224,30.4381541,35.6279967,36.9492436,35.20713865,37.1490481,,,,,35.0794307214,35.208294795,34.000194105,34.1290581786,35.445741,35.699686799999995,33.117904499999995,33.5779662,,,,,,,,,,,,,,,,
2025-03-18,2026-06-30 05:40:27,34.64,34.41,31.715,34.800465413,34.846883925,34.411710375,34.458128887,34.9889234,35.082851999999995,34.151851300000004,34.28858055,32.8259098485,33.0253845125,31.1553095375,31.3547842015,33.332465,33.87954875,30.0455224,30.4381541,35.6279967,36.9492436,35.20713865,37.1490481,,,,,35.0794307214,35.208294795,34.000194105,34.1290581786,35.445741,35.699686799999995,33.117904499999995,33.5779662,,,,,,,,,,,,,,,,
2025-03-19,2026-06-30 05:40:47,34.425,34.41,31.715,34.6360996532,34.683897009999995,34.23579679,34.2835941468,34.842547350000004,34.936083,34.000194105,34.1290581786,32.8259098485,33.0253845125,31.1553095375,31.3547842015,33.332465,33.87954875,30.0455224,30.4381541,35.6279967,36.9492436,35.20713865,37.1490481,,,,,35.0794307214,35.208294795,34.000194105,34.1290581786,35.445741,35.699686799999995,33.117904499999995,33.5779662,,,,,,,,,,,,,,,,
2025-03-20,2026-06-30 05:41:11,34.115,34.41,31.715,34.2674704262,34.313677335,33.880487565,33.926694473800005,34.45894115,34.551447,33.619076500000006,33.75367275,32.8259098485,33.0253845125,31.1553095375,31.3547842015,33.332465,33.87954875,30.0455224,30.4381541,35.6279967,36.9492436,35.20713865,37.1490481,,,,,35.0794307214,35.208294795,34.000194105,34.1290581786,35.445741,35.699686799999995,33.117904499999995,33.5779662,,,,,,,,,,,,,,,,
2025-03-21,2026-06-30 05:41:33,33.54,33.54,31.715,33.7332962122,33.780244785,33.340101915,33.3870504878,33.9390538,34.030164,33.0665693,33.19895355,32.8259098485,33.0253845125,31.1553095375,31.3547842015,33.332465,33.87954875,30.0455224,30.4381541,35.6279967,36.9492436,35.20713865,37.1490481,,,,,34.1925052716,34.31811123,33.14055537,33.2661613284,34.549554,34.7970792,32.280573,32.7290028,,,,,,,,,,,,,,,,
2025-03-24,2026-06-30 05:41:52,33.53,33.54,31.715,33.6553935192,33.70160486,33.26837354,33.3145848808,33.853247149999994,33.944126999999995,33.002439,33.134566500000005,32.8259098485,33.0253845125,31.1553095375,31.3547842015,33.332465,33.87954875,30.0455224,30.4381541,35.6279967,36.9492436,35.20713865,37.1490481,,,,,34.1925052716,34.31811123,33.14055537,33.2661613284,34.549554,34.7970792,32.280573,32.7290028,,,,,,,,,,,,,,,,
2025-03-25,2026-06-30 05:42:12,34.255,33.54,31.715,34.4350900374,34.481354495,34.047625205,34.0938896626,34.625507,34.71846,33.7868019,33.92206965,32.8259098485,33.0253845125,31.1553095375,31.3547842015,33.332465,33.87954875,30.0455224,30.4381541,35.6279967,36.9492436,35.20713865,37.1490481,,,,,34.1925052716,34.31811123,33.14055537,33.2661613284,34.549554,34.7970792,32.280573,32.7290028,,,,,,,,,,,,,,,,
2025-03-26,2026-06-30 05:42:34,34.21,33.54,31.715,34.3617223508,34.40900589,33.965722709999994,34.0130062492,34.5649376,34.657728,33.693073,33.8279655,32.8259098485,33.0253845125,31.1553095375,31.3547842015,33.332465,33.87954875,30.0455224,30.4381541,35.6279967,36.9492436,35.20713865,37.1490481,,,,,34.1925052716,34.31811123,33.14055537,33.2661613284,34.549554,34.7970792,32.280573,32.7290028,,,,,,,,,,,,,,,,
2025-03-27,2026-06-30 05:42:57,35.325,33.54,31.715,35.5358530984,35.58560922,35.119145579999994,35.1689017016,35.7561358,35.852124,34.827686,34.967121,32.8259098485,33.0253845125,31.1553095375,31.3547842015,33.332465,33.87954875,30.0455224,30.4381541,35.6279967,36.9492436,35.20713865,37.1490481,,,,,34.1925052716,34.31811123,33.14055537,33.2661613284,34.549554,34.7970792,32.280573,32.7290028,,,,,35.8817628,36.6531828,35.6919264,36.694437,,,,,,,,
2025-03-28,2026-06-30 05:43:20,35.325,33.54,31.715,35.5358530984,35.58560922,35.119145579999994,35.1689017016,35.7561358,35.852124,34.827686,34.967121,32.8259098485,33.0253845125,31.1553095375,31.3547842015,33.332465,33.87954875,30.0455224,30.4381541,35.6279967,36.9492436,35.20713865,37.1490481,,,,,34.1925052716,34.31811123,33.14055537,33.2661613284,34.549554,34.7970792,32.280573,32.7290028,,,,,35.8817628,36.6531828,35.6919264,36.694437,34.402674,34.01155,34.1925052716,34.31811123,,,,
2025-03-31,2026-06-30 05:43:41,34.825,34.825,31.715,35.078890036,35.1293285,34.6564679,34.706906364,35.311960199999994,35.406755999999994,34.4102516625,34.540669894500006,32.8259098485,33.0253845125,31.1553095375,31.3547842015,33.332465,33.87954875,30.0455224,30.4381541,35.6279967,36.9492436,35.20713865,37.1490481,,,,,35.5025043555,35.632922587500005,34.4102516625,34.540669894500006,35.8732325,36.130241000000005,33.51732125,33.9829315,,,,,,,,,33.9348756,33.54907,33.51732125,33.9829315,,,,
2025-04-01,2026-06-30 05:44:03,34.77,34.825,34.77,34.8904881146,34.940046505,34.475436595,34.5249949854,35.115109649999994,35.209377,34.181449900000004,34.318297650000005,35.987920083000006,36.20660947500001,34.181449900000004,34.318297650000005,36.54327,37.1430525,32.9397072,33.3701598,,,,,,,,,35.5025043555,35.632922587500005,34.4102516625,34.540669894500006,35.8732325,36.130241000000005,33.51732125,33.9829315,,,,,,,,,33.7643241,33.380457500000006,33.51732125,33.9829315,,,,
2025-04-02,2026-06-30 05:44:25,34.375,34.825,34.77,34.5537638816,34.60034088,34.163681520000004,34.2102585184,34.7466458,34.839924,33.9002632,34.0359852,35.987920083000006,36.20660947500001,34.156396425000004,34.375085817000006,36.54327,37.1430525,32.9397072,33.3701598,,,,,,,,,35.5025043555,35.632922587500005,34.4102516625,34.540669894500006,35.8732325,36.130241000000005,33.51732125,33.9829315,35.1934174,35.4443392,35.1097768,35.4987228,,,,,,,,,,,,
2025-04-03,2026-06-30 05:44:48,34.95,34.825,34.77,34.622218642,34.70834885,33.900878150000004,33.987008358000004,35.281675500000006,35.37639,33.199763,33.332680499999995,35.987920083000006,36.20660947500001,34.156396425000004,34.375085817000006,36.54327,37.1430525,32.9397072,33.3701598,,,,,31.361844600000005,30.614985000000004,29.218969500000004,31.7644812,35.5025043555,35.632922587500005,34.4102516625,34.540669894500006,35.8732325,36.130241000000005,33.51732125,33.9829315,,,,,,,,,32.794616999999995,32.421775,32.249487,32.958829,32.43704975,31.6162245,30.1800415,32.983802250000004
2025-04-04,2026-06-30 05:45:13,31.92,34.825,34.77,32.0902862492,32.13558831,31.71088149,31.7561835508,32.2935851,32.380278,31.4435794,31.5694659,35.987920083000006,36.20660947500001,34.156396425000004,34.375085817000006,36.54327,37.1430525,32.9397072,33.3701598,,,,,31.361844600000005,30.614985000000004,29.218969500000004,31.7644812,35.5025043555,35.632922587500005,34.4102516625,34.540669894500006,35.8732325,36.130241000000005,33.51732125,33.9829315,,,,,,,,,31.0598646,30.706745,30.5435706,31.2153902,32.43704975,31.6162245,30.1800415,32.983802250000004
2025-04-07,2026-06-30 05:45:35,29.23,29.23,34.77,28.732209583,28.822978975,27.972015925,28.062785317,29.5073927,29.586606,27.176447900000003,27.28525065,35.987920083000006,36.20660947500001,34.156396425000004,34.375085817000006,36.54327,37.1430525,32.9397072,33.3701598,,,,,31.361844600000005,30.614985000000004,29.218969500000004,31.7644812,29.7986562042,29.908121385,28.881885315,28.991350495800003,30.109823,30.3255404,28.1324135,28.5232186,29.8867981,30.0998848,29.8157692,30.1460682,31.2708386,31.9431286,31.1053968,31.9790815,,,,,27.2256989,26.5367478,25.3313026,27.6846099
2025-04-08,2026-06-30 05:45:58,30.09,29.23,34.77,30.2238174472,30.26782066,29.85529054,29.8992937528,30.43107605,30.512769,29.5887338,29.7071943,35.987920083000006,36.20660947500001,34.156396425000004,34.375085817000006,36.54327,37.1430525,32.9397072,33.3701598,,,,,31.361844600000005,30.614985000000004,29.218969500000004,31.7644812,29.7986562042,29.908121385,28.881885315,28.991350495800003,30.109823,30.3255404,28.1324135,28.5232186,30.82235815,31.0421152,30.7491058,31.0897443,31.2708386,31.9431286,31.1053968,31.9790815,29.2276542,28.895365,28.7418162,29.3740054,27.2256989,26.5367478,25.3313026,27.6846099
2025-04-09,2026-06-30 05:46:19,29.78,29.23,34.77,29.8798139954,29.924009045,29.509680455,29.5538755046,30.0928969,30.173682,29.238483700000003,29.355541950000003,35.987920083000006,36.20660947500001,34.156396425000004,34.375085817000006,36.54327,37.1430525,32.9397072,33.3701598,,,,,31.361844600000005,30.614985000000004,29.218969500000004,31.7644812,29.7986562042,29.908121385,28.881885315,28.991350495800003,30.109823,30.3255404,28.1324135,28.5232186,30.4798307,30.6971456,30.4073924,30.7442454,31.2708386,31.9431286,31.1053968,31.9790815,,,,,27.2256989,26.5367478,25.3313026,27.6846099
2025-04-10,2026-06-30 05:46:40,30.99,29.23,34.77,31.082901669,31.130561525,30.683750375,30.731410231,31.3244747,31.408566,30.382962900000003,30.50460315,35.987920083000006,36.20660947500001,34.156396425000004,34.375085817000006,36.54327,37.1430525,32.9397072,33.3701598,,,,,31.361844600000005,30.614985000000004,29.218969500000004,31.7644812,29.7986562042,29.908121385,28.881885315,28.991350495800003,30.109823,30.3255404,28.1324135,28.5232186,,,,,31.2708386,31.9431286,31.1053968,31.9790815,,,,,27.2256989,26.5367478,25.3313026,27.6846099
2025-04-11,2026-06-30 05:47:00,31.115,29.23,34.77,31.3143312682,31.359266785000003,30.937996315,30.9829318318,31.52132525,31.605945,30.6690827,30.791868450000003,35.987920083000006,36.20660947500001,34.156396425000004,34.375085817000006,36.54327,37.1430525,32.9397072,33.3701598,,,,,31.361844600000005,30.614985000000004,29.218969500000004,31.7644812,29.7986562042,29.908121385,28.881885315,28.991350495800003,30.109823,30.3255404,28.1324135,28.5232186,31.926625750000003,32.154256000000004,31.850749,32.2035915,31.2708386,31.9431286,31.1053968,31.9790815,,,,,27.2256989,26.5367478,25.3313026,27.6846099
2025-04-14,2026-06-30 05:47:23,32.195,32.195,34.77,32.2835289604,32.33528697,31.85005563,31.9018136396,32.56109995,32.648511,31.5126428,31.6388058,35.987920083000006,36.20660947500001,34.156396425000004,34.375085817000006,36.54327,37.1430525,32.9397072,33.3701598,,,,,31.361844600000005,30.614985000000004,29.218969500000004,31.7644812,32.8213389153,32.9419079025,31.85005563,31.9018136396,33.164069500000004,33.4016686,30.98607775,31.4165249,,,,,,,,,,,,,,,,
2025-04-15,2026-06-30 05:47:44,32.28,32.195,34.77,32.4335981596,32.477911830000004,32.06247117,32.1067848404,32.62166935,32.709243,31.8115736475,31.9321426347,35.987920083000006,36.20660947500001,34.156396425000004,34.375085817000006,36.54327,37.1430525,32.9397072,33.3701598,,,,,31.361844600000005,30.614985000000004,29.218969500000004,31.7644812,32.8213389153,32.9419079025,31.8115736475,31.9321426347,33.164069500000004,33.4016686,30.98607775,31.4165249,,,,,,,,,,,,,,,,
2025-04-16,2026-06-30 05:48:05,32.305,32.195,34.77,32.4486662362,32.492999385,32.077376115,32.1217092638,32.6368117,32.724426,31.8115736475,31.9321426347,35.987920083000006,36.20660947500001,34.156396425000004,34.375085817000006,36.54327,37.1430525,32.9397072,33.3701598,,,,,31.361844600000005,30.614985000000004,29.218969500000004,31.7644812,32.8213389153,32.9419079025,31.8115736475,31.9321426347,33.164069500000004,33.4016686,30.98607775,31.4165249,33.0564551,33.2921408,32.9778932,33.3432222,,,,,,,,,,,,
2025-04-17,2026-06-30 05:48:27,32.77,32.195,34.77,33.010822004599994,33.05890535499999,32.608123945,32.6562072954,33.23745825,33.326685,32.3167381,32.44612035,35.987920083000006,36.20660947500001,34.156396425000004,34.375085817000006,36.54327,37.1430525,32.9397072,33.3701598,,,,,31.361844600000005,30.614985000000004,29.218969500000004,31.7644812,32.8213389153,32.9419079025,31.8115736475,31.9321426347,33.164069500000004,33.4016686,30.98607775,31.4165249,,,,,,,,,31.9223679,31.559442500000003,31.3917369,32.0822123,,,,
2025-04-18,2026-06-30 05:48:48,32.77,32.195,34.77,33.010822004599994,33.05890535499999,32.608123945,32.6562072954,33.23745825,33.326685,32.3167381,32.44612035,35.987920083000006,36.20660947500001,34.156396425000004,34.375085817000006,36.54327,37.1430525,32.9397072,33.3701598,,,,,31.361844600000005,30.614985000000004,29.218969500000004,31.7644812,32.8213389153,32.9419079025,31.8115736475,31.9321426347,33.164069500000004,33.4016686,30.98607775,31.4165249,,,,,,,,,31.9223679,31.559442500000003,31.3917369,32.0822123,,,,
2025-04-21,2026-06-30 05:49:09,32.44,32.44,34.77,32.6580543234,32.706636445,32.251179055,32.2997611766,32.89423165,32.982537,31.9516887,32.07960945,35.987920083000006,36.20660947500001,34.156396425000004,34.375085817000006,36.54327,37.1430525,32.9397072,33.3701598,,,,,31.361844600000005,30.614985000000004,29.218969500000004,31.7644812,33.0711052776,33.192591779999994,32.05365582,32.1751423224,33.416444,33.6558512,31.221878,31.6556008,33.31718495,33.5547296,33.416444,33.6558512,,,,,,,,,,,,
2025-04-22,2026-06-30 05:49:31,32.64,32.44,34.77,32.834823922,32.88013365,32.45535495,32.500664678,33.0305128,33.119184,32.1934106,32.3222991,35.987920083000006,36.20660947500001,34.156396425000004,34.375085817000006,36.54327,37.1430525,32.9397072,33.3701598,,,,,31.361844600000005,30.614985000000004,29.218969500000004,31.7644812,33.0711052776,33.192591779999994,32.05365582,32.1751423224,33.416444,33.6558512,31.221878,31.6556008,33.4552184,33.6937472,33.416444,33.6558512,,,,,,,,,,,,
2025-04-23,2026-06-30 05:49:51,32.45,32.44,34.77,32.5011935912,32.55864346,32.02005094,32.0775008088,32.843757149999995,32.931926999999995,31.621171,31.7477685,35.987920083000006,36.20660947500001,34.156396425000004,34.375085817000006,36.54327,37.1430525,32.9397072,33.3701598,,,,,31.361844600000005,30.614985000000004,29.218969500000004,31.7644812,33.0711052776,33.192591779999994,32.05365582,32.1751423224,33.416444,33.6558512,31.221878,31.6556008,33.266061449999995,33.5032416,33.1870014,33.554646899999995,34.704960799999995,35.4510808,34.5213504,35.490981999999995,,,,,,,,
2025-04-24,2026-06-30 05:50:13,33.565,32.44,34.77,33.7394981316,33.78549993,33.35423307000001,33.400234868400005,33.934006350000004,34.025103,33.0711052776,33.192591779999994,35.987920083000006,36.20660947500001,34.156396425000004,34.375085817000006,36.54327,37.1430525,32.9397072,33.3701598,,,,,31.361844600000005,30.614985000000004,29.218969500000004,31.7644812,33.0711052776,33.192591779999994,32.05365582,32.1751423224,33.416444,33.6558512,31.221878,31.6556008,,,,,34.704960799999995,35.4510808,34.5213504,35.490981999999995,,,,,,,,
2025-04-25,2026-06-30 05:50:36,33.55,32.44,34.77,33.784906217,33.833512825,33.377825875,33.426432483,34.0097181,34.101018,33.0711052776,33.192591779999994,35.987920083000006,36.20660947500001,34.156396425000004,34.375085817000006,36.54327,37.1430525,32.9397072,33.3701598,,,,,31.361844600000005,30.614985000000004,29.218969500000004,31.7644812,33.0711052776,33.192591779999994,32.05365582,32.1751423224,33.416444,33.6558512,31.221878,31.6556008,,,,,34.704960799999995,35.4510808,34.5213504,35.490981999999995,32.6825403,32.3109725,32.1392733,32.8461911,,,,
2025-04-28,2026-06-30 05:50:56,33.025,33.025,34.77,33.229462007,33.279737575,32.808404125,32.858679693,33.47973585,33.569613,32.4943297,32.62442295,35.987920083000006,36.20660947500001,34.156396425000004,34.375085817000006,36.54327,37.1430525,32.9397072,33.3701598,,,,,31.361844600000005,30.614985000000004,29.218969500000004,31.7644812,33.6674861835,33.7911634875,32.6316887625,32.7553660665,34.0190525,34.262777,31.78491125,32.2264555,,,,,,,,,,,,,,,,
2025-04-29,2026-06-30 05:51:18,33.4,33.025,34.77,33.5632162188,33.61074059,33.16519961,33.2127239812,33.7775354,33.868212,32.8840446,33.0156981,35.987920083000006,36.20660947500001,34.156396425000004,34.375085817000006,36.54327,37.1430525,32.9397072,33.3701598,,,,,31.361844600000005,30.614985000000004,29.218969500000004,31.7644812,33.6674861835,33.7911634875,32.6316887625,32.7553660665,34.0190525,34.262777,31.78491125,32.2264555,,,,,,,,,,,,,,,,
2025-04-30,2026-06-30 05:51:38,33.195,33.025,34.77,33.35393005939999,33.398478645,32.98083565499999,33.0253842406,33.5352578,33.625284,32.731118499999994,32.86215975,35.987920083000006,36.20660947500001,34.156396425000004,34.375085817000006,36.54327,37.1430525,32.9397072,33.3701598,,,,,31.361844600000005,30.614985000000004,29.218969500000004,31.7644812,33.6674861835,33.7911634875,32.6316887625,32.7553660665,34.0190525,34.262777,31.78491125,32.2264555,,,,,,,,,32.3316915,31.9641125,31.78491125,32.2264555,,,,
2025-05-01,2026-06-30 05:52:03,32.81,33.025,32.81,32.9854027602,33.029634085,32.614965415,32.6591967398,33.16679395,33.25583099999999,32.3660691,32.49564885,33.959265399,34.165627175000004,32.230985525,32.437347301,34.48331,35.049282500000004,31.0828816,31.4890694,,,,,,,,,33.6674861835,33.7911634875,32.6316887625,32.7553660665,34.0190525,34.262777,31.78491125,32.2264555,,,,,,,,,31.9710969,31.6076175,31.78491125,32.2264555,,,,
2025-05-02,2026-06-30 05:52:24,32.63,33.025,32.81,32.7989735352,32.84344126,32.42655634,32.4710240648,32.98508575,33.073635,32.1736782,32.3024877,33.959265399,34.165627175000004,32.230985525,32.437347301,34.48331,35.049282500000004,31.0828816,31.4890694,,,,,,,,,33.6674861835,33.7911634875,32.6316887625,32.7553660665,34.0190525,34.262777,31.78491125,32.2264555,,,,,,,,,31.7810538,31.419735,31.2527718,31.9401906,,,,
2025-05-05,2026-06-30 05:52:45,32.25,32.25,32.81,32.368994702399995,32.414020519999994,31.99190348,32.0369292976,32.5661474,32.653572,31.729699199999995,31.856731199999995,33.959265399,34.165627175000004,32.230985525,32.437347301,34.48331,35.049282500000004,31.0828816,31.4890694,,,,,,,,,32.877408915,32.998183874999995,31.865918625,31.986693585,33.220725,33.45873,31.0828816,31.4890694,32.9848822,33.2200576,32.9064904,33.2710284,,,,,,,,,,,,
2025-05-06,2026-06-30 05:53:05,32.695,32.25,32.81,32.826649306200004,32.871789335,32.448601565000004,32.4937415938,33.0204179,33.109062,32.1884775,32.31734625,33.959265399,34.165627175000004,32.230985525,32.437347301,34.48331,35.049282500000004,31.0828816,31.4890694,,,,,,,,,32.877408915,32.998183874999995,31.865918625,31.986693585,33.220725,33.45873,31.0828816,31.4890694,33.4449937,33.6834496,33.3655084,33.7351314,34.501695,35.243445,34.48331,35.049282500000004,,,,,,,,
2025-05-07,2026-06-30 05:53:30,33.47,32.25,32.81,33.5571162272,33.606860559999994,33.14050744,33.1902517728,33.797725199999995,33.888456,32.877408915,32.998183874999995,33.959265399,34.165627175000004,32.230985525,32.437347301,34.48331,35.049282500000004,31.0828816,31.4890694,,,,,,,,,32.877408915,32.998183874999995,31.865918625,31.986693585,33.220725,33.45873,31.0828816,31.4890694,,,,,34.501695,35.243445,34.48331,35.049282500000004,32.4340224,32.06528,32.230985525,32.437347301,,,,
2025-05-08,2026-06-30 05:53:50,32.575,32.25,32.81,32.7255039208,32.76971754,32.35521486,32.3994284792,32.909374,32.99772,32.1046148,32.2331478,33.959265399,34.165627175000004,32.230985525,32.437347301,34.48331,35.049282500000004,31.0828816,31.4890694,,,,,,,,,32.877408915,32.998183874999995,31.865918625,31.986693585,33.220725,33.45873,31.0828816,31.4890694,33.332522000000004,33.570176000000004,33.220725,33.45873,34.501695,35.243445,34.48331,35.049282500000004,,,,,,,,
2025-05-09,2026-06-30 05:54:09,32.605,32.25,32.81,32.793950843,32.838412075,32.421588025,32.466049257,32.980038300000004,33.068574,32.168745099999995,32.29753485,33.959265399,34.165627175000004,32.230985525,32.437347301,34.48331,35.049282500000004,31.0828816,31.4890694,,,,,,,,,32.877408915,32.998183874999995,31.865918625,31.986693585,33.220725,33.45873,31.0828816,31.4890694,,,,,34.501695,35.243445,34.48331,35.049282500000004,,,,,,,,
2025-05-12,2026-06-30 05:54:29,32.6,32.6,32.81,32.8624197184,32.91524432,32.42001368,32.4728382816,33.14660415,33.235587,32.0750162,32.2034307,33.959265399,34.165627175000004,32.230985525,32.437347301,34.48331,35.049282500000004,31.0828816,31.4890694,,,,,,,,,33.234218004,33.356303700000005,32.2117503,32.333835996000005,33.58126,33.821848,31.375870000000003,31.811732000000003,,,,,,,,,31.6835958,31.323385,31.375870000000003,31.811732000000003,,,,
2025-05-13,2026-06-30 05:54:48,32.8,32.6,32.81,32.9396089168,32.98425844,32.56566916,32.6103186832,33.12641435,33.215343,32.311805,32.4411675,33.959265399,34.165627175000004,32.230985525,32.437347301,34.48331,35.049282500000004,31.0828816,31.4890694,,,,,,,,,33.234218004,33.356303700000005,32.2117503,32.333835996000005,33.58126,33.821848,31.375870000000003,31.811732000000003,33.55235305,33.791574399999995,33.58126,33.821848,,,,,,,,,,,,
2025-05-14,2026-06-30 05:55:08,33.085,32.6,32.81,33.2534762154,33.297894945,32.881469355,32.9258880846,33.4343088,33.524064,32.6324565,32.76310275,33.959265399,34.165627175000004,32.230985525,32.437347301,34.48331,35.049282500000004,31.0828816,31.4890694,,,,,,,,,33.234218004,33.356303700000005,32.2117503,32.333835996000005,33.58126,33.821848,31.375870000000003,31.811732000000003,,,,,,,,,32.2342335,31.8677625,31.6984185,32.3956395,,,,
2025-05-15,2026-06-30 05:55:30,32.395,32.6,32.81,32.5277481564,32.57186527,32.15826733,32.2023844436,32.71252345,32.800341,31.9072908,32.0350338,33.959265399,34.165627175000004,32.230985525,32.437347301,34.48331,35.049282500000004,31.0828816,31.4890694,,,,,,,,,33.234218004,33.356303700000005,32.2117503,32.333835996000005,33.58126,33.821848,31.375870000000003,31.811732000000003,33.13314035,33.3693728,33.234218004,33.356303700000005,,,,,31.517917200000003,31.15959,31.0828816,31.4890694,,,,
2025-05-16,2026-06-30 05:55:52,32.795,32.6,32.81,32.9860943016,33.03112218,32.60898582,32.6540136984,33.176888850000005,33.265953,32.3512698,32.4807903,33.959265399,34.165627175000004,32.230985525,32.437347301,34.48331,35.049282500000004,31.0828816,31.4890694,,,,,,,,,33.234218004,33.356303700000005,32.2117503,32.333835996000005,33.58126,33.821848,31.375870000000003,31.811732000000003,,,,,,,,,31.9564782,31.593165,31.375870000000003,31.811732000000003,,,,
2025-05-19,2026-06-30 05:56:14,32.55,32.55,32.81,32.7082812454,32.756928295,32.300862205,32.3495092546,32.944706149999995,33.033147,32.0010197,32.12913795,33.959265399,34.165627175000004,32.230985525,32.437347301,34.48331,35.049282500000004,31.0828816,31.4890694,,,,,,,,,33.183245277,33.305143725,32.162345775,32.284244222999995,33.529754999999994,33.769974,31.3277475,31.762941,,,,,,,,,,,,,,,,
2025-05-20,2026-06-30 05:56:34,32.5,32.55,32.81,32.6494719964,32.69279167,32.28666973,32.3299894036,32.82356735,32.911683000000004,32.0454176,32.1737136,33.959265399,34.165627175000004,32.230985525,32.437347301,34.48331,35.049282500000004,31.0828816,31.4890694,,,,,,,,,33.183245277,33.305143725,32.162345775,32.284244222999995,33.529754999999994,33.769974,31.3277475,31.762941,33.24561205,33.4826464,33.1666006,33.5340201,,,,,,,,,,,,
2025-05-21,2026-06-30 05:56:58,33.275,32.55,32.81,33.460098137,33.505579625,33.079190675,33.124672163,33.65134915,33.741687,32.8199143,32.95131105,33.959265399,34.165627175000004,32.230985525,32.437347301,34.48331,35.049282500000004,31.0828816,31.4890694,,,,,,,,,33.183245277,33.305143725,32.162345775,32.284244222999995,33.529754999999994,33.769974,31.3277475,31.762941,34.084037450000004,34.3270496,34.0030334,34.3797189,34.822641,35.571290999999995,34.638408,35.611327499999994,,,,,,,,
2025-05-22,2026-06-30 05:57:18,33.585,32.55,32.81,33.7822419792,33.82893556,33.391183240000004,33.4378768208,33.98448085,34.075713,33.183245277,33.305143725,33.959265399,34.165627175000004,32.230985525,32.437347301,34.48331,35.049282500000004,31.0828816,31.4890694,,,,,,,,,33.183245277,33.305143725,32.162345775,32.284244222999995,33.529754999999994,33.769974,31.3277475,31.762941,,,,,34.822641,35.571290999999995,34.638408,35.611327499999994,32.7166506,32.344695,32.1728166,32.8804722,,,,
2025-05-23,2026-06-30 05:57:37,33.185,32.55,32.81,33.3401431378,33.384992165,32.964532535000004,33.009381562200005,33.5251629,33.615162,32.7113861,32.84234835,33.959265399,34.165627175000004,32.230985525,32.437347301,34.48331,35.049282500000004,31.0828816,31.4890694,,,,,,,,,33.183245277,33.305143725,32.162345775,32.284244222999995,33.529754999999994,33.769974,31.3277475,31.762941,33.956228700000004,34.1983296,33.959265399,34.165627175000004,34.822641,35.571290999999995,34.638408,35.611327499999994,,,,,,,,
2025-05-26,2026-06-30 05:57:59,33.61,33.61,32.81,33.8194754488,33.868604139999995,33.40802266,33.4571513512,34.050097699999995,34.141506,33.110967200000005,33.243529200000005,33.959265399,34.165627175000004,32.230985525,32.437347301,34.48331,35.049282500000004,31.0828816,31.4890694,,,,,,,,,34.263867089399994,34.389735195,33.209721705,33.3355898106,34.621661,34.8697028,32.3479445,32.7973102,,,,,,,,,,,,,,,,
2025-05-27,2026-06-30 05:58:22,33.65,33.61,32.81,33.787854285,33.834077725,33.400732975000004,33.446956415,33.98448085,34.075713,33.1356327,33.26829345,33.959265399,34.165627175000004,32.230985525,32.437347301,34.48331,35.049282500000004,31.0828816,31.4890694,,,,,,,,,34.263867089399994,34.389735195,33.209721705,33.3355898106,34.621661,34.8697028,32.3479445,32.7973102,,,,,,,,,32.7312693,32.3591475,32.3479445,32.7973102,,,,
2025-05-28,2026-06-30 05:58:47,33.38,33.61,32.81,33.5390781294,33.58307039500001,33.170642905,33.214635170600005,33.71191855,33.802419,32.9284425,33.06027375,33.959265399,34.165627175000004,32.230985525,32.437347301,34.48331,35.049282500000004,31.0828816,31.4890694,,,,,,,,,34.263867089399994,34.389735195,33.209721705,33.3355898106,34.621661,34.8697028,32.3479445,32.7973102,,,,,,,,,,,,,,,,
2025-05-29,2026-06-30 05:59:11,33.11,33.61,32.81,33.2390996802,33.284295485,32.860584815,32.905780619800005,33.429261350000004,33.519003000000005,32.602857900000004,32.73338565,33.959265399,34.165627175000004,32.230985525,32.437347301,34.48331,35.049282500000004,31.0828816,31.4890694,,,,,,,,,34.263867089399994,34.389735195,33.209721705,33.3355898106,34.621661,34.8697028,32.3479445,32.7973102,33.85909405,34.1005024,33.959265399,34.165627175000004,,,,,,,,,,,,
2025-05-30,2026-06-30 05:59:35,33.45,33.61,32.81,33.5844862148,33.63108329,33.19423571,33.2408327852,33.7876303,33.878333999999995,32.9235094,33.0553209,33.959265399,34.165627175000004,32.230985525,32.437347301,34.48331,35.049282500000004,31.0828816,31.4890694,,,,,,,,,34.263867089399994,34.389735195,33.209721705,33.3355898106,34.621661,34.8697028,32.3479445,32.7973102,,,,,,,,,32.521734599999995,32.151995,32.230985525,32.437347301,,,,
2025-06-02,2026-06-30 05:59:56,33.13,33.13,33.13,33.3586689214,33.407520195000004,32.949539505,32.9983907786,33.59077975,33.680955,32.6521889,32.78291415,34.290474327,34.498848775,32.545338325,32.753712773000004,34.819630000000004,35.3911225,31.386036800000003,31.7961862,,,,,,,,,33.774528910200004,33.898599435,32.735438265,32.8595087898,34.127213000000005,34.3717124,31.885968500000004,32.3289166,34.02268925,34.265264,34.127213000000005,34.3717124,35.4431366,36.2051266,35.2556208,36.2458765,,,,,,,,
2025-06-03,2026-06-30 06:00:19,34.92,33.13,33.13,35.0729719468,35.12006099,34.678601210000004,34.7256902532,35.26653315,35.361207,34.4133056,34.5510816,34.290474327,34.498848775,32.545338325,32.753712773000004,34.819630000000004,35.3911225,31.386036800000003,31.7961862,,,,,,,,,33.774528910200004,33.898599435,32.735438265,32.8595087898,34.127213000000005,34.3717124,31.885968500000004,32.3289166,,,,,35.4431366,36.2051266,35.2556208,36.2458765,33.993350400000004,33.606880000000004,33.774528910200004,33.898599435,,,,
2025-06-04,2026-06-30 06:00:39,34.68,33.13,33.13,34.8557150272,34.90220496,34.466361840000005,34.512851772800005,35.044445350000004,35.138523000000006,34.2061154,34.3430619,34.290474327,34.498848775,32.545338325,32.753712773000004,34.819630000000004,35.3911225,31.386036800000003,31.7961862,,,,,,,,,33.774528910200004,33.898599435,32.735438265,32.8595087898,34.127213000000005,34.3717124,31.885968500000004,32.3289166,,,,,35.4431366,36.2051266,35.2556208,36.2458765,,,,,,,,
2025-06-05,2026-06-30 06:01:01,34.65,33.13,33.13,34.813662721,34.860257425,34.423432075,34.470026779,35.004065749999995,35.098035,34.1617175,34.29848625,34.290474327,34.498848775,32.545338325,32.753712773000004,34.819630000000004,35.3911225,31.386036800000003,31.7961862,37.217579400000005,38.5977752,36.7779443,38.8064942,,,,,33.774528910200004,33.898599435,32.735438265,32.8595087898,34.127213000000005,34.3717124,31.885968500000004,32.3289166,35.45414725,35.706928,35.369887,35.7617145,35.4431366,36.2051266,35.2556208,36.2458765,,,,,,,,
2025-06-06,2026-06-30 06:01:21,35.8,33.13,33.13,36.0181334774,36.069786095,35.585542805,35.6371954226,36.25583335,36.353163,35.2765981,35.41783035,34.290474327,34.498848775,32.545338325,32.753712773000004,34.819630000000004,35.3911225,31.386036800000003,31.7961862,37.217579400000005,38.5977752,36.7779443,38.8064942,,,,,33.774528910200004,33.898599435,32.735438265,32.8595087898,34.127213000000005,34.3717124,31.885968500000004,32.3289166,36.72201005,36.9838304,36.6347366,37.0405761,35.4431366,36.2051266,35.2556208,36.2458765,,,,,,,,
2025-06-09,2026-06-30 06:01:41,36.165,36.165,33.13,36.3602661606,36.411883655,35.927969645,35.9795871394,36.5940125,36.69225,35.621915099999995,35.764529849999995,34.290474327,34.498848775,32.545338325,32.753712773000004,34.819630000000004,35.3911225,31.386036800000003,31.7961862,37.217579400000005,38.5977752,36.7779443,38.8064942,,,,,36.8685734391,37.0040099175,35.7342929325,35.8697294109,37.2535665,37.5204642,34.80700425,35.2905303,37.0645375,37.3288,36.97645,37.386075,,,,,,,,,,,,
2025-06-10,2026-06-30 06:02:04,36.895,36.165,33.13,37.09524613480001,37.145108490000005,36.67764891,36.7275112652,37.300655500000005,37.40079,36.3964118,36.5421273,34.290474327,34.498848775,32.545338325,32.753712773000004,34.819630000000004,35.3911225,31.386036800000003,31.7961862,37.217579400000005,38.5977752,36.7779443,38.8064942,,,,,36.8685734391,37.0040099175,35.7342929325,35.8697294109,37.2535665,37.5204642,34.80700425,35.2905303,,,,,,,,,,,,,,,,
2025-06-11,2026-06-30 06:02:26,36.675,36.165,33.13,36.8353472954,36.885191945,36.417898355,36.4677430046,37.04323555,37.142679,36.1349575,36.27962625,34.290474327,34.498848775,32.545338325,32.753712773000004,34.819630000000004,35.3911225,31.386036800000003,31.7961862,37.217579400000005,38.5977752,36.7779443,38.8064942,,,,,36.8685734391,37.0040099175,35.7342929325,35.8697294109,37.2535665,37.5204642,34.80700425,35.2905303,,,,,,,,,,,,,,,,
2025-06-12,2026-06-30 06:02:49,36.36,36.165,33.13,36.593770384,36.6450532,36.1642768,36.215559616,36.82114775,36.919995,35.863637000000004,36.0072195,34.290474327,34.498848775,32.545338325,32.753712773000004,34.819630000000004,35.3911225,31.386036800000003,31.7961862,37.217579400000005,38.5977752,36.7779443,38.8064942,,,,,36.8685734391,37.0040099175,35.7342929325,35.8697294109,37.2535665,37.5204642,34.80700425,35.2905303,,,,,,,,,35.425983,35.023225000000004,34.80700425,35.2905303,,,,
2025-06-13,2026-06-30 06:03:12,36.41,36.165,33.13,36.5740653732,36.62229921,36.17010699,36.2183408268,36.7656258,36.864324,35.9031018,36.0468423,34.290474327,34.498848775,32.545338325,32.753712773000004,34.819630000000004,35.3911225,31.386036800000003,31.7961862,37.217579400000005,38.5977752,36.7779443,38.8064942,,,,,36.8685734391,37.0040099175,35.7342929325,35.8697294109,37.2535665,37.5204642,34.80700425,35.2905303,,,,,,,,,,,,,,,,
2025-06-16,2026-06-30 06:03:33,36.45,36.45,33.13,36.5158896442,36.574550985,36.024600915,36.0832622558,36.83124265,36.930117,35.6416475,35.78434125,34.290474327,34.498848775,32.545338325,32.753712773000004,34.819630000000004,35.3911225,31.386036800000003,31.7961862,37.217579400000005,38.5977752,36.7779443,38.8064942,,,,,37.159117983,37.29562177500001,36.015898725,36.152402517000006,37.547145,37.816146,35.0813025,35.568639000000005,,,,,,,,,,,,,,,,
2025-06-17,2026-06-30 06:03:58,36.37,36.45,33.13,36.534575377,36.583553825,36.124380875,36.173359323,36.7353411,36.833958,35.848837700000004,35.99236095,34.290474327,34.498848775,32.545338325,32.753712773000004,34.819630000000004,35.3911225,31.386036800000003,31.7961862,37.217579400000005,38.5977752,36.7779443,38.8064942,,,,,37.159117983,37.29562177500001,36.015898725,36.152402517000006,37.547145,37.816146,35.0813025,35.568639000000005,37.2076833,37.4729664,37.1192556,37.5304626,,,,,,,,,,,,
2025-06-18,2026-06-30 06:04:21,37.205,36.45,33.13,37.367752668600005,37.418285555,36.944539745,36.9950726314,37.57826525,37.679145,36.6578661,36.80462835,34.290474327,34.498848775,32.545338325,32.753712773000004,34.819630000000004,35.3911225,31.386036800000003,31.7961862,37.217579400000005,38.5977752,36.7779443,38.8064942,,,,,37.159117983,37.29562177500001,36.015898725,36.152402517000006,37.547145,37.816146,35.0813025,35.568639000000005,,,,,,,,,36.2105199,35.7988425,35.6086089,36.3918363,,,,
2025-06-19,2026-06-30 06:04:40,36.75,36.45,33.13,36.9414134452,36.99091781,36.526814390000006,36.576318754800006,37.14418455,37.243899,36.2484188,36.3935418,34.290474327,34.498848775,32.545338325,32.753712773000004,34.819630000000004,35.3911225,31.386036800000003,31.7961862,37.217579400000005,38.5977752,36.7779443,38.8064942,,,,,37.159117983,37.29562177500001,36.015898725,36.152402517000006,37.547145,37.816146,35.0813025,35.568639000000005,,,,,,,,,35.8060692,35.398990000000005,35.2108812,35.985360400000005,,,,
2025-06-20,2026-06-30 06:05:01,36.35,36.45,33.13,36.5408792242,36.590184085,36.127951015,36.1772558758,36.745436,36.84408,35.848837700000004,35.99236095,34.290474327,34.498848775,32.545338325,32.753712773000004,34.819630000000004,35.3911225,31.386036800000003,31.7961862,37.217579400000005,38.5977752,36.7779443,38.8064942,,,,,37.159117983,37.29562177500001,36.015898725,36.152402517000006,37.547145,37.816146,35.0813025,35.568639000000005,,,,,,,,,35.4113643,35.0087725,35.0813025,35.568639000000005,,,,
2025-06-23,2026-06-30 06:05:26,36.0,36.0,33.13,36.126478107,36.182726475,35.655398025,35.711646392999995,36.41735175,36.515115,35.2963305,35.43764175,34.290474327,34.498848775,32.545338325,32.753712773000004,34.819630000000004,35.3911225,31.386036800000003,31.7961862,37.217579400000005,38.5977752,36.7779443,38.8064942,,,,,36.70036344,36.835182,35.571258,35.70607656,37.0836,37.34928,34.6482,35.12952,,,,,,,,,,,,,,,,
2025-06-24,2026-06-30 06:05:49,36.065,36.0,33.13,36.0536200594,36.117253445,35.520690455,35.5843238406,36.43249410000001,36.530298,35.0792741,35.21971635,34.290474327,34.498848775,32.545338325,32.753712773000004,34.819630000000004,35.3911225,31.386036800000003,31.7961862,37.217579400000005,38.5977752,36.7779443,38.8064942,,,,,36.70036344,36.835182,35.571258,35.70607656,37.0836,37.34928,34.6482,35.12952,,,,,,,,,,,,,,,,
2025-06-25,2026-06-30 06:06:12,35.86,36.0,33.13,36.0448119236,36.09252073,35.64525067,35.692959476400006,36.235643550000006,36.332919,35.3801932,35.5218402,34.290474327,34.498848775,32.545338325,32.753712773000004,34.819630000000004,35.3911225,31.386036800000003,31.7961862,37.217579400000005,38.5977752,36.7779443,38.8064942,,,,,36.70036344,36.835182,35.571258,35.70607656,37.0836,37.34928,34.6482,35.12952,,,,,,,,,,,,,,,,
2025-06-26,2026-06-30 06:06:38,36.22,36.0,33.13,36.3920692268,36.44102259,35.98208481,36.0310381732,36.5940125,36.69225,35.7057778,35.8487283,34.290474327,34.498848775,32.545338325,32.753712773000004,34.819630000000004,35.3911225,31.386036800000003,31.7961862,37.217579400000005,38.5977752,36.7779443,38.8064942,,,,,36.70036344,36.835182,35.571258,35.70607656,37.0836,37.34928,34.6482,35.12952,37.0645375,37.3288,37.0836,37.34928,,,,,,,,,,,,
2025-06-27,2026-06-30 06:06:58,36.89,36.0,33.13,37.0550645972,37.10487501,36.63790239,36.6877128028,37.2602759,37.360302,36.356947,36.5025045,34.290474327,34.498848775,32.545338325,32.753712773000004,34.819630000000004,35.3911225,31.386036800000003,31.7961862,37.217579400000005,38.5977752,36.7779443,38.8064942,,,,,36.70036344,36.835182,35.571258,35.70607656,37.0836,37.34928,34.6482,35.12952,,,,,,,,,35.913273000000004,35.504975,35.571258,35.70607656,,,,
2025-06-30,2026-06-30 06:07:20,36.15,36.15,33.13,36.1783139206,36.246882455000005,35.604052445,35.6726209794,36.6142023,36.71249400000001,35.1088727,35.24943345,34.290474327,34.498848775,32.545338325,32.753712773000004,34.819630000000004,35.3911225,31.386036800000003,31.7961862,37.217579400000005,38.5977752,36.7779443,38.8064942,,,,,36.853281621,36.988661925,35.719471575,35.854851878999995,37.238115,37.504902,34.7925675,35.275893,,,,,,,,,,,,,,,,
2025-07-01,2026-06-30 06:07:40,36.325,36.15,36.325,36.5000061452,36.54846251,36.094184090000006,36.1426404548,36.6949615,36.79347,35.8241722,35.9675967,37.5973884675,37.8258581875,35.719471575,35.854851878999995,38.177575,38.804181250000006,34.412852,34.862555500000006,,,,,,,,,36.853281621,36.988661925,35.719471575,35.854851878999995,37.238115,37.504902,34.7925675,35.275893,37.1667845,37.431776,37.238115,37.504902,,,,,,,,,,,,
2025-07-02,2026-06-30 06:08:05,36.245,36.15,36.325,36.3984750018,36.449027965,35.975093935,36.025646898199994,36.61924975,36.717555,35.719471575,35.854851878999995,37.5973884675,37.8258581875,35.719471575,35.854851878999995,38.177575,38.804181250000006,34.412852,34.862555500000006,,,,,,,,,36.853281621,36.988661925,35.719471575,35.854851878999995,37.238115,37.504902,34.7925675,35.275893,37.09009925,37.354544,37.001951,37.4118585,,,,,,,,,,,,
2025-07-03,2026-06-30 06:08:26,36.79,36.15,36.325,36.9784430592,37.02783616,36.56477584,36.6141689408,37.1795167,37.279326,36.2878836,36.4331646,37.5973884675,37.8258581875,35.719471575,35.854851878999995,38.177575,38.804181250000006,34.412852,34.862555500000006,,,,,,,,,36.853281621,36.988661925,35.719471575,35.854851878999995,37.238115,37.504902,34.7925675,35.275893,37.6575701,37.9260608,37.5973884675,37.8258581875,,,,,,,,,,,,
2025-07-04,2026-06-30 06:08:45,37.05,36.15,36.325,37.2169699748,37.26603489,36.80605131,36.8551162252,37.4116994,37.512132,36.5345386,36.6808071,37.5973884675,37.8258581875,35.719471575,35.854851878999995,38.177575,38.804181250000006,34.412852,34.862555500000006,,,,,,,,,36.853281621,36.988661925,35.719471575,35.854851878999995,37.238115,37.504902,34.7925675,35.275893,,,,,,,,,,,,,,,,
2025-07-07,2026-06-30 06:09:07,37.15,37.15,36.325,37.4889088482,37.547236685,37.000413215,37.0587410518,37.79025815,37.891707,36.6282675,36.77491125,37.5973884675,37.8258581875,35.683954562500006,35.912424282500005,38.177575,38.804181250000006,34.412852,34.862555500000006,,,,,,,,,37.872736161,38.011861425,36.707562075,36.846687339,38.268215,38.542382,35.7550175,36.251713,,,,,,,,,36.1812825,35.7699375,35.7550175,36.251713,,,,
2025-07-08,2026-06-30 06:09:29,36.955,37.15,36.325,37.194622679400005,37.24684134500001,36.757291355,36.8095100206,37.42684175,37.527315,36.4506759,36.59660865,37.5973884675,37.8258581875,35.683954562500006,35.912424282500005,38.177575,38.804181250000006,34.412852,34.862555500000006,,,,,,,,,37.872736161,38.011861425,36.707562075,36.846687339,38.268215,38.542382,35.7550175,36.251713,,,,,,,,,36.0058581,35.5965075,35.683954562500006,35.912424282500005,,,,
2025-07-09,2026-06-30 06:09:52,36.935,37.15,36.325,37.0933753662,37.143394435000005,36.674465665,36.7244847338,37.300655500000005,37.40079,36.3914787,36.53717445,37.5973884675,37.8258581875,35.683954562500006,35.912424282500005,38.177575,38.804181250000006,34.412852,34.862555500000006,,,,,,,,,37.872736161,38.011861425,36.707562075,36.846687339,38.268215,38.542382,35.7550175,36.251713,,,,,,,,,,,,,,,,
2025-07-10,2026-06-30 06:10:15,36.6,37.15,36.325,36.7957553714,36.845071445,36.382733255,36.4320493286,36.9978085,37.09713,36.1053589,36.24990915,37.5973884675,37.8258581875,35.683954562500006,35.912424282500005,38.177575,38.804181250000006,34.412852,34.862555500000006,,,,,,,,,37.872736161,38.011861425,36.707562075,36.846687339,38.268215,38.542382,35.7550175,36.251713,37.4735255,37.740704,37.384466,37.798611,,,,,,,,,,,,
2025-07-11,2026-06-30 06:10:41,37.645,37.15,36.325,37.935033057,37.990595825,37.469694875,37.525257643,38.199101600000006,38.301648,37.1314437,37.28010195,37.5973884675,37.8258581875,35.683954562500006,35.912424282500005,38.177575,38.804181250000006,34.412852,34.862555500000006,40.8067785,42.320078,40.324745750000005,42.5489255,,,,,37.872736161,38.011861425,36.707562075,36.846687339,38.268215,38.542382,35.7550175,36.251713,38.6902648,38.966118400000006,38.5983136,39.0259056,39.743813,40.598263,39.533544,40.6439575,,,,,,,,
2025-07-14,2026-06-30 06:11:05,39.13,39.13,36.325,39.3418745588,39.39750549,38.87596551,38.9315964412,39.5921978,39.698484,38.5472434,38.7015699,37.5973884675,37.8258581875,35.683954562500006,35.912424282500005,38.177575,38.804181250000006,34.412852,34.862555500000006,40.8067785,42.320078,40.324745750000005,42.5489255,,,,,39.8912561502,40.037796435,38.663981265,38.8105215498,40.307813,40.596592400000006,37.6606685,38.1838366,,,,,,,,,38.0768406,37.643945,37.6606685,38.1838366,,,,
2025-07-15,2026-06-30 06:11:26,38.4,39.13,36.325,38.6166341856,38.67021368,38.16790592,38.2214854144,38.85022265,38.954517,37.8566094,38.0081709,37.5973884675,37.8258581875,35.683954562500006,35.912424282500005,38.177575,38.804181250000006,34.412852,34.862555500000006,40.8067785,42.320078,40.324745750000005,42.5489255,,,,,39.8912561502,40.037796435,38.663981265,38.8105215498,40.307813,40.596592400000006,37.6606685,38.1838366,,,,,,,,,,,,,,,,
2025-07-16,2026-06-30 06:11:47,37.985,39.13,36.325,38.210385731,38.262962675,37.770053825000005,37.822630769,38.43633175,38.539515,37.4668945,37.616895750000005,37.5973884675,37.8258581875,35.683954562500006,35.912424282500005,38.177575,38.804181250000006,34.412852,34.862555500000006,40.8067785,42.320078,40.324745750000005,42.5489255,,,,,39.8912561502,40.037796435,38.663981265,38.8105215498,40.307813,40.596592400000006,37.6606685,38.1838366,,,,,,,,,,,,,,,,
2025-07-17,2026-06-30 06:12:10,38.145,39.13,36.325,38.3358511082,38.387317185,37.904822715,37.9562887918,38.54737565,38.650857,37.6148875,37.76548125,37.5973884675,37.8258581875,35.683954562500006,35.912424282500005,38.177575,38.804181250000006,34.412852,34.862555500000006,40.8067785,42.320078,40.324745750000005,42.5489255,,,,,39.8912561502,40.037796435,38.663981265,38.8105215498,40.307813,40.596592400000006,37.6606685,38.1838366,,,,,,,,,,,,,,,,
2025-07-18,2026-06-30 06:12:33,38.425,39.13,36.325,38.6297295658,38.682212065,38.190188635,38.2426711342,38.85022265,38.954517,37.8911411,38.042840850000005,37.5973884675,37.8258581875,35.683954562500006,35.912424282500005,38.177575,38.804181250000006,34.412852,34.862555500000006,40.8067785,42.320078,40.324745750000005,42.5489255,,,,,39.8912561502,40.037796435,38.663981265,38.8105215498,40.307813,40.596592400000006,37.6606685,38.1838366,,,,,,,,,,,,,,,,
2025-07-21,2026-06-30 06:12:53,38.42,38.42,36.325,38.5769403338,38.628718065,38.143301835,38.1950795662,38.78965325,38.893785,37.8516763,38.00321805,37.5973884675,37.8258581875,35.683954562500006,35.912424282500005,38.177575,38.804181250000006,34.412852,34.862555500000006,40.8067785,42.320078,40.324745750000005,42.5489255,,,,,39.1674434268,39.31132479,37.96243701,38.1063183732,39.576442,39.859981600000005,36.977329000000005,37.4910044,39.28840975,39.568528,39.195037,39.6292395,,,,,,,,,,,,
2025-07-22,2026-06-30 06:13:14,39.25,38.42,36.325,39.4496076216,39.50219518,39.00918682,39.0617743784,39.6628621,39.769338,38.7149688,38.8699668,37.5973884675,37.8258581875,35.683954562500006,35.912424282500005,38.177575,38.804181250000006,34.412852,34.862555500000006,40.8067785,42.320078,40.324745750000005,42.5489255,,,,,39.1674434268,39.31132479,37.96243701,38.1063183732,39.576442,39.859981600000005,36.977329000000005,37.4910044,,,,,,,,,,,,,,,,
2025-07-23,2026-06-30 06:13:36,39.645,38.42,36.325,39.8722053078,39.926134815000005,39.420545685,39.4744751922,40.0969428,40.204584,39.1674434268,39.31132479,37.5973884675,37.8258581875,35.683954562500006,35.912424282500005,38.177575,38.804181250000006,34.412852,34.862555500000006,40.8067785,42.320078,40.324745750000005,42.5489255,,,,,39.1674434268,39.31132479,37.96243701,38.1063183732,39.576442,39.859981600000005,36.977329000000005,37.4910044,,,,,41.1024844,41.9861444,40.8850272,42.033401000000005,,,,,,,,
2025-07-24,2026-06-30 06:13:56,39.53,38.42,36.325,39.7340303084,39.78714467,39.28919753,39.342311891600005,39.95056675,40.057815000000005,38.991222400000005,39.1473264,37.5973884675,37.8258581875,35.683954562500006,35.912424282500005,38.177575,38.804181250000006,34.412852,34.862555500000006,40.8067785,42.320078,40.324745750000005,42.5489255,,,,,39.1674434268,39.31132479,37.96243701,38.1063183732,39.576442,39.859981600000005,36.977329000000005,37.4910044,,,,,41.1024844,41.9861444,40.8850272,42.033401000000005,38.5154016,38.07752,38.177575,38.804181250000006,,,,
2025-07-25,2026-06-30 06:14:18,39.29,38.42,36.325,39.50180724,39.5555762,39.0514922,39.105261160000005,39.72847895,39.835131,38.7445674,38.89968390000001,37.5973884675,37.8258581875,35.683954562500006,35.912424282500005,38.177575,38.804181250000006,34.412852,34.862555500000006,40.8067785,42.320078,40.324745750000005,42.5489255,,,,,39.1674434268,39.31132479,37.96243701,38.1063183732,39.576442,39.859981600000005,36.977329000000005,37.4910044,,,,,41.1024844,41.9861444,40.8850272,42.033401000000005,38.2717566,37.836645,37.96243701,38.1063183732,,,,
2025-07-28,2026-06-30 06:14:39,38.285,38.285,36.325,38.4309984298,38.486884065,37.962956235,38.0188418702,38.6937517,38.797626,37.6247537,37.77538695,37.5973884675,37.8258581875,35.683954562500006,35.912424282500005,38.177575,38.804181250000006,34.412852,34.862555500000006,40.8067785,42.320078,40.324745750000005,42.5489255,,,,,39.0298170639,39.1731928575,37.82904479249999,37.97242058609999,39.4373785,39.7199218,36.84739825,37.3592687,,,,,,,,,,,,,,,,
2025-07-29,2026-06-30 06:14:58,38.33,38.285,36.325,38.5009084094,38.551792195,38.074756705,38.1256404906,38.703846600000006,38.807748,37.82904479249999,37.97242058609999,37.5973884675,37.8258581875,35.683954562500006,35.912424282500005,38.177575,38.804181250000006,34.412852,34.862555500000006,40.8067785,42.320078,40.324745750000005,42.5489255,,,,,39.0298170639,39.1731928575,37.82904479249999,37.97242058609999,39.4373785,39.7199218,36.84739825,37.3592687,,,,,,,,,,,,,,,,
2025-07-30,2026-06-30 06:15:19,38.4,38.285,36.325,38.5624618708,38.61374349,38.13297831,38.1842599292,38.76946345,38.873541,37.82904479249999,37.97242058609999,37.5973884675,37.8258581875,35.683954562500006,35.912424282500005,38.177575,38.804181250000006,34.412852,34.862555500000006,40.8067785,42.320078,40.324745750000005,42.5489255,,,,,39.0298170639,39.1731928575,37.82904479249999,37.97242058609999,39.4373785,39.7199218,36.84739825,37.3592687,,,,,,,,,37.3848888,36.95986,36.84739825,37.3592687,35.65979754999999,34.7574201,34.412852,34.862555500000006
2025-07-31,2026-06-30 06:15:41,37.16,38.285,36.325,37.3388976704,37.389711520000006,36.91333168,36.9641455296,37.553028000000005,37.65384,36.6233344,36.7699584,37.5973884675,37.8258581875,35.683954562500006,35.912424282500005,38.177575,38.804181250000006,34.412852,34.862555500000006,40.8067785,42.320078,40.324745750000005,42.5489255,,,,,39.0298170639,39.1731928575,37.82904479249999,37.97242058609999,39.4373785,39.7199218,36.84739825,37.3592687,,,,,,,,,36.1764096,35.76512,35.575065599999995,36.3575552,35.65979754999999,34.7574201,34.412852,34.862555500000006
2025-08-01,2026-06-30 06:16:07,36.78,38.285,36.78,36.9432842138,36.992631865,36.529997635,36.5793452862,37.14418455,37.243899,36.2533519,36.39849465,38.068326162,38.29965765,36.13092495,36.362256438,38.65578,39.290235,34.8439008,35.2992372,,,,,,,,,39.0298170639,39.1731928575,37.82904479249999,37.97242058609999,39.4373785,39.7199218,36.84739825,37.3592687,,,,,,,,,,,,,35.65979754999999,34.7574201,33.1785467,36.26087205
2025-08-04,2026-06-30 06:16:32,37.09,37.09,36.78,37.2642488288,37.31576184,36.83282736,36.8843403712,37.48741115,37.588047,36.5345386,36.6808071,38.068326162,38.29965765,36.13092495,36.362256438,38.65578,39.290235,34.8439008,35.2992372,,,,,,,,,37.8115688886,37.950469455,36.648276645,36.78717721140001,38.206409,38.4801332,35.6972705,36.1931638,,,,,,,,,,,,,,,,
2025-08-05,2026-06-30 06:16:54,37.445,37.09,36.78,37.6100211214,37.659912395,37.192181705,37.2420729786,37.81044795,37.911951,36.9143873,37.06217655,38.068326162,38.29965765,36.13092495,36.362256438,38.65578,39.290235,34.8439008,35.2992372,,,,,,,,,37.8115688886,37.950469455,36.648276645,36.78717721140001,38.206409,38.4801332,35.6972705,36.1931638,38.29661385,38.5696608,38.206409,38.4801332,,,,,,,,,,,,
2025-08-06,2026-06-30 06:17:51,37.825,37.09,36.78,37.9930268836,38.04373153,37.56837547,37.6190801164,38.199101600000006,38.301648,37.2843698,37.4336403,38.068326162,38.29965765,36.13092495,36.362256438,38.65578,39.290235,34.8439008,35.2992372,,,,,,,,,37.8115688886,37.950469455,36.648276645,36.78717721140001,38.206409,38.4801332,35.6972705,36.1931638,,,,,,,,,,,,,,,,
2025-08-07,2026-06-30 06:18:11,37.935,37.09,36.78,38.1607484226,38.212783805,37.724952095000006,37.776987477400006,38.3808098,38.483844000000005,37.427429700000005,37.57727295,38.068326162,38.29965765,36.13092495,36.362256438,38.65578,39.290235,34.8439008,35.2992372,,,,,,,,,37.8115688886,37.950469455,36.648276645,36.78717721140001,38.206409,38.4801332,35.6972705,36.1931638,38.8743094,39.1514752,38.7819208,39.2115468,39.6796238,40.5326938,39.4696944,40.578314500000005,,,,,,,,
2025-08-08,2026-06-30 06:18:33,38.555,37.09,36.78,38.8617707318,38.919168015,38.381068485,38.4384657682,39.1379273,39.242994,38.0292679,38.18152065,38.068326162,38.29965765,36.13092495,36.362256438,38.65578,39.290235,34.8439008,35.2992372,,,,,,,,,37.8115688886,37.950469455,36.648276645,36.78717721140001,38.206409,38.4801332,35.6972705,36.1931638,,,,,39.6796238,40.5326938,39.4696944,40.578314500000005,,,,,,,,
2025-08-11,2026-06-30 06:18:56,38.54,38.54,36.78,38.680749957,38.735367125,38.223331175,38.277948343,38.9259344,39.030432000000005,37.9010073,38.05274655,38.068326162,38.29965765,36.13092495,36.362256438,38.65578,39.290235,34.8439008,35.2992372,,,,,,,,,39.2897779716,39.43410873,38.08100787,38.2253386284,39.700054,39.9844792,37.092823,37.6081028,,,,,,,,,37.4384907,37.0128525,37.092823,37.6081028,,,,
2025-08-12,2026-06-30 06:19:18,37.63,38.54,36.78,37.7861211318,37.840059215,37.334389685,37.3883277682,38.03253575,38.134635,37.0130493,37.16123355,38.068326162,38.29965765,36.13092495,36.362256438,38.65578,39.290235,34.8439008,35.2992372,,,,,,,,,39.2897779716,39.43410873,38.08100787,38.2253386284,39.700054,39.9844792,37.092823,37.6081028,,,,,,,,,,,,,,,,
2025-08-13,2026-06-30 06:19:39,37.935,38.54,36.78,38.1462699596,38.19780923,37.71462857,37.7661678404,38.36062,38.4636,37.4224966,37.5723201,38.068326162,38.29965765,36.13092495,36.362256438,38.65578,39.290235,34.8439008,35.2992372,,,,,,,,,39.2897779716,39.43410873,38.08100787,38.2253386284,39.700054,39.9844792,37.092823,37.6081028,38.85386,39.13088,38.76152,39.19092,,,,,,,,,,,,
2025-08-14,2026-06-30 06:20:02,38.58,38.54,36.78,38.7488910958,38.799936315,38.321387385,38.3724326042,38.95117165,39.055737,38.08100787,38.2253386284,38.068326162,38.29965765,36.13092495,36.362256438,38.65578,39.290235,34.8439008,35.2992372,,,,,,,,,39.2897779716,39.43410873,38.08100787,38.2253386284,39.700054,39.9844792,37.092823,37.6081028,,,,,,,,,37.5749319,37.1477425,37.092823,37.6081028,,,,
2025-08-15,2026-06-30 06:20:24,38.03,38.54,36.78,38.2127441854,38.263414595,37.788379505,37.8390499146,38.41614195,38.519271,37.5063593,37.65651855,38.068326162,38.29965765,36.13092495,36.362256438,38.65578,39.290235,34.8439008,35.2992372,,,,,,,,,39.2897779716,39.43410873,38.08100787,38.2253386284,39.700054,39.9844792,37.092823,37.6081028,,,,,,,,,,,,,,,,
2025-08-18,2026-06-30 06:20:46,38.04,38.04,36.78,38.1760203548,38.23062159,37.71873501,37.7733362452,38.42623685,38.529393,37.392898,37.542603,38.068326162,38.29965765,36.13092495,36.362256438,38.65578,39.290235,34.8439008,35.2992372,,,,,,,,,38.7800507016,38.92250898,37.58696262,37.7294208984,39.185004,39.4657392,36.611598,37.1201928,,,,,,,,,,,,,,,,
2025-08-19,2026-06-30 06:21:09,38.075,38.04,36.78,38.280601494,38.33199615,37.85017125,37.901565906,38.4918537,38.595186000000005,37.58696262,37.7294208984,38.068326162,38.29965765,36.13092495,36.362256438,38.65578,39.290235,34.8439008,35.2992372,,,,,,,,,38.7800507016,38.92250898,37.58696262,37.7294208984,39.185004,39.4657392,36.611598,37.1201928,,,,,,,,,37.1022606,36.680445,36.611598,37.1201928,,,,
2025-08-20,2026-06-30 06:21:31,37.335,38.04,36.78,37.5234561268,37.57419029,37.09855751,37.1492916732,37.7347362,37.836036,36.8107922,36.9581667,38.068326162,38.29965765,36.13092495,36.362256438,38.65578,39.290235,34.8439008,35.2992372,,,,,,,,,38.7800507016,38.92250898,37.58696262,37.7294208984,39.185004,39.4657392,36.611598,37.1201928,38.2199286,38.492428800000006,38.1290952,38.551489200000006,,,,,,,,,,,,
2025-08-21,2026-06-30 06:21:53,37.89,38.04,36.78,38.0979138062,38.149231435,37.668128665,37.7194462938,38.3101455,38.41299,37.3780987,37.52774445,38.068326162,38.29965765,36.13092495,36.362256438,38.65578,39.290235,34.8439008,35.2992372,,,,,,,,,38.7800507016,38.92250898,37.58696262,37.7294208984,39.185004,39.4657392,36.611598,37.1201928,,,,,,,,,,,,,,,,
2025-08-22,2026-06-30 06:22:15,38.095,38.04,36.78,38.266123031,38.317021575,37.839847725,37.890746269,38.4716639,38.574942,37.58696262,37.7294208984,38.068326162,38.29965765,36.13092495,36.362256438,38.65578,39.290235,34.8439008,35.2992372,,,,,,,,,38.7800507016,38.92250898,37.58696262,37.7294208984,39.185004,39.4657392,36.611598,37.1201928,38.9663317,39.2441536,38.8737244,39.3043674,,,,,,,,,,,,
2025-08-25,2026-06-30 06:22:36,38.955,38.955,36.78,39.090638021,39.144671125,38.638110775,38.692143879,39.32468295,39.430251,38.3252539,38.47869165,38.068326162,38.29965765,36.13092495,36.362256438,38.65578,39.290235,34.8439008,35.2992372,,,,,,,,,39.7128516057,39.8587365225,38.4910654275,38.6369503443,40.1275455,40.4150334,37.49223975,38.0130681,,,,,,,,,,,,,,,,
2025-08-26,2026-06-30 06:23:00,38.56,38.955,36.78,38.7138341782,38.766107135,38.27604816499999,38.3283211218,38.93098185,39.035493,37.9799369,38.13199215,38.068326162,38.29965765,36.13092495,36.362256438,38.65578,39.290235,34.8439008,35.2992372,,,,,,,,,39.7128516057,39.8587365225,38.4910654275,38.6369503443,40.1275455,40.4150334,37.49223975,38.0130681,,,,,,,,,,,,,,,,
2025-08-27,2026-06-30 06:23:22,38.71,38.955,36.78,38.8676668678,38.920297815,38.426882685,38.4795136322,39.0874528,39.192384,38.127929900000005,38.280577650000005,38.068326162,38.29965765,36.13092495,36.362256438,38.65578,39.290235,34.8439008,35.2992372,,,,,,,,,39.7128516057,39.8587365225,38.4910654275,38.6369503443,40.1275455,40.4150334,37.49223975,38.0130681,,,,,,,,,,,,,,,,
2025-08-28,2026-06-30 06:23:48,39.16,38.955,36.78,39.3799814722,39.433274685,38.933650815,38.9869440278,39.6022927,39.708606,38.6311061,38.78576835,38.068326162,38.29965765,36.13092495,36.362256438,38.65578,39.290235,34.8439008,35.2992372,41.3179164,42.850171200000005,40.8298458,43.0818852,,,,,39.7128516057,39.8587365225,38.4910654275,38.6369503443,40.1275455,40.4150334,37.49223975,38.0130681,40.1114981,40.3974848,40.1275455,40.4150334,,,,,,,,,,,,
2025-08-29,2026-06-30 06:24:10,39.715,38.955,36.78,39.8828403058,39.936306165000005,39.435063735,39.4885295942,40.10199025,40.209645,39.1342823,39.29095905,38.068326162,38.29965765,36.13092495,36.362256438,38.65578,39.290235,34.8439008,35.2992372,41.3179164,42.850171200000005,40.8298458,43.0818852,,,,,39.7128516057,39.8587365225,38.4910654275,38.6369503443,40.1275455,40.4150334,37.49223975,38.0130681,40.61762075,40.907216,40.521089,40.9699815,41.6748381,42.5708031,41.4543528,42.61871775,,,,,,,,
2025-09-01,2026-06-30 06:24:32,40.79,40.79,40.79,40.8871968434,40.947530645,40.381901255,40.4422350566,41.1770971,41.287638,40.0123741,40.17256635,42.218788041,42.475340825,40.070158475,40.326711259,42.87029,43.5739175,38.6428144,39.1477946,,,,,,,,,41.5835506866,41.736307605,40.304211495,40.4569684134,42.017779,42.3188092,39.2583355,39.8036978,41.7065513,42.0039104,41.6074316,42.0683586,,,,,,,,,,,,
2025-09-02,2026-06-30 06:24:55,41.74,40.79,40.79,41.8803068162,41.940333085,41.377586815,41.4376130838,42.1563024,42.269472,41.0187265,41.18294775,42.218788041,42.475340825,40.070158475,40.326711259,42.87029,43.5739175,38.6428144,39.1477946,,,,,,,,,41.5835506866,41.736307605,40.304211495,40.4569684134,42.017779,42.3188092,39.2583355,39.8036978,,,,,,,,,40.5181635,40.0575125,40.070158475,40.326711259,,,,
2025-09-03,2026-06-30 06:25:18,41.725,40.79,40.79,41.876951037,41.934267725,41.396923775000005,41.454240463000005,42.12097025,42.234045,41.0680575,41.23247625,42.218788041,42.475340825,40.070158475,40.326711259,42.87029,43.5739175,38.6428144,39.1477946,,,,,,,,,41.5835506866,41.736307605,40.304211495,40.4569684134,42.017779,42.3188092,39.2583355,39.8036978,42.66256075,42.966736,42.561169,43.0326615,,,,,,,,,,,,
2025-09-04,2026-06-30 06:25:44,41.81,40.79,40.79,41.9336856618,41.993940065,41.429055035000005,41.4893094382,42.21182435,42.325143,41.0680575,41.23247625,42.218788041,42.475340825,40.070158475,40.326711259,42.87029,43.5739175,38.6428144,39.1477946,,,,,,,,,41.5835506866,41.736307605,40.304211495,40.4569684134,42.017779,42.3188092,39.2583355,39.8036978,,,,,,,,,40.5668925,40.1056875,40.304211495,40.4569684134,,,,
2025-09-05,2026-06-30 06:26:06,41.315,40.79,40.79,41.4594779708,41.51673239,40.97997221,41.0372266292,41.70707935,41.819043,40.648744,40.811484,42.218788041,42.475340825,40.070158475,40.326711259,42.87029,43.5739175,38.6428144,39.1477946,,,,,,,,,41.5835506866,41.736307605,40.304211495,40.4569684134,42.017779,42.3188092,39.2583355,39.8036978,42.24334805,42.5445344,42.218788041,42.475340825,,,,,,,,,,,,
2025-09-08,2026-06-30 06:26:31,41.465,41.465,40.79,41.58219913559999,41.64327223,41.07071197,41.1317850644,41.8736452,41.986056,40.698075,40.8610125,42.218788041,42.475340825,40.070158475,40.326711259,42.87029,43.5739175,38.6428144,39.1477946,,,,,,,,,42.2716825011,42.4269672675,40.9711725825,41.1264573489,42.713096500000006,43.019108200000005,40.070158475,40.326711259,42.4120556,42.7144448,42.3112592,42.7799832,,,,,,,,,,,,
2025-09-09,2026-06-30 06:26:54,41.935,41.465,40.79,42.1066117954,42.162634045,41.637425455,41.6934477046,42.332963150000005,42.446607,41.3245787,41.49002445,42.218788041,42.475340825,40.070158475,40.326711259,42.87029,43.5739175,38.6428144,39.1477946,,,,,,,,,42.2716825011,42.4269672675,40.9711725825,41.1264573489,42.713096500000006,43.019108200000005,40.070158475,40.326711259,,,,,,,,,40.8202833,40.3561975,40.1417463,41.0246821,,,,
2025-09-10,2026-06-30 06:27:17,41.34,41.465,40.79,41.5405325874,41.598687445,41.053485655,41.1116405126,41.79793345,41.910141,40.7128743,40.87587105,42.218788041,42.475340825,40.070158475,40.326711259,42.87029,43.5739175,38.6428144,39.1477946,,,,,,,,,42.2716825011,42.4269672675,40.9711725825,41.1264573489,42.713096500000006,43.019108200000005,40.070158475,40.326711259,,,,,,,,,,,,,,,,
2025-09-11,2026-06-30 06:27:42,41.635,41.465,40.79,41.8435610324,41.89940237,41.37588983,41.4317311676,42.07049575,42.183435,41.0631244,41.2275234,42.218788041,42.475340825,40.070158475,40.326711259,42.87029,43.5739175,38.6428144,39.1477946,,,,,,,,,42.2716825011,42.4269672675,40.9711725825,41.1264573489,42.713096500000006,43.019108200000005,40.070158475,40.326711259,42.61143725,42.915248,42.713096500000006,43.019108200000005,,,,,,,,,,,,
2025-09-12,2026-06-30 06:28:04,42.05,41.465,40.79,42.2372017926,42.293392855,41.766601645,41.8227927074,42.46419685,42.578193,41.4528393,41.61879855,42.218788041,42.475340825,40.070158475,40.326711259,42.87029,43.5739175,38.6428144,39.1477946,,,,,,,,,42.2716825011,42.4269672675,40.9711725825,41.1264573489,42.713096500000006,43.019108200000005,40.070158475,40.326711259,43.01020055,43.3168544,42.9079826,43.3833171,44.360086300000006,45.3137813,44.125394400000005,45.36478325,,,,,,,,
2025-09-15,2026-06-30 06:28:27,42.725,42.725,40.79,42.8897660206,42.949824155,42.386779145,42.4468372794,43.1556975,43.27155,42.0349451,42.20323485,42.218788041,42.475340825,40.070158475,40.326711259,42.87029,43.5739175,38.6428144,39.1477946,,,,,,,,,43.556195221500005,43.7161986375,42.2161666125,42.3761700285,44.0110225,44.326333,41.12067625,41.6919095,,,,,,,,,,,,,,,,
2025-09-16,2026-06-30 06:28:48,43.2,42.725,40.79,43.3674094654,43.426334595,42.873911505,42.9328366346,43.61501545,43.732101,42.5381213,42.70842555,42.218788041,42.475340825,40.070158475,40.326711259,42.87029,43.5739175,38.6428144,39.1477946,,,,,,,,,43.556195221500005,43.7161986375,42.2161666125,42.3761700285,44.0110225,44.326333,41.12067625,41.6919095,,,,,,,,,,,,,,,,
2025-09-17,2026-06-30 06:29:10,42.875,42.725,40.79,43.1068190846,43.164929955,42.620140545000005,42.678251415400005,43.3475006,43.463868,42.2161666125,42.3761700285,42.218788041,42.475340825,40.070158475,40.326711259,42.87029,43.5739175,38.6428144,39.1477946,,,,,,,,,43.556195221500005,43.7161986375,42.2161666125,42.3761700285,44.0110225,44.326333,41.12067625,41.6919095,,,,,,,,,41.7753717,41.300427500000005,41.12067625,41.6919095,,,,
2025-09-18,2026-06-30 06:29:33,42.0,42.725,40.79,42.2052967986,42.26287880499999,41.723047495,41.78062950139999,42.4490545,42.56301,41.3936421,41.55936435,42.218788041,42.475340825,40.070158475,40.326711259,42.87029,43.5739175,38.6428144,39.1477946,,,,,,,,,43.556195221500005,43.7161986375,42.2161666125,42.3761700285,44.0110225,44.326333,41.12067625,41.6919095,,,,,,,,,,,,,,,,
2025-09-19,2026-06-30 06:29:58,42.115,42.725,40.79,42.276204103,42.333400375,41.797185325,41.854381597,42.51467135,42.628803000000005,41.4725717,41.63860995,42.218788041,42.475340825,40.070158475,40.326711259,42.87029,43.5739175,38.6428144,39.1477946,,,,,,,,,43.556195221500005,43.7161986375,42.2161666125,42.3761700285,44.0110225,44.326333,41.12067625,41.6919095,43.06132405,43.3683424,42.9589846,43.434884100000005,,,,,,,,,,,,
2025-09-22,2026-06-30 06:30:21,43.4,43.4,40.79,43.7023648576,43.76570128,43.17192231999999,43.2352587424,43.99862165,44.116737,42.7897094,42.9610209,42.218788041,42.475340825,40.070158475,40.326711259,42.87029,43.5739175,38.6428144,39.1477946,45.8226702,47.5219816,45.2813869,47.7789586,,,,,44.244327036,44.4068583,42.8831277,43.045658964,44.70634,45.026632,41.77033,42.350588,44.56435495,44.8820896,44.4584434,44.9509539,,,,,,,,,,,,
2025-09-23,2026-06-30 06:30:44,44.3,43.4,40.79,44.496335983200005,44.55767526,43.98261954,44.0439588168,44.7607866,44.880948,43.6283364,43.8030054,42.218788041,42.475340825,40.070158475,40.326711259,42.87029,43.5739175,38.6428144,39.1477946,45.8226702,47.5219816,45.2813869,47.7789586,,,,,44.244327036,44.4068583,42.8831277,43.045658964,44.70634,45.026632,41.77033,42.350588,,,,,,,,,,,,,,,,
2025-09-24,2026-06-30 06:31:06,44.265,43.4,40.79,44.5377986758,44.599509815,44.020967885000005,44.0826790242,44.80621365,44.926497,43.6628681,43.837675350000005,42.218788041,42.475340825,40.070158475,40.326711259,42.87029,43.5739175,38.6428144,39.1477946,45.8226702,47.5219816,45.2813869,47.7789586,,,,,44.244327036,44.4068583,42.8831277,43.045658964,44.70634,45.026632,41.77033,42.350588,,,,,,,,,,,,,,,,
2025-09-25,2026-06-30 06:31:27,44.12,43.4,40.79,44.348705213,44.408739725,43.845916175,43.905950687,44.5992682,44.718996,43.5050089,43.67918415,42.218788041,42.475340825,40.070158475,40.326711259,42.87029,43.5739175,38.6428144,39.1477946,45.8226702,47.5219816,45.2813869,47.7789586,,,,,44.244327036,44.4068583,42.8831277,43.045658964,44.70634,45.026632,41.77033,42.350588,45.1727246,45.4947968,45.0653672,45.5646012,46.430188,47.428388,46.184544,47.48177,,,,,,,,
2025-09-26,2026-06-30 06:31:48,45.475,43.4,40.79,45.5348759946,45.606628305,44.933950395,45.0057027054,45.9116052,46.034856,44.4718965,44.64994275,42.218788041,42.475340825,40.070158475,40.326711259,42.87029,43.5739175,38.6428144,39.1477946,45.8226702,47.5219816,45.2813869,47.7789586,,,,,44.244327036,44.4068583,42.8831277,43.045658964,44.70634,45.026632,41.77033,42.350588,46.5019356,46.8334848,46.3914192,46.9053432,46.430188,47.428388,46.184544,47.48177,,,,,,,,
2025-09-29,2026-06-30 06:32:09,46.42,46.42,40.79,46.783939414,46.85316895,46.20414205,46.273371586,47.11794575,47.244435,45.86716101,46.0410020532,42.218788041,42.475340825,40.070158475,40.326711259,42.87029,43.5739175,38.6428144,39.1477946,45.8226702,47.5219816,45.2813869,47.7789586,,,,,47.323079746800005,47.49692079,45.86716101,46.0410020532,47.817242,48.1598216,44.676929,45.2975644,47.72378725,48.064048,47.817242,48.1598216,,,,,,,,,,,,
2025-09-30,2026-06-30 06:32:31,47.135,46.42,40.79,47.2854151648,47.35322424,46.71751416,46.7853232352,47.5974535,47.72523,46.3119428,46.4973558,42.218788041,42.475340825,40.070158475,40.326711259,42.87029,43.5739175,38.6428144,39.1477946,45.8226702,47.5219816,45.2813869,47.7789586,,,,,47.323079746800005,47.49692079,45.86716101,46.0410020532,47.817242,48.1598216,44.676929,45.2975644,,,,,,,,,45.7467852,45.22669,44.9863572,45.9758524,,,,
2025-10-01,2026-06-30 06:32:51,46.835,46.42,46.835,47.1094170822,47.174452535,46.564745165,46.6297806178,47.39050805,47.517729,46.1886153,46.37353455,48.4755316965,48.770105112500005,46.0084793375,46.303052753500005,49.223585,50.03148875,44.3696056,44.9494229,,,,,,,,,47.323079746800005,47.49692079,45.86716101,46.0410020532,47.817242,48.1598216,44.676929,45.2975644,47.99985415,48.3420832,47.817242,48.1598216,,,,,,,,,,,,
2025-10-02,2026-06-30 06:33:12,47.41,46.42,46.835,47.590518234,47.65840345,47.021979550000005,47.089864766000005,47.9003005,48.02889,46.617795,46.8044325,48.4755316965,48.770105112500005,46.0084793375,46.303052753500005,49.223585,50.03148875,44.3696056,44.9494229,,,,,,,,,47.323079746800005,47.49692079,45.86716101,46.0410020532,47.817242,48.1598216,44.676929,45.2975644,,,,,,,,,46.048905,45.525375,45.283455,46.279485,,,,
2025-10-03,2026-06-30 06:33:36,46.865,46.42,46.835,47.0560382366,47.120845555,46.513276945,46.5780842634,47.3349861,47.462058,46.1392843,46.32400605,48.4755316965,48.770105112500005,46.0084793375,46.303052753500005,49.223585,50.03148875,44.3696056,44.9494229,,,,,,,,,47.323079746800005,47.49692079,45.86716101,46.0410020532,47.817242,48.1598216,44.676929,45.2975644,47.9436183,48.2854464,47.817242,48.1598216,49.6610444,50.7287044,49.398307200000005,50.785801,,,,,,,,
2025-10-06,2026-06-30 06:33:59,48.06,48.06,46.835,48.348558998200005,48.420447635,47.746491665,47.8183803018,48.6977976,48.828528,47.3034959,47.49287865,48.4755316965,48.770105112500005,46.0084793375,46.303052753500005,49.223585,50.03148875,44.3696056,44.9494229,,,,,,,,,48.9949851924,49.17496797,47.48762943,47.6676122076,49.506606000000005,49.8612888,46.255347,46.8979092,,,,,,,,,,,,,,,,
2025-10-07,2026-06-30 06:34:21,48.405,48.06,46.835,48.6360316808,48.70733714,48.03884846,48.1101539192,48.97540735,49.106883,47.604415,47.7950025,48.4755316965,48.770105112500005,46.0084793375,46.303052753500005,49.223585,50.03148875,44.3696056,44.9494229,,,,,,,,,48.9949851924,49.17496797,47.48762943,47.6676122076,49.506606000000005,49.8612888,46.255347,46.8979092,,,,,,,,,47.023485,46.488875,46.255347,46.8979092,,,,
2025-10-08,2026-06-30 06:34:44,47.665,48.06,46.835,47.9104855242,47.975919985,47.362471915,47.4279063758,48.18800515,48.317367,46.9877775,47.17589625,48.4755316965,48.770105112500005,46.0084793375,46.303052753500005,49.223585,50.03148875,44.3696056,44.9494229,,,,,,,,,48.9949851924,49.17496797,47.48762943,47.6676122076,49.506606000000005,49.8612888,46.255347,46.8979092,48.80760545,49.1555936,48.6916094,49.2310149,,,,,,,,,,,,
2025-10-09,2026-06-30 06:35:09,48.45,48.06,46.835,48.5034909404,48.58162687,47.84910253,47.9272384596,48.924932850000005,49.056273,47.3380276,47.5275486,48.4755316965,48.770105112500005,46.0084793375,46.303052753500005,49.223585,50.03148875,44.3696056,44.9494229,,,,,,,,,48.9949851924,49.17496797,47.48762943,47.6676122076,49.506606000000005,49.8612888,46.255347,46.8979092,49.554008550000006,49.9073184,49.506606000000005,49.8612888,51.4155492,52.520929200000005,51.1435296,52.580043,46.7603484,46.22873,46.255347,46.8979092,,,,
2025-10-10,2026-06-30 06:35:29,47.65,48.06,46.835,47.8368779138,47.923859165,47.108409935,47.1953911862,48.36971335,48.499563,46.4944675,46.68061125,48.4755316965,48.770105112500005,46.0084793375,46.303052753500005,49.223585,50.03148875,44.3696056,44.9494229,,,,,,,,,48.9949851924,49.17496797,47.48762943,47.6676122076,49.506606000000005,49.8612888,46.255347,46.8979092,48.99165005,49.3409504,48.9949851924,49.17496797,51.4155492,52.520929200000005,51.1435296,52.580043,,,,,,,,
2025-10-13,2026-06-30 06:35:50,47.52,47.52,46.835,48.2958356258,48.391366765,47.495762335,47.5912934742,48.924932850000005,49.056273,46.7904535,46.97778225,48.4755316965,48.770105112500005,46.0084793375,46.303052753500005,49.223585,50.03148875,44.3696056,44.9494229,52.6135023,54.5646484,51.99200185,54.8597089,,,,,48.444479740800006,48.62244024,46.95406056,47.1320210592,48.950352,49.301049600000006,46.0084793375,46.303052753500005,49.554008550000006,49.9073184,49.4362386,49.9838931,50.8378464,51.9308064,50.5688832,51.989256000000005,,,,,,,,
2025-10-14,2026-06-30 06:36:12,50.755,47.52,46.835,51.068987402,51.14455185,50.43613515,50.511699598,51.433515500000006,51.57159,49.972303,50.1723705,48.4755316965,48.770105112500005,46.0084793375,46.303052753500005,49.223585,50.03148875,44.3696056,44.9494229,52.6135023,54.5646484,51.99200185,54.8597089,,,,,48.444479740800006,48.62244024,46.95406056,47.1320210592,48.950352,49.301049600000006,46.0084793375,46.303052753500005,52.0948465,52.466272,51.971038,52.546773,50.8378464,51.9308064,50.5688832,51.989256000000005,49.362477,48.801275,48.950352,49.301049600000006,,,,
2025-10-15,2026-06-30 06:36:39,50.37,47.52,46.835,50.7369001032,50.81251266,50.10364494,50.1792574968,51.10543125,51.242625,49.6368522,49.8355767,48.4755316965,48.770105112500005,46.0084793375,46.303052753500005,49.223585,50.03148875,44.3696056,44.9494229,52.6135023,54.5646484,51.99200185,54.8597089,,,,,48.444479740800006,48.62244024,46.95406056,47.1320210592,48.950352,49.301049600000006,46.0084793375,46.303052753500005,51.76254375,52.1316,51.639525,52.2115875,50.8378464,51.9308064,50.5688832,51.989256000000005,,,,,,,,
2025-10-16,2026-06-30 06:37:01,52.59,47.52,46.835,52.8267477696,52.91015408,52.12821992,52.2116262304,53.26573985,53.408733,51.5903598,51.7969053,48.4755316965,48.770105112500005,46.0084793375,46.303052753500005,49.223585,50.03148875,44.3696056,44.9494229,52.6135023,54.5646484,51.99200185,54.8597089,,,,,48.444479740800006,48.62244024,46.95406056,47.1320210592,48.950352,49.301049600000006,46.0084793375,46.303052753500005,53.95062955,54.3352864,53.8224106,54.4186551,50.8378464,51.9308064,50.5688832,51.989256000000005,50.9607882,50.381415,50.1136902,51.2159634,,,,
2025-10-17,2026-06-30 06:37:23,53.425,47.52,46.835,53.8443815898,53.927989465,53.144165635,53.2277735102,54.27522985,54.420933,52.611511500000006,52.822145250000005,48.4755316965,48.770105112500005,46.0084793375,46.303052753500005,49.223585,50.03148875,44.3696056,44.9494229,52.6135023,54.5646484,51.99200185,54.8597089,,,,,48.444479740800006,48.62244024,46.95406056,47.1320210592,48.950352,49.301049600000006,46.0084793375,46.303052753500005,,,,,50.8378464,51.9308064,50.5688832,51.989256000000005,51.9694785,51.3786375,51.1056135,52.2297045,,,,
2025-10-20,2026-06-30 06:37:45,50.725,50.725,46.835,51.122693984200005,51.210421885,50.387972815000005,50.4757007158,51.630366050000006,51.768969000000006,49.7897783,49.98911505,48.4755316965,48.770105112500005,46.0084793375,46.303052753500005,49.223585,50.03148875,44.3696056,44.9494229,52.6135023,54.5646484,51.99200185,54.8597089,,,,,51.7118315415,51.9017946375,50.1208906125,50.3108537085,52.2518225,52.626173,48.82027625,49.4984695,52.29422815,52.667075200000006,52.2518225,52.626173,,,,,,,,,,,,
2025-10-21,2026-06-30 06:38:09,51.37,50.725,46.835,51.7575839192,51.83228806,51.13193674,51.2066408808,52.10482635,52.244703,50.6826694,50.8855809,48.4755316965,48.770105112500005,46.0084793375,46.303052753500005,49.223585,50.03148875,44.3696056,44.9494229,52.6135023,54.5646484,51.99200185,54.8597089,,,,,51.7118315415,51.9017946375,50.1208906125,50.3108537085,52.2518225,52.626173,48.82027625,49.4984695,,,,,,,,,50.0641746,49.494995,49.223585,50.03148875,47.24678675,46.0511985,43.9592995,48.04316925
2025-10-22,2026-06-30 06:38:35,48.13,50.725,46.835,48.2445674726,48.319186055,47.619636845,47.6942554274,48.6271333,48.757674,47.1456367,47.33438745,48.4755316965,48.770105112500005,46.0084793375,46.303052753500005,49.223585,50.03148875,44.3696056,44.9494229,52.6135023,54.5646484,51.99200185,54.8597089,,,,,51.7118315415,51.9017946375,50.1208906125,50.3108537085,52.2518225,52.626173,48.82027625,49.4984695,,,,,,,,,46.5703053,46.0408475,46.0084793375,46.303052753500005,47.24678675,46.0511985,43.9592995,48.04316925
2025-10-23,2026-06-30 06:38:58,48.145,50.725,46.835,48.3864840092,48.46160431,47.75735149,47.8324717908,48.77350935,48.904443,47.2788304,47.468114400000005,48.4755316965,48.770105112500005,46.0084793375,46.303052753500005,49.223585,50.03148875,44.3696056,44.9494229,52.6135023,54.5646484,51.99200185,54.8597089,,,,,51.7118315415,51.9017946375,50.1208906125,50.3108537085,52.2518225,52.626173,48.82027625,49.4984695,49.40063805,49.7528544,49.2832326,49.8291921,,,,,,,,,47.24678675,46.0511985,43.9592995,48.04316925
2025-10-24,2026-06-30 06:39:20,48.305,48.305,46.835,48.5985363342,48.679818635,47.917797065,47.9990793658,49.05616655,49.187859,47.3725593,47.56221855,48.4755316965,48.770105112500005,46.0084793375,46.303052753500005,49.223585,50.03148875,44.3696056,44.9494229,52.6135023,54.5646484,51.99200185,54.8597089,,,,,49.2447515547,49.4256518475,47.7297116025,47.9106118953,49.7589805,50.1154714,46.49114725,47.1369851,,,,,,,,,,,,,,,,
2025-10-27,2026-06-30 06:39:41,46.85,48.305,46.835,47.1083397828,47.17560169,46.54502131,46.6122832172,47.4157453,47.543034,46.1442174,46.3289589,48.4755316965,48.770105112500005,46.0084793375,46.303052753500005,49.223585,50.03148875,44.3696056,44.9494229,52.6135023,54.5646484,51.99200185,54.8597089,,,,,49.2447515547,49.4256518475,47.7297116025,47.9106118953,49.7589805,50.1154714,46.49114725,47.1369851,,,,,,,,,,,,,44.99272615,43.8541773,41.8620791,45.75111465
2025-10-28,2026-06-30 06:40:03,47.135,48.305,46.835,47.299995555600006,47.36957393,46.71727667,46.7868550444,47.63278565,47.760657,46.2922104,46.4775444,48.4755316965,48.770105112500005,46.0084793375,46.303052753500005,49.223585,50.03148875,44.3696056,44.9494229,52.6135023,54.5646484,51.99200185,54.8597089,,,,,49.2447515547,49.4256518475,47.7297116025,47.9106118953,49.7589805,50.1154714,46.49114725,47.1369851,,,,,,,,,,,,,44.99272615,43.8541773,41.8620791,45.75111465
2025-10-29,2026-06-30 06:40:27,47.29,48.305,46.835,47.6387944128,47.71374384,47.01109296,47.0860423872,48.0315342,48.160476,46.5289992,46.7152812,48.4755316965,48.770105112500005,46.0084793375,46.303052753500005,49.223585,50.03148875,44.3696056,44.9494229,52.6135023,54.5646484,51.99200185,54.8597089,,,,,49.2447515547,49.4256518475,47.7297116025,47.9106118953,49.7589805,50.1154714,46.49114725,47.1369851,,,,,,,,,,,,,44.99272615,43.8541773,41.8620791,45.75111465
2025-10-30,2026-06-30 06:40:52,48.73,48.305,46.835,49.0695701484,49.14557347,48.43304233,48.5090456516,49.45996255,49.592739,47.949732,48.141702,48.4755316965,48.770105112500005,46.0084793375,46.303052753500005,49.223585,50.03148875,44.3696056,44.9494229,52.6135023,54.5646484,51.99200185,54.8597089,,,,,49.2447515547,49.4256518475,47.7297116025,47.9106118953,49.7589805,50.1154714,46.49114725,47.1369851,,,,,,,,,,,,,44.99272615,43.8541773,41.8620791,45.75111465
2025-10-31,2026-06-30 06:41:14,48.73,48.305,46.835,49.0695701484,49.14557347,48.43304233,48.5090456516,49.45996255,49.592739,47.949732,48.141702,48.4755316965,48.770105112500005,46.0084793375,46.303052753500005,49.223585,50.03148875,44.3696056,44.9494229,52.6135023,54.5646484,51.99200185,54.8597089,,,,,49.2447515547,49.4256518475,47.7297116025,47.9106118953,49.7589805,50.1154714,46.49114725,47.1369851,,,,,,,,,,,,,44.99272615,43.8541773,41.8620791,45.75111465
2025-11-03,2026-06-30 06:41:36,48.25,48.25,48.25,48.408139763200005,48.47930976,47.812091040000006,47.8832610368,48.7482721,48.879138,47.3774924,47.56717140000001,49.940096175,50.243569375,47.3774924,47.56717140000001,50.71075,51.5430625,45.71012,46.307455,,,,,,,,,49.188681555,49.369375875,47.675366625,47.856060945,49.702325,50.05841,46.4382125,47.083315,,,,,,,,,,,,,,,,
2025-11-04,2026-06-30 06:41:59,47.885,48.25,48.25,48.0066301706,48.081100305,47.382942795,47.4574129294,48.38990315,48.519807,46.908847900000005,47.09665065,49.940096175,50.243569375,47.398508125,47.701981325,50.71075,51.5430625,45.71012,46.307455,,,,,,,,,49.188681555,49.369375875,47.675366625,47.856060945,49.702325,50.05841,46.4382125,47.083315,,,,,,,,,46.336406100000005,45.8096075,45.71012,46.307455,,,,
2025-11-05,2026-06-30 06:42:25,46.9,48.25,48.25,47.0468882492,47.11502551,46.47623869,46.5443759508,47.365270800000005,47.492424,46.0652878,46.2497133,49.940096175,50.243569375,47.398508125,47.701981325,50.71075,51.5430625,45.71012,46.307455,,,,,,,,,49.188681555,49.369375875,47.675366625,47.856060945,49.702325,50.05841,46.4382125,47.083315,47.9742924,48.3163392,47.8602768,48.390472800000005,,,,,,,,,,,,
2025-11-06,2026-06-30 06:42:45,47.85,48.25,48.25,48.05575784,48.1244036,47.4808496,47.54949536,48.36971335,48.499563,47.0716402,47.2600947,49.940096175,50.243569375,47.398508125,47.701981325,50.71075,51.5430625,45.71012,46.307455,,,,,,,,,49.188681555,49.369375875,47.675366625,47.856060945,49.702325,50.05841,46.4382125,47.083315,48.99165005,49.3409504,48.8752166,49.4166561,,,,,,,,,,,,
2025-11-07,2026-06-30 06:43:08,47.86,48.25,48.25,48.1670505376,48.23790888,47.57361192,47.6444702624,48.5059945,48.63621,47.1407036,47.3294346,49.940096175,50.243569375,47.398508125,47.701981325,50.71075,51.5430625,45.71012,46.307455,,,,,,,,,49.188681555,49.369375875,47.675366625,47.856060945,49.702325,50.05841,46.4382125,47.083315,49.1296835,49.479968,49.188681555,49.369375875,,,,,,,,,,,,
2025-11-10,2026-06-30 06:43:32,48.295,48.295,48.25,48.646178993,48.718770625,48.038224075,48.110815707,49.0006446,49.132188,47.5896157,47.78014395,49.940096175,50.243569375,47.398508125,47.701981325,50.71075,51.5430625,45.71012,46.307455,,,,,,,,,49.234557009300005,49.41541985250001,47.7198306975,47.9006935407,49.7486795,50.1050966,46.48152275,47.1272269,49.6306938,49.9845504,49.7486795,50.1050966,51.6669569,52.7777419,51.393607200000005,52.83714475,,,,,,,,
2025-11-11,2026-06-30 06:43:55,50.445,48.295,48.25,50.680755092,50.7529533,50.0760951,50.148293308,51.0095297,51.146466,49.6467184,49.8454824,49.940096175,50.243569375,47.398508125,47.701981325,50.71075,51.5430625,45.71012,46.307455,,,,,,,,,49.234557009300005,49.41541985250001,47.7198306975,47.9006935407,49.7486795,50.1050966,46.48152275,47.1272269,,,,,51.6669569,52.7777419,51.393607200000005,52.83714475,,,,,,,,
2025-11-12,2026-06-30 06:44:17,51.075,48.295,48.25,51.434158922,51.50733105,50.82134235,50.894514478,51.7666472,51.905616,50.3866834,50.5884099,49.940096175,50.243569375,47.398508125,47.701981325,50.71075,51.5430625,45.71012,46.307455,54.203085,56.21318,53.5628075,56.517155,,,,,49.234557009300005,49.41541985250001,47.7198306975,47.9006935407,49.7486795,50.1050966,46.48152275,47.1272269,52.4322616,52.8060928,52.3076512,52.8871152,51.6669569,52.7777419,51.393607200000005,52.83714475,,,,,,,,
2025-11-13,2026-06-30 06:44:39,53.275,48.295,48.25,53.5318754208,53.60919144,52.88435376,52.9616697792,53.89162365,54.036297,52.4191206,52.6289841,49.940096175,50.243569375,47.398508125,47.701981325,50.71075,51.5430625,45.71012,46.307455,54.203085,56.21318,53.5628075,56.517155,,,,,49.234557009300005,49.41541985250001,47.7198306975,47.9006935407,49.7486795,50.1050966,46.48152275,47.1272269,54.58456095,54.9737376,54.4548354,55.0580859,51.6669569,52.7777419,51.393607200000005,52.83714475,51.7794354,51.190755,50.71075,51.5430625,,,,
2025-11-14,2026-06-30 06:45:05,52.2,48.295,48.25,52.5735385354,52.654230545,51.897742955,51.9784349646,52.98308265,53.125317,51.3881027,51.59383845,49.940096175,50.243569375,47.398508125,47.701981325,50.71075,51.5430625,45.71012,46.307455,54.203085,56.21318,53.5628075,56.517155,,,,,49.234557009300005,49.41541985250001,47.7198306975,47.9006935407,49.7486795,50.1050966,46.48152275,47.1272269,53.66433795,54.0469536,53.5367994,54.1298799,51.6669569,52.7777419,51.393607200000005,52.83714475,50.7609993,50.1838975,49.9172223,51.0151741,,,,
2025-11-17,2026-06-30 06:45:25,50.405,50.405,48.25,50.843599773,50.934626925,50.081247375,50.172274527,51.3931359,51.531102,49.4444613,49.64241555,49.940096175,50.243569375,47.398508125,47.701981325,50.71075,51.5430625,45.71012,46.307455,54.203085,56.21318,53.5628075,56.517155,,,,,51.3931359,51.531102,49.8047016525,49.9934663613,51.9221905,52.2941794,48.51229225,49.1862071,,,,,,,,,48.8410767,48.2858025,48.51229225,49.1862071,,,,
2025-11-18,2026-06-30 06:45:48,50.06,50.405,48.25,50.0639032548,50.15487729,49.30199571000001,49.392969745200006,50.62087605,50.756769000000006,48.6600984,48.8549124,49.940096175,50.243569375,47.398508125,47.701981325,50.71075,51.5430625,45.71012,46.307455,54.203085,56.21318,53.5628075,56.517155,,,,,51.3856060887,51.5743707975,49.8047016525,49.9934663613,51.9221905,52.2941794,48.51229225,49.1862071,51.27175815,51.6373152,51.3856060887,51.5743707975,,,,,,,,,,,,
2025-11-19,2026-06-30 06:46:10,50.55,50.405,48.25,50.8653135484,50.93743207,50.26132093,50.3334394516,51.1912379,51.328662,49.8047016525,49.9934663613,49.940096175,50.243569375,47.398508125,47.701981325,50.71075,51.5430625,45.71012,46.307455,54.203085,56.21318,53.5628075,56.517155,,,,,51.3856060887,51.5743707975,49.8047016525,49.9934663613,51.9221905,52.2941794,48.51229225,49.1862071,51.8494537,52.2191296,51.9221905,52.2941794,,,,,,,,,,,,
2025-11-20,2026-06-30 06:46:32,51.06,50.405,48.25,51.5564943288,51.63650814,50.886378660000005,50.9663924712,51.9685452,52.108056,50.376817200000005,50.578504200000005,49.940096175,50.243569375,47.398508125,47.701981325,50.71075,51.5430625,45.71012,46.307455,54.203085,56.21318,53.5628075,56.517155,,,,,51.3856060887,51.5743707975,49.8047016525,49.9934663613,51.9221905,52.2941794,48.51229225,49.1862071,,,,,,,,,49.7620548,49.19631,48.9348828,50.011227600000005,,,,
2025-11-21,2026-06-30 06:46:56,50.395,50.405,48.25,50.6609701066,50.736961905,50.024538795,50.1005305934,51.03476695,51.171771,49.5529895,49.75137825,49.940096175,50.243569375,47.398508125,47.701981325,50.71075,51.5430625,45.71012,46.307455,54.203085,56.21318,53.5628075,56.517155,,,,,51.3856060887,51.5743707975,49.8047016525,49.9934663613,51.9221905,52.2941794,48.51229225,49.1862071,,,,,,,,,48.9482805,48.3917875,48.51229225,49.1862071,46.94872915,45.7606833,45.71012,46.307455
2025-11-24,2026-06-30 06:47:19,49.855,49.855,48.25,50.1254128098,50.200553165,49.496112335,49.5712526902,50.4946898,50.630244000000005,49.0300809,49.22637615,49.940096175,50.243569375,47.398508125,47.701981325,50.71075,51.5430625,45.71012,46.307455,54.203085,56.21318,53.5628075,56.517155,,,,,50.8249060917,51.0116110725,49.2612518775,49.4479568583,51.3556355,51.7235654,47.98294475,48.6495061,51.1439494,51.5085952,51.0224008,51.5876268,,,,,,,,,,,,
2025-11-25,2026-06-30 06:47:40,51.16,49.855,48.25,51.3608931632,51.436357560000005,50.72887884,50.8043432368,51.72122015,51.860067,50.268289,50.469541500000005,49.940096175,50.243569375,47.398508125,47.701981325,50.71075,51.5430625,45.71012,46.307455,54.203085,56.21318,53.5628075,56.517155,,,,,50.8249060917,51.0116110725,49.2612518775,49.4479568583,51.3556355,51.7235654,47.98294475,48.6495061,,,,,,,,,,,,,,,,
2025-11-26,2026-06-30 06:48:03,51.75,49.855,48.25,51.9396819934,52.014939795,51.309397905,51.3846557066,52.291582,52.43196,50.8249060917,51.0116110725,49.940096175,50.243569375,47.398508125,47.701981325,50.71075,51.5430625,45.71012,46.307455,54.203085,56.21318,53.5628075,56.517155,,,,,50.8249060917,51.0116110725,49.2612518775,49.4479568583,51.3556355,51.7235654,47.98294475,48.6495061,52.963946,53.341568,52.838072,53.423412,53.33587609999999,54.4825411,53.0536968,54.54386275,,,,,,,,
2025-11-27,2026-06-30 06:48:26,53.755,49.855,48.25,54.0654600212,54.14251101,53.42015799,53.4972089788,54.41655845,54.562641,52.9617616,53.1737976,49.940096175,50.243569375,47.398508125,47.701981325,50.71075,51.5430625,45.71012,46.307455,54.203085,56.21318,53.5628075,56.517155,,,,,50.8249060917,51.0116110725,49.2612518775,49.4479568583,51.3556355,51.7235654,47.98294475,48.6495061,,,,,53.33587609999999,54.4825411,53.0536968,54.54386275,,,,,,,,
2025-11-28,2026-06-30 06:48:48,53.825,49.855,48.25,54.1160727012,54.19016561,53.49554459,53.5696374988,54.4317008,54.577824,53.0702898,53.2827603,49.940096175,50.243569375,47.398508125,47.701981325,50.71075,51.5430625,45.71012,46.307455,54.203085,56.21318,53.5628075,56.517155,,,,,50.8249060917,51.0116110725,49.2612518775,49.4479568583,51.3556355,51.7235654,47.98294475,48.6495061,55.1315824,55.5246592,55.0005568,55.6098528,53.33587609999999,54.4825411,53.0536968,54.54386275,,,,,,,,
2025-12-01,2026-06-30 06:49:13,57.0,57.0,57.0,57.8361046656,57.947628480000006,56.90209272,57.0136165344,58.55546745,58.712661,56.089347,56.3139045,58.9965903,59.3550975,56.089347,56.3139045,59.907,60.89025,53.99952,54.70518,,,,,,,,,58.10890878,58.3223715,56.3211585,56.53462122,58.7157,59.13636,54.85965,55.62174,59.30837235,59.7312288,59.1674202,59.8228767,60.97974,62.29074,60.65712,62.36085,,,,,,,,
2025-12-02,2026-06-30 06:49:37,58.45,57.0,57.0,58.538342270200005,58.631200635,57.760653465,57.8535118298,59.02992775,59.188395,57.1598297,57.38867295,58.9965903,59.3550975,55.9940925,56.3525997,59.907,60.89025,53.99952,54.70518,,,,,,,,,58.10890878,58.3223715,56.3211585,56.53462122,58.7157,59.13636,54.85965,55.62174,59.78893325,60.215216,59.646839,60.3076065,60.97974,62.29074,60.65712,62.36085,,,,,,,,
2025-12-03,2026-06-30 06:49:59,59.16,57.0,57.0,59.5228918692,59.61829601,58.72388219,58.8192863308,60.0343703,60.195534,58.10890878,58.3223715,58.9965903,59.3550975,55.9940925,56.3525997,59.907,60.89025,53.99952,54.70518,,,,,,,,,58.10890878,58.3223715,56.3211585,56.53462122,58.7157,59.13636,54.85965,55.62174,,,,,60.97974,62.29074,60.65712,62.36085,,,,,,,,
2025-12-04,2026-06-30 06:50:23,58.98,57.0,57.0,59.2394226008,59.32268454,58.542103860000005,58.6253657992,59.6103845,59.77041,58.10890878,58.3223715,58.9965903,59.3550975,55.9940925,56.3525997,59.907,60.89025,53.99952,54.70518,,,,,,,,,58.10890878,58.3223715,56.3211585,56.53462122,58.7157,59.13636,54.85965,55.62174,,,,,60.97974,62.29074,60.65712,62.36085,57.3442872,56.69234,56.3910792,57.6314264,,,,
2025-12-05,2026-06-30 06:50:48,57.56,57.0,57.0,57.7658010898,57.846044165,57.093765335,57.1740084102,58.1163393,58.272354,56.627054900000005,56.85376515,58.9965903,59.3550975,55.9940925,56.3525997,59.907,60.89025,53.99952,54.70518,,,,,,,,,58.10890878,58.3223715,56.3211585,56.53462122,58.7157,59.13636,54.85965,55.62174,58.8635979,59.2832832,58.9965903,59.3550975,60.97974,62.29074,60.65712,62.36085,,,,,,,,
2025-12-08,2026-06-30 06:51:10,58.765,58.765,57.0,59.210873386,59.29823585,58.47921275,58.566575214,59.6305743,59.790654,57.9441926,58.1761761,58.9965903,59.3550975,55.9940925,56.3525997,59.907,60.89025,53.99952,54.70518,,,,,,,,,59.9082460431,60.1283186175,58.0651382325,58.2852108069,60.5338265,60.9675122,56.55837425,57.3440623,,,,,,,,,57.2370834,56.586355,56.55837425,57.3440623,,,,
2025-12-09,2026-06-30 06:51:33,58.515,58.765,57.0,58.751915674,58.83072825,58.091860350000005,58.170672926,59.07535480000001,59.233944,57.6482066,57.8790051,58.9965903,59.3550975,55.9940925,56.3525997,59.907,60.89025,53.99952,54.70518,64.03265999999999,66.40728,63.27627,66.76638,,,,,59.9082460431,60.1283186175,58.0651382325,58.2852108069,60.5338265,60.9675122,56.55837425,57.3440623,59.834944400000005,60.2615552,59.9082460431,60.1283186175,62.8679723,64.2195673,62.5353624,64.29184825,,,,,,,,
2025-12-10,2026-06-30 06:52:00,61.11,58.765,57.0,61.5529329618,61.646187365,60.771927335,60.8651817382,62.01801815,62.184507,60.1887531,60.429722850000005,58.9965903,59.3550975,55.9940925,56.3525997,59.907,60.89025,53.99952,54.70518,64.03265999999999,66.40728,63.27627,66.76638,,,,,59.9082460431,60.1283186175,58.0651382325,58.2852108069,60.5338265,60.9675122,56.55837425,57.3440623,62.81544445,63.2633056,62.6661574,63.3603729,62.8679723,64.2195673,62.5353624,64.29184825,,,,,,,,
2025-12-11,2026-06-30 06:52:25,62.235,58.765,57.0,62.524569083,62.615896875,61.759698825,61.851026617,62.95684385,63.125853,61.2049717,61.45000995,58.9965903,59.3550975,55.9940925,56.3525997,59.907,60.89025,53.99952,54.70518,64.03265999999999,66.40728,63.27627,66.76638,,,,,59.9082460431,60.1283186175,58.0651382325,58.2852108069,60.5338265,60.9675122,56.55837425,57.3440623,63.76634155,64.2209824,63.6147946,64.31951910000001,62.8679723,64.2195673,62.5353624,64.29184825,,,,,,,,
2025-12-12,2026-06-30 06:52:46,63.985,58.765,57.0,64.026114127,64.13991097499999,63.073065525,63.186862373,64.708309,64.88202,62.2803875,62.52973125,58.9965903,59.3550975,55.9940925,56.3525997,59.907,60.89025,53.99952,54.70518,64.03265999999999,66.40728,63.27627,66.76638,,,,,59.9082460431,60.1283186175,58.0651382325,58.2852108069,60.5338265,60.9675122,56.55837425,57.3440623,65.54032699999999,66.007616,65.384564,66.10889399999999,62.8679723,64.2195673,62.5353624,64.29184825,61.5203625,60.8209375,60.4977375,61.8284125,,,,
2025-12-15,2026-06-30 06:53:10,62.025,62.025,57.0,62.40465799019999,62.511584835,61.509145665,61.6160725098,63.0224607,63.191646,60.7807251,61.02406485,58.9965903,59.3550975,55.9940925,56.3525997,59.907,60.89025,53.99952,54.70518,64.03265999999999,66.40728,63.27627,66.76638,,,,,63.231667843500006,63.4639489875,61.2863132625,61.5185944065,63.8919525,64.34969699999999,59.69596125,60.5252355,63.8328021,64.2879168,63.8919525,64.34969699999999,,,,,,,,,,,,
2025-12-16,2026-06-30 06:53:33,64.11,62.025,57.0,64.38227365559999,64.47520723,63.60395497,63.6968885444,64.81430544999999,64.98830099999999,63.045018,63.297423,58.9965903,59.3550975,55.9940925,56.3525997,59.907,60.89025,53.99952,54.70518,64.03265999999999,66.40728,63.27627,66.76638,,,,,63.231667843500006,63.4639489875,61.2863132625,61.5185944065,63.8919525,64.34969699999999,59.69596125,60.5252355,,,,,,,,,62.275662,61.56765,61.240482,62.587494,,,,
2025-12-17,2026-06-30 06:53:55,63.795,62.025,57.0,64.1308332622,64.219622635,63.387222265,63.4760116378,64.5165059,64.689702,62.8723595,63.12407325,58.9965903,59.3550975,55.9940925,56.3525997,59.907,60.89025,53.99952,54.70518,64.03265999999999,66.40728,63.27627,66.76638,,,,,63.231667843500006,63.4639489875,61.2863132625,61.5185944065,63.8919525,64.34969699999999,59.69596125,60.5252355,65.3460577,65.81196159999999,65.1907564,65.9129394,66.3555855,67.7821605,66.004524,67.85845125,,,,,,,,
2025-12-18,2026-06-30 06:54:15,66.51,62.025,57.0,66.8093332408,66.91129214,65.95542746000001,66.05738635920001,67.3228881,67.503618,65.314244,65.575734,58.9965903,59.3550975,55.9940925,56.3525997,59.907,60.89025,53.99952,54.70518,64.03265999999999,66.40728,63.27627,66.76638,,,,,63.231667843500006,63.4639489875,61.2863132625,61.5185944065,63.8919525,64.34969699999999,59.69596125,60.5252355,,,,,66.3555855,67.7821605,66.004524,67.85845125,64.517196,63.7837,63.8919525,64.34969699999999,,,,
2025-12-19,2026-06-30 06:54:39,65.415,62.025,57.0,65.855691311,65.949097375,65.073415525,65.166821589,66.27806595,66.455991,64.52001489999999,64.77832515,58.9965903,59.3550975,55.9940925,56.3525997,59.907,60.89025,53.99952,54.70518,64.03265999999999,66.40728,63.27627,66.76638,,,,,63.231667843500006,63.4639489875,61.2863132625,61.5185944065,63.8919525,64.34969699999999,59.69596125,60.5252355,67.13026785,67.6088928,66.9707262,67.7126277,66.3555855,67.7821605,66.004524,67.85845125,63.7326591,63.00808249999999,63.231667843500006,63.4639489875,,,,
2025-12-22,2026-06-30 06:55:00,67.55,67.55,57.0,68.034666282,68.13566305,67.18881834999999,67.28981511799999,68.5241812,68.708136,66.5672514,66.8337579,58.9965903,59.3550975,55.9940925,56.3525997,59.907,60.89025,53.99952,54.70518,64.03265999999999,66.40728,63.27627,66.76638,,,,,68.86415417699999,69.11712622499999,66.745513275,66.998485323,69.583255,70.081774,65.0134975,65.916641,69.4052636,69.9001088,69.583255,70.081774,,,,,,,,,,,,
2025-12-23,2026-06-30 06:55:27,69.08,67.55,57.0,69.6211454758,69.723397415,68.764785485,68.86703742419999,70.1090805,70.29729,68.1409103,68.41371705,58.9965903,59.3550975,55.9940925,56.3525997,59.907,60.89025,53.99952,54.70518,64.03265999999999,66.40728,63.27627,66.76638,,,,,68.86415417699999,69.11712622499999,66.745513275,66.998485323,69.583255,70.081774,65.0134975,65.916641,71.0105415,71.51683200000001,70.841778,71.626563,72.266341,73.819991,71.884008,73.9030775,,,,,,,,
2025-12-24,2026-06-30 06:55:53,71.68,67.55,57.0,72.113296204,72.2221115,71.2019681,71.310783396,72.6529953,72.848034,70.5235976,70.8059436,58.9965903,59.3550975,55.9940925,56.3525997,59.907,60.89025,53.99952,54.70518,64.03265999999999,66.40728,63.27627,66.76638,,,,,68.86415417699999,69.11712622499999,66.745513275,66.998485323,69.583255,70.081774,65.0134975,65.916641,,,,,72.266341,73.819991,71.884008,73.9030775,69.6629784,68.87098,68.50500240000001,70.0118008,,,,
2025-12-25,2026-06-30 06:56:17,71.68,67.55,57.0,72.113296204,72.2221115,71.2019681,71.310783396,72.6529953,72.848034,70.5235976,70.8059436,58.9965903,59.3550975,55.9940925,56.3525997,59.907,60.89025,53.99952,54.70518,64.03265999999999,66.40728,63.27627,66.76638,,,,,68.86415417699999,69.11712622499999,66.745513275,66.998485323,69.583255,70.081774,65.0134975,65.916641,,,,,72.266341,73.819991,71.884008,73.9030775,69.6629784,68.87098,68.50500240000001,70.0118008,,,,
2025-12-26,2026-06-30 06:56:39,72.725,67.55,57.0,74.096473992,74.24508979999999,72.8518166,73.000432408,75.0858662,75.287436,71.7470064,72.0342504,58.9965903,59.3550975,55.9940925,56.3525997,59.907,60.89025,53.99952,54.70518,64.03265999999999,66.40728,63.27627,66.76638,,,,,68.86415417699999,69.11712622499999,66.745513275,66.998485323,69.583255,70.081774,65.0134975,65.916641,76.0513186,76.5935488,75.87057519999999,76.7110692,72.266341,73.819991,71.884008,73.9030775,,,,,,,,
2025-12-29,2026-06-30 06:57:01,80.0,80.0,57.0,82.0462024024,82.23723942,80.44626738000001,80.6373043976,83.4545383,83.678574,79.04724,79.3468368,58.9965903,59.3550975,55.9940925,56.3525997,59.907,60.89025,53.99952,54.70518,64.03265999999999,66.40728,63.27627,66.76638,,,,,81.55636319999999,81.85596,79.04724,79.3468368,82.408,82.9984,76.996,78.0656,,,,,,,,,77.9664,77.08,76.996,78.0656,74.5144,72.6288,69.3296,75.7704
2025-12-30,2026-06-30 06:57:25,71.685,80.0,57.0,72.005650954,72.14997265000001,70.79695675,70.94127844600001,72.9659372,73.161816,69.7244354,70.0035819,58.9965903,59.3550975,55.9940925,56.3525997,59.907,60.89025,53.99952,54.70518,64.03265999999999,66.40728,63.27627,66.76638,,,,,81.55636319999999,81.85596,79.04724,79.3468368,82.408,82.9984,76.996,78.0656,73.9041316,74.4310528,73.72849120000001,74.5452552,,,,,,,,,74.5144,72.6288,69.3296,75.7704
2025-12-31,2026-06-30 06:57:49,76.065,80.0,57.0,75.826092856,75.9917438,74.4387662,74.604417144,76.99884975,77.205555,73.15787300000001,73.4507655,58.9965903,59.3550975,55.9940925,56.3525997,59.907,60.89025,53.99952,54.70518,64.03265999999999,66.40728,63.27627,66.76638,,,,,81.55636319999999,81.85596,79.04724,79.3468368,82.408,82.9984,76.996,78.0656,,,,,,,,,72.265107,71.44352500000001,71.063877,72.626959,74.5144,72.6288,69.3296,75.7704
2026-01-01,2026-06-30 06:58:14,76.065,80.0,57.0,75.826092856,75.9917438,74.4387662,74.604417144,76.99884975,77.205555,73.15787300000001,73.4507655,58.9965903,59.3550975,55.9940925,56.3525997,59.907,60.89025,53.99952,54.70518,64.03265999999999,66.40728,63.27627,66.76638,,,,,81.55636319999999,81.85596,79.04724,79.3468368,82.408,82.9984,76.996,78.0656,,,,,,,,,72.265107,71.44352500000001,71.063877,72.626959,74.5144,72.6288,69.3296,75.7704
2026-01-02,2026-06-30 06:58:38,71.5,80.0,71.5,72.10840523099999,72.265908575,70.789314725,70.946818069,73.22335715,73.419927,69.5715093,69.85004355,74.00449485,74.45420125000001,70.23820375,70.68791015000001,75.1465,76.379875,67.73624,68.62141,,,,,,,,,81.55636319999999,81.85596,79.04724,79.3468368,82.408,82.9984,76.996,78.0656,74.16486144999999,74.69364159999999,74.00449485,74.45420125000001,,,,,,,,,74.5144,72.6288,69.3296,75.7704
2026-01-05,2026-06-30 06:59:00,73.08,73.08,71.5,73.6283443394,73.763624445,72.49537345499999,72.6306535606,74.46502985000001,74.664933,71.5348831,71.82127785,74.00449485,74.45420125000001,70.23820375,70.68791015000001,75.1465,76.379875,67.73624,68.62141,80.32167,83.30036,79.372865,83.75081,,,,,74.46502985000001,74.664933,72.20965374,72.48333541679999,75.279708,75.8190384,70.335846,71.3129256,75.42249955,75.9602464,75.279708,75.8190384,78.1824456,79.8632856,77.76881279999999,79.95317399999999,,,,,,,,
2026-01-06,2026-06-30 06:59:19,76.53,73.08,71.5,76.8035592536,76.93816998000001,75.67619442,75.81080514640001,77.5994963,77.80781400000001,74.7463312,75.04558320000001,74.00449485,74.45420125000001,70.23820375,70.68791015000001,75.1465,76.379875,67.73624,68.62141,80.32167,83.30036,79.372865,83.75081,,,,,74.5017377832,74.77541946,72.20965374,72.48333541679999,75.279708,75.8190384,70.335846,71.3129256,78.5972689,79.1576512,78.4104748,79.27910580000001,78.1824456,79.8632856,77.76881279999999,79.95317399999999,,,,,,,,
2026-01-07,2026-06-30 06:59:39,81.285,73.08,71.5,82.4341210908,82.58539919,81.16716701,81.3184451092,83.36873164999999,83.592537,80.09381160000001,80.41447260000001,74.00449485,74.45420125000001,70.23820375,70.68791015000001,75.1465,76.379875,67.73624,68.62141,80.32167,83.30036,79.372865,83.75081,,,,,74.5017377832,74.77541946,72.20965374,72.48333541679999,75.279708,75.8190384,70.335846,71.3129256,,,,,78.1824456,79.8632856,77.76881279999999,79.95317399999999,79.11640440000001,78.21693,77.8012884,79.51256280000001,,,,
2026-01-08,2026-06-30 06:59:59,77.96,73.08,71.5,78.7464237848,78.87208854000001,77.69398146,77.81964621520001,79.4165783,79.629774,76.87743040000001,77.1852144,74.00449485,74.45420125000001,70.23820375,70.68791015000001,75.1465,76.379875,67.73624,68.62141,80.32167,83.30036,79.372865,83.75081,,,,,74.5017377832,74.77541946,72.20965374,72.48333541679999,75.279708,75.8190384,70.335846,71.3129256,,,,,78.1824456,79.8632856,77.76881279999999,79.95317399999999,75.9392736,75.07592,75.279708,75.8190384,,,,
2026-01-09,2026-06-30 07:00:19,76.675,73.08,71.5,77.038220751,77.163427775,75.989611925,76.11481894900001,77.7206351,77.929278,75.1656447,75.46657545000001,74.00449485,74.45420125000001,70.23820375,70.68791015000001,75.1465,76.379875,67.73624,68.62141,80.32167,83.30036,79.372865,83.75081,,,,,74.5017377832,74.77541946,72.20965374,72.48333541679999,75.279708,75.8190384,70.335846,71.3129256,78.7199653,79.28122239999999,78.5328796,79.4028666,78.1824456,79.8632856,77.76881279999999,79.95317399999999,74.2483773,73.4042475,73.0141803,74.6201601,,,,
2026-01-12,2026-06-30 07:00:39,80.505,80.505,71.5,81.3153638384,81.47362971999999,79.98988708,80.1481529616,82.3440993,82.56515399999999,78.830938,79.14654300000001,74.00449485,74.45420125000001,70.23820375,70.68791015000001,75.1465,76.379875,67.73624,68.62141,80.32167,83.30036,79.372865,83.75081,,,,,82.07118774269999,82.37267574749998,79.5462257025,79.84771370729999,82.92820049999999,83.5223274,77.48203724999999,78.5583891,83.4028779,83.99752319999999,83.2046628,84.12640379999999,86.1258591,87.9774741,85.67020079999999,88.07649525,,,,,,,,
2026-01-13,2026-06-30 07:01:01,85.36,80.505,71.5,85.0255903422,85.20074643500001,83.558658065,83.73381415780001,86.21549345,86.446941,82.23971010000001,82.56896235,74.00449485,74.45420125000001,70.23820375,70.68791015000001,75.1465,76.379875,67.73624,68.62141,80.32167,83.30036,79.372865,83.75081,,,,,82.07118774269999,82.37267574749998,79.5462257025,79.84771370729999,82.92820049999999,83.5223274,77.48203724999999,78.5583891,87.32405035000001,87.9466528,87.1165162,88.0815927,86.1258591,87.9774741,85.67020079999999,88.07649525,,,,,,,,
2026-01-14,2026-06-30 07:01:24,86.9,80.505,71.5,87.7551828484,87.89949496999999,86.54656883,86.6908809516,88.5524628,88.790184,85.589285,85.9319475,74.00449485,74.45420125000001,70.23820375,70.68791015000001,75.1465,76.379875,67.73624,68.62141,80.32167,83.30036,79.372865,83.75081,,,,,82.07118774269999,82.37267574749998,79.5462257025,79.84771370729999,82.92820049999999,83.5223274,77.48203724999999,78.5583891,89.69106839999999,90.3305472,89.4779088,90.4691448,86.1258591,87.9774741,85.67020079999999,88.07649525,,,,,,,,
2026-01-15,2026-06-30 07:01:51,93.4,80.505,71.5,93.0944583294,93.302482595,91.352255105,91.5602793706,94.589213,94.84314,89.72815589999999,90.08738865,74.00449485,74.45420125000001,70.23820375,70.68791015000001,75.1465,76.379875,67.73624,68.62141,80.32167,83.30036,79.372865,83.75081,,,,,82.07118774269999,82.37267574749998,79.5462257025,79.84771370729999,82.92820049999999,83.5223274,77.48203724999999,78.5583891,,,,,86.1258591,87.9774741,85.67020079999999,88.07649525,88.6331781,87.6255075,87.1598691,89.0769897,,,,
2026-01-16,2026-06-30 07:02:13,92.295,80.505,71.5,92.1132425564,92.31331487,90.43763693,90.6377092436,93.52420105,93.775269,88.89446199999999,89.250357,74.00449485,74.45420125000001,70.23820375,70.68791015000001,75.1465,76.379875,67.73624,68.62141,80.32167,83.30036,79.372865,83.75081,,,,,82.07118774269999,82.37267574749998,79.5462257025,79.84771370729999,82.92820049999999,83.5223274,77.48203724999999,78.5583891,,,,,86.1258591,87.9774741,85.67020079999999,88.07649525,87.809658,86.81134999999999,86.350038,88.24934599999999,,,,
2026-01-19,2026-06-30 07:02:35,90.605,90.605,71.5,93.3471657628,93.59084399,91.30636061,91.5500388372,95.26052385,95.516253,89.28911,89.646585,74.00449485,74.45420125000001,70.23820375,70.68791015000001,75.1465,76.379875,67.73624,68.62141,80.32167,83.30036,79.372865,83.75081,,,,,92.3676785967,92.7069906975,89.52593975250001,89.86525185330001,93.3322105,94.0008754,87.20278225,88.4141711,,,,,96.9310411,99.0149561,96.4182168,99.12640025,,,,,,,,
2026-01-20,2026-06-30 07:02:59,94.355,90.605,71.5,94.813936158,94.96721395,93.53023465,93.683512442,95.64413005,95.900889,92.5252236,92.8956546,74.00449485,74.45420125000001,70.23820375,70.68791015000001,75.1465,76.379875,67.73624,68.62141,80.32167,83.30036,79.372865,83.75081,,,,,92.3676785967,92.7069906975,89.52593975250001,89.86525185330001,93.3322105,94.0008754,87.20278225,88.4141711,,,,,96.9310411,99.0149561,96.4182168,99.12640025,91.3961124,90.35703,89.8768764,91.8537588,,,,
2026-01-21,2026-06-30 07:03:19,94.55,90.605,71.5,94.8434826976,94.99727608,93.55546312,93.7092565024,95.6794622,95.936316,92.544956,92.915466,74.00449485,74.45420125000001,70.23820375,70.68791015000001,75.1465,76.379875,67.73624,68.62141,80.32167,83.30036,79.372865,83.75081,,,,,92.3676785967,92.7069906975,89.52593975250001,89.86525185330001,93.3322105,94.0008754,87.20278225,88.4141711,,,,,96.9310411,99.0149561,96.4182168,99.12640025,91.415604,90.3763,89.896044,91.873348,,,,
2026-01-22,2026-06-30 07:03:40,92.79,90.605,71.5,92.5549117334,92.743620095,90.974479205,91.1631875666,93.82704805,94.078929,89.52593975250001,89.86525185330001,74.00449485,74.45420125000001,70.23820375,70.68791015000001,75.1465,76.379875,67.73624,68.62141,80.32167,83.30036,79.372865,83.75081,,,,,92.3676785967,92.7069906975,89.52593975250001,89.86525185330001,93.3322105,94.0008754,87.20278225,88.4141711,95.03347415,95.7110432,94.8076178,95.8578963,96.9310411,99.0149561,96.4182168,99.12640025,,,,,,,,
2026-01-23,2026-06-30 07:04:01,96.32,90.605,71.5,97.1452368548,97.29548129,95.88693971,96.0371841452,97.91548255,98.178339,94.9325764,95.3126454,74.00449485,74.45420125000001,70.23820375,70.68791015000001,75.1465,76.379875,67.73624,68.62141,80.32167,83.30036,79.372865,83.75081,,,,,92.3676785967,92.7069906975,89.52593975250001,89.86525185330001,93.3322105,94.0008754,87.20278225,88.4141711,99.17447765,99.8815712,98.9387798,100.0348233,96.9310411,99.0149561,96.4182168,99.12640025,,,,,,,,
2026-01-26,2026-06-30 07:04:22,104.6,104.6,71.5,105.8811992776,106.12421218,103.84596622,104.0889791224,107.65706105,107.946069,101.9277122,102.3357867,74.00449485,74.45420125000001,70.23820375,70.68791015000001,75.1465,76.379875,67.73624,68.62141,80.32167,83.30036,79.372865,83.75081,,,,,106.634944884,107.0266677,103.3542663,103.745989116,107.74846,108.520408,100.67227,102.070772,109.04131315,109.8187552,108.7821658,109.9872543,111.903172,114.308972,111.311136,114.43763,100.6838598,99.539185,99.0102378,101.1880126,,,,
2026-01-27,2026-06-30 07:04:43,104.015,104.6,71.5,106.4432829096,106.73619418,103.99015102,104.2830622904,108.8028322,109.094916,101.523198,101.929653,74.00449485,74.45420125000001,70.23820375,70.68791015000001,75.1465,76.379875,67.73624,68.62141,80.32167,83.30036,79.372865,83.75081,,,,,106.634944884,107.0266677,103.3542663,103.745989116,107.74846,108.520408,100.67227,102.070772,110.2018166,110.9875328,109.9399112,111.1578252,111.903172,114.308972,111.311136,114.43763,,,,,,,,
2026-01-28,2026-06-30 07:05:07,112.44,104.6,71.5,112.9148751944,113.14374722,110.99807198,111.2269440056,114.45092875,114.758175,109.2878974,109.7254389,74.00449485,74.45420125000001,70.23820375,70.68791015000001,75.1465,76.379875,67.73624,68.62141,80.32167,83.30036,79.372865,83.75081,,,,,106.634944884,107.0266677,103.3542663,103.745989116,107.74846,108.520408,100.67227,102.070772,115.92253625,116.74904,115.647035,116.9281725,111.903172,114.308972,111.311136,114.43763,,,,,,,,
2026-01-29,2026-06-30 07:05:29,116.625,104.6,71.5,118.5520325472,118.83290776,116.19970264,116.4805778528,120.6441499,120.968022,113.95461,114.410835,74.00449485,74.45420125000001,70.23820375,70.68791015000001,75.1465,76.379875,67.73624,68.62141,80.32167,83.30036,79.372865,83.75081,,,,,106.634944884,107.0266677,103.3542663,103.745989116,107.74846,108.520408,100.67227,102.070772,122.1953897,123.0666176,121.9049804,123.2554434,111.903172,114.308972,111.311136,114.43763,112.56399,111.28425,110.69289,113.12763,,,,
2026-01-30,2026-06-30 07:05:55,115.885,104.6,71.5,117.5335535132,117.75662031,115.66536909,115.8884358868,118.95325415,119.272587,114.053272,114.509892,74.00449485,74.45420125000001,70.23820375,70.68791015000001,75.1465,76.379875,67.73624,68.62141,80.32167,83.30036,79.372865,83.75081,,,,,106.634944884,107.0266677,103.3542663,103.745989116,107.74846,108.520408,100.67227,102.070772,,,,,111.903172,114.308972,111.311136,114.43763,112.661448,111.3806,110.788728,113.225576,97.427578,94.962156,90.648452,99.069798
2026-02-02,2026-06-30 07:06:19,84.3,84.3,84.3,81.9575721832,82.29616906,79.12182334,79.4604202168,85.1101019,85.338582,75.96974,76.27389,87.25285197,87.78306525,82.81231575,83.34252903000001,88.5993,90.05347499999999,79.862448,80.906082,,,,,76.036914,74.22615,73.79526,75.41842,85.940017722,86.25571785,83.29602915,83.611729278,86.83743,87.459564,81.134535,82.26162599999999,86.20444570000001,86.8190656,85.9995724,86.9522754,90.185826,92.124726,89.708688,92.228415,75.04266,74.1895,73.79526,75.41842,78.519549,76.532598,70.841505,77.013108
2026-02-03,2026-06-30 07:06:45,79.22,84.3,84.3,81.8586017884,82.09013406999999,79.91951893000001,80.1510512116,83.7472904,83.972112,77.95284620000001,78.26493570000001,87.25285197,87.78306525,82.81231575,83.34252903000001,88.5993,90.05347499999999,79.862448,80.906082,,,,,76.036914,74.22615,70.841505,77.013108,85.940017722,86.25571785,83.29602915,83.611729278,86.83743,87.459564,81.134535,82.26162599999999,84.82411119999999,85.42888959999999,84.62251839999999,85.5599664,90.185826,92.124726,89.708688,92.228415,,,,,78.519549,76.532598,70.841505,77.013108
2026-02-04,2026-06-30 07:07:06,84.915,84.3,84.3,85.0125388684,85.20502347,83.40048033,83.5929649316,86.40729655,86.639259,81.88946,82.21731,87.25285197,87.78306525,82.81231575,83.34252903000001,88.5993,90.05347499999999,79.862448,80.906082,94.700934,98.212872,93.582273,98.743962,76.036914,74.22615,70.841505,77.013108,85.940017722,86.25571785,83.29602915,83.611729278,86.83743,87.459564,81.134535,82.26162599999999,87.51831965,88.1423072,87.31032379999999,88.2775473,90.185826,92.124726,89.708688,92.228415,,,,,78.519549,76.532598,70.841505,77.013108
2026-02-05,2026-06-30 07:07:26,87.645,84.3,84.3,89.2641529454,89.445265595,87.747334505,87.9284471546,90.4805887,90.723486,86.3933803,86.73926205,87.25285197,87.78306525,82.81231575,83.34252903000001,88.5993,90.05347499999999,79.862448,80.906082,94.700934,98.212872,93.582273,98.743962,76.036914,74.22615,70.841505,77.013108,85.940017722,86.25571785,83.29602915,83.611729278,86.83743,87.459564,81.134535,82.26162599999999,,,,,90.185826,92.124726,89.708688,92.228415,85.3390977,84.3688775,83.9205447,85.7664149,78.519549,76.532598,70.841505,77.013108
2026-02-06,2026-06-30 07:07:51,70.36,84.3,84.3,69.5217124712,69.74636746,67.64022694,67.8648819288,71.45674964999999,71.648577,65.659561,65.9224335,87.25285197,87.78306525,82.81231575,83.34252903000001,88.5993,90.05347499999999,79.862448,80.906082,94.700934,98.212872,93.582273,98.743962,76.036914,74.22615,70.841505,77.013108,85.940017722,86.25571785,83.29602915,83.611729278,86.83743,87.459564,81.134535,82.26162599999999,72.37553894999999,72.8915616,72.2035314,73.0034019,90.185826,92.124726,89.708688,92.228415,64.858299,64.120925,63.780189,65.183063,78.519549,76.532598,70.841505,77.013108
2026-02-09,2026-06-30 07:08:17,78.1,78.1,84.3,79.6175119724,79.77915266999999,78.26377113,78.42541182759999,80.70367805,80.920329,77.16986804999999,77.46234942599999,87.25285197,87.78306525,82.81231575,83.34252903000001,88.5993,90.05347499999999,79.862448,80.906082,94.700934,98.212872,93.582273,98.743962,76.036914,74.22615,70.841505,77.013108,79.6175119724,79.77915266999999,77.16986804999999,77.46234942599999,80.70367805,80.920329,75.167345,76.211542,81.74136415,82.32416319999999,81.54709779999999,82.45047629999999,83.55294199999999,85.34924199999999,83.110896,85.44530499999999,,,,,,,,
2026-02-10,2026-06-30 07:08:41,83.215,78.1,84.3,82.9296505224,83.13853842,81.18021438,81.3891022776,84.53974005,84.766689,79.619399574,79.91188095,87.25285197,87.78306525,82.81231575,83.34252903000001,88.5993,90.05347499999999,79.862448,80.906082,94.700934,98.212872,93.582273,98.743962,76.036914,74.22615,70.841505,77.013108,79.619399574,79.91188095,77.16986804999999,77.46234942599999,80.45080999999999,81.027188,75.167345,76.211542,,,,,83.55294199999999,85.34924199999999,83.110896,85.44530499999999,,,,,,,,
2026-02-11,2026-06-30 07:09:00,80.5,78.1,84.3,81.40088760180001,81.537462965,80.257068935,80.3936442982,82.172486,82.39308000000001,79.3390473,79.65668655,87.25285197,87.78306525,82.81231575,83.34252903000001,88.5993,90.05347499999999,79.862448,80.906082,94.700934,98.212872,93.582273,98.743962,76.036914,74.22615,70.841505,77.013108,79.619399574,79.91188095,77.16986804999999,77.46234942599999,80.45080999999999,81.027188,75.167345,76.211542,83.22905800000001,83.82246400000001,83.031256,83.951076,83.55294199999999,85.34924199999999,83.110896,85.44530499999999,,,,,,,,
2026-02-12,2026-06-30 07:09:22,84.125,78.1,84.3,84.380938853,84.564809525,82.841021975,83.024892647,85.68046375,85.910475,81.4208155,81.74678925,87.25285197,87.78306525,82.81231575,83.34252903000001,88.5993,90.05347499999999,79.862448,80.906082,94.700934,98.212872,93.582273,98.743962,76.036914,74.22615,70.841505,77.013108,79.619399574,79.91188095,77.16986804999999,77.46234942599999,80.45080999999999,81.027188,75.167345,76.211542,,,,,83.55294199999999,85.34924199999999,83.110896,85.44530499999999,80.4272145,79.5128375,79.862448,80.906082,72.744683,70.903866,67.683022,73.97085299999999
2026-02-13,2026-06-30 07:09:50,75.175,78.1,84.3,75.29948169100001,75.45840487500001,73.968500025,74.127423209,76.39820320000001,76.603296,72.7582919,73.04958465,87.25285197,87.78306525,82.81231575,83.34252903000001,88.5993,90.05347499999999,79.862448,80.906082,94.700934,98.212872,93.582273,98.743962,76.036914,74.22615,70.841505,77.013108,79.619399574,79.91188095,77.16986804999999,77.46234942599999,80.45080999999999,81.027188,75.167345,76.211542,77.3805296,77.93223680000001,77.19662720000001,78.0518112,83.55294199999999,85.34924199999999,83.110896,85.44530499999999,,,,,72.744683,70.903866,67.683022,73.97085299999999
2026-02-16,2026-06-30 07:10:12,77.55,77.55,84.3,77.33541264280001,77.55791519,75.47195381,75.6944563572,79.1642058,79.376724,73.5722534,73.86680489999999,87.25285197,87.78306525,82.81231575,83.34252903000001,88.5993,90.05347499999999,79.862448,80.906082,94.700934,98.212872,93.582273,98.743962,76.036914,74.22615,70.841505,77.013108,79.1642058,79.376724,76.62641827499999,76.916839923,79.884255,80.456574,74.6379975,75.674841,,,,,,,,,,,,,,,,
2026-02-17,2026-06-30 07:10:32,76.4,77.55,84.3,76.81770998,76.9408815,75.7861485,75.90932002,77.4783575,77.68635,74.98312,75.28332,87.25285197,87.78306525,82.81231575,83.34252903000001,88.5993,90.05347499999999,79.862448,80.906082,94.700934,98.212872,93.582273,98.743962,76.036914,74.22615,70.841505,77.013108,79.05869957699998,79.34912122499999,76.62641827499999,76.916839923,79.884255,80.456574,74.6379975,75.674841,,,,,,,,,74.06808,73.226,72.83688,74.43896,72.2323965,70.40454299999999,67.206381,73.44993149999999
2026-02-18,2026-06-30 07:10:53,73.58,77.55,84.3,73.5518466824,73.69609842,72.34373838,72.4879901176,74.49531455,74.695299,71.283295,71.5686825,87.25285197,87.78306525,82.81231575,83.34252903000001,88.5993,90.05347499999999,79.862448,80.906082,94.700934,98.212872,93.582273,98.743962,76.036914,74.22615,70.841505,77.013108,79.05869957699998,79.34912122499999,76.62641827499999,76.916839923,79.884255,80.456574,74.6379975,75.674841,75.45317365,75.9911392,75.2738518,76.1077353,,,,,,,,,72.2323965,70.40454299999999,67.206381,73.44993149999999
2026-02-19,2026-06-30 07:11:18,77.145,77.55,84.3,77.5849226848,77.71688344,76.47975136000001,76.6117121152,78.34147145,78.551781,75.5849582,75.8875677,87.25285197,87.78306525,82.81231575,83.34252903000001,88.5993,90.05347499999999,79.862448,80.906082,94.700934,98.212872,93.582273,98.743962,76.036914,74.22615,70.841505,77.013108,79.05869957699998,79.34912122499999,76.62641827499999,76.916839923,79.884255,80.456574,74.6379975,75.674841,79.34878435,79.91452480000001,79.16020420000001,80.03714070000001,,,,,,,,,72.2323965,70.40454299999999,67.206381,73.44993149999999
2026-02-20,2026-06-30 07:11:47,78.475,77.55,84.3,78.711468795,78.839634475,77.638081225,77.76624690499999,79.41153085,79.624713,76.7935677,77.10101594999999,87.25285197,87.78306525,82.81231575,83.34252903000001,88.5993,90.05347499999999,79.862448,80.906082,94.700934,98.212872,93.582273,98.743962,76.036914,74.22615,70.841505,77.013108,79.05869957699998,79.34912122499999,76.62641827499999,76.916839923,79.884255,80.456574,74.6379975,75.674841,80.43260255000001,81.00607040000001,80.2414466,81.1303611,82.964541,84.74819099999999,82.52560799999999,84.8435775,,,,,72.2323965,70.40454299999999,67.206381,73.44993149999999
2026-02-23,2026-06-30 07:12:26,84.6,84.6,84.3,86.5827707584,86.77744432,84.95237967999999,85.14705324159999,87.9871484,88.22335199999999,83.5924563,83.90927991599999,87.25285197,87.78306525,82.81231575,83.34252903000001,88.5993,90.05347499999999,79.862448,80.906082,94.700934,98.212872,93.582273,98.743962,76.036914,74.22615,70.841505,77.013108,86.245854084,86.5626777,83.5924563,83.90927991599999,87.25285197,87.78306525,81.42326999999999,82.554372,89.1184852,89.7538816,88.9066864,89.8915944,90.506772,92.452572,90.027936,92.55663,,,,,,,,
2026-02-24,2026-06-30 07:12:49,88.04,84.6,84.3,88.82727281359999,88.96978818,87.63370662,87.7762219864,89.5922375,89.83275,86.7041656,87.0512916,87.25285197,87.78306525,82.81231575,83.34252903000001,88.5993,90.05347499999999,79.862448,80.906082,94.700934,98.212872,93.582273,98.743962,76.036914,74.22615,70.841505,77.013108,86.245854084,86.5626777,83.5924563,83.90927991599999,87.25285197,87.78306525,81.42326999999999,82.554372,,,,,90.506772,92.452572,90.027936,92.55663,85.64609039999999,84.67237999999999,84.2224344,86.0749448,,,,
2026-02-25,2026-06-30 07:13:13,87.165,84.6,84.3,87.4617920766,87.603337955,86.27634534500001,86.4178912234,88.229426,88.46628000000001,85.3475631,85.68925784999999,87.25285197,87.78306525,82.81231575,83.34252903000001,88.5993,90.05347499999999,79.862448,80.906082,94.700934,98.212872,93.582273,98.743962,76.036914,74.22615,70.841505,77.013108,86.245854084,86.5626777,83.5924563,83.90927991599999,87.25285197,87.78306525,81.42326999999999,82.554372,89.363878,90.001024,89.15149600000001,90.139116,90.506772,92.452572,90.027936,92.55663,,,,,,,,
2026-02-26,2026-06-30 07:13:45,89.56,84.6,84.3,89.7460695196,89.94021742999999,88.12008077,88.31422868039999,91.11151995,91.356111,86.625236,86.97204599999999,87.25285197,87.78306525,82.81231575,83.34252903000001,88.5993,90.05347499999999,79.862448,80.906082,94.700934,98.212872,93.582273,98.743962,76.036914,74.22615,70.841505,77.013108,86.245854084,86.5626777,83.5924563,83.90927991599999,87.25285197,87.78306525,81.42326999999999,82.554372,,,,,90.506772,92.452572,90.027936,92.55663,85.568124,84.5953,84.145764,85.996588,,,,
2026-02-27,2026-06-30 07:14:11,89.075,84.6,84.3,89.32529085739999,89.46240299499999,88.176976705,88.3140888426,90.02127075,90.262935,87.3109369,87.66049215000001,87.25285197,87.78306525,82.81231575,83.34252903000001,88.5993,90.05347499999999,79.862448,80.906082,94.700934,98.212872,93.582273,98.743962,76.036914,74.22615,70.841505,77.013108,86.245854084,86.5626777,83.5924563,83.90927991599999,87.25285197,87.78306525,81.42326999999999,82.554372,91.17876225,91.828848,90.962067,91.9697445,90.506772,92.452572,90.027936,92.55663,,,,,,,,
2026-03-02,2026-06-30 07:14:33,96.0,96.0,96.0,96.6696398042,96.885786585,94.859410515,95.0755572958,98.223377,98.48706,93.1714597,93.54447795,99.3626784,99.96648,94.30584,94.9096416,100.896,102.552,90.94656,92.13504,,,,,86.59008,84.528,80.6736,87.70176000000001,97.86763584,98.227152,94.859410515,95.0755572958,98.8896,99.59808,92.3952,93.67872,,,,,,,,,92.0344623,90.9881225,90.94656,92.13504,89.41728,87.15456,80.6736,87.70176000000001
2026-03-03,2026-06-30 07:14:55,89.69,96.0,96.0,90.6517912372,90.79698341,89.43580678999999,89.5809989628,91.4295093,91.674954,88.4899478,88.8442233,99.3626784,99.96648,94.30584,94.9096416,100.896,102.552,90.94656,92.13504,,,,,86.59008,84.528,80.6736,87.70176000000001,97.86763584,98.227152,94.856688,95.21620416,98.8896,99.59808,92.3952,93.67872,,,,,,,,,87.4100802,86.416315,85.9571022,87.8477674,89.41728,87.15456,80.6736,87.70176000000001
2026-03-04,2026-06-30 07:15:17,82.4,96.0,96.0,83.1448030264,83.30447902,81.80751658,81.9671925736,84.1712762,84.39723599999999,80.64631879999999,80.96919179999999,99.3626784,99.96648,94.30584,94.9096416,100.896,102.552,90.94656,92.13504,,,,,86.59008,84.528,80.6736,87.70176000000001,97.86763584,98.227152,94.856688,95.21620416,98.8896,99.59808,92.3952,93.67872,85.2535486,85.8613888,85.0509352,85.9931292,,,,,,,,,89.41728,87.15456,80.6736,87.70176000000001
2026-03-05,2026-06-30 07:15:40,83.895,96.0,96.0,84.2970882794,84.429450945,83.188550955,83.3209136206,84.98896309999999,85.217118,82.3383721,82.66801935,99.3626784,99.96648,94.30584,94.9096416,100.896,102.552,90.94656,92.13504,,,,,86.59008,84.528,80.6736,87.70176000000001,97.86763584,98.227152,94.856688,95.21620416,98.8896,99.59808,92.3952,93.67872,86.0817493,86.6954944,85.87716759999999,86.82851459999999,,,,,81.3335739,80.4088925,79.9816029,81.7408343,89.41728,87.15456,80.6736,87.70176000000001
2026-03-06,2026-06-30 07:16:01,84.62,84.62,96.0,84.6656892764,84.86202207,83.02140213,83.21773492359999,86.10949699999999,86.34066,81.4652134,81.79136489999999,99.3626784,99.96648,94.30584,94.9096416,100.896,102.552,90.94656,92.13504,,,,,86.59008,84.528,80.6736,87.70176000000001,86.26624317480001,86.58314169,83.61221811000001,83.92911662520001,87.167062,87.7915576,81.442519,82.5738884,,,,,,,,,,,,,,,,
2026-03-09,2026-06-30 07:16:24,87.275,84.62,96.0,87.9049901706,88.054269905,86.65477239500001,86.8040521294,88.75940824999999,88.99768499999999,85.6435491,85.98642885000001,99.3626784,99.96648,94.30584,94.9096416,100.896,102.552,90.94656,92.13504,,,,,86.59008,84.528,80.6736,87.70176000000001,86.26624317480001,86.58314169,83.61221811000001,83.92911662520001,87.167062,87.7915576,81.442519,82.5738884,,,,,90.5281684,92.4744284,90.94656,92.13504,,,,,78.8176066,76.82311320000001,73.3333844,80.14614060000001
2026-03-10,2026-06-30 07:16:45,88.505,84.62,96.0,89.3523770148,89.49063809,88.19444050999999,88.3327015852,90.06165035000001,90.303423,87.31587,87.665445,99.3626784,99.96648,94.30584,94.9096416,100.896,102.552,90.94656,92.13504,,,,,86.59008,84.528,80.6736,87.70176000000001,86.26624317480001,86.58314169,83.61221811000001,83.92911662520001,87.167062,87.7915576,81.442519,82.5738884,,,,,90.5281684,92.4744284,90.94656,92.13504,,,,,78.8176066,76.82311320000001,73.3333844,80.14614060000001
2026-03-11,2026-06-30 07:17:06,86.065,84.62,96.0,85.9635886968,86.11656494,84.68241266,84.8353889032,86.88175685,87.114993,83.61221811000001,83.92911662520001,99.3626784,99.96648,94.30584,94.9096416,100.896,102.552,90.94656,92.13504,,,,,86.59008,84.528,80.6736,87.70176000000001,86.26624317480001,86.58314169,83.61221811000001,83.92911662520001,87.167062,87.7915576,81.442519,82.5738884,,,,,90.5281684,92.4744284,90.94656,92.13504,,,,,78.8176066,76.82311320000001,73.3333844,80.14614060000001
2026-03-12,2026-06-30 07:17:29,83.91,84.62,96.0,84.508063305,84.648814425,83.329272675,83.470023795,85.29685755,85.525839,82.3877031,82.71754785,99.3626784,99.96648,94.30584,94.9096416,100.896,102.552,90.94656,92.13504,,,,,86.59008,84.528,80.6736,87.70176000000001,86.26624317480001,86.58314169,83.61221811000001,83.92911662520001,87.167062,87.7915576,81.442519,82.5738884,,,,,90.5281684,92.4744284,90.94656,92.13504,,,,,78.8176066,76.82311320000001,73.3333844,80.14614060000001
2026-03-13,2026-06-30 07:17:54,80.295,80.295,96.0,80.590873028,80.73292570000001,79.4011819,79.543234572,81.4355583,81.654174,78.4165576,78.7305036,99.3626784,99.96648,94.30584,94.9096416,100.896,102.552,90.94656,92.13504,,,,,86.59008,84.528,80.6736,87.70176000000001,81.8571022893,82.1578038525,79.4011819,79.543234572,82.7118795,83.30445660000001,77.27992275,78.3534669,,,,,,,,,,,,,,,,
2026-03-16,2026-06-30 07:18:14,80.92,80.295,96.0,81.5580321642,81.681443585,80.524461515,80.6478729358,82.172486,82.39308000000001,79.75342769999999,80.07272594999999,99.3626784,99.96648,94.30584,94.9096416,100.896,102.552,90.94656,92.13504,,,,,86.59008,84.528,80.6736,87.70176000000001,81.8571022893,82.1578038525,79.33872669750001,79.6394282607,82.7118795,83.30445660000001,77.27992275,78.3534669,,,,,,,,,,,,,74.78917185,72.8966187,69.5852529,76.04980335
2026-03-17,2026-06-30 07:18:36,79.39,80.295,96.0,79.60568990899999,79.729441925,78.56926677499999,78.693018791,80.2443601,80.459778,77.7801877,78.09158595,99.3626784,99.96648,94.30584,94.9096416,100.896,102.552,90.94656,92.13504,,,,,86.59008,84.528,80.6736,87.70176000000001,81.8571022893,82.1578038525,79.33872669750001,79.6394282607,82.7118795,83.30445660000001,77.27992275,78.3534669,,,,,,,,,,,,,74.78917185,72.8966187,69.5852529,76.04980335
2026-03-18,2026-06-30 07:18:56,75.365,80.295,96.0,75.8911761608,76.01505954,74.85365286,74.97753623919999,76.56981649999999,76.77537,74.0359648,74.3323728,99.3626784,99.96648,94.30584,94.9096416,100.896,102.552,90.94656,92.13504,,,,,86.59008,84.528,80.6736,87.70176000000001,81.8571022893,82.1578038525,79.33872669750001,79.6394282607,82.7118795,83.30445660000001,77.27992275,78.3534669,,,,,,,,,,,,,74.78917185,72.8966187,69.5852529,76.04980335
2026-03-19,2026-06-30 07:19:22,72.83,80.295,96.0,73.36775395859999,73.502219805,72.241602495,72.3760683414,74.197515,74.3967,71.2882281,71.57363534999999,99.3626784,99.96648,94.30584,94.9096416,100.896,102.552,90.94656,92.13504,,,,,86.59008,84.528,80.6736,87.70176000000001,81.8571022893,82.1578038525,79.33872669750001,79.6394282607,82.7118795,83.30445660000001,77.27992275,78.3534669,,,,,,,,,,,,,74.78917185,72.8966187,69.5852529,76.04980335
2026-03-20,2026-06-30 07:19:45,66.85,66.85,96.0,68.9064758024,69.09166642,67.35550438,67.5406949976,70.3816428,70.570584,65.807554,66.071019,99.3626784,99.96648,94.30584,94.9096416,100.896,102.552,90.94656,92.13504,,,,,86.59008,84.528,80.6736,87.70176000000001,68.150535999,68.400886575,66.053849925,66.304200501,68.862185,69.355538,64.3397825,65.233567,,,,,71.517467,73.05501699999999,71.139096,73.1372425,,,,,,,,
2026-03-23,2026-06-30 07:20:06,69.37,66.85,96.0,69.7065171282,69.840069285,68.588017815,68.7215699718,70.56335100000001,70.75278,67.6180017,67.88871495,99.3626784,99.96648,94.30584,94.9096416,100.896,102.552,90.94656,92.13504,,,,,86.59008,84.528,80.6736,87.70176000000001,68.150535999,68.400886575,66.053849925,66.304200501,68.862185,69.355538,64.3397825,65.233567,,,,,71.517467,73.05501699999999,71.139096,73.1372425,,,,,62.26609549999999,60.69044099999999,57.933547,63.31564049999999
2026-03-24,2026-06-30 07:20:28,71.48,66.85,96.0,72.0654496896,72.18040928,71.10266312,71.21762271040001,72.67823255,72.873339,70.35587220000001,70.6375467,99.3626784,99.96648,94.30584,94.9096416,100.896,102.552,90.94656,92.13504,,,,,86.59008,84.528,80.6736,87.70176000000001,68.150535999,68.400886575,66.053849925,66.304200501,68.862185,69.355538,64.3397825,65.233567,,,,,71.517467,73.05501699999999,71.139096,73.1372425,,,,,62.26609549999999,60.69044099999999,57.933547,63.31564049999999
2026-03-25,2026-06-30 07:20:53,71.505,66.85,96.0,71.9438277774,72.060857995,70.963699705,71.0807299226,72.58233100000001,72.77718,70.1930799,70.47410264999999,99.3626784,99.96648,94.30584,94.9096416,100.896,102.552,90.94656,92.13504,,,,,86.59008,84.528,80.6736,87.70176000000001,68.150535999,68.400886575,66.053849925,66.304200501,68.862185,69.355538,64.3397825,65.233567,,,,,71.517467,73.05501699999999,71.139096,73.1372425,,,,,62.26609549999999,60.69044099999999,57.933547,63.31564049999999
2026-03-26,2026-06-30 07:21:15,68.365,66.85,96.0,69.1118228458,69.227260865,68.145029435,68.2604674542,69.76080645,69.948081,67.3713467,67.64107245,99.3626784,99.96648,94.30584,94.9096416,100.896,102.552,90.94656,92.13504,,,,,86.59008,84.528,80.6736,87.70176000000001,68.150535999,68.400886575,66.053849925,66.304200501,68.862185,69.355538,64.3397825,65.233567,,,,,71.517467,73.05501699999999,71.139096,73.1372425,,,,,62.26609549999999,60.69044099999999,57.933547,63.31564049999999
2026-03-27,2026-06-30 07:21:36,68.365,66.85,96.0,69.1118228458,69.227260865,68.145029435,68.2604674542,69.76080645,69.948081,67.3713467,67.64107245,99.3626784,99.96648,94.30584,94.9096416,100.896,102.552,90.94656,92.13504,,,,,86.59008,84.528,80.6736,87.70176000000001,68.150535999,68.400886575,66.053849925,66.304200501,68.862185,69.355538,64.3397825,65.233567,70.65778935,71.16156480000001,70.4898642,71.27075070000001,71.517467,73.05501699999999,71.139096,73.1372425,,,,,62.26609549999999,60.69044099999999,57.933547,63.31564049999999
2026-03-30,2026-06-30 07:22:01,69.35,69.35,96.0,69.2232833308,69.36655439,68.02338821000001,68.16665926920001,70.1999346,70.388388,66.942167,67.2101745,99.3626784,99.96648,94.30584,94.9096416,100.896,102.552,90.94656,92.13504,,,,,86.59008,84.528,80.6736,87.70176000000001,70.699172349,70.958885325,68.52407617499999,68.783789151,71.437435,71.949238,66.942167,67.2101745,71.10256380000001,71.6095104,70.93358160000001,71.7193836,74.19201699999999,75.787067,73.79949599999999,75.8723675,,,,,,,,
2026-03-31,2026-06-30 07:22:22,70.245,69.35,96.0,70.6587900902,70.768112135,69.743217965,69.8525400098,71.2195195,71.41071,69.0486007,69.32504145,99.3626784,99.96648,94.30584,94.9096416,100.896,102.552,90.94656,92.13504,,,,,86.59008,84.528,80.6736,87.70176000000001,70.699172349,70.958885325,68.52407617499999,68.783789151,71.437435,71.949238,66.7459075,67.67311699999999,72.13525849999999,72.649568,71.963822,72.761037,74.19201699999999,75.787067,73.79949599999999,75.8723675,,,,,,,,
2026-04-01,2026-06-30 07:22:47,75.48,69.35,75.48,76.0085468968,76.12430714,75.03905486000001,75.15481510320001,76.5900063,76.795614,74.31221839999999,74.6097324,78.12390589200001,78.59864490000001,74.31221839999999,74.6097324,79.32948,80.63151,71.50673280000001,72.4411752,,,,,,,,,70.699172349,70.958885325,68.52407617499999,68.783789151,71.437435,71.949238,66.7459075,67.67311699999999,,,,,74.19201699999999,75.787067,73.79949599999999,75.8723675,73.4053656,72.57082,72.18518159999999,73.7729272,,,,
2026-04-02,2026-06-30 07:23:11,75.15,69.35,75.48,75.4846658292,75.61995861,74.35158879,74.4868815708,76.30230164999999,76.507137,73.404528,73.698408,78.12390589200001,78.59864490000001,74.1479667,74.622705708,79.32948,80.63151,71.50673280000001,72.4411752,,,,,68.08145040000001,66.46014000000001,63.429618000000005,68.9555088,70.699172349,70.958885325,68.52407617499999,68.783789151,71.437435,71.949238,66.7459075,67.67311699999999,,,,,74.19201699999999,75.787067,73.79949599999999,75.8723675,72.508752,71.68440000000001,71.50673280000001,72.4411752,,,,
2026-04-03,2026-06-30 07:23:32,75.15,69.35,75.48,75.4846658292,75.61995861,74.35158879,74.4868815708,76.30230164999999,76.507137,73.404528,73.698408,78.12390589200001,78.59864490000001,74.1479667,74.622705708,79.32948,80.63151,71.50673280000001,72.4411752,,,,,68.08145040000001,66.46014000000001,63.429618000000005,68.9555088,70.699172349,70.958885325,68.52407617499999,68.783789151,71.437435,71.949238,66.7459075,67.67311699999999,,,,,74.19201699999999,75.787067,73.79949599999999,75.8723675,72.508752,71.68440000000001,71.50673280000001,72.4411752,,,,
2026-04-06,2026-06-30 07:23:56,72.72,72.72,75.48,72.6453017042,72.789018085,71.441677015,71.5853933958,73.59182100000001,73.78938000000001,70.38053769999999,70.66231094999999,78.12390589200001,78.59864490000001,74.1479667,74.622705708,79.32948,80.63151,71.50673280000001,72.4411752,,,,,68.08145040000001,66.46014000000001,63.429618000000005,68.9555088,74.13473414879999,74.40706764,71.85394115999999,72.12627465119999,74.908872,75.4455456,70.38053769999999,70.66231094999999,,,,,,,,,,,,,,,,
2026-04-07,2026-06-30 07:24:19,72.86,72.72,75.48,73.5966792692,73.71282261,72.62397879,72.7401221308,74.20760990000001,74.406822,71.85394115999999,72.12627465119999,78.12390589200001,78.59864490000001,74.1479667,74.622705708,79.32948,80.63151,71.50673280000001,72.4411752,,,,,68.08145040000001,66.46014000000001,63.429618000000005,68.9555088,74.13473414879999,74.40706764,71.85394115999999,72.12627465119999,74.908872,75.4455456,69.989364,70.9616304,,,,,,,,,70.99815299999999,70.190975,69.989364,70.9616304,67.7335896,66.0195792,63.429618000000005,68.9555088
2026-04-08,2026-06-30 07:24:41,73.45,72.72,75.48,75.6887991386,75.888167705,74.019087395,74.2184559614,77.26131715,77.468727,72.3636439,72.65335664999999,78.12390589200001,78.59864490000001,74.1479667,74.622705708,79.32948,80.63151,71.50673280000001,72.4411752,,,,,68.08145040000001,66.46014000000001,63.429618000000005,68.9555088,74.13473414879999,74.40706764,71.85394115999999,72.12627465119999,74.908872,75.4455456,69.989364,70.9616304,78.25474145,78.81268159999999,78.12390589200001,78.59864490000001,77.7973104,79.4698704,78.12390589200001,78.59864490000001,,,,,67.7335896,66.0195792,63.429618000000005,68.9555088
2026-04-09,2026-06-30 07:25:03,74.3,72.72,75.48,74.4151961954,74.537967245,73.38698865500001,73.50975970460001,75.0959611,75.297558,72.57083410000001,72.86137635,78.12390589200001,78.59864490000001,74.1479667,74.622705708,79.32948,80.63151,71.50673280000001,72.4411752,,,,,68.08145040000001,66.46014000000001,63.429618000000005,68.9555088,74.13473414879999,74.40706764,71.85394115999999,72.12627465119999,74.908872,75.4455456,69.989364,70.9616304,76.0615433,76.6038464,75.8807756,76.7213826,77.7973104,79.4698704,78.12390589200001,78.59864490000001,,,,,67.7335896,66.0195792,63.429618000000005,68.9555088
2026-04-10,2026-06-30 07:25:23,75.5,72.72,75.48,76.0192838226,76.135853605,75.043011895,75.1595816774,76.6101961,76.815858,74.3072853,74.60477955,78.12390589200001,78.59864490000001,74.1479667,74.622705708,79.32948,80.63151,71.50673280000001,72.4411752,,,,,68.08145040000001,66.46014000000001,63.429618000000005,68.9555088,74.13473414879999,74.40706764,71.85394115999999,72.12627465119999,74.908872,75.4455456,69.989364,70.9616304,77.5952483,78.1484864,77.4108356,78.2683926,77.7973104,79.4698704,78.12390589200001,78.59864490000001,,,,,67.7335896,66.0195792,63.429618000000005,68.9555088
2026-04-13,2026-06-30 07:25:45,74.85,74.85,75.48,74.3272779094,74.496720095,72.908199605,73.0776417906,75.56032649999999,75.76316999999999,71.5743479,71.86090065,78.12390589200001,78.59864490000001,74.1479667,74.622705708,79.32948,80.63151,71.50673280000001,72.4411752,,,,,68.08145040000001,66.46014000000001,63.429618000000005,68.9555088,76.306172319,76.58648257499999,73.958573925,74.23888418099999,77.10298499999999,77.655378,72.03938249999999,73.040127,76.53187949999999,77.077536,76.349994,77.195799,,,,,,,,,,,,
2026-04-14,2026-06-30 07:26:10,75.655,74.85,75.48,76.244205719,76.35517837500001,75.314809725,75.425782381,76.76666705,76.97274900000001,74.64273610000001,74.94157335,78.12390589200001,78.59864490000001,74.1479667,74.622705708,79.32948,80.63151,71.50673280000001,72.4411752,,,,,68.08145040000001,66.46014000000001,63.429618000000005,68.9555088,76.306172319,76.58648257499999,73.958573925,74.23888418099999,77.10298499999999,77.655378,72.03938249999999,73.040127,77.75373115000001,78.3080992,77.5689418,78.4282503,80.076027,81.79757699999999,79.65237599999999,81.8896425,,,,,,,,
2026-04-15,2026-06-30 07:27:07,79.705,74.85,75.48,80.0200910262,80.136899535,79.041819765,79.15862827379999,80.57244435,80.788743,78.33269489999999,78.64630514999999,78.12390589200001,78.59864490000001,74.1479667,74.622705708,79.32948,80.63151,71.50673280000001,72.4411752,84.7927224,87.9372192,83.7911028,88.41274320000001,68.08145040000001,66.46014000000001,63.429618000000005,68.9555088,76.306172319,76.58648257499999,73.958573925,74.23888418099999,77.10298499999999,77.655378,72.03938249999999,73.040127,81.60844304999999,82.1902944,81.4144926,82.3164021,80.076027,81.79757699999999,79.65237599999999,81.8896425,77.3767791,76.49708249999999,76.0905801,77.7642267,,,,
2026-04-16,2026-06-30 07:27:31,79.195,74.85,75.48,79.73823064940001,79.85515219500002,78.759012705,78.87593425060001,80.2948346,80.510388,78.0465751,78.35903985,78.12390589200001,78.59864490000001,74.1479667,74.622705708,79.32948,80.63151,71.50673280000001,72.4411752,84.7927224,87.9372192,83.7911028,88.41274320000001,68.08145040000001,66.46014000000001,63.429618000000005,68.9555088,76.306172319,76.58648257499999,73.958573925,74.23888418099999,77.10298499999999,77.655378,72.03938249999999,73.040127,81.32726380000001,81.90711040000001,81.13398160000001,82.0327836,80.076027,81.79757699999999,79.65237599999999,81.8896425,,,,,,,,
2026-04-17,2026-06-30 07:27:54,78.665,74.85,75.48,79.0899175976,79.20902458,78.09239662,78.2115036024,79.6790457,79.89294600000001,77.35100800000001,77.66068800000001,78.12390589200001,78.59864490000001,74.1479667,74.622705708,79.32948,80.63151,71.50673280000001,72.4411752,84.7927224,87.9372192,83.7911028,88.41274320000001,68.08145040000001,66.46014000000001,63.429618000000005,68.9555088,76.306172319,76.58648257499999,73.958573925,74.23888418099999,77.10298499999999,77.655378,72.03938249999999,73.040127,80.70355710000001,81.2789568,80.5117572,81.4036662,80.076027,81.79757699999999,79.65237599999999,81.8896425,,,,,,,,
2026-04-20,2026-06-30 07:28:15,80.24,80.24,75.48,80.1764499576,80.31733038,78.99657642,79.1374568424,81.0115725,81.22905,78.0219096,78.3342756,78.12390589200001,78.59864490000001,74.1479667,74.622705708,79.32948,80.63151,71.50673280000001,72.4411752,84.7927224,87.9372192,83.7911028,88.41274320000001,68.08145040000001,66.46014000000001,63.429618000000005,68.9555088,81.80103228959999,82.10152787999999,79.28438172,79.5848773104,82.65522399999999,83.2473952,77.22698799999999,78.2997968,,,,,,,,,,,,,,,,
2026-04-21,2026-06-30 07:28:34,79.845,80.24,75.48,80.52030757520001,80.64349146,79.48864254,79.6118264248,81.1428062,81.360636,78.7125436,79.0276746,78.12390589200001,78.59864490000001,74.1479667,74.622705708,79.32948,80.63151,71.50673280000001,72.4411752,84.7927224,87.9372192,83.7911028,88.41274320000001,68.08145040000001,66.46014000000001,63.429618000000005,68.9555088,81.80103228959999,82.10152787999999,79.28438172,79.5848773104,82.65522399999999,83.2473952,77.22698799999999,78.2997968,,,,,,,,,77.7519924,76.86803,77.22698799999999,78.2997968,74.73794319999999,72.8466864,69.5375888,75.9977112
2026-04-22,2026-06-30 07:28:56,76.84,80.24,75.48,77.24953762819999,77.363878585,76.291932115,76.4062730718,77.8013943,78.01025399999999,75.58989129999999,75.89252055,78.12390589200001,78.59864490000001,74.1479667,74.622705708,79.32948,80.63151,71.50673280000001,72.4411752,84.7927224,87.9372192,83.7911028,88.41274320000001,68.08145040000001,66.46014000000001,63.429618000000005,68.9555088,81.80103228959999,82.10152787999999,79.28438172,79.5848773104,82.65522399999999,83.2473952,77.22698799999999,78.2997968,78.8017629,79.3636032,78.61448279999999,79.48537379999999,,,,,,,,,74.73794319999999,72.8466864,69.5375888,75.9977112
2026-04-23,2026-06-30 07:29:17,77.84,80.24,75.48,78.0689279982,78.185123835,77.09578786499999,77.2119837018,78.63422355,78.84531899999999,76.37918730000001,76.68497655,78.12390589200001,78.59864490000001,74.1479667,74.622705708,79.32948,80.63151,71.50673280000001,72.4411752,84.7927224,87.9372192,83.7911028,88.41274320000001,68.08145040000001,66.46014000000001,63.429618000000005,68.9555088,81.80103228959999,82.10152787999999,79.28438172,79.5848773104,82.65522399999999,83.2473952,77.22698799999999,78.2997968,,,,,,,,,75.44711070000001,74.5893525,74.1929877,75.8248959,74.73794319999999,72.8466864,69.5375888,75.9977112
2026-04-24,2026-06-30 07:29:42,75.555,80.24,75.48,75.9625491978,76.076181265,75.01088063499999,75.1245127022,76.519342,76.72476,74.3072853,74.60477955,78.12390589200001,78.59864490000001,74.1479667,74.622705708,79.32948,80.63151,71.50673280000001,72.4411752,84.7927224,87.9372192,83.7911028,88.41274320000001,68.08145040000001,66.46014000000001,63.429618000000005,68.9555088,81.80103228959999,82.10152787999999,79.28438172,79.5848773104,82.65522399999999,83.2473952,77.22698799999999,78.2997968,,,,,,,,,73.4004927,72.5660025,72.18038969999999,73.7680299,74.73794319999999,72.8466864,69.5375888,75.9977112
2026-04-27,2026-06-30 07:30:05,75.5,75.5,75.48,75.8929669548,76.02353619,74.79944961,74.9300188452,76.6505757,76.856346,73.9077042,74.2035987,78.12390589200001,78.59864490000001,74.1479667,74.622705708,79.32948,80.63151,71.50673280000001,72.4411752,84.7927224,87.9372192,83.7911028,88.41274320000001,68.08145040000001,66.46014000000001,63.429618000000005,68.9555088,76.96881777,77.25156225,74.60083275,74.88357723,77.77255,78.32974,72.664975,73.67441,,,,,,,,,,,,,,,,
2026-04-28,2026-06-30 07:30:26,75.46,75.5,75.48,76.093139195,76.206940075,75.140056825,75.253857705,76.6505757,76.856346,74.4355459,74.73355364999999,78.12390589200001,78.59864490000001,74.1479667,74.622705708,79.32948,80.63151,71.50673280000001,72.4411752,84.7927224,87.9372192,83.7911028,88.41274320000001,68.08145040000001,66.46014000000001,63.429618000000005,68.9555088,76.96881777,77.25156225,74.60083275,74.88357723,77.77255,78.32974,72.664975,73.67441,,,,,,,,,73.52718809999999,72.69125749999999,72.664975,73.67441,70.322965,68.54343,63.429618000000005,68.9555088
2026-04-29,2026-06-30 07:30:50,73.505,75.5,75.48,73.9559107468,74.05819659000001,73.09926681,73.20155265320001,74.39941300000001,74.59914,72.5067038,72.79698929999999,78.12390589200001,78.59864490000001,74.1479667,74.622705708,79.32948,80.63151,71.50673280000001,72.4411752,84.7927224,87.9372192,83.7911028,88.41274320000001,68.08145040000001,66.46014000000001,63.429618000000005,68.9555088,76.96881777,77.25156225,74.60083275,74.88357723,77.77255,78.32974,72.664975,73.67441,,,,,,,,,71.6218842,70.807615,70.4313462,71.9805154,70.322965,68.54343,63.429618000000005,68.9555088
2026-04-30,2026-06-30 07:31:15,71.76,75.5,75.48,72.2304850376,72.33674658000001,71.34054462,71.44680616240001,72.73880195000001,72.934071,70.69132300000001,70.97434050000001,78.12390589200001,78.59864490000001,74.1479667,74.622705708,79.32948,80.63151,71.50673280000001,72.4411752,84.7927224,87.9372192,83.7911028,88.41274320000001,68.08145040000001,66.46014000000001,63.429618000000005,68.9555088,76.96881777,77.25156225,74.60083275,74.88357723,77.77255,78.32974,72.664975,73.67441,73.67407585000001,74.1993568,73.4989822,74.3132037,,,,,,,,,70.322965,68.54343,63.429618000000005,68.9555088
2026-05-01,2026-06-30 07:31:41,74.315,75.5,74.315,75.5852435542,75.730055135,74.372446565,74.5172581458,76.51429455,76.719699,73.3206653,73.61420955,76.96881777,77.25156225,73.0035260375,73.4709376615,78.105065,79.38699875,70.40305839999999,71.3230781,,,,,,,,,76.96881777,77.25156225,74.60083275,74.88357723,77.77255,78.32974,72.664975,73.67441,77.49811365000001,78.0506592,77.3139318,78.1704153,,,,,,,,,70.322965,68.54343,65.42981,71.508315
2026-05-04,2026-06-30 07:32:07,76.455,76.455,74.315,76.6208276594,76.73912984500001,75.63004685499999,75.74834904059999,77.225985,77.4333,74.87952489999999,75.17931014999999,76.9180983885,77.3855100125,73.0035260375,73.4709376615,78.105065,79.38699875,70.40305839999999,71.3230781,,,,,,,,,77.9423968557,78.2287177725,75.63004685499999,75.74834904059999,78.7562955,79.3205334,73.58411475,74.6063181,,,,,,,,,73.9657491,73.1248325,72.73625009999999,74.33611669999999,71.21248065,69.4104363,66.2574321,72.41282415
2026-05-05,2026-06-30 07:32:33,73.17,76.455,74.315,73.5241630732,73.62843690999999,72.65086969000001,72.7551435268,73.995617,74.19426,72.0331262,72.3215157,76.9180983885,77.3855100125,73.0035260375,73.4709376615,78.105065,79.38699875,70.40305839999999,71.3230781,,,,,,,,,77.9423968557,78.2287177725,75.5444591775,75.83078009430001,78.7562955,79.3205334,73.58411475,74.6063181,74.947051,75.481408,74.76893199999999,75.597222,,,,,,,,,71.21248065,69.4104363,66.2574321,72.41282415
2026-05-06,2026-06-30 07:33:04,73.3,76.455,74.315,74.0024619912,74.12947346,72.93874094,73.0657524088,74.73759215,74.938227,72.072591,72.3611385,76.9180983885,77.3855100125,73.0035260375,73.4709376615,78.105065,79.38699875,70.40305839999999,71.3230781,,,,,,,,,77.9423968557,78.2287177725,75.5444591775,75.83078009430001,78.7562955,79.3205334,73.58411475,74.6063181,75.69856645,76.2382816,75.5186614,76.3552569,,,,,,,,,71.21248065,69.4104363,66.2574321,72.41282415
2026-05-07,2026-06-30 07:33:28,77.83,76.455,74.315,78.31276143619999,78.424339385,77.378296115,77.4898740638,78.8209792,79.03257599999999,76.7146381,77.02177035,76.9180983885,77.3855100125,73.0035260375,73.4709376615,78.105065,79.38699875,70.40305839999999,71.3230781,83.4839847,86.5799476,82.49782465,87.0481321,,,,,77.9423968557,78.2287177725,75.5444591775,75.83078009430001,78.7562955,79.3205334,73.58411475,74.6063181,79.8344576,80.4036608,79.6447232,80.52702719999999,81.7930881,83.55155309999999,81.3603528,83.64559274999999,,,,,71.21248065,69.4104363,66.2574321,72.41282415
2026-05-08,2026-06-30 07:33:51,78.8,76.455,74.315,79.4566980092,79.58566791,78.37657509,78.5055449908,80.15855345,80.373741,77.52859959999999,77.8389906,76.9180983885,77.3855100125,73.0035260375,73.4709376615,78.105065,79.38699875,70.40305839999999,71.3230781,83.4839847,86.5799476,82.49782465,87.0481321,,,,,77.9423968557,78.2287177725,75.5444591775,75.83078009430001,78.7562955,79.3205334,73.58411475,74.6063181,81.18923035,81.7680928,80.9962762,81.8935527,81.7930881,83.55155309999999,81.3603528,83.64559274999999,,,,,71.21248065,69.4104363,66.2574321,72.41282415
2026-05-11,2026-06-30 07:34:14,80.15,80.15,74.315,80.52132685320001,80.65724261,79.38303239000001,79.5189481468,81.2942297,81.512466,78.4658886,78.7800321,76.9180983885,77.3855100125,73.0035260375,73.4709376615,78.105065,79.38699875,70.40305839999999,71.3230781,83.4839847,86.5799476,82.49782465,87.0481321,,,,,81.70928138100001,82.00943992500001,79.195453575,79.495612119,82.562515,83.15402200000001,77.14036750000001,78.211973,82.3395091,82.9265728,82.562515,83.15402200000001,85.74607300000001,87.589523,85.29242400000001,87.6881075,,,,,,,,
2026-05-12,2026-06-30 07:34:37,86.74,80.15,74.315,87.7987201652,87.94579381,86.56697838999999,86.71405203479999,88.62817455,88.866099,85.5794188,85.92204179999999,76.9180983885,77.3855100125,73.0035260375,73.4709376615,78.105065,79.38699875,70.40305839999999,71.3230781,83.4839847,86.5799476,82.49782465,87.0481321,,,,,81.70928138100001,82.00943992500001,79.195453575,79.495612119,82.562515,83.15402200000001,77.14036750000001,78.211973,,,,,85.74607300000001,87.589523,85.29242400000001,87.6881075,84.5350692,83.57399,83.1298812,84.95836039999999,,,,
2026-05-13,2026-06-30 07:34:58,87.32,80.15,74.315,87.9510239378,88.079357765,86.876228135,87.0045619622,88.55751024999999,88.795245,86.0973943,86.44209105,76.9180983885,77.3855100125,73.0035260375,73.4709376615,78.105065,79.38699875,70.40305839999999,71.3230781,83.4839847,86.5799476,82.49782465,87.0481321,,,,,81.70928138100001,82.00943992500001,79.195453575,79.495612119,82.562515,83.15402200000001,77.14036750000001,78.211973,89.69618075,90.335696,89.483009,90.4743015,85.74607300000001,87.589523,85.29242400000001,87.6881075,,,,,,,,
2026-05-14,2026-06-30 07:35:23,88.125,80.15,74.315,88.8464462322,88.977528885,87.748629015,87.87971166780001,89.47614615,89.716347,86.9458875,87.29398125,76.9180983885,77.3855100125,73.0035260375,73.4709376615,78.105065,79.38699875,70.40305839999999,71.3230781,83.4839847,86.5799476,82.49782465,87.0481321,,,,,81.70928138100001,82.00943992500001,79.195453575,79.495612119,82.562515,83.15402200000001,77.14036750000001,78.211973,,,,,85.74607300000001,87.589523,85.29242400000001,87.6881075,85.8848625,84.9084375,84.4572375,86.3149125,,,,
2026-05-15,2026-06-30 07:35:48,84.0,80.15,74.315,84.562781327,84.689122175,83.504676725,83.631017573,85.1807662,85.409436,82.7231539,83.05434165,76.9180983885,77.3855100125,73.0035260375,73.4709376615,78.105065,79.38699875,70.40305839999999,71.3230781,83.4839847,86.5799476,82.49782465,87.0481321,,,,,81.70928138100001,82.00943992500001,79.195453575,79.495612119,82.562515,83.15402200000001,77.14036750000001,78.211973,,,,,85.74607300000001,87.589523,85.29242400000001,87.6881075,81.7136601,80.7846575,80.3553711,82.1228237,74.6541145,72.76497900000001,69.45959300000001,75.9124695
2026-05-18,2026-06-30 07:36:10,76.205,76.205,74.315,76.9426735564,77.09767387,75.64454593,75.7995462436,77.97805505000001,78.18738900000001,74.48981,74.788035,76.9180983885,77.3855100125,73.0035260375,73.4709376615,78.105065,79.38699875,70.40305839999999,71.3230781,83.4839847,86.5799476,82.49782465,87.0481321,,,,,77.6875332207,77.9729178975,75.2974365525,75.5828212293,78.49877049999999,79.0611634,73.34350225,74.3623631,78.98069515,79.54381120000001,78.7929898,79.66585830000001,,,,,73.58079,72.74425,73.0035260375,73.4709376615,,,,
2026-05-19,2026-06-30 07:36:31,78.05,76.205,74.315,78.8234310808,78.94649014000001,77.79281146,77.9158705192,79.46200535,79.675323,77.005691,77.3139885,76.9180983885,77.3855100125,73.0035260375,73.4709376615,78.105065,79.38699875,70.40305839999999,71.3230781,83.4839847,86.5799476,82.49782465,87.0481321,,,,,77.6875332207,77.9729178975,75.2974365525,75.5828212293,78.49877049999999,79.0611634,73.34350225,74.3623631,,,,,81.5256331,83.2783481,81.0943128,83.37208025,76.065969,75.20117499999999,74.801559,76.446853,,,,
2026-05-20,2026-06-30 07:36:51,74.08,76.205,74.315,74.5610142184,74.67028842,73.64584278,73.7551169816,75.08081875,75.282375,72.9802814,73.2724629,76.9180983885,77.3855100125,73.0035260375,73.4709376615,78.105065,79.38699875,70.40305839999999,71.3230781,83.4839847,86.5799476,82.49782465,87.0481321,,,,,77.6875332207,77.9729178975,75.2974365525,75.5828212293,78.49877049999999,79.0611634,73.34350225,74.3623631,76.04620625,76.58840000000001,75.865475,76.7059125,81.5256331,83.2783481,81.0943128,83.37208025,,,,,,,,
2026-05-21,2026-06-30 07:37:14,76.19,76.205,74.315,76.3308945946,76.450413305,75.329925395,75.4494441054,76.9534227,77.16000600000001,74.5638065,74.86232775,76.9180983885,77.3855100125,73.0035260375,73.4709376615,78.105065,79.38699875,70.40305839999999,71.3230781,83.4839847,86.5799476,82.49782465,87.0481321,,,,,77.6875332207,77.9729178975,75.2974365525,75.5828212293,78.49877049999999,79.0611634,73.34350225,74.3623631,77.9428881,78.49860480000001,77.7576492,78.61904820000001,81.5256331,83.2783481,81.0943128,83.37208025,,,,,,,,
2026-05-22,2026-06-30 07:37:40,77.015,76.205,74.315,77.4456045264,77.55462932,76.53252188,76.6415466736,77.93262800000001,78.14184,75.8908104,76.1946444,76.9180983885,77.3855100125,73.0035260375,73.4709376615,78.105065,79.38699875,70.40305839999999,71.3230781,83.4839847,86.5799476,82.49782465,87.0481321,,,,,77.6875332207,77.9729178975,75.2974365525,75.5828212293,78.49877049999999,79.0611634,73.34350225,74.3623631,,,,,81.5256331,83.2783481,81.0943128,83.37208025,74.9646936,74.11242,73.7185896,75.3400632,,,,
2026-05-25,2026-06-30 07:38:04,76.75,76.75,74.315,78.0365212034,78.187047645,76.77586225499999,76.9263886966,79.00773485,79.219833,75.6786871,75.98167185,76.9180983885,77.3855100125,73.0035260375,73.4709376615,78.105065,79.38699875,70.40305839999999,71.3230781,83.4839847,86.5799476,82.49782465,87.0481321,,,,,78.24313594499999,78.530561625,75.835945875,76.123371555,79.060175,79.62659,73.8680375,74.894185,80.02361455,80.5941664,79.8334306,80.7178251,,,,,,,,,,,,
2026-05-26,2026-06-30 07:38:27,78.5,76.75,74.315,78.86410030420001,78.985461485,77.847700415,77.9690615958,79.48219515,79.695567,77.0796875,77.38828125,76.9180983885,77.3855100125,73.0035260375,73.4709376615,78.105065,79.38699875,70.40305839999999,71.3230781,83.4839847,86.5799476,82.49782465,87.0481321,,,,,78.24313594499999,78.530561625,75.835945875,76.123371555,79.060175,79.62659,73.8680375,74.894185,,,,,,,,,76.1390625,75.2734375,74.8734375,76.5203125,,,,
2026-05-27,2026-06-30 07:38:51,77.33,76.75,74.315,77.83304336719999,77.94336466,76.90910253999999,77.0194238328,78.33137655,78.541659,76.25585980000001,76.56115530000001,76.9180983885,77.3855100125,73.0035260375,73.4709376615,78.105065,79.38699875,70.40305839999999,71.3230781,83.4839847,86.5799476,82.49782465,87.0481321,,,,,78.24313594499999,78.530561625,75.835945875,76.123371555,79.060175,79.62659,73.8680375,74.894185,,,,,,,,,75.3252882,74.46891500000001,73.8680375,74.894185,71.4872525,69.678255,66.513085,72.6922275
2026-05-28,2026-06-30 07:39:14,74.93,76.75,74.315,75.4236361218,75.53370716500001,74.50179113499999,74.6118621782,75.9439327,76.147806,73.83370769999999,74.12930594999999,76.9180983885,77.3855100125,73.0035260375,73.4709376615,78.105065,79.38699875,70.40305839999999,71.3230781,83.4839847,86.5799476,82.49782465,87.0481321,,,,,78.24313594499999,78.530561625,75.835945875,76.123371555,79.060175,79.62659,73.8680375,74.894185,76.9204181,77.4688448,76.9180983885,77.3855100125,,,,,72.9326943,72.1035225,71.72036729999999,73.29788909999999,71.4872525,69.678255,66.513085,72.6922275
2026-05-29,2026-06-30 07:39:40,76.025,76.75,74.315,76.3537076226,76.460207005,75.461775295,75.5682746774,76.822189,77.02842,74.8400601,75.13968735,76.9180983885,77.3855100125,73.0035260375,73.4709376615,78.105065,79.38699875,70.40305839999999,71.3230781,83.4839847,86.5799476,82.49782465,87.0481321,,,,,78.24313594499999,78.530561625,75.835945875,76.123371555,79.060175,79.62659,73.8680375,74.894185,,,,,,,,,73.9267659,73.0862925,72.6979149,74.29693830000001,71.4872525,69.678255,66.513085,72.6922275
2026-06-01,2026-06-30 07:40:05,75.565,75.565,75.565,75.1371905554,75.29988224499999,73.774647655,73.93733934459999,76.28211184999999,76.486893,72.52150309999999,72.81184784999999,78.2118832635,78.6871568875,74.2314666625,74.7067402865,79.418815,80.72231125,71.5872584,72.5227531,,,,,,,,,77.0350823151,77.3180702175,74.6650586325,74.9480465349,77.8395065,78.3971762,72.72753424999999,73.73783829999999,77.26294555,77.8138144,77.0793226,77.9332071,,,,,,,,,,,,
2026-06-02,2026-06-30 07:40:31,75.155,75.565,75.565,75.4903941778,75.595300165,74.611806535,74.7167125222,75.94898015,76.152867,74.0014331,74.29770285,78.2118832635,78.6871568875,74.2314666625,74.7067402865,79.418815,80.72231125,71.5872584,72.5227531,,,,,,,,,77.0350823151,77.3180702175,74.6650586325,74.9480465349,77.8395065,78.3971762,72.72753424999999,73.73783829999999,76.92553045,77.4739936,77.0350823151,77.3180702175,,,,,,,,,,,,
2026-06-03,2026-06-30 07:40:54,75.495,75.565,75.565,75.7771972722,75.888839285,74.842195415,74.95383742780001,76.31239655,76.517259,74.1592923,74.45619405000001,78.2118832635,78.6871568875,74.2314666625,74.7067402865,79.418815,80.72231125,71.5872584,72.5227531,,,,,,,,,77.0350823151,77.3180702175,74.6650586325,74.9480465349,77.8395065,78.3971762,72.72753424999999,73.73783829999999,,,,,,,,,73.2543057,72.42147750000001,72.72753424999999,73.73783829999999,,,,
2026-06-04,2026-06-30 07:41:17,73.08,75.565,75.565,73.46039699159999,73.58368423,72.42786636999999,72.5511536084,74.15713539999999,74.356212,71.59901339999999,71.8856649,78.2118832635,78.6871568875,74.2314666625,74.7067402865,79.418815,80.72231125,71.5872584,72.5227531,,,,,,,,,77.0350823151,77.3180702175,74.6650586325,74.9480465349,77.8395065,78.3971762,72.72753424999999,73.73783829999999,75.11064619999999,75.6461696,74.9321384,75.76223639999999,,,,,,,,,70.38350795,68.6024409,65.4861403,71.56987845
2026-06-05,2026-06-30 07:41:41,74.185,75.565,75.565,74.5459241886,74.647063155,73.69888534500001,73.80002431140001,74.96977485000001,75.171033,73.12334129999999,73.41609555,78.2118832635,78.6871568875,74.2314666625,74.7067402865,79.418815,80.72231125,71.5872584,72.5227531,,,,,68.1581187,66.5349825,63.50104775,69.0331614,77.0350823151,77.3180702175,74.6650586325,74.9480465349,77.8395065,78.3971762,72.72753424999999,73.73783829999999,,,,,,,,,72.23099669999999,71.4098025,71.5872584,72.5227531,70.38350795,68.6024409,63.50104775,69.0331614
2026-06-08,2026-06-30 07:42:05,67.845,67.845,75.565,67.98163712620001,68.10245683500001,66.969772065,67.0905917738,68.7058894,68.890332,66.1282055,66.39295425,78.2118832635,78.6871568875,74.2314666625,74.7067402865,79.418815,80.72231125,71.5872584,72.5227531,,,,,68.1581187,66.5349825,63.50104775,69.0331614,69.1648932663,69.4189700775,67.0369999725,67.2910767837,69.8871345,70.3878306,65.29742025,66.2045079,69.5893082,70.0854656,69.42392240000001,70.1930004,,,,,,,,,,,,
2026-06-09,2026-06-30 07:42:27,68.32,67.845,75.565,68.5978773966,68.692282155,67.807237545,67.90164230340001,69.00368895,69.18893100000001,67.2628185,67.53210975,78.2118832635,78.6871568875,74.2314666625,74.7067402865,79.418815,80.72231125,71.5872584,72.5227531,,,,,68.1581187,66.5349825,63.50104775,69.0331614,69.1648932663,69.4189700775,67.0369999725,67.2910767837,69.8871345,70.3878306,65.29742025,66.2045079,,,,,,,,,66.4419915,65.6866125,65.29742025,66.2045079,63.19286835,61.5937617,58.7958339,64.25803485
2026-06-10,2026-06-30 07:42:50,65.2,67.845,75.565,65.5695217366,65.671946655,64.711713045,64.8141379634,66.1014052,66.278856,64.0563035,64.31275725,78.2118832635,78.6871568875,74.2314666625,74.7067402865,79.418815,80.72231125,71.5872584,72.5227531,,,,,68.1581187,66.5349825,63.50104775,69.0331614,69.1648932663,69.4189700775,67.0369999725,67.2910767837,69.8871345,70.3878306,65.29742025,66.2045079,,,,,,,,,63.2746065,62.5552375,62.2228215,63.5914405,63.19286835,61.5937617,58.7958339,64.25803485
2026-06-11,2026-06-30 07:43:14,63.525,67.845,75.565,63.4801256878,63.596081115,62.508998985,62.6249544122,64.1934691,64.365798,61.6884155,61.93538925,78.2118832635,78.6871568875,74.2314666625,74.7067402865,79.418815,80.72231125,71.5872584,72.5227531,,,,,68.1581187,66.5349825,63.50104775,69.0331614,69.1648932663,69.4189700775,67.0369999725,67.2910767837,69.8871345,70.3878306,65.29742025,66.2045079,65.0188673,65.4824384,64.8643436,65.5829106,,,,,60.9356145,60.2428375,59.9227095,61.2407365,63.19286835,61.5937617,58.7958339,64.25803485
2026-06-12,2026-06-30 07:43:36,67.495,67.845,75.565,68.1102324738,68.22198876499999,67.174273535,67.2860298262,68.7260792,68.91057599999999,66.4340577,66.70003095,78.2118832635,78.6871568875,74.2314666625,74.7067402865,79.418815,80.72231125,71.5872584,72.5227531,,,,,68.1581187,66.5349825,63.50104775,69.0331614,69.1648932663,69.4189700775,67.0369999725,67.2910767837,69.8871345,70.3878306,65.29742025,66.2045079,,,,,,,,,65.6233443,64.87727249999999,64.5325173,65.95193909999999,63.19286835,61.5937617,58.7958339,64.25803485
2026-06-15,2026-06-30 07:43:59,68.9,68.9,75.565,70.0833429242,70.226770985,68.88213291499999,69.02556097579999,71.05295365,71.24369700000001,67.8054595,68.07692325,78.2118832635,78.6871568875,74.2314666625,74.7067402865,79.418815,80.72231125,71.5872584,72.5227531,,,,,68.1581187,66.5349825,63.50104775,69.0331614,70.24041780600001,70.49844555000001,68.07943545,68.33746319400001,71.05295365,71.24369700000001,66.31280500000001,67.233998,71.96655095,72.47965760000001,71.7955154,72.59086590000001,,,,,,,,,,,,
2026-06-16,2026-06-30 07:44:24,69.95,68.9,75.565,70.3906946818,70.491713565,69.544661535,69.6456804182,70.8561031,71.046318,68.9400725,69.21607875,78.2118832635,78.6871568875,74.2314666625,74.7067402865,79.418815,80.72231125,71.5872584,72.5227531,,,,,68.1581187,66.5349825,63.50104775,69.0331614,70.24041780600001,70.49844555000001,68.07943545,68.33746319400001,70.97389000000001,71.48237200000001,66.31280500000001,67.233998,71.76716929999999,72.2788544,71.5966076,72.3897546,,,,,,,,,,,,
2026-06-17,2026-06-30 07:44:48,70.135,68.9,75.565,70.4638585128,70.56131194000001,69.64768606,69.7451394872,70.8863878,71.076684,69.0831324,69.3597114,78.2118832635,78.6871568875,74.2314666625,74.7067402865,79.418815,80.72231125,71.5872584,72.5227531,,,,,68.1581187,66.5349825,63.50104775,69.0331614,70.24041780600001,70.49844555000001,68.07943545,68.33746319400001,70.97389000000001,71.48237200000001,66.31280500000001,67.233998,71.7978434,72.3097472,71.6272088,72.42069479999999,73.710598,75.295298,74.2314666625,74.7067402865,68.2400916,67.46427,67.1057676,68.5817892,,,,
2026-06-18,2026-06-30 07:45:15,68.04,68.9,75.565,68.3889989484,68.48552067,67.58062953,67.6771512516,68.82198075,69.00673499999999,67.0112304,67.2795144,78.2118832635,78.6871568875,74.2314666625,74.7067402865,79.418815,80.72231125,71.5872584,72.5227531,,,,,68.1581187,66.5349825,63.50104775,69.0331614,70.24041780600001,70.49844555000001,68.07943545,68.33746319400001,70.97389000000001,71.48237200000001,66.31280500000001,67.233998,69.70689225,70.20388799999999,69.54122699999999,70.3116045,73.710598,75.295298,74.2314666625,74.7067402865,66.1934736,65.44092,65.0931696,66.5249232,64.175527,62.551554,59.71011800000001,65.25725700000001
2026-06-19,2026-06-30 07:45:39,65.785,68.9,75.565,66.1139232374,66.210050095,65.308860805,65.40498766259999,66.5657706,66.744468,64.7272051,64.98634485000001,78.2118832635,78.6871568875,74.2314666625,74.7067402865,79.418815,80.72231125,71.5872584,72.5227531,,,,,68.1581187,66.5349825,63.50104775,69.0331614,70.24041780600001,70.49844555000001,68.07943545,68.33746319400001,70.97389000000001,71.48237200000001,66.31280500000001,67.233998,,,,,73.710598,75.295298,74.2314666625,74.7067402865,63.9373209,63.210417500000005,62.8745199,64.2574733,64.175527,62.551554,59.71011800000001,65.25725700000001
2026-06-22,2026-06-30 07:46:04,63.85,63.85,75.565,64.73828107320001,64.86334211,63.69089489000001,63.81595592680001,65.54618570000001,65.72214600000001,62.7786306,63.0299691,78.2118832635,78.6871568875,74.2314666625,74.7067402865,79.418815,80.72231125,71.5872584,72.5227531,,,,,68.1581187,66.5349825,63.50104775,69.0331614,65.092172379,65.331288075,63.089578425000006,63.328694121000005,65.771885,66.243098,61.4524325,62.306107,66.3889771,66.8623168,66.23119720000001,66.9649062,68.308007,69.776557,67.946616,69.8550925,,,,,,,,
2026-06-23,2026-06-30 07:46:27,65.215,63.85,75.565,65.4542836462,65.552263035,64.633706265,64.7316856538,65.93483935,66.111843,64.0267049,64.28304014999999,78.2118832635,78.6871568875,74.2314666625,74.7067402865,79.418815,80.72231125,71.5872584,72.5227531,,,,,68.1581187,66.5349825,63.50104775,69.0331614,65.092172379,65.331288075,63.089578425000006,63.328694121000005,65.771885,66.243098,61.4524325,62.306107,,,,,68.308007,69.776557,67.946616,69.8550925,63.2453691,62.5263325,62.1940701,63.5620567,59.4718055,57.966861,55.333687,60.4742505
2026-06-24,2026-06-30 07:46:49,61.63,63.85,75.565,61.9395783334,62.032059495,61.165048605,61.2575297666,62.39152945,62.559021,60.5932673,60.83585655,78.2118832635,78.6871568875,74.2314666625,74.7067402865,79.418815,80.72231125,71.5872584,72.5227531,,,,,68.1581187,66.5349825,63.50104775,69.0331614,65.092172379,65.331288075,63.089578425000006,63.328694121000005,65.771885,66.243098,61.4524325,62.306107,,,,,68.308007,69.776557,67.946616,69.8550925,59.8538307,59.1733525,58.8589077,60.1535359,59.4718055,57.966861,55.333687,60.4742505
2026-06-25,2026-06-30 07:47:16,57.595,63.85,75.565,58.004146103,58.089630375,57.288215325,57.373699597,58.41413885,58.570953,56.7651817,56.99244495,78.2118832635,78.6871568875,74.2314666625,74.7067402865,79.418815,80.72231125,71.5872584,72.5227531,,,,,68.1581187,66.5349825,63.50104775,69.0331614,65.092172379,65.331288075,63.089578425000006,63.328694121000005,65.771885,66.243098,61.4524325,62.306107,59.16522655,59.5870624,59.0246146,59.6784891,68.308007,69.776557,67.946616,69.8550925,56.0724603,55.43497249999999,55.1403933,56.3532311,59.4718055,57.966861,55.333687,60.4742505
2026-06-26,2026-06-30 07:47:43,58.025,63.85,75.565,58.1532618838,58.242917215,57.402398485,57.4920538162,58.6109894,58.768332,56.8342451,57.06178485,78.2118832635,78.6871568875,74.2314666625,74.7067402865,79.418815,80.72231125,71.5872584,72.5227531,,,,,68.1581187,66.5349825,63.50104775,69.0331614,65.092172379,65.331288075,63.089578425000006,63.328694121000005,65.771885,66.243098,61.4524325,62.306107,59.3646082,59.7878656,59.2235224,59.8796004,68.308007,69.776557,67.946616,69.8550925,56.1406809,55.5024175,55.2074799,56.4217933,59.4718055,57.966861,55.333687,60.4742505
2026-06-29,2026-08-22 11:08:45,59.3,59.3,75.565,59.8209415284,59.93025717,58.90542303,59.0147386716,60.49368825,60.656085,58.1316504,58.3643844,78.2118832635,78.6871568875,74.2314666625,74.7067402865,79.418815,80.72231125,71.5872584,72.5227531,,,,,68.1581187,66.5349825,63.50104775,69.0331614,60.49368825,60.656085,58.59376665,58.815842778,61.08493,61.522564,57.073285,57.866126,,,,,,,,,57.422253600000005,56.76942,57.073285,57.866126,,,,
2026-06-30,2026-08-22 11:09:05,58.77,59.3,75.565,59.0944560684,59.17832627,58.39204313,58.4759133316,59.47410335,59.633763,57.8948616,58.1266476,78.2118832635,78.6871568875,74.2314666625,74.7067402865,79.418815,80.72231125,71.5872584,72.5227531,,,,,68.1581187,66.5349825,63.50104775,69.0331614,60.453654222,60.67573035,58.59376665,58.815842778,61.08493,61.522564,57.073285,57.866126,60.23882005,60.6683104,60.0956566,60.7613961,,,,,57.1883544,56.53818,56.2377384,57.4747128,55.233799,53.83609799999999,51.390566,56.164809
2026-07-01,2026-08-22 11:09:25,59.25,59.3,59.25,59.515772599600005,59.60066483,58.80480017000001,58.8896924004,59.9031366,60.063948,58.2993758,58.5327813,61.325403075,61.698061875,58.2993758,58.5327813,62.27175,63.2938125,56.13108,56.864595,,,,,,,,,60.453654222,60.67573035,58.59376665,58.815842778,61.08493,61.522564,57.073285,57.866126,60.6733698,61.105958400000006,60.5291736,61.199715600000005,63.440326,64.804226,63.104688,64.87716499999999,57.5879322,56.933215,57.073285,57.866126,55.233799,53.83609799999999,51.390566,56.164809
2026-07-02,2026-08-22 11:09:44,59.75,59.3,59.25,60.1171125808,60.20119084,59.41295716,59.4970354192,60.4886408,60.651024,58.9209464,59.1568404,61.325403075,61.698061875,58.204385625,58.577044425,62.27175,63.2938125,56.13108,56.864595,,,,,,,,,60.453654222,60.67573035,58.59376665,58.815842778,61.08493,61.522564,57.073285,57.866126,61.2664024,61.7032192,61.325403075,61.698061875,63.440326,64.804226,63.104688,64.87716499999999,,,,,55.233799,53.83609799999999,51.390566,56.164809
2026-07-03,2026-08-22 11:10:06,61.5,59.3,59.25,61.7865171598,61.872594315,61.065620985,61.1516981402,62.1643942,62.331276,60.5636687,60.80613945,61.325403075,61.698061875,58.204385625,58.577044425,62.27175,63.2938125,56.13108,56.864595,66.560265,69.02862,65.7740175,69.401895,,,,,60.453654222,60.67573035,58.59376665,58.815842778,61.08493,61.522564,57.073285,57.866126,62.9637026,63.4126208,62.8140632,63.5099172,63.440326,64.804226,63.104688,64.87716499999999,,,,,55.233799,53.83609799999999,51.390566,56.164809
2026-07-06,2026-08-22 11:10:25,62.925,62.925,59.25,63.6613064118,63.766356815,62.781509285,62.8865596882,64.2439436,64.416408,62.17559471249999,62.4112463205,61.325403075,61.698061875,58.204385625,58.577044425,62.27175,63.2938125,56.13108,56.864595,66.560265,69.02862,65.7740175,69.401895,,,,,64.2439436,64.416408,62.17559471249999,62.4112463205,64.8190425,65.283429,60.56216625,61.4034735,,,,,,,,,61.3254465,60.6282375,60.56216625,61.4034735,,,,
2026-07-07,2026-08-22 11:10:44,62.52,62.925,59.25,62.808584058600005,62.895345905,62.081953595,62.1687154414,63.1839791,63.353598000000005,61.5798873,61.82642655,61.325403075,61.698061875,58.204385625,58.577044425,62.27175,63.2938125,56.13108,56.864595,66.560265,69.02862,65.7740175,69.401895,,,,,64.1491769295,64.3848285375,62.17559471249999,62.4112463205,64.8190425,65.283429,60.56216625,61.4034735,,,,,,,,,60.8284107,60.1368525,59.8172877,61.1329959,58.61023275,57.1270905,54.5320635,59.59815525
2026-07-08,2026-08-22 11:11:01,60.31,62.925,59.25,60.548292594,60.63897525,59.78882535,59.879508006,60.9933858,61.157124,59.2267986,59.4639171,61.325403075,61.698061875,58.204385625,58.577044425,62.27175,63.2938125,56.13108,56.864595,66.560265,69.02862,65.7740175,69.401895,,,,,64.1491769295,64.3848285375,62.17559471249999,62.4112463205,64.8190425,65.283429,60.56216625,61.4034735,61.7776374,62.218099200000005,61.630816800000005,62.3135628,,,,,58.5040374,57.838905,57.5315514,58.7969838,58.61023275,57.1270905,54.5320635,59.59815525
2026-07-09,2026-08-22 11:11:21,58.885,62.925,59.25,59.0843087562,59.166892785,58.392667515,58.4752515438,59.4488661,59.608458,57.9096609,58.14150615,61.325403075,61.698061875,58.204385625,58.577044425,62.27175,63.2938125,56.13108,56.864595,66.560265,69.02862,65.7740175,69.401895,,,,,64.1491769295,64.3848285375,62.17559471249999,62.4112463205,64.8190425,65.283429,60.56216625,61.4034735,60.2132583,60.6425664,60.0701556,60.7356126,,,,,,,,,58.61023275,57.1270905,54.5320635,59.59815525
2026-07-10,2026-08-22 11:11:42,60.415,62.925,59.25,60.6725567908,60.75496609,59.98237891,60.0647882092,61.01862305,61.182429,59.5129184,59.7511824,61.325403075,61.698061875,58.204385625,58.577044425,62.27175,63.2938125,56.13108,56.864595,66.560265,69.02862,65.7740175,69.401895,,,,,64.1491769295,64.3848285375,62.17559471249999,62.4112463205,64.8190425,65.283429,60.56216625,61.4034735,61.80319915,62.2438432,61.6563178,62.3393463,,,,,58.7866656,58.11832,58.204385625,58.577044425,58.61023275,57.1270905,54.5320635,59.59815525
2026-07-13,2026-08-22 11:12:00,59.71,59.71,59.25,59.7277669032,59.83377946,58.83991174,58.9459242968,60.36245455,60.524499,58.1020518,58.3346673,61.325403075,61.698061875,58.204385625,58.577044425,62.27175,63.2938125,56.13108,56.864595,66.560265,69.02862,65.7740175,69.401895,,,,,60.8716305834,61.095242145,58.998883755,59.2224953166,61.507271,61.9479308,57.4678895,58.2662122,,,,,,,,,57.3930162,56.740515,56.4389982,57.6803994,,,,
2026-07-14,2026-08-22 11:12:21,57.95,59.71,59.25,58.2629456898,58.342558365,57.596189535,57.6758022102,58.6008945,58.75821,57.1400973,57.36886155,61.325403075,61.698061875,58.204385625,58.577044425,62.27175,63.2938125,56.13108,56.864595,66.560265,69.02862,65.7740175,69.401895,,,,,60.8716305834,61.095242145,58.998883755,59.2224953166,61.507271,61.9479308,57.4678895,58.2662122,59.3543835,59.777568,59.213322,59.869287,,,,,,,,,55.6156853,54.2083206,51.7458802,56.5531323
2026-07-15,2026-08-22 11:12:39,59.045,59.71,59.25,59.321452589,59.402115325,58.645902175,58.726564911,59.660859,59.82102,58.1859145,58.41886575,61.325403075,61.698061875,58.204385625,58.577044425,62.27175,63.2938125,56.13108,56.864595,66.560265,69.02862,65.7740175,69.401895,,,,,60.8716305834,61.095242145,58.998883755,59.2224953166,61.507271,61.9479308,57.4678895,58.2662122,,,,,,,,,57.4758555,56.8224125,56.5204605,57.7636535,55.6156853,54.2083206,51.7458802,56.5531323
2026-07-16,2026-08-22 11:12:56,58.12,59.71,59.25,58.4325379974,58.513324695,57.755949405,57.83673610259999,58.7826027,58.940406,57.2880903,57.51744705,61.325403075,61.698061875,58.204385625,58.577044425,62.27175,63.2938125,56.13108,56.864595,66.560265,69.02862,65.7740175,69.401895,53.442315,52.169625,49.7907375,54.12843,60.8716305834,61.095242145,58.998883755,59.2224953166,61.507271,61.9479308,57.4678895,58.2662122,,,,,,,,,56.5889877,55.9456275,56.13108,56.864595,55.6156853,54.2083206,51.7458802,56.5531323
2026-07-17,2026-08-22 11:13:14,55.835,59.71,59.25,56.1298884432,56.21088116,55.45157444,55.5325671568,56.50620275,56.657895,54.9646002,55.1846547,61.325403075,61.698061875,58.204385625,58.577044425,62.27175,63.2938125,56.13108,56.864595,66.560265,69.02862,65.7740175,69.401895,53.442315,52.169625,49.7907375,54.12843,60.8716305834,61.095242145,58.998883755,59.2224953166,61.507271,61.9479308,57.4678895,58.2662122,,,,,,,,,,,,,55.6156853,54.2083206,51.7458802,56.5531323
2026-07-20,2026-08-22 11:13:37,55.96,55.96,59.25,56.2557615316,56.34073613,55.54409927,55.6290738684,56.67781605,56.829969000000006,55.0139312,55.2341832,61.325403075,61.698061875,58.204385625,58.577044425,62.27175,63.2938125,56.13108,56.864595,66.560265,69.02862,65.7740175,69.401895,53.442315,52.169625,49.7907375,54.12843,57.0486760584,57.25824402,55.29354438,55.5031123416,57.644396,58.0573808,53.858702,54.6068872,57.40657815,57.8158752,57.2701458,57.9045843,,,,,,,,,,,,
2026-07-21,2026-08-22 11:13:55,56.705,55.96,59.25,56.8691195936,56.954409680000005,56.15481512,56.2401052064,57.2885575,57.44235,55.6256356,55.8483366,61.325403075,61.698061875,58.204385625,58.577044425,62.27175,63.2938125,56.13108,56.864595,66.560265,69.02862,65.7740175,69.401895,53.442315,52.169625,49.7907375,54.12843,57.0486760584,57.25824402,55.29354438,55.5031123416,57.644396,58.0573808,53.858702,54.6068872,58.0251725,58.43888,58.204385625,58.577044425,59.8671272,61.1542072,59.5503936,61.223038,,,,,,,,
2026-07-22,2026-08-22 11:14:13,59.09,55.96,59.25,59.4333349002,59.515733585,58.743245915,58.8256445998,59.7920927,59.952606,58.2648441,58.49811135,61.325403075,61.698061875,58.204385625,58.577044425,62.27175,63.2938125,56.13108,56.864595,66.560265,69.02862,65.7740175,69.401895,53.442315,52.169625,49.7907375,54.12843,57.0486760584,57.25824402,55.29354438,55.5031123416,57.644396,58.0573808,53.858702,54.6068872,60.5608981,60.9926848,60.4169692,61.0862682,59.8671272,61.1542072,59.5503936,61.223038,,,,,,,,
2026-07-23,2026-08-22 11:14:29,60.01,55.96,59.25,59.9735949908,60.08422189,59.04709471,59.1577216092,60.6602541,60.823098,58.259911,58.4931585,61.325403075,61.698061875,58.204385625,58.577044425,62.27175,63.2938125,56.13108,56.864595,66.560265,69.02862,65.7740175,69.401895,53.442315,52.169625,49.7907375,54.12843,57.0486760584,57.25824402,55.29354438,55.5031123416,57.644396,58.0573808,53.858702,54.6068872,,,,,59.8671272,61.1542072,59.5503936,61.223038,57.548949,56.894675,57.0486760584,57.25824402,,,,
2026-07-24,2026-08-22 11:14:47,57.92,55.96,59.25,58.1888864618,58.268721665,57.520266635,57.6001018382,58.5302302,58.687356,57.0486760584,57.25824402,61.325403075,61.698061875,58.204385625,58.577044425,62.27175,63.2938125,56.13108,56.864595,66.560265,69.02862,65.7740175,69.401895,53.442315,52.169625,49.7907375,54.12843,57.0486760584,57.25824402,55.29354438,55.5031123416,57.644396,58.0573808,53.858702,54.6068872,59.2828106,59.7054848,59.1419192,59.7970932,59.8671272,61.1542072,59.5503936,61.223038,,,,,,,,
2026-07-27,2026-08-22 11:15:07,59.81,59.81,59.25,60.282883376600005,60.375291655000005,59.508964045,59.6013723234,60.7511082,60.914196,58.9258795,59.16179325,61.325403075,61.698061875,58.204385625,58.577044425,62.27175,63.2938125,56.13108,56.864595,66.560265,69.02862,65.7740175,69.401895,53.442315,52.169625,49.7907375,54.12843,60.9735760374,61.197562095,59.097692805,59.3216788626,61.610281,62.051678800000005,57.5641345,58.3637942,,,,,,,,,58.2067905,57.5450375,57.5641345,58.3637942,,,,
2026-07-28,2026-08-22 11:15:26,58.745,59.81,59.25,59.0115306832,59.09465716,58.31534644,58.3984729168,59.383249250000006,59.542665,57.8257982,58.0573077,61.325403075,61.698061875,58.204385625,58.577044425,62.27175,63.2938125,56.13108,56.864595,66.560265,69.02862,65.7740175,69.401895,53.442315,52.169625,49.7907375,54.12843,60.9735760374,61.197562095,59.097692805,59.3216788626,61.610281,62.051678800000005,57.5641345,58.3637942,,,,,,,,,57.1201338,56.470735,56.13108,56.864595,55.7088283,54.2991066,51.832542200000006,56.6478453
2026-07-29,2026-08-22 11:15:43,57.385,59.81,59.25,57.5634303444,57.64866317,56.84960543,56.9348382556,57.9750107,58.130646,56.3261358,56.5516413,61.325403075,61.698061875,58.204385625,58.577044425,62.27175,63.2938125,56.13108,56.864595,66.560265,69.02862,65.7740175,69.401895,53.442315,52.169625,49.7907375,54.12843,60.9735760374,61.197562095,59.097692805,59.3216788626,61.610281,62.051678800000005,57.5641345,58.3637942,58.7204521,59.1391168,58.5808972,59.2298562,,,,,,,,,55.7088283,54.2991066,51.832542200000006,56.6478453
2026-07-30,2026-08-22 11:16:02,57.975,59.81,59.25,58.5382622956,58.63796323,57.70326697,57.80296790439999,59.11068695,59.269371,57.026636,57.254946,61.325403075,61.698061875,58.204385625,58.577044425,62.27175,63.2938125,56.13108,56.864595,66.560265,69.02862,65.7740175,69.401895,53.442315,52.169625,49.7907375,54.12843,60.9735760374,61.197562095,59.097692805,59.3216788626,61.610281,62.051678800000005,57.5641345,58.3637942,59.87073085,60.2975968,59.7284422,60.3901137,,,,,,,,,55.7088283,54.2991066,51.832542200000006,56.6478453
2026-07-31,2026-08-22 11:16:21,59.26,59.81,59.25,59.6008525836,59.68203563,58.92094457,59.0021276164,59.943516200000005,60.104436,58.457235,58.6912725,61.325403075,61.698061875,58.204385625,58.577044425,62.27175,63.2938125,56.13108,56.864595,66.560265,69.02862,65.7740175,69.401895,53.442315,52.169625,49.7907375,54.12843,60.9735760374,61.197562095,59.097692805,59.3216788626,61.610281,62.051678800000005,57.5641345,58.3637942,,,,,,,,,57.743865,57.087375,56.784015,58.033005,55.7088283,54.2991066,51.832542200000006,56.6478453
2026-08-03,2026-08-22 11:16:39,58.65,58.65,58.65,58.990078784800005,59.07970194,58.239484860000005,58.3291080152,59.438771200000005,59.598336,57.6778052,57.9087222,60.704386335,61.073271375,57.6778052,57.9087222,61.64115,62.6528625,55.562664,56.288751,,,,,,,,,59.791008771,60.010650675,57.951507825,58.171149729,60.415365,60.848202,56.4476925,57.231843,,,,,,,,,56.9739468,56.32621,56.4476925,57.231843,,,,
2026-08-04,2026-08-22 11:16:57,58.38,58.65,58.65,58.619171078,58.70226775,57.923236450000005,58.006333122,58.9945956,59.152968,57.4311502,57.6610797,60.704386335,61.073271375,57.614974125,57.983859165,61.64115,62.6528625,55.562664,56.288751,,,,,,,,,59.791008771,60.010650675,57.951507825,58.171149729,60.415365,60.848202,56.4476925,57.231843,59.7531468,60.1791744,59.791008771,60.010650675,,,,,,,,,,,,
2026-08-05,2026-08-22 11:17:14,59.785,58.65,58.65,60.0547656502,60.136376335,59.371276165,59.4528868498,60.3977867,60.559926,58.9061471,59.14198185,60.704386335,61.073271375,57.614974125,57.983859165,61.64115,62.6528625,55.562664,56.288751,65.886237,68.329596,65.1079515,68.699091,,,,,59.791008771,60.010650675,57.951507825,58.171149729,60.415365,60.848202,56.4476925,57.231843,61.1743801,61.6105408,61.0289932,61.7050722,62.744943,64.093893,62.412984,64.1660325,,,,,,,,
2026-08-06,2026-08-22 11:17:29,62.2,58.65,58.65,62.5894563704,62.67577582,61.86653098,61.9528504296,62.9618913,63.130914,61.367764,61.613454,60.704386335,61.073271375,57.614974125,57.983859165,61.64115,62.6528625,55.562664,56.288751,65.886237,68.329596,65.1079515,68.699091,,,,,59.791008771,60.010650675,57.951507825,58.171149729,60.415365,60.848202,56.4476925,57.231843,63.7714539,64.2261312,63.6198948,64.3246758,62.744943,64.093893,62.412984,64.1660325,60.618876,59.9297,59.611236000000005,60.922412,,,,
