layer,entry_time,exit_time,direction,entry_price,exit_price,exit_reason,pnl
L1,1735768800,1735770060,short,4.054,4.05551211893295,STOP_LOSS_HARD,-37.8
L1,1735901700,1735901760,short,4.0575,4.05901211893295,STOP_LOSS_HARD,-37.8
L1,1735916100,1735918020,long,4.0755,4.08041930498048,TAKE_PROFIT_HARD,122.98
L1,1735918800,1735918980,long,4.0755,4.07398788106705,STOP_LOSS_HARD,-37.8
L1,1736154000,1736154000,short,4.179,4.18051211893295,STOP_LOSS_HARD,-37.8
L1,1736156100,1736156160,long,4.155,4.15991930498048,TAKE_PROFIT_HARD,122.98
L1,1736157600,1736157600,short,4.181,4.18251211893295,STOP_LOSS_HARD,-37.8
L1,1736164800,1736164980,short,4.1805,4.17558069501952,TAKE_PROFIT_HARD,122.98
L1,1736211000,1736211540,long,4.161,4.159,STOP_LOSS_HARD,-50.0
L1,1736217000,1736217000,long,4.185,4.18348788106705,STOP_LOSS_HARD,-37.8
L1,1736220300,1736220300,long,4.1835,4.181987881067051,STOP_LOSS_HARD,-37.8
L1,1736222700,1736222700,short,4.1835,4.18501211893295,STOP_LOSS_HARD,-37.8
L1,1736235900,1736236140,long,4.1845,4.18941930498048,TAKE_PROFIT_HARD,122.98
L1,1736265300,1736266560,short,4.179,4.1805,STOP_LOSS_SOFT,-37.5
L1,1736278500,1736280360,long,4.1825,4.18741930498048,TAKE_PROFIT_HARD,122.98
L1,1736289300,1736292540,long,4.1855,4.1839878810670506,STOP_LOSS_HARD,-37.8
L1,1736318700,1736318700,short,4.1825,4.18401211893295,STOP_LOSS_HARD,-37.8
L1,1736323200,1736323200,long,4.185,4.18991930498048,TAKE_PROFIT_HARD,122.98
L1,1736323800,1736324100,long,4.185,4.18991930498048,TAKE_PROFIT_HARD,122.98
L1,1736325300,1736325720,long,4.183,4.18791930498048,TAKE_PROFIT_HARD,122.98
L1,1736327700,1736327760,short,4.227,4.22851211893295,STOP_LOSS_HARD,-37.8
L1,1736343300,1736343660,long,4.265,4.26991930498048,TAKE_PROFIT_HARD,122.98
L1,1736344500,1736345160,long,4.264,4.26891930498048,TAKE_PROFIT_HARD,122.98
L1,1736345700,1736345820,long,4.264,4.26891930498048,TAKE_PROFIT_HARD,122.98
L1,1736347500,1736347920,long,4.264,4.26891930498048,TAKE_PROFIT_HARD,122.98
L1,1736359500,1736363460,long,4.265,4.263,STOP_LOSS_HARD,-50.0
L1,1736412300,1736412360,long,4.3325,4.33098788106705,STOP_LOSS_HARD,-37.8
L1,1736480100,1736481000,short,4.3485,4.3435806950195195,TAKE_PROFIT_HARD,122.98
L1,1736481300,1736481360,long,4.3365,4.33498788106705,STOP_LOSS_HARD,-37.8
L1,1736491200,1736491260,long,4.3365,4.33498788106705,STOP_LOSS_HARD,-37.8
L1,1736500500,1736500560,short,4.3485,4.350012118932949,STOP_LOSS_HARD,-37.8
L1,1736739900,1736740020,long,4.323,4.321,STOP_LOSS_HARD,-50.0
L1,1736742300,1736742300,long,4.316,4.31448788106705,STOP_LOSS_HARD,-37.8
L1,1736765700,1736765700,long,4.3365,4.33498788106705,STOP_LOSS_HARD,-37.8
L1,1736785800,1736791680,long,4.324,4.32891930498048,TAKE_PROFIT_HARD,122.98
L1,1736800800,1736800800,short,4.338,4.33951211893295,STOP_LOSS_HARD,-37.8
L1,1736803200,1736803320,long,4.335,4.33991930498048,TAKE_PROFIT_HARD,122.98
L1,1736804700,1736804820,short,4.3365,4.339,STOP_LOSS_HARD,-62.5
L1,1736825700,1736825700,long,4.335,4.33348788106705,STOP_LOSS_HARD,-37.8
L1,1736828700,1736829060,long,4.338,4.34291930498048,TAKE_PROFIT_HARD,122.98
L1,1736833200,1736833560,long,4.335,4.333,STOP_LOSS_HARD,-50.0
L1,1736841900,1736842200,long,4.331,4.3359193049804805,TAKE_PROFIT_HARD,122.98
L1,1736842500,1736842500,short,4.337,4.33208069501952,TAKE_PROFIT_HARD,122.98
L1,1736843100,1736843100,long,4.321,4.31948788106705,STOP_LOSS_HARD,-37.8
L1,1736850000,1736850240,short,4.337,4.338512118932949,STOP_LOSS_HARD,-37.8
L1,1736856600,1736856780,long,4.323,4.3279193049804805,TAKE_PROFIT_HARD,122.98
L1,1736858700,1736859420,short,4.3385,4.3400121189329495,STOP_LOSS_HARD,-37.8
L1,1736885100,1736885760,short,4.3375,4.33258069501952,TAKE_PROFIT_HARD,122.98
L1,1736904300,1736904540,short,4.338,4.33951211893295,STOP_LOSS_HARD,-37.8
L1,1736907000,1736907540,short,4.3395,4.33458069501952,TAKE_PROFIT_HARD,122.98
L1,1736907600,1736907720,long,4.3365,4.34141930498048,TAKE_PROFIT_HARD,122.98
L1,1736910300,1736910300,short,4.347,4.34851211893295,STOP_LOSS_HARD,-37.8
L1,1736911800,1736912580,long,4.336,4.3335,STOP_LOSS_HARD,-62.5
L1,1736940900,1736940900,long,4.3735,4.37198788106705,STOP_LOSS_HARD,-37.8
L1,1736964600,1736964960,short,4.3915,4.393012118932949,STOP_LOSS_HARD,-37.8
L1,1737071400,1737073020,long,4.457,4.4625,TAKE_PROFIT_HARD,137.5
L1,1737102900,1737102900,long,4.3735,4.37198788106705,STOP_LOSS_HARD,-37.8
L1,1737321300,1737321420,long,4.338,4.33648788106705,STOP_LOSS_HARD,-37.8
L1,1737372000,1737372000,long,4.3025,4.3009878810670505,STOP_LOSS_HARD,-37.8
L1,1737373500,1737373560,long,4.3015,4.30641930498048,TAKE_PROFIT_HARD,122.98
L1,1737376500,1737376500,short,4.3185,4.32001211893295,STOP_LOSS_HARD,-37.8
L1,1737405600,1737405720,long,4.296,4.294487881067051,STOP_LOSS_HARD,-37.8
L1,1737413100,1737413220,long,4.3015,4.29998788106705,STOP_LOSS_HARD,-37.8
L1,1737441000,1737441240,short,4.29,4.29151211893295,STOP_LOSS_HARD,-37.8
L1,1737455100,1737455100,short,4.323,4.32451211893295,STOP_LOSS_HARD,-37.8
L1,1737465600,1737469140,long,4.3375,4.335987881067051,STOP_LOSS_HARD,-37.8
L1,1737482700,1737482760,long,4.3265,4.324987881067051,STOP_LOSS_HARD,-37.8
L1,1737530100,1737530340,short,4.3155,4.31058069501952,TAKE_PROFIT_HARD,122.98
L1,1737533100,1737533100,short,4.318,4.319512118932949,STOP_LOSS_HARD,-37.8
L1,1737540000,1737540000,long,4.2945,4.2929878810670505,STOP_LOSS_HARD,-37.8
L1,1737577800,1737577800,short,4.28,4.28151211893295,STOP_LOSS_HARD,-37.8
L1,1737611100,1737613080,short,4.283,4.27808069501952,TAKE_PROFIT_HARD,122.98
L1,1737622500,1737622560,short,4.281,4.282512118932949,STOP_LOSS_HARD,-37.8
L1,1737670200,1737670500,long,4.3725,4.37098788106705,STOP_LOSS_HARD,-37.8
L1,1737680100,1737680280,long,4.374,4.37891930498048,TAKE_PROFIT_HARD,122.98
L1,1737691500,1737691680,long,4.373,4.37791930498048,TAKE_PROFIT_HARD,122.98
L1,1737696000,1737696060,long,4.3745,4.372,STOP_LOSS_HARD,-62.5
L1,1737708900,1737708900,long,4.3375,4.335987881067051,STOP_LOSS_HARD,-37.8
L1,1737730500,1737733200,short,4.315,4.31008069501952,TAKE_PROFIT_HARD,122.98
L1,1737737400,1737737880,short,4.3155,4.31058069501952,TAKE_PROFIT_HARD,122.98
L1,1737924600,1737924780,short,4.2745,4.26958069501952,TAKE_PROFIT_HARD,122.98
L1,1737925800,1737926100,short,4.272,4.26708069501952,TAKE_PROFIT_HARD,122.98
L1,1737927300,1737927780,short,4.274,4.27551211893295,STOP_LOSS_HARD,-37.8
L1,1737946800,1737946800,long,4.2525,4.2574193049804805,TAKE_PROFIT_HARD,122.98
L1,1737948900,1737949020,short,4.275,4.27651211893295,STOP_LOSS_HARD,-37.8
L1,1737969300,1737969840,short,4.275,4.27008069501952,TAKE_PROFIT_HARD,122.98
L1,1737971100,1737971100,short,4.2725,4.27401211893295,STOP_LOSS_HARD,-37.8
L1,1738011900,1738011900,long,4.26,4.25848788106705,STOP_LOSS_HARD,-37.8
L1,1738028400,1738028520,long,4.257,4.25548788106705,STOP_LOSS_HARD,-37.8
L1,1738050000,1738050900,long,4.258,4.25648788106705,STOP_LOSS_HARD,-37.8
L1,1738055100,1738055160,long,4.259,4.26391930498048,TAKE_PROFIT_HARD,122.98
L1,1738062900,1738063020,long,4.2585,4.2565,STOP_LOSS_HARD,-50.0
L1,1738127100,1738127160,short,4.2285,4.23001211893295,STOP_LOSS_HARD,-37.8
L1,1738197000,1738198980,short,4.2735,4.268,TAKE_PROFIT_HARD,137.5
L1,1738203300,1738203960,short,4.2735,4.26858069501952,TAKE_PROFIT_HARD,122.98
L1,1738205100,1738205340,short,4.273,4.275,STOP_LOSS_HARD,-50.0
L1,1738322700,1738323000,short,4.273,4.274512118932949,STOP_LOSS_HARD,-37.8
L1,1738330800,1738330800,short,4.2725,4.27401211893295,STOP_LOSS_HARD,-37.8
L1,1738519200,1738519200,short,4.273,4.2585,TAKE_PROFIT_HARD,362.5
L1,1738527300,1738527300,short,4.224,4.21908069501952,TAKE_PROFIT_HARD,122.98
L1,1738530300,1738530360,long,4.1995,4.19798788106705,STOP_LOSS_HARD,-37.8
L1,1738548600,1738550160,short,4.215,4.21008069501952,TAKE_PROFIT_HARD,122.98
L1,1738550700,1738550700,short,4.22,4.221512118932949,STOP_LOSS_HARD,-37.8
L1,1738552800,1738552800,short,4.23,4.23151211893295,STOP_LOSS_HARD,-37.8
L1,1738583100,1738583100,short,4.3125,4.31401211893295,STOP_LOSS_HARD,-37.8
L1,1738622100,1738622400,long,4.344,4.342487881067051,STOP_LOSS_HARD,-37.8
L1,1738663800,1738663800,long,4.346,4.34448788106705,STOP_LOSS_HARD,-37.8
L1,1738667700,1738667760,long,4.3465,4.35141930498048,TAKE_PROFIT_HARD,122.98
L1,1738671600,1738671780,long,4.343,4.34791930498048,TAKE_PROFIT_HARD,122.98
L1,1738680300,1738680600,short,4.3655,4.36701211893295,STOP_LOSS_HARD,-37.8
L1,1738699800,1738699800,short,4.3685,4.36358069501952,TAKE_PROFIT_HARD,122.98
L1,1738704300,1738704900,short,4.366,4.36108069501952,TAKE_PROFIT_HARD,122.98
L1,1738706400,1738706700,short,4.367,4.362,TAKE_PROFIT_HARD,125.0
L1,1738707600,1738707600,short,4.367,4.36851211893295,STOP_LOSS_HARD,-37.8
L1,1738717800,1738718160,short,4.3655,4.3675,STOP_LOSS_HARD,-50.0
L1,1738738800,1738739160,short,4.3675,4.369012118932949,STOP_LOSS_HARD,-37.8
L1,1738745100,1738745280,long,4.348,4.34648788106705,STOP_LOSS_HARD,-37.8
L1,1738787700,1738788060,short,4.472,4.47351211893295,STOP_LOSS_HARD,-37.8
L1,1738830000,1738830300,short,4.465,4.46008069501952,TAKE_PROFIT_HARD,122.98
L1,1738836300,1738836360,long,4.419,4.41748788106705,STOP_LOSS_HARD,-37.8
L1,1738838700,1738838760,long,4.426,4.4244878810670505,STOP_LOSS_HARD,-37.8
L1,1738871100,1738872060,short,4.465,4.4665121189329495,STOP_LOSS_HARD,-37.8
L1,1738917600,1738917600,short,4.5355,4.5370121189329495,STOP_LOSS_HARD,-37.8
L1,1738921200,1738921260,long,4.575,4.57991930498048,TAKE_PROFIT_HARD,122.98
L1,1739130300,1739130360,long,4.618,4.616487881067051,STOP_LOSS_HARD,-37.8
L1,1739171100,1739171520,long,4.62,4.62491930498048,TAKE_PROFIT_HARD,122.98
L1,1739178900,1739179200,short,4.6575,4.65258069501952,TAKE_PROFIT_HARD,122.98
L1,1739187300,1739187300,long,4.689,4.69391930498048,TAKE_PROFIT_HARD,122.98
L1,1739187900,1739187960,long,4.6915,4.68998788106705,STOP_LOSS_HARD,-37.8
L1,1739221500,1739221980,long,4.694,4.69248788106705,STOP_LOSS_HARD,-37.8
L1,1739241000,1739241120,short,4.6575,4.65258069501952,TAKE_PROFIT_HARD,122.98
L1,1739244900,1739244900,long,4.637,4.63548788106705,STOP_LOSS_HARD,-37.8
L1,1739257800,1739257800,long,4.579,4.57748788106705,STOP_LOSS_HARD,-37.8
L1,1739266200,1739266440,short,4.561,4.556,TAKE_PROFIT_HARD,125.0
L1,1739270100,1739270100,long,4.58,4.57848788106705,STOP_LOSS_HARD,-37.8
L1,1739313000,1739313180,long,4.583,4.581,STOP_LOSS_HARD,-50.0
L1,1739347500,1739347500,long,4.6205,4.61898788106705,STOP_LOSS_HARD,-37.8
L1,1739369400,1739370120,long,4.694,4.69891930498048,TAKE_PROFIT_HARD,122.98
L1,1739387400,1739387760,long,4.694,4.69248788106705,STOP_LOSS_HARD,-37.8
L1,1739416800,1739416860,short,4.715,4.7165121189329495,STOP_LOSS_HARD,-37.8
L1,1739428500,1739428560,short,4.716,4.71751211893295,STOP_LOSS_HARD,-37.8
L1,1739437800,1739437980,short,4.7185,4.71358069501952,TAKE_PROFIT_HARD,122.98
L1,1739439300,1739439360,short,4.719,4.71408069501952,TAKE_PROFIT_HARD,122.98
L1,1739440200,1739440200,short,4.7175,4.71901211893295,STOP_LOSS_HARD,-37.8
L1,1739447700,1739448060,short,4.7615,4.7565,TAKE_PROFIT_HARD,125.0
L1,1739448600,1739448600,short,4.766,4.76751211893295,STOP_LOSS_HARD,-37.8
L1,1739453700,1739453940,short,4.777,4.77851211893295,STOP_LOSS_HARD,-37.8
L1,1739469900,1739470080,long,4.779,4.77748788106705,STOP_LOSS_HARD,-37.8
L1,1739497800,1739497860,long,4.808,4.80648788106705,STOP_LOSS_HARD,-37.8
L1,1739511300,1739511540,long,4.7835,4.78198788106705,STOP_LOSS_HARD,-37.8
L1,1739514300,1739514420,long,4.7805,4.77898788106705,STOP_LOSS_HARD,-37.8
L1,1739526600,1739526600,short,4.719,4.72051211893295,STOP_LOSS_HARD,-37.8
L1,1739538900,1739538900,short,4.655,4.65651211893295,STOP_LOSS_HARD,-37.8
L1,1739550900,1739551500,long,4.6405,4.638987881067051,STOP_LOSS_HARD,-37.8
L1,1739779800,1739779920,short,4.608,4.609512118932949,STOP_LOSS_HARD,-37.8
L1,1739788800,1739788800,short,4.604,4.60551211893295,STOP_LOSS_HARD,-37.8
L1,1739823900,1739823960,long,4.5885,4.58698788106705,STOP_LOSS_HARD,-37.8
L1,1739831700,1739832000,short,4.6075,4.60258069501952,TAKE_PROFIT_HARD,122.98
L1,1739841600,1739841960,long,4.5835,4.58198788106705,STOP_LOSS_HARD,-37.8
L1,1739844300,1739844360,short,4.6025,4.60401211893295,STOP_LOSS_HARD,-37.8
L1,1739852700,1739852700,short,4.603,4.59808069501952,TAKE_PROFIT_HARD,122.98
L1,1739859000,1739859120,short,4.603,4.59808069501952,TAKE_PROFIT_HARD,122.98
L1,1739863500,1739864040,long,4.585,4.58991930498048,TAKE_PROFIT_HARD,122.98
L1,1739872200,1739872380,short,4.565,4.56008069501952,TAKE_PROFIT_HARD,122.98
L1,1739878200,1739878260,short,4.5695,4.571012118932949,STOP_LOSS_HARD,-37.8
L1,1739881200,1739881200,long,4.582,4.58048788106705,STOP_LOSS_HARD,-37.8
L1,1739895600,1739897340,long,4.5815,4.58641930498048,TAKE_PROFIT_HARD,122.98
L1,1739901600,1739901600,long,4.5825,4.589,TAKE_PROFIT_HARD,162.5
L1,1739903400,1739903460,long,4.583,4.5814878810670505,STOP_LOSS_HARD,-37.8
L1,1739918700,1739923020,short,4.568,4.569512118932949,STOP_LOSS_HARD,-37.8
L1,1739932800,1739932800,long,4.586,4.584487881067051,STOP_LOSS_HARD,-37.8
L1,1739939700,1739940540,short,4.6045,4.6060121189329495,STOP_LOSS_HARD,-37.8
L1,1739943300,1739943420,short,4.6055,4.60058069501952,TAKE_PROFIT_HARD,122.98
L1,1739946600,1739946660,short,4.602,4.6055,STOP_LOSS_HARD,-87.5
L1,1739956500,1739956560,long,4.58,4.57848788106705,STOP_LOSS_HARD,-37.8
L1,1739962200,1739962380,long,4.581,4.579487881067051,STOP_LOSS_HARD,-37.8
L1,1739969400,1739970000,short,4.565,4.56008069501952,TAKE_PROFIT_HARD,122.98
L1,1739992200,1739993400,short,4.5645,4.5660121189329494,STOP_LOSS_HARD,-37.8
L1,1740014400,1740014460,long,4.5895,4.5879878810670505,STOP_LOSS_HARD,-37.8
L1,1740019200,1740019380,long,4.5865,4.5845,STOP_LOSS_HARD,-50.0
L1,1740023700,1740023700,long,4.588,4.59291930498048,TAKE_PROFIT_HARD,122.98
L1,1740034500,1740034620,short,4.6045,4.6060121189329495,STOP_LOSS_HARD,-37.8
L1,1740041700,1740041820,long,4.617,4.61548788106705,STOP_LOSS_HARD,-37.8
L1,1740048900,1740049200,long,4.62,4.61848788106705,STOP_LOSS_HARD,-37.8
L1,1740080100,1740080580,short,4.602,4.59708069501952,TAKE_PROFIT_HARD,122.98
L1,1740084600,1740084900,long,4.586,4.59091930498048,TAKE_PROFIT_HARD,122.98
L1,1740085200,1740085200,long,4.5855,4.58398788106705,STOP_LOSS_HARD,-37.8
L1,1740089700,1740089820,long,4.5875,4.585987881067051,STOP_LOSS_HARD,-37.8
L1,1740100500,1740100740,short,4.5655,4.56058069501952,TAKE_PROFIT_HARD,122.98
L1,1740101700,1740101760,short,4.5645,4.55958069501952,TAKE_PROFIT_HARD,122.98
L1,1740102600,1740102780,short,4.5665,4.568012118932949,STOP_LOSS_HARD,-37.8
L1,1740112500,1740112500,short,4.565,4.56651211893295,STOP_LOSS_HARD,-37.8
L1,1740121800,1740121800,long,4.583,4.5814878810670505,STOP_LOSS_HARD,-37.8
L1,1740126000,1740126060,long,4.582,4.58,STOP_LOSS_HARD,-50.0
L1,1740136200,1740136380,short,4.568,4.5630806950195195,TAKE_PROFIT_HARD,122.98
L1,1740465900,1740466080,long,4.5785,4.57698788106705,STOP_LOSS_HARD,-37.8
L1,1740472200,1740472200,short,4.5905,4.592012118932949,STOP_LOSS_HARD,-37.8
L1,1740518700,1740518760,long,4.716,4.7144878810670505,STOP_LOSS_HARD,-37.8
L1,1740559800,1740559860,long,4.6305,4.63541930498048,TAKE_PROFIT_HARD,122.98
L1,1740571200,1740571200,long,4.6125,4.61741930498048,TAKE_PROFIT_HARD,122.98
L1,1740575100,1740575100,long,4.582,4.58048788106705,STOP_LOSS_HARD,-37.8
L1,1740577800,1740577920,long,4.574,4.57248788106705,STOP_LOSS_HARD,-37.8
L1,1740594300,1740594840,long,4.5775,4.58241930498048,TAKE_PROFIT_HARD,122.98
L1,1740596100,1740596340,long,4.5825,4.58098788106705,STOP_LOSS_HARD,-37.8
L1,1740621300,1740621660,long,4.576,4.58091930498048,TAKE_PROFIT_HARD,122.98
L1,1740622200,1740622440,long,4.568,4.57291930498048,TAKE_PROFIT_HARD,122.98
L1,1740624600,1740624840,short,4.5945,4.5895,TAKE_PROFIT_HARD,125.0
L1,1740625800,1740625800,short,4.597,4.59851211893295,STOP_LOSS_HARD,-37.8
L1,1740637800,1740637800,long,4.6205,4.61898788106705,STOP_LOSS_HARD,-37.8
L1,1740654300,1740654360,short,4.5945,4.59601211893295,STOP_LOSS_HARD,-37.8
L1,1740674100,1740674160,short,4.5915,4.59301211893295,STOP_LOSS_HARD,-37.8
L1,1740686100,1740686220,long,4.582,4.58048788106705,STOP_LOSS_HARD,-37.8
L1,1740690000,1740690060,long,4.5725,4.57098788106705,STOP_LOSS_HARD,-37.8
L1,1740990000,1740990000,long,4.616,4.61448788106705,STOP_LOSS_HARD,-37.8
L1,1741005000,1741005000,long,4.6195,4.617987881067051,STOP_LOSS_HARD,-37.8
L1,1741068600,1741068660,short,4.539,4.540512118932949,STOP_LOSS_HARD,-37.8
L1,1741128900,1741128900,long,4.61,4.61491930498048,TAKE_PROFIT_HARD,122.98
L1,1741148100,1741148280,long,4.751,4.75591930498048,TAKE_PROFIT_HARD,122.98
L1,1741177800,1741177800,long,4.787,4.78548788106705,STOP_LOSS_HARD,-37.8
L1,1741205100,1741205220,short,4.803,4.80451211893295,STOP_LOSS_HARD,-37.8
L1,1741258200,1741258260,short,4.8025,4.79758069501952,TAKE_PROFIT_HARD,122.98
L1,1741300200,1741300200,short,4.769,4.77051211893295,STOP_LOSS_HARD,-37.8
L1,1741310400,1741310460,short,4.7685,4.77001211893295,STOP_LOSS_HARD,-37.8
L1,1741330800,1741330800,short,4.77,4.7650806950195195,TAKE_PROFIT_HARD,122.98
L1,1741332000,1741332060,long,4.7535,4.75198788106705,STOP_LOSS_HARD,-37.8
L1,1741346700,1741346700,long,4.744,4.74248788106705,STOP_LOSS_HARD,-37.8
L1,1741546500,1741546740,short,4.7015,4.696,TAKE_PROFIT_HARD,137.5
L1,1741549800,1741550220,short,4.702,4.70351211893295,STOP_LOSS_HARD,-37.8
L1,1741561500,1741561500,long,4.6805,4.6785,STOP_LOSS_HARD,-50.0
L1,1741568700,1741568700,long,4.6785,4.67698788106705,STOP_LOSS_HARD,-37.8
L1,1741580100,1741580100,long,4.6805,4.678987881067051,STOP_LOSS_HARD,-37.8
L1,1741587600,1741587600,long,4.678,4.676,STOP_LOSS_HARD,-50.0
L1,1741600800,1741600800,long,4.6745,4.6725,STOP_LOSS_HARD,-50.0
L1,1741606500,1741606740,long,4.675,4.67348788106705,STOP_LOSS_HARD,-37.8
L1,1741611900,1741611900,long,4.6555,4.65398788106705,STOP_LOSS_HARD,-37.8
L1,1741641600,1741641840,short,4.634,4.62908069501952,TAKE_PROFIT_HARD,122.98
L1,1741646700,1741646700,long,4.656,4.65448788106705,STOP_LOSS_HARD,-37.8
L1,1741649400,1741650120,long,4.653,4.65148788106705,STOP_LOSS_HARD,-37.8
L1,1741662000,1741662000,short,4.669,4.6640806950195195,TAKE_PROFIT_HARD,122.98
L1,1741664700,1741664760,short,4.6705,4.672012118932949,STOP_LOSS_HARD,-37.8
L1,1741671900,1741671960,short,4.703,4.70451211893295,STOP_LOSS_HARD,-37.8
L1,1741689000,1741689000,long,4.7545,4.75941930498048,TAKE_PROFIT_HARD,122.98
L1,1741695000,1741695000,long,4.757,4.75548788106705,STOP_LOSS_HARD,-37.8
L1,1741699800,1741699800,long,4.7575,4.76241930498048,TAKE_PROFIT_HARD,122.98
L1,1741707300,1741707300,short,4.799,4.80051211893295,STOP_LOSS_HARD,-37.8
L1,1741731300,1741731360,short,4.8055,4.80701211893295,STOP_LOSS_HARD,-37.8
L1,1741751700,1741751760,short,4.802,4.803512118932949,STOP_LOSS_HARD,-37.8
L1,1741830600,1741830900,short,4.8355,4.837012118932949,STOP_LOSS_HARD,-37.8
L1,1741845000,1741845120,short,4.8345,4.82958069501952,TAKE_PROFIT_HARD,122.98
L1,1741857000,1741857060,short,4.835,4.83008069501952,TAKE_PROFIT_HARD,122.98
L1,1741858200,1741858200,short,4.8335,4.83501211893295,STOP_LOSS_HARD,-37.8
L1,1741867200,1741867380,long,4.902,4.90691930498048,TAKE_PROFIT_HARD,122.98
L1,1741871100,1741871100,long,4.92,4.91848788106705,STOP_LOSS_HARD,-37.8
L1,1741889100,1741889520,long,4.9235,4.9215,STOP_LOSS_HARD,-50.0
L1,1741896300,1741896660,long,4.926,4.9244878810670505,STOP_LOSS_HARD,-37.8
L1,1741899900,1741899900,long,4.9215,4.91998788106705,STOP_LOSS_HARD,-37.8
L1,1741902600,1741902660,long,4.924,4.9289193049804805,TAKE_PROFIT_HARD,122.98
L1,1741907400,1741907400,short,4.9475,4.9490121189329495,STOP_LOSS_HARD,-37.8
L1,1741915500,1741915800,long,4.9295,4.93441930498048,TAKE_PROFIT_HARD,122.98
L1,1741918500,1741918560,long,4.9335,4.931987881067051,STOP_LOSS_HARD,-37.8
L1,1741922400,1741922400,short,4.946,4.947512118932949,STOP_LOSS_HARD,-37.8
L1,1741929900,1741929900,long,4.9235,4.92198788106705,STOP_LOSS_HARD,-37.8
L1,1741934100,1741934100,long,4.921,4.919487881067051,STOP_LOSS_HARD,-37.8
L1,1741942200,1741942380,long,4.934,4.93891930498048,TAKE_PROFIT_HARD,122.98
L1,1742208900,1742208900,long,4.93,4.92848788106705,STOP_LOSS_HARD,-37.8
L1,1742246400,1742246640,long,4.985,4.9905,TAKE_PROFIT_HARD,137.5
L1,1742247300,1742247420,long,4.983,4.98,STOP_LOSS_HARD,-75.0
L1,1742264100,1742264280,long,4.9665,4.96498788106705,STOP_LOSS_HARD,-37.8
L1,1742278800,1742278800,long,4.965,4.96348788106705,STOP_LOSS_HARD,-37.8
L1,1742289900,1742289960,short,5.008,5.00951211893295,STOP_LOSS_HARD,-37.8
L1,1742298600,1742298600,long,4.983,4.9805,STOP_LOSS_HARD,-62.5
L1,1742304300,1742304360,short,5.0075,5.00901211893295,STOP_LOSS_HARD,-37.8
L1,1742331300,1742331360,short,5.009,5.01051211893295,STOP_LOSS_HARD,-37.8
L1,1742385600,1742385600,long,5.079,5.08391930498048,TAKE_PROFIT_HARD,122.98
L1,1742399400,1742399760,short,5.1185,5.12001211893295,STOP_LOSS_HARD,-37.8
L1,1742417700,1742418000,short,5.133,5.13451211893295,STOP_LOSS_HARD,-37.8
L1,1742436000,1742436000,short,5.132,5.133512118932949,STOP_LOSS_HARD,-37.8
L1,1742445300,1742445360,short,5.118,5.1195,STOP_LOSS_SOFT,-37.5
L1,1742448900,1742449020,long,5.1085,5.114,TAKE_PROFIT_HARD,137.5
L1,1742458200,1742458200,short,5.122,5.1235121189329496,STOP_LOSS_HARD,-37.8
L1,1742459700,1742459760,long,5.103,5.10148788106705,STOP_LOSS_HARD,-37.8
L1,1742476200,1742476200,long,5.11,5.108487881067051,STOP_LOSS_HARD,-37.8
L1,1742506800,1742507100,short,5.1335,5.12858069501952,TAKE_PROFIT_HARD,122.98
L1,1742540100,1742541240,short,5.0505,5.05201211893295,STOP_LOSS_HARD,-37.8
L1,1742754000,1742754600,short,5.1205,5.11558069501952,TAKE_PROFIT_HARD,122.98
L1,1742768100,1742768220,short,5.1375,5.13258069501952,TAKE_PROFIT_HARD,122.98
L1,1742768700,1742768700,short,5.1335,5.135012118932949,STOP_LOSS_HARD,-37.8
L1,1742779800,1742779800,short,5.135,5.1365121189329495,STOP_LOSS_HARD,-37.8
L1,1742784600,1742784960,short,5.1615,5.1565,TAKE_PROFIT_HARD,125.0
L1,1742785200,1742785200,short,5.161,5.162512118932949,STOP_LOSS_HARD,-37.8
L1,1742796900,1742796960,long,5.141,5.14591930498048,TAKE_PROFIT_HARD,122.98
L1,1742797800,1742797920,short,5.162,5.16351211893295,STOP_LOSS_HARD,-37.8
L1,1742817900,1742817960,short,5.119,5.120512118932949,STOP_LOSS_HARD,-37.8
L1,1742872200,1742872320,short,5.124,5.125512118932949,STOP_LOSS_HARD,-37.8
L1,1742877300,1742877300,short,5.141,5.14251211893295,STOP_LOSS_HARD,-37.8
L1,1742883300,1742883360,short,5.1385,5.140012118932949,STOP_LOSS_HARD,-37.8
L1,1742890500,1742890500,short,5.1595,5.16101211893295,STOP_LOSS_HARD,-37.8
L1,1742925900,1742926620,short,5.2315,5.2265806950195195,TAKE_PROFIT_HARD,122.98
L1,1743026700,1743026760,short,5.228,5.229512118932949,STOP_LOSS_HARD,-37.8
L1,1743059100,1743059220,short,5.23,5.23151211893295,STOP_LOSS_HARD,-37.8
L1,1743074700,1743074700,long,5.1365,5.13498788106705,STOP_LOSS_HARD,-37.8
L1,1743077100,1743077100,short,5.1295,5.13101211893295,STOP_LOSS_HARD,-37.8
L1,1743080700,1743081120,short,5.123,5.12451211893295,STOP_LOSS_HARD,-37.8
L1,1743114300,1743114480,short,5.1195,5.11458069501952,TAKE_PROFIT_HARD,122.98
L1,1743150300,1743150420,short,5.134,5.12908069501952,TAKE_PROFIT_HARD,122.98
L1,1743155700,1743155760,short,5.1615,5.16301211893295,STOP_LOSS_HARD,-37.8
L1,1743164100,1743164160,long,5.141,5.13948788106705,STOP_LOSS_HARD,-37.8
L1,1743168300,1743168300,short,5.138,5.13308069501952,TAKE_PROFIT_HARD,122.98
L1,1743174300,1743175560,short,5.1195,5.11458069501952,TAKE_PROFIT_HARD,122.98
L1,1743360000,1743360180,short,5.1345,5.13601211893295,STOP_LOSS_HARD,-37.8
L1,1743395700,1743395820,long,5.061,5.05948788106705,STOP_LOSS_HARD,-37.8
L1,1743408000,1743408180,short,5.048,5.04951211893295,STOP_LOSS_HARD,-37.8
L1,1743425700,1743425820,short,5.042,5.03708069501952,TAKE_PROFIT_HARD,122.98
L1,1743426600,1743426600,short,5.042,5.0435121189329495,STOP_LOSS_HARD,-37.8
L1,1743456000,1743456480,long,5.06,5.06491930498048,TAKE_PROFIT_HARD,122.98
L1,1743459900,1743459900,short,5.082,5.0835121189329495,STOP_LOSS_HARD,-37.8
L1,1743475200,1743475260,short,5.084,5.085512118932949,STOP_LOSS_HARD,-37.8
L1,1743499800,1743499800,short,5.046,5.04108069501952,TAKE_PROFIT_HARD,122.98
L1,1743507600,1743507600,short,5.0485,5.04358069501952,TAKE_PROFIT_HARD,122.98
L1,1743524700,1743525540,short,5.0405,5.03558069501952,TAKE_PROFIT_HARD,122.98
L1,1743531300,1743531480,short,5.0395,5.04101211893295,STOP_LOSS_HARD,-37.8
L1,1743543000,1743543060,short,5.046,5.04751211893295,STOP_LOSS_HARD,-37.8
L1,1743553500,1743553920,long,5.0655,5.0639878810670504,STOP_LOSS_HARD,-37.8
L1,1743566100,1743566220,short,5.0475,5.051,STOP_LOSS_HARD,-87.5
L1,1743583200,1743583200,long,5.0665,5.06498788106705,STOP_LOSS_HARD,-37.8
L1,1743593700,1743593820,short,5.04,5.04151211893295,STOP_LOSS_HARD,-37.8
L1,1743598500,1743598500,short,5.0415,5.04301211893295,STOP_LOSS_HARD,-37.8
L1,1743604800,1743605340,short,5.0415,5.0365,TAKE_PROFIT_HARD,125.0
L1,1743651900,1743651900,short,4.8855,4.88701211893295,STOP_LOSS_HARD,-37.8
L1,1743658200,1743658260,short,4.9235,4.925012118932949,STOP_LOSS_HARD,-37.8
L1,1743663000,1743663120,short,4.9255,4.92058069501952,TAKE_PROFIT_HARD,122.98
L1,1743679800,1743679860,long,4.845,4.84348788106705,STOP_LOSS_HARD,-37.8
L1,1743741300,1743741300,long,4.733,4.73148788106705,STOP_LOSS_HARD,-37.8
L1,1744065300,1744065780,short,4.3135,4.30858069501952,TAKE_PROFIT_HARD,122.98
L1,1744161900,1744162020,short,4.127,4.12208069501952,TAKE_PROFIT_HARD,122.98
L1,1744162800,1744163040,short,4.1295,4.13101211893295,STOP_LOSS_HARD,-37.8
L1,1744228800,1744228800,short,4.405,4.40651211893295,STOP_LOSS_HARD,-37.8
L1,1744311000,1744311600,long,4.386,4.39091930498048,TAKE_PROFIT_HARD,122.98
L1,1744311900,1744312260,long,4.384,4.381,STOP_LOSS_HARD,-75.0
L1,1744356900,1744356900,short,4.4635,4.45858069501952,TAKE_PROFIT_HARD,122.98
L1,1744358100,1744358160,short,4.461,4.46251211893295,STOP_LOSS_HARD,-37.8
L1,1744376400,1744376400,long,4.5235,4.521987881067051,STOP_LOSS_HARD,-37.8
L1,1744570500,1744570500,long,4.5545,4.55298788106705,STOP_LOSS_HARD,-37.8
L1,1744577700,1744577760,short,4.5505,4.55201211893295,STOP_LOSS_HARD,-37.8
L1,1744593000,1744593000,long,4.536,4.53448788106705,STOP_LOSS_HARD,-37.8
L1,1744599300,1744599540,long,4.5535,4.55198788106705,STOP_LOSS_HARD,-37.8
L1,1744601400,1744601400,short,4.5475,4.54901211893295,STOP_LOSS_HARD,-37.8
L1,1744638000,1744638060,short,4.652,4.647,TAKE_PROFIT_HARD,125.0
L1,1744671000,1744672020,short,4.6455,4.64058069501952,TAKE_PROFIT_HARD,122.98
L1,1744680900,1744680900,long,4.632,4.63048788106705,STOP_LOSS_HARD,-37.8
L1,1744687500,1744687560,long,4.6325,4.6375,TAKE_PROFIT_HARD,125.0
L1,1744689600,1744689600,short,4.6515,4.64658069501952,TAKE_PROFIT_HARD,122.98
L1,1744698000,1744698300,long,4.6275,4.6255,STOP_LOSS_HARD,-50.0
L1,1744769400,1744769400,short,4.555,4.556512118932949,STOP_LOSS_HARD,-37.8
L1,1744797600,1744797600,long,4.628,4.63291930498048,TAKE_PROFIT_HARD,122.98
L1,1744800000,1744800000,short,4.6455,4.64701211893295,STOP_LOSS_HARD,-37.8
L1,1744809300,1744809300,short,4.684,4.68551211893295,STOP_LOSS_HARD,-37.8
L1,1744826400,1744826400,long,4.6775,4.68241930498048,TAKE_PROFIT_HARD,122.98
L1,1744827000,1744827960,short,4.682,4.6835,STOP_LOSS_SOFT,-37.5
L1,1744833900,1744833960,long,4.6825,4.68741930498048,TAKE_PROFIT_HARD,122.98
L1,1744834500,1744834560,long,4.6825,4.68098788106705,STOP_LOSS_HARD,-37.8
L1,1744888800,1744888860,short,4.65,4.64508069501952,TAKE_PROFIT_HARD,122.98
L1,1744897500,1744897500,short,4.71,4.71151211893295,STOP_LOSS_HARD,-37.8
L1,1744902600,1744902720,short,4.706,4.6995,TAKE_PROFIT_HARD,162.5
L1,1744906500,1744907400,short,4.707,4.70208069501952,TAKE_PROFIT_HARD,122.98
L1,1744908000,1744908780,short,4.7055,4.7070121189329495,STOP_LOSS_HARD,-37.8
L1,1745205300,1745205300,long,4.7545,4.7529878810670505,STOP_LOSS_HARD,-37.8
L1,1745211300,1745211480,short,4.7695,4.7710121189329495,STOP_LOSS_HARD,-37.8
L1,1745266200,1745266320,short,4.736,4.737512118932949,STOP_LOSS_HARD,-37.8
L1,1745276700,1745276820,long,4.755,4.75991930498048,TAKE_PROFIT_HARD,122.98
L1,1745280600,1745282040,short,4.775,4.77008069501952,TAKE_PROFIT_HARD,122.98
L1,1745282700,1745283060,short,4.7805,4.775,TAKE_PROFIT_HARD,137.5
L1,1745283600,1745283780,short,4.778,4.7805,STOP_LOSS_HARD,-62.5
L1,1745291700,1745291700,long,4.752,4.75691930498048,TAKE_PROFIT_HARD,122.98
L1,1745293200,1745293440,long,4.7585,4.7565,STOP_LOSS_HARD,-50.0
L1,1745301900,1745303400,long,4.756,4.76091930498048,TAKE_PROFIT_HARD,122.98
L1,1745315400,1745315400,long,4.812,4.81691930498048,TAKE_PROFIT_HARD,122.98
L1,1745317200,1745317200,long,4.809,4.8074878810670505,STOP_LOSS_HARD,-37.8
L1,1745321700,1745322000,short,4.842,4.843512118932949,STOP_LOSS_HARD,-37.8
L1,1745337600,1745337840,long,4.842,4.84691930498048,TAKE_PROFIT_HARD,122.98
L1,1745351700,1745351700,short,4.885,4.8865121189329495,STOP_LOSS_HARD,-37.8
L1,1745359800,1745359860,long,4.903,4.9,STOP_LOSS_HARD,-75.0
L1,1745364300,1745364300,short,4.887,4.888512118932949,STOP_LOSS_HARD,-37.8
L1,1745384100,1745384340,long,4.9045,4.9025,STOP_LOSS_HARD,-50.0
L1,1745398800,1745398800,long,4.9045,4.90941930498048,TAKE_PROFIT_HARD,122.98
L1,1745412600,1745412600,long,4.8435,4.84198788106705,STOP_LOSS_HARD,-37.8
L1,1745415300,1745415300,short,4.835,4.837,STOP_LOSS_HARD,-50.0
L1,1745427300,1745431200,short,4.836,4.83108069501952,TAKE_PROFIT_HARD,122.98
L1,1745438700,1745438940,short,4.836,4.83751211893295,STOP_LOSS_HARD,-37.8
L1,1745442900,1745443260,short,4.8415,4.8445,STOP_LOSS_HARD,-75.0
L1,1745448000,1745448180,long,4.842,4.84691930498048,TAKE_PROFIT_HARD,122.98
L1,1745456700,1745456760,short,4.8395,4.8415,STOP_LOSS_HARD,-50.0
L1,1745461500,1745461500,short,4.8345,4.83601211893295,STOP_LOSS_HARD,-37.8
L1,1745485800,1745485860,long,4.838,4.83648788106705,STOP_LOSS_HARD,-37.8
L1,1745488200,1745488200,long,4.8375,4.8424193049804805,TAKE_PROFIT_HARD,122.98
L1,1745513400,1745513880,short,4.885,4.88008069501952,TAKE_PROFIT_HARD,122.98
L1,1745525100,1745525220,long,4.9335,4.9384193049804805,TAKE_PROFIT_HARD,122.98
L1,1745525700,1745525880,long,4.9345,4.94,TAKE_PROFIT_HARD,137.5
L1,1745526900,1745527020,long,4.9345,4.93298788106705,STOP_LOSS_HARD,-37.8
L1,1745552700,1745552700,long,4.8395,4.84441930498048,TAKE_PROFIT_HARD,122.98
L1,1745555100,1745555160,long,4.815,4.8199193049804805,TAKE_PROFIT_HARD,122.98
L1,1745555700,1745555820,long,4.81,4.80848788106705,STOP_LOSS_HARD,-37.8
L1,1745565300,1745565300,short,4.835,4.83651211893295,STOP_LOSS_HARD,-37.8
L1,1745567700,1745567880,long,4.832,4.83048788106705,STOP_LOSS_HARD,-37.8
L1,1745589900,1745589960,short,4.8885,4.892,STOP_LOSS_HARD,-87.5
L1,1745777100,1745777100,short,4.904,4.90551211893295,STOP_LOSS_HARD,-37.8
L1,1745782800,1745783100,short,4.892,4.8865,TAKE_PROFIT_HARD,137.5
L1,1745790300,1745790360,long,4.8445,4.84941930498048,TAKE_PROFIT_HARD,122.98
L1,1745790600,1745791140,long,4.843,4.84148788106705,STOP_LOSS_HARD,-37.8
L1,1745794800,1745794800,long,4.845,4.84348788106705,STOP_LOSS_HARD,-37.8
L1,1745824200,1745824200,long,4.882,4.88,STOP_LOSS_HARD,-50.0
L1,1745836500,1745836620,short,4.908,4.90951211893295,STOP_LOSS_HARD,-37.8
L1,1745844000,1745844000,long,4.881,4.88591930498048,TAKE_PROFIT_HARD,122.98
L1,1745846100,1745846100,long,4.883,4.88148788106705,STOP_LOSS_HARD,-37.8
L1,1745850600,1745850600,short,4.8975,4.89901211893295,STOP_LOSS_HARD,-37.8
L1,1745872800,1745872800,short,4.9,4.90151211893295,STOP_LOSS_HARD,-37.8
L1,1745883000,1745883960,long,4.8755,4.8735,STOP_LOSS_HARD,-50.0
L1,1745895900,1745896020,short,4.886,4.8875,STOP_LOSS_SOFT,-37.5
L1,1745908500,1745908680,long,4.94,4.938487881067051,STOP_LOSS_HARD,-37.8
L1,1745911800,1745911860,long,4.934,4.93891930498048,TAKE_PROFIT_HARD,122.98
L1,1745916900,1745916960,long,4.9395,4.9375,STOP_LOSS_HARD,-50.0
L1,1745926200,1745926200,short,4.886,4.88751211893295,STOP_LOSS_HARD,-37.8
L1,1745995500,1745995560,long,4.6295,4.6279878810670505,STOP_LOSS_HARD,-37.8
L1,1746007200,1746007200,long,4.553,4.55791930498048,TAKE_PROFIT_HARD,122.98
L1,1746111000,1746111120,short,4.645,4.6400806950195195,TAKE_PROFIT_HARD,122.98
L1,1746156600,1746156660,long,4.6865,4.69141930498048,TAKE_PROFIT_HARD,122.98
L1,1746158100,1746158400,long,4.686,4.69091930498048,TAKE_PROFIT_HARD,122.98
L1,1746160200,1746160200,long,4.6805,4.678987881067051,STOP_LOSS_HARD,-37.8
L1,1746183000,1746183300,long,4.6855,4.69041930498048,TAKE_PROFIT_HARD,122.98
L1,1746183900,1746183900,long,4.679,4.677487881067051,STOP_LOSS_HARD,-37.8
L1,1746201000,1746201120,long,4.6845,4.68298788106705,STOP_LOSS_HARD,-37.8
L1,1746416700,1746416880,long,4.734,4.74,TAKE_PROFIT_HARD,150.0
L1,1746417900,1746417900,short,4.744,4.73908069501952,TAKE_PROFIT_HARD,122.98
L1,1746419100,1746419100,short,4.743,4.74451211893295,STOP_LOSS_HARD,-37.8
L1,1746423600,1746423600,long,4.74,4.7384878810670505,STOP_LOSS_HARD,-37.8
L1,1746434700,1746435000,short,4.748,4.74308069501952,TAKE_PROFIT_HARD,122.98
L1,1746438000,1746438300,long,4.743,4.741487881067051,STOP_LOSS_HARD,-37.8
L1,1746484500,1746484620,long,4.712,4.71691930498048,TAKE_PROFIT_HARD,122.98
L1,1746489000,1746489840,short,4.7425,4.73758069501952,TAKE_PROFIT_HARD,122.98
L1,1746492000,1746492540,short,4.7425,4.744012118932949,STOP_LOSS_HARD,-37.8
L1,1746517200,1746517380,long,4.7135,4.71198788106705,STOP_LOSS_HARD,-37.8
L1,1746556800,1746556980,long,4.7925,4.790987881067051,STOP_LOSS_HARD,-37.8
L1,1746571800,1746571800,long,4.72,4.72491930498048,TAKE_PROFIT_HARD,122.98
L1,1746575100,1746575280,long,4.7205,4.718987881067051,STOP_LOSS_HARD,-37.8
L1,1746584700,1746584820,long,4.7185,4.71698788106705,STOP_LOSS_HARD,-37.8
L1,1746593400,1746593520,long,4.7175,4.715987881067051,STOP_LOSS_HARD,-37.8
L1,1746612900,1746612960,long,4.645,4.643,STOP_LOSS_HARD,-50.0
L1,1746618900,1746619020,long,4.643,4.64791930498048,TAKE_PROFIT_HARD,122.98
L1,1746627300,1746627360,long,4.6445,4.64298788106705,STOP_LOSS_HARD,-37.8
L1,1746641700,1746641700,short,4.6215,4.62301211893295,STOP_LOSS_HARD,-37.8
L1,1746668400,1746668400,long,4.6435,4.641987881067051,STOP_LOSS_HARD,-37.8
L1,1746697200,1746697200,long,4.636,4.6344878810670505,STOP_LOSS_HARD,-37.8
L1,1746750000,1746750360,long,4.552,4.55048788106705,STOP_LOSS_HARD,-37.8
L1,1746789000,1746789480,long,4.646,4.65091930498048,TAKE_PROFIT_HARD,122.98
L1,1746794700,1746794820,long,4.6455,4.65041930498048,TAKE_PROFIT_HARD,122.98
L1,1746796500,1746796740,long,4.644,4.6424878810670505,STOP_LOSS_HARD,-37.8
L1,1746798900,1746800040,long,4.646,4.65091930498048,TAKE_PROFIT_HARD,122.98
L1,1747027200,1747027440,short,4.651,4.6525121189329495,STOP_LOSS_HARD,-37.8
L1,1747055400,1747056780,short,4.609,4.61051211893295,STOP_LOSS_HARD,-37.8
L1,1747060800,1747061160,short,4.6085,4.61001211893295,STOP_LOSS_HARD,-37.8
L1,1747079400,1747079520,long,4.631,4.629487881067051,STOP_LOSS_HARD,-37.8
L1,1747097100,1747097100,short,4.6555,4.65701211893295,STOP_LOSS_HARD,-37.8
L1,1747126200,1747126440,short,4.6485,4.6505,STOP_LOSS_HARD,-50.0
L1,1747140900,1747141080,long,4.719,4.72391930498048,TAKE_PROFIT_HARD,122.98
L1,1747145400,1747146120,long,4.719,4.717487881067051,STOP_LOSS_HARD,-37.8
L1,1747198800,1747198800,long,4.7195,4.71798788106705,STOP_LOSS_HARD,-37.8
L1,1747219800,1747219800,short,4.65,4.64508069501952,TAKE_PROFIT_HARD,122.98
L1,1747227300,1747227540,short,4.6525,4.64758069501952,TAKE_PROFIT_HARD,122.98
L1,1747229400,1747229400,short,4.6455,4.64701211893295,STOP_LOSS_HARD,-37.8
L1,1747254000,1747254180,short,4.647,4.6415,TAKE_PROFIT_HARD,137.5
L1,1747255500,1747255920,short,4.6455,4.648,STOP_LOSS_HARD,-62.5
L1,1747264200,1747264260,short,4.616,4.61108069501952,TAKE_PROFIT_HARD,122.98
L1,1747275600,1747275660,short,4.611,4.612512118932949,STOP_LOSS_HARD,-37.8
L1,1747286700,1747286760,short,4.6085,4.61001211893295,STOP_LOSS_HARD,-37.8
L1,1747290600,1747290900,long,4.6305,4.63541930498048,TAKE_PROFIT_HARD,122.98
L1,1747293600,1747293600,long,4.6315,4.62998788106705,STOP_LOSS_HARD,-37.8
L1,1747296600,1747296600,long,4.6235,4.62841930498048,TAKE_PROFIT_HARD,122.98
L1,1747299000,1747299000,long,4.6295,4.6279878810670505,STOP_LOSS_HARD,-37.8
L1,1747304100,1747304520,short,4.6485,4.65001211893295,STOP_LOSS_HARD,-37.8
L1,1747306500,1747307100,short,4.649,4.65051211893295,STOP_LOSS_HARD,-37.8
L1,1747377900,1747377900,long,4.6295,4.6279878810670505,STOP_LOSS_HARD,-37.8
L1,1747388400,1747388460,short,4.6175,4.6195,STOP_LOSS_HARD,-50.0
L1,1747616700,1747616760,short,4.569,4.5715,STOP_LOSS_HARD,-62.5
L1,1747656900,1747656900,short,4.6725,4.67401211893295,STOP_LOSS_HARD,-37.8
L1,1747659900,1747660200,short,4.67,4.664,TAKE_PROFIT_HARD,150.0
L1,1747665600,1747665780,short,4.6655,4.66,TAKE_PROFIT_HARD,137.5
L1,1747689000,1747689000,long,4.651,4.64948788106705,STOP_LOSS_HARD,-37.8
L1,1747692600,1747692780,long,4.6455,4.6439878810670505,STOP_LOSS_HARD,-37.8
L1,1747793100,1747793760,long,4.699,4.7045,TAKE_PROFIT_HARD,137.5
L1,1747794900,1747795320,long,4.7035,4.70198788106705,STOP_LOSS_HARD,-37.8
L1,1747807500,1747807500,short,4.6695,4.67101211893295,STOP_LOSS_HARD,-37.8
L1,1747816200,1747816320,long,4.7025,4.70098788106705,STOP_LOSS_HARD,-37.8
L1,1747874100,1747874280,short,4.725,4.726512118932949,STOP_LOSS_HARD,-37.8
L1,1747876800,1747877640,long,4.7185,4.71698788106705,STOP_LOSS_HARD,-37.8
L1,1747888500,1747888620,long,4.697,4.69548788106705,STOP_LOSS_HARD,-37.8
L1,1747915200,1747915200,short,4.668,4.66951211893295,STOP_LOSS_HARD,-37.8
L1,1747974300,1747974420,long,4.7205,4.718987881067051,STOP_LOSS_HARD,-37.8
L1,1747976700,1747976820,short,4.7335,4.72858069501952,TAKE_PROFIT_HARD,122.98
L1,1747981200,1747981920,long,4.719,4.717487881067051,STOP_LOSS_HARD,-37.8
L1,1748238300,1748238960,short,4.842,4.843512118932949,STOP_LOSS_HARD,-37.8
L1,1748254800,1748254800,short,4.832,4.8335121189329495,STOP_LOSS_HARD,-37.8
L1,1748259300,1748259300,short,4.8415,4.84301211893295,STOP_LOSS_HARD,-37.8
L1,1748285400,1748286600,short,4.8415,4.83658069501952,TAKE_PROFIT_HARD,122.98
L1,1748295900,1748295900,long,4.81,4.80848788106705,STOP_LOSS_HARD,-37.8
L1,1748303700,1748304180,long,4.789,4.79391930498048,TAKE_PROFIT_HARD,122.98
L1,1748310900,1748310900,short,4.7865,4.78801211893295,STOP_LOSS_HARD,-37.8
L1,1748335200,1748335260,short,4.792,4.78708069501952,TAKE_PROFIT_HARD,122.98
L1,1748338800,1748338860,short,4.791,4.79251211893295,STOP_LOSS_HARD,-37.8
L1,1748348700,1748349480,short,4.743,4.73808069501952,TAKE_PROFIT_HARD,122.98
L1,1748357100,1748357400,short,4.745,4.74651211893295,STOP_LOSS_HARD,-37.8
L1,1748369400,1748369400,short,4.7425,4.745,STOP_LOSS_HARD,-62.5
L1,1748417400,1748417400,short,4.744,4.745512118932949,STOP_LOSS_HARD,-37.8
L1,1748432700,1748432820,short,4.678,4.67951211893295,STOP_LOSS_HARD,-37.8
L1,1748464500,1748464680,short,4.679,4.68051211893295,STOP_LOSS_HARD,-37.8
L1,1748494500,1748494560,long,4.7195,4.71798788106705,STOP_LOSS_HARD,-37.8
L1,1748508000,1748508000,long,4.7175,4.715987881067051,STOP_LOSS_HARD,-37.8
L1,1748514900,1748515140,short,4.6785,4.67358069501952,TAKE_PROFIT_HARD,122.98
L1,1748522700,1748523120,short,4.677,4.6720806950195195,TAKE_PROFIT_HARD,122.98
L1,1748532300,1748535420,short,4.6745,4.6695,TAKE_PROFIT_HARD,125.0
L1,1748541900,1748541960,short,4.676,4.67108069501952,TAKE_PROFIT_HARD,122.98
L1,1748560500,1748560560,short,4.6745,4.67601211893295,STOP_LOSS_HARD,-37.8
L1,1748578500,1748578620,short,4.678,4.68,STOP_LOSS_HARD,-50.0
L1,1748610000,1748610420,short,4.6765,4.6780121189329495,STOP_LOSS_HARD,-37.8
L1,1748808600,1748808600,short,4.7895,4.79101211893295,STOP_LOSS_HARD,-37.8
L1,1748842500,1748842500,long,4.901,4.89948788106705,STOP_LOSS_HARD,-37.8
L1,1748862000,1748862120,long,4.8945,4.89298788106705,STOP_LOSS_HARD,-37.8
L1,1748905200,1748905260,long,4.7605,4.7654193049804805,TAKE_PROFIT_HARD,122.98
L1,1748932500,1748932560,short,4.784,4.7855121189329495,STOP_LOSS_HARD,-37.8
L1,1748950500,1748950500,short,4.8475,4.84901211893295,STOP_LOSS_HARD,-37.8
L1,1748956500,1748957040,short,4.8435,4.845012118932949,STOP_LOSS_HARD,-37.8
L1,1749050700,1749051480,long,4.9005,4.898,STOP_LOSS_HARD,-62.5
L1,1749072000,1749072060,long,4.9085,4.90698788106705,STOP_LOSS_HARD,-37.8
L1,1749075300,1749075300,long,4.9,4.898487881067051,STOP_LOSS_HARD,-37.8
L1,1749077100,1749077340,long,4.895,4.89991930498048,TAKE_PROFIT_HARD,122.98
L1,1749091200,1749091200,long,4.892,4.890487881067051,STOP_LOSS_HARD,-37.8
L1,1749100800,1749100920,short,4.964,4.96551211893295,STOP_LOSS_HARD,-37.8
L1,1749142200,1749142200,long,4.9095,4.907987881067051,STOP_LOSS_HARD,-37.8
L1,1749177300,1749177660,long,4.933,4.931,STOP_LOSS_HARD,-50.0
L1,1749197400,1749197400,long,4.9005,4.89898788106705,STOP_LOSS_HARD,-37.8
L1,1749419100,1749419100,short,4.8505,4.85201211893295,STOP_LOSS_HARD,-37.8
L1,1749426000,1749426000,short,4.8495,4.85101211893295,STOP_LOSS_HARD,-37.8
L1,1749435600,1749435720,short,4.851,4.853,STOP_LOSS_HARD,-50.0
L1,1749441600,1749441600,short,4.8545,4.8560121189329495,STOP_LOSS_HARD,-37.8
L1,1749450000,1749450420,short,4.8505,4.85201211893295,STOP_LOSS_HARD,-37.8
L1,1749460500,1749460500,long,4.8855,4.8904193049804805,TAKE_PROFIT_HARD,122.98
L1,1749492300,1749492300,long,4.898,4.89648788106705,STOP_LOSS_HARD,-37.8
L1,1749504000,1749504180,long,4.8765,4.8835,TAKE_PROFIT_HARD,175.0
L1,1749513600,1749513600,long,4.8825,4.880987881067051,STOP_LOSS_HARD,-37.8
L1,1749534300,1749534420,long,4.88,4.87848788106705,STOP_LOSS_HARD,-37.8
L1,1749543900,1749543960,long,4.897,4.895,STOP_LOSS_HARD,-50.0
L1,1749553800,1749553800,short,4.905,4.90651211893295,STOP_LOSS_HARD,-37.8
L1,1749563100,1749563160,short,4.897,4.89851211893295,STOP_LOSS_HARD,-37.8
L1,1749586500,1749586800,short,4.8985,4.89358069501952,TAKE_PROFIT_HARD,122.98
L1,1749589200,1749589200,short,4.898,4.899512118932949,STOP_LOSS_HARD,-37.8
L1,1749593400,1749593580,short,4.9045,4.8995806950195195,TAKE_PROFIT_HARD,122.98
L1,1749597300,1749597360,long,4.883,4.888,TAKE_PROFIT_HARD,125.0
L1,1749603900,1749604380,short,4.9,4.90151211893295,STOP_LOSS_HARD,-37.8
L1,1749607200,1749607440,short,4.904,4.89908069501952,TAKE_PROFIT_HARD,122.98
L1,1749609900,1749610260,short,4.903,4.898,TAKE_PROFIT_HARD,125.0
L1,1749627900,1749628020,short,4.7995,4.80101211893295,STOP_LOSS_HARD,-37.8
L1,1749657900,1749658380,short,4.798,4.79308069501952,TAKE_PROFIT_HARD,122.98
L1,1749692400,1749692400,long,4.8275,4.82598788106705,STOP_LOSS_HARD,-37.8
L1,1749703500,1749703560,short,4.7965,4.79801211893295,STOP_LOSS_HARD,-37.8
L1,1749757800,1749758340,short,4.8505,4.85201211893295,STOP_LOSS_HARD,-37.8
L1,1749774900,1749774960,short,4.7955,4.7905806950195196,TAKE_PROFIT_HARD,122.98
L1,1749776700,1749776700,short,4.7965,4.7995,STOP_LOSS_HARD,-75.0
L1,1749784500,1749784500,short,4.76,4.7615121189329495,STOP_LOSS_HARD,-37.8
L1,1749804000,1749804060,short,4.7585,4.760012118932949,STOP_LOSS_HARD,-37.8
L1,1749813600,1749813660,short,4.7975,4.79901211893295,STOP_LOSS_HARD,-37.8
L1,1749831000,1749831000,short,4.759,4.76051211893295,STOP_LOSS_HARD,-37.8
L1,1750028100,1750028280,long,4.8075,4.8055,STOP_LOSS_HARD,-50.0
L1,1750040400,1750041060,long,4.807,4.8125,TAKE_PROFIT_HARD,137.5
L1,1750047300,1750047300,short,4.851,4.85251211893295,STOP_LOSS_HARD,-37.8
L1,1750056300,1750056480,long,4.8055,4.81041930498048,TAKE_PROFIT_HARD,122.98
L1,1750062300,1750062300,long,4.8235,4.8219878810670505,STOP_LOSS_HARD,-37.8
L1,1750069500,1750069500,long,4.822,4.82048788106705,STOP_LOSS_HARD,-37.8
L1,1750074000,1750074060,long,4.8065,4.81141930498048,TAKE_PROFIT_HARD,122.98
L1,1750076400,1750076520,short,4.8525,4.84758069501952,TAKE_PROFIT_HARD,122.98
L1,1750077600,1750077720,long,4.827,4.83191930498048,TAKE_PROFIT_HARD,122.98
L1,1750082400,1750082400,long,4.827,4.825,STOP_LOSS_HARD,-50.0
L1,1750097100,1750097160,long,4.8135,4.811987881067051,STOP_LOSS_HARD,-37.8
L1,1750127100,1750127340,short,4.823,4.82451211893295,STOP_LOSS_HARD,-37.8
L1,1750128600,1750128780,short,4.8245,4.8195,TAKE_PROFIT_HARD,125.0
L1,1750133400,1750133520,long,4.8195,4.82441930498048,TAKE_PROFIT_HARD,122.98
L1,1750133700,1750133700,short,4.8265,4.82158069501952,TAKE_PROFIT_HARD,122.98
L1,1750138500,1750138920,long,4.8055,4.8115,TAKE_PROFIT_HARD,150.0
L1,1750139400,1750140180,long,4.8095,4.81441930498048,TAKE_PROFIT_HARD,122.98
L1,1750140900,1750140900,short,4.831,4.83251211893295,STOP_LOSS_HARD,-37.8
L1,1750142400,1750142640,long,4.8215,4.8195,STOP_LOSS_HARD,-50.0
L1,1750149600,1750149660,long,4.8215,4.819987881067051,STOP_LOSS_HARD,-37.8
L1,1750152600,1750152600,long,4.823,4.821487881067051,STOP_LOSS_HARD,-37.8
L1,1750162200,1750162200,long,4.808,4.80648788106705,STOP_LOSS_HARD,-37.8
L1,1750167600,1750167600,long,4.8075,4.80598788106705,STOP_LOSS_HARD,-37.8
L1,1750198200,1750198200,long,4.809,4.8074878810670505,STOP_LOSS_HARD,-37.8
L1,1750215900,1750215900,short,4.853,4.84808069501952,TAKE_PROFIT_HARD,122.98
L1,1750221000,1750221300,long,4.8265,4.83141930498048,TAKE_PROFIT_HARD,122.98
L1,1750239000,1750239180,short,4.8495,4.84458069501952,TAKE_PROFIT_HARD,122.98
L1,1750241400,1750241400,short,4.824,4.826,STOP_LOSS_HARD,-50.0
L1,1750246500,1750246500,short,4.8525,4.85401211893295,STOP_LOSS_HARD,-37.8
L1,1750250700,1750250700,short,4.8495,4.85101211893295,STOP_LOSS_HARD,-37.8
L1,1750256100,1750256160,short,4.8535,4.8555,STOP_LOSS_HARD,-50.0
L1,1750278900,1750278960,long,4.863,4.861487881067051,STOP_LOSS_HARD,-37.8
L1,1750286700,1750287000,short,4.8495,4.8445,TAKE_PROFIT_HARD,125.0
L1,1750302900,1750303440,long,4.809,4.8074878810670505,STOP_LOSS_HARD,-37.8
L1,1750311000,1750311180,short,4.823,4.8175,TAKE_PROFIT_HARD,137.5
L1,1750311600,1750311840,short,4.823,4.818,TAKE_PROFIT_HARD,125.0
L1,1750312800,1750313160,long,4.809,4.8065,STOP_LOSS_HARD,-62.5
L1,1750321200,1750321200,short,4.8275,4.829012118932949,STOP_LOSS_HARD,-37.8
L1,1750325400,1750325520,long,4.805,4.80348788106705,STOP_LOSS_HARD,-37.8
L1,1750367400,1750367400,long,4.8035,4.80198788106705,STOP_LOSS_HARD,-37.8
L1,1750403100,1750403580,long,4.8275,4.82598788106705,STOP_LOSS_HARD,-37.8
L1,1750406700,1750406700,short,4.851,4.85251211893295,STOP_LOSS_HARD,-37.8
L1,1750416000,1750416060,short,4.8255,4.8195,TAKE_PROFIT_HARD,150.0
L1,1750419000,1750419060,long,4.803,4.80148788106705,STOP_LOSS_HARD,-37.8
L1,1750423800,1750423800,long,4.8225,4.82098788106705,STOP_LOSS_HARD,-37.8
L1,1750622700,1750622940,long,4.8135,4.81841930498048,TAKE_PROFIT_HARD,122.98
L1,1750626600,1750626780,long,4.8185,4.816987881067051,STOP_LOSS_HARD,-37.8
L1,1750631100,1750631280,long,4.812,4.817,TAKE_PROFIT_HARD,125.0
L1,1750631700,1750631820,long,4.814,4.81891930498048,TAKE_PROFIT_HARD,122.98
L1,1750632300,1750632300,long,4.813,4.81148788106705,STOP_LOSS_HARD,-37.8
L1,1750636200,1750636380,short,4.8245,4.826012118932949,STOP_LOSS_HARD,-37.8
L1,1750639800,1750640460,long,4.8125,4.8175,TAKE_PROFIT_HARD,125.0
L1,1750643100,1750643100,short,4.827,4.82851211893295,STOP_LOSS_HARD,-37.8
L1,1750667100,1750667220,long,4.8115,4.80998788106705,STOP_LOSS_HARD,-37.8
L1,1750678200,1750678200,short,4.8495,4.85101211893295,STOP_LOSS_HARD,-37.8
L1,1750692900,1750693020,long,4.8975,4.89598788106705,STOP_LOSS_HARD,-37.8
L1,1750711800,1750711800,short,4.894,4.88908069501952,TAKE_PROFIT_HARD,122.98
L1,1750725300,1750725960,short,4.8905,4.89201211893295,STOP_LOSS_HARD,-37.8
L1,1750753500,1750753560,long,4.8955,4.8939878810670505,STOP_LOSS_HARD,-37.8
L1,1750759200,1750759200,short,4.8555,4.85058069501952,TAKE_PROFIT_HARD,122.98
L1,1750761600,1750761720,long,4.8675,4.87241930498048,TAKE_PROFIT_HARD,122.98
L1,1750762200,1750762320,long,4.868,4.866487881067051,STOP_LOSS_HARD,-37.8
L1,1750779000,1750779000,short,4.8965,4.898012118932949,STOP_LOSS_HARD,-37.8
L1,1750794600,1750795200,short,4.95,4.94508069501952,TAKE_PROFIT_HARD,122.98
L1,1750795800,1750796640,short,4.9505,4.95201211893295,STOP_LOSS_HARD,-37.8
L1,1750799100,1750799340,short,4.9555,4.9570121189329495,STOP_LOSS_HARD,-37.8
L1,1750805100,1750805280,long,4.9595,4.957987881067051,STOP_LOSS_HARD,-37.8
L1,1750817100,1750817100,long,4.956,4.954487881067051,STOP_LOSS_HARD,-37.8
L1,1750823700,1750823700,long,4.9595,4.957987881067051,STOP_LOSS_HARD,-37.8
L1,1750826700,1750826760,short,4.9505,4.9535,STOP_LOSS_HARD,-75.0
L1,1750838700,1750838700,short,4.9535,4.95501211893295,STOP_LOSS_HARD,-37.8
L1,1750842600,1750842660,short,4.9525,4.94758069501952,TAKE_PROFIT_HARD,122.98
L1,1750852200,1750852200,short,4.956,4.95108069501952,TAKE_PROFIT_HARD,122.98
L1,1750860000,1750860000,long,4.961,4.959487881067051,STOP_LOSS_HARD,-37.8
L1,1750896300,1750896540,long,4.99,4.99491930498048,TAKE_PROFIT_HARD,122.98
L1,1750899000,1750901040,long,4.991,4.99591930498048,TAKE_PROFIT_HARD,122.98
L1,1750934100,1750934100,long,5.117,5.12191930498048,TAKE_PROFIT_HARD,122.98
L1,1750935000,1750935000,long,5.122,5.12048788106705,STOP_LOSS_HARD,-37.8
L1,1750942800,1750942800,long,5.116,5.12091930498048,TAKE_PROFIT_HARD,122.98
L1,1750947000,1750947720,long,5.1185,5.12341930498048,TAKE_PROFIT_HARD,122.98
L1,1750948200,1750948380,long,5.119,5.11748788106705,STOP_LOSS_HARD,-37.8
L1,1750972200,1750972440,long,5.116,5.11448788106705,STOP_LOSS_HARD,-37.8
L1,1750992000,1750992120,long,5.118,5.116487881067051,STOP_LOSS_HARD,-37.8
L1,1751009100,1751009160,short,5.0805,5.0820121189329495,STOP_LOSS_HARD,-37.8
L1,1751022600,1751022600,short,5.0925,5.09401211893295,STOP_LOSS_HARD,-37.8
L1,1751031900,1751031960,long,5.12,5.1165,STOP_LOSS_HARD,-87.5
L1,1751220600,1751220600,long,5.1195,5.1175,STOP_LOSS_HARD,-50.0
L1,1751274300,1751274300,long,5.0765,5.074987881067051,STOP_LOSS_HARD,-37.8
L1,1751277600,1751277600,short,5.076,5.0710806950195195,TAKE_PROFIT_HARD,122.98
L1,1751282400,1751282460,short,5.0755,5.07701211893295,STOP_LOSS_HARD,-37.8
L1,1751286300,1751286420,long,5.0785,5.0835,TAKE_PROFIT_HARD,125.0
L1,1751366700,1751366820,long,5.169,5.16748788106705,STOP_LOSS_HARD,-37.8
L1,1751455500,1751455500,short,5.191,5.1925121189329495,STOP_LOSS_HARD,-37.8
L1,1751506500,1751506560,short,5.192,5.18708069501952,TAKE_PROFIT_HARD,122.98
L1,1751521200,1751521200,long,5.162,5.16048788106705,STOP_LOSS_HARD,-37.8
L1,1751529000,1751529000,long,5.1705,5.16898788106705,STOP_LOSS_HARD,-37.8
L1,1751531100,1751531100,long,5.1705,5.16898788106705,STOP_LOSS_HARD,-37.8
L1,1751604300,1751604360,short,5.059,5.05408069501952,TAKE_PROFIT_HARD,122.98
L1,1751610000,1751610000,short,5.0595,5.0615,STOP_LOSS_HARD,-50.0
L1,1751616300,1751616360,short,5.0615,5.063012118932949,STOP_LOSS_HARD,-37.8
L1,1751619300,1751619540,long,5.06,5.05848788106705,STOP_LOSS_HARD,-37.8
L1,1751625000,1751625780,short,5.0595,5.05458069501952,TAKE_PROFIT_HARD,122.98
L1,1751632500,1751633040,long,5.0605,5.066,TAKE_PROFIT_HARD,137.5
L1,1751850300,1751851500,short,5.016,5.01751211893295,STOP_LOSS_HARD,-37.8
L1,1751858100,1751858100,short,5.016,5.01108069501952,TAKE_PROFIT_HARD,122.98
L1,1751859600,1751859840,short,5.016,5.018,STOP_LOSS_HARD,-50.0
L1,1751864700,1751865060,short,5.0185,5.0205,STOP_LOSS_HARD,-50.0
L1,1751873400,1751873520,long,5.033,5.031487881067051,STOP_LOSS_HARD,-37.8
L1,1751880000,1751880180,short,5.021,5.01608069501952,TAKE_PROFIT_HARD,122.98
L1,1751889000,1751889840,long,5.031,5.03591930498048,TAKE_PROFIT_HARD,122.98
L1,1751891100,1751891100,long,5.028,5.02648788106705,STOP_LOSS_HARD,-37.8
L1,1751902500,1751902560,short,5.019,5.02051211893295,STOP_LOSS_HARD,-37.8
L1,1751924400,1751925120,short,5.0165,5.0195,STOP_LOSS_HARD,-75.0
L1,1751950800,1751950920,long,5.033,5.0379193049804805,TAKE_PROFIT_HARD,122.98
L1,1751961600,1751961600,short,5.0635,5.06501211893295,STOP_LOSS_HARD,-37.8
L1,1751967600,1751967600,long,4.9965,4.9949878810670505,STOP_LOSS_HARD,-37.8
L1,1751979000,1751979000,short,5.018,5.0195121189329495,STOP_LOSS_HARD,-37.8
L1,1752214200,1752214200,long,5.498,5.4964878810670506,STOP_LOSS_HARD,-37.8
L1,1752219600,1752219600,long,5.4945,5.4994193049804805,TAKE_PROFIT_HARD,122.98
L1,1752469800,1752469980,short,5.5305,5.53201211893295,STOP_LOSS_HARD,-37.8
L1,1752477000,1752477060,long,5.509,5.5145,TAKE_PROFIT_HARD,137.5
L1,1752480300,1752480360,short,5.5325,5.52758069501952,TAKE_PROFIT_HARD,122.98
L1,1752480900,1752480900,short,5.533,5.52808069501952,TAKE_PROFIT_HARD,122.98
L1,1752485400,1752485400,long,5.496,5.494487881067051,STOP_LOSS_HARD,-37.8
L1,1752500700,1752500940,long,5.5435,5.5415,STOP_LOSS_HARD,-50.0
L1,1752508800,1752508860,short,5.531,5.5335,STOP_LOSS_HARD,-62.5
L1,1752523500,1752524700,short,5.534,5.536,STOP_LOSS_HARD,-50.0
L1,1752530400,1752530460,long,5.542,5.54048788106705,STOP_LOSS_HARD,-37.8
L1,1752541200,1752541260,long,5.514,5.51891930498048,TAKE_PROFIT_HARD,122.98
L1,1752553800,1752553920,long,5.543,5.5485,TAKE_PROFIT_HARD,137.5
L1,1752574500,1752574500,long,5.5145,5.51298788106705,STOP_LOSS_HARD,-37.8
L1,1752595800,1752595920,long,5.5425,5.5405,STOP_LOSS_HARD,-50.0
L1,1752615900,1752616260,short,5.5295,5.531012118932949,STOP_LOSS_HARD,-37.8
L1,1752629400,1752629400,long,5.5145,5.51298788106705,STOP_LOSS_HARD,-37.8
L1,1752633000,1752633180,long,5.513,5.5195,TAKE_PROFIT_HARD,162.5
L1,1752637500,1752637980,short,5.5295,5.532,STOP_LOSS_HARD,-62.5
L1,1752650400,1752650400,short,5.53,5.53151211893295,STOP_LOSS_HARD,-37.8
L1,1752654900,1752654900,long,5.538,5.536,STOP_LOSS_HARD,-50.0
L1,1752669900,1752670080,short,5.5305,5.53201211893295,STOP_LOSS_HARD,-37.8
L1,1752676200,1752676260,long,5.5105,5.5154193049804805,TAKE_PROFIT_HARD,122.98
L1,1752680100,1752680400,long,5.514,5.512487881067051,STOP_LOSS_HARD,-37.8
L1,1752698100,1752698100,long,5.512,5.51048788106705,STOP_LOSS_HARD,-37.8
L1,1752701700,1752701880,long,5.499,5.50391930498048,TAKE_PROFIT_HARD,122.98
L1,1752719100,1752719100,long,5.496,5.494487881067051,STOP_LOSS_HARD,-37.8
L1,1752739200,1752739200,long,5.4975,5.50241930498048,TAKE_PROFIT_HARD,122.98
L1,1752740400,1752740460,long,5.509,5.507487881067051,STOP_LOSS_HARD,-37.8
L1,1752748800,1752748920,short,5.486,5.48108069501952,TAKE_PROFIT_HARD,122.98
L1,1752749700,1752749820,short,5.4885,5.49001211893295,STOP_LOSS_HARD,-37.8
L1,1752756900,1752757140,long,5.5105,5.5154193049804805,TAKE_PROFIT_HARD,122.98
L1,1752759000,1752759600,long,5.498,5.4964878810670506,STOP_LOSS_HARD,-37.8
L1,1752785700,1752785940,long,5.514,5.51891930498048,TAKE_PROFIT_HARD,122.98
L1,1752791400,1752791400,short,5.532,5.534,STOP_LOSS_HARD,-50.0
L1,1752803400,1752803580,short,5.5305,5.52558069501952,TAKE_PROFIT_HARD,122.98
L1,1752806100,1752806160,short,5.5325,5.534012118932949,STOP_LOSS_HARD,-37.8
L1,1753071300,1753071300,short,5.6595,5.65458069501952,TAKE_PROFIT_HARD,122.98
L1,1753073100,1753073160,long,5.6415,5.63998788106705,STOP_LOSS_HARD,-37.8
L1,1753106100,1753106220,long,5.6415,5.63998788106705,STOP_LOSS_HARD,-37.8
L1,1753126200,1753126560,long,5.641,5.63948788106705,STOP_LOSS_HARD,-37.8
L1,1753160700,1753160700,short,5.661,5.662512118932949,STOP_LOSS_HARD,-37.8
L1,1753167900,1753167960,short,5.6635,5.65858069501952,TAKE_PROFIT_HARD,122.98
L1,1753171500,1753171980,short,5.6645,5.66601211893295,STOP_LOSS_HARD,-37.8
L1,1753187100,1753187640,long,5.7055,5.70398788106705,STOP_LOSS_HARD,-37.8
L1,1753196400,1753196400,short,5.731,5.72608069501952,TAKE_PROFIT_HARD,122.98
L1,1753196700,1753196760,short,5.7315,5.733012118932949,STOP_LOSS_HARD,-37.8
L1,1753254600,1753254600,long,5.81,5.80848788106705,STOP_LOSS_HARD,-37.8
L1,1753258800,1753258800,long,5.816,5.81448788106705,STOP_LOSS_HARD,-37.8
L1,1753313400,1753314120,long,5.8505,5.8585,TAKE_PROFIT_HARD,200.0
L1,1753363200,1753363200,long,5.812,5.810487881067051,STOP_LOSS_HARD,-37.8
L1,1753411800,1753412040,long,5.816,5.82091930498048,TAKE_PROFIT_HARD,122.98
L1,1753412400,1753412400,long,5.8115,5.80998788106705,STOP_LOSS_HARD,-37.8
L1,1753717200,1753717800,long,5.614,5.61891930498048,TAKE_PROFIT_HARD,122.98
L1,1753733100,1753733700,long,5.6075,5.61241930498048,TAKE_PROFIT_HARD,122.98
L1,1753734300,1753734900,long,5.6115,5.609987881067051,STOP_LOSS_HARD,-37.8
L1,1753767600,1753767660,long,5.61,5.607,STOP_LOSS_HARD,-75.0
L1,1753792200,1753792260,long,5.6125,5.61098788106705,STOP_LOSS_HARD,-37.8
L1,1753859700,1753859760,long,5.6085,5.61341930498048,TAKE_PROFIT_HARD,122.98
L1,1753861800,1753861860,long,5.613,5.611487881067051,STOP_LOSS_HARD,-37.8
L1,1753866600,1753866720,long,5.6085,5.61341930498048,TAKE_PROFIT_HARD,122.98
L1,1753867800,1753867800,long,5.609,5.60748788106705,STOP_LOSS_HARD,-37.8
L1,1754022900,1754022960,long,4.366,4.37091930498048,TAKE_PROFIT_HARD,122.98
L1,1754036100,1754036100,short,4.3925,4.38758069501952,TAKE_PROFIT_HARD,122.98
L1,1754256300,1754256420,short,4.4085,4.41001211893295,STOP_LOSS_HARD,-37.8
L1,1754385300,1754385360,short,4.4145,4.40958069501952,TAKE_PROFIT_HARD,122.98
L1,1754386200,1754386260,short,4.4125,4.414012118932949,STOP_LOSS_HARD,-37.8
L1,1754390100,1754390280,long,4.395,4.39348788106705,STOP_LOSS_HARD,-37.8
L1,1754392200,1754392260,long,4.3875,4.39241930498048,TAKE_PROFIT_HARD,122.98
L1,1754393400,1754393400,short,4.3895,4.39101211893295,STOP_LOSS_HARD,-37.8
L1,1754396100,1754396160,long,4.394,4.3924878810670505,STOP_LOSS_HARD,-37.8
L1,1754418300,1754421420,short,4.3875,4.3895,STOP_LOSS_HARD,-50.0
L1,1754429700,1754430060,short,4.392,4.395,STOP_LOSS_HARD,-75.0
L1,1754432100,1754432760,long,4.3955,4.393,STOP_LOSS_HARD,-62.5
L1,1754439000,1754439300,long,4.396,4.3945,STOP_LOSS_SOFT,-37.5
L1,1754446500,1754447520,long,4.3945,4.39941930498048,TAKE_PROFIT_HARD,122.98
L1,1754455200,1754455320,short,4.4085,4.41001211893295,STOP_LOSS_HARD,-37.8
L1,1754460900,1754460960,short,4.4135,4.416,STOP_LOSS_HARD,-62.5
L1,1754480100,1754480400,short,4.4105,4.40558069501952,TAKE_PROFIT_HARD,122.98
L1,1754519700,1754520240,short,4.4115,4.40658069501952,TAKE_PROFIT_HARD,122.98
L1,1754522100,1754522700,short,4.409,4.412,STOP_LOSS_HARD,-75.0
L1,1754571900,1754572860,long,4.396,4.40091930498048,TAKE_PROFIT_HARD,122.98
L1,1754606400,1754606760,short,4.4155,4.417012118932949,STOP_LOSS_HARD,-37.8
L1,1754899800,1754899800,short,4.441,4.4425121189329495,STOP_LOSS_HARD,-37.8
L1,1754917200,1754917200,short,4.4405,4.44201211893295,STOP_LOSS_HARD,-37.8
L1,1755001200,1755001500,long,4.526,4.52448788106705,STOP_LOSS_HARD,-37.8
L1,1755003900,1755004080,long,4.5195,4.51798788106705,STOP_LOSS_HARD,-37.8
L1,1755055500,1755055620,long,4.5335,4.53198788106705,STOP_LOSS_HARD,-37.8
L1,1755062100,1755062820,long,4.526,4.53091930498048,TAKE_PROFIT_HARD,122.98
L1,1755066300,1755066360,long,4.525,4.523487881067051,STOP_LOSS_HARD,-37.8
L1,1755069300,1755069480,long,4.5245,4.52298788106705,STOP_LOSS_HARD,-37.8
L1,1755595800,1755595860,short,4.445,4.44008069501952,TAKE_PROFIT_HARD,122.98
L1,1755603600,1755604320,long,4.431,4.42948788106705,STOP_LOSS_HARD,-37.8
L1,1755638700,1755638700,long,4.4305,4.428987881067051,STOP_LOSS_HARD,-37.8
L1,1755681300,1755681360,long,4.4325,4.43098788106705,STOP_LOSS_HARD,-37.8
L1,1755695100,1755695700,short,4.446,4.4405,TAKE_PROFIT_HARD,137.5
L1,1755707400,1755708300,long,4.4305,4.4285,STOP_LOSS_HARD,-50.0
L1,1755729900,1755731520,long,4.4325,4.43741930498048,TAKE_PROFIT_HARD,122.98
L1,1755743100,1755743100,long,4.431,4.42948788106705,STOP_LOSS_HARD,-37.8
L1,1755770100,1755770400,long,4.4305,4.43541930498048,TAKE_PROFIT_HARD,122.98
L1,1755770700,1755770760,short,4.446,4.447512118932949,STOP_LOSS_HARD,-37.8
L1,1755774900,1755774960,long,4.429,4.427487881067051,STOP_LOSS_HARD,-37.8
L1,1755780900,1755780900,short,4.4465,4.44801211893295,STOP_LOSS_HARD,-37.8
L1,1755785100,1755786000,short,4.4465,4.449,STOP_LOSS_HARD,-62.5
L1,1755830400,1755831660,long,4.433,4.438,TAKE_PROFIT_HARD,125.0
L1,1755846000,1755846840,short,4.445,4.44008069501952,TAKE_PROFIT_HARD,122.98
L1,1755852000,1755852120,long,4.433,4.43148788106705,STOP_LOSS_HARD,-37.8
L1,1756175100,1756175340,long,4.5325,4.53098788106705,STOP_LOSS_HARD,-37.8
L1,1756184100,1756184460,short,4.5145,4.50958069501952,TAKE_PROFIT_HARD,122.98
L1,1756185000,1756185000,short,4.517,4.51851211893295,STOP_LOSS_HARD,-37.8
L1,1756201200,1756202460,long,4.533,4.5379193049804805,TAKE_PROFIT_HARD,122.98
L1,1756205100,1756205940,long,4.5325,4.53098788106705,STOP_LOSS_HARD,-37.8
L1,1756217400,1756218540,long,4.5325,4.53741930498048,TAKE_PROFIT_HARD,122.98
L1,1756242600,1756242900,long,4.534,4.53891930498048,TAKE_PROFIT_HARD,122.98
L1,1756247700,1756252980,long,4.532,4.53048788106705,STOP_LOSS_HARD,-37.8
L1,1756267800,1756268040,long,4.4965,4.4949878810670505,STOP_LOSS_HARD,-37.8
L1,1756353900,1756354740,long,4.499,4.49748788106705,STOP_LOSS_HARD,-37.8
L1,1756371300,1756371360,short,4.5145,4.51601211893295,STOP_LOSS_HARD,-37.8
L1,1756378500,1756379760,long,4.5335,4.53198788106705,STOP_LOSS_HARD,-37.8
L1,1756425900,1756426560,long,4.553,4.5515,STOP_LOSS_SOFT,-37.5
L1,1756442100,1756442880,short,4.575,4.57008069501952,TAKE_PROFIT_HARD,122.98
L1,1756451700,1756451760,short,4.5725,4.575,STOP_LOSS_HARD,-62.5
L1,1756786200,1756786200,short,4.5505,4.55201211893295,STOP_LOSS_HARD,-37.8
L1,1756818900,1756819800,long,4.635,4.63991930498048,TAKE_PROFIT_HARD,122.98
L1,1756851000,1756851120,long,4.6345,4.63298788106705,STOP_LOSS_HARD,-37.8
L1,1756876200,1756876620,short,4.6495,4.64458069501952,TAKE_PROFIT_HARD,122.98
L1,1756877400,1756877760,short,4.6475,4.64258069501952,TAKE_PROFIT_HARD,122.98
L1,1756881900,1756881900,long,4.631,4.629487881067051,STOP_LOSS_HARD,-37.8
L1,1756894500,1756894560,long,4.6345,4.63941930498048,TAKE_PROFIT_HARD,122.98
L1,1756896000,1756896060,long,4.634,4.632487881067051,STOP_LOSS_HARD,-37.8
L1,1757268900,1757269020,short,4.551,4.553,STOP_LOSS_HARD,-50.0
L1,1757469300,1757471640,long,4.586,4.584,STOP_LOSS_HARD,-50.0
L1,1757493600,1757493900,long,4.5855,4.59041930498048,TAKE_PROFIT_HARD,122.98
L1,1757586600,1757586600,long,4.6345,4.63298788106705,STOP_LOSS_HARD,-37.8
L1,1757595600,1757595660,short,4.658,4.65308069501952,TAKE_PROFIT_HARD,122.98
L1,1757597100,1757602620,short,4.657,4.65851211893295,STOP_LOSS_HARD,-37.8
L1,1757648400,1757648640,long,4.6955,4.69398788106705,STOP_LOSS_HARD,-37.8
L1,1757679900,1757680740,short,4.6575,4.65258069501952,TAKE_PROFIT_HARD,122.98
L1,1757935800,1757935920,short,4.7115,4.71301211893295,STOP_LOSS_HARD,-37.8
L1,1757943900,1757944200,short,4.7175,4.71901211893295,STOP_LOSS_HARD,-37.8
L1,1757960700,1757966580,short,4.7185,4.720012118932949,STOP_LOSS_HARD,-37.8
L1,1757975700,1757975700,long,4.6965,4.694987881067051,STOP_LOSS_HARD,-37.8
L1,1758000300,1758001020,short,4.71,4.7045,TAKE_PROFIT_HARD,137.5
L1,1758012000,1758012000,long,4.6955,4.69398788106705,STOP_LOSS_HARD,-37.8
L1,1758015900,1758016080,long,4.6935,4.69841930498048,TAKE_PROFIT_HARD,122.98
L1,1758016800,1758016980,long,4.6965,4.70141930498048,TAKE_PROFIT_HARD,122.98
L1,1758017400,1758017760,short,4.71,4.71151211893295,STOP_LOSS_HARD,-37.8
L1,1758019200,1758019680,short,4.711,4.71251211893295,STOP_LOSS_HARD,-37.8
L1,1758045900,1758047520,long,4.695,4.7005,TAKE_PROFIT_HARD,137.5
L1,1758053100,1758053100,long,4.696,4.69448788106705,STOP_LOSS_HARD,-37.8
L1,1758097500,1758097500,short,4.6135,4.61501211893295,STOP_LOSS_HARD,-37.8
L1,1758161100,1758161400,long,4.5915,4.58998788106705,STOP_LOSS_HARD,-37.8
L1,1758175500,1758175560,short,4.6095,4.611,STOP_LOSS_SOFT,-37.5
L1,1758184200,1758184200,short,4.611,4.60608069501952,TAKE_PROFIT_HARD,122.98
L1,1758186600,1758186720,short,4.6105,4.60558069501952,TAKE_PROFIT_HARD,122.98
L1,1758188100,1758188100,long,4.594,4.592487881067051,STOP_LOSS_HARD,-37.8
L1,1758191700,1758192300,long,4.5945,4.59298788106705,STOP_LOSS_HARD,-37.8
L1,1758199500,1758199560,long,4.5955,4.593987881067051,STOP_LOSS_HARD,-37.8
L1,1758223800,1758223800,long,4.5955,4.593987881067051,STOP_LOSS_HARD,-37.8
L1,1758234900,1758235260,short,4.61,4.612,STOP_LOSS_HARD,-50.0
L1,1758251700,1758251700,short,4.6145,4.616012118932949,STOP_LOSS_HARD,-37.8
L1,1758272700,1758273180,short,4.6125,4.6140121189329495,STOP_LOSS_HARD,-37.8
L1,1758717600,1758717660,long,4.8135,4.811987881067051,STOP_LOSS_HARD,-37.8
L1,1758723000,1758723060,long,4.815,4.812,STOP_LOSS_HARD,-75.0
L1,1758744300,1758744360,long,4.815,4.813487881067051,STOP_LOSS_HARD,-37.8
L1,1758801000,1758801060,long,4.768,4.77291930498048,TAKE_PROFIT_HARD,122.98
L1,1758809100,1758809460,long,4.765,4.7625,STOP_LOSS_HARD,-62.5
L1,1758837600,1758837960,long,4.7665,4.77141930498048,TAKE_PROFIT_HARD,122.98
L1,1758865800,1758865980,short,4.747,4.749,STOP_LOSS_HARD,-50.0
L1,1758875100,1758875100,long,4.726,4.72448788106705,STOP_LOSS_HARD,-37.8
L1,1758880800,1758880800,short,4.7225,4.72401211893295,STOP_LOSS_HARD,-37.8
L1,1758889500,1758889500,short,4.757,4.758512118932949,STOP_LOSS_HARD,-37.8
L1,1758894900,1758895140,long,4.767,4.765487881067051,STOP_LOSS_HARD,-37.8
L1,1759101600,1759101960,short,4.8155,4.8105,TAKE_PROFIT_HARD,125.0
L1,1759107600,1759107600,long,4.806,4.80448788106705,STOP_LOSS_HARD,-37.8
L1,1759110900,1759111320,short,4.815,4.81008069501952,TAKE_PROFIT_HARD,122.98
L1,1759113000,1759113120,long,4.8035,4.80198788106705,STOP_LOSS_HARD,-37.8
L1,1759134600,1759134600,long,4.809,4.8074878810670505,STOP_LOSS_HARD,-37.8
L1,1759140900,1759140900,short,4.8855,4.88701211893295,STOP_LOSS_HARD,-37.8
L1,1759185300,1759185300,short,4.8835,4.885012118932949,STOP_LOSS_HARD,-37.8
L1,1759210500,1759210800,long,4.8575,4.86241930498048,TAKE_PROFIT_HARD,122.98
L1,1759216800,1759217220,long,4.8575,4.86241930498048,TAKE_PROFIT_HARD,122.98
L1,1759228800,1759228860,long,4.858,4.85648788106705,STOP_LOSS_HARD,-37.8
L1,1759258200,1759259220,short,4.8815,4.88301211893295,STOP_LOSS_HARD,-37.8
L1,1759292400,1759292400,short,4.8815,4.87658069501952,TAKE_PROFIT_HARD,122.98
L1,1759301100,1759301280,long,4.8595,4.8645,TAKE_PROFIT_HARD,125.0
L1,1759302900,1759303800,long,4.8585,4.8635,TAKE_PROFIT_HARD,125.0
L1,1759304100,1759304220,long,4.8595,4.85798788106705,STOP_LOSS_HARD,-37.8
L1,1759309200,1759309260,short,4.83,4.83151211893295,STOP_LOSS_HARD,-37.8
L1,1759319100,1759319100,short,4.881,4.88251211893295,STOP_LOSS_HARD,-37.8
L1,1759323600,1759323600,short,4.8815,4.87658069501952,TAKE_PROFIT_HARD,122.98
L1,1759326900,1759327200,short,4.8805,4.882012118932949,STOP_LOSS_HARD,-37.8
L1,1759351800,1759352400,short,4.881,4.87608069501952,TAKE_PROFIT_HARD,122.98
L1,1759378500,1759378500,long,4.949,4.94748788106705,STOP_LOSS_HARD,-37.8
L1,1759389600,1759390080,long,4.9505,4.95541930498048,TAKE_PROFIT_HARD,122.98
L1,1759393800,1759393800,long,4.978,4.97648788106705,STOP_LOSS_HARD,-37.8
L1,1759431900,1759432080,long,4.9515,4.949987881067051,STOP_LOSS_HARD,-37.8
L1,1759440300,1759440360,long,4.945,4.943487881067051,STOP_LOSS_HARD,-37.8
L1,1759472400,1759472520,short,5.014,5.00908069501952,TAKE_PROFIT_HARD,122.98
L1,1759473900,1759474260,short,5.0135,5.015012118932949,STOP_LOSS_HARD,-37.8
L1,1759486800,1759486800,long,5.0625,5.06741930498048,TAKE_PROFIT_HARD,122.98
L1,1759700700,1759700700,short,5.118,5.11951211893295,STOP_LOSS_HARD,-37.8
L1,1759718100,1759718100,long,5.065,5.063487881067051,STOP_LOSS_HARD,-37.8
L1,1759719900,1759720020,long,5.0625,5.06741930498048,TAKE_PROFIT_HARD,122.98
L1,1759727100,1759727220,long,5.062,5.06691930498048,TAKE_PROFIT_HARD,122.98
L1,1759729200,1759729200,long,5.065,5.063487881067051,STOP_LOSS_HARD,-37.8
L1,1759751400,1759751520,short,5.045,5.04651211893295,STOP_LOSS_HARD,-37.8
L1,1759763100,1759763280,short,5.0405,5.042,STOP_LOSS_SOFT,-37.5
L1,1759787700,1759787880,short,5.0415,5.0435,STOP_LOSS_HARD,-50.0
L1,1759819200,1759819320,long,5.0645,5.06298788106705,STOP_LOSS_HARD,-37.8
L1,1759828200,1759828200,short,5.1155,5.11701211893295,STOP_LOSS_HARD,-37.8
L1,1759891500,1759891500,short,5.117,5.119,STOP_LOSS_HARD,-50.0
L1,1759898400,1759898700,short,5.1175,5.119012118932949,STOP_LOSS_HARD,-37.8
L1,1759905900,1759906080,short,5.1515,5.14658069501952,TAKE_PROFIT_HARD,122.98
L1,1759912200,1759912260,short,5.118,5.11308069501952,TAKE_PROFIT_HARD,122.98
L1,1759956300,1759956360,long,5.064,5.06248788106705,STOP_LOSS_HARD,-37.8
L1,1759973100,1759973160,short,5.155,5.15651211893295,STOP_LOSS_HARD,-37.8
L1,1760022600,1760022600,short,5.116,5.117512118932949,STOP_LOSS_HARD,-37.8
L1,1760041200,1760041200,long,5.1345,5.13298788106705,STOP_LOSS_HARD,-37.8
L1,1760044800,1760044800,long,5.13,5.128,STOP_LOSS_HARD,-50.0
L1,1760079900,1760080080,short,5.1245,5.11958069501952,TAKE_PROFIT_HARD,122.98
L1,1760091000,1760091000,short,5.1585,5.16001211893295,STOP_LOSS_HARD,-37.8
L1,1760324400,1760324400,short,5.015,5.016512118932949,STOP_LOSS_HARD,-37.8
L1,1760335800,1760335980,long,5.0255,5.03041930498048,TAKE_PROFIT_HARD,122.98
L1,1760361600,1760361600,long,5.1235,5.12198788106705,STOP_LOSS_HARD,-37.8
L1,1760367300,1760368020,long,5.125,5.123,STOP_LOSS_HARD,-50.0
L1,1760381700,1760381760,long,5.148,5.14648788106705,STOP_LOSS_HARD,-37.8
L1,1760394300,1760394480,short,5.118,5.11308069501952,TAKE_PROFIT_HARD,122.98
L1,1760422500,1760422500,long,4.9665,4.96498788106705,STOP_LOSS_HARD,-37.8
L1,1760433600,1760433600,long,4.9635,4.96198788106705,STOP_LOSS_HARD,-37.8
L1,1760448000,1760448240,long,5.0195,5.0245,TAKE_PROFIT_HARD,125.0
L1,1760469600,1760469960,short,5.018,5.01308069501952,TAKE_PROFIT_HARD,122.98
L1,1760472300,1760472720,short,5.02,5.0150806950195195,TAKE_PROFIT_HARD,122.98
L1,1760474700,1760474820,short,5.014,5.00908069501952,TAKE_PROFIT_HARD,122.98
L1,1760475600,1760475660,short,5.013,5.00808069501952,TAKE_PROFIT_HARD,122.98
L1,1760477700,1760477760,long,5.0245,5.0225,STOP_LOSS_HARD,-50.0
L1,1760480400,1760480400,short,5.0505,5.05201211893295,STOP_LOSS_HARD,-37.8
L1,1760487600,1760487660,short,5.014,5.01551211893295,STOP_LOSS_HARD,-37.8
L1,1760495400,1760495460,long,5.064,5.0605,STOP_LOSS_HARD,-87.5
L1,1760505000,1760505120,short,5.051,5.04608069501952,TAKE_PROFIT_HARD,122.98
L1,1760515500,1760515560,short,5.047,5.04208069501952,TAKE_PROFIT_HARD,122.98
L1,1760519700,1760519700,short,5.0255,5.02701211893295,STOP_LOSS_HARD,-37.8
L1,1760524500,1760524500,long,5.0225,5.02741930498048,TAKE_PROFIT_HARD,122.98
L1,1760525700,1760525700,long,5.0215,5.01998788106705,STOP_LOSS_HARD,-37.8
L1,1760532600,1760532720,short,5.013,5.01451211893295,STOP_LOSS_HARD,-37.8
L1,1760540100,1760540160,short,4.984,4.98551211893295,STOP_LOSS_HARD,-37.8
L1,1760544300,1760544300,short,4.9835,4.98501211893295,STOP_LOSS_HARD,-37.8
L1,1760565900,1760565900,short,4.9895,4.991012118932949,STOP_LOSS_HARD,-37.8
L1,1760568300,1760568540,long,4.989,4.99391930498048,TAKE_PROFIT_HARD,122.98
L1,1760577000,1760577240,long,4.9635,4.96198788106705,STOP_LOSS_HARD,-37.8
L1,1760584500,1760584560,short,4.9875,4.9890121189329495,STOP_LOSS_HARD,-37.8
L1,1760590200,1760590200,long,4.969,4.967487881067051,STOP_LOSS_HARD,-37.8
L1,1760608200,1760608200,long,4.964,4.962487881067051,STOP_LOSS_HARD,-37.8
L1,1760611200,1760611200,long,4.9865,4.984987881067051,STOP_LOSS_HARD,-37.8
L1,1760625300,1760625360,long,4.961,4.966,TAKE_PROFIT_HARD,125.0
L1,1760631000,1760631240,long,4.99,4.988,STOP_LOSS_HARD,-50.0
L1,1760640000,1760640600,short,4.983,4.9780806950195196,TAKE_PROFIT_HARD,122.98
L1,1760645700,1760646960,long,4.984,4.98891930498048,TAKE_PROFIT_HARD,122.98
L1,1760666100,1760666160,long,4.9635,4.9615,STOP_LOSS_HARD,-50.0
L1,1760699400,1760699460,long,4.967,4.96548788106705,STOP_LOSS_HARD,-37.8
L1,1760705700,1760705700,long,4.9685,4.96698788106705,STOP_LOSS_HARD,-37.8
L1,1760709300,1760709780,short,4.987,4.99,STOP_LOSS_HARD,-75.0
L1,1760715900,1760716380,long,4.9885,4.99341930498048,TAKE_PROFIT_HARD,122.98
L1,1760907300,1760907600,long,4.988,4.986487881067051,STOP_LOSS_HARD,-37.8
L1,1760917500,1760917620,short,5.0535,5.055012118932949,STOP_LOSS_HARD,-37.8
L1,1760927700,1760927760,short,5.017,5.019,STOP_LOSS_HARD,-50.0
L1,1760940300,1760940480,long,4.9895,4.98798788106705,STOP_LOSS_HARD,-37.8
L1,1760946300,1760946420,long,4.985,4.98991930498048,TAKE_PROFIT_HARD,122.98
L1,1760949900,1760949900,long,4.9885,4.9869878810670505,STOP_LOSS_HARD,-37.8
L1,1760953200,1760953260,short,5.0135,5.015012118932949,STOP_LOSS_HARD,-37.8
L1,1760974200,1760974380,short,5.0555,5.05058069501952,TAKE_PROFIT_HARD,122.98
L1,1760997600,1760997600,short,5.0555,5.05058069501952,TAKE_PROFIT_HARD,122.98
L1,1760998500,1760998560,short,5.0525,5.054,STOP_LOSS_SOFT,-37.5
L1,1761003900,1761004440,short,5.05,5.04508069501952,TAKE_PROFIT_HARD,122.98
L1,1761009000,1761009120,long,5.035,5.033,STOP_LOSS_HARD,-50.0
L1,1761025200,1761025380,long,4.9875,4.98598788106705,STOP_LOSS_HARD,-37.8
L1,1761033900,1761033960,long,4.989,4.987,STOP_LOSS_HARD,-50.0
L1,1761080700,1761080700,short,4.9465,4.94801211893295,STOP_LOSS_HARD,-37.8
L1,1761103200,1761103620,long,4.9875,4.985,STOP_LOSS_HARD,-62.5
L1,1761133200,1761133200,long,4.984,4.98891930498048,TAKE_PROFIT_HARD,122.98
L1,1761139500,1761139500,long,4.989,4.98748788106705,STOP_LOSS_HARD,-37.8
L1,1761149100,1761149940,short,5.0145,5.00958069501952,TAKE_PROFIT_HARD,122.98
L1,1761171000,1761171060,long,4.99,4.9884878810670505,STOP_LOSS_HARD,-37.8
L1,1761183300,1761183540,short,5.0165,5.011,TAKE_PROFIT_HARD,137.5
L1,1761184200,1761184320,short,5.0145,5.01601211893295,STOP_LOSS_HARD,-37.8
L1,1761206400,1761206400,long,5.089,5.0939193049804805,TAKE_PROFIT_HARD,122.98
L1,1761209100,1761209220,long,5.0885,5.0945,TAKE_PROFIT_HARD,150.0
L1,1761209700,1761209760,long,5.088,5.08648788106705,STOP_LOSS_HARD,-37.8
L1,1761234000,1761234060,long,5.0895,5.0879878810670505,STOP_LOSS_HARD,-37.8
L1,1761255300,1761255300,long,5.1075,5.10598788106705,STOP_LOSS_HARD,-37.8
L1,1761264000,1761264180,long,5.1075,5.10598788106705,STOP_LOSS_HARD,-37.8
L1,1761271200,1761271200,short,5.1215,5.12301211893295,STOP_LOSS_HARD,-37.8
L1,1761279300,1761279600,long,5.107,5.11191930498048,TAKE_PROFIT_HARD,122.98
L1,1761282000,1761282000,long,5.106,5.10448788106705,STOP_LOSS_HARD,-37.8
L1,1761304200,1761304200,short,5.1245,5.12601211893295,STOP_LOSS_HARD,-37.8
L1,1761311100,1761311100,short,5.1255,5.12058069501952,TAKE_PROFIT_HARD,122.98
L1,1761323400,1761323400,short,5.116,5.117512118932949,STOP_LOSS_HARD,-37.8
L1,1761618000,1761618000,long,5.1065,5.10498788106705,STOP_LOSS_HARD,-37.8
L1,1761623100,1761623220,short,5.1185,5.11358069501952,TAKE_PROFIT_HARD,122.98
L1,1761623700,1761623700,long,5.1075,5.10598788106705,STOP_LOSS_HARD,-37.8
L1,1761629700,1761629760,short,5.1175,5.11258069501952,TAKE_PROFIT_HARD,122.98
L1,1761630300,1761630360,short,5.12,5.12151211893295,STOP_LOSS_HARD,-37.8
L1,1761633600,1761633660,short,5.1255,5.127012118932949,STOP_LOSS_HARD,-37.8
L1,1761709800,1761709920,long,5.218,5.21648788106705,STOP_LOSS_HARD,-37.8
L1,1761728700,1761728760,short,5.235,5.23008069501952,TAKE_PROFIT_HARD,122.98
L1,1761730200,1761730320,short,5.241,5.242512118932949,STOP_LOSS_HARD,-37.8
L1,1761739200,1761739200,long,5.248,5.2464878810670506,STOP_LOSS_HARD,-37.8
L1,1761770400,1761770460,long,5.2215,5.2265,TAKE_PROFIT_HARD,125.0
L1,1761819000,1761819000,short,5.1245,5.12601211893295,STOP_LOSS_HARD,-37.8
L1,1761834900,1761835020,long,5.106,5.10448788106705,STOP_LOSS_HARD,-37.8
L1,1761854700,1761854940,long,5.1035,5.1085,TAKE_PROFIT_HARD,125.0
L1,1761856500,1761856560,long,5.107,5.1055,STOP_LOSS_SOFT,-37.5
L1,1761862500,1761862500,short,5.116,5.118,STOP_LOSS_HARD,-50.0
L1,1761865200,1761865200,short,5.12,5.12151211893295,STOP_LOSS_HARD,-37.8
L1,1761873300,1761873300,short,5.086,5.08751211893295,STOP_LOSS_HARD,-37.8
L1,1761878100,1761878220,short,5.0865,5.08158069501952,TAKE_PROFIT_HARD,122.98
L1,1761882000,1761882000,short,5.085,5.08651211893295,STOP_LOSS_HARD,-37.8
L1,1761895500,1761895620,short,5.0815,5.08301211893295,STOP_LOSS_HARD,-37.8
L1,1761897600,1761897660,long,5.102,5.100487881067051,STOP_LOSS_HARD,-37.8
L1,1761906300,1761906300,short,5.081,5.07608069501952,TAKE_PROFIT_HARD,122.98
L1,1761913500,1761913740,short,5.0855,5.08058069501952,TAKE_PROFIT_HARD,122.98
L1,1761915600,1761915600,short,5.089,5.09051211893295,STOP_LOSS_HARD,-37.8
L1,1761928500,1761929880,long,5.1085,5.11341930498048,TAKE_PROFIT_HARD,122.98
L1,1762180500,1762180680,short,5.048,5.04951211893295,STOP_LOSS_HARD,-37.8
L1,1762184400,1762184520,short,5.052,5.053512118932949,STOP_LOSS_HARD,-37.8
L1,1762199400,1762200000,short,5.05,5.0515121189329495,STOP_LOSS_HARD,-37.8
L1,1762206300,1762206420,long,5.022,5.02,STOP_LOSS_HARD,-50.0
L1,1762210200,1762211160,long,5.022,5.020487881067051,STOP_LOSS_HARD,-37.8
L1,1762232100,1762232100,long,4.939,4.93748788106705,STOP_LOSS_HARD,-37.8
L1,1762234200,1762234260,short,4.9345,4.9360121189329496,STOP_LOSS_HARD,-37.8
L1,1762238400,1762238580,short,4.934,4.93551211893295,STOP_LOSS_HARD,-37.8
L1,1762245000,1762245060,long,4.936,4.94091930498048,TAKE_PROFIT_HARD,122.98
L1,1762269000,1762269360,short,4.934,4.937,STOP_LOSS_HARD,-75.0
L1,1762308600,1762310400,long,4.934,4.93891930498048,TAKE_PROFIT_HARD,122.98
L1,1762319100,1762319100,long,4.9395,4.93798788106705,STOP_LOSS_HARD,-37.8
L1,1762335900,1762335960,long,4.9385,4.94341930498048,TAKE_PROFIT_HARD,122.98
L1,1762402500,1762402740,long,5.019,5.0174878810670505,STOP_LOSS_HARD,-37.8
L1,1762407300,1762407360,short,5.011,5.013,STOP_LOSS_HARD,-50.0
L1,1762722300,1762722300,long,5.0205,5.0189878810670505,STOP_LOSS_HARD,-37.8
L1,1762729500,1762730220,short,5.0335,5.03501211893295,STOP_LOSS_HARD,-37.8
L1,1762741200,1762741380,short,5.0345,5.03601211893295,STOP_LOSS_HARD,-37.8
L1,1762749300,1762749420,short,5.0365,5.03801211893295,STOP_LOSS_HARD,-37.8
L1,1762763700,1762763940,long,5.0245,5.02941930498048,TAKE_PROFIT_HARD,122.98
L1,1762769700,1762769760,long,5.0205,5.02541930498048,TAKE_PROFIT_HARD,122.98
L1,1762775400,1762776000,short,5.031,5.032512118932949,STOP_LOSS_HARD,-37.8
L1,1762784400,1762784400,short,5.0995,5.10101211893295,STOP_LOSS_HARD,-37.8
L1,1762804200,1762804440,short,5.095,5.09008069501952,TAKE_PROFIT_HARD,122.98
L1,1762822500,1762822500,long,5.073,5.071487881067051,STOP_LOSS_HARD,-37.8
L1,1762833300,1762833360,long,5.0725,5.07098788106705,STOP_LOSS_HARD,-37.8
L1,1762838400,1762839000,long,5.072,5.07048788106705,STOP_LOSS_HARD,-37.8
L1,1762857000,1762857000,long,5.068,5.07291930498048,TAKE_PROFIT_HARD,122.98
L1,1762887000,1762887600,long,5.072,5.07,STOP_LOSS_HARD,-50.0
L1,1762894800,1762895220,long,5.0735,5.07841930498048,TAKE_PROFIT_HARD,122.98
L1,1762903800,1762903860,short,5.049,5.05051211893295,STOP_LOSS_HARD,-37.8
L1,1762916100,1762916100,long,5.072,5.0695,STOP_LOSS_HARD,-62.5
L1,1762934100,1762934280,short,5.095,5.096512118932949,STOP_LOSS_HARD,-37.8
L1,1762976400,1762976700,short,5.095,5.09008069501952,TAKE_PROFIT_HARD,122.98
L1,1762980000,1762980600,short,5.095,5.096512118932949,STOP_LOSS_HARD,-37.8
L1,1763047800,1763048040,short,5.049,5.05051211893295,STOP_LOSS_HARD,-37.8
L1,1763073600,1763073720,long,5.071,5.07591930498048,TAKE_PROFIT_HARD,122.98
L1,1763074500,1763074800,long,5.074,5.07891930498048,TAKE_PROFIT_HARD,122.98
L1,1763084400,1763084460,long,5.07,5.067,STOP_LOSS_HARD,-75.0
L1,1763091000,1763091000,short,5.0495,5.052,STOP_LOSS_HARD,-62.5
L1,1763104200,1763104380,short,5.05,5.04508069501952,TAKE_PROFIT_HARD,122.98
L1,1763109900,1763109900,long,5.01,5.00848788106705,STOP_LOSS_HARD,-37.8
L1,1763115600,1763115600,short,5.0545,5.05601211893295,STOP_LOSS_HARD,-37.8
L1,1763136600,1763137200,short,5.052,5.054,STOP_LOSS_HARD,-50.0
L1,1763346000,1763346120,short,5.053,5.05451211893295,STOP_LOSS_HARD,-37.8
L1,1763360100,1763360940,long,5.0225,5.02741930498048,TAKE_PROFIT_HARD,122.98
L1,1763390400,1763390880,long,4.9905,4.98898788106705,STOP_LOSS_HARD,-37.8
L1,1763395500,1763395560,long,4.991,4.98948788106705,STOP_LOSS_HARD,-37.8
L1,1763412900,1763412960,long,4.985,4.983487881067051,STOP_LOSS_HARD,-37.8
L1,1763428500,1763428500,short,4.9685,4.970012118932949,STOP_LOSS_HARD,-37.8
L1,1763439900,1763439960,long,4.991,4.9895,STOP_LOSS_SOFT,-37.5
L1,1763456400,1763456400,long,4.986,4.98448788106705,STOP_LOSS_HARD,-37.8
L1,1763484000,1763484600,short,4.965,4.9675,STOP_LOSS_HARD,-62.5
L1,1763502600,1763502600,long,4.9905,4.98898788106705,STOP_LOSS_HARD,-37.8
L1,1763520600,1763521080,long,4.9905,4.98898788106705,STOP_LOSS_HARD,-37.8
L1,1763527200,1763527380,long,4.9895,4.99441930498048,TAKE_PROFIT_HARD,122.98
L1,1763540100,1763540400,long,5.019,5.02391930498048,TAKE_PROFIT_HARD,122.98
L1,1763544900,1763544900,short,5.011,5.01251211893295,STOP_LOSS_HARD,-37.8
L1,1763552400,1763552400,long,4.9915,4.989987881067051,STOP_LOSS_HARD,-37.8
L1,1763556600,1763556600,short,5.008,5.00951211893295,STOP_LOSS_HARD,-37.8
L1,1763562300,1763562300,long,5.023,5.02148788106705,STOP_LOSS_HARD,-37.8
L1,1763578200,1763578200,short,5.0485,5.050012118932949,STOP_LOSS_HARD,-37.8
L1,1763587200,1763587200,long,5.0205,5.0189878810670505,STOP_LOSS_HARD,-37.8
L1,1763599200,1763599200,long,5.023,5.02148788106705,STOP_LOSS_HARD,-37.8
L1,1763626800,1763626860,long,5.0245,5.02298788106705,STOP_LOSS_HARD,-37.8
L1,1763630700,1763631000,long,5.0235,5.021987881067051,STOP_LOSS_HARD,-37.8
L1,1763639700,1763639700,long,4.986,4.98448788106705,STOP_LOSS_HARD,-37.8
L1,1763669400,1763669400,short,4.9695,4.97101211893295,STOP_LOSS_HARD,-37.8
L1,1763671800,1763672040,short,4.9665,4.96158069501952,TAKE_PROFIT_HARD,122.98
L1,1763687400,1763687640,short,4.9665,4.96801211893295,STOP_LOSS_HARD,-37.8
L1,1763721900,1763721900,short,4.9675,4.96901211893295,STOP_LOSS_HARD,-37.8
L1,1763731800,1763731980,short,5.0075,5.011,STOP_LOSS_HARD,-87.5
L1,1763963100,1763963220,short,5.0775,5.0725,TAKE_PROFIT_HARD,125.0
L1,1763974800,1763975040,long,5.054,5.05891930498048,TAKE_PROFIT_HARD,122.98
L1,1763981700,1763982180,long,5.059,5.06391930498048,TAKE_PROFIT_HARD,122.98
L1,1763994000,1763996700,short,5.0755,5.0775,STOP_LOSS_HARD,-50.0
L1,1764036300,1764036780,short,5.1365,5.13158069501952,TAKE_PROFIT_HARD,122.98
L1,1764045600,1764045720,long,5.1135,5.11841930498048,TAKE_PROFIT_HARD,122.98
L1,1764056700,1764056760,short,5.141,5.13608069501952,TAKE_PROFIT_HARD,122.98
L1,1764100200,1764100740,long,5.114,5.11891930498048,TAKE_PROFIT_HARD,122.98
L1,1764101100,1764101700,long,5.115,5.11991930498048,TAKE_PROFIT_HARD,122.98
L1,1764117000,1764117000,short,5.1365,5.1380121189329495,STOP_LOSS_HARD,-37.8
L1,1764327600,1764327600,long,5.286,5.28448788106705,STOP_LOSS_HARD,-37.8
L1,1764333600,1764333600,long,5.2955,5.29398788106705,STOP_LOSS_HARD,-37.8
L1,1764581100,1764581100,long,5.326,5.32448788106705,STOP_LOSS_HARD,-37.8
L1,1764631200,1764631260,short,5.2295,5.2310121189329495,STOP_LOSS_HARD,-37.8
L1,1764635700,1764635880,short,5.238,5.24,STOP_LOSS_HARD,-50.0
L1,1764745500,1764745800,short,5.3495,5.35101211893295,STOP_LOSS_HARD,-37.8
L1,1764758100,1764758100,short,5.419,5.420512118932949,STOP_LOSS_HARD,-37.8
L1,1764786000,1764786780,long,5.391,5.38948788106705,STOP_LOSS_HARD,-37.8
L1,1764797400,1764797400,short,5.415,5.41651211893295,STOP_LOSS_HARD,-37.8
L1,1764801600,1764801780,short,5.416,5.418,STOP_LOSS_HARD,-50.0
L1,1764807900,1764808020,short,5.418,5.42,STOP_LOSS_HARD,-50.0
L1,1764817500,1764817500,long,5.3855,5.3904193049804805,TAKE_PROFIT_HARD,122.98
L1,1764827400,1764828120,short,5.3495,5.35101211893295,STOP_LOSS_HARD,-37.8
L1,1764894000,1764894300,short,5.416,5.41751211893295,STOP_LOSS_HARD,-37.8
L1,1764925800,1764925800,short,5.416,5.41751211893295,STOP_LOSS_HARD,-37.8
L1,1765143900,1765143900,short,5.435,5.436512118932949,STOP_LOSS_HARD,-37.8
L1,1765210200,1765210560,short,5.4275,5.42258069501952,TAKE_PROFIT_HARD,122.98
L1,1765231500,1765231680,short,5.405,5.40651211893295,STOP_LOSS_HARD,-37.8
L1,1765251900,1765251900,short,5.3635,5.36501211893295,STOP_LOSS_HARD,-37.8
L1,1765313700,1765313700,short,5.361,5.362512118932949,STOP_LOSS_HARD,-37.8
L1,1765327800,1765327920,long,5.384,5.382487881067051,STOP_LOSS_HARD,-37.8
L1,1765343700,1765343700,short,5.4175,5.41901211893295,STOP_LOSS_HARD,-37.8
L1,1765349400,1765349520,long,5.3895,5.38798788106705,STOP_LOSS_HARD,-37.8
L1,1765356600,1765356600,long,5.385,5.38348788106705,STOP_LOSS_HARD,-37.8
L1,1765362600,1765362600,short,5.36,5.36151211893295,STOP_LOSS_HARD,-37.8
L1,1765382100,1765382160,long,5.402,5.4004878810670505,STOP_LOSS_HARD,-37.8
L1,1765384500,1765385040,short,5.405,5.40651211893295,STOP_LOSS_HARD,-37.8
L1,1765392900,1765393440,short,5.4065,5.40158069501952,TAKE_PROFIT_HARD,122.98
L1,1765395900,1765396140,long,5.4,5.398487881067051,STOP_LOSS_HARD,-37.8
L1,1765399200,1765399200,short,5.431,5.4345,STOP_LOSS_HARD,-87.5
L1,1765434900,1765435500,long,5.3995,5.40441930498048,TAKE_PROFIT_HARD,122.98
L1,1765454100,1765454100,long,5.505,5.50991930498048,TAKE_PROFIT_HARD,122.98
L1,1765479600,1765479840,long,5.4835,5.48841930498048,TAKE_PROFIT_HARD,122.98
L1,1765491600,1765491960,long,5.472,5.470487881067051,STOP_LOSS_HARD,-37.8
L1,1765511100,1765511160,long,5.482,5.4804878810670505,STOP_LOSS_HARD,-37.8
L1,1765547700,1765547820,short,5.364,5.35908069501952,TAKE_PROFIT_HARD,122.98
L1,1765748700,1765748700,long,5.396,5.394,STOP_LOSS_HARD,-50.0
L1,1765764300,1765764420,long,5.403,5.40148788106705,STOP_LOSS_HARD,-37.8
L1,1765772100,1765772100,short,5.4285,5.430012118932949,STOP_LOSS_HARD,-37.8
L1,1765778700,1765779240,short,5.4145,5.40958069501952,TAKE_PROFIT_HARD,122.98
L1,1765783200,1765783380,short,5.428,5.42951211893295,STOP_LOSS_HARD,-37.8
L1,1765802700,1765803000,short,5.4145,5.40958069501952,TAKE_PROFIT_HARD,122.98
L1,1765825200,1765825260,long,5.403,5.408,TAKE_PROFIT_HARD,125.0
L1,1765828500,1765828560,long,5.399,5.39748788106705,STOP_LOSS_HARD,-37.8
L1,1765925400,1765925820,short,5.418,5.41951211893295,STOP_LOSS_HARD,-37.8
L1,1765932000,1765932000,short,5.432,5.43351211893295,STOP_LOSS_HARD,-37.8
L1,1765935900,1765935900,long,5.395,5.39991930498048,TAKE_PROFIT_HARD,122.98
L1,1765938000,1765938600,long,5.3985,5.4035,TAKE_PROFIT_HARD,125.0
L1,1765947600,1765947780,long,5.3995,5.40441930498048,TAKE_PROFIT_HARD,122.98
L1,1765950600,1765950720,short,5.4165,5.41801211893295,STOP_LOSS_HARD,-37.8
L1,1765956900,1765957200,short,5.4155,5.41058069501952,TAKE_PROFIT_HARD,122.98
L1,1765967100,1765967280,short,5.429,5.43051211893295,STOP_LOSS_HARD,-37.8
L1,1765980000,1765980180,short,5.4185,5.413,TAKE_PROFIT_HARD,137.5
L1,1765982400,1765982820,short,5.427,5.4220806950195195,TAKE_PROFIT_HARD,122.98
L1,1765986600,1765986720,short,5.429,5.423,TAKE_PROFIT_HARD,150.0
L1,1765987800,1765994400,short,5.4285,5.430012118932949,STOP_LOSS_HARD,-37.8
L1,1766005800,1766006040,long,5.394,5.39891930498048,TAKE_PROFIT_HARD,122.98
L1,1766007000,1766007000,long,5.4025,5.40098788106705,STOP_LOSS_HARD,-37.8
L1,1766018100,1766018220,short,5.415,5.41,TAKE_PROFIT_HARD,125.0
L1,1766018400,1766018640,long,5.403,5.40791930498048,TAKE_PROFIT_HARD,122.98
L1,1766019000,1766019240,long,5.398,5.39648788106705,STOP_LOSS_HARD,-37.8
L1,1766021100,1766021100,long,5.3935,5.3905,STOP_LOSS_HARD,-75.0
L1,1766028900,1766028900,short,5.415,5.41651211893295,STOP_LOSS_HARD,-37.8
L1,1766034300,1766034480,short,5.416,5.41108069501952,TAKE_PROFIT_HARD,122.98
L1,1766036100,1766036220,short,5.4165,5.41801211893295,STOP_LOSS_HARD,-37.8
L1,1766044500,1766044620,long,5.4025,5.40098788106705,STOP_LOSS_HARD,-37.8
L1,1766061300,1766061300,short,5.429,5.43051211893295,STOP_LOSS_HARD,-37.8
L1,1766084100,1766086080,short,5.427,5.428512118932949,STOP_LOSS_HARD,-37.8
L1,1766091000,1766091120,short,5.42,5.422,STOP_LOSS_HARD,-50.0
L1,1766105400,1766105460,short,5.4935,5.49501211893295,STOP_LOSS_HARD,-37.8
L1,1766115300,1766115300,short,5.486,5.487512118932949,STOP_LOSS_HARD,-37.8
L1,1766124600,1766124960,long,5.4845,5.48941930498048,TAKE_PROFIT_HARD,122.98
L1,1766159700,1766159700,long,5.4805,5.4789878810670505,STOP_LOSS_HARD,-37.8
L1,1766161200,1766161200,short,5.4855,5.48701211893295,STOP_LOSS_HARD,-37.8
L1,1766358000,1766358420,long,5.538,5.536487881067051,STOP_LOSS_HARD,-37.8
L1,1766372700,1766372760,short,5.5495,5.54458069501952,TAKE_PROFIT_HARD,122.98
L1,1766374500,1766374500,long,5.5335,5.53198788106705,STOP_LOSS_HARD,-37.8
L1,1766462100,1766462100,short,5.542,5.5435121189329495,STOP_LOSS_HARD,-37.8
L1,1766490300,1766490300,short,5.555,5.556512118932949,STOP_LOSS_HARD,-37.8
L1,1766496300,1766497800,short,5.557,5.55851211893295,STOP_LOSS_HARD,-37.8
L1,1766554800,1766554860,short,5.6265,5.62801211893295,STOP_LOSS_HARD,-37.8
L1,1766691300,1766691300,long,5.7045,5.702987881067051,STOP_LOSS_HARD,-37.8
L1,1766704800,1766705340,long,5.741,5.7385,STOP_LOSS_HARD,-62.5
L1,1766708400,1766708700,long,5.7285,5.726987881067051,STOP_LOSS_HARD,-37.8
L1,1766733600,1766733600,long,5.726,5.72448788106705,STOP_LOSS_HARD,-37.8
L1,1766766900,1766767800,short,5.8565,5.8515806950195195,TAKE_PROFIT_HARD,122.98
L1,1767065400,1767065400,long,5.677,5.67548788106705,STOP_LOSS_HARD,-37.8
L1,1767067800,1767068160,long,5.679,5.677487881067051,STOP_LOSS_HARD,-37.8
L1,1767092700,1767092820,long,5.7265,5.72498788106705,STOP_LOSS_HARD,-37.8
L1,1767112800,1767112920,short,5.7565,5.75801211893295,STOP_LOSS_HARD,-37.8
L1,1767151500,1767151500,long,5.6845,5.68298788106705,STOP_LOSS_HARD,-37.8
L1,1767166200,1767166260,long,5.683,5.68791930498048,TAKE_PROFIT_HARD,122.98
L1,1767168600,1767168600,long,5.67,5.66848788106705,STOP_LOSS_HARD,-37.8
L1,1767179100,1767179160,long,5.6735,5.67841930498048,TAKE_PROFIT_HARD,122.98
L1,1767182700,1767182760,long,5.6835,5.6815,STOP_LOSS_HARD,-50.0
L1,1767294000,1767294000,short,5.7575,5.75258069501952,TAKE_PROFIT_HARD,122.98
L1,1767360600,1767360600,long,5.6745,5.67298788106705,STOP_LOSS_HARD,-37.8
L1,1767568800,1767569160,short,5.8555,5.85701211893295,STOP_LOSS_HARD,-37.8
L1,1767611400,1767611400,long,5.9335,5.931987881067051,STOP_LOSS_HARD,-37.8
L1,1767638100,1767638100,long,5.9735,5.97198788106705,STOP_LOSS_HARD,-37.8
L1,1767639900,1767640260,short,5.974,5.969,TAKE_PROFIT_HARD,125.0
L1,1767642300,1767642300,short,5.973,5.9745121189329495,STOP_LOSS_HARD,-37.8
L1,1767751500,1767751500,short,5.979,5.98051211893295,STOP_LOSS_HARD,-37.8
L1,1767769800,1767769800,long,5.974,5.9724878810670505,STOP_LOSS_HARD,-37.8
L1,1767772200,1767772260,long,5.9615,5.96641930498048,TAKE_PROFIT_HARD,122.98
L1,1767799200,1767799500,short,5.854,5.84908069501952,TAKE_PROFIT_HARD,122.98
L1,1767842100,1767842100,long,5.8195,5.81798788106705,STOP_LOSS_HARD,-37.8
L1,1767846300,1767846720,long,5.8265,5.832,TAKE_PROFIT_HARD,137.5
L1,1767852000,1767852000,short,5.8575,5.85258069501952,TAKE_PROFIT_HARD,122.98
L1,1767853200,1767853320,short,5.8555,5.85058069501952,TAKE_PROFIT_HARD,122.98
L1,1767853800,1767853860,short,5.8545,5.84958069501952,TAKE_PROFIT_HARD,122.98
L1,1767855000,1767855000,short,5.8545,5.8560121189329495,STOP_LOSS_HARD,-37.8
L1,1767916500,1767916920,long,5.826,5.83091930498048,TAKE_PROFIT_HARD,122.98
L1,1767917400,1767917460,long,5.8245,5.82298788106705,STOP_LOSS_HARD,-37.8
L1,1767931800,1767931920,short,5.8545,5.8575,STOP_LOSS_HARD,-75.0
L1,1768195500,1768195500,long,6.0175,6.01598788106705,STOP_LOSS_HARD,-37.8
L1,1768204200,1768204200,short,6.0475,6.04901211893295,STOP_LOSS_HARD,-37.8
L1,1768224000,1768224120,long,6.0105,6.008987881067051,STOP_LOSS_HARD,-37.8
L1,1768254000,1768254000,short,5.984,5.9875,STOP_LOSS_HARD,-87.5
L1,1768274700,1768274760,short,6.0485,6.04358069501952,TAKE_PROFIT_HARD,122.98
L1,1768286400,1768286460,short,6.0465,6.04158069501952,TAKE_PROFIT_HARD,122.98
L1,1768308300,1768308300,long,6.0185,6.016987881067051,STOP_LOSS_HARD,-37.8
L1,1768346400,1768346520,long,6.1355,6.133987881067051,STOP_LOSS_HARD,-37.8
L1,1768363500,1768363500,short,6.047,6.048512118932949,STOP_LOSS_HARD,-37.8
L1,1768394700,1768394820,short,6.047,6.048512118932949,STOP_LOSS_HARD,-37.8
L1,1768395900,1768395900,short,6.0545,6.05601211893295,STOP_LOSS_HARD,-37.8
L1,1768447500,1768447500,long,5.9445,5.94298788106705,STOP_LOSS_HARD,-37.8
L1,1768451100,1768451100,short,5.975,5.976512118932949,STOP_LOSS_HARD,-37.8
L1,1768490700,1768490760,short,5.971,5.97251211893295,STOP_LOSS_HARD,-37.8
L1,1768518900,1768519140,long,5.9115,5.91641930498048,TAKE_PROFIT_HARD,122.98
L1,1768546800,1768546860,long,5.914,5.91248788106705,STOP_LOSS_HARD,-37.8
L1,1768573200,1768573440,long,5.827,5.832,TAKE_PROFIT_HARD,125.0
L1,1768783200,1768783380,long,5.908,5.906487881067051,STOP_LOSS_HARD,-37.8
L1,1768803300,1768803780,short,5.8535,5.85501211893295,STOP_LOSS_HARD,-37.8
L1,1768858800,1768858800,short,5.854,5.856,STOP_LOSS_HARD,-50.0
L1,1768887000,1768887000,short,5.8535,5.85501211893295,STOP_LOSS_HARD,-37.8
L1,1768910700,1768910700,long,5.782,5.78048788106705,STOP_LOSS_HARD,-37.8
L1,1768918800,1768918800,short,5.804,5.80551211893295,STOP_LOSS_HARD,-37.8
L1,1768921800,1768922040,short,5.8045,5.80601211893295,STOP_LOSS_HARD,-37.8
L1,1768926900,1768927680,long,5.8255,5.83041930498048,TAKE_PROFIT_HARD,122.98
L1,1768954800,1768954920,short,5.857,5.85208069501952,TAKE_PROFIT_HARD,122.98
L1,1768980900,1768980960,short,5.854,5.856,STOP_LOSS_HARD,-50.0
L1,1768996200,1768996200,short,5.804,5.79908069501952,TAKE_PROFIT_HARD,122.98
L1,1769003700,1769003820,short,5.7585,5.760012118932949,STOP_LOSS_HARD,-37.8
L1,1769013300,1769013780,short,5.805,5.806512118932949,STOP_LOSS_HARD,-37.8
L1,1769036700,1769036760,short,5.806,5.808,STOP_LOSS_HARD,-50.0
L1,1769047200,1769047200,short,5.808,5.80308069501952,TAKE_PROFIT_HARD,122.98
L1,1769074200,1769074200,short,5.7585,5.760012118932949,STOP_LOSS_HARD,-37.8
L1,1769088000,1769088000,short,5.808,5.8095121189329495,STOP_LOSS_HARD,-37.8
L1,1769106600,1769107800,short,5.805,5.806512118932949,STOP_LOSS_HARD,-37.8
L1,1769119800,1769119800,long,5.823,5.821487881067051,STOP_LOSS_HARD,-37.8
L1,1769139300,1769139300,short,5.805,5.809,STOP_LOSS_HARD,-100.0
L1,1769147700,1769148060,long,5.818,5.81648788106705,STOP_LOSS_HARD,-37.8
L1,1769151900,1769152200,short,5.854,5.85551211893295,STOP_LOSS_HARD,-37.8
L1,1769178600,1769179380,short,5.932,5.93351211893295,STOP_LOSS_HARD,-37.8
L1,1769182800,1769183940,short,5.934,5.93551211893295,STOP_LOSS_HARD,-37.8
L1,1769411100,1769411400,short,5.976,5.97108069501952,TAKE_PROFIT_HARD,122.98
L1,1769432700,1769432700,short,6.0255,6.02058069501952,TAKE_PROFIT_HARD,122.98
L1,1769446500,1769446500,long,5.9115,5.9099878810670505,STOP_LOSS_HARD,-37.8
L1,1769457000,1769457000,long,5.909,5.90748788106705,STOP_LOSS_HARD,-37.8
L1,1769471400,1769471460,long,5.8745,5.872987881067051,STOP_LOSS_HARD,-37.8
L1,1769476800,1769476860,short,5.8975,5.9,STOP_LOSS_HARD,-62.5
L1,1769486400,1769486400,short,5.895,5.8900806950195195,TAKE_PROFIT_HARD,122.98
L1,1769493000,1769493780,long,5.9085,5.90698788106705,STOP_LOSS_HARD,-37.8
L1,1769498700,1769498700,short,5.8945,5.8960121189329495,STOP_LOSS_HARD,-37.8
L1,1769513100,1769513220,long,5.872,5.87691930498048,TAKE_PROFIT_HARD,122.98
L1,1769547600,1769547600,long,5.914,5.91248788106705,STOP_LOSS_HARD,-37.8
L1,1769566200,1769566260,short,5.9765,5.978012118932949,STOP_LOSS_HARD,-37.8
L1,1769582100,1769582100,long,5.915,5.91348788106705,STOP_LOSS_HARD,-37.8
L1,1769586000,1769586060,long,5.9135,5.91198788106705,STOP_LOSS_HARD,-37.8
L1,1769604000,1769604000,long,5.913,5.91791930498048,TAKE_PROFIT_HARD,122.98
L1,1769615100,1769615160,short,5.9775,5.97901211893295,STOP_LOSS_HARD,-37.8
L1,1770101100,1770101160,long,6.029,6.027,STOP_LOSS_HARD,-50.0
L1,1770259800,1770259800,short,5.849,5.85051211893295,STOP_LOSS_HARD,-37.8
L1,1770272100,1770272160,short,5.8505,5.853,STOP_LOSS_HARD,-62.5
L1,1770274200,1770274380,short,5.849,5.8435,TAKE_PROFIT_HARD,137.5
L1,1770297000,1770297000,long,5.816,5.81448788106705,STOP_LOSS_HARD,-37.8
L1,1770354600,1770354600,short,5.801,5.806,STOP_LOSS_HARD,-125.0
L1,1770361800,1770361800,long,5.8225,5.82098788106705,STOP_LOSS_HARD,-37.8
L1,1770645000,1770645240,long,5.954,5.95248788106705,STOP_LOSS_HARD,-37.8
L1,1770783600,1770783720,short,5.9715,5.9730121189329495,STOP_LOSS_HARD,-37.8
L1,1770815700,1770815760,long,5.9555,5.96041930498048,TAKE_PROFIT_HARD,122.98
L1,1770845400,1770845400,short,5.976,5.97108069501952,TAKE_PROFIT_HARD,122.98
L1,1770849300,1770849600,short,5.978,5.97308069501952,TAKE_PROFIT_HARD,122.98
L1,1770854700,1770854820,short,5.9765,5.978012118932949,STOP_LOSS_HARD,-37.8
L1,1770860100,1770860100,long,5.955,5.95348788106705,STOP_LOSS_HARD,-37.8
L1,1770888000,1770888000,long,5.955,5.95348788106705,STOP_LOSS_HARD,-37.8
L1,1770932700,1770932820,long,5.826,5.823,STOP_LOSS_HARD,-75.0
L1,1770947700,1770947760,short,5.797,5.798512118932949,STOP_LOSS_HARD,-37.8
L1,1770951600,1770951600,long,5.809,5.81391930498048,TAKE_PROFIT_HARD,122.98
L1,1771281300,1771281300,long,5.7135,5.71198788106705,STOP_LOSS_HARD,-37.8
L1,1771291800,1771291860,short,5.707,5.70208069501952,TAKE_PROFIT_HARD,122.98
L1,1771299300,1771299300,long,5.7055,5.71041930498048,TAKE_PROFIT_HARD,122.98
L1,1771301100,1771301100,short,5.7165,5.72,STOP_LOSS_HARD,-87.5
L1,1771305300,1771305300,long,5.7135,5.71198788106705,STOP_LOSS_HARD,-37.8
L1,1771308900,1771309260,short,5.7065,5.70801211893295,STOP_LOSS_HARD,-37.8
L1,1771339200,1771339260,short,5.684,5.68551211893295,STOP_LOSS_HARD,-37.8
L1,1771368900,1771369260,short,5.684,5.68551211893295,STOP_LOSS_HARD,-37.8
L1,1771373100,1771374120,short,5.709,5.7040806950195195,TAKE_PROFIT_HARD,122.98
L1,1771387800,1771387800,short,5.707,5.7085121189329495,STOP_LOSS_HARD,-37.8
L1,1771391100,1771391340,short,5.7145,5.71601211893295,STOP_LOSS_HARD,-37.8
L1,1771397400,1771397520,long,5.709,5.70748788106705,STOP_LOSS_HARD,-37.8
L1,1771400700,1771400700,short,5.7085,5.71001211893295,STOP_LOSS_HARD,-37.8
L1,1771486500,1771486500,long,5.7125,5.710987881067051,STOP_LOSS_HARD,-37.8
L1,1771491300,1771491360,short,5.7075,5.7095,STOP_LOSS_HARD,-50.0
L1,1771592100,1771592100,short,5.845,5.84008069501952,TAKE_PROFIT_HARD,122.98
L1,1771594200,1771594200,long,5.839,5.837487881067051,STOP_LOSS_HARD,-37.8
L1,1771806000,1771806120,long,5.817,5.82191930498048,TAKE_PROFIT_HARD,122.98
L1,1771813500,1771813560,long,5.8125,5.81098788106705,STOP_LOSS_HARD,-37.8
L1,1771817100,1771817280,long,5.816,5.82091930498048,TAKE_PROFIT_HARD,122.98
L1,1771831800,1771831860,long,5.8135,5.811987881067051,STOP_LOSS_HARD,-37.8
L1,1771835100,1771835460,short,5.8145,5.80958069501952,TAKE_PROFIT_HARD,122.98
L1,1771839600,1771839600,short,5.818,5.819512118932949,STOP_LOSS_HARD,-37.8
L1,1771840800,1771840800,short,5.815,5.81651211893295,STOP_LOSS_HARD,-37.8
L1,1771849200,1771849260,short,5.7685,5.77001211893295,STOP_LOSS_HARD,-37.8
L1,1771886400,1771886580,short,5.9425,5.93758069501952,TAKE_PROFIT_HARD,122.98
L1,1771894500,1771894500,short,5.9495,5.951012118932949,STOP_LOSS_HARD,-37.8
L1,1771900800,1771900860,long,5.9245,5.92298788106705,STOP_LOSS_HARD,-37.8
L1,1771909800,1771909800,long,5.9215,5.91998788106705,STOP_LOSS_HARD,-37.8
L1,1771915500,1771915680,long,5.9235,5.92198788106705,STOP_LOSS_HARD,-37.8
L1,1771919100,1771919280,short,5.9445,5.93958069501952,TAKE_PROFIT_HARD,122.98
L1,1771938000,1771938000,long,5.99,5.9884878810670505,STOP_LOSS_HARD,-37.8
L1,1771982100,1771982340,short,6.0175,6.01901211893295,STOP_LOSS_HARD,-37.8
L1,1771989300,1771989480,short,6.019,6.02051211893295,STOP_LOSS_HARD,-37.8
L1,1771997100,1771997220,short,6.017,6.019,STOP_LOSS_HARD,-50.0
L1,1772010600,1772010600,short,6.0185,6.02001211893295,STOP_LOSS_HARD,-37.8
L1,1772021100,1772021280,long,6.0355,6.03398788106705,STOP_LOSS_HARD,-37.8
L1,1772034900,1772034960,long,6.0365,6.0349878810670505,STOP_LOSS_HARD,-37.8
L1,1772046600,1772046600,long,6.038,6.036487881067051,STOP_LOSS_HARD,-37.8
L1,1772052000,1772052060,long,6.0325,6.03741930498048,TAKE_PROFIT_HARD,122.98
L1,1772068800,1772068920,long,6.03,6.028487881067051,STOP_LOSS_HARD,-37.8
L1,1772077800,1772077800,short,6.0185,6.02001211893295,STOP_LOSS_HARD,-37.8
L1,1772089800,1772090100,short,6.0205,6.01558069501952,TAKE_PROFIT_HARD,122.98
L1,1772095500,1772095560,long,6.0345,6.0394193049804805,TAKE_PROFIT_HARD,122.98
L1,1772106600,1772106780,long,6.0385,6.03698788106705,STOP_LOSS_HARD,-37.8
L1,1772114700,1772115000,short,6.0205,6.02201211893295,STOP_LOSS_HARD,-37.8
L1,1772136300,1772136300,short,6.0175,6.01901211893295,STOP_LOSS_HARD,-37.8
L1,1772148000,1772148300,long,6.039,6.04391930498048,TAKE_PROFIT_HARD,122.98
L1,1772194200,1772194260,short,6.0725,6.06758069501952,TAKE_PROFIT_HARD,122.98
L1,1772453700,1772453700,long,5.937,5.935487881067051,STOP_LOSS_HARD,-37.8
L1,1772459700,1772459700,long,5.94,5.938487881067051,STOP_LOSS_HARD,-37.8
L1,1772505900,1772505900,long,5.9365,5.94141930498048,TAKE_PROFIT_HARD,122.98
L1,1772523000,1772523000,short,5.813,5.814512118932949,STOP_LOSS_HARD,-37.8
L1,1772580600,1772580600,short,5.9105,5.90558069501952,TAKE_PROFIT_HARD,122.98
L1,1772591400,1772591400,short,5.9125,5.914012118932949,STOP_LOSS_HARD,-37.8
L1,1772602200,1772602200,short,5.9535,5.95501211893295,STOP_LOSS_HARD,-37.8
L1,1772628600,1772628780,short,5.911,5.912512118932949,STOP_LOSS_HARD,-37.8
L1,1772651700,1772651700,short,5.9095,5.91101211893295,STOP_LOSS_HARD,-37.8
L1,1772718300,1772718360,short,5.817,5.81208069501952,TAKE_PROFIT_HARD,122.98
L1,1772724900,1772725140,long,5.82,5.8175,STOP_LOSS_HARD,-62.5
L1,1772729700,1772733600,long,5.8235,5.829,TAKE_PROFIT_HARD,137.5
L1,1772774700,1772774760,short,5.8185,5.8135,TAKE_PROFIT_HARD,125.0
L1,1772801400,1772801400,short,5.814,5.81551211893295,STOP_LOSS_HARD,-37.8
L1,1773013200,1773013200,long,5.755,5.7525,STOP_LOSS_HARD,-62.5
L1,1773015300,1773015360,long,5.755,5.7505,STOP_LOSS_HARD,-112.5
L1,1773025200,1773025200,long,5.7595,5.75798788106705,STOP_LOSS_HARD,-37.8
L1,1773040500,1773040500,long,5.756,5.754487881067051,STOP_LOSS_HARD,-37.8
L1,1773045000,1773045060,short,5.7745,5.776012118932949,STOP_LOSS_HARD,-37.8
L1,1773047100,1773047160,short,5.7775,5.77258069501952,TAKE_PROFIT_HARD,122.98
L1,1773088500,1773088560,long,5.884,5.88891930498048,TAKE_PROFIT_HARD,122.98
L1,1773107700,1773107700,short,5.904,5.907,STOP_LOSS_HARD,-75.0
L1,1773123600,1773123960,long,5.9175,5.915987881067051,STOP_LOSS_HARD,-37.8
L1,1773143700,1773143940,long,5.9465,5.95141930498048,TAKE_PROFIT_HARD,122.98
L1,1773149700,1773149760,long,5.952,5.95048788106705,STOP_LOSS_HARD,-37.8
L1,1773151500,1773151560,long,5.951,5.94948788106705,STOP_LOSS_HARD,-37.8
L1,1773182400,1773182520,long,5.9225,5.9275,TAKE_PROFIT_HARD,125.0
L1,1773195900,1773196020,long,5.9215,5.91998788106705,STOP_LOSS_HARD,-37.8
L1,1773234900,1773235020,long,5.8755,5.87398788106705,STOP_LOSS_HARD,-37.8
L1,1773255900,1773256020,long,5.882,5.88691930498048,TAKE_PROFIT_HARD,122.98
L1,1773257100,1773257580,long,5.8845,5.88298788106705,STOP_LOSS_HARD,-37.8
L1,1773263100,1773263100,long,5.88,5.87848788106705,STOP_LOSS_HARD,-37.8
L1,1773290400,1773290580,long,5.885,5.8905,TAKE_PROFIT_HARD,137.5
L1,1773292200,1773292260,short,5.903,5.8980806950195195,TAKE_PROFIT_HARD,122.98
L1,1773294300,1773294420,short,5.902,5.89708069501952,TAKE_PROFIT_HARD,122.98
L1,1773295200,1773295380,short,5.9015,5.89658069501952,TAKE_PROFIT_HARD,122.98
L1,1773298500,1773298800,long,5.8845,5.88298788106705,STOP_LOSS_HARD,-37.8
L1,1773303000,1773303060,long,5.8845,5.88298788106705,STOP_LOSS_HARD,-37.8
L1,1773357600,1773358260,short,5.8265,5.8205,TAKE_PROFIT_HARD,150.0
L1,1773358500,1773358920,short,5.8235,5.82501211893295,STOP_LOSS_HARD,-37.8
L1,1773366600,1773366900,short,5.814,5.809,TAKE_PROFIT_HARD,125.0
L1,1773368700,1773368760,long,5.797,5.80191930498048,TAKE_PROFIT_HARD,122.98
L1,1773369300,1773369480,long,5.7975,5.795987881067051,STOP_LOSS_HARD,-37.8
L1,1773371700,1773371700,long,5.795,5.79348788106705,STOP_LOSS_HARD,-37.8
L1,1773379200,1773379320,long,5.793,5.7914878810670505,STOP_LOSS_HARD,-37.8
L1,1773384900,1773385200,short,5.8145,5.80958069501952,TAKE_PROFIT_HARD,122.98
L1,1773388200,1773388320,long,5.798,5.79648788106705,STOP_LOSS_HARD,-37.8
L1,1773395400,1773395400,short,5.829,5.82408069501952,TAKE_PROFIT_HARD,122.98
L1,1773397500,1773397500,short,5.814,5.81551211893295,STOP_LOSS_HARD,-37.8
L1,1773400800,1773400800,long,5.7995,5.79798788106705,STOP_LOSS_HARD,-37.8
L1,1773415500,1773415560,long,5.7305,5.7289878810670505,STOP_LOSS_HARD,-37.8
L1,1773618600,1773619080,long,5.7335,5.73841930498048,TAKE_PROFIT_HARD,122.98
L1,1773625200,1773625200,short,5.756,5.75751211893295,STOP_LOSS_HARD,-37.8
L1,1773630600,1773630660,long,5.764,5.76891930498048,TAKE_PROFIT_HARD,122.98
L1,1773630900,1773630900,long,5.7595,5.7565,STOP_LOSS_HARD,-75.0
L1,1773640800,1773640860,long,5.7285,5.726987881067051,STOP_LOSS_HARD,-37.8
L1,1773655200,1773655260,short,5.823,5.82451211893295,STOP_LOSS_HARD,-37.8
L1,1773658800,1773658800,short,5.825,5.82651211893295,STOP_LOSS_HARD,-37.8
L1,1773695400,1773695520,short,5.828,5.82951211893295,STOP_LOSS_HARD,-37.8
L1,1773720600,1773720660,long,5.764,5.762487881067051,STOP_LOSS_HARD,-37.8
L1,1773733500,1773733800,long,5.764,5.762487881067051,STOP_LOSS_HARD,-37.8
L1,1773747000,1773747000,long,5.7615,5.76641930498048,TAKE_PROFIT_HARD,122.98
L1,1773754200,1773754200,long,5.7645,5.76298788106705,STOP_LOSS_HARD,-37.8
L1,1773776700,1773777600,long,5.7645,5.76298788106705,STOP_LOSS_HARD,-37.8
L1,1773784800,1773784800,short,5.755,5.75651211893295,STOP_LOSS_HARD,-37.8
L1,1773790500,1773791160,long,5.7325,5.73741930498048,TAKE_PROFIT_HARD,122.98
L1,1773814800,1773814800,long,5.729,5.73391930498048,TAKE_PROFIT_HARD,122.98
L1,1773844200,1773844200,short,5.5845,5.58601211893295,STOP_LOSS_HARD,-37.8
L1,1773860100,1773860280,long,5.497,5.495,STOP_LOSS_HARD,-50.0
L1,1773879000,1773879120,long,5.5065,5.51141930498048,TAKE_PROFIT_HARD,122.98
L1,1773953700,1773953820,long,5.509,5.507487881067051,STOP_LOSS_HARD,-37.8
L1,1773987900,1773987900,short,5.452,5.45351211893295,STOP_LOSS_HARD,-37.8
L1,1774362000,1774362000,short,5.4455,5.4475,STOP_LOSS_HARD,-50.0
L1,1774379100,1774379400,long,5.5215,5.52641930498048,TAKE_PROFIT_HARD,122.98
L1,1774395000,1774395300,long,5.526,5.53091930498048,TAKE_PROFIT_HARD,122.98
L1,1774403400,1774403400,long,5.523,5.52148788106705,STOP_LOSS_HARD,-37.8
L1,1774409100,1774409100,long,5.5175,5.51598788106705,STOP_LOSS_HARD,-37.8
L1,1774421100,1774421220,long,5.525,5.5299193049804805,TAKE_PROFIT_HARD,122.98
L1,1774430100,1774430160,long,5.523,5.52148788106705,STOP_LOSS_HARD,-37.8
L1,1774446600,1774446600,long,5.5565,5.55498788106705,STOP_LOSS_HARD,-37.8
L1,1774449600,1774449600,long,5.5535,5.55198788106705,STOP_LOSS_HARD,-37.8
L1,1774462200,1774462320,long,5.522,5.520487881067051,STOP_LOSS_HARD,-37.8
L1,1774473000,1774473120,long,5.5225,5.52741930498048,TAKE_PROFIT_HARD,122.98
L1,1774476600,1774476780,long,5.5065,5.51141930498048,TAKE_PROFIT_HARD,122.98
L1,1774501200,1774501200,long,5.506,5.51091930498048,TAKE_PROFIT_HARD,122.98
L1,1774502400,1774502520,long,5.512,5.51048788106705,STOP_LOSS_HARD,-37.8
L1,1774512000,1774512000,long,5.5105,5.508987881067051,STOP_LOSS_HARD,-37.8
L1,1774517700,1774517700,long,5.5065,5.50498788106705,STOP_LOSS_HARD,-37.8
L1,1774563600,1774564020,long,5.5095,5.51441930498048,TAKE_PROFIT_HARD,122.98
L1,1774564800,1774565040,long,5.51,5.515,TAKE_PROFIT_HARD,125.0
L1,1774566000,1774566000,long,5.5095,5.51441930498048,TAKE_PROFIT_HARD,122.98
L1,1774575900,1774575900,long,5.5545,5.55298788106705,STOP_LOSS_HARD,-37.8
L1,1774583700,1774583880,long,5.5075,5.51241930498048,TAKE_PROFIT_HARD,122.98
L1,1774611600,1774611600,long,5.52,5.51848788106705,STOP_LOSS_HARD,-37.8
L1,1774809600,1774809600,long,5.421,5.42591930498048,TAKE_PROFIT_HARD,122.98
L1,1774812300,1774812600,long,5.422,5.42048788106705,STOP_LOSS_HARD,-37.8
L1,1774836600,1774836780,long,5.5075,5.505987881067051,STOP_LOSS_HARD,-37.8
L1,1774843200,1774843200,short,5.5235,5.51858069501952,TAKE_PROFIT_HARD,122.98
L1,1774844400,1774844400,long,5.509,5.507487881067051,STOP_LOSS_HARD,-37.8
L1,1774855800,1774855800,short,5.528,5.529512118932949,STOP_LOSS_HARD,-37.8
L1,1774858200,1774858200,short,5.528,5.5230806950195195,TAKE_PROFIT_HARD,122.98
L1,1774858800,1774858800,long,5.513,5.51148788106705,STOP_LOSS_HARD,-37.8
L1,1774863300,1774863300,long,5.506,5.504487881067051,STOP_LOSS_HARD,-37.8
L1,1774871700,1774871760,short,5.5235,5.51858069501952,TAKE_PROFIT_HARD,122.98
L1,1774872300,1774872480,long,5.5065,5.50498788106705,STOP_LOSS_HARD,-37.8
L1,1774875600,1774875660,long,5.5015,5.49998788106705,STOP_LOSS_HARD,-37.8
L1,1774906200,1774906200,short,5.5265,5.52801211893295,STOP_LOSS_HARD,-37.8
L1,1774921200,1774921200,long,5.506,5.504487881067051,STOP_LOSS_HARD,-37.8
L1,1774924500,1774924500,long,5.5095,5.50798788106705,STOP_LOSS_HARD,-37.8
L1,1774927800,1774927860,short,5.524,5.526,STOP_LOSS_HARD,-50.0
L1,1774936800,1774936800,long,5.5085,5.51341930498048,TAKE_PROFIT_HARD,122.98
L1,1774941300,1774941300,short,5.525,5.52651211893295,STOP_LOSS_HARD,-37.8
L1,1774954200,1774954320,long,5.563,5.56148788106705,STOP_LOSS_HARD,-37.8
L1,1774958400,1774958460,long,5.5695,5.57441930498048,TAKE_PROFIT_HARD,122.98
L1,1774972200,1774972200,short,5.635,5.6365121189329495,STOP_LOSS_HARD,-37.8
L1,1775102700,1775102700,long,5.563,5.56148788106705,STOP_LOSS_HARD,-37.8
L1,1775141400,1775141400,short,5.5945,5.59601211893295,STOP_LOSS_HARD,-37.8
L1,1775447100,1775447280,short,5.5935,5.595012118932949,STOP_LOSS_HARD,-37.8
L1,1775478000,1775478120,long,5.596,5.60091930498048,TAKE_PROFIT_HARD,122.98
L1,1775483400,1775484600,long,5.596,5.6025,TAKE_PROFIT_HARD,162.5
L1,1775485200,1775485440,short,5.6075,5.60901211893295,STOP_LOSS_HARD,-37.8
L1,1775517900,1775518020,short,5.613,5.61451211893295,STOP_LOSS_HARD,-37.8
L1,1775544900,1775544960,long,5.591,5.5894878810670505,STOP_LOSS_HARD,-37.8
L1,1775549100,1775549160,short,5.5905,5.592012118932949,STOP_LOSS_HARD,-37.8
L1,1775553900,1775553900,short,5.5955,5.59701211893295,STOP_LOSS_HARD,-37.8
L1,1775559300,1775559300,long,5.5615,5.55998788106705,STOP_LOSS_HARD,-37.8
L1,1775566800,1775566800,long,5.5615,5.55998788106705,STOP_LOSS_HARD,-37.8
L1,1775570100,1775570700,short,5.563,5.55808069501952,TAKE_PROFIT_HARD,122.98
L1,1775600400,1775600400,long,5.7155,5.71398788106705,STOP_LOSS_HARD,-37.8
L1,1775610600,1775610660,long,5.71,5.70848788106705,STOP_LOSS_HARD,-37.8
L1,1775654400,1775654400,long,5.7785,5.7769878810670505,STOP_LOSS_HARD,-37.8
L1,1775689800,1775689860,short,5.731,5.72608069501952,TAKE_PROFIT_HARD,122.98
L1,1775703600,1775703600,short,5.731,5.7325121189329495,STOP_LOSS_HARD,-37.8
L1,1775708100,1775708100,long,5.714,5.712487881067051,STOP_LOSS_HARD,-37.8
L1,1775725800,1775725800,short,5.738,5.73951211893295,STOP_LOSS_HARD,-37.8
L1,1775773200,1775773260,long,5.7725,5.77098788106705,STOP_LOSS_HARD,-37.8
L1,1775777400,1775777400,long,5.78,5.778487881067051,STOP_LOSS_HARD,-37.8
L1,1775782800,1775783640,long,5.7815,5.779987881067051,STOP_LOSS_HARD,-37.8
L1,1775786400,1775786400,short,5.8045,5.79958069501952,TAKE_PROFIT_HARD,122.98
L1,1775790000,1775790000,long,5.7765,5.774987881067051,STOP_LOSS_HARD,-37.8
L1,1775795400,1775795580,long,5.7785,5.7835,TAKE_PROFIT_HARD,125.0
L1,1775799900,1775799960,short,5.8085,5.81001211893295,STOP_LOSS_HARD,-37.8
L1,1775811600,1775811600,long,5.8875,5.8859878810670505,STOP_LOSS_HARD,-37.8
L1,1775818800,1775818800,long,5.925,5.92348788106705,STOP_LOSS_HARD,-37.8
L1,1775837100,1775837220,long,5.862,5.868,TAKE_PROFIT_HARD,150.0
L1,1776021600,1776021660,long,5.769,5.7674878810670505,STOP_LOSS_HARD,-37.8
L1,1776027000,1776027060,short,5.804,5.80551211893295,STOP_LOSS_HARD,-37.8
L1,1776030900,1776030960,short,5.8085,5.81001211893295,STOP_LOSS_HARD,-37.8
L1,1776050700,1776050700,long,5.8685,5.86698788106705,STOP_LOSS_HARD,-37.8
L1,1776054600,1776054780,long,5.8635,5.8619878810670505,STOP_LOSS_HARD,-37.8
L1,1776057600,1776057600,long,5.8645,5.86298788106705,STOP_LOSS_HARD,-37.8
L1,1776066600,1776066720,long,5.8725,5.87098788106705,STOP_LOSS_HARD,-37.8
L1,1776069300,1776069300,long,5.8645,5.86298788106705,STOP_LOSS_HARD,-37.8
L1,1776077400,1776077400,short,5.9665,5.96158069501952,TAKE_PROFIT_HARD,122.98
L1,1776082800,1776082800,short,5.9635,5.9650121189329495,STOP_LOSS_HARD,-37.8
L1,1776156300,1776156360,long,6.048,6.05291930498048,TAKE_PROFIT_HARD,122.98
L1,1776166800,1776166980,long,6.087,6.09191930498048,TAKE_PROFIT_HARD,122.98
L1,1776171300,1776171360,long,6.0835,6.08198788106705,STOP_LOSS_HARD,-37.8
L1,1776176700,1776177480,long,6.0785,6.08341930498048,TAKE_PROFIT_HARD,122.98
L1,1776177900,1776178740,long,6.0785,6.08341930498048,TAKE_PROFIT_HARD,122.98
L1,1776180300,1776180300,long,6.0865,6.08498788106705,STOP_LOSS_HARD,-37.8
L1,1776193200,1776195300,long,6.079,6.08391930498048,TAKE_PROFIT_HARD,122.98
L1,1776198300,1776198480,long,6.087,6.09191930498048,TAKE_PROFIT_HARD,122.98
L1,1776199200,1776199500,long,6.087,6.08548788106705,STOP_LOSS_HARD,-37.8
L1,1776217200,1776217200,long,6.0855,6.08398788106705,STOP_LOSS_HARD,-37.8
L1,1776234600,1776234840,long,6.0725,6.0705,STOP_LOSS_HARD,-50.0
L1,1776240600,1776240600,long,6.077,6.07548788106705,STOP_LOSS_HARD,-37.8
L1,1776247500,1776247500,long,6.077,6.07548788106705,STOP_LOSS_HARD,-37.8
L1,1776250800,1776250860,long,6.0835,6.08841930498048,TAKE_PROFIT_HARD,122.98
L1,1776252300,1776252540,long,6.0765,6.074987881067051,STOP_LOSS_HARD,-37.8
L1,1776257100,1776257160,long,6.0875,6.085987881067051,STOP_LOSS_HARD,-37.8
L1,1776260100,1776260340,long,6.086,6.09091930498048,TAKE_PROFIT_HARD,122.98
L1,1776270000,1776270900,long,6.0785,6.07698788106705,STOP_LOSS_HARD,-37.8
L1,1776318000,1776318360,long,6.0855,6.08398788106705,STOP_LOSS_HARD,-37.8
L1,1776326700,1776326700,long,6.0745,6.07298788106705,STOP_LOSS_HARD,-37.8
L1,1776333000,1776333000,long,6.082,6.08048788106705,STOP_LOSS_HARD,-37.8
L1,1776341700,1776342000,long,6.085,6.08348788106705,STOP_LOSS_HARD,-37.8
L1,1776349500,1776350580,long,6.073,6.071487881067051,STOP_LOSS_HARD,-37.8
L1,1776373500,1776373500,long,6.042,6.04691930498048,TAKE_PROFIT_HARD,122.98
L1,1776405900,1776405960,long,6.052,6.05048788106705,STOP_LOSS_HARD,-37.8
L1,1776408000,1776408000,long,6.051,6.0494878810670505,STOP_LOSS_HARD,-37.8
L1,1776437700,1776437940,long,6.084,6.089,TAKE_PROFIT_HARD,125.0
L1,1776636000,1776636060,long,6.0815,6.0799878810670505,STOP_LOSS_HARD,-37.8
L1,1776640200,1776640260,long,6.081,6.079487881067051,STOP_LOSS_HARD,-37.8
L1,1776835200,1776835380,long,6.07,6.07491930498048,TAKE_PROFIT_HARD,122.98
L1,1776896100,1776896160,long,6.075,6.07991930498048,TAKE_PROFIT_HARD,122.98
L1,1776897000,1776897000,long,6.077,6.07548788106705,STOP_LOSS_HARD,-37.8
L1,1776945900,1776945900,long,6.075,6.0734878810670505,STOP_LOSS_HARD,-37.8
L1,1777247400,1777248000,long,6.1275,6.125987881067051,STOP_LOSS_HARD,-37.8
L1,1777263600,1777264260,long,6.089,6.0939193049804805,TAKE_PROFIT_HARD,122.98
L1,1777266900,1777267620,short,6.107,6.10851211893295,STOP_LOSS_HARD,-37.8
L1,1777279200,1777279500,long,6.085,6.08991930498048,TAKE_PROFIT_HARD,122.98
L1,1777280400,1777280400,long,6.0825,6.08098788106705,STOP_LOSS_HARD,-37.8
L1,1777285200,1777285500,long,6.075,6.07991930498048,TAKE_PROFIT_HARD,122.98
L1,1777285800,1777285800,long,6.0735,6.0719878810670505,STOP_LOSS_HARD,-37.8
L1,1777304100,1777305420,long,6.088,6.08648788106705,STOP_LOSS_HARD,-37.8
L1,1777325400,1777325400,long,6.079,6.07748788106705,STOP_LOSS_HARD,-37.8
L1,1777333500,1777333560,long,6.078,6.076,STOP_LOSS_HARD,-50.0
L1,1777361700,1777361700,long,5.951,5.94948788106705,STOP_LOSS_HARD,-37.8
L1,1777368600,1777368600,short,5.9805,5.97558069501952,TAKE_PROFIT_HARD,122.98
L1,1777375200,1777375380,short,5.975,5.9700806950195195,TAKE_PROFIT_HARD,122.98
L1,1777377300,1777377780,short,5.9805,5.97558069501952,TAKE_PROFIT_HARD,122.98
L1,1777378500,1777379100,short,5.9745,5.9765,STOP_LOSS_HARD,-50.0
L1,1777385400,1777385700,short,5.975,5.976512118932949,STOP_LOSS_HARD,-37.8
L1,1777407900,1777407900,short,5.976,5.9785,STOP_LOSS_HARD,-62.5
L1,1777411500,1777411620,short,5.9755,5.97701211893295,STOP_LOSS_HARD,-37.8
L1,1777453500,1777453560,short,5.981,5.97608069501952,TAKE_PROFIT_HARD,122.98
L1,1777460400,1777460820,long,5.956,5.954487881067051,STOP_LOSS_HARD,-37.8
L1,1777503000,1777503120,long,5.9575,5.95598788106705,STOP_LOSS_HARD,-37.8
L1,1777520400,1777520400,short,5.976,5.97751211893295,STOP_LOSS_HARD,-37.8
L1,1777539900,1777540020,short,5.977,5.97851211893295,STOP_LOSS_HARD,-37.8
L1,1777551300,1777551360,short,5.9745,5.96958069501952,TAKE_PROFIT_HARD,122.98
L1,1777623300,1777623300,short,5.978,5.979512118932949,STOP_LOSS_HARD,-37.8
L1,1777645200,1777645320,short,5.9655,5.967012118932949,STOP_LOSS_HARD,-37.8
L1,1777863000,1777863060,short,5.9695,5.96458069501952,TAKE_PROFIT_HARD,122.98
L1,1777884900,1777884900,long,5.9355,5.9339878810670506,STOP_LOSS_HARD,-37.8
L1,1777933500,1777934100,short,5.89,5.891512118932949,STOP_LOSS_HARD,-37.8
L1,1777951500,1777951560,long,5.9305,5.93541930498048,TAKE_PROFIT_HARD,122.98
L1,1777951800,1777951860,short,5.9375,5.93901211893295,STOP_LOSS_HARD,-37.8
L1,1777953600,1777953600,short,5.9375,5.93901211893295,STOP_LOSS_HARD,-37.8
L1,1777959600,1777959720,short,5.969,5.971,STOP_LOSS_HARD,-50.0
L1,1778021100,1778021160,short,6.0675,6.06901211893295,STOP_LOSS_HARD,-37.8
L1,1778071500,1778071620,short,6.194,6.18908069501952,TAKE_PROFIT_HARD,122.98
L1,1778103600,1778103600,short,6.198,6.19951211893295,STOP_LOSS_HARD,-37.8
L1,1778120400,1778120520,short,6.192,6.194,STOP_LOSS_HARD,-50.0
L1,1778165100,1778165100,long,6.156,6.15448788106705,STOP_LOSS_HARD,-37.8
L1,1778190000,1778190060,long,6.164,6.16248788106705,STOP_LOSS_HARD,-37.8
L1,1778202300,1778202480,short,6.192,6.194,STOP_LOSS_HARD,-50.0
L1,1778457900,1778457900,long,6.3385,6.33698788106705,STOP_LOSS_HARD,-37.8
L1,1778463300,1778463360,short,6.3275,6.32258069501952,TAKE_PROFIT_HARD,122.98
L1,1778469300,1778469300,short,6.321,6.323,STOP_LOSS_HARD,-50.0
L1,1778470800,1778470860,short,6.322,6.32351211893295,STOP_LOSS_HARD,-37.8
L1,1778501100,1778501160,long,6.487,6.49191930498048,TAKE_PROFIT_HARD,122.98
L1,1778530200,1778530560,long,6.4855,6.49041930498048,TAKE_PROFIT_HARD,122.98
L1,1778541900,1778541900,long,6.4865,6.484987881067051,STOP_LOSS_HARD,-37.8
L1,1778562600,1778562720,long,6.4855,6.48398788106705,STOP_LOSS_HARD,-37.8
L1,1778570100,1778570400,long,6.4795,6.47798788106705,STOP_LOSS_HARD,-37.8
L1,1778573100,1778573160,long,6.4825,6.48098788106705,STOP_LOSS_HARD,-37.8
L1,1778589300,1778589360,long,6.531,6.53591930498048,TAKE_PROFIT_HARD,122.98
L1,1778728500,1778728560,long,6.57,6.568487881067051,STOP_LOSS_HARD,-37.8
L1,1779068100,1779068520,long,6.244,6.2415,STOP_LOSS_HARD,-62.5
L1,1779075900,1779076080,long,6.2565,6.25498788106705,STOP_LOSS_HARD,-37.8
L1,1779081600,1779082260,long,6.2545,6.2529878810670505,STOP_LOSS_HARD,-37.8
L1,1779089100,1779089100,short,6.228,6.229512118932949,STOP_LOSS_HARD,-37.8
L1,1779119400,1779119580,short,6.3285,6.33001211893295,STOP_LOSS_HARD,-37.8
L1,1779146100,1779146340,long,6.2535,6.2595,TAKE_PROFIT_HARD,150.0
L1,1779173400,1779173400,short,6.233,6.234512118932949,STOP_LOSS_HARD,-37.8
L1,1779196200,1779197340,long,6.2095,6.207987881067051,STOP_LOSS_HARD,-37.8
L1,1779223500,1779223560,short,6.198,6.19951211893295,STOP_LOSS_HARD,-37.8
L1,1779245100,1779245100,long,6.207,6.21191930498048,TAKE_PROFIT_HARD,122.98
L1,1779255300,1779255300,short,6.229,6.2315,STOP_LOSS_HARD,-62.5
L1,1779291000,1779291060,long,6.3455,6.343987881067051,STOP_LOSS_HARD,-37.8
L1,1779318600,1779318660,short,6.32,6.32151211893295,STOP_LOSS_HARD,-37.8
L1,1779323100,1779323820,short,6.322,6.317,TAKE_PROFIT_HARD,125.0
L1,1779372900,1779373020,long,6.3465,6.34498788106705,STOP_LOSS_HARD,-37.8
L1,1779379500,1779380520,long,6.3435,6.3415,STOP_LOSS_HARD,-50.0
L1,1779386700,1779386700,long,6.342,6.34048788106705,STOP_LOSS_HARD,-37.8
L1,1779397800,1779397800,long,6.3465,6.34498788106705,STOP_LOSS_HARD,-37.8
L1,1779401700,1779401940,short,6.3665,6.36158069501952,TAKE_PROFIT_HARD,122.98
L1,1779420000,1779420240,short,6.3705,6.36558069501952,TAKE_PROFIT_HARD,122.98
L1,1779430800,1779431280,short,6.364,6.35908069501952,TAKE_PROFIT_HARD,122.98
L1,1779432000,1779432000,long,6.3455,6.343987881067051,STOP_LOSS_HARD,-37.8
L1,1779449100,1779449400,short,6.3655,6.3675,STOP_LOSS_HARD,-50.0
L1,1779866100,1779866100,short,6.361,6.362512118932949,STOP_LOSS_HARD,-37.8
L1,1779887100,1779887220,long,6.325,6.3234878810670505,STOP_LOSS_HARD,-37.8
L1,1779891000,1779891120,short,6.3215,6.324,STOP_LOSS_HARD,-62.5
L1,1779916200,1779916320,long,6.334,6.33248788106705,STOP_LOSS_HARD,-37.8
L1,1779938700,1779938700,short,6.319,6.32051211893295,STOP_LOSS_HARD,-37.8
L1,1779946500,1779948420,long,6.336,6.3335,STOP_LOSS_HARD,-62.5
L1,1779960900,1779960960,long,6.3375,6.335987881067051,STOP_LOSS_HARD,-37.8
L1,1780279500,1780279500,long,6.4475,6.44598788106705,STOP_LOSS_HARD,-37.8
L1,1780293600,1780293720,short,6.5515,6.54658069501952,TAKE_PROFIT_HARD,122.98
L1,1780318500,1780318500,short,6.557,6.55851211893295,STOP_LOSS_HARD,-37.8
L1,1780376400,1780376400,long,6.6335,6.63198788106705,STOP_LOSS_HARD,-37.8
L1,1780390500,1780390680,long,6.6425,6.64098788106705,STOP_LOSS_HARD,-37.8
L1,1780451100,1780451100,long,6.6455,6.6425,STOP_LOSS_HARD,-75.0
L1,1780531800,1780531860,short,6.4725,6.47401211893295,STOP_LOSS_HARD,-37.8
L1,1780538100,1780538100,long,6.4435,6.441987881067051,STOP_LOSS_HARD,-37.8
L1,1780558800,1780558800,long,6.5225,6.52098788106705,STOP_LOSS_HARD,-37.8
L1,1780563600,1780563600,long,6.522,6.520487881067051,STOP_LOSS_HARD,-37.8
L1,1780611000,1780611060,long,6.4495,6.456,TAKE_PROFIT_HARD,162.5
L1,1780662600,1780662660,short,6.284,6.27908069501952,TAKE_PROFIT_HARD,122.98
L1,1780667100,1780668120,long,6.283,6.281487881067051,STOP_LOSS_HARD,-37.8
L1,1780873500,1780873500,long,6.293,6.2914878810670505,STOP_LOSS_HARD,-37.8
L1,1780895100,1780895100,short,6.325,6.32008069501952,TAKE_PROFIT_HARD,122.98
L1,1780908600,1780908600,short,6.3865,6.38158069501952,TAKE_PROFIT_HARD,122.98
L1,1780912800,1780912860,long,6.3585,6.36341930498048,TAKE_PROFIT_HARD,122.98
L1,1780920000,1780920600,long,6.3635,6.3619878810670505,STOP_LOSS_HARD,-37.8
L1,1780962000,1780962180,short,6.326,6.327512118932949,STOP_LOSS_HARD,-37.8
L1,1780974000,1780974000,long,6.367,6.37191930498048,TAKE_PROFIT_HARD,122.98
L1,1781038200,1781038200,short,6.327,6.32208069501952,TAKE_PROFIT_HARD,122.98
L1,1781070000,1781070300,short,6.247,6.2485121189329496,STOP_LOSS_HARD,-37.8
L1,1781079900,1781079900,long,6.227,6.23191930498048,TAKE_PROFIT_HARD,122.98
L1,1781084100,1781084100,long,6.2895,6.29441930498048,TAKE_PROFIT_HARD,122.98
L1,1781098200,1781098320,short,6.2485,6.24358069501952,TAKE_PROFIT_HARD,122.98
L1,1781104500,1781104860,long,6.2245,6.2225,STOP_LOSS_HARD,-50.0
L1,1781142000,1781142000,long,6.2305,6.23541930498048,TAKE_PROFIT_HARD,122.98
L1,1781142900,1781142900,long,6.224,6.22891930498048,TAKE_PROFIT_HARD,122.98
L1,1781147100,1781147160,long,6.2265,6.22498788106705,STOP_LOSS_HARD,-37.8
L1,1781170500,1781170560,short,6.2485,6.25001211893295,STOP_LOSS_HARD,-37.8
L1,1781229300,1781229480,short,6.3935,6.38858069501952,TAKE_PROFIT_HARD,122.98
L1,1781233200,1781233200,short,6.3845,6.38601211893295,STOP_LOSS_HARD,-37.8
L1,1781243100,1781243280,long,6.438,6.43648788106705,STOP_LOSS_HARD,-37.8
L1,1781268300,1781268540,long,6.4375,6.44241930498048,TAKE_PROFIT_HARD,122.98
L1,1781274900,1781275260,short,6.466,6.46751211893295,STOP_LOSS_HARD,-37.8
L1,1781473800,1781474280,long,6.5355,6.53398788106705,STOP_LOSS_HARD,-37.8
L1,1781564400,1781564580,short,6.4525,6.455,STOP_LOSS_HARD,-62.5
L1,1781579700,1781579760,short,6.45,6.44508069501952,TAKE_PROFIT_HARD,122.98
L1,1781649600,1781649720,long,6.532,6.53,STOP_LOSS_HARD,-50.0
L1,1781679900,1781680020,long,6.53,6.528487881067051,STOP_LOSS_HARD,-37.8
L1,1781728200,1781728260,short,6.395,6.396512118932949,STOP_LOSS_HARD,-37.8
L1,1781749800,1781749920,short,6.398,6.4005,STOP_LOSS_HARD,-62.5
L1,1781756100,1781756100,long,6.4195,6.4179878810670505,STOP_LOSS_HARD,-37.8
L1,1781774700,1781774700,long,6.4295,6.42798788106705,STOP_LOSS_HARD,-37.8
L1,1781790900,1781791200,short,6.395,6.3900806950195195,TAKE_PROFIT_HARD,122.98
L1,1781828400,1781829000,long,6.3035,6.30198788106705,STOP_LOSS_HARD,-37.8
L1,1781837400,1781837400,short,6.326,6.327512118932949,STOP_LOSS_HARD,-37.8
L1,1782092400,1782092400,short,6.336,6.339,STOP_LOSS_HARD,-75.0
L1,1782167400,1782167400,short,6.3295,6.33101211893295,STOP_LOSS_HARD,-37.8
L1,1782179700,1782179700,long,6.2495,6.247987881067051,STOP_LOSS_HARD,-37.8
L1,1782207600,1782207600,short,6.178,6.17951211893295,STOP_LOSS_HARD,-37.8
L1,1782225900,1782225960,long,6.118,6.116487881067051,STOP_LOSS_HARD,-37.8
L1,1782229800,1782229860,long,6.131,6.129487881067051,STOP_LOSS_HARD,-37.8
L1,1782238200,1782238200,long,6.1285,6.12698788106705,STOP_LOSS_HARD,-37.8
L1,1782239700,1782239820,long,6.1235,6.1285,TAKE_PROFIT_HARD,125.0
L1,1782253200,1782253200,long,6.1175,6.11598788106705,STOP_LOSS_HARD,-37.8
L1,1782270300,1782270360,long,6.1225,6.12098788106705,STOP_LOSS_HARD,-37.8
L1,1782277200,1782277200,long,6.1295,6.1279878810670505,STOP_LOSS_HARD,-37.8
L1,1782278400,1782278520,long,6.1185,6.11698788106705,STOP_LOSS_HARD,-37.8
L1,1782406500,1782406560,long,6.1305,6.128,STOP_LOSS_HARD,-62.5
L1,1782453600,1782453600,long,6.129,6.12748788106705,STOP_LOSS_HARD,-37.8
L1,1782462300,1782462360,short,6.18,6.182,STOP_LOSS_HARD,-50.0
L1,1782680400,1782680400,short,6.177,6.178512118932949,STOP_LOSS_HARD,-37.8
L1,1782712800,1782712800,short,6.175,6.1765121189329495,STOP_LOSS_HARD,-37.8
L1,1782744000,1782744000,short,6.1755,6.17701211893295,STOP_LOSS_HARD,-37.8
L1,1782749100,1782756000,short,6.1755,6.17058069501952,TAKE_PROFIT_HARD,122.98
L1,1782777600,1782777660,short,6.178,6.18,STOP_LOSS_HARD,-50.0
L1,1782799500,1782799680,long,6.241,6.2385,STOP_LOSS_HARD,-62.5
L1,1782808800,1782808800,short,6.265,6.266512118932949,STOP_LOSS_HARD,-37.8
L1,1782828600,1782829800,short,6.261,6.25608069501952,TAKE_PROFIT_HARD,122.98
L1,1782850500,1782850500,long,6.242,6.24048788106705,STOP_LOSS_HARD,-37.8
L1,1782857400,1782857520,long,6.1515,6.149987881067051,STOP_LOSS_HARD,-37.8
L1,1782877800,1782877860,long,6.155,6.153487881067051,STOP_LOSS_HARD,-37.8
L1,1782885000,1782885060,short,6.132,6.127,TAKE_PROFIT_HARD,125.0
L1,1782889500,1782889500,short,6.128,6.12951211893295,STOP_LOSS_HARD,-37.8
L1,1782905400,1782905460,short,6.1925,6.19401211893295,STOP_LOSS_HARD,-37.8
L1,1782929100,1782930600,long,6.1595,6.157987881067051,STOP_LOSS_HARD,-37.8
L1,1782967200,1782967380,long,6.1575,6.16241930498048,TAKE_PROFIT_HARD,122.98
L1,1782984600,1782984600,short,6.189,6.19051211893295,STOP_LOSS_HARD,-37.8
L1,1782998100,1782998160,long,6.1595,6.157987881067051,STOP_LOSS_HARD,-37.8
L1,1783002000,1783002300,long,6.1585,6.16341930498048,TAKE_PROFIT_HARD,122.98
L1,1783028400,1783028400,long,6.2425,6.24741930498048,TAKE_PROFIT_HARD,122.98
L1,1783032000,1783032060,short,6.263,6.26451211893295,STOP_LOSS_HARD,-37.8
L1,1783043400,1783043460,long,6.2355,6.24041930498048,TAKE_PROFIT_HARD,122.98
L1,1783050900,1783051800,long,6.244,6.2415,STOP_LOSS_HARD,-62.5
L1,1783387500,1783387740,short,6.1945,6.196012118932949,STOP_LOSS_HARD,-37.8
L1,1783464000,1783464180,short,6.195,6.19651211893295,STOP_LOSS_HARD,-37.8
L1,1783517700,1783517760,long,6.1315,6.12998788106705,STOP_LOSS_HARD,-37.8
L1,1783524900,1783525620,long,6.1325,6.130987881067051,STOP_LOSS_HARD,-37.8
L1,1783560000,1783560000,long,6.1225,6.12098788106705,STOP_LOSS_HARD,-37.8
L1,1783592100,1783592100,long,6.2595,6.25798788106705,STOP_LOSS_HARD,-37.8
L1,1783599000,1783599180,short,6.291,6.29251211893295,STOP_LOSS_HARD,-37.8
L1,1783633200,1783633560,long,6.265,6.27,TAKE_PROFIT_HARD,125.0
L1,1783658100,1783658100,long,6.2675,6.26598788106705,STOP_LOSS_HARD,-37.8
L1,1783675800,1783675800,long,6.2645,6.26298788106705,STOP_LOSS_HARD,-37.8
L1,1783683300,1783683360,short,6.285,6.28008069501952,TAKE_PROFIT_HARD,122.98
L1,1783904700,1783904760,short,6.212,6.215,STOP_LOSS_HARD,-75.0
L1,1783941900,1783941900,long,6.3295,6.327987881067051,STOP_LOSS_HARD,-37.8
L1,1784011500,1784011740,long,6.3945,6.39298788106705,STOP_LOSS_HARD,-37.8
L1,1784024100,1784024100,short,6.428,6.42308069501952,TAKE_PROFIT_HARD,122.98
L1,1784084100,1784084160,short,6.347,6.34851211893295,STOP_LOSS_HARD,-37.8
L1,1784107800,1784107800,long,6.401,6.40591930498048,TAKE_PROFIT_HARD,122.98
L1,1784111100,1784111100,long,6.39,6.38848788106705,STOP_LOSS_HARD,-37.8
L1,1784166000,1784166120,long,6.401,6.408,TAKE_PROFIT_HARD,175.0
L1,1784167800,1784167860,long,6.4,6.398487881067051,STOP_LOSS_HARD,-37.8
L1,1784171100,1784171460,long,6.3895,6.38798788106705,STOP_LOSS_HARD,-37.8
L1,1784180100,1784180280,long,6.3935,6.391987881067051,STOP_LOSS_HARD,-37.8
L1,1784207400,1784207400,long,6.3245,6.32298788106705,STOP_LOSS_HARD,-37.8
L1,1784272800,1784273280,short,6.2115,6.21301211893295,STOP_LOSS_HARD,-37.8
L1,1784275800,1784275800,short,6.211,6.21251211893295,STOP_LOSS_HARD,-37.8
L1,1784497500,1784497620,long,6.2685,6.266987881067051,STOP_LOSS_HARD,-37.8
L1,1784504700,1784504880,short,6.2975,6.299,STOP_LOSS_SOFT,-37.5
L1,1784516100,1784516160,long,6.2715,6.26998788106705,STOP_LOSS_HARD,-37.8
L1,1784544300,1784544420,long,6.347,6.3519193049804805,TAKE_PROFIT_HARD,122.98
L1,1784550900,1784551020,long,6.3445,6.34941930498048,TAKE_PROFIT_HARD,122.98
L1,1784558100,1784558220,long,6.347,6.353,TAKE_PROFIT_HARD,150.0
L1,1784562900,1784563620,long,6.344,6.34,STOP_LOSS_HARD,-100.0
L1,1784598900,1784599200,short,6.4265,6.4280121189329495,STOP_LOSS_HARD,-37.8
L1,1784668500,1784668500,short,6.5605,6.56201211893295,STOP_LOSS_HARD,-37.8
L1,1784687100,1784687160,long,6.505,6.50348788106705,STOP_LOSS_HARD,-37.8
L1,1784706300,1784706420,long,6.5035,6.51,TAKE_PROFIT_HARD,162.5
L1,1784715900,1784715960,long,6.502,6.50048788106705,STOP_LOSS_HARD,-37.8
L1,1784720700,1784720700,long,6.503,6.5014878810670504,STOP_LOSS_HARD,-37.8
L1,1784724300,1784724300,long,6.49,6.4884878810670505,STOP_LOSS_HARD,-37.8
L1,1784738400,1784738580,long,6.49,6.4884878810670505,STOP_LOSS_HARD,-37.8
L1,1784759100,1784759100,long,6.5045,6.502,STOP_LOSS_HARD,-62.5
L1,1784773800,1784774040,long,6.5005,6.49898788106705,STOP_LOSS_HARD,-37.8
L1,1784870100,1784870220,long,6.348,6.35291930498048,TAKE_PROFIT_HARD,122.98
L1,1784882700,1784882760,long,6.342,6.34048788106705,STOP_LOSS_HARD,-37.8
L1,1784902800,1784902860,long,6.346,6.344,STOP_LOSS_HARD,-50.0
L1,1785135900,1785136080,long,6.391,6.39591930498048,TAKE_PROFIT_HARD,122.98
L1,1785142500,1785142740,long,6.393,6.39148788106705,STOP_LOSS_HARD,-37.8
L1,1785155700,1785155700,long,6.3925,6.39098788106705,STOP_LOSS_HARD,-37.8
L1,1785220800,1785221340,short,6.312,6.3145,STOP_LOSS_HARD,-62.5
L1,1785287100,1785287100,short,6.305,6.30008069501952,TAKE_PROFIT_HARD,122.98
L1,1785315300,1785315480,short,6.305,6.306512118932949,STOP_LOSS_HARD,-37.8
L1,1785324000,1785324120,short,6.304,6.30551211893295,STOP_LOSS_HARD,-37.8
L1,1785328800,1785329040,short,6.3025,6.2975,TAKE_PROFIT_HARD,125.0
L1,1785362100,1785362220,long,6.422,6.42048788106705,STOP_LOSS_HARD,-37.8
L1,1785366600,1785366660,long,6.3875,6.3859878810670505,STOP_LOSS_HARD,-37.8
L1,1785396300,1785396360,short,6.442,6.44351211893295,STOP_LOSS_HARD,-37.8
L1,1785430200,1785430200,long,6.4895,6.49441930498048,TAKE_PROFIT_HARD,122.98
L1,1785450000,1785450000,long,6.489,6.49391930498048,TAKE_PROFIT_HARD,122.98
L1,1785455400,1785455880,long,6.4935,6.49841930498048,TAKE_PROFIT_HARD,122.98
L1,1785469800,1785469800,short,6.524,6.52551211893295,STOP_LOSS_HARD,-37.8
L1,1785476100,1785476100,long,6.49,6.4884878810670505,STOP_LOSS_HARD,-37.8
L1,1785480900,1785480900,long,6.4905,6.48898788106705,STOP_LOSS_HARD,-37.8
L1,1785490200,1785490200,long,6.49,6.4884878810670505,STOP_LOSS_HARD,-37.8
L1,1785499200,1785499200,long,6.487,6.48548788106705,STOP_LOSS_HARD,-37.8
L1,1785516000,1785516120,short,6.5225,6.51758069501952,TAKE_PROFIT_HARD,122.98
L1,1785753000,1785753180,long,6.4705,6.4755,TAKE_PROFIT_HARD,125.0
L1,1785814200,1785814260,long,6.611,6.60948788106705,STOP_LOSS_HARD,-37.8
L1,1785856200,1785856200,short,6.6325,6.63401211893295,STOP_LOSS_HARD,-37.8
L1,1785867000,1785868620,short,6.635,6.637,STOP_LOSS_HARD,-50.0
L1,1785882900,1785882900,short,6.639,6.6425,STOP_LOSS_HARD,-87.5
L1,1785921600,1785921840,long,6.6875,6.69241930498048,TAKE_PROFIT_HARD,122.98
L1,1785966600,1785966600,short,6.7205,6.723,STOP_LOSS_HARD,-62.5
L1,1785989700,1785990540,short,6.7215,6.7230121189329495,STOP_LOSS_HARD,-37.8
L1,1785998400,1785998400,long,6.8095,6.80798788106705,STOP_LOSS_HARD,-37.8
