layer,entry_time,exit_time,direction,entry_price,exit_price,exit_reason,pnl
L1,1735832640,1735832700,short,2246.1,2244.80919471223,TAKE_PROFIT_HARD,64.54
L1,1735915200,1735915500,long,2283.5,2282.19899080858,STOP_LOSS_HARD,-65.05
L1,1735918800,1735919160,long,2283.4,2284.69080528777,TAKE_PROFIT_HARD,64.54
L1,1736148000,1736148120,short,2305.7,2307.0010091914196,STOP_LOSS_HARD,-65.05
L1,1736149680,1736149800,short,2313.2,2311.9091947122297,TAKE_PROFIT_HARD,64.54
L1,1736151240,1736151720,long,2306.7,2307.99080528777,TAKE_PROFIT_HARD,64.54
L1,1736152560,1736153100,long,2306.6,2307.89080528777,TAKE_PROFIT_HARD,64.54
L1,1736154840,1736154840,long,2306.9,2308.19080528777,TAKE_PROFIT_HARD,64.54
L1,1736165160,1736165220,long,2305.7,2306.99080528777,TAKE_PROFIT_HARD,64.54
L1,1736165280,1736165280,short,2306.7,2308.0010091914196,STOP_LOSS_HARD,-65.05
L1,1736165760,1736165760,long,2305.4,2306.69080528777,TAKE_PROFIT_HARD,64.54
L1,1736174280,1736174580,long,2292.8,2291.4989908085804,STOP_LOSS_HARD,-65.05
L1,1736174640,1736174880,long,2291.9,2293.19080528777,TAKE_PROFIT_HARD,64.54
L1,1736240760,1736241000,long,2292.7,2293.99080528777,TAKE_PROFIT_HARD,64.54
L1,1736241960,1736242200,long,2292.0,2293.29080528777,TAKE_PROFIT_HARD,64.54
L1,1736253600,1736253660,long,2263.0,2264.29080528777,TAKE_PROFIT_HARD,64.54
L1,1736255160,1736255160,long,2263.8,2265.0908052877703,TAKE_PROFIT_HARD,64.54
L1,1736256000,1736256120,short,2269.8,2271.10100919142,STOP_LOSS_HARD,-65.05
L1,1736259480,1736259540,long,2262.9,2264.19080528777,TAKE_PROFIT_HARD,64.54
L1,1736259720,1736259780,long,2263.4,2262.0989908085803,STOP_LOSS_HARD,-65.05
L1,1736260800,1736260980,long,2262.9,2264.19080528777,TAKE_PROFIT_HARD,64.54
L1,1736261400,1736261400,long,2263.3,2264.5908052877703,TAKE_PROFIT_HARD,64.54
L1,1736268840,1736269140,long,2263.1,2263.8,END_OF_DAY,35.0
L1,1736276760,1736277060,long,2263.5,2264.79080528777,TAKE_PROFIT_HARD,64.54
L1,1736284080,1736285460,short,2269.6,2268.3,TAKE_PROFIT_HARD,65.0
L1,1736298600,1736299740,short,2269.2,2267.9091947122297,TAKE_PROFIT_HARD,64.54
L1,1736303520,1736303940,long,2263.8,2265.0908052877703,TAKE_PROFIT_HARD,64.54
L1,1736307720,1736308020,short,2269.6,2268.30919471223,TAKE_PROFIT_HARD,64.54
L1,1736316720,1736316840,long,2262.6,2261.29899080858,STOP_LOSS_HARD,-65.05
L1,1736319360,1736319360,short,2250.3,2251.60100919142,STOP_LOSS_HARD,-65.05
L1,1736326800,1736326800,short,2250.3,2251.60100919142,STOP_LOSS_HARD,-65.05
L1,1736336400,1736336400,short,2249.8,2248.50919471223,TAKE_PROFIT_HARD,64.54
L1,1736339520,1736339520,long,2235.8,2237.0908052877703,TAKE_PROFIT_HARD,64.54
L1,1736347320,1736347320,short,2250.9,2249.60919471223,TAKE_PROFIT_HARD,64.54
L1,1736364120,1736364480,short,2250.0,2248.70919471223,TAKE_PROFIT_HARD,64.54
L1,1736366280,1736368620,short,2249.8,2248.50919471223,TAKE_PROFIT_HARD,64.54
L1,1736393280,1736393580,short,2249.8,2251.10100919142,STOP_LOSS_HARD,-65.05
L1,1736409360,1736409540,short,2250.1,2251.4010091914197,STOP_LOSS_HARD,-65.05
L1,1736450400,1736450880,long,2235.5,2236.9,TAKE_PROFIT_HARD,70.0
L1,1736451000,1736452020,long,2236.1,2237.39080528777,TAKE_PROFIT_HARD,64.54
L1,1736452800,1736452920,long,2236.0,2237.29080528777,TAKE_PROFIT_HARD,64.54
L1,1736495400,1736495460,short,2250.1,2251.4010091914197,STOP_LOSS_HARD,-65.05
L1,1736496960,1736497200,short,2250.1,2248.80919471223,TAKE_PROFIT_HARD,64.54
L1,1736514720,1736514840,short,2202.5,2201.20919471223,TAKE_PROFIT_HARD,64.54
L1,1736713200,1736713800,long,2188.8,2187.4989908085804,STOP_LOSS_HARD,-65.05
L1,1736723520,1736723760,short,2179.3,2178.00919471223,TAKE_PROFIT_HARD,64.54
L1,1736730240,1736730900,short,2179.5,2180.80100919142,STOP_LOSS_HARD,-65.05
L1,1736741280,1736741280,long,2173.3,2174.5908052877703,TAKE_PROFIT_HARD,64.54
L1,1736743800,1736743980,long,2174.1,2172.79899080858,STOP_LOSS_HARD,-65.05
L1,1736752440,1736752740,long,2174.0,2175.29080528777,TAKE_PROFIT_HARD,64.54
L1,1736754720,1736755200,short,2179.5,2178.20919471223,TAKE_PROFIT_HARD,64.54
L1,1736758320,1736758560,short,2179.5,2178.20919471223,TAKE_PROFIT_HARD,64.54
L1,1736794920,1736797080,long,2214.9,2213.5989908085803,STOP_LOSS_HARD,-65.05
L1,1736811840,1736815200,long,2215.8,2217.0908052877703,TAKE_PROFIT_HARD,64.54
L1,1736820120,1736821020,long,2214.9,2216.2,TAKE_PROFIT_HARD,65.0
L1,1736823720,1736823840,short,2221.9,2223.20100919142,STOP_LOSS_HARD,-65.05
L1,1736824440,1736824440,short,2221.4,2222.70100919142,STOP_LOSS_HARD,-65.05
L1,1736829840,1736831820,short,2221.5,2222.80100919142,STOP_LOSS_HARD,-65.05
L1,1736837160,1736837580,short,2221.9,2223.20100919142,STOP_LOSS_HARD,-65.05
L1,1736842080,1736842740,long,2215.6,2216.89080528777,TAKE_PROFIT_HARD,64.54
L1,1736842920,1736842980,long,2215.2,2213.89899080858,STOP_LOSS_HARD,-65.05
L1,1736860920,1736860980,short,2221.3,2222.60100919142,STOP_LOSS_HARD,-65.05
L1,1736863080,1736863080,long,2235.2,2233.89899080858,STOP_LOSS_HARD,-65.05
L1,1736879280,1736880600,long,2235.9,2237.19080528777,TAKE_PROFIT_HARD,64.54
L1,1736896200,1736897400,long,2236.0,2237.29080528777,TAKE_PROFIT_HARD,64.54
L1,1736924160,1736924400,short,2247.1,2245.80919471223,TAKE_PROFIT_HARD,64.54
L1,1736924640,1736924880,short,2246.7,2245.3,TAKE_PROFIT_HARD,70.0
L1,1737042360,1737042540,long,2282.8,2284.0908052877703,TAKE_PROFIT_HARD,64.54
L1,1737083760,1737085140,long,2283.7,2284.99080528777,TAKE_PROFIT_HARD,64.54
L1,1737085320,1737085620,long,2283.9,2282.5989908085803,STOP_LOSS_HARD,-65.05
L1,1737089160,1737089640,long,2284.0,2285.29080528777,TAKE_PROFIT_HARD,64.54
L1,1737104280,1737104400,short,2302.0,2303.30100919142,STOP_LOSS_HARD,-65.05
L1,1737104880,1737105060,short,2301.9,2300.60919471223,TAKE_PROFIT_HARD,64.54
L1,1737109200,1737109260,long,2292.5,2291.19899080858,STOP_LOSS_HARD,-65.05
L1,1737110520,1737110580,long,2292.5,2293.79080528777,TAKE_PROFIT_HARD,64.54
L1,1737111480,1737111480,long,2292.6,2293.89080528777,TAKE_PROFIT_HARD,64.54
L1,1737119640,1737119820,long,2292.4,2291.0989908085803,STOP_LOSS_HARD,-65.05
L1,1737127560,1737127800,long,2283.8,2285.0908052877703,TAKE_PROFIT_HARD,64.54
L1,1737343080,1737343620,long,2292.9,2291.5989908085803,STOP_LOSS_HARD,-65.05
L1,1737371040,1737371220,short,2314.3,2315.60100919142,STOP_LOSS_HARD,-65.05
L1,1737372240,1737372300,short,2314.4,2313.10919471223,TAKE_PROFIT_HARD,64.54
L1,1737372600,1737372660,short,2314.8,2316.10100919142,STOP_LOSS_HARD,-65.05
L1,1737372720,1737372720,short,2316.4,2315.10919471223,TAKE_PROFIT_HARD,64.54
L1,1737411360,1737411840,short,2306.5,2307.80100919142,STOP_LOSS_HARD,-65.05
L1,1737412800,1737413340,short,2306.1,2304.80919471223,TAKE_PROFIT_HARD,64.54
L1,1737415440,1737415740,short,2305.7,2304.4,TAKE_PROFIT_HARD,65.0
L1,1737430560,1737430740,long,2307.8,2309.0908052877703,TAKE_PROFIT_HARD,64.54
L1,1737430920,1737430920,long,2309.0,2310.29080528777,TAKE_PROFIT_HARD,64.54
L1,1737431280,1737431700,long,2309.0,2307.69899080858,STOP_LOSS_HARD,-65.05
L1,1737437160,1737437340,short,2305.6,2306.9010091914197,STOP_LOSS_HARD,-65.05
L1,1737450960,1737451260,short,2305.5,2304.20919471223,TAKE_PROFIT_HARD,64.54
L1,1737451560,1737451680,short,2305.8,2307.10100919142,STOP_LOSS_HARD,-65.05
L1,1737475920,1737477900,long,2329.2,2328.6,END_OF_DAY,-30.0
L1,1737493080,1737495000,long,2329.6,2328.29899080858,STOP_LOSS_HARD,-65.05
L1,1737503040,1737504600,long,2329.8,2328.4989908085804,STOP_LOSS_HARD,-65.05
L1,1737525000,1737525960,long,2330.0,2331.29080528777,TAKE_PROFIT_HARD,64.54
L1,1737527520,1737527700,long,2329.4,2330.69080528777,TAKE_PROFIT_HARD,64.54
L1,1737528000,1737528900,long,2329.7,2328.39899080858,STOP_LOSS_HARD,-65.05
L1,1737529440,1737529500,long,2329.9,2328.5989908085803,STOP_LOSS_HARD,-65.05
L1,1737530760,1737530820,long,2330.1,2328.79899080858,STOP_LOSS_HARD,-65.05
L1,1737532080,1737532680,long,2329.8,2328.4989908085804,STOP_LOSS_HARD,-65.05
L1,1737534600,1737534600,long,2329.3,2327.9989908085804,STOP_LOSS_HARD,-65.05
L1,1737535560,1737536340,long,2329.5,2328.19899080858,STOP_LOSS_HARD,-65.05
L1,1737539640,1737539640,long,2328.4,2329.69080528777,TAKE_PROFIT_HARD,64.54
L1,1737545040,1737545160,short,2314.4,2315.70100919142,STOP_LOSS_HARD,-65.05
L1,1737550320,1737550560,short,2314.3,2313.00919471223,TAKE_PROFIT_HARD,64.54
L1,1737551400,1737551520,short,2315.2,2316.5010091914196,STOP_LOSS_HARD,-65.05
L1,1737563760,1737564000,short,2314.4,2315.70100919142,STOP_LOSS_HARD,-65.05
L1,1737579480,1737579840,short,2314.3,2313.00919471223,TAKE_PROFIT_HARD,64.54
L1,1737581040,1737584640,short,2314.4,2313.10919471223,TAKE_PROFIT_HARD,64.54
L1,1737604560,1737604680,long,2308.8,2310.0908052877703,TAKE_PROFIT_HARD,64.54
L1,1737606240,1737608040,long,2308.6,2309.89080528777,TAKE_PROFIT_HARD,64.54
L1,1737611400,1737611820,long,2308.9,2307.5,STOP_LOSS_HARD,-70.0
L1,1737614160,1737614760,long,2308.9,2310.19080528777,TAKE_PROFIT_HARD,64.54
L1,1737620760,1737621000,short,2305.4,2306.70100919142,STOP_LOSS_HARD,-65.05
L1,1737628080,1737628200,short,2306.0,2304.70919471223,TAKE_PROFIT_HARD,64.54
L1,1737629280,1737629340,long,2308.4,2309.69080528777,TAKE_PROFIT_HARD,64.54
L1,1737718680,1737719040,long,2330.1,2328.79899080858,STOP_LOSS_HARD,-65.05
L1,1737722520,1737722760,long,2329.9,2328.5989908085803,STOP_LOSS_HARD,-65.05
L1,1737732600,1737732660,short,2314.3,2315.60100919142,STOP_LOSS_HARD,-65.05
L1,1737919440,1737920040,short,2305.6,2304.30919471223,TAKE_PROFIT_HARD,64.54
L1,1737930000,1737930900,short,2306.0,2304.70919471223,TAKE_PROFIT_HARD,64.54
L1,1737931920,1737932220,short,2305.4,2306.70100919142,STOP_LOSS_HARD,-65.05
L1,1737942480,1737942660,long,2293.0,2294.29080528777,TAKE_PROFIT_HARD,64.54
L1,1737943800,1737944100,long,2293.0,2291.69899080858,STOP_LOSS_HARD,-65.05
L1,1737945240,1737945300,long,2292.0,2293.29080528777,TAKE_PROFIT_HARD,64.54
L1,1737949320,1737949380,long,2283.6,2282.29899080858,STOP_LOSS_HARD,-65.05
L1,1737949440,1737949500,long,2283.1,2284.39080528777,TAKE_PROFIT_HARD,64.54
L1,1737961080,1737961080,long,2292.1,2293.39080528777,TAKE_PROFIT_HARD,64.54
L1,1737962400,1737962400,short,2289.6,2290.9010091914197,STOP_LOSS_HARD,-65.05
L1,1737984120,1737984240,long,2292.3,2290.9989908085804,STOP_LOSS_HARD,-65.05
L1,1738005360,1738005480,long,2292.0,2293.29080528777,TAKE_PROFIT_HARD,64.54
L1,1738005840,1738006200,long,2292.7,2291.39899080858,STOP_LOSS_HARD,-65.05
L1,1738013160,1738013400,short,2290.0,2288.70919471223,TAKE_PROFIT_HARD,64.54
L1,1738013520,1738013940,short,2289.8,2288.50919471223,TAKE_PROFIT_HARD,64.54
L1,1738015800,1738017060,short,2289.5,2290.80100919142,STOP_LOSS_HARD,-65.05
L1,1738024800,1738025100,long,2283.0,2284.29080528777,TAKE_PROFIT_HARD,64.54
L1,1738025520,1738025880,long,2283.8,2285.0908052877703,TAKE_PROFIT_HARD,64.54
L1,1738028520,1738029600,long,2283.6,2284.89080528777,TAKE_PROFIT_HARD,64.54
L1,1738029720,1738030200,long,2283.1,2284.39080528777,TAKE_PROFIT_HARD,64.54
L1,1738030560,1738030680,long,2283.8,2285.0908052877703,TAKE_PROFIT_HARD,64.54
L1,1738034400,1738034520,short,2289.9,2288.60919471223,TAKE_PROFIT_HARD,64.54
L1,1738034640,1738034640,short,2289.1,2287.80919471223,TAKE_PROFIT_HARD,64.54
L1,1738035480,1738036020,short,2290.3,2291.60100919142,STOP_LOSS_HARD,-65.05
L1,1738048680,1738048860,long,2292.8,2294.0908052877703,TAKE_PROFIT_HARD,64.54
L1,1738053720,1738054560,long,2293.0,2294.4,TAKE_PROFIT_HARD,70.0
L1,1738067520,1738067520,long,2292.9,2294.19080528777,TAKE_PROFIT_HARD,64.54
L1,1738071840,1738071900,long,2292.3,2290.9989908085804,STOP_LOSS_HARD,-65.05
L1,1738131240,1738133520,short,2305.5,2304.20919471223,TAKE_PROFIT_HARD,64.54
L1,1738181760,1738182780,short,2305.5,2306.80100919142,STOP_LOSS_HARD,-65.05
L1,1738246080,1738248960,long,2327.5,2328.79080528777,TAKE_PROFIT_HARD,64.54
L1,1738342440,1738342560,long,2293.0,2291.69899080858,STOP_LOSS_HARD,-65.05
L1,1738531800,1738531860,long,2225.0,2223.69899080858,STOP_LOSS_HARD,-65.05
L1,1738535640,1738535760,long,2224.7,2223.39899080858,STOP_LOSS_HARD,-65.05
L1,1738542600,1738542900,long,2225.4,2226.69080528777,TAKE_PROFIT_HARD,64.54
L1,1738544640,1738544700,short,2232.3,2230.6,TAKE_PROFIT_HARD,85.0
L1,1738545000,1738545120,short,2231.1,2229.80919471223,TAKE_PROFIT_HARD,64.54
L1,1738549680,1738549860,short,2231.5,2230.20919471223,TAKE_PROFIT_HARD,64.54
L1,1738550040,1738550160,short,2230.6,2229.30919471223,TAKE_PROFIT_HARD,64.54
L1,1738550400,1738550520,short,2230.6,2231.9010091914197,STOP_LOSS_HARD,-65.05
L1,1738550880,1738550880,short,2232.0,2233.30100919142,STOP_LOSS_HARD,-65.05
L1,1738593120,1738593360,short,2273.6,2272.30919471223,TAKE_PROFIT_HARD,64.54
L1,1738593720,1738593900,short,2273.9,2275.20100919142,STOP_LOSS_HARD,-65.05
L1,1738594920,1738594920,short,2274.8,2273.50919471223,TAKE_PROFIT_HARD,64.54
L1,1738595880,1738596120,short,2274.5,2273.20919471223,TAKE_PROFIT_HARD,64.54
L1,1738599240,1738599540,long,2267.9,2269.19080528777,TAKE_PROFIT_HARD,64.54
L1,1738623480,1738624140,short,2273.5,2274.9,STOP_LOSS_HARD,-70.0
L1,1738654320,1738654500,long,2267.8,2269.0908052877703,TAKE_PROFIT_HARD,64.54
L1,1738660440,1738660560,long,2267.6,2266.0,STOP_LOSS_HARD,-80.0
L1,1738668360,1738668480,long,2287.8,2289.0908052877703,TAKE_PROFIT_HARD,64.54
L1,1738684200,1738684260,short,2299.8,2298.50919471223,TAKE_PROFIT_HARD,64.54
L1,1738684920,1738684920,short,2299.7,2301.0010091914196,STOP_LOSS_HARD,-65.05
L1,1738706400,1738706700,short,2299.6,2298.30919471223,TAKE_PROFIT_HARD,64.54
L1,1738706880,1738706880,short,2299.2,2297.9091947122297,TAKE_PROFIT_HARD,64.54
L1,1738707000,1738707840,short,2299.3,2298.00919471223,TAKE_PROFIT_HARD,64.54
L1,1738708320,1738710180,short,2299.2,2297.9091947122297,TAKE_PROFIT_HARD,64.54
L1,1738713000,1738714020,short,2299.3,2298.00919471223,TAKE_PROFIT_HARD,64.54
L1,1738725840,1738726200,short,2299.7,2301.0010091914196,STOP_LOSS_HARD,-65.05
L1,1738730160,1738730520,short,2299.3,2298.00919471223,TAKE_PROFIT_HARD,64.54
L1,1738731240,1738731420,short,2299.2,2297.9091947122297,TAKE_PROFIT_HARD,64.54
L1,1738732080,1738733640,short,2300.0,2301.30100919142,STOP_LOSS_HARD,-65.05
L1,1738744680,1738745040,short,2299.7,2301.0010091914196,STOP_LOSS_HARD,-65.05
L1,1738936320,1738936380,long,2287.9,2286.5989908085803,STOP_LOSS_HARD,-65.05
L1,1738937880,1738938060,long,2287.3,2285.9989908085804,STOP_LOSS_HARD,-65.05
L1,1739124840,1739125380,long,2282.9,2284.19080528777,TAKE_PROFIT_HARD,64.54
L1,1739129520,1739129640,short,2292.3,2293.60100919142,STOP_LOSS_HARD,-65.05
L1,1739130600,1739130960,short,2292.3,2293.60100919142,STOP_LOSS_HARD,-65.05
L1,1739138160,1739142180,short,2292.2,2293.6,STOP_LOSS_HARD,-70.0
L1,1739154240,1739155620,short,2292.6,2294.2,STOP_LOSS_HARD,-80.0
L1,1739170440,1739173500,short,2295.7,2297.0010091914196,STOP_LOSS_HARD,-65.05
L1,1739182920,1739182920,long,2288.1,2289.39080528777,TAKE_PROFIT_HARD,64.54
L1,1739185200,1739185440,short,2292.4,2291.10919471223,TAKE_PROFIT_HARD,64.54
L1,1739186160,1739186640,long,2288.7,2289.99080528777,TAKE_PROFIT_HARD,64.54
L1,1739187960,1739187960,short,2295.8,2294.50919471223,TAKE_PROFIT_HARD,64.54
L1,1739188320,1739189280,short,2296.6,2295.30919471223,TAKE_PROFIT_HARD,64.54
L1,1739210880,1739210880,short,2295.2,2293.9091947122297,TAKE_PROFIT_HARD,64.54
L1,1739215920,1739218560,short,2293.9,2292.60919471223,TAKE_PROFIT_HARD,64.54
L1,1739223240,1739226480,long,2287.9,2289.2,TAKE_PROFIT_HARD,65.0
L1,1739245440,1739246340,long,2288.3,2286.9989908085804,STOP_LOSS_HARD,-65.05
L1,1739247360,1739247600,long,2288.1,2286.79899080858,STOP_LOSS_HARD,-65.05
L1,1739258400,1739258640,long,2282.1,2283.39080528777,TAKE_PROFIT_HARD,64.54
L1,1739258880,1739259600,long,2282.4,2283.69080528777,TAKE_PROFIT_HARD,64.54
L1,1739262480,1739263320,long,2282.8,2281.4989908085804,STOP_LOSS_HARD,-65.05
L1,1739273280,1739273280,long,2288.2,2286.89899080858,STOP_LOSS_HARD,-65.05
L1,1739275080,1739275200,long,2282.8,2281.4989908085804,STOP_LOSS_HARD,-65.05
L1,1739281200,1739281740,long,2282.5,2281.19899080858,STOP_LOSS_HARD,-65.05
L1,1739286480,1739286900,long,2282.8,2281.4989908085804,STOP_LOSS_HARD,-65.05
L1,1739287560,1739287860,long,2282.3,2283.5908052877703,TAKE_PROFIT_HARD,64.54
L1,1739288880,1739289000,long,2282.6,2283.89080528777,TAKE_PROFIT_HARD,64.54
L1,1739289120,1739289540,long,2281.6,2282.89080528777,TAKE_PROFIT_HARD,64.54
L1,1739316720,1739324400,long,2282.7,2283.99080528777,TAKE_PROFIT_HARD,64.54
L1,1739346120,1739346420,short,2293.8,2295.10100919142,STOP_LOSS_HARD,-65.05
L1,1739347200,1739347920,short,2294.4,2295.70100919142,STOP_LOSS_HARD,-65.05
L1,1739348640,1739348940,short,2296.9,2295.60919471223,TAKE_PROFIT_HARD,64.54
L1,1739352360,1739352540,short,2251.0,2249.70919471223,TAKE_PROFIT_HARD,64.54
L1,1739457000,1739457180,long,2282.9,2284.19080528777,TAKE_PROFIT_HARD,64.54
L1,1739457720,1739457780,long,2282.9,2281.5989908085803,STOP_LOSS_HARD,-65.05
L1,1739457840,1739458020,long,2281.9,2283.19080528777,TAKE_PROFIT_HARD,64.54
L1,1739458680,1739459220,long,2282.8,2284.0908052877703,TAKE_PROFIT_HARD,64.54
L1,1739460120,1739460360,long,2287.1,2288.39080528777,TAKE_PROFIT_HARD,64.54
L1,1739460480,1739460960,long,2288.0,2286.69899080858,STOP_LOSS_HARD,-65.05
L1,1739462640,1739462880,long,2287.6,2288.89080528777,TAKE_PROFIT_HARD,64.54
L1,1739469600,1739469600,long,2287.2,2288.49080528777,TAKE_PROFIT_HARD,64.54
L1,1739470080,1739471640,long,2288.0,2286.69899080858,STOP_LOSS_HARD,-65.05
L1,1739474640,1739478540,long,2288.0,2289.3,TAKE_PROFIT_HARD,65.0
L1,1739505480,1739505840,long,2287.9,2289.19080528777,TAKE_PROFIT_HARD,64.54
L1,1739506200,1739507340,long,2288.0,2289.29080528777,TAKE_PROFIT_HARD,64.54
L1,1739508000,1739510040,long,2288.1,2286.79899080858,STOP_LOSS_HARD,-65.05
L1,1739522880,1739523720,short,2294.6,2295.9010091914197,STOP_LOSS_HARD,-65.05
L1,1739528640,1739528700,short,2295.9,2294.60919471223,TAKE_PROFIT_HARD,64.54
L1,1739530320,1739530440,short,2294.2,2292.9091947122297,TAKE_PROFIT_HARD,64.54
L1,1739531160,1739531220,short,2294.4,2295.70100919142,STOP_LOSS_HARD,-65.05
L1,1739534520,1739534640,long,2288.0,2286.69899080858,STOP_LOSS_HARD,-65.05
L1,1739535960,1739536260,long,2282.9,2284.19080528777,TAKE_PROFIT_HARD,64.54
L1,1739536440,1739536500,long,2282.9,2284.19080528777,TAKE_PROFIT_HARD,64.54
L1,1739536800,1739537100,long,2282.7,2283.99080528777,TAKE_PROFIT_HARD,64.54
L1,1739541120,1739542680,long,2288.3,2286.9989908085804,STOP_LOSS_HARD,-65.05
L1,1739545320,1739546220,long,2287.8,2289.0908052877703,TAKE_PROFIT_HARD,64.54
L1,1739546400,1739546760,long,2288.3,2286.9989908085804,STOP_LOSS_HARD,-65.05
L1,1739547840,1739548200,long,2282.6,2283.89080528777,TAKE_PROFIT_HARD,64.54
L1,1739788320,1739788980,long,2282.5,2283.79080528777,TAKE_PROFIT_HARD,64.54
L1,1739789640,1739790120,long,2282.7,2283.99080528777,TAKE_PROFIT_HARD,64.54
L1,1739868000,1739868900,short,2295.3,2294.00919471223,TAKE_PROFIT_HARD,64.54
L1,1739878080,1739878260,short,2295.4,2294.10919471223,TAKE_PROFIT_HARD,64.54
L1,1739878920,1739879100,short,2295.3,2296.60100919142,STOP_LOSS_HARD,-65.05
L1,1739879160,1739879280,short,2295.8,2297.10100919142,STOP_LOSS_HARD,-65.05
L1,1739880240,1739880300,short,2295.7,2297.0010091914196,STOP_LOSS_HARD,-65.05
L1,1739882520,1739883000,short,2296.5,2297.80100919142,STOP_LOSS_HARD,-65.05
L1,1739888400,1739888400,long,2282.5,2281.19899080858,STOP_LOSS_HARD,-65.05
L1,1739938440,1739939040,short,2295.2,2293.9091947122297,TAKE_PROFIT_HARD,64.54
L1,1739948040,1739948160,long,2282.8,2284.0908052877703,TAKE_PROFIT_HARD,64.54
L1,1739953920,1739954520,long,2282.5,2281.19899080858,STOP_LOSS_HARD,-65.05
L1,1739970360,1739970660,long,2282.7,2281.39899080858,STOP_LOSS_HARD,-65.05
L1,1739970720,1739970900,long,2281.5,2282.79080528777,TAKE_PROFIT_HARD,64.54
L1,1739976360,1739976420,short,2295.3,2294.00919471223,TAKE_PROFIT_HARD,64.54
L1,1739976840,1739976960,short,2295.4,2294.10919471223,TAKE_PROFIT_HARD,64.54
L1,1739993160,1739993940,long,2282.9,2284.19080528777,TAKE_PROFIT_HARD,64.54
L1,1739996760,1739997720,long,2282.7,2281.39899080858,STOP_LOSS_HARD,-65.05
L1,1740034200,1740034500,long,2282.6,2283.89080528777,TAKE_PROFIT_HARD,64.54
L1,1740034800,1740034800,long,2282.3,2283.5908052877703,TAKE_PROFIT_HARD,64.54
L1,1740035640,1740036060,long,2282.3,2283.5908052877703,TAKE_PROFIT_HARD,64.54
L1,1740043560,1740043740,long,2282.9,2284.19080528777,TAKE_PROFIT_HARD,64.54
L1,1740061560,1740061980,long,2266.5,2265.19899080858,STOP_LOSS_HARD,-65.05
L1,1740064680,1740064740,long,2266.3,2267.5908052877703,TAKE_PROFIT_HARD,64.54
L1,1740065280,1740066240,long,2266.2,2267.49080528777,TAKE_PROFIT_HARD,64.54
L1,1740067320,1740068040,long,2266.4,2265.0989908085803,STOP_LOSS_HARD,-65.05
L1,1740076320,1740076380,long,2265.8,2267.1,TAKE_PROFIT_HARD,65.0
L1,1740077160,1740079260,long,2266.4,2265.0989908085803,STOP_LOSS_HARD,-65.05
L1,1740106800,1740106800,long,2266.5,2267.79080528777,TAKE_PROFIT_HARD,64.54
L1,1740110760,1740111120,long,2266.1,2267.39080528777,TAKE_PROFIT_HARD,64.54
L1,1740116520,1740117240,short,2272.2,2273.5010091914196,STOP_LOSS_HARD,-65.05
L1,1740122400,1740122760,short,2271.9,2273.20100919142,STOP_LOSS_HARD,-65.05
L1,1740128640,1740128640,long,2282.0,2280.69899080858,STOP_LOSS_HARD,-65.05
L1,1740129240,1740129600,long,2282.8,2284.0908052877703,TAKE_PROFIT_HARD,64.54
L1,1740137520,1740137760,long,2239.2,2237.89899080858,STOP_LOSS_HARD,-65.05
L1,1740138120,1740138300,long,2238.3,2236.9989908085804,STOP_LOSS_HARD,-65.05
L1,1740149040,1740149400,short,2199.3,2200.60100919142,STOP_LOSS_HARD,-65.05
L1,1740410880,1740410940,short,2192.9,2191.60919471223,TAKE_PROFIT_HARD,64.54
L1,1740412080,1740412080,short,2192.7,2194.0010091914196,STOP_LOSS_HARD,-65.05
L1,1740412560,1740412560,short,2187.8,2186.50919471223,TAKE_PROFIT_HARD,64.54
L1,1740413520,1740413640,short,2187.0,2188.30100919142,STOP_LOSS_HARD,-65.05
L1,1740452040,1740452400,long,2179.2,2180.49080528777,TAKE_PROFIT_HARD,64.54
L1,1740458040,1740458340,short,2185.4,2184.10919471223,TAKE_PROFIT_HARD,64.54
L1,1740459000,1740459240,long,2179.2,2177.89899080858,STOP_LOSS_HARD,-65.05
L1,1740461160,1740461640,long,2180.1,2178.79899080858,STOP_LOSS_HARD,-65.05
L1,1740466080,1740466380,long,2180.1,2181.39080528777,TAKE_PROFIT_HARD,64.54
L1,1740472080,1740473640,short,2185.6,2186.9010091914197,STOP_LOSS_HARD,-65.05
L1,1740495840,1740495840,long,2179.8,2181.0908052877703,TAKE_PROFIT_HARD,64.54
L1,1740500040,1740500640,long,2179.3,2180.5908052877703,TAKE_PROFIT_HARD,64.54
L1,1740520320,1740521460,long,2180.2,2181.49080528777,TAKE_PROFIT_HARD,64.54
L1,1740542280,1740542760,short,2185.8,2184.50919471223,TAKE_PROFIT_HARD,64.54
L1,1740543600,1740543900,short,2185.4,2184.10919471223,TAKE_PROFIT_HARD,64.54
L1,1740548400,1740548580,long,2179.6,2180.89080528777,TAKE_PROFIT_HARD,64.54
L1,1740551040,1740551520,short,2185.4,2186.70100919142,STOP_LOSS_HARD,-65.05
L1,1740558120,1740558180,short,2185.9,2187.20100919142,STOP_LOSS_HARD,-65.05
L1,1740559560,1740559740,short,2186.2,2184.9091947122297,TAKE_PROFIT_HARD,64.54
L1,1740561240,1740561420,long,2180.2,2178.89899080858,STOP_LOSS_HARD,-65.05
L1,1740561480,1740561600,long,2179.5,2180.79080528777,TAKE_PROFIT_HARD,64.54
L1,1740561960,1740562140,long,2179.9,2181.19080528777,TAKE_PROFIT_HARD,64.54
L1,1740574920,1740574920,short,2185.4,2184.10919471223,TAKE_PROFIT_HARD,64.54
L1,1740575640,1740575700,short,2186.0,2184.70919471223,TAKE_PROFIT_HARD,64.54
L1,1740576000,1740576060,short,2185.7,2187.0010091914196,STOP_LOSS_HARD,-65.05
L1,1740586680,1740586800,long,2180.1,2178.79899080858,STOP_LOSS_HARD,-65.05
L1,1740587280,1740587820,long,2179.8,2181.0908052877703,TAKE_PROFIT_HARD,64.54
L1,1740600000,1740600720,long,2178.8,2180.0908052877703,TAKE_PROFIT_HARD,64.54
L1,1740603720,1740603900,short,2185.4,2184.10919471223,TAKE_PROFIT_HARD,64.54
L1,1740604800,1740604860,short,2186.0,2187.30100919142,STOP_LOSS_HARD,-65.05
L1,1740617160,1740617520,short,2192.5,2193.80100919142,STOP_LOSS_HARD,-65.05
L1,1740625560,1740625860,short,2192.4,2191.10919471223,TAKE_PROFIT_HARD,64.54
L1,1740626280,1740626460,short,2192.4,2193.70100919142,STOP_LOSS_HARD,-65.05
L1,1740626520,1740627060,short,2194.0,2195.4,STOP_LOSS_HARD,-70.0
L1,1740644880,1740645000,short,2193.6,2192.30919471223,TAKE_PROFIT_HARD,64.54
L1,1740665760,1740665760,short,2167.6,2166.30919471223,TAKE_PROFIT_HARD,64.54
L1,1740670680,1740670800,long,2152.5,2151.19899080858,STOP_LOSS_HARD,-65.05
L1,1740741960,1740742020,long,2153.6,2152.29899080858,STOP_LOSS_HARD,-65.05
L1,1740756840,1740756840,long,2153.9,2152.5989908085803,STOP_LOSS_HARD,-65.05
L1,1741035960,1741036260,long,2104.0,2105.4,TAKE_PROFIT_HARD,70.0
L1,1741063680,1741063860,long,2103.6,2102.29899080858,STOP_LOSS_HARD,-65.05
L1,1741079400,1741079700,short,2085.7,2084.4091947122297,TAKE_PROFIT_HARD,64.54
L1,1741107360,1741107420,long,2103.5,2102.19899080858,STOP_LOSS_HARD,-65.05
L1,1741112640,1741112820,long,2103.4,2104.69080528777,TAKE_PROFIT_HARD,64.54
L1,1741117080,1741117080,long,2104.0,2102.69899080858,STOP_LOSS_HARD,-65.05
L1,1741121760,1741121820,long,2103.4,2102.0989908085803,STOP_LOSS_HARD,-65.05
L1,1741127400,1741127580,long,2103.9,2102.5,STOP_LOSS_HARD,-70.0
L1,1741129080,1741129440,long,2103.1,2104.39080528777,TAKE_PROFIT_HARD,64.54
L1,1741136640,1741137180,long,2104.0,2105.29080528777,TAKE_PROFIT_HARD,64.54
L1,1741141080,1741142400,long,2103.8,2102.4989908085804,STOP_LOSS_HARD,-65.05
L1,1741146480,1741146660,long,2103.7,2104.99080528777,TAKE_PROFIT_HARD,64.54
L1,1741157520,1741157580,long,2103.6,2102.29899080858,STOP_LOSS_HARD,-65.05
L1,1741181520,1741181520,short,2083.3,2082.00919471223,TAKE_PROFIT_HARD,64.54
L1,1741186680,1741186680,long,2103.8,2102.4989908085804,STOP_LOSS_HARD,-65.05
L1,1741200840,1741201200,long,2103.0,2101.69899080858,STOP_LOSS_HARD,-65.05
L1,1741225800,1741226820,long,2103.9,2105.19080528777,TAKE_PROFIT_HARD,64.54
L1,1741237200,1741237200,short,2083.0,2081.70919471223,TAKE_PROFIT_HARD,64.54
L1,1741242120,1741242240,short,2083.0,2081.70919471223,TAKE_PROFIT_HARD,64.54
L1,1741243800,1741244460,short,2084.3,2083.00919471223,TAKE_PROFIT_HARD,64.54
L1,1741547880,1741547880,short,2052.5,2053.80100919142,STOP_LOSS_HARD,-65.05
L1,1741596720,1741596840,short,2053.1,2054.4010091914197,STOP_LOSS_HARD,-65.05
L1,1741612920,1741612920,short,2035.3,2036.60100919142,STOP_LOSS_HARD,-65.05
L1,1741613280,1741613340,short,2035.2,2033.9091947122301,TAKE_PROFIT_HARD,64.54
L1,1741615560,1741615560,long,2021.9,2020.59899080858,STOP_LOSS_HARD,-65.05
L1,1741630320,1741630320,long,2020.1,2021.3908052877698,TAKE_PROFIT_HARD,64.54
L1,1741653000,1741653780,short,2034.8,2033.50919471223,TAKE_PROFIT_HARD,64.54
L1,1741656600,1741656840,short,2034.5,2035.80100919142,STOP_LOSS_HARD,-65.05
L1,1741658400,1741658640,short,2034.4,2033.1,TAKE_PROFIT_HARD,65.0
L1,1741659840,1741660320,short,2034.4,2033.1091947122302,TAKE_PROFIT_HARD,64.54
L1,1741665960,1741666200,short,2035.2,2036.50100919142,STOP_LOSS_HARD,-65.05
L1,1741669680,1741669800,long,2043.4,2042.09899080858,STOP_LOSS_HARD,-65.05
L1,1741680120,1741680540,long,2043.7,2042.39899080858,STOP_LOSS_HARD,-65.05
L1,1741683360,1741683420,short,2035.0,2033.70919471223,TAKE_PROFIT_HARD,64.54
L1,1741724520,1741724640,short,2034.5,2035.80100919142,STOP_LOSS_HARD,-65.05
L1,1741725240,1741725360,short,2034.7,2033.4091947122301,TAKE_PROFIT_HARD,64.54
L1,1741731120,1741732560,short,2034.6,2033.30919471223,TAKE_PROFIT_HARD,64.54
L1,1741743600,1741745400,short,2034.5,2033.20919471223,TAKE_PROFIT_HARD,64.54
L1,1741751520,1741751880,short,2034.6,2033.30919471223,TAKE_PROFIT_HARD,64.54
L1,1741754400,1741754760,short,2034.8,2036.10100919142,STOP_LOSS_HARD,-65.05
L1,1741762560,1741762920,short,2034.6,2035.90100919142,STOP_LOSS_HARD,-65.05
L1,1741767120,1741767120,short,2034.5,2035.80100919142,STOP_LOSS_HARD,-65.05
L1,1741789680,1741789680,short,2035.7,2037.00100919142,STOP_LOSS_HARD,-65.05
L1,1741793280,1741793340,short,2034.8,2033.50919471223,TAKE_PROFIT_HARD,64.54
L1,1741825920,1741826400,long,2021.7,2020.39899080858,STOP_LOSS_HARD,-65.05
L1,1741851480,1741851840,long,2022.2,2020.89899080858,STOP_LOSS_HARD,-65.05
L1,1741853040,1741853040,long,2021.5,2020.19899080858,STOP_LOSS_HARD,-65.05
L1,1741876080,1741876080,short,1997.3,1996.00919471223,TAKE_PROFIT_HARD,64.54
L1,1741889160,1741889160,short,2003.2,2004.50100919142,STOP_LOSS_HARD,-65.05
L1,1741902960,1741903080,long,2015.1,2013.79899080858,STOP_LOSS_HARD,-65.05
L1,1741905240,1741906440,long,2015.4,2016.69080528777,TAKE_PROFIT_HARD,64.54
L1,1741912680,1741913160,long,2015.3,2016.6,TAKE_PROFIT_HARD,65.0
L1,1741927680,1741928460,long,2014.9,2016.19080528777,TAKE_PROFIT_HARD,64.54
L1,1741935960,1741936260,long,2015.3,2013.99899080858,STOP_LOSS_HARD,-65.05
L1,1742166360,1742168700,long,2044.6,2045.8908052877698,TAKE_PROFIT_HARD,64.54
L1,1742180040,1742181300,long,2044.6,2043.29899080858,STOP_LOSS_HARD,-65.05
L1,1742182320,1742182620,long,2043.6,2041.9,STOP_LOSS_HARD,-85.0
L1,1742201280,1742201580,short,2059.3,2058.00919471223,TAKE_PROFIT_HARD,64.54
L1,1742201760,1742201820,short,2059.6,2058.30919471223,TAKE_PROFIT_HARD,64.54
L1,1742202000,1742202000,short,2058.9,2057.60919471223,TAKE_PROFIT_HARD,64.54
L1,1742202600,1742202900,short,2059.3,2058.00919471223,TAKE_PROFIT_HARD,64.54
L1,1742203320,1742203560,short,2059.1,2057.80919471223,TAKE_PROFIT_HARD,64.54
L1,1742214600,1742214660,long,2072.7,2073.99080528777,TAKE_PROFIT_HARD,64.54
L1,1742219880,1742220000,short,2083.0,2084.30100919142,STOP_LOSS_HARD,-65.05
L1,1742220480,1742220780,short,2086.0,2087.30100919142,STOP_LOSS_HARD,-65.05
L1,1742228640,1742229900,short,2082.9,2083.6,END_OF_DAY,-35.0
L1,1742234520,1742235180,short,2085.7,2084.4091947122297,TAKE_PROFIT_HARD,64.54
L1,1742235720,1742238840,short,2083.0,2081.70919471223,TAKE_PROFIT_HARD,64.54
L1,1742240040,1742243160,short,2082.4,2081.10919471223,TAKE_PROFIT_HARD,64.54
L1,1742245800,1742246160,short,2082.6,2081.30919471223,TAKE_PROFIT_HARD,64.54
L1,1742276640,1742276880,short,2083.1,2081.80919471223,TAKE_PROFIT_HARD,64.54
L1,1742283720,1742283720,long,2072.5,2073.79080528777,TAKE_PROFIT_HARD,64.54
L1,1742286120,1742286360,long,2072.5,2073.79080528777,TAKE_PROFIT_HARD,64.54
L1,1742288160,1742288220,long,2072.7,2071.39899080858,STOP_LOSS_HARD,-65.05
L1,1742288280,1742288460,long,2071.5,2070.19899080858,STOP_LOSS_HARD,-65.05
L1,1742289480,1742289540,long,2072.0,2073.29080528777,TAKE_PROFIT_HARD,64.54
L1,1742289720,1742289780,long,2071.5,2072.79080528777,TAKE_PROFIT_HARD,64.54
L1,1742348520,1742349300,long,2072.8,2071.4989908085804,STOP_LOSS_HARD,-65.05
L1,1742359200,1742359500,long,2072.0,2070.69899080858,STOP_LOSS_HARD,-65.05
L1,1742362800,1742363580,long,2072.1,2073.39080528777,TAKE_PROFIT_HARD,64.54
L1,1742370840,1742370960,long,2072.7,2071.39899080858,STOP_LOSS_HARD,-65.05
L1,1742379480,1742379540,short,2082.5,2083.80100919142,STOP_LOSS_HARD,-65.05
L1,1742385120,1742385240,short,2086.3,2087.60100919142,STOP_LOSS_HARD,-65.05
L1,1742385600,1742385780,short,2086.5,2087.80100919142,STOP_LOSS_HARD,-65.05
L1,1742386560,1742386680,short,2085.6,2084.30919471223,TAKE_PROFIT_HARD,64.54
L1,1742387040,1742387040,short,2086.8,2085.50919471223,TAKE_PROFIT_HARD,64.54
L1,1742387280,1742387640,short,2085.7,2084.4091947122297,TAKE_PROFIT_HARD,64.54
L1,1742389680,1742389680,short,2083.5,2082.20919471223,TAKE_PROFIT_HARD,64.54
L1,1742439840,1742440140,long,2108.9,2110.19080528777,TAKE_PROFIT_HARD,64.54
L1,1742446320,1742446740,long,2108.6,2109.89080528777,TAKE_PROFIT_HARD,64.54
L1,1742447040,1742447160,long,2108.1,2109.39080528777,TAKE_PROFIT_HARD,64.54
L1,1742447280,1742447640,long,2109.0,2107.69899080858,STOP_LOSS_HARD,-65.05
L1,1742448480,1742448540,long,2104.2,2102.89899080858,STOP_LOSS_HARD,-65.05
L1,1742459520,1742459700,short,2086.8,2085.50919471223,TAKE_PROFIT_HARD,64.54
L1,1742460000,1742460420,short,2086.7,2085.4091947122297,TAKE_PROFIT_HARD,64.54
L1,1742461560,1742461560,short,2083.2,2081.9091947122297,TAKE_PROFIT_HARD,64.54
L1,1742462280,1742462460,short,2082.4,2081.10919471223,TAKE_PROFIT_HARD,64.54
L1,1742472000,1742472000,long,2102.8,2104.0908052877703,TAKE_PROFIT_HARD,64.54
L1,1742481360,1742481360,short,2085.5,2086.80100919142,STOP_LOSS_HARD,-65.05
L1,1742487000,1742487240,short,2086.1,2084.80919471223,TAKE_PROFIT_HARD,64.54
L1,1742487840,1742489100,short,2085.5,2085.3,END_OF_DAY,10.0
L1,1742489400,1742489940,short,2085.5,2084.20919471223,TAKE_PROFIT_HARD,64.54
L1,1742512800,1742515140,short,2086.0,2084.70919471223,TAKE_PROFIT_HARD,64.54
L1,1742547480,1742547720,long,2063.0,2061.69899080858,STOP_LOSS_HARD,-65.05
L1,1742548920,1742549040,long,2062.0,2060.69899080858,STOP_LOSS_HARD,-65.05
L1,1742554920,1742554920,short,2068.6,2067.30919471223,TAKE_PROFIT_HARD,64.54
L1,1742756760,1742759100,short,2086.4,2087.70100919142,STOP_LOSS_HARD,-65.05
L1,1742798400,1742800440,long,2101.4,2102.69080528777,TAKE_PROFIT_HARD,64.54
L1,1742802240,1742803200,long,2101.4,2100.0989908085803,STOP_LOSS_HARD,-65.05
L1,1742805480,1742805540,short,2106.9,2105.60919471223,TAKE_PROFIT_HARD,64.54
L1,1742806200,1742807100,short,2106.8,2108.10100919142,STOP_LOSS_HARD,-65.05
L1,1742808000,1742808000,short,2106.4,2107.70100919142,STOP_LOSS_HARD,-65.05
L1,1742816280,1742816640,long,2120.3,2118.9989908085804,STOP_LOSS_HARD,-65.05
L1,1742820360,1742820540,short,2116.3,2115.00919471223,TAKE_PROFIT_HARD,64.54
L1,1742823000,1742823360,short,2116.3,2117.60100919142,STOP_LOSS_HARD,-65.05
L1,1742827920,1742828400,long,2120.7,2119.39899080858,STOP_LOSS_HARD,-65.05
L1,1742828520,1742828700,long,2120.5,2121.79080528777,TAKE_PROFIT_HARD,64.54
L1,1742845680,1742846580,long,2120.6,2119.29899080858,STOP_LOSS_HARD,-65.05
L1,1742852160,1742852340,long,2120.7,2121.99080528777,TAKE_PROFIT_HARD,64.54
L1,1742853720,1742856420,long,2120.6,2119.29899080858,STOP_LOSS_HARD,-65.05
L1,1742882040,1742883600,short,2116.1,2117.4010091914197,STOP_LOSS_HARD,-65.05
L1,1742890080,1742890440,long,2120.5,2121.79080528777,TAKE_PROFIT_HARD,64.54
L1,1742890680,1742890980,long,2120.7,2119.39899080858,STOP_LOSS_HARD,-65.05
L1,1742892600,1742893500,long,2120.4,2119.0989908085803,STOP_LOSS_HARD,-65.05
L1,1742896680,1742896680,long,2119.7,2118.39899080858,STOP_LOSS_HARD,-65.05
L1,1742898360,1742898420,short,2116.6,2115.30919471223,TAKE_PROFIT_HARD,64.54
L1,1742904600,1742904720,short,2116.2,2114.9091947122297,TAKE_PROFIT_HARD,64.54
L1,1742905320,1742905320,short,2116.2,2117.5010091914196,STOP_LOSS_HARD,-65.05
L1,1742906520,1742907060,short,2116.7,2118.0010091914196,STOP_LOSS_HARD,-65.05
L1,1742908680,1742908860,long,2119.9,2118.5989908085803,STOP_LOSS_HARD,-65.05
L1,1742909640,1742909700,short,2116.2,2117.5010091914196,STOP_LOSS_HARD,-65.05
L1,1742956560,1742957580,short,2106.6,2107.9010091914197,STOP_LOSS_HARD,-65.05
L1,1742965440,1742966700,short,2106.7,2105.4091947122297,TAKE_PROFIT_HARD,64.54
L1,1742968800,1742969760,short,2106.7,2108.0010091914196,STOP_LOSS_HARD,-65.05
L1,1742979600,1742980020,short,2116.1,2117.4010091914197,STOP_LOSS_HARD,-65.05
L1,1742987040,1742987160,short,2106.7,2105.4091947122297,TAKE_PROFIT_HARD,64.54
L1,1742989320,1742989320,long,2100.9,2099.5989908085803,STOP_LOSS_HARD,-65.05
L1,1742997000,1742997480,short,2085.8,2084.50919471223,TAKE_PROFIT_HARD,64.54
L1,1742998320,1742998380,short,2086.8,2088.10100919142,STOP_LOSS_HARD,-65.05
L1,1743002520,1743002580,short,2086.2,2087.5010091914196,STOP_LOSS_HARD,-65.05
L1,1743018840,1743019020,short,2085.5,2084.2,TAKE_PROFIT_HARD,65.0
L1,1743019800,1743020820,short,2085.7,2087.2,STOP_LOSS_HARD,-75.0
L1,1743077640,1743077760,short,2085.9,2087.20100919142,STOP_LOSS_HARD,-65.05
L1,1743084960,1743085020,short,2085.7,2084.4091947122297,TAKE_PROFIT_HARD,64.54
L1,1743087120,1743087300,short,2086.7,2085.4091947122297,TAKE_PROFIT_HARD,64.54
L1,1743114840,1743123720,short,2085.7,2087.0010091914196,STOP_LOSS_HARD,-65.05
L1,1743158760,1743158760,long,2043.9,2042.59899080858,STOP_LOSS_HARD,-65.05
L1,1743166080,1743166080,long,2036.2,2037.49080528777,TAKE_PROFIT_HARD,64.54
L1,1743174960,1743175020,long,2037.1,2035.79899080858,STOP_LOSS_HARD,-65.05
L1,1743506880,1743506940,long,2036.0,2034.69899080858,STOP_LOSS_HARD,-65.05
L1,1743509400,1743509820,short,2041.9,2043.20100919142,STOP_LOSS_HARD,-65.05
L1,1743509880,1743510060,short,2043.2,2041.9091947122301,TAKE_PROFIT_HARD,64.54
L1,1743582360,1743582420,short,2003.9,2002.6091947122302,TAKE_PROFIT_HARD,64.54
L1,1743583800,1743583800,short,2003.9,2002.6091947122302,TAKE_PROFIT_HARD,64.54
L1,1743584160,1743584220,short,2004.2,2002.9091947122301,TAKE_PROFIT_HARD,64.54
L1,1743585840,1743586140,long,1998.6,1997.29899080858,STOP_LOSS_HARD,-65.05
L1,1743603960,1743604080,short,2043.3,2042.00919471223,TAKE_PROFIT_HARD,64.54
L1,1743630600,1743630600,short,1976.0,1977.30100919142,STOP_LOSS_HARD,-65.05
L1,1743631800,1743631800,long,1974.7,1975.99080528777,TAKE_PROFIT_HARD,64.54
L1,1743631920,1743632040,long,1973.8,1975.0908052877699,TAKE_PROFIT_HARD,64.54
L1,1743632760,1743632820,short,1974.9,1976.20100919142,STOP_LOSS_HARD,-65.05
L1,1743633240,1743633660,long,1974.1,1972.79899080858,STOP_LOSS_HARD,-65.05
L1,1743634200,1743634200,short,1975.8,1974.50919471223,TAKE_PROFIT_HARD,64.54
L1,1743636120,1743636300,short,1975.6,1974.30919471223,TAKE_PROFIT_HARD,64.54
L1,1743637800,1743637800,short,1975.1,1973.80919471223,TAKE_PROFIT_HARD,64.54
L1,1743637920,1743638100,long,1974.4,1975.69080528777,TAKE_PROFIT_HARD,64.54
L1,1743643440,1743643500,long,1974.9,1973.59899080858,STOP_LOSS_HARD,-65.05
L1,1743644880,1743644880,long,1974.8,1973.49899080858,STOP_LOSS_HARD,-65.05
L1,1743648240,1743648300,long,1974.0,1972.69899080858,STOP_LOSS_HARD,-65.05
L1,1743651000,1743651000,short,1974.8,1973.50919471223,TAKE_PROFIT_HARD,64.54
L1,1743651120,1743651240,long,1974.3,1972.99899080858,STOP_LOSS_HARD,-65.05
L1,1743663480,1743663600,long,1962.9,1964.19080528777,TAKE_PROFIT_HARD,64.54
L1,1743663720,1743663840,long,1963.0,1964.29080528777,TAKE_PROFIT_HARD,64.54
L1,1743664800,1743664860,long,1963.4,1962.09899080858,STOP_LOSS_HARD,-65.05
L1,1743666480,1743666720,long,1963.4,1962.09899080858,STOP_LOSS_HARD,-65.05
L1,1743717120,1743717420,long,1916.0,1914.69899080858,STOP_LOSS_HARD,-65.05
L1,1743719520,1743719580,long,1916.1,1917.3908052877698,TAKE_PROFIT_HARD,64.54
L1,1743731400,1743731880,long,1916.2,1917.49080528777,TAKE_PROFIT_HARD,64.54
L1,1743739080,1743739200,long,1907.4,1906.09899080858,STOP_LOSS_HARD,-65.05
L1,1743987600,1743987600,short,1768.6,1769.90100919142,STOP_LOSS_HARD,-65.05
L1,1744052520,1744052880,short,1843.2,1841.9091947122301,TAKE_PROFIT_HARD,64.54
L1,1744054080,1744054200,short,1843.4,1844.70100919142,STOP_LOSS_HARD,-65.05
L1,1744055400,1744055400,short,1843.1,1844.40100919142,STOP_LOSS_HARD,-65.05
L1,1744058640,1744058640,long,1851.7,1850.39899080858,STOP_LOSS_HARD,-65.05
L1,1744071360,1744071360,long,1853.0,1851.69899080858,STOP_LOSS_HARD,-65.05
L1,1744076880,1744077000,long,1844.8,1846.0908052877699,TAKE_PROFIT_HARD,64.54
L1,1744077840,1744077900,long,1845.7,1846.99080528777,TAKE_PROFIT_HARD,64.54
L1,1744079160,1744079220,long,1845.5,1844.19899080858,STOP_LOSS_HARD,-65.05
L1,1744090560,1744090620,long,1853.3,1854.5908052877699,TAKE_PROFIT_HARD,64.54
L1,1744093800,1744093980,long,1852.6,1853.8908052877698,TAKE_PROFIT_HARD,64.54
L1,1744130520,1744130580,long,1763.3,1764.5908052877699,TAKE_PROFIT_HARD,64.54
L1,1744247760,1744247880,long,1908.0,1909.7,TAKE_PROFIT_HARD,85.0
L1,1744249800,1744249860,long,1907.4,1908.69080528777,TAKE_PROFIT_HARD,64.54
L1,1744303680,1744303740,short,1843.2,1841.9091947122301,TAKE_PROFIT_HARD,64.54
L1,1744333680,1744333800,long,1844.8,1846.0908052877699,TAKE_PROFIT_HARD,64.54
L1,1744343640,1744343640,long,1852.7,1851.39899080858,STOP_LOSS_HARD,-65.05
L1,1744581000,1744581120,short,1870.7,1872.00100919142,STOP_LOSS_HARD,-65.05
L1,1744622400,1744622520,long,1901.7,1900.39899080858,STOP_LOSS_HARD,-65.05
L1,1745205840,1745207760,short,1872.2,1870.9091947122301,TAKE_PROFIT_HARD,64.54
L1,1745208240,1745208240,short,1870.5,1871.80100919142,STOP_LOSS_HARD,-65.05
L1,1745223360,1745223420,short,1871.4,1870.1091947122302,TAKE_PROFIT_HARD,64.54
L1,1745224080,1745224380,short,1871.7,1870.4091947122301,TAKE_PROFIT_HARD,64.54
L1,1745228760,1745228820,long,1864.9,1866.19080528777,TAKE_PROFIT_HARD,64.54
L1,1745229240,1745229300,long,1865.7,1866.99080528777,TAKE_PROFIT_HARD,64.54
L1,1745265480,1745265660,short,1854.8,1856.10100919142,STOP_LOSS_HARD,-65.05
L1,1745265720,1745267880,short,1856.3,1855.00919471223,TAKE_PROFIT_HARD,64.54
L1,1745290320,1745290440,short,1870.8,1872.10100919142,STOP_LOSS_HARD,-65.05
L1,1745300400,1745301480,short,1870.9,1869.6091947122302,TAKE_PROFIT_HARD,64.54
L1,1745301720,1745301960,short,1870.4,1869.1,TAKE_PROFIT_HARD,65.0
L1,1745305800,1745306700,long,1865.8,1867.0908052877699,TAKE_PROFIT_HARD,64.54
L1,1745307480,1745308020,long,1865.0,1866.29080528777,TAKE_PROFIT_HARD,64.54
L1,1745308440,1745308620,long,1865.5,1864.19899080858,STOP_LOSS_HARD,-65.05
L1,1745310720,1745310840,short,1870.9,1869.6091947122302,TAKE_PROFIT_HARD,64.54
L1,1745311800,1745311800,short,1870.5,1871.80100919142,STOP_LOSS_HARD,-65.05
L1,1745325480,1745325660,long,1901.3,1899.99899080858,STOP_LOSS_HARD,-65.05
L1,1745338080,1745338260,long,1901.7,1900.39899080858,STOP_LOSS_HARD,-65.05
L1,1745358960,1745359620,short,1928.0,1929.30100919142,STOP_LOSS_HARD,-65.05
L1,1745392320,1745392560,short,1946.8,1948.10100919142,STOP_LOSS_HARD,-65.05
L1,1745396040,1745396940,short,1946.9,1945.6091947122302,TAKE_PROFIT_HARD,64.54
L1,1745397120,1745397180,short,1947.2,1948.50100919142,STOP_LOSS_HARD,-65.05
L1,1745435160,1745435400,short,1928.7,1927.4091947122301,TAKE_PROFIT_HARD,64.54
L1,1745435520,1745436180,short,1928.4,1929.70100919142,STOP_LOSS_HARD,-65.05
L1,1745437440,1745438280,short,1928.0,1929.5,STOP_LOSS_HARD,-75.0
L1,1745440800,1745442660,short,1928.4,1929.70100919142,STOP_LOSS_HARD,-65.05
L1,1745443920,1745444280,short,1928.1,1929.6,STOP_LOSS_HARD,-75.0
L1,1745444880,1745445240,short,1928.2,1926.8,TAKE_PROFIT_HARD,70.0
L1,1745454720,1745454840,long,1919.1,1920.3908052877698,TAKE_PROFIT_HARD,64.54
L1,1745460840,1745461080,long,1918.9,1920.19080528777,TAKE_PROFIT_HARD,64.54
L1,1745466360,1745466420,long,1917.2,1918.5,TAKE_PROFIT_HARD,65.0
L1,1745467200,1745467320,long,1918.5,1919.79080528777,TAKE_PROFIT_HARD,64.54
L1,1745467560,1745467620,long,1919.1,1917.7,STOP_LOSS_HARD,-70.0
L1,1745476560,1745476800,long,1918.8,1920.0908052877699,TAKE_PROFIT_HARD,64.54
L1,1745480280,1745480340,long,1919.1,1917.79899080858,STOP_LOSS_HARD,-65.05
L1,1745486880,1745486940,short,1928.7,1930.00100919142,STOP_LOSS_HARD,-65.05
L1,1745498520,1745498520,long,1959.1,1960.3908052877698,TAKE_PROFIT_HARD,64.54
L1,1745499960,1745500140,long,1960.2,1958.89899080858,STOP_LOSS_HARD,-65.05
L1,1745500200,1745500200,long,1959.0,1960.29080528777,TAKE_PROFIT_HARD,64.54
L1,1745503680,1745503980,long,1962.2,1960.89899080858,STOP_LOSS_HARD,-65.05
L1,1745504760,1745505000,long,1959.2,1960.49080528777,TAKE_PROFIT_HARD,64.54
L1,1745521440,1745521980,long,1963.7,1964.99080528777,TAKE_PROFIT_HARD,64.54
L1,1745522160,1745522460,long,1963.7,1964.99080528777,TAKE_PROFIT_HARD,64.54
L1,1745523600,1745523960,long,1963.4,1964.69080528777,TAKE_PROFIT_HARD,64.54
L1,1745524320,1745526420,long,1962.9,1964.19080528777,TAKE_PROFIT_HARD,64.54
L1,1745531400,1745531940,long,1963.4,1961.9,STOP_LOSS_HARD,-75.0
L1,1745533320,1745534760,long,1959.8,1958.49899080858,STOP_LOSS_HARD,-65.05
L1,1745537040,1745537460,long,1960.0,1961.29080528777,TAKE_PROFIT_HARD,64.54
L1,1745540880,1745542020,long,1962.6,1963.8908052877698,TAKE_PROFIT_HARD,64.54
L1,1745542320,1745546820,long,1963.0,1964.5,TAKE_PROFIT_HARD,75.0
L1,1745547360,1745547660,long,1962.8,1961.49899080858,STOP_LOSS_HARD,-65.05
L1,1745549040,1745549400,long,1963.4,1964.69080528777,TAKE_PROFIT_HARD,64.54
L1,1745551200,1745551320,long,1959.3,1960.5908052877699,TAKE_PROFIT_HARD,64.54
L1,1745551560,1745551560,long,1959.7,1960.99080528777,TAKE_PROFIT_HARD,64.54
L1,1745551800,1745551980,long,1960.0,1958.69899080858,STOP_LOSS_HARD,-65.05
L1,1745553240,1745553420,long,1962.0,1963.3,TAKE_PROFIT_HARD,65.0
L1,1745553840,1745553960,long,1962.4,1963.69080528777,TAKE_PROFIT_HARD,64.54
L1,1745556120,1745556780,long,1960.2,1961.49080528777,TAKE_PROFIT_HARD,64.54
L1,1745556960,1745557080,long,1959.9,1958.59899080858,STOP_LOSS_HARD,-65.05
L1,1745567400,1745567700,short,1946.3,1947.60100919142,STOP_LOSS_HARD,-65.05
L1,1745572080,1745572320,short,1946.2,1947.50100919142,STOP_LOSS_HARD,-65.05
L1,1745586960,1745587020,long,1960.1,1961.3908052877698,TAKE_PROFIT_HARD,64.54
L1,1745588160,1745588280,long,1963.7,1962.39899080858,STOP_LOSS_HARD,-65.05
L1,1745593680,1745593740,long,1960.0,1958.69899080858,STOP_LOSS_HARD,-65.05
L1,1745597040,1745597040,long,1963.6,1962.29899080858,STOP_LOSS_HARD,-65.05
L1,1745597640,1745597700,long,1963.5,1964.79080528777,TAKE_PROFIT_HARD,64.54
L1,1745776800,1745776800,long,1962.7,1960.8,STOP_LOSS_HARD,-95.0
L1,1745791680,1745792640,short,1946.4,1947.70100919142,STOP_LOSS_HARD,-65.05
L1,1745793360,1745794560,short,1946.5,1945.20919471223,TAKE_PROFIT_HARD,64.54
L1,1745795400,1745800080,short,1945.7,1947.00100919142,STOP_LOSS_HARD,-65.05
L1,1745852760,1745852820,long,1963.6,1964.8908052877698,TAKE_PROFIT_HARD,64.54
L1,1745853240,1745853300,long,1963.1,1964.3908052877698,TAKE_PROFIT_HARD,64.54
L1,1745877720,1745880120,short,1974.9,1973.6091947122302,TAKE_PROFIT_HARD,64.54
L1,1745896920,1745897160,short,1974.9,1976.20100919142,STOP_LOSS_HARD,-65.05
L1,1745899680,1745899860,short,1975.5,1974.20919471223,TAKE_PROFIT_HARD,64.54
L1,1745904120,1745904240,short,1975.0,1973.70919471223,TAKE_PROFIT_HARD,64.54
L1,1745904960,1745906940,short,1975.6,1974.30919471223,TAKE_PROFIT_HARD,64.54
L1,1745907240,1745908380,short,1975.2,1973.9091947122301,TAKE_PROFIT_HARD,64.54
L1,1745923920,1745923920,long,1963.6,1964.8908052877698,TAKE_PROFIT_HARD,64.54
L1,1745928960,1745929200,long,1977.6,1978.8908052877698,TAKE_PROFIT_HARD,64.54
L1,1745929440,1745929500,long,1978.1,1976.79899080858,STOP_LOSS_HARD,-65.05
L1,1745929920,1745929980,long,1977.9,1979.19080528777,TAKE_PROFIT_HARD,64.54
L1,1745931240,1745931300,long,1977.0,1975.69899080858,STOP_LOSS_HARD,-65.05
L1,1745932080,1745932200,short,1975.3,1974.00919471223,TAKE_PROFIT_HARD,64.54
L1,1745933760,1745933940,short,1983.7,1985.00100919142,STOP_LOSS_HARD,-65.05
L1,1745941800,1745941920,short,1982.8,1981.50919471223,TAKE_PROFIT_HARD,64.54
L1,1745942040,1745942040,short,1983.0,1984.30100919142,STOP_LOSS_HARD,-65.05
L1,1745943240,1745943660,short,1982.9,1984.20100919142,STOP_LOSS_HARD,-65.05
L1,1745954520,1745954760,short,1983.2,1981.9091947122301,TAKE_PROFIT_HARD,64.54
L1,1745955120,1745956860,short,1982.7,1981.4091947122301,TAKE_PROFIT_HARD,64.54
L1,1745963160,1745967720,long,1978.0,1976.69899080858,STOP_LOSS_HARD,-65.05
L1,1745975040,1745975940,long,1978.2,1976.8,STOP_LOSS_HARD,-70.0
L1,1745976960,1745978400,long,1977.7,1978.99080528777,TAKE_PROFIT_HARD,64.54
L1,1745983200,1745983860,short,1982.8,1981.50919471223,TAKE_PROFIT_HARD,64.54
L1,1745985360,1745985720,short,1983.1,1981.80919471223,TAKE_PROFIT_HARD,64.54
L1,1745986200,1745986380,short,1982.9,1984.20100919142,STOP_LOSS_HARD,-65.05
L1,1745988360,1745988720,short,1982.8,1984.10100919142,STOP_LOSS_HARD,-65.05
L1,1745994840,1745996400,short,1983.0,1984.30100919142,STOP_LOSS_HARD,-65.05
L1,1745998800,1745999580,short,1982.7,1981.4091947122301,TAKE_PROFIT_HARD,64.54
L1,1746002040,1746002040,long,1963.3,1961.99899080858,STOP_LOSS_HARD,-65.05
L1,1746009240,1746009300,short,1945.9,1944.6091947122302,TAKE_PROFIT_HARD,64.54
L1,1746021600,1746021720,long,1963.2,1961.89899080858,STOP_LOSS_HARD,-65.05
L1,1746026280,1746026520,long,1963.7,1964.99080528777,TAKE_PROFIT_HARD,64.54
L1,1746078000,1746078540,long,1978.0,1979.29080528777,TAKE_PROFIT_HARD,64.54
L1,1746080880,1746081060,long,1977.9,1976.59899080858,STOP_LOSS_HARD,-65.05
L1,1746086520,1746087060,long,1978.1,1979.3908052877698,TAKE_PROFIT_HARD,64.54
L1,1746088080,1746088200,long,1977.9,1976.59899080858,STOP_LOSS_HARD,-65.05
L1,1746097080,1746097080,long,1995.7,1996.99080528777,TAKE_PROFIT_HARD,64.54
L1,1746097920,1746097980,long,1995.3,1996.5908052877699,TAKE_PROFIT_HARD,64.54
L1,1746108360,1746108360,short,1982.7,1984.00100919142,STOP_LOSS_HARD,-65.05
L1,1746114600,1746114600,long,1996.0,1994.69899080858,STOP_LOSS_HARD,-65.05
L1,1746117600,1746117900,short,1982.8,1981.50919471223,TAKE_PROFIT_HARD,64.54
L1,1746118080,1746118740,short,1982.9,1983.0,END_OF_DAY,-5.0
L1,1746122520,1746122520,short,1983.1,1981.80919471223,TAKE_PROFIT_HARD,64.54
L1,1746123240,1746123420,short,1982.9,1984.4,STOP_LOSS_HARD,-75.0
L1,1746128160,1746128700,short,1983.0,1981.70919471223,TAKE_PROFIT_HARD,64.54
L1,1746129360,1746130080,short,1983.4,1982.1091947122302,TAKE_PROFIT_HARD,64.54
L1,1746130440,1746130500,short,1983.5,1984.80100919142,STOP_LOSS_HARD,-65.05
L1,1746134400,1746134400,short,2007.2,2008.50100919142,STOP_LOSS_HARD,-65.05
L1,1746151440,1746151560,short,2006.2,2007.50100919142,STOP_LOSS_HARD,-65.05
L1,1746159360,1746159720,short,2005.9,2004.6091947122302,TAKE_PROFIT_HARD,64.54
L1,1746160440,1746160980,short,2006.0,2004.70919471223,TAKE_PROFIT_HARD,64.54
L1,1746188640,1746188940,long,2030.7,2029.39899080858,STOP_LOSS_HARD,-65.05
L1,1746190800,1746190800,long,2030.7,2029.39899080858,STOP_LOSS_HARD,-65.05
L1,1746394920,1746395400,long,2006.1,2004.79899080858,STOP_LOSS_HARD,-65.05
L1,1746403320,1746403680,long,2006.4,2005.09899080858,STOP_LOSS_HARD,-65.05
L1,1746407400,1746410400,long,2006.0,2007.29080528777,TAKE_PROFIT_HARD,64.54
L1,1746412800,1746413100,short,2009.8,2008.50919471223,TAKE_PROFIT_HARD,64.54
L1,1746421560,1746422460,long,2005.9,2007.2,TAKE_PROFIT_HARD,65.0
L1,1746424320,1746424800,short,2009.8,2008.50919471223,TAKE_PROFIT_HARD,64.54
L1,1746427920,1746429180,short,2009.7,2011.00100919142,STOP_LOSS_HARD,-65.05
L1,1746429240,1746430200,short,2011.1,2009.80919471223,TAKE_PROFIT_HARD,64.54
L1,1746430440,1746430620,short,2010.0,2008.7,TAKE_PROFIT_HARD,65.0
L1,1746430920,1746431040,long,2006.1,2007.3908052877698,TAKE_PROFIT_HARD,64.54
L1,1746432840,1746433560,short,2010.3,2009.00919471223,TAKE_PROFIT_HARD,64.54
L1,1746433920,1746434100,short,2009.8,2008.5,TAKE_PROFIT_HARD,65.0
L1,1746435360,1746436020,short,2009.9,2008.6091947122302,TAKE_PROFIT_HARD,64.54
L1,1746460800,1746460860,short,2011.8,2010.50919471223,TAKE_PROFIT_HARD,64.54
L1,1746461280,1746462300,short,2010.2,2008.9091947122301,TAKE_PROFIT_HARD,64.54
L1,1746462720,1746463500,short,2009.8,2010.8,END_OF_DAY,-50.0
L1,1746464280,1746464340,short,2011.1,2011.2,END_OF_DAY,-5.0
L1,1746468720,1746469920,short,2011.2,2009.9091947122301,TAKE_PROFIT_HARD,64.54
L1,1746471480,1746475200,short,2009.7,2008.4091947122301,TAKE_PROFIT_HARD,64.54
L1,1746475680,1746476220,short,2011.1,2009.80919471223,TAKE_PROFIT_HARD,64.54
L1,1746477000,1746477720,short,2009.8,2008.50919471223,TAKE_PROFIT_HARD,64.54
L1,1746478920,1746480060,short,2009.7,2011.00100919142,STOP_LOSS_HARD,-65.05
L1,1746480240,1746480600,short,2011.2,2009.9091947122301,TAKE_PROFIT_HARD,64.54
L1,1746494760,1746496260,long,2006.2,2004.89899080858,STOP_LOSS_HARD,-65.05
L1,1746500880,1746501480,long,2006.1,2004.79899080858,STOP_LOSS_HARD,-65.05
L1,1746506640,1746507660,short,1994.4,1993.1091947122302,TAKE_PROFIT_HARD,64.54
L1,1746507960,1746508020,short,1993.8,1992.50919471223,TAKE_PROFIT_HARD,64.54
L1,1746512520,1746513300,short,1993.8,1995.10100919142,STOP_LOSS_HARD,-65.05
L1,1746518760,1746519120,short,1993.9,1992.6091947122302,TAKE_PROFIT_HARD,64.54
L1,1746524400,1746524400,short,1995.3,1994.00919471223,TAKE_PROFIT_HARD,64.54
L1,1746529680,1746529860,long,1998.1,1999.3908052877698,TAKE_PROFIT_HARD,64.54
L1,1746543480,1746543660,short,1994.0,1995.30100919142,STOP_LOSS_HARD,-65.05
L1,1746544440,1746544740,short,1994.3,1993.00919471223,TAKE_PROFIT_HARD,64.54
L1,1746545160,1746545400,short,1994.1,1995.40100919142,STOP_LOSS_HARD,-65.05
L1,1746546840,1746546900,short,1994.0,1992.70919471223,TAKE_PROFIT_HARD,64.54
L1,1746563760,1746565200,short,2009.9,2008.6091947122302,TAKE_PROFIT_HARD,64.54
L1,1746565320,1746565440,short,2010.0,2011.30100919142,STOP_LOSS_HARD,-65.05
L1,1746565920,1746566220,short,2010.3,2009.00919471223,TAKE_PROFIT_HARD,64.54
L1,1746569040,1746569220,long,2006.3,2007.5908052877699,TAKE_PROFIT_HARD,64.54
L1,1746569400,1746570300,long,2006.4,2005.09899080858,STOP_LOSS_HARD,-65.05
L1,1746579480,1746579660,long,2006.4,2005.09899080858,STOP_LOSS_HARD,-65.05
L1,1746595440,1746595680,long,2006.3,2007.5908052877699,TAKE_PROFIT_HARD,64.54
L1,1746597840,1746598020,long,2006.3,2007.5908052877699,TAKE_PROFIT_HARD,64.54
L1,1746600840,1746601320,short,2010.4,2009.1091947122302,TAKE_PROFIT_HARD,64.54
L1,1746601440,1746602520,short,2010.1,2008.80919471223,TAKE_PROFIT_HARD,64.54
L1,1746603720,1746604200,long,2005.5,2006.79080528777,TAKE_PROFIT_HARD,64.54
L1,1746605400,1746605520,long,2005.3,2003.99899080858,STOP_LOSS_HARD,-65.05
L1,1746606120,1746606480,long,2005.8,2004.49899080858,STOP_LOSS_HARD,-65.05
L1,1746607800,1746608160,long,2005.4,2004.09899080858,STOP_LOSS_HARD,-65.05
L1,1746615120,1746615120,long,1997.7,1996.39899080858,STOP_LOSS_HARD,-65.05
L1,1746619200,1746619560,long,1998.6,1997.29899080858,STOP_LOSS_HARD,-65.05
L1,1746621480,1746621540,long,1998.3,1999.5908052877699,TAKE_PROFIT_HARD,64.54
L1,1746623880,1746624060,long,2005.5,2004.19899080858,STOP_LOSS_HARD,-65.05
L1,1746640920,1746642360,long,1994.9,1996.19080528777,TAKE_PROFIT_HARD,64.54
L1,1746652560,1746652800,long,2006.2,2007.49080528777,TAKE_PROFIT_HARD,64.54
L1,1746653880,1746654960,long,2006.4,2005.09899080858,STOP_LOSS_HARD,-65.05
L1,1746658560,1746659280,short,2009.7,2011.00100919142,STOP_LOSS_HARD,-65.05
L1,1746659400,1746659760,short,2011.2,2012.50100919142,STOP_LOSS_HARD,-65.05
L1,1746672120,1746672780,short,2010.3,2012.0,STOP_LOSS_HARD,-85.0
L1,1746673680,1746673740,short,2012.5,2011.20919471223,TAKE_PROFIT_HARD,64.54
L1,1746697920,1746698040,short,2010.2,2011.50100919142,STOP_LOSS_HARD,-65.05
L1,1746709560,1746709620,long,2044.2,2045.49080528777,TAKE_PROFIT_HARD,64.54
L1,1746715800,1746715800,long,2043.8,2042.49899080858,STOP_LOSS_HARD,-65.05
L1,1746991200,1746991440,short,2064.7,2066.0010091914196,STOP_LOSS_HARD,-65.05
L1,1747025760,1747026000,long,2093.7,2092.39899080858,STOP_LOSS_HARD,-65.05
L1,1747026720,1747026720,short,2100.0,2101.30100919142,STOP_LOSS_HARD,-65.05
L1,1747028520,1747028760,long,2111.6,2112.89080528777,TAKE_PROFIT_HARD,64.54
L1,1747037040,1747037100,short,2122.2,2120.9091947122297,TAKE_PROFIT_HARD,64.54
L1,1747040880,1747041000,long,2111.4,2112.69080528777,TAKE_PROFIT_HARD,64.54
L1,1747059480,1747059540,short,2099.2,2100.5010091914196,STOP_LOSS_HARD,-65.05
L1,1747061880,1747061940,short,2099.2,2097.9091947122297,TAKE_PROFIT_HARD,64.54
L1,1747063920,1747063980,short,2098.9,2100.20100919142,STOP_LOSS_HARD,-65.05
L1,1747064040,1747064400,short,2100.0,2098.70919471223,TAKE_PROFIT_HARD,64.54
L1,1747076040,1747076640,short,2097.7,2099.0010091914196,STOP_LOSS_HARD,-65.05
L1,1747081920,1747083300,long,2091.9,2090.5989908085803,STOP_LOSS_HARD,-65.05
L1,1747126320,1747126560,long,2111.3,2112.5908052877703,TAKE_PROFIT_HARD,64.54
L1,1747127760,1747127820,long,2111.9,2113.3,TAKE_PROFIT_HARD,70.0
L1,1747128720,1747128720,long,2110.4,2111.69080528777,TAKE_PROFIT_HARD,64.54
L1,1747136400,1747136520,long,2111.2,2112.49080528777,TAKE_PROFIT_HARD,64.54
L1,1747140720,1747141140,long,2111.8,2110.4989908085804,STOP_LOSS_HARD,-65.05
L1,1747141320,1747141680,long,2109.9,2108.5989908085803,STOP_LOSS_HARD,-65.05
L1,1747144560,1747144560,long,2111.8,2110.4989908085804,STOP_LOSS_HARD,-65.05
L1,1747147440,1747147740,long,2111.7,2112.99080528777,TAKE_PROFIT_HARD,64.54
L1,1747217160,1747217160,short,2097.8,2096.50919471223,TAKE_PROFIT_HARD,64.54
L1,1747224960,1747224960,short,2098.5,2097.20919471223,TAKE_PROFIT_HARD,64.54
L1,1747226880,1747227360,long,2092.6,2093.89080528777,TAKE_PROFIT_HARD,64.54
L1,1747228800,1747228800,long,2092.7,2091.39899080858,STOP_LOSS_HARD,-65.05
L1,1747229640,1747229820,long,2091.7,2092.99080528777,TAKE_PROFIT_HARD,64.54
L1,1747234080,1747235220,long,2092.7,2093.99080528777,TAKE_PROFIT_HARD,64.54
L1,1747238160,1747238160,long,2092.7,2091.39899080858,STOP_LOSS_HARD,-65.05
L1,1747310160,1747310280,long,2092.8,2094.0908052877703,TAKE_PROFIT_HARD,64.54
L1,1747314240,1747314600,short,2097.7,2096.4091947122297,TAKE_PROFIT_HARD,64.54
L1,1747315680,1747315800,short,2098.2,2096.9091947122297,TAKE_PROFIT_HARD,64.54
L1,1747316280,1747316640,short,2097.8,2099.10100919142,STOP_LOSS_HARD,-65.05
L1,1747318080,1747318500,short,2097.7,2096.4091947122297,TAKE_PROFIT_HARD,64.54
L1,1747320000,1747320240,short,2098.2,2099.5010091914196,STOP_LOSS_HARD,-65.05
L1,1747387320,1747387500,long,2111.4,2110.0989908085803,STOP_LOSS_HARD,-65.05
L1,1747398360,1747398600,long,2111.7,2112.99080528777,TAKE_PROFIT_HARD,64.54
L1,1747399440,1747399920,long,2111.3,2112.5908052877703,TAKE_PROFIT_HARD,64.54
L1,1747400520,1747400940,long,2111.8,2113.1,TAKE_PROFIT_HARD,65.0
L1,1747414200,1747414200,long,2111.4,2110.0989908085803,STOP_LOSS_HARD,-65.05
L1,1747629360,1747629600,short,2084.9,2083.60919471223,TAKE_PROFIT_HARD,64.54
L1,1747630440,1747630800,short,2084.9,2083.60919471223,TAKE_PROFIT_HARD,64.54
L1,1747632000,1747632600,short,2084.8,2086.10100919142,STOP_LOSS_HARD,-65.05
L1,1747646400,1747646400,short,2084.6,2083.30919471223,TAKE_PROFIT_HARD,64.54
L1,1747824720,1747824720,short,2085.3,2084.00919471223,TAKE_PROFIT_HARD,64.54
L1,1747839360,1747839480,long,2054.7,2055.99080528777,TAKE_PROFIT_HARD,64.54
L1,1747850640,1747850700,long,2053.8,2052.4989908085804,STOP_LOSS_HARD,-65.05
L1,1747859160,1747860420,long,2054.7,2055.99080528777,TAKE_PROFIT_HARD,64.54
L1,1747865640,1747868100,long,2054.7,2053.39899080858,STOP_LOSS_HARD,-65.05
L1,1747871280,1747873860,long,2054.7,2053.2,STOP_LOSS_HARD,-75.0
L1,1747880880,1747881900,long,2054.5,2055.79080528777,TAKE_PROFIT_HARD,64.54
L1,1747884360,1747885020,long,2054.5,2055.8,TAKE_PROFIT_HARD,65.0
L1,1747885800,1747885980,long,2053.9,2052.5989908085803,STOP_LOSS_HARD,-65.05
L1,1747887000,1747887060,long,2054.1,2052.79899080858,STOP_LOSS_HARD,-65.05
L1,1747888080,1747888680,long,2054.0,2055.29080528777,TAKE_PROFIT_HARD,64.54
L1,1747889880,1747890060,long,2054.1,2052.79899080858,STOP_LOSS_HARD,-65.05
L1,1747921080,1747921080,long,2053.9,2055.19080528777,TAKE_PROFIT_HARD,64.54
L1,1747947240,1747947960,long,2054.7,2053.39899080858,STOP_LOSS_HARD,-65.05
L1,1747954440,1747955760,long,2054.7,2053.39899080858,STOP_LOSS_HARD,-65.05
L1,1747976400,1747976580,long,2054.6,2053.29899080858,STOP_LOSS_HARD,-65.05
L1,1748014080,1748014440,long,2043.8,2045.0908052877699,TAKE_PROFIT_HARD,64.54
L1,1748198520,1748198700,long,2060.9,2062.4,TAKE_PROFIT_HARD,75.0
L1,1748202240,1748202660,short,2066.1,2064.80919471223,TAKE_PROFIT_HARD,64.54
L1,1748203800,1748203860,short,2066.0,2064.70919471223,TAKE_PROFIT_HARD,64.54
L1,1748205840,1748206320,short,2066.6,2065.30919471223,TAKE_PROFIT_HARD,64.54
L1,1748207280,1748207520,short,2064.5,2065.80100919142,STOP_LOSS_HARD,-65.05
L1,1748207640,1748208060,short,2066.0,2064.70919471223,TAKE_PROFIT_HARD,64.54
L1,1748208960,1748209200,short,2064.5,2066.0,STOP_LOSS_HARD,-75.0
L1,1748214480,1748215680,short,2065.9,2067.20100919142,STOP_LOSS_HARD,-65.05
L1,1748239440,1748243100,short,2066.7,2065.4091947122297,TAKE_PROFIT_HARD,64.54
L1,1748243400,1748244900,short,2066.1,2067.4010091914197,STOP_LOSS_HARD,-65.05
L1,1748247000,1748248800,short,2066.0,2064.70919471223,TAKE_PROFIT_HARD,64.54
L1,1748249160,1748251500,short,2064.8,2063.50919471223,TAKE_PROFIT_HARD,64.54
L1,1748251920,1748251980,short,2064.7,2066.0010091914196,STOP_LOSS_HARD,-65.05
L1,1748256600,1748257260,long,2061.0,2059.69899080858,STOP_LOSS_HARD,-65.05
L1,1748258640,1748258760,long,2061.1,2062.39080528777,TAKE_PROFIT_HARD,64.54
L1,1748259720,1748261220,short,2065.3,2066.60100919142,STOP_LOSS_HARD,-65.05
L1,1748263440,1748264340,short,2066.0,2067.30100919142,STOP_LOSS_HARD,-65.05
L1,1748283240,1748283600,short,2066.7,2065.4091947122297,TAKE_PROFIT_HARD,64.54
L1,1748295000,1748295840,short,2064.5,2063.20919471223,TAKE_PROFIT_HARD,64.54
L1,1748303160,1748304360,long,2061.0,2062.29080528777,TAKE_PROFIT_HARD,64.54
L1,1748309760,1748310000,short,2064.5,2065.80100919142,STOP_LOSS_HARD,-65.05
L1,1748311320,1748311980,short,2066.2,2067.5010091914196,STOP_LOSS_HARD,-65.05
L1,1748327520,1748327580,long,2078.1,2079.39080528777,TAKE_PROFIT_HARD,64.54
L1,1748327880,1748328540,long,2079.7,2078.39899080858,STOP_LOSS_HARD,-65.05
L1,1748349240,1748349480,short,2089.6,2090.9010091914197,STOP_LOSS_HARD,-65.05
L1,1748351640,1748352000,short,2090.1,2091.4010091914197,STOP_LOSS_HARD,-65.05
L1,1748353320,1748353500,short,2089.8,2091.10100919142,STOP_LOSS_HARD,-65.05
L1,1748396040,1748396760,short,2089.8,2088.50919471223,TAKE_PROFIT_HARD,64.54
L1,1748402640,1748402940,short,2089.7,2088.4091947122297,TAKE_PROFIT_HARD,64.54
L1,1748414040,1748414460,short,2090.5,2091.80100919142,STOP_LOSS_HARD,-65.05
L1,1748420040,1748420400,short,2090.8,2092.10100919142,STOP_LOSS_HARD,-65.05
L1,1748431440,1748431500,long,2079.4,2078.0989908085803,STOP_LOSS_HARD,-65.05
L1,1748442240,1748442780,long,2079.7,2080.99080528777,TAKE_PROFIT_HARD,64.54
L1,1748443440,1748443740,long,2080.0,2078.69899080858,STOP_LOSS_HARD,-65.05
L1,1748445000,1748445240,long,2079.4,2078.0989908085803,STOP_LOSS_HARD,-65.05
L1,1748480040,1748480280,long,2124.7,2125.99080528777,TAKE_PROFIT_HARD,64.54
L1,1748482800,1748482800,long,2127.2,2128.49080528777,TAKE_PROFIT_HARD,64.54
L1,1748484720,1748485020,long,2124.5,2123.19899080858,STOP_LOSS_HARD,-65.05
L1,1748485440,1748485500,long,2124.4,2125.69080528777,TAKE_PROFIT_HARD,64.54
L1,1748486160,1748486400,long,2124.3,2122.9989908085804,STOP_LOSS_HARD,-65.05
L1,1748487840,1748487900,long,2115.7,2116.99080528777,TAKE_PROFIT_HARD,64.54
L1,1748488440,1748488500,long,2115.7,2114.39899080858,STOP_LOSS_HARD,-65.05
L1,1748492760,1748492880,long,2116.1,2114.79899080858,STOP_LOSS_HARD,-65.05
L1,1748514120,1748514120,short,2067.8,2066.50919471223,TAKE_PROFIT_HARD,64.54
L1,1748594280,1748594280,short,2065.9,2064.60919471223,TAKE_PROFIT_HARD,64.54
L1,1748594760,1748594880,short,2065.9,2067.20100919142,STOP_LOSS_HARD,-65.05
L1,1748612160,1748612640,short,2064.5,2063.20919471223,TAKE_PROFIT_HARD,64.54
L1,1748613120,1748613420,short,2066.3,2065.00919471223,TAKE_PROFIT_HARD,64.54
L1,1748613840,1748614020,short,2065.6,2066.9010091914197,STOP_LOSS_HARD,-65.05
L1,1748614080,1748614200,short,2066.9,2068.20100919142,STOP_LOSS_HARD,-65.05
L1,1748623560,1748623920,short,2065.0,2063.70919471223,TAKE_PROFIT_HARD,64.54
L1,1748624160,1748624340,short,2064.5,2064.4,END_OF_DAY,5.0
L1,1748938680,1748939040,long,2078.4,2079.69080528777,TAKE_PROFIT_HARD,64.54
L1,1748940240,1748940420,long,2078.0,2079.29080528777,TAKE_PROFIT_HARD,64.54
L1,1748949120,1748949360,long,2097.5,2096.19899080858,STOP_LOSS_HARD,-65.05
L1,1748955960,1748956200,short,2107.2,2108.5010091914196,STOP_LOSS_HARD,-65.05
L1,1748959680,1748959680,short,2107.4,2106.10919471223,TAKE_PROFIT_HARD,64.54
L1,1748960640,1748960940,short,2107.5,2108.80100919142,STOP_LOSS_HARD,-65.05
L1,1748967240,1748967480,short,2107.2,2105.9091947122297,TAKE_PROFIT_HARD,64.54
L1,1748968800,1748969100,short,2107.2,2107.7,END_OF_DAY,-25.0
L1,1748969760,1748969940,short,2107.2,2106.9,END_OF_DAY,15.0
L1,1748973720,1748975400,short,2107.7,2109.0010091914196,STOP_LOSS_HARD,-65.05
L1,1748987160,1748987400,short,2107.2,2105.9091947122297,TAKE_PROFIT_HARD,64.54
L1,1748996040,1748997480,short,2107.3,2106.00919471223,TAKE_PROFIT_HARD,64.54
L1,1749032400,1749032400,short,2107.2,2105.9091947122297,TAKE_PROFIT_HARD,64.54
L1,1749045000,1749046080,short,2107.4,2106.10919471223,TAKE_PROFIT_HARD,64.54
L1,1749066720,1749067380,long,2097.1,2098.39080528777,TAKE_PROFIT_HARD,64.54
L1,1749109440,1749109620,long,2097.5,2098.79080528777,TAKE_PROFIT_HARD,64.54
L1,1749113040,1749113040,long,2097.3,2095.9989908085804,STOP_LOSS_HARD,-65.05
L1,1749122520,1749122940,short,2107.8,2109.10100919142,STOP_LOSS_HARD,-65.05
L1,1749129120,1749129300,short,2107.9,2109.20100919142,STOP_LOSS_HARD,-65.05
L1,1749134160,1749134220,short,2108.0,2106.70919471223,TAKE_PROFIT_HARD,64.54
L1,1749134400,1749134460,short,2107.8,2106.50919471223,TAKE_PROFIT_HARD,64.54
L1,1749134640,1749134640,short,2107.4,2106.10919471223,TAKE_PROFIT_HARD,64.54
L1,1749134880,1749134940,short,2107.6,2106.30919471223,TAKE_PROFIT_HARD,64.54
L1,1749135120,1749135540,short,2107.4,2106.10919471223,TAKE_PROFIT_HARD,64.54
L1,1749154200,1749154260,short,2107.2,2108.5010091914196,STOP_LOSS_HARD,-65.05
L1,1749155880,1749156360,short,2107.4,2106.10919471223,TAKE_PROFIT_HARD,64.54
L1,1749156840,1749157980,short,2107.7,2109.0010091914196,STOP_LOSS_HARD,-65.05
L1,1749193440,1749193860,short,2108.0,2106.70919471223,TAKE_PROFIT_HARD,64.54
L1,1749194520,1749194700,short,2107.7,2109.0010091914196,STOP_LOSS_HARD,-65.05
L1,1749406080,1749406260,long,2139.1,2137.79899080858,STOP_LOSS_HARD,-65.05
L1,1749478080,1749478320,long,2154.9,2156.19080528777,TAKE_PROFIT_HARD,64.54
L1,1749481680,1749482460,long,2155.3,2153.9989908085804,STOP_LOSS_HARD,-65.05
L1,1749518520,1749518520,long,2153.0,2151.69899080858,STOP_LOSS_HARD,-65.05
L1,1749555600,1749555720,short,2160.5,2159.20919471223,TAKE_PROFIT_HARD,64.54
L1,1749562560,1749562620,short,2161.4,2160.10919471223,TAKE_PROFIT_HARD,64.54
L1,1749562800,1749562800,short,2160.4,2159.10919471223,TAKE_PROFIT_HARD,64.54
L1,1749564360,1749564420,long,2154.4,2155.69080528777,TAKE_PROFIT_HARD,64.54
L1,1749565080,1749565620,long,2154.7,2153.39899080858,STOP_LOSS_HARD,-65.05
L1,1749565680,1749565860,long,2153.3,2154.5908052877703,TAKE_PROFIT_HARD,64.54
L1,1749566040,1749566100,long,2154.5,2155.79080528777,TAKE_PROFIT_HARD,64.54
L1,1749567720,1749567840,short,2160.0,2161.30100919142,STOP_LOSS_HARD,-65.05
L1,1749570600,1749570660,long,2154.8,2156.0908052877703,TAKE_PROFIT_HARD,64.54
L1,1749573720,1749573900,short,2159.9,2159.7,END_OF_DAY,10.0
L1,1749578760,1749580800,short,2160.1,2161.4010091914197,STOP_LOSS_HARD,-65.05
L1,1749588360,1749588780,short,2160.2,2158.9091947122297,TAKE_PROFIT_HARD,64.54
L1,1749615360,1749615540,short,2160.5,2159.20919471223,TAKE_PROFIT_HARD,64.54
L1,1749616440,1749616620,short,2159.9,2161.20100919142,STOP_LOSS_HARD,-65.05
L1,1749616800,1749619320,short,2161.9,2163.20100919142,STOP_LOSS_HARD,-65.05
L1,1749622200,1749622560,short,2160.4,2159.1,TAKE_PROFIT_HARD,65.0
L1,1749623400,1749624240,short,2160.2,2158.9091947122297,TAKE_PROFIT_HARD,64.54
L1,1749624360,1749625200,short,2160.6,2159.30919471223,TAKE_PROFIT_HARD,64.54
L1,1749674880,1749675000,long,2139.5,2138.19899080858,STOP_LOSS_HARD,-65.05
L1,1749676920,1749677040,long,2138.7,2137.39899080858,STOP_LOSS_HARD,-65.05
L1,1749697560,1749697740,long,2138.7,2139.99080528777,TAKE_PROFIT_HARD,64.54
L1,1749698040,1749698760,long,2139.1,2137.79899080858,STOP_LOSS_HARD,-65.05
L1,1749730680,1749730920,long,2138.7,2137.39899080858,STOP_LOSS_HARD,-65.05
L1,1749743640,1749743700,long,2138.7,2139.99080528777,TAKE_PROFIT_HARD,64.54
L1,1749745320,1749746700,long,2139.3,2138.5,END_OF_DAY,-40.0
L1,1749782400,1749782640,long,2091.6,2092.9,TAKE_PROFIT_HARD,65.0
L1,1749803040,1749803280,long,2114.5,2113.19899080858,STOP_LOSS_HARD,-65.05
L1,1749814920,1749815040,short,2121.2,2122.5010091914196,STOP_LOSS_HARD,-65.05
L1,1749819000,1749819120,short,2119.6,2120.9010091914197,STOP_LOSS_HARD,-65.05
L1,1749820440,1749820440,short,2120.1,2118.80919471223,TAKE_PROFIT_HARD,64.54
L1,1749831120,1749833100,short,2103.7,2103.7,END_OF_DAY,0.0
L1,1749833520,1749833880,short,2104.1,2102.80919471223,TAKE_PROFIT_HARD,64.54
L1,1750013280,1750013520,short,2118.9,2117.60919471223,TAKE_PROFIT_HARD,64.54
L1,1750016160,1750016160,short,2119.0,2120.30100919142,STOP_LOSS_HARD,-65.05
L1,1750049520,1750050480,long,2139.5,2138.19899080858,STOP_LOSS_HARD,-65.05
L1,1750054920,1750055700,long,2139.1,2140.39080528777,TAKE_PROFIT_HARD,64.54
L1,1750057680,1750057980,long,2138.7,2137.39899080858,STOP_LOSS_HARD,-65.05
L1,1750059960,1750060320,short,2142.7,2144.0010091914196,STOP_LOSS_HARD,-65.05
L1,1750060680,1750061040,short,2143.0,2141.70919471223,TAKE_PROFIT_HARD,64.54
L1,1750061400,1750061940,short,2142.6,2143.9010091914197,STOP_LOSS_HARD,-65.05
L1,1750064880,1750064940,long,2139.6,2140.89080528777,TAKE_PROFIT_HARD,64.54
L1,1750068480,1750068660,short,2143.5,2144.80100919142,STOP_LOSS_HARD,-65.05
L1,1750073760,1750073820,short,2143.4,2144.70100919142,STOP_LOSS_HARD,-65.05
L1,1750082520,1750083420,short,2143.4,2142.1,TAKE_PROFIT_HARD,65.0
L1,1750096800,1750097220,short,2143.7,2142.3,TAKE_PROFIT_HARD,70.0
L1,1750098840,1750098840,long,2137.7,2138.99080528777,TAKE_PROFIT_HARD,64.54
L1,1750099800,1750099860,long,2132.5,2133.79080528777,TAKE_PROFIT_HARD,64.54
L1,1750107840,1750108020,long,2132.1,2130.79899080858,STOP_LOSS_HARD,-65.05
L1,1750114920,1750114920,long,2132.1,2130.79899080858,STOP_LOSS_HARD,-65.05
L1,1750159920,1750160160,long,2132.2,2133.49080528777,TAKE_PROFIT_HARD,64.54
L1,1750165080,1750165080,long,2131.9,2130.5989908085803,STOP_LOSS_HARD,-65.05
L1,1750177320,1750178700,short,2118.3,2118.2,END_OF_DAY,5.0
L1,1750185720,1750186080,long,2113.0,2111.69899080858,STOP_LOSS_HARD,-65.05
L1,1750194720,1750194840,short,2118.4,2117.10919471223,TAKE_PROFIT_HARD,64.54
L1,1750199280,1750201140,short,2118.2,2116.9091947122297,TAKE_PROFIT_HARD,64.54
L1,1750208640,1750210320,short,2118.3,2119.60100919142,STOP_LOSS_HARD,-65.05
L1,1750228920,1750229040,short,2118.2,2119.6,STOP_LOSS_HARD,-70.0
L1,1750231680,1750231860,short,2118.4,2117.10919471223,TAKE_PROFIT_HARD,64.54
L1,1750232160,1750232580,short,2118.6,2119.9010091914197,STOP_LOSS_HARD,-65.05
L1,1750236840,1750236960,short,2118.6,2117.30919471223,TAKE_PROFIT_HARD,64.54
L1,1750237440,1750237980,short,2118.2,2116.9091947122297,TAKE_PROFIT_HARD,64.54
L1,1750238520,1750238580,short,2119.3,2118.00919471223,TAKE_PROFIT_HARD,64.54
L1,1750241760,1750241760,long,2132.4,2133.69080528777,TAKE_PROFIT_HARD,64.54
L1,1750245120,1750245660,short,2142.7,2141.4091947122297,TAKE_PROFIT_HARD,64.54
L1,1750246080,1750246320,short,2143.3,2142.00919471223,TAKE_PROFIT_HARD,64.54
L1,1750247400,1750247760,short,2143.2,2141.9091947122297,TAKE_PROFIT_HARD,64.54
L1,1750250400,1750250820,short,2143.1,2141.80919471223,TAKE_PROFIT_HARD,64.54
L1,1750251240,1750251480,long,2139.6,2140.89080528777,TAKE_PROFIT_HARD,64.54
L1,1750252920,1750253280,long,2139.3,2137.9989908085804,STOP_LOSS_HARD,-65.05
L1,1750276920,1750277100,long,2132.5,2131.19899080858,STOP_LOSS_HARD,-65.05
L1,1750301880,1750302000,short,2118.5,2119.80100919142,STOP_LOSS_HARD,-65.05
L1,1750303440,1750303440,long,2113.3,2111.9989908085804,STOP_LOSS_HARD,-65.05
L1,1750304640,1750304760,long,2112.7,2111.39899080858,STOP_LOSS_HARD,-65.05
L1,1750305960,1750305960,long,2113.4,2112.0989908085803,STOP_LOSS_HARD,-65.05
L1,1750307040,1750308060,long,2113.0,2111.2,STOP_LOSS_HARD,-90.0
L1,1750312560,1750313580,long,2113.3,2111.9989908085804,STOP_LOSS_HARD,-65.05
L1,1750324440,1750325100,short,2105.0,2106.30100919142,STOP_LOSS_HARD,-65.05
L1,1750334280,1750334280,long,2092.0,2090.69899080858,STOP_LOSS_HARD,-65.05
L1,1750360920,1750361040,short,2118.7,2117.4091947122297,TAKE_PROFIT_HARD,64.54
L1,1750363920,1750363980,short,2119.4,2120.70100919142,STOP_LOSS_HARD,-65.05
L1,1750366080,1750366200,short,2118.6,2117.30919471223,TAKE_PROFIT_HARD,64.54
L1,1750366680,1750367100,short,2118.3,2117.00919471223,TAKE_PROFIT_HARD,64.54
L1,1750368960,1750369200,long,2112.8,2114.0908052877703,TAKE_PROFIT_HARD,64.54
L1,1750372440,1750375980,short,2118.3,2119.60100919142,STOP_LOSS_HARD,-65.05
L1,1750399320,1750400160,long,2132.6,2131.29899080858,STOP_LOSS_HARD,-65.05
L1,1750401240,1750401360,long,2132.6,2133.89080528777,TAKE_PROFIT_HARD,64.54
L1,1750403280,1750403580,long,2139.1,2137.79899080858,STOP_LOSS_HARD,-65.05
L1,1750404600,1750404840,long,2139.1,2140.39080528777,TAKE_PROFIT_HARD,64.54
L1,1750426920,1750426920,short,2120.3,2121.60100919142,STOP_LOSS_HARD,-65.05
L1,1750654320,1750655100,long,2126.2,2124.89899080858,STOP_LOSS_HARD,-65.05
L1,1750676640,1750676820,short,2131.4,2132.70100919142,STOP_LOSS_HARD,-65.05
L1,1750677360,1750677360,short,2132.0,2130.70919471223,TAKE_PROFIT_HARD,64.54
L1,1750682400,1750682400,short,2105.9,2107.20100919142,STOP_LOSS_HARD,-65.05
L1,1750690440,1750690740,long,2137.9,2139.19080528777,TAKE_PROFIT_HARD,64.54
L1,1750705200,1750705200,short,2161.2,2162.5010091914196,STOP_LOSS_HARD,-65.05
L1,1750847160,1750847280,short,2161.0,2159.70919471223,TAKE_PROFIT_HARD,64.54
L1,1750850640,1750850820,short,2156.3,2157.60100919142,STOP_LOSS_HARD,-65.05
L1,1750852320,1750852680,short,2161.3,2160.00919471223,TAKE_PROFIT_HARD,64.54
L1,1750864920,1750865340,short,2161.0,2159.70919471223,TAKE_PROFIT_HARD,64.54
L1,1750866720,1750866720,short,2155.8,2154.50919471223,TAKE_PROFIT_HARD,64.54
L1,1750900440,1750905900,short,2155.8,2157.10100919142,STOP_LOSS_HARD,-65.05
L1,1750909560,1750909740,short,2155.7,2157.0010091914196,STOP_LOSS_HARD,-65.05
L1,1750913040,1750913460,short,2160.9,2159.60919471223,TAKE_PROFIT_HARD,64.54
L1,1750916760,1750917420,short,2156.4,2155.10919471223,TAKE_PROFIT_HARD,64.54
L1,1750921200,1750921260,short,2156.4,2157.9,STOP_LOSS_HARD,-75.0
L1,1750921920,1750922220,short,2160.9,2159.60919471223,TAKE_PROFIT_HARD,64.54
L1,1750922400,1750922640,short,2160.9,2159.60919471223,TAKE_PROFIT_HARD,64.54
L1,1750924680,1750924800,short,2161.3,2160.00919471223,TAKE_PROFIT_HARD,64.54
L1,1750925160,1750925700,short,2161.4,2160.10919471223,TAKE_PROFIT_HARD,64.54
L1,1750928280,1750928520,short,2161.1,2159.80919471223,TAKE_PROFIT_HARD,64.54
L1,1750951320,1750951380,long,2183.0,2184.29080528777,TAKE_PROFIT_HARD,64.54
L1,1750953000,1750953000,long,2182.6,2183.89080528777,TAKE_PROFIT_HARD,64.54
L1,1750995240,1750995300,long,2191.9,2193.19080528777,TAKE_PROFIT_HARD,64.54
L1,1750998600,1750998780,long,2191.5,2192.79080528777,TAKE_PROFIT_HARD,64.54
L1,1750998960,1750999980,long,2191.9,2193.19080528777,TAKE_PROFIT_HARD,64.54
L1,1751013840,1751013900,long,2191.6,2192.89080528777,TAKE_PROFIT_HARD,64.54
L1,1751014800,1751014980,long,2191.9,2193.19080528777,TAKE_PROFIT_HARD,64.54
L1,1751033280,1751033460,long,2190.1,2188.79899080858,STOP_LOSS_HARD,-65.05
L1,1751369640,1751369640,long,2208.8,2210.0908052877703,TAKE_PROFIT_HARD,64.54
L1,1751370240,1751370300,long,2207.1,2208.39080528777,TAKE_PROFIT_HARD,64.54
L1,1751371560,1751371620,long,2222.3,2223.5908052877703,TAKE_PROFIT_HARD,64.54
L1,1751373000,1751373000,short,2235.3,2234.00919471223,TAKE_PROFIT_HARD,64.54
L1,1751379720,1751380920,long,2222.3,2223.5908052877703,TAKE_PROFIT_HARD,64.54
L1,1751384520,1751384820,short,2214.1,2215.4010091914197,STOP_LOSS_HARD,-65.05
L1,1751411520,1751415600,long,2222.4,2223.69080528777,TAKE_PROFIT_HARD,64.54
L1,1751422680,1751422680,short,2235.3,2234.00919471223,TAKE_PROFIT_HARD,64.54
L1,1751423640,1751423700,short,2236.2,2237.5010091914196,STOP_LOSS_HARD,-65.05
L1,1751424000,1751424300,short,2239.5,2238.20919471223,TAKE_PROFIT_HARD,64.54
L1,1751424960,1751425080,short,2236.7,2235.4091947122297,TAKE_PROFIT_HARD,64.54
L1,1751427360,1751427420,long,2229.1,2230.4,TAKE_PROFIT_HARD,65.0
L1,1751427960,1751428200,long,2229.1,2227.79899080858,STOP_LOSS_HARD,-65.05
L1,1751429760,1751429820,long,2228.7,2227.39899080858,STOP_LOSS_HARD,-65.05
L1,1751434680,1751435400,long,2228.9,2230.19080528777,TAKE_PROFIT_HARD,64.54
L1,1751437920,1751438040,short,2234.5,2233.20919471223,TAKE_PROFIT_HARD,64.54
L1,1751441640,1751441880,long,2228.8,2230.0908052877703,TAKE_PROFIT_HARD,64.54
L1,1751442120,1751442480,long,2229.0,2227.6,STOP_LOSS_HARD,-70.0
L1,1751447040,1751447040,short,2214.4,2215.70100919142,STOP_LOSS_HARD,-65.05
L1,1751449080,1751449080,long,2208.5,2209.79080528777,TAKE_PROFIT_HARD,64.54
L1,1751450400,1751450400,short,2215.5,2216.80100919142,STOP_LOSS_HARD,-65.05
L1,1751454600,1751454780,long,2228.3,2226.9989908085804,STOP_LOSS_HARD,-65.05
L1,1751455200,1751455260,long,2228.1,2229.39080528777,TAKE_PROFIT_HARD,64.54
L1,1751455800,1751455800,long,2228.4,2229.69080528777,TAKE_PROFIT_HARD,64.54
L1,1751456760,1751456820,short,2234.7,2233.4091947122297,TAKE_PROFIT_HARD,64.54
L1,1751457120,1751457120,short,2234.7,2233.4091947122297,TAKE_PROFIT_HARD,64.54
L1,1751457840,1751457840,long,2227.6,2226.29899080858,STOP_LOSS_HARD,-65.05
L1,1751460360,1751460360,short,2235.8,2234.50919471223,TAKE_PROFIT_HARD,64.54
L1,1751462280,1751462460,long,2228.1,2229.39080528777,TAKE_PROFIT_HARD,64.54
L1,1751464440,1751464860,short,2235.1,2233.80919471223,TAKE_PROFIT_HARD,64.54
L1,1751465040,1751465160,short,2235.8,2237.10100919142,STOP_LOSS_HARD,-65.05
L1,1751466000,1751466060,short,2241.2,2239.9091947122297,TAKE_PROFIT_HARD,64.54
L1,1751468640,1751468760,short,2239.4,2240.70100919142,STOP_LOSS_HARD,-65.05
L1,1751471160,1751471340,short,2239.6,2238.30919471223,TAKE_PROFIT_HARD,64.54
L1,1751471520,1751471580,short,2239.7,2241.0010091914196,STOP_LOSS_HARD,-65.05
L1,1751612280,1751612400,short,2239.5,2240.80100919142,STOP_LOSS_HARD,-65.05
L1,1751613240,1751613300,short,2239.7,2241.0010091914196,STOP_LOSS_HARD,-65.05
L1,1751617920,1751618580,short,2239.4,2240.70100919142,STOP_LOSS_HARD,-65.05
L1,1751620440,1751620740,short,2239.5,2238.20919471223,TAKE_PROFIT_HARD,64.54
L1,1751622240,1751622600,short,2239.5,2238.20919471223,TAKE_PROFIT_HARD,64.54
L1,1751622840,1751623080,short,2239.7,2238.4091947122297,TAKE_PROFIT_HARD,64.54
L1,1751623320,1751623800,short,2239.5,2238.20919471223,TAKE_PROFIT_HARD,64.54
L1,1751624400,1751625060,short,2239.8,2241.3,STOP_LOSS_HARD,-75.0
L1,1751888640,1751888760,short,2239.4,2238.10919471223,TAKE_PROFIT_HARD,64.54
L1,1751889600,1751889600,short,2239.2,2240.5010091914196,STOP_LOSS_HARD,-65.05
L1,1751894760,1751894760,long,2233.0,2231.69899080858,STOP_LOSS_HARD,-65.05
L1,1751906760,1751907120,long,2222.1,2223.39080528777,TAKE_PROFIT_HARD,64.54
L1,1751912280,1751912520,long,2221.2,2219.89899080858,STOP_LOSS_HARD,-65.05
L1,1751912760,1751913180,short,2220.4,2221.70100919142,STOP_LOSS_HARD,-65.05
L1,1751921640,1751922120,short,2234.5,2233.20919471223,TAKE_PROFIT_HARD,64.54
L1,1751922240,1751923020,long,2233.3,2234.5908052877703,TAKE_PROFIT_HARD,64.54
L1,1751923080,1751924520,short,2234.6,2233.30919471223,TAKE_PROFIT_HARD,64.54
L1,1751924640,1751926740,long,2232.7,2233.99080528777,TAKE_PROFIT_HARD,64.54
L1,1751928840,1751929740,short,2234.7,2233.4091947122297,TAKE_PROFIT_HARD,64.54
L1,1751929800,1751930640,long,2233.4,2234.7,TAKE_PROFIT_HARD,65.0
L1,1751934120,1751934900,long,2233.4,2234.69080528777,TAKE_PROFIT_HARD,64.54
L1,1751946720,1751947020,short,2239.6,2238.30919471223,TAKE_PROFIT_HARD,64.54
L1,1751950080,1751950620,short,2234.7,2236.0010091914196,STOP_LOSS_HARD,-65.05
L1,1751954280,1751954460,short,2234.5,2233.20919471223,TAKE_PROFIT_HARD,64.54
L1,1751954640,1751954760,long,2232.5,2233.79080528777,TAKE_PROFIT_HARD,64.54
L1,1752026400,1752026700,short,2238.6,2237.30919471223,TAKE_PROFIT_HARD,64.54
L1,1752028080,1752029340,short,2238.7,2240.0010091914196,STOP_LOSS_HARD,-65.05
L1,1752134040,1752134400,long,2272.8,2271.4989908085804,STOP_LOSS_HARD,-65.05
L1,1752142440,1752142500,long,2272.6,2273.89080528777,TAKE_PROFIT_HARD,64.54
L1,1752145560,1752145800,short,2282.1,2280.80919471223,TAKE_PROFIT_HARD,64.54
L1,1752147720,1752148200,short,2281.3,2282.60100919142,STOP_LOSS_HARD,-65.05
L1,1752165720,1752165900,short,2281.5,2280.7,END_OF_DAY,40.0
L1,1752170760,1752171540,short,2281.4,2282.70100919142,STOP_LOSS_HARD,-65.05
L1,1752172800,1752174180,short,2281.7,2283.0010091914196,STOP_LOSS_HARD,-65.05
L1,1752177840,1752177900,short,2281.5,2280.20919471223,TAKE_PROFIT_HARD,64.54
L1,1752193800,1752195360,long,2272.6,2271.29899080858,STOP_LOSS_HARD,-65.05
L1,1752431520,1752431640,short,2234.8,2236.10100919142,STOP_LOSS_HARD,-65.05
L1,1752437400,1752437820,short,2235.0,2233.70919471223,TAKE_PROFIT_HARD,64.54
L1,1752465000,1752465180,short,2234.7,2236.0010091914196,STOP_LOSS_HARD,-65.05
L1,1752465960,1752467580,short,2234.5,2235.80100919142,STOP_LOSS_HARD,-65.05
L1,1752497760,1752497820,long,2256.6,2257.89080528777,TAKE_PROFIT_HARD,64.54
L1,1752498000,1752498120,long,2257.4,2258.69080528777,TAKE_PROFIT_HARD,64.54
L1,1752499200,1752499200,long,2257.7,2256.39899080858,STOP_LOSS_HARD,-65.05
L1,1752499920,1752500160,long,2257.6,2258.89080528777,TAKE_PROFIT_HARD,64.54
L1,1752500640,1752500760,long,2257.2,2255.89899080858,STOP_LOSS_HARD,-65.05
L1,1752501480,1752501720,long,2257.3,2258.5908052877703,TAKE_PROFIT_HARD,64.54
L1,1752506520,1752506700,long,2257.6,2258.89080528777,TAKE_PROFIT_HARD,64.54
L1,1752517920,1752519060,long,2257.7,2258.99080528777,TAKE_PROFIT_HARD,64.54
L1,1752519960,1752522780,long,2257.4,2258.7,TAKE_PROFIT_HARD,65.0
L1,1752531120,1752531360,short,2263.9,2262.5,TAKE_PROFIT_HARD,70.0
L1,1752532560,1752532560,long,2257.3,2258.5908052877703,TAKE_PROFIT_HARD,64.54
L1,1752533160,1752533700,long,2257.7,2256.39899080858,STOP_LOSS_HARD,-65.05
L1,1752540600,1752541740,short,2262.9,2264.20100919142,STOP_LOSS_HARD,-65.05
L1,1752547800,1752547920,short,2263.2,2264.5010091914196,STOP_LOSS_HARD,-65.05
L1,1752552960,1752553560,short,2262.8,2264.2,STOP_LOSS_HARD,-70.0
L1,1752566040,1752566640,short,2263.1,2261.80919471223,TAKE_PROFIT_HARD,64.54
L1,1752571680,1752571740,long,2271.6,2270.29899080858,STOP_LOSS_HARD,-65.05
L1,1752586680,1752586860,short,2235.4,2234.10919471223,TAKE_PROFIT_HARD,64.54
L1,1752589320,1752589560,short,2235.8,2234.50919471223,TAKE_PROFIT_HARD,64.54
L1,1752614640,1752615360,long,2215.2,2213.89899080858,STOP_LOSS_HARD,-65.05
L1,1752616560,1752617400,long,2215.2,2213.89899080858,STOP_LOSS_HARD,-65.05
L1,1752618360,1752619320,long,2215.2,2213.89899080858,STOP_LOSS_HARD,-65.05
L1,1752620640,1752623700,long,2215.3,2213.9,STOP_LOSS_HARD,-70.0
L1,1752626280,1752627060,long,2214.9,2213.6,STOP_LOSS_SOFT,-65.0
L1,1752645480,1752646860,short,2220.4,2221.70100919142,STOP_LOSS_HARD,-65.05
L1,1752646920,1752646980,short,2221.9,2220.60919471223,TAKE_PROFIT_HARD,64.54
L1,1752648840,1752649620,short,2221.1,2222.4010091914197,STOP_LOSS_HARD,-65.05
L1,1752650040,1752650700,short,2220.9,2222.20100919142,STOP_LOSS_HARD,-65.05
L1,1752650760,1752650820,short,2222.4,2221.10919471223,TAKE_PROFIT_HARD,64.54
L1,1752651360,1752652020,short,2221.2,2222.5010091914196,STOP_LOSS_HARD,-65.05
L1,1752676440,1752676740,short,2234.5,2235.80100919142,STOP_LOSS_HARD,-65.05
L1,1752676800,1752677040,short,2235.2,2236.5010091914196,STOP_LOSS_HARD,-65.05
L1,1752677400,1752677700,short,2235.3,2236.60100919142,STOP_LOSS_HARD,-65.05
L1,1752693960,1752695160,short,2235.1,2236.4010091914197,STOP_LOSS_HARD,-65.05
L1,1752707880,1752712500,short,2234.7,2233.4091947122297,TAKE_PROFIT_HARD,64.54
L1,1752714240,1752715740,short,2234.9,2236.2,STOP_LOSS_SOFT,-65.0
L1,1752726000,1752728520,short,2234.5,2235.80100919142,STOP_LOSS_HARD,-65.05
L1,1752732120,1752732840,short,2234.8,2233.50919471223,TAKE_PROFIT_HARD,64.54
L1,1752749040,1752749220,long,2257.0,2258.29080528777,TAKE_PROFIT_HARD,64.54
L1,1752750000,1752750180,long,2257.3,2255.9989908085804,STOP_LOSS_HARD,-65.05
L1,1752751920,1752751920,short,2263.6,2264.9010091914197,STOP_LOSS_HARD,-65.05
L1,1752755040,1752755040,short,2263.7,2262.4091947122297,TAKE_PROFIT_HARD,64.54
L1,1752756480,1752756480,short,2262.8,2261.50919471223,TAKE_PROFIT_HARD,64.54
L1,1752759480,1752759960,short,2262.8,2261.50919471223,TAKE_PROFIT_HARD,64.54
L1,1752760320,1752760560,short,2263.0,2261.70919471223,TAKE_PROFIT_HARD,64.54
L1,1752762120,1752762240,short,2263.1,2264.4010091914197,STOP_LOSS_HARD,-65.05
L1,1752790680,1752792540,long,2272.9,2274.19080528777,TAKE_PROFIT_HARD,64.54
L1,1752799680,1752800580,long,2272.6,2273.89080528777,TAKE_PROFIT_HARD,64.54
L1,1752808440,1752809640,long,2271.7,2270.39899080858,STOP_LOSS_HARD,-65.05
L1,1752826920,1752827160,long,2278.3,2279.5908052877703,TAKE_PROFIT_HARD,64.54
L1,1752828120,1752828360,long,2278.3,2279.5908052877703,TAKE_PROFIT_HARD,64.54
L1,1752837960,1752837960,long,2257.4,2258.69080528777,TAKE_PROFIT_HARD,64.54
L1,1752839520,1752839580,short,2263.4,2264.70100919142,STOP_LOSS_HARD,-65.05
L1,1753212480,1753212900,long,2269.7,2268.39899080858,STOP_LOSS_HARD,-65.05
L1,1753214400,1753214460,long,2272.9,2271.5989908085803,STOP_LOSS_HARD,-65.05
L1,1753214640,1753214760,long,2270.2,2268.89899080858,STOP_LOSS_HARD,-65.05
L1,1753220880,1753221000,long,2272.9,2271.5989908085803,STOP_LOSS_HARD,-65.05
L1,1753222320,1753223160,long,2272.6,2271.29899080858,STOP_LOSS_HARD,-65.05
L1,1753224480,1753224900,long,2271.3,2272.5908052877703,TAKE_PROFIT_HARD,64.54
L1,1753241760,1753243860,long,2271.3,2272.5908052877703,TAKE_PROFIT_HARD,64.54
L1,1753244760,1753245840,short,2278.0,2279.30100919142,STOP_LOSS_HARD,-65.05
L1,1753262520,1753262880,short,2277.3,2276.00919471223,TAKE_PROFIT_HARD,64.54
L1,1753285320,1753285620,long,2291.8,2293.0908052877703,TAKE_PROFIT_HARD,64.54
L1,1753287120,1753287240,long,2292.0,2293.29080528777,TAKE_PROFIT_HARD,64.54
L1,1753289640,1753289700,long,2291.3,2292.5908052877703,TAKE_PROFIT_HARD,64.54
L1,1753293720,1753294140,long,2290.7,2291.99080528777,TAKE_PROFIT_HARD,64.54
L1,1753295520,1753296540,long,2291.6,2290.2,STOP_LOSS_HARD,-70.0
L1,1753356600,1753356660,short,2276.5,2275.20919471223,TAKE_PROFIT_HARD,64.54
L1,1753357080,1753357080,long,2272.9,2274.19080528777,TAKE_PROFIT_HARD,64.54
L1,1753358880,1753358940,long,2271.6,2272.89080528777,TAKE_PROFIT_HARD,64.54
L1,1753359840,1753359900,long,2272.0,2270.69899080858,STOP_LOSS_HARD,-65.05
L1,1753359960,1753359960,long,2270.7,2269.39899080858,STOP_LOSS_HARD,-65.05
L1,1753360440,1753360440,long,2271.2,2269.89899080858,STOP_LOSS_HARD,-65.05
L1,1753361040,1753361160,long,2271.3,2269.9989908085804,STOP_LOSS_HARD,-65.05
L1,1753363080,1753364100,long,2272.2,2270.89899080858,STOP_LOSS_HARD,-65.05
L1,1753364160,1753364820,long,2270.9,2272.19080528777,TAKE_PROFIT_HARD,64.54
L1,1753365120,1753365240,long,2272.8,2274.0908052877703,TAKE_PROFIT_HARD,64.54
L1,1753367040,1753367100,long,2270.3,2271.5908052877703,TAKE_PROFIT_HARD,64.54
L1,1753367760,1753368300,long,2271.3,2269.9989908085804,STOP_LOSS_HARD,-65.05
L1,1753370280,1753370460,long,2270.9,2272.19080528777,TAKE_PROFIT_HARD,64.54
L1,1753388040,1753388340,long,2271.3,2272.5908052877703,TAKE_PROFIT_HARD,64.54
L1,1753389720,1753390920,long,2271.3,2272.5908052877703,TAKE_PROFIT_HARD,64.54
L1,1753391160,1753392900,long,2272.7,2273.99080528777,TAKE_PROFIT_HARD,64.54
L1,1753407120,1753408200,long,2270.7,2269.39899080858,STOP_LOSS_HARD,-65.05
L1,1753432920,1753433280,long,2272.6,2271.29899080858,STOP_LOSS_HARD,-65.05
L1,1753433400,1753433580,long,2270.9,2272.19080528777,TAKE_PROFIT_HARD,64.54
L1,1753433880,1753434240,long,2271.2,2269.89899080858,STOP_LOSS_HARD,-65.05
L1,1753434960,1753435140,long,2271.0,2272.29080528777,TAKE_PROFIT_HARD,64.54
L1,1753459320,1753461240,long,2270.4,2271.69080528777,TAKE_PROFIT_HARD,64.54
L1,1753462440,1753462740,long,2271.1,2272.39080528777,TAKE_PROFIT_HARD,64.54
L1,1753704960,1753705200,long,2272.1,2273.39080528777,TAKE_PROFIT_HARD,64.54
L1,1753705560,1753706160,long,2272.7,2271.39899080858,STOP_LOSS_HARD,-65.05
L1,1753708920,1753709040,short,2266.8,2265.50919471223,TAKE_PROFIT_HARD,64.54
L1,1753709520,1753710600,short,2266.7,2265.4091947122297,TAKE_PROFIT_HARD,64.54
L1,1753710720,1753711080,short,2266.1,2264.80919471223,TAKE_PROFIT_HARD,64.54
L1,1753712280,1753712400,short,2265.8,2264.50919471223,TAKE_PROFIT_HARD,64.54
L1,1753713000,1753713480,short,2265.9,2267.20100919142,STOP_LOSS_HARD,-65.05
L1,1753717080,1753717440,short,2266.1,2267.4010091914197,STOP_LOSS_HARD,-65.05
L1,1753754160,1753755240,long,2272.8,2274.0908052877703,TAKE_PROFIT_HARD,64.54
L1,1753756800,1753757820,long,2272.8,2271.4989908085804,STOP_LOSS_HARD,-65.05
L1,1753758360,1753758780,long,2272.5,2273.79080528777,TAKE_PROFIT_HARD,64.54
L1,1753759320,1753759740,long,2272.8,2274.0908052877703,TAKE_PROFIT_HARD,64.54
L1,1753784640,1753784640,long,2271.9,2273.19080528777,TAKE_PROFIT_HARD,64.54
L1,1753785000,1753785060,long,2272.5,2273.79080528777,TAKE_PROFIT_HARD,64.54
L1,1753794600,1753794900,long,2259.7,2260.99080528777,TAKE_PROFIT_HARD,64.54
L1,1753795680,1753795680,long,2259.8,2261.0908052877703,TAKE_PROFIT_HARD,64.54
L1,1753796040,1753796280,long,2259.4,2258.0989908085803,STOP_LOSS_HARD,-65.05
L1,1753801440,1753801740,long,2259.7,2258.39899080858,STOP_LOSS_HARD,-65.05
L1,1753821720,1753822260,long,2259.8,2261.0908052877703,TAKE_PROFIT_HARD,64.54
L1,1753824120,1753824660,long,2259.6,2258.29899080858,STOP_LOSS_HARD,-65.05
L1,1753844040,1753844580,long,2259.9,2258.5989908085803,STOP_LOSS_HARD,-65.05
L1,1753847160,1753847460,long,2258.4,2259.69080528777,TAKE_PROFIT_HARD,64.54
L1,1753848600,1753849200,long,2259.8,2258.4989908085804,STOP_LOSS_HARD,-65.05
L1,1753850400,1753851180,long,2259.8,2261.0908052877703,TAKE_PROFIT_HARD,64.54
L1,1753851480,1753851660,long,2259.8,2261.0908052877703,TAKE_PROFIT_HARD,64.54
L1,1753863120,1753863180,long,2259.2,2260.49080528777,TAKE_PROFIT_HARD,64.54
L1,1753865520,1753865580,short,2265.9,2264.6,TAKE_PROFIT_HARD,65.0
L1,1753874160,1753874520,short,2265.6,2264.30919471223,TAKE_PROFIT_HARD,64.54
L1,1753876800,1753877400,short,2266.3,2267.60100919142,STOP_LOSS_HARD,-65.05
L1,1753878840,1753879020,long,2272.9,2271.5989908085803,STOP_LOSS_HARD,-65.05
L1,1753880280,1753880460,long,2272.7,2273.99080528777,TAKE_PROFIT_HARD,64.54
L1,1753883760,1753884000,long,2272.3,2270.9989908085804,STOP_LOSS_HARD,-65.05
L1,1753920120,1753920540,short,2234.7,2236.0010091914196,STOP_LOSS_HARD,-65.05
L1,1753921200,1753921800,short,2235.4,2234.10919471223,TAKE_PROFIT_HARD,64.54
L1,1753924320,1753924740,short,2235.0,2233.70919471223,TAKE_PROFIT_HARD,64.54
L1,1753925760,1753927260,short,2234.6,2235.9010091914197,STOP_LOSS_HARD,-65.05
L1,1753928280,1753928460,short,2234.5,2233.20919471223,TAKE_PROFIT_HARD,64.54
L1,1753930200,1753931700,long,2232.2,2233.49080528777,TAKE_PROFIT_HARD,64.54
L1,1753940280,1753940400,long,2232.2,2233.49080528777,TAKE_PROFIT_HARD,64.54
L1,1753940880,1753942260,short,2234.5,2233.20919471223,TAKE_PROFIT_HARD,64.54
L1,1753942680,1753944600,short,2234.7,2233.4091947122297,TAKE_PROFIT_HARD,64.54
L1,1753944840,1753945080,long,2231.7,2230.39899080858,STOP_LOSS_HARD,-65.05
L1,1753951920,1753952040,long,2232.2,2230.89899080858,STOP_LOSS_HARD,-65.05
L1,1753954440,1753954440,long,2230.2,2231.49080528777,TAKE_PROFIT_HARD,64.54
L1,1753962360,1753962420,short,2235.1,2233.80919471223,TAKE_PROFIT_HARD,64.54
L1,1753963680,1753963800,short,2235.3,2234.00919471223,TAKE_PROFIT_HARD,64.54
L1,1753964040,1753964160,short,2235.1,2236.4010091914197,STOP_LOSS_HARD,-65.05
L1,1753975800,1753975860,long,2222.0,2223.29080528777,TAKE_PROFIT_HARD,64.54
L1,1754036640,1754036820,short,2192.1,2190.80919471223,TAKE_PROFIT_HARD,64.54
L1,1754041920,1754041920,short,2162.6,2161.30919471223,TAKE_PROFIT_HARD,64.54
L1,1754281320,1754281500,long,2191.4,2190.0989908085803,STOP_LOSS_HARD,-65.05
L1,1754286480,1754287560,long,2191.1,2192.39080528777,TAKE_PROFIT_HARD,64.54
L1,1754288040,1754288160,long,2191.7,2190.39899080858,STOP_LOSS_HARD,-65.05
L1,1754324520,1754325060,short,2223.5,2224.80100919142,STOP_LOSS_HARD,-65.05
L1,1754366640,1754366820,short,2223.8,2222.50919471223,TAKE_PROFIT_HARD,64.54
L1,1754367120,1754367420,short,2223.5,2222.20919471223,TAKE_PROFIT_HARD,64.54
L1,1754367720,1754367900,short,2224.2,2225.6,STOP_LOSS_HARD,-70.0
L1,1754396160,1754396400,short,2222.9,2224.20100919142,STOP_LOSS_HARD,-65.05
L1,1754397840,1754397900,short,2224.2,2222.9091947122297,TAKE_PROFIT_HARD,64.54
L1,1754552280,1754552400,long,2251.1,2252.39080528777,TAKE_PROFIT_HARD,64.54
L1,1754552880,1754553120,long,2251.7,2250.39899080858,STOP_LOSS_HARD,-65.05
L1,1754557080,1754557380,long,2250.8,2252.0908052877703,TAKE_PROFIT_HARD,64.54
L1,1754557560,1754557740,long,2251.7,2252.99080528777,TAKE_PROFIT_HARD,64.54
L1,1754558040,1754558160,long,2251.7,2250.39899080858,STOP_LOSS_HARD,-65.05
L1,1754558400,1754558700,long,2251.6,2250.29899080858,STOP_LOSS_HARD,-65.05
L1,1754577840,1754578020,long,2212.7,2213.99080528777,TAKE_PROFIT_HARD,64.54
L1,1754668320,1754668500,short,2224.2,2225.5010091914196,STOP_LOSS_HARD,-65.05
L1,1755008280,1755008520,short,2285.5,2284.20919471223,TAKE_PROFIT_HARD,64.54
L1,1755058440,1755058500,long,2302.1,2303.39080528777,TAKE_PROFIT_HARD,64.54
L1,1755060000,1755061260,long,2302.3,2303.5908052877703,TAKE_PROFIT_HARD,64.54
L1,1755061680,1755061920,long,2302.4,2303.69080528777,TAKE_PROFIT_HARD,64.54
L1,1755080520,1755080640,long,2313.1,2311.79899080858,STOP_LOSS_HARD,-65.05
L1,1755094200,1755094500,long,2322.0,2323.29080528777,TAKE_PROFIT_HARD,64.54
L1,1755095640,1755095760,short,2325.7,2327.0010091914196,STOP_LOSS_HARD,-65.05
L1,1755096360,1755096540,short,2325.6,2326.9010091914197,STOP_LOSS_HARD,-65.05
L1,1755169440,1755169500,long,2302.2,2300.89899080858,STOP_LOSS_HARD,-65.05
L1,1755183720,1755184020,long,2302.8,2304.0908052877703,TAKE_PROFIT_HARD,64.54
L1,1755187440,1755187560,long,2302.6,2303.89080528777,TAKE_PROFIT_HARD,64.54
L1,1755227640,1755228180,long,2313.0,2314.29080528777,TAKE_PROFIT_HARD,64.54
L1,1755228720,1755229020,long,2313.6,2314.89080528777,TAKE_PROFIT_HARD,64.54
L1,1755231120,1755232140,long,2313.4,2314.69080528777,TAKE_PROFIT_HARD,64.54
L1,1755232320,1755232980,long,2313.4,2312.0989908085803,STOP_LOSS_HARD,-65.05
L1,1755519240,1755519420,long,2302.0,2300.69899080858,STOP_LOSS_HARD,-65.05
L1,1755529560,1755529860,long,2302.7,2301.39899080858,STOP_LOSS_HARD,-65.05
L1,1755530760,1755531060,long,2302.2,2300.89899080858,STOP_LOSS_HARD,-65.05
L1,1755541560,1755542220,long,2302.5,2303.79080528777,TAKE_PROFIT_HARD,64.54
L1,1755542400,1755543060,long,2302.7,2303.99080528777,TAKE_PROFIT_HARD,64.54
L1,1755545520,1755547320,long,2302.7,2301.39899080858,STOP_LOSS_HARD,-65.05
L1,1755597360,1755597420,long,2302.6,2301.29899080858,STOP_LOSS_HARD,-65.05
L1,1755600240,1755600240,long,2301.7,2300.39899080858,STOP_LOSS_HARD,-65.05
L1,1755689400,1755689400,short,2272.3,2271.00919471223,TAKE_PROFIT_HARD,64.54
L1,1755691560,1755691800,long,2266.5,2267.79080528777,TAKE_PROFIT_HARD,64.54
L1,1755692760,1755693060,short,2272.1,2270.80919471223,TAKE_PROFIT_HARD,64.54
L1,1755693960,1755694080,short,2271.7,2270.4091947122297,TAKE_PROFIT_HARD,64.54
L1,1755699720,1755699780,short,2264.0,2265.30100919142,STOP_LOSS_HARD,-65.05
L1,1755700320,1755700380,long,2266.0,2264.69899080858,STOP_LOSS_HARD,-65.05
L1,1755700560,1755700560,long,2266.2,2267.49080528777,TAKE_PROFIT_HARD,64.54
L1,1755701520,1755701640,short,2271.9,2270.6,TAKE_PROFIT_HARD,65.0
L1,1755702360,1755702600,short,2271.8,2273.10100919142,STOP_LOSS_HARD,-65.05
L1,1755721800,1755721920,short,2271.9,2273.4,STOP_LOSS_HARD,-75.0
L1,1755723360,1755724800,short,2272.4,2271.10919471223,TAKE_PROFIT_HARD,64.54
L1,1755738600,1755740400,short,2271.8,2270.50919471223,TAKE_PROFIT_HARD,64.54
L1,1755741120,1755741420,short,2271.7,2273.1,STOP_LOSS_HARD,-70.0
L1,1755748200,1755748800,short,2271.8,2270.50919471223,TAKE_PROFIT_HARD,64.54
L1,1755748920,1755749520,short,2271.8,2270.5,TAKE_PROFIT_HARD,65.0
L1,1755752400,1755752520,long,2265.7,2264.39899080858,STOP_LOSS_HARD,-65.05
L1,1755753240,1755753660,long,2266.2,2267.49080528777,TAKE_PROFIT_HARD,64.54
L1,1755755520,1755756000,long,2266.3,2264.9989908085804,STOP_LOSS_HARD,-65.05
L1,1755758520,1755759000,short,2264.2,2262.9091947122297,TAKE_PROFIT_HARD,64.54
L1,1755762240,1755762420,long,2265.9,2264.5989908085803,STOP_LOSS_HARD,-65.05
L1,1755768360,1755768600,short,2264.0,2262.70919471223,TAKE_PROFIT_HARD,64.54
L1,1755768960,1755768960,long,2266.3,2264.9989908085804,STOP_LOSS_HARD,-65.05
L1,1755769200,1755769200,short,2264.8,2263.50919471223,TAKE_PROFIT_HARD,64.54
L1,1755779400,1755779400,short,2272.1,2273.4010091914197,STOP_LOSS_HARD,-65.05
L1,1755780600,1755780660,short,2272.9,2274.20100919142,STOP_LOSS_HARD,-65.05
L1,1755781440,1755781500,short,2271.7,2273.0010091914196,STOP_LOSS_HARD,-65.05
L1,1755782040,1755782160,short,2272.3,2271.00919471223,TAKE_PROFIT_HARD,64.54
L1,1755864840,1755864900,long,2370.5,2371.79080528777,TAKE_PROFIT_HARD,64.54
L1,1755879600,1755879840,long,2370.8,2372.0908052877703,TAKE_PROFIT_HARD,64.54
L1,1755880080,1755881100,long,2371.4,2370.6,END_OF_DAY,-40.0
L1,1756135560,1756135740,short,2349.3,2348.00919471223,TAKE_PROFIT_HARD,64.54
L1,1756137600,1756137780,long,2343.8,2345.0908052877703,TAKE_PROFIT_HARD,64.54
L1,1756349880,1756350240,long,2390.3,2391.5908052877703,TAKE_PROFIT_HARD,64.54
L1,1756353480,1756353660,short,2396.2,2394.9091947122297,TAKE_PROFIT_HARD,64.54
L1,1756354080,1756355820,short,2396.0,2397.30100919142,STOP_LOSS_HARD,-65.05
L1,1756360080,1756360320,long,2395.9,2397.2,TAKE_PROFIT_HARD,65.0
L1,1756360920,1756361160,long,2396.1,2394.79899080858,STOP_LOSS_HARD,-65.05
L1,1756363440,1756363920,long,2390.0,2391.29080528777,TAKE_PROFIT_HARD,64.54
L1,1756365240,1756368000,long,2390.0,2391.29080528777,TAKE_PROFIT_HARD,64.54
L1,1756372680,1756372860,long,2390.3,2391.5908052877703,TAKE_PROFIT_HARD,64.54
L1,1756373400,1756373400,long,2389.8,2388.4989908085804,STOP_LOSS_HARD,-65.05
L1,1756794720,1756795020,long,2348.0,2349.29080528777,TAKE_PROFIT_HARD,64.54
L1,1756804320,1756804440,short,2334.9,2336.20100919142,STOP_LOSS_HARD,-65.05
L1,1756814400,1756814400,short,2334.7,2336.0010091914196,STOP_LOSS_HARD,-65.05
L1,1756820280,1756820340,long,2348.5,2349.79080528777,TAKE_PROFIT_HARD,64.54
L1,1756821960,1756822200,long,2348.9,2347.5989908085803,STOP_LOSS_HARD,-65.05
L1,1756828200,1756828200,short,2354.6,2355.9010091914197,STOP_LOSS_HARD,-65.05
L1,1756840800,1756841400,long,2349.0,2350.29080528777,TAKE_PROFIT_HARD,64.54
L1,1756843080,1756844460,long,2348.7,2347.39899080858,STOP_LOSS_HARD,-65.05
L1,1756872480,1756872540,long,2349.0,2350.29080528777,TAKE_PROFIT_HARD,64.54
L1,1756877880,1756878900,short,2354.6,2353.30919471223,TAKE_PROFIT_HARD,64.54
L1,1756879680,1756880280,short,2354.8,2353.50919471223,TAKE_PROFIT_HARD,64.54
L1,1756881240,1756881360,short,2354.9,2353.60919471223,TAKE_PROFIT_HARD,64.54
L1,1756889760,1756890600,long,2349.0,2350.29080528777,TAKE_PROFIT_HARD,64.54
L1,1756898400,1756898460,short,2354.6,2353.30919471223,TAKE_PROFIT_HARD,64.54
L1,1756903560,1756903620,long,2348.4,2349.69080528777,TAKE_PROFIT_HARD,64.54
L1,1756903800,1756903920,long,2348.8,2347.4989908085804,STOP_LOSS_HARD,-65.05
L1,1756909800,1756909860,long,2348.8,2347.4989908085804,STOP_LOSS_HARD,-65.05
L1,1756914960,1756914960,short,2355.0,2353.70919471223,TAKE_PROFIT_HARD,64.54
L1,1756915320,1756915620,short,2355.7,2357.0010091914196,STOP_LOSS_HARD,-65.05
L1,1756960680,1756962180,short,2355.3,2356.60100919142,STOP_LOSS_HARD,-65.05
L1,1757088960,1757089980,long,2394.0,2392.6,STOP_LOSS_HARD,-70.0
L1,1757518320,1757518560,short,2373.7,2372.4091947122297,TAKE_PROFIT_HARD,64.54
L1,1757588880,1757589240,long,2409.4,2410.69080528777,TAKE_PROFIT_HARD,64.54
L1,1757590800,1757590920,long,2412.1,2410.79899080858,STOP_LOSS_HARD,-65.05
L1,1757591280,1757591400,long,2409.3,2410.5908052877703,TAKE_PROFIT_HARD,64.54
L1,1757597160,1757597280,short,2418.8,2417.50919471223,TAKE_PROFIT_HARD,64.54
L1,1757597520,1757597700,short,2418.5,2419.80100919142,STOP_LOSS_HARD,-65.05
L1,1757600760,1757600760,short,2418.5,2417.20919471223,TAKE_PROFIT_HARD,64.54
L1,1757604000,1757604540,short,2419.1,2420.4010091914197,STOP_LOSS_HARD,-65.05
L1,1757604960,1757605200,short,2423.7,2422.4091947122297,TAKE_PROFIT_HARD,64.54
L1,1757606280,1757606340,short,2423.5,2422.20919471223,TAKE_PROFIT_HARD,64.54
L1,1757614080,1757614440,short,2418.5,2417.2,TAKE_PROFIT_HARD,65.0
L1,1757618160,1757620800,short,2418.8,2417.50919471223,TAKE_PROFIT_HARD,64.54
L1,1757622480,1757622960,short,2418.5,2417.20919471223,TAKE_PROFIT_HARD,64.54
L1,1757644800,1757645820,long,2413.0,2414.3,TAKE_PROFIT_HARD,65.0
L1,1757650080,1757650380,long,2412.6,2411.29899080858,STOP_LOSS_HARD,-65.05
L1,1757650680,1757650800,long,2409.2,2410.49080528777,TAKE_PROFIT_HARD,64.54
L1,1757651040,1757651100,long,2409.2,2410.49080528777,TAKE_PROFIT_HARD,64.54
L1,1757661600,1757661840,long,2413.0,2414.29080528777,TAKE_PROFIT_HARD,64.54
L1,1757664000,1757664480,long,2413.0,2411.69899080858,STOP_LOSS_HARD,-65.05
L1,1757665080,1757665860,long,2412.3,2410.9989908085804,STOP_LOSS_HARD,-65.05
L1,1757688840,1757688960,long,2409.5,2408.19899080858,STOP_LOSS_HARD,-65.05
L1,1757874240,1757878260,long,2419.2,2417.89899080858,STOP_LOSS_HARD,-65.05
L1,1757905080,1757905200,short,2422.9,2421.60919471223,TAKE_PROFIT_HARD,64.54
L1,1757907240,1757907660,short,2423.2,2421.9091947122297,TAKE_PROFIT_HARD,64.54
L1,1757908560,1757908860,short,2423.3,2422.00919471223,TAKE_PROFIT_HARD,64.54
L1,1757909400,1757909940,short,2424.3,2425.60100919142,STOP_LOSS_HARD,-65.05
L1,1757910960,1757915100,short,2424.8,2423.50919471223,TAKE_PROFIT_HARD,64.54
L1,1757915280,1757915460,short,2424.3,2425.60100919142,STOP_LOSS_HARD,-65.05
L1,1757918880,1757921700,short,2424.3,2423.0,TAKE_PROFIT_HARD,65.0
L1,1757922360,1757923140,short,2423.1,2424.4010091914197,STOP_LOSS_HARD,-65.05
L1,1757928720,1757928720,short,2425.0,2423.70919471223,TAKE_PROFIT_HARD,64.54
L1,1757931720,1757931720,short,2425.7,2427.0010091914196,STOP_LOSS_HARD,-65.05
L1,1757936280,1757936460,short,2424.9,2426.20100919142,STOP_LOSS_HARD,-65.05
L1,1757936880,1757937240,short,2425.0,2426.30100919142,STOP_LOSS_HARD,-65.05
L1,1757938080,1757938080,short,2425.0,2426.30100919142,STOP_LOSS_HARD,-65.05
L1,1757943240,1757943300,short,2425.0,2426.30100919142,STOP_LOSS_HARD,-65.05
L1,1757945760,1757945940,short,2423.3,2424.60100919142,STOP_LOSS_HARD,-65.05
L1,1757946000,1757946300,short,2425.3,2426.60100919142,STOP_LOSS_HARD,-65.05
L1,1757949000,1757949120,short,2424.4,2425.70100919142,STOP_LOSS_HARD,-65.05
L1,1757949480,1757950080,short,2424.7,2423.4091947122297,TAKE_PROFIT_HARD,64.54
L1,1757950440,1757950740,short,2423.0,2421.70919471223,TAKE_PROFIT_HARD,64.54
L1,1757951280,1757951400,short,2425.6,2426.9010091914197,STOP_LOSS_HARD,-65.05
L1,1757954280,1757954700,short,2422.9,2423.5,END_OF_DAY,-30.0
L1,1757962680,1757963460,long,2419.3,2420.6,TAKE_PROFIT_HARD,65.0
L1,1757964360,1757965560,short,2424.8,2423.50919471223,TAKE_PROFIT_HARD,64.54
L1,1757966040,1757966460,short,2424.8,2423.50919471223,TAKE_PROFIT_HARD,64.54
L1,1757967240,1757967300,short,2425.0,2423.70919471223,TAKE_PROFIT_HARD,64.54
L1,1757974320,1757975460,short,2424.9,2426.6,STOP_LOSS_HARD,-85.0
L1,1758007200,1758008100,short,2425.6,2424.30919471223,TAKE_PROFIT_HARD,64.54
L1,1758013080,1758013080,short,2424.9,2426.20100919142,STOP_LOSS_HARD,-65.05
L1,1758013560,1758013560,short,2423.5,2424.80100919142,STOP_LOSS_HARD,-65.05
L1,1758014040,1758014940,short,2423.9,2422.60919471223,TAKE_PROFIT_HARD,64.54
L1,1758018120,1758018120,long,2409.4,2410.69080528777,TAKE_PROFIT_HARD,64.54
L1,1758019320,1758019500,long,2409.5,2410.79080528777,TAKE_PROFIT_HARD,64.54
L1,1758019800,1758019860,long,2409.4,2410.69080528777,TAKE_PROFIT_HARD,64.54
L1,1758031320,1758031740,long,2418.9,2417.5989908085803,STOP_LOSS_HARD,-65.05
L1,1758038640,1758038940,short,2423.3,2424.60100919142,STOP_LOSS_HARD,-65.05
L1,1758039000,1758040080,short,2424.9,2426.20100919142,STOP_LOSS_HARD,-65.05
L1,1758045600,1758045660,short,2424.2,2422.5,TAKE_PROFIT_HARD,85.0
L1,1758045960,1758046860,short,2423.4,2424.70100919142,STOP_LOSS_HARD,-65.05
L1,1758048840,1758049920,short,2424.8,2423.50919471223,TAKE_PROFIT_HARD,64.54
L1,1758051120,1758052800,short,2422.9,2424.20100919142,STOP_LOSS_HARD,-65.05
L1,1758053280,1758053520,short,2424.8,2423.50919471223,TAKE_PROFIT_HARD,64.54
L1,1758055320,1758058440,short,2423.0,2421.7,TAKE_PROFIT_HARD,65.0
L1,1758061440,1758063420,long,2419.2,2420.5,TAKE_PROFIT_HARD,65.0
L1,1758078360,1758079920,short,2423.1,2424.4010091914197,STOP_LOSS_HARD,-65.05
L1,1758080040,1758081900,short,2424.9,2423.60919471223,TAKE_PROFIT_HARD,64.54
L1,1758083040,1758083640,short,2423.3,2422.00919471223,TAKE_PROFIT_HARD,64.54
L1,1758092160,1758092520,long,2418.7,2419.99080528777,TAKE_PROFIT_HARD,64.54
L1,1758092760,1758092880,long,2418.8,2420.0908052877703,TAKE_PROFIT_HARD,64.54
L1,1758095520,1758097680,short,2423.4,2424.70100919142,STOP_LOSS_HARD,-65.05
L1,1758103440,1758103500,long,2440.7,2439.39899080858,STOP_LOSS_HARD,-65.05
L1,1758154080,1758154860,long,2441.4,2442.7,TAKE_PROFIT_HARD,65.0
L1,1758158520,1758158820,long,2440.8,2439.4989908085804,STOP_LOSS_HARD,-65.05
L1,1758169320,1758169440,short,2453.0,2454.30100919142,STOP_LOSS_HARD,-65.05
L1,1758172200,1758172380,long,2463.9,2462.5989908085803,STOP_LOSS_HARD,-65.05
L1,1758174600,1758174900,long,2464.1,2462.79899080858,STOP_LOSS_HARD,-65.05
L1,1758179640,1758179940,long,2464.2,2465.49080528777,TAKE_PROFIT_HARD,64.54
L1,1758180600,1758180720,long,2464.4,2463.0989908085803,STOP_LOSS_HARD,-65.05
L1,1758184920,1758185220,short,2452.8,2451.50919471223,TAKE_PROFIT_HARD,64.54
L1,1758202560,1758202620,long,2484.0,2485.29080528777,TAKE_PROFIT_HARD,64.54
L1,1758203280,1758203400,long,2483.2,2481.89899080858,STOP_LOSS_HARD,-65.05
L1,1758209640,1758209820,long,2482.9,2481.5989908085803,STOP_LOSS_HARD,-65.05
L1,1758210840,1758210840,short,2488.9,2490.20100919142,STOP_LOSS_HARD,-65.05
L1,1758211800,1758211860,short,2489.0,2487.70919471223,TAKE_PROFIT_HARD,64.54
L1,1758212520,1758213900,short,2489.2,2489.9,END_OF_DAY,-35.0
L1,1758218520,1758218700,short,2492.6,2493.9010091914197,STOP_LOSS_HARD,-65.05
L1,1758219120,1758220380,long,2493.9,2492.5989908085803,STOP_LOSS_HARD,-65.05
L1,1758227040,1758228060,long,2493.2,2491.89899080858,STOP_LOSS_HARD,-65.05
L1,1758231360,1758231420,long,2493.7,2494.99080528777,TAKE_PROFIT_HARD,64.54
L1,1758234240,1758237000,long,2493.2,2494.49080528777,TAKE_PROFIT_HARD,64.54
L1,1758240120,1758240180,long,2493.4,2492.0989908085803,STOP_LOSS_HARD,-65.05
L1,1758246840,1758248220,short,2489.3,2487.9,TAKE_PROFIT_HARD,70.0
L1,1758251040,1758251100,long,2482.7,2483.99080528777,TAKE_PROFIT_HARD,64.54
L1,1758252240,1758252240,long,2483.5,2484.79080528777,TAKE_PROFIT_HARD,64.54
L1,1758256560,1758256800,short,2489.1,2487.80919471223,TAKE_PROFIT_HARD,64.54
L1,1758263040,1758263520,long,2483.9,2482.5989908085803,STOP_LOSS_HARD,-65.05
L1,1758264240,1758264960,long,2484.0,2482.69899080858,STOP_LOSS_HARD,-65.05
L1,1758265920,1758266220,long,2483.5,2484.79080528777,TAKE_PROFIT_HARD,64.54
L1,1758269040,1758269160,short,2489.4,2490.70100919142,STOP_LOSS_HARD,-65.05
L1,1758269520,1758270300,short,2489.3,2490.60100919142,STOP_LOSS_HARD,-65.05
L1,1758272760,1758272880,long,2493.7,2494.99080528777,TAKE_PROFIT_HARD,64.54
L1,1758293040,1758293100,long,2464.0,2465.29080528777,TAKE_PROFIT_HARD,64.54
L1,1758293280,1758293640,long,2463.5,2464.79080528777,TAKE_PROFIT_HARD,64.54
L1,1758488040,1758488160,long,2464.4,2463.0989908085803,STOP_LOSS_HARD,-65.05
L1,1758490200,1758490440,long,2464.2,2465.5,TAKE_PROFIT_HARD,65.0
L1,1758507000,1758508500,long,2464.3,2465.6,TAKE_PROFIT_HARD,65.0
L1,1758508920,1758510180,long,2464.0,2465.29080528777,TAKE_PROFIT_HARD,64.54
L1,1758513840,1758514320,long,2463.2,2464.49080528777,TAKE_PROFIT_HARD,64.54
L1,1758514440,1758514620,long,2464.2,2465.49080528777,TAKE_PROFIT_HARD,64.54
L1,1758517560,1758519780,long,2463.9,2462.5,STOP_LOSS_HARD,-70.0
L1,1758536280,1758536280,long,2462.2,2460.89899080858,STOP_LOSS_HARD,-65.05
L1,1758629040,1758629100,short,2497.5,2498.80100919142,STOP_LOSS_HARD,-65.05
L1,1758718440,1758718620,long,2464.1,2462.79899080858,STOP_LOSS_HARD,-65.05
L1,1758718680,1758718860,long,2462.9,2464.19080528777,TAKE_PROFIT_HARD,64.54
L1,1758719880,1758720060,long,2464.0,2462.69899080858,STOP_LOSS_HARD,-65.05
L1,1758783480,1758783540,short,2450.9,2449.60919471223,TAKE_PROFIT_HARD,64.54
L1,1758784440,1758784500,long,2443.7,2444.99080528777,TAKE_PROFIT_HARD,64.54
L1,1758784800,1758784800,long,2444.2,2442.89899080858,STOP_LOSS_HARD,-65.05
L1,1758791040,1758791040,short,2423.3,2424.60100919142,STOP_LOSS_HARD,-65.05
L1,1758868800,1758868920,short,2423.1,2421.80919471223,TAKE_PROFIT_HARD,64.54
L1,1758869760,1758870000,short,2422.9,2424.20100919142,STOP_LOSS_HARD,-65.05
L1,1758890520,1758890640,long,2444.1,2445.39080528777,TAKE_PROFIT_HARD,64.54
L1,1758890760,1758890880,long,2444.1,2445.39080528777,TAKE_PROFIT_HARD,64.54
L1,1758902520,1758905100,short,2451.1,2450.3,END_OF_DAY,40.0
L1,1758905400,1758905760,short,2450.3,2449.00919471223,TAKE_PROFIT_HARD,64.54
L1,1759120200,1759120800,long,2464.3,2465.5908052877703,TAKE_PROFIT_HARD,64.54
L1,1759130040,1759130220,long,2464.5,2465.79080528777,TAKE_PROFIT_HARD,64.54
L1,1759131240,1759132320,long,2464.2,2462.89899080858,STOP_LOSS_HARD,-65.05
L1,1759232760,1759232880,short,2432.0,2430.70919471223,TAKE_PROFIT_HARD,64.54
L1,1759238160,1759238160,short,2431.8,2433.10100919142,STOP_LOSS_HARD,-65.05
L1,1759289040,1759289400,short,2431.0,2432.30100919142,STOP_LOSS_HARD,-65.05
L1,1759389960,1759391280,long,2470.8,2472.0908052877703,TAKE_PROFIT_HARD,64.54
L1,1759391760,1759392300,long,2470.6,2469.29899080858,STOP_LOSS_HARD,-65.05
L1,1759394400,1759394580,long,2470.6,2469.29899080858,STOP_LOSS_HARD,-65.05
L1,1759416960,1759417440,long,2470.0,2471.29080528777,TAKE_PROFIT_HARD,64.54
L1,1759492080,1759492200,short,2505.4,2506.70100919142,STOP_LOSS_HARD,-65.05
L1,1759729080,1759729920,short,2501.6,2502.9010091914197,STOP_LOSS_HARD,-65.05
L1,1759732080,1759732800,short,2501.8,2503.10100919142,STOP_LOSS_HARD,-65.05
L1,1759745760,1759746060,short,2501.6,2502.9010091914197,STOP_LOSS_HARD,-65.05
L1,1759746120,1759746120,short,2502.1,2500.80919471223,TAKE_PROFIT_HARD,64.54
L1,1759749120,1759749120,long,2514.2,2515.49080528777,TAKE_PROFIT_HARD,64.54
L1,1759765560,1759765620,short,2502.0,2500.70919471223,TAKE_PROFIT_HARD,64.54
L1,1759765800,1759765920,short,2501.8,2503.10100919142,STOP_LOSS_HARD,-65.05
L1,1759767960,1759768380,short,2501.6,2503.0,STOP_LOSS_HARD,-70.0
L1,1759818480,1759819560,short,2501.9,2500.60919471223,TAKE_PROFIT_HARD,64.54
L1,1759819920,1759821600,short,2501.5,2500.20919471223,TAKE_PROFIT_HARD,64.54
L1,1759822440,1759823760,short,2502.2,2503.5010091914196,STOP_LOSS_HARD,-65.05
L1,1759841880,1759841880,short,2473.5,2472.20919471223,TAKE_PROFIT_HARD,64.54
L1,1759844640,1759844640,short,2473.1,2474.4010091914197,STOP_LOSS_HARD,-65.05
L1,1759849200,1759849560,short,2473.0,2471.70919471223,TAKE_PROFIT_HARD,64.54
L1,1759865280,1759865400,short,2474.5,2473.20919471223,TAKE_PROFIT_HARD,64.54
L1,1759866240,1759867200,short,2472.6,2471.30919471223,TAKE_PROFIT_HARD,64.54
L1,1759868760,1759868880,short,2472.8,2471.50919471223,TAKE_PROFIT_HARD,64.54
L1,1759919760,1759919820,long,2487.4,2488.69080528777,TAKE_PROFIT_HARD,64.54
L1,1759920360,1759920480,long,2486.9,2488.19080528777,TAKE_PROFIT_HARD,64.54
L1,1759920720,1759920900,long,2486.8,2485.4989908085804,STOP_LOSS_HARD,-65.05
L1,1759921440,1759921560,long,2487.1,2485.79899080858,STOP_LOSS_HARD,-65.05
L1,1759929240,1759929960,short,2501.6,2500.30919471223,TAKE_PROFIT_HARD,64.54
L1,1759940880,1759941900,short,2501.5,2501.2,END_OF_DAY,15.0
L1,1759947360,1759947420,short,2502.4,2501.10919471223,TAKE_PROFIT_HARD,64.54
L1,1759947600,1759947720,short,2501.5,2502.9,STOP_LOSS_HARD,-70.0
L1,1759948560,1759950300,short,2502.4,2501.10919471223,TAKE_PROFIT_HARD,64.54
L1,1759950600,1759950900,short,2501.8,2503.10100919142,STOP_LOSS_HARD,-65.05
L1,1759955400,1759958040,short,2501.5,2500.20919471223,TAKE_PROFIT_HARD,64.54
L1,1760007600,1760007900,long,2487.2,2488.49080528777,TAKE_PROFIT_HARD,64.54
L1,1760008320,1760008380,long,2487.6,2488.89080528777,TAKE_PROFIT_HARD,64.54
L1,1760009040,1760009100,long,2487.3,2488.5908052877703,TAKE_PROFIT_HARD,64.54
L1,1760014320,1760014320,long,2486.7,2485.39899080858,STOP_LOSS_HARD,-65.05
L1,1760016600,1760016660,short,2473.2,2474.5010091914196,STOP_LOSS_HARD,-65.05
L1,1760016720,1760016840,short,2474.4,2475.70100919142,STOP_LOSS_HARD,-65.05
L1,1760035200,1760036400,long,2487.7,2488.99080528777,TAKE_PROFIT_HARD,64.54
L1,1760057160,1760057700,long,2487.9,2486.5,STOP_LOSS_HARD,-70.0
L1,1760067720,1760068500,long,2487.5,2488.79080528777,TAKE_PROFIT_HARD,64.54
L1,1760077560,1760078580,long,2487.1,2488.39080528777,TAKE_PROFIT_HARD,64.54
L1,1760087280,1760087760,long,2487.9,2489.19080528777,TAKE_PROFIT_HARD,64.54
L1,1760087880,1760088060,long,2487.3,2488.5908052877703,TAKE_PROFIT_HARD,64.54
L1,1760088480,1760088540,long,2487.5,2488.79080528777,TAKE_PROFIT_HARD,64.54
L1,1760301000,1760301180,long,2442.7,2443.99080528777,TAKE_PROFIT_HARD,64.54
L1,1760304840,1760304960,short,2448.7,2447.4091947122297,TAKE_PROFIT_HARD,64.54
L1,1760305440,1760307300,short,2448.7,2450.0010091914196,STOP_LOSS_HARD,-65.05
L1,1760307360,1760308500,short,2450.1,2451.4010091914197,STOP_LOSS_HARD,-65.05
L1,1760310360,1760311860,short,2449.4,2448.1,TAKE_PROFIT_HARD,65.0
L1,1760322000,1760322120,short,2449.0,2447.70919471223,TAKE_PROFIT_HARD,64.54
L1,1760331480,1760331600,short,2449.8,2448.50919471223,TAKE_PROFIT_HARD,64.54
L1,1760331720,1760331840,short,2449.9,2448.60919471223,TAKE_PROFIT_HARD,64.54
L1,1760332800,1760332980,short,2448.9,2447.60919471223,TAKE_PROFIT_HARD,64.54
L1,1760333160,1760333280,short,2448.7,2447.4091947122297,TAKE_PROFIT_HARD,64.54
L1,1760336760,1760337240,short,2448.8,2450.10100919142,STOP_LOSS_HARD,-65.05
L1,1760340120,1760340240,long,2442.3,2440.9989908085804,STOP_LOSS_HARD,-65.05
L1,1760345280,1760345460,short,2449.5,2448.20919471223,TAKE_PROFIT_HARD,64.54
L1,1760361120,1760361120,long,2469.2,2467.89899080858,STOP_LOSS_HARD,-65.05
L1,1760365560,1760365800,short,2475.5,2476.80100919142,STOP_LOSS_HARD,-65.05
L1,1760368920,1760369220,short,2475.8,2474.50919471223,TAKE_PROFIT_HARD,64.54
L1,1760370120,1760370120,short,2475.4,2474.10919471223,TAKE_PROFIT_HARD,64.54
L1,1760397960,1760398380,short,2477.1,2475.80919471223,TAKE_PROFIT_HARD,64.54
L1,1760399040,1760399520,short,2477.1,2475.80919471223,TAKE_PROFIT_HARD,64.54
L1,1760404920,1760404980,long,2465.1,2463.79899080858,STOP_LOSS_HARD,-65.05
L1,1760421480,1760421780,short,2449.8,2448.50919471223,TAKE_PROFIT_HARD,64.54
L1,1760429040,1760429160,long,2442.0,2440.69899080858,STOP_LOSS_HARD,-65.05
L1,1760432160,1760432460,long,2442.7,2443.99080528777,TAKE_PROFIT_HARD,64.54
L1,1760443320,1760443560,long,2487.8,2486.4989908085804,STOP_LOSS_HARD,-65.05
L1,1760452680,1760452680,long,2517.7,2516.39899080858,STOP_LOSS_HARD,-65.05
L1,1760461080,1760461140,long,2507.9,2508.9,END_OF_DAY,50.0
L1,1760477400,1760478540,long,2518.5,2517.19899080858,STOP_LOSS_HARD,-65.05
L1,1760508960,1760509020,short,2538.1,2536.80919471223,TAKE_PROFIT_HARD,64.54
L1,1760511000,1760511180,short,2538.4,2539.70100919142,STOP_LOSS_HARD,-65.05
L1,1760515680,1760515800,short,2538.7,2540.1,STOP_LOSS_HARD,-70.0
L1,1760518560,1760518860,short,2538.3,2537.00919471223,TAKE_PROFIT_HARD,64.54
L1,1760520480,1760520480,short,2538.2,2536.9091947122297,TAKE_PROFIT_HARD,64.54
L1,1760551680,1760551740,short,2538.4,2537.1,TAKE_PROFIT_HARD,65.0
L1,1760551920,1760552100,short,2538.4,2539.70100919142,STOP_LOSS_HARD,-65.05
L1,1760552520,1760553240,short,2538.3,2537.00919471223,TAKE_PROFIT_HARD,64.54
L1,1760554800,1760555280,short,2538.4,2536.9,TAKE_PROFIT_HARD,75.0
L1,1760582040,1760583300,short,2538.7,2540.0010091914196,STOP_LOSS_HARD,-65.05
L1,1760586480,1760586540,short,2538.1,2539.5,STOP_LOSS_HARD,-70.0
L1,1760593920,1760595600,long,2544.4,2543.0989908085803,STOP_LOSS_HARD,-65.05
L1,1760596920,1760597160,long,2544.4,2543.0989908085803,STOP_LOSS_HARD,-65.05
L1,1760602200,1760602620,long,2543.0,2544.29080528777,TAKE_PROFIT_HARD,64.54
L1,1760603040,1760603280,long,2543.4,2544.69080528777,TAKE_PROFIT_HARD,64.54
L1,1760629920,1760629920,short,2479.7,2481.0010091914196,STOP_LOSS_HARD,-65.05
L1,1760632440,1760632980,short,2477.2,2478.5010091914196,STOP_LOSS_HARD,-65.05
L1,1760640480,1760640480,short,2477.1,2478.4010091914197,STOP_LOSS_HARD,-65.05
L1,1760645400,1760645580,short,2476.9,2475.6,TAKE_PROFIT_HARD,65.0
L1,1760661960,1760662200,long,2464.9,2466.19080528777,TAKE_PROFIT_HARD,64.54
L1,1760663040,1760663220,long,2465.3,2463.9989908085804,STOP_LOSS_HARD,-65.05
L1,1760663280,1760663400,long,2464.0,2465.29080528777,TAKE_PROFIT_HARD,64.54
L1,1760663520,1760663580,long,2463.8,2462.4989908085804,STOP_LOSS_HARD,-65.05
L1,1760959800,1760959860,short,2501.0,2499.70919471223,TAKE_PROFIT_HARD,64.54
L1,1760960400,1760960460,short,2502.0,2500.70919471223,TAKE_PROFIT_HARD,64.54
L1,1760964000,1760964060,short,2501.5,2502.80100919142,STOP_LOSS_HARD,-65.05
L1,1760964120,1760964300,short,2503.1,2501.80919471223,TAKE_PROFIT_HARD,64.54
L1,1760985000,1760985060,long,2518.3,2516.9989908085804,STOP_LOSS_HARD,-65.05
L1,1760999880,1761000300,long,2518.1,2516.7,STOP_LOSS_HARD,-70.0
L1,1761056640,1761056760,short,2502.3,2503.60100919142,STOP_LOSS_HARD,-65.05
L1,1761060720,1761061260,long,2495.5,2496.79080528777,TAKE_PROFIT_HARD,64.54
L1,1761077160,1761077280,long,2495.7,2494.39899080858,STOP_LOSS_HARD,-65.05
L1,1761077760,1761077820,long,2495.3,2493.9989908085804,STOP_LOSS_HARD,-65.05
L1,1761083520,1761083700,long,2495.4,2496.69080528777,TAKE_PROFIT_HARD,64.54
L1,1761084360,1761084480,long,2495.7,2496.99080528777,TAKE_PROFIT_HARD,64.54
L1,1761091680,1761092400,short,2501.8,2503.10100919142,STOP_LOSS_HARD,-65.05
L1,1761098760,1761099660,short,2502.0,2503.30100919142,STOP_LOSS_HARD,-65.05
L1,1761103800,1761105660,short,2502.1,2500.80919471223,TAKE_PROFIT_HARD,64.54
L1,1761105840,1761106140,short,2501.8,2500.50919471223,TAKE_PROFIT_HARD,64.54
L1,1761109560,1761109920,long,2495.3,2493.9989908085804,STOP_LOSS_HARD,-65.05
L1,1761111000,1761111180,long,2495.4,2496.69080528777,TAKE_PROFIT_HARD,64.54
L1,1761111840,1761112020,long,2495.4,2494.1,STOP_LOSS_SOFT,-65.0
L1,1761117000,1761117000,long,2487.8,2486.4989908085804,STOP_LOSS_HARD,-65.05
L1,1761119280,1761119400,long,2486.6,2487.89080528777,TAKE_PROFIT_HARD,64.54
L1,1761224640,1761224700,long,2488.0,2486.69899080858,STOP_LOSS_HARD,-65.05
L1,1761226080,1761226080,long,2486.5,2487.79080528777,TAKE_PROFIT_HARD,64.54
L1,1761233760,1761234120,long,2495.7,2494.39899080858,STOP_LOSS_HARD,-65.05
L1,1761263400,1761264480,short,2501.6,2500.2,TAKE_PROFIT_HARD,70.0
L1,1761269280,1761270480,short,2502.0,2503.30100919142,STOP_LOSS_HARD,-65.05
L1,1761276720,1761277020,short,2502.3,2503.60100919142,STOP_LOSS_HARD,-65.05
L1,1761279360,1761279600,long,2495.7,2496.99080528777,TAKE_PROFIT_HARD,64.54
L1,1761281280,1761281460,short,2501.9,2500.60919471223,TAKE_PROFIT_HARD,64.54
L1,1761285360,1761286140,short,2501.8,2503.10100919142,STOP_LOSS_HARD,-65.05
L1,1761297600,1761297600,long,2526.0,2527.29080528777,TAKE_PROFIT_HARD,64.54
L1,1761305880,1761306000,short,2532.0,2530.70919471223,TAKE_PROFIT_HARD,64.54
L1,1761306840,1761306900,short,2532.3,2531.00919471223,TAKE_PROFIT_HARD,64.54
L1,1761515640,1761516480,long,2544.4,2543.0989908085803,STOP_LOSS_HARD,-65.05
L1,1761517200,1761518100,long,2544.1,2545.39080528777,TAKE_PROFIT_HARD,64.54
L1,1761572640,1761572700,short,2532.0,2530.70919471223,TAKE_PROFIT_HARD,64.54
L1,1761577920,1761578160,short,2532.5,2531.20919471223,TAKE_PROFIT_HARD,64.54
L1,1761578760,1761579000,short,2532.0,2530.70919471223,TAKE_PROFIT_HARD,64.54
L1,1761594000,1761594960,short,2532.0,2530.70919471223,TAKE_PROFIT_HARD,64.54
L1,1761655680,1761655800,short,2532.7,2531.4091947122297,TAKE_PROFIT_HARD,64.54
L1,1761662160,1761662700,long,2526.0,2524.69899080858,STOP_LOSS_HARD,-65.05
L1,1761736800,1761736800,short,2533.2,2531.9091947122297,TAKE_PROFIT_HARD,64.54
L1,1761739440,1761739500,short,2532.3,2531.00919471223,TAKE_PROFIT_HARD,64.54
L1,1761739680,1761739680,short,2532.2,2533.5010091914196,STOP_LOSS_HARD,-65.05
L1,1761740160,1761740340,short,2532.4,2533.70100919142,STOP_LOSS_HARD,-65.05
L1,1761743640,1761743760,short,2532.7,2534.0010091914196,STOP_LOSS_HARD,-65.05
L1,1761745680,1761745920,short,2533.0,2534.30100919142,STOP_LOSS_HARD,-65.05
L1,1761746400,1761746400,short,2532.1,2533.4010091914197,STOP_LOSS_HARD,-65.05
L1,1761772200,1761772320,short,2510.4,2509.10919471223,TAKE_PROFIT_HARD,64.54
L1,1761774720,1761775320,short,2510.8,2512.10100919142,STOP_LOSS_HARD,-65.05
L1,1761789120,1761789420,short,2511.7,2510.4091947122297,TAKE_PROFIT_HARD,64.54
L1,1761794280,1761794340,short,2510.5,2509.20919471223,TAKE_PROFIT_HARD,64.54
L1,1761798120,1761798480,short,2501.7,2503.0010091914196,STOP_LOSS_HARD,-65.05
L1,1761798840,1761799260,short,2502.5,2501.20919471223,TAKE_PROFIT_HARD,64.54
L1,1761799440,1761799560,short,2502.4,2503.70100919142,STOP_LOSS_HARD,-65.05
L1,1761803400,1761803700,long,2495.2,2496.49080528777,TAKE_PROFIT_HARD,64.54
L1,1761804120,1761804240,long,2495.3,2496.6,TAKE_PROFIT_HARD,65.0
L1,1761806160,1761806280,long,2495.5,2494.19899080858,STOP_LOSS_HARD,-65.05
L1,1761806760,1761807000,long,2495.2,2496.49080528777,TAKE_PROFIT_HARD,64.54
L1,1761811440,1761811500,long,2495.6,2496.89080528777,TAKE_PROFIT_HARD,64.54
L1,1761826320,1761826380,short,2502.2,2503.5010091914196,STOP_LOSS_HARD,-65.05
L1,1761927960,1761928020,long,2487.7,2486.39899080858,STOP_LOSS_HARD,-65.05
L1,1762211760,1762211820,short,2470.3,2469.00919471223,TAKE_PROFIT_HARD,64.54
L1,1762212000,1762212120,short,2470.1,2468.80919471223,TAKE_PROFIT_HARD,64.54
L1,1762240920,1762241100,short,2448.7,2447.4091947122297,TAKE_PROFIT_HARD,64.54
L1,1762242600,1762242720,short,2449.3,2450.60100919142,STOP_LOSS_HARD,-65.05
L1,1762243680,1762243740,short,2449.4,2448.10919471223,TAKE_PROFIT_HARD,64.54
L1,1762252320,1762252320,long,2463.8,2462.4989908085804,STOP_LOSS_HARD,-65.05
L1,1762266360,1762266420,short,2448.9,2447.60919471223,TAKE_PROFIT_HARD,64.54
L1,1762283040,1762283040,long,2433.8,2432.4989908085804,STOP_LOSS_HARD,-65.05
L1,1762284360,1762284360,long,2433.6,2432.29899080858,STOP_LOSS_HARD,-65.05
L1,1762287240,1762287300,short,2428.5,2427.20919471223,TAKE_PROFIT_HARD,64.54
L1,1762294080,1762294440,long,2433.7,2434.99080528777,TAKE_PROFIT_HARD,64.54
L1,1762294800,1762295280,long,2434.4,2435.69080528777,TAKE_PROFIT_HARD,64.54
L1,1762372440,1762372800,short,2470.3,2469.00919471223,TAKE_PROFIT_HARD,64.54
L1,1762379040,1762379100,short,2470.4,2469.10919471223,TAKE_PROFIT_HARD,64.54
L1,1762379400,1762383300,short,2470.2,2468.9091947122297,TAKE_PROFIT_HARD,64.54
L1,1762383600,1762383840,short,2470.1,2468.80919471223,TAKE_PROFIT_HARD,64.54
L1,1762386960,1762387860,short,2469.8,2468.50919471223,TAKE_PROFIT_HARD,64.54
L1,1762388520,1762389060,short,2470.2,2468.9091947122297,TAKE_PROFIT_HARD,64.54
L1,1762396920,1762397040,long,2463.3,2464.5908052877703,TAKE_PROFIT_HARD,64.54
L1,1762398000,1762398060,long,2464.0,2462.69899080858,STOP_LOSS_HARD,-65.05
L1,1762398720,1762398960,long,2464.0,2462.69899080858,STOP_LOSS_HARD,-65.05
L1,1762401360,1762401840,long,2464.0,2465.29080528777,TAKE_PROFIT_HARD,64.54
L1,1762403880,1762404000,short,2470.1,2468.80919471223,TAKE_PROFIT_HARD,64.54
L1,1762404360,1762405080,short,2471.3,2470.0,TAKE_PROFIT_HARD,65.0
L1,1762405800,1762406220,short,2470.0,2471.30100919142,STOP_LOSS_HARD,-65.05
L1,1762420320,1762420800,short,2470.1,2468.80919471223,TAKE_PROFIT_HARD,64.54
L1,1762432320,1762432320,short,2427.9,2429.20100919142,STOP_LOSS_HARD,-65.05
L1,1762443960,1762443960,long,2433.9,2432.5989908085803,STOP_LOSS_HARD,-65.05
L1,1762447800,1762448340,long,2434.4,2434.6,END_OF_DAY,10.0
L1,1762456560,1762456860,long,2433.8,2435.0908052877703,TAKE_PROFIT_HARD,64.54
L1,1762461480,1762461480,short,2428.3,2429.60100919142,STOP_LOSS_HARD,-65.05
L1,1762469280,1762470120,short,2428.1,2426.80919471223,TAKE_PROFIT_HARD,64.54
L1,1762470480,1762470900,short,2427.7,2429.0010091914196,STOP_LOSS_HARD,-65.05
L1,1762474440,1762475820,long,2434.3,2435.5908052877703,TAKE_PROFIT_HARD,64.54
L1,1762486560,1762486740,long,2434.3,2435.5908052877703,TAKE_PROFIT_HARD,64.54
L1,1762489680,1762490160,long,2434.0,2432.69899080858,STOP_LOSS_HARD,-65.05
L1,1762493640,1762493880,short,2427.6,2428.9010091914197,STOP_LOSS_HARD,-65.05
L1,1762494840,1762495260,short,2427.7,2426.4091947122297,TAKE_PROFIT_HARD,64.54
L1,1762501560,1762501620,long,2413.7,2412.39899080858,STOP_LOSS_HARD,-65.05
L1,1762501680,1762501740,long,2412.2,2410.89899080858,STOP_LOSS_HARD,-65.05
L1,1762526640,1762526640,long,2434.4,2435.69080528777,TAKE_PROFIT_HARD,64.54
L1,1762940760,1762940760,short,2483.7,2485.0010091914196,STOP_LOSS_HARD,-65.05
L1,1763041320,1763041320,short,2393.5,2392.20919471223,TAKE_PROFIT_HARD,64.54
L1,1763056800,1763056860,short,2392.6,2393.9010091914197,STOP_LOSS_HARD,-65.05
L1,1763058000,1763058300,short,2393.2,2394.5010091914196,STOP_LOSS_HARD,-65.05
L1,1763074560,1763074980,short,2393.0,2391.70919471223,TAKE_PROFIT_HARD,64.54
L1,1763075520,1763075760,short,2392.5,2391.2,TAKE_PROFIT_HARD,65.0
L1,1763080800,1763081100,short,2393.6,2394.9010091914197,STOP_LOSS_HARD,-65.05
L1,1763082360,1763082900,short,2392.9,2391.60919471223,TAKE_PROFIT_HARD,64.54
L1,1763103480,1763103600,short,2370.9,2372.20100919142,STOP_LOSS_HARD,-65.05
L1,1763316840,1763316960,short,2393.5,2394.80100919142,STOP_LOSS_HARD,-65.05
L1,1763367360,1763367420,short,2392.5,2393.80100919142,STOP_LOSS_HARD,-65.05
L1,1763368080,1763368200,short,2392.8,2391.50919471223,TAKE_PROFIT_HARD,64.54
L1,1763408280,1763408760,long,2344.2,2345.49080528777,TAKE_PROFIT_HARD,64.54
L1,1763409600,1763409660,long,2344.9,2346.19080528777,TAKE_PROFIT_HARD,64.54
L1,1763409840,1763409840,long,2345.0,2346.29080528777,TAKE_PROFIT_HARD,64.54
L1,1763416920,1763417280,long,2344.7,2343.39899080858,STOP_LOSS_HARD,-65.05
L1,1763417640,1763417700,long,2343.6,2344.89080528777,TAKE_PROFIT_HARD,64.54
L1,1763417880,1763418780,long,2344.3,2342.9989908085804,STOP_LOSS_HARD,-65.05
L1,1763500560,1763500860,short,2358.0,2356.70919471223,TAKE_PROFIT_HARD,64.54
L1,1763501280,1763501520,short,2358.2,2359.5010091914196,STOP_LOSS_HARD,-65.05
L1,1763523840,1763523900,short,2358.9,2357.60919471223,TAKE_PROFIT_HARD,64.54
L1,1763524080,1763524140,short,2358.3,2359.60100919142,STOP_LOSS_HARD,-65.05
L1,1763524200,1763524320,short,2358.6,2357.30919471223,TAKE_PROFIT_HARD,64.54
L1,1763525400,1763525520,short,2358.0,2359.30100919142,STOP_LOSS_HARD,-65.05
L1,1763550960,1763550960,short,2359.4,2358.10919471223,TAKE_PROFIT_HARD,64.54
L1,1763584320,1763584980,short,2378.6,2377.1,TAKE_PROFIT_HARD,75.0
L1,1763585640,1763585700,short,2379.3,2377.6,TAKE_PROFIT_HARD,85.0
L1,1763586000,1763586540,short,2378.7,2377.4091947122297,TAKE_PROFIT_HARD,64.54
L1,1763588760,1763589780,short,2378.9,2380.20100919142,STOP_LOSS_HARD,-65.05
L1,1763595840,1763598600,short,2378.7,2377.4091947122297,TAKE_PROFIT_HARD,64.54
L1,1763605320,1763605920,short,2378.8,2380.10100919142,STOP_LOSS_HARD,-65.05
L1,1763606280,1763606340,short,2378.8,2377.50919471223,TAKE_PROFIT_HARD,64.54
L1,1763612400,1763612520,long,2372.5,2371.19899080858,STOP_LOSS_HARD,-65.05
L1,1763617080,1763617440,long,2372.5,2373.79080528777,TAKE_PROFIT_HARD,64.54
L1,1763618520,1763618580,long,2372.6,2371.29899080858,STOP_LOSS_HARD,-65.05
L1,1763631000,1763631000,short,2393.1,2394.4010091914197,STOP_LOSS_HARD,-65.05
L1,1763653560,1763653560,short,2314.3,2313.00919471223,TAKE_PROFIT_HARD,64.54
L1,1763665800,1763666220,short,2314.6,2315.9010091914197,STOP_LOSS_HARD,-65.05
L1,1763692680,1763693100,short,2314.5,2313.20919471223,TAKE_PROFIT_HARD,64.54
L1,1763699880,1763700060,short,2314.0,2312.70919471223,TAKE_PROFIT_HARD,64.54
L1,1763704920,1763704980,short,2313.9,2312.60919471223,TAKE_PROFIT_HARD,64.54
L1,1763743200,1763743500,short,2378.6,2378.8,END_OF_DAY,-10.0
L1,1763744160,1763744340,short,2378.8,2378.4,END_OF_DAY,20.0
L1,1763954400,1763954580,short,2392.8,2391.50919471223,TAKE_PROFIT_HARD,64.54
L1,1763954640,1763954760,short,2392.6,2391.30919471223,TAKE_PROFIT_HARD,64.54
L1,1763990400,1763990520,short,2417.2,2415.9091947122297,TAKE_PROFIT_HARD,64.54
L1,1763991480,1763991720,short,2416.6,2417.9010091914197,STOP_LOSS_HARD,-65.05
L1,1763996760,1763996820,long,2413.7,2414.99080528777,TAKE_PROFIT_HARD,64.54
L1,1763997120,1763997540,short,2417.0,2418.30100919142,STOP_LOSS_HARD,-65.05
L1,1764041400,1764041460,short,2415.1,2413.80919471223,TAKE_PROFIT_HARD,64.54
L1,1764041640,1764041760,short,2415.7,2417.2,STOP_LOSS_HARD,-75.0
L1,1764042720,1764042900,long,2413.5,2412.19899080858,STOP_LOSS_HARD,-65.05
L1,1764043560,1764044700,short,2415.6,2414.30919471223,TAKE_PROFIT_HARD,64.54
L1,1764044880,1764045420,long,2413.3,2411.9989908085804,STOP_LOSS_HARD,-65.05
L1,1764047040,1764047400,long,2413.8,2415.0908052877703,TAKE_PROFIT_HARD,64.54
L1,1764056760,1764056760,short,2427.9,2426.60919471223,TAKE_PROFIT_HARD,64.54
L1,1764058920,1764059400,long,2430.9,2432.19080528777,TAKE_PROFIT_HARD,64.54
L1,1764059640,1764059640,long,2430.9,2429.5989908085803,STOP_LOSS_HARD,-65.05
L1,1764084480,1764084660,long,2473.1,2474.39080528777,TAKE_PROFIT_HARD,64.54
L1,1764085080,1764085560,long,2473.5,2474.79080528777,TAKE_PROFIT_HARD,64.54
L1,1764085800,1764086100,long,2473.2,2474.49080528777,TAKE_PROFIT_HARD,64.54
L1,1764098640,1764099480,long,2473.4,2472.0,STOP_LOSS_HARD,-70.0
L1,1764167280,1764167520,short,2502.6,2503.9010091914197,STOP_LOSS_HARD,-65.05
L1,1764169320,1764169560,short,2503.7,2502.4091947122297,TAKE_PROFIT_HARD,64.54
L1,1764326400,1764326520,short,2502.8,2501.50919471223,TAKE_PROFIT_HARD,64.54
L1,1764326640,1764327000,short,2502.7,2504.0010091914196,STOP_LOSS_HARD,-65.05
L1,1764327240,1764327540,short,2503.1,2501.80919471223,TAKE_PROFIT_HARD,64.54
L1,1764328080,1764328200,short,2502.7,2501.4091947122297,TAKE_PROFIT_HARD,64.54
L1,1764328320,1764328920,short,2503.2,2501.9091947122297,TAKE_PROFIT_HARD,64.54
L1,1764335160,1764335160,short,2503.3,2502.00919471223,TAKE_PROFIT_HARD,64.54
L1,1764550080,1764550560,short,2478.8,2480.10100919142,STOP_LOSS_HARD,-65.05
L1,1764574800,1764574860,short,2479.0,2477.70919471223,TAKE_PROFIT_HARD,64.54
L1,1764576960,1764577080,short,2478.9,2480.20100919142,STOP_LOSS_HARD,-65.05
L1,1764577440,1764577800,short,2480.2,2478.9091947122297,TAKE_PROFIT_HARD,64.54
L1,1764578040,1764578220,short,2478.8,2477.50919471223,TAKE_PROFIT_HARD,64.54
L1,1764578520,1764578760,short,2479.1,2477.80919471223,TAKE_PROFIT_HARD,64.54
L1,1764579000,1764579060,short,2478.9,2477.60919471223,TAKE_PROFIT_HARD,64.54
L1,1764601920,1764601980,short,2479.0,2477.70919471223,TAKE_PROFIT_HARD,64.54
L1,1764602160,1764602220,short,2479.5,2478.20919471223,TAKE_PROFIT_HARD,64.54
L1,1764647400,1764647820,short,2481.7,2483.0010091914196,STOP_LOSS_HARD,-65.05
L1,1764677400,1764677400,long,2474.4,2475.69080528777,TAKE_PROFIT_HARD,64.54
L1,1764678720,1764678840,short,2482.3,2481.00919471223,TAKE_PROFIT_HARD,64.54
L1,1764688080,1764688560,short,2481.6,2480.30919471223,TAKE_PROFIT_HARD,64.54
L1,1764723960,1764726480,long,2475.7,2476.99080528777,TAKE_PROFIT_HARD,64.54
L1,1764726720,1764727800,long,2475.6,2476.89080528777,TAKE_PROFIT_HARD,64.54
L1,1764729960,1764730140,long,2475.7,2477.0,TAKE_PROFIT_HARD,65.0
L1,1764732120,1764732840,long,2475.8,2474.0,STOP_LOSS_HARD,-90.0
L1,1764741000,1764741660,long,2474.4,2475.69080528777,TAKE_PROFIT_HARD,64.54
L1,1764742080,1764742440,long,2475.1,2476.39080528777,TAKE_PROFIT_HARD,64.54
L1,1764747120,1764747300,short,2481.8,2483.10100919142,STOP_LOSS_HARD,-65.05
L1,1764751320,1764751560,short,2482.5,2481.20919471223,TAKE_PROFIT_HARD,64.54
L1,1764751800,1764752040,short,2482.1,2483.4010091914197,STOP_LOSS_HARD,-65.05
L1,1764937200,1764937320,long,2522.7,2521.39899080858,STOP_LOSS_HARD,-65.05
L1,1764937800,1764937980,long,2521.8,2520.4989908085804,STOP_LOSS_HARD,-65.05
L1,1764939720,1764940080,short,2530.2,2531.5010091914196,STOP_LOSS_HARD,-65.05
L1,1764941280,1764941580,short,2529.5,2530.80100919142,STOP_LOSS_HARD,-65.05
L1,1764948000,1764948120,short,2530.1,2528.80919471223,TAKE_PROFIT_HARD,64.54
L1,1765278240,1765278300,long,2538.5,2539.79080528777,TAKE_PROFIT_HARD,64.54
L1,1765281600,1765281900,long,2539.2,2540.49080528777,TAKE_PROFIT_HARD,64.54
L1,1765372920,1765373160,long,2538.6,2537.29899080858,STOP_LOSS_HARD,-65.05
L1,1765403640,1765404060,short,2556.6,2555.30919471223,TAKE_PROFIT_HARD,64.54
L1,1765405680,1765405980,long,2549.5,2548.19899080858,STOP_LOSS_HARD,-65.05
L1,1765409040,1765409640,long,2550.3,2551.5908052877703,TAKE_PROFIT_HARD,64.54
L1,1765410600,1765411320,short,2553.7,2555.0010091914196,STOP_LOSS_HARD,-65.05
L1,1765411800,1765412400,short,2553.7,2552.4091947122297,TAKE_PROFIT_HARD,64.54
L1,1765413840,1765414200,long,2550.4,2551.69080528777,TAKE_PROFIT_HARD,64.54
L1,1765415880,1765416000,long,2550.3,2548.9989908085804,STOP_LOSS_HARD,-65.05
L1,1765419360,1765420140,short,2553.5,2554.9,STOP_LOSS_HARD,-70.0
L1,1765421160,1765421280,short,2556.3,2557.60100919142,STOP_LOSS_HARD,-65.05
L1,1765422360,1765422720,short,2556.9,2555.60919471223,TAKE_PROFIT_HARD,64.54
L1,1765422960,1765423320,short,2557.1,2558.4010091914197,STOP_LOSS_HARD,-65.05
L1,1765472160,1765472340,long,2597.4,2598.0,END_OF_DAY,30.0
L1,1765516800,1765516860,long,2596.7,2597.99080528777,TAKE_PROFIT_HARD,64.54
L1,1765517640,1765518360,long,2597.4,2598.69080528777,TAKE_PROFIT_HARD,64.54
L1,1765522920,1765523100,long,2596.9,2598.19080528777,TAKE_PROFIT_HARD,64.54
L1,1765524840,1765525560,long,2597.2,2595.89899080858,STOP_LOSS_HARD,-65.05
L1,1765527240,1765528020,long,2597.4,2596.0989908085803,STOP_LOSS_HARD,-65.05
L1,1765528080,1765528440,long,2596.4,2595.0989908085803,STOP_LOSS_HARD,-65.05
L1,1765554000,1765554000,long,2549.3,2550.5908052877703,TAKE_PROFIT_HARD,64.54
L1,1765555200,1765555320,short,2553.9,2552.60919471223,TAKE_PROFIT_HARD,64.54
L1,1765556040,1765556280,short,2553.6,2554.9010091914197,STOP_LOSS_HARD,-65.05
L1,1765736760,1765737660,long,2572.8,2574.0908052877703,TAKE_PROFIT_HARD,64.54
L1,1765738440,1765738860,long,2572.6,2573.89080528777,TAKE_PROFIT_HARD,64.54
L1,1765739160,1765739160,long,2573.2,2574.49080528777,TAKE_PROFIT_HARD,64.54
L1,1765814400,1765815180,short,2553.8,2555.10100919142,STOP_LOSS_HARD,-65.05
L1,1765817040,1765817100,short,2553.5,2552.9,END_OF_DAY,30.0
L1,1765821960,1765822140,short,2553.8,2552.50919471223,TAKE_PROFIT_HARD,64.54
L1,1765838400,1765838700,long,2539.7,2540.99080528777,TAKE_PROFIT_HARD,64.54
L1,1765853040,1765853220,long,2539.8,2541.5,TAKE_PROFIT_HARD,85.0
L1,1765887240,1765887300,long,2539.1,2540.39080528777,TAKE_PROFIT_HARD,64.54
L1,1765889280,1765889400,short,2534.5,2533.20919471223,TAKE_PROFIT_HARD,64.54
L1,1765891200,1765891260,long,2526.8,2528.0908052877703,TAKE_PROFIT_HARD,64.54
L1,1765895640,1765895700,short,2534.8,2536.10100919142,STOP_LOSS_HARD,-65.05
L1,1765902000,1765902000,long,2539.6,2538.29899080858,STOP_LOSS_HARD,-65.05
L1,1765914120,1765914780,short,2533.0,2534.30100919142,STOP_LOSS_HARD,-65.05
L1,1765925640,1765927500,long,2539.5,2538.19899080858,STOP_LOSS_HARD,-65.05
L1,1765976640,1765976640,long,2526.9,2528.19080528777,TAKE_PROFIT_HARD,64.54
L1,1765976760,1765976760,long,2526.9,2528.19080528777,TAKE_PROFIT_HARD,64.54
L1,1766010720,1766011440,short,2511.9,2510.6,TAKE_PROFIT_HARD,65.0
L1,1766011680,1766011920,short,2511.5,2512.80100919142,STOP_LOSS_HARD,-65.05
L1,1766064840,1766064960,long,2539.4,2540.69080528777,TAKE_PROFIT_HARD,64.54
L1,1766072520,1766072700,short,2534.4,2535.70100919142,STOP_LOSS_HARD,-65.05
L1,1766084520,1766085060,long,2525.9,2524.5,STOP_LOSS_HARD,-70.0
L1,1766096880,1766097180,long,2526.3,2524.9989908085804,STOP_LOSS_HARD,-65.05
L1,1766114280,1766114520,short,2533.2,2534.5010091914196,STOP_LOSS_HARD,-65.05
L1,1766124960,1766125320,short,2533.1,2531.80919471223,TAKE_PROFIT_HARD,64.54
L1,1766125560,1766125680,short,2533.3,2534.60100919142,STOP_LOSS_HARD,-65.05
L1,1766126400,1766127900,short,2533.4,2532.10919471223,TAKE_PROFIT_HARD,64.54
L1,1766128440,1766128500,short,2533.1,2534.4010091914197,STOP_LOSS_HARD,-65.05
L1,1766128560,1766128680,short,2534.5,2533.20919471223,TAKE_PROFIT_HARD,64.54
L1,1766129160,1766129700,short,2533.1,2531.80919471223,TAKE_PROFIT_HARD,64.54
L1,1766133120,1766133300,short,2533.3,2534.60100919142,STOP_LOSS_HARD,-65.05
L1,1766134800,1766134800,short,2533.5,2532.20919471223,TAKE_PROFIT_HARD,64.54
L1,1766135160,1766135220,short,2533.2,2531.9091947122297,TAKE_PROFIT_HARD,64.54
L1,1766135400,1766135640,short,2533.0,2531.70919471223,TAKE_PROFIT_HARD,64.54
L1,1766136000,1766136300,short,2533.0,2531.70919471223,TAKE_PROFIT_HARD,64.54
L1,1766147040,1766147220,short,2553.8,2552.50919471223,TAKE_PROFIT_HARD,64.54
L1,1766150520,1766151000,short,2553.8,2552.50919471223,TAKE_PROFIT_HARD,64.54
L1,1766345520,1766349960,short,2553.7,2552.4091947122297,TAKE_PROFIT_HARD,64.54
L1,1766369040,1766369820,short,2553.7,2552.4091947122297,TAKE_PROFIT_HARD,64.54
L1,1766370840,1766372400,short,2553.5,2552.20919471223,TAKE_PROFIT_HARD,64.54
L1,1766374200,1766374380,short,2554.3,2552.8,TAKE_PROFIT_HARD,75.0
L1,1766377320,1766377680,short,2553.6,2554.9010091914197,STOP_LOSS_HARD,-65.05
L1,1766413680,1766413800,short,2578.9,2580.20100919142,STOP_LOSS_HARD,-65.05
L1,1766415600,1766416020,short,2578.5,2577.20919471223,TAKE_PROFIT_HARD,64.54
L1,1766418720,1766418780,long,2571.8,2573.0908052877703,TAKE_PROFIT_HARD,64.54
L1,1766449800,1766458320,long,2572.4,2573.7,TAKE_PROFIT_HARD,65.0
L1,1766458800,1766459100,long,2572.3,2573.5908052877703,TAKE_PROFIT_HARD,64.54
L1,1766461320,1766463480,long,2572.6,2573.89080528777,TAKE_PROFIT_HARD,64.54
L1,1766543640,1766546820,short,2553.6,2554.9010091914197,STOP_LOSS_HARD,-65.05
L1,1766944920,1766944920,short,2553.5,2554.80100919142,STOP_LOSS_HARD,-65.05
L1,1766946600,1766947260,short,2553.5,2554.80100919142,STOP_LOSS_HARD,-65.05
L1,1766948400,1766951160,short,2553.6,2554.9010091914197,STOP_LOSS_HARD,-65.05
L1,1766953200,1766953740,short,2553.9,2552.60919471223,TAKE_PROFIT_HARD,64.54
L1,1766961600,1766966460,short,2553.7,2552.4091947122297,TAKE_PROFIT_HARD,64.54
L1,1766971200,1766973180,short,2553.5,2552.20919471223,TAKE_PROFIT_HARD,64.54
L1,1767000360,1767000600,long,2539.8,2538.4989908085804,STOP_LOSS_HARD,-65.05
L1,1767017640,1767018000,short,2533.1,2534.4010091914197,STOP_LOSS_HARD,-65.05
L1,1767070920,1767074400,long,2539.8,2538.4989908085804,STOP_LOSS_HARD,-65.05
L1,1767081360,1767082920,long,2539.5,2540.79080528777,TAKE_PROFIT_HARD,64.54
L1,1767083280,1767083460,long,2539.8,2538.4989908085804,STOP_LOSS_HARD,-65.05
L1,1767090840,1767091200,long,2525.8,2527.0908052877703,TAKE_PROFIT_HARD,64.54
L1,1767103800,1767103860,long,2525.8,2527.0908052877703,TAKE_PROFIT_HARD,64.54
L1,1767104280,1767104760,long,2525.5,2526.79080528777,TAKE_PROFIT_HARD,64.54
L1,1767105240,1767105540,long,2525.9,2527.19080528777,TAKE_PROFIT_HARD,64.54
L1,1767142440,1767147060,short,2510.1,2508.80919471223,TAKE_PROFIT_HARD,64.54
L1,1767147960,1767150600,short,2510.1,2508.7,TAKE_PROFIT_HARD,70.0
L1,1767156960,1767158640,short,2510.2,2511.5010091914196,STOP_LOSS_HARD,-65.05
L1,1767189720,1767190500,short,2510.8,2509.50919471223,TAKE_PROFIT_HARD,64.54
L1,1767304440,1767305160,short,2510.1,2508.80919471223,TAKE_PROFIT_HARD,64.54
L1,1767307320,1767307680,short,2510.1,2508.80919471223,TAKE_PROFIT_HARD,64.54
L1,1767315120,1767319980,short,2510.2,2508.8,TAKE_PROFIT_HARD,70.0
L1,1767324360,1767324900,short,2510.4,2511.70100919142,STOP_LOSS_HARD,-65.05
L1,1767354480,1767354540,short,2510.8,2509.50919471223,TAKE_PROFIT_HARD,64.54
L1,1767358440,1767358560,short,2510.6,2511.9010091914197,STOP_LOSS_HARD,-65.05
L1,1767609720,1767609840,short,2555.1,2556.4010091914197,STOP_LOSS_HARD,-65.05
L1,1767670680,1767671820,short,2553.3,2554.60100919142,STOP_LOSS_HARD,-65.05
L1,1767672240,1767672360,short,2554.5,2555.80100919142,STOP_LOSS_HARD,-65.05
L1,1767674640,1767675060,short,2555.1,2553.8,TAKE_PROFIT_HARD,65.0
L1,1767675840,1767676080,short,2554.2,2555.5010091914196,STOP_LOSS_HARD,-65.05
L1,1767703680,1767703860,long,2569.6,2570.89080528777,TAKE_PROFIT_HARD,64.54
L1,1767708480,1767708720,short,2581.7,2583.0010091914196,STOP_LOSS_HARD,-65.05
L1,1767732240,1767732540,long,2597.5,2598.79080528777,TAKE_PROFIT_HARD,64.54
L1,1767760800,1767760980,long,2597.8,2596.4989908085804,STOP_LOSS_HARD,-65.05
L1,1767763200,1767763560,long,2597.4,2596.0989908085803,STOP_LOSS_HARD,-65.05
L1,1767776640,1767776760,long,2597.4,2596.0,STOP_LOSS_HARD,-70.0
L1,1767846360,1767846960,short,2581.8,2580.50919471223,TAKE_PROFIT_HARD,64.54
L1,1767860040,1767860400,short,2581.8,2583.10100919142,STOP_LOSS_HARD,-65.05
L1,1767861480,1767861960,short,2581.8,2580.50919471223,TAKE_PROFIT_HARD,64.54
L1,1767875040,1767875160,long,2614.2,2612.89899080858,STOP_LOSS_HARD,-65.05
L1,1767884280,1767884340,long,2614.6,2615.89080528777,TAKE_PROFIT_HARD,64.54
L1,1767890400,1767890580,short,2623.8,2625.10100919142,STOP_LOSS_HARD,-65.05
L1,1767890880,1767891540,long,2625.2,2624.0,END_OF_DAY,-60.0
L1,1767895320,1767896100,short,2624.9,2623.60919471223,TAKE_PROFIT_HARD,64.54
L1,1767896280,1767896940,short,2623.7,2622.4091947122297,TAKE_PROFIT_HARD,64.54
L1,1767930840,1767932220,long,2614.2,2615.49080528777,TAKE_PROFIT_HARD,64.54
L1,1767939960,1767940680,short,2623.9,2622.60919471223,TAKE_PROFIT_HARD,64.54
L1,1767940800,1767941400,short,2623.8,2622.50919471223,TAKE_PROFIT_HARD,64.54
L1,1767943800,1767945960,short,2623.8,2625.3,STOP_LOSS_HARD,-75.0
L1,1767946080,1767946320,long,2625.0,2626.29080528777,TAKE_PROFIT_HARD,64.54
L1,1768167000,1768168260,short,2624.0,2625.30100919142,STOP_LOSS_HARD,-65.05
L1,1768169160,1768171620,short,2623.8,2622.50919471223,TAKE_PROFIT_HARD,64.54
L1,1768172520,1768177500,short,2623.7,2622.4091947122297,TAKE_PROFIT_HARD,64.54
L1,1768178280,1768179420,short,2623.8,2625.10100919142,STOP_LOSS_HARD,-65.05
L1,1768191120,1768191360,short,2624.0,2622.70919471223,TAKE_PROFIT_HARD,64.54
L1,1768191720,1768192380,short,2623.6,2622.30919471223,TAKE_PROFIT_HARD,64.54
L1,1768409160,1768409400,long,2662.0,2663.29080528777,TAKE_PROFIT_HARD,64.54
L1,1768421160,1768421520,long,2662.0,2660.69899080858,STOP_LOSS_HARD,-65.05
L1,1768425720,1768426740,long,2662.3,2660.9989908085804,STOP_LOSS_HARD,-65.05
L1,1768437960,1768438260,short,2668.5,2667.20919471223,TAKE_PROFIT_HARD,64.54
L1,1768441320,1768442700,short,2668.8,2667.50919471223,TAKE_PROFIT_HARD,64.54
L1,1768445520,1768446060,short,2668.4,2667.10919471223,TAKE_PROFIT_HARD,64.54
L1,1768446720,1768446840,short,2668.7,2667.4,TAKE_PROFIT_HARD,65.0
L1,1768446960,1768447260,short,2668.9,2670.20100919142,STOP_LOSS_HARD,-65.05
L1,1768448160,1768449060,short,2668.7,2670.0010091914196,STOP_LOSS_HARD,-65.05
L1,1768461360,1768461540,short,2669.0,2667.70919471223,TAKE_PROFIT_HARD,64.54
L1,1768461960,1768462200,short,2668.4,2669.70100919142,STOP_LOSS_HARD,-65.05
L1,1768466760,1768466820,short,2668.4,2667.10919471223,TAKE_PROFIT_HARD,64.54
L1,1768467600,1768467720,short,2668.4,2669.70100919142,STOP_LOSS_HARD,-65.05
L1,1768477200,1768477200,long,2703.0,2701.69899080858,STOP_LOSS_HARD,-65.05
L1,1768477680,1768477980,short,2699.7,2698.4091947122297,TAKE_PROFIT_HARD,64.54
L1,1768478280,1768478280,short,2699.4,2698.10919471223,TAKE_PROFIT_HARD,64.54
L1,1768478880,1768479240,short,2699.7,2698.4091947122297,TAKE_PROFIT_HARD,64.54
L1,1768482480,1768482900,short,2699.0,2697.70919471223,TAKE_PROFIT_HARD,64.54
L1,1768487040,1768487160,long,2701.6,2700.29899080858,STOP_LOSS_HARD,-65.05
L1,1768488480,1768488600,short,2699.0,2700.30100919142,STOP_LOSS_HARD,-65.05
L1,1768521120,1768522560,short,2699.2,2697.8,TAKE_PROFIT_HARD,70.0
L1,1768532280,1768533960,short,2699.1,2700.4010091914197,STOP_LOSS_HARD,-65.05
L1,1768536240,1768537020,short,2699.2,2697.9091947122297,TAKE_PROFIT_HARD,64.54
L1,1768537680,1768542720,short,2699.1,2697.80919471223,TAKE_PROFIT_HARD,64.54
L1,1768545000,1768545480,short,2699.5,2698.20919471223,TAKE_PROFIT_HARD,64.54
L1,1768563120,1768563300,short,2699.4,2698.10919471223,TAKE_PROFIT_HARD,64.54
L1,1768564320,1768564320,long,2701.8,2700.4989908085804,STOP_LOSS_HARD,-65.05
L1,1768566240,1768566300,short,2700.0,2698.70919471223,TAKE_PROFIT_HARD,64.54
L1,1768566480,1768567560,short,2699.5,2698.20919471223,TAKE_PROFIT_HARD,64.54
L1,1768567680,1768567800,short,2699.9,2698.60919471223,TAKE_PROFIT_HARD,64.54
L1,1768572840,1768573020,short,2700.0,2698.70919471223,TAKE_PROFIT_HARD,64.54
L1,1768815240,1768815360,short,2650.0,2648.70919471223,TAKE_PROFIT_HARD,64.54
L1,1768815480,1768816140,short,2649.7,2651.0010091914196,STOP_LOSS_HARD,-65.05
L1,1768872960,1768873020,short,2649.9,2651.20100919142,STOP_LOSS_HARD,-65.05
L1,1768873080,1768873080,short,2651.1,2649.80919471223,TAKE_PROFIT_HARD,64.54
L1,1768873800,1768874100,short,2650.5,2651.80100919142,STOP_LOSS_HARD,-65.05
L1,1768875600,1768875600,short,2649.7,2648.4091947122297,TAKE_PROFIT_HARD,64.54
L1,1768875720,1768876740,short,2650.3,2649.00919471223,TAKE_PROFIT_HARD,64.54
L1,1768891680,1768891860,long,2642.6,2643.89080528777,TAKE_PROFIT_HARD,64.54
L1,1768897080,1768897380,short,2649.8,2648.50919471223,TAKE_PROFIT_HARD,64.54
L1,1768992360,1768992360,short,2699.9,2698.60919471223,TAKE_PROFIT_HARD,64.54
L1,1768992960,1768993140,short,2701.2,2699.9091947122297,TAKE_PROFIT_HARD,64.54
L1,1769030880,1769033100,long,2717.2,2718.49080528777,TAKE_PROFIT_HARD,64.54
L1,1769036520,1769036760,long,2717.7,2718.99080528777,TAKE_PROFIT_HARD,64.54
L1,1769037360,1769042340,long,2717.7,2716.3,STOP_LOSS_HARD,-70.0
L1,1769051640,1769051880,long,2718.8,2720.0908052877703,TAKE_PROFIT_HARD,64.54
L1,1769073480,1769073720,short,2731.0,2729.70919471223,TAKE_PROFIT_HARD,64.54
L1,1769107080,1769107740,short,2731.1,2729.80919471223,TAKE_PROFIT_HARD,64.54
L1,1769139600,1769140140,short,2731.5,2730.20919471223,TAKE_PROFIT_HARD,64.54
L1,1769158920,1769159100,long,2719.6,2720.89080528777,TAKE_PROFIT_HARD,64.54
L1,1769159640,1769159820,long,2719.5,2720.79080528777,TAKE_PROFIT_HARD,64.54
L1,1769169480,1769169600,long,2693.6,2692.29899080858,STOP_LOSS_HARD,-65.05
L1,1769170920,1769171160,long,2693.4,2694.69080528777,TAKE_PROFIT_HARD,64.54
L1,1769562480,1769562840,long,2684.1,2685.39080528777,TAKE_PROFIT_HARD,64.54
L1,1769573880,1769574780,long,2684.5,2685.79080528777,TAKE_PROFIT_HARD,64.54
L1,1769578560,1769578980,short,2691.4,2692.70100919142,STOP_LOSS_HARD,-65.05
L1,1769580600,1769581140,short,2692.1,2690.80919471223,TAKE_PROFIT_HARD,64.54
L1,1769581680,1769582100,short,2690.9,2692.20100919142,STOP_LOSS_HARD,-65.05
L1,1769587680,1769587740,short,2691.0,2689.70919471223,TAKE_PROFIT_HARD,64.54
L1,1769722320,1769722380,long,2634.0,2635.29080528777,TAKE_PROFIT_HARD,64.54
L1,1769723760,1769723940,short,2640.4,2641.70100919142,STOP_LOSS_HARD,-65.05
L1,1769736840,1769736960,long,2634.0,2635.29080528777,TAKE_PROFIT_HARD,64.54
L1,1769737560,1769737800,long,2633.0,2631.69899080858,STOP_LOSS_HARD,-65.05
L1,1769750040,1769750040,short,2624.0,2625.30100919142,STOP_LOSS_HARD,-65.05
L1,1769754000,1769754120,long,2634.2,2635.49080528777,TAKE_PROFIT_HARD,64.54
L1,1769761200,1769761200,short,2640.4,2639.10919471223,TAKE_PROFIT_HARD,64.54
L1,1769781360,1769781360,short,2624.9,2626.20100919142,STOP_LOSS_HARD,-65.05
L1,1769789520,1769789640,short,2623.7,2625.0010091914196,STOP_LOSS_HARD,-65.05
L1,1769985960,1769986080,long,2588.5,2589.79080528777,TAKE_PROFIT_HARD,64.54
L1,1769988480,1769988660,long,2587.7,2588.99080528777,TAKE_PROFIT_HARD,64.54
L1,1769988960,1769989140,long,2588.6,2589.89080528777,TAKE_PROFIT_HARD,64.54
L1,1769991360,1769991960,long,2588.6,2587.29899080858,STOP_LOSS_HARD,-65.05
L1,1770000120,1770000300,long,2588.5,2589.79080528777,TAKE_PROFIT_HARD,64.54
L1,1770042000,1770042540,long,2661.7,2662.99080528777,TAKE_PROFIT_HARD,64.54
L1,1770050640,1770050700,short,2644.4,2644.0,END_OF_DAY,20.0
L1,1770050880,1770051000,short,2644.6,2643.30919471223,TAKE_PROFIT_HARD,64.54
L1,1770051240,1770051540,short,2644.3,2644.3,END_OF_DAY,0.0
L1,1770169920,1770171120,long,2662.3,2663.5908052877703,TAKE_PROFIT_HARD,64.54
L1,1770175560,1770175560,long,2661.0,2659.69899080858,STOP_LOSS_HARD,-65.05
L1,1770176760,1770177000,long,2661.8,2660.4989908085804,STOP_LOSS_HARD,-65.05
L1,1770181200,1770181380,long,2662.3,2663.5908052877703,TAKE_PROFIT_HARD,64.54
L1,1770257280,1770258540,long,2637.7,2638.99080528777,TAKE_PROFIT_HARD,64.54
L1,1770269880,1770270180,long,2637.1,2638.39080528777,TAKE_PROFIT_HARD,64.54
L1,1770270720,1770271320,long,2638.0,2636.69899080858,STOP_LOSS_HARD,-65.05
L1,1770273000,1770273120,long,2638.0,2636.69899080858,STOP_LOSS_HARD,-65.05
L1,1770309960,1770310020,long,2588.0,2589.29080528777,TAKE_PROFIT_HARD,64.54
L1,1770310080,1770310500,long,2587.9,2589.19080528777,TAKE_PROFIT_HARD,64.54
L1,1770330720,1770331020,short,2595.7,2594.4091947122297,TAKE_PROFIT_HARD,64.54
L1,1770334800,1770335220,long,2588.5,2589.79080528777,TAKE_PROFIT_HARD,64.54
L1,1770335520,1770336000,long,2588.5,2589.79080528777,TAKE_PROFIT_HARD,64.54
L1,1770344040,1770344100,short,2594.8,2596.10100919142,STOP_LOSS_HARD,-65.05
L1,1770389280,1770389400,short,2674.6,2673.30919471223,TAKE_PROFIT_HARD,64.54
L1,1770389520,1770389700,short,2675.3,2674.00919471223,TAKE_PROFIT_HARD,64.54
L1,1770390240,1770390420,short,2675.2,2676.5010091914196,STOP_LOSS_HARD,-65.05
L1,1770395280,1770396300,short,2675.2,2674.6,END_OF_DAY,30.0
L1,1770396360,1770396600,short,2674.6,2673.30919471223,TAKE_PROFIT_HARD,64.54
L1,1770616440,1770616860,short,2671.5,2670.20919471223,TAKE_PROFIT_HARD,64.54
L1,1770617280,1770617400,short,2670.1,2671.4010091914197,STOP_LOSS_HARD,-65.05
L1,1770618480,1770618720,short,2671.1,2669.80919471223,TAKE_PROFIT_HARD,64.54
L1,1770639480,1770639720,long,2700.6,2699.29899080858,STOP_LOSS_HARD,-65.05
L1,1770640800,1770640920,long,2700.2,2698.89899080858,STOP_LOSS_HARD,-65.05
L1,1770647520,1770648960,long,2700.6,2701.89080528777,TAKE_PROFIT_HARD,64.54
L1,1770649320,1770649560,long,2700.6,2701.89080528777,TAKE_PROFIT_HARD,64.54
L1,1770649920,1770650100,long,2699.7,2698.39899080858,STOP_LOSS_HARD,-65.05
L1,1770699120,1770699180,long,2700.6,2699.29899080858,STOP_LOSS_HARD,-65.05
L1,1770700680,1770701100,long,2700.0,2701.5,TAKE_PROFIT_HARD,75.0
L1,1770701400,1770702300,long,2700.7,2699.39899080858,STOP_LOSS_HARD,-65.05
L1,1770707160,1770707580,long,2700.5,2701.79080528777,TAKE_PROFIT_HARD,64.54
L1,1770715920,1770715920,long,2698.5,2697.19899080858,STOP_LOSS_HARD,-65.05
L1,1770921720,1770921780,long,2616.8,2618.0908052877703,TAKE_PROFIT_HARD,64.54
L1,1770921960,1770922080,long,2617.8,2619.0908052877703,TAKE_PROFIT_HARD,64.54
L1,1770925440,1770925620,long,2617.6,2616.29899080858,STOP_LOSS_HARD,-65.05
L1,1770941760,1770942240,long,2617.1,2615.79899080858,STOP_LOSS_HARD,-65.05
L1,1770949560,1770949800,long,2617.7,2616.3,STOP_LOSS_HARD,-70.0
L1,1770954600,1770955260,long,2617.9,2616.5989908085803,STOP_LOSS_HARD,-65.05
L1,1770956040,1770956160,long,2617.4,2618.69080528777,TAKE_PROFIT_HARD,64.54
L1,1770959160,1770959460,long,2617.9,2619.2,TAKE_PROFIT_HARD,65.0
L1,1770968040,1770968340,long,2617.8,2616.4989908085804,STOP_LOSS_HARD,-65.05
L1,1771229760,1771230660,long,2655.2,2656.49080528777,TAKE_PROFIT_HARD,64.54
L1,1771231320,1771231500,long,2655.1,2656.39080528777,TAKE_PROFIT_HARD,64.54
L1,1771231680,1771232520,long,2655.6,2654.29899080858,STOP_LOSS_HARD,-65.05
L1,1771290360,1771290540,short,2630.6,2631.9010091914197,STOP_LOSS_HARD,-65.05
L1,1771294920,1771295220,short,2630.7,2629.0,TAKE_PROFIT_HARD,85.0
L1,1771295880,1771295940,short,2630.5,2631.80100919142,STOP_LOSS_HARD,-65.05
L1,1771343160,1771343280,long,2654.2,2655.49080528777,TAKE_PROFIT_HARD,64.54
L1,1771379520,1771379940,long,2655.2,2653.89899080858,STOP_LOSS_HARD,-65.05
L1,1771413960,1771413960,short,2681.1,2679.80919471223,TAKE_PROFIT_HARD,64.54
L1,1771417920,1771418040,short,2681.4,2680.10919471223,TAKE_PROFIT_HARD,64.54
L1,1771418160,1771418340,short,2682.1,2680.80919471223,TAKE_PROFIT_HARD,64.54
L1,1771420080,1771420260,short,2680.7,2679.4091947122297,TAKE_PROFIT_HARD,64.54
L1,1771428840,1771428840,long,2655.2,2656.49080528777,TAKE_PROFIT_HARD,64.54
L1,1771476240,1771476360,long,2655.2,2653.89899080858,STOP_LOSS_HARD,-65.05
L1,1771487640,1771487820,long,2655.5,2654.19899080858,STOP_LOSS_HARD,-65.05
L1,1771517400,1771518000,short,2670.0,2668.70919471223,TAKE_PROFIT_HARD,64.54
L1,1771518120,1771518720,short,2670.2,2668.9091947122297,TAKE_PROFIT_HARD,64.54
L1,1771530360,1771531860,short,2670.1,2671.4010091914197,STOP_LOSS_HARD,-65.05
L1,1771539000,1771542420,short,2670.1,2671.4010091914197,STOP_LOSS_HARD,-65.05
L1,1771559040,1771559460,long,2674.3,2675.6,TAKE_PROFIT_HARD,65.0
L1,1771562640,1771562820,long,2674.4,2675.69080528777,TAKE_PROFIT_HARD,64.54
L1,1771562880,1771562940,long,2674.4,2673.0989908085803,STOP_LOSS_HARD,-65.05
L1,1771603680,1771604760,short,2670.4,2669.10919471223,TAKE_PROFIT_HARD,64.54
L1,1771787520,1771787820,long,2654.9,2656.19080528777,TAKE_PROFIT_HARD,64.54
L1,1771788000,1771788000,long,2654.2,2652.89899080858,STOP_LOSS_HARD,-65.05
L1,1771791000,1771791000,short,2645.9,2644.60919471223,TAKE_PROFIT_HARD,64.54
L1,1771792680,1771793100,short,2645.8,2647.10100919142,STOP_LOSS_HARD,-65.05
L1,1771793160,1771793160,short,2647.1,2645.80919471223,TAKE_PROFIT_HARD,64.54
L1,1771793400,1771793400,short,2646.7,2645.4091947122297,TAKE_PROFIT_HARD,64.54
L1,1771815720,1771816860,short,2646.9,2648.20100919142,STOP_LOSS_HARD,-65.05
L1,1771820640,1771821360,long,2655.0,2656.29080528777,TAKE_PROFIT_HARD,64.54
L1,1771821600,1771821660,long,2655.6,2656.89080528777,TAKE_PROFIT_HARD,64.54
L1,1771829400,1771829760,long,2655.4,2654.0989908085803,STOP_LOSS_HARD,-65.05
L1,1771830600,1771830600,long,2654.8,2653.4989908085804,STOP_LOSS_HARD,-65.05
L1,1771937400,1771937640,long,2654.9,2653.5989908085803,STOP_LOSS_HARD,-65.05
L1,1771942680,1771943100,long,2654.8,2656.0908052877703,TAKE_PROFIT_HARD,64.54
L1,1771945560,1771945800,long,2655.0,2653.69899080858,STOP_LOSS_HARD,-65.05
L1,1771948560,1771948740,long,2655.3,2653.9989908085804,STOP_LOSS_HARD,-65.05
L1,1771948800,1771948860,long,2654.9,2653.5989908085803,STOP_LOSS_HARD,-65.05
L1,1771971960,1771972200,long,2655.6,2656.89080528777,TAKE_PROFIT_HARD,64.54
L1,1772002800,1772002920,short,2670.1,2671.4010091914197,STOP_LOSS_HARD,-65.05
L1,1772009760,1772010000,short,2671.0,2672.30100919142,STOP_LOSS_HARD,-65.05
L1,1772024520,1772024640,short,2670.3,2669.00919471223,TAKE_PROFIT_HARD,64.54
L1,1772024880,1772025300,short,2671.1,2669.80919471223,TAKE_PROFIT_HARD,64.54
L1,1772027640,1772027760,short,2669.9,2668.60919471223,TAKE_PROFIT_HARD,64.54
L1,1772030160,1772030400,short,2670.5,2671.80100919142,STOP_LOSS_HARD,-65.05
L1,1772075760,1772075760,short,2670.0,2671.30100919142,STOP_LOSS_HARD,-65.05
L1,1772076600,1772076720,short,2671.1,2669.8,TAKE_PROFIT_HARD,65.0
L1,1772076960,1772077800,short,2670.2,2668.9091947122297,TAKE_PROFIT_HARD,64.54
L1,1772078280,1772078820,short,2670.0,2668.7,TAKE_PROFIT_HARD,65.0
L1,1772110080,1772110140,short,2646.5,2645.20919471223,TAKE_PROFIT_HARD,64.54
L1,1772115240,1772115360,short,2670.1,2671.4010091914197,STOP_LOSS_HARD,-65.05
L1,1772136000,1772136360,long,2655.4,2657.0,TAKE_PROFIT_HARD,80.0
L1,1772175000,1772175360,long,2655.2,2653.89899080858,STOP_LOSS_HARD,-65.05
L1,1772183280,1772183280,long,2639.7,2640.99080528777,TAKE_PROFIT_HARD,64.54
L1,1772184480,1772184540,long,2639.5,2640.79080528777,TAKE_PROFIT_HARD,64.54
L1,1772195520,1772195520,short,2623.9,2625.20100919142,STOP_LOSS_HARD,-65.05
L1,1772474640,1772474640,long,2655.3,2656.5908052877703,TAKE_PROFIT_HARD,64.54
L1,1772486880,1772487000,short,2638.4,2639.70100919142,STOP_LOSS_HARD,-65.05
L1,1772490240,1772490480,short,2638.5,2637.20919471223,TAKE_PROFIT_HARD,64.54
L1,1772490840,1772490900,short,2638.0,2639.30100919142,STOP_LOSS_HARD,-65.05
L1,1772490960,1772490960,short,2639.3,2640.60100919142,STOP_LOSS_HARD,-65.05
L1,1772493240,1772493360,short,2638.8,2637.50919471223,TAKE_PROFIT_HARD,64.54
L1,1772519640,1772519640,short,2589.9,2591.20100919142,STOP_LOSS_HARD,-65.05
L1,1772527800,1772527860,short,2590.4,2589.10919471223,TAKE_PROFIT_HARD,64.54
L1,1772576640,1772576640,short,2589.4,2588.10919471223,TAKE_PROFIT_HARD,64.54
L1,1772578680,1772578740,short,2589.5,2591.2,STOP_LOSS_HARD,-85.0
L1,1772584320,1772584380,short,2588.9,2590.20100919142,STOP_LOSS_HARD,-65.05
L1,1772587920,1772587980,short,2589.2,2590.5010091914196,STOP_LOSS_HARD,-65.05
L1,1772589840,1772589900,short,2589.3,2588.00919471223,TAKE_PROFIT_HARD,64.54
L1,1772612400,1772612400,long,2631.2,2629.89899080858,STOP_LOSS_HARD,-65.05
L1,1772614080,1772614140,long,2631.5,2632.79080528777,TAKE_PROFIT_HARD,64.54
L1,1772625000,1772625000,short,2639.4,2638.10919471223,TAKE_PROFIT_HARD,64.54
L1,1772628360,1772628360,short,2638.7,2640.0010091914196,STOP_LOSS_HARD,-65.05
L1,1772631720,1772631780,short,2638.3,2639.60100919142,STOP_LOSS_HARD,-65.05
L1,1772631840,1772631960,short,2639.3,2638.00919471223,TAKE_PROFIT_HARD,64.54
L1,1772632200,1772632380,short,2640.3,2641.60100919142,STOP_LOSS_HARD,-65.05
L1,1772642760,1772643360,short,2638.3,2637.00919471223,TAKE_PROFIT_HARD,64.54
L1,1772647920,1772648160,short,2638.3,2637.00919471223,TAKE_PROFIT_HARD,64.54
L1,1772650680,1772651100,short,2638.4,2639.70100919142,STOP_LOSS_HARD,-65.05
L1,1772727720,1772728020,long,2581.2,2579.89899080858,STOP_LOSS_HARD,-65.05
L1,1772733600,1772733600,long,2582.4,2581.0989908085803,STOP_LOSS_HARD,-65.05
L1,1772813280,1772813520,long,2521.3,2522.5908052877703,TAKE_PROFIT_HARD,64.54
L1,1772815440,1772815500,long,2521.1,2522.39080528777,TAKE_PROFIT_HARD,64.54
L1,1773061800,1773061800,short,2507.5,2508.80100919142,STOP_LOSS_HARD,-65.05
L1,1773062040,1773062040,short,2508.1,2506.80919471223,TAKE_PROFIT_HARD,64.54
L1,1773090840,1773090900,long,2544.4,2545.69080528777,TAKE_PROFIT_HARD,64.54
L1,1773099720,1773099780,long,2529.7,2528.39899080858,STOP_LOSS_HARD,-65.05
L1,1773110400,1773110760,long,2543.1,2541.79899080858,STOP_LOSS_HARD,-65.05
L1,1773113520,1773113520,short,2556.5,2555.20919471223,TAKE_PROFIT_HARD,64.54
L1,1773128040,1773128160,short,2544.3,2545.60100919142,STOP_LOSS_HARD,-65.05
L1,1773128520,1773128520,short,2544.5,2543.20919471223,TAKE_PROFIT_HARD,64.54
L1,1773129240,1773129300,short,2544.4,2543.10919471223,TAKE_PROFIT_HARD,64.54
L1,1773168360,1773169140,short,2544.3,2545.60100919142,STOP_LOSS_HARD,-65.05
L1,1773169200,1773169620,short,2545.6,2546.9010091914197,STOP_LOSS_HARD,-65.05
L1,1773193800,1773193920,short,2556.7,2555.3,TAKE_PROFIT_HARD,70.0
L1,1773194160,1773194400,short,2556.2,2554.9091947122297,TAKE_PROFIT_HARD,64.54
L1,1773196800,1773196920,short,2557.0,2555.70919471223,TAKE_PROFIT_HARD,64.54
L1,1773204240,1773204420,short,2545.1,2543.80919471223,TAKE_PROFIT_HARD,64.54
L1,1773209880,1773210240,long,2543.9,2542.5989908085803,STOP_LOSS_HARD,-65.05
L1,1773232200,1773232200,short,2528.2,2529.5010091914196,STOP_LOSS_HARD,-65.05
L1,1773244440,1773244680,long,2543.8,2545.0908052877703,TAKE_PROFIT_HARD,64.54
L1,1773246240,1773247500,short,2544.3,2544.4,END_OF_DAY,-5.0
L1,1773247560,1773247860,long,2544.4,2543.0989908085803,STOP_LOSS_HARD,-65.05
L1,1773253320,1773253440,long,2529.3,2527.9989908085804,STOP_LOSS_HARD,-65.05
L1,1773269520,1773269580,short,2481.5,2482.80100919142,STOP_LOSS_HARD,-65.05
L1,1773287040,1773287400,short,2508.3,2507.00919471223,TAKE_PROFIT_HARD,64.54
L1,1773295800,1773295860,long,2521.0,2522.29080528777,TAKE_PROFIT_HARD,64.54
L1,1773296880,1773296880,long,2520.1,2521.39080528777,TAKE_PROFIT_HARD,64.54
L1,1773301800,1773301800,long,2520.8,2519.4989908085804,STOP_LOSS_HARD,-65.05
L1,1773305040,1773305040,short,2509.0,2510.30100919142,STOP_LOSS_HARD,-65.05
L1,1773339120,1773339360,long,2490.4,2491.69080528777,TAKE_PROFIT_HARD,64.54
L1,1773343320,1773343620,short,2496.6,2495.30919471223,TAKE_PROFIT_HARD,64.54
L1,1773343800,1773344220,short,2496.6,2495.3,TAKE_PROFIT_HARD,65.0
L1,1773345600,1773345600,long,2489.9,2488.5989908085803,STOP_LOSS_HARD,-65.05
L1,1773347640,1773347700,short,2507.8,2509.10100919142,STOP_LOSS_HARD,-65.05
L1,1773349920,1773349980,long,2512.3,2510.9989908085804,STOP_LOSS_HARD,-65.05
L1,1773350520,1773350580,long,2512.7,2511.39899080858,STOP_LOSS_HARD,-65.05
L1,1773352200,1773352980,short,2507.4,2508.70100919142,STOP_LOSS_HARD,-65.05
L1,1773353880,1773354120,short,2507.9,2506.60919471223,TAKE_PROFIT_HARD,64.54
L1,1773359520,1773361020,short,2508.0,2506.7,TAKE_PROFIT_HARD,65.0
L1,1773371040,1773371100,long,2489.8,2488.4989908085804,STOP_LOSS_HARD,-65.05
L1,1773379920,1773380100,long,2489.4,2490.69080528777,TAKE_PROFIT_HARD,64.54
L1,1773380760,1773381000,long,2490.3,2491.7,TAKE_PROFIT_HARD,70.0
L1,1773384120,1773384120,short,2497.3,2496.00919471223,TAKE_PROFIT_HARD,64.54
L1,1773393600,1773393600,short,2508.2,2506.9091947122297,TAKE_PROFIT_HARD,64.54
L1,1773607680,1773607680,long,2513.1,2514.39080528777,TAKE_PROFIT_HARD,64.54
L1,1773610200,1773610320,long,2513.0,2511.69899080858,STOP_LOSS_HARD,-65.05
L1,1773612840,1773612900,long,2513.2,2511.89899080858,STOP_LOSS_HARD,-65.05
L1,1773612960,1773613140,long,2512.3,2513.5908052877703,TAKE_PROFIT_HARD,64.54
L1,1773613320,1773613800,long,2512.2,2510.89899080858,STOP_LOSS_HARD,-65.05
L1,1773631920,1773631980,long,2512.7,2513.99080528777,TAKE_PROFIT_HARD,64.54
L1,1773642000,1773642000,short,2508.4,2509.70100919142,STOP_LOSS_HARD,-65.05
L1,1773648120,1773648120,short,2524.9,2526.20100919142,STOP_LOSS_HARD,-65.05
L1,1773648240,1773648720,short,2526.5,2527.80100919142,STOP_LOSS_HARD,-65.05
L1,1773649800,1773649800,short,2525.7,2527.0010091914196,STOP_LOSS_HARD,-65.05
L1,1773650520,1773650520,long,2529.5,2530.79080528777,TAKE_PROFIT_HARD,64.54
L1,1773651480,1773651480,short,2526.0,2524.70919471223,TAKE_PROFIT_HARD,64.54
L1,1773668280,1773668340,short,2525.5,2524.20919471223,TAKE_PROFIT_HARD,64.54
L1,1773686280,1773687600,long,2512.9,2514.19080528777,TAKE_PROFIT_HARD,64.54
L1,1773688560,1773688860,long,2512.8,2514.0908052877703,TAKE_PROFIT_HARD,64.54
L1,1773693600,1773693660,long,2512.3,2510.9989908085804,STOP_LOSS_HARD,-65.05
L1,1773694440,1773694560,short,2507.4,2506.10919471223,TAKE_PROFIT_HARD,64.54
L1,1773694920,1773695040,short,2507.4,2508.70100919142,STOP_LOSS_HARD,-65.05
L1,1773697800,1773697920,short,2507.5,2508.80100919142,STOP_LOSS_HARD,-65.05
L1,1773699240,1773700800,short,2507.4,2506.10919471223,TAKE_PROFIT_HARD,64.54
L1,1773708720,1773709080,short,2508.0,2506.6,TAKE_PROFIT_HARD,70.0
L1,1773710040,1773711240,short,2507.4,2506.10919471223,TAKE_PROFIT_HARD,64.54
L1,1773724920,1773724980,short,2507.5,2508.80100919142,STOP_LOSS_HARD,-65.05
L1,1773725040,1773725100,short,2508.7,2510.0010091914196,STOP_LOSS_HARD,-65.05
L1,1773725640,1773725880,long,2513.2,2511.89899080858,STOP_LOSS_HARD,-65.05
L1,1773726600,1773726660,long,2513.1,2511.79899080858,STOP_LOSS_HARD,-65.05
L1,1773726720,1773727020,long,2512.1,2513.39080528777,TAKE_PROFIT_HARD,64.54
L1,1773732600,1773732600,long,2513.0,2511.69899080858,STOP_LOSS_HARD,-65.05
L1,1773736320,1773736320,short,2525.2,2526.5010091914196,STOP_LOSS_HARD,-65.05
L1,1773737640,1773737820,short,2525.6,2524.30919471223,TAKE_PROFIT_HARD,64.54
L1,1773737880,1773737940,short,2524.9,2526.20100919142,STOP_LOSS_HARD,-65.05
L1,1773784680,1773784800,short,2544.8,2546.10100919142,STOP_LOSS_HARD,-65.05
L1,1773798720,1773799500,long,2556.7,2557.99080528777,TAKE_PROFIT_HARD,64.54
L1,1773816480,1773816540,long,2556.5,2557.79080528777,TAKE_PROFIT_HARD,64.54
L1,1773816840,1773817380,long,2555.9,2554.5989908085803,STOP_LOSS_HARD,-65.05
L1,1773852480,1773852540,long,2489.1,2490.39080528777,TAKE_PROFIT_HARD,64.54
L1,1773852720,1773852780,long,2490.2,2488.89899080858,STOP_LOSS_HARD,-65.05
L1,1773853080,1773853140,long,2488.6,2487.5,END_OF_DAY,-55.0
L1,1773863760,1773864000,long,2490.4,2489.0989908085803,STOP_LOSS_HARD,-65.05
L1,1773880320,1773880860,short,2496.1,2494.80919471223,TAKE_PROFIT_HARD,64.54
L1,1773884880,1773885180,long,2490.2,2491.49080528777,TAKE_PROFIT_HARD,64.54
L1,1773886680,1773886800,short,2496.8,2495.50919471223,TAKE_PROFIT_HARD,64.54
L1,1773887760,1773887940,long,2490.0,2491.29080528777,TAKE_PROFIT_HARD,64.54
L1,1773888840,1773889140,long,2489.8,2491.0908052877703,TAKE_PROFIT_HARD,64.54
L1,1773891120,1773891120,long,2490.2,2488.89899080858,STOP_LOSS_HARD,-65.05
L1,1773956520,1773956760,long,2529.5,2531.0,TAKE_PROFIT_HARD,75.0
L1,1773957120,1773957240,long,2529.2,2527.89899080858,STOP_LOSS_HARD,-65.05
L1,1774023720,1774024440,long,2458.0,2459.29080528777,TAKE_PROFIT_HARD,64.54
L1,1774214880,1774215000,long,2450.1,2448.79899080858,STOP_LOSS_HARD,-65.05
L1,1774215240,1774215420,long,2449.8,2451.0908052877703,TAKE_PROFIT_HARD,64.54
L1,1774216200,1774216560,long,2450.4,2451.69080528777,TAKE_PROFIT_HARD,64.54
L1,1774277880,1774277880,long,2529.6,2530.89080528777,TAKE_PROFIT_HARD,64.54
L1,1774302600,1774302600,short,2484.6,2485.9010091914197,STOP_LOSS_HARD,-65.05
L1,1774352760,1774352880,long,2529.3,2527.9989908085804,STOP_LOSS_HARD,-65.05
L1,1774365840,1774365960,long,2529.4,2528.0989908085803,STOP_LOSS_HARD,-65.05
L1,1774394280,1774394940,short,2545.0,2546.7,STOP_LOSS_HARD,-85.0
L1,1774428720,1774428780,short,2545.4,2546.70100919142,STOP_LOSS_HARD,-65.05
L1,1774453680,1774453680,short,2545.0,2546.30100919142,STOP_LOSS_HARD,-65.05
L1,1774463280,1774463520,short,2544.5,2545.80100919142,STOP_LOSS_HARD,-65.05
L1,1774464960,1774466100,short,2545.9,2544.60919471223,TAKE_PROFIT_HARD,64.54
L1,1774468200,1774468440,short,2544.3,2545.60100919142,STOP_LOSS_HARD,-65.05
L1,1774468680,1774469700,short,2546.5,2547.80100919142,STOP_LOSS_HARD,-65.05
L1,1774481040,1774481400,short,2544.4,2545.70100919142,STOP_LOSS_HARD,-65.05
L1,1774486920,1774487160,short,2544.3,2543.00919471223,TAKE_PROFIT_HARD,64.54
L1,1774506000,1774506060,long,2525.9,2527.19080528777,TAKE_PROFIT_HARD,64.54
L1,1774507080,1774507140,long,2529.5,2528.19899080858,STOP_LOSS_HARD,-65.05
L1,1774508160,1774508460,long,2525.9,2524.5989908085803,STOP_LOSS_HARD,-65.05
L1,1774540920,1774540920,short,2507.9,2506.60919471223,TAKE_PROFIT_HARD,64.54
L1,1774541280,1774541340,short,2507.5,2508.80100919142,STOP_LOSS_HARD,-65.05
L1,1774555680,1774555740,long,2525.8,2527.0908052877703,TAKE_PROFIT_HARD,64.54
L1,1774555920,1774556040,long,2526.1,2524.79899080858,STOP_LOSS_HARD,-65.05
L1,1774574640,1774574760,long,2528.7,2527.2,STOP_LOSS_HARD,-75.0
L1,1774576680,1774576800,long,2529.3,2527.9989908085804,STOP_LOSS_HARD,-65.05
L1,1774578600,1774578660,long,2529.8,2528.4989908085804,STOP_LOSS_HARD,-65.05
L1,1774579200,1774579620,long,2525.8,2524.4989908085804,STOP_LOSS_HARD,-65.05
L1,1774628880,1774628880,short,2456.7,2455.4091947122297,TAKE_PROFIT_HARD,64.54
L1,1774629120,1774629180,long,2457.1,2455.79899080858,STOP_LOSS_HARD,-65.05
L1,1774629840,1774629900,long,2457.5,2457.2,END_OF_DAY,-15.0
L1,1774825920,1774826100,long,2458.2,2459.49080528777,TAKE_PROFIT_HARD,64.54
L1,1774838520,1774838640,short,2472.8,2474.10100919142,STOP_LOSS_HARD,-65.05
L1,1774842600,1774842660,short,2472.3,2473.60100919142,STOP_LOSS_HARD,-65.05
L1,1774885560,1774885560,short,2426.2,2424.9091947122297,TAKE_PROFIT_HARD,64.54
L1,1774893600,1774893600,short,2426.9,2428.20100919142,STOP_LOSS_HARD,-65.05
L1,1774908720,1774908720,long,2466.5,2467.79080528777,TAKE_PROFIT_HARD,64.54
L1,1774911240,1774911240,short,2473.2,2471.9091947122297,TAKE_PROFIT_HARD,64.54
L1,1774912800,1774913700,long,2466.7,2465.39899080858,STOP_LOSS_HARD,-65.05
L1,1774913760,1774914480,long,2465.3,2463.9989908085804,STOP_LOSS_HARD,-65.05
L1,1774918200,1774918440,long,2458.2,2459.49080528777,TAKE_PROFIT_HARD,64.54
L1,1774919160,1774919160,long,2457.4,2458.69080528777,TAKE_PROFIT_HARD,64.54
L1,1774923000,1774923600,long,2457.8,2459.0908052877703,TAKE_PROFIT_HARD,64.54
L1,1774924920,1774925040,long,2456.3,2454.9989908085804,STOP_LOSS_HARD,-65.05
L1,1774970400,1774970460,short,2508.1,2509.4010091914197,STOP_LOSS_HARD,-65.05
L1,1774971000,1774971000,short,2508.5,2509.80100919142,STOP_LOSS_HARD,-65.05
L1,1775052120,1775052120,long,2542.8,2541.4989908085804,STOP_LOSS_HARD,-65.05
L1,1775053320,1775053320,long,2530.3,2531.5908052877703,TAKE_PROFIT_HARD,64.54
L1,1775102640,1775103360,long,2488.2,2489.49080528777,TAKE_PROFIT_HARD,64.54
L1,1775105280,1775105580,long,2489.2,2487.89899080858,STOP_LOSS_HARD,-65.05
L1,1775117160,1775117280,short,2472.7,2471.4091947122297,TAKE_PROFIT_HARD,64.54
L1,1775137080,1775137080,long,2531.6,2532.89080528777,TAKE_PROFIT_HARD,64.54
L1,1775138880,1775139000,long,2531.9,2533.19080528777,TAKE_PROFIT_HARD,64.54
L1,1775145240,1775145300,long,2542.3,2543.5908052877703,TAKE_PROFIT_HARD,64.54
L1,1775148720,1775149140,long,2542.3,2542.3,END_OF_DAY,0.0
L1,1775154000,1775154600,long,2542.3,2543.5908052877703,TAKE_PROFIT_HARD,64.54
L1,1775155920,1775158260,long,2542.4,2543.69080528777,TAKE_PROFIT_HARD,64.54
L1,1775164200,1775164380,long,2542.6,2541.29899080858,STOP_LOSS_HARD,-65.05
L1,1775204640,1775204700,long,2532.3,2533.5908052877703,TAKE_PROFIT_HARD,64.54
L1,1775449800,1775450040,long,2547.4,2548.69080528777,TAKE_PROFIT_HARD,64.54
L1,1775451120,1775451180,long,2549.8,2548.4989908085804,STOP_LOSS_HARD,-65.05
L1,1775483280,1775483520,long,2549.0,2550.29080528777,TAKE_PROFIT_HARD,64.54
L1,1775486760,1775487480,short,2557.1,2558.4010091914197,STOP_LOSS_HARD,-65.05
L1,1775489880,1775490000,short,2556.4,2555.10919471223,TAKE_PROFIT_HARD,64.54
L1,1775501520,1775501760,long,2549.7,2548.39899080858,STOP_LOSS_HARD,-65.05
L1,1775505600,1775505600,long,2547.2,2545.89899080858,STOP_LOSS_HARD,-65.05
L1,1775507280,1775507520,long,2550.2,2548.89899080858,STOP_LOSS_HARD,-65.05
L1,1775509080,1775509200,long,2547.3,2545.9989908085804,STOP_LOSS_HARD,-65.05
L1,1775538600,1775538600,short,2556.4,2557.70100919142,STOP_LOSS_HARD,-65.05
L1,1775541720,1775541780,short,2557.5,2556.20919471223,TAKE_PROFIT_HARD,64.54
L1,1775543760,1775543820,long,2547.2,2545.89899080858,STOP_LOSS_HARD,-65.05
L1,1775567160,1775567160,long,2550.1,2551.39080528777,TAKE_PROFIT_HARD,64.54
L1,1775572080,1775572620,long,2547.6,2546.29899080858,STOP_LOSS_HARD,-65.05
L1,1775601480,1775602800,short,2650.1,2651.4010091914197,STOP_LOSS_HARD,-65.05
L1,1775604720,1775605020,short,2649.5,2648.20919471223,TAKE_PROFIT_HARD,64.54
L1,1775663280,1775663400,short,2632.0,2630.70919471223,TAKE_PROFIT_HARD,64.54
L1,1775672760,1775672940,short,2632.3,2631.00919471223,TAKE_PROFIT_HARD,64.54
L1,1775673000,1775673180,short,2631.8,2633.10100919142,STOP_LOSS_HARD,-65.05
L1,1775678520,1775678700,long,2629.0,2627.69899080858,STOP_LOSS_HARD,-65.05
L1,1775682840,1775683320,long,2628.2,2626.89899080858,STOP_LOSS_HARD,-65.05
L1,1775689920,1775690280,long,2629.1,2627.7,STOP_LOSS_HARD,-70.0
L1,1775691720,1775692560,long,2628.8,2630.0908052877703,TAKE_PROFIT_HARD,64.54
L1,1775694000,1775696760,long,2628.9,2627.5989908085803,STOP_LOSS_HARD,-65.05
L1,1775698800,1775699160,short,2632.2,2630.9091947122297,TAKE_PROFIT_HARD,64.54
L1,1775700240,1775700300,short,2633.2,2631.9091947122297,TAKE_PROFIT_HARD,64.54
L1,1775701200,1775701920,long,2629.1,2630.39080528777,TAKE_PROFIT_HARD,64.54
L1,1775706720,1775706840,long,2618.6,2619.89080528777,TAKE_PROFIT_HARD,64.54
L1,1775707800,1775707860,long,2618.4,2617.0989908085803,STOP_LOSS_HARD,-65.05
L1,1775709840,1775709840,long,2618.5,2619.79080528777,TAKE_PROFIT_HARD,64.54
L1,1775712120,1775712540,long,2617.8,2619.0908052877703,TAKE_PROFIT_HARD,64.54
L1,1775712960,1775713320,long,2618.0,2619.29080528777,TAKE_PROFIT_HARD,64.54
L1,1775714760,1775714820,long,2618.1,2619.39080528777,TAKE_PROFIT_HARD,64.54
L1,1775715360,1775715780,long,2617.7,2618.99080528777,TAKE_PROFIT_HARD,64.54
L1,1775717160,1775717460,long,2618.4,2617.0989908085803,STOP_LOSS_HARD,-65.05
L1,1775717640,1775717820,long,2616.6,2615.29899080858,STOP_LOSS_HARD,-65.05
L1,1775721240,1775721240,long,2617.7,2618.99080528777,TAKE_PROFIT_HARD,64.54
L1,1775721960,1775722200,long,2618.0,2619.29080528777,TAKE_PROFIT_HARD,64.54
L1,1775722920,1775723280,long,2617.3,2618.5908052877703,TAKE_PROFIT_HARD,64.54
L1,1775724480,1775724540,long,2617.5,2618.79080528777,TAKE_PROFIT_HARD,64.54
L1,1775724720,1775725680,long,2617.5,2616.19899080858,STOP_LOSS_HARD,-65.05
L1,1775726400,1775726520,long,2616.9,2615.5989908085803,STOP_LOSS_HARD,-65.05
L1,1775732400,1775732460,short,2632.4,2631.10919471223,TAKE_PROFIT_HARD,64.54
L1,1775747040,1775747100,short,2649.4,2648.10919471223,TAKE_PROFIT_HARD,64.54
L1,1775747280,1775747340,short,2650.0,2651.30100919142,STOP_LOSS_HARD,-65.05
L1,1775800440,1775801100,short,2650.0,2648.3,TAKE_PROFIT_HARD,85.0
L1,1775802000,1775802240,short,2649.5,2650.80100919142,STOP_LOSS_HARD,-65.05
L1,1775815560,1775815740,short,2649.8,2648.50919471223,TAKE_PROFIT_HARD,64.54
L1,1776026640,1776026880,long,2605.4,2606.69080528777,TAKE_PROFIT_HARD,64.54
L1,1776070680,1776071460,long,2630.5,2631.79080528777,TAKE_PROFIT_HARD,64.54
L1,1776071520,1776071760,short,2631.7,2630.4091947122297,TAKE_PROFIT_HARD,64.54
L1,1776072000,1776072300,short,2631.6,2632.9010091914197,STOP_LOSS_HARD,-65.05
L1,1776153840,1776154080,long,2701.1,2702.39080528777,TAKE_PROFIT_HARD,64.54
L1,1776154440,1776154680,long,2701.2,2702.49080528777,TAKE_PROFIT_HARD,64.54
L1,1776155880,1776156000,long,2700.6,2701.89080528777,TAKE_PROFIT_HARD,64.54
L1,1776156720,1776157140,long,2701.1,2702.39080528777,TAKE_PROFIT_HARD,64.54
L1,1776158520,1776158760,long,2701.4,2700.0989908085803,STOP_LOSS_HARD,-65.05
L1,1776176400,1776176460,long,2711.3,2709.9989908085804,STOP_LOSS_HARD,-65.05
L1,1776176640,1776176700,long,2709.2,2710.49080528777,TAKE_PROFIT_HARD,64.54
L1,1776177960,1776178320,long,2711.8,2713.0908052877703,TAKE_PROFIT_HARD,64.54
L1,1776234480,1776234600,long,2710.5,2711.79080528777,TAKE_PROFIT_HARD,64.54
L1,1776257160,1776257220,long,2711.4,2710.0989908085803,STOP_LOSS_HARD,-65.05
L1,1776279000,1776282180,long,2727.8,2729.0908052877703,TAKE_PROFIT_HARD,64.54
L1,1776288960,1776289260,long,2727.4,2728.69080528777,TAKE_PROFIT_HARD,64.54
L1,1776307200,1776307320,long,2727.9,2729.19080528777,TAKE_PROFIT_HARD,64.54
L1,1776320400,1776321240,long,2727.8,2726.4989908085804,STOP_LOSS_HARD,-65.05
L1,1776323400,1776324060,long,2727.0,2728.29080528777,TAKE_PROFIT_HARD,64.54
L1,1776324360,1776324600,long,2727.8,2729.0908052877703,TAKE_PROFIT_HARD,64.54
L1,1776342720,1776342720,long,2727.6,2726.29899080858,STOP_LOSS_HARD,-65.05
L1,1776356400,1776357900,short,2733.9,2734.1,END_OF_DAY,-10.0
L1,1776358560,1776358740,short,2734.2,2734.2,END_OF_DAY,0.0
L1,1776362520,1776362760,short,2734.1,2735.4010091914197,STOP_LOSS_HARD,-65.05
L1,1776378720,1776380700,short,2733.8,2732.50919471223,TAKE_PROFIT_HARD,64.54
L1,1776383880,1776384900,short,2733.4,2734.70100919142,STOP_LOSS_HARD,-65.05
L1,1776389760,1776389820,short,2733.4,2734.70100919142,STOP_LOSS_HARD,-65.05
L1,1776393600,1776394020,short,2733.6,2734.9010091914197,STOP_LOSS_HARD,-65.05
L1,1776624600,1776624900,short,2764.0,2762.70919471223,TAKE_PROFIT_HARD,64.54
L1,1776634800,1776635580,short,2764.1,2765.4010091914197,STOP_LOSS_HARD,-65.05
L1,1776638040,1776638580,short,2763.8,2762.4,TAKE_PROFIT_HARD,70.0
L1,1776641160,1776641880,short,2763.9,2762.6,TAKE_PROFIT_HARD,65.0
L1,1776654240,1776654300,short,2764.3,2765.60100919142,STOP_LOSS_HARD,-65.05
L1,1776654360,1776654360,short,2765.6,2764.30919471223,TAKE_PROFIT_HARD,64.54
L1,1776660960,1776661020,short,2764.9,2766.20100919142,STOP_LOSS_HARD,-65.05
L1,1776667200,1776667260,short,2763.8,2762.50919471223,TAKE_PROFIT_HARD,64.54
L1,1776671160,1776671220,short,2765.3,2766.60100919142,STOP_LOSS_HARD,-65.05
L1,1776672240,1776672240,short,2765.1,2766.4010091914197,STOP_LOSS_HARD,-65.05
L1,1776682080,1776682080,short,2795.1,2796.4010091914197,STOP_LOSS_HARD,-65.05
L1,1776703200,1776703500,long,2807.8,2807.3,END_OF_DAY,-25.0
L1,1776708240,1776708300,long,2808.4,2809.69080528777,TAKE_PROFIT_HARD,64.54
L1,1776709920,1776714600,long,2808.4,2807.0989908085803,STOP_LOSS_HARD,-65.05
L1,1776722280,1776722760,long,2808.4,2809.69080528777,TAKE_PROFIT_HARD,64.54
L1,1776726840,1776727320,long,2808.5,2807.19899080858,STOP_LOSS_HARD,-65.05
L1,1776730200,1776731460,long,2808.5,2809.79080528777,TAKE_PROFIT_HARD,64.54
L1,1776737160,1776737220,long,2808.2,2809.49080528777,TAKE_PROFIT_HARD,64.54
L1,1776739800,1776740460,long,2808.4,2807.0989908085803,STOP_LOSS_HARD,-65.05
L1,1776746160,1776746580,long,2808.0,2809.29080528777,TAKE_PROFIT_HARD,64.54
L1,1776748920,1776750060,long,2808.1,2809.39080528777,TAKE_PROFIT_HARD,64.54
L1,1776774480,1776774600,short,2789.6,2790.9010091914197,STOP_LOSS_HARD,-65.05
L1,1776780600,1776780600,long,2783.2,2781.89899080858,STOP_LOSS_HARD,-65.05
L1,1776790320,1776790440,short,2789.9,2791.20100919142,STOP_LOSS_HARD,-65.05
L1,1776798120,1776799140,short,2789.5,2790.9,STOP_LOSS_HARD,-70.0
L1,1776801720,1776802140,short,2794.4,2795.70100919142,STOP_LOSS_HARD,-65.05
L1,1776832920,1776833040,short,2794.0,2795.5,STOP_LOSS_HARD,-75.0
L1,1776833400,1776833460,short,2794.8,2796.10100919142,STOP_LOSS_HARD,-65.05
L1,1776861960,1776861960,long,2782.8,2784.0908052877703,TAKE_PROFIT_HARD,64.54
L1,1776871200,1776871320,short,2789.8,2788.50919471223,TAKE_PROFIT_HARD,64.54
L1,1776871560,1776871980,short,2789.8,2788.50919471223,TAKE_PROFIT_HARD,64.54
L1,1776872400,1776872520,short,2790.0,2788.70919471223,TAKE_PROFIT_HARD,64.54
L1,1776873000,1776873000,short,2790.4,2791.70100919142,STOP_LOSS_HARD,-65.05
L1,1776873240,1776873240,short,2790.4,2791.70100919142,STOP_LOSS_HARD,-65.05
L1,1776876360,1776876960,short,2789.7,2791.0010091914196,STOP_LOSS_HARD,-65.05
L1,1776883200,1776888000,short,2789.8,2788.50919471223,TAKE_PROFIT_HARD,64.54
L1,1776892680,1776892860,long,2782.9,2784.19080528777,TAKE_PROFIT_HARD,64.54
L1,1776910080,1776910620,long,2783.1,2784.39080528777,TAKE_PROFIT_HARD,64.54
L1,1776912480,1776912780,long,2782.8,2784.3,TAKE_PROFIT_HARD,75.0
L1,1776913560,1776914460,long,2782.8,2781.4989908085804,STOP_LOSS_HARD,-65.05
L1,1776928320,1776928440,long,2783.1,2781.79899080858,STOP_LOSS_HARD,-65.05
L1,1776942000,1776942000,long,2808.1,2806.79899080858,STOP_LOSS_HARD,-65.05
L1,1776977520,1776979140,long,2782.9,2781.5989908085803,STOP_LOSS_HARD,-65.05
L1,1777000440,1777000560,long,2783.2,2781.89899080858,STOP_LOSS_HARD,-65.05
L1,1777001040,1777001160,long,2783.0,2784.29080528777,TAKE_PROFIT_HARD,64.54
L1,1777020360,1777020480,short,2794.4,2793.10919471223,TAKE_PROFIT_HARD,64.54
L1,1777020720,1777020720,short,2790.7,2789.4091947122297,TAKE_PROFIT_HARD,64.54
L1,1777022760,1777022940,short,2793.8,2795.10100919142,STOP_LOSS_HARD,-65.05
L1,1777023000,1777023000,short,2795.6,2796.9010091914197,STOP_LOSS_HARD,-65.05
L1,1777027920,1777028100,short,2790.5,2791.80100919142,STOP_LOSS_HARD,-65.05
L1,1777238640,1777238760,short,2794.2,2792.9,TAKE_PROFIT_HARD,65.0
L1,1777260240,1777260420,short,2794.2,2792.9091947122297,TAKE_PROFIT_HARD,64.54
L1,1777261440,1777262340,short,2793.8,2792.50919471223,TAKE_PROFIT_HARD,64.54
L1,1777264200,1777265220,short,2794.1,2795.4010091914197,STOP_LOSS_HARD,-65.05
L1,1777280640,1777280760,short,2794.4,2795.70100919142,STOP_LOSS_HARD,-65.05
L1,1777281960,1777282080,short,2793.9,2795.20100919142,STOP_LOSS_HARD,-65.05
L1,1777298160,1777298520,short,2794.4,2795.70100919142,STOP_LOSS_HARD,-65.05
L1,1777346160,1777347060,short,2794.2,2795.5010091914196,STOP_LOSS_HARD,-65.05
L1,1777359480,1777359840,short,2794.4,2793.10919471223,TAKE_PROFIT_HARD,64.54
L1,1777381200,1777381260,short,2764.1,2765.4010091914197,STOP_LOSS_HARD,-65.05
L1,1777381320,1777381380,short,2764.3,2763.00919471223,TAKE_PROFIT_HARD,64.54
L1,1777383360,1777383720,short,2764.6,2765.9010091914197,STOP_LOSS_HARD,-65.05
L1,1777384320,1777384500,short,2765.2,2766.5010091914196,STOP_LOSS_HARD,-65.05
L1,1777385400,1777385820,long,2764.0,2765.29080528777,TAKE_PROFIT_HARD,64.54
L1,1777386720,1777387020,long,2764.5,2763.19899080858,STOP_LOSS_HARD,-65.05
L1,1777387440,1777387620,short,2764.0,2765.30100919142,STOP_LOSS_HARD,-65.05
L1,1777389720,1777389780,long,2763.9,2765.19080528777,TAKE_PROFIT_HARD,64.54
L1,1777391040,1777391220,long,2763.7,2764.99080528777,TAKE_PROFIT_HARD,64.54
L1,1777391520,1777391520,long,2764.3,2765.5908052877703,TAKE_PROFIT_HARD,64.54
L1,1777399320,1777399500,short,2771.4,2770.10919471223,TAKE_PROFIT_HARD,64.54
L1,1777402440,1777405560,short,2771.3,2772.60100919142,STOP_LOSS_HARD,-65.05
L1,1777410840,1777411140,short,2771.8,2773.10100919142,STOP_LOSS_HARD,-65.05
L1,1777433520,1777433820,short,2771.0,2772.30100919142,STOP_LOSS_HARD,-65.05
L1,1777436760,1777437120,short,2772.4,2771.10919471223,TAKE_PROFIT_HARD,64.54
L1,1777437960,1777438020,short,2771.3,2770.00919471223,TAKE_PROFIT_HARD,64.54
L1,1777440840,1777440900,short,2771.2,2772.5010091914196,STOP_LOSS_HARD,-65.05
L1,1777443240,1777443300,short,2771.1,2772.4010091914197,STOP_LOSS_HARD,-65.05
L1,1777453560,1777454340,short,2771.3,2770.00919471223,TAKE_PROFIT_HARD,64.54
L1,1777462800,1777462860,short,2747.5,2746.20919471223,TAKE_PROFIT_HARD,64.54
L1,1777509480,1777509780,long,2731.1,2732.39080528777,TAKE_PROFIT_HARD,64.54
L1,1777514520,1777514520,long,2731.3,2729.9989908085804,STOP_LOSS_HARD,-65.05
L1,1777514640,1777514880,long,2730.0,2728.69899080858,STOP_LOSS_HARD,-65.05
L1,1777524600,1777524720,short,2747.9,2746.60919471223,TAKE_PROFIT_HARD,64.54
L1,1777529520,1777529640,short,2748.1,2746.6,TAKE_PROFIT_HARD,75.0
L1,1777529880,1777530600,short,2747.4,2748.70100919142,STOP_LOSS_HARD,-65.05
L1,1777530840,1777530900,short,2747.6,2746.30919471223,TAKE_PROFIT_HARD,64.54
L1,1777534680,1777534800,short,2748.2,2746.9091947122297,TAKE_PROFIT_HARD,64.54
L1,1777536120,1777536360,short,2748.0,2749.30100919142,STOP_LOSS_HARD,-65.05
L1,1777538760,1777538940,short,2749.1,2747.80919471223,TAKE_PROFIT_HARD,64.54
L1,1777647600,1777647660,long,2816.6,2817.89080528777,TAKE_PROFIT_HARD,64.54
L1,1777648920,1777649400,short,2824.0,2822.70919471223,TAKE_PROFIT_HARD,64.54
L1,1777902480,1777902600,short,2803.6,2804.9010091914197,STOP_LOSS_HARD,-65.05
L1,1777906080,1777906320,short,2803.6,2802.30919471223,TAKE_PROFIT_HARD,64.54
L1,1777908120,1777908120,short,2804.0,2802.70919471223,TAKE_PROFIT_HARD,64.54
L1,1777908720,1777909560,short,2803.5,2802.20919471223,TAKE_PROFIT_HARD,64.54
L1,1777922040,1777924920,short,2804.1,2805.5,STOP_LOSS_HARD,-70.0
L1,1777927080,1777927800,short,2804.4,2805.8,STOP_LOSS_HARD,-70.0
L1,1777983960,1777984020,long,2850.1,2848.79899080858,STOP_LOSS_HARD,-65.05
L1,1777990800,1777991580,long,2850.5,2849.19899080858,STOP_LOSS_HARD,-65.05
L1,1777992000,1777992300,long,2850.0,2851.29080528777,TAKE_PROFIT_HARD,64.54
L1,1778006040,1778006280,long,2850.6,2851.89080528777,TAKE_PROFIT_HARD,64.54
L1,1778013120,1778014560,short,2858.6,2860.0,STOP_LOSS_HARD,-70.0
L1,1778018880,1778018940,long,2856.8,2858.0908052877703,TAKE_PROFIT_HARD,64.54
L1,1778019000,1778020020,short,2858.4,2857.10919471223,TAKE_PROFIT_HARD,64.54
L1,1778020560,1778023740,long,2856.8,2858.0908052877703,TAKE_PROFIT_HARD,64.54
L1,1778025120,1778026260,short,2857.6,2856.30919471223,TAKE_PROFIT_HARD,64.54
L1,1778026320,1778026860,long,2856.0,2857.3,TAKE_PROFIT_HARD,65.0
L1,1778027040,1778030280,long,2856.8,2855.4989908085804,STOP_LOSS_HARD,-65.05
L1,1778035200,1778035320,short,2857.8,2856.50919471223,TAKE_PROFIT_HARD,64.54
L1,1778035440,1778035800,short,2857.8,2856.50919471223,TAKE_PROFIT_HARD,64.54
L1,1778036040,1778036340,long,2856.6,2857.89080528777,TAKE_PROFIT_HARD,64.54
L1,1778036400,1778036400,short,2857.5,2856.20919471223,TAKE_PROFIT_HARD,64.54
L1,1778036640,1778036820,short,2857.8,2859.10100919142,STOP_LOSS_HARD,-65.05
L1,1778037480,1778038260,short,2858.1,2856.80919471223,TAKE_PROFIT_HARD,64.54
L1,1778038560,1778039100,short,2858.1,2859.4010091914197,STOP_LOSS_HARD,-65.05
L1,1778069400,1778069400,long,2875.9,2877.19080528777,TAKE_PROFIT_HARD,64.54
L1,1778086200,1778086440,short,2890.6,2891.9010091914197,STOP_LOSS_HARD,-65.05
L1,1778092920,1778094240,short,2890.3,2889.00919471223,TAKE_PROFIT_HARD,64.54
L1,1778096760,1778097000,short,2890.9,2889.60919471223,TAKE_PROFIT_HARD,64.54
L1,1778098200,1778098260,short,2891.3,2892.60100919142,STOP_LOSS_HARD,-65.05
L1,1778148720,1778148720,short,2872.9,2874.20100919142,STOP_LOSS_HARD,-65.05
L1,1778154360,1778154480,long,2877.0,2875.69899080858,STOP_LOSS_HARD,-65.05
L1,1778164080,1778164140,long,2850.7,2849.39899080858,STOP_LOSS_HARD,-65.05
L1,1778164200,1778164200,long,2850.0,2851.29080528777,TAKE_PROFIT_HARD,64.54
L1,1778164560,1778164620,long,2850.6,2849.29899080858,STOP_LOSS_HARD,-65.05
L1,1778184840,1778185080,long,2850.7,2849.39899080858,STOP_LOSS_HARD,-65.05
L1,1778189760,1778191020,long,2850.6,2849.29899080858,STOP_LOSS_HARD,-65.05
L1,1778194680,1778196660,long,2850.1,2851.5,TAKE_PROFIT_HARD,70.0
L1,1778205720,1778205780,long,2850.7,2851.99080528777,TAKE_PROFIT_HARD,64.54
L1,1778215200,1778215500,short,2857.6,2856.30919471223,TAKE_PROFIT_HARD,64.54
L1,1778215560,1778215680,long,2856.3,2857.5908052877703,TAKE_PROFIT_HARD,64.54
L1,1778216040,1778216580,short,2858.0,2859.30100919142,STOP_LOSS_HARD,-65.05
L1,1778218560,1778219280,short,2857.8,2856.50919471223,TAKE_PROFIT_HARD,64.54
L1,1778234760,1778234760,long,2855.6,2854.29899080858,STOP_LOSS_HARD,-65.05
L1,1778236440,1778236440,long,2856.0,2857.29080528777,TAKE_PROFIT_HARD,64.54
L1,1778250480,1778250480,short,2873.5,2872.20919471223,TAKE_PROFIT_HARD,64.54
L1,1778439480,1778439480,long,2855.8,2857.0908052877703,TAKE_PROFIT_HARD,64.54
L1,1778440440,1778440800,long,2856.9,2858.19080528777,TAKE_PROFIT_HARD,64.54
L1,1778441400,1778441640,long,2856.4,2857.69080528777,TAKE_PROFIT_HARD,64.54
L1,1778452320,1778453700,long,2856.1,2857.39080528777,TAKE_PROFIT_HARD,64.54
L1,1778490960,1778491020,short,2873.2,2871.9091947122297,TAKE_PROFIT_HARD,64.54
L1,1778497920,1778498040,long,2887.6,2886.29899080858,STOP_LOSS_HARD,-65.05
L1,1778501280,1778501400,long,2887.6,2886.29899080858,STOP_LOSS_HARD,-65.05
L1,1778501760,1778501820,long,2887.7,2886.39899080858,STOP_LOSS_HARD,-65.05
L1,1778503200,1778503260,long,2888.1,2886.79899080858,STOP_LOSS_HARD,-65.05
L1,1778539560,1778539920,short,2872.7,2874.0010091914196,STOP_LOSS_HARD,-65.05
L1,1778544120,1778544960,short,2872.8,2874.2,STOP_LOSS_HARD,-70.0
L1,1778596920,1778597100,short,2840.9,2839.60919471223,TAKE_PROFIT_HARD,64.54
L1,1778597640,1778597640,short,2841.0,2839.70919471223,TAKE_PROFIT_HARD,64.54
L1,1778622480,1778622540,long,2856.5,2857.79080528777,TAKE_PROFIT_HARD,64.54
L1,1778623080,1778623500,long,2855.9,2854.5989908085803,STOP_LOSS_HARD,-65.05
L1,1778629320,1778630400,long,2856.9,2855.5989908085803,STOP_LOSS_HARD,-65.05
L1,1778635680,1778637720,long,2856.8,2855.4989908085804,STOP_LOSS_HARD,-65.05
L1,1778644560,1778644800,long,2856.8,2858.0908052877703,TAKE_PROFIT_HARD,64.54
L1,1778649600,1778650500,long,2856.4,2857.69080528777,TAKE_PROFIT_HARD,64.54
L1,1778653560,1778653860,long,2856.7,2855.39899080858,STOP_LOSS_HARD,-65.05
L1,1778655480,1778655600,long,2856.8,2858.0908052877703,TAKE_PROFIT_HARD,64.54
L1,1778655960,1778656380,long,2856.4,2857.69080528777,TAKE_PROFIT_HARD,64.54
L1,1778656680,1778656980,long,2856.8,2855.4989908085804,STOP_LOSS_HARD,-65.05
L1,1778658120,1778659260,long,2856.7,2857.99080528777,TAKE_PROFIT_HARD,64.54
L1,1778661960,1778662140,short,2841.1,2842.4010091914197,STOP_LOSS_HARD,-65.05
L1,1778673240,1778673420,short,2841.7,2840.4091947122297,TAKE_PROFIT_HARD,64.54
L1,1778674440,1778674500,short,2841.3,2842.60100919142,STOP_LOSS_HARD,-65.05
L1,1778674560,1778674620,short,2841.8,2843.10100919142,STOP_LOSS_HARD,-65.05
L1,1778682240,1778682420,long,2856.0,2854.69899080858,STOP_LOSS_HARD,-65.05
L1,1778742720,1778742840,long,2856.9,2858.19080528777,TAKE_PROFIT_HARD,64.54
L1,1778743440,1778743560,long,2855.9,2854.4,STOP_LOSS_HARD,-75.0
L1,1778745600,1778745660,long,2856.0,2857.29080528777,TAKE_PROFIT_HARD,64.54
L1,1778769840,1778769900,short,2872.6,2871.30919471223,TAKE_PROFIT_HARD,64.54
L1,1778770320,1778770380,short,2872.6,2871.30919471223,TAKE_PROFIT_HARD,64.54
L1,1778791920,1778792040,long,2856.7,2857.99080528777,TAKE_PROFIT_HARD,64.54
L1,1778792760,1778792820,long,2856.9,2855.5989908085803,STOP_LOSS_HARD,-65.05
L1,1778792880,1778793180,long,2856.4,2855.0989908085803,STOP_LOSS_HARD,-65.05
L1,1778809680,1778809860,long,2833.7,2834.99080528777,TAKE_PROFIT_HARD,64.54
L1,1778810280,1778810280,long,2833.7,2832.39899080858,STOP_LOSS_HARD,-65.05
L1,1778822640,1778822820,long,2834.1,2835.39080528777,TAKE_PROFIT_HARD,64.54
L1,1778823840,1778824200,long,2834.2,2832.89899080858,STOP_LOSS_HARD,-65.05
L1,1778825760,1778825760,short,2842.1,2840.80919471223,TAKE_PROFIT_HARD,64.54
L1,1778826840,1778827020,short,2841.4,2840.10919471223,TAKE_PROFIT_HARD,64.54
L1,1779096720,1779096720,long,2809.8,2808.4989908085804,STOP_LOSS_HARD,-65.05
L1,1779114960,1779114960,short,2768.6,2767.30919471223,TAKE_PROFIT_HARD,64.54
L1,1779115680,1779115680,short,2768.1,2766.80919471223,TAKE_PROFIT_HARD,64.54
L1,1779153960,1779154020,short,2768.9,2770.20100919142,STOP_LOSS_HARD,-65.05
L1,1779169800,1779169920,short,2767.5,2768.80100919142,STOP_LOSS_HARD,-65.05
L1,1779171240,1779171900,short,2767.8,2769.10100919142,STOP_LOSS_HARD,-65.05
L1,1779200160,1779200400,short,2767.6,2766.30919471223,TAKE_PROFIT_HARD,64.54
L1,1779222120,1779222240,short,2744.6,2745.9010091914197,STOP_LOSS_HARD,-65.05
L1,1779231120,1779231600,short,2744.9,2743.60919471223,TAKE_PROFIT_HARD,64.54
L1,1779232800,1779232980,short,2743.9,2742.60919471223,TAKE_PROFIT_HARD,64.54
L1,1779251640,1779251640,long,2760.1,2761.39080528777,TAKE_PROFIT_HARD,64.54
L1,1779253560,1779254040,long,2760.5,2759.19899080858,STOP_LOSS_HARD,-65.05
L1,1779258840,1779258900,short,2767.3,2768.60100919142,STOP_LOSS_HARD,-65.05
L1,1779264480,1779265320,short,2767.3,2766.00919471223,TAKE_PROFIT_HARD,64.54
L1,1779268680,1779268980,short,2767.6,2768.9010091914197,STOP_LOSS_HARD,-65.05
L1,1779285120,1779285120,long,2813.3,2811.9989908085804,STOP_LOSS_HARD,-65.05
L1,1779286800,1779287040,long,2812.7,2811.39899080858,STOP_LOSS_HARD,-65.05
L1,1779291480,1779291540,short,2820.1,2821.4010091914197,STOP_LOSS_HARD,-65.05
L1,1779294360,1779295020,short,2820.4,2819.10919471223,TAKE_PROFIT_HARD,64.54
L1,1779295200,1779295380,short,2820.4,2819.10919471223,TAKE_PROFIT_HARD,64.54
L1,1779295920,1779295980,short,2820.1,2818.80919471223,TAKE_PROFIT_HARD,64.54
L1,1779323280,1779323580,short,2820.0,2818.70919471223,TAKE_PROFIT_HARD,64.54
L1,1779324960,1779325620,short,2820.1,2821.4010091914197,STOP_LOSS_HARD,-65.05
L1,1779325920,1779326760,short,2820.2,2818.9091947122297,TAKE_PROFIT_HARD,64.54
L1,1779331320,1779331380,long,2813.4,2812.0989908085803,STOP_LOSS_HARD,-65.05
L1,1779335400,1779335520,long,2812.9,2814.19080528777,TAKE_PROFIT_HARD,64.54
L1,1779335760,1779336000,long,2813.6,2814.89080528777,TAKE_PROFIT_HARD,64.54
L1,1779338520,1779338580,short,2820.2,2821.5010091914196,STOP_LOSS_HARD,-65.05
L1,1779338640,1779338700,short,2821.3,2820.00919471223,TAKE_PROFIT_HARD,64.54
L1,1779338880,1779339000,short,2820.7,2822.0010091914196,STOP_LOSS_HARD,-65.05
L1,1779339360,1779339900,short,2820.2,2821.5010091914196,STOP_LOSS_HARD,-65.05
L1,1779342720,1779343440,short,2820.3,2819.0,TAKE_PROFIT_HARD,65.0
L1,1779389760,1779392160,short,2852.5,2851.20919471223,TAKE_PROFIT_HARD,64.54
L1,1779397800,1779398040,short,2852.8,2854.10100919142,STOP_LOSS_HARD,-65.05
L1,1779399840,1779400140,short,2852.9,2854.20100919142,STOP_LOSS_HARD,-65.05
L1,1779407520,1779408000,long,2856.9,2858.19080528777,TAKE_PROFIT_HARD,64.54
L1,1779416520,1779417000,long,2856.6,2857.9,TAKE_PROFIT_HARD,65.0
L1,1779417120,1779417300,long,2856.5,2857.8,TAKE_PROFIT_HARD,65.0
L1,1779419520,1779419640,short,2852.6,2851.30919471223,TAKE_PROFIT_HARD,64.54
L1,1779419880,1779420240,short,2853.9,2855.20100919142,STOP_LOSS_HARD,-65.05
L1,1779421680,1779422160,short,2853.3,2854.60100919142,STOP_LOSS_HARD,-65.05
L1,1779425880,1779425940,long,2856.3,2854.9989908085804,STOP_LOSS_HARD,-65.05
L1,1779453000,1779453060,short,2873.3,2874.60100919142,STOP_LOSS_HARD,-65.05
L1,1779453720,1779453960,short,2872.8,2874.10100919142,STOP_LOSS_HARD,-65.05
L1,1779454800,1779454800,short,2872.8,2874.10100919142,STOP_LOSS_HARD,-65.05
L1,1779462600,1779462720,short,2872.5,2873.80100919142,STOP_LOSS_HARD,-65.05
L1,1779466440,1779466500,short,2872.4,2871.10919471223,TAKE_PROFIT_HARD,64.54
L1,1779670680,1779671820,long,2913.3,2914.5908052877703,TAKE_PROFIT_HARD,64.54
L1,1779681720,1779683280,long,2912.5,2911.19899080858,STOP_LOSS_HARD,-65.05
L1,1779686280,1779686520,long,2913.7,2912.39899080858,STOP_LOSS_HARD,-65.05
L1,1779698280,1779698400,short,2920.4,2919.10919471223,TAKE_PROFIT_HARD,64.54
L1,1779701640,1779702300,short,2920.7,2919.4091947122297,TAKE_PROFIT_HARD,64.54
L1,1779705720,1779705960,long,2913.0,2914.29080528777,TAKE_PROFIT_HARD,64.54
L1,1779706680,1779707100,long,2913.1,2911.79899080858,STOP_LOSS_HARD,-65.05
L1,1779711720,1779713280,long,2913.5,2914.79080528777,TAKE_PROFIT_HARD,64.54
L1,1779733080,1779733320,long,2913.7,2914.99080528777,TAKE_PROFIT_HARD,64.54
L1,1779798840,1779799140,short,2921.0,2919.70919471223,TAKE_PROFIT_HARD,64.54
L1,1779801960,1779802320,long,2913.4,2914.69080528777,TAKE_PROFIT_HARD,64.54
L1,1779804960,1779805080,short,2920.9,2922.20100919142,STOP_LOSS_HARD,-65.05
L1,1779805680,1779805800,long,2921.0,2919.69899080858,STOP_LOSS_HARD,-65.05
L1,1779805920,1779806640,short,2920.7,2919.4091947122297,TAKE_PROFIT_HARD,64.54
L1,1779808920,1779809400,short,2920.4,2921.70100919142,STOP_LOSS_HARD,-65.05
L1,1779819120,1779819120,long,2921.1,2922.39080528777,TAKE_PROFIT_HARD,64.54
L1,1779855600,1779855660,long,2940.2,2941.49080528777,TAKE_PROFIT_HARD,64.54
L1,1779868080,1779868380,long,2939.5,2938.19899080858,STOP_LOSS_HARD,-65.05
L1,1779871560,1779871680,long,2940.0,2938.69899080858,STOP_LOSS_HARD,-65.05
L1,1779894840,1779895200,long,2921.2,2922.49080528777,TAKE_PROFIT_HARD,64.54
L1,1779895560,1779895800,long,2920.7,2921.99080528777,TAKE_PROFIT_HARD,64.54
L1,1779910920,1779911100,long,2921.8,2920.4989908085804,STOP_LOSS_HARD,-65.05
L1,1779911400,1779911460,long,2921.2,2919.89899080858,STOP_LOSS_HARD,-65.05
L1,1779911760,1779912000,short,2921.5,2920.20919471223,TAKE_PROFIT_HARD,64.54
L1,1779912120,1779912180,short,2920.5,2921.80100919142,STOP_LOSS_HARD,-65.05
L1,1779912240,1779912300,short,2921.9,2920.60919471223,TAKE_PROFIT_HARD,64.54
L1,1779912360,1779912360,long,2921.2,2919.89899080858,STOP_LOSS_HARD,-65.05
L1,1779914400,1779914400,long,2921.7,2922.99080528777,TAKE_PROFIT_HARD,64.54
L1,1779920880,1779921420,long,2921.4,2920.0989908085803,STOP_LOSS_HARD,-65.05
L1,1779924480,1779924600,long,2913.0,2911.69899080858,STOP_LOSS_HARD,-65.05
L1,1779933000,1779933180,long,2913.4,2914.69080528777,TAKE_PROFIT_HARD,64.54
L1,1779933360,1779933540,long,2913.5,2912.19899080858,STOP_LOSS_HARD,-65.05
L1,1779933840,1779934380,long,2913.1,2914.4,TAKE_PROFIT_HARD,65.0
L1,1779936000,1779936120,long,2913.2,2911.89899080858,STOP_LOSS_HARD,-65.05
L1,1779936720,1779936900,long,2913.1,2914.39080528777,TAKE_PROFIT_HARD,64.54
L1,1779945960,1779946080,short,2920.3,2919.00919471223,TAKE_PROFIT_HARD,64.54
L1,1779968640,1779968820,long,2939.7,2938.39899080858,STOP_LOSS_HARD,-65.05
L1,1779969720,1779969720,long,2939.7,2938.39899080858,STOP_LOSS_HARD,-65.05
L1,1779985320,1779986700,long,2939.7,2939.3,END_OF_DAY,-20.0
L1,1780024440,1780024860,long,2939.7,2938.3,STOP_LOSS_HARD,-70.0
L1,1780032120,1780032300,long,2940.0,2938.69899080858,STOP_LOSS_HARD,-65.05
L1,1780032960,1780033620,long,2939.8,2941.0908052877703,TAKE_PROFIT_HARD,64.54
L1,1780033920,1780034460,long,2939.8,2938.4989908085804,STOP_LOSS_HARD,-65.05
L1,1780038360,1780039800,long,2939.9,2938.5989908085803,STOP_LOSS_HARD,-65.05
L1,1780041000,1780041120,long,2939.7,2938.39899080858,STOP_LOSS_HARD,-65.05
L1,1780055160,1780055160,short,2921.5,2920.20919471223,TAKE_PROFIT_HARD,64.54
L1,1780055760,1780055880,short,2921.2,2922.5010091914196,STOP_LOSS_HARD,-65.05
L1,1780057920,1780057920,short,2921.4,2920.10919471223,TAKE_PROFIT_HARD,64.54
L1,1780063680,1780064040,short,2920.8,2919.50919471223,TAKE_PROFIT_HARD,64.54
L1,1780064160,1780064280,short,2920.3,2921.60100919142,STOP_LOSS_HARD,-65.05
L1,1780065000,1780065060,long,2921.3,2922.5908052877703,TAKE_PROFIT_HARD,64.54
L1,1780065600,1780065660,short,2920.9,2919.60919471223,TAKE_PROFIT_HARD,64.54
L1,1780066680,1780066800,long,2913.3,2911.9989908085804,STOP_LOSS_HARD,-65.05
L1,1780068840,1780068960,long,2921.6,2922.89080528777,TAKE_PROFIT_HARD,64.54
L1,1780071720,1780072020,long,2921.1,2919.79899080858,STOP_LOSS_HARD,-65.05
L1,1780073040,1780073100,short,2920.8,2919.50919471223,TAKE_PROFIT_HARD,64.54
L1,1780073520,1780073700,short,2920.3,2919.00919471223,TAKE_PROFIT_HARD,64.54
L1,1780339560,1780340340,short,2898.5,2900.0,STOP_LOSS_HARD,-75.0
L1,1780345560,1780345620,long,2890.5,2891.79080528777,TAKE_PROFIT_HARD,64.54
L1,1780347000,1780347300,long,2890.9,2889.5989908085803,STOP_LOSS_HARD,-65.05
L1,1780360800,1780361580,short,2897.9,2899.20100919142,STOP_LOSS_HARD,-65.05
L1,1780490400,1780490460,long,2889.8,2888.4989908085804,STOP_LOSS_HARD,-65.05
L1,1780494480,1780494780,short,2897.8,2899.10100919142,STOP_LOSS_HARD,-65.05
L1,1780495440,1780495980,short,2898.7,2897.4091947122297,TAKE_PROFIT_HARD,64.54
L1,1780496760,1780496940,short,2898.2,2899.5010091914196,STOP_LOSS_HARD,-65.05
L1,1780503600,1780503600,short,2898.0,2896.70919471223,TAKE_PROFIT_HARD,64.54
L1,1780503960,1780504260,short,2898.1,2896.80919471223,TAKE_PROFIT_HARD,64.54
L1,1780505760,1780505940,long,2890.5,2891.3,END_OF_DAY,40.0
L1,1780511040,1780511880,long,2891.0,2889.69899080858,STOP_LOSS_HARD,-65.05
L1,1780513800,1780515180,long,2890.6,2889.29899080858,STOP_LOSS_HARD,-65.05
L1,1780519440,1780519440,short,2897.9,2899.20100919142,STOP_LOSS_HARD,-65.05
L1,1780522200,1780522200,short,2898.6,2899.9010091914197,STOP_LOSS_HARD,-65.05
L1,1780523400,1780523460,short,2898.8,2897.50919471223,TAKE_PROFIT_HARD,64.54
L1,1780527000,1780527300,short,2898.3,2897.0,TAKE_PROFIT_HARD,65.0
L1,1780531080,1780531320,short,2898.0,2899.30100919142,STOP_LOSS_HARD,-65.05
L1,1780538640,1780538700,short,2898.2,2896.9091947122297,TAKE_PROFIT_HARD,64.54
L1,1780538880,1780539180,short,2898.0,2896.70919471223,TAKE_PROFIT_HARD,64.54
L1,1780547280,1780547340,short,2898.4,2899.70100919142,STOP_LOSS_HARD,-65.05
L1,1780549440,1780549500,short,2898.6,2897.30919471223,TAKE_PROFIT_HARD,64.54
L1,1780557240,1780557360,short,2897.9,2899.20100919142,STOP_LOSS_HARD,-65.05
L1,1780587720,1780587780,long,2945.8,2944.4989908085804,STOP_LOSS_HARD,-65.05
L1,1780861920,1780862100,long,2831.8,2833.0908052877703,TAKE_PROFIT_HARD,64.54
L1,1780865640,1780865700,long,2841.2,2839.89899080858,STOP_LOSS_HARD,-65.05
L1,1780882560,1780882620,long,2832.0,2830.69899080858,STOP_LOSS_HARD,-65.05
L1,1780893000,1780893120,short,2848.5,2849.80100919142,STOP_LOSS_HARD,-65.05
L1,1780893840,1780893960,short,2848.1,2846.80919471223,TAKE_PROFIT_HARD,64.54
L1,1780928400,1780928520,long,2866.8,2868.0908052877703,TAKE_PROFIT_HARD,64.54
L1,1780942440,1780942500,short,2849.2,2850.5010091914196,STOP_LOSS_HARD,-65.05
L1,1780942680,1780942800,short,2847.8,2849.10100919142,STOP_LOSS_HARD,-65.05
L1,1780950600,1780950600,short,2848.7,2847.4091947122297,TAKE_PROFIT_HARD,64.54
L1,1780952640,1780952760,short,2848.1,2849.4010091914197,STOP_LOSS_HARD,-65.05
L1,1780962600,1780963620,long,2867.1,2865.7,STOP_LOSS_HARD,-70.0
L1,1780964160,1780964220,long,2866.5,2868.1,TAKE_PROFIT_HARD,80.0
L1,1781109960,1781109960,long,2830.8,2829.4989908085804,STOP_LOSS_HARD,-65.05
L1,1781110680,1781110680,long,2831.8,2833.0908052877703,TAKE_PROFIT_HARD,64.54
L1,1781130360,1781130360,long,2840.0,2841.29080528777,TAKE_PROFIT_HARD,64.54
L1,1781131800,1781131800,long,2841.3,2842.5908052877703,TAKE_PROFIT_HARD,64.54
L1,1781131920,1781132100,long,2841.1,2842.39080528777,TAKE_PROFIT_HARD,64.54
L1,1781148480,1781148540,long,2867.3,2868.5908052877703,TAKE_PROFIT_HARD,64.54
L1,1781156880,1781156880,short,2882.0,2880.70919471223,TAKE_PROFIT_HARD,64.54
L1,1781157720,1781157780,short,2881.5,2880.20919471223,TAKE_PROFIT_HARD,64.54
L1,1781160960,1781161020,short,2881.1,2879.80919471223,TAKE_PROFIT_HARD,64.54
L1,1781202360,1781202540,long,2928.4,2929.69080528777,TAKE_PROFIT_HARD,64.54
L1,1781205120,1781205360,long,2928.6,2929.89080528777,TAKE_PROFIT_HARD,64.54
L1,1781232000,1781232060,long,2917.0,2915.69899080858,STOP_LOSS_HARD,-65.05
L1,1781254440,1781254440,long,2928.9,2927.5989908085803,STOP_LOSS_HARD,-65.05
L1,1781276760,1781276760,short,2952.0,2950.70919471223,TAKE_PROFIT_HARD,64.54
L1,1781280840,1781281380,short,2952.0,2950.70919471223,TAKE_PROFIT_HARD,64.54
L1,1781464320,1781464680,long,3010.4,3009.0989908085803,STOP_LOSS_HARD,-65.05
L1,1781470680,1781470920,short,3017.5,3018.80100919142,STOP_LOSS_HARD,-65.05
L1,1781471640,1781472600,short,3017.8,3016.50919471223,TAKE_PROFIT_HARD,64.54
L1,1781477880,1781478060,short,3017.4,3016.10919471223,TAKE_PROFIT_HARD,64.54
L1,1781485080,1781485800,short,3017.8,3019.10100919142,STOP_LOSS_HARD,-65.05
L1,1781487360,1781487420,short,3017.9,3016.60919471223,TAKE_PROFIT_HARD,64.54
L1,1781487600,1781487660,short,3017.8,3019.10100919142,STOP_LOSS_HARD,-65.05
L1,1781488080,1781488320,short,3018.0,3016.70919471223,TAKE_PROFIT_HARD,64.54
L1,1781488440,1781488800,short,3017.4,3018.70100919142,STOP_LOSS_HARD,-65.05
L1,1781489040,1781489160,short,3018.0,3016.70919471223,TAKE_PROFIT_HARD,64.54
L1,1781499960,1781500140,short,3017.6,3016.30919471223,TAKE_PROFIT_HARD,64.54
L1,1781501400,1781501940,long,3010.4,3011.9,TAKE_PROFIT_HARD,75.0
L1,1781502360,1781502600,long,3010.1,3011.5,TAKE_PROFIT_HARD,70.0
L1,1781507520,1781507580,short,3018.6,3019.9010091914197,STOP_LOSS_HARD,-65.05
L1,1781509680,1781509800,short,3018.0,3019.30100919142,STOP_LOSS_HARD,-65.05
L1,1781613000,1781613000,short,2982.1,2980.80919471223,TAKE_PROFIT_HARD,64.54
L1,1781618040,1781618160,short,2982.0,2983.30100919142,STOP_LOSS_HARD,-65.05
L1,1781626320,1781626380,short,2961.8,2960.50919471223,TAKE_PROFIT_HARD,64.54
L1,1781626800,1781626980,short,2960.8,2962.10100919142,STOP_LOSS_HARD,-65.05
L1,1781633640,1781634000,long,2965.7,2966.99080528777,TAKE_PROFIT_HARD,64.54
L1,1781670960,1781671140,long,2964.5,2963.19899080858,STOP_LOSS_HARD,-65.05
L1,1781676720,1781676840,long,2964.8,2966.0908052877703,TAKE_PROFIT_HARD,64.54
L1,1781679600,1781679780,long,2965.4,2966.69080528777,TAKE_PROFIT_HARD,64.54
L1,1781687280,1781687640,long,2965.7,2966.99080528777,TAKE_PROFIT_HARD,64.54
L1,1781722200,1781723220,short,2960.8,2962.10100919142,STOP_LOSS_HARD,-65.05
L1,1781772840,1781773020,short,2981.9,2983.20100919142,STOP_LOSS_HARD,-65.05
L1,1781773320,1781773320,short,2982.1,2980.80919471223,TAKE_PROFIT_HARD,64.54
L1,1781773800,1781774160,short,2982.3,2981.00919471223,TAKE_PROFIT_HARD,64.54
L1,1781786280,1781786280,short,2983.9,2982.60919471223,TAKE_PROFIT_HARD,64.54
L1,1781821320,1781822040,short,2982.1,2983.4010091914197,STOP_LOSS_HARD,-65.05
L1,1782092280,1782092940,short,2982.4,2983.70100919142,STOP_LOSS_HARD,-65.05
L1,1782131760,1782131760,long,3016.0,3017.29080528777,TAKE_PROFIT_HARD,64.54
L1,1782142080,1782142200,short,3024.1,3022.80919471223,TAKE_PROFIT_HARD,64.54
L1,1782142440,1782142620,short,3024.7,3026.0010091914196,STOP_LOSS_HARD,-65.05
L1,1782147360,1782147540,short,3023.5,3024.80100919142,STOP_LOSS_HARD,-65.05
L1,1782167400,1782168420,long,3016.0,3014.69899080858,STOP_LOSS_HARD,-65.05
L1,1782319440,1782319500,short,3023.8,3023.1,END_OF_DAY,35.0
L1,1782319800,1782320340,short,3023.4,3023.5,END_OF_DAY,-5.0
L1,1782329160,1782329520,short,3023.8,3025.10100919142,STOP_LOSS_HARD,-65.05
L1,1782337560,1782338280,long,3016.1,3014.79899080858,STOP_LOSS_HARD,-65.05
L1,1782338880,1782339000,long,3016.0,3014.69899080858,STOP_LOSS_HARD,-65.05
L1,1782342840,1782343020,long,3016.1,3017.4,TAKE_PROFIT_HARD,65.0
L1,1782360360,1782360780,short,3023.6,3022.30919471223,TAKE_PROFIT_HARD,64.54
L1,1782363480,1782363840,long,3016.1,3017.39080528777,TAKE_PROFIT_HARD,64.54
L1,1782364560,1782364680,long,3016.5,3015.19899080858,STOP_LOSS_HARD,-65.05
L1,1782367200,1782367500,long,3016.4,3017.7,TAKE_PROFIT_HARD,65.0
L1,1782368880,1782369060,short,3023.3,3022.00919471223,TAKE_PROFIT_HARD,64.54
L1,1782371880,1782372120,long,3016.2,3014.89899080858,STOP_LOSS_HARD,-65.05
L1,1782374160,1782374220,long,3014.8,3016.0908052877703,TAKE_PROFIT_HARD,64.54
L1,1782375720,1782375900,long,3015.7,3016.99080528777,TAKE_PROFIT_HARD,64.54
L1,1782376080,1782376200,long,3016.5,3017.79080528777,TAKE_PROFIT_HARD,64.54
L1,1782378240,1782378300,long,3032.6,3033.9,TAKE_PROFIT_HARD,65.0
L1,1782396000,1782396000,long,3031.7,3030.39899080858,STOP_LOSS_HARD,-65.05
L1,1782410640,1782410940,long,3032.2,3030.89899080858,STOP_LOSS_HARD,-65.05
L1,1782415800,1782415800,long,3043.6,3042.29899080858,STOP_LOSS_HARD,-65.05
L1,1782422520,1782422700,long,3032.9,3031.5989908085803,STOP_LOSS_HARD,-65.05
L1,1782427080,1782427140,long,3015.6,3016.89080528777,TAKE_PROFIT_HARD,64.54
L1,1782438120,1782438120,long,3015.6,3014.29899080858,STOP_LOSS_HARD,-65.05
L1,1782438960,1782439080,long,3016.0,3017.29080528777,TAKE_PROFIT_HARD,64.54
L1,1782439320,1782440100,long,3015.7,3016.99080528777,TAKE_PROFIT_HARD,64.54
L1,1782452640,1782452700,long,3016.0,3014.69899080858,STOP_LOSS_HARD,-65.05
L1,1782698400,1782698520,long,3033.1,3031.79899080858,STOP_LOSS_HARD,-65.05
L1,1782707520,1782707880,long,3031.9,3030.5989908085803,STOP_LOSS_HARD,-65.05
L1,1782715320,1782715440,long,3032.5,3031.19899080858,STOP_LOSS_HARD,-65.05
L1,1782717240,1782717480,long,3033.0,3031.69899080858,STOP_LOSS_HARD,-65.05
L1,1782718080,1782718260,long,3032.0,3033.29080528777,TAKE_PROFIT_HARD,64.54
L1,1782725040,1782725100,long,3032.4,3031.0989908085803,STOP_LOSS_HARD,-65.05
L1,1782781200,1782781260,long,3033.0,3034.3,TAKE_PROFIT_HARD,65.0
L1,1782783000,1782783360,long,3032.6,3031.2,STOP_LOSS_HARD,-70.0
L1,1782784800,1782786000,long,3032.8,3031.4989908085804,STOP_LOSS_HARD,-65.05
L1,1782799200,1782799620,long,3032.9,3034.19080528777,TAKE_PROFIT_HARD,64.54
L1,1782801480,1782801720,long,3033.1,3034.4,TAKE_PROFIT_HARD,65.0
L1,1782804360,1782804480,long,3033.0,3034.29080528777,TAKE_PROFIT_HARD,64.54
L1,1782804960,1782805020,long,3033.1,3031.79899080858,STOP_LOSS_HARD,-65.05
L1,1782826320,1782826920,long,3047.5,3048.79080528777,TAKE_PROFIT_HARD,64.54
L1,1782831120,1782831240,long,3047.5,3046.19899080858,STOP_LOSS_HARD,-65.05
L1,1782911280,1782911400,short,3055.1,3056.4010091914197,STOP_LOSS_HARD,-65.05
L1,1782915120,1782915120,long,3047.3,3048.5908052877703,TAKE_PROFIT_HARD,64.54
L1,1783002600,1783002600,short,2998.6,2999.9010091914197,STOP_LOSS_HARD,-65.05
L1,1783437240,1783437240,short,2997.1,2995.80919471223,TAKE_PROFIT_HARD,64.54
L1,1783450080,1783450320,short,2996.4,2995.10919471223,TAKE_PROFIT_HARD,64.54
L1,1783462800,1783463160,short,2997.1,2998.4010091914197,STOP_LOSS_HARD,-65.05
L1,1783482480,1783482780,long,2988.8,2987.4989908085804,STOP_LOSS_HARD,-65.05
L1,1783495320,1783495380,short,2964.8,2963.50919471223,TAKE_PROFIT_HARD,64.54
L1,1783515120,1783515600,short,2966.1,2964.80919471223,TAKE_PROFIT_HARD,64.54
L1,1783516680,1783516740,short,2965.0,2966.30100919142,STOP_LOSS_HARD,-65.05
L1,1783528440,1783528500,short,2964.9,2963.60919471223,TAKE_PROFIT_HARD,64.54
L1,1783528920,1783529100,short,2965.5,2965.5,END_OF_DAY,0.0
L1,1783529880,1783529940,short,2965.2,2963.9091947122297,TAKE_PROFIT_HARD,64.54
L1,1783535640,1783535640,short,2965.5,2966.80100919142,STOP_LOSS_HARD,-65.05
L1,1783679160,1783679160,long,2987.3,2988.5908052877703,TAKE_PROFIT_HARD,64.54
L1,1783686000,1783686060,long,2988.1,2986.79899080858,STOP_LOSS_HARD,-65.05
L1,1783690680,1783691160,short,2997.4,2998.70100919142,STOP_LOSS_HARD,-65.05
L1,1783694160,1783694280,short,2996.6,2995.30919471223,TAKE_PROFIT_HARD,64.54
L1,1783698240,1783698360,short,2996.5,2995.20919471223,TAKE_PROFIT_HARD,64.54
L1,1783700280,1783701900,short,2996.7,2997.0,END_OF_DAY,-15.0
L1,1783946280,1783946280,short,2966.5,2967.80100919142,STOP_LOSS_HARD,-65.05
L1,1783952640,1783952640,short,2965.4,2964.10919471223,TAKE_PROFIT_HARD,64.54
L1,1783960680,1783960800,short,2964.9,2963.60919471223,TAKE_PROFIT_HARD,64.54
L1,1783961160,1783961940,short,2965.1,2965.3,END_OF_DAY,-10.0
L1,1783967280,1783968300,short,2964.8,2966.10100919142,STOP_LOSS_HARD,-65.05
L1,1783972320,1783972380,short,2961.8,2963.10100919142,STOP_LOSS_HARD,-65.05
L1,1783972800,1783972800,short,2965.2,2966.5010091914196,STOP_LOSS_HARD,-65.05
L1,1783980240,1783980720,short,2964.9,2963.60919471223,TAKE_PROFIT_HARD,64.54
L1,1783986840,1783987440,short,2961.7,2963.0010091914196,STOP_LOSS_HARD,-65.05
L1,1783989240,1783989360,short,2964.8,2966.10100919142,STOP_LOSS_HARD,-65.05
L1,1783998120,1783998120,short,2965.8,2964.50919471223,TAKE_PROFIT_HARD,64.54
L1,1784002560,1784002560,short,2964.8,2966.10100919142,STOP_LOSS_HARD,-65.05
L1,1784252520,1784252580,short,2965.2,2963.9091947122297,TAKE_PROFIT_HARD,64.54
L1,1784278320,1784278560,short,2964.9,2966.20100919142,STOP_LOSS_HARD,-65.05
L1,1784301480,1784301780,short,2965.8,2964.50919471223,TAKE_PROFIT_HARD,64.54
L1,1784485080,1784485200,short,2964.8,2966.10100919142,STOP_LOSS_HARD,-65.05
L1,1784533680,1784533680,long,2991.8,2990.4989908085804,STOP_LOSS_HARD,-65.05
L1,1784559720,1784559720,short,2965.4,2964.10919471223,TAKE_PROFIT_HARD,64.54
L1,1784589360,1784589540,short,2965.0,2966.30100919142,STOP_LOSS_HARD,-65.05
L1,1784622720,1784623260,short,2964.9,2963.60919471223,TAKE_PROFIT_HARD,64.54
L1,1784636760,1784637240,long,2990.4,2991.69080528777,TAKE_PROFIT_HARD,64.54
L1,1784639760,1784640060,long,2990.4,2989.0989908085803,STOP_LOSS_HARD,-65.05
L1,1784640720,1784640840,long,2990.1,2988.79899080858,STOP_LOSS_HARD,-65.05
L1,1784645880,1784646240,long,2990.8,2992.0908052877703,TAKE_PROFIT_HARD,64.54
L1,1784646600,1784646720,long,2990.3,2991.5908052877703,TAKE_PROFIT_HARD,64.54
L1,1784649120,1784649420,short,2998.1,2999.4010091914197,STOP_LOSS_HARD,-65.05
L1,1784662440,1784662860,short,2997.7,2996.4091947122297,TAKE_PROFIT_HARD,64.54
L1,1784663400,1784664540,short,2997.6,2996.3,TAKE_PROFIT_HARD,65.0
L1,1784684520,1784686560,long,2990.8,2989.4989908085804,STOP_LOSS_HARD,-65.05
L1,1784696160,1784696460,long,2990.7,2991.99080528777,TAKE_PROFIT_HARD,64.54
L1,1784701560,1784702700,long,2990.2,2988.89899080858,STOP_LOSS_HARD,-65.05
L1,1784747640,1784747820,short,2965.2,2963.9091947122297,TAKE_PROFIT_HARD,64.54
L1,1784780760,1784780880,short,2966.2,2967.5010091914196,STOP_LOSS_HARD,-65.05
L1,1784781360,1784781720,short,2965.0,2963.70919471223,TAKE_PROFIT_HARD,64.54
L1,1784781960,1784782200,short,2965.0,2966.30100919142,STOP_LOSS_HARD,-65.05
L1,1784784960,1784785140,short,2965.3,2966.60100919142,STOP_LOSS_HARD,-65.05
L1,1784787360,1784787720,short,2965.2,2966.7,STOP_LOSS_HARD,-75.0
L1,1784791560,1784791740,short,2965.8,2964.50919471223,TAKE_PROFIT_HARD,64.54
L1,1784795280,1784795280,long,2947.4,2946.0989908085803,STOP_LOSS_HARD,-65.05
L1,1784810040,1784810100,long,2947.0,2948.29080528777,TAKE_PROFIT_HARD,64.54
L1,1784810280,1784810280,long,2947.5,2948.79080528777,TAKE_PROFIT_HARD,64.54
L1,1784811840,1784811840,long,2947.3,2945.9989908085804,STOP_LOSS_HARD,-65.05
L1,1784814240,1784814300,short,2942.3,2941.00919471223,TAKE_PROFIT_HARD,64.54
L1,1784816760,1784817000,short,2941.7,2943.0010091914196,STOP_LOSS_HARD,-65.05
L1,1784820600,1784820600,long,2947.8,2949.0908052877703,TAKE_PROFIT_HARD,64.54
L1,1784821200,1784821440,long,2947.8,2946.4989908085804,STOP_LOSS_HARD,-65.05
L1,1784829720,1784830200,long,2947.8,2946.4989908085804,STOP_LOSS_HARD,-65.05
L1,1784833440,1784833920,long,2948.1,2946.79899080858,STOP_LOSS_HARD,-65.05
L1,1784837040,1784837040,long,2947.8,2946.4989908085804,STOP_LOSS_HARD,-65.05
L1,1784856600,1784857500,long,2947.8,2949.0908052877703,TAKE_PROFIT_HARD,64.54
L1,1784860200,1784860560,long,2947.8,2949.0908052877703,TAKE_PROFIT_HARD,64.54
L1,1784860800,1784860980,long,2948.1,2946.6,STOP_LOSS_HARD,-75.0
L1,1784876280,1784876340,short,2965.0,2963.70919471223,TAKE_PROFIT_HARD,64.54
L1,1784876520,1784876580,short,2964.9,2966.20100919142,STOP_LOSS_HARD,-65.05
L1,1784877120,1784877660,short,2965.2,2963.9091947122297,TAKE_PROFIT_HARD,64.54
L1,1784880960,1784881200,short,2965.6,2964.30919471223,TAKE_PROFIT_HARD,64.54
L1,1784881680,1784881920,short,2965.1,2966.4010091914197,STOP_LOSS_HARD,-65.05
L1,1784882280,1784882520,short,2965.7,2964.3,TAKE_PROFIT_HARD,70.0
L1,1784894400,1784894400,short,2964.9,2963.60919471223,TAKE_PROFIT_HARD,64.54
L1,1784895360,1784895480,short,2964.9,2966.20100919142,STOP_LOSS_HARD,-65.05
L1,1784896560,1784896620,short,2965.1,2963.80919471223,TAKE_PROFIT_HARD,64.54
L1,1784907000,1784907000,short,2941.8,2943.10100919142,STOP_LOSS_HARD,-65.05
L1,1784909400,1784909700,short,2941.8,2943.10100919142,STOP_LOSS_HARD,-65.05
L1,1785100080,1785100140,short,2966.0,2964.70919471223,TAKE_PROFIT_HARD,64.54
L1,1785101520,1785101700,short,2965.7,2964.4091947122297,TAKE_PROFIT_HARD,64.54
L1,1785101880,1785101880,short,2965.4,2966.70100919142,STOP_LOSS_HARD,-65.05
L1,1785118320,1785118980,long,2981.2,2979.89899080858,STOP_LOSS_HARD,-65.05
L1,1785154560,1785154560,long,2947.2,2945.89899080858,STOP_LOSS_HARD,-65.05
L1,1785158880,1785158940,long,2948.1,2946.79899080858,STOP_LOSS_HARD,-65.05
L1,1785160200,1785160320,long,2947.4,2948.69080528777,TAKE_PROFIT_HARD,64.54
L1,1785191640,1785191820,long,2948.0,2949.29080528777,TAKE_PROFIT_HARD,64.54
L1,1785193320,1785194100,long,2948.0,2949.3,TAKE_PROFIT_HARD,65.0
L1,1785228600,1785228600,short,2966.0,2964.70919471223,TAKE_PROFIT_HARD,64.54
L1,1785237120,1785237120,long,2947.2,2948.49080528777,TAKE_PROFIT_HARD,64.54
L1,1785243960,1785243960,short,2966.0,2964.70919471223,TAKE_PROFIT_HARD,64.54
L1,1785252600,1785252660,short,2965.8,2964.50919471223,TAKE_PROFIT_HARD,64.54
L1,1785254280,1785254340,short,2965.2,2963.9091947122297,TAKE_PROFIT_HARD,64.54
L1,1785255120,1785256200,short,2965.2,2966.5010091914196,STOP_LOSS_HARD,-65.05
L1,1785257280,1785257640,short,2964.9,2966.20100919142,STOP_LOSS_HARD,-65.05
L1,1785261840,1785262380,short,2965.9,2964.60919471223,TAKE_PROFIT_HARD,64.54
L1,1785267000,1785267840,short,2964.9,2966.20100919142,STOP_LOSS_HARD,-65.05
L1,1785275160,1785275280,short,2964.8,2963.50919471223,TAKE_PROFIT_HARD,64.54
L1,1785299400,1785299460,short,2965.1,2966.4010091914197,STOP_LOSS_HARD,-65.05
L1,1785324840,1785324840,long,2924.4,2923.0989908085803,STOP_LOSS_HARD,-65.05
L1,1785359160,1785359160,short,2923.1,2924.4010091914197,STOP_LOSS_HARD,-65.05
L1,1785363240,1785363480,long,2925.6,2924.29899080858,STOP_LOSS_HARD,-65.05
L1,1785363840,1785364200,long,2925.1,2923.79899080858,STOP_LOSS_HARD,-65.05
L1,1785365400,1785365820,long,2924.1,2922.79899080858,STOP_LOSS_HARD,-65.05
L1,1785366120,1785366120,short,2922.2,2923.5010091914196,STOP_LOSS_HARD,-65.05
L1,1785387960,1785388440,short,2922.4,2923.70100919142,STOP_LOSS_HARD,-65.05
L1,1785391800,1785391920,short,2922.0,2920.70919471223,TAKE_PROFIT_HARD,64.54
L1,1785392280,1785392340,short,2922.4,2923.70100919142,STOP_LOSS_HARD,-65.05
L1,1785392880,1785393480,long,2925.8,2927.0908052877703,TAKE_PROFIT_HARD,64.54
L1,1785398160,1785398460,short,2933.1,2931.80919471223,TAKE_PROFIT_HARD,64.54
L1,1785443520,1785444420,short,2964.9,2963.60919471223,TAKE_PROFIT_HARD,64.54
L1,1785445200,1785445260,short,2964.8,2966.10100919142,STOP_LOSS_HARD,-65.05
L1,1785448440,1785449940,short,2964.9,2963.60919471223,TAKE_PROFIT_HARD,64.54
L1,1785451560,1785451740,short,2964.9,2963.60919471223,TAKE_PROFIT_HARD,64.54
L1,1785455640,1785457140,short,2965.0,2966.30100919142,STOP_LOSS_HARD,-65.05
L1,1785466200,1785466680,short,2965.2,2966.5010091914196,STOP_LOSS_HARD,-65.05
L1,1785484080,1785484440,short,2964.8,2966.2,STOP_LOSS_HARD,-70.0
L1,1785485040,1785485340,short,2965.1,2963.80919471223,TAKE_PROFIT_HARD,64.54
L1,1785485640,1785486000,short,2965.0,2966.30100919142,STOP_LOSS_HARD,-65.05
L1,1785486360,1785486600,short,2966.2,2964.9091947122297,TAKE_PROFIT_HARD,64.54
L1,1785755640,1785755700,short,2983.7,2985.0010091914196,STOP_LOSS_HARD,-65.05
L1,1785764400,1785764520,short,2983.2,2984.5010091914196,STOP_LOSS_HARD,-65.05
L1,1785832560,1785832860,long,3003.2,3004.49080528777,TAKE_PROFIT_HARD,64.54
L1,1786029000,1786029180,short,3017.8,3016.50919471223,TAKE_PROFIT_HARD,64.54
