Date,Close,M_period,M_run_lo,M_run_hi,M_margin_pts,M_newrepeat,M_trend,Q_period,Q_run_lo,Q_run_hi,Q_margin_pts,Q_newrepeat,Q_trend,Y_period,Y_run_lo,Y_run_hi,Y_margin_pts,Y_newrepeat,Y_trend,trend_agree3,trend_agree_MQ
2025-01-01 18:00:00,21322.2,2025-01,21121.8,21333.0,1066.1,REPEAT,NEUTRAL,2025-Q1,21121.8,21333.0,1066.1,REPEAT,NEUTRAL,2025,21121.8,21333.0,1066.1,REPEAT,NEUTRAL,False,False
2025-01-01 22:00:00,21389.5,2025-01,21121.8,21396.8,1069.5,REPEAT,NEUTRAL,2025-Q1,21121.8,21396.8,1069.5,REPEAT,NEUTRAL,2025,21121.8,21396.8,1069.5,REPEAT,NEUTRAL,False,False
2025-01-02 02:00:00,21397.8,2025-01,21121.8,21424.5,1069.9,REPEAT,NEUTRAL,2025-Q1,21121.8,21424.5,1069.9,REPEAT,NEUTRAL,2025,21121.8,21424.5,1069.9,REPEAT,NEUTRAL,False,False
2025-01-02 06:00:00,21391.2,2025-01,21121.8,21490.5,1069.6,REPEAT,NEUTRAL,2025-Q1,21121.8,21490.5,1069.6,REPEAT,NEUTRAL,2025,21121.8,21490.5,1069.6,REPEAT,NEUTRAL,False,False
2025-01-02 10:00:00,21047.5,2025-01,20983.8,21490.5,1052.4,REPEAT,NEUTRAL,2025-Q1,20983.8,21490.5,1052.4,REPEAT,NEUTRAL,2025,20983.8,21490.5,1052.4,REPEAT,NEUTRAL,False,False
2025-01-02 14:00:00,21182.5,2025-01,20983.8,21490.5,1059.1,REPEAT,NEUTRAL,2025-Q1,20983.8,21490.5,1059.1,REPEAT,NEUTRAL,2025,20983.8,21490.5,1059.1,REPEAT,NEUTRAL,False,False
2025-01-02 18:00:00,21242.5,2025-01,20983.8,21490.5,1062.1,REPEAT,NEUTRAL,2025-Q1,20983.8,21490.5,1062.1,REPEAT,NEUTRAL,2025,20983.8,21490.5,1062.1,REPEAT,NEUTRAL,False,False
2025-01-02 22:00:00,21237.2,2025-01,20983.8,21490.5,1061.9,REPEAT,NEUTRAL,2025-Q1,20983.8,21490.5,1061.9,REPEAT,NEUTRAL,2025,20983.8,21490.5,1061.9,REPEAT,NEUTRAL,False,False
2025-01-03 02:00:00,21237.0,2025-01,20983.8,21490.5,1061.9,REPEAT,NEUTRAL,2025-Q1,20983.8,21490.5,1061.9,REPEAT,NEUTRAL,2025,20983.8,21490.5,1061.9,REPEAT,NEUTRAL,False,False
2025-01-03 06:00:00,21382.2,2025-01,20983.8,21490.5,1069.1,REPEAT,NEUTRAL,2025-Q1,20983.8,21490.5,1069.1,REPEAT,NEUTRAL,2025,20983.8,21490.5,1069.1,REPEAT,NEUTRAL,False,False
2025-01-03 10:00:00,21509.2,2025-01,20983.8,21531.2,1075.5,REPEAT,NEUTRAL,2025-Q1,20983.8,21531.2,1075.5,REPEAT,NEUTRAL,2025,20983.8,21531.2,1075.5,REPEAT,NEUTRAL,False,False
2025-01-03 14:00:00,21493.0,2025-01,20983.8,21559.2,1074.6,REPEAT,NEUTRAL,2025-Q1,20983.8,21559.2,1074.6,REPEAT,NEUTRAL,2025,20983.8,21559.2,1074.6,REPEAT,NEUTRAL,False,False
2025-01-05 18:00:00,21509.5,2025-01,20983.8,21559.2,1075.5,REPEAT,NEUTRAL,2025-Q1,20983.8,21559.2,1075.5,REPEAT,NEUTRAL,2025,20983.8,21559.2,1075.5,REPEAT,NEUTRAL,False,False
2025-01-05 22:00:00,21549.2,2025-01,20983.8,21559.2,1077.5,REPEAT,NEUTRAL,2025-Q1,20983.8,21559.2,1077.5,REPEAT,NEUTRAL,2025,20983.8,21559.2,1077.5,REPEAT,NEUTRAL,False,False
2025-01-06 02:00:00,21671.0,2025-01,20983.8,21693.2,1083.6,REPEAT,NEUTRAL,2025-Q1,20983.8,21693.2,1083.6,REPEAT,NEUTRAL,2025,20983.8,21693.2,1083.6,REPEAT,NEUTRAL,False,False
2025-01-06 06:00:00,21819.5,2025-01,20983.8,21848.8,1091.0,REPEAT,NEUTRAL,2025-Q1,20983.8,21848.8,1091.0,REPEAT,NEUTRAL,2025,20983.8,21848.8,1091.0,REPEAT,NEUTRAL,False,False
2025-01-06 10:00:00,21707.2,2025-01,20983.8,21896.8,1085.4,REPEAT,NEUTRAL,2025-Q1,20983.8,21896.8,1085.4,REPEAT,NEUTRAL,2025,20983.8,21896.8,1085.4,REPEAT,NEUTRAL,False,False
2025-01-06 14:00:00,21780.5,2025-01,20983.8,21896.8,1089.0,REPEAT,NEUTRAL,2025-Q1,20983.8,21896.8,1089.0,REPEAT,NEUTRAL,2025,20983.8,21896.8,1089.0,REPEAT,NEUTRAL,False,False
2025-01-06 18:00:00,21737.8,2025-01,20983.8,21896.8,1086.9,REPEAT,NEUTRAL,2025-Q1,20983.8,21896.8,1086.9,REPEAT,NEUTRAL,2025,20983.8,21896.8,1086.9,REPEAT,NEUTRAL,False,False
2025-01-06 22:00:00,21690.8,2025-01,20983.8,21896.8,1084.5,REPEAT,NEUTRAL,2025-Q1,20983.8,21896.8,1084.5,REPEAT,NEUTRAL,2025,20983.8,21896.8,1084.5,REPEAT,NEUTRAL,False,False
2025-01-07 02:00:00,21768.2,2025-01,20983.8,21896.8,1088.4,REPEAT,NEUTRAL,2025-Q1,20983.8,21896.8,1088.4,REPEAT,NEUTRAL,2025,20983.8,21896.8,1088.4,REPEAT,NEUTRAL,False,False
2025-01-07 06:00:00,21709.8,2025-01,20983.8,21896.8,1085.5,REPEAT,NEUTRAL,2025-Q1,20983.8,21896.8,1085.5,REPEAT,NEUTRAL,2025,20983.8,21896.8,1085.5,REPEAT,NEUTRAL,False,False
2025-01-07 10:00:00,21440.0,2025-01,20983.8,21896.8,1072.0,REPEAT,NEUTRAL,2025-Q1,20983.8,21896.8,1072.0,REPEAT,NEUTRAL,2025,20983.8,21896.8,1072.0,REPEAT,NEUTRAL,False,False
2025-01-07 14:00:00,21375.5,2025-01,20983.8,21896.8,1068.8,REPEAT,NEUTRAL,2025-Q1,20983.8,21896.8,1068.8,REPEAT,NEUTRAL,2025,20983.8,21896.8,1068.8,REPEAT,NEUTRAL,False,False
2025-01-07 18:00:00,21419.5,2025-01,20983.8,21896.8,1071.0,REPEAT,NEUTRAL,2025-Q1,20983.8,21896.8,1071.0,REPEAT,NEUTRAL,2025,20983.8,21896.8,1071.0,REPEAT,NEUTRAL,False,False
2025-01-07 22:00:00,21400.0,2025-01,20983.8,21896.8,1070.0,REPEAT,NEUTRAL,2025-Q1,20983.8,21896.8,1070.0,REPEAT,NEUTRAL,2025,20983.8,21896.8,1070.0,REPEAT,NEUTRAL,False,False
2025-01-08 02:00:00,21443.8,2025-01,20983.8,21896.8,1072.2,REPEAT,NEUTRAL,2025-Q1,20983.8,21896.8,1072.2,REPEAT,NEUTRAL,2025,20983.8,21896.8,1072.2,REPEAT,NEUTRAL,False,False
2025-01-08 06:00:00,21344.2,2025-01,20983.8,21896.8,1067.2,REPEAT,NEUTRAL,2025-Q1,20983.8,21896.8,1067.2,REPEAT,NEUTRAL,2025,20983.8,21896.8,1067.2,REPEAT,NEUTRAL,False,False
2025-01-08 10:00:00,21325.5,2025-01,20983.8,21896.8,1066.3,REPEAT,NEUTRAL,2025-Q1,20983.8,21896.8,1066.3,REPEAT,NEUTRAL,2025,20983.8,21896.8,1066.3,REPEAT,NEUTRAL,False,False
2025-01-08 14:00:00,21325.5,2025-01,20983.8,21896.8,1066.3,REPEAT,NEUTRAL,2025-Q1,20983.8,21896.8,1066.3,REPEAT,NEUTRAL,2025,20983.8,21896.8,1066.3,REPEAT,NEUTRAL,False,False
2025-01-08 18:00:00,21345.0,2025-01,20983.8,21896.8,1067.2,REPEAT,NEUTRAL,2025-Q1,20983.8,21896.8,1067.2,REPEAT,NEUTRAL,2025,20983.8,21896.8,1067.2,REPEAT,NEUTRAL,False,False
2025-01-08 22:00:00,21314.2,2025-01,20983.8,21896.8,1065.7,REPEAT,NEUTRAL,2025-Q1,20983.8,21896.8,1065.7,REPEAT,NEUTRAL,2025,20983.8,21896.8,1065.7,REPEAT,NEUTRAL,False,False
2025-01-09 02:00:00,21327.5,2025-01,20983.8,21896.8,1066.4,REPEAT,NEUTRAL,2025-Q1,20983.8,21896.8,1066.4,REPEAT,NEUTRAL,2025,20983.8,21896.8,1066.4,REPEAT,NEUTRAL,False,False
2025-01-09 06:00:00,21301.5,2025-01,20983.8,21896.8,1065.1,REPEAT,NEUTRAL,2025-Q1,20983.8,21896.8,1065.1,REPEAT,NEUTRAL,2025,20983.8,21896.8,1065.1,REPEAT,NEUTRAL,False,False
2025-01-09 18:00:00,21273.2,2025-01,20983.8,21896.8,1063.7,REPEAT,NEUTRAL,2025-Q1,20983.8,21896.8,1063.7,REPEAT,NEUTRAL,2025,20983.8,21896.8,1063.7,REPEAT,NEUTRAL,False,False
2025-01-09 22:00:00,21245.8,2025-01,20983.8,21896.8,1062.3,REPEAT,NEUTRAL,2025-Q1,20983.8,21896.8,1062.3,REPEAT,NEUTRAL,2025,20983.8,21896.8,1062.3,REPEAT,NEUTRAL,False,False
2025-01-10 02:00:00,21315.8,2025-01,20983.8,21896.8,1065.8,REPEAT,NEUTRAL,2025-Q1,20983.8,21896.8,1065.8,REPEAT,NEUTRAL,2025,20983.8,21896.8,1065.8,REPEAT,NEUTRAL,False,False
2025-01-10 06:00:00,21052.8,2025-01,20983.8,21896.8,1052.6,REPEAT,NEUTRAL,2025-Q1,20983.8,21896.8,1052.6,REPEAT,NEUTRAL,2025,20983.8,21896.8,1052.6,REPEAT,NEUTRAL,False,False
2025-01-10 10:00:00,21167.2,2025-01,20874.8,21896.8,1058.4,REPEAT,NEUTRAL,2025-Q1,20874.8,21896.8,1058.4,REPEAT,NEUTRAL,2025,20874.8,21896.8,1058.4,REPEAT,NEUTRAL,False,False
2025-01-10 14:00:00,20997.8,2025-01,20874.8,21896.8,1049.9,REPEAT,NEUTRAL,2025-Q1,20874.8,21896.8,1049.9,REPEAT,NEUTRAL,2025,20874.8,21896.8,1049.9,REPEAT,NEUTRAL,False,False
2025-01-12 18:00:00,20925.8,2025-01,20874.8,21896.8,1046.3,REPEAT,NEUTRAL,2025-Q1,20874.8,21896.8,1046.3,REPEAT,NEUTRAL,2025,20874.8,21896.8,1046.3,REPEAT,NEUTRAL,False,False
2025-01-12 22:00:00,20905.8,2025-01,20858.5,21896.8,1045.3,REPEAT,NEUTRAL,2025-Q1,20858.5,21896.8,1045.3,REPEAT,NEUTRAL,2025,20858.5,21896.8,1045.3,REPEAT,NEUTRAL,False,False
2025-01-13 02:00:00,20750.2,2025-01,20694.0,21896.8,1037.5,REPEAT,NEUTRAL,2025-Q1,20694.0,21896.8,1037.5,REPEAT,NEUTRAL,2025,20694.0,21896.8,1037.5,REPEAT,NEUTRAL,False,False
2025-01-13 06:00:00,20801.8,2025-01,20694.0,21896.8,1040.1,REPEAT,NEUTRAL,2025-Q1,20694.0,21896.8,1040.1,REPEAT,NEUTRAL,2025,20694.0,21896.8,1040.1,REPEAT,NEUTRAL,False,False
2025-01-13 10:00:00,20892.5,2025-01,20694.0,21896.8,1044.6,REPEAT,NEUTRAL,2025-Q1,20694.0,21896.8,1044.6,REPEAT,NEUTRAL,2025,20694.0,21896.8,1044.6,REPEAT,NEUTRAL,False,False
2025-01-13 14:00:00,20992.2,2025-01,20694.0,21896.8,1049.6,REPEAT,NEUTRAL,2025-Q1,20694.0,21896.8,1049.6,REPEAT,NEUTRAL,2025,20694.0,21896.8,1049.6,REPEAT,NEUTRAL,False,False
2025-01-13 18:00:00,21043.2,2025-01,20694.0,21896.8,1052.2,REPEAT,NEUTRAL,2025-Q1,20694.0,21896.8,1052.2,REPEAT,NEUTRAL,2025,20694.0,21896.8,1052.2,REPEAT,NEUTRAL,False,False
2025-01-13 22:00:00,21046.5,2025-01,20694.0,21896.8,1052.3,REPEAT,NEUTRAL,2025-Q1,20694.0,21896.8,1052.3,REPEAT,NEUTRAL,2025,20694.0,21896.8,1052.3,REPEAT,NEUTRAL,False,False
2025-01-14 02:00:00,21095.2,2025-01,20694.0,21896.8,1054.8,REPEAT,NEUTRAL,2025-Q1,20694.0,21896.8,1054.8,REPEAT,NEUTRAL,2025,20694.0,21896.8,1054.8,REPEAT,NEUTRAL,False,False
2025-01-14 06:00:00,20981.2,2025-01,20694.0,21896.8,1049.1,REPEAT,NEUTRAL,2025-Q1,20694.0,21896.8,1049.1,REPEAT,NEUTRAL,2025,20694.0,21896.8,1049.1,REPEAT,NEUTRAL,False,False
2025-01-14 10:00:00,20997.2,2025-01,20694.0,21896.8,1049.9,REPEAT,NEUTRAL,2025-Q1,20694.0,21896.8,1049.9,REPEAT,NEUTRAL,2025,20694.0,21896.8,1049.9,REPEAT,NEUTRAL,False,False
2025-01-14 14:00:00,20977.5,2025-01,20694.0,21896.8,1048.9,REPEAT,NEUTRAL,2025-Q1,20694.0,21896.8,1048.9,REPEAT,NEUTRAL,2025,20694.0,21896.8,1048.9,REPEAT,NEUTRAL,False,False
2025-01-14 18:00:00,20937.8,2025-01,20694.0,21896.8,1046.9,REPEAT,NEUTRAL,2025-Q1,20694.0,21896.8,1046.9,REPEAT,NEUTRAL,2025,20694.0,21896.8,1046.9,REPEAT,NEUTRAL,False,False
2025-01-14 22:00:00,20948.2,2025-01,20694.0,21896.8,1047.4,REPEAT,NEUTRAL,2025-Q1,20694.0,21896.8,1047.4,REPEAT,NEUTRAL,2025,20694.0,21896.8,1047.4,REPEAT,NEUTRAL,False,False
2025-01-15 02:00:00,20965.0,2025-01,20694.0,21896.8,1048.2,REPEAT,NEUTRAL,2025-Q1,20694.0,21896.8,1048.2,REPEAT,NEUTRAL,2025,20694.0,21896.8,1048.2,REPEAT,NEUTRAL,False,False
2025-01-15 06:00:00,21327.2,2025-01,20694.0,21896.8,1066.4,REPEAT,NEUTRAL,2025-Q1,20694.0,21896.8,1066.4,REPEAT,NEUTRAL,2025,20694.0,21896.8,1066.4,REPEAT,NEUTRAL,False,False
2025-01-15 10:00:00,21380.2,2025-01,20694.0,21896.8,1069.0,REPEAT,NEUTRAL,2025-Q1,20694.0,21896.8,1069.0,REPEAT,NEUTRAL,2025,20694.0,21896.8,1069.0,REPEAT,NEUTRAL,False,False
2025-01-15 14:00:00,21376.8,2025-01,20694.0,21896.8,1068.8,REPEAT,NEUTRAL,2025-Q1,20694.0,21896.8,1068.8,REPEAT,NEUTRAL,2025,20694.0,21896.8,1068.8,REPEAT,NEUTRAL,False,False
2025-01-15 18:00:00,21398.5,2025-01,20694.0,21896.8,1069.9,REPEAT,NEUTRAL,2025-Q1,20694.0,21896.8,1069.9,REPEAT,NEUTRAL,2025,20694.0,21896.8,1069.9,REPEAT,NEUTRAL,False,False
2025-01-15 22:00:00,21440.8,2025-01,20694.0,21896.8,1072.0,REPEAT,NEUTRAL,2025-Q1,20694.0,21896.8,1072.0,REPEAT,NEUTRAL,2025,20694.0,21896.8,1072.0,REPEAT,NEUTRAL,False,False
2025-01-16 02:00:00,21498.0,2025-01,20694.0,21896.8,1074.9,REPEAT,NEUTRAL,2025-Q1,20694.0,21896.8,1074.9,REPEAT,NEUTRAL,2025,20694.0,21896.8,1074.9,REPEAT,NEUTRAL,False,False
2025-01-16 06:00:00,21378.8,2025-01,20694.0,21896.8,1068.9,REPEAT,NEUTRAL,2025-Q1,20694.0,21896.8,1068.9,REPEAT,NEUTRAL,2025,20694.0,21896.8,1068.9,REPEAT,NEUTRAL,False,False
2025-01-16 10:00:00,21290.5,2025-01,20694.0,21896.8,1064.5,REPEAT,NEUTRAL,2025-Q1,20694.0,21896.8,1064.5,REPEAT,NEUTRAL,2025,20694.0,21896.8,1064.5,REPEAT,NEUTRAL,False,False
2025-01-16 14:00:00,21214.2,2025-01,20694.0,21896.8,1060.7,REPEAT,NEUTRAL,2025-Q1,20694.0,21896.8,1060.7,REPEAT,NEUTRAL,2025,20694.0,21896.8,1060.7,REPEAT,NEUTRAL,False,False
2025-01-16 18:00:00,21258.0,2025-01,20694.0,21896.8,1062.9,REPEAT,NEUTRAL,2025-Q1,20694.0,21896.8,1062.9,REPEAT,NEUTRAL,2025,20694.0,21896.8,1062.9,REPEAT,NEUTRAL,False,False
2025-01-16 22:00:00,21288.8,2025-01,20694.0,21896.8,1064.4,REPEAT,NEUTRAL,2025-Q1,20694.0,21896.8,1064.4,REPEAT,NEUTRAL,2025,20694.0,21896.8,1064.4,REPEAT,NEUTRAL,False,False
2025-01-17 02:00:00,21334.2,2025-01,20694.0,21896.8,1066.7,REPEAT,NEUTRAL,2025-Q1,20694.0,21896.8,1066.7,REPEAT,NEUTRAL,2025,20694.0,21896.8,1066.7,REPEAT,NEUTRAL,False,False
2025-01-17 06:00:00,21505.5,2025-01,20694.0,21896.8,1075.3,REPEAT,NEUTRAL,2025-Q1,20694.0,21896.8,1075.3,REPEAT,NEUTRAL,2025,20694.0,21896.8,1075.3,REPEAT,NEUTRAL,False,False
2025-01-17 10:00:00,21631.8,2025-01,20694.0,21896.8,1081.6,REPEAT,NEUTRAL,2025-Q1,20694.0,21896.8,1081.6,REPEAT,NEUTRAL,2025,20694.0,21896.8,1081.6,REPEAT,NEUTRAL,False,False
2025-01-17 14:00:00,21589.0,2025-01,20694.0,21896.8,1079.4,REPEAT,NEUTRAL,2025-Q1,20694.0,21896.8,1079.4,REPEAT,NEUTRAL,2025,20694.0,21896.8,1079.4,REPEAT,NEUTRAL,False,False
2025-01-19 18:00:00,21561.2,2025-01,20694.0,21896.8,1078.1,REPEAT,NEUTRAL,2025-Q1,20694.0,21896.8,1078.1,REPEAT,NEUTRAL,2025,20694.0,21896.8,1078.1,REPEAT,NEUTRAL,False,False
2025-01-19 22:00:00,21594.5,2025-01,20694.0,21896.8,1079.7,REPEAT,NEUTRAL,2025-Q1,20694.0,21896.8,1079.7,REPEAT,NEUTRAL,2025,20694.0,21896.8,1079.7,REPEAT,NEUTRAL,False,False
2025-01-20 02:00:00,21625.0,2025-01,20694.0,21896.8,1081.2,REPEAT,NEUTRAL,2025-Q1,20694.0,21896.8,1081.2,REPEAT,NEUTRAL,2025,20694.0,21896.8,1081.2,REPEAT,NEUTRAL,False,False
2025-01-20 06:00:00,21743.0,2025-01,20694.0,21896.8,1087.2,REPEAT,NEUTRAL,2025-Q1,20694.0,21896.8,1087.2,REPEAT,NEUTRAL,2025,20694.0,21896.8,1087.2,REPEAT,NEUTRAL,False,False
2025-01-20 10:00:00,21683.0,2025-01,20694.0,21896.8,1084.2,REPEAT,NEUTRAL,2025-Q1,20694.0,21896.8,1084.2,REPEAT,NEUTRAL,2025,20694.0,21896.8,1084.2,REPEAT,NEUTRAL,False,False
2025-01-20 18:00:00,21588.0,2025-01,20694.0,21896.8,1079.4,REPEAT,NEUTRAL,2025-Q1,20694.0,21896.8,1079.4,REPEAT,NEUTRAL,2025,20694.0,21896.8,1079.4,REPEAT,NEUTRAL,False,False
2025-01-20 22:00:00,21600.2,2025-01,20694.0,21896.8,1080.0,REPEAT,NEUTRAL,2025-Q1,20694.0,21896.8,1080.0,REPEAT,NEUTRAL,2025,20694.0,21896.8,1080.0,REPEAT,NEUTRAL,False,False
2025-01-21 02:00:00,21688.0,2025-01,20694.0,21896.8,1084.4,REPEAT,NEUTRAL,2025-Q1,20694.0,21896.8,1084.4,REPEAT,NEUTRAL,2025,20694.0,21896.8,1084.4,REPEAT,NEUTRAL,False,False
2025-01-21 06:00:00,21631.0,2025-01,20694.0,21896.8,1081.6,REPEAT,NEUTRAL,2025-Q1,20694.0,21896.8,1081.6,REPEAT,NEUTRAL,2025,20694.0,21896.8,1081.6,REPEAT,NEUTRAL,False,False
2025-01-21 10:00:00,21752.8,2025-01,20694.0,21896.8,1087.6,REPEAT,NEUTRAL,2025-Q1,20694.0,21896.8,1087.6,REPEAT,NEUTRAL,2025,20694.0,21896.8,1087.6,REPEAT,NEUTRAL,False,False
2025-01-21 14:00:00,21772.5,2025-01,20694.0,21896.8,1088.6,REPEAT,NEUTRAL,2025-Q1,20694.0,21896.8,1088.6,REPEAT,NEUTRAL,2025,20694.0,21896.8,1088.6,REPEAT,NEUTRAL,False,False
2025-01-21 18:00:00,21834.5,2025-01,20694.0,21896.8,1091.7,REPEAT,NEUTRAL,2025-Q1,20694.0,21896.8,1091.7,REPEAT,NEUTRAL,2025,20694.0,21896.8,1091.7,REPEAT,NEUTRAL,False,False
2025-01-21 22:00:00,21841.5,2025-01,20694.0,21896.8,1092.1,REPEAT,NEUTRAL,2025-Q1,20694.0,21896.8,1092.1,REPEAT,NEUTRAL,2025,20694.0,21896.8,1092.1,REPEAT,NEUTRAL,False,False
2025-01-22 02:00:00,21890.5,2025-01,20694.0,21907.0,1094.5,REPEAT,NEUTRAL,2025-Q1,20694.0,21907.0,1094.5,REPEAT,NEUTRAL,2025,20694.0,21907.0,1094.5,REPEAT,NEUTRAL,False,False
2025-01-22 06:00:00,22014.0,2025-01,20694.0,22028.0,1100.7,REPEAT,NEUTRAL,2025-Q1,20694.0,22028.0,1100.7,REPEAT,NEUTRAL,2025,20694.0,22028.0,1100.7,REPEAT,NEUTRAL,False,False
2025-01-22 10:00:00,22027.2,2025-01,20694.0,22093.5,1101.4,REPEAT,NEUTRAL,2025-Q1,20694.0,22093.5,1101.4,REPEAT,NEUTRAL,2025,20694.0,22093.5,1101.4,REPEAT,NEUTRAL,False,False
2025-01-22 14:00:00,21985.0,2025-01,20694.0,22093.5,1099.2,REPEAT,NEUTRAL,2025-Q1,20694.0,22093.5,1099.2,REPEAT,NEUTRAL,2025,20694.0,22093.5,1099.2,REPEAT,NEUTRAL,False,False
2025-01-22 18:00:00,21954.5,2025-01,20694.0,22093.5,1097.7,REPEAT,NEUTRAL,2025-Q1,20694.0,22093.5,1097.7,REPEAT,NEUTRAL,2025,20694.0,22093.5,1097.7,REPEAT,NEUTRAL,False,False
2025-01-22 22:00:00,21942.2,2025-01,20694.0,22093.5,1097.1,REPEAT,NEUTRAL,2025-Q1,20694.0,22093.5,1097.1,REPEAT,NEUTRAL,2025,20694.0,22093.5,1097.1,REPEAT,NEUTRAL,False,False
2025-01-23 02:00:00,21881.0,2025-01,20694.0,22093.5,1094.0,REPEAT,NEUTRAL,2025-Q1,20694.0,22093.5,1094.0,REPEAT,NEUTRAL,2025,20694.0,22093.5,1094.0,REPEAT,NEUTRAL,False,False
2025-01-23 06:00:00,21897.5,2025-01,20694.0,22093.5,1094.9,REPEAT,NEUTRAL,2025-Q1,20694.0,22093.5,1094.9,REPEAT,NEUTRAL,2025,20694.0,22093.5,1094.9,REPEAT,NEUTRAL,False,False
2025-01-23 10:00:00,21954.8,2025-01,20694.0,22093.5,1097.7,REPEAT,NEUTRAL,2025-Q1,20694.0,22093.5,1097.7,REPEAT,NEUTRAL,2025,20694.0,22093.5,1097.7,REPEAT,NEUTRAL,False,False
2025-01-23 14:00:00,22021.8,2025-01,20694.0,22093.5,1101.1,REPEAT,NEUTRAL,2025-Q1,20694.0,22093.5,1101.1,REPEAT,NEUTRAL,2025,20694.0,22093.5,1101.1,REPEAT,NEUTRAL,False,False
2025-01-23 18:00:00,22049.5,2025-01,20694.0,22093.5,1102.5,REPEAT,NEUTRAL,2025-Q1,20694.0,22093.5,1102.5,REPEAT,NEUTRAL,2025,20694.0,22093.5,1102.5,REPEAT,NEUTRAL,False,False
2025-01-23 22:00:00,22003.0,2025-01,20694.0,22093.5,1100.2,REPEAT,NEUTRAL,2025-Q1,20694.0,22093.5,1100.2,REPEAT,NEUTRAL,2025,20694.0,22093.5,1100.2,REPEAT,NEUTRAL,False,False
2025-01-24 02:00:00,22007.5,2025-01,20694.0,22093.5,1100.4,REPEAT,NEUTRAL,2025-Q1,20694.0,22093.5,1100.4,REPEAT,NEUTRAL,2025,20694.0,22093.5,1100.4,REPEAT,NEUTRAL,False,False
2025-01-24 06:00:00,22058.2,2025-01,20694.0,22093.5,1102.9,REPEAT,NEUTRAL,2025-Q1,20694.0,22093.5,1102.9,REPEAT,NEUTRAL,2025,20694.0,22093.5,1102.9,REPEAT,NEUTRAL,False,False
2025-01-24 10:00:00,21867.8,2025-01,20694.0,22093.5,1093.4,REPEAT,NEUTRAL,2025-Q1,20694.0,22093.5,1093.4,REPEAT,NEUTRAL,2025,20694.0,22093.5,1093.4,REPEAT,NEUTRAL,False,False
2025-01-24 14:00:00,21907.8,2025-01,20694.0,22093.5,1095.4,REPEAT,NEUTRAL,2025-Q1,20694.0,22093.5,1095.4,REPEAT,NEUTRAL,2025,20694.0,22093.5,1095.4,REPEAT,NEUTRAL,False,False
2025-01-26 18:00:00,21522.8,2025-01,20694.0,22093.5,1076.1,REPEAT,NEUTRAL,2025-Q1,20694.0,22093.5,1076.1,REPEAT,NEUTRAL,2025,20694.0,22093.5,1076.1,REPEAT,NEUTRAL,False,False
2025-01-26 22:00:00,21388.5,2025-01,20694.0,22093.5,1069.4,REPEAT,NEUTRAL,2025-Q1,20694.0,22093.5,1069.4,REPEAT,NEUTRAL,2025,20694.0,22093.5,1069.4,REPEAT,NEUTRAL,False,False
2025-01-27 02:00:00,20886.8,2025-01,20694.0,22093.5,1044.3,REPEAT,NEUTRAL,2025-Q1,20694.0,22093.5,1044.3,REPEAT,NEUTRAL,2025,20694.0,22093.5,1044.3,REPEAT,NEUTRAL,False,False
2025-01-27 06:00:00,21334.2,2025-01,20694.0,22093.5,1066.7,REPEAT,NEUTRAL,2025-Q1,20694.0,22093.5,1066.7,REPEAT,NEUTRAL,2025,20694.0,22093.5,1066.7,REPEAT,NEUTRAL,False,False
2025-01-27 10:00:00,21150.8,2025-01,20694.0,22093.5,1057.5,REPEAT,NEUTRAL,2025-Q1,20694.0,22093.5,1057.5,REPEAT,NEUTRAL,2025,20694.0,22093.5,1057.5,REPEAT,NEUTRAL,False,False
2025-01-27 14:00:00,21304.5,2025-01,20694.0,22093.5,1065.2,REPEAT,NEUTRAL,2025-Q1,20694.0,22093.5,1065.2,REPEAT,NEUTRAL,2025,20694.0,22093.5,1065.2,REPEAT,NEUTRAL,False,False
2025-01-27 18:00:00,21291.2,2025-01,20694.0,22093.5,1064.6,REPEAT,NEUTRAL,2025-Q1,20694.0,22093.5,1064.6,REPEAT,NEUTRAL,2025,20694.0,22093.5,1064.6,REPEAT,NEUTRAL,False,False
2025-01-27 22:00:00,21291.0,2025-01,20694.0,22093.5,1064.6,REPEAT,NEUTRAL,2025-Q1,20694.0,22093.5,1064.6,REPEAT,NEUTRAL,2025,20694.0,22093.5,1064.6,REPEAT,NEUTRAL,False,False
2025-01-28 02:00:00,21392.0,2025-01,20694.0,22093.5,1069.6,REPEAT,NEUTRAL,2025-Q1,20694.0,22093.5,1069.6,REPEAT,NEUTRAL,2025,20694.0,22093.5,1069.6,REPEAT,NEUTRAL,False,False
2025-01-28 06:00:00,21283.0,2025-01,20694.0,22093.5,1064.2,REPEAT,NEUTRAL,2025-Q1,20694.0,22093.5,1064.2,REPEAT,NEUTRAL,2025,20694.0,22093.5,1064.2,REPEAT,NEUTRAL,False,False
2025-01-28 10:00:00,21540.2,2025-01,20694.0,22093.5,1077.0,REPEAT,NEUTRAL,2025-Q1,20694.0,22093.5,1077.0,REPEAT,NEUTRAL,2025,20694.0,22093.5,1077.0,REPEAT,NEUTRAL,False,False
2025-01-28 14:00:00,21558.5,2025-01,20694.0,22093.5,1077.9,REPEAT,NEUTRAL,2025-Q1,20694.0,22093.5,1077.9,REPEAT,NEUTRAL,2025,20694.0,22093.5,1077.9,REPEAT,NEUTRAL,False,False
2025-01-28 18:00:00,21579.0,2025-01,20694.0,22093.5,1079.0,REPEAT,NEUTRAL,2025-Q1,20694.0,22093.5,1079.0,REPEAT,NEUTRAL,2025,20694.0,22093.5,1079.0,REPEAT,NEUTRAL,False,False
2025-01-28 22:00:00,21663.0,2025-01,20694.0,22093.5,1083.2,REPEAT,NEUTRAL,2025-Q1,20694.0,22093.5,1083.2,REPEAT,NEUTRAL,2025,20694.0,22093.5,1083.2,REPEAT,NEUTRAL,False,False
2025-01-29 02:00:00,21665.0,2025-01,20694.0,22093.5,1083.2,REPEAT,NEUTRAL,2025-Q1,20694.0,22093.5,1083.2,REPEAT,NEUTRAL,2025,20694.0,22093.5,1083.2,REPEAT,NEUTRAL,False,False
2025-01-29 06:00:00,21519.0,2025-01,20694.0,22093.5,1076.0,REPEAT,NEUTRAL,2025-Q1,20694.0,22093.5,1076.0,REPEAT,NEUTRAL,2025,20694.0,22093.5,1076.0,REPEAT,NEUTRAL,False,False
2025-01-29 10:00:00,21467.2,2025-01,20694.0,22093.5,1073.4,REPEAT,NEUTRAL,2025-Q1,20694.0,22093.5,1073.4,REPEAT,NEUTRAL,2025,20694.0,22093.5,1073.4,REPEAT,NEUTRAL,False,False
2025-01-29 14:00:00,21572.2,2025-01,20694.0,22093.5,1078.6,REPEAT,NEUTRAL,2025-Q1,20694.0,22093.5,1078.6,REPEAT,NEUTRAL,2025,20694.0,22093.5,1078.6,REPEAT,NEUTRAL,False,False
2025-01-29 18:00:00,21655.8,2025-01,20694.0,22093.5,1082.8,REPEAT,NEUTRAL,2025-Q1,20694.0,22093.5,1082.8,REPEAT,NEUTRAL,2025,20694.0,22093.5,1082.8,REPEAT,NEUTRAL,False,False
2025-01-29 22:00:00,21642.2,2025-01,20694.0,22093.5,1082.1,REPEAT,NEUTRAL,2025-Q1,20694.0,22093.5,1082.1,REPEAT,NEUTRAL,2025,20694.0,22093.5,1082.1,REPEAT,NEUTRAL,False,False
2025-01-30 02:00:00,21620.2,2025-01,20694.0,22093.5,1081.0,REPEAT,NEUTRAL,2025-Q1,20694.0,22093.5,1081.0,REPEAT,NEUTRAL,2025,20694.0,22093.5,1081.0,REPEAT,NEUTRAL,False,False
2025-01-30 06:00:00,21674.0,2025-01,20694.0,22093.5,1083.7,REPEAT,NEUTRAL,2025-Q1,20694.0,22093.5,1083.7,REPEAT,NEUTRAL,2025,20694.0,22093.5,1083.7,REPEAT,NEUTRAL,False,False
2025-01-30 10:00:00,21606.5,2025-01,20694.0,22093.5,1080.3,REPEAT,NEUTRAL,2025-Q1,20694.0,22093.5,1080.3,REPEAT,NEUTRAL,2025,20694.0,22093.5,1080.3,REPEAT,NEUTRAL,False,False
2025-01-30 14:00:00,21608.8,2025-01,20694.0,22093.5,1080.4,REPEAT,NEUTRAL,2025-Q1,20694.0,22093.5,1080.4,REPEAT,NEUTRAL,2025,20694.0,22093.5,1080.4,REPEAT,NEUTRAL,False,False
2025-01-30 18:00:00,21740.2,2025-01,20694.0,22093.5,1087.0,REPEAT,NEUTRAL,2025-Q1,20694.0,22093.5,1087.0,REPEAT,NEUTRAL,2025,20694.0,22093.5,1087.0,REPEAT,NEUTRAL,False,False
2025-01-30 22:00:00,21760.8,2025-01,20694.0,22093.5,1088.0,REPEAT,NEUTRAL,2025-Q1,20694.0,22093.5,1088.0,REPEAT,NEUTRAL,2025,20694.0,22093.5,1088.0,REPEAT,NEUTRAL,False,False
2025-01-31 02:00:00,21781.5,2025-01,20694.0,22093.5,1089.1,REPEAT,NEUTRAL,2025-Q1,20694.0,22093.5,1089.1,REPEAT,NEUTRAL,2025,20694.0,22093.5,1089.1,REPEAT,NEUTRAL,False,False
2025-01-31 06:00:00,21868.2,2025-01,20694.0,22093.5,1093.4,REPEAT,NEUTRAL,2025-Q1,20694.0,22093.5,1093.4,REPEAT,NEUTRAL,2025,20694.0,22093.5,1093.4,REPEAT,NEUTRAL,False,False
2025-01-31 10:00:00,21751.8,2025-01,20694.0,22093.5,1087.6,REPEAT,NEUTRAL,2025-Q1,20694.0,22093.5,1087.6,REPEAT,NEUTRAL,2025,20694.0,22093.5,1087.6,REPEAT,NEUTRAL,False,False
2025-01-31 14:00:00,21571.0,2025-01,20694.0,22093.5,1078.6,REPEAT,NEUTRAL,2025-Q1,20694.0,22093.5,1078.6,REPEAT,NEUTRAL,2025,20694.0,22093.5,1078.6,REPEAT,NEUTRAL,False,False
2025-02-02 18:00:00,21029.8,2025-02,20943.0,21200.0,1051.5,REPEAT,NEUTRAL,2025-Q1,20694.0,22093.5,1051.5,REPEAT,NEUTRAL,2025,20694.0,22093.5,1051.5,REPEAT,NEUTRAL,False,False
2025-02-02 22:00:00,21066.0,2025-02,20943.0,21200.0,1053.3,REPEAT,NEUTRAL,2025-Q1,20694.0,22093.5,1053.3,REPEAT,NEUTRAL,2025,20694.0,22093.5,1053.3,REPEAT,NEUTRAL,False,False
2025-02-03 02:00:00,21232.8,2025-02,20943.0,21252.0,1061.6,REPEAT,NEUTRAL,2025-Q1,20694.0,22093.5,1061.6,REPEAT,NEUTRAL,2025,20694.0,22093.5,1061.6,REPEAT,NEUTRAL,False,False
2025-02-03 06:00:00,21216.0,2025-02,20943.0,21314.5,1060.8,REPEAT,NEUTRAL,2025-Q1,20694.0,22093.5,1060.8,REPEAT,NEUTRAL,2025,20694.0,22093.5,1060.8,REPEAT,NEUTRAL,False,False
2025-02-03 10:00:00,21467.8,2025-02,20943.0,21474.5,1073.4,REPEAT,NEUTRAL,2025-Q1,20694.0,22093.5,1073.4,REPEAT,NEUTRAL,2025,20694.0,22093.5,1073.4,REPEAT,NEUTRAL,False,False
2025-02-03 14:00:00,21553.2,2025-02,20943.0,21579.8,1077.7,REPEAT,NEUTRAL,2025-Q1,20694.0,22093.5,1077.7,REPEAT,NEUTRAL,2025,20694.0,22093.5,1077.7,REPEAT,NEUTRAL,False,False
2025-02-03 18:00:00,21468.5,2025-02,20943.0,21600.0,1073.4,REPEAT,NEUTRAL,2025-Q1,20694.0,22093.5,1073.4,REPEAT,NEUTRAL,2025,20694.0,22093.5,1073.4,REPEAT,NEUTRAL,False,False
2025-02-03 22:00:00,21400.2,2025-02,20943.0,21600.0,1070.0,REPEAT,NEUTRAL,2025-Q1,20694.0,22093.5,1070.0,REPEAT,NEUTRAL,2025,20694.0,22093.5,1070.0,REPEAT,NEUTRAL,False,False
2025-02-04 02:00:00,21390.8,2025-02,20943.0,21600.0,1069.5,REPEAT,NEUTRAL,2025-Q1,20694.0,22093.5,1069.5,REPEAT,NEUTRAL,2025,20694.0,22093.5,1069.5,REPEAT,NEUTRAL,False,False
2025-02-04 06:00:00,21559.8,2025-02,20943.0,21600.0,1078.0,REPEAT,NEUTRAL,2025-Q1,20694.0,22093.5,1078.0,REPEAT,NEUTRAL,2025,20694.0,22093.5,1078.0,REPEAT,NEUTRAL,False,False
2025-02-04 10:00:00,21622.0,2025-02,20943.0,21694.0,1081.1,REPEAT,NEUTRAL,2025-Q1,20694.0,22093.5,1081.1,REPEAT,NEUTRAL,2025,20694.0,22093.5,1081.1,REPEAT,NEUTRAL,False,False
2025-02-04 14:00:00,21583.5,2025-02,20943.0,21694.0,1079.2,REPEAT,NEUTRAL,2025-Q1,20694.0,22093.5,1079.2,REPEAT,NEUTRAL,2025,20694.0,22093.5,1079.2,REPEAT,NEUTRAL,False,False
2025-02-04 18:00:00,21564.2,2025-02,20943.0,21694.0,1078.2,REPEAT,NEUTRAL,2025-Q1,20694.0,22093.5,1078.2,REPEAT,NEUTRAL,2025,20694.0,22093.5,1078.2,REPEAT,NEUTRAL,False,False
2025-02-04 22:00:00,21519.2,2025-02,20943.0,21694.0,1076.0,REPEAT,NEUTRAL,2025-Q1,20694.0,22093.5,1076.0,REPEAT,NEUTRAL,2025,20694.0,22093.5,1076.0,REPEAT,NEUTRAL,False,False
2025-02-05 02:00:00,21479.0,2025-02,20943.0,21694.0,1074.0,REPEAT,NEUTRAL,2025-Q1,20694.0,22093.5,1074.0,REPEAT,NEUTRAL,2025,20694.0,22093.5,1074.0,REPEAT,NEUTRAL,False,False
2025-02-05 06:00:00,21565.2,2025-02,20943.0,21694.0,1078.3,REPEAT,NEUTRAL,2025-Q1,20694.0,22093.5,1078.3,REPEAT,NEUTRAL,2025,20694.0,22093.5,1078.3,REPEAT,NEUTRAL,False,False
2025-02-05 10:00:00,21710.5,2025-02,20943.0,21742.5,1085.5,REPEAT,NEUTRAL,2025-Q1,20694.0,22093.5,1085.5,REPEAT,NEUTRAL,2025,20694.0,22093.5,1085.5,REPEAT,NEUTRAL,False,False
2025-02-05 14:00:00,21770.5,2025-02,20943.0,21795.0,1088.5,REPEAT,NEUTRAL,2025-Q1,20694.0,22093.5,1088.5,REPEAT,NEUTRAL,2025,20694.0,22093.5,1088.5,REPEAT,NEUTRAL,False,False
2025-02-05 18:00:00,21780.8,2025-02,20943.0,21797.8,1089.0,REPEAT,NEUTRAL,2025-Q1,20694.0,22093.5,1089.0,REPEAT,NEUTRAL,2025,20694.0,22093.5,1089.0,REPEAT,NEUTRAL,False,False
2025-02-05 22:00:00,21810.0,2025-02,20943.0,21832.8,1090.5,REPEAT,NEUTRAL,2025-Q1,20694.0,22093.5,1090.5,REPEAT,NEUTRAL,2025,20694.0,22093.5,1090.5,REPEAT,NEUTRAL,False,False
2025-02-06 02:00:00,21779.2,2025-02,20943.0,21832.8,1089.0,REPEAT,NEUTRAL,2025-Q1,20694.0,22093.5,1089.0,REPEAT,NEUTRAL,2025,20694.0,22093.5,1089.0,REPEAT,NEUTRAL,False,False
2025-02-06 06:00:00,21790.0,2025-02,20943.0,21832.8,1089.5,REPEAT,NEUTRAL,2025-Q1,20694.0,22093.5,1089.5,REPEAT,NEUTRAL,2025,20694.0,22093.5,1089.5,REPEAT,NEUTRAL,False,False
2025-02-06 10:00:00,21816.5,2025-02,20943.0,21848.8,1090.8,REPEAT,NEUTRAL,2025-Q1,20694.0,22093.5,1090.8,REPEAT,NEUTRAL,2025,20694.0,22093.5,1090.8,REPEAT,NEUTRAL,False,False
2025-02-06 14:00:00,21845.2,2025-02,20943.0,21882.2,1092.3,REPEAT,NEUTRAL,2025-Q1,20694.0,22093.5,1092.3,REPEAT,NEUTRAL,2025,20694.0,22093.5,1092.3,REPEAT,NEUTRAL,False,False
2025-02-06 18:00:00,21891.0,2025-02,20943.0,21899.2,1094.6,REPEAT,NEUTRAL,2025-Q1,20694.0,22093.5,1094.6,REPEAT,NEUTRAL,2025,20694.0,22093.5,1094.6,REPEAT,NEUTRAL,False,False
2025-02-06 22:00:00,21860.2,2025-02,20943.0,21899.2,1093.0,REPEAT,NEUTRAL,2025-Q1,20694.0,22093.5,1093.0,REPEAT,NEUTRAL,2025,20694.0,22093.5,1093.0,REPEAT,NEUTRAL,False,False
2025-02-07 02:00:00,21854.2,2025-02,20943.0,21899.2,1092.7,REPEAT,NEUTRAL,2025-Q1,20694.0,22093.5,1092.7,REPEAT,NEUTRAL,2025,20694.0,22093.5,1092.7,REPEAT,NEUTRAL,False,False
2025-02-07 06:00:00,21904.0,2025-02,20943.0,21968.0,1095.2,REPEAT,NEUTRAL,2025-Q1,20694.0,22093.5,1095.2,REPEAT,NEUTRAL,2025,20694.0,22093.5,1095.2,REPEAT,NEUTRAL,False,False
2025-02-07 10:00:00,21624.2,2025-02,20943.0,21968.0,1081.2,REPEAT,NEUTRAL,2025-Q1,20694.0,22093.5,1081.2,REPEAT,NEUTRAL,2025,20694.0,22093.5,1081.2,REPEAT,NEUTRAL,False,False
2025-02-07 14:00:00,21575.2,2025-02,20943.0,21968.0,1078.8,REPEAT,NEUTRAL,2025-Q1,20694.0,22093.5,1078.8,REPEAT,NEUTRAL,2025,20694.0,22093.5,1078.8,REPEAT,NEUTRAL,False,False
2025-02-09 18:00:00,21675.5,2025-02,20943.0,21968.0,1083.8,REPEAT,NEUTRAL,2025-Q1,20694.0,22093.5,1083.8,REPEAT,NEUTRAL,2025,20694.0,22093.5,1083.8,REPEAT,NEUTRAL,False,False
2025-02-09 22:00:00,21694.2,2025-02,20943.0,21968.0,1084.7,REPEAT,NEUTRAL,2025-Q1,20694.0,22093.5,1084.7,REPEAT,NEUTRAL,2025,20694.0,22093.5,1084.7,REPEAT,NEUTRAL,False,False
2025-02-10 02:00:00,21726.2,2025-02,20943.0,21968.0,1086.3,REPEAT,NEUTRAL,2025-Q1,20694.0,22093.5,1086.3,REPEAT,NEUTRAL,2025,20694.0,22093.5,1086.3,REPEAT,NEUTRAL,False,False
2025-02-10 06:00:00,21791.0,2025-02,20943.0,21968.0,1089.6,REPEAT,NEUTRAL,2025-Q1,20694.0,22093.5,1089.6,REPEAT,NEUTRAL,2025,20694.0,22093.5,1089.6,REPEAT,NEUTRAL,False,False
2025-02-10 10:00:00,21878.8,2025-02,20943.0,21968.0,1093.9,REPEAT,NEUTRAL,2025-Q1,20694.0,22093.5,1093.9,REPEAT,NEUTRAL,2025,20694.0,22093.5,1093.9,REPEAT,NEUTRAL,False,False
2025-02-10 14:00:00,21837.0,2025-02,20943.0,21968.0,1091.9,REPEAT,NEUTRAL,2025-Q1,20694.0,22093.5,1091.9,REPEAT,NEUTRAL,2025,20694.0,22093.5,1091.9,REPEAT,NEUTRAL,False,False
2025-02-10 18:00:00,21762.8,2025-02,20943.0,21968.0,1088.1,REPEAT,NEUTRAL,2025-Q1,20694.0,22093.5,1088.1,REPEAT,NEUTRAL,2025,20694.0,22093.5,1088.1,REPEAT,NEUTRAL,False,False
2025-02-10 22:00:00,21771.2,2025-02,20943.0,21968.0,1088.6,REPEAT,NEUTRAL,2025-Q1,20694.0,22093.5,1088.6,REPEAT,NEUTRAL,2025,20694.0,22093.5,1088.6,REPEAT,NEUTRAL,False,False
2025-02-11 02:00:00,21734.0,2025-02,20943.0,21968.0,1086.7,REPEAT,NEUTRAL,2025-Q1,20694.0,22093.5,1086.7,REPEAT,NEUTRAL,2025,20694.0,22093.5,1086.7,REPEAT,NEUTRAL,False,False
2025-02-11 06:00:00,21777.8,2025-02,20943.0,21968.0,1088.9,REPEAT,NEUTRAL,2025-Q1,20694.0,22093.5,1088.9,REPEAT,NEUTRAL,2025,20694.0,22093.5,1088.9,REPEAT,NEUTRAL,False,False
2025-02-11 10:00:00,21801.5,2025-02,20943.0,21968.0,1090.1,REPEAT,NEUTRAL,2025-Q1,20694.0,22093.5,1090.1,REPEAT,NEUTRAL,2025,20694.0,22093.5,1090.1,REPEAT,NEUTRAL,False,False
2025-02-11 14:00:00,21792.5,2025-02,20943.0,21968.0,1089.6,REPEAT,NEUTRAL,2025-Q1,20694.0,22093.5,1089.6,REPEAT,NEUTRAL,2025,20694.0,22093.5,1089.6,REPEAT,NEUTRAL,False,False
2025-02-11 18:00:00,21810.5,2025-02,20943.0,21968.0,1090.5,REPEAT,NEUTRAL,2025-Q1,20694.0,22093.5,1090.5,REPEAT,NEUTRAL,2025,20694.0,22093.5,1090.5,REPEAT,NEUTRAL,False,False
2025-02-11 22:00:00,21783.2,2025-02,20943.0,21968.0,1089.2,REPEAT,NEUTRAL,2025-Q1,20694.0,22093.5,1089.2,REPEAT,NEUTRAL,2025,20694.0,22093.5,1089.2,REPEAT,NEUTRAL,False,False
2025-02-12 02:00:00,21791.0,2025-02,20943.0,21968.0,1089.6,REPEAT,NEUTRAL,2025-Q1,20694.0,22093.5,1089.6,REPEAT,NEUTRAL,2025,20694.0,22093.5,1089.6,REPEAT,NEUTRAL,False,False
2025-02-12 06:00:00,21677.0,2025-02,20943.0,21968.0,1083.9,REPEAT,NEUTRAL,2025-Q1,20694.0,22093.5,1083.9,REPEAT,NEUTRAL,2025,20694.0,22093.5,1083.9,REPEAT,NEUTRAL,False,False
2025-02-12 10:00:00,21792.5,2025-02,20943.0,21968.0,1089.6,REPEAT,NEUTRAL,2025-Q1,20694.0,22093.5,1089.6,REPEAT,NEUTRAL,2025,20694.0,22093.5,1089.6,REPEAT,NEUTRAL,False,False
2025-02-12 14:00:00,21861.8,2025-02,20943.0,21968.0,1093.1,REPEAT,NEUTRAL,2025-Q1,20694.0,22093.5,1093.1,REPEAT,NEUTRAL,2025,20694.0,22093.5,1093.1,REPEAT,NEUTRAL,False,False
2025-02-12 18:00:00,21887.0,2025-02,20943.0,21968.0,1094.4,REPEAT,NEUTRAL,2025-Q1,20694.0,22093.5,1094.4,REPEAT,NEUTRAL,2025,20694.0,22093.5,1094.4,REPEAT,NEUTRAL,False,False
2025-02-12 22:00:00,21889.5,2025-02,20943.0,21968.0,1094.5,REPEAT,NEUTRAL,2025-Q1,20694.0,22093.5,1094.5,REPEAT,NEUTRAL,2025,20694.0,22093.5,1094.5,REPEAT,NEUTRAL,False,False
2025-02-13 02:00:00,21833.8,2025-02,20943.0,21968.0,1091.7,REPEAT,NEUTRAL,2025-Q1,20694.0,22093.5,1091.7,REPEAT,NEUTRAL,2025,20694.0,22093.5,1091.7,REPEAT,NEUTRAL,False,False
2025-02-13 06:00:00,21919.5,2025-02,20943.0,21968.0,1096.0,REPEAT,NEUTRAL,2025-Q1,20694.0,22093.5,1096.0,REPEAT,NEUTRAL,2025,20694.0,22093.5,1096.0,REPEAT,NEUTRAL,False,False
2025-02-13 10:00:00,21996.0,2025-02,20943.0,22057.8,1099.8,REPEAT,NEUTRAL,2025-Q1,20694.0,22093.5,1099.8,REPEAT,NEUTRAL,2025,20694.0,22093.5,1099.8,REPEAT,NEUTRAL,False,False
2025-02-13 14:00:00,22075.0,2025-02,20943.0,22124.0,1103.8,REPEAT,NEUTRAL,2025-Q1,20694.0,22124.0,1103.8,REPEAT,NEUTRAL,2025,20694.0,22124.0,1103.8,REPEAT,NEUTRAL,False,False
2025-02-13 18:00:00,22134.5,2025-02,20943.0,22147.0,1106.7,REPEAT,NEUTRAL,2025-Q1,20694.0,22147.0,1106.7,REPEAT,NEUTRAL,2025,20694.0,22147.0,1106.7,REPEAT,NEUTRAL,False,False
2025-02-13 22:00:00,22132.2,2025-02,20943.0,22149.2,1106.6,REPEAT,NEUTRAL,2025-Q1,20694.0,22149.2,1106.6,REPEAT,NEUTRAL,2025,20694.0,22149.2,1106.6,REPEAT,NEUTRAL,False,False
2025-02-14 02:00:00,22105.2,2025-02,20943.0,22163.5,1105.3,REPEAT,NEUTRAL,2025-Q1,20694.0,22163.5,1105.3,REPEAT,NEUTRAL,2025,20694.0,22163.5,1105.3,REPEAT,NEUTRAL,False,False
2025-02-14 06:00:00,22127.2,2025-02,20943.0,22163.5,1106.4,REPEAT,NEUTRAL,2025-Q1,20694.0,22163.5,1106.4,REPEAT,NEUTRAL,2025,20694.0,22163.5,1106.4,REPEAT,NEUTRAL,False,False
2025-02-14 10:00:00,22185.5,2025-02,20943.0,22198.8,1109.3,REPEAT,NEUTRAL,2025-Q1,20694.0,22198.8,1109.3,REPEAT,NEUTRAL,2025,20694.0,22198.8,1109.3,REPEAT,NEUTRAL,False,False
2025-02-14 14:00:00,22203.5,2025-02,20943.0,22225.0,1110.2,REPEAT,NEUTRAL,2025-Q1,20694.0,22225.0,1110.2,REPEAT,NEUTRAL,2025,20694.0,22225.0,1110.2,REPEAT,NEUTRAL,False,False
2025-02-16 18:00:00,22268.0,2025-02,20943.0,22269.5,1113.4,REPEAT,NEUTRAL,2025-Q1,20694.0,22269.5,1113.4,REPEAT,NEUTRAL,2025,20694.0,22269.5,1113.4,REPEAT,NEUTRAL,False,False
2025-02-16 22:00:00,22275.5,2025-02,20943.0,22281.8,1113.8,REPEAT,NEUTRAL,2025-Q1,20694.0,22281.8,1113.8,REPEAT,NEUTRAL,2025,20694.0,22281.8,1113.8,REPEAT,NEUTRAL,False,False
2025-02-17 02:00:00,22256.5,2025-02,20943.0,22281.8,1112.8,REPEAT,NEUTRAL,2025-Q1,20694.0,22281.8,1112.8,REPEAT,NEUTRAL,2025,20694.0,22281.8,1112.8,REPEAT,NEUTRAL,False,False
2025-02-17 06:00:00,22213.0,2025-02,20943.0,22281.8,1110.6,REPEAT,NEUTRAL,2025-Q1,20694.0,22281.8,1110.6,REPEAT,NEUTRAL,2025,20694.0,22281.8,1110.6,REPEAT,NEUTRAL,False,False
2025-02-17 10:00:00,22235.2,2025-02,20943.0,22281.8,1111.8,REPEAT,NEUTRAL,2025-Q1,20694.0,22281.8,1111.8,REPEAT,NEUTRAL,2025,20694.0,22281.8,1111.8,REPEAT,NEUTRAL,False,False
2025-02-17 18:00:00,22256.5,2025-02,20943.0,22281.8,1112.8,REPEAT,NEUTRAL,2025-Q1,20694.0,22281.8,1112.8,REPEAT,NEUTRAL,2025,20694.0,22281.8,1112.8,REPEAT,NEUTRAL,False,False
2025-02-17 22:00:00,22297.5,2025-02,20943.0,22303.2,1114.9,REPEAT,NEUTRAL,2025-Q1,20694.0,22303.2,1114.9,REPEAT,NEUTRAL,2025,20694.0,22303.2,1114.9,REPEAT,NEUTRAL,False,False
2025-02-18 02:00:00,22281.2,2025-02,20943.0,22319.8,1114.1,REPEAT,NEUTRAL,2025-Q1,20694.0,22319.8,1114.1,REPEAT,NEUTRAL,2025,20694.0,22319.8,1114.1,REPEAT,NEUTRAL,False,False
2025-02-18 06:00:00,22202.5,2025-02,20943.0,22319.8,1110.1,REPEAT,NEUTRAL,2025-Q1,20694.0,22319.8,1110.1,REPEAT,NEUTRAL,2025,20694.0,22319.8,1110.1,REPEAT,NEUTRAL,False,False
2025-02-18 10:00:00,22158.8,2025-02,20943.0,22319.8,1107.9,REPEAT,NEUTRAL,2025-Q1,20694.0,22319.8,1107.9,REPEAT,NEUTRAL,2025,20694.0,22319.8,1107.9,REPEAT,NEUTRAL,False,False
2025-02-18 14:00:00,22224.2,2025-02,20943.0,22319.8,1111.2,REPEAT,NEUTRAL,2025-Q1,20694.0,22319.8,1111.2,REPEAT,NEUTRAL,2025,20694.0,22319.8,1111.2,REPEAT,NEUTRAL,False,False
2025-02-18 18:00:00,22286.2,2025-02,20943.0,22319.8,1114.3,REPEAT,NEUTRAL,2025-Q1,20694.0,22319.8,1114.3,REPEAT,NEUTRAL,2025,20694.0,22319.8,1114.3,REPEAT,NEUTRAL,False,False
2025-02-18 22:00:00,22255.8,2025-02,20943.0,22319.8,1112.8,REPEAT,NEUTRAL,2025-Q1,20694.0,22319.8,1112.8,REPEAT,NEUTRAL,2025,20694.0,22319.8,1112.8,REPEAT,NEUTRAL,False,False
2025-02-19 02:00:00,22220.5,2025-02,20943.0,22319.8,1111.0,REPEAT,NEUTRAL,2025-Q1,20694.0,22319.8,1111.0,REPEAT,NEUTRAL,2025,20694.0,22319.8,1111.0,REPEAT,NEUTRAL,False,False
2025-02-19 06:00:00,22167.8,2025-02,20943.0,22319.8,1108.4,REPEAT,NEUTRAL,2025-Q1,20694.0,22319.8,1108.4,REPEAT,NEUTRAL,2025,20694.0,22319.8,1108.4,REPEAT,NEUTRAL,False,False
2025-02-19 10:00:00,22232.5,2025-02,20943.0,22319.8,1111.6,REPEAT,NEUTRAL,2025-Q1,20694.0,22319.8,1111.6,REPEAT,NEUTRAL,2025,20694.0,22319.8,1111.6,REPEAT,NEUTRAL,False,False
2025-02-19 14:00:00,22222.2,2025-02,20943.0,22319.8,1111.1,REPEAT,NEUTRAL,2025-Q1,20694.0,22319.8,1111.1,REPEAT,NEUTRAL,2025,20694.0,22319.8,1111.1,REPEAT,NEUTRAL,False,False
2025-02-19 18:00:00,22184.8,2025-02,20943.0,22319.8,1109.2,REPEAT,NEUTRAL,2025-Q1,20694.0,22319.8,1109.2,REPEAT,NEUTRAL,2025,20694.0,22319.8,1109.2,REPEAT,NEUTRAL,False,False
2025-02-19 22:00:00,22159.2,2025-02,20943.0,22319.8,1108.0,REPEAT,NEUTRAL,2025-Q1,20694.0,22319.8,1108.0,REPEAT,NEUTRAL,2025,20694.0,22319.8,1108.0,REPEAT,NEUTRAL,False,False
2025-02-20 02:00:00,22204.2,2025-02,20943.0,22319.8,1110.2,REPEAT,NEUTRAL,2025-Q1,20694.0,22319.8,1110.2,REPEAT,NEUTRAL,2025,20694.0,22319.8,1110.2,REPEAT,NEUTRAL,False,False
2025-02-20 06:00:00,22010.8,2025-02,20943.0,22319.8,1100.5,REPEAT,NEUTRAL,2025-Q1,20694.0,22319.8,1100.5,REPEAT,NEUTRAL,2025,20694.0,22319.8,1100.5,REPEAT,NEUTRAL,False,False
2025-02-20 10:00:00,22067.5,2025-02,20943.0,22319.8,1103.4,REPEAT,NEUTRAL,2025-Q1,20694.0,22319.8,1103.4,REPEAT,NEUTRAL,2025,20694.0,22319.8,1103.4,REPEAT,NEUTRAL,False,False
2025-02-20 14:00:00,22135.8,2025-02,20943.0,22319.8,1106.8,REPEAT,NEUTRAL,2025-Q1,20694.0,22319.8,1106.8,REPEAT,NEUTRAL,2025,20694.0,22319.8,1106.8,REPEAT,NEUTRAL,False,False
2025-02-20 18:00:00,22150.0,2025-02,20943.0,22319.8,1107.5,REPEAT,NEUTRAL,2025-Q1,20694.0,22319.8,1107.5,REPEAT,NEUTRAL,2025,20694.0,22319.8,1107.5,REPEAT,NEUTRAL,False,False
2025-02-20 22:00:00,22152.0,2025-02,20943.0,22319.8,1107.6,REPEAT,NEUTRAL,2025-Q1,20694.0,22319.8,1107.6,REPEAT,NEUTRAL,2025,20694.0,22319.8,1107.6,REPEAT,NEUTRAL,False,False
2025-02-21 02:00:00,22168.5,2025-02,20943.0,22319.8,1108.4,REPEAT,NEUTRAL,2025-Q1,20694.0,22319.8,1108.4,REPEAT,NEUTRAL,2025,20694.0,22319.8,1108.4,REPEAT,NEUTRAL,False,False
2025-02-21 06:00:00,22092.5,2025-02,20943.0,22319.8,1104.6,REPEAT,NEUTRAL,2025-Q1,20694.0,22319.8,1104.6,REPEAT,NEUTRAL,2025,20694.0,22319.8,1104.6,REPEAT,NEUTRAL,False,False
2025-02-21 10:00:00,21771.8,2025-02,20943.0,22319.8,1088.6,REPEAT,NEUTRAL,2025-Q1,20694.0,22319.8,1088.6,REPEAT,NEUTRAL,2025,20694.0,22319.8,1088.6,REPEAT,NEUTRAL,False,False
2025-02-21 14:00:00,21660.0,2025-02,20943.0,22319.8,1083.0,REPEAT,NEUTRAL,2025-Q1,20694.0,22319.8,1083.0,REPEAT,NEUTRAL,2025,20694.0,22319.8,1083.0,REPEAT,NEUTRAL,False,False
2025-02-23 18:00:00,21778.0,2025-02,20943.0,22319.8,1088.9,REPEAT,NEUTRAL,2025-Q1,20694.0,22319.8,1088.9,REPEAT,NEUTRAL,2025,20694.0,22319.8,1088.9,REPEAT,NEUTRAL,False,False
2025-02-23 22:00:00,21785.5,2025-02,20943.0,22319.8,1089.3,REPEAT,NEUTRAL,2025-Q1,20694.0,22319.8,1089.3,REPEAT,NEUTRAL,2025,20694.0,22319.8,1089.3,REPEAT,NEUTRAL,False,False
2025-02-24 02:00:00,21763.2,2025-02,20943.0,22319.8,1088.2,REPEAT,NEUTRAL,2025-Q1,20694.0,22319.8,1088.2,REPEAT,NEUTRAL,2025,20694.0,22319.8,1088.2,REPEAT,NEUTRAL,False,False
2025-02-24 06:00:00,21567.5,2025-02,20943.0,22319.8,1078.4,REPEAT,NEUTRAL,2025-Q1,20694.0,22319.8,1078.4,REPEAT,NEUTRAL,2025,20694.0,22319.8,1078.4,REPEAT,NEUTRAL,False,False
2025-02-24 10:00:00,21608.8,2025-02,20943.0,22319.8,1080.4,REPEAT,NEUTRAL,2025-Q1,20694.0,22319.8,1080.4,REPEAT,NEUTRAL,2025,20694.0,22319.8,1080.4,REPEAT,NEUTRAL,False,False
2025-02-24 14:00:00,21427.2,2025-02,20943.0,22319.8,1071.4,REPEAT,NEUTRAL,2025-Q1,20694.0,22319.8,1071.4,REPEAT,NEUTRAL,2025,20694.0,22319.8,1071.4,REPEAT,NEUTRAL,False,False
2025-02-24 18:00:00,21438.0,2025-02,20943.0,22319.8,1071.9,REPEAT,NEUTRAL,2025-Q1,20694.0,22319.8,1071.9,REPEAT,NEUTRAL,2025,20694.0,22319.8,1071.9,REPEAT,NEUTRAL,False,False
2025-02-24 22:00:00,21422.2,2025-02,20943.0,22319.8,1071.1,REPEAT,NEUTRAL,2025-Q1,20694.0,22319.8,1071.1,REPEAT,NEUTRAL,2025,20694.0,22319.8,1071.1,REPEAT,NEUTRAL,False,False
2025-02-25 02:00:00,21296.2,2025-02,20943.0,22319.8,1064.8,REPEAT,NEUTRAL,2025-Q1,20694.0,22319.8,1064.8,REPEAT,NEUTRAL,2025,20694.0,22319.8,1064.8,REPEAT,NEUTRAL,False,False
2025-02-25 06:00:00,21260.0,2025-02,20943.0,22319.8,1063.0,REPEAT,NEUTRAL,2025-Q1,20694.0,22319.8,1063.0,REPEAT,NEUTRAL,2025,20694.0,22319.8,1063.0,REPEAT,NEUTRAL,False,False
2025-02-25 10:00:00,21199.5,2025-02,20943.0,22319.8,1060.0,REPEAT,NEUTRAL,2025-Q1,20694.0,22319.8,1060.0,REPEAT,NEUTRAL,2025,20694.0,22319.8,1060.0,REPEAT,NEUTRAL,False,False
2025-02-25 14:00:00,21196.0,2025-02,20943.0,22319.8,1059.8,REPEAT,NEUTRAL,2025-Q1,20694.0,22319.8,1059.8,REPEAT,NEUTRAL,2025,20694.0,22319.8,1059.8,REPEAT,NEUTRAL,False,False
2025-02-25 18:00:00,21242.2,2025-02,20943.0,22319.8,1062.1,REPEAT,NEUTRAL,2025-Q1,20694.0,22319.8,1062.1,REPEAT,NEUTRAL,2025,20694.0,22319.8,1062.1,REPEAT,NEUTRAL,False,False
2025-02-25 22:00:00,21276.8,2025-02,20943.0,22319.8,1063.8,REPEAT,NEUTRAL,2025-Q1,20694.0,22319.8,1063.8,REPEAT,NEUTRAL,2025,20694.0,22319.8,1063.8,REPEAT,NEUTRAL,False,False
2025-02-26 02:00:00,21320.8,2025-02,20943.0,22319.8,1066.0,REPEAT,NEUTRAL,2025-Q1,20694.0,22319.8,1066.0,REPEAT,NEUTRAL,2025,20694.0,22319.8,1066.0,REPEAT,NEUTRAL,False,False
2025-02-26 06:00:00,21301.8,2025-02,20943.0,22319.8,1065.1,REPEAT,NEUTRAL,2025-Q1,20694.0,22319.8,1065.1,REPEAT,NEUTRAL,2025,20694.0,22319.8,1065.1,REPEAT,NEUTRAL,False,False
2025-02-26 10:00:00,21102.0,2025-02,20943.0,22319.8,1055.1,REPEAT,NEUTRAL,2025-Q1,20694.0,22319.8,1055.1,REPEAT,NEUTRAL,2025,20694.0,22319.8,1055.1,REPEAT,NEUTRAL,False,False
2025-02-26 14:00:00,21272.8,2025-02,20943.0,22319.8,1063.6,REPEAT,NEUTRAL,2025-Q1,20694.0,22319.8,1063.6,REPEAT,NEUTRAL,2025,20694.0,22319.8,1063.6,REPEAT,NEUTRAL,False,False
2025-02-26 18:00:00,21184.5,2025-02,20943.0,22319.8,1059.2,REPEAT,NEUTRAL,2025-Q1,20694.0,22319.8,1059.2,REPEAT,NEUTRAL,2025,20694.0,22319.8,1059.2,REPEAT,NEUTRAL,False,False
2025-02-26 22:00:00,21281.0,2025-02,20943.0,22319.8,1064.0,REPEAT,NEUTRAL,2025-Q1,20694.0,22319.8,1064.0,REPEAT,NEUTRAL,2025,20694.0,22319.8,1064.0,REPEAT,NEUTRAL,False,False
2025-02-27 02:00:00,21321.2,2025-02,20943.0,22319.8,1066.1,REPEAT,NEUTRAL,2025-Q1,20694.0,22319.8,1066.1,REPEAT,NEUTRAL,2025,20694.0,22319.8,1066.1,REPEAT,NEUTRAL,False,False
2025-02-27 06:00:00,21009.0,2025-02,20943.0,22319.8,1050.4,REPEAT,NEUTRAL,2025-Q1,20694.0,22319.8,1050.4,REPEAT,NEUTRAL,2025,20694.0,22319.8,1050.4,REPEAT,NEUTRAL,False,False
2025-02-27 10:00:00,21052.2,2025-02,20896.2,22319.8,1052.6,REPEAT,NEUTRAL,2025-Q1,20694.0,22319.8,1052.6,REPEAT,NEUTRAL,2025,20694.0,22319.8,1052.6,REPEAT,NEUTRAL,False,False
2025-02-27 14:00:00,20633.2,2025-02,20583.2,22319.8,1031.7,REPEAT,NEUTRAL,2025-Q1,20583.2,22319.8,1031.7,REPEAT,NEUTRAL,2025,20583.2,22319.8,1031.7,REPEAT,NEUTRAL,False,False
2025-02-27 18:00:00,20587.8,2025-02,20538.5,22319.8,1029.4,REPEAT,NEUTRAL,2025-Q1,20538.5,22319.8,1029.4,REPEAT,NEUTRAL,2025,20538.5,22319.8,1029.4,REPEAT,NEUTRAL,False,False
2025-02-27 22:00:00,20595.0,2025-02,20515.5,22319.8,1029.8,REPEAT,NEUTRAL,2025-Q1,20515.5,22319.8,1029.8,REPEAT,NEUTRAL,2025,20515.5,22319.8,1029.8,REPEAT,NEUTRAL,False,False
2025-02-28 02:00:00,20656.8,2025-02,20515.5,22319.8,1032.8,REPEAT,NEUTRAL,2025-Q1,20515.5,22319.8,1032.8,REPEAT,NEUTRAL,2025,20515.5,22319.8,1032.8,REPEAT,NEUTRAL,False,False
2025-02-28 06:00:00,20593.5,2025-02,20460.5,22319.8,1029.7,REPEAT,NEUTRAL,2025-Q1,20460.5,22319.8,1029.7,REPEAT,NEUTRAL,2025,20460.5,22319.8,1029.7,REPEAT,NEUTRAL,False,False
2025-02-28 10:00:00,20542.2,2025-02,20460.5,22319.8,1027.1,REPEAT,NEUTRAL,2025-Q1,20460.5,22319.8,1027.1,REPEAT,NEUTRAL,2025,20460.5,22319.8,1027.1,REPEAT,NEUTRAL,False,False
2025-02-28 14:00:00,20909.0,2025-02,20460.5,22319.8,1045.4,REPEAT,NEUTRAL,2025-Q1,20460.5,22319.8,1045.4,REPEAT,NEUTRAL,2025,20460.5,22319.8,1045.4,REPEAT,NEUTRAL,False,False
2025-03-02 18:00:00,20929.2,2025-03,20837.8,21036.2,1046.5,REPEAT,NEUTRAL,2025-Q1,20460.5,22319.8,1046.5,REPEAT,NEUTRAL,2025,20460.5,22319.8,1046.5,REPEAT,NEUTRAL,False,False
2025-03-02 22:00:00,21008.2,2025-03,20837.8,21036.2,1050.4,REPEAT,NEUTRAL,2025-Q1,20460.5,22319.8,1050.4,REPEAT,NEUTRAL,2025,20460.5,22319.8,1050.4,REPEAT,NEUTRAL,False,False
2025-03-03 02:00:00,21003.8,2025-03,20837.8,21036.2,1050.2,REPEAT,NEUTRAL,2025-Q1,20460.5,22319.8,1050.2,REPEAT,NEUTRAL,2025,20460.5,22319.8,1050.2,REPEAT,NEUTRAL,False,False
2025-03-03 06:00:00,20845.2,2025-03,20824.2,21121.0,1042.3,REPEAT,NEUTRAL,2025-Q1,20460.5,22319.8,1042.3,REPEAT,NEUTRAL,2025,20460.5,22319.8,1042.3,REPEAT,NEUTRAL,False,False
2025-03-03 10:00:00,20747.8,2025-03,20653.2,21121.0,1037.4,REPEAT,NEUTRAL,2025-Q1,20460.5,22319.8,1037.4,REPEAT,NEUTRAL,2025,20460.5,22319.8,1037.4,REPEAT,NEUTRAL,False,False
2025-03-03 14:00:00,20530.8,2025-03,20316.8,21121.0,1026.5,REPEAT,NEUTRAL,2025-Q1,20316.8,22319.8,1026.5,REPEAT,NEUTRAL,2025,20316.8,22319.8,1026.5,REPEAT,NEUTRAL,False,False
2025-03-03 18:00:00,20524.0,2025-03,20316.8,21121.0,1026.2,REPEAT,NEUTRAL,2025-Q1,20316.8,22319.8,1026.2,REPEAT,NEUTRAL,2025,20316.8,22319.8,1026.2,REPEAT,NEUTRAL,False,False
2025-03-03 22:00:00,20559.5,2025-03,20316.8,21121.0,1028.0,REPEAT,NEUTRAL,2025-Q1,20316.8,22319.8,1028.0,REPEAT,NEUTRAL,2025,20316.8,22319.8,1028.0,REPEAT,NEUTRAL,False,False
2025-03-04 02:00:00,20462.8,2025-03,20316.8,21121.0,1023.1,REPEAT,NEUTRAL,2025-Q1,20316.8,22319.8,1023.1,REPEAT,NEUTRAL,2025,20316.8,22319.8,1023.1,REPEAT,NEUTRAL,False,False
2025-03-04 06:00:00,20232.0,2025-03,20227.5,21121.0,1011.6,REPEAT,NEUTRAL,2025-Q1,20227.5,22319.8,1011.6,REPEAT,NEUTRAL,2025,20227.5,22319.8,1011.6,REPEAT,NEUTRAL,False,False
2025-03-04 10:00:00,20500.5,2025-03,20075.2,21121.0,1025.0,REPEAT,NEUTRAL,2025-Q1,20075.2,22319.8,1025.0,REPEAT,NEUTRAL,2025,20075.2,22319.8,1025.0,REPEAT,NEUTRAL,False,False
2025-03-04 14:00:00,20537.0,2025-03,20075.2,21121.0,1026.9,REPEAT,NEUTRAL,2025-Q1,20075.2,22319.8,1026.9,REPEAT,NEUTRAL,2025,20075.2,22319.8,1026.9,REPEAT,NEUTRAL,False,False
2025-03-04 18:00:00,20479.8,2025-03,20075.2,21121.0,1024.0,REPEAT,NEUTRAL,2025-Q1,20075.2,22319.8,1024.0,REPEAT,NEUTRAL,2025,20075.2,22319.8,1024.0,REPEAT,NEUTRAL,False,False
2025-03-04 22:00:00,20549.0,2025-03,20075.2,21121.0,1027.4,REPEAT,NEUTRAL,2025-Q1,20075.2,22319.8,1027.4,REPEAT,NEUTRAL,2025,20075.2,22319.8,1027.4,REPEAT,NEUTRAL,False,False
2025-03-05 02:00:00,20545.5,2025-03,20075.2,21121.0,1027.3,REPEAT,NEUTRAL,2025-Q1,20075.2,22319.8,1027.3,REPEAT,NEUTRAL,2025,20075.2,22319.8,1027.3,REPEAT,NEUTRAL,False,False
2025-03-05 06:00:00,20316.8,2025-03,20075.2,21121.0,1015.8,REPEAT,NEUTRAL,2025-Q1,20075.2,22319.8,1015.8,REPEAT,NEUTRAL,2025,20075.2,22319.8,1015.8,REPEAT,NEUTRAL,False,False
2025-03-05 10:00:00,20590.5,2025-03,20075.2,21121.0,1029.5,REPEAT,NEUTRAL,2025-Q1,20075.2,22319.8,1029.5,REPEAT,NEUTRAL,2025,20075.2,22319.8,1029.5,REPEAT,NEUTRAL,False,False
2025-03-05 14:00:00,20611.8,2025-03,20075.2,21121.0,1030.6,REPEAT,NEUTRAL,2025-Q1,20075.2,22319.8,1030.6,REPEAT,NEUTRAL,2025,20075.2,22319.8,1030.6,REPEAT,NEUTRAL,False,False
2025-03-05 18:00:00,20605.2,2025-03,20075.2,21121.0,1030.3,REPEAT,NEUTRAL,2025-Q1,20075.2,22319.8,1030.3,REPEAT,NEUTRAL,2025,20075.2,22319.8,1030.3,REPEAT,NEUTRAL,False,False
2025-03-05 22:00:00,20635.2,2025-03,20075.2,21121.0,1031.8,REPEAT,NEUTRAL,2025-Q1,20075.2,22319.8,1031.8,REPEAT,NEUTRAL,2025,20075.2,22319.8,1031.8,REPEAT,NEUTRAL,False,False
2025-03-06 02:00:00,20380.2,2025-03,20075.2,21121.0,1019.0,REPEAT,NEUTRAL,2025-Q1,20075.2,22319.8,1019.0,REPEAT,NEUTRAL,2025,20075.2,22319.8,1019.0,REPEAT,NEUTRAL,False,False
2025-03-06 06:00:00,20281.5,2025-03,20075.2,21121.0,1014.1,REPEAT,NEUTRAL,2025-Q1,20075.2,22319.8,1014.1,REPEAT,NEUTRAL,2025,20075.2,22319.8,1014.1,REPEAT,NEUTRAL,False,False
2025-03-06 10:00:00,20119.0,2025-03,20040.0,21121.0,1006.0,REPEAT,NEUTRAL,2025-Q1,20040.0,22319.8,1006.0,REPEAT,NEUTRAL,2025,20040.0,22319.8,1006.0,REPEAT,NEUTRAL,False,False
2025-03-06 14:00:00,20173.5,2025-03,20003.0,21121.0,1008.7,REPEAT,NEUTRAL,2025-Q1,20003.0,22319.8,1008.7,REPEAT,NEUTRAL,2025,20003.0,22319.8,1008.7,REPEAT,NEUTRAL,False,False
2025-03-06 18:00:00,20195.0,2025-03,20003.0,21121.0,1009.8,REPEAT,NEUTRAL,2025-Q1,20003.0,22319.8,1009.8,REPEAT,NEUTRAL,2025,20003.0,22319.8,1009.8,REPEAT,NEUTRAL,False,False
2025-03-06 22:00:00,20129.0,2025-03,20003.0,21121.0,1006.4,REPEAT,NEUTRAL,2025-Q1,20003.0,22319.8,1006.4,REPEAT,NEUTRAL,2025,20003.0,22319.8,1006.4,REPEAT,NEUTRAL,False,False
2025-03-07 02:00:00,20177.8,2025-03,20003.0,21121.0,1008.9,REPEAT,NEUTRAL,2025-Q1,20003.0,22319.8,1008.9,REPEAT,NEUTRAL,2025,20003.0,22319.8,1008.9,REPEAT,NEUTRAL,False,False
2025-03-07 06:00:00,20140.0,2025-03,20003.0,21121.0,1007.0,REPEAT,NEUTRAL,2025-Q1,20003.0,22319.8,1007.0,REPEAT,NEUTRAL,2025,20003.0,22319.8,1007.0,REPEAT,NEUTRAL,False,False
2025-03-07 10:00:00,20169.2,2025-03,19765.5,21121.0,1008.5,REPEAT,NEUTRAL,2025-Q1,19765.5,22319.8,1008.5,REPEAT,NEUTRAL,2025,19765.5,22319.8,1008.5,REPEAT,NEUTRAL,False,False
2025-03-07 14:00:00,20207.2,2025-03,19765.5,21121.0,1010.4,REPEAT,NEUTRAL,2025-Q1,19765.5,22319.8,1010.4,REPEAT,NEUTRAL,2025,19765.5,22319.8,1010.4,REPEAT,NEUTRAL,False,False
2025-03-09 18:00:00,20133.2,2025-03,19765.5,21121.0,1006.7,REPEAT,NEUTRAL,2025-Q1,19765.5,22319.8,1006.7,REPEAT,NEUTRAL,2025,19765.5,22319.8,1006.7,REPEAT,NEUTRAL,False,False
2025-03-09 22:00:00,20090.8,2025-03,19765.5,21121.0,1004.5,REPEAT,NEUTRAL,2025-Q1,19765.5,22319.8,1004.5,REPEAT,NEUTRAL,2025,19765.5,22319.8,1004.5,REPEAT,NEUTRAL,False,False
2025-03-10 02:00:00,20002.0,2025-03,19765.5,21121.0,1000.1,REPEAT,NEUTRAL,2025-Q1,19765.5,22319.8,1000.1,REPEAT,NEUTRAL,2025,19765.5,22319.8,1000.1,REPEAT,NEUTRAL,False,False
2025-03-10 06:00:00,19790.5,2025-03,19744.2,21121.0,989.5,REPEAT,NEUTRAL,2025-Q1,19744.2,22319.8,989.5,REPEAT,NEUTRAL,2025,19744.2,22319.8,989.5,REPEAT,NEUTRAL,False,False
2025-03-10 10:00:00,19441.8,2025-03,19422.0,21121.0,972.1,NEW_LOW,NEUTRAL,2025-Q1,19422.0,22319.8,972.1,REPEAT,NEUTRAL,2025,19422.0,22319.8,972.1,REPEAT,NEUTRAL,False,False
2025-03-10 14:00:00,19472.0,2025-03,19272.2,21121.0,973.6,NEW_LOW,NEUTRAL,2025-Q1,19272.2,22319.8,973.6,REPEAT,NEUTRAL,2025,19272.2,22319.8,973.6,REPEAT,NEUTRAL,False,False
2025-03-10 18:00:00,19254.8,2025-03,19139.2,21121.0,962.7,NEW_LOW,NEUTRAL,2025-Q1,19139.2,22319.8,962.7,REPEAT,NEUTRAL,2025,19139.2,22319.8,962.7,REPEAT,NEUTRAL,False,False
2025-03-10 22:00:00,19477.8,2025-03,19139.2,21121.0,973.9,NEW_LOW,NEUTRAL,2025-Q1,19139.2,22319.8,973.9,REPEAT,NEUTRAL,2025,19139.2,22319.8,973.9,REPEAT,NEUTRAL,False,False
2025-03-11 02:00:00,19544.8,2025-03,19139.2,21121.0,977.2,NEW_LOW,NEUTRAL,2025-Q1,19139.2,22319.8,977.2,REPEAT,NEUTRAL,2025,19139.2,22319.8,977.2,REPEAT,NEUTRAL,False,False
2025-03-11 06:00:00,19523.5,2025-03,19139.2,21121.0,976.2,NEW_LOW,NEUTRAL,2025-Q1,19139.2,22319.8,976.2,REPEAT,NEUTRAL,2025,19139.2,22319.8,976.2,REPEAT,NEUTRAL,False,False
2025-03-11 10:00:00,19325.0,2025-03,19139.2,21121.0,966.2,NEW_LOW,NEUTRAL,2025-Q1,19139.2,22319.8,966.2,REPEAT,NEUTRAL,2025,19139.2,22319.8,966.2,REPEAT,NEUTRAL,False,False
2025-03-11 14:00:00,19401.2,2025-03,19139.2,21121.0,970.1,NEW_LOW,NEUTRAL,2025-Q1,19139.2,22319.8,970.1,REPEAT,NEUTRAL,2025,19139.2,22319.8,970.1,REPEAT,NEUTRAL,False,False
2025-03-11 18:00:00,19471.5,2025-03,19139.2,21121.0,973.6,NEW_LOW,NEUTRAL,2025-Q1,19139.2,22319.8,973.6,REPEAT,NEUTRAL,2025,19139.2,22319.8,973.6,REPEAT,NEUTRAL,False,False
2025-03-11 22:00:00,19480.0,2025-03,19139.2,21121.0,974.0,NEW_LOW,NEUTRAL,2025-Q1,19139.2,22319.8,974.0,REPEAT,NEUTRAL,2025,19139.2,22319.8,974.0,REPEAT,NEUTRAL,False,False
2025-03-12 02:00:00,19560.2,2025-03,19139.2,21121.0,978.0,NEW_LOW,NEUTRAL,2025-Q1,19139.2,22319.8,978.0,REPEAT,NEUTRAL,2025,19139.2,22319.8,978.0,REPEAT,NEUTRAL,False,False
2025-03-12 06:00:00,19644.5,2025-03,19139.2,21121.0,982.2,NEW_LOW,NEUTRAL,2025-Q1,19139.2,22319.8,982.2,REPEAT,NEUTRAL,2025,19139.2,22319.8,982.2,REPEAT,NEUTRAL,False,False
2025-03-12 10:00:00,19539.5,2025-03,19139.2,21121.0,977.0,NEW_LOW,NEUTRAL,2025-Q1,19139.2,22319.8,977.0,REPEAT,NEUTRAL,2025,19139.2,22319.8,977.0,REPEAT,NEUTRAL,False,False
2025-03-12 14:00:00,19572.8,2025-03,19139.2,21121.0,978.6,NEW_LOW,NEUTRAL,2025-Q1,19139.2,22319.8,978.6,REPEAT,NEUTRAL,2025,19139.2,22319.8,978.6,REPEAT,NEUTRAL,False,False
2025-03-12 18:00:00,19638.5,2025-03,19139.2,21121.0,981.9,NEW_LOW,NEUTRAL,2025-Q1,19139.2,22319.8,981.9,REPEAT,NEUTRAL,2025,19139.2,22319.8,981.9,REPEAT,NEUTRAL,False,False
2025-03-12 22:00:00,19464.0,2025-03,19139.2,21121.0,973.2,NEW_LOW,NEUTRAL,2025-Q1,19139.2,22319.8,973.2,REPEAT,NEUTRAL,2025,19139.2,22319.8,973.2,REPEAT,NEUTRAL,False,False
2025-03-13 02:00:00,19606.0,2025-03,19139.2,21121.0,980.3,NEW_LOW,NEUTRAL,2025-Q1,19139.2,22319.8,980.3,REPEAT,NEUTRAL,2025,19139.2,22319.8,980.3,REPEAT,NEUTRAL,False,False
2025-03-13 06:00:00,19366.8,2025-03,19139.2,21121.0,968.3,NEW_LOW,NEUTRAL,2025-Q1,19139.2,22319.8,968.3,REPEAT,NEUTRAL,2025,19139.2,22319.8,968.3,REPEAT,NEUTRAL,False,False
2025-03-13 10:00:00,19191.0,2025-03,19139.2,21121.0,959.6,NEW_LOW,NEUTRAL,2025-Q1,19139.2,22319.8,959.6,REPEAT,NEUTRAL,2025,19139.2,22319.8,959.6,REPEAT,NEUTRAL,False,False
2025-03-13 14:00:00,19293.0,2025-03,19139.2,21121.0,964.6,NEW_LOW,NEUTRAL,2025-Q1,19139.2,22319.8,964.6,REPEAT,NEUTRAL,2025,19139.2,22319.8,964.6,REPEAT,NEUTRAL,False,False
2025-03-13 18:00:00,19402.8,2025-03,19139.2,21121.0,970.1,NEW_LOW,NEUTRAL,2025-Q1,19139.2,22319.8,970.1,REPEAT,NEUTRAL,2025,19139.2,22319.8,970.1,REPEAT,NEUTRAL,False,False
2025-03-13 22:00:00,19410.2,2025-03,19139.2,21121.0,970.5,NEW_LOW,NEUTRAL,2025-Q1,19139.2,22319.8,970.5,REPEAT,NEUTRAL,2025,19139.2,22319.8,970.5,REPEAT,NEUTRAL,False,False
2025-03-14 02:00:00,19441.5,2025-03,19139.2,21121.0,972.1,NEW_LOW,NEUTRAL,2025-Q1,19139.2,22319.8,972.1,REPEAT,NEUTRAL,2025,19139.2,22319.8,972.1,REPEAT,NEUTRAL,False,False
2025-03-14 06:00:00,19548.5,2025-03,19139.2,21121.0,977.4,NEW_LOW,NEUTRAL,2025-Q1,19139.2,22319.8,977.4,REPEAT,NEUTRAL,2025,19139.2,22319.8,977.4,REPEAT,NEUTRAL,False,False
2025-03-14 10:00:00,19629.8,2025-03,19139.2,21121.0,981.5,NEW_LOW,NEUTRAL,2025-Q1,19139.2,22319.8,981.5,REPEAT,NEUTRAL,2025,19139.2,22319.8,981.5,REPEAT,NEUTRAL,False,False
2025-03-14 14:00:00,19667.5,2025-03,19139.2,21121.0,983.4,NEW_LOW,NEUTRAL,2025-Q1,19139.2,22319.8,983.4,REPEAT,NEUTRAL,2025,19139.2,22319.8,983.4,REPEAT,NEUTRAL,False,False
2025-03-16 18:00:00,19609.0,2025-03,19139.2,21121.0,980.4,NEW_LOW,NEUTRAL,2025-Q1,19139.2,22319.8,980.4,REPEAT,NEUTRAL,2025,19139.2,22319.8,980.4,REPEAT,NEUTRAL,False,False
2025-03-16 22:00:00,19593.8,2025-03,19139.2,21121.0,979.7,NEW_LOW,NEUTRAL,2025-Q1,19139.2,22319.8,979.7,REPEAT,NEUTRAL,2025,19139.2,22319.8,979.7,REPEAT,NEUTRAL,False,False
2025-03-17 02:00:00,19625.2,2025-03,19139.2,21121.0,981.3,NEW_LOW,NEUTRAL,2025-Q1,19139.2,22319.8,981.3,REPEAT,NEUTRAL,2025,19139.2,22319.8,981.3,REPEAT,NEUTRAL,False,False
2025-03-17 06:00:00,19789.0,2025-03,19139.2,21121.0,989.4,NEW_LOW,NEUTRAL,2025-Q1,19139.2,22319.8,989.4,REPEAT,NEUTRAL,2025,19139.2,22319.8,989.4,REPEAT,NEUTRAL,False,False
2025-03-17 10:00:00,19816.0,2025-03,19139.2,21121.0,990.8,NEW_LOW,NEUTRAL,2025-Q1,19139.2,22319.8,990.8,REPEAT,NEUTRAL,2025,19139.2,22319.8,990.8,REPEAT,NEUTRAL,False,False
2025-03-17 14:00:00,19831.2,2025-03,19139.2,21121.0,991.6,NEW_LOW,NEUTRAL,2025-Q1,19139.2,22319.8,991.6,REPEAT,NEUTRAL,2025,19139.2,22319.8,991.6,REPEAT,NEUTRAL,False,False
2025-03-17 18:00:00,19959.5,2025-03,19139.2,21121.0,998.0,NEW_LOW,NEUTRAL,2025-Q1,19139.2,22319.8,998.0,REPEAT,NEUTRAL,2025,19139.2,22319.8,998.0,REPEAT,NEUTRAL,False,False
2025-03-17 22:00:00,19951.5,2025-03,19139.2,21121.0,997.6,NEW_LOW,NEUTRAL,2025-Q1,19139.2,22319.8,997.6,REPEAT,NEUTRAL,2025,19139.2,22319.8,997.6,REPEAT,NEUTRAL,False,False
2025-03-18 02:00:00,19981.0,2025-03,19139.2,21121.0,999.0,NEW_LOW,NEUTRAL,2025-Q1,19139.2,22319.8,999.0,REPEAT,NEUTRAL,2025,19139.2,22319.8,999.0,REPEAT,NEUTRAL,False,False
2025-03-18 06:00:00,19672.5,2025-03,19139.2,21121.0,983.6,NEW_LOW,NEUTRAL,2025-Q1,19139.2,22319.8,983.6,REPEAT,NEUTRAL,2025,19139.2,22319.8,983.6,REPEAT,NEUTRAL,False,False
2025-03-18 10:00:00,19711.0,2025-03,19139.2,21121.0,985.6,NEW_LOW,NEUTRAL,2025-Q1,19139.2,22319.8,985.6,REPEAT,NEUTRAL,2025,19139.2,22319.8,985.6,REPEAT,NEUTRAL,False,False
2025-03-18 14:00:00,19704.0,2025-03,19139.2,21121.0,985.2,NEW_LOW,NEUTRAL,2025-Q1,19139.2,22319.8,985.2,REPEAT,NEUTRAL,2025,19139.2,22319.8,985.2,REPEAT,NEUTRAL,False,False
2025-03-18 18:00:00,19770.2,2025-03,19139.2,21121.0,988.5,NEW_LOW,NEUTRAL,2025-Q1,19139.2,22319.8,988.5,REPEAT,NEUTRAL,2025,19139.2,22319.8,988.5,REPEAT,NEUTRAL,False,False
2025-03-18 22:00:00,19738.2,2025-03,19139.2,21121.0,986.9,NEW_LOW,NEUTRAL,2025-Q1,19139.2,22319.8,986.9,REPEAT,NEUTRAL,2025,19139.2,22319.8,986.9,REPEAT,NEUTRAL,False,False
2025-03-19 02:00:00,19764.2,2025-03,19139.2,21121.0,988.2,NEW_LOW,NEUTRAL,2025-Q1,19139.2,22319.8,988.2,REPEAT,NEUTRAL,2025,19139.2,22319.8,988.2,REPEAT,NEUTRAL,False,False
2025-03-19 06:00:00,19823.2,2025-03,19139.2,21121.0,991.2,NEW_LOW,NEUTRAL,2025-Q1,19139.2,22319.8,991.2,REPEAT,NEUTRAL,2025,19139.2,22319.8,991.2,REPEAT,NEUTRAL,False,False
2025-03-19 10:00:00,19809.2,2025-03,19139.2,21121.0,990.5,NEW_LOW,NEUTRAL,2025-Q1,19139.2,22319.8,990.5,REPEAT,NEUTRAL,2025,19139.2,22319.8,990.5,REPEAT,NEUTRAL,False,False
2025-03-19 14:00:00,19945.0,2025-03,19139.2,21121.0,997.2,NEW_LOW,NEUTRAL,2025-Q1,19139.2,22319.8,997.2,REPEAT,NEUTRAL,2025,19139.2,22319.8,997.2,REPEAT,NEUTRAL,False,False
2025-03-19 18:00:00,20028.0,2025-03,19139.2,21121.0,1001.4,NEW_LOW,NEUTRAL,2025-Q1,19139.2,22319.8,1001.4,REPEAT,NEUTRAL,2025,19139.2,22319.8,1001.4,REPEAT,NEUTRAL,False,False
2025-03-19 22:00:00,20088.0,2025-03,19139.2,21121.0,1004.4,NEW_LOW,NEUTRAL,2025-Q1,19139.2,22319.8,1004.4,REPEAT,NEUTRAL,2025,19139.2,22319.8,1004.4,REPEAT,NEUTRAL,False,False
2025-03-20 02:00:00,19954.5,2025-03,19139.2,21121.0,997.7,NEW_LOW,NEUTRAL,2025-Q1,19139.2,22319.8,997.7,REPEAT,NEUTRAL,2025,19139.2,22319.8,997.7,REPEAT,NEUTRAL,False,False
2025-03-20 06:00:00,19932.8,2025-03,19139.2,21121.0,996.6,NEW_LOW,NEUTRAL,2025-Q1,19139.2,22319.8,996.6,REPEAT,NEUTRAL,2025,19139.2,22319.8,996.6,REPEAT,NEUTRAL,False,False
2025-03-20 10:00:00,19848.5,2025-03,19139.2,21121.0,992.4,NEW_LOW,NEUTRAL,2025-Q1,19139.2,22319.8,992.4,REPEAT,NEUTRAL,2025,19139.2,22319.8,992.4,REPEAT,NEUTRAL,False,False
2025-03-20 14:00:00,19894.2,2025-03,19139.2,21121.0,994.7,NEW_LOW,NEUTRAL,2025-Q1,19139.2,22319.8,994.7,REPEAT,NEUTRAL,2025,19139.2,22319.8,994.7,REPEAT,NEUTRAL,False,False
2025-03-20 18:00:00,19924.8,2025-03,19139.2,21121.0,996.2,NEW_LOW,NEUTRAL,2025-Q1,19139.2,22319.8,996.2,REPEAT,NEUTRAL,2025,19139.2,22319.8,996.2,REPEAT,NEUTRAL,False,False
2025-03-20 22:00:00,19850.8,2025-03,19139.2,21121.0,992.5,NEW_LOW,NEUTRAL,2025-Q1,19139.2,22319.8,992.5,REPEAT,NEUTRAL,2025,19139.2,22319.8,992.5,REPEAT,NEUTRAL,False,False
2025-03-21 02:00:00,19797.0,2025-03,19139.2,21121.0,989.8,NEW_LOW,NEUTRAL,2025-Q1,19139.2,22319.8,989.8,REPEAT,NEUTRAL,2025,19139.2,22319.8,989.8,REPEAT,NEUTRAL,False,False
2025-03-21 06:00:00,19718.5,2025-03,19139.2,21121.0,985.9,NEW_LOW,NEUTRAL,2025-Q1,19139.2,22319.8,985.9,REPEAT,NEUTRAL,2025,19139.2,22319.8,985.9,REPEAT,NEUTRAL,False,False
2025-03-21 10:00:00,19857.5,2025-03,19139.2,21121.0,992.9,NEW_LOW,NEUTRAL,2025-Q1,19139.2,22319.8,992.9,REPEAT,NEUTRAL,2025,19139.2,22319.8,992.9,REPEAT,NEUTRAL,False,False
2025-03-21 14:00:00,19970.8,2025-03,19139.2,21121.0,998.5,NEW_LOW,NEUTRAL,2025-Q1,19139.2,22319.8,998.5,REPEAT,NEUTRAL,2025,19139.2,22319.8,998.5,REPEAT,NEUTRAL,False,False
2025-03-23 18:00:00,20109.8,2025-03,19139.2,21121.0,1005.5,NEW_LOW,NEUTRAL,2025-Q1,19139.2,22319.8,1005.5,REPEAT,NEUTRAL,2025,19139.2,22319.8,1005.5,REPEAT,NEUTRAL,False,False
2025-03-23 22:00:00,20116.5,2025-03,19139.2,21121.0,1005.8,NEW_LOW,NEUTRAL,2025-Q1,19139.2,22319.8,1005.8,REPEAT,NEUTRAL,2025,19139.2,22319.8,1005.8,REPEAT,NEUTRAL,False,False
2025-03-24 02:00:00,20189.2,2025-03,19139.2,21121.0,1009.5,NEW_LOW,NEUTRAL,2025-Q1,19139.2,22319.8,1009.5,REPEAT,NEUTRAL,2025,19139.2,22319.8,1009.5,REPEAT,NEUTRAL,False,False
2025-03-24 06:00:00,20316.0,2025-03,19139.2,21121.0,1015.8,NEW_LOW,NEUTRAL,2025-Q1,19139.2,22319.8,1015.8,REPEAT,NEUTRAL,2025,19139.2,22319.8,1015.8,REPEAT,NEUTRAL,False,False
2025-03-24 10:00:00,20342.5,2025-03,19139.2,21121.0,1017.1,NEW_LOW,NEUTRAL,2025-Q1,19139.2,22319.8,1017.1,REPEAT,NEUTRAL,2025,19139.2,22319.8,1017.1,REPEAT,NEUTRAL,False,False
2025-03-24 14:00:00,20357.2,2025-03,19139.2,21121.0,1017.9,NEW_LOW,NEUTRAL,2025-Q1,19139.2,22319.8,1017.9,REPEAT,NEUTRAL,2025,19139.2,22319.8,1017.9,REPEAT,NEUTRAL,False,False
2025-03-24 18:00:00,20361.5,2025-03,19139.2,21121.0,1018.1,NEW_LOW,NEUTRAL,2025-Q1,19139.2,22319.8,1018.1,REPEAT,NEUTRAL,2025,19139.2,22319.8,1018.1,REPEAT,NEUTRAL,False,False
2025-03-24 22:00:00,20341.2,2025-03,19139.2,21121.0,1017.1,NEW_LOW,NEUTRAL,2025-Q1,19139.2,22319.8,1017.1,REPEAT,NEUTRAL,2025,19139.2,22319.8,1017.1,REPEAT,NEUTRAL,False,False
2025-03-25 02:00:00,20343.5,2025-03,19139.2,21121.0,1017.2,NEW_LOW,NEUTRAL,2025-Q1,19139.2,22319.8,1017.2,REPEAT,NEUTRAL,2025,19139.2,22319.8,1017.2,REPEAT,NEUTRAL,False,False
2025-03-25 06:00:00,20410.8,2025-03,19139.2,21121.0,1020.5,NEW_LOW,NEUTRAL,2025-Q1,19139.2,22319.8,1020.5,REPEAT,NEUTRAL,2025,19139.2,22319.8,1020.5,REPEAT,NEUTRAL,False,False
2025-03-25 10:00:00,20414.2,2025-03,19139.2,21121.0,1020.7,NEW_LOW,NEUTRAL,2025-Q1,19139.2,22319.8,1020.7,REPEAT,NEUTRAL,2025,19139.2,22319.8,1020.7,REPEAT,NEUTRAL,False,False
2025-03-25 14:00:00,20517.2,2025-03,19139.2,21121.0,1025.9,NEW_LOW,NEUTRAL,2025-Q1,19139.2,22319.8,1025.9,REPEAT,NEUTRAL,2025,19139.2,22319.8,1025.9,REPEAT,NEUTRAL,False,False
2025-03-25 18:00:00,20510.5,2025-03,19139.2,21121.0,1025.5,NEW_LOW,NEUTRAL,2025-Q1,19139.2,22319.8,1025.5,REPEAT,NEUTRAL,2025,19139.2,22319.8,1025.5,REPEAT,NEUTRAL,False,False
2025-03-25 22:00:00,20459.5,2025-03,19139.2,21121.0,1023.0,NEW_LOW,NEUTRAL,2025-Q1,19139.2,22319.8,1023.0,REPEAT,NEUTRAL,2025,19139.2,22319.8,1023.0,REPEAT,NEUTRAL,False,False
2025-03-26 02:00:00,20432.8,2025-03,19139.2,21121.0,1021.6,NEW_LOW,NEUTRAL,2025-Q1,19139.2,22319.8,1021.6,REPEAT,NEUTRAL,2025,19139.2,22319.8,1021.6,REPEAT,NEUTRAL,False,False
2025-03-26 06:00:00,20316.5,2025-03,19139.2,21121.0,1015.8,NEW_LOW,NEUTRAL,2025-Q1,19139.2,22319.8,1015.8,REPEAT,NEUTRAL,2025,19139.2,22319.8,1015.8,REPEAT,NEUTRAL,False,False
2025-03-26 10:00:00,20083.8,2025-03,19139.2,21121.0,1004.2,NEW_LOW,NEUTRAL,2025-Q1,19139.2,22319.8,1004.2,REPEAT,NEUTRAL,2025,19139.2,22319.8,1004.2,REPEAT,NEUTRAL,False,False
2025-03-26 14:00:00,20090.5,2025-03,19139.2,21121.0,1004.5,NEW_LOW,NEUTRAL,2025-Q1,19139.2,22319.8,1004.5,REPEAT,NEUTRAL,2025,19139.2,22319.8,1004.5,REPEAT,NEUTRAL,False,False
2025-03-26 18:00:00,20088.8,2025-03,19139.2,21121.0,1004.4,NEW_LOW,NEUTRAL,2025-Q1,19139.2,22319.8,1004.4,REPEAT,NEUTRAL,2025,19139.2,22319.8,1004.4,REPEAT,NEUTRAL,False,False
2025-03-26 22:00:00,20114.5,2025-03,19139.2,21121.0,1005.7,NEW_LOW,NEUTRAL,2025-Q1,19139.2,22319.8,1005.7,REPEAT,NEUTRAL,2025,19139.2,22319.8,1005.7,REPEAT,NEUTRAL,False,False
2025-03-27 02:00:00,20116.2,2025-03,19139.2,21121.0,1005.8,NEW_LOW,NEUTRAL,2025-Q1,19139.2,22319.8,1005.8,REPEAT,NEUTRAL,2025,19139.2,22319.8,1005.8,REPEAT,NEUTRAL,False,False
2025-03-27 06:00:00,20076.5,2025-03,19139.2,21121.0,1003.8,NEW_LOW,NEUTRAL,2025-Q1,19139.2,22319.8,1003.8,REPEAT,NEUTRAL,2025,19139.2,22319.8,1003.8,REPEAT,NEUTRAL,False,False
2025-03-27 10:00:00,20015.0,2025-03,19139.2,21121.0,1000.8,NEW_LOW,NEUTRAL,2025-Q1,19139.2,22319.8,1000.8,REPEAT,NEUTRAL,2025,19139.2,22319.8,1000.8,REPEAT,NEUTRAL,False,False
2025-03-27 14:00:00,19997.2,2025-03,19139.2,21121.0,999.9,NEW_LOW,NEUTRAL,2025-Q1,19139.2,22319.8,999.9,REPEAT,NEUTRAL,2025,19139.2,22319.8,999.9,REPEAT,NEUTRAL,False,False
2025-03-27 18:00:00,19964.8,2025-03,19139.2,21121.0,998.2,NEW_LOW,NEUTRAL,2025-Q1,19139.2,22319.8,998.2,REPEAT,NEUTRAL,2025,19139.2,22319.8,998.2,REPEAT,NEUTRAL,False,False
2025-03-27 22:00:00,19976.0,2025-03,19139.2,21121.0,998.8,NEW_LOW,NEUTRAL,2025-Q1,19139.2,22319.8,998.8,REPEAT,NEUTRAL,2025,19139.2,22319.8,998.8,REPEAT,NEUTRAL,False,False
2025-03-28 02:00:00,19909.5,2025-03,19139.2,21121.0,995.5,NEW_LOW,NEUTRAL,2025-Q1,19139.2,22319.8,995.5,REPEAT,NEUTRAL,2025,19139.2,22319.8,995.5,REPEAT,NEUTRAL,False,False
2025-03-28 06:00:00,19856.0,2025-03,19139.2,21121.0,992.8,NEW_LOW,NEUTRAL,2025-Q1,19139.2,22319.8,992.8,REPEAT,NEUTRAL,2025,19139.2,22319.8,992.8,REPEAT,NEUTRAL,False,False
2025-03-28 10:00:00,19482.8,2025-03,19139.2,21121.0,974.1,NEW_LOW,NEUTRAL,2025-Q1,19139.2,22319.8,974.1,REPEAT,NEUTRAL,2025,19139.2,22319.8,974.1,REPEAT,NEUTRAL,False,False
2025-03-28 14:00:00,19361.0,2025-03,19139.2,21121.0,968.0,NEW_LOW,NEUTRAL,2025-Q1,19139.2,22319.8,968.0,REPEAT,NEUTRAL,2025,19139.2,22319.8,968.0,REPEAT,NEUTRAL,False,False
2025-03-30 18:00:00,19241.8,2025-03,19139.2,21121.0,962.1,NEW_LOW,NEUTRAL,2025-Q1,19139.2,22319.8,962.1,REPEAT,NEUTRAL,2025,19139.2,22319.8,962.1,REPEAT,NEUTRAL,False,False
2025-03-30 22:00:00,19238.5,2025-03,19139.2,21121.0,961.9,NEW_LOW,NEUTRAL,2025-Q1,19139.2,22319.8,961.9,REPEAT,NEUTRAL,2025,19139.2,22319.8,961.9,REPEAT,NEUTRAL,False,False
2025-03-31 02:00:00,19196.0,2025-03,19139.2,21121.0,959.8,NEW_LOW,NEUTRAL,2025-Q1,19139.2,22319.8,959.8,REPEAT,NEUTRAL,2025,19139.2,22319.8,959.8,REPEAT,NEUTRAL,False,False
2025-03-31 06:00:00,19089.2,2025-03,18976.8,21121.0,954.5,NEW_LOW,NEUTRAL,2025-Q1,18976.8,22319.8,954.5,REPEAT,NEUTRAL,2025,18976.8,22319.8,954.5,REPEAT,NEUTRAL,False,False
2025-03-31 10:00:00,19222.8,2025-03,18976.8,21121.0,961.1,NEW_LOW,NEUTRAL,2025-Q1,18976.8,22319.8,961.1,REPEAT,NEUTRAL,2025,18976.8,22319.8,961.1,REPEAT,NEUTRAL,False,False
2025-03-31 14:00:00,19413.0,2025-03,18976.8,21121.0,970.6,NEW_LOW,NEUTRAL,2025-Q1,18976.8,22319.8,970.6,REPEAT,NEUTRAL,2025,18976.8,22319.8,970.6,REPEAT,NEUTRAL,False,False
2025-03-31 18:00:00,19340.8,2025-03,18976.8,21121.0,967.0,NEW_LOW,NEUTRAL,2025-Q1,18976.8,22319.8,967.0,REPEAT,NEUTRAL,2025,18976.8,22319.8,967.0,REPEAT,NEUTRAL,False,False
2025-03-31 22:00:00,19360.5,2025-03,18976.8,21121.0,968.0,NEW_LOW,NEUTRAL,2025-Q1,18976.8,22319.8,968.0,REPEAT,NEUTRAL,2025,18976.8,22319.8,968.0,REPEAT,NEUTRAL,False,False
2025-04-01 02:00:00,19487.8,2025-04,19349.8,19511.0,974.4,REPEAT,LOW_TREND,2025-Q2,19349.8,19511.0,974.4,REPEAT,NEUTRAL,2025,18976.8,22319.8,974.4,REPEAT,NEUTRAL,False,False
2025-04-01 06:00:00,19398.8,2025-04,19311.2,19511.0,969.9,REPEAT,LOW_TREND,2025-Q2,19311.2,19511.0,969.9,REPEAT,NEUTRAL,2025,18976.8,22319.8,969.9,REPEAT,NEUTRAL,False,False
2025-04-01 10:00:00,19505.5,2025-04,19261.2,19644.0,975.3,REPEAT,LOW_TREND,2025-Q2,19261.2,19644.0,975.3,REPEAT,NEUTRAL,2025,18976.8,22319.8,975.3,REPEAT,NEUTRAL,False,False
2025-04-01 14:00:00,19598.0,2025-04,19261.2,19644.0,979.9,REPEAT,LOW_TREND,2025-Q2,19261.2,19644.0,979.9,REPEAT,NEUTRAL,2025,18976.8,22319.8,979.9,REPEAT,NEUTRAL,False,False
2025-04-01 18:00:00,19593.0,2025-04,19261.2,19697.0,979.6,REPEAT,LOW_TREND,2025-Q2,19261.2,19697.0,979.6,REPEAT,NEUTRAL,2025,18976.8,22319.8,979.6,REPEAT,NEUTRAL,False,False
2025-04-01 22:00:00,19557.5,2025-04,19261.2,19697.0,977.9,REPEAT,LOW_TREND,2025-Q2,19261.2,19697.0,977.9,REPEAT,NEUTRAL,2025,18976.8,22319.8,977.9,REPEAT,NEUTRAL,False,False
2025-04-02 02:00:00,19515.2,2025-04,19261.2,19697.0,975.8,REPEAT,LOW_TREND,2025-Q2,19261.2,19697.0,975.8,REPEAT,NEUTRAL,2025,18976.8,22319.8,975.8,REPEAT,NEUTRAL,False,False
2025-04-02 06:00:00,19531.2,2025-04,19261.2,19697.0,976.6,REPEAT,LOW_TREND,2025-Q2,19261.2,19697.0,976.6,REPEAT,NEUTRAL,2025,18976.8,22319.8,976.6,REPEAT,NEUTRAL,False,False
2025-04-02 10:00:00,19744.5,2025-04,19261.2,19890.2,987.2,REPEAT,LOW_TREND,2025-Q2,19261.2,19890.2,987.2,REPEAT,NEUTRAL,2025,18976.8,22319.8,987.2,REPEAT,NEUTRAL,False,False
2025-04-02 14:00:00,19152.2,2025-04,19076.8,20044.2,957.6,REPEAT,LOW_TREND,2025-Q2,19076.8,20044.2,957.6,REPEAT,NEUTRAL,2025,18976.8,22319.8,957.6,REPEAT,NEUTRAL,False,False
2025-04-02 18:00:00,19078.2,2025-04,18819.0,20044.2,953.9,REPEAT,LOW_TREND,2025-Q2,18819.0,20044.2,953.9,REPEAT,NEUTRAL,2025,18819.0,22319.8,953.9,REPEAT,NEUTRAL,False,False
2025-04-02 22:00:00,19042.5,2025-04,18819.0,20044.2,952.1,REPEAT,LOW_TREND,2025-Q2,18819.0,20044.2,952.1,REPEAT,NEUTRAL,2025,18819.0,22319.8,952.1,REPEAT,NEUTRAL,False,False
2025-04-03 02:00:00,19034.5,2025-04,18819.0,20044.2,951.7,REPEAT,LOW_TREND,2025-Q2,18819.0,20044.2,951.7,REPEAT,NEUTRAL,2025,18819.0,22319.8,951.7,REPEAT,NEUTRAL,False,False
2025-04-03 06:00:00,18989.2,2025-04,18819.0,20044.2,949.5,REPEAT,LOW_TREND,2025-Q2,18819.0,20044.2,949.5,REPEAT,NEUTRAL,2025,18819.0,22319.8,949.5,REPEAT,NEUTRAL,False,False
2025-04-03 10:00:00,18814.0,2025-04,18720.0,20044.2,940.7,REPEAT,NEUTRAL,2025-Q2,18720.0,20044.2,940.7,REPEAT,NEUTRAL,2025,18720.0,22319.8,940.7,REPEAT,NEUTRAL,False,False
2025-04-03 14:00:00,18648.5,2025-04,18614.0,20044.2,932.4,REPEAT,NEUTRAL,2025-Q2,18614.0,20044.2,932.4,REPEAT,NEUTRAL,2025,18614.0,22319.8,932.4,REPEAT,NEUTRAL,False,False
2025-04-03 18:00:00,18638.5,2025-04,18588.5,20044.2,931.9,REPEAT,NEUTRAL,2025-Q2,18588.5,20044.2,931.9,REPEAT,NEUTRAL,2025,18588.5,22319.8,931.9,REPEAT,NEUTRAL,False,False
2025-04-03 22:00:00,18642.8,2025-04,18458.0,20044.2,932.1,REPEAT,NEUTRAL,2025-Q2,18458.0,20044.2,932.1,REPEAT,NEUTRAL,2025,18458.0,22319.8,932.1,REPEAT,NEUTRAL,False,False
2025-04-04 02:00:00,18573.0,2025-04,18458.0,20044.2,928.6,REPEAT,NEUTRAL,2025-Q2,18458.0,20044.2,928.6,REPEAT,NEUTRAL,2025,18458.0,22319.8,928.6,REPEAT,NEUTRAL,False,False
2025-04-04 06:00:00,18195.5,2025-04,17820.8,20044.2,909.8,NEW_LOW,NEUTRAL,2025-Q2,17820.8,20044.2,909.8,NEW_LOW,NEUTRAL,2025,17820.8,22319.8,909.8,REPEAT,NEUTRAL,False,False
2025-04-04 10:00:00,17866.8,2025-04,17619.8,20044.2,893.3,NEW_LOW,NEUTRAL,2025-Q2,17619.8,20044.2,893.3,NEW_LOW,NEUTRAL,2025,17619.8,22319.8,893.3,REPEAT,NEUTRAL,False,False
2025-04-04 14:00:00,17483.2,2025-04,17387.5,20044.2,874.2,NEW_LOW,NEUTRAL,2025-Q2,17387.5,20044.2,874.2,NEW_LOW,NEUTRAL,2025,17387.5,22319.8,874.2,REPEAT,NEUTRAL,False,False
2025-04-06 18:00:00,16985.2,2025-04,16460.0,20044.2,849.3,NEW_LOW,NEUTRAL,2025-Q2,16460.0,20044.2,849.3,NEW_LOW,NEUTRAL,2025,16460.0,22319.8,849.3,REPEAT,NEUTRAL,False,False
2025-04-06 22:00:00,16761.5,2025-04,16460.0,20044.2,838.1,NEW_LOW,NEUTRAL,2025-Q2,16460.0,20044.2,838.1,NEW_LOW,NEUTRAL,2025,16460.0,22319.8,838.1,REPEAT,NEUTRAL,False,False
2025-04-07 02:00:00,16888.2,2025-04,16460.0,20044.2,844.4,NEW_LOW,NEUTRAL,2025-Q2,16460.0,20044.2,844.4,NEW_LOW,NEUTRAL,2025,16460.0,22319.8,844.4,REPEAT,NEUTRAL,False,False
2025-04-07 06:00:00,17273.5,2025-04,16460.0,20044.2,863.7,NEW_LOW,NEUTRAL,2025-Q2,16460.0,20044.2,863.7,NEW_LOW,NEUTRAL,2025,16460.0,22319.8,863.7,REPEAT,NEUTRAL,False,False
2025-04-07 10:00:00,17781.5,2025-04,16460.0,20044.2,889.1,NEW_LOW,NEUTRAL,2025-Q2,16460.0,20044.2,889.1,NEW_LOW,NEUTRAL,2025,16460.0,22319.8,889.1,REPEAT,NEUTRAL,False,False
2025-04-07 14:00:00,17628.8,2025-04,16460.0,20044.2,881.4,NEW_LOW,NEUTRAL,2025-Q2,16460.0,20044.2,881.4,NEW_LOW,NEUTRAL,2025,16460.0,22319.8,881.4,REPEAT,NEUTRAL,False,False
2025-04-07 18:00:00,17867.5,2025-04,16460.0,20044.2,893.4,NEW_LOW,NEUTRAL,2025-Q2,16460.0,20044.2,893.4,NEW_LOW,NEUTRAL,2025,16460.0,22319.8,893.4,REPEAT,NEUTRAL,False,False
2025-04-07 22:00:00,17753.8,2025-04,16460.0,20044.2,887.7,NEW_LOW,NEUTRAL,2025-Q2,16460.0,20044.2,887.7,NEW_LOW,NEUTRAL,2025,16460.0,22319.8,887.7,REPEAT,NEUTRAL,False,False
2025-04-08 02:00:00,17724.2,2025-04,16460.0,20044.2,886.2,NEW_LOW,NEUTRAL,2025-Q2,16460.0,20044.2,886.2,NEW_LOW,NEUTRAL,2025,16460.0,22319.8,886.2,REPEAT,NEUTRAL,False,False
2025-04-08 06:00:00,18247.8,2025-04,16460.0,20044.2,912.4,NEW_LOW,NEUTRAL,2025-Q2,16460.0,20044.2,912.4,NEW_LOW,NEUTRAL,2025,16460.0,22319.8,912.4,REPEAT,NEUTRAL,False,False
2025-04-08 10:00:00,17671.2,2025-04,16460.0,20044.2,883.6,NEW_LOW,NEUTRAL,2025-Q2,16460.0,20044.2,883.6,NEW_LOW,NEUTRAL,2025,16460.0,22319.8,883.6,REPEAT,NEUTRAL,False,False
2025-04-08 14:00:00,17232.0,2025-04,16460.0,20044.2,861.6,NEW_LOW,NEUTRAL,2025-Q2,16460.0,20044.2,861.6,NEW_LOW,NEUTRAL,2025,16460.0,22319.8,861.6,REPEAT,NEUTRAL,False,False
2025-04-08 18:00:00,17119.0,2025-04,16460.0,20044.2,856.0,NEW_LOW,NEUTRAL,2025-Q2,16460.0,20044.2,856.0,NEW_LOW,NEUTRAL,2025,16460.0,22319.8,856.0,REPEAT,NEUTRAL,False,False
2025-04-08 22:00:00,16895.8,2025-04,16460.0,20044.2,844.8,NEW_LOW,NEUTRAL,2025-Q2,16460.0,20044.2,844.8,NEW_LOW,NEUTRAL,2025,16460.0,22319.8,844.8,REPEAT,NEUTRAL,False,False
2025-04-09 02:00:00,17268.5,2025-04,16460.0,20044.2,863.4,NEW_LOW,NEUTRAL,2025-Q2,16460.0,20044.2,863.4,NEW_LOW,NEUTRAL,2025,16460.0,22319.8,863.4,REPEAT,NEUTRAL,False,False
2025-04-09 06:00:00,17446.5,2025-04,16460.0,20044.2,872.3,NEW_LOW,NEUTRAL,2025-Q2,16460.0,20044.2,872.3,NEW_LOW,NEUTRAL,2025,16460.0,22319.8,872.3,REPEAT,NEUTRAL,False,False
2025-04-09 10:00:00,18878.2,2025-04,16460.0,20044.2,943.9,NEW_LOW,NEUTRAL,2025-Q2,16460.0,20044.2,943.9,NEW_LOW,NEUTRAL,2025,16460.0,22319.8,943.9,REPEAT,NEUTRAL,False,False
2025-04-09 14:00:00,19353.5,2025-04,16460.0,20044.2,967.7,NEW_LOW,LOW_TREND,2025-Q2,16460.0,20044.2,967.7,NEW_LOW,NEUTRAL,2025,16460.0,22319.8,967.7,REPEAT,NEUTRAL,False,False
2025-04-09 18:00:00,19148.0,2025-04,16460.0,20044.2,957.4,NEW_LOW,LOW_TREND,2025-Q2,16460.0,20044.2,957.4,NEW_LOW,NEUTRAL,2025,16460.0,22319.8,957.4,REPEAT,NEUTRAL,False,False
2025-04-09 22:00:00,19152.0,2025-04,16460.0,20044.2,957.6,NEW_LOW,LOW_TREND,2025-Q2,16460.0,20044.2,957.6,NEW_LOW,NEUTRAL,2025,16460.0,22319.8,957.6,REPEAT,NEUTRAL,False,False
2025-04-10 02:00:00,18853.0,2025-04,16460.0,20044.2,942.6,NEW_LOW,NEUTRAL,2025-Q2,16460.0,20044.2,942.6,NEW_LOW,NEUTRAL,2025,16460.0,22319.8,942.6,REPEAT,NEUTRAL,False,False
2025-04-10 06:00:00,18661.8,2025-04,16460.0,20044.2,933.1,NEW_LOW,NEUTRAL,2025-Q2,16460.0,20044.2,933.1,NEW_LOW,NEUTRAL,2025,16460.0,22319.8,933.1,REPEAT,NEUTRAL,False,False
2025-04-10 10:00:00,18460.2,2025-04,16460.0,20044.2,923.0,NEW_LOW,NEUTRAL,2025-Q2,16460.0,20044.2,923.0,NEW_LOW,NEUTRAL,2025,16460.0,22319.8,923.0,REPEAT,NEUTRAL,False,False
2025-04-10 14:00:00,18501.5,2025-04,16460.0,20044.2,925.1,NEW_LOW,NEUTRAL,2025-Q2,16460.0,20044.2,925.1,NEW_LOW,NEUTRAL,2025,16460.0,22319.8,925.1,REPEAT,NEUTRAL,False,False
2025-04-10 18:00:00,18364.2,2025-04,16460.0,20044.2,918.2,NEW_LOW,NEUTRAL,2025-Q2,16460.0,20044.2,918.2,NEW_LOW,NEUTRAL,2025,16460.0,22319.8,918.2,REPEAT,NEUTRAL,False,False
2025-04-10 22:00:00,18695.5,2025-04,16460.0,20044.2,934.8,NEW_LOW,NEUTRAL,2025-Q2,16460.0,20044.2,934.8,NEW_LOW,NEUTRAL,2025,16460.0,22319.8,934.8,REPEAT,NEUTRAL,False,False
2025-04-11 02:00:00,18641.2,2025-04,16460.0,20044.2,932.1,NEW_LOW,NEUTRAL,2025-Q2,16460.0,20044.2,932.1,NEW_LOW,NEUTRAL,2025,16460.0,22319.8,932.1,REPEAT,NEUTRAL,False,False
2025-04-11 06:00:00,18562.0,2025-04,16460.0,20044.2,928.1,NEW_LOW,NEUTRAL,2025-Q2,16460.0,20044.2,928.1,NEW_LOW,NEUTRAL,2025,16460.0,22319.8,928.1,REPEAT,NEUTRAL,False,False
2025-04-11 10:00:00,18821.8,2025-04,16460.0,20044.2,941.1,NEW_LOW,NEUTRAL,2025-Q2,16460.0,20044.2,941.1,NEW_LOW,NEUTRAL,2025,16460.0,22319.8,941.1,REPEAT,NEUTRAL,False,False
2025-04-11 14:00:00,18820.5,2025-04,16460.0,20044.2,941.0,NEW_LOW,NEUTRAL,2025-Q2,16460.0,20044.2,941.0,NEW_LOW,NEUTRAL,2025,16460.0,22319.8,941.0,REPEAT,NEUTRAL,False,False
2025-04-13 18:00:00,19007.0,2025-04,16460.0,20044.2,950.4,NEW_LOW,LOW_TREND,2025-Q2,16460.0,20044.2,950.4,NEW_LOW,NEUTRAL,2025,16460.0,22319.8,950.4,REPEAT,NEUTRAL,False,False
2025-04-13 22:00:00,19088.2,2025-04,16460.0,20044.2,954.4,NEW_LOW,LOW_TREND,2025-Q2,16460.0,20044.2,954.4,NEW_LOW,NEUTRAL,2025,16460.0,22319.8,954.4,REPEAT,NEUTRAL,False,False
2025-04-14 02:00:00,19065.8,2025-04,16460.0,20044.2,953.3,NEW_LOW,LOW_TREND,2025-Q2,16460.0,20044.2,953.3,NEW_LOW,NEUTRAL,2025,16460.0,22319.8,953.3,REPEAT,NEUTRAL,False,False
2025-04-14 06:00:00,19045.5,2025-04,16460.0,20044.2,952.3,NEW_LOW,LOW_TREND,2025-Q2,16460.0,20044.2,952.3,NEW_LOW,NEUTRAL,2025,16460.0,22319.8,952.3,REPEAT,NEUTRAL,False,False
2025-04-14 10:00:00,18941.0,2025-04,16460.0,20044.2,947.0,NEW_LOW,NEUTRAL,2025-Q2,16460.0,20044.2,947.0,NEW_LOW,NEUTRAL,2025,16460.0,22319.8,947.0,REPEAT,NEUTRAL,False,False
2025-04-14 14:00:00,18902.5,2025-04,16460.0,20044.2,945.1,NEW_LOW,NEUTRAL,2025-Q2,16460.0,20044.2,945.1,NEW_LOW,NEUTRAL,2025,16460.0,22319.8,945.1,REPEAT,NEUTRAL,False,False
2025-04-14 18:00:00,18900.5,2025-04,16460.0,20044.2,945.0,NEW_LOW,NEUTRAL,2025-Q2,16460.0,20044.2,945.0,NEW_LOW,NEUTRAL,2025,16460.0,22319.8,945.0,REPEAT,NEUTRAL,False,False
2025-04-14 22:00:00,18890.5,2025-04,16460.0,20044.2,944.5,NEW_LOW,NEUTRAL,2025-Q2,16460.0,20044.2,944.5,NEW_LOW,NEUTRAL,2025,16460.0,22319.8,944.5,REPEAT,NEUTRAL,False,False
2025-04-15 02:00:00,18980.8,2025-04,16460.0,20044.2,949.0,NEW_LOW,LOW_TREND,2025-Q2,16460.0,20044.2,949.0,NEW_LOW,NEUTRAL,2025,16460.0,22319.8,949.0,REPEAT,NEUTRAL,False,False
2025-04-15 06:00:00,19067.8,2025-04,16460.0,20044.2,953.4,NEW_LOW,LOW_TREND,2025-Q2,16460.0,20044.2,953.4,NEW_LOW,NEUTRAL,2025,16460.0,22319.8,953.4,REPEAT,NEUTRAL,False,False
2025-04-15 10:00:00,18952.0,2025-04,16460.0,20044.2,947.6,NEW_LOW,NEUTRAL,2025-Q2,16460.0,20044.2,947.6,NEW_LOW,NEUTRAL,2025,16460.0,22319.8,947.6,REPEAT,NEUTRAL,False,False
2025-04-15 14:00:00,18938.0,2025-04,16460.0,20044.2,946.9,NEW_LOW,NEUTRAL,2025-Q2,16460.0,20044.2,946.9,NEW_LOW,NEUTRAL,2025,16460.0,22319.8,946.9,REPEAT,NEUTRAL,False,False
2025-04-15 18:00:00,18707.0,2025-04,16460.0,20044.2,935.4,NEW_LOW,NEUTRAL,2025-Q2,16460.0,20044.2,935.4,NEW_LOW,NEUTRAL,2025,16460.0,22319.8,935.4,REPEAT,NEUTRAL,False,False
2025-04-15 22:00:00,18524.5,2025-04,16460.0,20044.2,926.2,NEW_LOW,NEUTRAL,2025-Q2,16460.0,20044.2,926.2,NEW_LOW,NEUTRAL,2025,16460.0,22319.8,926.2,REPEAT,NEUTRAL,False,False
2025-04-16 02:00:00,18679.2,2025-04,16460.0,20044.2,934.0,NEW_LOW,NEUTRAL,2025-Q2,16460.0,20044.2,934.0,NEW_LOW,NEUTRAL,2025,16460.0,22319.8,934.0,REPEAT,NEUTRAL,False,False
2025-04-16 06:00:00,18524.0,2025-04,16460.0,20044.2,926.2,NEW_LOW,NEUTRAL,2025-Q2,16460.0,20044.2,926.2,NEW_LOW,NEUTRAL,2025,16460.0,22319.8,926.2,REPEAT,NEUTRAL,False,False
2025-04-16 10:00:00,18293.0,2025-04,16460.0,20044.2,914.6,NEW_LOW,NEUTRAL,2025-Q2,16460.0,20044.2,914.6,NEW_LOW,NEUTRAL,2025,16460.0,22319.8,914.6,REPEAT,NEUTRAL,False,False
2025-04-16 14:00:00,18369.2,2025-04,16460.0,20044.2,918.5,NEW_LOW,NEUTRAL,2025-Q2,16460.0,20044.2,918.5,NEW_LOW,NEUTRAL,2025,16460.0,22319.8,918.5,REPEAT,NEUTRAL,False,False
2025-04-16 18:00:00,18476.0,2025-04,16460.0,20044.2,923.8,NEW_LOW,NEUTRAL,2025-Q2,16460.0,20044.2,923.8,NEW_LOW,NEUTRAL,2025,16460.0,22319.8,923.8,REPEAT,NEUTRAL,False,False
2025-04-16 22:00:00,18551.2,2025-04,16460.0,20044.2,927.6,NEW_LOW,NEUTRAL,2025-Q2,16460.0,20044.2,927.6,NEW_LOW,NEUTRAL,2025,16460.0,22319.8,927.6,REPEAT,NEUTRAL,False,False
2025-04-17 02:00:00,18577.5,2025-04,16460.0,20044.2,928.9,NEW_LOW,NEUTRAL,2025-Q2,16460.0,20044.2,928.9,NEW_LOW,NEUTRAL,2025,16460.0,22319.8,928.9,REPEAT,NEUTRAL,False,False
2025-04-17 06:00:00,18467.8,2025-04,16460.0,20044.2,923.4,NEW_LOW,NEUTRAL,2025-Q2,16460.0,20044.2,923.4,NEW_LOW,NEUTRAL,2025,16460.0,22319.8,923.4,REPEAT,NEUTRAL,False,False
2025-04-17 10:00:00,18453.0,2025-04,16460.0,20044.2,922.6,NEW_LOW,NEUTRAL,2025-Q2,16460.0,20044.2,922.6,NEW_LOW,NEUTRAL,2025,16460.0,22319.8,922.6,REPEAT,NEUTRAL,False,False
2025-04-17 14:00:00,18427.8,2025-04,16460.0,20044.2,921.4,NEW_LOW,NEUTRAL,2025-Q2,16460.0,20044.2,921.4,NEW_LOW,NEUTRAL,2025,16460.0,22319.8,921.4,REPEAT,NEUTRAL,False,False
2025-04-20 18:00:00,18286.0,2025-04,16460.0,20044.2,914.3,NEW_LOW,NEUTRAL,2025-Q2,16460.0,20044.2,914.3,NEW_LOW,NEUTRAL,2025,16460.0,22319.8,914.3,REPEAT,NEUTRAL,False,False
2025-04-20 22:00:00,18245.2,2025-04,16460.0,20044.2,912.3,NEW_LOW,NEUTRAL,2025-Q2,16460.0,20044.2,912.3,NEW_LOW,NEUTRAL,2025,16460.0,22319.8,912.3,REPEAT,NEUTRAL,False,False
2025-04-21 02:00:00,18171.8,2025-04,16460.0,20044.2,908.6,NEW_LOW,NEUTRAL,2025-Q2,16460.0,20044.2,908.6,NEW_LOW,NEUTRAL,2025,16460.0,22319.8,908.6,REPEAT,NEUTRAL,False,False
2025-04-21 06:00:00,17994.5,2025-04,16460.0,20044.2,899.7,NEW_LOW,NEUTRAL,2025-Q2,16460.0,20044.2,899.7,NEW_LOW,NEUTRAL,2025,16460.0,22319.8,899.7,REPEAT,NEUTRAL,False,False
2025-04-21 10:00:00,17712.2,2025-04,16460.0,20044.2,885.6,NEW_LOW,NEUTRAL,2025-Q2,16460.0,20044.2,885.6,NEW_LOW,NEUTRAL,2025,16460.0,22319.8,885.6,REPEAT,NEUTRAL,False,False
2025-04-21 14:00:00,17914.0,2025-04,16460.0,20044.2,895.7,NEW_LOW,NEUTRAL,2025-Q2,16460.0,20044.2,895.7,NEW_LOW,NEUTRAL,2025,16460.0,22319.8,895.7,REPEAT,NEUTRAL,False,False
2025-04-21 18:00:00,18030.5,2025-04,16460.0,20044.2,901.5,NEW_LOW,NEUTRAL,2025-Q2,16460.0,20044.2,901.5,NEW_LOW,NEUTRAL,2025,16460.0,22319.8,901.5,REPEAT,NEUTRAL,False,False
2025-04-21 22:00:00,17998.0,2025-04,16460.0,20044.2,899.9,NEW_LOW,NEUTRAL,2025-Q2,16460.0,20044.2,899.9,NEW_LOW,NEUTRAL,2025,16460.0,22319.8,899.9,REPEAT,NEUTRAL,False,False
2025-04-22 02:00:00,18093.0,2025-04,16460.0,20044.2,904.6,NEW_LOW,NEUTRAL,2025-Q2,16460.0,20044.2,904.6,NEW_LOW,NEUTRAL,2025,16460.0,22319.8,904.6,REPEAT,NEUTRAL,False,False
2025-04-22 06:00:00,18253.8,2025-04,16460.0,20044.2,912.7,NEW_LOW,NEUTRAL,2025-Q2,16460.0,20044.2,912.7,NEW_LOW,NEUTRAL,2025,16460.0,22319.8,912.7,REPEAT,NEUTRAL,False,False
2025-04-22 10:00:00,18223.2,2025-04,16460.0,20044.2,911.2,NEW_LOW,NEUTRAL,2025-Q2,16460.0,20044.2,911.2,NEW_LOW,NEUTRAL,2025,16460.0,22319.8,911.2,REPEAT,NEUTRAL,False,False
2025-04-22 14:00:00,18359.0,2025-04,16460.0,20044.2,918.0,NEW_LOW,NEUTRAL,2025-Q2,16460.0,20044.2,918.0,NEW_LOW,NEUTRAL,2025,16460.0,22319.8,918.0,REPEAT,NEUTRAL,False,False
2025-04-22 18:00:00,18640.2,2025-04,16460.0,20044.2,932.0,NEW_LOW,NEUTRAL,2025-Q2,16460.0,20044.2,932.0,NEW_LOW,NEUTRAL,2025,16460.0,22319.8,932.0,REPEAT,NEUTRAL,False,False
2025-04-22 22:00:00,18740.0,2025-04,16460.0,20044.2,937.0,NEW_LOW,NEUTRAL,2025-Q2,16460.0,20044.2,937.0,NEW_LOW,NEUTRAL,2025,16460.0,22319.8,937.0,REPEAT,NEUTRAL,False,False
2025-04-23 02:00:00,18844.8,2025-04,16460.0,20044.2,942.2,NEW_LOW,NEUTRAL,2025-Q2,16460.0,20044.2,942.2,NEW_LOW,NEUTRAL,2025,16460.0,22319.8,942.2,REPEAT,NEUTRAL,False,False
2025-04-23 06:00:00,19074.8,2025-04,16460.0,20044.2,953.7,NEW_LOW,LOW_TREND,2025-Q2,16460.0,20044.2,953.7,NEW_LOW,NEUTRAL,2025,16460.0,22319.8,953.7,REPEAT,NEUTRAL,False,False
2025-04-23 10:00:00,18925.8,2025-04,16460.0,20044.2,946.3,NEW_LOW,NEUTRAL,2025-Q2,16460.0,20044.2,946.3,NEW_LOW,NEUTRAL,2025,16460.0,22319.8,946.3,REPEAT,NEUTRAL,False,False
2025-04-23 14:00:00,18850.0,2025-04,16460.0,20044.2,942.5,NEW_LOW,NEUTRAL,2025-Q2,16460.0,20044.2,942.5,NEW_LOW,NEUTRAL,2025,16460.0,22319.8,942.5,REPEAT,NEUTRAL,False,False
2025-04-23 18:00:00,18771.2,2025-04,16460.0,20044.2,938.6,NEW_LOW,NEUTRAL,2025-Q2,16460.0,20044.2,938.6,NEW_LOW,NEUTRAL,2025,16460.0,22319.8,938.6,REPEAT,NEUTRAL,False,False
2025-04-23 22:00:00,18710.5,2025-04,16460.0,20044.2,935.5,NEW_LOW,NEUTRAL,2025-Q2,16460.0,20044.2,935.5,NEW_LOW,NEUTRAL,2025,16460.0,22319.8,935.5,REPEAT,NEUTRAL,False,False
2025-04-24 02:00:00,18693.8,2025-04,16460.0,20044.2,934.7,NEW_LOW,NEUTRAL,2025-Q2,16460.0,20044.2,934.7,NEW_LOW,NEUTRAL,2025,16460.0,22319.8,934.7,REPEAT,NEUTRAL,False,False
2025-04-24 06:00:00,19051.8,2025-04,16460.0,20044.2,952.6,NEW_LOW,LOW_TREND,2025-Q2,16460.0,20044.2,952.6,NEW_LOW,NEUTRAL,2025,16460.0,22319.8,952.6,REPEAT,NEUTRAL,False,False
2025-04-24 10:00:00,19265.0,2025-04,16460.0,20044.2,963.2,NEW_LOW,LOW_TREND,2025-Q2,16460.0,20044.2,963.2,NEW_LOW,NEUTRAL,2025,16460.0,22319.8,963.2,REPEAT,NEUTRAL,False,False
2025-04-24 14:00:00,19347.5,2025-04,16460.0,20044.2,967.4,NEW_LOW,LOW_TREND,2025-Q2,16460.0,20044.2,967.4,NEW_LOW,NEUTRAL,2025,16460.0,22319.8,967.4,REPEAT,NEUTRAL,False,False
2025-04-24 18:00:00,19411.0,2025-04,16460.0,20044.2,970.6,NEW_LOW,LOW_TREND,2025-Q2,16460.0,20044.2,970.6,NEW_LOW,NEUTRAL,2025,16460.0,22319.8,970.6,REPEAT,NEUTRAL,False,False
2025-04-24 22:00:00,19410.8,2025-04,16460.0,20044.2,970.5,NEW_LOW,LOW_TREND,2025-Q2,16460.0,20044.2,970.5,NEW_LOW,NEUTRAL,2025,16460.0,22319.8,970.5,REPEAT,NEUTRAL,False,False
2025-04-25 02:00:00,19396.8,2025-04,16460.0,20044.2,969.8,NEW_LOW,LOW_TREND,2025-Q2,16460.0,20044.2,969.8,NEW_LOW,NEUTRAL,2025,16460.0,22319.8,969.8,REPEAT,NEUTRAL,False,False
2025-04-25 06:00:00,19257.0,2025-04,16460.0,20044.2,962.8,NEW_LOW,LOW_TREND,2025-Q2,16460.0,20044.2,962.8,NEW_LOW,NEUTRAL,2025,16460.0,22319.8,962.8,REPEAT,NEUTRAL,False,False
2025-04-25 10:00:00,19428.2,2025-04,16460.0,20044.2,971.4,NEW_LOW,LOW_TREND,2025-Q2,16460.0,20044.2,971.4,NEW_LOW,NEUTRAL,2025,16460.0,22319.8,971.4,REPEAT,NEUTRAL,False,False
2025-04-25 14:00:00,19554.8,2025-04,16460.0,20044.2,977.7,NEW_LOW,LOW_TREND,2025-Q2,16460.0,20044.2,977.7,NEW_LOW,NEUTRAL,2025,16460.0,22319.8,977.7,REPEAT,NEUTRAL,False,False
2025-04-27 18:00:00,19429.5,2025-04,16460.0,20044.2,971.5,NEW_LOW,LOW_TREND,2025-Q2,16460.0,20044.2,971.5,NEW_LOW,NEUTRAL,2025,16460.0,22319.8,971.5,REPEAT,NEUTRAL,False,False
2025-04-27 22:00:00,19416.2,2025-04,16460.0,20044.2,970.8,NEW_LOW,LOW_TREND,2025-Q2,16460.0,20044.2,970.8,NEW_LOW,NEUTRAL,2025,16460.0,22319.8,970.8,REPEAT,NEUTRAL,False,False
2025-04-28 02:00:00,19515.0,2025-04,16460.0,20044.2,975.8,NEW_LOW,LOW_TREND,2025-Q2,16460.0,20044.2,975.8,NEW_LOW,NEUTRAL,2025,16460.0,22319.8,975.8,REPEAT,NEUTRAL,False,False
2025-04-28 06:00:00,19465.2,2025-04,16460.0,20044.2,973.3,NEW_LOW,LOW_TREND,2025-Q2,16460.0,20044.2,973.3,NEW_LOW,NEUTRAL,2025,16460.0,22319.8,973.3,REPEAT,NEUTRAL,False,False
2025-04-28 10:00:00,19371.2,2025-04,16460.0,20044.2,968.6,NEW_LOW,LOW_TREND,2025-Q2,16460.0,20044.2,968.6,NEW_LOW,NEUTRAL,2025,16460.0,22319.8,968.6,REPEAT,NEUTRAL,False,False
2025-04-28 14:00:00,19483.8,2025-04,16460.0,20044.2,974.2,NEW_LOW,LOW_TREND,2025-Q2,16460.0,20044.2,974.2,NEW_LOW,NEUTRAL,2025,16460.0,22319.8,974.2,REPEAT,NEUTRAL,False,False
2025-04-28 18:00:00,19594.2,2025-04,16460.0,20044.2,979.7,NEW_LOW,LOW_TREND,2025-Q2,16460.0,20044.2,979.7,NEW_LOW,NEUTRAL,2025,16460.0,22319.8,979.7,REPEAT,NEUTRAL,False,False
2025-04-28 22:00:00,19532.5,2025-04,16460.0,20044.2,976.6,NEW_LOW,LOW_TREND,2025-Q2,16460.0,20044.2,976.6,NEW_LOW,NEUTRAL,2025,16460.0,22319.8,976.6,REPEAT,NEUTRAL,False,False
2025-04-29 02:00:00,19567.0,2025-04,16460.0,20044.2,978.4,NEW_LOW,LOW_TREND,2025-Q2,16460.0,20044.2,978.4,NEW_LOW,NEUTRAL,2025,16460.0,22319.8,978.4,REPEAT,NEUTRAL,False,False
2025-04-29 06:00:00,19506.2,2025-04,16460.0,20044.2,975.3,NEW_LOW,LOW_TREND,2025-Q2,16460.0,20044.2,975.3,NEW_LOW,NEUTRAL,2025,16460.0,22319.8,975.3,REPEAT,NEUTRAL,False,False
2025-04-29 10:00:00,19656.0,2025-04,16460.0,20044.2,982.8,NEW_LOW,LOW_TREND,2025-Q2,16460.0,20044.2,982.8,NEW_LOW,NEUTRAL,2025,16460.0,22319.8,982.8,REPEAT,NEUTRAL,False,False
2025-04-29 14:00:00,19614.2,2025-04,16460.0,20044.2,980.7,NEW_LOW,LOW_TREND,2025-Q2,16460.0,20044.2,980.7,NEW_LOW,NEUTRAL,2025,16460.0,22319.8,980.7,REPEAT,NEUTRAL,False,False
2025-04-29 18:00:00,19513.2,2025-04,16460.0,20044.2,975.7,NEW_LOW,LOW_TREND,2025-Q2,16460.0,20044.2,975.7,NEW_LOW,NEUTRAL,2025,16460.0,22319.8,975.7,REPEAT,NEUTRAL,False,False
2025-04-29 22:00:00,19537.5,2025-04,16460.0,20044.2,976.9,NEW_LOW,LOW_TREND,2025-Q2,16460.0,20044.2,976.9,NEW_LOW,NEUTRAL,2025,16460.0,22319.8,976.9,REPEAT,NEUTRAL,False,False
2025-04-30 02:00:00,19588.8,2025-04,16460.0,20044.2,979.4,NEW_LOW,LOW_TREND,2025-Q2,16460.0,20044.2,979.4,NEW_LOW,NEUTRAL,2025,16460.0,22319.8,979.4,REPEAT,NEUTRAL,False,False
2025-04-30 06:00:00,19121.2,2025-04,16460.0,20044.2,956.1,NEW_LOW,LOW_TREND,2025-Q2,16460.0,20044.2,956.1,NEW_LOW,NEUTRAL,2025,16460.0,22319.8,956.1,REPEAT,NEUTRAL,False,False
2025-04-30 10:00:00,19478.2,2025-04,16460.0,20044.2,973.9,NEW_LOW,LOW_TREND,2025-Q2,16460.0,20044.2,973.9,NEW_LOW,NEUTRAL,2025,16460.0,22319.8,973.9,REPEAT,NEUTRAL,False,False
2025-04-30 14:00:00,19848.5,2025-04,16460.0,20044.2,992.4,NEW_LOW,LOW_TREND,2025-Q2,16460.0,20044.2,992.4,NEW_LOW,NEUTRAL,2025,16460.0,22319.8,992.4,REPEAT,NEUTRAL,False,False
2025-04-30 18:00:00,19929.0,2025-04,16460.0,20044.2,996.4,NEW_LOW,LOW_TREND,2025-Q2,16460.0,20044.2,996.4,NEW_LOW,NEUTRAL,2025,16460.0,22319.8,996.4,REPEAT,NEUTRAL,False,False
2025-04-30 22:00:00,19921.5,2025-04,16460.0,20044.2,996.1,NEW_LOW,LOW_TREND,2025-Q2,16460.0,20044.2,996.1,NEW_LOW,NEUTRAL,2025,16460.0,22319.8,996.1,REPEAT,NEUTRAL,False,False
2025-05-01 02:00:00,20017.8,2025-05,19901.2,20023.5,1000.9,REPEAT,LOW_TREND,2025-Q2,16460.0,20044.2,1000.9,NEW_LOW,NEUTRAL,2025,16460.0,22319.8,1000.9,REPEAT,NEUTRAL,False,False
2025-05-01 06:00:00,19877.0,2025-05,19860.0,20035.8,993.8,REPEAT,LOW_TREND,2025-Q2,16460.0,20044.2,993.8,NEW_LOW,NEUTRAL,2025,16460.0,22319.8,993.8,REPEAT,NEUTRAL,False,False
2025-05-01 10:00:00,19982.0,2025-05,19860.0,20125.8,999.1,REPEAT,LOW_TREND,2025-Q2,16460.0,20125.8,999.1,NEW_LOW,NEUTRAL,2025,16460.0,22319.8,999.1,REPEAT,NEUTRAL,False,False
2025-05-01 14:00:00,19799.0,2025-05,19757.2,20125.8,990.0,REPEAT,LOW_TREND,2025-Q2,16460.0,20125.8,990.0,NEW_LOW,NEUTRAL,2025,16460.0,22319.8,990.0,REPEAT,NEUTRAL,False,False
2025-05-01 18:00:00,19928.5,2025-05,19749.5,20125.8,996.4,REPEAT,LOW_TREND,2025-Q2,16460.0,20125.8,996.4,NEW_LOW,NEUTRAL,2025,16460.0,22319.8,996.4,REPEAT,NEUTRAL,False,False
2025-05-01 22:00:00,19950.5,2025-05,19749.5,20125.8,997.5,REPEAT,LOW_TREND,2025-Q2,16460.0,20125.8,997.5,NEW_LOW,NEUTRAL,2025,16460.0,22319.8,997.5,REPEAT,NEUTRAL,False,False
2025-05-02 02:00:00,19918.5,2025-05,19749.5,20125.8,995.9,REPEAT,LOW_TREND,2025-Q2,16460.0,20125.8,995.9,NEW_LOW,NEUTRAL,2025,16460.0,22319.8,995.9,REPEAT,NEUTRAL,False,False
2025-05-02 06:00:00,20073.0,2025-05,19749.5,20141.2,1003.6,REPEAT,LOW_TREND,2025-Q2,16460.0,20141.2,1003.6,NEW_LOW,NEUTRAL,2025,16460.0,22319.8,1003.6,REPEAT,NEUTRAL,False,False
2025-05-02 10:00:00,20226.0,2025-05,19749.5,20266.0,1011.3,REPEAT,LOW_TREND,2025-Q2,16460.0,20266.0,1011.3,NEW_LOW,NEUTRAL,2025,16460.0,22319.8,1011.3,REPEAT,NEUTRAL,False,False
2025-05-02 14:00:00,20204.5,2025-05,19749.5,20276.8,1010.2,REPEAT,LOW_TREND,2025-Q2,16460.0,20276.8,1010.2,NEW_LOW,NEUTRAL,2025,16460.0,22319.8,1010.2,REPEAT,NEUTRAL,False,False
2025-05-04 18:00:00,20004.0,2025-05,19749.5,20276.8,1000.2,REPEAT,LOW_TREND,2025-Q2,16460.0,20276.8,1000.2,NEW_LOW,NEUTRAL,2025,16460.0,22319.8,1000.2,REPEAT,NEUTRAL,False,False
2025-05-04 22:00:00,20062.8,2025-05,19749.5,20276.8,1003.1,REPEAT,LOW_TREND,2025-Q2,16460.0,20276.8,1003.1,NEW_LOW,NEUTRAL,2025,16460.0,22319.8,1003.1,REPEAT,NEUTRAL,False,False
2025-05-05 02:00:00,20011.5,2025-05,19749.5,20276.8,1000.6,REPEAT,LOW_TREND,2025-Q2,16460.0,20276.8,1000.6,NEW_LOW,NEUTRAL,2025,16460.0,22319.8,1000.6,REPEAT,NEUTRAL,False,False
2025-05-05 06:00:00,20051.0,2025-05,19749.5,20276.8,1002.6,REPEAT,LOW_TREND,2025-Q2,16460.0,20276.8,1002.6,NEW_LOW,NEUTRAL,2025,16460.0,22319.8,1002.6,REPEAT,NEUTRAL,False,False
2025-05-05 10:00:00,20143.8,2025-05,19749.5,20276.8,1007.2,REPEAT,LOW_TREND,2025-Q2,16460.0,20276.8,1007.2,NEW_LOW,NEUTRAL,2025,16460.0,22319.8,1007.2,REPEAT,NEUTRAL,False,False
2025-05-05 14:00:00,20042.2,2025-05,19749.5,20276.8,1002.1,REPEAT,LOW_TREND,2025-Q2,16460.0,20276.8,1002.1,NEW_LOW,NEUTRAL,2025,16460.0,22319.8,1002.1,REPEAT,NEUTRAL,False,False
2025-05-05 18:00:00,19958.2,2025-05,19749.5,20276.8,997.9,REPEAT,LOW_TREND,2025-Q2,16460.0,20276.8,997.9,NEW_LOW,NEUTRAL,2025,16460.0,22319.8,997.9,REPEAT,NEUTRAL,False,False
2025-05-05 22:00:00,19923.0,2025-05,19749.5,20276.8,996.2,REPEAT,LOW_TREND,2025-Q2,16460.0,20276.8,996.2,NEW_LOW,NEUTRAL,2025,16460.0,22319.8,996.2,REPEAT,NEUTRAL,False,False
2025-05-06 02:00:00,19866.5,2025-05,19749.5,20276.8,993.3,REPEAT,LOW_TREND,2025-Q2,16460.0,20276.8,993.3,NEW_LOW,NEUTRAL,2025,16460.0,22319.8,993.3,REPEAT,NEUTRAL,False,False
2025-05-06 06:00:00,19757.2,2025-05,19747.0,20276.8,987.9,REPEAT,LOW_TREND,2025-Q2,16460.0,20276.8,987.9,NEW_LOW,NEUTRAL,2025,16460.0,22319.8,987.9,REPEAT,NEUTRAL,False,False
2025-05-06 10:00:00,19846.8,2025-05,19739.0,20276.8,992.3,REPEAT,LOW_TREND,2025-Q2,16460.0,20276.8,992.3,NEW_LOW,NEUTRAL,2025,16460.0,22319.8,992.3,REPEAT,NEUTRAL,False,False
2025-05-06 14:00:00,19846.8,2025-05,19739.0,20276.8,992.3,REPEAT,LOW_TREND,2025-Q2,16460.0,20276.8,992.3,NEW_LOW,NEUTRAL,2025,16460.0,22319.8,992.3,REPEAT,NEUTRAL,False,False
2025-05-06 18:00:00,20052.0,2025-05,19739.0,20276.8,1002.6,REPEAT,LOW_TREND,2025-Q2,16460.0,20276.8,1002.6,NEW_LOW,NEUTRAL,2025,16460.0,22319.8,1002.6,REPEAT,NEUTRAL,False,False
2025-05-06 22:00:00,19979.5,2025-05,19739.0,20276.8,999.0,REPEAT,LOW_TREND,2025-Q2,16460.0,20276.8,999.0,NEW_LOW,NEUTRAL,2025,16460.0,22319.8,999.0,REPEAT,NEUTRAL,False,False
2025-05-07 02:00:00,19990.5,2025-05,19739.0,20276.8,999.5,REPEAT,LOW_TREND,2025-Q2,16460.0,20276.8,999.5,NEW_LOW,NEUTRAL,2025,16460.0,22319.8,999.5,REPEAT,NEUTRAL,False,False
2025-05-07 06:00:00,19937.5,2025-05,19739.0,20276.8,996.9,REPEAT,LOW_TREND,2025-Q2,16460.0,20276.8,996.9,NEW_LOW,NEUTRAL,2025,16460.0,22319.8,996.9,REPEAT,NEUTRAL,False,False
2025-05-07 10:00:00,19818.8,2025-05,19739.0,20276.8,990.9,REPEAT,LOW_TREND,2025-Q2,16460.0,20276.8,990.9,NEW_LOW,NEUTRAL,2025,16460.0,22319.8,990.9,REPEAT,NEUTRAL,False,False
2025-05-07 14:00:00,19957.5,2025-05,19678.8,20276.8,997.9,REPEAT,LOW_TREND,2025-Q2,16460.0,20276.8,997.9,NEW_LOW,NEUTRAL,2025,16460.0,22319.8,997.9,REPEAT,NEUTRAL,False,False
2025-05-07 18:00:00,20066.0,2025-05,19678.8,20276.8,1003.3,REPEAT,LOW_TREND,2025-Q2,16460.0,20276.8,1003.3,NEW_LOW,NEUTRAL,2025,16460.0,22319.8,1003.3,REPEAT,NEUTRAL,False,False
2025-05-07 22:00:00,20156.8,2025-05,19678.8,20276.8,1007.8,REPEAT,LOW_TREND,2025-Q2,16460.0,20276.8,1007.8,NEW_LOW,NEUTRAL,2025,16460.0,22319.8,1007.8,REPEAT,NEUTRAL,False,False
2025-05-08 02:00:00,20245.5,2025-05,19678.8,20276.8,1012.3,REPEAT,LOW_TREND,2025-Q2,16460.0,20276.8,1012.3,NEW_LOW,NEUTRAL,2025,16460.0,22319.8,1012.3,REPEAT,NEUTRAL,False,False
2025-05-08 06:00:00,20090.0,2025-05,19678.8,20276.8,1004.5,REPEAT,LOW_TREND,2025-Q2,16460.0,20276.8,1004.5,NEW_LOW,NEUTRAL,2025,16460.0,22319.8,1004.5,REPEAT,NEUTRAL,False,False
2025-05-08 10:00:00,20250.8,2025-05,19678.8,20337.2,1012.5,REPEAT,LOW_TREND,2025-Q2,16460.0,20337.2,1012.5,NEW_LOW,NEUTRAL,2025,16460.0,22319.8,1012.5,REPEAT,NEUTRAL,False,False
2025-05-08 14:00:00,20156.2,2025-05,19678.8,20337.2,1007.8,REPEAT,LOW_TREND,2025-Q2,16460.0,20337.2,1007.8,NEW_LOW,NEUTRAL,2025,16460.0,22319.8,1007.8,REPEAT,NEUTRAL,False,False
2025-05-08 18:00:00,20158.8,2025-05,19678.8,20337.2,1007.9,REPEAT,LOW_TREND,2025-Q2,16460.0,20337.2,1007.9,NEW_LOW,NEUTRAL,2025,16460.0,22319.8,1007.9,REPEAT,NEUTRAL,False,False
2025-05-08 22:00:00,20192.5,2025-05,19678.8,20337.2,1009.6,REPEAT,LOW_TREND,2025-Q2,16460.0,20337.2,1009.6,NEW_LOW,NEUTRAL,2025,16460.0,22319.8,1009.6,REPEAT,NEUTRAL,False,False
2025-05-09 02:00:00,20198.0,2025-05,19678.8,20337.2,1009.9,REPEAT,LOW_TREND,2025-Q2,16460.0,20337.2,1009.9,NEW_LOW,NEUTRAL,2025,16460.0,22319.8,1009.9,REPEAT,NEUTRAL,False,False
2025-05-09 06:00:00,20254.2,2025-05,19678.8,20337.2,1012.7,REPEAT,LOW_TREND,2025-Q2,16460.0,20337.2,1012.7,NEW_LOW,NEUTRAL,2025,16460.0,22319.8,1012.7,REPEAT,NEUTRAL,False,False
2025-05-09 10:00:00,20156.0,2025-05,19678.8,20337.2,1007.8,REPEAT,LOW_TREND,2025-Q2,16460.0,20337.2,1007.8,NEW_LOW,NEUTRAL,2025,16460.0,22319.8,1007.8,REPEAT,NEUTRAL,False,False
2025-05-09 14:00:00,20146.5,2025-05,19678.8,20337.2,1007.3,REPEAT,LOW_TREND,2025-Q2,16460.0,20337.2,1007.3,NEW_LOW,NEUTRAL,2025,16460.0,22319.8,1007.3,REPEAT,NEUTRAL,False,False
2025-05-11 18:00:00,20517.0,2025-05,19678.8,20547.2,1025.9,REPEAT,LOW_TREND,2025-Q2,16460.0,20547.2,1025.9,NEW_LOW,NEUTRAL,2025,16460.0,22319.8,1025.9,REPEAT,NEUTRAL,False,False
2025-05-11 22:00:00,20552.2,2025-05,19678.8,20563.2,1027.6,REPEAT,LOW_TREND,2025-Q2,16460.0,20563.2,1027.6,NEW_LOW,NEUTRAL,2025,16460.0,22319.8,1027.6,REPEAT,NEUTRAL,False,False
2025-05-12 02:00:00,20906.5,2025-05,19678.8,20930.8,1045.3,REPEAT,LOW_TREND,2025-Q2,16460.0,20930.8,1045.3,NEW_LOW,NEUTRAL,2025,16460.0,22319.8,1045.3,REPEAT,NEUTRAL,False,False
2025-05-12 06:00:00,20786.5,2025-05,19678.8,20991.5,1039.3,REPEAT,LOW_TREND,2025-Q2,16460.0,20991.5,1039.3,NEW_LOW,NEUTRAL,2025,16460.0,22319.8,1039.3,REPEAT,NEUTRAL,False,False
2025-05-12 10:00:00,20908.8,2025-05,19678.8,20991.5,1045.4,REPEAT,LOW_TREND,2025-Q2,16460.0,20991.5,1045.4,NEW_LOW,NEUTRAL,2025,16460.0,22319.8,1045.4,REPEAT,NEUTRAL,False,False
2025-05-12 14:00:00,20957.0,2025-05,19678.8,20996.0,1047.9,REPEAT,LOW_TREND,2025-Q2,16460.0,20996.0,1047.9,NEW_LOW,NEUTRAL,2025,16460.0,22319.8,1047.9,REPEAT,NEUTRAL,False,False
2025-05-12 18:00:00,20875.2,2025-05,19678.8,20996.0,1043.8,REPEAT,LOW_TREND,2025-Q2,16460.0,20996.0,1043.8,NEW_LOW,NEUTRAL,2025,16460.0,22319.8,1043.8,REPEAT,NEUTRAL,False,False
2025-05-12 22:00:00,20861.2,2025-05,19678.8,20996.0,1043.1,REPEAT,LOW_TREND,2025-Q2,16460.0,20996.0,1043.1,NEW_LOW,NEUTRAL,2025,16460.0,22319.8,1043.1,REPEAT,NEUTRAL,False,False
2025-05-13 02:00:00,20881.8,2025-05,19678.8,20996.0,1044.1,REPEAT,LOW_TREND,2025-Q2,16460.0,20996.0,1044.1,NEW_LOW,NEUTRAL,2025,16460.0,22319.8,1044.1,REPEAT,NEUTRAL,False,False
2025-05-13 06:00:00,21124.5,2025-05,19678.8,21131.8,1056.2,REPEAT,LOW_TREND,2025-Q2,16460.0,21131.8,1056.2,NEW_LOW,NEUTRAL,2025,16460.0,22319.8,1056.2,REPEAT,NEUTRAL,False,False
2025-05-13 10:00:00,21295.8,2025-05,19678.8,21346.5,1064.8,REPEAT,LOW_TREND,2025-Q2,16460.0,21346.5,1064.8,NEW_LOW,NEUTRAL,2025,16460.0,22319.8,1064.8,REPEAT,NEUTRAL,False,False
2025-05-13 14:00:00,21254.8,2025-05,19678.8,21346.5,1062.7,REPEAT,LOW_TREND,2025-Q2,16460.0,21346.5,1062.7,NEW_LOW,NEUTRAL,2025,16460.0,22319.8,1062.7,REPEAT,NEUTRAL,False,False
2025-05-13 18:00:00,21283.8,2025-05,19678.8,21346.5,1064.2,REPEAT,LOW_TREND,2025-Q2,16460.0,21346.5,1064.2,NEW_LOW,NEUTRAL,2025,16460.0,22319.8,1064.2,REPEAT,NEUTRAL,False,False
2025-05-13 22:00:00,21317.0,2025-05,19678.8,21346.5,1065.9,REPEAT,LOW_TREND,2025-Q2,16460.0,21346.5,1065.9,NEW_LOW,NEUTRAL,2025,16460.0,22319.8,1065.9,REPEAT,NEUTRAL,False,False
2025-05-14 02:00:00,21260.8,2025-05,19678.8,21355.8,1063.0,REPEAT,LOW_TREND,2025-Q2,16460.0,21355.8,1063.0,NEW_LOW,NEUTRAL,2025,16460.0,22319.8,1063.0,REPEAT,NEUTRAL,False,False
2025-05-14 06:00:00,21330.8,2025-05,19678.8,21405.2,1066.5,REPEAT,LOW_TREND,2025-Q2,16460.0,21405.2,1066.5,NEW_LOW,NEUTRAL,2025,16460.0,22319.8,1066.5,REPEAT,NEUTRAL,False,False
2025-05-14 10:00:00,21365.2,2025-05,19678.8,21419.5,1068.3,REPEAT,LOW_TREND,2025-Q2,16460.0,21419.5,1068.3,NEW_LOW,NEUTRAL,2025,16460.0,22319.8,1068.3,REPEAT,NEUTRAL,False,False
2025-05-14 14:00:00,21399.8,2025-05,19678.8,21419.5,1070.0,REPEAT,LOW_TREND,2025-Q2,16460.0,21419.5,1070.0,NEW_LOW,NEUTRAL,2025,16460.0,22319.8,1070.0,REPEAT,NEUTRAL,False,False
2025-05-14 18:00:00,21373.5,2025-05,19678.8,21419.5,1068.7,REPEAT,LOW_TREND,2025-Q2,16460.0,21419.5,1068.7,NEW_LOW,NEUTRAL,2025,16460.0,22319.8,1068.7,REPEAT,NEUTRAL,False,False
2025-05-14 22:00:00,21331.2,2025-05,19678.8,21419.5,1066.6,REPEAT,LOW_TREND,2025-Q2,16460.0,21419.5,1066.6,NEW_LOW,NEUTRAL,2025,16460.0,22319.8,1066.6,REPEAT,NEUTRAL,False,False
2025-05-15 02:00:00,21259.0,2025-05,19678.8,21419.5,1063.0,REPEAT,LOW_TREND,2025-Q2,16460.0,21419.5,1063.0,NEW_LOW,NEUTRAL,2025,16460.0,22319.8,1063.0,REPEAT,NEUTRAL,False,False
2025-05-15 06:00:00,21298.5,2025-05,19678.8,21419.5,1064.9,REPEAT,LOW_TREND,2025-Q2,16460.0,21419.5,1064.9,NEW_LOW,NEUTRAL,2025,16460.0,22319.8,1064.9,REPEAT,NEUTRAL,False,False
2025-05-15 10:00:00,21475.5,2025-05,19678.8,21529.8,1073.8,REPEAT,LOW_TREND,2025-Q2,16460.0,21529.8,1073.8,NEW_LOW,NEUTRAL,2025,16460.0,22319.8,1073.8,REPEAT,NEUTRAL,False,False
2025-05-15 14:00:00,21396.5,2025-05,19678.8,21529.8,1069.8,REPEAT,LOW_TREND,2025-Q2,16460.0,21529.8,1069.8,NEW_LOW,NEUTRAL,2025,16460.0,22319.8,1069.8,REPEAT,NEUTRAL,False,False
2025-05-15 18:00:00,21370.2,2025-05,19678.8,21529.8,1068.5,REPEAT,LOW_TREND,2025-Q2,16460.0,21529.8,1068.5,NEW_LOW,NEUTRAL,2025,16460.0,22319.8,1068.5,REPEAT,NEUTRAL,False,False
2025-05-15 22:00:00,21387.0,2025-05,19678.8,21529.8,1069.4,REPEAT,LOW_TREND,2025-Q2,16460.0,21529.8,1069.4,NEW_LOW,NEUTRAL,2025,16460.0,22319.8,1069.4,REPEAT,NEUTRAL,False,False
2025-05-16 02:00:00,21440.2,2025-05,19678.8,21529.8,1072.0,REPEAT,LOW_TREND,2025-Q2,16460.0,21529.8,1072.0,NEW_LOW,NEUTRAL,2025,16460.0,22319.8,1072.0,REPEAT,NEUTRAL,False,False
2025-05-16 06:00:00,21437.5,2025-05,19678.8,21529.8,1071.9,REPEAT,LOW_TREND,2025-Q2,16460.0,21529.8,1071.9,NEW_LOW,NEUTRAL,2025,16460.0,22319.8,1071.9,REPEAT,NEUTRAL,False,False
2025-05-16 10:00:00,21445.0,2025-05,19678.8,21529.8,1072.2,REPEAT,LOW_TREND,2025-Q2,16460.0,21529.8,1072.2,NEW_LOW,NEUTRAL,2025,16460.0,22319.8,1072.2,REPEAT,NEUTRAL,False,False
2025-05-16 14:00:00,21400.2,2025-05,19678.8,21529.8,1070.0,REPEAT,LOW_TREND,2025-Q2,16460.0,21529.8,1070.0,NEW_LOW,NEUTRAL,2025,16460.0,22319.8,1070.0,REPEAT,NEUTRAL,False,False
2025-05-18 18:00:00,21275.5,2025-05,19678.8,21529.8,1063.8,REPEAT,LOW_TREND,2025-Q2,16460.0,21529.8,1063.8,NEW_LOW,NEUTRAL,2025,16460.0,22319.8,1063.8,REPEAT,NEUTRAL,False,False
2025-05-18 22:00:00,21247.0,2025-05,19678.8,21529.8,1062.4,REPEAT,LOW_TREND,2025-Q2,16460.0,21529.8,1062.4,NEW_LOW,NEUTRAL,2025,16460.0,22319.8,1062.4,REPEAT,NEUTRAL,False,False
2025-05-19 02:00:00,21164.8,2025-05,19678.8,21529.8,1058.2,REPEAT,LOW_TREND,2025-Q2,16460.0,21529.8,1058.2,NEW_LOW,NEUTRAL,2025,16460.0,22319.8,1058.2,REPEAT,NEUTRAL,False,False
2025-05-19 06:00:00,21356.2,2025-05,19678.8,21529.8,1067.8,REPEAT,LOW_TREND,2025-Q2,16460.0,21529.8,1067.8,NEW_LOW,NEUTRAL,2025,16460.0,22319.8,1067.8,REPEAT,NEUTRAL,False,False
2025-05-19 10:00:00,21499.2,2025-05,19678.8,21544.5,1075.0,REPEAT,LOW_TREND,2025-Q2,16460.0,21544.5,1075.0,NEW_LOW,NEUTRAL,2025,16460.0,22319.8,1075.0,REPEAT,NEUTRAL,False,False
2025-05-19 14:00:00,21517.0,2025-05,19678.8,21544.5,1075.9,REPEAT,LOW_TREND,2025-Q2,16460.0,21544.5,1075.9,NEW_LOW,NEUTRAL,2025,16460.0,22319.8,1075.9,REPEAT,NEUTRAL,False,False
2025-05-19 18:00:00,21458.0,2025-05,19678.8,21562.2,1072.9,REPEAT,LOW_TREND,2025-Q2,16460.0,21562.2,1072.9,NEW_LOW,NEUTRAL,2025,16460.0,22319.8,1072.9,REPEAT,NEUTRAL,False,False
2025-05-19 22:00:00,21419.0,2025-05,19678.8,21562.2,1071.0,REPEAT,LOW_TREND,2025-Q2,16460.0,21562.2,1071.0,NEW_LOW,NEUTRAL,2025,16460.0,22319.8,1071.0,REPEAT,NEUTRAL,False,False
2025-05-20 02:00:00,21426.0,2025-05,19678.8,21562.2,1071.3,REPEAT,LOW_TREND,2025-Q2,16460.0,21562.2,1071.3,NEW_LOW,NEUTRAL,2025,16460.0,22319.8,1071.3,REPEAT,NEUTRAL,False,False
2025-05-20 06:00:00,21394.8,2025-05,19678.8,21562.2,1069.7,REPEAT,LOW_TREND,2025-Q2,16460.0,21562.2,1069.7,NEW_LOW,NEUTRAL,2025,16460.0,22319.8,1069.7,REPEAT,NEUTRAL,False,False
2025-05-20 10:00:00,21431.5,2025-05,19678.8,21562.2,1071.6,REPEAT,LOW_TREND,2025-Q2,16460.0,21562.2,1071.6,NEW_LOW,NEUTRAL,2025,16460.0,22319.8,1071.6,REPEAT,NEUTRAL,False,False
2025-05-20 14:00:00,21420.0,2025-05,19678.8,21562.2,1071.0,REPEAT,LOW_TREND,2025-Q2,16460.0,21562.2,1071.0,NEW_LOW,NEUTRAL,2025,16460.0,22319.8,1071.0,REPEAT,NEUTRAL,False,False
2025-05-20 18:00:00,21401.2,2025-05,19678.8,21562.2,1070.1,REPEAT,LOW_TREND,2025-Q2,16460.0,21562.2,1070.1,NEW_LOW,NEUTRAL,2025,16460.0,22319.8,1070.1,REPEAT,NEUTRAL,False,False
2025-05-20 22:00:00,21331.2,2025-05,19678.8,21562.2,1066.6,REPEAT,LOW_TREND,2025-Q2,16460.0,21562.2,1066.6,NEW_LOW,NEUTRAL,2025,16460.0,22319.8,1066.6,REPEAT,NEUTRAL,False,False
2025-05-21 02:00:00,21269.2,2025-05,19678.8,21562.2,1063.5,REPEAT,LOW_TREND,2025-Q2,16460.0,21562.2,1063.5,NEW_LOW,NEUTRAL,2025,16460.0,22319.8,1063.5,REPEAT,NEUTRAL,False,False
2025-05-21 06:00:00,21374.2,2025-05,19678.8,21562.2,1068.7,REPEAT,LOW_TREND,2025-Q2,16460.0,21562.2,1068.7,NEW_LOW,NEUTRAL,2025,16460.0,22319.8,1068.7,REPEAT,NEUTRAL,False,False
2025-05-21 10:00:00,21271.2,2025-05,19678.8,21562.2,1063.6,REPEAT,LOW_TREND,2025-Q2,16460.0,21562.2,1063.6,NEW_LOW,NEUTRAL,2025,16460.0,22319.8,1063.6,REPEAT,NEUTRAL,False,False
2025-05-21 14:00:00,21145.5,2025-05,19678.8,21562.2,1057.3,REPEAT,LOW_TREND,2025-Q2,16460.0,21562.2,1057.3,NEW_LOW,NEUTRAL,2025,16460.0,22319.8,1057.3,REPEAT,NEUTRAL,False,False
2025-05-21 18:00:00,21155.2,2025-05,19678.8,21562.2,1057.8,REPEAT,LOW_TREND,2025-Q2,16460.0,21562.2,1057.8,NEW_LOW,NEUTRAL,2025,16460.0,22319.8,1057.8,REPEAT,NEUTRAL,False,False
2025-05-21 22:00:00,21197.0,2025-05,19678.8,21562.2,1059.9,REPEAT,LOW_TREND,2025-Q2,16460.0,21562.2,1059.9,NEW_LOW,NEUTRAL,2025,16460.0,22319.8,1059.9,REPEAT,NEUTRAL,False,False
2025-05-22 02:00:00,21204.5,2025-05,19678.8,21562.2,1060.2,REPEAT,LOW_TREND,2025-Q2,16460.0,21562.2,1060.2,NEW_LOW,NEUTRAL,2025,16460.0,22319.8,1060.2,REPEAT,NEUTRAL,False,False
2025-05-22 06:00:00,21285.5,2025-05,19678.8,21562.2,1064.3,REPEAT,LOW_TREND,2025-Q2,16460.0,21562.2,1064.3,NEW_LOW,NEUTRAL,2025,16460.0,22319.8,1064.3,REPEAT,NEUTRAL,False,False
2025-05-22 10:00:00,21292.5,2025-05,19678.8,21562.2,1064.6,REPEAT,LOW_TREND,2025-Q2,16460.0,21562.2,1064.6,NEW_LOW,NEUTRAL,2025,16460.0,22319.8,1064.6,REPEAT,NEUTRAL,False,False
2025-05-22 14:00:00,21214.5,2025-05,19678.8,21562.2,1060.7,REPEAT,LOW_TREND,2025-Q2,16460.0,21562.2,1060.7,NEW_LOW,NEUTRAL,2025,16460.0,22319.8,1060.7,REPEAT,NEUTRAL,False,False
2025-05-22 18:00:00,21162.2,2025-05,19678.8,21562.2,1058.1,REPEAT,LOW_TREND,2025-Q2,16460.0,21562.2,1058.1,NEW_LOW,NEUTRAL,2025,16460.0,22319.8,1058.1,REPEAT,NEUTRAL,False,False
2025-05-22 22:00:00,21153.5,2025-05,19678.8,21562.2,1057.7,REPEAT,LOW_TREND,2025-Q2,16460.0,21562.2,1057.7,NEW_LOW,NEUTRAL,2025,16460.0,22319.8,1057.7,REPEAT,NEUTRAL,False,False
2025-05-23 02:00:00,21181.2,2025-05,19678.8,21562.2,1059.1,REPEAT,LOW_TREND,2025-Q2,16460.0,21562.2,1059.1,NEW_LOW,NEUTRAL,2025,16460.0,22319.8,1059.1,REPEAT,NEUTRAL,False,False
2025-05-23 06:00:00,20885.0,2025-05,19678.8,21562.2,1044.2,REPEAT,LOW_TREND,2025-Q2,16460.0,21562.2,1044.2,NEW_LOW,NEUTRAL,2025,16460.0,22319.8,1044.2,REPEAT,NEUTRAL,False,False
2025-05-23 10:00:00,21052.0,2025-05,19678.8,21562.2,1052.6,REPEAT,LOW_TREND,2025-Q2,16460.0,21562.2,1052.6,NEW_LOW,NEUTRAL,2025,16460.0,22319.8,1052.6,REPEAT,NEUTRAL,False,False
2025-05-23 14:00:00,20953.2,2025-05,19678.8,21562.2,1047.7,REPEAT,LOW_TREND,2025-Q2,16460.0,21562.2,1047.7,NEW_LOW,NEUTRAL,2025,16460.0,22319.8,1047.7,REPEAT,NEUTRAL,False,False
2025-05-25 18:00:00,21206.0,2025-05,19678.8,21562.2,1060.3,REPEAT,LOW_TREND,2025-Q2,16460.0,21562.2,1060.3,NEW_LOW,NEUTRAL,2025,16460.0,22319.8,1060.3,REPEAT,NEUTRAL,False,False
2025-05-25 22:00:00,21202.2,2025-05,19678.8,21562.2,1060.1,REPEAT,LOW_TREND,2025-Q2,16460.0,21562.2,1060.1,NEW_LOW,NEUTRAL,2025,16460.0,22319.8,1060.1,REPEAT,NEUTRAL,False,False
2025-05-26 02:00:00,21250.8,2025-05,19678.8,21562.2,1062.5,REPEAT,LOW_TREND,2025-Q2,16460.0,21562.2,1062.5,NEW_LOW,NEUTRAL,2025,16460.0,22319.8,1062.5,REPEAT,NEUTRAL,False,False
2025-05-26 06:00:00,21279.2,2025-05,19678.8,21562.2,1064.0,REPEAT,LOW_TREND,2025-Q2,16460.0,21562.2,1064.0,NEW_LOW,NEUTRAL,2025,16460.0,22319.8,1064.0,REPEAT,NEUTRAL,False,False
2025-05-26 10:00:00,21283.5,2025-05,19678.8,21562.2,1064.2,REPEAT,LOW_TREND,2025-Q2,16460.0,21562.2,1064.2,NEW_LOW,NEUTRAL,2025,16460.0,22319.8,1064.2,REPEAT,NEUTRAL,False,False
2025-05-26 18:00:00,21176.0,2025-05,19678.8,21562.2,1058.8,REPEAT,LOW_TREND,2025-Q2,16460.0,21562.2,1058.8,NEW_LOW,NEUTRAL,2025,16460.0,22319.8,1058.8,REPEAT,NEUTRAL,False,False
2025-05-26 22:00:00,21208.0,2025-05,19678.8,21562.2,1060.4,REPEAT,LOW_TREND,2025-Q2,16460.0,21562.2,1060.4,NEW_LOW,NEUTRAL,2025,16460.0,22319.8,1060.4,REPEAT,NEUTRAL,False,False
2025-05-27 02:00:00,21332.5,2025-05,19678.8,21562.2,1066.6,REPEAT,LOW_TREND,2025-Q2,16460.0,21562.2,1066.6,NEW_LOW,NEUTRAL,2025,16460.0,22319.8,1066.6,REPEAT,NEUTRAL,False,False
2025-05-27 06:00:00,21293.8,2025-05,19678.8,21562.2,1064.7,REPEAT,LOW_TREND,2025-Q2,16460.0,21562.2,1064.7,NEW_LOW,NEUTRAL,2025,16460.0,22319.8,1064.7,REPEAT,NEUTRAL,False,False
2025-05-27 10:00:00,21476.8,2025-05,19678.8,21562.2,1073.8,REPEAT,LOW_TREND,2025-Q2,16460.0,21562.2,1073.8,NEW_LOW,NEUTRAL,2025,16460.0,22319.8,1073.8,REPEAT,NEUTRAL,False,False
2025-05-27 14:00:00,21477.0,2025-05,19678.8,21562.2,1073.9,REPEAT,LOW_TREND,2025-Q2,16460.0,21562.2,1073.9,NEW_LOW,NEUTRAL,2025,16460.0,22319.8,1073.9,REPEAT,NEUTRAL,False,False
2025-05-27 18:00:00,21463.0,2025-05,19678.8,21562.2,1073.2,REPEAT,LOW_TREND,2025-Q2,16460.0,21562.2,1073.2,NEW_LOW,NEUTRAL,2025,16460.0,22319.8,1073.2,REPEAT,NEUTRAL,False,False
2025-05-27 22:00:00,21452.2,2025-05,19678.8,21562.2,1072.6,REPEAT,LOW_TREND,2025-Q2,16460.0,21562.2,1072.6,NEW_LOW,NEUTRAL,2025,16460.0,22319.8,1072.6,REPEAT,NEUTRAL,False,False
2025-05-28 02:00:00,21430.0,2025-05,19678.8,21562.2,1071.5,REPEAT,LOW_TREND,2025-Q2,16460.0,21562.2,1071.5,NEW_LOW,NEUTRAL,2025,16460.0,22319.8,1071.5,REPEAT,NEUTRAL,False,False
2025-05-28 06:00:00,21467.5,2025-05,19678.8,21567.5,1073.4,REPEAT,LOW_TREND,2025-Q2,16460.0,21567.5,1073.4,NEW_LOW,NEUTRAL,2025,16460.0,22319.8,1073.4,REPEAT,NEUTRAL,False,False
2025-05-28 10:00:00,21470.5,2025-05,19678.8,21567.5,1073.5,REPEAT,LOW_TREND,2025-Q2,16460.0,21567.5,1073.5,NEW_LOW,NEUTRAL,2025,16460.0,22319.8,1073.5,REPEAT,NEUTRAL,False,False
2025-05-28 14:00:00,21525.0,2025-05,19678.8,21567.5,1076.2,REPEAT,LOW_TREND,2025-Q2,16460.0,21567.5,1076.2,NEW_LOW,NEUTRAL,2025,16460.0,22319.8,1076.2,REPEAT,NEUTRAL,False,False
2025-05-28 18:00:00,21794.2,2025-05,19678.8,21833.5,1089.7,REPEAT,LOW_TREND,2025-Q2,16460.0,21833.5,1089.7,NEW_LOW,NEUTRAL,2025,16460.0,22319.8,1089.7,REPEAT,NEUTRAL,False,False
2025-05-28 22:00:00,21805.2,2025-05,19678.8,21833.5,1090.3,REPEAT,LOW_TREND,2025-Q2,16460.0,21833.5,1090.3,NEW_LOW,NEUTRAL,2025,16460.0,22319.8,1090.3,REPEAT,NEUTRAL,False,False
2025-05-29 02:00:00,21785.0,2025-05,19678.8,21858.8,1089.2,REPEAT,LOW_TREND,2025-Q2,16460.0,21858.8,1089.2,NEW_LOW,NEUTRAL,2025,16460.0,22319.8,1089.2,REPEAT,NEUTRAL,False,False
2025-05-29 06:00:00,21518.0,2025-05,19678.8,21858.8,1075.9,REPEAT,LOW_TREND,2025-Q2,16460.0,21858.8,1075.9,NEW_LOW,NEUTRAL,2025,16460.0,22319.8,1075.9,REPEAT,NEUTRAL,False,False
2025-05-29 10:00:00,21372.2,2025-05,19678.8,21858.8,1068.6,REPEAT,LOW_TREND,2025-Q2,16460.0,21858.8,1068.6,NEW_LOW,NEUTRAL,2025,16460.0,22319.8,1068.6,REPEAT,NEUTRAL,False,False
2025-05-29 14:00:00,21385.0,2025-05,19678.8,21858.8,1069.2,REPEAT,LOW_TREND,2025-Q2,16460.0,21858.8,1069.2,NEW_LOW,NEUTRAL,2025,16460.0,22319.8,1069.2,REPEAT,NEUTRAL,False,False
2025-05-29 18:00:00,21342.5,2025-05,19678.8,21858.8,1067.1,REPEAT,LOW_TREND,2025-Q2,16460.0,21858.8,1067.1,NEW_LOW,NEUTRAL,2025,16460.0,22319.8,1067.1,REPEAT,NEUTRAL,False,False
2025-05-29 22:00:00,21387.5,2025-05,19678.8,21858.8,1069.4,REPEAT,LOW_TREND,2025-Q2,16460.0,21858.8,1069.4,NEW_LOW,NEUTRAL,2025,16460.0,22319.8,1069.4,REPEAT,NEUTRAL,False,False
2025-05-30 02:00:00,21363.2,2025-05,19678.8,21858.8,1068.2,REPEAT,LOW_TREND,2025-Q2,16460.0,21858.8,1068.2,NEW_LOW,NEUTRAL,2025,16460.0,22319.8,1068.2,REPEAT,NEUTRAL,False,False
2025-05-30 06:00:00,21257.5,2025-05,19678.8,21858.8,1062.9,REPEAT,LOW_TREND,2025-Q2,16460.0,21858.8,1062.9,NEW_LOW,NEUTRAL,2025,16460.0,22319.8,1062.9,REPEAT,NEUTRAL,False,False
2025-05-30 10:00:00,21176.0,2025-05,19678.8,21858.8,1058.8,REPEAT,LOW_TREND,2025-Q2,16460.0,21858.8,1058.8,NEW_LOW,NEUTRAL,2025,16460.0,22319.8,1058.8,REPEAT,NEUTRAL,False,False
2025-05-30 14:00:00,21369.0,2025-05,19678.8,21858.8,1068.4,REPEAT,LOW_TREND,2025-Q2,16460.0,21858.8,1068.4,NEW_LOW,NEUTRAL,2025,16460.0,22319.8,1068.4,REPEAT,NEUTRAL,False,False
2025-06-01 18:00:00,21277.8,2025-06,21267.2,21348.5,1063.9,REPEAT,LOW_TREND,2025-Q2,16460.0,21858.8,1063.9,NEW_LOW,NEUTRAL,2025,16460.0,22319.8,1063.9,REPEAT,NEUTRAL,False,False
2025-06-01 22:00:00,21230.2,2025-06,21213.2,21348.5,1061.5,REPEAT,LOW_TREND,2025-Q2,16460.0,21858.8,1061.5,NEW_LOW,NEUTRAL,2025,16460.0,22319.8,1061.5,REPEAT,NEUTRAL,False,False
2025-06-02 02:00:00,21226.0,2025-06,21163.0,21348.5,1061.3,REPEAT,LOW_TREND,2025-Q2,16460.0,21858.8,1061.3,NEW_LOW,NEUTRAL,2025,16460.0,22319.8,1061.3,REPEAT,NEUTRAL,False,False
2025-06-02 06:00:00,21317.2,2025-06,21163.0,21458.0,1065.9,REPEAT,LOW_TREND,2025-Q2,16460.0,21858.8,1065.9,NEW_LOW,NEUTRAL,2025,16460.0,22319.8,1065.9,REPEAT,NEUTRAL,False,False
2025-06-02 10:00:00,21445.5,2025-06,21163.0,21474.2,1072.3,REPEAT,LOW_TREND,2025-Q2,16460.0,21858.8,1072.3,NEW_LOW,NEUTRAL,2025,16460.0,22319.8,1072.3,REPEAT,NEUTRAL,False,False
2025-06-02 14:00:00,21554.5,2025-06,21163.0,21576.2,1077.7,REPEAT,LOW_TREND,2025-Q2,16460.0,21858.8,1077.7,NEW_LOW,NEUTRAL,2025,16460.0,22319.8,1077.7,REPEAT,NEUTRAL,False,False
2025-06-02 18:00:00,21487.2,2025-06,21163.0,21576.2,1074.4,REPEAT,LOW_TREND,2025-Q2,16460.0,21858.8,1074.4,NEW_LOW,NEUTRAL,2025,16460.0,22319.8,1074.4,REPEAT,NEUTRAL,False,False
2025-06-02 22:00:00,21464.5,2025-06,21163.0,21576.2,1073.2,REPEAT,LOW_TREND,2025-Q2,16460.0,21858.8,1073.2,NEW_LOW,NEUTRAL,2025,16460.0,22319.8,1073.2,REPEAT,NEUTRAL,False,False
2025-06-03 02:00:00,21451.0,2025-06,21163.0,21576.2,1072.6,REPEAT,LOW_TREND,2025-Q2,16460.0,21858.8,1072.6,NEW_LOW,NEUTRAL,2025,16460.0,22319.8,1072.6,REPEAT,NEUTRAL,False,False
2025-06-03 06:00:00,21594.8,2025-06,21163.0,21606.0,1079.7,REPEAT,LOW_TREND,2025-Q2,16460.0,21858.8,1079.7,NEW_LOW,NEUTRAL,2025,16460.0,22319.8,1079.7,REPEAT,NEUTRAL,False,False
2025-06-03 10:00:00,21717.8,2025-06,21163.0,21759.8,1085.9,REPEAT,LOW_TREND,2025-Q2,16460.0,21858.8,1085.9,NEW_LOW,NEUTRAL,2025,16460.0,22319.8,1085.9,REPEAT,NEUTRAL,False,False
2025-06-03 14:00:00,21688.0,2025-06,21163.0,21759.8,1084.4,REPEAT,LOW_TREND,2025-Q2,16460.0,21858.8,1084.4,NEW_LOW,NEUTRAL,2025,16460.0,22319.8,1084.4,REPEAT,NEUTRAL,False,False
2025-06-03 18:00:00,21681.2,2025-06,21163.0,21759.8,1084.1,REPEAT,LOW_TREND,2025-Q2,16460.0,21858.8,1084.1,NEW_LOW,NEUTRAL,2025,16460.0,22319.8,1084.1,REPEAT,NEUTRAL,False,False
2025-06-03 22:00:00,21695.0,2025-06,21163.0,21759.8,1084.8,REPEAT,LOW_TREND,2025-Q2,16460.0,21858.8,1084.8,NEW_LOW,NEUTRAL,2025,16460.0,22319.8,1084.8,REPEAT,NEUTRAL,False,False
2025-06-04 02:00:00,21736.2,2025-06,21163.0,21759.8,1086.8,REPEAT,LOW_TREND,2025-Q2,16460.0,21858.8,1086.8,NEW_LOW,NEUTRAL,2025,16460.0,22319.8,1086.8,REPEAT,NEUTRAL,False,False
2025-06-04 06:00:00,21754.0,2025-06,21163.0,21793.2,1087.7,REPEAT,LOW_TREND,2025-Q2,16460.0,21858.8,1087.7,NEW_LOW,NEUTRAL,2025,16460.0,22319.8,1087.7,REPEAT,NEUTRAL,False,False
2025-06-04 10:00:00,21786.0,2025-06,21163.0,21793.2,1089.3,REPEAT,LOW_TREND,2025-Q2,16460.0,21858.8,1089.3,NEW_LOW,NEUTRAL,2025,16460.0,22319.8,1089.3,REPEAT,NEUTRAL,False,False
2025-06-04 14:00:00,21748.0,2025-06,21163.0,21803.0,1087.4,REPEAT,LOW_TREND,2025-Q2,16460.0,21858.8,1087.4,NEW_LOW,NEUTRAL,2025,16460.0,22319.8,1087.4,REPEAT,NEUTRAL,False,False
2025-06-04 18:00:00,21756.2,2025-06,21163.0,21803.0,1087.8,REPEAT,LOW_TREND,2025-Q2,16460.0,21858.8,1087.8,NEW_LOW,NEUTRAL,2025,16460.0,22319.8,1087.8,REPEAT,NEUTRAL,False,False
2025-06-04 22:00:00,21734.2,2025-06,21163.0,21803.0,1086.7,REPEAT,LOW_TREND,2025-Q2,16460.0,21858.8,1086.7,NEW_LOW,NEUTRAL,2025,16460.0,22319.8,1086.7,REPEAT,NEUTRAL,False,False
2025-06-05 02:00:00,21775.8,2025-06,21163.0,21842.8,1088.8,REPEAT,LOW_TREND,2025-Q2,16460.0,21858.8,1088.8,NEW_LOW,NEUTRAL,2025,16460.0,22319.8,1088.8,REPEAT,NEUTRAL,False,False
2025-06-05 06:00:00,21723.8,2025-06,21163.0,21898.0,1086.2,REPEAT,LOW_TREND,2025-Q2,16460.0,21898.0,1086.2,NEW_LOW,NEUTRAL,2025,16460.0,22319.8,1086.2,REPEAT,NEUTRAL,False,False
2025-06-05 10:00:00,21729.0,2025-06,21163.0,21935.0,1086.4,REPEAT,LOW_TREND,2025-Q2,16460.0,21935.0,1086.4,NEW_LOW,NEUTRAL,2025,16460.0,22319.8,1086.4,REPEAT,NEUTRAL,False,False
2025-06-05 14:00:00,21515.0,2025-06,21163.0,21935.0,1075.8,REPEAT,LOW_TREND,2025-Q2,16460.0,21935.0,1075.8,NEW_LOW,NEUTRAL,2025,16460.0,22319.8,1075.8,REPEAT,NEUTRAL,False,False
2025-06-05 18:00:00,21584.5,2025-06,21163.0,21935.0,1079.2,REPEAT,LOW_TREND,2025-Q2,16460.0,21935.0,1079.2,NEW_LOW,NEUTRAL,2025,16460.0,22319.8,1079.2,REPEAT,NEUTRAL,False,False
2025-06-05 22:00:00,21656.8,2025-06,21163.0,21935.0,1082.8,REPEAT,LOW_TREND,2025-Q2,16460.0,21935.0,1082.8,NEW_LOW,NEUTRAL,2025,16460.0,22319.8,1082.8,REPEAT,NEUTRAL,False,False
2025-06-06 02:00:00,21685.2,2025-06,21163.0,21935.0,1084.3,REPEAT,LOW_TREND,2025-Q2,16460.0,21935.0,1084.3,NEW_LOW,NEUTRAL,2025,16460.0,22319.8,1084.3,REPEAT,NEUTRAL,False,False
2025-06-06 06:00:00,21840.2,2025-06,21163.0,21935.0,1092.0,REPEAT,LOW_TREND,2025-Q2,16460.0,21935.0,1092.0,NEW_LOW,NEUTRAL,2025,16460.0,22319.8,1092.0,REPEAT,NEUTRAL,False,False
2025-06-06 10:00:00,21821.5,2025-06,21163.0,21935.0,1091.1,REPEAT,LOW_TREND,2025-Q2,16460.0,21935.0,1091.1,NEW_LOW,NEUTRAL,2025,16460.0,22319.8,1091.1,REPEAT,NEUTRAL,False,False
2025-06-06 14:00:00,21809.5,2025-06,21163.0,21935.0,1090.5,REPEAT,LOW_TREND,2025-Q2,16460.0,21935.0,1090.5,NEW_LOW,NEUTRAL,2025,16460.0,22319.8,1090.5,REPEAT,NEUTRAL,False,False
2025-06-08 18:00:00,21742.8,2025-06,21163.0,21935.0,1087.1,REPEAT,LOW_TREND,2025-Q2,16460.0,21935.0,1087.1,NEW_LOW,NEUTRAL,2025,16460.0,22319.8,1087.1,REPEAT,NEUTRAL,False,False
2025-06-08 22:00:00,21746.2,2025-06,21163.0,21935.0,1087.3,REPEAT,LOW_TREND,2025-Q2,16460.0,21935.0,1087.3,NEW_LOW,NEUTRAL,2025,16460.0,22319.8,1087.3,REPEAT,NEUTRAL,False,False
2025-06-09 02:00:00,21779.8,2025-06,21163.0,21935.0,1089.0,REPEAT,LOW_TREND,2025-Q2,16460.0,21935.0,1089.0,NEW_LOW,NEUTRAL,2025,16460.0,22319.8,1089.0,REPEAT,NEUTRAL,False,False
2025-06-09 06:00:00,21787.2,2025-06,21163.0,21935.0,1089.4,REPEAT,LOW_TREND,2025-Q2,16460.0,21935.0,1089.4,NEW_LOW,NEUTRAL,2025,16460.0,22319.8,1089.4,REPEAT,NEUTRAL,False,False
2025-06-09 10:00:00,21867.2,2025-06,21163.0,21935.0,1093.4,REPEAT,LOW_TREND,2025-Q2,16460.0,21935.0,1093.4,NEW_LOW,NEUTRAL,2025,16460.0,22319.8,1093.4,REPEAT,NEUTRAL,False,False
2025-06-09 14:00:00,21822.2,2025-06,21163.0,21935.0,1091.1,REPEAT,LOW_TREND,2025-Q2,16460.0,21935.0,1091.1,NEW_LOW,NEUTRAL,2025,16460.0,22319.8,1091.1,REPEAT,NEUTRAL,False,False
2025-06-09 18:00:00,21966.2,2025-06,21163.0,21973.2,1098.3,REPEAT,LOW_TREND,2025-Q2,16460.0,21973.2,1098.3,NEW_LOW,NEUTRAL,2025,16460.0,22319.8,1098.3,REPEAT,NEUTRAL,False,False
2025-06-09 22:00:00,21829.0,2025-06,21163.0,21973.2,1091.4,REPEAT,LOW_TREND,2025-Q2,16460.0,21973.2,1091.4,NEW_LOW,NEUTRAL,2025,16460.0,22319.8,1091.4,REPEAT,NEUTRAL,False,False
2025-06-10 02:00:00,21829.0,2025-06,21163.0,21973.2,1091.4,REPEAT,LOW_TREND,2025-Q2,16460.0,21973.2,1091.4,NEW_LOW,NEUTRAL,2025,16460.0,22319.8,1091.4,REPEAT,NEUTRAL,False,False
2025-06-10 06:00:00,21857.0,2025-06,21163.0,21973.2,1092.9,REPEAT,LOW_TREND,2025-Q2,16460.0,21973.2,1092.9,NEW_LOW,NEUTRAL,2025,16460.0,22319.8,1092.9,REPEAT,NEUTRAL,False,False
2025-06-10 10:00:00,21873.0,2025-06,21163.0,21973.2,1093.6,REPEAT,LOW_TREND,2025-Q2,16460.0,21973.2,1093.6,NEW_LOW,NEUTRAL,2025,16460.0,22319.8,1093.6,REPEAT,NEUTRAL,False,False
2025-06-10 14:00:00,21951.0,2025-06,21163.0,21992.2,1097.6,REPEAT,LOW_TREND,2025-Q2,16460.0,21992.2,1097.6,NEW_LOW,NEUTRAL,2025,16460.0,22319.8,1097.6,REPEAT,NEUTRAL,False,False
2025-06-10 18:00:00,21908.0,2025-06,21163.0,22002.8,1095.4,REPEAT,LOW_TREND,2025-Q2,16460.0,22002.8,1095.4,NEW_LOW,NEUTRAL,2025,16460.0,22319.8,1095.4,REPEAT,NEUTRAL,False,False
2025-06-10 22:00:00,21881.2,2025-06,21163.0,22002.8,1094.1,REPEAT,LOW_TREND,2025-Q2,16460.0,22002.8,1094.1,NEW_LOW,NEUTRAL,2025,16460.0,22319.8,1094.1,REPEAT,NEUTRAL,False,False
2025-06-11 02:00:00,21916.8,2025-06,21163.0,22002.8,1095.8,REPEAT,LOW_TREND,2025-Q2,16460.0,22002.8,1095.8,NEW_LOW,NEUTRAL,2025,16460.0,22319.8,1095.8,REPEAT,NEUTRAL,False,False
2025-06-11 06:00:00,21980.5,2025-06,21163.0,22106.0,1099.0,REPEAT,LOW_TREND,2025-Q2,16460.0,22106.0,1099.0,NEW_LOW,NEUTRAL,2025,16460.0,22319.8,1099.0,REPEAT,NEUTRAL,False,False
2025-06-11 10:00:00,21916.5,2025-06,21163.0,22106.0,1095.8,REPEAT,LOW_TREND,2025-Q2,16460.0,22106.0,1095.8,NEW_LOW,NEUTRAL,2025,16460.0,22319.8,1095.8,REPEAT,NEUTRAL,False,False
2025-06-11 14:00:00,21883.2,2025-06,21163.0,22106.0,1094.2,REPEAT,LOW_TREND,2025-Q2,16460.0,22106.0,1094.2,NEW_LOW,NEUTRAL,2025,16460.0,22319.8,1094.2,REPEAT,NEUTRAL,False,False
2025-06-11 18:00:00,21786.5,2025-06,21163.0,22106.0,1089.3,REPEAT,LOW_TREND,2025-Q2,16460.0,22106.0,1089.3,NEW_LOW,NEUTRAL,2025,16460.0,22319.8,1089.3,REPEAT,NEUTRAL,False,False
2025-06-11 22:00:00,21828.5,2025-06,21163.0,22106.0,1091.4,REPEAT,LOW_TREND,2025-Q2,16460.0,22106.0,1091.4,NEW_LOW,NEUTRAL,2025,16460.0,22319.8,1091.4,REPEAT,NEUTRAL,False,False
2025-06-12 02:00:00,21811.2,2025-06,21163.0,22106.0,1090.6,REPEAT,LOW_TREND,2025-Q2,16460.0,22106.0,1090.6,NEW_LOW,NEUTRAL,2025,16460.0,22319.8,1090.6,REPEAT,NEUTRAL,False,False
2025-06-12 06:00:00,21857.2,2025-06,21163.0,22106.0,1092.9,REPEAT,LOW_TREND,2025-Q2,16460.0,22106.0,1092.9,NEW_LOW,NEUTRAL,2025,16460.0,22319.8,1092.9,REPEAT,NEUTRAL,False,False
2025-06-12 10:00:00,21937.0,2025-06,21163.0,22106.0,1096.9,REPEAT,LOW_TREND,2025-Q2,16460.0,22106.0,1096.9,NEW_LOW,NEUTRAL,2025,16460.0,22319.8,1096.9,REPEAT,NEUTRAL,False,False
2025-06-12 14:00:00,21909.0,2025-06,21163.0,22106.0,1095.4,REPEAT,LOW_TREND,2025-Q2,16460.0,22106.0,1095.4,NEW_LOW,NEUTRAL,2025,16460.0,22319.8,1095.4,REPEAT,NEUTRAL,False,False
2025-06-12 18:00:00,21612.5,2025-06,21163.0,22106.0,1080.6,REPEAT,LOW_TREND,2025-Q2,16460.0,22106.0,1080.6,NEW_LOW,NEUTRAL,2025,16460.0,22319.8,1080.6,REPEAT,NEUTRAL,False,False
2025-06-12 22:00:00,21570.2,2025-06,21163.0,22106.0,1078.5,REPEAT,LOW_TREND,2025-Q2,16460.0,22106.0,1078.5,NEW_LOW,NEUTRAL,2025,16460.0,22319.8,1078.5,REPEAT,NEUTRAL,False,False
2025-06-13 02:00:00,21622.0,2025-06,21163.0,22106.0,1081.1,REPEAT,LOW_TREND,2025-Q2,16460.0,22106.0,1081.1,NEW_LOW,NEUTRAL,2025,16460.0,22319.8,1081.1,REPEAT,NEUTRAL,False,False
2025-06-13 06:00:00,21729.0,2025-06,21163.0,22106.0,1086.4,REPEAT,LOW_TREND,2025-Q2,16460.0,22106.0,1086.4,NEW_LOW,NEUTRAL,2025,16460.0,22319.8,1086.4,REPEAT,NEUTRAL,False,False
2025-06-13 10:00:00,21787.8,2025-06,21163.0,22106.0,1089.4,REPEAT,LOW_TREND,2025-Q2,16460.0,22106.0,1089.4,NEW_LOW,NEUTRAL,2025,16460.0,22319.8,1089.4,REPEAT,NEUTRAL,False,False
2025-06-13 14:00:00,21652.0,2025-06,21163.0,22106.0,1082.6,REPEAT,LOW_TREND,2025-Q2,16460.0,22106.0,1082.6,NEW_LOW,NEUTRAL,2025,16460.0,22319.8,1082.6,REPEAT,NEUTRAL,False,False
2025-06-15 18:00:00,21905.0,2025-06,21163.0,22106.0,1095.2,REPEAT,LOW_TREND,2025-Q2,16460.0,22106.0,1095.2,NEW_LOW,NEUTRAL,2025,16460.0,22319.8,1095.2,REPEAT,NEUTRAL,False,False
2025-06-15 22:00:00,21935.0,2025-06,21163.0,22106.0,1096.8,REPEAT,LOW_TREND,2025-Q2,16460.0,22106.0,1096.8,NEW_LOW,NEUTRAL,2025,16460.0,22319.8,1096.8,REPEAT,NEUTRAL,False,False
2025-06-16 02:00:00,21969.2,2025-06,21163.0,22106.0,1098.5,REPEAT,LOW_TREND,2025-Q2,16460.0,22106.0,1098.5,NEW_LOW,NEUTRAL,2025,16460.0,22319.8,1098.5,REPEAT,NEUTRAL,False,False
2025-06-16 06:00:00,22151.5,2025-06,21163.0,22172.0,1107.6,REPEAT,LOW_TREND,2025-Q2,16460.0,22172.0,1107.6,NEW_LOW,NEUTRAL,2025,16460.0,22319.8,1107.6,REPEAT,NEUTRAL,False,False
2025-06-16 10:00:00,22165.0,2025-06,21163.0,22222.0,1108.2,REPEAT,LOW_TREND,2025-Q2,16460.0,22222.0,1108.2,NEW_LOW,NEUTRAL,2025,16460.0,22319.8,1108.2,REPEAT,NEUTRAL,False,False
2025-06-16 14:00:00,22162.8,2025-06,21163.0,22222.0,1108.1,REPEAT,LOW_TREND,2025-Q2,16460.0,22222.0,1108.1,NEW_LOW,NEUTRAL,2025,16460.0,22319.8,1108.1,REPEAT,NEUTRAL,False,False
2025-06-16 18:00:00,22081.0,2025-06,21163.0,22222.0,1104.0,REPEAT,LOW_TREND,2025-Q2,16460.0,22222.0,1104.0,NEW_LOW,NEUTRAL,2025,16460.0,22319.8,1104.0,REPEAT,NEUTRAL,False,False
2025-06-16 22:00:00,22082.5,2025-06,21163.0,22222.0,1104.1,REPEAT,LOW_TREND,2025-Q2,16460.0,22222.0,1104.1,NEW_LOW,NEUTRAL,2025,16460.0,22319.8,1104.1,REPEAT,NEUTRAL,False,False
2025-06-17 02:00:00,22033.0,2025-06,21163.0,22222.0,1101.6,REPEAT,LOW_TREND,2025-Q2,16460.0,22222.0,1101.6,NEW_LOW,NEUTRAL,2025,16460.0,22319.8,1101.6,REPEAT,NEUTRAL,False,False
2025-06-17 06:00:00,22095.5,2025-06,21163.0,22222.0,1104.8,REPEAT,LOW_TREND,2025-Q2,16460.0,22222.0,1104.8,NEW_LOW,NEUTRAL,2025,16460.0,22319.8,1104.8,REPEAT,NEUTRAL,False,False
2025-06-17 10:00:00,21962.2,2025-06,21163.0,22222.0,1098.1,REPEAT,LOW_TREND,2025-Q2,16460.0,22222.0,1098.1,NEW_LOW,NEUTRAL,2025,16460.0,22319.8,1098.1,REPEAT,NEUTRAL,False,False
2025-06-17 14:00:00,21952.0,2025-06,21163.0,22222.0,1097.6,REPEAT,LOW_TREND,2025-Q2,16460.0,22222.0,1097.6,NEW_LOW,NEUTRAL,2025,16460.0,22319.8,1097.6,REPEAT,NEUTRAL,False,False
2025-06-17 18:00:00,21974.0,2025-06,21163.0,22222.0,1098.7,REPEAT,LOW_TREND,2025-Q2,16460.0,22222.0,1098.7,NEW_LOW,NEUTRAL,2025,16460.0,22319.8,1098.7,REPEAT,NEUTRAL,False,False
2025-06-17 22:00:00,21988.5,2025-06,21163.0,22222.0,1099.4,REPEAT,LOW_TREND,2025-Q2,16460.0,22222.0,1099.4,NEW_LOW,NEUTRAL,2025,16460.0,22319.8,1099.4,REPEAT,NEUTRAL,False,False
2025-06-18 02:00:00,22031.5,2025-06,21163.0,22222.0,1101.6,REPEAT,LOW_TREND,2025-Q2,16460.0,22222.0,1101.6,NEW_LOW,NEUTRAL,2025,16460.0,22319.8,1101.6,REPEAT,NEUTRAL,False,False
2025-06-18 06:00:00,22001.5,2025-06,21163.0,22222.0,1100.1,REPEAT,LOW_TREND,2025-Q2,16460.0,22222.0,1100.1,NEW_LOW,NEUTRAL,2025,16460.0,22319.8,1100.1,REPEAT,NEUTRAL,False,False
2025-06-18 10:00:00,22025.0,2025-06,21163.0,22222.0,1101.2,REPEAT,LOW_TREND,2025-Q2,16460.0,22222.0,1101.2,NEW_LOW,NEUTRAL,2025,16460.0,22319.8,1101.2,REPEAT,NEUTRAL,False,False
2025-06-18 14:00:00,21961.8,2025-06,21163.0,22222.0,1098.1,REPEAT,LOW_TREND,2025-Q2,16460.0,22222.0,1098.1,NEW_LOW,NEUTRAL,2025,16460.0,22319.8,1098.1,REPEAT,NEUTRAL,False,False
2025-06-18 18:00:00,21840.0,2025-06,21163.0,22222.0,1092.0,REPEAT,LOW_TREND,2025-Q2,16460.0,22222.0,1092.0,NEW_LOW,NEUTRAL,2025,16460.0,22319.8,1092.0,REPEAT,NEUTRAL,False,False
2025-06-18 22:00:00,21852.2,2025-06,21163.0,22222.0,1092.6,REPEAT,LOW_TREND,2025-Q2,16460.0,22222.0,1092.6,NEW_LOW,NEUTRAL,2025,16460.0,22319.8,1092.6,REPEAT,NEUTRAL,False,False
2025-06-19 02:00:00,21831.8,2025-06,21163.0,22222.0,1091.6,REPEAT,LOW_TREND,2025-Q2,16460.0,22222.0,1091.6,NEW_LOW,NEUTRAL,2025,16460.0,22319.8,1091.6,REPEAT,NEUTRAL,False,False
2025-06-19 06:00:00,21685.2,2025-06,21163.0,22222.0,1084.3,REPEAT,LOW_TREND,2025-Q2,16460.0,22222.0,1084.3,NEW_LOW,NEUTRAL,2025,16460.0,22319.8,1084.3,REPEAT,NEUTRAL,False,False
2025-06-19 10:00:00,21703.0,2025-06,21163.0,22222.0,1085.2,REPEAT,LOW_TREND,2025-Q2,16460.0,22222.0,1085.2,NEW_LOW,NEUTRAL,2025,16460.0,22319.8,1085.2,REPEAT,NEUTRAL,False,False
2025-06-19 18:00:00,21875.5,2025-06,21163.0,22222.0,1093.8,REPEAT,LOW_TREND,2025-Q2,16460.0,22222.0,1093.8,NEW_LOW,NEUTRAL,2025,16460.0,22319.8,1093.8,REPEAT,NEUTRAL,False,False
2025-06-19 22:00:00,21922.8,2025-06,21163.0,22222.0,1096.1,REPEAT,LOW_TREND,2025-Q2,16460.0,22222.0,1096.1,NEW_LOW,NEUTRAL,2025,16460.0,22319.8,1096.1,REPEAT,NEUTRAL,False,False
2025-06-20 02:00:00,21900.0,2025-06,21163.0,22222.0,1095.0,REPEAT,LOW_TREND,2025-Q2,16460.0,22222.0,1095.0,NEW_LOW,NEUTRAL,2025,16460.0,22319.8,1095.0,REPEAT,NEUTRAL,False,False
2025-06-20 06:00:00,22018.0,2025-06,21163.0,22222.0,1100.9,REPEAT,LOW_TREND,2025-Q2,16460.0,22222.0,1100.9,NEW_LOW,NEUTRAL,2025,16460.0,22319.8,1100.9,REPEAT,NEUTRAL,False,False
2025-06-20 10:00:00,21839.5,2025-06,21163.0,22222.0,1092.0,REPEAT,LOW_TREND,2025-Q2,16460.0,22222.0,1092.0,NEW_LOW,NEUTRAL,2025,16460.0,22319.8,1092.0,REPEAT,NEUTRAL,False,False
2025-06-20 14:00:00,21874.0,2025-06,21163.0,22222.0,1093.7,REPEAT,LOW_TREND,2025-Q2,16460.0,22222.0,1093.7,NEW_LOW,NEUTRAL,2025,16460.0,22319.8,1093.7,REPEAT,NEUTRAL,False,False
2025-06-22 18:00:00,21740.0,2025-06,21163.0,22222.0,1087.0,REPEAT,LOW_TREND,2025-Q2,16460.0,22222.0,1087.0,NEW_LOW,NEUTRAL,2025,16460.0,22319.8,1087.0,REPEAT,NEUTRAL,False,False
2025-06-22 22:00:00,21809.8,2025-06,21163.0,22222.0,1090.5,REPEAT,LOW_TREND,2025-Q2,16460.0,22222.0,1090.5,NEW_LOW,NEUTRAL,2025,16460.0,22319.8,1090.5,REPEAT,NEUTRAL,False,False
2025-06-23 02:00:00,21883.5,2025-06,21163.0,22222.0,1094.2,REPEAT,LOW_TREND,2025-Q2,16460.0,22222.0,1094.2,NEW_LOW,NEUTRAL,2025,16460.0,22319.8,1094.2,REPEAT,NEUTRAL,False,False
2025-06-23 06:00:00,21925.2,2025-06,21163.0,22222.0,1096.3,REPEAT,LOW_TREND,2025-Q2,16460.0,22222.0,1096.3,NEW_LOW,NEUTRAL,2025,16460.0,22319.8,1096.3,REPEAT,NEUTRAL,False,False
2025-06-23 10:00:00,22052.0,2025-06,21163.0,22222.0,1102.6,REPEAT,LOW_TREND,2025-Q2,16460.0,22222.0,1102.6,NEW_LOW,NEUTRAL,2025,16460.0,22319.8,1102.6,REPEAT,NEUTRAL,False,False
2025-06-23 14:00:00,22072.2,2025-06,21163.0,22222.0,1103.6,REPEAT,LOW_TREND,2025-Q2,16460.0,22222.0,1103.6,NEW_LOW,NEUTRAL,2025,16460.0,22319.8,1103.6,REPEAT,NEUTRAL,False,False
2025-06-23 18:00:00,22265.8,2025-06,21163.0,22271.5,1113.3,REPEAT,LOW_TREND,2025-Q2,16460.0,22271.5,1113.3,NEW_LOW,NEUTRAL,2025,16460.0,22319.8,1113.3,REPEAT,NEUTRAL,False,False
2025-06-23 22:00:00,22294.5,2025-06,21163.0,22303.0,1114.7,REPEAT,LOW_TREND,2025-Q2,16460.0,22303.0,1114.7,NEW_LOW,NEUTRAL,2025,16460.0,22319.8,1114.7,REPEAT,NEUTRAL,False,False
2025-06-24 02:00:00,22314.5,2025-06,21163.0,22384.5,1115.7,REPEAT,LOW_TREND,2025-Q2,16460.0,22384.5,1115.7,NEW_LOW,NEUTRAL,2025,16460.0,22384.5,1115.7,REPEAT,NEUTRAL,False,False
2025-06-24 06:00:00,22291.0,2025-06,21163.0,22384.5,1114.6,REPEAT,LOW_TREND,2025-Q2,16460.0,22384.5,1114.6,NEW_LOW,NEUTRAL,2025,16460.0,22384.5,1114.6,REPEAT,NEUTRAL,False,False
2025-06-24 10:00:00,22417.5,2025-06,21163.0,22426.0,1120.9,REPEAT,LOW_TREND,2025-Q2,16460.0,22426.0,1120.9,NEW_LOW,NEUTRAL,2025,16460.0,22426.0,1120.9,REPEAT,NEUTRAL,False,False
2025-06-24 14:00:00,22407.8,2025-06,21163.0,22448.2,1120.4,REPEAT,LOW_TREND,2025-Q2,16460.0,22448.2,1120.4,NEW_LOW,NEUTRAL,2025,16460.0,22448.2,1120.4,REPEAT,NEUTRAL,False,False
2025-06-24 18:00:00,22399.8,2025-06,21163.0,22448.2,1120.0,REPEAT,LOW_TREND,2025-Q2,16460.0,22448.2,1120.0,NEW_LOW,NEUTRAL,2025,16460.0,22448.2,1120.0,REPEAT,NEUTRAL,False,False
2025-06-24 22:00:00,22426.5,2025-06,21163.0,22448.2,1121.3,REPEAT,LOW_TREND,2025-Q2,16460.0,22448.2,1121.3,NEW_LOW,NEUTRAL,2025,16460.0,22448.2,1121.3,REPEAT,NEUTRAL,False,False
2025-06-25 02:00:00,22425.0,2025-06,21163.0,22454.2,1121.2,REPEAT,LOW_TREND,2025-Q2,16460.0,22454.2,1121.2,NEW_LOW,NEUTRAL,2025,16460.0,22454.2,1121.2,REPEAT,NEUTRAL,False,False
2025-06-25 06:00:00,22522.2,2025-06,21163.0,22548.2,1126.1,REPEAT,LOW_TREND,2025-Q2,16460.0,22548.2,1126.1,NEW_LOW,NEUTRAL,2025,16460.0,22548.2,1126.1,REPEAT,NEUTRAL,False,False
2025-06-25 10:00:00,22412.2,2025-06,21163.0,22548.2,1120.6,REPEAT,LOW_TREND,2025-Q2,16460.0,22548.2,1120.6,NEW_LOW,NEUTRAL,2025,16460.0,22548.2,1120.6,REPEAT,NEUTRAL,False,False
2025-06-25 14:00:00,22472.5,2025-06,21163.0,22548.2,1123.6,REPEAT,LOW_TREND,2025-Q2,16460.0,22548.2,1123.6,NEW_LOW,NEUTRAL,2025,16460.0,22548.2,1123.6,REPEAT,NEUTRAL,False,False
2025-06-25 18:00:00,22468.0,2025-06,21163.0,22548.2,1123.4,REPEAT,LOW_TREND,2025-Q2,16460.0,22548.2,1123.4,NEW_LOW,NEUTRAL,2025,16460.0,22548.2,1123.4,REPEAT,NEUTRAL,False,False
2025-06-25 22:00:00,22511.0,2025-06,21163.0,22548.2,1125.6,REPEAT,LOW_TREND,2025-Q2,16460.0,22548.2,1125.6,NEW_LOW,NEUTRAL,2025,16460.0,22548.2,1125.6,REPEAT,NEUTRAL,False,False
2025-06-26 02:00:00,22550.5,2025-06,21163.0,22576.8,1127.5,REPEAT,LOW_TREND,2025-Q2,16460.0,22576.8,1127.5,NEW_LOW,NEUTRAL,2025,16460.0,22576.8,1127.5,REPEAT,NEUTRAL,False,False
2025-06-26 06:00:00,22543.8,2025-06,21163.0,22585.0,1127.2,REPEAT,LOW_TREND,2025-Q2,16460.0,22585.0,1127.2,NEW_LOW,NEUTRAL,2025,16460.0,22585.0,1127.2,REPEAT,NEUTRAL,False,False
2025-06-26 10:00:00,22640.0,2025-06,21163.0,22652.0,1132.0,REPEAT,LOW_TREND,2025-Q2,16460.0,22652.0,1132.0,NEW_LOW,NEUTRAL,2025,16460.0,22652.0,1132.0,REPEAT,NEUTRAL,False,False
2025-06-26 14:00:00,22672.5,2025-06,21163.0,22694.0,1133.6,REPEAT,LOW_TREND,2025-Q2,16460.0,22694.0,1133.6,NEW_LOW,NEUTRAL,2025,16460.0,22694.0,1133.6,REPEAT,NEUTRAL,False,False
2025-06-26 18:00:00,22680.5,2025-06,21163.0,22713.5,1134.0,REPEAT,LOW_TREND,2025-Q2,16460.0,22713.5,1134.0,NEW_LOW,NEUTRAL,2025,16460.0,22713.5,1134.0,REPEAT,NEUTRAL,False,False
2025-06-26 22:00:00,22708.8,2025-06,21163.0,22718.0,1135.4,REPEAT,LOW_TREND,2025-Q2,16460.0,22718.0,1135.4,NEW_LOW,NEUTRAL,2025,16460.0,22718.0,1135.4,REPEAT,NEUTRAL,False,False
2025-06-27 02:00:00,22745.0,2025-06,21163.0,22760.0,1137.2,REPEAT,LOW_TREND,2025-Q2,16460.0,22760.0,1137.2,NEW_LOW,NEUTRAL,2025,16460.0,22760.0,1137.2,REPEAT,NEUTRAL,False,False
2025-06-27 06:00:00,22764.0,2025-06,21163.0,22788.0,1138.2,REPEAT,LOW_TREND,2025-Q2,16460.0,22788.0,1138.2,NEW_LOW,NEUTRAL,2025,16460.0,22788.0,1138.2,REPEAT,NEUTRAL,False,False
2025-06-27 10:00:00,22736.0,2025-06,21163.0,22825.5,1136.8,REPEAT,LOW_TREND,2025-Q2,16460.0,22825.5,1136.8,NEW_LOW,NEUTRAL,2025,16460.0,22825.5,1136.8,REPEAT,NEUTRAL,False,False
2025-06-27 14:00:00,22740.2,2025-06,21163.0,22825.5,1137.0,REPEAT,LOW_TREND,2025-Q2,16460.0,22825.5,1137.0,NEW_LOW,NEUTRAL,2025,16460.0,22825.5,1137.0,REPEAT,NEUTRAL,False,False
2025-06-29 18:00:00,22822.0,2025-06,21163.0,22847.0,1141.1,REPEAT,LOW_TREND,2025-Q2,16460.0,22847.0,1141.1,NEW_LOW,NEUTRAL,2025,16460.0,22847.0,1141.1,REPEAT,NEUTRAL,False,False
2025-06-29 22:00:00,22876.0,2025-06,21163.0,22885.2,1143.8,REPEAT,LOW_TREND,2025-Q2,16460.0,22885.2,1143.8,NEW_LOW,NEUTRAL,2025,16460.0,22885.2,1143.8,REPEAT,NEUTRAL,False,False
2025-06-30 02:00:00,22881.5,2025-06,21163.0,22915.0,1144.1,REPEAT,LOW_TREND,2025-Q2,16460.0,22915.0,1144.1,NEW_LOW,NEUTRAL,2025,16460.0,22915.0,1144.1,REPEAT,NEUTRAL,False,False
2025-06-30 06:00:00,22826.5,2025-06,21163.0,22915.0,1141.3,REPEAT,LOW_TREND,2025-Q2,16460.0,22915.0,1141.3,NEW_LOW,NEUTRAL,2025,16460.0,22915.0,1141.3,REPEAT,NEUTRAL,False,False
2025-06-30 10:00:00,22821.0,2025-06,21163.0,22915.0,1141.0,REPEAT,LOW_TREND,2025-Q2,16460.0,22915.0,1141.0,NEW_LOW,NEUTRAL,2025,16460.0,22915.0,1141.0,REPEAT,NEUTRAL,False,False
2025-06-30 14:00:00,22866.8,2025-06,21163.0,22934.8,1143.3,REPEAT,LOW_TREND,2025-Q2,16460.0,22934.8,1143.3,NEW_LOW,NEUTRAL,2025,16460.0,22934.8,1143.3,REPEAT,NEUTRAL,False,False
2025-06-30 18:00:00,22911.2,2025-06,21163.0,22934.8,1145.6,REPEAT,LOW_TREND,2025-Q2,16460.0,22934.8,1145.6,NEW_LOW,NEUTRAL,2025,16460.0,22934.8,1145.6,REPEAT,NEUTRAL,False,False
2025-06-30 22:00:00,22841.5,2025-06,21163.0,22934.8,1142.1,REPEAT,LOW_TREND,2025-Q2,16460.0,22934.8,1142.1,NEW_LOW,NEUTRAL,2025,16460.0,22934.8,1142.1,REPEAT,NEUTRAL,False,False
2025-07-01 02:00:00,22830.8,2025-07,22812.8,22865.8,1141.5,REPEAT,HIGH_TREND,2025-Q3,22812.8,22865.8,1141.5,REPEAT,NEUTRAL,2025,16460.0,22934.8,1141.5,REPEAT,NEUTRAL,False,False
2025-07-01 06:00:00,22815.0,2025-07,22755.8,22865.8,1140.8,REPEAT,HIGH_TREND,2025-Q3,22755.8,22865.8,1140.8,REPEAT,NEUTRAL,2025,16460.0,22934.8,1140.8,REPEAT,NEUTRAL,False,False
2025-07-01 10:00:00,22742.5,2025-07,22594.5,22865.8,1137.1,REPEAT,HIGH_TREND,2025-Q3,22594.5,22865.8,1137.1,REPEAT,NEUTRAL,2025,16460.0,22934.8,1137.1,REPEAT,NEUTRAL,False,False
2025-07-01 14:00:00,22691.8,2025-07,22594.5,22865.8,1134.6,REPEAT,HIGH_TREND,2025-Q3,22594.5,22865.8,1134.6,REPEAT,NEUTRAL,2025,16460.0,22934.8,1134.6,REPEAT,NEUTRAL,False,False
2025-07-01 18:00:00,22690.0,2025-07,22594.5,22865.8,1134.5,REPEAT,HIGH_TREND,2025-Q3,22594.5,22865.8,1134.5,REPEAT,NEUTRAL,2025,16460.0,22934.8,1134.5,REPEAT,NEUTRAL,False,False
2025-07-01 22:00:00,22769.2,2025-07,22594.5,22865.8,1138.5,REPEAT,HIGH_TREND,2025-Q3,22594.5,22865.8,1138.5,REPEAT,NEUTRAL,2025,16460.0,22934.8,1138.5,REPEAT,NEUTRAL,False,False
2025-07-02 02:00:00,22712.8,2025-07,22594.5,22865.8,1135.6,REPEAT,HIGH_TREND,2025-Q3,22594.5,22865.8,1135.6,REPEAT,NEUTRAL,2025,16460.0,22934.8,1135.6,REPEAT,NEUTRAL,False,False
2025-07-02 06:00:00,22707.2,2025-07,22582.0,22865.8,1135.4,REPEAT,HIGH_TREND,2025-Q3,22582.0,22865.8,1135.4,REPEAT,NEUTRAL,2025,16460.0,22934.8,1135.4,REPEAT,NEUTRAL,False,False
2025-07-02 10:00:00,22825.2,2025-07,22582.0,22865.8,1141.3,REPEAT,HIGH_TREND,2025-Q3,22582.0,22865.8,1141.3,REPEAT,NEUTRAL,2025,16460.0,22934.8,1141.3,REPEAT,NEUTRAL,False,False
2025-07-02 14:00:00,22852.8,2025-07,22582.0,22865.8,1142.6,REPEAT,HIGH_TREND,2025-Q3,22582.0,22865.8,1142.6,REPEAT,NEUTRAL,2025,16460.0,22934.8,1142.6,REPEAT,NEUTRAL,False,False
2025-07-02 18:00:00,22850.0,2025-07,22582.0,22872.0,1142.5,REPEAT,HIGH_TREND,2025-Q3,22582.0,22872.0,1142.5,REPEAT,NEUTRAL,2025,16460.0,22934.8,1142.5,REPEAT,NEUTRAL,False,False
2025-07-02 22:00:00,22874.0,2025-07,22582.0,22882.0,1143.7,REPEAT,HIGH_TREND,2025-Q3,22582.0,22882.0,1143.7,REPEAT,NEUTRAL,2025,16460.0,22934.8,1143.7,REPEAT,NEUTRAL,False,False
2025-07-03 02:00:00,22849.8,2025-07,22582.0,22901.0,1142.5,REPEAT,HIGH_TREND,2025-Q3,22582.0,22901.0,1142.5,REPEAT,NEUTRAL,2025,16460.0,22934.8,1142.5,REPEAT,NEUTRAL,False,False
2025-07-03 06:00:00,22996.0,2025-07,22582.0,23004.5,1149.8,REPEAT,NEUTRAL,2025-Q3,22582.0,23004.5,1149.8,REPEAT,NEUTRAL,2025,16460.0,23004.5,1149.8,REPEAT,NEUTRAL,False,False
2025-07-03 10:00:00,23059.0,2025-07,22582.0,23102.5,1153.0,REPEAT,NEUTRAL,2025-Q3,22582.0,23102.5,1153.0,REPEAT,NEUTRAL,2025,16460.0,23102.5,1153.0,REPEAT,NEUTRAL,False,False
2025-07-03 18:00:00,23026.8,2025-07,22582.0,23102.5,1151.3,REPEAT,NEUTRAL,2025-Q3,22582.0,23102.5,1151.3,REPEAT,NEUTRAL,2025,16460.0,23102.5,1151.3,REPEAT,NEUTRAL,False,False
2025-07-03 22:00:00,23005.5,2025-07,22582.0,23102.5,1150.3,REPEAT,NEUTRAL,2025-Q3,22582.0,23102.5,1150.3,REPEAT,NEUTRAL,2025,16460.0,23102.5,1150.3,REPEAT,NEUTRAL,False,False
2025-07-04 02:00:00,22946.2,2025-07,22582.0,23102.5,1147.3,REPEAT,NEUTRAL,2025-Q3,22582.0,23102.5,1147.3,REPEAT,NEUTRAL,2025,16460.0,23102.5,1147.3,REPEAT,NEUTRAL,False,False
2025-07-04 06:00:00,22923.5,2025-07,22582.0,23102.5,1146.2,REPEAT,HIGH_TREND,2025-Q3,22582.0,23102.5,1146.2,REPEAT,NEUTRAL,2025,16460.0,23102.5,1146.2,REPEAT,NEUTRAL,False,False
2025-07-04 10:00:00,22906.8,2025-07,22582.0,23102.5,1145.3,REPEAT,HIGH_TREND,2025-Q3,22582.0,23102.5,1145.3,REPEAT,NEUTRAL,2025,16460.0,23102.5,1145.3,REPEAT,NEUTRAL,False,False
2025-07-06 18:00:00,22942.8,2025-07,22582.0,23102.5,1147.1,REPEAT,NEUTRAL,2025-Q3,22582.0,23102.5,1147.1,REPEAT,NEUTRAL,2025,16460.0,23102.5,1147.1,REPEAT,NEUTRAL,False,False
2025-07-06 22:00:00,22949.0,2025-07,22582.0,23102.5,1147.4,REPEAT,NEUTRAL,2025-Q3,22582.0,23102.5,1147.4,REPEAT,NEUTRAL,2025,16460.0,23102.5,1147.4,REPEAT,NEUTRAL,False,False
2025-07-07 02:00:00,22964.0,2025-07,22582.0,23102.5,1148.2,REPEAT,NEUTRAL,2025-Q3,22582.0,23102.5,1148.2,REPEAT,NEUTRAL,2025,16460.0,23102.5,1148.2,REPEAT,NEUTRAL,False,False
2025-07-07 06:00:00,22945.5,2025-07,22582.0,23102.5,1147.3,REPEAT,NEUTRAL,2025-Q3,22582.0,23102.5,1147.3,REPEAT,NEUTRAL,2025,16460.0,23102.5,1147.3,REPEAT,NEUTRAL,False,False
2025-07-07 10:00:00,22871.0,2025-07,22582.0,23102.5,1143.6,REPEAT,HIGH_TREND,2025-Q3,22582.0,23102.5,1143.6,REPEAT,NEUTRAL,2025,16460.0,23102.5,1143.6,REPEAT,NEUTRAL,False,False
2025-07-07 14:00:00,22839.0,2025-07,22582.0,23102.5,1142.0,REPEAT,HIGH_TREND,2025-Q3,22582.0,23102.5,1142.0,REPEAT,NEUTRAL,2025,16460.0,23102.5,1142.0,REPEAT,NEUTRAL,False,False
2025-07-07 18:00:00,22893.8,2025-07,22582.0,23102.5,1144.7,REPEAT,HIGH_TREND,2025-Q3,22582.0,23102.5,1144.7,REPEAT,NEUTRAL,2025,16460.0,23102.5,1144.7,REPEAT,NEUTRAL,False,False
2025-07-07 22:00:00,22933.8,2025-07,22582.0,23102.5,1146.7,REPEAT,HIGH_TREND,2025-Q3,22582.0,23102.5,1146.7,REPEAT,NEUTRAL,2025,16460.0,23102.5,1146.7,REPEAT,NEUTRAL,False,False
2025-07-08 02:00:00,22924.5,2025-07,22582.0,23102.5,1146.2,REPEAT,HIGH_TREND,2025-Q3,22582.0,23102.5,1146.2,REPEAT,NEUTRAL,2025,16460.0,23102.5,1146.2,REPEAT,NEUTRAL,False,False
2025-07-08 06:00:00,22881.5,2025-07,22582.0,23102.5,1144.1,REPEAT,HIGH_TREND,2025-Q3,22582.0,23102.5,1144.1,REPEAT,NEUTRAL,2025,16460.0,23102.5,1144.1,REPEAT,NEUTRAL,False,False
2025-07-08 10:00:00,22934.0,2025-07,22582.0,23102.5,1146.7,REPEAT,HIGH_TREND,2025-Q3,22582.0,23102.5,1146.7,REPEAT,NEUTRAL,2025,16460.0,23102.5,1146.7,REPEAT,NEUTRAL,False,False
2025-07-08 14:00:00,22903.2,2025-07,22582.0,23102.5,1145.2,REPEAT,HIGH_TREND,2025-Q3,22582.0,23102.5,1145.2,REPEAT,NEUTRAL,2025,16460.0,23102.5,1145.2,REPEAT,NEUTRAL,False,False
2025-07-08 18:00:00,22890.2,2025-07,22582.0,23102.5,1144.5,REPEAT,HIGH_TREND,2025-Q3,22582.0,23102.5,1144.5,REPEAT,NEUTRAL,2025,16460.0,23102.5,1144.5,REPEAT,NEUTRAL,False,False
2025-07-08 22:00:00,22874.0,2025-07,22582.0,23102.5,1143.7,REPEAT,HIGH_TREND,2025-Q3,22582.0,23102.5,1143.7,REPEAT,NEUTRAL,2025,16460.0,23102.5,1143.7,REPEAT,NEUTRAL,False,False
2025-07-09 02:00:00,22924.0,2025-07,22582.0,23102.5,1146.2,REPEAT,HIGH_TREND,2025-Q3,22582.0,23102.5,1146.2,REPEAT,NEUTRAL,2025,16460.0,23102.5,1146.2,REPEAT,NEUTRAL,False,False
2025-07-09 06:00:00,23086.0,2025-07,22582.0,23102.5,1154.3,REPEAT,NEUTRAL,2025-Q3,22582.0,23102.5,1154.3,REPEAT,NEUTRAL,2025,16460.0,23102.5,1154.3,REPEAT,NEUTRAL,False,False
2025-07-09 10:00:00,22983.5,2025-07,22582.0,23112.0,1149.2,REPEAT,NEUTRAL,2025-Q3,22582.0,23112.0,1149.2,REPEAT,NEUTRAL,2025,16460.0,23112.0,1149.2,REPEAT,NEUTRAL,False,False
2025-07-09 14:00:00,23043.5,2025-07,22582.0,23112.0,1152.2,REPEAT,NEUTRAL,2025-Q3,22582.0,23112.0,1152.2,REPEAT,NEUTRAL,2025,16460.0,23112.0,1152.2,REPEAT,NEUTRAL,False,False
2025-07-09 18:00:00,22990.8,2025-07,22582.0,23112.0,1149.5,REPEAT,NEUTRAL,2025-Q3,22582.0,23112.0,1149.5,REPEAT,NEUTRAL,2025,16460.0,23112.0,1149.5,REPEAT,NEUTRAL,False,False
2025-07-09 22:00:00,22992.5,2025-07,22582.0,23112.0,1149.6,REPEAT,NEUTRAL,2025-Q3,22582.0,23112.0,1149.6,REPEAT,NEUTRAL,2025,16460.0,23112.0,1149.6,REPEAT,NEUTRAL,False,False
2025-07-10 02:00:00,23025.0,2025-07,22582.0,23112.0,1151.2,REPEAT,NEUTRAL,2025-Q3,22582.0,23112.0,1151.2,REPEAT,NEUTRAL,2025,16460.0,23112.0,1151.2,REPEAT,NEUTRAL,False,False
2025-07-10 06:00:00,22960.0,2025-07,22582.0,23112.0,1148.0,REPEAT,NEUTRAL,2025-Q3,22582.0,23112.0,1148.0,REPEAT,NEUTRAL,2025,16460.0,23112.0,1148.0,REPEAT,NEUTRAL,False,False
2025-07-10 10:00:00,23037.0,2025-07,22582.0,23112.0,1151.9,REPEAT,NEUTRAL,2025-Q3,22582.0,23112.0,1151.9,REPEAT,NEUTRAL,2025,16460.0,23112.0,1151.9,REPEAT,NEUTRAL,False,False
2025-07-10 14:00:00,23010.0,2025-07,22582.0,23112.0,1150.5,REPEAT,NEUTRAL,2025-Q3,22582.0,23112.0,1150.5,REPEAT,NEUTRAL,2025,16460.0,23112.0,1150.5,REPEAT,NEUTRAL,False,False
2025-07-10 18:00:00,22927.2,2025-07,22582.0,23112.0,1146.4,REPEAT,HIGH_TREND,2025-Q3,22582.0,23112.0,1146.4,REPEAT,NEUTRAL,2025,16460.0,23112.0,1146.4,REPEAT,NEUTRAL,False,False
2025-07-10 22:00:00,22941.2,2025-07,22582.0,23112.0,1147.1,REPEAT,NEUTRAL,2025-Q3,22582.0,23112.0,1147.1,REPEAT,NEUTRAL,2025,16460.0,23112.0,1147.1,REPEAT,NEUTRAL,False,False
2025-07-11 02:00:00,22865.0,2025-07,22582.0,23112.0,1143.2,REPEAT,HIGH_TREND,2025-Q3,22582.0,23112.0,1143.2,REPEAT,NEUTRAL,2025,16460.0,23112.0,1143.2,REPEAT,NEUTRAL,False,False
2025-07-11 06:00:00,22963.8,2025-07,22582.0,23112.0,1148.2,REPEAT,NEUTRAL,2025-Q3,22582.0,23112.0,1148.2,REPEAT,NEUTRAL,2025,16460.0,23112.0,1148.2,REPEAT,NEUTRAL,False,False
2025-07-11 10:00:00,22998.5,2025-07,22582.0,23112.0,1149.9,REPEAT,NEUTRAL,2025-Q3,22582.0,23112.0,1149.9,REPEAT,NEUTRAL,2025,16460.0,23112.0,1149.9,REPEAT,NEUTRAL,False,False
2025-07-11 14:00:00,22938.0,2025-07,22582.0,23112.0,1146.9,REPEAT,NEUTRAL,2025-Q3,22582.0,23112.0,1146.9,REPEAT,NEUTRAL,2025,16460.0,23112.0,1146.9,REPEAT,NEUTRAL,False,False
2025-07-13 18:00:00,22857.5,2025-07,22582.0,23112.0,1142.9,REPEAT,HIGH_TREND,2025-Q3,22582.0,23112.0,1142.9,REPEAT,NEUTRAL,2025,16460.0,23112.0,1142.9,REPEAT,NEUTRAL,False,False
2025-07-13 22:00:00,22831.2,2025-07,22582.0,23112.0,1141.6,REPEAT,HIGH_TREND,2025-Q3,22582.0,23112.0,1141.6,REPEAT,NEUTRAL,2025,16460.0,23112.0,1141.6,REPEAT,NEUTRAL,False,False
2025-07-14 02:00:00,22899.0,2025-07,22582.0,23112.0,1145.0,REPEAT,HIGH_TREND,2025-Q3,22582.0,23112.0,1145.0,REPEAT,NEUTRAL,2025,16460.0,23112.0,1145.0,REPEAT,NEUTRAL,False,False
2025-07-14 06:00:00,22911.8,2025-07,22582.0,23112.0,1145.6,REPEAT,HIGH_TREND,2025-Q3,22582.0,23112.0,1145.6,REPEAT,NEUTRAL,2025,16460.0,23112.0,1145.6,REPEAT,NEUTRAL,False,False
2025-07-14 10:00:00,23045.2,2025-07,22582.0,23112.0,1152.3,REPEAT,NEUTRAL,2025-Q3,22582.0,23112.0,1152.3,REPEAT,NEUTRAL,2025,16460.0,23112.0,1152.3,REPEAT,NEUTRAL,False,False
2025-07-14 14:00:00,23036.2,2025-07,22582.0,23112.0,1151.8,REPEAT,NEUTRAL,2025-Q3,22582.0,23112.0,1151.8,REPEAT,NEUTRAL,2025,16460.0,23112.0,1151.8,REPEAT,NEUTRAL,False,False
2025-07-14 18:00:00,23143.0,2025-07,22582.0,23173.8,1157.2,REPEAT,NEUTRAL,2025-Q3,22582.0,23173.8,1157.2,REPEAT,NEUTRAL,2025,16460.0,23173.8,1157.2,REPEAT,NEUTRAL,False,False
2025-07-14 22:00:00,23147.0,2025-07,22582.0,23173.8,1157.4,REPEAT,NEUTRAL,2025-Q3,22582.0,23173.8,1157.4,REPEAT,NEUTRAL,2025,16460.0,23173.8,1157.4,REPEAT,NEUTRAL,False,False
2025-07-15 02:00:00,23174.0,2025-07,22582.0,23180.0,1158.7,REPEAT,NEUTRAL,2025-Q3,22582.0,23180.0,1158.7,REPEAT,NEUTRAL,2025,16460.0,23180.0,1158.7,REPEAT,NEUTRAL,False,False
2025-07-15 06:00:00,23138.5,2025-07,22582.0,23222.8,1156.9,REPEAT,NEUTRAL,2025-Q3,22582.0,23222.8,1156.9,REPEAT,NEUTRAL,2025,16460.0,23222.8,1156.9,REPEAT,NEUTRAL,False,False
2025-07-15 10:00:00,23169.5,2025-07,22582.0,23222.8,1158.5,REPEAT,NEUTRAL,2025-Q3,22582.0,23222.8,1158.5,REPEAT,NEUTRAL,2025,16460.0,23222.8,1158.5,REPEAT,NEUTRAL,False,False
2025-07-15 14:00:00,23017.8,2025-07,22582.0,23222.8,1150.9,REPEAT,NEUTRAL,2025-Q3,22582.0,23222.8,1150.9,REPEAT,NEUTRAL,2025,16460.0,23222.8,1150.9,REPEAT,NEUTRAL,False,False
2025-07-15 18:00:00,23030.2,2025-07,22582.0,23222.8,1151.5,REPEAT,NEUTRAL,2025-Q3,22582.0,23222.8,1151.5,REPEAT,NEUTRAL,2025,16460.0,23222.8,1151.5,REPEAT,NEUTRAL,False,False
2025-07-15 22:00:00,23007.0,2025-07,22582.0,23222.8,1150.4,REPEAT,NEUTRAL,2025-Q3,22582.0,23222.8,1150.4,REPEAT,NEUTRAL,2025,16460.0,23222.8,1150.4,REPEAT,NEUTRAL,False,False
2025-07-16 02:00:00,23000.5,2025-07,22582.0,23222.8,1150.0,REPEAT,NEUTRAL,2025-Q3,22582.0,23222.8,1150.0,REPEAT,NEUTRAL,2025,16460.0,23222.8,1150.0,REPEAT,NEUTRAL,False,False
2025-07-16 06:00:00,22968.5,2025-07,22582.0,23222.8,1148.4,REPEAT,NEUTRAL,2025-Q3,22582.0,23222.8,1148.4,REPEAT,NEUTRAL,2025,16460.0,23222.8,1148.4,REPEAT,NEUTRAL,False,False
2025-07-16 10:00:00,23028.0,2025-07,22582.0,23222.8,1151.4,REPEAT,NEUTRAL,2025-Q3,22582.0,23222.8,1151.4,REPEAT,NEUTRAL,2025,16460.0,23222.8,1151.4,REPEAT,NEUTRAL,False,False
2025-07-16 14:00:00,23063.2,2025-07,22582.0,23222.8,1153.2,REPEAT,NEUTRAL,2025-Q3,22582.0,23222.8,1153.2,REPEAT,NEUTRAL,2025,16460.0,23222.8,1153.2,REPEAT,NEUTRAL,False,False
2025-07-16 18:00:00,23034.2,2025-07,22582.0,23222.8,1151.7,REPEAT,NEUTRAL,2025-Q3,22582.0,23222.8,1151.7,REPEAT,NEUTRAL,2025,16460.0,23222.8,1151.7,REPEAT,NEUTRAL,False,False
2025-07-16 22:00:00,23087.2,2025-07,22582.0,23222.8,1154.4,REPEAT,NEUTRAL,2025-Q3,22582.0,23222.8,1154.4,REPEAT,NEUTRAL,2025,16460.0,23222.8,1154.4,REPEAT,NEUTRAL,False,False
2025-07-17 02:00:00,23109.5,2025-07,22582.0,23222.8,1155.5,REPEAT,NEUTRAL,2025-Q3,22582.0,23222.8,1155.5,REPEAT,NEUTRAL,2025,16460.0,23222.8,1155.5,REPEAT,NEUTRAL,False,False
2025-07-17 06:00:00,23150.0,2025-07,22582.0,23222.8,1157.5,REPEAT,NEUTRAL,2025-Q3,22582.0,23222.8,1157.5,REPEAT,NEUTRAL,2025,16460.0,23222.8,1157.5,REPEAT,NEUTRAL,False,False
2025-07-17 10:00:00,23275.2,2025-07,22582.0,23276.0,1163.8,REPEAT,NEUTRAL,2025-Q3,22582.0,23276.0,1163.8,REPEAT,NEUTRAL,2025,16460.0,23276.0,1163.8,REPEAT,NEUTRAL,False,False
2025-07-17 14:00:00,23265.5,2025-07,22582.0,23279.8,1163.3,REPEAT,NEUTRAL,2025-Q3,22582.0,23279.8,1163.3,REPEAT,NEUTRAL,2025,16460.0,23279.8,1163.3,REPEAT,NEUTRAL,False,False
2025-07-17 18:00:00,23266.5,2025-07,22582.0,23288.8,1163.3,REPEAT,NEUTRAL,2025-Q3,22582.0,23288.8,1163.3,REPEAT,NEUTRAL,2025,16460.0,23288.8,1163.3,REPEAT,NEUTRAL,False,False
2025-07-17 22:00:00,23304.0,2025-07,22582.0,23309.2,1165.2,REPEAT,NEUTRAL,2025-Q3,22582.0,23309.2,1165.2,REPEAT,NEUTRAL,2025,16460.0,23309.2,1165.2,REPEAT,NEUTRAL,False,False
2025-07-18 02:00:00,23278.8,2025-07,22582.0,23309.5,1163.9,REPEAT,NEUTRAL,2025-Q3,22582.0,23309.5,1163.9,REPEAT,NEUTRAL,2025,16460.0,23309.5,1163.9,REPEAT,NEUTRAL,False,False
2025-07-18 06:00:00,23257.5,2025-07,22582.0,23320.8,1162.9,REPEAT,NEUTRAL,2025-Q3,22582.0,23320.8,1162.9,REPEAT,NEUTRAL,2025,16460.0,23320.8,1162.9,REPEAT,NEUTRAL,False,False
2025-07-18 10:00:00,23198.5,2025-07,22582.0,23320.8,1159.9,REPEAT,NEUTRAL,2025-Q3,22582.0,23320.8,1159.9,REPEAT,NEUTRAL,2025,16460.0,23320.8,1159.9,REPEAT,NEUTRAL,False,False
2025-07-18 14:00:00,23228.5,2025-07,22582.0,23320.8,1161.4,REPEAT,NEUTRAL,2025-Q3,22582.0,23320.8,1161.4,REPEAT,NEUTRAL,2025,16460.0,23320.8,1161.4,REPEAT,NEUTRAL,False,False
2025-07-20 18:00:00,23264.0,2025-07,22582.0,23320.8,1163.2,REPEAT,NEUTRAL,2025-Q3,22582.0,23320.8,1163.2,REPEAT,NEUTRAL,2025,16460.0,23320.8,1163.2,REPEAT,NEUTRAL,False,False
2025-07-20 22:00:00,23268.5,2025-07,22582.0,23320.8,1163.4,REPEAT,NEUTRAL,2025-Q3,22582.0,23320.8,1163.4,REPEAT,NEUTRAL,2025,16460.0,23320.8,1163.4,REPEAT,NEUTRAL,False,False
2025-07-21 02:00:00,23289.5,2025-07,22582.0,23320.8,1164.5,REPEAT,NEUTRAL,2025-Q3,22582.0,23320.8,1164.5,REPEAT,NEUTRAL,2025,16460.0,23320.8,1164.5,REPEAT,NEUTRAL,False,False
2025-07-21 06:00:00,23375.2,2025-07,22582.0,23396.0,1168.8,REPEAT,NEUTRAL,2025-Q3,22582.0,23396.0,1168.8,REPEAT,NEUTRAL,2025,16460.0,23396.0,1168.8,REPEAT,NEUTRAL,False,False
2025-07-21 10:00:00,23411.2,2025-07,22582.0,23424.8,1170.6,REPEAT,NEUTRAL,2025-Q3,22582.0,23424.8,1170.6,REPEAT,NEUTRAL,2025,16460.0,23424.8,1170.6,REPEAT,NEUTRAL,False,False
2025-07-21 14:00:00,23347.0,2025-07,22582.0,23424.8,1167.4,REPEAT,NEUTRAL,2025-Q3,22582.0,23424.8,1167.4,REPEAT,NEUTRAL,2025,16460.0,23424.8,1167.4,REPEAT,NEUTRAL,False,False
2025-07-21 18:00:00,23365.8,2025-07,22582.0,23424.8,1168.3,REPEAT,NEUTRAL,2025-Q3,22582.0,23424.8,1168.3,REPEAT,NEUTRAL,2025,16460.0,23424.8,1168.3,REPEAT,NEUTRAL,False,False
2025-07-21 22:00:00,23314.5,2025-07,22582.0,23424.8,1165.7,REPEAT,NEUTRAL,2025-Q3,22582.0,23424.8,1165.7,REPEAT,NEUTRAL,2025,16460.0,23424.8,1165.7,REPEAT,NEUTRAL,False,False
2025-07-22 02:00:00,23281.5,2025-07,22582.0,23424.8,1164.1,REPEAT,NEUTRAL,2025-Q3,22582.0,23424.8,1164.1,REPEAT,NEUTRAL,2025,16460.0,23424.8,1164.1,REPEAT,NEUTRAL,False,False
2025-07-22 06:00:00,23142.2,2025-07,22582.0,23424.8,1157.1,REPEAT,NEUTRAL,2025-Q3,22582.0,23424.8,1157.1,REPEAT,NEUTRAL,2025,16460.0,23424.8,1157.1,REPEAT,NEUTRAL,False,False
2025-07-22 10:00:00,23217.5,2025-07,22582.0,23424.8,1160.9,REPEAT,NEUTRAL,2025-Q3,22582.0,23424.8,1160.9,REPEAT,NEUTRAL,2025,16460.0,23424.8,1160.9,REPEAT,NEUTRAL,False,False
2025-07-22 14:00:00,23199.0,2025-07,22582.0,23424.8,1160.0,REPEAT,NEUTRAL,2025-Q3,22582.0,23424.8,1160.0,REPEAT,NEUTRAL,2025,16460.0,23424.8,1160.0,REPEAT,NEUTRAL,False,False
2025-07-22 18:00:00,23252.0,2025-07,22582.0,23424.8,1162.6,REPEAT,NEUTRAL,2025-Q3,22582.0,23424.8,1162.6,REPEAT,NEUTRAL,2025,16460.0,23424.8,1162.6,REPEAT,NEUTRAL,False,False
2025-07-22 22:00:00,23250.5,2025-07,22582.0,23424.8,1162.5,REPEAT,NEUTRAL,2025-Q3,22582.0,23424.8,1162.5,REPEAT,NEUTRAL,2025,16460.0,23424.8,1162.5,REPEAT,NEUTRAL,False,False
2025-07-23 02:00:00,23271.2,2025-07,22582.0,23424.8,1163.6,REPEAT,NEUTRAL,2025-Q3,22582.0,23424.8,1163.6,REPEAT,NEUTRAL,2025,16460.0,23424.8,1163.6,REPEAT,NEUTRAL,False,False
2025-07-23 06:00:00,23166.0,2025-07,22582.0,23424.8,1158.3,REPEAT,NEUTRAL,2025-Q3,22582.0,23424.8,1158.3,REPEAT,NEUTRAL,2025,16460.0,23424.8,1158.3,REPEAT,NEUTRAL,False,False
2025-07-23 10:00:00,23263.2,2025-07,22582.0,23424.8,1163.2,REPEAT,NEUTRAL,2025-Q3,22582.0,23424.8,1163.2,REPEAT,NEUTRAL,2025,16460.0,23424.8,1163.2,REPEAT,NEUTRAL,False,False
2025-07-23 14:00:00,23411.2,2025-07,22582.0,23424.8,1170.6,REPEAT,NEUTRAL,2025-Q3,22582.0,23424.8,1170.6,REPEAT,NEUTRAL,2025,16460.0,23424.8,1170.6,REPEAT,NEUTRAL,False,False
2025-07-23 18:00:00,23408.0,2025-07,22582.0,23424.8,1170.4,REPEAT,NEUTRAL,2025-Q3,22582.0,23424.8,1170.4,REPEAT,NEUTRAL,2025,16460.0,23424.8,1170.4,REPEAT,NEUTRAL,False,False
2025-07-23 22:00:00,23373.8,2025-07,22582.0,23424.8,1168.7,REPEAT,NEUTRAL,2025-Q3,22582.0,23424.8,1168.7,REPEAT,NEUTRAL,2025,16460.0,23424.8,1168.7,REPEAT,NEUTRAL,False,False
2025-07-24 02:00:00,23390.0,2025-07,22582.0,23424.8,1169.5,REPEAT,NEUTRAL,2025-Q3,22582.0,23424.8,1169.5,REPEAT,NEUTRAL,2025,16460.0,23424.8,1169.5,REPEAT,NEUTRAL,False,False
2025-07-24 06:00:00,23362.8,2025-07,22582.0,23424.8,1168.1,REPEAT,NEUTRAL,2025-Q3,22582.0,23424.8,1168.1,REPEAT,NEUTRAL,2025,16460.0,23424.8,1168.1,REPEAT,NEUTRAL,False,False
2025-07-24 10:00:00,23384.2,2025-07,22582.0,23424.8,1169.2,REPEAT,NEUTRAL,2025-Q3,22582.0,23424.8,1169.2,REPEAT,NEUTRAL,2025,16460.0,23424.8,1169.2,REPEAT,NEUTRAL,False,False
2025-07-24 14:00:00,23395.0,2025-07,22582.0,23424.8,1169.8,REPEAT,NEUTRAL,2025-Q3,22582.0,23424.8,1169.8,REPEAT,NEUTRAL,2025,16460.0,23424.8,1169.8,REPEAT,NEUTRAL,False,False
2025-07-24 18:00:00,23426.8,2025-07,22582.0,23434.8,1171.3,REPEAT,NEUTRAL,2025-Q3,22582.0,23434.8,1171.3,REPEAT,NEUTRAL,2025,16460.0,23434.8,1171.3,REPEAT,NEUTRAL,False,False
2025-07-24 22:00:00,23407.8,2025-07,22582.0,23441.8,1170.4,REPEAT,NEUTRAL,2025-Q3,22582.0,23441.8,1170.4,REPEAT,NEUTRAL,2025,16460.0,23441.8,1170.4,REPEAT,NEUTRAL,False,False
2025-07-25 02:00:00,23374.0,2025-07,22582.0,23441.8,1168.7,REPEAT,NEUTRAL,2025-Q3,22582.0,23441.8,1168.7,REPEAT,NEUTRAL,2025,16460.0,23441.8,1168.7,REPEAT,NEUTRAL,False,False
2025-07-25 06:00:00,23389.2,2025-07,22582.0,23441.8,1169.5,REPEAT,NEUTRAL,2025-Q3,22582.0,23441.8,1169.5,REPEAT,NEUTRAL,2025,16460.0,23441.8,1169.5,REPEAT,NEUTRAL,False,False
2025-07-25 10:00:00,23439.0,2025-07,22582.0,23476.0,1172.0,REPEAT,NEUTRAL,2025-Q3,22582.0,23476.0,1172.0,REPEAT,NEUTRAL,2025,16460.0,23476.0,1172.0,REPEAT,NEUTRAL,False,False
2025-07-25 14:00:00,23447.8,2025-07,22582.0,23476.0,1172.4,REPEAT,NEUTRAL,2025-Q3,22582.0,23476.0,1172.4,REPEAT,NEUTRAL,2025,16460.0,23476.0,1172.4,REPEAT,NEUTRAL,False,False
2025-07-27 18:00:00,23542.8,2025-07,22582.0,23558.2,1177.1,REPEAT,NEUTRAL,2025-Q3,22582.0,23558.2,1177.1,REPEAT,NEUTRAL,2025,16460.0,23558.2,1177.1,REPEAT,NEUTRAL,False,False
2025-07-27 22:00:00,23574.0,2025-07,22582.0,23578.8,1178.7,REPEAT,NEUTRAL,2025-Q3,22582.0,23578.8,1178.7,REPEAT,NEUTRAL,2025,16460.0,23578.8,1178.7,REPEAT,NEUTRAL,False,False
2025-07-28 02:00:00,23526.8,2025-07,22582.0,23585.2,1176.3,REPEAT,NEUTRAL,2025-Q3,22582.0,23585.2,1176.3,REPEAT,NEUTRAL,2025,16460.0,23585.2,1176.3,REPEAT,NEUTRAL,False,False
2025-07-28 06:00:00,23520.0,2025-07,22582.0,23585.2,1176.0,REPEAT,NEUTRAL,2025-Q3,22582.0,23585.2,1176.0,REPEAT,NEUTRAL,2025,16460.0,23585.2,1176.0,REPEAT,NEUTRAL,False,False
2025-07-28 10:00:00,23461.2,2025-07,22582.0,23585.2,1173.1,REPEAT,NEUTRAL,2025-Q3,22582.0,23585.2,1173.1,REPEAT,NEUTRAL,2025,16460.0,23585.2,1173.1,REPEAT,NEUTRAL,False,False
2025-07-28 14:00:00,23509.2,2025-07,22582.0,23585.2,1175.5,REPEAT,NEUTRAL,2025-Q3,22582.0,23585.2,1175.5,REPEAT,NEUTRAL,2025,16460.0,23585.2,1175.5,REPEAT,NEUTRAL,False,False
2025-07-28 18:00:00,23527.5,2025-07,22582.0,23585.2,1176.4,REPEAT,NEUTRAL,2025-Q3,22582.0,23585.2,1176.4,REPEAT,NEUTRAL,2025,16460.0,23585.2,1176.4,REPEAT,NEUTRAL,False,False
2025-07-28 22:00:00,23547.2,2025-07,22582.0,23585.2,1177.4,REPEAT,NEUTRAL,2025-Q3,22582.0,23585.2,1177.4,REPEAT,NEUTRAL,2025,16460.0,23585.2,1177.4,REPEAT,NEUTRAL,False,False
2025-07-29 02:00:00,23599.2,2025-07,22582.0,23607.0,1180.0,REPEAT,NEUTRAL,2025-Q3,22582.0,23607.0,1180.0,REPEAT,NEUTRAL,2025,16460.0,23607.0,1180.0,REPEAT,NEUTRAL,False,False
2025-07-29 06:00:00,23581.0,2025-07,22582.0,23652.5,1179.0,REPEAT,NEUTRAL,2025-Q3,22582.0,23652.5,1179.0,REPEAT,NEUTRAL,2025,16460.0,23652.5,1179.0,REPEAT,NEUTRAL,False,False
2025-07-29 10:00:00,23491.5,2025-07,22582.0,23652.5,1174.6,REPEAT,NEUTRAL,2025-Q3,22582.0,23652.5,1174.6,REPEAT,NEUTRAL,2025,16460.0,23652.5,1174.6,REPEAT,NEUTRAL,False,False
2025-07-29 14:00:00,23452.0,2025-07,22582.0,23652.5,1172.6,REPEAT,NEUTRAL,2025-Q3,22582.0,23652.5,1172.6,REPEAT,NEUTRAL,2025,16460.0,23652.5,1172.6,REPEAT,NEUTRAL,False,False
2025-07-29 18:00:00,23485.2,2025-07,22582.0,23652.5,1174.3,REPEAT,NEUTRAL,2025-Q3,22582.0,23652.5,1174.3,REPEAT,NEUTRAL,2025,16460.0,23652.5,1174.3,REPEAT,NEUTRAL,False,False
2025-07-29 22:00:00,23503.5,2025-07,22582.0,23652.5,1175.2,REPEAT,NEUTRAL,2025-Q3,22582.0,23652.5,1175.2,REPEAT,NEUTRAL,2025,16460.0,23652.5,1175.2,REPEAT,NEUTRAL,False,False
2025-07-30 02:00:00,23492.2,2025-07,22582.0,23652.5,1174.6,REPEAT,NEUTRAL,2025-Q3,22582.0,23652.5,1174.6,REPEAT,NEUTRAL,2025,16460.0,23652.5,1174.6,REPEAT,NEUTRAL,False,False
2025-07-30 06:00:00,23483.8,2025-07,22582.0,23652.5,1174.2,REPEAT,NEUTRAL,2025-Q3,22582.0,23652.5,1174.2,REPEAT,NEUTRAL,2025,16460.0,23652.5,1174.2,REPEAT,NEUTRAL,False,False
2025-07-30 10:00:00,23544.8,2025-07,22582.0,23652.5,1177.2,REPEAT,NEUTRAL,2025-Q3,22582.0,23652.5,1177.2,REPEAT,NEUTRAL,2025,16460.0,23652.5,1177.2,REPEAT,NEUTRAL,False,False
2025-07-30 14:00:00,23661.8,2025-07,22582.0,23689.0,1183.1,REPEAT,NEUTRAL,2025-Q3,22582.0,23689.0,1183.1,REPEAT,NEUTRAL,2025,16460.0,23689.0,1183.1,REPEAT,NEUTRAL,False,False
2025-07-30 18:00:00,23769.8,2025-07,22582.0,23780.0,1188.5,REPEAT,NEUTRAL,2025-Q3,22582.0,23780.0,1188.5,REPEAT,NEUTRAL,2025,16460.0,23780.0,1188.5,REPEAT,NEUTRAL,False,False
2025-07-30 22:00:00,23800.2,2025-07,22582.0,23809.8,1190.0,REPEAT,NEUTRAL,2025-Q3,22582.0,23809.8,1190.0,REPEAT,NEUTRAL,2025,16460.0,23809.8,1190.0,REPEAT,NEUTRAL,False,False
2025-07-31 02:00:00,23783.8,2025-07,22582.0,23845.0,1189.2,REPEAT,NEUTRAL,2025-Q3,22582.0,23845.0,1189.2,REPEAT,NEUTRAL,2025,16460.0,23845.0,1189.2,REPEAT,NEUTRAL,False,False
2025-07-31 06:00:00,23671.2,2025-07,22582.0,23845.0,1183.6,REPEAT,NEUTRAL,2025-Q3,22582.0,23845.0,1183.6,REPEAT,NEUTRAL,2025,16460.0,23845.0,1183.6,REPEAT,NEUTRAL,False,False
2025-07-31 10:00:00,23389.5,2025-07,22582.0,23845.0,1169.5,REPEAT,NEUTRAL,2025-Q3,22582.0,23845.0,1169.5,REPEAT,NEUTRAL,2025,16460.0,23845.0,1169.5,REPEAT,NEUTRAL,False,False
2025-07-31 14:00:00,23329.5,2025-07,22582.0,23845.0,1166.5,REPEAT,NEUTRAL,2025-Q3,22582.0,23845.0,1166.5,REPEAT,NEUTRAL,2025,16460.0,23845.0,1166.5,REPEAT,NEUTRAL,False,False
2025-07-31 18:00:00,23322.2,2025-07,22582.0,23845.0,1166.1,REPEAT,NEUTRAL,2025-Q3,22582.0,23845.0,1166.1,REPEAT,NEUTRAL,2025,16460.0,23845.0,1166.1,REPEAT,NEUTRAL,False,False
2025-07-31 22:00:00,23292.8,2025-07,22582.0,23845.0,1164.6,REPEAT,NEUTRAL,2025-Q3,22582.0,23845.0,1164.6,REPEAT,NEUTRAL,2025,16460.0,23845.0,1164.6,REPEAT,NEUTRAL,False,False
2025-08-01 02:00:00,23127.8,2025-08,23062.5,23296.5,1156.4,REPEAT,HIGH_TREND,2025-Q3,22582.0,23845.0,1156.4,REPEAT,NEUTRAL,2025,16460.0,23845.0,1156.4,REPEAT,NEUTRAL,False,False
2025-08-01 06:00:00,22883.0,2025-08,22858.0,23296.5,1144.2,REPEAT,HIGH_TREND,2025-Q3,22582.0,23845.0,1144.2,REPEAT,NEUTRAL,2025,16460.0,23845.0,1144.2,REPEAT,NEUTRAL,False,False
2025-08-01 10:00:00,22845.0,2025-08,22800.0,23296.5,1142.2,REPEAT,HIGH_TREND,2025-Q3,22582.0,23845.0,1142.2,REPEAT,NEUTRAL,2025,16460.0,23845.0,1142.2,REPEAT,NEUTRAL,False,False
2025-08-01 14:00:00,22870.0,2025-08,22775.0,23296.5,1143.5,REPEAT,HIGH_TREND,2025-Q3,22582.0,23845.0,1143.5,REPEAT,NEUTRAL,2025,16460.0,23845.0,1143.5,REPEAT,NEUTRAL,False,False
2025-08-03 18:00:00,22959.0,2025-08,22775.0,23296.5,1148.0,REPEAT,HIGH_TREND,2025-Q3,22582.0,23845.0,1148.0,REPEAT,NEUTRAL,2025,16460.0,23845.0,1148.0,REPEAT,NEUTRAL,False,False
2025-08-03 22:00:00,22983.0,2025-08,22775.0,23296.5,1149.2,REPEAT,HIGH_TREND,2025-Q3,22582.0,23845.0,1149.2,REPEAT,NEUTRAL,2025,16460.0,23845.0,1149.2,REPEAT,NEUTRAL,False,False
2025-08-04 02:00:00,23055.2,2025-08,22775.0,23296.5,1152.8,REPEAT,HIGH_TREND,2025-Q3,22582.0,23845.0,1152.8,REPEAT,NEUTRAL,2025,16460.0,23845.0,1152.8,REPEAT,NEUTRAL,False,False
2025-08-04 06:00:00,23246.0,2025-08,22775.0,23296.5,1162.3,REPEAT,HIGH_TREND,2025-Q3,22582.0,23845.0,1162.3,REPEAT,NEUTRAL,2025,16460.0,23845.0,1162.3,REPEAT,NEUTRAL,False,False
2025-08-04 10:00:00,23268.0,2025-08,22775.0,23296.5,1163.4,REPEAT,HIGH_TREND,2025-Q3,22582.0,23845.0,1163.4,REPEAT,NEUTRAL,2025,16460.0,23845.0,1163.4,REPEAT,NEUTRAL,False,False
2025-08-04 14:00:00,23350.8,2025-08,22775.0,23352.5,1167.5,REPEAT,HIGH_TREND,2025-Q3,22582.0,23845.0,1167.5,REPEAT,NEUTRAL,2025,16460.0,23845.0,1167.5,REPEAT,NEUTRAL,False,False
2025-08-04 18:00:00,23340.8,2025-08,22775.0,23374.5,1167.0,REPEAT,HIGH_TREND,2025-Q3,22582.0,23845.0,1167.0,REPEAT,NEUTRAL,2025,16460.0,23845.0,1167.0,REPEAT,NEUTRAL,False,False
2025-08-04 22:00:00,23362.8,2025-08,22775.0,23374.5,1168.1,REPEAT,HIGH_TREND,2025-Q3,22582.0,23845.0,1168.1,REPEAT,NEUTRAL,2025,16460.0,23845.0,1168.1,REPEAT,NEUTRAL,False,False
2025-08-05 02:00:00,23348.5,2025-08,22775.0,23397.2,1167.4,REPEAT,HIGH_TREND,2025-Q3,22582.0,23845.0,1167.4,REPEAT,NEUTRAL,2025,16460.0,23845.0,1167.4,REPEAT,NEUTRAL,False,False
2025-08-05 06:00:00,23374.2,2025-08,22775.0,23404.2,1168.7,REPEAT,HIGH_TREND,2025-Q3,22582.0,23845.0,1168.7,REPEAT,NEUTRAL,2025,16460.0,23845.0,1168.7,REPEAT,NEUTRAL,False,False
2025-08-05 10:00:00,23241.2,2025-08,22775.0,23404.2,1162.1,REPEAT,HIGH_TREND,2025-Q3,22582.0,23845.0,1162.1,REPEAT,NEUTRAL,2025,16460.0,23845.0,1162.1,REPEAT,NEUTRAL,False,False
2025-08-05 14:00:00,23092.0,2025-08,22775.0,23404.2,1154.6,REPEAT,HIGH_TREND,2025-Q3,22582.0,23845.0,1154.6,REPEAT,NEUTRAL,2025,16460.0,23845.0,1154.6,REPEAT,NEUTRAL,False,False
2025-08-05 18:00:00,23136.5,2025-08,22775.0,23404.2,1156.8,REPEAT,HIGH_TREND,2025-Q3,22582.0,23845.0,1156.8,REPEAT,NEUTRAL,2025,16460.0,23845.0,1156.8,REPEAT,NEUTRAL,False,False
2025-08-05 22:00:00,23184.8,2025-08,22775.0,23404.2,1159.2,REPEAT,HIGH_TREND,2025-Q3,22582.0,23845.0,1159.2,REPEAT,NEUTRAL,2025,16460.0,23845.0,1159.2,REPEAT,NEUTRAL,False,False
2025-08-06 02:00:00,23146.0,2025-08,22775.0,23404.2,1157.3,REPEAT,HIGH_TREND,2025-Q3,22582.0,23845.0,1157.3,REPEAT,NEUTRAL,2025,16460.0,23845.0,1157.3,REPEAT,NEUTRAL,False,False
2025-08-06 06:00:00,23201.2,2025-08,22775.0,23404.2,1160.1,REPEAT,HIGH_TREND,2025-Q3,22582.0,23845.0,1160.1,REPEAT,NEUTRAL,2025,16460.0,23845.0,1160.1,REPEAT,NEUTRAL,False,False
2025-08-06 10:00:00,23373.0,2025-08,22775.0,23404.2,1168.6,REPEAT,HIGH_TREND,2025-Q3,22582.0,23845.0,1168.6,REPEAT,NEUTRAL,2025,16460.0,23845.0,1168.6,REPEAT,NEUTRAL,False,False
2025-08-06 14:00:00,23413.2,2025-08,22775.0,23445.2,1170.7,REPEAT,HIGH_TREND,2025-Q3,22582.0,23845.0,1170.7,REPEAT,NEUTRAL,2025,16460.0,23845.0,1170.7,REPEAT,NEUTRAL,False,False
2025-08-06 18:00:00,23496.5,2025-08,22775.0,23511.2,1174.8,REPEAT,HIGH_TREND,2025-Q3,22582.0,23845.0,1174.8,REPEAT,NEUTRAL,2025,16460.0,23845.0,1174.8,REPEAT,NEUTRAL,False,False
2025-08-06 22:00:00,23483.0,2025-08,22775.0,23511.2,1174.2,REPEAT,HIGH_TREND,2025-Q3,22582.0,23845.0,1174.2,REPEAT,NEUTRAL,2025,16460.0,23845.0,1174.2,REPEAT,NEUTRAL,False,False
2025-08-07 02:00:00,23601.2,2025-08,22775.0,23608.5,1180.1,REPEAT,HIGH_TREND,2025-Q3,22582.0,23845.0,1180.1,REPEAT,NEUTRAL,2025,16460.0,23845.0,1180.1,REPEAT,NEUTRAL,False,False
2025-08-07 06:00:00,23654.5,2025-08,22775.0,23658.8,1182.7,REPEAT,HIGH_TREND,2025-Q3,22582.0,23845.0,1182.7,REPEAT,NEUTRAL,2025,16460.0,23845.0,1182.7,REPEAT,NEUTRAL,False,False
2025-08-07 10:00:00,23419.2,2025-08,22775.0,23671.0,1171.0,REPEAT,HIGH_TREND,2025-Q3,22582.0,23845.0,1171.0,REPEAT,NEUTRAL,2025,16460.0,23845.0,1171.0,REPEAT,NEUTRAL,False,False
2025-08-07 14:00:00,23521.8,2025-08,22775.0,23671.0,1176.1,REPEAT,HIGH_TREND,2025-Q3,22582.0,23845.0,1176.1,REPEAT,NEUTRAL,2025,16460.0,23845.0,1176.1,REPEAT,NEUTRAL,False,False
2025-08-07 18:00:00,23562.5,2025-08,22775.0,23671.0,1178.1,REPEAT,HIGH_TREND,2025-Q3,22582.0,23845.0,1178.1,REPEAT,NEUTRAL,2025,16460.0,23845.0,1178.1,REPEAT,NEUTRAL,False,False
2025-08-07 22:00:00,23509.0,2025-08,22775.0,23671.0,1175.4,REPEAT,HIGH_TREND,2025-Q3,22582.0,23845.0,1175.4,REPEAT,NEUTRAL,2025,16460.0,23845.0,1175.4,REPEAT,NEUTRAL,False,False
2025-08-08 02:00:00,23562.2,2025-08,22775.0,23671.0,1178.1,REPEAT,HIGH_TREND,2025-Q3,22582.0,23845.0,1178.1,REPEAT,NEUTRAL,2025,16460.0,23845.0,1178.1,REPEAT,NEUTRAL,False,False
2025-08-08 06:00:00,23643.5,2025-08,22775.0,23671.0,1182.2,REPEAT,HIGH_TREND,2025-Q3,22582.0,23845.0,1182.2,REPEAT,NEUTRAL,2025,16460.0,23845.0,1182.2,REPEAT,NEUTRAL,False,False
2025-08-08 10:00:00,23699.8,2025-08,22775.0,23707.5,1185.0,REPEAT,HIGH_TREND,2025-Q3,22582.0,23845.0,1185.0,REPEAT,NEUTRAL,2025,16460.0,23845.0,1185.0,REPEAT,NEUTRAL,False,False
2025-08-08 14:00:00,23765.5,2025-08,22775.0,23767.8,1188.3,REPEAT,HIGH_TREND,2025-Q3,22582.0,23845.0,1188.3,REPEAT,NEUTRAL,2025,16460.0,23845.0,1188.3,REPEAT,NEUTRAL,False,False
2025-08-10 18:00:00,23758.2,2025-08,22775.0,23770.8,1187.9,REPEAT,HIGH_TREND,2025-Q3,22582.0,23845.0,1187.9,REPEAT,NEUTRAL,2025,16460.0,23845.0,1187.9,REPEAT,NEUTRAL,False,False
2025-08-10 22:00:00,23738.8,2025-08,22775.0,23773.0,1186.9,REPEAT,HIGH_TREND,2025-Q3,22582.0,23845.0,1186.9,REPEAT,NEUTRAL,2025,16460.0,23845.0,1186.9,REPEAT,NEUTRAL,False,False
2025-08-11 02:00:00,23723.2,2025-08,22775.0,23773.0,1186.2,REPEAT,HIGH_TREND,2025-Q3,22582.0,23845.0,1186.2,REPEAT,NEUTRAL,2025,16460.0,23845.0,1186.2,REPEAT,NEUTRAL,False,False
2025-08-11 06:00:00,23744.8,2025-08,22775.0,23773.0,1187.2,REPEAT,HIGH_TREND,2025-Q3,22582.0,23845.0,1187.2,REPEAT,NEUTRAL,2025,16460.0,23845.0,1187.2,REPEAT,NEUTRAL,False,False
2025-08-11 10:00:00,23697.8,2025-08,22775.0,23804.5,1184.9,REPEAT,HIGH_TREND,2025-Q3,22582.0,23845.0,1184.9,REPEAT,NEUTRAL,2025,16460.0,23845.0,1184.9,REPEAT,NEUTRAL,False,False
2025-08-11 14:00:00,23629.5,2025-08,22775.0,23804.5,1181.5,REPEAT,HIGH_TREND,2025-Q3,22582.0,23845.0,1181.5,REPEAT,NEUTRAL,2025,16460.0,23845.0,1181.5,REPEAT,NEUTRAL,False,False
2025-08-11 18:00:00,23658.8,2025-08,22775.0,23804.5,1182.9,REPEAT,HIGH_TREND,2025-Q3,22582.0,23845.0,1182.9,REPEAT,NEUTRAL,2025,16460.0,23845.0,1182.9,REPEAT,NEUTRAL,False,False
2025-08-11 22:00:00,23629.5,2025-08,22775.0,23804.5,1181.5,REPEAT,HIGH_TREND,2025-Q3,22582.0,23845.0,1181.5,REPEAT,NEUTRAL,2025,16460.0,23845.0,1181.5,REPEAT,NEUTRAL,False,False
2025-08-12 02:00:00,23636.0,2025-08,22775.0,23804.5,1181.8,REPEAT,HIGH_TREND,2025-Q3,22582.0,23845.0,1181.8,REPEAT,NEUTRAL,2025,16460.0,23845.0,1181.8,REPEAT,NEUTRAL,False,False
2025-08-12 06:00:00,23653.0,2025-08,22775.0,23822.2,1182.6,REPEAT,HIGH_TREND,2025-Q3,22582.0,23845.0,1182.6,REPEAT,NEUTRAL,2025,16460.0,23845.0,1182.6,REPEAT,NEUTRAL,False,False
2025-08-12 10:00:00,23914.5,2025-08,22775.0,23916.0,1195.7,REPEAT,NEUTRAL,2025-Q3,22582.0,23916.0,1195.7,REPEAT,NEUTRAL,2025,16460.0,23916.0,1195.7,REPEAT,NEUTRAL,False,False
2025-08-12 14:00:00,23949.5,2025-08,22775.0,23953.5,1197.5,REPEAT,NEUTRAL,2025-Q3,22582.0,23953.5,1197.5,REPEAT,NEUTRAL,2025,16460.0,23953.5,1197.5,REPEAT,NEUTRAL,False,False
2025-08-12 18:00:00,23928.5,2025-08,22775.0,23970.0,1196.4,REPEAT,NEUTRAL,2025-Q3,22582.0,23970.0,1196.4,REPEAT,NEUTRAL,2025,16460.0,23970.0,1196.4,REPEAT,NEUTRAL,False,False
2025-08-12 22:00:00,23945.0,2025-08,22775.0,23970.0,1197.2,REPEAT,NEUTRAL,2025-Q3,22582.0,23970.0,1197.2,REPEAT,NEUTRAL,2025,16460.0,23970.0,1197.2,REPEAT,NEUTRAL,False,False
2025-08-13 02:00:00,24007.0,2025-08,22775.0,24016.5,1200.4,REPEAT,NEUTRAL,2025-Q3,22582.0,24016.5,1200.4,REPEAT,NEUTRAL,2025,16460.0,24016.5,1200.4,REPEAT,NEUTRAL,False,False
2025-08-13 06:00:00,24017.2,2025-08,22775.0,24068.5,1200.9,REPEAT,NEUTRAL,2025-Q3,22582.0,24068.5,1200.9,REPEAT,NEUTRAL,2025,16460.0,24068.5,1200.9,REPEAT,NEUTRAL,False,False
2025-08-13 10:00:00,23939.0,2025-08,22775.0,24068.5,1197.0,REPEAT,NEUTRAL,2025-Q3,22582.0,24068.5,1197.0,REPEAT,NEUTRAL,2025,16460.0,24068.5,1197.0,REPEAT,NEUTRAL,False,False
2025-08-13 14:00:00,23927.8,2025-08,22775.0,24068.5,1196.4,REPEAT,NEUTRAL,2025-Q3,22582.0,24068.5,1196.4,REPEAT,NEUTRAL,2025,16460.0,24068.5,1196.4,REPEAT,NEUTRAL,False,False
2025-08-13 18:00:00,23931.5,2025-08,22775.0,24068.5,1196.6,REPEAT,NEUTRAL,2025-Q3,22582.0,24068.5,1196.6,REPEAT,NEUTRAL,2025,16460.0,24068.5,1196.6,REPEAT,NEUTRAL,False,False
2025-08-13 22:00:00,23909.8,2025-08,22775.0,24068.5,1195.5,REPEAT,NEUTRAL,2025-Q3,22582.0,24068.5,1195.5,REPEAT,NEUTRAL,2025,16460.0,24068.5,1195.5,REPEAT,NEUTRAL,False,False
2025-08-14 02:00:00,23926.2,2025-08,22775.0,24068.5,1196.3,REPEAT,NEUTRAL,2025-Q3,22582.0,24068.5,1196.3,REPEAT,NEUTRAL,2025,16460.0,24068.5,1196.3,REPEAT,NEUTRAL,False,False
2025-08-14 06:00:00,23936.0,2025-08,22775.0,24068.5,1196.8,REPEAT,NEUTRAL,2025-Q3,22582.0,24068.5,1196.8,REPEAT,NEUTRAL,2025,16460.0,24068.5,1196.8,REPEAT,NEUTRAL,False,False
2025-08-14 10:00:00,23962.2,2025-08,22775.0,24068.5,1198.1,REPEAT,NEUTRAL,2025-Q3,22582.0,24068.5,1198.1,REPEAT,NEUTRAL,2025,16460.0,24068.5,1198.1,REPEAT,NEUTRAL,False,False
2025-08-14 14:00:00,23891.5,2025-08,22775.0,24068.5,1194.6,REPEAT,NEUTRAL,2025-Q3,22582.0,24068.5,1194.6,REPEAT,NEUTRAL,2025,16460.0,24068.5,1194.6,REPEAT,NEUTRAL,False,False
2025-08-14 18:00:00,23902.8,2025-08,22775.0,24068.5,1195.1,REPEAT,NEUTRAL,2025-Q3,22582.0,24068.5,1195.1,REPEAT,NEUTRAL,2025,16460.0,24068.5,1195.1,REPEAT,NEUTRAL,False,False
2025-08-14 22:00:00,23941.2,2025-08,22775.0,24068.5,1197.1,REPEAT,NEUTRAL,2025-Q3,22582.0,24068.5,1197.1,REPEAT,NEUTRAL,2025,16460.0,24068.5,1197.1,REPEAT,NEUTRAL,False,False
2025-08-15 02:00:00,23879.8,2025-08,22775.0,24068.5,1194.0,REPEAT,NEUTRAL,2025-Q3,22582.0,24068.5,1194.0,REPEAT,NEUTRAL,2025,16460.0,24068.5,1194.0,REPEAT,NEUTRAL,False,False
2025-08-15 06:00:00,23807.0,2025-08,22775.0,24068.5,1190.4,REPEAT,HIGH_TREND,2025-Q3,22582.0,24068.5,1190.4,REPEAT,NEUTRAL,2025,16460.0,24068.5,1190.4,REPEAT,NEUTRAL,False,False
2025-08-15 10:00:00,23839.8,2025-08,22775.0,24068.5,1192.0,REPEAT,HIGH_TREND,2025-Q3,22582.0,24068.5,1192.0,REPEAT,NEUTRAL,2025,16460.0,24068.5,1192.0,REPEAT,NEUTRAL,False,False
2025-08-15 14:00:00,23796.8,2025-08,22775.0,24068.5,1189.8,REPEAT,HIGH_TREND,2025-Q3,22582.0,24068.5,1189.8,REPEAT,NEUTRAL,2025,16460.0,24068.5,1189.8,REPEAT,NEUTRAL,False,False
2025-08-17 18:00:00,23881.5,2025-08,22775.0,24068.5,1194.1,REPEAT,NEUTRAL,2025-Q3,22582.0,24068.5,1194.1,REPEAT,NEUTRAL,2025,16460.0,24068.5,1194.1,REPEAT,NEUTRAL,False,False
2025-08-17 22:00:00,23852.0,2025-08,22775.0,24068.5,1192.6,REPEAT,NEUTRAL,2025-Q3,22582.0,24068.5,1192.6,REPEAT,NEUTRAL,2025,16460.0,24068.5,1192.6,REPEAT,NEUTRAL,False,False
2025-08-18 02:00:00,23759.5,2025-08,22775.0,24068.5,1188.0,REPEAT,HIGH_TREND,2025-Q3,22582.0,24068.5,1188.0,REPEAT,NEUTRAL,2025,16460.0,24068.5,1188.0,REPEAT,NEUTRAL,False,False
2025-08-18 06:00:00,23749.0,2025-08,22775.0,24068.5,1187.4,REPEAT,HIGH_TREND,2025-Q3,22582.0,24068.5,1187.4,REPEAT,NEUTRAL,2025,16460.0,24068.5,1187.4,REPEAT,NEUTRAL,False,False
2025-08-18 10:00:00,23760.0,2025-08,22775.0,24068.5,1188.0,REPEAT,HIGH_TREND,2025-Q3,22582.0,24068.5,1188.0,REPEAT,NEUTRAL,2025,16460.0,24068.5,1188.0,REPEAT,NEUTRAL,False,False
2025-08-18 14:00:00,23788.0,2025-08,22775.0,24068.5,1189.4,REPEAT,HIGH_TREND,2025-Q3,22582.0,24068.5,1189.4,REPEAT,NEUTRAL,2025,16460.0,24068.5,1189.4,REPEAT,NEUTRAL,False,False
2025-08-18 18:00:00,23771.0,2025-08,22775.0,24068.5,1188.6,REPEAT,HIGH_TREND,2025-Q3,22582.0,24068.5,1188.6,REPEAT,NEUTRAL,2025,16460.0,24068.5,1188.6,REPEAT,NEUTRAL,False,False
2025-08-18 22:00:00,23736.2,2025-08,22775.0,24068.5,1186.8,REPEAT,HIGH_TREND,2025-Q3,22582.0,24068.5,1186.8,REPEAT,NEUTRAL,2025,16460.0,24068.5,1186.8,REPEAT,NEUTRAL,False,False
2025-08-19 02:00:00,23787.2,2025-08,22775.0,24068.5,1189.4,REPEAT,HIGH_TREND,2025-Q3,22582.0,24068.5,1189.4,REPEAT,NEUTRAL,2025,16460.0,24068.5,1189.4,REPEAT,NEUTRAL,False,False
2025-08-19 06:00:00,23678.8,2025-08,22775.0,24068.5,1183.9,REPEAT,HIGH_TREND,2025-Q3,22582.0,24068.5,1183.9,REPEAT,NEUTRAL,2025,16460.0,24068.5,1183.9,REPEAT,NEUTRAL,False,False
2025-08-19 10:00:00,23507.0,2025-08,22775.0,24068.5,1175.4,REPEAT,HIGH_TREND,2025-Q3,22582.0,24068.5,1175.4,REPEAT,NEUTRAL,2025,16460.0,24068.5,1175.4,REPEAT,NEUTRAL,False,False
2025-08-19 14:00:00,23473.5,2025-08,22775.0,24068.5,1173.7,REPEAT,HIGH_TREND,2025-Q3,22582.0,24068.5,1173.7,REPEAT,NEUTRAL,2025,16460.0,24068.5,1173.7,REPEAT,NEUTRAL,False,False
2025-08-19 18:00:00,23377.8,2025-08,22775.0,24068.5,1168.9,REPEAT,HIGH_TREND,2025-Q3,22582.0,24068.5,1168.9,REPEAT,NEUTRAL,2025,16460.0,24068.5,1168.9,REPEAT,NEUTRAL,False,False
2025-08-19 22:00:00,23365.5,2025-08,22775.0,24068.5,1168.3,REPEAT,HIGH_TREND,2025-Q3,22582.0,24068.5,1168.3,REPEAT,NEUTRAL,2025,16460.0,24068.5,1168.3,REPEAT,NEUTRAL,False,False
2025-08-20 02:00:00,23432.5,2025-08,22775.0,24068.5,1171.6,REPEAT,HIGH_TREND,2025-Q3,22582.0,24068.5,1171.6,REPEAT,NEUTRAL,2025,16460.0,24068.5,1171.6,REPEAT,NEUTRAL,False,False
2025-08-20 06:00:00,23173.2,2025-08,22775.0,24068.5,1158.7,REPEAT,HIGH_TREND,2025-Q3,22582.0,24068.5,1158.7,REPEAT,NEUTRAL,2025,16460.0,24068.5,1158.7,REPEAT,NEUTRAL,False,False
2025-08-20 10:00:00,23264.5,2025-08,22775.0,24068.5,1163.2,REPEAT,HIGH_TREND,2025-Q3,22582.0,24068.5,1163.2,REPEAT,NEUTRAL,2025,16460.0,24068.5,1163.2,REPEAT,NEUTRAL,False,False
2025-08-20 14:00:00,23319.0,2025-08,22775.0,24068.5,1166.0,REPEAT,HIGH_TREND,2025-Q3,22582.0,24068.5,1166.0,REPEAT,NEUTRAL,2025,16460.0,24068.5,1166.0,REPEAT,NEUTRAL,False,False
2025-08-20 18:00:00,23353.5,2025-08,22775.0,24068.5,1167.7,REPEAT,HIGH_TREND,2025-Q3,22582.0,24068.5,1167.7,REPEAT,NEUTRAL,2025,16460.0,24068.5,1167.7,REPEAT,NEUTRAL,False,False
2025-08-20 22:00:00,23340.8,2025-08,22775.0,24068.5,1167.0,REPEAT,HIGH_TREND,2025-Q3,22582.0,24068.5,1167.0,REPEAT,NEUTRAL,2025,16460.0,24068.5,1167.0,REPEAT,NEUTRAL,False,False
2025-08-21 02:00:00,23304.8,2025-08,22775.0,24068.5,1165.2,REPEAT,HIGH_TREND,2025-Q3,22582.0,24068.5,1165.2,REPEAT,NEUTRAL,2025,16460.0,24068.5,1165.2,REPEAT,NEUTRAL,False,False
2025-08-21 06:00:00,23187.8,2025-08,22775.0,24068.5,1159.4,REPEAT,HIGH_TREND,2025-Q3,22582.0,24068.5,1159.4,REPEAT,NEUTRAL,2025,16460.0,24068.5,1159.4,REPEAT,NEUTRAL,False,False
2025-08-21 10:00:00,23215.0,2025-08,22775.0,24068.5,1160.8,REPEAT,HIGH_TREND,2025-Q3,22582.0,24068.5,1160.8,REPEAT,NEUTRAL,2025,16460.0,24068.5,1160.8,REPEAT,NEUTRAL,False,False
2025-08-21 14:00:00,23221.8,2025-08,22775.0,24068.5,1161.1,REPEAT,HIGH_TREND,2025-Q3,22582.0,24068.5,1161.1,REPEAT,NEUTRAL,2025,16460.0,24068.5,1161.1,REPEAT,NEUTRAL,False,False
2025-08-21 18:00:00,23207.0,2025-08,22775.0,24068.5,1160.4,REPEAT,HIGH_TREND,2025-Q3,22582.0,24068.5,1160.4,REPEAT,NEUTRAL,2025,16460.0,24068.5,1160.4,REPEAT,NEUTRAL,False,False
2025-08-21 22:00:00,23191.2,2025-08,22775.0,24068.5,1159.6,REPEAT,HIGH_TREND,2025-Q3,22582.0,24068.5,1159.6,REPEAT,NEUTRAL,2025,16460.0,24068.5,1159.6,REPEAT,NEUTRAL,False,False
2025-08-22 02:00:00,23251.8,2025-08,22775.0,24068.5,1162.6,REPEAT,HIGH_TREND,2025-Q3,22582.0,24068.5,1162.6,REPEAT,NEUTRAL,2025,16460.0,24068.5,1162.6,REPEAT,NEUTRAL,False,False
2025-08-22 06:00:00,23268.5,2025-08,22775.0,24068.5,1163.4,REPEAT,HIGH_TREND,2025-Q3,22582.0,24068.5,1163.4,REPEAT,NEUTRAL,2025,16460.0,24068.5,1163.4,REPEAT,NEUTRAL,False,False
2025-08-22 10:00:00,23605.8,2025-08,22775.0,24068.5,1180.3,REPEAT,HIGH_TREND,2025-Q3,22582.0,24068.5,1180.3,REPEAT,NEUTRAL,2025,16460.0,24068.5,1180.3,REPEAT,NEUTRAL,False,False
2025-08-22 14:00:00,23582.8,2025-08,22775.0,24068.5,1179.1,REPEAT,HIGH_TREND,2025-Q3,22582.0,24068.5,1179.1,REPEAT,NEUTRAL,2025,16460.0,24068.5,1179.1,REPEAT,NEUTRAL,False,False
2025-08-24 18:00:00,23534.2,2025-08,22775.0,24068.5,1176.7,REPEAT,HIGH_TREND,2025-Q3,22582.0,24068.5,1176.7,REPEAT,NEUTRAL,2025,16460.0,24068.5,1176.7,REPEAT,NEUTRAL,False,False
2025-08-24 22:00:00,23565.5,2025-08,22775.0,24068.5,1178.3,REPEAT,HIGH_TREND,2025-Q3,22582.0,24068.5,1178.3,REPEAT,NEUTRAL,2025,16460.0,24068.5,1178.3,REPEAT,NEUTRAL,False,False
2025-08-25 02:00:00,23504.0,2025-08,22775.0,24068.5,1175.2,REPEAT,HIGH_TREND,2025-Q3,22582.0,24068.5,1175.2,REPEAT,NEUTRAL,2025,16460.0,24068.5,1175.2,REPEAT,NEUTRAL,False,False
2025-08-25 06:00:00,23519.2,2025-08,22775.0,24068.5,1176.0,REPEAT,HIGH_TREND,2025-Q3,22582.0,24068.5,1176.0,REPEAT,NEUTRAL,2025,16460.0,24068.5,1176.0,REPEAT,NEUTRAL,False,False
2025-08-25 10:00:00,23578.0,2025-08,22775.0,24068.5,1178.9,REPEAT,HIGH_TREND,2025-Q3,22582.0,24068.5,1178.9,REPEAT,NEUTRAL,2025,16460.0,24068.5,1178.9,REPEAT,NEUTRAL,False,False
2025-08-25 14:00:00,23502.2,2025-08,22775.0,24068.5,1175.1,REPEAT,HIGH_TREND,2025-Q3,22582.0,24068.5,1175.1,REPEAT,NEUTRAL,2025,16460.0,24068.5,1175.1,REPEAT,NEUTRAL,False,False
2025-08-25 18:00:00,23425.2,2025-08,22775.0,24068.5,1171.3,REPEAT,HIGH_TREND,2025-Q3,22582.0,24068.5,1171.3,REPEAT,NEUTRAL,2025,16460.0,24068.5,1171.3,REPEAT,NEUTRAL,False,False
2025-08-25 22:00:00,23476.5,2025-08,22775.0,24068.5,1173.8,REPEAT,HIGH_TREND,2025-Q3,22582.0,24068.5,1173.8,REPEAT,NEUTRAL,2025,16460.0,24068.5,1173.8,REPEAT,NEUTRAL,False,False
2025-08-26 02:00:00,23473.5,2025-08,22775.0,24068.5,1173.7,REPEAT,HIGH_TREND,2025-Q3,22582.0,24068.5,1173.7,REPEAT,NEUTRAL,2025,16460.0,24068.5,1173.7,REPEAT,NEUTRAL,False,False
2025-08-26 06:00:00,23494.8,2025-08,22775.0,24068.5,1174.7,REPEAT,HIGH_TREND,2025-Q3,22582.0,24068.5,1174.7,REPEAT,NEUTRAL,2025,16460.0,24068.5,1174.7,REPEAT,NEUTRAL,False,False
2025-08-26 10:00:00,23502.8,2025-08,22775.0,24068.5,1175.1,REPEAT,HIGH_TREND,2025-Q3,22582.0,24068.5,1175.1,REPEAT,NEUTRAL,2025,16460.0,24068.5,1175.1,REPEAT,NEUTRAL,False,False
2025-08-26 14:00:00,23607.5,2025-08,22775.0,24068.5,1180.4,REPEAT,HIGH_TREND,2025-Q3,22582.0,24068.5,1180.4,REPEAT,NEUTRAL,2025,16460.0,24068.5,1180.4,REPEAT,NEUTRAL,False,False
2025-08-26 18:00:00,23627.2,2025-08,22775.0,24068.5,1181.4,REPEAT,HIGH_TREND,2025-Q3,22582.0,24068.5,1181.4,REPEAT,NEUTRAL,2025,16460.0,24068.5,1181.4,REPEAT,NEUTRAL,False,False
2025-08-26 22:00:00,23601.0,2025-08,22775.0,24068.5,1180.0,REPEAT,HIGH_TREND,2025-Q3,22582.0,24068.5,1180.0,REPEAT,NEUTRAL,2025,16460.0,24068.5,1180.0,REPEAT,NEUTRAL,False,False
2025-08-27 02:00:00,23596.5,2025-08,22775.0,24068.5,1179.8,REPEAT,HIGH_TREND,2025-Q3,22582.0,24068.5,1179.8,REPEAT,NEUTRAL,2025,16460.0,24068.5,1179.8,REPEAT,NEUTRAL,False,False
2025-08-27 06:00:00,23535.5,2025-08,22775.0,24068.5,1176.8,REPEAT,HIGH_TREND,2025-Q3,22582.0,24068.5,1176.8,REPEAT,NEUTRAL,2025,16460.0,24068.5,1176.8,REPEAT,NEUTRAL,False,False
2025-08-27 10:00:00,23621.2,2025-08,22775.0,24068.5,1181.1,REPEAT,HIGH_TREND,2025-Q3,22582.0,24068.5,1181.1,REPEAT,NEUTRAL,2025,16460.0,24068.5,1181.1,REPEAT,NEUTRAL,False,False
2025-08-27 14:00:00,23542.0,2025-08,22775.0,24068.5,1177.1,REPEAT,HIGH_TREND,2025-Q3,22582.0,24068.5,1177.1,REPEAT,NEUTRAL,2025,16460.0,24068.5,1177.1,REPEAT,NEUTRAL,False,False
2025-08-27 18:00:00,23547.5,2025-08,22775.0,24068.5,1177.4,REPEAT,HIGH_TREND,2025-Q3,22582.0,24068.5,1177.4,REPEAT,NEUTRAL,2025,16460.0,24068.5,1177.4,REPEAT,NEUTRAL,False,False
2025-08-27 22:00:00,23542.5,2025-08,22775.0,24068.5,1177.1,REPEAT,HIGH_TREND,2025-Q3,22582.0,24068.5,1177.1,REPEAT,NEUTRAL,2025,16460.0,24068.5,1177.1,REPEAT,NEUTRAL,False,False
2025-08-28 02:00:00,23615.2,2025-08,22775.0,24068.5,1180.8,REPEAT,HIGH_TREND,2025-Q3,22582.0,24068.5,1180.8,REPEAT,NEUTRAL,2025,16460.0,24068.5,1180.8,REPEAT,NEUTRAL,False,False
2025-08-28 06:00:00,23609.2,2025-08,22775.0,24068.5,1180.5,REPEAT,HIGH_TREND,2025-Q3,22582.0,24068.5,1180.5,REPEAT,NEUTRAL,2025,16460.0,24068.5,1180.5,REPEAT,NEUTRAL,False,False
2025-08-28 10:00:00,23766.5,2025-08,22775.0,24068.5,1188.3,REPEAT,HIGH_TREND,2025-Q3,22582.0,24068.5,1188.3,REPEAT,NEUTRAL,2025,16460.0,24068.5,1188.3,REPEAT,NEUTRAL,False,False
2025-08-28 14:00:00,23762.0,2025-08,22775.0,24068.5,1188.1,REPEAT,HIGH_TREND,2025-Q3,22582.0,24068.5,1188.1,REPEAT,NEUTRAL,2025,16460.0,24068.5,1188.1,REPEAT,NEUTRAL,False,False
2025-08-28 18:00:00,23733.0,2025-08,22775.0,24068.5,1186.6,REPEAT,HIGH_TREND,2025-Q3,22582.0,24068.5,1186.6,REPEAT,NEUTRAL,2025,16460.0,24068.5,1186.6,REPEAT,NEUTRAL,False,False
2025-08-28 22:00:00,23723.8,2025-08,22775.0,24068.5,1186.2,REPEAT,HIGH_TREND,2025-Q3,22582.0,24068.5,1186.2,REPEAT,NEUTRAL,2025,16460.0,24068.5,1186.2,REPEAT,NEUTRAL,False,False
2025-08-29 02:00:00,23646.0,2025-08,22775.0,24068.5,1182.3,REPEAT,HIGH_TREND,2025-Q3,22582.0,24068.5,1182.3,REPEAT,NEUTRAL,2025,16460.0,24068.5,1182.3,REPEAT,NEUTRAL,False,False
2025-08-29 06:00:00,23518.2,2025-08,22775.0,24068.5,1175.9,REPEAT,HIGH_TREND,2025-Q3,22582.0,24068.5,1175.9,REPEAT,NEUTRAL,2025,16460.0,24068.5,1175.9,REPEAT,NEUTRAL,False,False
2025-08-29 10:00:00,23459.5,2025-08,22775.0,24068.5,1173.0,REPEAT,HIGH_TREND,2025-Q3,22582.0,24068.5,1173.0,REPEAT,NEUTRAL,2025,16460.0,24068.5,1173.0,REPEAT,NEUTRAL,False,False
2025-08-29 14:00:00,23454.5,2025-08,22775.0,24068.5,1172.7,REPEAT,HIGH_TREND,2025-Q3,22582.0,24068.5,1172.7,REPEAT,NEUTRAL,2025,16460.0,24068.5,1172.7,REPEAT,NEUTRAL,False,False
2025-08-31 18:00:00,23517.8,2025-08,22775.0,24068.5,1175.9,REPEAT,HIGH_TREND,2025-Q3,22582.0,24068.5,1175.9,REPEAT,NEUTRAL,2025,16460.0,24068.5,1175.9,REPEAT,NEUTRAL,False,False
2025-08-31 22:00:00,23429.5,2025-08,22775.0,24068.5,1171.5,REPEAT,HIGH_TREND,2025-Q3,22582.0,24068.5,1171.5,REPEAT,NEUTRAL,2025,16460.0,24068.5,1171.5,REPEAT,NEUTRAL,False,False
2025-09-01 02:00:00,23484.8,2025-09,23370.5,23502.5,1174.2,REPEAT,HIGH_TREND,2025-Q3,22582.0,24068.5,1174.2,REPEAT,NEUTRAL,2025,16460.0,24068.5,1174.2,REPEAT,NEUTRAL,False,False
2025-09-01 06:00:00,23488.8,2025-09,23370.5,23502.5,1174.4,REPEAT,HIGH_TREND,2025-Q3,22582.0,24068.5,1174.4,REPEAT,NEUTRAL,2025,16460.0,24068.5,1174.4,REPEAT,NEUTRAL,False,False
2025-09-01 10:00:00,23502.2,2025-09,23370.5,23506.8,1175.1,REPEAT,HIGH_TREND,2025-Q3,22582.0,24068.5,1175.1,REPEAT,NEUTRAL,2025,16460.0,24068.5,1175.1,REPEAT,NEUTRAL,False,False
2025-09-01 18:00:00,23438.8,2025-09,23370.5,23509.5,1171.9,REPEAT,HIGH_TREND,2025-Q3,22582.0,24068.5,1171.9,REPEAT,NEUTRAL,2025,16460.0,24068.5,1171.9,REPEAT,NEUTRAL,False,False
2025-09-01 22:00:00,23413.0,2025-09,23370.5,23509.5,1170.6,REPEAT,HIGH_TREND,2025-Q3,22582.0,24068.5,1170.6,REPEAT,NEUTRAL,2025,16460.0,24068.5,1170.6,REPEAT,NEUTRAL,False,False
2025-09-02 02:00:00,23292.0,2025-09,23267.8,23509.5,1164.6,REPEAT,HIGH_TREND,2025-Q3,22582.0,24068.5,1164.6,REPEAT,NEUTRAL,2025,16460.0,24068.5,1164.6,REPEAT,NEUTRAL,False,False
2025-09-02 06:00:00,23233.8,2025-09,23025.2,23509.5,1161.7,REPEAT,HIGH_TREND,2025-Q3,22582.0,24068.5,1161.7,REPEAT,NEUTRAL,2025,16460.0,24068.5,1161.7,REPEAT,NEUTRAL,False,False
2025-09-02 10:00:00,23189.2,2025-09,23025.2,23509.5,1159.5,REPEAT,HIGH_TREND,2025-Q3,22582.0,24068.5,1159.5,REPEAT,NEUTRAL,2025,16460.0,24068.5,1159.5,REPEAT,NEUTRAL,False,False
2025-09-02 14:00:00,23379.5,2025-09,23025.2,23509.5,1169.0,REPEAT,HIGH_TREND,2025-Q3,22582.0,24068.5,1169.0,REPEAT,NEUTRAL,2025,16460.0,24068.5,1169.0,REPEAT,NEUTRAL,False,False
2025-09-02 18:00:00,23337.0,2025-09,23025.2,23509.5,1166.9,REPEAT,HIGH_TREND,2025-Q3,22582.0,24068.5,1166.9,REPEAT,NEUTRAL,2025,16460.0,24068.5,1166.9,REPEAT,NEUTRAL,False,False
2025-09-02 22:00:00,23317.0,2025-09,23025.2,23509.5,1165.9,REPEAT,HIGH_TREND,2025-Q3,22582.0,24068.5,1165.9,REPEAT,NEUTRAL,2025,16460.0,24068.5,1165.9,REPEAT,NEUTRAL,False,False
2025-09-03 02:00:00,23438.0,2025-09,23025.2,23509.5,1171.9,REPEAT,HIGH_TREND,2025-Q3,22582.0,24068.5,1171.9,REPEAT,NEUTRAL,2025,16460.0,24068.5,1171.9,REPEAT,NEUTRAL,False,False
2025-09-03 06:00:00,23378.2,2025-09,23025.2,23509.5,1168.9,REPEAT,HIGH_TREND,2025-Q3,22582.0,24068.5,1168.9,REPEAT,NEUTRAL,2025,16460.0,24068.5,1168.9,REPEAT,NEUTRAL,False,False
2025-09-03 10:00:00,23364.8,2025-09,23025.2,23525.2,1168.2,REPEAT,HIGH_TREND,2025-Q3,22582.0,24068.5,1168.2,REPEAT,NEUTRAL,2025,16460.0,24068.5,1168.2,REPEAT,NEUTRAL,False,False
2025-09-03 14:00:00,23455.8,2025-09,23025.2,23525.2,1172.8,REPEAT,HIGH_TREND,2025-Q3,22582.0,24068.5,1172.8,REPEAT,NEUTRAL,2025,16460.0,24068.5,1172.8,REPEAT,NEUTRAL,False,False
2025-09-03 18:00:00,23498.2,2025-09,23025.2,23525.2,1174.9,REPEAT,HIGH_TREND,2025-Q3,22582.0,24068.5,1174.9,REPEAT,NEUTRAL,2025,16460.0,24068.5,1174.9,REPEAT,NEUTRAL,False,False
2025-09-03 22:00:00,23469.0,2025-09,23025.2,23532.0,1173.4,REPEAT,HIGH_TREND,2025-Q3,22582.0,24068.5,1173.4,REPEAT,NEUTRAL,2025,16460.0,24068.5,1173.4,REPEAT,NEUTRAL,False,False
2025-09-04 02:00:00,23515.5,2025-09,23025.2,23532.0,1175.8,REPEAT,HIGH_TREND,2025-Q3,22582.0,24068.5,1175.8,REPEAT,NEUTRAL,2025,16460.0,24068.5,1175.8,REPEAT,NEUTRAL,False,False
2025-09-04 06:00:00,23474.0,2025-09,23025.2,23548.2,1173.7,REPEAT,HIGH_TREND,2025-Q3,22582.0,24068.5,1173.7,REPEAT,NEUTRAL,2025,16460.0,24068.5,1173.7,REPEAT,NEUTRAL,False,False
2025-09-04 10:00:00,23583.8,2025-09,23025.2,23608.2,1179.2,REPEAT,HIGH_TREND,2025-Q3,22582.0,24068.5,1179.2,REPEAT,NEUTRAL,2025,16460.0,24068.5,1179.2,REPEAT,NEUTRAL,False,False
2025-09-04 14:00:00,23684.0,2025-09,23025.2,23708.8,1184.2,REPEAT,HIGH_TREND,2025-Q3,22582.0,24068.5,1184.2,REPEAT,NEUTRAL,2025,16460.0,24068.5,1184.2,REPEAT,NEUTRAL,False,False
2025-09-04 18:00:00,23734.8,2025-09,23025.2,23739.8,1186.7,REPEAT,HIGH_TREND,2025-Q3,22582.0,24068.5,1186.7,REPEAT,NEUTRAL,2025,16460.0,24068.5,1186.7,REPEAT,NEUTRAL,False,False
2025-09-04 22:00:00,23760.8,2025-09,23025.2,23771.0,1188.0,REPEAT,HIGH_TREND,2025-Q3,22582.0,24068.5,1188.0,REPEAT,NEUTRAL,2025,16460.0,24068.5,1188.0,REPEAT,NEUTRAL,False,False
2025-09-05 02:00:00,23783.8,2025-09,23025.2,23791.8,1189.2,REPEAT,HIGH_TREND,2025-Q3,22582.0,24068.5,1189.2,REPEAT,NEUTRAL,2025,16460.0,24068.5,1189.2,REPEAT,NEUTRAL,False,False
2025-09-05 06:00:00,23852.5,2025-09,23025.2,23902.0,1192.6,REPEAT,HIGH_TREND,2025-Q3,22582.0,24068.5,1192.6,REPEAT,NEUTRAL,2025,16460.0,24068.5,1192.6,REPEAT,NEUTRAL,False,False
2025-09-05 10:00:00,23613.5,2025-09,23025.2,23902.0,1180.7,REPEAT,HIGH_TREND,2025-Q3,22582.0,24068.5,1180.7,REPEAT,NEUTRAL,2025,16460.0,24068.5,1180.7,REPEAT,NEUTRAL,False,False
2025-09-05 14:00:00,23673.2,2025-09,23025.2,23902.0,1183.7,REPEAT,HIGH_TREND,2025-Q3,22582.0,24068.5,1183.7,REPEAT,NEUTRAL,2025,16460.0,24068.5,1183.7,REPEAT,NEUTRAL,False,False
2025-09-07 18:00:00,23767.2,2025-09,23025.2,23902.0,1188.4,REPEAT,HIGH_TREND,2025-Q3,22582.0,24068.5,1188.4,REPEAT,NEUTRAL,2025,16460.0,24068.5,1188.4,REPEAT,NEUTRAL,False,False
2025-09-07 22:00:00,23731.5,2025-09,23025.2,23902.0,1186.6,REPEAT,HIGH_TREND,2025-Q3,22582.0,24068.5,1186.6,REPEAT,NEUTRAL,2025,16460.0,24068.5,1186.6,REPEAT,NEUTRAL,False,False
2025-09-08 02:00:00,23780.2,2025-09,23025.2,23902.0,1189.0,REPEAT,HIGH_TREND,2025-Q3,22582.0,24068.5,1189.0,REPEAT,NEUTRAL,2025,16460.0,24068.5,1189.0,REPEAT,NEUTRAL,False,False
2025-09-08 06:00:00,23846.2,2025-09,23025.2,23902.0,1192.3,REPEAT,HIGH_TREND,2025-Q3,22582.0,24068.5,1192.3,REPEAT,NEUTRAL,2025,16460.0,24068.5,1192.3,REPEAT,NEUTRAL,False,False
2025-09-08 10:00:00,23782.2,2025-09,23025.2,23902.0,1189.1,REPEAT,HIGH_TREND,2025-Q3,22582.0,24068.5,1189.1,REPEAT,NEUTRAL,2025,16460.0,24068.5,1189.1,REPEAT,NEUTRAL,False,False
2025-09-08 14:00:00,23798.5,2025-09,23025.2,23902.0,1189.9,REPEAT,HIGH_TREND,2025-Q3,22582.0,24068.5,1189.9,REPEAT,NEUTRAL,2025,16460.0,24068.5,1189.9,REPEAT,NEUTRAL,False,False
2025-09-08 18:00:00,23813.8,2025-09,23025.2,23902.0,1190.7,REPEAT,HIGH_TREND,2025-Q3,22582.0,24068.5,1190.7,REPEAT,NEUTRAL,2025,16460.0,24068.5,1190.7,REPEAT,NEUTRAL,False,False
2025-09-08 22:00:00,23834.5,2025-09,23025.2,23902.0,1191.7,REPEAT,HIGH_TREND,2025-Q3,22582.0,24068.5,1191.7,REPEAT,NEUTRAL,2025,16460.0,24068.5,1191.7,REPEAT,NEUTRAL,False,False
2025-09-09 02:00:00,23844.2,2025-09,23025.2,23902.0,1192.2,REPEAT,HIGH_TREND,2025-Q3,22582.0,24068.5,1192.2,REPEAT,NEUTRAL,2025,16460.0,24068.5,1192.2,REPEAT,NEUTRAL,False,False
2025-09-09 06:00:00,23815.0,2025-09,23025.2,23902.0,1190.8,REPEAT,HIGH_TREND,2025-Q3,22582.0,24068.5,1190.8,REPEAT,NEUTRAL,2025,16460.0,24068.5,1190.8,REPEAT,NEUTRAL,False,False
2025-09-09 10:00:00,23839.5,2025-09,23025.2,23902.0,1192.0,REPEAT,HIGH_TREND,2025-Q3,22582.0,24068.5,1192.0,REPEAT,NEUTRAL,2025,16460.0,24068.5,1192.0,REPEAT,NEUTRAL,False,False
2025-09-09 14:00:00,23889.8,2025-09,23025.2,23921.2,1194.5,REPEAT,HIGH_TREND,2025-Q3,22582.0,24068.5,1194.5,REPEAT,NEUTRAL,2025,16460.0,24068.5,1194.5,REPEAT,NEUTRAL,False,False
2025-09-09 18:00:00,23903.0,2025-09,23025.2,23921.2,1195.2,REPEAT,HIGH_TREND,2025-Q3,22582.0,24068.5,1195.2,REPEAT,NEUTRAL,2025,16460.0,24068.5,1195.2,REPEAT,NEUTRAL,False,False
2025-09-09 22:00:00,23919.0,2025-09,23025.2,23928.8,1196.0,REPEAT,HIGH_TREND,2025-Q3,22582.0,24068.5,1196.0,REPEAT,NEUTRAL,2025,16460.0,24068.5,1196.0,REPEAT,NEUTRAL,False,False
2025-09-10 02:00:00,23909.2,2025-09,23025.2,23954.0,1195.5,REPEAT,HIGH_TREND,2025-Q3,22582.0,24068.5,1195.5,REPEAT,NEUTRAL,2025,16460.0,24068.5,1195.5,REPEAT,NEUTRAL,False,False
2025-09-10 06:00:00,23930.2,2025-09,23025.2,24044.2,1196.5,REPEAT,HIGH_TREND,2025-Q3,22582.0,24068.5,1196.5,REPEAT,NEUTRAL,2025,16460.0,24068.5,1196.5,REPEAT,NEUTRAL,False,False
2025-09-10 10:00:00,23897.2,2025-09,23025.2,24044.2,1194.9,REPEAT,HIGH_TREND,2025-Q3,22582.0,24068.5,1194.9,REPEAT,NEUTRAL,2025,16460.0,24068.5,1194.9,REPEAT,NEUTRAL,False,False
2025-09-10 14:00:00,23858.0,2025-09,23025.2,24044.2,1192.9,REPEAT,HIGH_TREND,2025-Q3,22582.0,24068.5,1192.9,REPEAT,NEUTRAL,2025,16460.0,24068.5,1192.9,REPEAT,NEUTRAL,False,False
2025-09-10 18:00:00,23907.5,2025-09,23025.2,24044.2,1195.4,REPEAT,HIGH_TREND,2025-Q3,22582.0,24068.5,1195.4,REPEAT,NEUTRAL,2025,16460.0,24068.5,1195.4,REPEAT,NEUTRAL,False,False
2025-09-10 22:00:00,23885.8,2025-09,23025.2,24044.2,1194.3,REPEAT,HIGH_TREND,2025-Q3,22582.0,24068.5,1194.3,REPEAT,NEUTRAL,2025,16460.0,24068.5,1194.3,REPEAT,NEUTRAL,False,False
2025-09-11 02:00:00,23920.0,2025-09,23025.2,24044.2,1196.0,REPEAT,HIGH_TREND,2025-Q3,22582.0,24068.5,1196.0,REPEAT,NEUTRAL,2025,16460.0,24068.5,1196.0,REPEAT,NEUTRAL,False,False
2025-09-11 06:00:00,23979.8,2025-09,23025.2,24044.2,1199.0,REPEAT,HIGH_TREND,2025-Q3,22582.0,24068.5,1199.0,REPEAT,NEUTRAL,2025,16460.0,24068.5,1199.0,REPEAT,NEUTRAL,False,False
2025-09-11 10:00:00,24032.2,2025-09,23025.2,24046.0,1201.6,REPEAT,HIGH_TREND,2025-Q3,22582.0,24068.5,1201.6,REPEAT,NEUTRAL,2025,16460.0,24068.5,1201.6,REPEAT,NEUTRAL,False,False
2025-09-11 14:00:00,24006.8,2025-09,23025.2,24046.0,1200.3,REPEAT,HIGH_TREND,2025-Q3,22582.0,24068.5,1200.3,REPEAT,NEUTRAL,2025,16460.0,24068.5,1200.3,REPEAT,NEUTRAL,False,False
2025-09-11 18:00:00,24004.5,2025-09,23025.2,24046.0,1200.2,REPEAT,HIGH_TREND,2025-Q3,22582.0,24068.5,1200.2,REPEAT,NEUTRAL,2025,16460.0,24068.5,1200.2,REPEAT,NEUTRAL,False,False
2025-09-11 22:00:00,24034.2,2025-09,23025.2,24046.0,1201.7,REPEAT,HIGH_TREND,2025-Q3,22582.0,24068.5,1201.7,REPEAT,NEUTRAL,2025,16460.0,24068.5,1201.7,REPEAT,NEUTRAL,False,False
2025-09-12 02:00:00,24010.5,2025-09,23025.2,24046.0,1200.5,REPEAT,HIGH_TREND,2025-Q3,22582.0,24068.5,1200.5,REPEAT,NEUTRAL,2025,16460.0,24068.5,1200.5,REPEAT,NEUTRAL,False,False
2025-09-12 06:00:00,24042.5,2025-09,23025.2,24064.5,1202.1,REPEAT,HIGH_TREND,2025-Q3,22582.0,24068.5,1202.1,REPEAT,NEUTRAL,2025,16460.0,24068.5,1202.1,REPEAT,NEUTRAL,False,False
2025-09-12 10:00:00,24123.8,2025-09,23025.2,24128.2,1206.2,REPEAT,NEUTRAL,2025-Q3,22582.0,24128.2,1206.2,REPEAT,NEUTRAL,2025,16460.0,24128.2,1206.2,REPEAT,NEUTRAL,False,False
2025-09-12 14:00:00,24115.2,2025-09,23025.2,24159.0,1205.8,REPEAT,NEUTRAL,2025-Q3,22582.0,24159.0,1205.8,NEW_HIGH,NEUTRAL,2025,16460.0,24159.0,1205.8,REPEAT,NEUTRAL,False,False
2025-09-14 18:00:00,24114.0,2025-09,23025.2,24159.0,1205.7,REPEAT,NEUTRAL,2025-Q3,22582.0,24159.0,1205.7,NEW_HIGH,NEUTRAL,2025,16460.0,24159.0,1205.7,REPEAT,NEUTRAL,False,False
2025-09-14 22:00:00,24139.5,2025-09,23025.2,24159.0,1207.0,REPEAT,NEUTRAL,2025-Q3,22582.0,24159.0,1207.0,NEW_HIGH,NEUTRAL,2025,16460.0,24159.0,1207.0,REPEAT,NEUTRAL,False,False
2025-09-15 02:00:00,24097.0,2025-09,23025.2,24159.5,1204.9,REPEAT,NEUTRAL,2025-Q3,22582.0,24159.5,1204.9,NEW_HIGH,NEUTRAL,2025,16460.0,24159.5,1204.9,REPEAT,NEUTRAL,False,False
2025-09-15 06:00:00,24260.5,2025-09,23025.2,24262.2,1213.0,REPEAT,NEUTRAL,2025-Q3,22582.0,24262.2,1213.0,NEW_HIGH,NEUTRAL,2025,16460.0,24262.2,1213.0,REPEAT,NEUTRAL,False,False
2025-09-15 10:00:00,24286.8,2025-09,23025.2,24295.0,1214.3,REPEAT,NEUTRAL,2025-Q3,22582.0,24295.0,1214.3,NEW_HIGH,NEUTRAL,2025,16460.0,24295.0,1214.3,REPEAT,NEUTRAL,False,False
2025-09-15 14:00:00,24296.5,2025-09,23025.2,24315.5,1214.8,REPEAT,NEUTRAL,2025-Q3,22582.0,24315.5,1214.8,NEW_HIGH,NEUTRAL,2025,16460.0,24315.5,1214.8,REPEAT,NEUTRAL,False,False
2025-09-15 18:00:00,24555.8,2025-09,23025.2,24562.5,1227.8,REPEAT,NEUTRAL,2025-Q3,22582.0,24562.5,1227.8,NEW_HIGH,NEUTRAL,2025,16460.0,24562.5,1227.8,REPEAT,NEUTRAL,False,False
2025-09-15 22:00:00,24595.0,2025-09,23025.2,24602.0,1229.8,REPEAT,NEUTRAL,2025-Q3,22582.0,24602.0,1229.8,NEW_HIGH,NEUTRAL,2025,16460.0,24602.0,1229.8,REPEAT,NEUTRAL,False,False
2025-09-16 02:00:00,24625.8,2025-09,23025.2,24647.2,1231.3,REPEAT,NEUTRAL,2025-Q3,22582.0,24647.2,1231.3,NEW_HIGH,NEUTRAL,2025,16460.0,24647.2,1231.3,REPEAT,NEUTRAL,False,False
2025-09-16 06:00:00,24538.2,2025-09,23025.2,24647.2,1226.9,REPEAT,NEUTRAL,2025-Q3,22582.0,24647.2,1226.9,NEW_HIGH,NEUTRAL,2025,16460.0,24647.2,1226.9,REPEAT,NEUTRAL,False,False
2025-09-16 10:00:00,24534.2,2025-09,23025.2,24647.2,1226.7,REPEAT,NEUTRAL,2025-Q3,22582.0,24647.2,1226.7,NEW_HIGH,NEUTRAL,2025,16460.0,24647.2,1226.7,REPEAT,NEUTRAL,False,False
2025-09-16 14:00:00,24530.2,2025-09,23025.2,24647.2,1226.5,REPEAT,NEUTRAL,2025-Q3,22582.0,24647.2,1226.5,NEW_HIGH,NEUTRAL,2025,16460.0,24647.2,1226.5,REPEAT,NEUTRAL,False,False
2025-09-16 18:00:00,24531.0,2025-09,23025.2,24647.2,1226.6,REPEAT,NEUTRAL,2025-Q3,22582.0,24647.2,1226.6,NEW_HIGH,NEUTRAL,2025,16460.0,24647.2,1226.6,REPEAT,NEUTRAL,False,False
2025-09-16 22:00:00,24518.0,2025-09,23025.2,24647.2,1225.9,REPEAT,NEUTRAL,2025-Q3,22582.0,24647.2,1225.9,NEW_HIGH,NEUTRAL,2025,16460.0,24647.2,1225.9,REPEAT,NEUTRAL,False,False
2025-09-17 02:00:00,24511.5,2025-09,23025.2,24647.2,1225.6,REPEAT,NEUTRAL,2025-Q3,22582.0,24647.2,1225.6,NEW_HIGH,NEUTRAL,2025,16460.0,24647.2,1225.6,REPEAT,NEUTRAL,False,False
2025-09-17 06:00:00,24477.0,2025-09,23025.2,24647.2,1223.9,REPEAT,NEUTRAL,2025-Q3,22582.0,24647.2,1223.9,NEW_HIGH,NEUTRAL,2025,16460.0,24647.2,1223.9,REPEAT,NEUTRAL,False,False
2025-09-17 10:00:00,24455.5,2025-09,23025.2,24647.2,1222.8,REPEAT,NEUTRAL,2025-Q3,22582.0,24647.2,1222.8,NEW_HIGH,NEUTRAL,2025,16460.0,24647.2,1222.8,REPEAT,NEUTRAL,False,False
2025-09-17 14:00:00,24502.0,2025-09,23025.2,24647.2,1225.1,REPEAT,NEUTRAL,2025-Q3,22582.0,24647.2,1225.1,NEW_HIGH,NEUTRAL,2025,16460.0,24647.2,1225.1,REPEAT,NEUTRAL,False,False
2025-09-17 18:00:00,24592.8,2025-09,23025.2,24647.2,1229.6,REPEAT,NEUTRAL,2025-Q3,22582.0,24647.2,1229.6,NEW_HIGH,NEUTRAL,2025,16460.0,24647.2,1229.6,REPEAT,NEUTRAL,False,False
2025-09-17 22:00:00,24615.0,2025-09,23025.2,24653.5,1230.8,REPEAT,NEUTRAL,2025-Q3,22582.0,24653.5,1230.8,NEW_HIGH,NEUTRAL,2025,16460.0,24653.5,1230.8,REPEAT,NEUTRAL,False,False
2025-09-18 02:00:00,24718.0,2025-09,23025.2,24732.8,1235.9,REPEAT,NEUTRAL,2025-Q3,22582.0,24732.8,1235.9,NEW_HIGH,NEUTRAL,2025,16460.0,24732.8,1235.9,REPEAT,NEUTRAL,False,False
2025-09-18 06:00:00,24697.0,2025-09,23025.2,24762.8,1234.9,REPEAT,NEUTRAL,2025-Q3,22582.0,24762.8,1234.9,NEW_HIGH,NEUTRAL,2025,16460.0,24762.8,1234.9,REPEAT,NEUTRAL,False,False
2025-09-18 10:00:00,24734.2,2025-09,23025.2,24816.0,1236.7,REPEAT,NEUTRAL,2025-Q3,22582.0,24816.0,1236.7,NEW_HIGH,NEUTRAL,2025,16460.0,24816.0,1236.7,REPEAT,NEUTRAL,False,False
2025-09-18 14:00:00,24713.8,2025-09,23025.2,24816.0,1235.7,REPEAT,NEUTRAL,2025-Q3,22582.0,24816.0,1235.7,NEW_HIGH,NEUTRAL,2025,16460.0,24816.0,1235.7,REPEAT,NEUTRAL,False,False
2025-09-18 18:00:00,24716.5,2025-09,23025.2,24816.0,1235.8,REPEAT,NEUTRAL,2025-Q3,22582.0,24816.0,1235.8,NEW_HIGH,NEUTRAL,2025,16460.0,24816.0,1235.8,REPEAT,NEUTRAL,False,False
2025-09-18 22:00:00,24706.5,2025-09,23025.2,24816.0,1235.3,REPEAT,NEUTRAL,2025-Q3,22582.0,24816.0,1235.3,NEW_HIGH,NEUTRAL,2025,16460.0,24816.0,1235.3,REPEAT,NEUTRAL,False,False
2025-09-19 02:00:00,24706.8,2025-09,23025.2,24816.0,1235.3,REPEAT,NEUTRAL,2025-Q3,22582.0,24816.0,1235.3,NEW_HIGH,NEUTRAL,2025,16460.0,24816.0,1235.3,REPEAT,NEUTRAL,False,False
2025-09-19 06:00:00,24791.0,2025-09,23025.2,24817.5,1239.6,REPEAT,NEUTRAL,2025-Q3,22582.0,24817.5,1239.6,NEW_HIGH,NEUTRAL,2025,16460.0,24817.5,1239.6,REPEAT,NEUTRAL,False,False
2025-09-19 10:00:00,24815.8,2025-09,23025.2,24835.5,1240.8,REPEAT,NEUTRAL,2025-Q3,22582.0,24835.5,1240.8,NEW_HIGH,NEUTRAL,2025,16460.0,24835.5,1240.8,REPEAT,NEUTRAL,False,False
2025-09-19 14:00:00,24861.0,2025-09,23025.2,24888.0,1243.1,REPEAT,NEUTRAL,2025-Q3,22582.0,24888.0,1243.1,NEW_HIGH,NEUTRAL,2025,16460.0,24888.0,1243.1,REPEAT,NEUTRAL,False,False
2025-09-21 18:00:00,24844.5,2025-09,23025.2,24888.0,1242.2,REPEAT,NEUTRAL,2025-Q3,22582.0,24888.0,1242.2,NEW_HIGH,NEUTRAL,2025,16460.0,24888.0,1242.2,REPEAT,NEUTRAL,False,False
2025-09-21 22:00:00,24841.0,2025-09,23025.2,24888.0,1242.1,REPEAT,NEUTRAL,2025-Q3,22582.0,24888.0,1242.1,NEW_HIGH,NEUTRAL,2025,16460.0,24888.0,1242.1,REPEAT,NEUTRAL,False,False
2025-09-22 02:00:00,24784.5,2025-09,23025.2,24888.0,1239.2,REPEAT,NEUTRAL,2025-Q3,22582.0,24888.0,1239.2,NEW_HIGH,NEUTRAL,2025,16460.0,24888.0,1239.2,REPEAT,NEUTRAL,False,False
2025-09-22 06:00:00,24872.2,2025-09,23025.2,24888.0,1243.6,REPEAT,NEUTRAL,2025-Q3,22582.0,24888.0,1243.6,NEW_HIGH,NEUTRAL,2025,16460.0,24888.0,1243.6,REPEAT,NEUTRAL,False,False
2025-09-22 10:00:00,24988.8,2025-09,23025.2,25000.5,1249.4,REPEAT,NEUTRAL,2025-Q3,22582.0,25000.5,1249.4,NEW_HIGH,NEUTRAL,2025,16460.0,25000.5,1249.4,REPEAT,NEUTRAL,False,False
2025-09-22 14:00:00,24996.2,2025-09,23025.2,25027.2,1249.8,REPEAT,NEUTRAL,2025-Q3,22582.0,25027.2,1249.8,NEW_HIGH,NEUTRAL,2025,16460.0,25027.2,1249.8,REPEAT,NEUTRAL,False,False
2025-09-22 18:00:00,24995.0,2025-09,23025.2,25027.2,1249.8,REPEAT,NEUTRAL,2025-Q3,22582.0,25027.2,1249.8,NEW_HIGH,NEUTRAL,2025,16460.0,25027.2,1249.8,REPEAT,NEUTRAL,False,False
2025-09-22 22:00:00,24997.0,2025-09,23025.2,25027.2,1249.9,REPEAT,NEUTRAL,2025-Q3,22582.0,25027.2,1249.9,NEW_HIGH,NEUTRAL,2025,16460.0,25027.2,1249.9,REPEAT,NEUTRAL,False,False
2025-09-23 02:00:00,25013.5,2025-09,23025.2,25027.2,1250.7,REPEAT,NEUTRAL,2025-Q3,22582.0,25027.2,1250.7,NEW_HIGH,NEUTRAL,2025,16460.0,25027.2,1250.7,REPEAT,NEUTRAL,False,False
2025-09-23 06:00:00,24940.0,2025-09,23025.2,25027.2,1247.0,REPEAT,NEUTRAL,2025-Q3,22582.0,25027.2,1247.0,NEW_HIGH,NEUTRAL,2025,16460.0,25027.2,1247.0,REPEAT,NEUTRAL,False,False
2025-09-23 10:00:00,24835.8,2025-09,23025.2,25027.2,1241.8,REPEAT,NEUTRAL,2025-Q3,22582.0,25027.2,1241.8,NEW_HIGH,NEUTRAL,2025,16460.0,25027.2,1241.8,REPEAT,NEUTRAL,False,False
2025-09-23 14:00:00,24833.8,2025-09,23025.2,25027.2,1241.7,REPEAT,NEUTRAL,2025-Q3,22582.0,25027.2,1241.7,NEW_HIGH,NEUTRAL,2025,16460.0,25027.2,1241.7,REPEAT,NEUTRAL,False,False
2025-09-23 18:00:00,24823.0,2025-09,23025.2,25027.2,1241.2,REPEAT,NEUTRAL,2025-Q3,22582.0,25027.2,1241.2,NEW_HIGH,NEUTRAL,2025,16460.0,25027.2,1241.2,REPEAT,NEUTRAL,False,False
2025-09-23 22:00:00,24861.0,2025-09,23025.2,25027.2,1243.1,REPEAT,NEUTRAL,2025-Q3,22582.0,25027.2,1243.1,NEW_HIGH,NEUTRAL,2025,16460.0,25027.2,1243.1,REPEAT,NEUTRAL,False,False
2025-09-24 02:00:00,24905.8,2025-09,23025.2,25027.2,1245.3,REPEAT,NEUTRAL,2025-Q3,22582.0,25027.2,1245.3,NEW_HIGH,NEUTRAL,2025,16460.0,25027.2,1245.3,REPEAT,NEUTRAL,False,False
2025-09-24 06:00:00,24820.8,2025-09,23025.2,25027.2,1241.0,REPEAT,NEUTRAL,2025-Q3,22582.0,25027.2,1241.0,NEW_HIGH,NEUTRAL,2025,16460.0,25027.2,1241.0,REPEAT,NEUTRAL,False,False
2025-09-24 10:00:00,24709.8,2025-09,23025.2,25027.2,1235.5,REPEAT,NEUTRAL,2025-Q3,22582.0,25027.2,1235.5,NEW_HIGH,NEUTRAL,2025,16460.0,25027.2,1235.5,REPEAT,NEUTRAL,False,False
2025-09-24 14:00:00,24747.5,2025-09,23025.2,25027.2,1237.4,REPEAT,NEUTRAL,2025-Q3,22582.0,25027.2,1237.4,NEW_HIGH,NEUTRAL,2025,16460.0,25027.2,1237.4,REPEAT,NEUTRAL,False,False
2025-09-24 18:00:00,24784.0,2025-09,23025.2,25027.2,1239.2,REPEAT,NEUTRAL,2025-Q3,22582.0,25027.2,1239.2,NEW_HIGH,NEUTRAL,2025,16460.0,25027.2,1239.2,REPEAT,NEUTRAL,False,False
2025-09-24 22:00:00,24753.2,2025-09,23025.2,25027.2,1237.7,REPEAT,NEUTRAL,2025-Q3,22582.0,25027.2,1237.7,NEW_HIGH,NEUTRAL,2025,16460.0,25027.2,1237.7,REPEAT,NEUTRAL,False,False
2025-09-25 02:00:00,24706.2,2025-09,23025.2,25027.2,1235.3,REPEAT,NEUTRAL,2025-Q3,22582.0,25027.2,1235.3,NEW_HIGH,NEUTRAL,2025,16460.0,25027.2,1235.3,REPEAT,NEUTRAL,False,False
2025-09-25 06:00:00,24452.8,2025-09,23025.2,25027.2,1222.6,REPEAT,NEUTRAL,2025-Q3,22582.0,25027.2,1222.6,NEW_HIGH,NEUTRAL,2025,16460.0,25027.2,1222.6,REPEAT,NEUTRAL,False,False
2025-09-25 10:00:00,24517.2,2025-09,23025.2,25027.2,1225.9,REPEAT,NEUTRAL,2025-Q3,22582.0,25027.2,1225.9,NEW_HIGH,NEUTRAL,2025,16460.0,25027.2,1225.9,REPEAT,NEUTRAL,False,False
2025-09-25 14:00:00,24635.5,2025-09,23025.2,25027.2,1231.8,REPEAT,NEUTRAL,2025-Q3,22582.0,25027.2,1231.8,NEW_HIGH,NEUTRAL,2025,16460.0,25027.2,1231.8,REPEAT,NEUTRAL,False,False
2025-09-25 18:00:00,24597.5,2025-09,23025.2,25027.2,1229.9,REPEAT,NEUTRAL,2025-Q3,22582.0,25027.2,1229.9,NEW_HIGH,NEUTRAL,2025,16460.0,25027.2,1229.9,REPEAT,NEUTRAL,False,False
2025-09-25 22:00:00,24615.5,2025-09,23025.2,25027.2,1230.8,REPEAT,NEUTRAL,2025-Q3,22582.0,25027.2,1230.8,NEW_HIGH,NEUTRAL,2025,16460.0,25027.2,1230.8,REPEAT,NEUTRAL,False,False
2025-09-26 02:00:00,24616.5,2025-09,23025.2,25027.2,1230.8,REPEAT,NEUTRAL,2025-Q3,22582.0,25027.2,1230.8,NEW_HIGH,NEUTRAL,2025,16460.0,25027.2,1230.8,REPEAT,NEUTRAL,False,False
2025-09-26 06:00:00,24706.2,2025-09,23025.2,25027.2,1235.3,REPEAT,NEUTRAL,2025-Q3,22582.0,25027.2,1235.3,NEW_HIGH,NEUTRAL,2025,16460.0,25027.2,1235.3,REPEAT,NEUTRAL,False,False
2025-09-26 10:00:00,24692.0,2025-09,23025.2,25027.2,1234.6,REPEAT,NEUTRAL,2025-Q3,22582.0,25027.2,1234.6,NEW_HIGH,NEUTRAL,2025,16460.0,25027.2,1234.6,REPEAT,NEUTRAL,False,False
2025-09-26 14:00:00,24726.5,2025-09,23025.2,25027.2,1236.3,REPEAT,NEUTRAL,2025-Q3,22582.0,25027.2,1236.3,NEW_HIGH,NEUTRAL,2025,16460.0,25027.2,1236.3,REPEAT,NEUTRAL,False,False
2025-09-28 18:00:00,24793.8,2025-09,23025.2,25027.2,1239.7,REPEAT,NEUTRAL,2025-Q3,22582.0,25027.2,1239.7,NEW_HIGH,NEUTRAL,2025,16460.0,25027.2,1239.7,REPEAT,NEUTRAL,False,False
2025-09-28 22:00:00,24825.8,2025-09,23025.2,25027.2,1241.3,REPEAT,NEUTRAL,2025-Q3,22582.0,25027.2,1241.3,NEW_HIGH,NEUTRAL,2025,16460.0,25027.2,1241.3,REPEAT,NEUTRAL,False,False
2025-09-29 02:00:00,24872.0,2025-09,23025.2,25027.2,1243.6,REPEAT,NEUTRAL,2025-Q3,22582.0,25027.2,1243.6,NEW_HIGH,NEUTRAL,2025,16460.0,25027.2,1243.6,REPEAT,NEUTRAL,False,False
2025-09-29 06:00:00,24942.0,2025-09,23025.2,25027.2,1247.1,REPEAT,NEUTRAL,2025-Q3,22582.0,25027.2,1247.1,NEW_HIGH,NEUTRAL,2025,16460.0,25027.2,1247.1,REPEAT,NEUTRAL,False,False
2025-09-29 10:00:00,24844.8,2025-09,23025.2,25027.2,1242.2,REPEAT,NEUTRAL,2025-Q3,22582.0,25027.2,1242.2,NEW_HIGH,NEUTRAL,2025,16460.0,25027.2,1242.2,REPEAT,NEUTRAL,False,False
2025-09-29 14:00:00,24811.2,2025-09,23025.2,25027.2,1240.6,REPEAT,NEUTRAL,2025-Q3,22582.0,25027.2,1240.6,NEW_HIGH,NEUTRAL,2025,16460.0,25027.2,1240.6,REPEAT,NEUTRAL,False,False
2025-09-29 18:00:00,24819.5,2025-09,23025.2,25027.2,1241.0,REPEAT,NEUTRAL,2025-Q3,22582.0,25027.2,1241.0,NEW_HIGH,NEUTRAL,2025,16460.0,25027.2,1241.0,REPEAT,NEUTRAL,False,False
2025-09-29 22:00:00,24836.2,2025-09,23025.2,25027.2,1241.8,REPEAT,NEUTRAL,2025-Q3,22582.0,25027.2,1241.8,NEW_HIGH,NEUTRAL,2025,16460.0,25027.2,1241.8,REPEAT,NEUTRAL,False,False
2025-09-30 02:00:00,24794.8,2025-09,23025.2,25027.2,1239.7,REPEAT,NEUTRAL,2025-Q3,22582.0,25027.2,1239.7,NEW_HIGH,NEUTRAL,2025,16460.0,25027.2,1239.7,REPEAT,NEUTRAL,False,False
2025-09-30 06:00:00,24785.5,2025-09,23025.2,25027.2,1239.3,REPEAT,NEUTRAL,2025-Q3,22582.0,25027.2,1239.3,NEW_HIGH,NEUTRAL,2025,16460.0,25027.2,1239.3,REPEAT,NEUTRAL,False,False
2025-09-30 10:00:00,24769.0,2025-09,23025.2,25027.2,1238.4,REPEAT,NEUTRAL,2025-Q3,22582.0,25027.2,1238.4,NEW_HIGH,NEUTRAL,2025,16460.0,25027.2,1238.4,REPEAT,NEUTRAL,False,False
2025-09-30 14:00:00,24838.2,2025-09,23025.2,25027.2,1241.9,REPEAT,NEUTRAL,2025-Q3,22582.0,25027.2,1241.9,NEW_HIGH,NEUTRAL,2025,16460.0,25027.2,1241.9,REPEAT,NEUTRAL,False,False
2025-09-30 18:00:00,24804.0,2025-09,23025.2,25027.2,1240.2,REPEAT,NEUTRAL,2025-Q3,22582.0,25027.2,1240.2,NEW_HIGH,NEUTRAL,2025,16460.0,25027.2,1240.2,REPEAT,NEUTRAL,False,False
2025-09-30 22:00:00,24761.2,2025-09,23025.2,25027.2,1238.1,REPEAT,NEUTRAL,2025-Q3,22582.0,25027.2,1238.1,NEW_HIGH,NEUTRAL,2025,16460.0,25027.2,1238.1,REPEAT,NEUTRAL,False,False
2025-10-01 02:00:00,24745.8,2025-10,24633.2,24769.5,1237.3,REPEAT,HIGH_TREND,2025-Q4,24633.2,24769.5,1237.3,REPEAT,HIGH_TREND,2025,16460.0,25027.2,1237.3,REPEAT,NEUTRAL,False,True
2025-10-01 06:00:00,24784.8,2025-10,24633.2,24841.5,1239.2,REPEAT,HIGH_TREND,2025-Q4,24633.2,24841.5,1239.2,REPEAT,HIGH_TREND,2025,16460.0,25027.2,1239.2,REPEAT,NEUTRAL,False,True
2025-10-01 10:00:00,24983.5,2025-10,24633.2,24990.0,1249.2,REPEAT,HIGH_TREND,2025-Q4,24633.2,24990.0,1249.2,REPEAT,HIGH_TREND,2025,16460.0,25027.2,1249.2,REPEAT,NEUTRAL,False,True
2025-10-01 14:00:00,25009.2,2025-10,24633.2,25036.8,1250.5,REPEAT,HIGH_TREND,2025-Q4,24633.2,25036.8,1250.5,REPEAT,HIGH_TREND,2025,16460.0,25036.8,1250.5,REPEAT,NEUTRAL,False,True
2025-10-01 18:00:00,25074.0,2025-10,24633.2,25076.5,1253.7,REPEAT,NEUTRAL,2025-Q4,24633.2,25076.5,1253.7,REPEAT,NEUTRAL,2025,16460.0,25076.5,1253.7,REPEAT,NEUTRAL,False,False
2025-10-01 22:00:00,25069.2,2025-10,24633.2,25076.5,1253.5,REPEAT,NEUTRAL,2025-Q4,24633.2,25076.5,1253.5,REPEAT,NEUTRAL,2025,16460.0,25076.5,1253.5,REPEAT,NEUTRAL,False,False
2025-10-02 02:00:00,25096.0,2025-10,24633.2,25117.0,1254.8,REPEAT,NEUTRAL,2025-Q4,24633.2,25117.0,1254.8,REPEAT,NEUTRAL,2025,16460.0,25117.0,1254.8,REPEAT,NEUTRAL,False,False
2025-10-02 06:00:00,25062.8,2025-10,24633.2,25180.0,1253.1,REPEAT,NEUTRAL,2025-Q4,24633.2,25180.0,1253.1,REPEAT,NEUTRAL,2025,16460.0,25180.0,1253.1,REPEAT,NEUTRAL,False,False
2025-10-02 10:00:00,25085.5,2025-10,24633.2,25180.0,1254.3,REPEAT,NEUTRAL,2025-Q4,24633.2,25180.0,1254.3,REPEAT,NEUTRAL,2025,16460.0,25180.0,1254.3,REPEAT,NEUTRAL,False,False
2025-10-02 14:00:00,25105.0,2025-10,24633.2,25180.0,1255.2,REPEAT,NEUTRAL,2025-Q4,24633.2,25180.0,1255.2,REPEAT,NEUTRAL,2025,16460.0,25180.0,1255.2,REPEAT,NEUTRAL,False,False
2025-10-02 18:00:00,25160.8,2025-10,24633.2,25180.0,1258.0,REPEAT,NEUTRAL,2025-Q4,24633.2,25180.0,1258.0,REPEAT,NEUTRAL,2025,16460.0,25180.0,1258.0,REPEAT,NEUTRAL,False,False
2025-10-02 22:00:00,25171.0,2025-10,24633.2,25192.0,1258.6,REPEAT,NEUTRAL,2025-Q4,24633.2,25192.0,1258.6,REPEAT,NEUTRAL,2025,16460.0,25192.0,1258.6,REPEAT,NEUTRAL,False,False
2025-10-03 02:00:00,25192.8,2025-10,24633.2,25193.8,1259.6,REPEAT,NEUTRAL,2025-Q4,24633.2,25193.8,1259.6,REPEAT,NEUTRAL,2025,16460.0,25193.8,1259.6,REPEAT,NEUTRAL,False,False
2025-10-03 06:00:00,25105.8,2025-10,24633.2,25196.5,1255.3,REPEAT,NEUTRAL,2025-Q4,24633.2,25196.5,1255.3,REPEAT,NEUTRAL,2025,16460.0,25196.5,1255.3,REPEAT,NEUTRAL,False,False
2025-10-03 10:00:00,24973.5,2025-10,24633.2,25196.5,1248.7,REPEAT,HIGH_TREND,2025-Q4,24633.2,25196.5,1248.7,REPEAT,HIGH_TREND,2025,16460.0,25196.5,1248.7,REPEAT,NEUTRAL,False,True
2025-10-03 14:00:00,24982.0,2025-10,24633.2,25196.5,1249.1,REPEAT,HIGH_TREND,2025-Q4,24633.2,25196.5,1249.1,REPEAT,HIGH_TREND,2025,16460.0,25196.5,1249.1,REPEAT,NEUTRAL,False,True
2025-10-05 18:00:00,25076.0,2025-10,24633.2,25196.5,1253.8,REPEAT,NEUTRAL,2025-Q4,24633.2,25196.5,1253.8,REPEAT,NEUTRAL,2025,16460.0,25196.5,1253.8,REPEAT,NEUTRAL,False,False
2025-10-05 22:00:00,25088.5,2025-10,24633.2,25196.5,1254.4,REPEAT,NEUTRAL,2025-Q4,24633.2,25196.5,1254.4,REPEAT,NEUTRAL,2025,16460.0,25196.5,1254.4,REPEAT,NEUTRAL,False,False
2025-10-06 02:00:00,25134.5,2025-10,24633.2,25196.5,1256.7,REPEAT,NEUTRAL,2025-Q4,24633.2,25196.5,1256.7,REPEAT,NEUTRAL,2025,16460.0,25196.5,1256.7,REPEAT,NEUTRAL,False,False
2025-10-06 06:00:00,25155.5,2025-10,24633.2,25241.5,1257.8,REPEAT,NEUTRAL,2025-Q4,24633.2,25241.5,1257.8,REPEAT,NEUTRAL,2025,16460.0,25241.5,1257.8,REPEAT,NEUTRAL,False,False
2025-10-06 10:00:00,25227.5,2025-10,24633.2,25241.5,1261.4,REPEAT,NEUTRAL,2025-Q4,24633.2,25241.5,1261.4,REPEAT,NEUTRAL,2025,16460.0,25241.5,1261.4,REPEAT,NEUTRAL,False,False
2025-10-06 14:00:00,25184.0,2025-10,24633.2,25252.8,1259.2,REPEAT,NEUTRAL,2025-Q4,24633.2,25252.8,1259.2,REPEAT,NEUTRAL,2025,16460.0,25252.8,1259.2,REPEAT,NEUTRAL,False,False
2025-10-06 18:00:00,25146.8,2025-10,24633.2,25252.8,1257.3,REPEAT,NEUTRAL,2025-Q4,24633.2,25252.8,1257.3,REPEAT,NEUTRAL,2025,16460.0,25252.8,1257.3,REPEAT,NEUTRAL,False,False
2025-10-06 22:00:00,25172.0,2025-10,24633.2,25252.8,1258.6,REPEAT,NEUTRAL,2025-Q4,24633.2,25252.8,1258.6,REPEAT,NEUTRAL,2025,16460.0,25252.8,1258.6,REPEAT,NEUTRAL,False,False
2025-10-07 02:00:00,25189.0,2025-10,24633.2,25252.8,1259.4,REPEAT,NEUTRAL,2025-Q4,24633.2,25252.8,1259.4,REPEAT,NEUTRAL,2025,16460.0,25252.8,1259.4,REPEAT,NEUTRAL,False,False
2025-10-07 06:00:00,25241.2,2025-10,24633.2,25275.0,1262.1,REPEAT,NEUTRAL,2025-Q4,24633.2,25275.0,1262.1,REPEAT,NEUTRAL,2025,16460.0,25275.0,1262.1,REPEAT,NEUTRAL,False,False
2025-10-07 10:00:00,25015.5,2025-10,24633.2,25275.0,1250.8,REPEAT,HIGH_TREND,2025-Q4,24633.2,25275.0,1250.8,REPEAT,HIGH_TREND,2025,16460.0,25275.0,1250.8,REPEAT,NEUTRAL,False,True
2025-10-07 14:00:00,25054.8,2025-10,24633.2,25275.0,1252.7,REPEAT,NEUTRAL,2025-Q4,24633.2,25275.0,1252.7,REPEAT,NEUTRAL,2025,16460.0,25275.0,1252.7,REPEAT,NEUTRAL,False,False
2025-10-07 18:00:00,25073.5,2025-10,24633.2,25275.0,1253.7,REPEAT,NEUTRAL,2025-Q4,24633.2,25275.0,1253.7,REPEAT,NEUTRAL,2025,16460.0,25275.0,1253.7,REPEAT,NEUTRAL,False,False
2025-10-07 22:00:00,25058.2,2025-10,24633.2,25275.0,1252.9,REPEAT,NEUTRAL,2025-Q4,24633.2,25275.0,1252.9,REPEAT,NEUTRAL,2025,16460.0,25275.0,1252.9,REPEAT,NEUTRAL,False,False
2025-10-08 02:00:00,25087.5,2025-10,24633.2,25275.0,1254.4,REPEAT,NEUTRAL,2025-Q4,24633.2,25275.0,1254.4,REPEAT,NEUTRAL,2025,16460.0,25275.0,1254.4,REPEAT,NEUTRAL,False,False
2025-10-08 06:00:00,25174.2,2025-10,24633.2,25275.0,1258.7,REPEAT,NEUTRAL,2025-Q4,24633.2,25275.0,1258.7,REPEAT,NEUTRAL,2025,16460.0,25275.0,1258.7,REPEAT,NEUTRAL,False,False
2025-10-08 10:00:00,25273.8,2025-10,24633.2,25290.8,1263.7,REPEAT,NEUTRAL,2025-Q4,24633.2,25290.8,1263.7,REPEAT,NEUTRAL,2025,16460.0,25290.8,1263.7,REPEAT,NEUTRAL,False,False
2025-10-08 14:00:00,25354.0,2025-10,24633.2,25364.8,1267.7,REPEAT,NEUTRAL,2025-Q4,24633.2,25364.8,1267.7,REPEAT,NEUTRAL,2025,16460.0,25364.8,1267.7,REPEAT,NEUTRAL,False,False
2025-10-08 18:00:00,25331.5,2025-10,24633.2,25394.0,1266.6,REPEAT,NEUTRAL,2025-Q4,24633.2,25394.0,1266.6,REPEAT,NEUTRAL,2025,16460.0,25394.0,1266.6,REPEAT,NEUTRAL,False,False
2025-10-08 22:00:00,25355.2,2025-10,24633.2,25394.0,1267.8,REPEAT,NEUTRAL,2025-Q4,24633.2,25394.0,1267.8,REPEAT,NEUTRAL,2025,16460.0,25394.0,1267.8,REPEAT,NEUTRAL,False,False
2025-10-09 02:00:00,25321.2,2025-10,24633.2,25394.0,1266.1,REPEAT,NEUTRAL,2025-Q4,24633.2,25394.0,1266.1,REPEAT,NEUTRAL,2025,16460.0,25394.0,1266.1,REPEAT,NEUTRAL,False,False
2025-10-09 06:00:00,25278.8,2025-10,24633.2,25394.0,1263.9,REPEAT,NEUTRAL,2025-Q4,24633.2,25394.0,1263.9,REPEAT,NEUTRAL,2025,16460.0,25394.0,1263.9,REPEAT,NEUTRAL,False,False
2025-10-09 10:00:00,25215.5,2025-10,24633.2,25394.0,1260.8,REPEAT,NEUTRAL,2025-Q4,24633.2,25394.0,1260.8,REPEAT,NEUTRAL,2025,16460.0,25394.0,1260.8,REPEAT,NEUTRAL,False,False
2025-10-09 14:00:00,25287.2,2025-10,24633.2,25394.0,1264.4,REPEAT,NEUTRAL,2025-Q4,24633.2,25394.0,1264.4,REPEAT,NEUTRAL,2025,16460.0,25394.0,1264.4,REPEAT,NEUTRAL,False,False
2025-10-09 18:00:00,25351.8,2025-10,24633.2,25394.0,1267.6,REPEAT,NEUTRAL,2025-Q4,24633.2,25394.0,1267.6,REPEAT,NEUTRAL,2025,16460.0,25394.0,1267.6,REPEAT,NEUTRAL,False,False
2025-10-09 22:00:00,25333.5,2025-10,24633.2,25394.0,1266.7,REPEAT,NEUTRAL,2025-Q4,24633.2,25394.0,1266.7,REPEAT,NEUTRAL,2025,16460.0,25394.0,1266.7,REPEAT,NEUTRAL,False,False
2025-10-10 02:00:00,25256.0,2025-10,24633.2,25394.0,1262.8,REPEAT,NEUTRAL,2025-Q4,24633.2,25394.0,1262.8,REPEAT,NEUTRAL,2025,16460.0,25394.0,1262.8,REPEAT,NEUTRAL,False,False
2025-10-10 06:00:00,25355.5,2025-10,24633.2,25394.0,1267.8,REPEAT,NEUTRAL,2025-Q4,24633.2,25394.0,1267.8,REPEAT,NEUTRAL,2025,16460.0,25394.0,1267.8,REPEAT,NEUTRAL,False,False
2025-10-10 10:00:00,24680.0,2025-10,24604.0,25394.0,1234.0,REPEAT,HIGH_TREND,2025-Q4,24604.0,25394.0,1234.0,REPEAT,HIGH_TREND,2025,16460.0,25394.0,1234.0,REPEAT,NEUTRAL,False,True
2025-10-10 14:00:00,24188.0,2025-10,24158.5,25394.0,1209.4,REPEAT,HIGH_TREND,2025-Q4,24158.5,25394.0,1209.4,REPEAT,HIGH_TREND,2025,16460.0,25394.0,1209.4,REPEAT,NEUTRAL,False,True
2025-10-12 18:00:00,24852.2,2025-10,24158.5,25394.0,1242.6,REPEAT,HIGH_TREND,2025-Q4,24158.5,25394.0,1242.6,REPEAT,HIGH_TREND,2025,16460.0,25394.0,1242.6,REPEAT,NEUTRAL,False,True
2025-10-12 22:00:00,24836.8,2025-10,24158.5,25394.0,1241.8,REPEAT,HIGH_TREND,2025-Q4,24158.5,25394.0,1241.8,REPEAT,HIGH_TREND,2025,16460.0,25394.0,1241.8,REPEAT,NEUTRAL,False,True
2025-10-13 02:00:00,24845.8,2025-10,24158.5,25394.0,1242.3,REPEAT,HIGH_TREND,2025-Q4,24158.5,25394.0,1242.3,REPEAT,HIGH_TREND,2025,16460.0,25394.0,1242.3,REPEAT,NEUTRAL,False,True
2025-10-13 06:00:00,24888.0,2025-10,24158.5,25394.0,1244.4,REPEAT,HIGH_TREND,2025-Q4,24158.5,25394.0,1244.4,REPEAT,HIGH_TREND,2025,16460.0,25394.0,1244.4,REPEAT,NEUTRAL,False,True
2025-10-13 10:00:00,24926.5,2025-10,24158.5,25394.0,1246.3,REPEAT,HIGH_TREND,2025-Q4,24158.5,25394.0,1246.3,REPEAT,HIGH_TREND,2025,16460.0,25394.0,1246.3,REPEAT,NEUTRAL,False,True
2025-10-13 14:00:00,24904.5,2025-10,24158.5,25394.0,1245.2,REPEAT,HIGH_TREND,2025-Q4,24158.5,25394.0,1245.2,REPEAT,HIGH_TREND,2025,16460.0,25394.0,1245.2,REPEAT,NEUTRAL,False,True
2025-10-13 18:00:00,25005.8,2025-10,24158.5,25394.0,1250.3,REPEAT,HIGH_TREND,2025-Q4,24158.5,25394.0,1250.3,REPEAT,HIGH_TREND,2025,16460.0,25394.0,1250.3,REPEAT,NEUTRAL,False,True
2025-10-13 22:00:00,24706.8,2025-10,24158.5,25394.0,1235.3,REPEAT,HIGH_TREND,2025-Q4,24158.5,25394.0,1235.3,REPEAT,HIGH_TREND,2025,16460.0,25394.0,1235.3,REPEAT,NEUTRAL,False,True
2025-10-14 02:00:00,24639.5,2025-10,24158.5,25394.0,1232.0,REPEAT,HIGH_TREND,2025-Q4,24158.5,25394.0,1232.0,REPEAT,HIGH_TREND,2025,16460.0,25394.0,1232.0,REPEAT,NEUTRAL,False,True
2025-10-14 06:00:00,24576.2,2025-10,24158.5,25394.0,1228.8,REPEAT,HIGH_TREND,2025-Q4,24158.5,25394.0,1228.8,REPEAT,HIGH_TREND,2025,16460.0,25394.0,1228.8,REPEAT,NEUTRAL,False,True
2025-10-14 10:00:00,24899.5,2025-10,24158.5,25394.0,1245.0,REPEAT,HIGH_TREND,2025-Q4,24158.5,25394.0,1245.0,REPEAT,HIGH_TREND,2025,16460.0,25394.0,1245.0,REPEAT,NEUTRAL,False,True
2025-10-14 14:00:00,24756.2,2025-10,24158.5,25394.0,1237.8,REPEAT,HIGH_TREND,2025-Q4,24158.5,25394.0,1237.8,REPEAT,HIGH_TREND,2025,16460.0,25394.0,1237.8,REPEAT,NEUTRAL,False,True
2025-10-14 18:00:00,24801.2,2025-10,24158.5,25394.0,1240.1,REPEAT,HIGH_TREND,2025-Q4,24158.5,25394.0,1240.1,REPEAT,HIGH_TREND,2025,16460.0,25394.0,1240.1,REPEAT,NEUTRAL,False,True
2025-10-14 22:00:00,24885.0,2025-10,24158.5,25394.0,1244.2,REPEAT,HIGH_TREND,2025-Q4,24158.5,25394.0,1244.2,REPEAT,HIGH_TREND,2025,16460.0,25394.0,1244.2,REPEAT,NEUTRAL,False,True
2025-10-15 02:00:00,24972.5,2025-10,24158.5,25394.0,1248.6,REPEAT,HIGH_TREND,2025-Q4,24158.5,25394.0,1248.6,REPEAT,HIGH_TREND,2025,16460.0,25394.0,1248.6,REPEAT,NEUTRAL,False,True
2025-10-15 06:00:00,25014.0,2025-10,24158.5,25394.0,1250.7,REPEAT,HIGH_TREND,2025-Q4,24158.5,25394.0,1250.7,REPEAT,HIGH_TREND,2025,16460.0,25394.0,1250.7,REPEAT,NEUTRAL,False,True
2025-10-15 10:00:00,24903.5,2025-10,24158.5,25394.0,1245.2,REPEAT,HIGH_TREND,2025-Q4,24158.5,25394.0,1245.2,REPEAT,HIGH_TREND,2025,16460.0,25394.0,1245.2,REPEAT,NEUTRAL,False,True
2025-10-15 14:00:00,24941.2,2025-10,24158.5,25394.0,1247.1,REPEAT,HIGH_TREND,2025-Q4,24158.5,25394.0,1247.1,REPEAT,HIGH_TREND,2025,16460.0,25394.0,1247.1,REPEAT,NEUTRAL,False,True
2025-10-15 18:00:00,24937.5,2025-10,24158.5,25394.0,1246.9,REPEAT,HIGH_TREND,2025-Q4,24158.5,25394.0,1246.9,REPEAT,HIGH_TREND,2025,16460.0,25394.0,1246.9,REPEAT,NEUTRAL,False,True
2025-10-15 22:00:00,24953.8,2025-10,24158.5,25394.0,1247.7,REPEAT,HIGH_TREND,2025-Q4,24158.5,25394.0,1247.7,REPEAT,HIGH_TREND,2025,16460.0,25394.0,1247.7,REPEAT,NEUTRAL,False,True
2025-10-16 02:00:00,25041.5,2025-10,24158.5,25394.0,1252.1,REPEAT,NEUTRAL,2025-Q4,24158.5,25394.0,1252.1,REPEAT,NEUTRAL,2025,16460.0,25394.0,1252.1,REPEAT,NEUTRAL,False,False
2025-10-16 06:00:00,25062.2,2025-10,24158.5,25394.0,1253.1,REPEAT,NEUTRAL,2025-Q4,24158.5,25394.0,1253.1,REPEAT,NEUTRAL,2025,16460.0,25394.0,1253.1,REPEAT,NEUTRAL,False,False
2025-10-16 10:00:00,24865.5,2025-10,24158.5,25394.0,1243.3,REPEAT,HIGH_TREND,2025-Q4,24158.5,25394.0,1243.3,REPEAT,HIGH_TREND,2025,16460.0,25394.0,1243.3,REPEAT,NEUTRAL,False,True
2025-10-16 14:00:00,24794.2,2025-10,24158.5,25394.0,1239.7,REPEAT,HIGH_TREND,2025-Q4,24158.5,25394.0,1239.7,REPEAT,HIGH_TREND,2025,16460.0,25394.0,1239.7,REPEAT,NEUTRAL,False,True
2025-10-16 18:00:00,24758.8,2025-10,24158.5,25394.0,1237.9,REPEAT,HIGH_TREND,2025-Q4,24158.5,25394.0,1237.9,REPEAT,HIGH_TREND,2025,16460.0,25394.0,1237.9,REPEAT,NEUTRAL,False,True
2025-10-16 22:00:00,24660.5,2025-10,24158.5,25394.0,1233.0,REPEAT,HIGH_TREND,2025-Q4,24158.5,25394.0,1233.0,REPEAT,HIGH_TREND,2025,16460.0,25394.0,1233.0,REPEAT,NEUTRAL,False,True
2025-10-17 02:00:00,24496.5,2025-10,24158.5,25394.0,1224.8,REPEAT,HIGH_TREND,2025-Q4,24158.5,25394.0,1224.8,REPEAT,HIGH_TREND,2025,16460.0,25394.0,1224.8,REPEAT,NEUTRAL,False,True
2025-10-17 06:00:00,24822.2,2025-10,24158.5,25394.0,1241.1,REPEAT,HIGH_TREND,2025-Q4,24158.5,25394.0,1241.1,REPEAT,HIGH_TREND,2025,16460.0,25394.0,1241.1,REPEAT,NEUTRAL,False,True
2025-10-17 10:00:00,24936.5,2025-10,24158.5,25394.0,1246.8,REPEAT,HIGH_TREND,2025-Q4,24158.5,25394.0,1246.8,REPEAT,HIGH_TREND,2025,16460.0,25394.0,1246.8,REPEAT,NEUTRAL,False,True
2025-10-17 14:00:00,25033.5,2025-10,24158.5,25394.0,1251.7,REPEAT,NEUTRAL,2025-Q4,24158.5,25394.0,1251.7,REPEAT,NEUTRAL,2025,16460.0,25394.0,1251.7,REPEAT,NEUTRAL,False,False
2025-10-19 18:00:00,25046.8,2025-10,24158.5,25394.0,1252.3,REPEAT,NEUTRAL,2025-Q4,24158.5,25394.0,1252.3,REPEAT,NEUTRAL,2025,16460.0,25394.0,1252.3,REPEAT,NEUTRAL,False,False
2025-10-19 22:00:00,25113.0,2025-10,24158.5,25394.0,1255.6,REPEAT,NEUTRAL,2025-Q4,24158.5,25394.0,1255.6,REPEAT,NEUTRAL,2025,16460.0,25394.0,1255.6,REPEAT,NEUTRAL,False,False
2025-10-20 02:00:00,25087.0,2025-10,24158.5,25394.0,1254.4,REPEAT,NEUTRAL,2025-Q4,24158.5,25394.0,1254.4,REPEAT,NEUTRAL,2025,16460.0,25394.0,1254.4,REPEAT,NEUTRAL,False,False
2025-10-20 06:00:00,25222.0,2025-10,24158.5,25394.0,1261.1,REPEAT,NEUTRAL,2025-Q4,24158.5,25394.0,1261.1,REPEAT,NEUTRAL,2025,16460.0,25394.0,1261.1,REPEAT,NEUTRAL,False,False
2025-10-20 10:00:00,25336.8,2025-10,24158.5,25394.0,1266.8,REPEAT,NEUTRAL,2025-Q4,24158.5,25394.0,1266.8,REPEAT,NEUTRAL,2025,16460.0,25394.0,1266.8,REPEAT,NEUTRAL,False,False
2025-10-20 14:00:00,25326.8,2025-10,24158.5,25394.0,1266.3,REPEAT,NEUTRAL,2025-Q4,24158.5,25394.0,1266.3,REPEAT,NEUTRAL,2025,16460.0,25394.0,1266.3,REPEAT,NEUTRAL,False,False
2025-10-20 18:00:00,25344.5,2025-10,24158.5,25394.0,1267.2,REPEAT,NEUTRAL,2025-Q4,24158.5,25394.0,1267.2,REPEAT,NEUTRAL,2025,16460.0,25394.0,1267.2,REPEAT,NEUTRAL,False,False
2025-10-20 22:00:00,25297.0,2025-10,24158.5,25394.0,1264.9,REPEAT,NEUTRAL,2025-Q4,24158.5,25394.0,1264.9,REPEAT,NEUTRAL,2025,16460.0,25394.0,1264.9,REPEAT,NEUTRAL,False,False
2025-10-21 02:00:00,25281.5,2025-10,24158.5,25394.0,1264.1,REPEAT,NEUTRAL,2025-Q4,24158.5,25394.0,1264.1,REPEAT,NEUTRAL,2025,16460.0,25394.0,1264.1,REPEAT,NEUTRAL,False,False
2025-10-21 06:00:00,25234.8,2025-10,24158.5,25394.0,1261.7,REPEAT,NEUTRAL,2025-Q4,24158.5,25394.0,1261.7,REPEAT,NEUTRAL,2025,16460.0,25394.0,1261.7,REPEAT,NEUTRAL,False,False
2025-10-21 10:00:00,25313.2,2025-10,24158.5,25394.0,1265.7,REPEAT,NEUTRAL,2025-Q4,24158.5,25394.0,1265.7,REPEAT,NEUTRAL,2025,16460.0,25394.0,1265.7,REPEAT,NEUTRAL,False,False
2025-10-21 14:00:00,25265.2,2025-10,24158.5,25394.0,1263.3,REPEAT,NEUTRAL,2025-Q4,24158.5,25394.0,1263.3,REPEAT,NEUTRAL,2025,16460.0,25394.0,1263.3,REPEAT,NEUTRAL,False,False
2025-10-21 18:00:00,25266.0,2025-10,24158.5,25394.0,1263.3,REPEAT,NEUTRAL,2025-Q4,24158.5,25394.0,1263.3,REPEAT,NEUTRAL,2025,16460.0,25394.0,1263.3,REPEAT,NEUTRAL,False,False
2025-10-21 22:00:00,25307.5,2025-10,24158.5,25394.0,1265.4,REPEAT,NEUTRAL,2025-Q4,24158.5,25394.0,1265.4,REPEAT,NEUTRAL,2025,16460.0,25394.0,1265.4,REPEAT,NEUTRAL,False,False
2025-10-22 02:00:00,25271.5,2025-10,24158.5,25394.0,1263.6,REPEAT,NEUTRAL,2025-Q4,24158.5,25394.0,1263.6,REPEAT,NEUTRAL,2025,16460.0,25394.0,1263.6,REPEAT,NEUTRAL,False,False
2025-10-22 06:00:00,25258.0,2025-10,24158.5,25394.0,1262.9,REPEAT,NEUTRAL,2025-Q4,24158.5,25394.0,1262.9,REPEAT,NEUTRAL,2025,16460.0,25394.0,1262.9,REPEAT,NEUTRAL,False,False
2025-10-22 10:00:00,24874.0,2025-10,24158.5,25394.0,1243.7,REPEAT,HIGH_TREND,2025-Q4,24158.5,25394.0,1243.7,REPEAT,HIGH_TREND,2025,16460.0,25394.0,1243.7,REPEAT,NEUTRAL,False,True
2025-10-22 14:00:00,25040.0,2025-10,24158.5,25394.0,1252.0,REPEAT,NEUTRAL,2025-Q4,24158.5,25394.0,1252.0,REPEAT,NEUTRAL,2025,16460.0,25394.0,1252.0,REPEAT,NEUTRAL,False,False
2025-10-22 18:00:00,25099.0,2025-10,24158.5,25394.0,1255.0,REPEAT,NEUTRAL,2025-Q4,24158.5,25394.0,1255.0,REPEAT,NEUTRAL,2025,16460.0,25394.0,1255.0,REPEAT,NEUTRAL,False,False
2025-10-22 22:00:00,25091.0,2025-10,24158.5,25394.0,1254.6,REPEAT,NEUTRAL,2025-Q4,24158.5,25394.0,1254.6,REPEAT,NEUTRAL,2025,16460.0,25394.0,1254.6,REPEAT,NEUTRAL,False,False
2025-10-23 02:00:00,25059.0,2025-10,24158.5,25394.0,1253.0,REPEAT,NEUTRAL,2025-Q4,24158.5,25394.0,1253.0,REPEAT,NEUTRAL,2025,16460.0,25394.0,1253.0,REPEAT,NEUTRAL,False,False
2025-10-23 06:00:00,25160.5,2025-10,24158.5,25394.0,1258.0,REPEAT,NEUTRAL,2025-Q4,24158.5,25394.0,1258.0,REPEAT,NEUTRAL,2025,16460.0,25394.0,1258.0,REPEAT,NEUTRAL,False,False
2025-10-23 10:00:00,25278.8,2025-10,24158.5,25394.0,1263.9,REPEAT,NEUTRAL,2025-Q4,24158.5,25394.0,1263.9,REPEAT,NEUTRAL,2025,16460.0,25394.0,1263.9,REPEAT,NEUTRAL,False,False
2025-10-23 14:00:00,25278.0,2025-10,24158.5,25394.0,1263.9,REPEAT,NEUTRAL,2025-Q4,24158.5,25394.0,1263.9,REPEAT,NEUTRAL,2025,16460.0,25394.0,1263.9,REPEAT,NEUTRAL,False,False
2025-10-23 18:00:00,25318.2,2025-10,24158.5,25394.0,1265.9,REPEAT,NEUTRAL,2025-Q4,24158.5,25394.0,1265.9,REPEAT,NEUTRAL,2025,16460.0,25394.0,1265.9,REPEAT,NEUTRAL,False,False
2025-10-23 22:00:00,25346.2,2025-10,24158.5,25394.0,1267.3,REPEAT,NEUTRAL,2025-Q4,24158.5,25394.0,1267.3,REPEAT,NEUTRAL,2025,16460.0,25394.0,1267.3,REPEAT,NEUTRAL,False,False
2025-10-24 02:00:00,25377.0,2025-10,24158.5,25394.0,1268.9,REPEAT,NEUTRAL,2025-Q4,24158.5,25394.0,1268.9,REPEAT,NEUTRAL,2025,16460.0,25394.0,1268.9,REPEAT,NEUTRAL,False,False
2025-10-24 06:00:00,25506.0,2025-10,24158.5,25535.0,1275.3,REPEAT,NEUTRAL,2025-Q4,24158.5,25535.0,1275.3,REPEAT,NEUTRAL,2025,16460.0,25535.0,1275.3,REPEAT,NEUTRAL,False,False
2025-10-24 10:00:00,25549.2,2025-10,24158.5,25570.8,1277.5,REPEAT,NEUTRAL,2025-Q4,24158.5,25570.8,1277.5,REPEAT,NEUTRAL,2025,16460.0,25570.8,1277.5,REPEAT,NEUTRAL,False,False
2025-10-24 14:00:00,25510.2,2025-10,24158.5,25570.8,1275.5,REPEAT,NEUTRAL,2025-Q4,24158.5,25570.8,1275.5,REPEAT,NEUTRAL,2025,16460.0,25570.8,1275.5,REPEAT,NEUTRAL,False,False
2025-10-26 18:00:00,25717.8,2025-10,24158.5,25768.2,1285.9,REPEAT,NEUTRAL,2025-Q4,24158.5,25768.2,1285.9,REPEAT,NEUTRAL,2025,16460.0,25768.2,1285.9,REPEAT,NEUTRAL,False,False
2025-10-26 22:00:00,25782.5,2025-10,24158.5,25789.8,1289.1,REPEAT,NEUTRAL,2025-Q4,24158.5,25789.8,1289.1,REPEAT,NEUTRAL,2025,16460.0,25789.8,1289.1,REPEAT,NEUTRAL,False,False
2025-10-27 02:00:00,25839.5,2025-10,24158.5,25839.5,1292.0,REPEAT,NEUTRAL,2025-Q4,24158.5,25839.5,1292.0,REPEAT,NEUTRAL,2025,16460.0,25839.5,1292.0,REPEAT,NEUTRAL,False,False
2025-10-27 06:00:00,25848.8,2025-10,24158.5,25859.5,1292.4,REPEAT,NEUTRAL,2025-Q4,24158.5,25859.5,1292.4,REPEAT,NEUTRAL,2025,16460.0,25859.5,1292.4,REPEAT,NEUTRAL,False,False
2025-10-27 10:00:00,25926.5,2025-10,24158.5,25929.0,1296.3,REPEAT,NEUTRAL,2025-Q4,24158.5,25929.0,1296.3,REPEAT,NEUTRAL,2025,16460.0,25929.0,1296.3,REPEAT,NEUTRAL,False,False
2025-10-27 14:00:00,26003.8,2025-10,24158.5,26013.5,1300.2,REPEAT,NEUTRAL,2025-Q4,24158.5,26013.5,1300.2,REPEAT,NEUTRAL,2025,16460.0,26013.5,1300.2,REPEAT,NEUTRAL,False,False
2025-10-27 18:00:00,25969.5,2025-10,24158.5,26018.8,1298.5,REPEAT,NEUTRAL,2025-Q4,24158.5,26018.8,1298.5,REPEAT,NEUTRAL,2025,16460.0,26018.8,1298.5,REPEAT,NEUTRAL,False,False
2025-10-27 22:00:00,25961.0,2025-10,24158.5,26018.8,1298.1,REPEAT,NEUTRAL,2025-Q4,24158.5,26018.8,1298.1,REPEAT,NEUTRAL,2025,16460.0,26018.8,1298.1,REPEAT,NEUTRAL,False,False
2025-10-28 02:00:00,25975.8,2025-10,24158.5,26018.8,1298.8,REPEAT,NEUTRAL,2025-Q4,24158.5,26018.8,1298.8,REPEAT,NEUTRAL,2025,16460.0,26018.8,1298.8,REPEAT,NEUTRAL,False,False
2025-10-28 06:00:00,26065.0,2025-10,24158.5,26094.8,1303.2,REPEAT,NEUTRAL,2025-Q4,24158.5,26094.8,1303.2,REPEAT,NEUTRAL,2025,16460.0,26094.8,1303.2,REPEAT,NEUTRAL,False,False
2025-10-28 10:00:00,26153.2,2025-10,24158.5,26158.2,1307.7,REPEAT,NEUTRAL,2025-Q4,24158.5,26158.2,1307.7,REPEAT,NEUTRAL,2025,16460.0,26158.2,1307.7,REPEAT,NEUTRAL,False,False
2025-10-28 14:00:00,26172.5,2025-10,24158.5,26231.5,1308.6,REPEAT,NEUTRAL,2025-Q4,24158.5,26231.5,1308.6,REPEAT,NEUTRAL,2025,16460.0,26231.5,1308.6,REPEAT,NEUTRAL,False,False
2025-10-28 18:00:00,26215.5,2025-10,24158.5,26231.5,1310.8,REPEAT,NEUTRAL,2025-Q4,24158.5,26231.5,1310.8,REPEAT,NEUTRAL,2025,16460.0,26231.5,1310.8,REPEAT,NEUTRAL,False,False
2025-10-28 22:00:00,26260.8,2025-10,24158.5,26263.8,1313.0,REPEAT,NEUTRAL,2025-Q4,24158.5,26263.8,1313.0,REPEAT,NEUTRAL,2025,16460.0,26263.8,1313.0,REPEAT,NEUTRAL,False,False
2025-10-29 02:00:00,26237.8,2025-10,24158.5,26309.8,1311.9,REPEAT,NEUTRAL,2025-Q4,24158.5,26309.8,1311.9,REPEAT,NEUTRAL,2025,16460.0,26309.8,1311.9,REPEAT,NEUTRAL,False,False
2025-10-29 06:00:00,26318.8,2025-10,24158.5,26319.5,1315.9,REPEAT,NEUTRAL,2025-Q4,24158.5,26319.5,1315.9,REPEAT,NEUTRAL,2025,16460.0,26319.5,1315.9,REPEAT,NEUTRAL,False,False
2025-10-29 10:00:00,26254.0,2025-10,24158.5,26326.5,1312.7,REPEAT,NEUTRAL,2025-Q4,24158.5,26326.5,1312.7,REPEAT,NEUTRAL,2025,16460.0,26326.5,1312.7,REPEAT,NEUTRAL,False,False
2025-10-29 14:00:00,26221.0,2025-10,24158.5,26379.8,1311.1,NEW_HIGH,NEUTRAL,2025-Q4,24158.5,26379.8,1311.1,NEW_HIGH,NEUTRAL,2025,16460.0,26379.8,1311.1,REPEAT,NEUTRAL,False,False
2025-10-29 18:00:00,26298.2,2025-10,24158.5,26379.8,1314.9,NEW_HIGH,NEUTRAL,2025-Q4,24158.5,26379.8,1314.9,NEW_HIGH,NEUTRAL,2025,16460.0,26379.8,1314.9,REPEAT,NEUTRAL,False,False
2025-10-29 22:00:00,26281.2,2025-10,24158.5,26399.0,1314.1,NEW_HIGH,NEUTRAL,2025-Q4,24158.5,26399.0,1314.1,NEW_HIGH,NEUTRAL,2025,16460.0,26399.0,1314.1,REPEAT,NEUTRAL,False,False
2025-10-30 02:00:00,26206.2,2025-10,24158.5,26399.0,1310.3,NEW_HIGH,NEUTRAL,2025-Q4,24158.5,26399.0,1310.3,NEW_HIGH,NEUTRAL,2025,16460.0,26399.0,1310.3,REPEAT,NEUTRAL,False,False
2025-10-30 06:00:00,26125.0,2025-10,24158.5,26399.0,1306.2,NEW_HIGH,NEUTRAL,2025-Q4,24158.5,26399.0,1306.2,NEW_HIGH,NEUTRAL,2025,16460.0,26399.0,1306.2,REPEAT,NEUTRAL,False,False
2025-10-30 10:00:00,26067.5,2025-10,24158.5,26399.0,1303.4,NEW_HIGH,NEUTRAL,2025-Q4,24158.5,26399.0,1303.4,NEW_HIGH,NEUTRAL,2025,16460.0,26399.0,1303.4,REPEAT,NEUTRAL,False,False
2025-10-30 14:00:00,26149.2,2025-10,24158.5,26399.0,1307.5,NEW_HIGH,NEUTRAL,2025-Q4,24158.5,26399.0,1307.5,NEW_HIGH,NEUTRAL,2025,16460.0,26399.0,1307.5,REPEAT,NEUTRAL,False,False
2025-10-30 18:00:00,26206.8,2025-10,24158.5,26399.0,1310.3,NEW_HIGH,NEUTRAL,2025-Q4,24158.5,26399.0,1310.3,NEW_HIGH,NEUTRAL,2025,16460.0,26399.0,1310.3,REPEAT,NEUTRAL,False,False
2025-10-30 22:00:00,26165.2,2025-10,24158.5,26399.0,1308.3,NEW_HIGH,NEUTRAL,2025-Q4,24158.5,26399.0,1308.3,NEW_HIGH,NEUTRAL,2025,16460.0,26399.0,1308.3,REPEAT,NEUTRAL,False,False
2025-10-31 02:00:00,26182.0,2025-10,24158.5,26399.0,1309.1,NEW_HIGH,NEUTRAL,2025-Q4,24158.5,26399.0,1309.1,NEW_HIGH,NEUTRAL,2025,16460.0,26399.0,1309.1,REPEAT,NEUTRAL,False,False
2025-10-31 06:00:00,26102.2,2025-10,24158.5,26399.0,1305.1,NEW_HIGH,NEUTRAL,2025-Q4,24158.5,26399.0,1305.1,NEW_HIGH,NEUTRAL,2025,16460.0,26399.0,1305.1,REPEAT,NEUTRAL,False,False
2025-10-31 10:00:00,25947.8,2025-10,24158.5,26399.0,1297.4,NEW_HIGH,NEUTRAL,2025-Q4,24158.5,26399.0,1297.4,NEW_HIGH,NEUTRAL,2025,16460.0,26399.0,1297.4,REPEAT,NEUTRAL,False,False
2025-10-31 14:00:00,25983.0,2025-10,24158.5,26399.0,1299.2,NEW_HIGH,NEUTRAL,2025-Q4,24158.5,26399.0,1299.2,NEW_HIGH,NEUTRAL,2025,16460.0,26399.0,1299.2,REPEAT,NEUTRAL,False,False
2025-11-02 18:00:00,26083.0,2025-11,26012.8,26123.0,1304.2,REPEAT,HIGH_TREND,2025-Q4,24158.5,26399.0,1304.2,NEW_HIGH,NEUTRAL,2025,16460.0,26399.0,1304.2,REPEAT,NEUTRAL,False,False
2025-11-02 22:00:00,26048.0,2025-11,26012.8,26123.0,1302.4,REPEAT,HIGH_TREND,2025-Q4,24158.5,26399.0,1302.4,NEW_HIGH,NEUTRAL,2025,16460.0,26399.0,1302.4,REPEAT,NEUTRAL,False,False
2025-11-03 02:00:00,26138.5,2025-11,26012.8,26163.0,1306.9,REPEAT,HIGH_TREND,2025-Q4,24158.5,26399.0,1306.9,NEW_HIGH,NEUTRAL,2025,16460.0,26399.0,1306.9,REPEAT,NEUTRAL,False,False
2025-11-03 06:00:00,26134.2,2025-11,26012.8,26266.0,1306.7,REPEAT,HIGH_TREND,2025-Q4,24158.5,26399.0,1306.7,NEW_HIGH,NEUTRAL,2025,16460.0,26399.0,1306.7,REPEAT,NEUTRAL,False,False
2025-11-03 10:00:00,26129.5,2025-11,26012.8,26266.0,1306.5,REPEAT,HIGH_TREND,2025-Q4,24158.5,26399.0,1306.5,NEW_HIGH,NEUTRAL,2025,16460.0,26399.0,1306.5,REPEAT,NEUTRAL,False,False
2025-11-03 14:00:00,26109.5,2025-11,26012.8,26266.0,1305.5,REPEAT,HIGH_TREND,2025-Q4,24158.5,26399.0,1305.5,NEW_HIGH,NEUTRAL,2025,16460.0,26399.0,1305.5,REPEAT,NEUTRAL,False,False
2025-11-03 18:00:00,25941.8,2025-11,25940.2,26266.0,1297.1,REPEAT,HIGH_TREND,2025-Q4,24158.5,26399.0,1297.1,NEW_HIGH,NEUTRAL,2025,16460.0,26399.0,1297.1,REPEAT,NEUTRAL,False,False
2025-11-03 22:00:00,25776.0,2025-11,25742.0,26266.0,1288.8,REPEAT,HIGH_TREND,2025-Q4,24158.5,26399.0,1288.8,NEW_HIGH,NEUTRAL,2025,16460.0,26399.0,1288.8,REPEAT,NEUTRAL,False,False
2025-11-04 02:00:00,25758.2,2025-11,25645.0,26266.0,1287.9,REPEAT,HIGH_TREND,2025-Q4,24158.5,26399.0,1287.9,NEW_HIGH,NEUTRAL,2025,16460.0,26399.0,1287.9,REPEAT,NEUTRAL,False,False
2025-11-04 06:00:00,25875.2,2025-11,25645.0,26266.0,1293.8,REPEAT,HIGH_TREND,2025-Q4,24158.5,26399.0,1293.8,NEW_HIGH,NEUTRAL,2025,16460.0,26399.0,1293.8,REPEAT,NEUTRAL,False,False
2025-11-04 10:00:00,25669.2,2025-11,25601.8,26266.0,1283.5,REPEAT,HIGH_TREND,2025-Q4,24158.5,26399.0,1283.5,NEW_HIGH,NEUTRAL,2025,16460.0,26399.0,1283.5,REPEAT,NEUTRAL,False,False
2025-11-04 14:00:00,25577.0,2025-11,25522.8,26266.0,1278.9,REPEAT,HIGH_TREND,2025-Q4,24158.5,26399.0,1278.9,NEW_HIGH,NEUTRAL,2025,16460.0,26399.0,1278.9,REPEAT,NEUTRAL,False,False
2025-11-04 18:00:00,25415.2,2025-11,25282.0,26266.0,1270.8,REPEAT,HIGH_TREND,2025-Q4,24158.5,26399.0,1270.8,NEW_HIGH,NEUTRAL,2025,16460.0,26399.0,1270.8,REPEAT,NEUTRAL,False,False
2025-11-04 22:00:00,25529.0,2025-11,25282.0,26266.0,1276.4,REPEAT,HIGH_TREND,2025-Q4,24158.5,26399.0,1276.4,NEW_HIGH,NEUTRAL,2025,16460.0,26399.0,1276.4,REPEAT,NEUTRAL,False,False
2025-11-05 02:00:00,25414.0,2025-11,25282.0,26266.0,1270.7,REPEAT,HIGH_TREND,2025-Q4,24158.5,26399.0,1270.7,NEW_HIGH,NEUTRAL,2025,16460.0,26399.0,1270.7,REPEAT,NEUTRAL,False,False
2025-11-05 06:00:00,25696.0,2025-11,25282.0,26266.0,1284.8,REPEAT,HIGH_TREND,2025-Q4,24158.5,26399.0,1284.8,NEW_HIGH,NEUTRAL,2025,16460.0,26399.0,1284.8,REPEAT,NEUTRAL,False,False
2025-11-05 10:00:00,25864.5,2025-11,25282.0,26266.0,1293.2,REPEAT,HIGH_TREND,2025-Q4,24158.5,26399.0,1293.2,NEW_HIGH,NEUTRAL,2025,16460.0,26399.0,1293.2,REPEAT,NEUTRAL,False,False
2025-11-05 14:00:00,25729.0,2025-11,25282.0,26266.0,1286.4,REPEAT,HIGH_TREND,2025-Q4,24158.5,26399.0,1286.4,NEW_HIGH,NEUTRAL,2025,16460.0,26399.0,1286.4,REPEAT,NEUTRAL,False,False
2025-11-05 18:00:00,25715.5,2025-11,25282.0,26266.0,1285.8,REPEAT,HIGH_TREND,2025-Q4,24158.5,26399.0,1285.8,NEW_HIGH,NEUTRAL,2025,16460.0,26399.0,1285.8,REPEAT,NEUTRAL,False,False
2025-11-05 22:00:00,25682.8,2025-11,25282.0,26266.0,1284.1,REPEAT,HIGH_TREND,2025-Q4,24158.5,26399.0,1284.1,NEW_HIGH,NEUTRAL,2025,16460.0,26399.0,1284.1,REPEAT,NEUTRAL,False,False
2025-11-06 02:00:00,25752.0,2025-11,25282.0,26266.0,1287.6,REPEAT,HIGH_TREND,2025-Q4,24158.5,26399.0,1287.6,NEW_HIGH,NEUTRAL,2025,16460.0,26399.0,1287.6,REPEAT,NEUTRAL,False,False
2025-11-06 06:00:00,25513.0,2025-11,25282.0,26266.0,1275.6,REPEAT,HIGH_TREND,2025-Q4,24158.5,26399.0,1275.6,NEW_HIGH,NEUTRAL,2025,16460.0,26399.0,1275.6,REPEAT,NEUTRAL,False,False
2025-11-06 10:00:00,25330.2,2025-11,25197.8,26266.0,1266.5,REPEAT,HIGH_TREND,2025-Q4,24158.5,26399.0,1266.5,NEW_HIGH,NEUTRAL,2025,16460.0,26399.0,1266.5,REPEAT,NEUTRAL,False,False
2025-11-06 14:00:00,25311.5,2025-11,25197.8,26266.0,1265.6,REPEAT,HIGH_TREND,2025-Q4,24158.5,26399.0,1265.6,NEW_HIGH,NEUTRAL,2025,16460.0,26399.0,1265.6,REPEAT,NEUTRAL,False,False
2025-11-06 18:00:00,25267.5,2025-11,25197.8,26266.0,1263.4,REPEAT,HIGH_TREND,2025-Q4,24158.5,26399.0,1263.4,NEW_HIGH,NEUTRAL,2025,16460.0,26399.0,1263.4,REPEAT,NEUTRAL,False,False
2025-11-06 22:00:00,25325.5,2025-11,25162.0,26266.0,1266.3,REPEAT,HIGH_TREND,2025-Q4,24158.5,26399.0,1266.3,NEW_HIGH,NEUTRAL,2025,16460.0,26399.0,1266.3,REPEAT,NEUTRAL,False,False
2025-11-07 02:00:00,25219.2,2025-11,25162.0,26266.0,1261.0,REPEAT,HIGH_TREND,2025-Q4,24158.5,26399.0,1261.0,NEW_HIGH,NEUTRAL,2025,16460.0,26399.0,1261.0,REPEAT,NEUTRAL,False,False
2025-11-07 06:00:00,25028.0,2025-11,24917.8,26266.0,1251.4,REPEAT,HIGH_TREND,2025-Q4,24158.5,26399.0,1251.4,NEW_HIGH,NEUTRAL,2025,16460.0,26399.0,1251.4,REPEAT,NEUTRAL,False,False
2025-11-07 10:00:00,24922.5,2025-11,24709.2,26266.0,1246.1,REPEAT,HIGH_TREND,2025-Q4,24158.5,26399.0,1246.1,NEW_HIGH,HIGH_TREND,2025,16460.0,26399.0,1246.1,REPEAT,NEUTRAL,False,True
2025-11-07 14:00:00,25226.8,2025-11,24709.2,26266.0,1261.3,REPEAT,HIGH_TREND,2025-Q4,24158.5,26399.0,1261.3,NEW_HIGH,NEUTRAL,2025,16460.0,26399.0,1261.3,REPEAT,NEUTRAL,False,False
2025-11-09 18:00:00,25432.0,2025-11,24709.2,26266.0,1271.6,REPEAT,HIGH_TREND,2025-Q4,24158.5,26399.0,1271.6,NEW_HIGH,NEUTRAL,2025,16460.0,26399.0,1271.6,REPEAT,NEUTRAL,False,False
2025-11-09 22:00:00,25470.5,2025-11,24709.2,26266.0,1273.5,REPEAT,HIGH_TREND,2025-Q4,24158.5,26399.0,1273.5,NEW_HIGH,NEUTRAL,2025,16460.0,26399.0,1273.5,REPEAT,NEUTRAL,False,False
2025-11-10 02:00:00,25529.0,2025-11,24709.2,26266.0,1276.4,REPEAT,HIGH_TREND,2025-Q4,24158.5,26399.0,1276.4,NEW_HIGH,NEUTRAL,2025,16460.0,26399.0,1276.4,REPEAT,NEUTRAL,False,False
2025-11-10 06:00:00,25638.2,2025-11,24709.2,26266.0,1281.9,REPEAT,HIGH_TREND,2025-Q4,24158.5,26399.0,1281.9,NEW_HIGH,NEUTRAL,2025,16460.0,26399.0,1281.9,REPEAT,NEUTRAL,False,False
2025-11-10 10:00:00,25646.8,2025-11,24709.2,26266.0,1282.3,REPEAT,HIGH_TREND,2025-Q4,24158.5,26399.0,1282.3,NEW_HIGH,NEUTRAL,2025,16460.0,26399.0,1282.3,REPEAT,NEUTRAL,False,False
2025-11-10 14:00:00,25720.8,2025-11,24709.2,26266.0,1286.0,REPEAT,HIGH_TREND,2025-Q4,24158.5,26399.0,1286.0,NEW_HIGH,NEUTRAL,2025,16460.0,26399.0,1286.0,REPEAT,NEUTRAL,False,False
2025-11-10 18:00:00,25736.0,2025-11,24709.2,26266.0,1286.8,REPEAT,HIGH_TREND,2025-Q4,24158.5,26399.0,1286.8,NEW_HIGH,NEUTRAL,2025,16460.0,26399.0,1286.8,REPEAT,NEUTRAL,False,False
2025-11-10 22:00:00,25683.8,2025-11,24709.2,26266.0,1284.2,REPEAT,HIGH_TREND,2025-Q4,24158.5,26399.0,1284.2,NEW_HIGH,NEUTRAL,2025,16460.0,26399.0,1284.2,REPEAT,NEUTRAL,False,False
2025-11-11 02:00:00,25620.8,2025-11,24709.2,26266.0,1281.0,REPEAT,HIGH_TREND,2025-Q4,24158.5,26399.0,1281.0,NEW_HIGH,NEUTRAL,2025,16460.0,26399.0,1281.0,REPEAT,NEUTRAL,False,False
2025-11-11 06:00:00,25627.0,2025-11,24709.2,26266.0,1281.4,REPEAT,HIGH_TREND,2025-Q4,24158.5,26399.0,1281.4,NEW_HIGH,NEUTRAL,2025,16460.0,26399.0,1281.4,REPEAT,NEUTRAL,False,False
2025-11-11 10:00:00,25690.5,2025-11,24709.2,26266.0,1284.5,REPEAT,HIGH_TREND,2025-Q4,24158.5,26399.0,1284.5,NEW_HIGH,NEUTRAL,2025,16460.0,26399.0,1284.5,REPEAT,NEUTRAL,False,False
2025-11-11 14:00:00,25659.0,2025-11,24709.2,26266.0,1283.0,REPEAT,HIGH_TREND,2025-Q4,24158.5,26399.0,1283.0,NEW_HIGH,NEUTRAL,2025,16460.0,26399.0,1283.0,REPEAT,NEUTRAL,False,False
2025-11-11 18:00:00,25725.0,2025-11,24709.2,26266.0,1286.2,REPEAT,HIGH_TREND,2025-Q4,24158.5,26399.0,1286.2,NEW_HIGH,NEUTRAL,2025,16460.0,26399.0,1286.2,REPEAT,NEUTRAL,False,False
2025-11-11 22:00:00,25771.0,2025-11,24709.2,26266.0,1288.6,REPEAT,HIGH_TREND,2025-Q4,24158.5,26399.0,1288.6,NEW_HIGH,NEUTRAL,2025,16460.0,26399.0,1288.6,REPEAT,NEUTRAL,False,False
2025-11-12 02:00:00,25797.2,2025-11,24709.2,26266.0,1289.9,REPEAT,HIGH_TREND,2025-Q4,24158.5,26399.0,1289.9,NEW_HIGH,NEUTRAL,2025,16460.0,26399.0,1289.9,REPEAT,NEUTRAL,False,False
2025-11-12 06:00:00,25593.2,2025-11,24709.2,26266.0,1279.7,REPEAT,HIGH_TREND,2025-Q4,24158.5,26399.0,1279.7,NEW_HIGH,NEUTRAL,2025,16460.0,26399.0,1279.7,REPEAT,NEUTRAL,False,False
2025-11-12 10:00:00,25612.5,2025-11,24709.2,26266.0,1280.6,REPEAT,HIGH_TREND,2025-Q4,24158.5,26399.0,1280.6,NEW_HIGH,NEUTRAL,2025,16460.0,26399.0,1280.6,REPEAT,NEUTRAL,False,False
2025-11-12 14:00:00,25625.0,2025-11,24709.2,26266.0,1281.2,REPEAT,HIGH_TREND,2025-Q4,24158.5,26399.0,1281.2,NEW_HIGH,NEUTRAL,2025,16460.0,26399.0,1281.2,REPEAT,NEUTRAL,False,False
2025-11-12 18:00:00,25659.0,2025-11,24709.2,26266.0,1283.0,REPEAT,HIGH_TREND,2025-Q4,24158.5,26399.0,1283.0,NEW_HIGH,NEUTRAL,2025,16460.0,26399.0,1283.0,REPEAT,NEUTRAL,False,False
2025-11-12 22:00:00,25711.5,2025-11,24709.2,26266.0,1285.6,REPEAT,HIGH_TREND,2025-Q4,24158.5,26399.0,1285.6,NEW_HIGH,NEUTRAL,2025,16460.0,26399.0,1285.6,REPEAT,NEUTRAL,False,False
2025-11-13 02:00:00,25597.5,2025-11,24709.2,26266.0,1279.9,REPEAT,HIGH_TREND,2025-Q4,24158.5,26399.0,1279.9,NEW_HIGH,NEUTRAL,2025,16460.0,26399.0,1279.9,REPEAT,NEUTRAL,False,False
2025-11-13 06:00:00,25381.2,2025-11,24709.2,26266.0,1269.1,REPEAT,HIGH_TREND,2025-Q4,24158.5,26399.0,1269.1,NEW_HIGH,NEUTRAL,2025,16460.0,26399.0,1269.1,REPEAT,NEUTRAL,False,False
2025-11-13 10:00:00,25070.5,2025-11,24709.2,26266.0,1253.5,REPEAT,HIGH_TREND,2025-Q4,24158.5,26399.0,1253.5,NEW_HIGH,NEUTRAL,2025,16460.0,26399.0,1253.5,REPEAT,NEUTRAL,False,False
2025-11-13 14:00:00,25087.5,2025-11,24709.2,26266.0,1254.4,REPEAT,HIGH_TREND,2025-Q4,24158.5,26399.0,1254.4,NEW_HIGH,NEUTRAL,2025,16460.0,26399.0,1254.4,REPEAT,NEUTRAL,False,False
2025-11-13 18:00:00,25134.2,2025-11,24709.2,26266.0,1256.7,REPEAT,HIGH_TREND,2025-Q4,24158.5,26399.0,1256.7,NEW_HIGH,NEUTRAL,2025,16460.0,26399.0,1256.7,REPEAT,NEUTRAL,False,False
2025-11-13 22:00:00,25069.5,2025-11,24709.2,26266.0,1253.5,REPEAT,HIGH_TREND,2025-Q4,24158.5,26399.0,1253.5,NEW_HIGH,NEUTRAL,2025,16460.0,26399.0,1253.5,REPEAT,NEUTRAL,False,False
2025-11-14 02:00:00,24944.8,2025-11,24709.2,26266.0,1247.2,REPEAT,HIGH_TREND,2025-Q4,24158.5,26399.0,1247.2,NEW_HIGH,HIGH_TREND,2025,16460.0,26399.0,1247.2,REPEAT,NEUTRAL,False,True
2025-11-14 06:00:00,24953.0,2025-11,24626.0,26266.0,1247.6,REPEAT,HIGH_TREND,2025-Q4,24158.5,26399.0,1247.6,NEW_HIGH,HIGH_TREND,2025,16460.0,26399.0,1247.6,REPEAT,NEUTRAL,False,True
2025-11-14 10:00:00,25172.8,2025-11,24626.0,26266.0,1258.6,REPEAT,HIGH_TREND,2025-Q4,24158.5,26399.0,1258.6,NEW_HIGH,NEUTRAL,2025,16460.0,26399.0,1258.6,REPEAT,NEUTRAL,False,False
2025-11-14 14:00:00,25147.5,2025-11,24626.0,26266.0,1257.4,REPEAT,HIGH_TREND,2025-Q4,24158.5,26399.0,1257.4,NEW_HIGH,NEUTRAL,2025,16460.0,26399.0,1257.4,REPEAT,NEUTRAL,False,False
2025-11-16 18:00:00,25252.8,2025-11,24626.0,26266.0,1262.6,REPEAT,HIGH_TREND,2025-Q4,24158.5,26399.0,1262.6,NEW_HIGH,NEUTRAL,2025,16460.0,26399.0,1262.6,REPEAT,NEUTRAL,False,False
2025-11-16 22:00:00,25238.0,2025-11,24626.0,26266.0,1261.9,REPEAT,HIGH_TREND,2025-Q4,24158.5,26399.0,1261.9,NEW_HIGH,NEUTRAL,2025,16460.0,26399.0,1261.9,REPEAT,NEUTRAL,False,False
2025-11-17 02:00:00,25199.0,2025-11,24626.0,26266.0,1260.0,REPEAT,HIGH_TREND,2025-Q4,24158.5,26399.0,1260.0,NEW_HIGH,NEUTRAL,2025,16460.0,26399.0,1260.0,REPEAT,NEUTRAL,False,False
2025-11-17 06:00:00,25198.5,2025-11,24626.0,26266.0,1259.9,REPEAT,HIGH_TREND,2025-Q4,24158.5,26399.0,1259.9,NEW_HIGH,NEUTRAL,2025,16460.0,26399.0,1259.9,REPEAT,NEUTRAL,False,False
2025-11-17 10:00:00,24895.2,2025-11,24626.0,26266.0,1244.8,REPEAT,HIGH_TREND,2025-Q4,24158.5,26399.0,1244.8,NEW_HIGH,HIGH_TREND,2025,16460.0,26399.0,1244.8,REPEAT,NEUTRAL,False,True
2025-11-17 14:00:00,24905.5,2025-11,24626.0,26266.0,1245.3,REPEAT,HIGH_TREND,2025-Q4,24158.5,26399.0,1245.3,NEW_HIGH,HIGH_TREND,2025,16460.0,26399.0,1245.3,REPEAT,NEUTRAL,False,True
2025-11-17 18:00:00,24840.2,2025-11,24626.0,26266.0,1242.0,REPEAT,HIGH_TREND,2025-Q4,24158.5,26399.0,1242.0,NEW_HIGH,HIGH_TREND,2025,16460.0,26399.0,1242.0,REPEAT,NEUTRAL,False,True
2025-11-17 22:00:00,24660.2,2025-11,24607.0,26266.0,1233.0,REPEAT,HIGH_TREND,2025-Q4,24158.5,26399.0,1233.0,NEW_HIGH,HIGH_TREND,2025,16460.0,26399.0,1233.0,REPEAT,NEUTRAL,False,True
2025-11-18 02:00:00,24827.5,2025-11,24603.8,26266.0,1241.4,REPEAT,HIGH_TREND,2025-Q4,24158.5,26399.0,1241.4,NEW_HIGH,HIGH_TREND,2025,16460.0,26399.0,1241.4,REPEAT,NEUTRAL,False,True
2025-11-18 06:00:00,24522.5,2025-11,24522.0,26266.0,1226.1,REPEAT,HIGH_TREND,2025-Q4,24158.5,26399.0,1226.1,NEW_HIGH,HIGH_TREND,2025,16460.0,26399.0,1226.1,REPEAT,NEUTRAL,False,True
2025-11-18 10:00:00,24710.2,2025-11,24376.2,26266.0,1235.5,REPEAT,HIGH_TREND,2025-Q4,24158.5,26399.0,1235.5,NEW_HIGH,HIGH_TREND,2025,16460.0,26399.0,1235.5,REPEAT,NEUTRAL,False,True
2025-11-18 14:00:00,24531.2,2025-11,24376.2,26266.0,1226.6,REPEAT,HIGH_TREND,2025-Q4,24158.5,26399.0,1226.6,NEW_HIGH,HIGH_TREND,2025,16460.0,26399.0,1226.6,REPEAT,NEUTRAL,False,True
2025-11-18 18:00:00,24646.5,2025-11,24376.2,26266.0,1232.3,REPEAT,HIGH_TREND,2025-Q4,24158.5,26399.0,1232.3,NEW_HIGH,HIGH_TREND,2025,16460.0,26399.0,1232.3,REPEAT,NEUTRAL,False,True
2025-11-18 22:00:00,24553.2,2025-11,24376.2,26266.0,1227.7,REPEAT,HIGH_TREND,2025-Q4,24158.5,26399.0,1227.7,NEW_HIGH,HIGH_TREND,2025,16460.0,26399.0,1227.7,REPEAT,NEUTRAL,False,True
2025-11-19 02:00:00,24700.2,2025-11,24376.2,26266.0,1235.0,REPEAT,HIGH_TREND,2025-Q4,24158.5,26399.0,1235.0,NEW_HIGH,HIGH_TREND,2025,16460.0,26399.0,1235.0,REPEAT,NEUTRAL,False,True
2025-11-19 06:00:00,24893.8,2025-11,24376.2,26266.0,1244.7,REPEAT,HIGH_TREND,2025-Q4,24158.5,26399.0,1244.7,NEW_HIGH,HIGH_TREND,2025,16460.0,26399.0,1244.7,REPEAT,NEUTRAL,False,True
2025-11-19 10:00:00,24686.8,2025-11,24376.2,26266.0,1234.3,REPEAT,HIGH_TREND,2025-Q4,24158.5,26399.0,1234.3,NEW_HIGH,HIGH_TREND,2025,16460.0,26399.0,1234.3,REPEAT,NEUTRAL,False,True
2025-11-19 14:00:00,24958.8,2025-11,24376.2,26266.0,1247.9,REPEAT,HIGH_TREND,2025-Q4,24158.5,26399.0,1247.9,NEW_HIGH,HIGH_TREND,2025,16460.0,26399.0,1247.9,REPEAT,NEUTRAL,False,True
2025-11-19 18:00:00,25168.0,2025-11,24376.2,26266.0,1258.4,REPEAT,HIGH_TREND,2025-Q4,24158.5,26399.0,1258.4,NEW_HIGH,NEUTRAL,2025,16460.0,26399.0,1258.4,REPEAT,NEUTRAL,False,False
2025-11-19 22:00:00,25175.0,2025-11,24376.2,26266.0,1258.8,REPEAT,HIGH_TREND,2025-Q4,24158.5,26399.0,1258.8,NEW_HIGH,NEUTRAL,2025,16460.0,26399.0,1258.8,REPEAT,NEUTRAL,False,False
2025-11-20 02:00:00,25113.5,2025-11,24376.2,26266.0,1255.7,REPEAT,HIGH_TREND,2025-Q4,24158.5,26399.0,1255.7,NEW_HIGH,NEUTRAL,2025,16460.0,26399.0,1255.7,REPEAT,NEUTRAL,False,False
2025-11-20 06:00:00,25274.2,2025-11,24376.2,26266.0,1263.7,REPEAT,HIGH_TREND,2025-Q4,24158.5,26399.0,1263.7,NEW_HIGH,NEUTRAL,2025,16460.0,26399.0,1263.7,REPEAT,NEUTRAL,False,False
2025-11-20 10:00:00,24278.8,2025-11,24235.5,26266.0,1213.9,REPEAT,HIGH_TREND,2025-Q4,24158.5,26399.0,1213.9,NEW_HIGH,HIGH_TREND,2025,16460.0,26399.0,1213.9,REPEAT,NEUTRAL,False,True
2025-11-20 14:00:00,24073.8,2025-11,24073.2,26266.0,1203.7,REPEAT,HIGH_TREND,2025-Q4,24073.2,26399.0,1203.7,NEW_HIGH,HIGH_TREND,2025,16460.0,26399.0,1203.7,REPEAT,NEUTRAL,False,True
2025-11-20 18:00:00,24172.8,2025-11,24018.0,26266.0,1208.6,REPEAT,HIGH_TREND,2025-Q4,24018.0,26399.0,1208.6,NEW_HIGH,HIGH_TREND,2025,16460.0,26399.0,1208.6,REPEAT,NEUTRAL,False,True
2025-11-20 22:00:00,24174.2,2025-11,24018.0,26266.0,1208.7,REPEAT,HIGH_TREND,2025-Q4,24018.0,26399.0,1208.7,NEW_HIGH,HIGH_TREND,2025,16460.0,26399.0,1208.7,REPEAT,NEUTRAL,False,True
2025-11-21 02:00:00,24091.2,2025-11,23904.5,26266.0,1204.6,REPEAT,HIGH_TREND,2025-Q4,23904.5,26399.0,1204.6,NEW_HIGH,HIGH_TREND,2025,16460.0,26399.0,1204.6,REPEAT,NEUTRAL,False,True
2025-11-21 06:00:00,24174.0,2025-11,23904.5,26266.0,1208.7,REPEAT,HIGH_TREND,2025-Q4,23904.5,26399.0,1208.7,NEW_HIGH,HIGH_TREND,2025,16460.0,26399.0,1208.7,REPEAT,NEUTRAL,False,True
2025-11-21 10:00:00,24477.2,2025-11,23904.5,26266.0,1223.9,REPEAT,HIGH_TREND,2025-Q4,23904.5,26399.0,1223.9,NEW_HIGH,HIGH_TREND,2025,16460.0,26399.0,1223.9,REPEAT,NEUTRAL,False,True
2025-11-21 14:00:00,24349.0,2025-11,23904.5,26266.0,1217.4,REPEAT,HIGH_TREND,2025-Q4,23904.5,26399.0,1217.4,NEW_HIGH,HIGH_TREND,2025,16460.0,26399.0,1217.4,REPEAT,NEUTRAL,False,True
2025-11-23 18:00:00,24515.2,2025-11,23904.5,26266.0,1225.8,REPEAT,HIGH_TREND,2025-Q4,23904.5,26399.0,1225.8,NEW_HIGH,HIGH_TREND,2025,16460.0,26399.0,1225.8,REPEAT,NEUTRAL,False,True
2025-11-23 22:00:00,24475.5,2025-11,23904.5,26266.0,1223.8,REPEAT,HIGH_TREND,2025-Q4,23904.5,26399.0,1223.8,NEW_HIGH,HIGH_TREND,2025,16460.0,26399.0,1223.8,REPEAT,NEUTRAL,False,True
2025-11-24 02:00:00,24402.5,2025-11,23904.5,26266.0,1220.1,REPEAT,HIGH_TREND,2025-Q4,23904.5,26399.0,1220.1,NEW_HIGH,HIGH_TREND,2025,16460.0,26399.0,1220.1,REPEAT,NEUTRAL,False,True
2025-11-24 06:00:00,24683.5,2025-11,23904.5,26266.0,1234.2,REPEAT,HIGH_TREND,2025-Q4,23904.5,26399.0,1234.2,NEW_HIGH,HIGH_TREND,2025,16460.0,26399.0,1234.2,REPEAT,NEUTRAL,False,True
2025-11-24 10:00:00,24925.5,2025-11,23904.5,26266.0,1246.3,REPEAT,HIGH_TREND,2025-Q4,23904.5,26399.0,1246.3,NEW_HIGH,HIGH_TREND,2025,16460.0,26399.0,1246.3,REPEAT,NEUTRAL,False,True
2025-11-24 14:00:00,24962.8,2025-11,23904.5,26266.0,1248.1,REPEAT,HIGH_TREND,2025-Q4,23904.5,26399.0,1248.1,NEW_HIGH,HIGH_TREND,2025,16460.0,26399.0,1248.1,REPEAT,NEUTRAL,False,True
2025-11-24 18:00:00,24947.0,2025-11,23904.5,26266.0,1247.4,REPEAT,HIGH_TREND,2025-Q4,23904.5,26399.0,1247.4,NEW_HIGH,HIGH_TREND,2025,16460.0,26399.0,1247.4,REPEAT,NEUTRAL,False,True
2025-11-24 22:00:00,24901.5,2025-11,23904.5,26266.0,1245.1,REPEAT,HIGH_TREND,2025-Q4,23904.5,26399.0,1245.1,NEW_HIGH,HIGH_TREND,2025,16460.0,26399.0,1245.1,REPEAT,NEUTRAL,False,True
2025-11-25 02:00:00,24886.2,2025-11,23904.5,26266.0,1244.3,REPEAT,HIGH_TREND,2025-Q4,23904.5,26399.0,1244.3,NEW_HIGH,HIGH_TREND,2025,16460.0,26399.0,1244.3,REPEAT,NEUTRAL,False,True
2025-11-25 06:00:00,24817.0,2025-11,23904.5,26266.0,1240.9,REPEAT,HIGH_TREND,2025-Q4,23904.5,26399.0,1240.9,NEW_HIGH,HIGH_TREND,2025,16460.0,26399.0,1240.9,REPEAT,NEUTRAL,False,True
2025-11-25 10:00:00,25023.8,2025-11,23904.5,26266.0,1251.2,REPEAT,HIGH_TREND,2025-Q4,23904.5,26399.0,1251.2,NEW_HIGH,HIGH_TREND,2025,16460.0,26399.0,1251.2,REPEAT,NEUTRAL,False,True
2025-11-25 14:00:00,25064.5,2025-11,23904.5,26266.0,1253.2,REPEAT,HIGH_TREND,2025-Q4,23904.5,26399.0,1253.2,NEW_HIGH,NEUTRAL,2025,16460.0,26399.0,1253.2,REPEAT,NEUTRAL,False,False
2025-11-25 18:00:00,25181.8,2025-11,23904.5,26266.0,1259.1,REPEAT,HIGH_TREND,2025-Q4,23904.5,26399.0,1259.1,NEW_HIGH,NEUTRAL,2025,16460.0,26399.0,1259.1,REPEAT,NEUTRAL,False,False
2025-11-25 22:00:00,25211.2,2025-11,23904.5,26266.0,1260.6,REPEAT,HIGH_TREND,2025-Q4,23904.5,26399.0,1260.6,NEW_HIGH,NEUTRAL,2025,16460.0,26399.0,1260.6,REPEAT,NEUTRAL,False,False
2025-11-26 02:00:00,25197.0,2025-11,23904.5,26266.0,1259.9,REPEAT,HIGH_TREND,2025-Q4,23904.5,26399.0,1259.9,NEW_HIGH,NEUTRAL,2025,16460.0,26399.0,1259.9,REPEAT,NEUTRAL,False,False
2025-11-26 06:00:00,25167.5,2025-11,23904.5,26266.0,1258.4,REPEAT,HIGH_TREND,2025-Q4,23904.5,26399.0,1258.4,NEW_HIGH,NEUTRAL,2025,16460.0,26399.0,1258.4,REPEAT,NEUTRAL,False,False
2025-11-26 10:00:00,25316.5,2025-11,23904.5,26266.0,1265.8,REPEAT,HIGH_TREND,2025-Q4,23904.5,26399.0,1265.8,NEW_HIGH,NEUTRAL,2025,16460.0,26399.0,1265.8,REPEAT,NEUTRAL,False,False
2025-11-26 14:00:00,25314.0,2025-11,23904.5,26266.0,1265.7,REPEAT,HIGH_TREND,2025-Q4,23904.5,26399.0,1265.7,NEW_HIGH,NEUTRAL,2025,16460.0,26399.0,1265.7,REPEAT,NEUTRAL,False,False
2025-11-26 18:00:00,25316.2,2025-11,23904.5,26266.0,1265.8,REPEAT,HIGH_TREND,2025-Q4,23904.5,26399.0,1265.8,NEW_HIGH,NEUTRAL,2025,16460.0,26399.0,1265.8,REPEAT,NEUTRAL,False,False
2025-11-26 22:00:00,25302.8,2025-11,23904.5,26266.0,1265.1,REPEAT,HIGH_TREND,2025-Q4,23904.5,26399.0,1265.1,NEW_HIGH,NEUTRAL,2025,16460.0,26399.0,1265.1,REPEAT,NEUTRAL,False,False
2025-11-27 02:00:00,25317.8,2025-11,23904.5,26266.0,1265.9,REPEAT,HIGH_TREND,2025-Q4,23904.5,26399.0,1265.9,NEW_HIGH,NEUTRAL,2025,16460.0,26399.0,1265.9,REPEAT,NEUTRAL,False,False
2025-11-27 06:00:00,25296.8,2025-11,23904.5,26266.0,1264.8,REPEAT,HIGH_TREND,2025-Q4,23904.5,26399.0,1264.8,NEW_HIGH,NEUTRAL,2025,16460.0,26399.0,1264.8,REPEAT,NEUTRAL,False,False
2025-11-27 10:00:00,25301.8,2025-11,23904.5,26266.0,1265.1,REPEAT,HIGH_TREND,2025-Q4,23904.5,26399.0,1265.1,NEW_HIGH,NEUTRAL,2025,16460.0,26399.0,1265.1,REPEAT,NEUTRAL,False,False
2025-11-27 18:00:00,25347.8,2025-11,23904.5,26266.0,1267.4,REPEAT,HIGH_TREND,2025-Q4,23904.5,26399.0,1267.4,NEW_HIGH,NEUTRAL,2025,16460.0,26399.0,1267.4,REPEAT,NEUTRAL,False,False
2025-11-28 06:00:00,25369.2,2025-11,23904.5,26266.0,1268.5,REPEAT,HIGH_TREND,2025-Q4,23904.5,26399.0,1268.5,NEW_HIGH,NEUTRAL,2025,16460.0,26399.0,1268.5,REPEAT,NEUTRAL,False,False
2025-11-28 10:00:00,25484.5,2025-11,23904.5,26266.0,1274.2,REPEAT,HIGH_TREND,2025-Q4,23904.5,26399.0,1274.2,NEW_HIGH,NEUTRAL,2025,16460.0,26399.0,1274.2,REPEAT,NEUTRAL,False,False
2025-11-30 18:00:00,25282.8,2025-11,23904.5,26266.0,1264.1,REPEAT,HIGH_TREND,2025-Q4,23904.5,26399.0,1264.1,NEW_HIGH,NEUTRAL,2025,16460.0,26399.0,1264.1,REPEAT,NEUTRAL,False,False
2025-11-30 22:00:00,25267.8,2025-11,23904.5,26266.0,1263.4,REPEAT,HIGH_TREND,2025-Q4,23904.5,26399.0,1263.4,NEW_HIGH,NEUTRAL,2025,16460.0,26399.0,1263.4,REPEAT,NEUTRAL,False,False
2025-12-01 02:00:00,25313.0,2025-12,25238.2,25342.8,1265.6,REPEAT,HIGH_TREND,2025-Q4,23904.5,26399.0,1265.6,NEW_HIGH,NEUTRAL,2025,16460.0,26399.0,1265.6,REPEAT,NEUTRAL,False,False
2025-12-01 06:00:00,25365.5,2025-12,25209.2,25379.5,1268.3,REPEAT,HIGH_TREND,2025-Q4,23904.5,26399.0,1268.3,NEW_HIGH,NEUTRAL,2025,16460.0,26399.0,1268.3,REPEAT,NEUTRAL,False,False
2025-12-01 10:00:00,25486.5,2025-12,25209.2,25495.8,1274.3,REPEAT,HIGH_TREND,2025-Q4,23904.5,26399.0,1274.3,NEW_HIGH,NEUTRAL,2025,16460.0,26399.0,1274.3,REPEAT,NEUTRAL,False,False
2025-12-01 14:00:00,25399.8,2025-12,25209.2,25495.8,1270.0,REPEAT,HIGH_TREND,2025-Q4,23904.5,26399.0,1270.0,NEW_HIGH,NEUTRAL,2025,16460.0,26399.0,1270.0,REPEAT,NEUTRAL,False,False
2025-12-01 18:00:00,25424.0,2025-12,25209.2,25495.8,1271.2,REPEAT,HIGH_TREND,2025-Q4,23904.5,26399.0,1271.2,NEW_HIGH,NEUTRAL,2025,16460.0,26399.0,1271.2,REPEAT,NEUTRAL,False,False
2025-12-01 22:00:00,25369.5,2025-12,25209.2,25495.8,1268.5,REPEAT,HIGH_TREND,2025-Q4,23904.5,26399.0,1268.5,NEW_HIGH,NEUTRAL,2025,16460.0,26399.0,1268.5,REPEAT,NEUTRAL,False,False
2025-12-02 02:00:00,25490.0,2025-12,25209.2,25499.8,1274.5,REPEAT,HIGH_TREND,2025-Q4,23904.5,26399.0,1274.5,NEW_HIGH,NEUTRAL,2025,16460.0,26399.0,1274.5,REPEAT,NEUTRAL,False,False
2025-12-02 06:00:00,25597.8,2025-12,25209.2,25613.0,1279.9,REPEAT,HIGH_TREND,2025-Q4,23904.5,26399.0,1279.9,NEW_HIGH,NEUTRAL,2025,16460.0,26399.0,1279.9,REPEAT,NEUTRAL,False,False
2025-12-02 10:00:00,25577.0,2025-12,25209.2,25670.0,1278.9,REPEAT,HIGH_TREND,2025-Q4,23904.5,26399.0,1278.9,NEW_HIGH,NEUTRAL,2025,16460.0,26399.0,1278.9,REPEAT,NEUTRAL,False,False
2025-12-02 14:00:00,25603.8,2025-12,25209.2,25670.0,1280.2,REPEAT,HIGH_TREND,2025-Q4,23904.5,26399.0,1280.2,NEW_HIGH,NEUTRAL,2025,16460.0,26399.0,1280.2,REPEAT,NEUTRAL,False,False
2025-12-02 18:00:00,25655.2,2025-12,25209.2,25673.8,1282.8,REPEAT,HIGH_TREND,2025-Q4,23904.5,26399.0,1282.8,NEW_HIGH,NEUTRAL,2025,16460.0,26399.0,1282.8,REPEAT,NEUTRAL,False,False
2025-12-02 22:00:00,25657.2,2025-12,25209.2,25678.2,1282.9,REPEAT,HIGH_TREND,2025-Q4,23904.5,26399.0,1282.9,NEW_HIGH,NEUTRAL,2025,16460.0,26399.0,1282.9,REPEAT,NEUTRAL,False,False
2025-12-03 02:00:00,25624.2,2025-12,25209.2,25678.2,1281.2,REPEAT,HIGH_TREND,2025-Q4,23904.5,26399.0,1281.2,NEW_HIGH,NEUTRAL,2025,16460.0,26399.0,1281.2,REPEAT,NEUTRAL,False,False
2025-12-03 06:00:00,25494.5,2025-12,25209.2,25678.2,1274.7,REPEAT,HIGH_TREND,2025-Q4,23904.5,26399.0,1274.7,NEW_HIGH,NEUTRAL,2025,16460.0,26399.0,1274.7,REPEAT,NEUTRAL,False,False
2025-12-03 10:00:00,25629.0,2025-12,25209.2,25678.2,1281.4,REPEAT,HIGH_TREND,2025-Q4,23904.5,26399.0,1281.4,NEW_HIGH,NEUTRAL,2025,16460.0,26399.0,1281.4,REPEAT,NEUTRAL,False,False
2025-12-03 14:00:00,25645.8,2025-12,25209.2,25685.2,1282.3,REPEAT,HIGH_TREND,2025-Q4,23904.5,26399.0,1282.3,NEW_HIGH,NEUTRAL,2025,16460.0,26399.0,1282.3,REPEAT,NEUTRAL,False,False
2025-12-03 18:00:00,25649.0,2025-12,25209.2,25685.2,1282.4,REPEAT,HIGH_TREND,2025-Q4,23904.5,26399.0,1282.4,NEW_HIGH,NEUTRAL,2025,16460.0,26399.0,1282.4,REPEAT,NEUTRAL,False,False
2025-12-03 22:00:00,25654.2,2025-12,25209.2,25685.2,1282.7,REPEAT,HIGH_TREND,2025-Q4,23904.5,26399.0,1282.7,NEW_HIGH,NEUTRAL,2025,16460.0,26399.0,1282.7,REPEAT,NEUTRAL,False,False
2025-12-04 02:00:00,25644.0,2025-12,25209.2,25692.5,1282.2,REPEAT,HIGH_TREND,2025-Q4,23904.5,26399.0,1282.2,NEW_HIGH,NEUTRAL,2025,16460.0,26399.0,1282.2,REPEAT,NEUTRAL,False,False
2025-12-04 06:00:00,25555.5,2025-12,25209.2,25732.5,1277.8,REPEAT,HIGH_TREND,2025-Q4,23904.5,26399.0,1277.8,NEW_HIGH,NEUTRAL,2025,16460.0,26399.0,1277.8,REPEAT,NEUTRAL,False,False
2025-12-04 10:00:00,25604.0,2025-12,25209.2,25732.5,1280.2,REPEAT,HIGH_TREND,2025-Q4,23904.5,26399.0,1280.2,NEW_HIGH,NEUTRAL,2025,16460.0,26399.0,1280.2,REPEAT,NEUTRAL,False,False
2025-12-04 14:00:00,25632.5,2025-12,25209.2,25732.5,1281.6,REPEAT,HIGH_TREND,2025-Q4,23904.5,26399.0,1281.6,NEW_HIGH,NEUTRAL,2025,16460.0,26399.0,1281.6,REPEAT,NEUTRAL,False,False
2025-12-04 18:00:00,25689.5,2025-12,25209.2,25732.5,1284.5,REPEAT,HIGH_TREND,2025-Q4,23904.5,26399.0,1284.5,NEW_HIGH,NEUTRAL,2025,16460.0,26399.0,1284.5,REPEAT,NEUTRAL,False,False
2025-12-04 22:00:00,25713.0,2025-12,25209.2,25732.5,1285.6,REPEAT,HIGH_TREND,2025-Q4,23904.5,26399.0,1285.6,NEW_HIGH,NEUTRAL,2025,16460.0,26399.0,1285.6,REPEAT,NEUTRAL,False,False
2025-12-05 02:00:00,25715.8,2025-12,25209.2,25755.8,1285.8,REPEAT,HIGH_TREND,2025-Q4,23904.5,26399.0,1285.8,NEW_HIGH,NEUTRAL,2025,16460.0,26399.0,1285.8,REPEAT,NEUTRAL,False,False
2025-12-05 06:00:00,25791.2,2025-12,25209.2,25803.2,1289.6,REPEAT,HIGH_TREND,2025-Q4,23904.5,26399.0,1289.6,NEW_HIGH,NEUTRAL,2025,16460.0,26399.0,1289.6,REPEAT,NEUTRAL,False,False
2025-12-05 10:00:00,25726.8,2025-12,25209.2,25868.0,1286.3,REPEAT,HIGH_TREND,2025-Q4,23904.5,26399.0,1286.3,NEW_HIGH,NEUTRAL,2025,16460.0,26399.0,1286.3,REPEAT,NEUTRAL,False,False
2025-12-05 14:00:00,25735.0,2025-12,25209.2,25868.0,1286.8,REPEAT,HIGH_TREND,2025-Q4,23904.5,26399.0,1286.8,NEW_HIGH,NEUTRAL,2025,16460.0,26399.0,1286.8,REPEAT,NEUTRAL,False,False
2025-12-07 18:00:00,25782.5,2025-12,25209.2,25868.0,1289.1,REPEAT,HIGH_TREND,2025-Q4,23904.5,26399.0,1289.1,NEW_HIGH,NEUTRAL,2025,16460.0,26399.0,1289.1,REPEAT,NEUTRAL,False,False
2025-12-07 22:00:00,25790.5,2025-12,25209.2,25868.0,1289.5,REPEAT,HIGH_TREND,2025-Q4,23904.5,26399.0,1289.5,NEW_HIGH,NEUTRAL,2025,16460.0,26399.0,1289.5,REPEAT,NEUTRAL,False,False
2025-12-08 02:00:00,25793.0,2025-12,25209.2,25868.0,1289.6,REPEAT,HIGH_TREND,2025-Q4,23904.5,26399.0,1289.6,NEW_HIGH,NEUTRAL,2025,16460.0,26399.0,1289.6,REPEAT,NEUTRAL,False,False
2025-12-08 06:00:00,25744.5,2025-12,25209.2,25868.0,1287.2,REPEAT,HIGH_TREND,2025-Q4,23904.5,26399.0,1287.2,NEW_HIGH,NEUTRAL,2025,16460.0,26399.0,1287.2,REPEAT,NEUTRAL,False,False
2025-12-08 10:00:00,25592.5,2025-12,25209.2,25868.0,1279.6,REPEAT,HIGH_TREND,2025-Q4,23904.5,26399.0,1279.6,NEW_HIGH,NEUTRAL,2025,16460.0,26399.0,1279.6,REPEAT,NEUTRAL,False,False
2025-12-08 14:00:00,25706.8,2025-12,25209.2,25868.0,1285.3,REPEAT,HIGH_TREND,2025-Q4,23904.5,26399.0,1285.3,NEW_HIGH,NEUTRAL,2025,16460.0,26399.0,1285.3,REPEAT,NEUTRAL,False,False
2025-12-08 18:00:00,25692.8,2025-12,25209.2,25868.0,1284.6,REPEAT,HIGH_TREND,2025-Q4,23904.5,26399.0,1284.6,NEW_HIGH,NEUTRAL,2025,16460.0,26399.0,1284.6,REPEAT,NEUTRAL,False,False
2025-12-08 22:00:00,25683.2,2025-12,25209.2,25868.0,1284.2,REPEAT,HIGH_TREND,2025-Q4,23904.5,26399.0,1284.2,NEW_HIGH,NEUTRAL,2025,16460.0,26399.0,1284.2,REPEAT,NEUTRAL,False,False
2025-12-09 02:00:00,25668.8,2025-12,25209.2,25868.0,1283.4,REPEAT,HIGH_TREND,2025-Q4,23904.5,26399.0,1283.4,NEW_HIGH,NEUTRAL,2025,16460.0,26399.0,1283.4,REPEAT,NEUTRAL,False,False
2025-12-09 06:00:00,25629.5,2025-12,25209.2,25868.0,1281.5,REPEAT,HIGH_TREND,2025-Q4,23904.5,26399.0,1281.5,NEW_HIGH,NEUTRAL,2025,16460.0,26399.0,1281.5,REPEAT,NEUTRAL,False,False
2025-12-09 10:00:00,25721.8,2025-12,25209.2,25868.0,1286.1,REPEAT,HIGH_TREND,2025-Q4,23904.5,26399.0,1286.1,NEW_HIGH,NEUTRAL,2025,16460.0,26399.0,1286.1,REPEAT,NEUTRAL,False,False
2025-12-09 14:00:00,25676.2,2025-12,25209.2,25868.0,1283.8,REPEAT,HIGH_TREND,2025-Q4,23904.5,26399.0,1283.8,NEW_HIGH,NEUTRAL,2025,16460.0,26399.0,1283.8,REPEAT,NEUTRAL,False,False
2025-12-09 18:00:00,25674.2,2025-12,25209.2,25868.0,1283.7,REPEAT,HIGH_TREND,2025-Q4,23904.5,26399.0,1283.7,NEW_HIGH,NEUTRAL,2025,16460.0,26399.0,1283.7,REPEAT,NEUTRAL,False,False
2025-12-09 22:00:00,25703.8,2025-12,25209.2,25868.0,1285.2,REPEAT,HIGH_TREND,2025-Q4,23904.5,26399.0,1285.2,NEW_HIGH,NEUTRAL,2025,16460.0,26399.0,1285.2,REPEAT,NEUTRAL,False,False
2025-12-10 02:00:00,25650.2,2025-12,25209.2,25868.0,1282.5,REPEAT,HIGH_TREND,2025-Q4,23904.5,26399.0,1282.5,NEW_HIGH,NEUTRAL,2025,16460.0,26399.0,1282.5,REPEAT,NEUTRAL,False,False
2025-12-10 06:00:00,25631.2,2025-12,25209.2,25868.0,1281.6,REPEAT,HIGH_TREND,2025-Q4,23904.5,26399.0,1281.6,NEW_HIGH,NEUTRAL,2025,16460.0,26399.0,1281.6,REPEAT,NEUTRAL,False,False
2025-12-10 10:00:00,25616.8,2025-12,25209.2,25868.0,1280.8,REPEAT,HIGH_TREND,2025-Q4,23904.5,26399.0,1280.8,NEW_HIGH,NEUTRAL,2025,16460.0,26399.0,1280.8,REPEAT,NEUTRAL,False,False
2025-12-10 14:00:00,25800.5,2025-12,25209.2,25870.8,1290.0,REPEAT,HIGH_TREND,2025-Q4,23904.5,26399.0,1290.0,NEW_HIGH,NEUTRAL,2025,16460.0,26399.0,1290.0,REPEAT,NEUTRAL,False,False
2025-12-10 18:00:00,25549.2,2025-12,25209.2,25870.8,1277.5,REPEAT,HIGH_TREND,2025-Q4,23904.5,26399.0,1277.5,NEW_HIGH,NEUTRAL,2025,16460.0,26399.0,1277.5,REPEAT,NEUTRAL,False,False
2025-12-10 22:00:00,25510.0,2025-12,25209.2,25870.8,1275.5,REPEAT,HIGH_TREND,2025-Q4,23904.5,26399.0,1275.5,NEW_HIGH,NEUTRAL,2025,16460.0,26399.0,1275.5,REPEAT,NEUTRAL,False,False
2025-12-11 02:00:00,25598.0,2025-12,25209.2,25870.8,1279.9,REPEAT,HIGH_TREND,2025-Q4,23904.5,26399.0,1279.9,NEW_HIGH,NEUTRAL,2025,16460.0,26399.0,1279.9,REPEAT,NEUTRAL,False,False
2025-12-11 06:00:00,25414.5,2025-12,25209.2,25870.8,1270.7,REPEAT,HIGH_TREND,2025-Q4,23904.5,26399.0,1270.7,NEW_HIGH,NEUTRAL,2025,16460.0,26399.0,1270.7,REPEAT,NEUTRAL,False,False
2025-12-11 10:00:00,25637.5,2025-12,25209.2,25870.8,1281.9,REPEAT,HIGH_TREND,2025-Q4,23904.5,26399.0,1281.9,NEW_HIGH,NEUTRAL,2025,16460.0,26399.0,1281.9,REPEAT,NEUTRAL,False,False
2025-12-11 14:00:00,25834.8,2025-12,25209.2,25870.8,1291.7,REPEAT,HIGH_TREND,2025-Q4,23904.5,26399.0,1291.7,NEW_HIGH,NEUTRAL,2025,16460.0,26399.0,1291.7,REPEAT,NEUTRAL,False,False
2025-12-11 18:00:00,25694.5,2025-12,25209.2,25870.8,1284.7,REPEAT,HIGH_TREND,2025-Q4,23904.5,26399.0,1284.7,NEW_HIGH,NEUTRAL,2025,16460.0,26399.0,1284.7,REPEAT,NEUTRAL,False,False
2025-12-11 22:00:00,25679.8,2025-12,25209.2,25870.8,1284.0,REPEAT,HIGH_TREND,2025-Q4,23904.5,26399.0,1284.0,NEW_HIGH,NEUTRAL,2025,16460.0,26399.0,1284.0,REPEAT,NEUTRAL,False,False
2025-12-12 02:00:00,25583.2,2025-12,25209.2,25870.8,1279.2,REPEAT,HIGH_TREND,2025-Q4,23904.5,26399.0,1279.2,NEW_HIGH,NEUTRAL,2025,16460.0,26399.0,1279.2,REPEAT,NEUTRAL,False,False
2025-12-12 06:00:00,25558.2,2025-12,25209.2,25870.8,1277.9,REPEAT,HIGH_TREND,2025-Q4,23904.5,26399.0,1277.9,NEW_HIGH,NEUTRAL,2025,16460.0,26399.0,1277.9,REPEAT,NEUTRAL,False,False
2025-12-12 10:00:00,25278.2,2025-12,25118.0,25870.8,1263.9,REPEAT,HIGH_TREND,2025-Q4,23904.5,26399.0,1263.9,NEW_HIGH,NEUTRAL,2025,16460.0,26399.0,1263.9,REPEAT,NEUTRAL,False,False
2025-12-12 14:00:00,25202.5,2025-12,25118.0,25870.8,1260.1,REPEAT,HIGH_TREND,2025-Q4,23904.5,26399.0,1260.1,NEW_HIGH,NEUTRAL,2025,16460.0,26399.0,1260.1,REPEAT,NEUTRAL,False,False
2025-12-14 18:00:00,25519.0,2025-12,25118.0,25870.8,1276.0,REPEAT,HIGH_TREND,2025-Q4,23904.5,26399.0,1276.0,NEW_HIGH,NEUTRAL,2025,16460.0,26399.0,1276.0,REPEAT,NEUTRAL,False,False
2025-12-14 22:00:00,25532.0,2025-12,25118.0,25870.8,1276.6,REPEAT,HIGH_TREND,2025-Q4,23904.5,26399.0,1276.6,NEW_HIGH,NEUTRAL,2025,16460.0,26399.0,1276.6,REPEAT,NEUTRAL,False,False
2025-12-15 02:00:00,25595.8,2025-12,25118.0,25870.8,1279.8,REPEAT,HIGH_TREND,2025-Q4,23904.5,26399.0,1279.8,NEW_HIGH,NEUTRAL,2025,16460.0,26399.0,1279.8,REPEAT,NEUTRAL,False,False
2025-12-15 06:00:00,25479.5,2025-12,25118.0,25870.8,1274.0,REPEAT,HIGH_TREND,2025-Q4,23904.5,26399.0,1274.0,NEW_HIGH,NEUTRAL,2025,16460.0,26399.0,1274.0,REPEAT,NEUTRAL,False,False
2025-12-15 10:00:00,25402.5,2025-12,25118.0,25870.8,1270.1,REPEAT,HIGH_TREND,2025-Q4,23904.5,26399.0,1270.1,NEW_HIGH,NEUTRAL,2025,16460.0,26399.0,1270.1,REPEAT,NEUTRAL,False,False
2025-12-15 14:00:00,25348.8,2025-12,25118.0,25870.8,1267.4,REPEAT,HIGH_TREND,2025-Q4,23904.5,26399.0,1267.4,NEW_HIGH,NEUTRAL,2025,16460.0,26399.0,1267.4,REPEAT,NEUTRAL,False,False
2025-12-15 18:00:00,25149.8,2025-12,25112.5,25870.8,1257.5,REPEAT,HIGH_TREND,2025-Q4,23904.5,26399.0,1257.5,NEW_HIGH,NEUTRAL,2025,16460.0,26399.0,1257.5,REPEAT,NEUTRAL,False,False
2025-12-15 22:00:00,25133.0,2025-12,25103.5,25870.8,1256.6,REPEAT,HIGH_TREND,2025-Q4,23904.5,26399.0,1256.6,NEW_HIGH,NEUTRAL,2025,16460.0,26399.0,1256.6,REPEAT,NEUTRAL,False,False
2025-12-16 02:00:00,25247.0,2025-12,25073.2,25870.8,1262.4,REPEAT,HIGH_TREND,2025-Q4,23904.5,26399.0,1262.4,NEW_HIGH,NEUTRAL,2025,16460.0,26399.0,1262.4,REPEAT,NEUTRAL,False,False
2025-12-16 06:00:00,25393.5,2025-12,25073.2,25870.8,1269.7,REPEAT,HIGH_TREND,2025-Q4,23904.5,26399.0,1269.7,NEW_HIGH,NEUTRAL,2025,16460.0,26399.0,1269.7,REPEAT,NEUTRAL,False,False
2025-12-16 10:00:00,25316.2,2025-12,25073.2,25870.8,1265.8,REPEAT,HIGH_TREND,2025-Q4,23904.5,26399.0,1265.8,NEW_HIGH,NEUTRAL,2025,16460.0,26399.0,1265.8,REPEAT,NEUTRAL,False,False
2025-12-16 14:00:00,25321.5,2025-12,25073.2,25870.8,1266.1,REPEAT,HIGH_TREND,2025-Q4,23904.5,26399.0,1266.1,NEW_HIGH,NEUTRAL,2025,16460.0,26399.0,1266.1,REPEAT,NEUTRAL,False,False
2025-12-16 18:00:00,25362.8,2025-12,25073.2,25870.8,1268.1,REPEAT,HIGH_TREND,2025-Q4,23904.5,26399.0,1268.1,NEW_HIGH,NEUTRAL,2025,16460.0,26399.0,1268.1,REPEAT,NEUTRAL,False,False
2025-12-16 22:00:00,25395.8,2025-12,25073.2,25870.8,1269.8,REPEAT,HIGH_TREND,2025-Q4,23904.5,26399.0,1269.8,NEW_HIGH,NEUTRAL,2025,16460.0,26399.0,1269.8,REPEAT,NEUTRAL,False,False
2025-12-17 02:00:00,25482.8,2025-12,25073.2,25870.8,1274.1,REPEAT,HIGH_TREND,2025-Q4,23904.5,26399.0,1274.1,NEW_HIGH,NEUTRAL,2025,16460.0,26399.0,1274.1,REPEAT,NEUTRAL,False,False
2025-12-17 06:00:00,25332.8,2025-12,25073.2,25870.8,1266.6,REPEAT,HIGH_TREND,2025-Q4,23904.5,26399.0,1266.6,NEW_HIGH,NEUTRAL,2025,16460.0,26399.0,1266.6,REPEAT,NEUTRAL,False,False
2025-12-17 10:00:00,24957.8,2025-12,24933.8,25870.8,1247.9,REPEAT,HIGH_TREND,2025-Q4,23904.5,26399.0,1247.9,NEW_HIGH,HIGH_TREND,2025,16460.0,26399.0,1247.9,REPEAT,NEUTRAL,False,True
2025-12-17 14:00:00,24951.8,2025-12,24887.8,25870.8,1247.6,REPEAT,HIGH_TREND,2025-Q4,23904.5,26399.0,1247.6,NEW_HIGH,HIGH_TREND,2025,16460.0,26399.0,1247.6,REPEAT,NEUTRAL,False,True
2025-12-17 18:00:00,24970.2,2025-12,24887.8,25870.8,1248.5,REPEAT,HIGH_TREND,2025-Q4,23904.5,26399.0,1248.5,NEW_HIGH,HIGH_TREND,2025,16460.0,26399.0,1248.5,REPEAT,NEUTRAL,False,True
2025-12-17 22:00:00,24983.0,2025-12,24887.8,25870.8,1249.2,REPEAT,HIGH_TREND,2025-Q4,23904.5,26399.0,1249.2,NEW_HIGH,HIGH_TREND,2025,16460.0,26399.0,1249.2,REPEAT,NEUTRAL,False,True
2025-12-18 02:00:00,25079.2,2025-12,24887.8,25870.8,1254.0,REPEAT,HIGH_TREND,2025-Q4,23904.5,26399.0,1254.0,NEW_HIGH,NEUTRAL,2025,16460.0,26399.0,1254.0,REPEAT,NEUTRAL,False,False
2025-12-18 06:00:00,25277.5,2025-12,24887.8,25870.8,1263.9,REPEAT,HIGH_TREND,2025-Q4,23904.5,26399.0,1263.9,NEW_HIGH,NEUTRAL,2025,16460.0,26399.0,1263.9,REPEAT,NEUTRAL,False,False
2025-12-18 10:00:00,25338.5,2025-12,24887.8,25870.8,1266.9,REPEAT,HIGH_TREND,2025-Q4,23904.5,26399.0,1266.9,NEW_HIGH,NEUTRAL,2025,16460.0,26399.0,1266.9,REPEAT,NEUTRAL,False,False
2025-12-18 14:00:00,25219.0,2025-12,24887.8,25870.8,1261.0,REPEAT,HIGH_TREND,2025-Q4,23904.5,26399.0,1261.0,NEW_HIGH,NEUTRAL,2025,16460.0,26399.0,1261.0,REPEAT,NEUTRAL,False,False
2025-12-18 18:00:00,25251.8,2025-12,24887.8,25870.8,1262.6,REPEAT,HIGH_TREND,2025-Q4,23904.5,26399.0,1262.6,NEW_HIGH,NEUTRAL,2025,16460.0,26399.0,1262.6,REPEAT,NEUTRAL,False,False
2025-12-18 22:00:00,25298.2,2025-12,24887.8,25870.8,1264.9,REPEAT,HIGH_TREND,2025-Q4,23904.5,26399.0,1264.9,NEW_HIGH,NEUTRAL,2025,16460.0,26399.0,1264.9,REPEAT,NEUTRAL,False,False
2025-12-19 02:00:00,25361.0,2025-12,24887.8,25870.8,1268.1,REPEAT,HIGH_TREND,2025-Q4,23904.5,26399.0,1268.1,NEW_HIGH,NEUTRAL,2025,16460.0,26399.0,1268.1,REPEAT,NEUTRAL,False,False
2025-12-19 06:00:00,25560.2,2025-12,24887.8,25870.8,1278.0,REPEAT,HIGH_TREND,2025-Q4,23904.5,26399.0,1278.0,NEW_HIGH,NEUTRAL,2025,16460.0,26399.0,1278.0,REPEAT,NEUTRAL,False,False
2025-12-19 10:00:00,25551.8,2025-12,24887.8,25870.8,1277.6,REPEAT,HIGH_TREND,2025-Q4,23904.5,26399.0,1277.6,NEW_HIGH,NEUTRAL,2025,16460.0,26399.0,1277.6,REPEAT,NEUTRAL,False,False
2025-12-19 14:00:00,25597.5,2025-12,24887.8,25870.8,1279.9,REPEAT,HIGH_TREND,2025-Q4,23904.5,26399.0,1279.9,NEW_HIGH,NEUTRAL,2025,16460.0,26399.0,1279.9,REPEAT,NEUTRAL,False,False
2025-12-21 18:00:00,25695.5,2025-12,24887.8,25870.8,1284.8,REPEAT,HIGH_TREND,2025-Q4,23904.5,26399.0,1284.8,NEW_HIGH,NEUTRAL,2025,16460.0,26399.0,1284.8,REPEAT,NEUTRAL,False,False
2025-12-21 22:00:00,25690.0,2025-12,24887.8,25870.8,1284.5,REPEAT,HIGH_TREND,2025-Q4,23904.5,26399.0,1284.5,NEW_HIGH,NEUTRAL,2025,16460.0,26399.0,1284.5,REPEAT,NEUTRAL,False,False
2025-12-22 02:00:00,25707.2,2025-12,24887.8,25870.8,1285.4,REPEAT,HIGH_TREND,2025-Q4,23904.5,26399.0,1285.4,NEW_HIGH,NEUTRAL,2025,16460.0,26399.0,1285.4,REPEAT,NEUTRAL,False,False
2025-12-22 06:00:00,25748.0,2025-12,24887.8,25870.8,1287.4,REPEAT,HIGH_TREND,2025-Q4,23904.5,26399.0,1287.4,NEW_HIGH,NEUTRAL,2025,16460.0,26399.0,1287.4,REPEAT,NEUTRAL,False,False
2025-12-22 10:00:00,25689.5,2025-12,24887.8,25870.8,1284.5,REPEAT,HIGH_TREND,2025-Q4,23904.5,26399.0,1284.5,NEW_HIGH,NEUTRAL,2025,16460.0,26399.0,1284.5,REPEAT,NEUTRAL,False,False
2025-12-22 14:00:00,25700.2,2025-12,24887.8,25870.8,1285.0,REPEAT,HIGH_TREND,2025-Q4,23904.5,26399.0,1285.0,NEW_HIGH,NEUTRAL,2025,16460.0,26399.0,1285.0,REPEAT,NEUTRAL,False,False
2025-12-22 18:00:00,25723.0,2025-12,24887.8,25870.8,1286.2,REPEAT,HIGH_TREND,2025-Q4,23904.5,26399.0,1286.2,NEW_HIGH,NEUTRAL,2025,16460.0,26399.0,1286.2,REPEAT,NEUTRAL,False,False
2025-12-22 22:00:00,25667.8,2025-12,24887.8,25870.8,1283.4,REPEAT,HIGH_TREND,2025-Q4,23904.5,26399.0,1283.4,NEW_HIGH,NEUTRAL,2025,16460.0,26399.0,1283.4,REPEAT,NEUTRAL,False,False
2025-12-23 02:00:00,25706.5,2025-12,24887.8,25870.8,1285.3,REPEAT,HIGH_TREND,2025-Q4,23904.5,26399.0,1285.3,NEW_HIGH,NEUTRAL,2025,16460.0,26399.0,1285.3,REPEAT,NEUTRAL,False,False
2025-12-23 06:00:00,25692.8,2025-12,24887.8,25870.8,1284.6,REPEAT,HIGH_TREND,2025-Q4,23904.5,26399.0,1284.6,NEW_HIGH,NEUTRAL,2025,16460.0,26399.0,1284.6,REPEAT,NEUTRAL,False,False
2025-12-23 10:00:00,25774.0,2025-12,24887.8,25870.8,1288.7,REPEAT,HIGH_TREND,2025-Q4,23904.5,26399.0,1288.7,NEW_HIGH,NEUTRAL,2025,16460.0,26399.0,1288.7,REPEAT,NEUTRAL,False,False
2025-12-23 14:00:00,25811.5,2025-12,24887.8,25870.8,1290.6,REPEAT,HIGH_TREND,2025-Q4,23904.5,26399.0,1290.6,NEW_HIGH,NEUTRAL,2025,16460.0,26399.0,1290.6,REPEAT,NEUTRAL,False,False
2025-12-23 18:00:00,25793.2,2025-12,24887.8,25870.8,1289.7,REPEAT,HIGH_TREND,2025-Q4,23904.5,26399.0,1289.7,NEW_HIGH,NEUTRAL,2025,16460.0,26399.0,1289.7,REPEAT,NEUTRAL,False,False
2025-12-23 22:00:00,25793.0,2025-12,24887.8,25870.8,1289.6,REPEAT,HIGH_TREND,2025-Q4,23904.5,26399.0,1289.6,NEW_HIGH,NEUTRAL,2025,16460.0,26399.0,1289.6,REPEAT,NEUTRAL,False,False
2025-12-24 02:00:00,25792.8,2025-12,24887.8,25870.8,1289.6,REPEAT,HIGH_TREND,2025-Q4,23904.5,26399.0,1289.6,NEW_HIGH,NEUTRAL,2025,16460.0,26399.0,1289.6,REPEAT,NEUTRAL,False,False
2025-12-24 06:00:00,25809.8,2025-12,24887.8,25870.8,1290.5,REPEAT,HIGH_TREND,2025-Q4,23904.5,26399.0,1290.5,NEW_HIGH,NEUTRAL,2025,16460.0,26399.0,1290.5,REPEAT,NEUTRAL,False,False
2025-12-24 10:00:00,25864.8,2025-12,24887.8,25892.0,1293.2,REPEAT,HIGH_TREND,2025-Q4,23904.5,26399.0,1293.2,NEW_HIGH,NEUTRAL,2025,16460.0,26399.0,1293.2,REPEAT,NEUTRAL,False,False
2025-12-25 18:00:00,25896.5,2025-12,24887.8,25916.5,1294.8,REPEAT,HIGH_TREND,2025-Q4,23904.5,26399.0,1294.8,NEW_HIGH,NEUTRAL,2025,16460.0,26399.0,1294.8,REPEAT,NEUTRAL,False,False
2025-12-25 22:00:00,25871.8,2025-12,24887.8,25916.5,1293.6,REPEAT,HIGH_TREND,2025-Q4,23904.5,26399.0,1293.6,NEW_HIGH,NEUTRAL,2025,16460.0,26399.0,1293.6,REPEAT,NEUTRAL,False,False
2025-12-26 02:00:00,25882.2,2025-12,24887.8,25916.5,1294.1,REPEAT,HIGH_TREND,2025-Q4,23904.5,26399.0,1294.1,NEW_HIGH,NEUTRAL,2025,16460.0,26399.0,1294.1,REPEAT,NEUTRAL,False,False
2025-12-26 06:00:00,25881.0,2025-12,24887.8,25935.2,1294.1,REPEAT,HIGH_TREND,2025-Q4,23904.5,26399.0,1294.1,NEW_HIGH,NEUTRAL,2025,16460.0,26399.0,1294.1,REPEAT,NEUTRAL,False,False
2025-12-26 10:00:00,25891.8,2025-12,24887.8,25935.2,1294.6,REPEAT,HIGH_TREND,2025-Q4,23904.5,26399.0,1294.6,NEW_HIGH,NEUTRAL,2025,16460.0,26399.0,1294.6,REPEAT,NEUTRAL,False,False
2025-12-26 14:00:00,25856.0,2025-12,24887.8,25935.2,1292.8,REPEAT,HIGH_TREND,2025-Q4,23904.5,26399.0,1292.8,NEW_HIGH,NEUTRAL,2025,16460.0,26399.0,1292.8,REPEAT,NEUTRAL,False,False
2025-12-28 18:00:00,25846.0,2025-12,24887.8,25935.2,1292.3,REPEAT,HIGH_TREND,2025-Q4,23904.5,26399.0,1292.3,NEW_HIGH,NEUTRAL,2025,16460.0,26399.0,1292.3,REPEAT,NEUTRAL,False,False
2025-12-28 22:00:00,25816.2,2025-12,24887.8,25935.2,1290.8,REPEAT,HIGH_TREND,2025-Q4,23904.5,26399.0,1290.8,NEW_HIGH,NEUTRAL,2025,16460.0,26399.0,1290.8,REPEAT,NEUTRAL,False,False
2025-12-29 02:00:00,25746.0,2025-12,24887.8,25935.2,1287.3,REPEAT,HIGH_TREND,2025-Q4,23904.5,26399.0,1287.3,NEW_HIGH,NEUTRAL,2025,16460.0,26399.0,1287.3,REPEAT,NEUTRAL,False,False
2025-12-29 06:00:00,25724.5,2025-12,24887.8,25935.2,1286.2,REPEAT,HIGH_TREND,2025-Q4,23904.5,26399.0,1286.2,NEW_HIGH,NEUTRAL,2025,16460.0,26399.0,1286.2,REPEAT,NEUTRAL,False,False
2025-12-29 10:00:00,25694.5,2025-12,24887.8,25935.2,1284.7,REPEAT,HIGH_TREND,2025-Q4,23904.5,26399.0,1284.7,NEW_HIGH,NEUTRAL,2025,16460.0,26399.0,1284.7,REPEAT,NEUTRAL,False,False
2025-12-29 14:00:00,25744.5,2025-12,24887.8,25935.2,1287.2,REPEAT,HIGH_TREND,2025-Q4,23904.5,26399.0,1287.2,NEW_HIGH,NEUTRAL,2025,16460.0,26399.0,1287.2,REPEAT,NEUTRAL,False,False
2025-12-29 18:00:00,25710.2,2025-12,24887.8,25935.2,1285.5,REPEAT,HIGH_TREND,2025-Q4,23904.5,26399.0,1285.5,NEW_HIGH,NEUTRAL,2025,16460.0,26399.0,1285.5,REPEAT,NEUTRAL,False,False
2025-12-29 22:00:00,25726.5,2025-12,24887.8,25935.2,1286.3,REPEAT,HIGH_TREND,2025-Q4,23904.5,26399.0,1286.3,NEW_HIGH,NEUTRAL,2025,16460.0,26399.0,1286.3,REPEAT,NEUTRAL,False,False
2025-12-30 02:00:00,25727.2,2025-12,24887.8,25935.2,1286.4,REPEAT,HIGH_TREND,2025-Q4,23904.5,26399.0,1286.4,NEW_HIGH,NEUTRAL,2025,16460.0,26399.0,1286.4,REPEAT,NEUTRAL,False,False
2025-12-30 06:00:00,25756.8,2025-12,24887.8,25935.2,1287.8,REPEAT,HIGH_TREND,2025-Q4,23904.5,26399.0,1287.8,NEW_HIGH,NEUTRAL,2025,16460.0,26399.0,1287.8,REPEAT,NEUTRAL,False,False
2025-12-30 10:00:00,25732.5,2025-12,24887.8,25935.2,1286.6,REPEAT,HIGH_TREND,2025-Q4,23904.5,26399.0,1286.6,NEW_HIGH,NEUTRAL,2025,16460.0,26399.0,1286.6,REPEAT,NEUTRAL,False,False
2025-12-30 14:00:00,25676.0,2025-12,24887.8,25935.2,1283.8,REPEAT,HIGH_TREND,2025-Q4,23904.5,26399.0,1283.8,NEW_HIGH,NEUTRAL,2025,16460.0,26399.0,1283.8,REPEAT,NEUTRAL,False,False
2025-12-30 18:00:00,25626.2,2025-12,24887.8,25935.2,1281.3,REPEAT,HIGH_TREND,2025-Q4,23904.5,26399.0,1281.3,NEW_HIGH,NEUTRAL,2025,16460.0,26399.0,1281.3,REPEAT,NEUTRAL,False,False
2025-12-30 22:00:00,25596.0,2025-12,24887.8,25935.2,1279.8,REPEAT,HIGH_TREND,2025-Q4,23904.5,26399.0,1279.8,NEW_HIGH,NEUTRAL,2025,16460.0,26399.0,1279.8,REPEAT,NEUTRAL,False,False
2025-12-31 02:00:00,25584.5,2025-12,24887.8,25935.2,1279.2,REPEAT,HIGH_TREND,2025-Q4,23904.5,26399.0,1279.2,NEW_HIGH,NEUTRAL,2025,16460.0,26399.0,1279.2,REPEAT,NEUTRAL,False,False
2025-12-31 06:00:00,25605.5,2025-12,24887.8,25935.2,1280.3,REPEAT,HIGH_TREND,2025-Q4,23904.5,26399.0,1280.3,NEW_HIGH,NEUTRAL,2025,16460.0,26399.0,1280.3,REPEAT,NEUTRAL,False,False
2025-12-31 10:00:00,25614.2,2025-12,24887.8,25935.2,1280.7,REPEAT,HIGH_TREND,2025-Q4,23904.5,26399.0,1280.7,NEW_HIGH,NEUTRAL,2025,16460.0,26399.0,1280.7,REPEAT,NEUTRAL,False,False
2025-12-31 14:00:00,25434.8,2025-12,24887.8,25935.2,1271.7,REPEAT,HIGH_TREND,2025-Q4,23904.5,26399.0,1271.7,NEW_HIGH,NEUTRAL,2025,16460.0,26399.0,1271.7,REPEAT,NEUTRAL,False,False
2026-01-01 18:00:00,25603.8,2026-01,25448.5,25607.5,1280.2,REPEAT,HIGH_TREND,2026-Q1,25448.5,25607.5,1280.2,REPEAT,HIGH_TREND,2026,25448.5,25607.5,1280.2,REPEAT,NEUTRAL,False,True
2026-01-01 22:00:00,25636.5,2026-01,25448.5,25650.0,1281.8,REPEAT,HIGH_TREND,2026-Q1,25448.5,25650.0,1281.8,REPEAT,HIGH_TREND,2026,25448.5,25650.0,1281.8,REPEAT,NEUTRAL,False,True
2026-01-02 02:00:00,25730.8,2026-01,25448.5,25740.5,1286.5,REPEAT,HIGH_TREND,2026-Q1,25448.5,25740.5,1286.5,REPEAT,HIGH_TREND,2026,25448.5,25740.5,1286.5,REPEAT,NEUTRAL,False,True
2026-01-02 06:00:00,25733.0,2026-01,25448.5,25803.8,1286.6,REPEAT,HIGH_TREND,2026-Q1,25448.5,25803.8,1286.6,REPEAT,HIGH_TREND,2026,25448.5,25803.8,1286.6,REPEAT,NEUTRAL,False,True
2026-01-02 10:00:00,25295.0,2026-01,25265.2,25803.8,1264.8,REPEAT,HIGH_TREND,2026-Q1,25265.2,25803.8,1264.8,REPEAT,HIGH_TREND,2026,25265.2,25803.8,1264.8,REPEAT,NEUTRAL,False,True
2026-01-02 14:00:00,25394.5,2026-01,25265.2,25803.8,1269.7,REPEAT,HIGH_TREND,2026-Q1,25265.2,25803.8,1269.7,REPEAT,HIGH_TREND,2026,25265.2,25803.8,1269.7,REPEAT,NEUTRAL,False,True
2026-01-04 18:00:00,25474.0,2026-01,25265.2,25803.8,1273.7,REPEAT,HIGH_TREND,2026-Q1,25265.2,25803.8,1273.7,REPEAT,HIGH_TREND,2026,25265.2,25803.8,1273.7,REPEAT,NEUTRAL,False,True
2026-01-04 22:00:00,25506.2,2026-01,25265.2,25803.8,1275.3,REPEAT,HIGH_TREND,2026-Q1,25265.2,25803.8,1275.3,REPEAT,HIGH_TREND,2026,25265.2,25803.8,1275.3,REPEAT,NEUTRAL,False,True
2026-01-05 02:00:00,25553.8,2026-01,25265.2,25803.8,1277.7,REPEAT,HIGH_TREND,2026-Q1,25265.2,25803.8,1277.7,REPEAT,HIGH_TREND,2026,25265.2,25803.8,1277.7,REPEAT,NEUTRAL,False,True
2026-01-05 06:00:00,25599.8,2026-01,25265.2,25803.8,1280.0,REPEAT,HIGH_TREND,2026-Q1,25265.2,25803.8,1280.0,REPEAT,HIGH_TREND,2026,25265.2,25803.8,1280.0,REPEAT,NEUTRAL,False,True
2026-01-05 10:00:00,25612.8,2026-01,25265.2,25803.8,1280.6,REPEAT,HIGH_TREND,2026-Q1,25265.2,25803.8,1280.6,REPEAT,HIGH_TREND,2026,25265.2,25803.8,1280.6,REPEAT,NEUTRAL,False,True
2026-01-05 14:00:00,25578.2,2026-01,25265.2,25803.8,1278.9,REPEAT,HIGH_TREND,2026-Q1,25265.2,25803.8,1278.9,REPEAT,HIGH_TREND,2026,25265.2,25803.8,1278.9,REPEAT,NEUTRAL,False,True
2026-01-05 18:00:00,25623.5,2026-01,25265.2,25803.8,1281.2,REPEAT,HIGH_TREND,2026-Q1,25265.2,25803.8,1281.2,REPEAT,HIGH_TREND,2026,25265.2,25803.8,1281.2,REPEAT,NEUTRAL,False,True
2026-01-05 22:00:00,25668.2,2026-01,25265.2,25803.8,1283.4,REPEAT,HIGH_TREND,2026-Q1,25265.2,25803.8,1283.4,REPEAT,HIGH_TREND,2026,25265.2,25803.8,1283.4,REPEAT,NEUTRAL,False,True
2026-01-06 02:00:00,25592.0,2026-01,25265.2,25803.8,1279.6,REPEAT,HIGH_TREND,2026-Q1,25265.2,25803.8,1279.6,REPEAT,HIGH_TREND,2026,25265.2,25803.8,1279.6,REPEAT,NEUTRAL,False,True
2026-01-06 06:00:00,25753.0,2026-01,25265.2,25803.8,1287.6,REPEAT,HIGH_TREND,2026-Q1,25265.2,25803.8,1287.6,REPEAT,HIGH_TREND,2026,25265.2,25803.8,1287.6,REPEAT,NEUTRAL,False,True
2026-01-06 10:00:00,25804.8,2026-01,25265.2,25805.8,1290.2,REPEAT,HIGH_TREND,2026-Q1,25265.2,25805.8,1290.2,REPEAT,HIGH_TREND,2026,25265.2,25805.8,1290.2,REPEAT,NEUTRAL,False,True
2026-01-06 14:00:00,25831.2,2026-01,25265.2,25837.8,1291.6,REPEAT,HIGH_TREND,2026-Q1,25265.2,25837.8,1291.6,REPEAT,HIGH_TREND,2026,25265.2,25837.8,1291.6,REPEAT,NEUTRAL,False,True
2026-01-06 18:00:00,25806.2,2026-01,25265.2,25844.8,1290.3,REPEAT,HIGH_TREND,2026-Q1,25265.2,25844.8,1290.3,REPEAT,HIGH_TREND,2026,25265.2,25844.8,1290.3,REPEAT,NEUTRAL,False,True
2026-01-06 22:00:00,25769.2,2026-01,25265.2,25844.8,1288.5,REPEAT,HIGH_TREND,2026-Q1,25265.2,25844.8,1288.5,REPEAT,HIGH_TREND,2026,25265.2,25844.8,1288.5,REPEAT,NEUTRAL,False,True
2026-01-07 02:00:00,25739.5,2026-01,25265.2,25844.8,1287.0,REPEAT,HIGH_TREND,2026-Q1,25265.2,25844.8,1287.0,REPEAT,HIGH_TREND,2026,25265.2,25844.8,1287.0,REPEAT,NEUTRAL,False,True
2026-01-07 06:00:00,25855.0,2026-01,25265.2,25880.0,1292.8,REPEAT,HIGH_TREND,2026-Q1,25265.2,25880.0,1292.8,REPEAT,HIGH_TREND,2026,25265.2,25880.0,1292.8,REPEAT,NEUTRAL,False,True
2026-01-07 10:00:00,25955.5,2026-01,25265.2,25996.2,1297.8,REPEAT,HIGH_TREND,2026-Q1,25265.2,25996.2,1297.8,REPEAT,HIGH_TREND,2026,25265.2,25996.2,1297.8,REPEAT,NEUTRAL,False,True
2026-01-07 14:00:00,25835.8,2026-01,25265.2,25996.2,1291.8,REPEAT,HIGH_TREND,2026-Q1,25265.2,25996.2,1291.8,REPEAT,HIGH_TREND,2026,25265.2,25996.2,1291.8,REPEAT,NEUTRAL,False,True
2026-01-07 18:00:00,25786.2,2026-01,25265.2,25996.2,1289.3,REPEAT,HIGH_TREND,2026-Q1,25265.2,25996.2,1289.3,REPEAT,HIGH_TREND,2026,25265.2,25996.2,1289.3,REPEAT,NEUTRAL,False,True
2026-01-07 22:00:00,25705.8,2026-01,25265.2,25996.2,1285.3,REPEAT,HIGH_TREND,2026-Q1,25265.2,25996.2,1285.3,REPEAT,HIGH_TREND,2026,25265.2,25996.2,1285.3,REPEAT,NEUTRAL,False,True
2026-01-08 02:00:00,25772.2,2026-01,25265.2,25996.2,1288.6,REPEAT,HIGH_TREND,2026-Q1,25265.2,25996.2,1288.6,REPEAT,HIGH_TREND,2026,25265.2,25996.2,1288.6,REPEAT,NEUTRAL,False,True
2026-01-08 06:00:00,25603.2,2026-01,25265.2,25996.2,1280.2,REPEAT,HIGH_TREND,2026-Q1,25265.2,25996.2,1280.2,REPEAT,HIGH_TREND,2026,25265.2,25996.2,1280.2,REPEAT,NEUTRAL,False,True
2026-01-08 10:00:00,25631.8,2026-01,25265.2,25996.2,1281.6,REPEAT,HIGH_TREND,2026-Q1,25265.2,25996.2,1281.6,REPEAT,HIGH_TREND,2026,25265.2,25996.2,1281.6,REPEAT,NEUTRAL,False,True
2026-01-08 14:00:00,25712.0,2026-01,25265.2,25996.2,1285.6,REPEAT,HIGH_TREND,2026-Q1,25265.2,25996.2,1285.6,REPEAT,HIGH_TREND,2026,25265.2,25996.2,1285.6,REPEAT,NEUTRAL,False,True
2026-01-08 18:00:00,25684.0,2026-01,25265.2,25996.2,1284.2,REPEAT,HIGH_TREND,2026-Q1,25265.2,25996.2,1284.2,REPEAT,HIGH_TREND,2026,25265.2,25996.2,1284.2,REPEAT,NEUTRAL,False,True
2026-01-08 22:00:00,25689.8,2026-01,25265.2,25996.2,1284.5,REPEAT,HIGH_TREND,2026-Q1,25265.2,25996.2,1284.5,REPEAT,HIGH_TREND,2026,25265.2,25996.2,1284.5,REPEAT,NEUTRAL,False,True
2026-01-09 02:00:00,25727.8,2026-01,25265.2,25996.2,1286.4,REPEAT,HIGH_TREND,2026-Q1,25265.2,25996.2,1286.4,REPEAT,HIGH_TREND,2026,25265.2,25996.2,1286.4,REPEAT,NEUTRAL,False,True
2026-01-09 06:00:00,25734.8,2026-01,25265.2,25996.2,1286.7,REPEAT,HIGH_TREND,2026-Q1,25265.2,25996.2,1286.7,REPEAT,HIGH_TREND,2026,25265.2,25996.2,1286.7,REPEAT,NEUTRAL,False,True
2026-01-09 10:00:00,25961.2,2026-01,25265.2,25996.2,1298.1,REPEAT,HIGH_TREND,2026-Q1,25265.2,25996.2,1298.1,REPEAT,HIGH_TREND,2026,25265.2,25996.2,1298.1,REPEAT,NEUTRAL,False,True
2026-01-09 14:00:00,25931.8,2026-01,25265.2,25996.2,1296.6,REPEAT,HIGH_TREND,2026-Q1,25265.2,25996.2,1296.6,REPEAT,HIGH_TREND,2026,25265.2,25996.2,1296.6,REPEAT,NEUTRAL,False,True
2026-01-11 18:00:00,25748.0,2026-01,25265.2,25996.2,1287.4,REPEAT,HIGH_TREND,2026-Q1,25265.2,25996.2,1287.4,REPEAT,HIGH_TREND,2026,25265.2,25996.2,1287.4,REPEAT,NEUTRAL,False,True
2026-01-11 22:00:00,25716.8,2026-01,25265.2,25996.2,1285.8,REPEAT,HIGH_TREND,2026-Q1,25265.2,25996.2,1285.8,REPEAT,HIGH_TREND,2026,25265.2,25996.2,1285.8,REPEAT,NEUTRAL,False,True
2026-01-12 02:00:00,25707.2,2026-01,25265.2,25996.2,1285.4,REPEAT,HIGH_TREND,2026-Q1,25265.2,25996.2,1285.4,REPEAT,HIGH_TREND,2026,25265.2,25996.2,1285.4,REPEAT,NEUTRAL,False,True
2026-01-12 06:00:00,25901.0,2026-01,25265.2,25996.2,1295.1,REPEAT,HIGH_TREND,2026-Q1,25265.2,25996.2,1295.1,REPEAT,HIGH_TREND,2026,25265.2,25996.2,1295.1,REPEAT,NEUTRAL,False,True
2026-01-12 10:00:00,25978.5,2026-01,25265.2,25997.5,1298.9,REPEAT,HIGH_TREND,2026-Q1,25265.2,25997.5,1298.9,REPEAT,HIGH_TREND,2026,25265.2,25997.5,1298.9,REPEAT,NEUTRAL,False,True
2026-01-12 14:00:00,25942.2,2026-01,25265.2,26020.5,1297.1,REPEAT,HIGH_TREND,2026-Q1,25265.2,26020.5,1297.1,REPEAT,HIGH_TREND,2026,25265.2,26020.5,1297.1,REPEAT,NEUTRAL,False,True
2026-01-12 18:00:00,25878.2,2026-01,25265.2,26020.5,1293.9,REPEAT,HIGH_TREND,2026-Q1,25265.2,26020.5,1293.9,REPEAT,HIGH_TREND,2026,25265.2,26020.5,1293.9,REPEAT,NEUTRAL,False,True
2026-01-12 22:00:00,25917.0,2026-01,25265.2,26020.5,1295.9,REPEAT,HIGH_TREND,2026-Q1,25265.2,26020.5,1295.9,REPEAT,HIGH_TREND,2026,25265.2,26020.5,1295.9,REPEAT,NEUTRAL,False,True
2026-01-13 02:00:00,25878.0,2026-01,25265.2,26020.5,1293.9,REPEAT,HIGH_TREND,2026-Q1,25265.2,26020.5,1293.9,REPEAT,HIGH_TREND,2026,25265.2,26020.5,1293.9,REPEAT,NEUTRAL,False,True
2026-01-13 06:00:00,25948.8,2026-01,25265.2,26045.5,1297.4,REPEAT,HIGH_TREND,2026-Q1,25265.2,26045.5,1297.4,REPEAT,HIGH_TREND,2026,25265.2,26045.5,1297.4,REPEAT,NEUTRAL,False,True
2026-01-13 10:00:00,25839.8,2026-01,25265.2,26045.5,1292.0,REPEAT,HIGH_TREND,2026-Q1,25265.2,26045.5,1292.0,REPEAT,HIGH_TREND,2026,25265.2,26045.5,1292.0,REPEAT,NEUTRAL,False,True
2026-01-13 14:00:00,25898.2,2026-01,25265.2,26045.5,1294.9,REPEAT,HIGH_TREND,2026-Q1,25265.2,26045.5,1294.9,REPEAT,HIGH_TREND,2026,25265.2,26045.5,1294.9,REPEAT,NEUTRAL,False,True
2026-01-13 18:00:00,25894.0,2026-01,25265.2,26045.5,1294.7,REPEAT,HIGH_TREND,2026-Q1,25265.2,26045.5,1294.7,REPEAT,HIGH_TREND,2026,25265.2,26045.5,1294.7,REPEAT,NEUTRAL,False,True
2026-01-13 22:00:00,25859.5,2026-01,25265.2,26045.5,1293.0,REPEAT,HIGH_TREND,2026-Q1,25265.2,26045.5,1293.0,REPEAT,HIGH_TREND,2026,25265.2,26045.5,1293.0,REPEAT,NEUTRAL,False,True
2026-01-14 02:00:00,25737.5,2026-01,25265.2,26045.5,1286.9,REPEAT,HIGH_TREND,2026-Q1,25265.2,26045.5,1286.9,REPEAT,HIGH_TREND,2026,25265.2,26045.5,1286.9,REPEAT,NEUTRAL,False,True
2026-01-14 06:00:00,25585.0,2026-01,25265.2,26045.5,1279.2,REPEAT,HIGH_TREND,2026-Q1,25265.2,26045.5,1279.2,REPEAT,HIGH_TREND,2026,25265.2,26045.5,1279.2,REPEAT,NEUTRAL,False,True
2026-01-14 10:00:00,25515.0,2026-01,25265.2,26045.5,1275.8,REPEAT,HIGH_TREND,2026-Q1,25265.2,26045.5,1275.8,REPEAT,HIGH_TREND,2026,25265.2,26045.5,1275.8,REPEAT,NEUTRAL,False,True
2026-01-14 14:00:00,25612.0,2026-01,25265.2,26045.5,1280.6,REPEAT,HIGH_TREND,2026-Q1,25265.2,26045.5,1280.6,REPEAT,HIGH_TREND,2026,25265.2,26045.5,1280.6,REPEAT,NEUTRAL,False,True
2026-01-14 18:00:00,25609.0,2026-01,25265.2,26045.5,1280.4,REPEAT,HIGH_TREND,2026-Q1,25265.2,26045.5,1280.4,REPEAT,HIGH_TREND,2026,25265.2,26045.5,1280.4,REPEAT,NEUTRAL,False,True
2026-01-14 22:00:00,25700.8,2026-01,25265.2,26045.5,1285.0,REPEAT,HIGH_TREND,2026-Q1,25265.2,26045.5,1285.0,REPEAT,HIGH_TREND,2026,25265.2,26045.5,1285.0,REPEAT,NEUTRAL,False,True
2026-01-15 02:00:00,25817.0,2026-01,25265.2,26045.5,1290.9,REPEAT,HIGH_TREND,2026-Q1,25265.2,26045.5,1290.9,REPEAT,HIGH_TREND,2026,25265.2,26045.5,1290.9,REPEAT,NEUTRAL,False,True
2026-01-15 06:00:00,25864.0,2026-01,25265.2,26045.5,1293.2,REPEAT,HIGH_TREND,2026-Q1,25265.2,26045.5,1293.2,REPEAT,HIGH_TREND,2026,25265.2,26045.5,1293.2,REPEAT,NEUTRAL,False,True
2026-01-15 10:00:00,25886.0,2026-01,25265.2,26045.5,1294.3,REPEAT,HIGH_TREND,2026-Q1,25265.2,26045.5,1294.3,REPEAT,HIGH_TREND,2026,25265.2,26045.5,1294.3,REPEAT,NEUTRAL,False,True
2026-01-15 14:00:00,25707.0,2026-01,25265.2,26045.5,1285.4,REPEAT,HIGH_TREND,2026-Q1,25265.2,26045.5,1285.4,REPEAT,HIGH_TREND,2026,25265.2,26045.5,1285.4,REPEAT,NEUTRAL,False,True
2026-01-15 18:00:00,25787.2,2026-01,25265.2,26045.5,1289.4,REPEAT,HIGH_TREND,2026-Q1,25265.2,26045.5,1289.4,REPEAT,HIGH_TREND,2026,25265.2,26045.5,1289.4,REPEAT,NEUTRAL,False,True
2026-01-15 22:00:00,25823.0,2026-01,25265.2,26045.5,1291.2,REPEAT,HIGH_TREND,2026-Q1,25265.2,26045.5,1291.2,REPEAT,HIGH_TREND,2026,25265.2,26045.5,1291.2,REPEAT,NEUTRAL,False,True
2026-01-16 02:00:00,25855.0,2026-01,25265.2,26045.5,1292.8,REPEAT,HIGH_TREND,2026-Q1,25265.2,26045.5,1292.8,REPEAT,HIGH_TREND,2026,25265.2,26045.5,1292.8,REPEAT,NEUTRAL,False,True
2026-01-16 06:00:00,25728.5,2026-01,25265.2,26045.5,1286.4,REPEAT,HIGH_TREND,2026-Q1,25265.2,26045.5,1286.4,REPEAT,HIGH_TREND,2026,25265.2,26045.5,1286.4,REPEAT,NEUTRAL,False,True
2026-01-16 10:00:00,25716.5,2026-01,25265.2,26045.5,1285.8,REPEAT,HIGH_TREND,2026-Q1,25265.2,26045.5,1285.8,REPEAT,HIGH_TREND,2026,25265.2,26045.5,1285.8,REPEAT,NEUTRAL,False,True
2026-01-16 14:00:00,25681.2,2026-01,25265.2,26045.5,1284.1,REPEAT,HIGH_TREND,2026-Q1,25265.2,26045.5,1284.1,REPEAT,HIGH_TREND,2026,25265.2,26045.5,1284.1,REPEAT,NEUTRAL,False,True
2026-01-18 18:00:00,25417.5,2026-01,25265.2,26045.5,1270.9,REPEAT,HIGH_TREND,2026-Q1,25265.2,26045.5,1270.9,REPEAT,HIGH_TREND,2026,25265.2,26045.5,1270.9,REPEAT,NEUTRAL,False,True
2026-01-18 22:00:00,25384.8,2026-01,25265.2,26045.5,1269.2,REPEAT,HIGH_TREND,2026-Q1,25265.2,26045.5,1269.2,REPEAT,HIGH_TREND,2026,25265.2,26045.5,1269.2,REPEAT,NEUTRAL,False,True
2026-01-19 02:00:00,25270.0,2026-01,25257.8,26045.5,1263.5,REPEAT,HIGH_TREND,2026-Q1,25257.8,26045.5,1263.5,REPEAT,HIGH_TREND,2026,25257.8,26045.5,1263.5,REPEAT,NEUTRAL,False,True
2026-01-19 06:00:00,25316.0,2026-01,25236.5,26045.5,1265.8,REPEAT,HIGH_TREND,2026-Q1,25236.5,26045.5,1265.8,REPEAT,HIGH_TREND,2026,25236.5,26045.5,1265.8,REPEAT,NEUTRAL,False,True
2026-01-19 10:00:00,25398.2,2026-01,25236.5,26045.5,1269.9,REPEAT,HIGH_TREND,2026-Q1,25236.5,26045.5,1269.9,REPEAT,HIGH_TREND,2026,25236.5,26045.5,1269.9,REPEAT,NEUTRAL,False,True
2026-01-19 18:00:00,25424.5,2026-01,25236.5,26045.5,1271.2,REPEAT,HIGH_TREND,2026-Q1,25236.5,26045.5,1271.2,REPEAT,HIGH_TREND,2026,25236.5,26045.5,1271.2,REPEAT,NEUTRAL,False,True
2026-01-19 22:00:00,25310.5,2026-01,25236.5,26045.5,1265.5,REPEAT,HIGH_TREND,2026-Q1,25236.5,26045.5,1265.5,REPEAT,HIGH_TREND,2026,25236.5,26045.5,1265.5,REPEAT,NEUTRAL,False,True
2026-01-20 02:00:00,25176.0,2026-01,25095.2,26045.5,1258.8,REPEAT,HIGH_TREND,2026-Q1,25095.2,26045.5,1258.8,REPEAT,HIGH_TREND,2026,25095.2,26045.5,1258.8,REPEAT,NEUTRAL,False,True
2026-01-20 06:00:00,25324.8,2026-01,25095.2,26045.5,1266.2,REPEAT,HIGH_TREND,2026-Q1,25095.2,26045.5,1266.2,REPEAT,HIGH_TREND,2026,25095.2,26045.5,1266.2,REPEAT,NEUTRAL,False,True
2026-01-20 10:00:00,25199.2,2026-01,25095.2,26045.5,1260.0,REPEAT,HIGH_TREND,2026-Q1,25095.2,26045.5,1260.0,REPEAT,HIGH_TREND,2026,25095.2,26045.5,1260.0,REPEAT,NEUTRAL,False,True
2026-01-20 14:00:00,25142.8,2026-01,25095.2,26045.5,1257.1,REPEAT,HIGH_TREND,2026-Q1,25095.2,26045.5,1257.1,REPEAT,HIGH_TREND,2026,25095.2,26045.5,1257.1,REPEAT,NEUTRAL,False,True
2026-01-20 18:00:00,25179.0,2026-01,25095.2,26045.5,1259.0,REPEAT,HIGH_TREND,2026-Q1,25095.2,26045.5,1259.0,REPEAT,HIGH_TREND,2026,25095.2,26045.5,1259.0,REPEAT,NEUTRAL,False,True
2026-01-20 22:00:00,25196.2,2026-01,25095.2,26045.5,1259.8,REPEAT,HIGH_TREND,2026-Q1,25095.2,26045.5,1259.8,REPEAT,HIGH_TREND,2026,25095.2,26045.5,1259.8,REPEAT,NEUTRAL,False,True
2026-01-21 02:00:00,25153.2,2026-01,25095.2,26045.5,1257.7,REPEAT,HIGH_TREND,2026-Q1,25095.2,26045.5,1257.7,REPEAT,HIGH_TREND,2026,25095.2,26045.5,1257.7,REPEAT,NEUTRAL,False,True
2026-01-21 06:00:00,25324.8,2026-01,25025.0,26045.5,1266.2,REPEAT,HIGH_TREND,2026-Q1,25025.0,26045.5,1266.2,REPEAT,HIGH_TREND,2026,25025.0,26045.5,1266.2,REPEAT,NEUTRAL,False,True
2026-01-21 10:00:00,25283.2,2026-01,25025.0,26045.5,1264.2,REPEAT,HIGH_TREND,2026-Q1,25025.0,26045.5,1264.2,REPEAT,HIGH_TREND,2026,25025.0,26045.5,1264.2,REPEAT,NEUTRAL,False,True
2026-01-21 14:00:00,25509.5,2026-01,25025.0,26045.5,1275.5,REPEAT,HIGH_TREND,2026-Q1,25025.0,26045.5,1275.5,REPEAT,HIGH_TREND,2026,25025.0,26045.5,1275.5,REPEAT,NEUTRAL,False,True
2026-01-21 18:00:00,25568.0,2026-01,25025.0,26045.5,1278.4,REPEAT,HIGH_TREND,2026-Q1,25025.0,26045.5,1278.4,REPEAT,HIGH_TREND,2026,25025.0,26045.5,1278.4,REPEAT,NEUTRAL,False,True
2026-01-21 22:00:00,25539.8,2026-01,25025.0,26045.5,1277.0,REPEAT,HIGH_TREND,2026-Q1,25025.0,26045.5,1277.0,REPEAT,HIGH_TREND,2026,25025.0,26045.5,1277.0,REPEAT,NEUTRAL,False,True
2026-01-22 02:00:00,25688.2,2026-01,25025.0,26045.5,1284.4,REPEAT,HIGH_TREND,2026-Q1,25025.0,26045.5,1284.4,REPEAT,HIGH_TREND,2026,25025.0,26045.5,1284.4,REPEAT,NEUTRAL,False,True
2026-01-22 06:00:00,25578.0,2026-01,25025.0,26045.5,1278.9,REPEAT,HIGH_TREND,2026-Q1,25025.0,26045.5,1278.9,REPEAT,HIGH_TREND,2026,25025.0,26045.5,1278.9,REPEAT,NEUTRAL,False,True
2026-01-22 10:00:00,25673.5,2026-01,25025.0,26045.5,1283.7,REPEAT,HIGH_TREND,2026-Q1,25025.0,26045.5,1283.7,REPEAT,HIGH_TREND,2026,25025.0,26045.5,1283.7,REPEAT,NEUTRAL,False,True
2026-01-22 14:00:00,25630.0,2026-01,25025.0,26045.5,1281.5,REPEAT,HIGH_TREND,2026-Q1,25025.0,26045.5,1281.5,REPEAT,HIGH_TREND,2026,25025.0,26045.5,1281.5,REPEAT,NEUTRAL,False,True
2026-01-22 18:00:00,25668.8,2026-01,25025.0,26045.5,1283.4,REPEAT,HIGH_TREND,2026-Q1,25025.0,26045.5,1283.4,REPEAT,HIGH_TREND,2026,25025.0,26045.5,1283.4,REPEAT,NEUTRAL,False,True
2026-01-22 22:00:00,25704.8,2026-01,25025.0,26045.5,1285.2,REPEAT,HIGH_TREND,2026-Q1,25025.0,26045.5,1285.2,REPEAT,HIGH_TREND,2026,25025.0,26045.5,1285.2,REPEAT,NEUTRAL,False,True
2026-01-23 02:00:00,25574.2,2026-01,25025.0,26045.5,1278.7,REPEAT,HIGH_TREND,2026-Q1,25025.0,26045.5,1278.7,REPEAT,HIGH_TREND,2026,25025.0,26045.5,1278.7,REPEAT,NEUTRAL,False,True
2026-01-23 06:00:00,25663.8,2026-01,25025.0,26045.5,1283.2,REPEAT,HIGH_TREND,2026-Q1,25025.0,26045.5,1283.2,REPEAT,HIGH_TREND,2026,25025.0,26045.5,1283.2,REPEAT,NEUTRAL,False,True
2026-01-23 10:00:00,25725.5,2026-01,25025.0,26045.5,1286.3,REPEAT,HIGH_TREND,2026-Q1,25025.0,26045.5,1286.3,REPEAT,HIGH_TREND,2026,25025.0,26045.5,1286.3,REPEAT,NEUTRAL,False,True
2026-01-23 14:00:00,25680.5,2026-01,25025.0,26045.5,1284.0,REPEAT,HIGH_TREND,2026-Q1,25025.0,26045.5,1284.0,REPEAT,HIGH_TREND,2026,25025.0,26045.5,1284.0,REPEAT,NEUTRAL,False,True
2026-01-25 18:00:00,25609.2,2026-01,25025.0,26045.5,1280.5,REPEAT,HIGH_TREND,2026-Q1,25025.0,26045.5,1280.5,REPEAT,HIGH_TREND,2026,25025.0,26045.5,1280.5,REPEAT,NEUTRAL,False,True
2026-01-25 22:00:00,25668.0,2026-01,25025.0,26045.5,1283.4,REPEAT,HIGH_TREND,2026-Q1,25025.0,26045.5,1283.4,REPEAT,HIGH_TREND,2026,25025.0,26045.5,1283.4,REPEAT,NEUTRAL,False,True
2026-01-26 02:00:00,25651.2,2026-01,25025.0,26045.5,1282.6,REPEAT,HIGH_TREND,2026-Q1,25025.0,26045.5,1282.6,REPEAT,HIGH_TREND,2026,25025.0,26045.5,1282.6,REPEAT,NEUTRAL,False,True
2026-01-26 06:00:00,25837.2,2026-01,25025.0,26045.5,1291.9,REPEAT,HIGH_TREND,2026-Q1,25025.0,26045.5,1291.9,REPEAT,HIGH_TREND,2026,25025.0,26045.5,1291.9,REPEAT,NEUTRAL,False,True
2026-01-26 10:00:00,25898.8,2026-01,25025.0,26045.5,1294.9,REPEAT,HIGH_TREND,2026-Q1,25025.0,26045.5,1294.9,REPEAT,HIGH_TREND,2026,25025.0,26045.5,1294.9,REPEAT,NEUTRAL,False,True
2026-01-26 14:00:00,25861.2,2026-01,25025.0,26045.5,1293.1,REPEAT,HIGH_TREND,2026-Q1,25025.0,26045.5,1293.1,REPEAT,HIGH_TREND,2026,25025.0,26045.5,1293.1,REPEAT,NEUTRAL,False,True
2026-01-26 18:00:00,25971.2,2026-01,25025.0,26045.5,1298.6,REPEAT,HIGH_TREND,2026-Q1,25025.0,26045.5,1298.6,REPEAT,HIGH_TREND,2026,25025.0,26045.5,1298.6,REPEAT,NEUTRAL,False,True
2026-01-26 22:00:00,26001.2,2026-01,25025.0,26045.5,1300.1,REPEAT,HIGH_TREND,2026-Q1,25025.0,26045.5,1300.1,REPEAT,HIGH_TREND,2026,25025.0,26045.5,1300.1,REPEAT,NEUTRAL,False,True
2026-01-27 02:00:00,26005.8,2026-01,25025.0,26045.5,1300.3,REPEAT,HIGH_TREND,2026-Q1,25025.0,26045.5,1300.3,REPEAT,HIGH_TREND,2026,25025.0,26045.5,1300.3,REPEAT,NEUTRAL,False,True
2026-01-27 06:00:00,26053.2,2026-01,25025.0,26058.0,1302.7,REPEAT,HIGH_TREND,2026-Q1,25025.0,26058.0,1302.7,REPEAT,HIGH_TREND,2026,25025.0,26058.0,1302.7,REPEAT,NEUTRAL,False,True
2026-01-27 10:00:00,26090.2,2026-01,25025.0,26106.8,1304.5,REPEAT,HIGH_TREND,2026-Q1,25025.0,26106.8,1304.5,REPEAT,HIGH_TREND,2026,25025.0,26106.8,1304.5,REPEAT,NEUTRAL,False,True
2026-01-27 14:00:00,26110.0,2026-01,25025.0,26118.0,1305.5,REPEAT,HIGH_TREND,2026-Q1,25025.0,26118.0,1305.5,REPEAT,HIGH_TREND,2026,25025.0,26118.0,1305.5,REPEAT,NEUTRAL,False,True
2026-01-27 18:00:00,26214.0,2026-01,25025.0,26228.2,1310.7,REPEAT,HIGH_TREND,2026-Q1,25025.0,26228.2,1310.7,REPEAT,HIGH_TREND,2026,25025.0,26228.2,1310.7,REPEAT,NEUTRAL,False,True
2026-01-27 22:00:00,26302.8,2026-01,25025.0,26349.0,1315.1,REPEAT,HIGH_TREND,2026-Q1,25025.0,26349.0,1315.1,REPEAT,HIGH_TREND,2026,25025.0,26349.0,1315.1,REPEAT,NEUTRAL,False,True
2026-01-28 02:00:00,26316.8,2026-01,25025.0,26349.0,1315.8,REPEAT,HIGH_TREND,2026-Q1,25025.0,26349.0,1315.8,REPEAT,HIGH_TREND,2026,25025.0,26349.0,1315.8,REPEAT,NEUTRAL,False,True
2026-01-28 06:00:00,26253.5,2026-01,25025.0,26349.0,1312.7,REPEAT,HIGH_TREND,2026-Q1,25025.0,26349.0,1312.7,REPEAT,HIGH_TREND,2026,25025.0,26349.0,1312.7,REPEAT,NEUTRAL,False,True
2026-01-28 10:00:00,26171.5,2026-01,25025.0,26349.0,1308.6,REPEAT,HIGH_TREND,2026-Q1,25025.0,26349.0,1308.6,REPEAT,HIGH_TREND,2026,25025.0,26349.0,1308.6,REPEAT,NEUTRAL,False,True
2026-01-28 14:00:00,26268.2,2026-01,25025.0,26349.0,1313.4,REPEAT,HIGH_TREND,2026-Q1,25025.0,26349.0,1313.4,REPEAT,HIGH_TREND,2026,25025.0,26349.0,1313.4,REPEAT,NEUTRAL,False,True
2026-01-28 18:00:00,26162.5,2026-01,25025.0,26349.0,1308.1,REPEAT,HIGH_TREND,2026-Q1,25025.0,26349.0,1308.1,REPEAT,HIGH_TREND,2026,25025.0,26349.0,1308.1,REPEAT,NEUTRAL,False,True
2026-01-28 22:00:00,26246.8,2026-01,25025.0,26349.0,1312.3,REPEAT,HIGH_TREND,2026-Q1,25025.0,26349.0,1312.3,REPEAT,HIGH_TREND,2026,25025.0,26349.0,1312.3,REPEAT,NEUTRAL,False,True
2026-01-29 02:00:00,26191.8,2026-01,25025.0,26349.0,1309.6,REPEAT,HIGH_TREND,2026-Q1,25025.0,26349.0,1309.6,REPEAT,HIGH_TREND,2026,25025.0,26349.0,1309.6,REPEAT,NEUTRAL,False,True
2026-01-29 06:00:00,25864.5,2026-01,25025.0,26349.0,1293.2,REPEAT,HIGH_TREND,2026-Q1,25025.0,26349.0,1293.2,REPEAT,HIGH_TREND,2026,25025.0,26349.0,1293.2,REPEAT,NEUTRAL,False,True
2026-01-29 10:00:00,25836.8,2026-01,25025.0,26349.0,1291.8,REPEAT,HIGH_TREND,2026-Q1,25025.0,26349.0,1291.8,REPEAT,HIGH_TREND,2026,25025.0,26349.0,1291.8,REPEAT,NEUTRAL,False,True
2026-01-29 14:00:00,25982.5,2026-01,25025.0,26349.0,1299.1,REPEAT,HIGH_TREND,2026-Q1,25025.0,26349.0,1299.1,REPEAT,HIGH_TREND,2026,25025.0,26349.0,1299.1,REPEAT,NEUTRAL,False,True
2026-01-29 18:00:00,25843.0,2026-01,25025.0,26349.0,1292.2,REPEAT,HIGH_TREND,2026-Q1,25025.0,26349.0,1292.2,REPEAT,HIGH_TREND,2026,25025.0,26349.0,1292.2,REPEAT,NEUTRAL,False,True
2026-01-29 22:00:00,25751.5,2026-01,25025.0,26349.0,1287.6,REPEAT,HIGH_TREND,2026-Q1,25025.0,26349.0,1287.6,REPEAT,HIGH_TREND,2026,25025.0,26349.0,1287.6,REPEAT,NEUTRAL,False,True
2026-01-30 02:00:00,25764.8,2026-01,25025.0,26349.0,1288.2,REPEAT,HIGH_TREND,2026-Q1,25025.0,26349.0,1288.2,REPEAT,HIGH_TREND,2026,25025.0,26349.0,1288.2,REPEAT,NEUTRAL,False,True
2026-01-30 06:00:00,25827.0,2026-01,25025.0,26349.0,1291.4,REPEAT,HIGH_TREND,2026-Q1,25025.0,26349.0,1291.4,REPEAT,HIGH_TREND,2026,25025.0,26349.0,1291.4,REPEAT,NEUTRAL,False,True
2026-01-30 10:00:00,25741.2,2026-01,25025.0,26349.0,1287.1,REPEAT,HIGH_TREND,2026-Q1,25025.0,26349.0,1287.1,REPEAT,HIGH_TREND,2026,25025.0,26349.0,1287.1,REPEAT,NEUTRAL,False,True
2026-01-30 14:00:00,25639.2,2026-01,25025.0,26349.0,1282.0,REPEAT,HIGH_TREND,2026-Q1,25025.0,26349.0,1282.0,REPEAT,HIGH_TREND,2026,25025.0,26349.0,1282.0,REPEAT,NEUTRAL,False,True
2026-02-01 18:00:00,25367.8,2026-02,25357.2,25645.8,1268.4,REPEAT,HIGH_TREND,2026-Q1,25025.0,26349.0,1268.4,REPEAT,HIGH_TREND,2026,25025.0,26349.0,1268.4,REPEAT,NEUTRAL,False,True
2026-02-01 22:00:00,25232.0,2026-02,25180.2,25645.8,1261.6,REPEAT,HIGH_TREND,2026-Q1,25025.0,26349.0,1261.6,REPEAT,HIGH_TREND,2026,25025.0,26349.0,1261.6,REPEAT,NEUTRAL,False,True
2026-02-02 02:00:00,25406.5,2026-02,25180.2,25645.8,1270.3,REPEAT,HIGH_TREND,2026-Q1,25025.0,26349.0,1270.3,REPEAT,HIGH_TREND,2026,25025.0,26349.0,1270.3,REPEAT,NEUTRAL,False,True
2026-02-02 06:00:00,25749.2,2026-02,25180.2,25799.5,1287.5,REPEAT,HIGH_TREND,2026-Q1,25025.0,26349.0,1287.5,REPEAT,HIGH_TREND,2026,25025.0,26349.0,1287.5,REPEAT,NEUTRAL,False,True
2026-02-02 10:00:00,25941.8,2026-02,25180.2,25949.5,1297.1,REPEAT,HIGH_TREND,2026-Q1,25025.0,26349.0,1297.1,REPEAT,HIGH_TREND,2026,25025.0,26349.0,1297.1,REPEAT,NEUTRAL,False,True
2026-02-02 14:00:00,25873.2,2026-02,25180.2,25949.5,1293.7,REPEAT,HIGH_TREND,2026-Q1,25025.0,26349.0,1293.7,REPEAT,HIGH_TREND,2026,25025.0,26349.0,1293.7,REPEAT,NEUTRAL,False,True
2026-02-02 18:00:00,25928.8,2026-02,25180.2,25990.8,1296.4,REPEAT,HIGH_TREND,2026-Q1,25025.0,26349.0,1296.4,REPEAT,HIGH_TREND,2026,25025.0,26349.0,1296.4,REPEAT,NEUTRAL,False,True
2026-02-02 22:00:00,25992.2,2026-02,25180.2,26007.2,1299.6,REPEAT,HIGH_TREND,2026-Q1,25025.0,26349.0,1299.6,REPEAT,HIGH_TREND,2026,25025.0,26349.0,1299.6,REPEAT,NEUTRAL,False,True
2026-02-03 02:00:00,25955.8,2026-02,25180.2,26027.8,1297.8,REPEAT,HIGH_TREND,2026-Q1,25025.0,26349.0,1297.8,REPEAT,HIGH_TREND,2026,25025.0,26349.0,1297.8,REPEAT,NEUTRAL,False,True
2026-02-03 06:00:00,25633.0,2026-02,25180.2,26027.8,1281.6,REPEAT,HIGH_TREND,2026-Q1,25025.0,26349.0,1281.6,REPEAT,HIGH_TREND,2026,25025.0,26349.0,1281.6,REPEAT,NEUTRAL,False,True
2026-02-03 10:00:00,25245.5,2026-02,25180.2,26027.8,1262.3,REPEAT,HIGH_TREND,2026-Q1,25025.0,26349.0,1262.3,REPEAT,HIGH_TREND,2026,25025.0,26349.0,1262.3,REPEAT,NEUTRAL,False,True
2026-02-03 14:00:00,25421.2,2026-02,25180.2,26027.8,1271.1,REPEAT,HIGH_TREND,2026-Q1,25025.0,26349.0,1271.1,REPEAT,HIGH_TREND,2026,25025.0,26349.0,1271.1,REPEAT,NEUTRAL,False,True
2026-02-03 18:00:00,25412.2,2026-02,25180.2,26027.8,1270.6,REPEAT,HIGH_TREND,2026-Q1,25025.0,26349.0,1270.6,REPEAT,HIGH_TREND,2026,25025.0,26349.0,1270.6,REPEAT,NEUTRAL,False,True
2026-02-03 22:00:00,25471.5,2026-02,25180.2,26027.8,1273.6,REPEAT,HIGH_TREND,2026-Q1,25025.0,26349.0,1273.6,REPEAT,HIGH_TREND,2026,25025.0,26349.0,1273.6,REPEAT,NEUTRAL,False,True
2026-02-04 02:00:00,25449.5,2026-02,25180.2,26027.8,1272.5,REPEAT,HIGH_TREND,2026-Q1,25025.0,26349.0,1272.5,REPEAT,HIGH_TREND,2026,25025.0,26349.0,1272.5,REPEAT,NEUTRAL,False,True
2026-02-04 06:00:00,25194.2,2026-02,25180.2,26027.8,1259.7,REPEAT,HIGH_TREND,2026-Q1,25025.0,26349.0,1259.7,REPEAT,HIGH_TREND,2026,25025.0,26349.0,1259.7,REPEAT,NEUTRAL,False,True
2026-02-04 10:00:00,24925.0,2026-02,24783.5,26027.8,1246.2,REPEAT,HIGH_TREND,2026-Q1,24783.5,26349.0,1246.2,REPEAT,HIGH_TREND,2026,24783.5,26349.0,1246.2,REPEAT,NEUTRAL,False,True
2026-02-04 14:00:00,25116.2,2026-02,24783.5,26027.8,1255.8,REPEAT,HIGH_TREND,2026-Q1,24783.5,26349.0,1255.8,REPEAT,HIGH_TREND,2026,24783.5,26349.0,1255.8,REPEAT,NEUTRAL,False,True
2026-02-04 18:00:00,24961.8,2026-02,24783.5,26027.8,1248.1,REPEAT,HIGH_TREND,2026-Q1,24783.5,26349.0,1248.1,REPEAT,HIGH_TREND,2026,24783.5,26349.0,1248.1,REPEAT,NEUTRAL,False,True
2026-02-04 22:00:00,25073.0,2026-02,24783.5,26027.8,1253.6,REPEAT,HIGH_TREND,2026-Q1,24783.5,26349.0,1253.6,REPEAT,HIGH_TREND,2026,24783.5,26349.0,1253.6,REPEAT,NEUTRAL,False,True
2026-02-05 02:00:00,25033.8,2026-02,24783.5,26027.8,1251.7,REPEAT,HIGH_TREND,2026-Q1,24783.5,26349.0,1251.7,REPEAT,HIGH_TREND,2026,24783.5,26349.0,1251.7,REPEAT,NEUTRAL,False,True
2026-02-05 06:00:00,24769.2,2026-02,24652.0,26027.8,1238.5,REPEAT,HIGH_TREND,2026-Q1,24652.0,26349.0,1238.5,REPEAT,HIGH_TREND,2026,24652.0,26349.0,1238.5,REPEAT,NEUTRAL,False,True
2026-02-05 10:00:00,24700.2,2026-02,24543.2,26027.8,1235.0,REPEAT,HIGH_TREND,2026-Q1,24543.2,26349.0,1235.0,REPEAT,HIGH_TREND,2026,24543.2,26349.0,1235.0,REPEAT,NEUTRAL,False,True
2026-02-05 14:00:00,24425.2,2026-02,24407.2,26027.8,1221.3,REPEAT,HIGH_TREND,2026-Q1,24407.2,26349.0,1221.3,REPEAT,HIGH_TREND,2026,24407.2,26349.0,1221.3,REPEAT,NEUTRAL,False,True
2026-02-05 18:00:00,24534.2,2026-02,24239.8,26027.8,1226.7,REPEAT,HIGH_TREND,2026-Q1,24239.8,26349.0,1226.7,REPEAT,HIGH_TREND,2026,24239.8,26349.0,1226.7,REPEAT,NEUTRAL,False,True
2026-02-05 22:00:00,24547.8,2026-02,24239.8,26027.8,1227.4,REPEAT,HIGH_TREND,2026-Q1,24239.8,26349.0,1227.4,REPEAT,HIGH_TREND,2026,24239.8,26349.0,1227.4,REPEAT,NEUTRAL,False,True
2026-02-06 02:00:00,24794.8,2026-02,24239.8,26027.8,1239.7,REPEAT,HIGH_TREND,2026-Q1,24239.8,26349.0,1239.7,REPEAT,HIGH_TREND,2026,24239.8,26349.0,1239.7,REPEAT,NEUTRAL,False,True
2026-02-06 06:00:00,24850.8,2026-02,24239.8,26027.8,1242.5,REPEAT,HIGH_TREND,2026-Q1,24239.8,26349.0,1242.5,REPEAT,HIGH_TREND,2026,24239.8,26349.0,1242.5,REPEAT,NEUTRAL,False,True
2026-02-06 10:00:00,25084.5,2026-02,24239.8,26027.8,1254.2,REPEAT,HIGH_TREND,2026-Q1,24239.8,26349.0,1254.2,REPEAT,HIGH_TREND,2026,24239.8,26349.0,1254.2,REPEAT,NEUTRAL,False,True
2026-02-06 14:00:00,25107.8,2026-02,24239.8,26027.8,1255.4,REPEAT,HIGH_TREND,2026-Q1,24239.8,26349.0,1255.4,REPEAT,HIGH_TREND,2026,24239.8,26349.0,1255.4,REPEAT,NEUTRAL,False,True
2026-02-08 18:00:00,25227.8,2026-02,24239.8,26027.8,1261.4,REPEAT,HIGH_TREND,2026-Q1,24239.8,26349.0,1261.4,REPEAT,HIGH_TREND,2026,24239.8,26349.0,1261.4,REPEAT,NEUTRAL,False,True
2026-02-08 22:00:00,25166.8,2026-02,24239.8,26027.8,1258.3,REPEAT,HIGH_TREND,2026-Q1,24239.8,26349.0,1258.3,REPEAT,HIGH_TREND,2026,24239.8,26349.0,1258.3,REPEAT,NEUTRAL,False,True
2026-02-09 02:00:00,25044.0,2026-02,24239.8,26027.8,1252.2,REPEAT,HIGH_TREND,2026-Q1,24239.8,26349.0,1252.2,REPEAT,HIGH_TREND,2026,24239.8,26349.0,1252.2,REPEAT,NEUTRAL,False,True
2026-02-09 06:00:00,25113.2,2026-02,24239.8,26027.8,1255.7,REPEAT,HIGH_TREND,2026-Q1,24239.8,26349.0,1255.7,REPEAT,HIGH_TREND,2026,24239.8,26349.0,1255.7,REPEAT,NEUTRAL,False,True
2026-02-09 10:00:00,25369.5,2026-02,24239.8,26027.8,1268.5,REPEAT,HIGH_TREND,2026-Q1,24239.8,26349.0,1268.5,REPEAT,HIGH_TREND,2026,24239.8,26349.0,1268.5,REPEAT,NEUTRAL,False,True
2026-02-09 14:00:00,25361.5,2026-02,24239.8,26027.8,1268.1,REPEAT,HIGH_TREND,2026-Q1,24239.8,26349.0,1268.1,REPEAT,HIGH_TREND,2026,24239.8,26349.0,1268.1,REPEAT,NEUTRAL,False,True
2026-02-09 18:00:00,25306.2,2026-02,24239.8,26027.8,1265.3,REPEAT,HIGH_TREND,2026-Q1,24239.8,26349.0,1265.3,REPEAT,HIGH_TREND,2026,24239.8,26349.0,1265.3,REPEAT,NEUTRAL,False,True
2026-02-09 22:00:00,25313.2,2026-02,24239.8,26027.8,1265.7,REPEAT,HIGH_TREND,2026-Q1,24239.8,26349.0,1265.7,REPEAT,HIGH_TREND,2026,24239.8,26349.0,1265.7,REPEAT,NEUTRAL,False,True
2026-02-10 02:00:00,25355.2,2026-02,24239.8,26027.8,1267.8,REPEAT,HIGH_TREND,2026-Q1,24239.8,26349.0,1267.8,REPEAT,HIGH_TREND,2026,24239.8,26349.0,1267.8,REPEAT,NEUTRAL,False,True
2026-02-10 06:00:00,25392.2,2026-02,24239.8,26027.8,1269.6,REPEAT,HIGH_TREND,2026-Q1,24239.8,26349.0,1269.6,REPEAT,HIGH_TREND,2026,24239.8,26349.0,1269.6,REPEAT,NEUTRAL,False,True
2026-02-10 10:00:00,25312.5,2026-02,24239.8,26027.8,1265.6,REPEAT,HIGH_TREND,2026-Q1,24239.8,26349.0,1265.6,REPEAT,HIGH_TREND,2026,24239.8,26349.0,1265.6,REPEAT,NEUTRAL,False,True
2026-02-10 14:00:00,25257.2,2026-02,24239.8,26027.8,1262.9,REPEAT,HIGH_TREND,2026-Q1,24239.8,26349.0,1262.9,REPEAT,HIGH_TREND,2026,24239.8,26349.0,1262.9,REPEAT,NEUTRAL,False,True
2026-02-10 18:00:00,25322.2,2026-02,24239.8,26027.8,1266.1,REPEAT,HIGH_TREND,2026-Q1,24239.8,26349.0,1266.1,REPEAT,HIGH_TREND,2026,24239.8,26349.0,1266.1,REPEAT,NEUTRAL,False,True
2026-02-10 22:00:00,25270.8,2026-02,24239.8,26027.8,1263.5,REPEAT,HIGH_TREND,2026-Q1,24239.8,26349.0,1263.5,REPEAT,HIGH_TREND,2026,24239.8,26349.0,1263.5,REPEAT,NEUTRAL,False,True
2026-02-11 02:00:00,25207.5,2026-02,24239.8,26027.8,1260.4,REPEAT,HIGH_TREND,2026-Q1,24239.8,26349.0,1260.4,REPEAT,HIGH_TREND,2026,24239.8,26349.0,1260.4,REPEAT,NEUTRAL,False,True
2026-02-11 06:00:00,25305.2,2026-02,24239.8,26027.8,1265.3,REPEAT,HIGH_TREND,2026-Q1,24239.8,26349.0,1265.3,REPEAT,HIGH_TREND,2026,24239.8,26349.0,1265.3,REPEAT,NEUTRAL,False,True
2026-02-11 10:00:00,25301.2,2026-02,24239.8,26027.8,1265.1,REPEAT,HIGH_TREND,2026-Q1,24239.8,26349.0,1265.1,REPEAT,HIGH_TREND,2026,24239.8,26349.0,1265.1,REPEAT,NEUTRAL,False,True
2026-02-11 14:00:00,25278.8,2026-02,24239.8,26027.8,1263.9,REPEAT,HIGH_TREND,2026-Q1,24239.8,26349.0,1263.9,REPEAT,HIGH_TREND,2026,24239.8,26349.0,1263.9,REPEAT,NEUTRAL,False,True
2026-02-11 18:00:00,25293.5,2026-02,24239.8,26027.8,1264.7,REPEAT,HIGH_TREND,2026-Q1,24239.8,26349.0,1264.7,REPEAT,HIGH_TREND,2026,24239.8,26349.0,1264.7,REPEAT,NEUTRAL,False,True
2026-02-11 22:00:00,25319.8,2026-02,24239.8,26027.8,1266.0,REPEAT,HIGH_TREND,2026-Q1,24239.8,26349.0,1266.0,REPEAT,HIGH_TREND,2026,24239.8,26349.0,1266.0,REPEAT,NEUTRAL,False,True
2026-02-12 02:00:00,25349.8,2026-02,24239.8,26027.8,1267.5,REPEAT,HIGH_TREND,2026-Q1,24239.8,26349.0,1267.5,REPEAT,HIGH_TREND,2026,24239.8,26349.0,1267.5,REPEAT,NEUTRAL,False,True
2026-02-12 06:00:00,25208.2,2026-02,24239.8,26027.8,1260.4,REPEAT,HIGH_TREND,2026-Q1,24239.8,26349.0,1260.4,REPEAT,HIGH_TREND,2026,24239.8,26349.0,1260.4,REPEAT,NEUTRAL,False,True
2026-02-12 10:00:00,24905.5,2026-02,24239.8,26027.8,1245.3,REPEAT,HIGH_TREND,2026-Q1,24239.8,26349.0,1245.3,REPEAT,HIGH_TREND,2026,24239.8,26349.0,1245.3,REPEAT,NEUTRAL,False,True
2026-02-12 14:00:00,24822.0,2026-02,24239.8,26027.8,1241.1,REPEAT,HIGH_TREND,2026-Q1,24239.8,26349.0,1241.1,REPEAT,HIGH_TREND,2026,24239.8,26349.0,1241.1,REPEAT,NEUTRAL,False,True
2026-02-12 18:00:00,24802.8,2026-02,24239.8,26027.8,1240.1,REPEAT,HIGH_TREND,2026-Q1,24239.8,26349.0,1240.1,REPEAT,HIGH_TREND,2026,24239.8,26349.0,1240.1,REPEAT,NEUTRAL,False,True
2026-02-12 22:00:00,24714.2,2026-02,24239.8,26027.8,1235.7,REPEAT,HIGH_TREND,2026-Q1,24239.8,26349.0,1235.7,REPEAT,HIGH_TREND,2026,24239.8,26349.0,1235.7,REPEAT,NEUTRAL,False,True
2026-02-13 02:00:00,24729.8,2026-02,24239.8,26027.8,1236.5,REPEAT,HIGH_TREND,2026-Q1,24239.8,26349.0,1236.5,REPEAT,HIGH_TREND,2026,24239.8,26349.0,1236.5,REPEAT,NEUTRAL,False,True
2026-02-13 06:00:00,24699.0,2026-02,24239.8,26027.8,1235.0,REPEAT,HIGH_TREND,2026-Q1,24239.8,26349.0,1235.0,REPEAT,HIGH_TREND,2026,24239.8,26349.0,1235.0,REPEAT,NEUTRAL,False,True
2026-02-13 10:00:00,24939.8,2026-02,24239.8,26027.8,1247.0,REPEAT,HIGH_TREND,2026-Q1,24239.8,26349.0,1247.0,REPEAT,HIGH_TREND,2026,24239.8,26349.0,1247.0,REPEAT,NEUTRAL,False,True
2026-02-13 14:00:00,24773.5,2026-02,24239.8,26027.8,1238.7,REPEAT,HIGH_TREND,2026-Q1,24239.8,26349.0,1238.7,REPEAT,HIGH_TREND,2026,24239.8,26349.0,1238.7,REPEAT,NEUTRAL,False,True
2026-02-15 18:00:00,24832.0,2026-02,24239.8,26027.8,1241.6,REPEAT,HIGH_TREND,2026-Q1,24239.8,26349.0,1241.6,REPEAT,HIGH_TREND,2026,24239.8,26349.0,1241.6,REPEAT,NEUTRAL,False,True
2026-02-15 22:00:00,24823.8,2026-02,24239.8,26027.8,1241.2,REPEAT,HIGH_TREND,2026-Q1,24239.8,26349.0,1241.2,REPEAT,HIGH_TREND,2026,24239.8,26349.0,1241.2,REPEAT,NEUTRAL,False,True
2026-02-16 02:00:00,24878.2,2026-02,24239.8,26027.8,1243.9,REPEAT,HIGH_TREND,2026-Q1,24239.8,26349.0,1243.9,REPEAT,HIGH_TREND,2026,24239.8,26349.0,1243.9,REPEAT,NEUTRAL,False,True
2026-02-16 06:00:00,24768.0,2026-02,24239.8,26027.8,1238.4,REPEAT,HIGH_TREND,2026-Q1,24239.8,26349.0,1238.4,REPEAT,HIGH_TREND,2026,24239.8,26349.0,1238.4,REPEAT,NEUTRAL,False,True
2026-02-16 10:00:00,24747.2,2026-02,24239.8,26027.8,1237.4,REPEAT,HIGH_TREND,2026-Q1,24239.8,26349.0,1237.4,REPEAT,HIGH_TREND,2026,24239.8,26349.0,1237.4,REPEAT,NEUTRAL,False,True
2026-02-16 18:00:00,24662.0,2026-02,24239.8,26027.8,1233.1,REPEAT,HIGH_TREND,2026-Q1,24239.8,26349.0,1233.1,REPEAT,HIGH_TREND,2026,24239.8,26349.0,1233.1,REPEAT,NEUTRAL,False,True
2026-02-16 22:00:00,24627.2,2026-02,24239.8,26027.8,1231.4,REPEAT,HIGH_TREND,2026-Q1,24239.8,26349.0,1231.4,REPEAT,HIGH_TREND,2026,24239.8,26349.0,1231.4,REPEAT,NEUTRAL,False,True
2026-02-17 02:00:00,24607.5,2026-02,24239.8,26027.8,1230.4,REPEAT,HIGH_TREND,2026-Q1,24239.8,26349.0,1230.4,REPEAT,HIGH_TREND,2026,24239.8,26349.0,1230.4,REPEAT,NEUTRAL,False,True
2026-02-17 06:00:00,24485.8,2026-02,24239.8,26027.8,1224.3,REPEAT,HIGH_TREND,2026-Q1,24239.8,26349.0,1224.3,REPEAT,HIGH_TREND,2026,24239.8,26349.0,1224.3,REPEAT,NEUTRAL,False,True
2026-02-17 10:00:00,24845.0,2026-02,24239.8,26027.8,1242.2,REPEAT,HIGH_TREND,2026-Q1,24239.8,26349.0,1242.2,REPEAT,HIGH_TREND,2026,24239.8,26349.0,1242.2,REPEAT,NEUTRAL,False,True
2026-02-17 14:00:00,24768.2,2026-02,24239.8,26027.8,1238.4,REPEAT,HIGH_TREND,2026-Q1,24239.8,26349.0,1238.4,REPEAT,HIGH_TREND,2026,24239.8,26349.0,1238.4,REPEAT,NEUTRAL,False,True
2026-02-17 18:00:00,24758.0,2026-02,24239.8,26027.8,1237.9,REPEAT,HIGH_TREND,2026-Q1,24239.8,26349.0,1237.9,REPEAT,HIGH_TREND,2026,24239.8,26349.0,1237.9,REPEAT,NEUTRAL,False,True
2026-02-17 22:00:00,24823.5,2026-02,24239.8,26027.8,1241.2,REPEAT,HIGH_TREND,2026-Q1,24239.8,26349.0,1241.2,REPEAT,HIGH_TREND,2026,24239.8,26349.0,1241.2,REPEAT,NEUTRAL,False,True
2026-02-18 02:00:00,24921.8,2026-02,24239.8,26027.8,1246.1,REPEAT,HIGH_TREND,2026-Q1,24239.8,26349.0,1246.1,REPEAT,HIGH_TREND,2026,24239.8,26349.0,1246.1,REPEAT,NEUTRAL,False,True
2026-02-18 06:00:00,24940.8,2026-02,24239.8,26027.8,1247.0,REPEAT,HIGH_TREND,2026-Q1,24239.8,26349.0,1247.0,REPEAT,HIGH_TREND,2026,24239.8,26349.0,1247.0,REPEAT,NEUTRAL,False,True
2026-02-18 10:00:00,25027.5,2026-02,24239.8,26027.8,1251.4,REPEAT,HIGH_TREND,2026-Q1,24239.8,26349.0,1251.4,REPEAT,HIGH_TREND,2026,24239.8,26349.0,1251.4,REPEAT,NEUTRAL,False,True
2026-02-18 14:00:00,24936.5,2026-02,24239.8,26027.8,1246.8,REPEAT,HIGH_TREND,2026-Q1,24239.8,26349.0,1246.8,REPEAT,HIGH_TREND,2026,24239.8,26349.0,1246.8,REPEAT,NEUTRAL,False,True
2026-02-18 18:00:00,24978.8,2026-02,24239.8,26027.8,1248.9,REPEAT,HIGH_TREND,2026-Q1,24239.8,26349.0,1248.9,REPEAT,HIGH_TREND,2026,24239.8,26349.0,1248.9,REPEAT,NEUTRAL,False,True
2026-02-18 22:00:00,25018.5,2026-02,24239.8,26027.8,1250.9,REPEAT,HIGH_TREND,2026-Q1,24239.8,26349.0,1250.9,REPEAT,HIGH_TREND,2026,24239.8,26349.0,1250.9,REPEAT,NEUTRAL,False,True
2026-02-19 02:00:00,24854.2,2026-02,24239.8,26027.8,1242.7,REPEAT,HIGH_TREND,2026-Q1,24239.8,26349.0,1242.7,REPEAT,HIGH_TREND,2026,24239.8,26349.0,1242.7,REPEAT,NEUTRAL,False,True
2026-02-19 06:00:00,24881.5,2026-02,24239.8,26027.8,1244.1,REPEAT,HIGH_TREND,2026-Q1,24239.8,26349.0,1244.1,REPEAT,HIGH_TREND,2026,24239.8,26349.0,1244.1,REPEAT,NEUTRAL,False,True
2026-02-19 10:00:00,24842.0,2026-02,24239.8,26027.8,1242.1,REPEAT,HIGH_TREND,2026-Q1,24239.8,26349.0,1242.1,REPEAT,HIGH_TREND,2026,24239.8,26349.0,1242.1,REPEAT,NEUTRAL,False,True
2026-02-19 14:00:00,24836.0,2026-02,24239.8,26027.8,1241.8,REPEAT,HIGH_TREND,2026-Q1,24239.8,26349.0,1241.8,REPEAT,HIGH_TREND,2026,24239.8,26349.0,1241.8,REPEAT,NEUTRAL,False,True
2026-02-19 18:00:00,24897.0,2026-02,24239.8,26027.8,1244.9,REPEAT,HIGH_TREND,2026-Q1,24239.8,26349.0,1244.9,REPEAT,HIGH_TREND,2026,24239.8,26349.0,1244.9,REPEAT,NEUTRAL,False,True
2026-02-19 22:00:00,24943.0,2026-02,24239.8,26027.8,1247.2,REPEAT,HIGH_TREND,2026-Q1,24239.8,26349.0,1247.2,REPEAT,HIGH_TREND,2026,24239.8,26349.0,1247.2,REPEAT,NEUTRAL,False,True
2026-02-20 02:00:00,24902.0,2026-02,24239.8,26027.8,1245.1,REPEAT,HIGH_TREND,2026-Q1,24239.8,26349.0,1245.1,REPEAT,HIGH_TREND,2026,24239.8,26349.0,1245.1,REPEAT,NEUTRAL,False,True
2026-02-20 06:00:00,24897.5,2026-02,24239.8,26027.8,1244.9,REPEAT,HIGH_TREND,2026-Q1,24239.8,26349.0,1244.9,REPEAT,HIGH_TREND,2026,24239.8,26349.0,1244.9,REPEAT,NEUTRAL,False,True
2026-02-20 10:00:00,25097.8,2026-02,24239.8,26027.8,1254.9,REPEAT,HIGH_TREND,2026-Q1,24239.8,26349.0,1254.9,REPEAT,HIGH_TREND,2026,24239.8,26349.0,1254.9,REPEAT,NEUTRAL,False,True
2026-02-20 14:00:00,25077.5,2026-02,24239.8,26027.8,1253.9,REPEAT,HIGH_TREND,2026-Q1,24239.8,26349.0,1253.9,REPEAT,HIGH_TREND,2026,24239.8,26349.0,1253.9,REPEAT,NEUTRAL,False,True
2026-02-22 18:00:00,24839.0,2026-02,24239.8,26027.8,1242.0,REPEAT,HIGH_TREND,2026-Q1,24239.8,26349.0,1242.0,REPEAT,HIGH_TREND,2026,24239.8,26349.0,1242.0,REPEAT,NEUTRAL,False,True
2026-02-22 22:00:00,24867.0,2026-02,24239.8,26027.8,1243.4,REPEAT,HIGH_TREND,2026-Q1,24239.8,26349.0,1243.4,REPEAT,HIGH_TREND,2026,24239.8,26349.0,1243.4,REPEAT,NEUTRAL,False,True
2026-02-23 02:00:00,24969.5,2026-02,24239.8,26027.8,1248.5,REPEAT,HIGH_TREND,2026-Q1,24239.8,26349.0,1248.5,REPEAT,HIGH_TREND,2026,24239.8,26349.0,1248.5,REPEAT,NEUTRAL,False,True
2026-02-23 06:00:00,24913.2,2026-02,24239.8,26027.8,1245.7,REPEAT,HIGH_TREND,2026-Q1,24239.8,26349.0,1245.7,REPEAT,HIGH_TREND,2026,24239.8,26349.0,1245.7,REPEAT,NEUTRAL,False,True
2026-02-23 10:00:00,24727.5,2026-02,24239.8,26027.8,1236.4,REPEAT,HIGH_TREND,2026-Q1,24239.8,26349.0,1236.4,REPEAT,HIGH_TREND,2026,24239.8,26349.0,1236.4,REPEAT,NEUTRAL,False,True
2026-02-23 14:00:00,24786.2,2026-02,24239.8,26027.8,1239.3,REPEAT,HIGH_TREND,2026-Q1,24239.8,26349.0,1239.3,REPEAT,HIGH_TREND,2026,24239.8,26349.0,1239.3,REPEAT,NEUTRAL,False,True
2026-02-23 18:00:00,24869.8,2026-02,24239.8,26027.8,1243.5,REPEAT,HIGH_TREND,2026-Q1,24239.8,26349.0,1243.5,REPEAT,HIGH_TREND,2026,24239.8,26349.0,1243.5,REPEAT,NEUTRAL,False,True
2026-02-23 22:00:00,24837.8,2026-02,24239.8,26027.8,1241.9,REPEAT,HIGH_TREND,2026-Q1,24239.8,26349.0,1241.9,REPEAT,HIGH_TREND,2026,24239.8,26349.0,1241.9,REPEAT,NEUTRAL,False,True
2026-02-24 02:00:00,24842.0,2026-02,24239.8,26027.8,1242.1,REPEAT,HIGH_TREND,2026-Q1,24239.8,26349.0,1242.1,REPEAT,HIGH_TREND,2026,24239.8,26349.0,1242.1,REPEAT,NEUTRAL,False,True
2026-02-24 06:00:00,24877.2,2026-02,24239.8,26027.8,1243.9,REPEAT,HIGH_TREND,2026-Q1,24239.8,26349.0,1243.9,REPEAT,HIGH_TREND,2026,24239.8,26349.0,1243.9,REPEAT,NEUTRAL,False,True
2026-02-24 10:00:00,25030.0,2026-02,24239.8,26027.8,1251.5,REPEAT,HIGH_TREND,2026-Q1,24239.8,26349.0,1251.5,REPEAT,HIGH_TREND,2026,24239.8,26349.0,1251.5,REPEAT,NEUTRAL,False,True
2026-02-24 14:00:00,25016.2,2026-02,24239.8,26027.8,1250.8,REPEAT,HIGH_TREND,2026-Q1,24239.8,26349.0,1250.8,REPEAT,HIGH_TREND,2026,24239.8,26349.0,1250.8,REPEAT,NEUTRAL,False,True
2026-02-24 18:00:00,25107.5,2026-02,24239.8,26027.8,1255.4,REPEAT,HIGH_TREND,2026-Q1,24239.8,26349.0,1255.4,REPEAT,HIGH_TREND,2026,24239.8,26349.0,1255.4,REPEAT,NEUTRAL,False,True
2026-02-24 22:00:00,25041.8,2026-02,24239.8,26027.8,1252.1,REPEAT,HIGH_TREND,2026-Q1,24239.8,26349.0,1252.1,REPEAT,HIGH_TREND,2026,24239.8,26349.0,1252.1,REPEAT,NEUTRAL,False,True
2026-02-25 02:00:00,25073.2,2026-02,24239.8,26027.8,1253.7,REPEAT,HIGH_TREND,2026-Q1,24239.8,26349.0,1253.7,REPEAT,HIGH_TREND,2026,24239.8,26349.0,1253.7,REPEAT,NEUTRAL,False,True
2026-02-25 06:00:00,25343.2,2026-02,24239.8,26027.8,1267.2,REPEAT,HIGH_TREND,2026-Q1,24239.8,26349.0,1267.2,REPEAT,HIGH_TREND,2026,24239.8,26349.0,1267.2,REPEAT,NEUTRAL,False,True
2026-02-25 10:00:00,25350.5,2026-02,24239.8,26027.8,1267.5,REPEAT,HIGH_TREND,2026-Q1,24239.8,26349.0,1267.5,REPEAT,HIGH_TREND,2026,24239.8,26349.0,1267.5,REPEAT,NEUTRAL,False,True
2026-02-25 14:00:00,25461.8,2026-02,24239.8,26027.8,1273.1,REPEAT,HIGH_TREND,2026-Q1,24239.8,26349.0,1273.1,REPEAT,HIGH_TREND,2026,24239.8,26349.0,1273.1,REPEAT,NEUTRAL,False,True
2026-02-25 18:00:00,25308.0,2026-02,24239.8,26027.8,1265.4,REPEAT,HIGH_TREND,2026-Q1,24239.8,26349.0,1265.4,REPEAT,HIGH_TREND,2026,24239.8,26349.0,1265.4,REPEAT,NEUTRAL,False,True
2026-02-25 22:00:00,25327.5,2026-02,24239.8,26027.8,1266.4,REPEAT,HIGH_TREND,2026-Q1,24239.8,26349.0,1266.4,REPEAT,HIGH_TREND,2026,24239.8,26349.0,1266.4,REPEAT,NEUTRAL,False,True
2026-02-26 02:00:00,25356.5,2026-02,24239.8,26027.8,1267.8,REPEAT,HIGH_TREND,2026-Q1,24239.8,26349.0,1267.8,REPEAT,HIGH_TREND,2026,24239.8,26349.0,1267.8,REPEAT,NEUTRAL,False,True
2026-02-26 06:00:00,25193.0,2026-02,24239.8,26027.8,1259.6,REPEAT,HIGH_TREND,2026-Q1,24239.8,26349.0,1259.6,REPEAT,HIGH_TREND,2026,24239.8,26349.0,1259.6,REPEAT,NEUTRAL,False,True
2026-02-26 10:00:00,25001.5,2026-02,24239.8,26027.8,1250.1,REPEAT,HIGH_TREND,2026-Q1,24239.8,26349.0,1250.1,REPEAT,HIGH_TREND,2026,24239.8,26349.0,1250.1,REPEAT,NEUTRAL,False,True
2026-02-26 14:00:00,25028.0,2026-02,24239.8,26027.8,1251.4,REPEAT,HIGH_TREND,2026-Q1,24239.8,26349.0,1251.4,REPEAT,HIGH_TREND,2026,24239.8,26349.0,1251.4,REPEAT,NEUTRAL,False,True
2026-02-26 18:00:00,25031.8,2026-02,24239.8,26027.8,1251.6,REPEAT,HIGH_TREND,2026-Q1,24239.8,26349.0,1251.6,REPEAT,HIGH_TREND,2026,24239.8,26349.0,1251.6,REPEAT,NEUTRAL,False,True
2026-02-26 22:00:00,25032.0,2026-02,24239.8,26027.8,1251.6,REPEAT,HIGH_TREND,2026-Q1,24239.8,26349.0,1251.6,REPEAT,HIGH_TREND,2026,24239.8,26349.0,1251.6,REPEAT,NEUTRAL,False,True
2026-02-27 02:00:00,25001.2,2026-02,24239.8,26027.8,1250.1,REPEAT,HIGH_TREND,2026-Q1,24239.8,26349.0,1250.1,REPEAT,HIGH_TREND,2026,24239.8,26349.0,1250.1,REPEAT,NEUTRAL,False,True
2026-02-27 06:00:00,24880.0,2026-02,24239.8,26027.8,1244.0,REPEAT,HIGH_TREND,2026-Q1,24239.8,26349.0,1244.0,REPEAT,HIGH_TREND,2026,24239.8,26349.0,1244.0,REPEAT,NEUTRAL,False,True
2026-02-27 10:00:00,24902.8,2026-02,24239.8,26027.8,1245.1,REPEAT,HIGH_TREND,2026-Q1,24239.8,26349.0,1245.1,REPEAT,HIGH_TREND,2026,24239.8,26349.0,1245.1,REPEAT,NEUTRAL,False,True
2026-02-27 14:00:00,24952.8,2026-02,24239.8,26027.8,1247.6,REPEAT,HIGH_TREND,2026-Q1,24239.8,26349.0,1247.6,REPEAT,HIGH_TREND,2026,24239.8,26349.0,1247.6,REPEAT,NEUTRAL,False,True
2026-03-01 18:00:00,24821.0,2026-03,24635.5,24901.2,1241.1,REPEAT,HIGH_TREND,2026-Q1,24239.8,26349.0,1241.1,REPEAT,HIGH_TREND,2026,24239.8,26349.0,1241.1,REPEAT,NEUTRAL,False,True
2026-03-01 22:00:00,24590.8,2026-03,24528.0,24901.2,1229.5,REPEAT,HIGH_TREND,2026-Q1,24239.8,26349.0,1229.5,REPEAT,HIGH_TREND,2026,24239.8,26349.0,1229.5,REPEAT,NEUTRAL,False,True
2026-03-02 02:00:00,24657.8,2026-03,24477.0,24901.2,1232.9,REPEAT,HIGH_TREND,2026-Q1,24239.8,26349.0,1232.9,REPEAT,HIGH_TREND,2026,24239.8,26349.0,1232.9,REPEAT,NEUTRAL,False,True
2026-03-02 06:00:00,24862.0,2026-03,24477.0,24901.2,1243.1,REPEAT,HIGH_TREND,2026-Q1,24239.8,26349.0,1243.1,REPEAT,HIGH_TREND,2026,24239.8,26349.0,1243.1,REPEAT,NEUTRAL,False,True
2026-03-02 10:00:00,24972.5,2026-03,24477.0,25076.5,1248.6,REPEAT,HIGH_TREND,2026-Q1,24239.8,26349.0,1248.6,REPEAT,HIGH_TREND,2026,24239.8,26349.0,1248.6,REPEAT,NEUTRAL,False,True
2026-03-02 14:00:00,24995.8,2026-03,24477.0,25101.0,1249.8,REPEAT,HIGH_TREND,2026-Q1,24239.8,26349.0,1249.8,REPEAT,HIGH_TREND,2026,24239.8,26349.0,1249.8,REPEAT,NEUTRAL,False,True
2026-03-02 18:00:00,24861.2,2026-03,24477.0,25101.0,1243.1,REPEAT,HIGH_TREND,2026-Q1,24239.8,26349.0,1243.1,REPEAT,HIGH_TREND,2026,24239.8,26349.0,1243.1,REPEAT,NEUTRAL,False,True
2026-03-02 22:00:00,24754.0,2026-03,24477.0,25101.0,1237.7,REPEAT,HIGH_TREND,2026-Q1,24239.8,26349.0,1237.7,REPEAT,HIGH_TREND,2026,24239.8,26349.0,1237.7,REPEAT,NEUTRAL,False,True
2026-03-03 02:00:00,24452.8,2026-03,24393.0,25101.0,1222.6,REPEAT,HIGH_TREND,2026-Q1,24239.8,26349.0,1222.6,REPEAT,HIGH_TREND,2026,24239.8,26349.0,1222.6,REPEAT,NEUTRAL,False,True
2026-03-03 06:00:00,24489.2,2026-03,24370.0,25101.0,1224.5,REPEAT,HIGH_TREND,2026-Q1,24239.8,26349.0,1224.5,REPEAT,HIGH_TREND,2026,24239.8,26349.0,1224.5,REPEAT,NEUTRAL,False,True
2026-03-03 10:00:00,24800.2,2026-03,24352.0,25101.0,1240.0,REPEAT,HIGH_TREND,2026-Q1,24239.8,26349.0,1240.0,REPEAT,HIGH_TREND,2026,24239.8,26349.0,1240.0,REPEAT,NEUTRAL,False,True
2026-03-03 14:00:00,24709.8,2026-03,24352.0,25101.0,1235.5,REPEAT,HIGH_TREND,2026-Q1,24239.8,26349.0,1235.5,REPEAT,HIGH_TREND,2026,24239.8,26349.0,1235.5,REPEAT,NEUTRAL,False,True
2026-03-03 18:00:00,24637.0,2026-03,24352.0,25101.0,1231.9,REPEAT,HIGH_TREND,2026-Q1,24239.8,26349.0,1231.9,REPEAT,HIGH_TREND,2026,24239.8,26349.0,1231.9,REPEAT,NEUTRAL,False,True
2026-03-03 22:00:00,24572.2,2026-03,24352.0,25101.0,1228.6,REPEAT,HIGH_TREND,2026-Q1,24239.8,26349.0,1228.6,REPEAT,HIGH_TREND,2026,24239.8,26349.0,1228.6,REPEAT,NEUTRAL,False,True
2026-03-04 02:00:00,24842.5,2026-03,24352.0,25101.0,1242.1,REPEAT,HIGH_TREND,2026-Q1,24239.8,26349.0,1242.1,REPEAT,HIGH_TREND,2026,24239.8,26349.0,1242.1,REPEAT,NEUTRAL,False,True
2026-03-04 06:00:00,24919.2,2026-03,24352.0,25101.0,1246.0,REPEAT,HIGH_TREND,2026-Q1,24239.8,26349.0,1246.0,REPEAT,HIGH_TREND,2026,24239.8,26349.0,1246.0,REPEAT,NEUTRAL,False,True
2026-03-04 10:00:00,25192.8,2026-03,24352.0,25214.2,1259.6,REPEAT,HIGH_TREND,2026-Q1,24239.8,26349.0,1259.6,REPEAT,HIGH_TREND,2026,24239.8,26349.0,1259.6,REPEAT,NEUTRAL,False,True
2026-03-04 14:00:00,25138.0,2026-03,24352.0,25217.8,1256.9,REPEAT,HIGH_TREND,2026-Q1,24239.8,26349.0,1256.9,REPEAT,HIGH_TREND,2026,24239.8,26349.0,1256.9,REPEAT,NEUTRAL,False,True
2026-03-04 18:00:00,25091.2,2026-03,24352.0,25250.0,1254.6,REPEAT,HIGH_TREND,2026-Q1,24239.8,26349.0,1254.6,REPEAT,HIGH_TREND,2026,24239.8,26349.0,1254.6,REPEAT,NEUTRAL,False,True
2026-03-04 22:00:00,25092.0,2026-03,24352.0,25250.0,1254.6,REPEAT,HIGH_TREND,2026-Q1,24239.8,26349.0,1254.6,REPEAT,HIGH_TREND,2026,24239.8,26349.0,1254.6,REPEAT,NEUTRAL,False,True
2026-03-05 02:00:00,25106.2,2026-03,24352.0,25250.0,1255.3,REPEAT,HIGH_TREND,2026-Q1,24239.8,26349.0,1255.3,REPEAT,HIGH_TREND,2026,24239.8,26349.0,1255.3,REPEAT,NEUTRAL,False,True
2026-03-05 06:00:00,25185.5,2026-03,24352.0,25250.0,1259.3,REPEAT,HIGH_TREND,2026-Q1,24239.8,26349.0,1259.3,REPEAT,HIGH_TREND,2026,24239.8,26349.0,1259.3,REPEAT,NEUTRAL,False,True
2026-03-05 10:00:00,24814.0,2026-03,24352.0,25250.0,1240.7,REPEAT,HIGH_TREND,2026-Q1,24239.8,26349.0,1240.7,REPEAT,HIGH_TREND,2026,24239.8,26349.0,1240.7,REPEAT,NEUTRAL,False,True
2026-03-05 14:00:00,25010.5,2026-03,24352.0,25250.0,1250.5,REPEAT,HIGH_TREND,2026-Q1,24239.8,26349.0,1250.5,REPEAT,HIGH_TREND,2026,24239.8,26349.0,1250.5,REPEAT,NEUTRAL,False,True
2026-03-05 18:00:00,25071.8,2026-03,24352.0,25250.0,1253.6,REPEAT,HIGH_TREND,2026-Q1,24239.8,26349.0,1253.6,REPEAT,HIGH_TREND,2026,24239.8,26349.0,1253.6,REPEAT,NEUTRAL,False,True
2026-03-05 22:00:00,25106.5,2026-03,24352.0,25250.0,1255.3,REPEAT,HIGH_TREND,2026-Q1,24239.8,26349.0,1255.3,REPEAT,HIGH_TREND,2026,24239.8,26349.0,1255.3,REPEAT,NEUTRAL,False,True
2026-03-06 02:00:00,24949.8,2026-03,24352.0,25250.0,1247.5,REPEAT,HIGH_TREND,2026-Q1,24239.8,26349.0,1247.5,REPEAT,HIGH_TREND,2026,24239.8,26349.0,1247.5,REPEAT,NEUTRAL,False,True
2026-03-06 06:00:00,24691.2,2026-03,24352.0,25250.0,1234.6,REPEAT,HIGH_TREND,2026-Q1,24239.8,26349.0,1234.6,REPEAT,HIGH_TREND,2026,24239.8,26349.0,1234.6,REPEAT,NEUTRAL,False,True
2026-03-06 10:00:00,24800.5,2026-03,24352.0,25250.0,1240.0,REPEAT,HIGH_TREND,2026-Q1,24239.8,26349.0,1240.0,REPEAT,HIGH_TREND,2026,24239.8,26349.0,1240.0,REPEAT,NEUTRAL,False,True
2026-03-06 14:00:00,24661.2,2026-03,24352.0,25250.0,1233.1,REPEAT,HIGH_TREND,2026-Q1,24239.8,26349.0,1233.1,REPEAT,HIGH_TREND,2026,24239.8,26349.0,1233.1,REPEAT,NEUTRAL,False,True
2026-03-08 18:00:00,24007.5,2026-03,24004.5,25250.0,1200.4,REPEAT,HIGH_TREND,2026-Q1,24004.5,26349.0,1200.4,REPEAT,HIGH_TREND,2026,24004.5,26349.0,1200.4,REPEAT,NEUTRAL,False,True
2026-03-08 22:00:00,24258.5,2026-03,24000.0,25250.0,1212.9,REPEAT,HIGH_TREND,2026-Q1,24000.0,26349.0,1212.9,REPEAT,HIGH_TREND,2026,24000.0,26349.0,1212.9,REPEAT,NEUTRAL,False,True
2026-03-09 02:00:00,24419.8,2026-03,24000.0,25250.0,1221.0,REPEAT,HIGH_TREND,2026-Q1,24000.0,26349.0,1221.0,REPEAT,HIGH_TREND,2026,24000.0,26349.0,1221.0,REPEAT,NEUTRAL,False,True
2026-03-09 06:00:00,24370.8,2026-03,24000.0,25250.0,1218.5,REPEAT,HIGH_TREND,2026-Q1,24000.0,26349.0,1218.5,REPEAT,HIGH_TREND,2026,24000.0,26349.0,1218.5,REPEAT,NEUTRAL,False,True
2026-03-09 10:00:00,24611.0,2026-03,24000.0,25250.0,1230.6,REPEAT,HIGH_TREND,2026-Q1,24000.0,26349.0,1230.6,REPEAT,HIGH_TREND,2026,24000.0,26349.0,1230.6,REPEAT,NEUTRAL,False,True
2026-03-09 14:00:00,24958.0,2026-03,24000.0,25250.0,1247.9,REPEAT,HIGH_TREND,2026-Q1,24000.0,26349.0,1247.9,REPEAT,HIGH_TREND,2026,24000.0,26349.0,1247.9,REPEAT,NEUTRAL,False,True
2026-03-09 18:00:00,24988.0,2026-03,24000.0,25250.0,1249.4,REPEAT,HIGH_TREND,2026-Q1,24000.0,26349.0,1249.4,REPEAT,HIGH_TREND,2026,24000.0,26349.0,1249.4,REPEAT,NEUTRAL,False,True
2026-03-09 22:00:00,24955.5,2026-03,24000.0,25250.0,1247.8,REPEAT,HIGH_TREND,2026-Q1,24000.0,26349.0,1247.8,REPEAT,HIGH_TREND,2026,24000.0,26349.0,1247.8,REPEAT,NEUTRAL,False,True
2026-03-10 02:00:00,25089.5,2026-03,24000.0,25250.0,1254.5,REPEAT,HIGH_TREND,2026-Q1,24000.0,26349.0,1254.5,REPEAT,HIGH_TREND,2026,24000.0,26349.0,1254.5,REPEAT,NEUTRAL,False,True
2026-03-10 06:00:00,24962.2,2026-03,24000.0,25250.0,1248.1,REPEAT,HIGH_TREND,2026-Q1,24000.0,26349.0,1248.1,REPEAT,HIGH_TREND,2026,24000.0,26349.0,1248.1,REPEAT,NEUTRAL,False,True
2026-03-10 10:00:00,25170.2,2026-03,24000.0,25250.0,1258.5,REPEAT,HIGH_TREND,2026-Q1,24000.0,26349.0,1258.5,REPEAT,HIGH_TREND,2026,24000.0,26349.0,1258.5,REPEAT,NEUTRAL,False,True
2026-03-10 14:00:00,25010.5,2026-03,24000.0,25250.0,1250.5,REPEAT,HIGH_TREND,2026-Q1,24000.0,26349.0,1250.5,REPEAT,HIGH_TREND,2026,24000.0,26349.0,1250.5,REPEAT,NEUTRAL,False,True
2026-03-10 18:00:00,25091.0,2026-03,24000.0,25250.0,1254.6,REPEAT,HIGH_TREND,2026-Q1,24000.0,26349.0,1254.6,REPEAT,HIGH_TREND,2026,24000.0,26349.0,1254.6,REPEAT,NEUTRAL,False,True
2026-03-10 22:00:00,25030.5,2026-03,24000.0,25250.0,1251.5,REPEAT,HIGH_TREND,2026-Q1,24000.0,26349.0,1251.5,REPEAT,HIGH_TREND,2026,24000.0,26349.0,1251.5,REPEAT,NEUTRAL,False,True
2026-03-11 02:00:00,24903.2,2026-03,24000.0,25250.0,1245.2,REPEAT,HIGH_TREND,2026-Q1,24000.0,26349.0,1245.2,REPEAT,HIGH_TREND,2026,24000.0,26349.0,1245.2,REPEAT,NEUTRAL,False,True
2026-03-11 06:00:00,25101.2,2026-03,24000.0,25250.0,1255.1,REPEAT,HIGH_TREND,2026-Q1,24000.0,26349.0,1255.1,REPEAT,HIGH_TREND,2026,24000.0,26349.0,1255.1,REPEAT,NEUTRAL,False,True
2026-03-11 10:00:00,24951.0,2026-03,24000.0,25250.0,1247.6,REPEAT,HIGH_TREND,2026-Q1,24000.0,26349.0,1247.6,REPEAT,HIGH_TREND,2026,24000.0,26349.0,1247.6,REPEAT,NEUTRAL,False,True
2026-03-11 14:00:00,24945.5,2026-03,24000.0,25250.0,1247.3,REPEAT,HIGH_TREND,2026-Q1,24000.0,26349.0,1247.3,REPEAT,HIGH_TREND,2026,24000.0,26349.0,1247.3,REPEAT,NEUTRAL,False,True
2026-03-11 18:00:00,24789.5,2026-03,24000.0,25250.0,1239.5,REPEAT,HIGH_TREND,2026-Q1,24000.0,26349.0,1239.5,REPEAT,HIGH_TREND,2026,24000.0,26349.0,1239.5,REPEAT,NEUTRAL,False,True
2026-03-11 22:00:00,24771.0,2026-03,24000.0,25250.0,1238.6,REPEAT,HIGH_TREND,2026-Q1,24000.0,26349.0,1238.6,REPEAT,HIGH_TREND,2026,24000.0,26349.0,1238.6,REPEAT,NEUTRAL,False,True
2026-03-12 02:00:00,24917.0,2026-03,24000.0,25250.0,1245.9,REPEAT,HIGH_TREND,2026-Q1,24000.0,26349.0,1245.9,REPEAT,HIGH_TREND,2026,24000.0,26349.0,1245.9,REPEAT,NEUTRAL,False,True
2026-03-12 06:00:00,24657.8,2026-03,24000.0,25250.0,1232.9,REPEAT,HIGH_TREND,2026-Q1,24000.0,26349.0,1232.9,REPEAT,HIGH_TREND,2026,24000.0,26349.0,1232.9,REPEAT,NEUTRAL,False,True
2026-03-12 10:00:00,24625.5,2026-03,24000.0,25250.0,1231.3,REPEAT,HIGH_TREND,2026-Q1,24000.0,26349.0,1231.3,REPEAT,HIGH_TREND,2026,24000.0,26349.0,1231.3,REPEAT,NEUTRAL,False,True
2026-03-12 14:00:00,24568.5,2026-03,24000.0,25250.0,1228.4,REPEAT,HIGH_TREND,2026-Q1,24000.0,26349.0,1228.4,REPEAT,HIGH_TREND,2026,24000.0,26349.0,1228.4,REPEAT,NEUTRAL,False,True
2026-03-12 18:00:00,24629.5,2026-03,24000.0,25250.0,1231.5,REPEAT,HIGH_TREND,2026-Q1,24000.0,26349.0,1231.5,REPEAT,HIGH_TREND,2026,24000.0,26349.0,1231.5,REPEAT,NEUTRAL,False,True
2026-03-12 22:00:00,24585.8,2026-03,24000.0,25250.0,1229.3,REPEAT,HIGH_TREND,2026-Q1,24000.0,26349.0,1229.3,REPEAT,HIGH_TREND,2026,24000.0,26349.0,1229.3,REPEAT,NEUTRAL,False,True
2026-03-13 02:00:00,24532.0,2026-03,24000.0,25250.0,1226.6,REPEAT,HIGH_TREND,2026-Q1,24000.0,26349.0,1226.6,REPEAT,HIGH_TREND,2026,24000.0,26349.0,1226.6,REPEAT,NEUTRAL,False,True
2026-03-13 06:00:00,24726.0,2026-03,24000.0,25250.0,1236.3,REPEAT,HIGH_TREND,2026-Q1,24000.0,26349.0,1236.3,REPEAT,HIGH_TREND,2026,24000.0,26349.0,1236.3,REPEAT,NEUTRAL,False,True
2026-03-13 10:00:00,24374.2,2026-03,24000.0,25250.0,1218.7,REPEAT,HIGH_TREND,2026-Q1,24000.0,26349.0,1218.7,REPEAT,HIGH_TREND,2026,24000.0,26349.0,1218.7,REPEAT,NEUTRAL,False,True
2026-03-13 14:00:00,24335.2,2026-03,24000.0,25250.0,1216.8,REPEAT,HIGH_TREND,2026-Q1,24000.0,26349.0,1216.8,REPEAT,HIGH_TREND,2026,24000.0,26349.0,1216.8,REPEAT,NEUTRAL,False,True
2026-03-15 18:00:00,24727.2,2026-03,24000.0,25250.0,1236.4,REPEAT,HIGH_TREND,2026-Q1,24000.0,26349.0,1236.4,REPEAT,HIGH_TREND,2026,24000.0,26349.0,1236.4,REPEAT,NEUTRAL,False,True
2026-03-15 22:00:00,24772.5,2026-03,24000.0,25250.0,1238.6,REPEAT,HIGH_TREND,2026-Q1,24000.0,26349.0,1238.6,REPEAT,HIGH_TREND,2026,24000.0,26349.0,1238.6,REPEAT,NEUTRAL,False,True
2026-03-16 02:00:00,24704.8,2026-03,24000.0,25250.0,1235.2,REPEAT,HIGH_TREND,2026-Q1,24000.0,26349.0,1235.2,REPEAT,HIGH_TREND,2026,24000.0,26349.0,1235.2,REPEAT,NEUTRAL,False,True
2026-03-16 06:00:00,24949.5,2026-03,24000.0,25250.0,1247.5,REPEAT,HIGH_TREND,2026-Q1,24000.0,26349.0,1247.5,REPEAT,HIGH_TREND,2026,24000.0,26349.0,1247.5,REPEAT,NEUTRAL,False,True
2026-03-16 10:00:00,24897.0,2026-03,24000.0,25250.0,1244.9,REPEAT,HIGH_TREND,2026-Q1,24000.0,26349.0,1244.9,REPEAT,HIGH_TREND,2026,24000.0,26349.0,1244.9,REPEAT,NEUTRAL,False,True
2026-03-16 14:00:00,24872.2,2026-03,24000.0,25250.0,1243.6,REPEAT,HIGH_TREND,2026-Q1,24000.0,26349.0,1243.6,REPEAT,HIGH_TREND,2026,24000.0,26349.0,1243.6,REPEAT,NEUTRAL,False,True
2026-03-16 18:00:00,24835.0,2026-03,24000.0,25250.0,1241.8,REPEAT,HIGH_TREND,2026-Q1,24000.0,26349.0,1241.8,REPEAT,HIGH_TREND,2026,24000.0,26349.0,1241.8,REPEAT,NEUTRAL,False,True
2026-03-16 22:00:00,24755.5,2026-03,24000.0,25250.0,1237.8,REPEAT,HIGH_TREND,2026-Q1,24000.0,26349.0,1237.8,REPEAT,HIGH_TREND,2026,24000.0,26349.0,1237.8,REPEAT,NEUTRAL,False,True
2026-03-17 02:00:00,24844.2,2026-03,24000.0,25250.0,1242.2,REPEAT,HIGH_TREND,2026-Q1,24000.0,26349.0,1242.2,REPEAT,HIGH_TREND,2026,24000.0,26349.0,1242.2,REPEAT,NEUTRAL,False,True
2026-03-17 06:00:00,25093.0,2026-03,24000.0,25250.0,1254.6,REPEAT,HIGH_TREND,2026-Q1,24000.0,26349.0,1254.6,REPEAT,HIGH_TREND,2026,24000.0,26349.0,1254.6,REPEAT,NEUTRAL,False,True
2026-03-17 10:00:00,25034.5,2026-03,24000.0,25250.0,1251.7,REPEAT,HIGH_TREND,2026-Q1,24000.0,26349.0,1251.7,REPEAT,HIGH_TREND,2026,24000.0,26349.0,1251.7,REPEAT,NEUTRAL,False,True
2026-03-17 14:00:00,25027.5,2026-03,24000.0,25250.0,1251.4,REPEAT,HIGH_TREND,2026-Q1,24000.0,26349.0,1251.4,REPEAT,HIGH_TREND,2026,24000.0,26349.0,1251.4,REPEAT,NEUTRAL,False,True
2026-03-17 18:00:00,25096.5,2026-03,24000.0,25250.0,1254.8,REPEAT,HIGH_TREND,2026-Q1,24000.0,26349.0,1254.8,REPEAT,HIGH_TREND,2026,24000.0,26349.0,1254.8,REPEAT,NEUTRAL,False,True
2026-03-17 22:00:00,25168.5,2026-03,24000.0,25250.0,1258.4,REPEAT,HIGH_TREND,2026-Q1,24000.0,26349.0,1258.4,REPEAT,HIGH_TREND,2026,24000.0,26349.0,1258.4,REPEAT,NEUTRAL,False,True
2026-03-18 02:00:00,25169.5,2026-03,24000.0,25250.0,1258.5,REPEAT,HIGH_TREND,2026-Q1,24000.0,26349.0,1258.5,REPEAT,HIGH_TREND,2026,24000.0,26349.0,1258.5,REPEAT,NEUTRAL,False,True
2026-03-18 06:00:00,24971.8,2026-03,24000.0,25250.0,1248.6,REPEAT,HIGH_TREND,2026-Q1,24000.0,26349.0,1248.6,REPEAT,HIGH_TREND,2026,24000.0,26349.0,1248.6,REPEAT,NEUTRAL,False,True
2026-03-18 10:00:00,24880.0,2026-03,24000.0,25250.0,1244.0,REPEAT,HIGH_TREND,2026-Q1,24000.0,26349.0,1244.0,REPEAT,HIGH_TREND,2026,24000.0,26349.0,1244.0,REPEAT,NEUTRAL,False,True
2026-03-18 14:00:00,24606.2,2026-03,24000.0,25250.0,1230.3,REPEAT,HIGH_TREND,2026-Q1,24000.0,26349.0,1230.3,REPEAT,HIGH_TREND,2026,24000.0,26349.0,1230.3,REPEAT,NEUTRAL,False,True
2026-03-18 18:00:00,24640.0,2026-03,24000.0,25250.0,1232.0,REPEAT,HIGH_TREND,2026-Q1,24000.0,26349.0,1232.0,REPEAT,HIGH_TREND,2026,24000.0,26349.0,1232.0,REPEAT,NEUTRAL,False,True
2026-03-18 22:00:00,24597.8,2026-03,24000.0,25250.0,1229.9,REPEAT,HIGH_TREND,2026-Q1,24000.0,26349.0,1229.9,REPEAT,HIGH_TREND,2026,24000.0,26349.0,1229.9,REPEAT,NEUTRAL,False,True
2026-03-19 02:00:00,24627.2,2026-03,24000.0,25250.0,1231.4,REPEAT,HIGH_TREND,2026-Q1,24000.0,26349.0,1231.4,REPEAT,HIGH_TREND,2026,24000.0,26349.0,1231.4,REPEAT,NEUTRAL,False,True
2026-03-19 06:00:00,24501.8,2026-03,24000.0,25250.0,1225.1,REPEAT,HIGH_TREND,2026-Q1,24000.0,26349.0,1225.1,REPEAT,HIGH_TREND,2026,24000.0,26349.0,1225.1,REPEAT,NEUTRAL,False,True
2026-03-19 10:00:00,24453.5,2026-03,24000.0,25250.0,1222.7,REPEAT,HIGH_TREND,2026-Q1,24000.0,26349.0,1222.7,REPEAT,HIGH_TREND,2026,24000.0,26349.0,1222.7,REPEAT,NEUTRAL,False,True
2026-03-19 14:00:00,24617.0,2026-03,24000.0,25250.0,1230.9,REPEAT,HIGH_TREND,2026-Q1,24000.0,26349.0,1230.9,REPEAT,HIGH_TREND,2026,24000.0,26349.0,1230.9,REPEAT,NEUTRAL,False,True
2026-03-19 18:00:00,24617.2,2026-03,24000.0,25250.0,1230.9,REPEAT,HIGH_TREND,2026-Q1,24000.0,26349.0,1230.9,REPEAT,HIGH_TREND,2026,24000.0,26349.0,1230.9,REPEAT,NEUTRAL,False,True
2026-03-19 22:00:00,24592.5,2026-03,24000.0,25250.0,1229.6,REPEAT,HIGH_TREND,2026-Q1,24000.0,26349.0,1229.6,REPEAT,HIGH_TREND,2026,24000.0,26349.0,1229.6,REPEAT,NEUTRAL,False,True
2026-03-20 02:00:00,24432.0,2026-03,24000.0,25250.0,1221.6,REPEAT,HIGH_TREND,2026-Q1,24000.0,26349.0,1221.6,REPEAT,HIGH_TREND,2026,24000.0,26349.0,1221.6,REPEAT,NEUTRAL,False,True
2026-03-20 06:00:00,24285.8,2026-03,24000.0,25250.0,1214.3,REPEAT,HIGH_TREND,2026-Q1,24000.0,26349.0,1214.3,REPEAT,HIGH_TREND,2026,24000.0,26349.0,1214.3,REPEAT,NEUTRAL,False,True
2026-03-20 10:00:00,24212.2,2026-03,24000.0,25250.0,1210.6,REPEAT,HIGH_TREND,2026-Q1,24000.0,26349.0,1210.6,REPEAT,HIGH_TREND,2026,24000.0,26349.0,1210.6,REPEAT,NEUTRAL,False,True
2026-03-20 14:00:00,24217.2,2026-03,23971.2,25250.0,1210.9,REPEAT,HIGH_TREND,2026-Q1,23971.2,26349.0,1210.9,REPEAT,HIGH_TREND,2026,23971.2,26349.0,1210.9,REPEAT,NEUTRAL,False,True
2026-03-22 18:00:00,24044.5,2026-03,23890.0,25250.0,1202.2,REPEAT,HIGH_TREND,2026-Q1,23890.0,26349.0,1202.2,REPEAT,HIGH_TREND,2026,23890.0,26349.0,1202.2,REPEAT,NEUTRAL,False,True
2026-03-22 22:00:00,23974.5,2026-03,23890.0,25250.0,1198.7,REPEAT,HIGH_TREND,2026-Q1,23890.0,26349.0,1198.7,REPEAT,HIGH_TREND,2026,23890.0,26349.0,1198.7,REPEAT,NEUTRAL,False,True
2026-03-23 02:00:00,23882.2,2026-03,23772.5,25250.0,1194.1,REPEAT,HIGH_TREND,2026-Q1,23772.5,26349.0,1194.1,REPEAT,HIGH_TREND,2026,23772.5,26349.0,1194.1,REPEAT,NEUTRAL,False,True
2026-03-23 06:00:00,24599.2,2026-03,23772.5,25250.0,1230.0,REPEAT,HIGH_TREND,2026-Q1,23772.5,26349.0,1230.0,REPEAT,HIGH_TREND,2026,23772.5,26349.0,1230.0,REPEAT,NEUTRAL,False,True
2026-03-23 10:00:00,24468.2,2026-03,23772.5,25250.0,1223.4,REPEAT,HIGH_TREND,2026-Q1,23772.5,26349.0,1223.4,REPEAT,HIGH_TREND,2026,23772.5,26349.0,1223.4,REPEAT,NEUTRAL,False,True
2026-03-23 14:00:00,24400.0,2026-03,23772.5,25250.0,1220.0,REPEAT,HIGH_TREND,2026-Q1,23772.5,26349.0,1220.0,REPEAT,HIGH_TREND,2026,23772.5,26349.0,1220.0,REPEAT,NEUTRAL,False,True
2026-03-23 18:00:00,24263.8,2026-03,23772.5,25250.0,1213.2,REPEAT,HIGH_TREND,2026-Q1,23772.5,26349.0,1213.2,REPEAT,HIGH_TREND,2026,23772.5,26349.0,1213.2,REPEAT,NEUTRAL,False,True
2026-03-23 22:00:00,24262.5,2026-03,23772.5,25250.0,1213.1,REPEAT,HIGH_TREND,2026-Q1,23772.5,26349.0,1213.1,REPEAT,HIGH_TREND,2026,23772.5,26349.0,1213.1,REPEAT,NEUTRAL,False,True
2026-03-24 02:00:00,24420.2,2026-03,23772.5,25250.0,1221.0,REPEAT,HIGH_TREND,2026-Q1,23772.5,26349.0,1221.0,REPEAT,HIGH_TREND,2026,23772.5,26349.0,1221.0,REPEAT,NEUTRAL,False,True
2026-03-24 06:00:00,24215.8,2026-03,23772.5,25250.0,1210.8,REPEAT,HIGH_TREND,2026-Q1,23772.5,26349.0,1210.8,REPEAT,HIGH_TREND,2026,23772.5,26349.0,1210.8,REPEAT,NEUTRAL,False,True
2026-03-24 10:00:00,24242.5,2026-03,23772.5,25250.0,1212.1,REPEAT,HIGH_TREND,2026-Q1,23772.5,26349.0,1212.1,REPEAT,HIGH_TREND,2026,23772.5,26349.0,1212.1,REPEAT,NEUTRAL,False,True
2026-03-24 14:00:00,24403.8,2026-03,23772.5,25250.0,1220.2,REPEAT,HIGH_TREND,2026-Q1,23772.5,26349.0,1220.2,REPEAT,HIGH_TREND,2026,23772.5,26349.0,1220.2,REPEAT,NEUTRAL,False,True
2026-03-24 18:00:00,24395.2,2026-03,23772.5,25250.0,1219.8,REPEAT,HIGH_TREND,2026-Q1,23772.5,26349.0,1219.8,REPEAT,HIGH_TREND,2026,23772.5,26349.0,1219.8,REPEAT,NEUTRAL,False,True
2026-03-24 22:00:00,24382.0,2026-03,23772.5,25250.0,1219.1,REPEAT,HIGH_TREND,2026-Q1,23772.5,26349.0,1219.1,REPEAT,HIGH_TREND,2026,23772.5,26349.0,1219.1,REPEAT,NEUTRAL,False,True
2026-03-25 02:00:00,24453.8,2026-03,23772.5,25250.0,1222.7,REPEAT,HIGH_TREND,2026-Q1,23772.5,26349.0,1222.7,REPEAT,HIGH_TREND,2026,23772.5,26349.0,1222.7,REPEAT,NEUTRAL,False,True
2026-03-25 06:00:00,24368.8,2026-03,23772.5,25250.0,1218.4,REPEAT,HIGH_TREND,2026-Q1,23772.5,26349.0,1218.4,REPEAT,HIGH_TREND,2026,23772.5,26349.0,1218.4,REPEAT,NEUTRAL,False,True
2026-03-25 10:00:00,24427.8,2026-03,23772.5,25250.0,1221.4,REPEAT,HIGH_TREND,2026-Q1,23772.5,26349.0,1221.4,REPEAT,HIGH_TREND,2026,23772.5,26349.0,1221.4,REPEAT,NEUTRAL,False,True
2026-03-25 14:00:00,24367.8,2026-03,23772.5,25250.0,1218.4,REPEAT,HIGH_TREND,2026-Q1,23772.5,26349.0,1218.4,REPEAT,HIGH_TREND,2026,23772.5,26349.0,1218.4,REPEAT,NEUTRAL,False,True
2026-03-25 18:00:00,24363.8,2026-03,23772.5,25250.0,1218.2,REPEAT,HIGH_TREND,2026-Q1,23772.5,26349.0,1218.2,REPEAT,HIGH_TREND,2026,23772.5,26349.0,1218.2,REPEAT,NEUTRAL,False,True
2026-03-25 22:00:00,24255.5,2026-03,23772.5,25250.0,1212.8,REPEAT,HIGH_TREND,2026-Q1,23772.5,26349.0,1212.8,REPEAT,HIGH_TREND,2026,23772.5,26349.0,1212.8,REPEAT,NEUTRAL,False,True
2026-03-26 02:00:00,24155.0,2026-03,23772.5,25250.0,1207.8,REPEAT,HIGH_TREND,2026-Q1,23772.5,26349.0,1207.8,REPEAT,HIGH_TREND,2026,23772.5,26349.0,1207.8,REPEAT,NEUTRAL,False,True
2026-03-26 06:00:00,24216.0,2026-03,23772.5,25250.0,1210.8,REPEAT,HIGH_TREND,2026-Q1,23772.5,26349.0,1210.8,REPEAT,HIGH_TREND,2026,23772.5,26349.0,1210.8,REPEAT,NEUTRAL,False,True
2026-03-26 10:00:00,23861.2,2026-03,23772.5,25250.0,1193.1,REPEAT,HIGH_TREND,2026-Q1,23772.5,26349.0,1193.1,REPEAT,HIGH_TREND,2026,23772.5,26349.0,1193.1,REPEAT,NEUTRAL,False,True
2026-03-26 14:00:00,23822.0,2026-03,23763.2,25250.0,1191.1,REPEAT,HIGH_TREND,2026-Q1,23763.2,26349.0,1191.1,REPEAT,HIGH_TREND,2026,23763.2,26349.0,1191.1,REPEAT,NEUTRAL,False,True
2026-03-26 18:00:00,23872.0,2026-03,23763.2,25250.0,1193.6,REPEAT,HIGH_TREND,2026-Q1,23763.2,26349.0,1193.6,REPEAT,HIGH_TREND,2026,23763.2,26349.0,1193.6,REPEAT,NEUTRAL,False,True
2026-03-26 22:00:00,23927.2,2026-03,23763.2,25250.0,1196.4,REPEAT,HIGH_TREND,2026-Q1,23763.2,26349.0,1196.4,REPEAT,HIGH_TREND,2026,23763.2,26349.0,1196.4,REPEAT,NEUTRAL,False,True
2026-03-27 02:00:00,23738.8,2026-03,23710.0,25250.0,1186.9,REPEAT,HIGH_TREND,2026-Q1,23710.0,26349.0,1186.9,REPEAT,HIGH_TREND,2026,23710.0,26349.0,1186.9,REPEAT,NEUTRAL,False,True
2026-03-27 06:00:00,23478.8,2026-03,23470.0,25250.0,1173.9,REPEAT,HIGH_TREND,2026-Q1,23470.0,26349.0,1173.9,REPEAT,HIGH_TREND,2026,23470.0,26349.0,1173.9,REPEAT,NEUTRAL,False,True
2026-03-27 10:00:00,23360.2,2026-03,23344.0,25250.0,1168.0,REPEAT,HIGH_TREND,2026-Q1,23344.0,26349.0,1168.0,REPEAT,HIGH_TREND,2026,23344.0,26349.0,1168.0,REPEAT,NEUTRAL,False,True
2026-03-27 14:00:00,23254.2,2026-03,23232.5,25250.0,1162.7,REPEAT,HIGH_TREND,2026-Q1,23232.5,26349.0,1162.7,REPEAT,HIGH_TREND,2026,23232.5,26349.0,1162.7,REPEAT,NEUTRAL,False,True
2026-03-29 18:00:00,23201.0,2026-03,23093.0,25250.0,1160.0,REPEAT,HIGH_TREND,2026-Q1,23093.0,26349.0,1160.0,REPEAT,HIGH_TREND,2026,23093.0,26349.0,1160.0,REPEAT,NEUTRAL,False,True
2026-03-29 22:00:00,23345.5,2026-03,23093.0,25250.0,1167.3,REPEAT,HIGH_TREND,2026-Q1,23093.0,26349.0,1167.3,REPEAT,HIGH_TREND,2026,23093.0,26349.0,1167.3,REPEAT,NEUTRAL,False,True
2026-03-30 02:00:00,23403.0,2026-03,23093.0,25250.0,1170.2,REPEAT,HIGH_TREND,2026-Q1,23093.0,26349.0,1170.2,REPEAT,HIGH_TREND,2026,23093.0,26349.0,1170.2,REPEAT,NEUTRAL,False,True
2026-03-30 06:00:00,23302.0,2026-03,23093.0,25250.0,1165.1,REPEAT,HIGH_TREND,2026-Q1,23093.0,26349.0,1165.1,REPEAT,HIGH_TREND,2026,23093.0,26349.0,1165.1,REPEAT,NEUTRAL,False,True
2026-03-30 10:00:00,23210.8,2026-03,23093.0,25250.0,1160.5,REPEAT,HIGH_TREND,2026-Q1,23093.0,26349.0,1160.5,REPEAT,HIGH_TREND,2026,23093.0,26349.0,1160.5,REPEAT,NEUTRAL,False,True
2026-03-30 14:00:00,23106.2,2026-03,23024.5,25250.0,1155.3,REPEAT,HIGH_TREND,2026-Q1,23024.5,26349.0,1155.3,REPEAT,HIGH_TREND,2026,23024.5,26349.0,1155.3,REPEAT,NEUTRAL,False,True
2026-03-30 18:00:00,23339.2,2026-03,22961.5,25250.0,1167.0,REPEAT,HIGH_TREND,2026-Q1,22961.5,26349.0,1167.0,REPEAT,HIGH_TREND,2026,22961.5,26349.0,1167.0,REPEAT,NEUTRAL,False,True
2026-03-30 22:00:00,23310.5,2026-03,22961.5,25250.0,1165.5,REPEAT,HIGH_TREND,2026-Q1,22961.5,26349.0,1165.5,REPEAT,HIGH_TREND,2026,22961.5,26349.0,1165.5,REPEAT,NEUTRAL,False,True
2026-03-31 02:00:00,23305.8,2026-03,22961.5,25250.0,1165.3,REPEAT,HIGH_TREND,2026-Q1,22961.5,26349.0,1165.3,REPEAT,HIGH_TREND,2026,22961.5,26349.0,1165.3,REPEAT,NEUTRAL,False,True
2026-03-31 06:00:00,23565.0,2026-03,22961.5,25250.0,1178.2,REPEAT,HIGH_TREND,2026-Q1,22961.5,26349.0,1178.2,REPEAT,HIGH_TREND,2026,22961.5,26349.0,1178.2,REPEAT,NEUTRAL,False,True
2026-03-31 10:00:00,23761.0,2026-03,22961.5,25250.0,1188.0,REPEAT,HIGH_TREND,2026-Q1,22961.5,26349.0,1188.0,REPEAT,HIGH_TREND,2026,22961.5,26349.0,1188.0,REPEAT,NEUTRAL,False,True
2026-03-31 14:00:00,23905.5,2026-03,22961.5,25250.0,1195.3,REPEAT,HIGH_TREND,2026-Q1,22961.5,26349.0,1195.3,REPEAT,HIGH_TREND,2026,22961.5,26349.0,1195.3,REPEAT,NEUTRAL,False,True
2026-03-31 18:00:00,23976.2,2026-03,22961.5,25250.0,1198.8,REPEAT,HIGH_TREND,2026-Q1,22961.5,26349.0,1198.8,REPEAT,HIGH_TREND,2026,22961.5,26349.0,1198.8,REPEAT,NEUTRAL,False,True
2026-03-31 22:00:00,24041.2,2026-03,22961.5,25250.0,1202.1,REPEAT,HIGH_TREND,2026-Q1,22961.5,26349.0,1202.1,REPEAT,HIGH_TREND,2026,22961.5,26349.0,1202.1,REPEAT,NEUTRAL,False,True
2026-04-01 02:00:00,24068.0,2026-04,24003.5,24181.2,1203.4,REPEAT,HIGH_TREND,2026-Q2,24003.5,24181.2,1203.4,REPEAT,HIGH_TREND,2026,22961.5,26349.0,1203.4,REPEAT,NEUTRAL,False,True
2026-04-01 06:00:00,24120.8,2026-04,24003.5,24246.0,1206.0,REPEAT,HIGH_TREND,2026-Q2,24003.5,24246.0,1206.0,REPEAT,HIGH_TREND,2026,22961.5,26349.0,1206.0,REPEAT,NEUTRAL,False,True
2026-04-01 10:00:00,24266.8,2026-04,24003.5,24348.2,1213.3,REPEAT,HIGH_TREND,2026-Q2,24003.5,24348.2,1213.3,REPEAT,HIGH_TREND,2026,22961.5,26349.0,1213.3,REPEAT,NEUTRAL,False,True
2026-04-01 14:00:00,24187.2,2026-04,24003.5,24348.2,1209.4,REPEAT,HIGH_TREND,2026-Q2,24003.5,24348.2,1209.4,REPEAT,HIGH_TREND,2026,22961.5,26349.0,1209.4,REPEAT,NEUTRAL,False,True
2026-04-01 18:00:00,23938.5,2026-04,23912.5,24348.2,1196.9,REPEAT,HIGH_TREND,2026-Q2,23912.5,24348.2,1196.9,REPEAT,HIGH_TREND,2026,22961.5,26349.0,1196.9,REPEAT,NEUTRAL,False,True
2026-04-01 22:00:00,23756.0,2026-04,23753.8,24348.2,1187.8,REPEAT,HIGH_TREND,2026-Q2,23753.8,24348.2,1187.8,REPEAT,HIGH_TREND,2026,22961.5,26349.0,1187.8,REPEAT,NEUTRAL,False,True
2026-04-02 02:00:00,23830.2,2026-04,23752.5,24348.2,1191.5,REPEAT,HIGH_TREND,2026-Q2,23752.5,24348.2,1191.5,REPEAT,HIGH_TREND,2026,22961.5,26349.0,1191.5,REPEAT,NEUTRAL,False,True
2026-04-02 06:00:00,23898.0,2026-04,23666.0,24348.2,1194.9,REPEAT,HIGH_TREND,2026-Q2,23666.0,24348.2,1194.9,REPEAT,HIGH_TREND,2026,22961.5,26349.0,1194.9,REPEAT,NEUTRAL,False,True
2026-04-02 10:00:00,24090.8,2026-04,23666.0,24348.2,1204.5,REPEAT,HIGH_TREND,2026-Q2,23666.0,24348.2,1204.5,REPEAT,HIGH_TREND,2026,22961.5,26349.0,1204.5,REPEAT,NEUTRAL,False,True
2026-04-02 14:00:00,24219.5,2026-04,23666.0,24348.2,1211.0,REPEAT,HIGH_TREND,2026-Q2,23666.0,24348.2,1211.0,REPEAT,HIGH_TREND,2026,22961.5,26349.0,1211.0,REPEAT,NEUTRAL,False,True
2026-04-02 18:00:00,24196.8,2026-04,23666.0,24348.2,1209.8,REPEAT,HIGH_TREND,2026-Q2,23666.0,24348.2,1209.8,REPEAT,HIGH_TREND,2026,22961.5,26349.0,1209.8,REPEAT,NEUTRAL,False,True
2026-04-02 22:00:00,24180.8,2026-04,23666.0,24348.2,1209.0,REPEAT,HIGH_TREND,2026-Q2,23666.0,24348.2,1209.0,REPEAT,HIGH_TREND,2026,22961.5,26349.0,1209.0,REPEAT,NEUTRAL,False,True
2026-04-03 02:00:00,24140.2,2026-04,23666.0,24348.2,1207.0,REPEAT,HIGH_TREND,2026-Q2,23666.0,24348.2,1207.0,REPEAT,HIGH_TREND,2026,22961.5,26349.0,1207.0,REPEAT,NEUTRAL,False,True
2026-04-03 06:00:00,24129.8,2026-04,23666.0,24348.2,1206.5,REPEAT,HIGH_TREND,2026-Q2,23666.0,24348.2,1206.5,REPEAT,HIGH_TREND,2026,22961.5,26349.0,1206.5,REPEAT,NEUTRAL,False,True
2026-04-05 18:00:00,24193.8,2026-04,23666.0,24348.2,1209.7,REPEAT,HIGH_TREND,2026-Q2,23666.0,24348.2,1209.7,REPEAT,HIGH_TREND,2026,22961.5,26349.0,1209.7,REPEAT,NEUTRAL,False,True
2026-04-05 22:00:00,24232.8,2026-04,23666.0,24348.2,1211.6,REPEAT,HIGH_TREND,2026-Q2,23666.0,24348.2,1211.6,REPEAT,HIGH_TREND,2026,22961.5,26349.0,1211.6,REPEAT,NEUTRAL,False,True
2026-04-06 02:00:00,24337.5,2026-04,23666.0,24398.2,1216.9,REPEAT,HIGH_TREND,2026-Q2,23666.0,24398.2,1216.9,REPEAT,HIGH_TREND,2026,22961.5,26349.0,1216.9,REPEAT,NEUTRAL,False,True
2026-04-06 06:00:00,24411.0,2026-04,23666.0,24416.8,1220.6,REPEAT,HIGH_TREND,2026-Q2,23666.0,24416.8,1220.6,REPEAT,HIGH_TREND,2026,22961.5,26349.0,1220.6,REPEAT,NEUTRAL,False,True
2026-04-06 10:00:00,24263.5,2026-04,23666.0,24452.2,1213.2,REPEAT,HIGH_TREND,2026-Q2,23666.0,24452.2,1213.2,REPEAT,HIGH_TREND,2026,22961.5,26349.0,1213.2,REPEAT,NEUTRAL,False,True
2026-04-06 14:00:00,24349.8,2026-04,23666.0,24452.2,1217.5,REPEAT,HIGH_TREND,2026-Q2,23666.0,24452.2,1217.5,REPEAT,HIGH_TREND,2026,22961.5,26349.0,1217.5,REPEAT,NEUTRAL,False,True
2026-04-06 18:00:00,24177.0,2026-04,23666.0,24452.2,1208.9,REPEAT,HIGH_TREND,2026-Q2,23666.0,24452.2,1208.9,REPEAT,HIGH_TREND,2026,22961.5,26349.0,1208.9,REPEAT,NEUTRAL,False,True
2026-04-06 22:00:00,24228.5,2026-04,23666.0,24452.2,1211.4,REPEAT,HIGH_TREND,2026-Q2,23666.0,24452.2,1211.4,REPEAT,HIGH_TREND,2026,22961.5,26349.0,1211.4,REPEAT,NEUTRAL,False,True
2026-04-07 02:00:00,24385.2,2026-04,23666.0,24452.2,1219.3,REPEAT,HIGH_TREND,2026-Q2,23666.0,24452.2,1219.3,REPEAT,HIGH_TREND,2026,22961.5,26349.0,1219.3,REPEAT,NEUTRAL,False,True
2026-04-07 06:00:00,24120.2,2026-04,23666.0,24452.2,1206.0,REPEAT,HIGH_TREND,2026-Q2,23666.0,24452.2,1206.0,REPEAT,HIGH_TREND,2026,22961.5,26349.0,1206.0,REPEAT,NEUTRAL,False,True
2026-04-07 10:00:00,24225.5,2026-04,23666.0,24452.2,1211.3,REPEAT,HIGH_TREND,2026-Q2,23666.0,24452.2,1211.3,REPEAT,HIGH_TREND,2026,22961.5,26349.0,1211.3,REPEAT,NEUTRAL,False,True
2026-04-07 14:00:00,24399.2,2026-04,23666.0,24452.2,1220.0,REPEAT,HIGH_TREND,2026-Q2,23666.0,24452.2,1220.0,REPEAT,HIGH_TREND,2026,22961.5,26349.0,1220.0,REPEAT,NEUTRAL,False,True
2026-04-07 18:00:00,25095.2,2026-04,23666.0,25109.5,1254.8,REPEAT,HIGH_TREND,2026-Q2,23666.0,25109.5,1254.8,REPEAT,HIGH_TREND,2026,22961.5,26349.0,1254.8,REPEAT,NEUTRAL,False,True
2026-04-07 22:00:00,25192.2,2026-04,23666.0,25195.2,1259.6,REPEAT,HIGH_TREND,2026-Q2,23666.0,25195.2,1259.6,REPEAT,HIGH_TREND,2026,22961.5,26349.0,1259.6,REPEAT,NEUTRAL,False,True
2026-04-08 02:00:00,25200.0,2026-04,23666.0,25245.2,1260.0,REPEAT,HIGH_TREND,2026-Q2,23666.0,25245.2,1260.0,REPEAT,HIGH_TREND,2026,22961.5,26349.0,1260.0,REPEAT,NEUTRAL,False,True
2026-04-08 06:00:00,25080.8,2026-04,23666.0,25257.0,1254.0,REPEAT,HIGH_TREND,2026-Q2,23666.0,25257.0,1254.0,REPEAT,HIGH_TREND,2026,22961.5,26349.0,1254.0,REPEAT,NEUTRAL,False,True
2026-04-08 10:00:00,25094.2,2026-04,23666.0,25257.0,1254.7,REPEAT,HIGH_TREND,2026-Q2,23666.0,25257.0,1254.7,REPEAT,HIGH_TREND,2026,22961.5,26349.0,1254.7,REPEAT,NEUTRAL,False,True
2026-04-08 14:00:00,25039.0,2026-04,23666.0,25257.0,1252.0,REPEAT,HIGH_TREND,2026-Q2,23666.0,25257.0,1252.0,REPEAT,HIGH_TREND,2026,22961.5,26349.0,1252.0,REPEAT,NEUTRAL,False,True
2026-04-08 18:00:00,25022.8,2026-04,23666.0,25257.0,1251.1,REPEAT,HIGH_TREND,2026-Q2,23666.0,25257.0,1251.1,REPEAT,HIGH_TREND,2026,22961.5,26349.0,1251.1,REPEAT,NEUTRAL,False,True
2026-04-08 22:00:00,25028.5,2026-04,23666.0,25257.0,1251.4,REPEAT,HIGH_TREND,2026-Q2,23666.0,25257.0,1251.4,REPEAT,HIGH_TREND,2026,22961.5,26349.0,1251.4,REPEAT,NEUTRAL,False,True
2026-04-09 02:00:00,25016.2,2026-04,23666.0,25257.0,1250.8,REPEAT,HIGH_TREND,2026-Q2,23666.0,25257.0,1250.8,REPEAT,HIGH_TREND,2026,22961.5,26349.0,1250.8,REPEAT,NEUTRAL,False,True
2026-04-09 06:00:00,25033.2,2026-04,23666.0,25257.0,1251.7,REPEAT,HIGH_TREND,2026-Q2,23666.0,25257.0,1251.7,REPEAT,HIGH_TREND,2026,22961.5,26349.0,1251.7,REPEAT,NEUTRAL,False,True
2026-04-09 10:00:00,25226.8,2026-04,23666.0,25265.8,1261.3,REPEAT,HIGH_TREND,2026-Q2,23666.0,25265.8,1261.3,REPEAT,HIGH_TREND,2026,22961.5,26349.0,1261.3,REPEAT,NEUTRAL,False,True
2026-04-09 14:00:00,25244.8,2026-04,23666.0,25269.8,1262.2,REPEAT,HIGH_TREND,2026-Q2,23666.0,25269.8,1262.2,REPEAT,HIGH_TREND,2026,22961.5,26349.0,1262.2,REPEAT,NEUTRAL,False,True
2026-04-09 18:00:00,25285.0,2026-04,23666.0,25298.5,1264.2,REPEAT,HIGH_TREND,2026-Q2,23666.0,25298.5,1264.2,REPEAT,HIGH_TREND,2026,22961.5,26349.0,1264.2,REPEAT,NEUTRAL,False,True
2026-04-09 22:00:00,25263.0,2026-04,23666.0,25303.8,1263.2,REPEAT,HIGH_TREND,2026-Q2,23666.0,25303.8,1263.2,REPEAT,HIGH_TREND,2026,22961.5,26349.0,1263.2,REPEAT,NEUTRAL,False,True
2026-04-10 02:00:00,25259.0,2026-04,23666.0,25303.8,1263.0,REPEAT,HIGH_TREND,2026-Q2,23666.0,25303.8,1263.0,REPEAT,HIGH_TREND,2026,22961.5,26349.0,1263.0,REPEAT,NEUTRAL,False,True
2026-04-10 06:00:00,25320.5,2026-04,23666.0,25386.0,1266.0,REPEAT,HIGH_TREND,2026-Q2,23666.0,25386.0,1266.0,REPEAT,HIGH_TREND,2026,22961.5,26349.0,1266.0,REPEAT,NEUTRAL,False,True
2026-04-10 10:00:00,25272.0,2026-04,23666.0,25393.0,1263.6,REPEAT,HIGH_TREND,2026-Q2,23666.0,25393.0,1263.6,REPEAT,HIGH_TREND,2026,22961.5,26349.0,1263.6,REPEAT,NEUTRAL,False,True
2026-04-10 14:00:00,25333.0,2026-04,23666.0,25393.0,1266.6,REPEAT,HIGH_TREND,2026-Q2,23666.0,25393.0,1266.6,REPEAT,HIGH_TREND,2026,22961.5,26349.0,1266.6,REPEAT,NEUTRAL,False,True
2026-04-12 18:00:00,25083.0,2026-04,23666.0,25393.0,1254.2,REPEAT,HIGH_TREND,2026-Q2,23666.0,25393.0,1254.2,REPEAT,HIGH_TREND,2026,22961.5,26349.0,1254.2,REPEAT,NEUTRAL,False,True
2026-04-12 22:00:00,25079.8,2026-04,23666.0,25393.0,1254.0,REPEAT,HIGH_TREND,2026-Q2,23666.0,25393.0,1254.0,REPEAT,HIGH_TREND,2026,22961.5,26349.0,1254.0,REPEAT,NEUTRAL,False,True
2026-04-13 02:00:00,25116.0,2026-04,23666.0,25393.0,1255.8,REPEAT,HIGH_TREND,2026-Q2,23666.0,25393.0,1255.8,REPEAT,HIGH_TREND,2026,22961.5,26349.0,1255.8,REPEAT,NEUTRAL,False,True
2026-04-13 06:00:00,25308.0,2026-04,23666.0,25393.0,1265.4,REPEAT,HIGH_TREND,2026-Q2,23666.0,25393.0,1265.4,REPEAT,HIGH_TREND,2026,22961.5,26349.0,1265.4,REPEAT,NEUTRAL,False,True
2026-04-13 10:00:00,25404.0,2026-04,23666.0,25439.5,1270.2,REPEAT,HIGH_TREND,2026-Q2,23666.0,25439.5,1270.2,REPEAT,HIGH_TREND,2026,22961.5,26349.0,1270.2,REPEAT,NEUTRAL,False,True
2026-04-13 14:00:00,25585.5,2026-04,23666.0,25599.2,1279.3,REPEAT,HIGH_TREND,2026-Q2,23666.0,25599.2,1279.3,REPEAT,HIGH_TREND,2026,22961.5,26349.0,1279.3,REPEAT,NEUTRAL,False,True
2026-04-13 18:00:00,25581.2,2026-04,23666.0,25619.2,1279.1,REPEAT,HIGH_TREND,2026-Q2,23666.0,25619.2,1279.1,REPEAT,HIGH_TREND,2026,22961.5,26349.0,1279.1,REPEAT,NEUTRAL,False,True
2026-04-13 22:00:00,25574.2,2026-04,23666.0,25619.2,1278.7,REPEAT,HIGH_TREND,2026-Q2,23666.0,25619.2,1278.7,REPEAT,HIGH_TREND,2026,22961.5,26349.0,1278.7,REPEAT,NEUTRAL,False,True
2026-04-14 02:00:00,25638.2,2026-04,23666.0,25674.0,1281.9,REPEAT,HIGH_TREND,2026-Q2,23666.0,25674.0,1281.9,REPEAT,HIGH_TREND,2026,22961.5,26349.0,1281.9,REPEAT,NEUTRAL,False,True
2026-04-14 06:00:00,25722.2,2026-04,23666.0,25763.8,1286.1,REPEAT,HIGH_TREND,2026-Q2,23666.0,25763.8,1286.1,REPEAT,HIGH_TREND,2026,22961.5,26349.0,1286.1,REPEAT,NEUTRAL,False,True
2026-04-14 10:00:00,25958.0,2026-04,23666.0,25969.2,1297.9,REPEAT,HIGH_TREND,2026-Q2,23666.0,25969.2,1297.9,REPEAT,HIGH_TREND,2026,22961.5,26349.0,1297.9,REPEAT,NEUTRAL,False,True
2026-04-14 14:00:00,25990.0,2026-04,23666.0,26003.2,1299.5,REPEAT,HIGH_TREND,2026-Q2,23666.0,26003.2,1299.5,REPEAT,HIGH_TREND,2026,22961.5,26349.0,1299.5,REPEAT,NEUTRAL,False,True
2026-04-14 18:00:00,26038.5,2026-04,23666.0,26042.5,1301.9,REPEAT,HIGH_TREND,2026-Q2,23666.0,26042.5,1301.9,REPEAT,HIGH_TREND,2026,22961.5,26349.0,1301.9,REPEAT,NEUTRAL,False,True
2026-04-14 22:00:00,25978.5,2026-04,23666.0,26058.0,1298.9,REPEAT,HIGH_TREND,2026-Q2,23666.0,26058.0,1298.9,REPEAT,HIGH_TREND,2026,22961.5,26349.0,1298.9,REPEAT,NEUTRAL,False,True
2026-04-15 02:00:00,25978.2,2026-04,23666.0,26058.0,1298.9,REPEAT,HIGH_TREND,2026-Q2,23666.0,26058.0,1298.9,REPEAT,HIGH_TREND,2026,22961.5,26349.0,1298.9,REPEAT,NEUTRAL,False,True
2026-04-15 06:00:00,26068.5,2026-04,23666.0,26072.2,1303.4,REPEAT,HIGH_TREND,2026-Q2,23666.0,26072.2,1303.4,REPEAT,HIGH_TREND,2026,22961.5,26349.0,1303.4,REPEAT,NEUTRAL,False,True
2026-04-15 10:00:00,26190.8,2026-04,23666.0,26251.5,1309.5,REPEAT,HIGH_TREND,2026-Q2,23666.0,26251.5,1309.5,REPEAT,HIGH_TREND,2026,22961.5,26349.0,1309.5,REPEAT,NEUTRAL,False,True
2026-04-15 14:00:00,26359.5,2026-04,23666.0,26377.5,1318.0,REPEAT,HIGH_TREND,2026-Q2,23666.0,26377.5,1318.0,REPEAT,HIGH_TREND,2026,22961.5,26377.5,1318.0,REPEAT,NEUTRAL,False,True
2026-04-15 18:00:00,26440.8,2026-04,23666.0,26465.2,1322.0,REPEAT,NEUTRAL,2026-Q2,23666.0,26465.2,1322.0,REPEAT,NEUTRAL,2026,22961.5,26465.2,1322.0,REPEAT,NEUTRAL,False,False
2026-04-15 22:00:00,26455.0,2026-04,23666.0,26465.2,1322.8,REPEAT,NEUTRAL,2026-Q2,23666.0,26465.2,1322.8,REPEAT,NEUTRAL,2026,22961.5,26465.2,1322.8,REPEAT,NEUTRAL,False,False
2026-04-16 02:00:00,26453.2,2026-04,23666.0,26488.0,1322.7,REPEAT,NEUTRAL,2026-Q2,23666.0,26488.0,1322.7,REPEAT,NEUTRAL,2026,22961.5,26488.0,1322.7,REPEAT,NEUTRAL,False,False
2026-04-16 06:00:00,26321.2,2026-04,23666.0,26488.0,1316.1,REPEAT,HIGH_TREND,2026-Q2,23666.0,26488.0,1316.1,REPEAT,HIGH_TREND,2026,22961.5,26488.0,1316.1,REPEAT,NEUTRAL,False,True
2026-04-16 10:00:00,26460.8,2026-04,23666.0,26564.0,1323.0,REPEAT,NEUTRAL,2026-Q2,23666.0,26564.0,1323.0,REPEAT,NEUTRAL,2026,22961.5,26564.0,1323.0,REPEAT,NEUTRAL,False,False
2026-04-16 14:00:00,26464.2,2026-04,23666.0,26564.0,1323.2,REPEAT,NEUTRAL,2026-Q2,23666.0,26564.0,1323.2,REPEAT,NEUTRAL,2026,22961.5,26564.0,1323.2,REPEAT,NEUTRAL,False,False
2026-04-16 18:00:00,26488.2,2026-04,23666.0,26564.0,1324.4,REPEAT,NEUTRAL,2026-Q2,23666.0,26564.0,1324.4,REPEAT,NEUTRAL,2026,22961.5,26564.0,1324.4,REPEAT,NEUTRAL,False,False
2026-04-16 22:00:00,26465.5,2026-04,23666.0,26564.0,1323.3,REPEAT,NEUTRAL,2026-Q2,23666.0,26564.0,1323.3,REPEAT,NEUTRAL,2026,22961.5,26564.0,1323.3,REPEAT,NEUTRAL,False,False
2026-04-17 02:00:00,26537.0,2026-04,23666.0,26564.0,1326.9,REPEAT,NEUTRAL,2026-Q2,23666.0,26564.0,1326.9,REPEAT,NEUTRAL,2026,22961.5,26564.0,1326.9,REPEAT,NEUTRAL,False,False
2026-04-17 06:00:00,26731.2,2026-04,23666.0,26817.8,1336.6,REPEAT,NEUTRAL,2026-Q2,23666.0,26817.8,1336.6,REPEAT,NEUTRAL,2026,22961.5,26817.8,1336.6,REPEAT,NEUTRAL,False,False
2026-04-17 10:00:00,26808.0,2026-04,23666.0,26884.8,1340.4,REPEAT,NEUTRAL,2026-Q2,23666.0,26884.8,1340.4,REPEAT,NEUTRAL,2026,22961.5,26884.8,1340.4,REPEAT,NEUTRAL,False,False
2026-04-17 14:00:00,26840.8,2026-04,23666.0,26884.8,1342.0,REPEAT,NEUTRAL,2026-Q2,23666.0,26884.8,1342.0,REPEAT,NEUTRAL,2026,22961.5,26884.8,1342.0,REPEAT,NEUTRAL,False,False
2026-04-19 18:00:00,26705.2,2026-04,23666.0,26884.8,1335.3,REPEAT,NEUTRAL,2026-Q2,23666.0,26884.8,1335.3,REPEAT,NEUTRAL,2026,22961.5,26884.8,1335.3,REPEAT,NEUTRAL,False,False
2026-04-19 22:00:00,26635.0,2026-04,23666.0,26884.8,1331.8,REPEAT,NEUTRAL,2026-Q2,23666.0,26884.8,1331.8,REPEAT,NEUTRAL,2026,22961.5,26884.8,1331.8,REPEAT,NEUTRAL,False,False
2026-04-20 02:00:00,26694.2,2026-04,23666.0,26884.8,1334.7,REPEAT,NEUTRAL,2026-Q2,23666.0,26884.8,1334.7,REPEAT,NEUTRAL,2026,22961.5,26884.8,1334.7,REPEAT,NEUTRAL,False,False
2026-04-20 06:00:00,26780.8,2026-04,23666.0,26884.8,1339.0,REPEAT,NEUTRAL,2026-Q2,23666.0,26884.8,1339.0,REPEAT,NEUTRAL,2026,22961.5,26884.8,1339.0,REPEAT,NEUTRAL,False,False
2026-04-20 10:00:00,26707.5,2026-04,23666.0,26884.8,1335.4,REPEAT,NEUTRAL,2026-Q2,23666.0,26884.8,1335.4,REPEAT,NEUTRAL,2026,22961.5,26884.8,1335.4,REPEAT,NEUTRAL,False,False
2026-04-20 14:00:00,26774.2,2026-04,23666.0,26884.8,1338.7,REPEAT,NEUTRAL,2026-Q2,23666.0,26884.8,1338.7,REPEAT,NEUTRAL,2026,22961.5,26884.8,1338.7,REPEAT,NEUTRAL,False,False
2026-04-20 18:00:00,26812.8,2026-04,23666.0,26884.8,1340.6,REPEAT,NEUTRAL,2026-Q2,23666.0,26884.8,1340.6,REPEAT,NEUTRAL,2026,22961.5,26884.8,1340.6,REPEAT,NEUTRAL,False,False
2026-04-20 22:00:00,26826.8,2026-04,23666.0,26884.8,1341.3,REPEAT,NEUTRAL,2026-Q2,23666.0,26884.8,1341.3,REPEAT,NEUTRAL,2026,22961.5,26884.8,1341.3,REPEAT,NEUTRAL,False,False
2026-04-21 02:00:00,26840.8,2026-04,23666.0,26884.8,1342.0,REPEAT,NEUTRAL,2026-Q2,23666.0,26884.8,1342.0,REPEAT,NEUTRAL,2026,22961.5,26884.8,1342.0,REPEAT,NEUTRAL,False,False
2026-04-21 06:00:00,26838.5,2026-04,23666.0,26901.8,1341.9,REPEAT,NEUTRAL,2026-Q2,23666.0,26901.8,1341.9,REPEAT,NEUTRAL,2026,22961.5,26901.8,1341.9,REPEAT,NEUTRAL,False,False
2026-04-21 10:00:00,26699.2,2026-04,23666.0,26901.8,1335.0,REPEAT,NEUTRAL,2026-Q2,23666.0,26901.8,1335.0,REPEAT,NEUTRAL,2026,22961.5,26901.8,1335.0,REPEAT,NEUTRAL,False,False
2026-04-21 14:00:00,26721.2,2026-04,23666.0,26901.8,1336.1,REPEAT,NEUTRAL,2026-Q2,23666.0,26901.8,1336.1,REPEAT,NEUTRAL,2026,22961.5,26901.8,1336.1,REPEAT,NEUTRAL,False,False
2026-04-21 18:00:00,26821.8,2026-04,23666.0,26901.8,1341.1,REPEAT,NEUTRAL,2026-Q2,23666.0,26901.8,1341.1,REPEAT,NEUTRAL,2026,22961.5,26901.8,1341.1,REPEAT,NEUTRAL,False,False
2026-04-21 22:00:00,26831.2,2026-04,23666.0,26901.8,1341.6,REPEAT,NEUTRAL,2026-Q2,23666.0,26901.8,1341.6,REPEAT,NEUTRAL,2026,22961.5,26901.8,1341.6,REPEAT,NEUTRAL,False,False
2026-04-22 02:00:00,26825.8,2026-04,23666.0,26901.8,1341.3,REPEAT,NEUTRAL,2026-Q2,23666.0,26901.8,1341.3,REPEAT,NEUTRAL,2026,22961.5,26901.8,1341.3,REPEAT,NEUTRAL,False,False
2026-04-22 06:00:00,26864.5,2026-04,23666.0,26901.8,1343.2,REPEAT,NEUTRAL,2026-Q2,23666.0,26901.8,1343.2,REPEAT,NEUTRAL,2026,22961.5,26901.8,1343.2,REPEAT,NEUTRAL,False,False
2026-04-22 10:00:00,27030.0,2026-04,23666.0,27050.0,1351.5,REPEAT,NEUTRAL,2026-Q2,23666.0,27050.0,1351.5,REPEAT,NEUTRAL,2026,22961.5,27050.0,1351.5,REPEAT,NEUTRAL,False,False
2026-04-22 14:00:00,27106.5,2026-04,23666.0,27136.0,1355.3,REPEAT,NEUTRAL,2026-Q2,23666.0,27136.0,1355.3,REPEAT,NEUTRAL,2026,22961.5,27136.0,1355.3,REPEAT,NEUTRAL,False,False
2026-04-22 18:00:00,27000.2,2026-04,23666.0,27136.0,1350.0,REPEAT,NEUTRAL,2026-Q2,23666.0,27136.0,1350.0,REPEAT,NEUTRAL,2026,22961.5,27136.0,1350.0,REPEAT,NEUTRAL,False,False
2026-04-22 22:00:00,26978.2,2026-04,23666.0,27136.0,1348.9,REPEAT,NEUTRAL,2026-Q2,23666.0,27136.0,1348.9,REPEAT,NEUTRAL,2026,22961.5,27136.0,1348.9,REPEAT,NEUTRAL,False,False
2026-04-23 02:00:00,26941.8,2026-04,23666.0,27136.0,1347.1,REPEAT,NEUTRAL,2026-Q2,23666.0,27136.0,1347.1,REPEAT,NEUTRAL,2026,22961.5,27136.0,1347.1,REPEAT,NEUTRAL,False,False
2026-04-23 06:00:00,27016.8,2026-04,23666.0,27136.0,1350.8,REPEAT,NEUTRAL,2026-Q2,23666.0,27136.0,1350.8,REPEAT,NEUTRAL,2026,22961.5,27136.0,1350.8,REPEAT,NEUTRAL,False,False
2026-04-23 10:00:00,26880.5,2026-04,23666.0,27155.8,1344.0,REPEAT,NEUTRAL,2026-Q2,23666.0,27155.8,1344.0,REPEAT,NEUTRAL,2026,22961.5,27155.8,1344.0,REPEAT,NEUTRAL,False,False
2026-04-23 14:00:00,26942.8,2026-04,23666.0,27155.8,1347.1,REPEAT,NEUTRAL,2026-Q2,23666.0,27155.8,1347.1,REPEAT,NEUTRAL,2026,22961.5,27155.8,1347.1,REPEAT,NEUTRAL,False,False
2026-04-23 18:00:00,27118.8,2026-04,23666.0,27155.8,1355.9,REPEAT,NEUTRAL,2026-Q2,23666.0,27155.8,1355.9,REPEAT,NEUTRAL,2026,22961.5,27155.8,1355.9,REPEAT,NEUTRAL,False,False
2026-04-23 22:00:00,27086.0,2026-04,23666.0,27155.8,1354.3,REPEAT,NEUTRAL,2026-Q2,23666.0,27155.8,1354.3,REPEAT,NEUTRAL,2026,22961.5,27155.8,1354.3,REPEAT,NEUTRAL,False,False
2026-04-24 02:00:00,27108.8,2026-04,23666.0,27155.8,1355.4,REPEAT,NEUTRAL,2026-Q2,23666.0,27155.8,1355.4,REPEAT,NEUTRAL,2026,22961.5,27155.8,1355.4,REPEAT,NEUTRAL,False,False
2026-04-24 06:00:00,27193.8,2026-04,23666.0,27363.8,1359.7,REPEAT,NEUTRAL,2026-Q2,23666.0,27363.8,1359.7,REPEAT,NEUTRAL,2026,22961.5,27363.8,1359.7,REPEAT,NEUTRAL,False,False
2026-04-24 10:00:00,27432.8,2026-04,23666.0,27462.5,1371.6,REPEAT,NEUTRAL,2026-Q2,23666.0,27462.5,1371.6,REPEAT,NEUTRAL,2026,22961.5,27462.5,1371.6,REPEAT,NEUTRAL,False,False
2026-04-24 14:00:00,27440.2,2026-04,23666.0,27462.5,1372.0,REPEAT,NEUTRAL,2026-Q2,23666.0,27462.5,1372.0,REPEAT,NEUTRAL,2026,22961.5,27462.5,1372.0,REPEAT,NEUTRAL,False,False
2026-04-26 18:00:00,27537.8,2026-04,23666.0,27540.0,1376.9,REPEAT,NEUTRAL,2026-Q2,23666.0,27540.0,1376.9,REPEAT,NEUTRAL,2026,22961.5,27540.0,1376.9,REPEAT,NEUTRAL,False,False
2026-04-26 22:00:00,27449.5,2026-04,23666.0,27542.5,1372.5,REPEAT,NEUTRAL,2026-Q2,23666.0,27542.5,1372.5,REPEAT,NEUTRAL,2026,22961.5,27542.5,1372.5,REPEAT,NEUTRAL,False,False
2026-04-27 02:00:00,27455.0,2026-04,23666.0,27542.5,1372.8,REPEAT,NEUTRAL,2026-Q2,23666.0,27542.5,1372.8,REPEAT,NEUTRAL,2026,22961.5,27542.5,1372.8,REPEAT,NEUTRAL,False,False
2026-04-27 06:00:00,27401.5,2026-04,23666.0,27542.5,1370.1,REPEAT,NEUTRAL,2026-Q2,23666.0,27542.5,1370.1,REPEAT,NEUTRAL,2026,22961.5,27542.5,1370.1,REPEAT,NEUTRAL,False,False
2026-04-27 10:00:00,27428.5,2026-04,23666.0,27542.5,1371.4,REPEAT,NEUTRAL,2026-Q2,23666.0,27542.5,1371.4,REPEAT,NEUTRAL,2026,22961.5,27542.5,1371.4,REPEAT,NEUTRAL,False,False
2026-04-27 14:00:00,27418.5,2026-04,23666.0,27542.5,1370.9,REPEAT,NEUTRAL,2026-Q2,23666.0,27542.5,1370.9,REPEAT,NEUTRAL,2026,22961.5,27542.5,1370.9,REPEAT,NEUTRAL,False,False
2026-04-27 18:00:00,27421.8,2026-04,23666.0,27542.5,1371.1,REPEAT,NEUTRAL,2026-Q2,23666.0,27542.5,1371.1,REPEAT,NEUTRAL,2026,22961.5,27542.5,1371.1,REPEAT,NEUTRAL,False,False
2026-04-27 22:00:00,27364.0,2026-04,23666.0,27542.5,1368.2,REPEAT,NEUTRAL,2026-Q2,23666.0,27542.5,1368.2,REPEAT,NEUTRAL,2026,22961.5,27542.5,1368.2,REPEAT,NEUTRAL,False,False
2026-04-28 02:00:00,27284.2,2026-04,23666.0,27542.5,1364.2,REPEAT,NEUTRAL,2026-Q2,23666.0,27542.5,1364.2,REPEAT,NEUTRAL,2026,22961.5,27542.5,1364.2,REPEAT,NEUTRAL,False,False
2026-04-28 06:00:00,27202.5,2026-04,23666.0,27542.5,1360.1,REPEAT,NEUTRAL,2026-Q2,23666.0,27542.5,1360.1,REPEAT,NEUTRAL,2026,22961.5,27542.5,1360.1,REPEAT,NEUTRAL,False,False
2026-04-28 10:00:00,27141.5,2026-04,23666.0,27542.5,1357.1,REPEAT,NEUTRAL,2026-Q2,23666.0,27542.5,1357.1,REPEAT,NEUTRAL,2026,22961.5,27542.5,1357.1,REPEAT,NEUTRAL,False,False
2026-04-28 14:00:00,27191.5,2026-04,23666.0,27542.5,1359.6,REPEAT,NEUTRAL,2026-Q2,23666.0,27542.5,1359.6,REPEAT,NEUTRAL,2026,22961.5,27542.5,1359.6,REPEAT,NEUTRAL,False,False
2026-04-28 18:00:00,27246.5,2026-04,23666.0,27542.5,1362.3,REPEAT,NEUTRAL,2026-Q2,23666.0,27542.5,1362.3,REPEAT,NEUTRAL,2026,22961.5,27542.5,1362.3,REPEAT,NEUTRAL,False,False
2026-04-28 22:00:00,27297.2,2026-04,23666.0,27542.5,1364.9,REPEAT,NEUTRAL,2026-Q2,23666.0,27542.5,1364.9,REPEAT,NEUTRAL,2026,22961.5,27542.5,1364.9,REPEAT,NEUTRAL,False,False
2026-04-29 02:00:00,27229.0,2026-04,23666.0,27542.5,1361.4,REPEAT,NEUTRAL,2026-Q2,23666.0,27542.5,1361.4,REPEAT,NEUTRAL,2026,22961.5,27542.5,1361.4,REPEAT,NEUTRAL,False,False
2026-04-29 06:00:00,27220.2,2026-04,23666.0,27542.5,1361.0,REPEAT,NEUTRAL,2026-Q2,23666.0,27542.5,1361.0,REPEAT,NEUTRAL,2026,22961.5,27542.5,1361.0,REPEAT,NEUTRAL,False,False
2026-04-29 10:00:00,27249.5,2026-04,23666.0,27542.5,1362.5,REPEAT,NEUTRAL,2026-Q2,23666.0,27542.5,1362.5,REPEAT,NEUTRAL,2026,22961.5,27542.5,1362.5,REPEAT,NEUTRAL,False,False
2026-04-29 14:00:00,27148.8,2026-04,23666.0,27542.5,1357.4,REPEAT,NEUTRAL,2026-Q2,23666.0,27542.5,1357.4,REPEAT,NEUTRAL,2026,22961.5,27542.5,1357.4,REPEAT,NEUTRAL,False,False
2026-04-29 18:00:00,27581.2,2026-04,23666.0,27622.8,1379.1,REPEAT,NEUTRAL,2026-Q2,23666.0,27622.8,1379.1,REPEAT,NEUTRAL,2026,22961.5,27622.8,1379.1,REPEAT,NEUTRAL,False,False
2026-04-29 22:00:00,27223.8,2026-04,23666.0,27622.8,1361.2,REPEAT,NEUTRAL,2026-Q2,23666.0,27622.8,1361.2,REPEAT,NEUTRAL,2026,22961.5,27622.8,1361.2,REPEAT,NEUTRAL,False,False
2026-04-30 02:00:00,27367.8,2026-04,23666.0,27622.8,1368.4,REPEAT,NEUTRAL,2026-Q2,23666.0,27622.8,1368.4,REPEAT,NEUTRAL,2026,22961.5,27622.8,1368.4,REPEAT,NEUTRAL,False,False
2026-04-30 06:00:00,27245.8,2026-04,23666.0,27622.8,1362.3,REPEAT,NEUTRAL,2026-Q2,23666.0,27622.8,1362.3,REPEAT,NEUTRAL,2026,22961.5,27622.8,1362.3,REPEAT,NEUTRAL,False,False
2026-04-30 10:00:00,27543.2,2026-04,23666.0,27622.8,1377.2,REPEAT,NEUTRAL,2026-Q2,23666.0,27622.8,1377.2,REPEAT,NEUTRAL,2026,22961.5,27622.8,1377.2,REPEAT,NEUTRAL,False,False
2026-04-30 14:00:00,27598.5,2026-04,23666.0,27622.8,1379.9,REPEAT,NEUTRAL,2026-Q2,23666.0,27622.8,1379.9,REPEAT,NEUTRAL,2026,22961.5,27622.8,1379.9,REPEAT,NEUTRAL,False,False
2026-04-30 18:00:00,27650.2,2026-04,23666.0,27658.2,1382.5,REPEAT,NEUTRAL,2026-Q2,23666.0,27658.2,1382.5,REPEAT,NEUTRAL,2026,22961.5,27658.2,1382.5,REPEAT,NEUTRAL,False,False
2026-04-30 22:00:00,27616.8,2026-04,23666.0,27674.5,1380.8,REPEAT,NEUTRAL,2026-Q2,23666.0,27674.5,1380.8,REPEAT,NEUTRAL,2026,22961.5,27674.5,1380.8,REPEAT,NEUTRAL,False,False
2026-05-01 02:00:00,27569.8,2026-05,27545.5,27628.5,1378.5,REPEAT,HIGH_TREND,2026-Q2,23666.0,27674.5,1378.5,REPEAT,NEUTRAL,2026,22961.5,27674.5,1378.5,REPEAT,NEUTRAL,False,False
2026-05-01 06:00:00,27873.5,2026-05,27536.2,27875.8,1393.7,REPEAT,NEUTRAL,2026-Q2,23666.0,27875.8,1393.7,NEW_HIGH,NEUTRAL,2026,22961.5,27875.8,1393.7,NEW_HIGH,NEUTRAL,False,False
2026-05-01 10:00:00,27883.8,2026-05,27536.2,27917.0,1394.2,REPEAT,NEUTRAL,2026-Q2,23666.0,27917.0,1394.2,NEW_HIGH,NEUTRAL,2026,22961.5,27917.0,1394.2,NEW_HIGH,NEUTRAL,False,False
2026-05-01 14:00:00,27783.2,2026-05,27536.2,27917.0,1389.2,REPEAT,NEUTRAL,2026-Q2,23666.0,27917.0,1389.2,NEW_HIGH,NEUTRAL,2026,22961.5,27917.0,1389.2,NEW_HIGH,NEUTRAL,False,False
2026-05-03 18:00:00,27919.5,2026-05,27536.2,27926.0,1396.0,REPEAT,NEUTRAL,2026-Q2,23666.0,27926.0,1396.0,NEW_HIGH,NEUTRAL,2026,22961.5,27926.0,1396.0,NEW_HIGH,NEUTRAL,False,False
2026-05-03 22:00:00,27935.5,2026-05,27536.2,27965.8,1396.8,REPEAT,NEUTRAL,2026-Q2,23666.0,27965.8,1396.8,NEW_HIGH,NEUTRAL,2026,22961.5,27965.8,1396.8,NEW_HIGH,NEUTRAL,False,False
2026-05-04 02:00:00,27890.2,2026-05,27536.2,27965.8,1394.5,REPEAT,NEUTRAL,2026-Q2,23666.0,27965.8,1394.5,NEW_HIGH,NEUTRAL,2026,22961.5,27965.8,1394.5,NEW_HIGH,NEUTRAL,False,False
2026-05-04 06:00:00,27896.0,2026-05,27536.2,27965.8,1394.8,REPEAT,NEUTRAL,2026-Q2,23666.0,27965.8,1394.8,NEW_HIGH,NEUTRAL,2026,22961.5,27965.8,1394.8,NEW_HIGH,NEUTRAL,False,False
2026-05-04 10:00:00,27792.2,2026-05,27536.2,27965.8,1389.6,REPEAT,NEUTRAL,2026-Q2,23666.0,27965.8,1389.6,NEW_HIGH,NEUTRAL,2026,22961.5,27965.8,1389.6,NEW_HIGH,NEUTRAL,False,False
2026-05-04 14:00:00,27743.0,2026-05,27536.2,27965.8,1387.2,REPEAT,NEUTRAL,2026-Q2,23666.0,27965.8,1387.2,NEW_HIGH,NEUTRAL,2026,22961.5,27965.8,1387.2,NEW_HIGH,NEUTRAL,False,False
2026-05-04 18:00:00,27815.2,2026-05,27536.2,27965.8,1390.8,REPEAT,NEUTRAL,2026-Q2,23666.0,27965.8,1390.8,NEW_HIGH,NEUTRAL,2026,22961.5,27965.8,1390.8,NEW_HIGH,NEUTRAL,False,False
2026-05-04 22:00:00,27852.8,2026-05,27536.2,27965.8,1392.6,REPEAT,NEUTRAL,2026-Q2,23666.0,27965.8,1392.6,NEW_HIGH,NEUTRAL,2026,22961.5,27965.8,1392.6,NEW_HIGH,NEUTRAL,False,False
2026-05-05 02:00:00,27936.8,2026-05,27536.2,27965.8,1396.8,REPEAT,NEUTRAL,2026-Q2,23666.0,27965.8,1396.8,NEW_HIGH,NEUTRAL,2026,22961.5,27965.8,1396.8,NEW_HIGH,NEUTRAL,False,False
2026-05-05 06:00:00,28085.2,2026-05,27536.2,28112.0,1404.3,REPEAT,NEUTRAL,2026-Q2,23666.0,28112.0,1404.3,NEW_HIGH,NEUTRAL,2026,22961.5,28112.0,1404.3,NEW_HIGH,NEUTRAL,False,False
2026-05-05 10:00:00,28159.0,2026-05,27536.2,28167.8,1408.0,REPEAT,NEUTRAL,2026-Q2,23666.0,28167.8,1408.0,NEW_HIGH,NEUTRAL,2026,22961.5,28167.8,1408.0,NEW_HIGH,NEUTRAL,False,False
2026-05-05 14:00:00,28207.2,2026-05,27536.2,28247.0,1410.4,REPEAT,NEUTRAL,2026-Q2,23666.0,28247.0,1410.4,NEW_HIGH,NEUTRAL,2026,22961.5,28247.0,1410.4,NEW_HIGH,NEUTRAL,False,False
2026-05-05 18:00:00,28292.0,2026-05,27536.2,28422.0,1414.6,REPEAT,NEUTRAL,2026-Q2,23666.0,28422.0,1414.6,NEW_HIGH,NEUTRAL,2026,22961.5,28422.0,1414.6,NEW_HIGH,NEUTRAL,False,False
2026-05-05 22:00:00,28355.0,2026-05,27536.2,28422.0,1417.8,REPEAT,NEUTRAL,2026-Q2,23666.0,28422.0,1417.8,NEW_HIGH,NEUTRAL,2026,22961.5,28422.0,1417.8,NEW_HIGH,NEUTRAL,False,False
2026-05-06 02:00:00,28506.2,2026-05,27536.2,28517.8,1425.3,REPEAT,NEUTRAL,2026-Q2,23666.0,28517.8,1425.3,NEW_HIGH,NEUTRAL,2026,22961.5,28517.8,1425.3,NEW_HIGH,NEUTRAL,False,False
2026-05-06 06:00:00,28469.0,2026-05,27536.2,28634.2,1423.4,REPEAT,NEUTRAL,2026-Q2,23666.0,28634.2,1423.4,NEW_HIGH,NEUTRAL,2026,22961.5,28634.2,1423.4,NEW_HIGH,NEUTRAL,False,False
2026-05-06 10:00:00,28600.0,2026-05,27536.2,28634.2,1430.0,REPEAT,NEUTRAL,2026-Q2,23666.0,28634.2,1430.0,NEW_HIGH,NEUTRAL,2026,22961.5,28634.2,1430.0,NEW_HIGH,NEUTRAL,False,False
2026-05-06 14:00:00,28712.2,2026-05,27536.2,28800.0,1435.6,REPEAT,NEUTRAL,2026-Q2,23666.0,28800.0,1435.6,NEW_HIGH,NEUTRAL,2026,22961.5,28800.0,1435.6,NEW_HIGH,NEUTRAL,False,False
2026-05-06 18:00:00,28697.0,2026-05,27536.2,28800.0,1434.9,REPEAT,NEUTRAL,2026-Q2,23666.0,28800.0,1434.9,NEW_HIGH,NEUTRAL,2026,22961.5,28800.0,1434.9,NEW_HIGH,NEUTRAL,False,False
2026-05-06 22:00:00,28720.2,2026-05,27536.2,28800.0,1436.0,REPEAT,NEUTRAL,2026-Q2,23666.0,28800.0,1436.0,NEW_HIGH,NEUTRAL,2026,22961.5,28800.0,1436.0,NEW_HIGH,NEUTRAL,False,False
2026-05-07 02:00:00,28730.2,2026-05,27536.2,28814.5,1436.5,REPEAT,NEUTRAL,2026-Q2,23666.0,28814.5,1436.5,NEW_HIGH,NEUTRAL,2026,22961.5,28814.5,1436.5,NEW_HIGH,NEUTRAL,False,False
2026-05-07 06:00:00,28781.5,2026-05,27536.2,28814.5,1439.1,REPEAT,NEUTRAL,2026-Q2,23666.0,28814.5,1439.1,NEW_HIGH,NEUTRAL,2026,22961.5,28814.5,1439.1,NEW_HIGH,NEUTRAL,False,False
2026-05-07 10:00:00,28696.5,2026-05,27536.2,28944.8,1434.8,REPEAT,NEUTRAL,2026-Q2,23666.0,28944.8,1434.8,NEW_HIGH,NEUTRAL,2026,22961.5,28944.8,1434.8,NEW_HIGH,NEUTRAL,False,False
2026-05-07 14:00:00,28644.0,2026-05,27536.2,28944.8,1432.2,REPEAT,NEUTRAL,2026-Q2,23666.0,28944.8,1432.2,NEW_HIGH,NEUTRAL,2026,22961.5,28944.8,1432.2,NEW_HIGH,NEUTRAL,False,False
2026-05-07 18:00:00,28760.5,2026-05,27536.2,28944.8,1438.0,REPEAT,NEUTRAL,2026-Q2,23666.0,28944.8,1438.0,NEW_HIGH,NEUTRAL,2026,22961.5,28944.8,1438.0,NEW_HIGH,NEUTRAL,False,False
2026-05-07 22:00:00,28804.5,2026-05,27536.2,28944.8,1440.2,REPEAT,NEUTRAL,2026-Q2,23666.0,28944.8,1440.2,NEW_HIGH,NEUTRAL,2026,22961.5,28944.8,1440.2,NEW_HIGH,NEUTRAL,False,False
2026-05-08 02:00:00,28852.2,2026-05,27536.2,28944.8,1442.6,REPEAT,NEUTRAL,2026-Q2,23666.0,28944.8,1442.6,NEW_HIGH,NEUTRAL,2026,22961.5,28944.8,1442.6,NEW_HIGH,NEUTRAL,False,False
2026-05-08 06:00:00,29107.2,2026-05,27536.2,29111.2,1455.4,REPEAT,NEUTRAL,2026-Q2,23666.0,29111.2,1455.4,NEW_HIGH,NEUTRAL,2026,22961.5,29111.2,1455.4,NEW_HIGH,NEUTRAL,False,False
2026-05-08 10:00:00,29264.2,2026-05,27536.2,29317.5,1463.2,NEW_HIGH,NEUTRAL,2026-Q2,23666.0,29317.5,1463.2,NEW_HIGH,NEUTRAL,2026,22961.5,29317.5,1463.2,NEW_HIGH,NEUTRAL,False,False
2026-05-08 14:00:00,29333.8,2026-05,27536.2,29386.8,1466.7,NEW_HIGH,NEUTRAL,2026-Q2,23666.0,29386.8,1466.7,NEW_HIGH,NEUTRAL,2026,22961.5,29386.8,1466.7,NEW_HIGH,NEUTRAL,False,False
2026-05-10 18:00:00,29339.2,2026-05,27536.2,29399.8,1467.0,NEW_HIGH,NEUTRAL,2026-Q2,23666.0,29399.8,1467.0,NEW_HIGH,NEUTRAL,2026,22961.5,29399.8,1467.0,NEW_HIGH,NEUTRAL,False,False
2026-05-10 22:00:00,29321.8,2026-05,27536.2,29399.8,1466.1,NEW_HIGH,NEUTRAL,2026-Q2,23666.0,29399.8,1466.1,NEW_HIGH,NEUTRAL,2026,22961.5,29399.8,1466.1,NEW_HIGH,NEUTRAL,False,False
2026-05-11 02:00:00,29315.5,2026-05,27536.2,29399.8,1465.8,NEW_HIGH,NEUTRAL,2026-Q2,23666.0,29399.8,1465.8,NEW_HIGH,NEUTRAL,2026,22961.5,29399.8,1465.8,NEW_HIGH,NEUTRAL,False,False
2026-05-11 06:00:00,29310.2,2026-05,27536.2,29434.8,1465.5,NEW_HIGH,NEUTRAL,2026-Q2,23666.0,29434.8,1465.5,NEW_HIGH,NEUTRAL,2026,22961.5,29434.8,1465.5,NEW_HIGH,NEUTRAL,False,False
2026-05-11 10:00:00,29441.5,2026-05,27536.2,29480.0,1472.1,NEW_HIGH,NEUTRAL,2026-Q2,23666.0,29480.0,1472.1,NEW_HIGH,NEUTRAL,2026,22961.5,29480.0,1472.1,NEW_HIGH,NEUTRAL,False,False
2026-05-11 14:00:00,29400.0,2026-05,27536.2,29480.0,1470.0,NEW_HIGH,NEUTRAL,2026-Q2,23666.0,29480.0,1470.0,NEW_HIGH,NEUTRAL,2026,22961.5,29480.0,1470.0,NEW_HIGH,NEUTRAL,False,False
2026-05-11 18:00:00,29270.0,2026-05,27536.2,29480.0,1463.5,NEW_HIGH,NEUTRAL,2026-Q2,23666.0,29480.0,1463.5,NEW_HIGH,NEUTRAL,2026,22961.5,29480.0,1463.5,NEW_HIGH,NEUTRAL,False,False
2026-05-11 22:00:00,29282.5,2026-05,27536.2,29480.0,1464.1,NEW_HIGH,NEUTRAL,2026-Q2,23666.0,29480.0,1464.1,NEW_HIGH,NEUTRAL,2026,22961.5,29480.0,1464.1,NEW_HIGH,NEUTRAL,False,False
2026-05-12 02:00:00,29221.0,2026-05,27536.2,29480.0,1461.1,NEW_HIGH,NEUTRAL,2026-Q2,23666.0,29480.0,1461.1,NEW_HIGH,NEUTRAL,2026,22961.5,29480.0,1461.1,NEW_HIGH,NEUTRAL,False,False
2026-05-12 06:00:00,29129.5,2026-05,27536.2,29480.0,1456.5,NEW_HIGH,NEUTRAL,2026-Q2,23666.0,29480.0,1456.5,NEW_HIGH,NEUTRAL,2026,22961.5,29480.0,1456.5,NEW_HIGH,NEUTRAL,False,False
2026-05-12 10:00:00,28920.5,2026-05,27536.2,29480.0,1446.0,NEW_HIGH,NEUTRAL,2026-Q2,23666.0,29480.0,1446.0,NEW_HIGH,NEUTRAL,2026,22961.5,29480.0,1446.0,NEW_HIGH,NEUTRAL,False,False
2026-05-12 14:00:00,29134.2,2026-05,27536.2,29480.0,1456.7,NEW_HIGH,NEUTRAL,2026-Q2,23666.0,29480.0,1456.7,NEW_HIGH,NEUTRAL,2026,22961.5,29480.0,1456.7,NEW_HIGH,NEUTRAL,False,False
2026-05-12 18:00:00,29214.8,2026-05,27536.2,29480.0,1460.7,NEW_HIGH,NEUTRAL,2026-Q2,23666.0,29480.0,1460.7,NEW_HIGH,NEUTRAL,2026,22961.5,29480.0,1460.7,NEW_HIGH,NEUTRAL,False,False
2026-05-12 22:00:00,29297.0,2026-05,27536.2,29480.0,1464.9,NEW_HIGH,NEUTRAL,2026-Q2,23666.0,29480.0,1464.9,NEW_HIGH,NEUTRAL,2026,22961.5,29480.0,1464.9,NEW_HIGH,NEUTRAL,False,False
2026-05-13 02:00:00,29421.0,2026-05,27536.2,29480.0,1471.1,NEW_HIGH,NEUTRAL,2026-Q2,23666.0,29480.0,1471.1,NEW_HIGH,NEUTRAL,2026,22961.5,29480.0,1471.1,NEW_HIGH,NEUTRAL,False,False
2026-05-13 06:00:00,29169.2,2026-05,27536.2,29480.0,1458.5,NEW_HIGH,NEUTRAL,2026-Q2,23666.0,29480.0,1458.5,NEW_HIGH,NEUTRAL,2026,22961.5,29480.0,1458.5,NEW_HIGH,NEUTRAL,False,False
2026-05-13 10:00:00,29444.2,2026-05,27536.2,29496.2,1472.2,NEW_HIGH,NEUTRAL,2026-Q2,23666.0,29496.2,1472.2,NEW_HIGH,NEUTRAL,2026,22961.5,29496.2,1472.2,NEW_HIGH,NEUTRAL,False,False
2026-05-13 14:00:00,29536.0,2026-05,27536.2,29565.5,1476.8,NEW_HIGH,NEUTRAL,2026-Q2,23666.0,29565.5,1476.8,NEW_HIGH,NEUTRAL,2026,22961.5,29565.5,1476.8,NEW_HIGH,NEUTRAL,False,False
2026-05-13 18:00:00,29607.8,2026-05,27536.2,29693.0,1480.4,NEW_HIGH,NEUTRAL,2026-Q2,23666.0,29693.0,1480.4,NEW_HIGH,NEUTRAL,2026,22961.5,29693.0,1480.4,NEW_HIGH,NEUTRAL,False,False
2026-05-13 22:00:00,29603.2,2026-05,27536.2,29693.0,1480.2,NEW_HIGH,NEUTRAL,2026-Q2,23666.0,29693.0,1480.2,NEW_HIGH,NEUTRAL,2026,22961.5,29693.0,1480.2,NEW_HIGH,NEUTRAL,False,False
2026-05-14 02:00:00,29533.2,2026-05,27536.2,29693.0,1476.7,NEW_HIGH,NEUTRAL,2026-Q2,23666.0,29693.0,1476.7,NEW_HIGH,NEUTRAL,2026,22961.5,29693.0,1476.7,NEW_HIGH,NEUTRAL,False,False
2026-05-14 06:00:00,29541.8,2026-05,27536.2,29693.0,1477.1,NEW_HIGH,NEUTRAL,2026-Q2,23666.0,29693.0,1477.1,NEW_HIGH,NEUTRAL,2026,22961.5,29693.0,1477.1,NEW_HIGH,NEUTRAL,False,False
2026-05-14 10:00:00,29731.0,2026-05,27536.2,29782.0,1486.6,NEW_HIGH,NEUTRAL,2026-Q2,23666.0,29782.0,1486.6,NEW_HIGH,NEUTRAL,2026,22961.5,29782.0,1486.6,NEW_HIGH,NEUTRAL,False,False
2026-05-14 14:00:00,29688.5,2026-05,27536.2,29782.0,1484.4,NEW_HIGH,NEUTRAL,2026-Q2,23666.0,29782.0,1484.4,NEW_HIGH,NEUTRAL,2026,22961.5,29782.0,1484.4,NEW_HIGH,NEUTRAL,False,False
2026-05-14 18:00:00,29519.0,2026-05,27536.2,29782.0,1476.0,NEW_HIGH,NEUTRAL,2026-Q2,23666.0,29782.0,1476.0,NEW_HIGH,NEUTRAL,2026,22961.5,29782.0,1476.0,NEW_HIGH,NEUTRAL,False,False
2026-05-14 22:00:00,29282.5,2026-05,27536.2,29782.0,1464.1,NEW_HIGH,NEUTRAL,2026-Q2,23666.0,29782.0,1464.1,NEW_HIGH,NEUTRAL,2026,22961.5,29782.0,1464.1,NEW_HIGH,NEUTRAL,False,False
2026-05-15 02:00:00,29223.2,2026-05,27536.2,29782.0,1461.2,NEW_HIGH,NEUTRAL,2026-Q2,23666.0,29782.0,1461.2,NEW_HIGH,NEUTRAL,2026,22961.5,29782.0,1461.2,NEW_HIGH,NEUTRAL,False,False
2026-05-15 06:00:00,29143.2,2026-05,27536.2,29782.0,1457.2,NEW_HIGH,NEUTRAL,2026-Q2,23666.0,29782.0,1457.2,NEW_HIGH,NEUTRAL,2026,22961.5,29782.0,1457.2,NEW_HIGH,NEUTRAL,False,False
2026-05-15 10:00:00,29447.2,2026-05,27536.2,29782.0,1472.4,NEW_HIGH,NEUTRAL,2026-Q2,23666.0,29782.0,1472.4,NEW_HIGH,NEUTRAL,2026,22961.5,29782.0,1472.4,NEW_HIGH,NEUTRAL,False,False
2026-05-15 14:00:00,29173.0,2026-05,27536.2,29782.0,1458.6,NEW_HIGH,NEUTRAL,2026-Q2,23666.0,29782.0,1458.6,NEW_HIGH,NEUTRAL,2026,22961.5,29782.0,1458.6,NEW_HIGH,NEUTRAL,False,False
2026-05-17 18:00:00,29023.2,2026-05,27536.2,29782.0,1451.2,NEW_HIGH,NEUTRAL,2026-Q2,23666.0,29782.0,1451.2,NEW_HIGH,NEUTRAL,2026,22961.5,29782.0,1451.2,NEW_HIGH,NEUTRAL,False,False
2026-05-17 22:00:00,29043.2,2026-05,27536.2,29782.0,1452.2,NEW_HIGH,NEUTRAL,2026-Q2,23666.0,29782.0,1452.2,NEW_HIGH,NEUTRAL,2026,22961.5,29782.0,1452.2,NEW_HIGH,NEUTRAL,False,False
2026-05-18 02:00:00,29189.0,2026-05,27536.2,29782.0,1459.4,NEW_HIGH,NEUTRAL,2026-Q2,23666.0,29782.0,1459.4,NEW_HIGH,NEUTRAL,2026,22961.5,29782.0,1459.4,NEW_HIGH,NEUTRAL,False,False
2026-05-18 06:00:00,29243.8,2026-05,27536.2,29782.0,1462.2,NEW_HIGH,NEUTRAL,2026-Q2,23666.0,29782.0,1462.2,NEW_HIGH,NEUTRAL,2026,22961.5,29782.0,1462.2,NEW_HIGH,NEUTRAL,False,False
2026-05-18 10:00:00,29014.0,2026-05,27536.2,29782.0,1450.7,NEW_HIGH,NEUTRAL,2026-Q2,23666.0,29782.0,1450.7,NEW_HIGH,NEUTRAL,2026,22961.5,29782.0,1450.7,NEW_HIGH,NEUTRAL,False,False
2026-05-18 14:00:00,29076.0,2026-05,27536.2,29782.0,1453.8,NEW_HIGH,NEUTRAL,2026-Q2,23666.0,29782.0,1453.8,NEW_HIGH,NEUTRAL,2026,22961.5,29782.0,1453.8,NEW_HIGH,NEUTRAL,False,False
2026-05-18 18:00:00,29013.5,2026-05,27536.2,29782.0,1450.7,NEW_HIGH,NEUTRAL,2026-Q2,23666.0,29782.0,1450.7,NEW_HIGH,NEUTRAL,2026,22961.5,29782.0,1450.7,NEW_HIGH,NEUTRAL,False,False
2026-05-18 22:00:00,28935.0,2026-05,27536.2,29782.0,1446.8,NEW_HIGH,NEUTRAL,2026-Q2,23666.0,29782.0,1446.8,NEW_HIGH,NEUTRAL,2026,22961.5,29782.0,1446.8,NEW_HIGH,NEUTRAL,False,False
2026-05-19 02:00:00,28915.2,2026-05,27536.2,29782.0,1445.8,NEW_HIGH,NEUTRAL,2026-Q2,23666.0,29782.0,1445.8,NEW_HIGH,NEUTRAL,2026,22961.5,29782.0,1445.8,NEW_HIGH,NEUTRAL,False,False
2026-05-19 06:00:00,28938.8,2026-05,27536.2,29782.0,1446.9,NEW_HIGH,NEUTRAL,2026-Q2,23666.0,29782.0,1446.9,NEW_HIGH,NEUTRAL,2026,22961.5,29782.0,1446.9,NEW_HIGH,NEUTRAL,False,False
2026-05-19 10:00:00,29068.8,2026-05,27536.2,29782.0,1453.4,NEW_HIGH,NEUTRAL,2026-Q2,23666.0,29782.0,1453.4,NEW_HIGH,NEUTRAL,2026,22961.5,29782.0,1453.4,NEW_HIGH,NEUTRAL,False,False
2026-05-19 14:00:00,28899.2,2026-05,27536.2,29782.0,1445.0,NEW_HIGH,NEUTRAL,2026-Q2,23666.0,29782.0,1445.0,NEW_HIGH,NEUTRAL,2026,22961.5,29782.0,1445.0,NEW_HIGH,NEUTRAL,False,False
2026-05-19 18:00:00,28950.0,2026-05,27536.2,29782.0,1447.5,NEW_HIGH,NEUTRAL,2026-Q2,23666.0,29782.0,1447.5,NEW_HIGH,NEUTRAL,2026,22961.5,29782.0,1447.5,NEW_HIGH,NEUTRAL,False,False
