entry_time,exit_time,entry_price,direction,exit_reason,pnl_points,pnl_usd,entry_in_win,exit_in_win,is_stop
2025-01-01 18:15:00,2025-01-01 18:37:00,21301.25,long,STOP_LOSS_SOFT,-27.5,-550.0,False,False,True
2025-01-01 19:30:00,2025-01-01 19:34:00,21144.5,short,STOP_LOSS_SOFT,-27.5,-550.0,False,False,True
2025-01-01 20:45:00,2025-01-02 00:13:00,21298.75,long,TAKE_PROFIT_HARD,43.29999999999927,865.9999999999854,False,False,False
2025-01-02 03:15:00,2025-01-02 03:24:00,21419.0,long,STOP_LOSS_SOFT,-35.0,-700.0,False,False,True
2025-01-02 06:45:00,2025-01-02 06:59:00,21425.5,long,TAKE_PROFIT_HARD,43.29999999999927,865.9999999999854,False,False,False
2025-01-02 08:45:00,2025-01-02 08:51:00,21461.0,long,STOP_LOSS_SOFT,-41.5,-830.0,False,False,True
2025-01-02 10:15:00,2025-01-02 10:18:00,21422.5,long,STOP_LOSS_SOFT,-29.0,-580.0,False,False,True
2025-01-02 11:45:00,2025-01-02 11:48:00,21297.75,long,TAKE_PROFIT_HARD,43.29999999999927,865.9999999999854,False,False,False
2025-01-02 16:45:00,2025-01-02 19:27:00,21186.0,short,STOP_LOSS_SOFT,-33.0,-660.0,False,False,True
2025-01-03 09:45:00,2025-01-03 09:47:00,21424.75,long,STOP_LOSS_HARD,-53.099999999998545,-1061.999999999971,False,False,True
2025-01-03 11:30:00,2025-01-03 11:42:00,21426.25,long,TAKE_PROFIT_HARD,43.29999999999927,865.9999999999854,False,False,False
2025-01-03 12:00:00,2025-01-03 13:29:00,21464.0,short,STOP_LOSS_SOFT,-39.5,-790.0,False,False,True
2025-01-03 14:00:00,2025-01-03 14:10:00,21509.25,short,STOP_LOSS_SOFT,-24.25,-485.0,False,False,True
2025-01-03 15:30:00,2025-01-03 15:51:00,21522.25,short,TAKE_PROFIT_HARD,43.29999999999927,865.9999999999854,False,False,False
2025-01-06 02:45:00,2025-01-06 03:49:00,21573.5,long,TAKE_PROFIT_HARD,43.29999999999927,865.9999999999854,False,False,False
2025-01-06 09:45:00,2025-01-06 09:46:00,21791.75,long,TAKE_PROFIT_HARD,43.29999999999927,865.9999999999854,False,False,False
2025-01-06 10:45:00,2025-01-06 12:19:00,21870.0,short,TAKE_PROFIT_HARD,43.29999999999927,865.9999999999854,False,False,False
2025-01-06 13:30:00,2025-01-06 13:42:00,21785.5,long,STOP_LOSS_SOFT,-30.25,-605.0,False,False,True
2025-01-06 14:00:00,2025-01-06 14:58:00,21707.25,short,TAKE_PROFIT_HARD,43.29999999999927,865.9999999999854,False,False,False
2025-01-06 15:00:00,2025-01-06 15:04:00,21659.25,short,STOP_LOSS_SOFT,-25.75,-515.0,False,False,True
2025-01-06 16:15:00,2025-01-06 19:56:00,21782.5,long,STOP_LOSS_SOFT,-25.0,-500.0,False,False,True
2025-01-06 21:00:00,2025-01-06 21:51:00,21768.75,long,STOP_LOSS_SOFT,-33.5,-670.0,False,False,True
2025-01-07 00:30:00,2025-01-07 01:02:00,21687.25,short,STOP_LOSS_SOFT,-26.75,-535.0,False,False,True
2025-01-07 02:30:00,2025-01-07 03:37:00,21711.75,short,STOP_LOSS_SOFT,-22.5,-450.0,False,False,True
2025-01-07 04:15:00,2025-01-07 04:47:00,21763.0,long,STOP_LOSS_SOFT,-28.75,-575.0,False,False,True
2025-01-07 05:45:00,2025-01-07 06:34:00,21765.75,long,STOP_LOSS_SOFT,-30.0,-600.0,False,False,True
2025-01-07 09:00:00,2025-01-07 09:35:00,21778.25,long,STOP_LOSS_SOFT,-44.5,-890.0,False,False,True
2025-01-07 10:00:00,2025-01-07 10:00:00,21709.75,short,TAKE_PROFIT_HARD,43.29999999999927,865.9999999999854,True,True,False
2025-01-07 12:00:00,2025-01-07 12:15:00,21435.0,short,STOP_LOSS_SOFT,-24.75,-495.0,False,False,True
2025-01-07 12:30:00,2025-01-07 12:34:00,21429.0,short,STOP_LOSS_SOFT,-25.0,-500.0,False,False,True
2025-01-07 13:00:00,2025-01-07 13:10:00,21445.0,long,TAKE_PROFIT_HARD,43.29999999999927,865.9999999999854,False,False,False
2025-01-07 13:45:00,2025-01-07 14:12:00,21445.5,short,STOP_LOSS_SOFT,-22.25,-445.0,False,False,True
2025-01-07 15:30:00,2025-01-07 15:35:00,21327.0,short,TAKE_PROFIT_HARD,43.29999999999927,865.9999999999854,False,False,False
2025-01-07 15:45:00,2025-01-07 15:50:00,21321.0,short,STOP_LOSS_SOFT,-41.5,-830.0,False,False,True
2025-01-07 19:15:00,2025-01-08 02:11:00,21404.0,long,STOP_LOSS_SOFT,-26.0,-520.0,False,False,True
2025-01-08 03:15:00,2025-01-08 05:00:00,21398.75,long,TAKE_PROFIT_HARD,43.29999999999927,865.9999999999854,False,False,False
2025-01-08 06:45:00,2025-01-08 06:49:00,21315.5,short,STOP_LOSS_SOFT,-29.5,-590.0,False,False,True
2025-01-08 07:15:00,2025-01-08 07:20:00,21309.0,short,TAKE_PROFIT_HARD,43.29999999999927,865.9999999999854,False,False,False
2025-01-08 07:45:00,2025-01-08 07:50:00,21284.75,long,STOP_LOSS_SOFT,-26.5,-530.0,False,False,True
2025-01-08 08:45:00,2025-01-08 08:55:00,21326.25,short,STOP_LOSS_SOFT,-40.0,-800.0,False,False,True
2025-01-08 09:15:00,2025-01-08 09:35:00,21338.25,short,STOP_LOSS_SOFT,-22.25,-445.0,False,False,True
2025-01-08 11:30:00,2025-01-08 11:33:00,21335.5,short,STOP_LOSS_SOFT,-27.0,-540.0,False,False,True
2025-01-08 12:15:00,2025-01-08 12:23:00,21290.25,short,TAKE_PROFIT_HARD,43.29999999999927,865.9999999999854,False,False,False
2025-01-08 12:45:00,2025-01-08 13:00:00,21245.0,long,TAKE_PROFIT_HARD,43.29999999999927,865.9999999999854,False,False,False
2025-01-08 14:00:00,2025-01-08 14:08:00,21325.5,short,STOP_LOSS_HARD,-53.099999999998545,-1061.999999999971,True,True,True
2025-01-08 14:30:00,2025-01-08 14:31:00,21418.0,long,STOP_LOSS_HARD,-53.099999999998545,-1061.999999999971,False,False,True
2025-01-08 15:15:00,2025-01-08 15:16:00,21303.25,short,STOP_LOSS_SOFT,-29.75,-595.0,False,False,True
2025-01-08 15:45:00,2025-01-08 16:01:00,21344.25,short,STOP_LOSS_SOFT,-43.5,-870.0,False,False,True
2025-01-08 16:45:00,2025-01-08 19:33:00,21325.75,short,TAKE_PROFIT_HARD,43.29999999999927,865.9999999999854,False,False,False
2025-01-09 19:00:00,2025-01-09 19:15:00,21237.5,long,STOP_LOSS_SOFT,-35.75,-715.0,False,False,True
2025-01-09 20:30:00,2025-01-09 22:02:00,21236.25,long,TAKE_PROFIT_HARD,43.29999999999927,865.9999999999854,False,False,False
2025-01-10 06:30:00,2025-01-10 07:05:00,21345.0,short,TAKE_PROFIT_HARD,43.29999999999927,865.9999999999854,False,False,False
2025-01-10 14:15:00,2025-01-10 14:28:00,21073.0,short,STOP_LOSS_SOFT,-25.5,-510.0,False,False,True
2025-01-12 21:00:00,2025-01-12 22:23:00,20926.5,long,STOP_LOSS_HARD,-53.099999999998545,-1061.999999999971,False,False,True
2025-01-12 23:15:00,2025-01-13 03:20:00,20891.5,long,STOP_LOSS_SOFT,-35.25,-705.0,False,False,True
2025-01-13 03:30:00,2025-01-13 04:01:00,20823.0,short,TAKE_PROFIT_HARD,43.29999999999927,865.9999999999854,False,False,False
2025-01-13 05:15:00,2025-01-13 07:00:00,20734.0,long,TAKE_PROFIT_HARD,43.29999999999927,865.9999999999854,False,False,False
2025-01-13 07:30:00,2025-01-13 07:42:00,20781.25,long,TAKE_PROFIT_HARD,43.29999999999927,865.9999999999854,False,False,False
2025-01-13 10:00:00,2025-01-13 10:06:00,20801.75,long,TAKE_PROFIT_HARD,43.29999999999927,865.9999999999854,False,False,False
2025-01-13 10:15:00,2025-01-13 10:21:00,20772.25,short,STOP_LOSS_SOFT,-27.5,-550.0,False,False,True
2025-01-13 11:00:00,2025-01-13 11:13:00,20798.25,short,TAKE_PROFIT_HARD,43.29999999999927,865.9999999999854,False,False,False
2025-01-13 12:15:00,2025-01-13 12:26:00,20812.0,long,TAKE_PROFIT_HARD,43.29999999999927,865.9999999999854,False,False,False
2025-01-13 12:45:00,2025-01-13 12:52:00,20824.0,short,STOP_LOSS_SOFT,-27.25,-545.0,False,False,True
2025-01-13 13:15:00,2025-01-13 13:19:00,20892.25,long,STOP_LOSS_SOFT,-28.25,-565.0,False,False,True
2025-01-13 14:00:00,2025-01-13 14:14:00,20892.5,long,STOP_LOSS_SOFT,-41.5,-830.0,False,False,True
2025-01-13 14:30:00,2025-01-13 15:51:00,20893.0,long,TAKE_PROFIT_HARD,43.29999999999927,865.9999999999854,False,False,False
2025-01-13 16:00:00,2025-01-13 16:30:00,20948.25,long,TAKE_PROFIT_HARD,43.29999999999927,865.9999999999854,False,False,False
2025-01-14 12:00:00,2025-01-14 12:07:00,20822.75,short,STOP_LOSS_SOFT,-25.5,-510.0,False,False,True
2025-01-14 13:30:00,2025-01-14 13:43:00,20936.25,long,TAKE_PROFIT_HARD,43.29999999999927,865.9999999999854,False,False,False
2025-01-14 15:15:00,2025-01-14 15:25:00,20788.0,short,STOP_LOSS_SOFT,-42.5,-850.0,False,False,True
2025-01-14 15:45:00,2025-01-14 15:51:00,20830.5,short,STOP_LOSS_HARD,-53.099999999998545,-1061.999999999971,False,False,True
2025-01-14 16:00:00,2025-01-14 16:04:00,20923.0,long,TAKE_PROFIT_HARD,43.29999999999927,865.9999999999854,False,False,False
2025-01-15 11:00:00,2025-01-15 11:01:00,21319.75,short,STOP_LOSS_SOFT,-28.75,-575.0,False,False,True
2025-01-15 11:30:00,2025-01-15 11:32:00,21331.5,short,TAKE_PROFIT_HARD,43.29999999999927,865.9999999999854,False,False,False
2025-01-15 12:00:00,2025-01-15 12:12:00,21273.25,long,TAKE_PROFIT_HARD,43.29999999999927,865.9999999999854,False,False,False
2025-01-15 13:00:00,2025-01-15 13:02:00,21322.0,short,STOP_LOSS_SOFT,-33.75,-675.0,False,False,True
2025-01-16 02:15:00,2025-01-16 02:39:00,21489.0,long,TAKE_PROFIT_HARD,43.29999999999927,865.9999999999854,False,False,False
2025-01-16 04:45:00,2025-01-16 05:21:00,21464.0,short,STOP_LOSS_SOFT,-26.25,-525.0,False,False,True
2025-01-16 07:30:00,2025-01-16 09:20:00,21463.0,short,STOP_LOSS_SOFT,-29.25,-585.0,False,False,True
2025-01-16 11:45:00,2025-01-16 11:54:00,21344.75,short,STOP_LOSS_SOFT,-28.25,-565.0,False,False,True
2025-01-16 13:30:00,2025-01-16 13:44:00,21344.25,short,TAKE_PROFIT_HARD,43.29999999999927,865.9999999999854,False,False,False
2025-01-16 15:30:00,2025-01-16 15:55:00,21331.25,short,TAKE_PROFIT_HARD,43.29999999999927,865.9999999999854,False,False,False
2025-01-16 16:15:00,2025-01-16 16:59:00,21190.0,short,STOP_LOSS_SOFT,-24.25,-485.0,False,False,True
2025-01-16 20:15:00,2025-01-16 23:24:00,21256.5,long,TAKE_PROFIT_HARD,43.29999999999927,865.9999999999854,False,False,False
2025-01-17 08:45:00,2025-01-17 09:00:00,21505.0,long,TAKE_PROFIT_HARD,43.29999999999927,865.9999999999854,True,False,False
2025-01-17 09:15:00,2025-01-17 09:27:00,21597.5,long,TAKE_PROFIT_HARD,43.29999999999927,865.9999999999854,False,False,False
2025-01-17 11:00:00,2025-01-17 11:26:00,21593.75,long,TAKE_PROFIT_HARD,43.29999999999927,865.9999999999854,False,False,False
2025-01-17 12:15:00,2025-01-17 13:06:00,21603.0,long,TAKE_PROFIT_HARD,43.29999999999927,865.9999999999854,False,False,False
2025-01-20 01:15:00,2025-01-20 02:49:00,21573.5,long,TAKE_PROFIT_HARD,43.29999999999927,865.9999999999854,False,False,False
2025-01-20 08:45:00,2025-01-20 08:56:00,21642.5,long,TAKE_PROFIT_HARD,43.29999999999927,865.9999999999854,False,False,False
2025-01-20 21:00:00,2025-01-20 22:12:00,21585.25,long,TAKE_PROFIT_HARD,43.29999999999927,865.9999999999854,False,False,False
2025-01-21 10:30:00,2025-01-21 10:36:00,21639.25,long,STOP_LOSS_SOFT,-28.75,-575.0,False,False,True
2025-01-21 18:30:00,2025-01-21 18:47:00,21781.25,short,STOP_LOSS_SOFT,-24.5,-490.0,False,False,True
2025-01-21 20:00:00,2025-01-22 03:19:00,21837.0,long,TAKE_PROFIT_HARD,43.29999999999927,865.9999999999854,False,False,False
2025-01-22 04:45:00,2025-01-22 07:42:00,21885.0,short,STOP_LOSS_SOFT,-23.5,-470.0,False,False,True
2025-01-22 11:30:00,2025-01-22 13:20:00,22052.0,long,STOP_LOSS_SOFT,-25.75,-515.0,False,False,True
2025-01-23 01:45:00,2025-01-23 03:20:00,21939.5,short,TAKE_PROFIT_HARD,43.29999999999927,865.9999999999854,False,False,False
2025-01-23 03:45:00,2025-01-23 08:31:00,21883.75,short,STOP_LOSS_SOFT,-29.5,-590.0,False,False,True
2025-01-23 08:45:00,2025-01-23 10:35:00,21892.5,short,STOP_LOSS_SOFT,-26.25,-525.0,False,False,True
2025-01-23 12:15:00,2025-01-23 13:20:00,21938.5,short,STOP_LOSS_SOFT,-25.25,-505.0,False,False,True
2025-01-23 14:15:00,2025-01-23 14:31:00,21928.5,short,STOP_LOSS_SOFT,-29.75,-595.0,False,False,True
2025-01-23 21:45:00,2025-01-23 22:21:00,22049.75,long,STOP_LOSS_SOFT,-25.25,-505.0,False,False,True
2025-01-24 09:30:00,2025-01-24 09:35:00,22044.0,long,STOP_LOSS_SOFT,-27.75,-555.0,False,False,True
2025-01-24 10:00:00,2025-01-24 10:04:00,22058.25,long,STOP_LOSS_SOFT,-30.5,-610.0,True,True,True
2025-01-24 13:00:00,2025-01-24 13:46:00,21941.5,short,TAKE_PROFIT_HARD,43.29999999999927,865.9999999999854,False,False,False
2025-01-24 14:00:00,2025-01-24 14:52:00,21867.75,short,STOP_LOSS_SOFT,-21.75,-435.0,False,False,True
2025-01-26 20:00:00,2025-01-26 20:13:00,21584.25,short,STOP_LOSS_SOFT,-23.75,-475.0,False,False,True
2025-01-26 20:15:00,2025-01-26 20:22:00,21610.5,long,STOP_LOSS_SOFT,-31.0,-620.0,False,False,True
2025-01-26 20:30:00,2025-01-26 20:36:00,21576.0,short,TAKE_PROFIT_HARD,43.29999999999927,865.9999999999854,False,False,False
2025-01-27 00:30:00,2025-01-27 01:33:00,21442.75,short,TAKE_PROFIT_HARD,43.29999999999927,865.9999999999854,False,False,False
2025-01-27 02:15:00,2025-01-27 02:19:00,21362.25,short,TAKE_PROFIT_HARD,43.29999999999927,865.9999999999854,False,False,False
2025-01-28 04:30:00,2025-01-28 04:49:00,21361.5,short,STOP_LOSS_SOFT,-23.5,-470.0,False,False,True
2025-01-28 06:30:00,2025-01-28 07:01:00,21363.75,short,TAKE_PROFIT_HARD,43.29999999999927,865.9999999999854,False,False,False
2025-01-28 10:45:00,2025-01-28 11:00:00,21429.75,short,STOP_LOSS_SOFT,-33.5,-670.0,False,False,True
2025-01-28 11:15:00,2025-01-28 11:25:00,21449.5,short,TAKE_PROFIT_HARD,43.29999999999927,865.9999999999854,False,False,False
2025-01-28 12:00:00,2025-01-28 12:08:00,21472.5,long,TAKE_PROFIT_HARD,43.29999999999927,865.9999999999854,False,False,False
2025-01-28 13:15:00,2025-01-28 13:39:00,21570.25,long,STOP_LOSS_SOFT,-32.0,-640.0,False,False,True
2025-01-28 14:45:00,2025-01-28 15:58:00,21602.25,long,STOP_LOSS_SOFT,-27.25,-545.0,False,False,True
2025-01-28 16:00:00,2025-01-28 18:00:00,21575.5,short,TAKE_PROFIT_HARD,43.29999999999927,865.9999999999854,False,False,False
2025-01-28 18:30:00,2025-01-28 19:00:00,21570.0,long,STOP_LOSS_SOFT,-28.25,-565.0,False,False,True
2025-01-28 20:30:00,2025-01-29 01:00:00,21570.75,long,TAKE_PROFIT_HARD,43.29999999999927,865.9999999999854,False,False,False
2025-01-29 01:15:00,2025-01-29 08:06:00,21657.25,long,STOP_LOSS_SOFT,-24.25,-485.0,False,False,True
2025-01-29 08:45:00,2025-01-29 08:59:00,21574.25,short,STOP_LOSS_SOFT,-28.25,-565.0,False,False,True
2025-01-29 09:00:00,2025-01-29 09:32:00,21602.5,long,STOP_LOSS_HARD,-53.099999999998545,-1061.999999999971,False,False,True
2025-01-29 09:45:00,2025-01-29 10:01:00,21508.0,short,STOP_LOSS_SOFT,-33.5,-670.0,False,False,True
2025-01-29 11:00:00,2025-01-29 11:18:00,21506.0,long,STOP_LOSS_SOFT,-22.75,-455.0,False,False,True
2025-01-29 11:45:00,2025-01-29 12:24:00,21499.5,long,TAKE_PROFIT_HARD,43.29999999999927,865.9999999999854,False,False,False
2025-01-29 13:30:00,2025-01-29 13:39:00,21492.5,long,STOP_LOSS_SOFT,-35.75,-715.0,False,False,True
2025-01-29 13:45:00,2025-01-29 13:49:00,21465.5,short,STOP_LOSS_SOFT,-23.25,-465.0,False,False,True
2025-01-29 14:00:00,2025-01-29 14:00:00,21467.25,long,STOP_LOSS_HARD,-53.099999999998545,-1061.999999999971,True,True,True
2025-01-29 18:00:00,2025-01-29 18:03:00,21572.25,long,STOP_LOSS_SOFT,-30.25,-605.0,False,False,True
2025-01-29 19:30:00,2025-01-29 20:15:00,21577.5,long,TAKE_PROFIT_HARD,43.29999999999927,865.9999999999854,False,False,False
2025-01-29 20:45:00,2025-01-30 01:31:00,21658.5,long,STOP_LOSS_SOFT,-21.75,-435.0,False,False,True
2025-01-30 05:15:00,2025-01-30 05:21:00,21635.0,long,STOP_LOSS_SOFT,-23.5,-470.0,False,False,True
2025-01-30 05:45:00,2025-01-30 07:16:00,21633.5,long,STOP_LOSS_SOFT,-31.75,-635.0,False,False,True
2025-01-30 08:00:00,2025-01-30 09:00:00,21631.25,long,TAKE_PROFIT_HARD,43.29999999999927,865.9999999999854,False,False,False
2025-01-30 09:30:00,2025-01-30 09:35:00,21650.25,long,STOP_LOSS_HARD,-53.099999999998545,-1061.999999999971,False,False,True
2025-01-30 12:00:00,2025-01-30 12:05:00,21610.25,long,STOP_LOSS_SOFT,-29.25,-585.0,False,False,True
2025-01-30 12:15:00,2025-01-30 12:26:00,21552.75,short,TAKE_PROFIT_HARD,43.29999999999927,865.9999999999854,False,False,False
2025-01-30 13:45:00,2025-01-30 14:48:00,21589.75,long,TAKE_PROFIT_HARD,43.29999999999927,865.9999999999854,False,False,False
2025-01-30 15:00:00,2025-01-30 15:38:00,21659.75,long,STOP_LOSS_HARD,-53.099999999998545,-1061.999999999971,False,False,True
2025-01-30 16:15:00,2025-01-30 16:30:00,21634.75,long,STOP_LOSS_HARD,-53.099999999998545,-1061.999999999971,False,False,True
2025-01-31 10:30:00,2025-01-31 10:34:00,21897.0,short,STOP_LOSS_SOFT,-30.25,-605.0,False,False,True
2025-01-31 11:30:00,2025-01-31 12:05:00,21918.0,short,TAKE_PROFIT_HARD,43.29999999999927,865.9999999999854,False,False,False
2025-01-31 13:30:00,2025-01-31 13:34:00,21815.0,short,TAKE_PROFIT_HARD,43.29999999999927,865.9999999999854,False,False,False
2025-01-31 15:45:00,2025-01-31 15:47:00,21550.75,short,STOP_LOSS_SOFT,-43.25,-865.0,False,False,True
2025-01-31 16:30:00,2025-01-31 16:34:00,21575.25,long,STOP_LOSS_SOFT,-23.75,-475.0,False,False,True
2025-02-02 18:00:00,2025-02-02 18:00:00,21571.0,long,STOP_LOSS_HARD,-371.0,-7420.0,False,False,True
2025-02-02 22:15:00,2025-02-02 22:23:00,21006.75,short,STOP_LOSS_SOFT,-23.25,-465.0,False,False,True
2025-02-02 23:30:00,2025-02-03 00:48:00,21014.75,short,STOP_LOSS_SOFT,-29.25,-585.0,False,False,True
2025-02-03 01:00:00,2025-02-03 01:23:00,21072.0,long,STOP_LOSS_SOFT,-22.0,-440.0,False,False,True
2025-02-03 01:45:00,2025-02-03 02:30:00,21066.0,long,TAKE_PROFIT_HARD,43.29999999999927,865.9999999999854,False,False,False
2025-02-03 12:45:00,2025-02-03 12:51:00,21357.75,short,STOP_LOSS_SOFT,-44.0,-880.0,False,False,True
2025-02-03 14:00:00,2025-02-03 14:15:00,21467.75,long,TAKE_PROFIT_HARD,43.29999999999927,865.9999999999854,False,False,False
2025-02-03 14:45:00,2025-02-03 15:07:00,21500.25,long,STOP_LOSS_SOFT,-24.5,-490.0,False,False,True
2025-02-03 16:15:00,2025-02-03 16:19:00,21428.25,long,TAKE_PROFIT_HARD,43.29999999999927,865.9999999999854,False,False,False
2025-02-03 20:15:00,2025-02-03 21:41:00,21512.0,short,TAKE_PROFIT_HARD,43.29999999999927,865.9999999999854,False,False,False
2025-02-04 02:45:00,2025-02-04 03:10:00,21401.5,short,TAKE_PROFIT_HARD,43.29999999999927,865.9999999999854,False,False,False
2025-02-04 03:15:00,2025-02-04 03:37:00,21379.75,short,TAKE_PROFIT_HARD,43.29999999999927,865.9999999999854,False,False,False
2025-02-04 04:45:00,2025-02-04 05:14:00,21365.25,short,STOP_LOSS_SOFT,-24.5,-490.0,False,False,True
2025-02-04 07:00:00,2025-02-04 07:07:00,21399.0,short,STOP_LOSS_SOFT,-22.25,-445.0,False,False,True
2025-02-04 07:15:00,2025-02-04 07:37:00,21425.5,long,TAKE_PROFIT_HARD,43.29999999999927,865.9999999999854,False,False,False
2025-02-04 09:45:00,2025-02-04 09:53:00,21506.0,long,TAKE_PROFIT_HARD,43.29999999999927,865.9999999999854,False,False,False
2025-02-04 10:00:00,2025-02-04 10:00:00,21559.75,long,TAKE_PROFIT_HARD,43.29999999999927,865.9999999999854,True,True,False
2025-02-04 10:30:00,2025-02-04 11:29:00,21640.5,long,TAKE_PROFIT_HARD,43.29999999999927,865.9999999999854,False,False,False
2025-02-04 13:45:00,2025-02-04 14:21:00,21635.25,long,TAKE_PROFIT_HARD,43.29999999999927,865.9999999999854,False,False,False
2025-02-04 15:15:00,2025-02-04 16:02:00,21653.25,long,STOP_LOSS_HARD,-53.099999999998545,-1061.999999999971,False,False,True
2025-02-05 01:15:00,2025-02-05 02:38:00,21532.75,short,TAKE_PROFIT_HARD,43.29999999999927,865.9999999999854,False,False,False
2025-02-05 02:45:00,2025-02-05 03:42:00,21507.25,long,STOP_LOSS_SOFT,-34.5,-690.0,False,False,True
2025-02-05 03:45:00,2025-02-05 04:03:00,21458.0,short,STOP_LOSS_SOFT,-34.5,-690.0,False,False,True
2025-02-05 07:45:00,2025-02-05 08:30:00,21504.5,long,TAKE_PROFIT_HARD,43.29999999999927,865.9999999999854,False,False,False
2025-02-05 08:45:00,2025-02-05 09:29:00,21527.25,short,STOP_LOSS_SOFT,-23.25,-465.0,False,False,True
2025-02-05 11:45:00,2025-02-05 11:51:00,21657.5,long,TAKE_PROFIT_HARD,43.29999999999927,865.9999999999854,False,False,False
2025-02-06 01:15:00,2025-02-06 03:00:00,21820.0,short,TAKE_PROFIT_HARD,43.29999999999927,865.9999999999854,False,False,False
2025-02-06 04:30:00,2025-02-06 06:00:00,21809.5,short,TAKE_PROFIT_HARD,43.29999999999927,865.9999999999854,False,False,False
2025-02-06 10:30:00,2025-02-06 10:37:00,21792.75,short,STOP_LOSS_SOFT,-28.0,-560.0,False,False,True
2025-02-06 13:45:00,2025-02-06 14:30:00,21827.25,short,TAKE_PROFIT_HARD,43.29999999999927,865.9999999999854,False,False,False
2025-02-07 12:45:00,2025-02-07 13:05:00,21658.0,long,TAKE_PROFIT_HARD,43.29999999999927,865.9999999999854,False,False,False
2025-02-09 20:00:00,2025-02-09 20:23:00,21699.5,long,STOP_LOSS_SOFT,-26.5,-530.0,False,False,True
2025-02-09 23:15:00,2025-02-10 06:19:00,21692.25,long,TAKE_PROFIT_HARD,43.29999999999927,865.9999999999854,False,False,False
2025-02-10 10:00:00,2025-02-10 10:05:00,21791.0,short,STOP_LOSS_SOFT,-43.75,-875.0,False,False,True
2025-02-10 12:30:00,2025-02-10 12:37:00,21825.25,short,STOP_LOSS_SOFT,-22.0,-440.0,False,False,True
2025-02-10 16:15:00,2025-02-10 18:25:00,21826.25,short,TAKE_PROFIT_HARD,43.29999999999927,865.9999999999854,False,False,False
2025-02-10 18:30:00,2025-02-10 19:37:00,21784.5,short,STOP_LOSS_SOFT,-22.0,-440.0,False,False,True
2025-02-10 20:30:00,2025-02-11 02:58:00,21791.25,short,TAKE_PROFIT_HARD,43.29999999999927,865.9999999999854,False,False,False
2025-02-11 09:15:00,2025-02-11 09:32:00,21701.5,long,TAKE_PROFIT_HARD,43.29999999999927,865.9999999999854,False,False,False
2025-02-11 10:00:00,2025-02-11 10:02:00,21777.75,short,STOP_LOSS_SOFT,-29.25,-585.0,True,True,True
2025-02-11 11:30:00,2025-02-11 12:01:00,21823.0,short,TAKE_PROFIT_HARD,43.29999999999927,865.9999999999854,False,False,False
2025-02-11 14:00:00,2025-02-11 14:41:00,21801.5,short,STOP_LOSS_SOFT,-28.5,-570.0,False,False,True
2025-02-11 15:00:00,2025-02-11 15:38:00,21826.25,short,TAKE_PROFIT_HARD,43.29999999999927,865.9999999999854,False,False,False
2025-02-11 15:45:00,2025-02-11 18:01:00,21784.75,short,STOP_LOSS_SOFT,-26.75,-535.0,False,False,True
2025-02-11 18:15:00,2025-02-11 18:33:00,21791.25,short,STOP_LOSS_SOFT,-22.25,-445.0,False,False,True
2025-02-11 20:00:00,2025-02-12 00:17:00,21813.25,short,TAKE_PROFIT_HARD,43.29999999999927,865.9999999999854,False,False,False
2025-02-12 03:15:00,2025-02-12 04:08:00,21798.5,short,TAKE_PROFIT_HARD,43.29999999999927,865.9999999999854,False,False,False
2025-02-12 08:30:00,2025-02-12 08:30:00,21825.75,short,TAKE_PROFIT_HARD,43.29999999999927,865.9999999999854,True,True,False
2025-02-12 10:15:00,2025-02-12 10:16:00,21594.0,short,STOP_LOSS_SOFT,-48.25,-965.0,True,False,True
2025-02-12 10:30:00,2025-02-12 10:38:00,21697.0,long,TAKE_PROFIT_HARD,43.29999999999927,865.9999999999854,False,False,False
2025-02-12 11:00:00,2025-02-12 11:07:00,21728.0,long,STOP_LOSS_SOFT,-30.25,-605.0,False,False,True
2025-02-12 11:45:00,2025-02-12 11:58:00,21731.75,long,TAKE_PROFIT_HARD,43.29999999999927,865.9999999999854,False,False,False
2025-02-12 13:30:00,2025-02-12 14:49:00,21799.75,short,STOP_LOSS_SOFT,-37.0,-740.0,False,False,True
2025-02-12 15:15:00,2025-02-12 15:53:00,21819.75,short,TAKE_PROFIT_HARD,43.29999999999927,865.9999999999854,False,False,False
2025-02-12 22:45:00,2025-02-13 02:03:00,21907.25,long,STOP_LOSS_SOFT,-22.0,-440.0,False,False,True
2025-02-13 03:30:00,2025-02-13 04:20:00,21789.5,short,STOP_LOSS_SOFT,-27.75,-555.0,False,False,True
2025-02-13 05:30:00,2025-02-13 05:44:00,21822.0,short,STOP_LOSS_SOFT,-23.25,-465.0,False,False,True
2025-02-13 07:00:00,2025-02-13 08:30:00,21824.0,short,STOP_LOSS_HARD,-53.099999999998545,-1061.999999999971,False,True,True
2025-02-13 10:00:00,2025-02-13 10:02:00,21919.5,long,TAKE_PROFIT_HARD,43.29999999999927,865.9999999999854,False,False,False
2025-02-13 10:15:00,2025-02-13 10:20:00,21935.5,long,TAKE_PROFIT_HARD,43.29999999999927,865.9999999999854,False,False,False
2025-02-14 14:15:00,2025-02-14 14:28:00,22204.0,long,STOP_LOSS_SOFT,-27.75,-555.0,False,False,True
2025-02-14 14:45:00,2025-02-14 15:34:00,22170.25,short,STOP_LOSS_SOFT,-31.25,-625.0,False,False,True
2025-02-14 15:45:00,2025-02-16 20:16:00,22195.75,long,TAKE_PROFIT_HARD,43.29999999999927,865.9999999999854,False,False,False
2025-02-18 11:30:00,2025-02-18 11:41:00,22204.25,long,STOP_LOSS_SOFT,-22.25,-445.0,False,False,True
2025-02-18 13:00:00,2025-02-18 13:19:00,22195.0,long,STOP_LOSS_SOFT,-28.5,-570.0,False,False,True
2025-02-18 16:00:00,2025-02-18 20:29:00,22238.75,long,TAKE_PROFIT_HARD,43.29999999999927,865.9999999999854,False,False,False
2025-02-19 08:45:00,2025-02-19 09:50:00,22196.0,long,STOP_LOSS_SOFT,-27.5,-550.0,True,False,True
2025-02-19 11:15:00,2025-02-19 13:31:00,22216.0,long,TAKE_PROFIT_HARD,43.29999999999927,865.9999999999854,False,False,False
2025-02-20 05:00:00,2025-02-20 06:36:00,22204.5,long,STOP_LOSS_SOFT,-27.5,-550.0,False,False,True
2025-02-20 07:45:00,2025-02-20 09:34:00,22204.5,long,STOP_LOSS_SOFT,-30.75,-615.0,False,False,True
2025-02-20 10:00:00,2025-02-20 10:01:00,22010.75,short,TAKE_PROFIT_HARD,43.29999999999927,865.9999999999854,False,False,False
2025-02-20 11:00:00,2025-02-20 11:01:00,21988.75,short,STOP_LOSS_SOFT,-36.25,-725.0,False,False,True
2025-02-20 12:00:00,2025-02-20 12:04:00,22031.25,short,STOP_LOSS_SOFT,-32.75,-655.0,False,False,True
2025-02-20 12:45:00,2025-02-20 12:50:00,22094.0,long,STOP_LOSS_SOFT,-29.5,-590.0,False,False,True
2025-02-20 13:00:00,2025-02-20 13:14:00,22039.75,short,STOP_LOSS_SOFT,-26.25,-525.0,False,False,True
2025-02-20 13:30:00,2025-02-20 13:59:00,22044.5,short,STOP_LOSS_SOFT,-23.0,-460.0,False,False,True
2025-02-20 14:15:00,2025-02-20 14:36:00,22098.0,long,STOP_LOSS_SOFT,-28.5,-570.0,False,False,True
2025-02-20 15:00:00,2025-02-20 15:17:00,22116.75,long,STOP_LOSS_SOFT,-31.5,-630.0,False,False,True
2025-02-20 15:30:00,2025-02-20 15:50:00,22102.0,long,TAKE_PROFIT_HARD,43.29999999999927,865.9999999999854,False,False,False
2025-02-21 07:30:00,2025-02-21 09:31:00,22206.5,long,STOP_LOSS_HARD,-53.099999999998545,-1061.999999999971,False,False,True
2025-02-21 10:30:00,2025-02-21 10:44:00,22006.0,short,TAKE_PROFIT_HARD,43.29999999999927,865.9999999999854,False,False,False
2025-02-21 13:15:00,2025-02-21 13:57:00,21812.0,short,TAKE_PROFIT_HARD,43.29999999999927,865.9999999999854,False,False,False
2025-02-24 10:30:00,2025-02-24 10:46:00,21506.5,short,TAKE_PROFIT_HARD,43.29999999999927,865.9999999999854,False,False,False
2025-02-24 11:15:00,2025-02-24 11:25:00,21524.5,long,TAKE_PROFIT_HARD,43.29999999999927,865.9999999999854,False,False,False
2025-02-24 11:30:00,2025-02-24 11:38:00,21593.0,long,STOP_LOSS_SOFT,-38.75,-775.0,False,False,True
2025-02-24 11:45:00,2025-02-24 11:57:00,21607.5,long,STOP_LOSS_SOFT,-24.0,-480.0,False,False,True
2025-02-24 15:45:00,2025-02-24 15:53:00,21512.0,short,TAKE_PROFIT_HARD,43.29999999999927,865.9999999999854,False,False,False
2025-02-24 16:00:00,2025-02-24 18:53:00,21421.0,short,TAKE_PROFIT_HARD,43.29999999999927,865.9999999999854,False,False,False
2025-02-24 19:00:00,2025-02-24 19:04:00,21385.25,short,STOP_LOSS_SOFT,-22.25,-445.0,False,False,True
2025-02-24 19:15:00,2025-02-25 02:07:00,21415.0,long,STOP_LOSS_SOFT,-23.75,-475.0,False,False,True
2025-02-25 02:30:00,2025-02-25 02:53:00,21354.25,short,TAKE_PROFIT_HARD,43.29999999999927,865.9999999999854,False,False,False
2025-02-25 03:15:00,2025-02-25 03:24:00,21400.0,long,STOP_LOSS_SOFT,-34.25,-685.0,False,False,True
2025-02-25 06:00:00,2025-02-25 06:04:00,21296.25,short,STOP_LOSS_SOFT,-24.75,-495.0,False,False,True
2025-02-25 08:00:00,2025-02-25 08:48:00,21429.75,long,STOP_LOSS_SOFT,-23.5,-470.0,False,False,True
2025-02-25 09:15:00,2025-02-25 09:26:00,21408.25,long,STOP_LOSS_SOFT,-42.5,-850.0,False,False,True
2025-02-25 09:30:00,2025-02-25 09:31:00,21391.5,short,TAKE_PROFIT_HARD,43.29999999999927,865.9999999999854,False,False,False
2025-02-26 02:45:00,2025-02-26 04:16:00,21291.75,short,STOP_LOSS_SOFT,-26.75,-535.0,False,False,True
2025-02-26 07:00:00,2025-02-26 08:23:00,21288.25,short,STOP_LOSS_SOFT,-24.25,-485.0,False,False,True
2025-02-26 09:00:00,2025-02-26 09:17:00,21272.75,short,TAKE_PROFIT_HARD,43.29999999999927,865.9999999999854,False,False,False
2025-02-26 10:30:00,2025-02-26 10:31:00,21282.25,short,STOP_LOSS_SOFT,-27.25,-545.0,False,False,True
2025-02-26 12:00:00,2025-02-26 12:05:00,21349.75,short,STOP_LOSS_SOFT,-22.75,-455.0,False,False,True
2025-02-26 12:30:00,2025-02-26 12:35:00,21376.75,short,TAKE_PROFIT_HARD,43.29999999999927,865.9999999999854,False,False,False
2025-02-26 13:00:00,2025-02-26 13:16:00,21248.75,short,TAKE_PROFIT_HARD,43.29999999999927,865.9999999999854,False,False,False
2025-02-27 03:00:00,2025-02-27 03:39:00,21281.75,short,STOP_LOSS_SOFT,-24.25,-485.0,False,False,True
2025-02-27 04:15:00,2025-02-27 04:30:00,21299.25,short,STOP_LOSS_SOFT,-29.5,-590.0,False,False,True
2025-02-27 12:30:00,2025-02-27 12:42:00,21054.75,long,STOP_LOSS_HARD,-53.099999999998545,-1061.999999999971,False,False,True
2025-02-27 13:00:00,2025-02-27 13:12:00,21038.75,long,TAKE_PROFIT_HARD,43.29999999999927,865.9999999999854,False,False,False
2025-02-27 13:15:00,2025-02-27 13:51:00,21094.25,long,STOP_LOSS_SOFT,-24.75,-495.0,False,False,True
2025-02-27 18:00:00,2025-02-27 18:01:00,20633.25,short,STOP_LOSS_SOFT,-26.0,-520.0,False,False,True
2025-02-27 19:45:00,2025-02-27 20:22:00,20639.25,short,STOP_LOSS_SOFT,-21.75,-435.0,False,False,True
2025-02-27 20:30:00,2025-02-27 20:31:00,20627.5,short,TAKE_PROFIT_HARD,43.29999999999927,865.9999999999854,False,False,False
2025-02-27 21:00:00,2025-02-27 21:44:00,20626.75,short,TAKE_PROFIT_HARD,43.29999999999927,865.9999999999854,False,False,False
2025-02-27 21:45:00,2025-02-27 22:18:00,20587.25,short,TAKE_PROFIT_HARD,43.29999999999927,865.9999999999854,False,False,False
2025-02-27 22:30:00,2025-02-27 22:48:00,20562.75,short,TAKE_PROFIT_HARD,43.29999999999927,865.9999999999854,False,False,False
2025-02-27 23:15:00,2025-02-27 23:22:00,20560.0,short,STOP_LOSS_SOFT,-29.25,-585.0,False,False,True
2025-02-28 01:45:00,2025-02-28 02:30:00,20617.25,short,TAKE_PROFIT_HARD,43.29999999999927,865.9999999999854,False,False,False
2025-02-28 04:30:00,2025-02-28 04:56:00,20679.25,long,STOP_LOSS_SOFT,-25.75,-515.0,False,False,True
2025-02-28 07:15:00,2025-02-28 07:18:00,20602.75,short,STOP_LOSS_SOFT,-30.0,-600.0,False,False,True
2025-02-28 12:15:00,2025-02-28 12:24:00,20712.0,long,STOP_LOSS_SOFT,-25.75,-515.0,False,False,True
2025-03-02 19:45:00,2025-03-02 20:50:00,20887.25,long,TAKE_PROFIT_HARD,43.29999999999927,865.9999999999854,False,False,False
2025-03-03 13:15:00,2025-03-03 13:19:00,20719.5,short,STOP_LOSS_SOFT,-23.75,-475.0,False,False,True
2025-03-03 20:00:00,2025-03-03 20:13:00,20550.75,long,STOP_LOSS_SOFT,-37.0,-740.0,False,False,True
2025-03-03 21:15:00,2025-03-03 23:23:00,20507.75,long,TAKE_PROFIT_HARD,43.29999999999927,865.9999999999854,False,False,False
2025-03-04 00:15:00,2025-03-04 02:10:00,20540.75,long,STOP_LOSS_SOFT,-31.5,-630.0,False,False,True
2025-03-04 02:45:00,2025-03-04 02:58:00,20512.5,long,STOP_LOSS_SOFT,-31.75,-635.0,False,False,True
2025-03-04 03:15:00,2025-03-04 03:32:00,20512.75,long,TAKE_PROFIT_HARD,43.29999999999927,865.9999999999854,False,False,False
2025-03-04 05:15:00,2025-03-04 05:26:00,20503.25,long,STOP_LOSS_SOFT,-23.25,-465.0,False,False,True
2025-03-04 07:30:00,2025-03-04 07:32:00,20311.5,short,STOP_LOSS_SOFT,-30.25,-605.0,False,False,True
2025-03-04 08:45:00,2025-03-04 09:02:00,20338.25,long,TAKE_PROFIT_HARD,43.29999999999927,865.9999999999854,False,False,False
2025-03-04 20:45:00,2025-03-04 20:57:00,20535.75,long,STOP_LOSS_SOFT,-28.0,-560.0,False,False,True
2025-03-04 21:45:00,2025-03-04 22:13:00,20492.75,long,TAKE_PROFIT_HARD,43.29999999999927,865.9999999999854,False,False,False
2025-03-04 22:15:00,2025-03-04 22:36:00,20550.75,long,STOP_LOSS_SOFT,-28.25,-565.0,False,False,True
2025-03-05 05:00:00,2025-03-05 05:13:00,20609.0,short,TAKE_PROFIT_HARD,43.29999999999927,865.9999999999854,False,False,False
2025-03-05 05:15:00,2025-03-05 06:08:00,20570.0,short,TAKE_PROFIT_HARD,43.29999999999927,865.9999999999854,False,False,False
2025-03-05 07:15:00,2025-03-05 07:22:00,20500.75,long,STOP_LOSS_SOFT,-33.5,-670.0,False,False,True
2025-03-05 12:45:00,2025-03-05 12:47:00,20495.75,long,STOP_LOSS_HARD,-53.099999999998545,-1061.999999999971,False,False,True
2025-03-05 18:45:00,2025-03-05 23:49:00,20615.25,short,STOP_LOSS_SOFT,-30.25,-605.0,False,False,True
2025-03-06 01:00:00,2025-03-06 01:31:00,20611.25,short,STOP_LOSS_SOFT,-25.75,-515.0,False,False,True
2025-03-06 02:30:00,2025-03-06 02:45:00,20612.5,short,TAKE_PROFIT_HARD,43.29999999999927,865.9999999999854,False,False,False
2025-03-06 03:30:00,2025-03-06 03:44:00,20506.75,long,STOP_LOSS_SOFT,-27.25,-545.0,False,False,True
2025-03-06 06:00:00,2025-03-06 06:43:00,20380.25,short,STOP_LOSS_SOFT,-30.5,-610.0,False,False,True
2025-03-06 07:45:00,2025-03-06 08:06:00,20373.75,short,TAKE_PROFIT_HARD,43.29999999999927,865.9999999999854,False,False,False
2025-03-09 20:00:00,2025-03-09 21:01:00,20034.5,long,TAKE_PROFIT_HARD,43.29999999999927,865.9999999999854,False,False,False
2025-03-10 05:00:00,2025-03-10 05:07:00,19959.5,short,STOP_LOSS_SOFT,-25.75,-515.0,False,False,True
2025-03-10 05:15:00,2025-03-10 05:17:00,19957.25,short,STOP_LOSS_SOFT,-28.5,-570.0,False,False,True
2025-03-10 05:45:00,2025-03-10 05:54:00,20035.25,long,STOP_LOSS_SOFT,-42.5,-850.0,False,False,True
2025-03-10 06:45:00,2025-03-10 07:01:00,19959.0,short,STOP_LOSS_SOFT,-32.25,-645.0,False,False,True
2025-03-10 07:45:00,2025-03-10 07:56:00,19970.25,short,TAKE_PROFIT_HARD,43.29999999999927,865.9999999999854,False,False,False
2025-03-10 08:00:00,2025-03-10 08:08:00,19951.5,short,TAKE_PROFIT_HARD,43.29999999999927,865.9999999999854,False,False,False
2025-03-10 08:15:00,2025-03-10 08:35:00,19905.5,short,TAKE_PROFIT_HARD,43.29999999999927,865.9999999999854,False,False,False
2025-03-10 08:45:00,2025-03-10 09:10:00,19892.5,long,TAKE_PROFIT_HARD,43.29999999999927,865.9999999999854,False,False,False
2025-03-10 22:15:00,2025-03-10 22:17:00,19342.5,long,TAKE_PROFIT_HARD,43.29999999999927,865.9999999999854,False,False,False
2025-03-10 23:45:00,2025-03-11 00:01:00,19457.75,long,STOP_LOSS_SOFT,-38.0,-760.0,False,False,True
2025-03-11 00:15:00,2025-03-11 02:20:00,19451.25,long,TAKE_PROFIT_HARD,43.29999999999927,865.9999999999854,False,False,False
2025-03-11 04:00:00,2025-03-11 04:11:00,19482.0,long,TAKE_PROFIT_HARD,43.29999999999927,865.9999999999854,False,False,False
2025-03-11 04:15:00,2025-03-11 06:01:00,19551.5,long,STOP_LOSS_SOFT,-33.25,-665.0,False,False,True
2025-03-11 07:30:00,2025-03-11 07:36:00,19525.5,long,TAKE_PROFIT_HARD,43.29999999999927,865.9999999999854,False,False,False
2025-03-11 07:45:00,2025-03-11 08:08:00,19571.25,long,STOP_LOSS_SOFT,-29.0,-580.0,False,False,True
2025-03-11 18:45:00,2025-03-11 19:32:00,19457.75,long,STOP_LOSS_SOFT,-25.25,-505.0,False,False,True
2025-03-11 20:00:00,2025-03-11 20:40:00,19476.75,long,STOP_LOSS_SOFT,-27.0,-540.0,False,False,True
2025-03-11 21:00:00,2025-03-11 23:24:00,19466.25,long,STOP_LOSS_SOFT,-25.25,-505.0,False,False,True
2025-03-11 23:45:00,2025-03-12 02:50:00,19458.0,long,STOP_LOSS_SOFT,-32.0,-640.0,False,False,True
2025-03-12 04:00:00,2025-03-12 04:25:00,19474.5,long,STOP_LOSS_SOFT,-23.5,-470.0,False,False,True
2025-03-12 05:00:00,2025-03-12 07:19:00,19547.25,long,TAKE_PROFIT_HARD,43.29999999999927,865.9999999999854,False,False,False
2025-03-13 00:15:00,2025-03-13 00:31:00,19536.0,long,STOP_LOSS_SOFT,-39.0,-780.0,False,False,True
2025-03-13 02:00:00,2025-03-13 02:08:00,19464.0,long,STOP_LOSS_SOFT,-24.0,-480.0,False,False,True
2025-03-13 03:00:00,2025-03-13 03:08:00,19483.5,long,STOP_LOSS_SOFT,-25.75,-515.0,False,False,True
2025-03-13 04:30:00,2025-03-13 05:13:00,19464.0,long,TAKE_PROFIT_HARD,43.29999999999927,865.9999999999854,False,False,False
2025-03-13 05:30:00,2025-03-13 05:46:00,19542.5,long,TAKE_PROFIT_HARD,43.29999999999927,865.9999999999854,False,False,False
2025-03-13 08:00:00,2025-03-13 08:08:00,19532.0,long,STOP_LOSS_SOFT,-37.5,-750.0,False,False,True
2025-03-13 09:00:00,2025-03-13 09:36:00,19555.75,long,STOP_LOSS_HARD,-53.099999999998545,-1061.999999999971,False,False,True
2025-03-13 14:30:00,2025-03-13 14:44:00,19328.0,long,TAKE_PROFIT_HARD,43.29999999999927,865.9999999999854,False,False,False
2025-03-13 14:45:00,2025-03-13 14:53:00,19369.25,long,STOP_LOSS_HARD,-53.099999999998545,-1061.999999999971,False,False,True
2025-03-13 18:15:00,2025-03-13 18:24:00,19346.75,long,STOP_LOSS_SOFT,-23.0,-460.0,False,False,True
2025-03-13 23:30:00,2025-03-14 01:24:00,19451.25,long,STOP_LOSS_SOFT,-25.5,-510.0,False,False,True
2025-03-14 07:00:00,2025-03-14 07:19:00,19456.5,long,STOP_LOSS_SOFT,-31.0,-620.0,False,False,True
2025-03-14 07:45:00,2025-03-14 08:28:00,19471.0,long,TAKE_PROFIT_HARD,43.29999999999927,865.9999999999854,False,False,False
2025-03-14 09:45:00,2025-03-14 09:51:00,19577.25,long,TAKE_PROFIT_HARD,43.29999999999927,865.9999999999854,False,False,False
2025-03-17 14:30:00,2025-03-17 15:51:00,19917.75,long,STOP_LOSS_SOFT,-31.25,-625.0,False,False,True
2025-03-17 16:00:00,2025-03-17 18:00:00,19831.75,short,STOP_LOSS_HARD,-209.25,-4185.0,False,False,True
2025-03-17 21:45:00,2025-03-18 00:41:00,19968.5,short,TAKE_PROFIT_HARD,43.29999999999927,865.9999999999854,False,False,False
2025-03-18 06:15:00,2025-03-18 08:56:00,19963.0,short,TAKE_PROFIT_HARD,43.29999999999927,865.9999999999854,False,False,False
2025-03-18 09:00:00,2025-03-18 09:30:00,19905.25,short,TAKE_PROFIT_HARD,43.29999999999927,865.9999999999854,False,False,False
2025-03-19 10:15:00,2025-03-19 10:27:00,19884.5,long,STOP_LOSS_SOFT,-26.0,-520.0,False,False,True
2025-03-19 10:45:00,2025-03-19 11:10:00,19828.0,short,STOP_LOSS_SOFT,-31.75,-635.0,False,False,True
2025-03-19 11:45:00,2025-03-19 12:40:00,19900.0,long,STOP_LOSS_SOFT,-24.75,-495.0,False,False,True
2025-03-19 13:15:00,2025-03-19 13:40:00,19815.25,short,STOP_LOSS_SOFT,-24.5,-490.0,False,False,True
2025-03-19 16:45:00,2025-03-19 18:09:00,19946.75,short,STOP_LOSS_SOFT,-25.75,-515.0,False,False,True
2025-03-19 23:15:00,2025-03-20 02:26:00,20088.5,long,STOP_LOSS_SOFT,-28.75,-575.0,False,False,True
2025-03-20 05:45:00,2025-03-20 06:00:00,19978.0,short,TAKE_PROFIT_HARD,43.29999999999927,865.9999999999854,False,False,False
2025-03-20 06:15:00,2025-03-20 06:17:00,19865.0,short,TAKE_PROFIT_HARD,43.29999999999927,865.9999999999854,False,False,False
2025-03-20 06:30:00,2025-03-20 06:56:00,19789.75,short,STOP_LOSS_SOFT,-28.0,-560.0,False,False,True
2025-03-20 07:30:00,2025-03-20 07:43:00,19820.25,short,STOP_LOSS_SOFT,-25.75,-515.0,False,False,True
2025-03-20 09:00:00,2025-03-20 09:29:00,19827.25,short,TAKE_PROFIT_HARD,43.29999999999927,865.9999999999854,False,False,False
2025-03-20 10:45:00,2025-03-20 10:53:00,20091.0,long,STOP_LOSS_SOFT,-27.75,-555.0,False,False,True
2025-03-20 12:15:00,2025-03-20 12:25:00,19973.25,short,TAKE_PROFIT_HARD,43.29999999999927,865.9999999999854,False,False,False
2025-03-20 12:30:00,2025-03-20 12:37:00,19880.25,short,STOP_LOSS_SOFT,-24.0,-480.0,False,False,True
2025-03-20 13:15:00,2025-03-20 13:17:00,19925.75,long,STOP_LOSS_SOFT,-24.25,-485.0,False,False,True
2025-03-20 13:30:00,2025-03-20 13:32:00,19831.0,short,STOP_LOSS_SOFT,-33.5,-670.0,False,False,True
2025-03-20 13:45:00,2025-03-20 13:55:00,19879.75,long,STOP_LOSS_SOFT,-36.75,-735.0,False,False,True
2025-03-20 14:15:00,2025-03-20 14:22:00,19877.0,long,STOP_LOSS_SOFT,-39.5,-790.0,False,False,True
2025-03-20 14:30:00,2025-03-20 14:38:00,19807.25,short,STOP_LOSS_SOFT,-31.0,-620.0,False,False,True
2025-03-20 15:30:00,2025-03-20 15:31:00,19833.25,short,STOP_LOSS_SOFT,-22.25,-445.0,False,False,True
2025-03-20 15:45:00,2025-03-20 19:06:00,19889.5,long,STOP_LOSS_SOFT,-30.5,-610.0,False,False,True
2025-03-20 20:00:00,2025-03-20 21:36:00,19886.25,long,TAKE_PROFIT_HARD,43.29999999999927,865.9999999999854,False,False,False
2025-03-20 23:30:00,2025-03-21 01:06:00,19885.75,long,STOP_LOSS_SOFT,-26.25,-525.0,False,False,True
2025-03-21 01:45:00,2025-03-21 02:05:00,19830.25,short,STOP_LOSS_SOFT,-23.0,-460.0,False,False,True
2025-03-21 03:00:00,2025-03-21 03:16:00,19891.25,long,STOP_LOSS_SOFT,-25.75,-515.0,False,False,True
2025-03-21 03:45:00,2025-03-21 04:02:00,19827.25,short,STOP_LOSS_SOFT,-29.25,-585.0,False,False,True
2025-03-21 04:30:00,2025-03-21 05:42:00,19789.25,short,STOP_LOSS_SOFT,-24.0,-480.0,False,False,True
2025-03-21 06:30:00,2025-03-21 06:39:00,19817.5,short,TAKE_PROFIT_HARD,43.29999999999927,865.9999999999854,False,False,False
2025-03-21 12:45:00,2025-03-21 12:47:00,19826.0,short,STOP_LOSS_SOFT,-40.0,-800.0,False,False,True
2025-03-21 13:00:00,2025-03-21 13:03:00,19895.0,long,STOP_LOSS_SOFT,-34.5,-690.0,False,False,True
2025-03-21 13:30:00,2025-03-21 13:38:00,19821.75,short,STOP_LOSS_SOFT,-26.25,-525.0,False,False,True
2025-03-21 14:45:00,2025-03-21 14:47:00,19883.75,long,STOP_LOSS_SOFT,-26.25,-525.0,False,False,True
2025-03-21 15:15:00,2025-03-21 15:48:00,19834.75,short,STOP_LOSS_SOFT,-22.25,-445.0,False,False,True
2025-03-21 16:00:00,2025-03-23 18:00:00,19953.0,long,TAKE_PROFIT_HARD,97.5,1950.0,False,False,False
2025-03-24 04:30:00,2025-03-24 07:12:00,20209.75,short,STOP_LOSS_SOFT,-33.75,-675.0,False,False,True
2025-03-24 07:15:00,2025-03-24 09:38:00,20246.0,long,TAKE_PROFIT_HARD,43.29999999999927,865.9999999999854,False,False,False
2025-03-24 09:45:00,2025-03-24 09:47:00,20268.0,long,TAKE_PROFIT_HARD,43.29999999999927,865.9999999999854,False,False,False
2025-03-24 10:00:00,2025-03-24 10:09:00,20316.0,long,STOP_LOSS_SOFT,-35.0,-700.0,False,False,True
2025-03-24 11:30:00,2025-03-24 12:07:00,20355.75,short,STOP_LOSS_SOFT,-22.25,-445.0,False,False,True
2025-03-24 12:30:00,2025-03-24 14:50:00,20338.0,short,STOP_LOSS_SOFT,-32.75,-655.0,False,False,True
2025-03-24 16:00:00,2025-03-25 04:11:00,20365.75,short,TAKE_PROFIT_HARD,43.29999999999927,865.9999999999854,False,False,False
2025-03-25 10:45:00,2025-03-25 11:36:00,20480.25,long,STOP_LOSS_SOFT,-23.5,-470.0,False,False,True
2025-03-25 15:45:00,2025-03-25 16:08:00,20465.0,long,TAKE_PROFIT_HARD,43.29999999999927,865.9999999999854,False,False,False
2025-03-25 16:15:00,2025-03-25 22:25:00,20502.75,long,STOP_LOSS_SOFT,-25.75,-515.0,False,False,True
2025-03-25 23:00:00,2025-03-26 01:47:00,20493.5,long,STOP_LOSS_SOFT,-22.0,-440.0,False,False,True
2025-03-26 02:45:00,2025-03-26 05:55:00,20464.5,long,STOP_LOSS_SOFT,-25.25,-505.0,False,False,True
2025-03-26 07:00:00,2025-03-26 09:24:00,20473.5,long,STOP_LOSS_SOFT,-24.75,-495.0,False,False,True
2025-03-26 10:00:00,2025-03-26 10:20:00,20316.5,short,TAKE_PROFIT_HARD,43.29999999999927,865.9999999999854,False,False,False
2025-03-26 11:00:00,2025-03-26 11:28:00,20295.5,long,STOP_LOSS_SOFT,-30.5,-610.0,False,False,True
2025-03-26 12:00:00,2025-03-26 12:55:00,20192.5,short,TAKE_PROFIT_HARD,43.29999999999927,865.9999999999854,False,False,False
2025-03-27 20:15:00,2025-03-27 20:33:00,19942.5,short,STOP_LOSS_SOFT,-22.25,-445.0,False,False,True
2025-03-28 03:00:00,2025-03-28 03:47:00,19923.0,short,TAKE_PROFIT_HARD,43.29999999999927,865.9999999999854,False,False,False
2025-03-28 04:00:00,2025-03-28 04:03:00,19857.5,short,STOP_LOSS_SOFT,-26.75,-535.0,False,False,True
2025-03-28 04:30:00,2025-03-28 04:45:00,19868.5,short,STOP_LOSS_SOFT,-23.25,-465.0,False,False,True
2025-03-28 05:15:00,2025-03-28 06:42:00,19922.0,long,TAKE_PROFIT_HARD,43.29999999999927,865.9999999999854,False,False,False
2025-03-28 07:00:00,2025-03-28 08:30:00,19951.0,short,TAKE_PROFIT_HARD,43.29999999999927,865.9999999999854,False,True,False
2025-03-28 09:00:00,2025-03-28 09:09:00,19863.75,short,STOP_LOSS_SOFT,-34.0,-680.0,False,False,True
2025-03-28 09:15:00,2025-03-28 09:28:00,19939.25,long,STOP_LOSS_SOFT,-36.25,-725.0,False,False,True
2025-03-28 09:30:00,2025-03-28 09:31:00,19910.25,short,TAKE_PROFIT_HARD,43.29999999999927,865.9999999999854,False,False,False
2025-03-28 10:00:00,2025-03-28 10:06:00,19856.0,short,TAKE_PROFIT_HARD,43.29999999999927,865.9999999999854,False,False,False
2025-03-28 10:30:00,2025-03-28 10:36:00,19638.75,short,TAKE_PROFIT_HARD,43.29999999999927,865.9999999999854,False,False,False
2025-03-30 21:00:00,2025-03-30 21:21:00,19211.75,long,TAKE_PROFIT_HARD,43.29999999999927,865.9999999999854,False,False,False
2025-03-30 23:30:00,2025-03-31 01:12:00,19205.25,long,TAKE_PROFIT_HARD,43.29999999999927,865.9999999999854,False,False,False
2025-03-31 03:00:00,2025-03-31 03:47:00,19220.25,long,TAKE_PROFIT_HARD,43.29999999999927,865.9999999999854,False,False,False
2025-03-31 05:30:00,2025-03-31 05:44:00,19220.75,long,STOP_LOSS_SOFT,-29.5,-590.0,False,False,True
2025-03-31 06:00:00,2025-03-31 07:08:00,19196.0,long,STOP_LOSS_SOFT,-24.25,-485.0,False,False,True
2025-03-31 07:30:00,2025-03-31 07:50:00,19142.75,short,STOP_LOSS_SOFT,-22.25,-445.0,False,False,True
2025-03-31 08:45:00,2025-03-31 09:21:00,19219.25,long,STOP_LOSS_SOFT,-25.0,-500.0,False,False,True
2025-03-31 10:00:00,2025-03-31 10:01:00,19089.25,long,TAKE_PROFIT_HARD,43.29999999999927,865.9999999999854,False,False,False
2025-03-31 10:30:00,2025-03-31 10:33:00,19059.75,short,STOP_LOSS_HARD,-53.099999999998545,-1061.999999999971,False,False,True
2025-03-31 11:45:00,2025-03-31 12:11:00,19222.5,long,STOP_LOSS_SOFT,-41.0,-820.0,False,False,True
2025-03-31 14:30:00,2025-03-31 14:53:00,19370.75,long,TAKE_PROFIT_HARD,43.29999999999927,865.9999999999854,False,False,False
2025-03-31 21:30:00,2025-03-31 21:36:00,19333.75,long,STOP_LOSS_SOFT,-27.75,-555.0,False,False,True
2025-04-01 05:15:00,2025-04-01 05:33:00,19461.75,short,STOP_LOSS_SOFT,-36.75,-735.0,False,False,True
2025-04-01 06:15:00,2025-04-01 06:30:00,19422.25,short,TAKE_PROFIT_HARD,43.29999999999927,865.9999999999854,False,False,False
2025-04-01 11:15:00,2025-04-01 11:31:00,19582.75,long,STOP_LOSS_SOFT,-22.75,-455.0,False,False,True
2025-04-01 12:30:00,2025-04-01 12:43:00,19554.25,short,TAKE_PROFIT_HARD,43.29999999999927,865.9999999999854,False,False,False
2025-04-01 13:00:00,2025-04-01 13:18:00,19564.25,long,STOP_LOSS_SOFT,-30.0,-600.0,False,False,True
2025-04-01 13:45:00,2025-04-01 14:01:00,19526.75,long,STOP_LOSS_HARD,-53.099999999998545,-1061.999999999971,False,False,True
2025-04-01 14:15:00,2025-04-01 14:22:00,19442.25,short,TAKE_PROFIT_HARD,43.29999999999927,865.9999999999854,False,False,False
2025-04-01 15:45:00,2025-04-01 15:54:00,19548.25,long,TAKE_PROFIT_HARD,43.29999999999927,865.9999999999854,False,False,False
2025-04-01 20:15:00,2025-04-02 01:59:00,19593.75,short,TAKE_PROFIT_HARD,43.29999999999927,865.9999999999854,False,False,False
2025-04-02 04:00:00,2025-04-02 04:07:00,19535.5,long,STOP_LOSS_SOFT,-28.0,-560.0,False,False,True
2025-04-02 04:30:00,2025-04-02 05:27:00,19544.5,long,STOP_LOSS_SOFT,-26.5,-530.0,False,False,True
2025-04-02 05:45:00,2025-04-02 05:54:00,19541.75,long,STOP_LOSS_SOFT,-25.0,-500.0,False,False,True
2025-04-02 06:45:00,2025-04-02 08:02:00,19463.25,short,TAKE_PROFIT_HARD,43.29999999999927,865.9999999999854,False,False,False
2025-04-02 11:15:00,2025-04-02 11:19:00,19584.75,short,STOP_LOSS_SOFT,-36.75,-735.0,False,False,True
2025-04-02 11:30:00,2025-04-02 11:45:00,19695.5,long,STOP_LOSS_SOFT,-33.25,-665.0,False,False,True
2025-04-02 12:15:00,2025-04-02 12:29:00,19720.75,long,TAKE_PROFIT_HARD,43.29999999999927,865.9999999999854,False,False,False
2025-04-02 14:45:00,2025-04-02 14:56:00,19695.0,long,STOP_LOSS_SOFT,-43.5,-870.0,False,False,True
2025-04-02 15:00:00,2025-04-02 15:01:00,19607.25,short,STOP_LOSS_SOFT,-43.5,-870.0,False,False,True
2025-04-02 15:45:00,2025-04-02 16:11:00,19753.25,long,STOP_LOSS_HARD,-53.099999999998545,-1061.999999999971,False,True,True
2025-04-02 21:15:00,2025-04-02 21:19:00,19053.75,long,STOP_LOSS_SOFT,-26.5,-530.0,False,False,True
2025-04-02 21:45:00,2025-04-02 21:50:00,19053.75,long,TAKE_PROFIT_HARD,43.29999999999927,865.9999999999854,False,False,False
2025-04-03 02:15:00,2025-04-03 03:01:00,19066.0,long,STOP_LOSS_SOFT,-32.0,-640.0,False,False,True
2025-04-03 03:30:00,2025-04-03 03:39:00,19095.0,long,STOP_LOSS_SOFT,-37.5,-750.0,False,False,True
2025-04-03 04:00:00,2025-04-03 04:19:00,19095.75,long,TAKE_PROFIT_HARD,43.29999999999927,865.9999999999854,False,False,False
2025-04-03 04:45:00,2025-04-03 05:04:00,19139.75,short,STOP_LOSS_SOFT,-22.25,-445.0,False,False,True
2025-04-03 05:15:00,2025-04-03 05:45:00,19102.5,short,TAKE_PROFIT_HARD,43.29999999999927,865.9999999999854,False,False,False
2025-04-03 08:45:00,2025-04-03 08:48:00,18917.75,short,TAKE_PROFIT_HARD,43.29999999999927,865.9999999999854,False,False,False
2025-04-03 15:15:00,2025-04-03 15:16:00,18818.0,short,TAKE_PROFIT_HARD,43.29999999999927,865.9999999999854,False,False,False
2025-04-03 15:45:00,2025-04-03 15:46:00,18754.25,long,STOP_LOSS_SOFT,-37.5,-750.0,False,False,True
2025-04-03 19:30:00,2025-04-03 20:03:00,18660.5,long,TAKE_PROFIT_HARD,43.29999999999927,865.9999999999854,False,False,False
2025-04-03 21:00:00,2025-04-03 21:51:00,18673.75,long,STOP_LOSS_SOFT,-26.0,-520.0,False,False,True
2025-04-03 22:15:00,2025-04-03 22:50:00,18677.0,long,STOP_LOSS_SOFT,-28.0,-560.0,False,False,True
2025-04-04 02:30:00,2025-04-04 02:38:00,18656.5,long,STOP_LOSS_SOFT,-29.0,-580.0,False,False,True
2025-04-07 22:00:00,2025-04-07 22:06:00,17867.5,long,STOP_LOSS_SOFT,-38.75,-775.0,False,False,True
2025-04-08 00:45:00,2025-04-08 00:57:00,17736.25,short,STOP_LOSS_SOFT,-38.5,-770.0,False,False,True
2025-04-08 01:15:00,2025-04-08 01:35:00,17698.75,short,STOP_LOSS_HARD,-53.099999999998545,-1061.999999999971,False,False,True
2025-04-08 02:15:00,2025-04-08 02:42:00,17734.25,short,STOP_LOSS_SOFT,-24.25,-485.0,False,False,True
2025-04-08 03:30:00,2025-04-08 03:39:00,17862.5,long,STOP_LOSS_SOFT,-25.25,-505.0,False,False,True
2025-04-08 04:00:00,2025-04-08 04:06:00,17881.0,long,STOP_LOSS_SOFT,-22.75,-455.0,False,False,True
2025-04-08 06:00:00,2025-04-08 06:08:00,17724.25,short,STOP_LOSS_SOFT,-30.25,-605.0,False,False,True
2025-04-08 06:15:00,2025-04-08 06:29:00,17722.0,short,STOP_LOSS_SOFT,-23.25,-465.0,False,False,True
2025-04-10 06:15:00,2025-04-10 06:23:00,18957.5,long,STOP_LOSS_SOFT,-33.25,-665.0,False,False,True
2025-04-13 20:30:00,2025-04-13 20:55:00,19041.75,short,TAKE_PROFIT_HARD,43.29999999999927,865.9999999999854,False,False,False
2025-04-13 22:00:00,2025-04-13 22:16:00,19007.0,long,TAKE_PROFIT_HARD,43.29999999999927,865.9999999999854,False,False,False
2025-04-13 23:45:00,2025-04-14 00:19:00,19058.5,short,STOP_LOSS_SOFT,-22.5,-450.0,False,False,True
2025-04-14 01:00:00,2025-04-14 01:22:00,19117.25,long,STOP_LOSS_SOFT,-25.25,-505.0,False,False,True
2025-04-14 02:15:00,2025-04-14 02:36:00,19102.5,long,TAKE_PROFIT_HARD,43.29999999999927,865.9999999999854,False,False,False
2025-04-14 02:45:00,2025-04-14 03:01:00,19126.5,long,STOP_LOSS_SOFT,-30.0,-600.0,False,False,True
2025-04-14 03:30:00,2025-04-14 03:46:00,19104.0,long,TAKE_PROFIT_HARD,43.29999999999927,865.9999999999854,False,False,False
2025-04-14 05:45:00,2025-04-14 06:01:00,19046.25,short,STOP_LOSS_SOFT,-27.25,-545.0,False,False,True
2025-04-14 07:00:00,2025-04-14 07:06:00,19103.75,long,TAKE_PROFIT_HARD,43.29999999999927,865.9999999999854,False,False,False
2025-04-14 08:15:00,2025-04-14 08:35:00,19122.75,long,TAKE_PROFIT_HARD,43.29999999999927,865.9999999999854,False,False,False
2025-04-14 14:30:00,2025-04-14 14:44:00,18999.25,long,TAKE_PROFIT_HARD,43.29999999999927,865.9999999999854,False,False,False
2025-04-14 15:30:00,2025-04-14 15:41:00,19039.5,short,STOP_LOSS_SOFT,-27.5,-550.0,False,False,True
2025-04-14 18:15:00,2025-04-14 18:55:00,18870.25,short,TAKE_PROFIT_HARD,43.29999999999927,865.9999999999854,False,False,False
2025-04-14 19:00:00,2025-04-14 19:07:00,18817.0,short,STOP_LOSS_SOFT,-24.25,-485.0,False,False,True
2025-04-14 19:45:00,2025-04-14 20:01:00,18834.25,short,STOP_LOSS_SOFT,-29.75,-595.0,False,False,True
2025-04-14 21:15:00,2025-04-14 21:37:00,18935.5,long,STOP_LOSS_SOFT,-29.5,-590.0,False,False,True
2025-04-14 22:45:00,2025-04-14 23:26:00,18871.25,short,STOP_LOSS_SOFT,-22.5,-450.0,False,False,True
2025-04-15 03:15:00,2025-04-15 03:36:00,18993.25,long,TAKE_PROFIT_HARD,43.29999999999927,865.9999999999854,False,False,False
2025-04-15 07:00:00,2025-04-15 07:14:00,18984.5,long,STOP_LOSS_SOFT,-28.75,-575.0,False,False,True
2025-04-15 07:30:00,2025-04-15 07:43:00,18969.25,long,STOP_LOSS_SOFT,-40.0,-800.0,False,False,True
2025-04-15 08:30:00,2025-04-15 08:37:00,18858.25,short,STOP_LOSS_SOFT,-33.25,-665.0,False,False,True
2025-04-15 09:00:00,2025-04-15 09:28:00,18936.0,long,TAKE_PROFIT_HARD,43.29999999999927,865.9999999999854,False,False,False
2025-04-15 09:30:00,2025-04-15 09:33:00,18987.25,long,TAKE_PROFIT_HARD,43.29999999999927,865.9999999999854,False,False,False
2025-04-15 12:45:00,2025-04-15 12:52:00,19058.25,short,TAKE_PROFIT_HARD,43.29999999999927,865.9999999999854,False,False,False
2025-04-15 13:15:00,2025-04-15 13:17:00,18987.75,long,STOP_LOSS_SOFT,-38.0,-760.0,False,False,True
2025-04-15 14:45:00,2025-04-15 15:46:00,18970.0,long,STOP_LOSS_SOFT,-37.5,-750.0,False,False,True
2025-04-15 16:00:00,2025-04-15 16:38:00,18959.5,long,STOP_LOSS_SOFT,-25.5,-510.0,False,False,True
2025-04-15 16:45:00,2025-04-15 18:00:00,18946.75,long,STOP_LOSS_HARD,-156.75,-3135.0,False,False,True
2025-04-15 21:30:00,2025-04-15 22:18:00,18709.5,long,STOP_LOSS_SOFT,-21.75,-435.0,False,False,True
2025-04-15 23:15:00,2025-04-15 23:32:00,18712.5,long,STOP_LOSS_SOFT,-24.5,-490.0,False,False,True
2025-04-16 02:30:00,2025-04-16 03:10:00,18564.25,long,TAKE_PROFIT_HARD,43.29999999999927,865.9999999999854,False,False,False
2025-04-16 03:45:00,2025-04-16 03:48:00,18572.0,long,STOP_LOSS_SOFT,-22.5,-450.0,False,False,True
2025-04-16 06:30:00,2025-04-16 06:38:00,18708.5,long,STOP_LOSS_SOFT,-31.25,-625.0,False,False,True
2025-04-16 07:45:00,2025-04-16 07:53:00,18716.0,long,STOP_LOSS_SOFT,-23.25,-465.0,False,False,True
2025-04-16 10:30:00,2025-04-16 10:43:00,18618.0,long,TAKE_PROFIT_HARD,43.29999999999927,865.9999999999854,False,False,False
2025-04-16 10:45:00,2025-04-16 10:49:00,18654.25,long,STOP_LOSS_SOFT,-29.0,-580.0,False,False,True
2025-04-16 11:15:00,2025-04-16 11:24:00,18633.25,long,TAKE_PROFIT_HARD,43.29999999999927,865.9999999999854,False,False,False
2025-04-16 12:45:00,2025-04-16 12:47:00,18590.25,long,STOP_LOSS_SOFT,-23.75,-475.0,False,False,True
2025-04-16 13:30:00,2025-04-16 13:30:00,18591.0,long,STOP_LOSS_HARD,-53.099999999998545,-1061.999999999971,True,True,True
2025-04-16 15:00:00,2025-04-16 15:09:00,18213.5,short,TAKE_PROFIT_HARD,43.29999999999927,865.9999999999854,False,False,False
2025-04-16 16:30:00,2025-04-16 16:51:00,18418.0,short,TAKE_PROFIT_HARD,43.29999999999927,865.9999999999854,False,False,False
2025-04-16 20:30:00,2025-04-16 20:51:00,18430.0,short,STOP_LOSS_SOFT,-41.75,-835.0,False,False,True
2025-04-17 01:45:00,2025-04-17 01:57:00,18566.25,long,STOP_LOSS_SOFT,-26.0,-520.0,False,False,True
2025-04-17 02:15:00,2025-04-17 03:18:00,18579.25,long,TAKE_PROFIT_HARD,43.29999999999927,865.9999999999854,False,False,False
2025-04-17 03:30:00,2025-04-17 03:36:00,18639.75,long,STOP_LOSS_SOFT,-23.75,-475.0,False,False,True
2025-04-17 05:15:00,2025-04-17 06:40:00,18561.75,long,STOP_LOSS_SOFT,-27.25,-545.0,False,False,True
2025-04-17 16:30:00,2025-04-17 16:49:00,18406.75,short,STOP_LOSS_SOFT,-24.25,-485.0,False,False,True
2025-04-21 05:45:00,2025-04-21 05:55:00,18145.25,short,STOP_LOSS_SOFT,-24.75,-495.0,False,False,True
2025-04-21 07:00:00,2025-04-21 07:16:00,18188.75,long,STOP_LOSS_SOFT,-25.25,-505.0,False,False,True
2025-04-21 07:30:00,2025-04-21 08:39:00,18111.5,short,STOP_LOSS_SOFT,-29.5,-590.0,False,False,True
2025-04-21 09:45:00,2025-04-21 09:56:00,18083.25,short,TAKE_PROFIT_HARD,43.29999999999927,865.9999999999854,False,False,False
2025-04-21 10:15:00,2025-04-21 10:16:00,17965.0,short,TAKE_PROFIT_HARD,43.29999999999927,865.9999999999854,False,False,False
2025-04-21 12:45:00,2025-04-21 12:49:00,17863.75,long,STOP_LOSS_SOFT,-27.75,-555.0,False,False,True
2025-04-21 16:00:00,2025-04-21 16:18:00,17922.25,long,STOP_LOSS_SOFT,-23.25,-465.0,False,False,True
2025-04-21 21:45:00,2025-04-21 21:57:00,18058.5,long,STOP_LOSS_SOFT,-29.75,-595.0,False,False,True
2025-04-21 23:15:00,2025-04-21 23:18:00,17964.0,short,STOP_LOSS_SOFT,-25.5,-510.0,False,False,True
2025-04-22 03:00:00,2025-04-22 03:03:00,18146.5,long,STOP_LOSS_SOFT,-26.0,-520.0,False,False,True
2025-04-22 03:15:00,2025-04-22 04:43:00,18094.5,short,STOP_LOSS_SOFT,-22.5,-450.0,False,False,True
2025-04-22 08:15:00,2025-04-22 08:49:00,18067.75,long,TAKE_PROFIT_HARD,43.29999999999927,865.9999999999854,False,False,False
2025-04-22 09:45:00,2025-04-22 09:59:00,18211.0,long,TAKE_PROFIT_HARD,43.29999999999927,865.9999999999854,False,False,False
2025-04-22 13:00:00,2025-04-22 13:11:00,18450.5,short,TAKE_PROFIT_HARD,43.29999999999927,865.9999999999854,False,False,False
2025-04-22 21:00:00,2025-04-22 21:35:00,18701.75,long,STOP_LOSS_SOFT,-24.25,-485.0,False,False,True
2025-04-22 22:45:00,2025-04-22 23:15:00,18692.25,long,STOP_LOSS_SOFT,-25.25,-505.0,False,False,True
2025-04-22 23:45:00,2025-04-23 00:03:00,18686.0,long,TAKE_PROFIT_HARD,43.29999999999927,865.9999999999854,False,False,False
2025-04-23 00:15:00,2025-04-23 01:13:00,18725.75,long,STOP_LOSS_SOFT,-24.75,-495.0,False,False,True
2025-04-23 01:30:00,2025-04-23 02:23:00,18712.75,long,TAKE_PROFIT_HARD,43.29999999999927,865.9999999999854,False,False,False
2025-04-23 05:00:00,2025-04-23 06:06:00,18830.75,short,STOP_LOSS_SOFT,-25.0,-500.0,False,False,True
2025-04-23 07:30:00,2025-04-23 08:19:00,18886.25,short,STOP_LOSS_SOFT,-24.0,-480.0,False,False,True
2025-04-23 08:45:00,2025-04-23 09:08:00,18946.75,long,STOP_LOSS_SOFT,-48.0,-960.0,False,False,True
2025-04-23 09:30:00,2025-04-23 09:33:00,18948.5,long,TAKE_PROFIT_HARD,43.29999999999927,865.9999999999854,False,False,False
2025-04-23 14:45:00,2025-04-23 14:48:00,18855.5,short,STOP_LOSS_SOFT,-26.0,-520.0,False,False,True
2025-04-23 20:30:00,2025-04-23 21:25:00,18840.75,short,TAKE_PROFIT_HARD,43.29999999999927,865.9999999999854,False,False,False
2025-04-24 03:15:00,2025-04-24 03:25:00,18745.0,long,STOP_LOSS_SOFT,-34.25,-685.0,False,False,True
2025-04-24 06:00:00,2025-04-24 06:33:00,18693.75,long,TAKE_PROFIT_HARD,43.29999999999927,865.9999999999854,False,False,False
2025-04-24 09:15:00,2025-04-24 09:29:00,18834.5,short,STOP_LOSS_SOFT,-41.0,-820.0,False,False,True
2025-04-24 13:00:00,2025-04-24 13:17:00,19262.5,long,STOP_LOSS_SOFT,-38.5,-770.0,False,False,True
2025-04-24 13:30:00,2025-04-24 13:42:00,19252.75,long,STOP_LOSS_SOFT,-21.75,-435.0,False,False,True
2025-04-24 14:00:00,2025-04-24 14:30:00,19265.0,long,TAKE_PROFIT_HARD,43.29999999999927,865.9999999999854,False,False,False
2025-04-24 15:45:00,2025-04-24 15:50:00,19291.25,long,TAKE_PROFIT_HARD,43.29999999999927,865.9999999999854,False,False,False
2025-04-25 07:15:00,2025-04-25 07:45:00,19293.5,long,STOP_LOSS_HARD,-53.099999999998545,-1061.999999999971,False,False,True
2025-04-25 08:00:00,2025-04-25 09:01:00,19255.25,long,STOP_LOSS_SOFT,-27.5,-550.0,False,False,True
2025-04-25 09:15:00,2025-04-25 09:30:00,19279.0,long,TAKE_PROFIT_HARD,43.29999999999927,865.9999999999854,False,False,False
2025-04-27 21:45:00,2025-04-28 02:17:00,19413.75,long,TAKE_PROFIT_HARD,43.29999999999927,865.9999999999854,False,False,False
2025-04-28 10:00:00,2025-04-28 10:04:00,19465.25,short,STOP_LOSS_SOFT,-38.75,-775.0,False,False,True
2025-04-28 11:30:00,2025-04-28 11:32:00,19318.75,short,STOP_LOSS_SOFT,-28.75,-575.0,False,False,True
2025-04-28 12:00:00,2025-04-28 12:05:00,19347.75,short,TAKE_PROFIT_HARD,43.29999999999927,865.9999999999854,False,False,False
2025-04-28 14:30:00,2025-04-28 15:02:00,19406.25,long,TAKE_PROFIT_HARD,43.29999999999927,865.9999999999854,False,False,False
2025-04-28 22:45:00,2025-04-29 01:33:00,19578.25,short,TAKE_PROFIT_HARD,43.29999999999927,865.9999999999854,False,False,False
2025-04-29 03:45:00,2025-04-29 03:53:00,19590.5,short,STOP_LOSS_SOFT,-26.0,-520.0,False,False,True
2025-04-29 04:15:00,2025-04-29 04:28:00,19545.5,short,STOP_LOSS_SOFT,-27.75,-555.0,False,False,True
2025-04-29 05:00:00,2025-04-29 06:33:00,19581.5,short,TAKE_PROFIT_HARD,43.29999999999927,865.9999999999854,False,False,False
2025-04-29 09:30:00,2025-04-29 09:32:00,19426.5,long,TAKE_PROFIT_HARD,43.29999999999927,865.9999999999854,False,False,False
2025-04-29 11:15:00,2025-04-29 11:22:00,19560.75,short,TAKE_PROFIT_HARD,43.29999999999927,865.9999999999854,False,False,False
2025-04-29 16:45:00,2025-04-29 16:57:00,19590.25,short,STOP_LOSS_SOFT,-32.0,-640.0,False,False,True
2025-04-29 18:30:00,2025-04-29 20:46:00,19581.5,short,TAKE_PROFIT_HARD,43.29999999999927,865.9999999999854,False,False,False
2025-04-30 04:30:00,2025-04-30 05:28:00,19581.75,short,STOP_LOSS_SOFT,-24.0,-480.0,False,False,True
2025-04-30 06:00:00,2025-04-30 06:31:00,19588.75,short,TAKE_PROFIT_HARD,43.29999999999927,865.9999999999854,False,False,False
2025-04-30 09:30:00,2025-04-30 09:30:00,19301.75,long,STOP_LOSS_HARD,-53.099999999998545,-1061.999999999971,False,False,True
2025-04-30 11:45:00,2025-04-30 11:52:00,19447.75,long,STOP_LOSS_SOFT,-22.5,-450.0,False,False,True
2025-04-30 12:45:00,2025-04-30 13:09:00,19417.5,long,STOP_LOSS_SOFT,-26.5,-530.0,False,False,True
2025-04-30 13:30:00,2025-04-30 13:35:00,19456.75,long,TAKE_PROFIT_HARD,43.29999999999927,865.9999999999854,False,False,False
2025-04-30 20:15:00,2025-04-30 23:01:00,19932.0,long,STOP_LOSS_SOFT,-22.5,-450.0,False,False,True
2025-04-30 23:15:00,2025-05-01 01:35:00,19928.5,long,TAKE_PROFIT_HARD,43.29999999999927,865.9999999999854,False,False,False
2025-05-01 02:15:00,2025-05-01 03:43:00,19928.25,long,TAKE_PROFIT_HARD,43.29999999999927,865.9999999999854,False,False,False
2025-05-01 08:45:00,2025-05-01 09:31:00,19979.5,short,TAKE_PROFIT_HARD,43.29999999999927,865.9999999999854,False,False,False
2025-05-01 10:00:00,2025-05-01 10:00:00,19877.0,short,STOP_LOSS_HARD,-53.099999999998545,-1061.999999999971,True,True,True
2025-05-01 10:30:00,2025-05-01 10:40:00,19999.75,long,TAKE_PROFIT_HARD,43.29999999999927,865.9999999999854,False,False,False
2025-05-01 12:00:00,2025-05-01 12:09:00,19962.0,short,STOP_LOSS_SOFT,-36.75,-735.0,False,False,True
2025-05-01 12:45:00,2025-05-01 12:53:00,19967.0,short,TAKE_PROFIT_HARD,43.29999999999927,865.9999999999854,False,False,False
2025-05-01 13:45:00,2025-05-01 13:51:00,19955.5,short,STOP_LOSS_SOFT,-24.25,-485.0,False,False,True
2025-05-01 15:45:00,2025-05-01 15:48:00,19981.75,short,STOP_LOSS_SOFT,-31.0,-620.0,False,False,True
2025-05-01 16:45:00,2025-05-01 16:47:00,19774.25,short,STOP_LOSS_SOFT,-24.0,-480.0,False,False,True
2025-05-01 21:00:00,2025-05-01 23:41:00,19943.25,long,TAKE_PROFIT_HARD,43.29999999999927,865.9999999999854,False,False,False
2025-05-02 03:00:00,2025-05-02 03:58:00,19930.25,long,STOP_LOSS_SOFT,-23.5,-470.0,False,False,True
2025-05-02 04:30:00,2025-05-02 04:50:00,19932.25,long,STOP_LOSS_SOFT,-23.0,-460.0,False,False,True
2025-05-02 06:15:00,2025-05-02 07:36:00,19933.75,long,STOP_LOSS_SOFT,-26.75,-535.0,False,False,True
2025-05-02 08:15:00,2025-05-02 08:30:00,19931.25,long,TAKE_PROFIT_HARD,43.29999999999927,865.9999999999854,False,True,False
2025-05-02 09:15:00,2025-05-02 09:22:00,20130.25,long,STOP_LOSS_SOFT,-26.25,-525.0,False,False,True
2025-05-02 10:15:00,2025-05-02 11:17:00,20150.25,long,TAKE_PROFIT_HARD,43.29999999999927,865.9999999999854,False,False,False
2025-05-02 11:30:00,2025-05-02 11:39:00,20141.5,short,STOP_LOSS_SOFT,-32.0,-640.0,False,False,True
2025-05-02 12:30:00,2025-05-02 12:37:00,20223.5,short,STOP_LOSS_SOFT,-36.5,-730.0,False,False,True
2025-05-02 13:00:00,2025-05-02 13:17:00,20241.75,short,TAKE_PROFIT_HARD,43.29999999999927,865.9999999999854,False,False,False
2025-05-02 14:30:00,2025-05-02 14:37:00,20246.75,short,STOP_LOSS_SOFT,-28.0,-560.0,False,False,True
2025-05-02 15:00:00,2025-05-02 15:47:00,20221.25,short,TAKE_PROFIT_HARD,43.29999999999927,865.9999999999854,False,False,False
2025-05-04 19:15:00,2025-05-04 19:31:00,20119.75,long,STOP_LOSS_SOFT,-26.5,-530.0,False,False,True
2025-05-04 22:00:00,2025-05-04 22:19:00,20004.0,short,STOP_LOSS_SOFT,-38.25,-765.0,False,False,True
2025-05-04 23:45:00,2025-05-05 00:09:00,20058.0,long,STOP_LOSS_SOFT,-29.5,-590.0,False,False,True
2025-05-05 01:15:00,2025-05-05 04:31:00,20061.0,long,STOP_LOSS_SOFT,-29.25,-585.0,False,False,True
2025-05-05 04:45:00,2025-05-05 04:54:00,20022.25,short,TAKE_PROFIT_HARD,43.29999999999927,865.9999999999854,False,False,False
2025-05-05 05:00:00,2025-05-05 09:35:00,20000.75,short,STOP_LOSS_SOFT,-42.25,-845.0,False,False,True
2025-05-05 10:00:00,2025-05-05 10:00:00,20051.0,long,TAKE_PROFIT_HARD,43.29999999999927,865.9999999999854,True,True,False
2025-05-05 10:30:00,2025-05-05 10:34:00,20059.5,long,STOP_LOSS_SOFT,-41.25,-825.0,False,False,True
2025-05-05 10:45:00,2025-05-05 11:22:00,20079.75,long,TAKE_PROFIT_HARD,43.29999999999927,865.9999999999854,False,False,False
2025-05-05 12:30:00,2025-05-05 14:33:00,20133.75,long,TAKE_PROFIT_HARD,43.29999999999927,865.9999999999854,False,False,False
2025-05-05 16:30:00,2025-05-05 16:51:00,20015.5,short,STOP_LOSS_SOFT,-22.5,-450.0,False,False,True
2025-05-05 19:00:00,2025-05-05 21:31:00,20017.75,short,TAKE_PROFIT_HARD,43.29999999999927,865.9999999999854,False,False,False
2025-05-06 08:45:00,2025-05-06 08:49:00,19806.0,short,STOP_LOSS_SOFT,-24.0,-480.0,False,False,True
2025-05-06 09:15:00,2025-05-06 09:35:00,19808.5,short,STOP_LOSS_SOFT,-26.25,-525.0,False,False,True
2025-05-06 10:00:00,2025-05-06 10:02:00,19757.25,short,STOP_LOSS_SOFT,-26.75,-535.0,False,False,True
2025-05-06 10:45:00,2025-05-06 12:13:00,19910.5,long,TAKE_PROFIT_HARD,43.29999999999927,865.9999999999854,False,False,False
2025-05-06 13:15:00,2025-05-06 13:22:00,19901.0,long,STOP_LOSS_SOFT,-26.25,-525.0,False,False,True
2025-05-06 14:30:00,2025-05-06 15:45:00,19929.0,long,TAKE_PROFIT_HARD,43.29999999999927,865.9999999999854,False,False,False
2025-05-06 19:00:00,2025-05-06 19:06:00,20078.25,long,STOP_LOSS_SOFT,-32.25,-645.0,False,False,True
2025-05-06 19:30:00,2025-05-06 20:08:00,20053.5,long,STOP_LOSS_SOFT,-27.5,-550.0,False,False,True
2025-05-06 20:30:00,2025-05-06 21:31:00,20078.25,long,STOP_LOSS_SOFT,-33.0,-660.0,False,False,True
2025-05-06 22:00:00,2025-05-06 22:03:00,20052.0,long,STOP_LOSS_SOFT,-24.75,-495.0,False,False,True
2025-05-06 22:15:00,2025-05-07 01:41:00,20019.25,short,TAKE_PROFIT_HARD,43.29999999999927,865.9999999999854,False,False,False
2025-05-07 01:45:00,2025-05-07 02:09:00,19975.75,short,STOP_LOSS_SOFT,-21.75,-435.0,False,False,True
2025-05-07 03:45:00,2025-05-07 08:06:00,20001.25,short,TAKE_PROFIT_HARD,43.29999999999927,865.9999999999854,False,False,False
2025-05-07 10:00:00,2025-05-07 10:51:00,19937.5,long,STOP_LOSS_SOFT,-39.5,-790.0,False,False,True
2025-05-07 11:15:00,2025-05-07 11:22:00,19802.0,short,STOP_LOSS_SOFT,-29.0,-580.0,False,False,True
2025-05-07 13:15:00,2025-05-07 13:21:00,19921.25,long,STOP_LOSS_SOFT,-35.25,-705.0,False,False,True
2025-05-07 21:15:00,2025-05-07 21:58:00,20087.5,long,STOP_LOSS_SOFT,-25.25,-505.0,False,False,True
2025-05-07 23:15:00,2025-05-07 23:51:00,20123.5,long,TAKE_PROFIT_HARD,43.29999999999927,865.9999999999854,False,False,False
2025-05-08 10:30:00,2025-05-08 10:43:00,20091.25,long,STOP_LOSS_SOFT,-33.5,-670.0,False,False,True
2025-05-08 11:15:00,2025-05-08 11:20:00,20085.25,long,TAKE_PROFIT_HARD,43.29999999999927,865.9999999999854,False,False,False
2025-05-08 11:30:00,2025-05-08 11:39:00,20173.5,long,TAKE_PROFIT_HARD,43.29999999999927,865.9999999999854,False,False,False
2025-05-08 20:45:00,2025-05-08 21:59:00,20115.75,long,TAKE_PROFIT_HARD,43.29999999999927,865.9999999999854,False,False,False
2025-05-09 11:00:00,2025-05-09 12:08:00,20142.0,long,STOP_LOSS_SOFT,-32.25,-645.0,False,False,True
2025-05-09 13:45:00,2025-05-09 15:09:00,20137.5,long,TAKE_PROFIT_HARD,43.29999999999927,865.9999999999854,False,False,False
2025-05-11 18:30:00,2025-05-11 19:06:00,20408.5,short,STOP_LOSS_SOFT,-28.0,-560.0,False,False,True
2025-05-12 03:00:00,2025-05-12 03:00:00,20563.5,short,STOP_LOSS_HARD,-53.099999999998545,-1061.999999999971,False,False,True
2025-05-12 04:15:00,2025-05-12 04:45:00,20818.0,long,TAKE_PROFIT_HARD,43.29999999999927,865.9999999999854,False,False,False
2025-05-12 10:00:00,2025-05-12 10:12:00,20786.5,long,TAKE_PROFIT_HARD,43.29999999999927,865.9999999999854,False,False,False
2025-05-12 10:15:00,2025-05-12 10:21:00,20836.75,long,STOP_LOSS_SOFT,-35.0,-700.0,False,False,True
2025-05-12 11:15:00,2025-05-12 11:52:00,20790.5,long,STOP_LOSS_SOFT,-29.0,-580.0,False,False,True
2025-05-12 12:15:00,2025-05-12 12:46:00,20809.75,long,TAKE_PROFIT_HARD,43.29999999999927,865.9999999999854,False,False,False
2025-05-13 10:45:00,2025-05-13 10:51:00,21191.75,short,STOP_LOSS_SOFT,-33.25,-665.0,False,False,True
2025-05-15 05:00:00,2025-05-15 05:28:00,21215.0,short,STOP_LOSS_SOFT,-27.5,-550.0,False,False,True
2025-05-15 12:45:00,2025-05-15 13:19:00,21471.0,long,TAKE_PROFIT_HARD,43.29999999999927,865.9999999999854,False,False,False
2025-05-16 04:15:00,2025-05-16 05:47:00,21466.25,long,STOP_LOSS_SOFT,-23.5,-470.0,False,False,True
2025-05-16 06:30:00,2025-05-16 08:14:00,21449.25,long,TAKE_PROFIT_HARD,43.29999999999927,865.9999999999854,False,False,False
2025-05-16 08:15:00,2025-05-16 08:34:00,21492.25,long,STOP_LOSS_SOFT,-22.75,-455.0,False,True,True
2025-05-16 09:15:00,2025-05-16 09:31:00,21462.0,long,STOP_LOSS_SOFT,-36.75,-735.0,False,False,True
2025-05-16 13:15:00,2025-05-16 14:51:00,21447.75,long,TAKE_PROFIT_HARD,43.29999999999927,865.9999999999854,False,False,False
2025-05-16 15:15:00,2025-05-16 15:38:00,21495.75,long,STOP_LOSS_SOFT,-24.75,-495.0,False,False,True
2025-05-16 16:00:00,2025-05-16 16:47:00,21505.75,long,STOP_LOSS_SOFT,-39.0,-780.0,False,False,True
2025-05-18 23:45:00,2025-05-19 00:40:00,21209.5,short,STOP_LOSS_SOFT,-23.75,-475.0,False,False,True
2025-05-19 02:45:00,2025-05-19 03:15:00,21208.5,short,TAKE_PROFIT_HARD,43.29999999999927,865.9999999999854,False,False,False
2025-05-19 03:30:00,2025-05-19 04:01:00,21211.5,long,STOP_LOSS_SOFT,-21.75,-435.0,False,False,True
2025-05-19 04:45:00,2025-05-19 05:16:00,21124.5,short,STOP_LOSS_SOFT,-24.75,-495.0,False,False,True
2025-05-19 05:45:00,2025-05-19 05:52:00,21177.0,long,STOP_LOSS_SOFT,-24.5,-490.0,False,False,True
2025-05-19 06:45:00,2025-05-19 07:35:00,21192.5,long,STOP_LOSS_SOFT,-23.5,-470.0,False,False,True
2025-05-19 08:15:00,2025-05-19 09:15:00,21198.25,short,TAKE_PROFIT_HARD,43.29999999999927,865.9999999999854,False,False,False
2025-05-19 09:30:00,2025-05-19 09:30:00,21201.75,long,TAKE_PROFIT_HARD,43.29999999999927,865.9999999999854,False,False,False
2025-05-19 13:15:00,2025-05-19 13:48:00,21536.75,long,STOP_LOSS_SOFT,-33.25,-665.0,False,False,True
2025-05-19 14:15:00,2025-05-19 15:51:00,21478.5,short,STOP_LOSS_SOFT,-26.5,-530.0,False,False,True
2025-05-19 16:15:00,2025-05-19 16:50:00,21488.25,short,STOP_LOSS_SOFT,-24.5,-490.0,False,False,True
2025-05-19 19:45:00,2025-05-19 20:51:00,21549.5,long,STOP_LOSS_SOFT,-22.75,-455.0,False,False,True
2025-05-19 21:15:00,2025-05-19 21:45:00,21479.75,short,TAKE_PROFIT_HARD,43.29999999999927,865.9999999999854,False,False,False
2025-05-21 12:15:00,2025-05-21 13:02:00,21535.5,long,STOP_LOSS_SOFT,-43.75,-875.0,False,False,True
2025-05-21 13:15:00,2025-05-21 13:16:00,21454.5,short,TAKE_PROFIT_HARD,43.29999999999927,865.9999999999854,False,False,False
2025-05-21 16:15:00,2025-05-21 16:32:00,21117.25,short,STOP_LOSS_SOFT,-22.5,-450.0,False,False,True
2025-05-21 18:15:00,2025-05-21 18:31:00,21124.75,short,STOP_LOSS_SOFT,-26.0,-520.0,False,False,True
2025-05-21 20:30:00,2025-05-21 22:20:00,21173.75,long,STOP_LOSS_SOFT,-23.25,-465.0,False,False,True
2025-05-21 23:15:00,2025-05-22 03:04:00,21174.0,long,TAKE_PROFIT_HARD,43.29999999999927,865.9999999999854,False,False,False
2025-05-22 04:00:00,2025-05-22 06:09:00,21197.5,long,STOP_LOSS_SOFT,-23.25,-465.0,False,False,True
2025-05-22 07:30:00,2025-05-22 07:50:00,21181.25,short,TAKE_PROFIT_HARD,43.29999999999927,865.9999999999854,False,False,False
2025-05-22 08:00:00,2025-05-22 08:08:00,21085.5,short,STOP_LOSS_SOFT,-28.25,-565.0,False,False,True
2025-05-22 09:00:00,2025-05-22 09:33:00,21190.75,long,STOP_LOSS_HARD,-53.099999999998545,-1061.999999999971,False,False,True
2025-05-22 13:15:00,2025-05-22 13:17:00,21200.25,short,STOP_LOSS_SOFT,-38.25,-765.0,False,False,True
2025-05-22 16:00:00,2025-05-22 16:52:00,21183.5,short,STOP_LOSS_SOFT,-22.0,-440.0,False,False,True
2025-05-22 18:15:00,2025-05-22 18:51:00,21201.5,short,TAKE_PROFIT_HARD,43.29999999999927,865.9999999999854,False,False,False
2025-05-22 20:00:00,2025-05-22 21:51:00,21178.75,long,STOP_LOSS_SOFT,-23.25,-465.0,False,False,True
2025-05-22 22:15:00,2025-05-23 00:37:00,21188.25,long,STOP_LOSS_SOFT,-25.0,-500.0,False,False,True
2025-05-23 01:30:00,2025-05-23 01:48:00,21180.0,long,STOP_LOSS_SOFT,-28.5,-570.0,False,False,True
2025-05-23 02:15:00,2025-05-23 03:02:00,21115.0,short,STOP_LOSS_SOFT,-37.75,-755.0,False,False,True
2025-05-23 03:30:00,2025-05-23 04:52:00,21213.0,long,STOP_LOSS_SOFT,-30.0,-600.0,False,False,True
2025-05-23 05:30:00,2025-05-23 05:35:00,21120.5,short,STOP_LOSS_SOFT,-35.0,-700.0,False,False,True
2025-05-23 06:00:00,2025-05-23 06:37:00,21181.25,long,STOP_LOSS_SOFT,-27.5,-550.0,False,False,True
2025-05-23 07:00:00,2025-05-23 07:19:00,21177.0,long,STOP_LOSS_HARD,-53.099999999998545,-1061.999999999971,False,False,True
2025-05-23 07:30:00,2025-05-23 07:43:00,21090.0,short,TAKE_PROFIT_HARD,43.29999999999927,865.9999999999854,False,False,False
2025-05-23 09:30:00,2025-05-23 09:33:00,20850.0,long,TAKE_PROFIT_HARD,43.29999999999927,865.9999999999854,False,False,False
2025-05-23 13:15:00,2025-05-23 13:29:00,21025.5,long,TAKE_PROFIT_HARD,43.29999999999927,865.9999999999854,False,False,False
2025-05-23 15:15:00,2025-05-23 15:20:00,21057.5,long,STOP_LOSS_SOFT,-30.25,-605.0,False,False,True
2025-05-23 15:45:00,2025-05-23 15:49:00,21041.5,long,STOP_LOSS_SOFT,-23.0,-460.0,False,False,True
2025-05-25 18:45:00,2025-05-25 18:55:00,21153.0,short,STOP_LOSS_SOFT,-22.75,-455.0,False,False,True
2025-05-25 19:45:00,2025-05-25 20:26:00,21202.0,long,STOP_LOSS_SOFT,-25.25,-505.0,False,False,True
2025-05-25 22:00:00,2025-05-26 02:48:00,21206.0,long,TAKE_PROFIT_HARD,43.29999999999927,865.9999999999854,False,False,False
2025-05-26 20:30:00,2025-05-26 20:50:00,21211.75,short,STOP_LOSS_SOFT,-24.5,-490.0,False,False,True
2025-05-26 21:15:00,2025-05-26 23:45:00,21193.25,short,TAKE_PROFIT_HARD,43.29999999999927,865.9999999999854,False,False,False
2025-05-27 00:00:00,2025-05-27 00:48:00,21152.75,short,STOP_LOSS_SOFT,-22.5,-450.0,False,False,True
2025-05-27 01:45:00,2025-05-27 03:04:00,21214.25,long,TAKE_PROFIT_HARD,43.29999999999927,865.9999999999854,False,False,False
2025-05-27 07:00:00,2025-05-27 08:42:00,21303.0,short,TAKE_PROFIT_HARD,43.29999999999927,865.9999999999854,False,True,False
2025-05-27 09:30:00,2025-05-27 09:35:00,21259.25,short,TAKE_PROFIT_HARD,43.29999999999927,865.9999999999854,False,False,False
2025-05-27 12:15:00,2025-05-27 12:42:00,21414.25,long,TAKE_PROFIT_HARD,43.29999999999927,865.9999999999854,False,False,False
2025-05-28 08:45:00,2025-05-28 08:50:00,21536.75,long,STOP_LOSS_SOFT,-22.75,-455.0,False,False,True
2025-05-28 09:45:00,2025-05-28 09:48:00,21541.75,long,STOP_LOSS_HARD,-53.099999999998545,-1061.999999999971,False,False,True
2025-05-28 18:45:00,2025-05-28 18:52:00,21539.0,long,TAKE_PROFIT_HARD,43.29999999999927,865.9999999999854,False,False,False
2025-05-28 19:30:00,2025-05-28 19:36:00,21712.5,short,STOP_LOSS_SOFT,-33.0,-660.0,False,False,True
2025-05-28 20:15:00,2025-05-28 20:18:00,21724.5,short,STOP_LOSS_SOFT,-30.25,-605.0,False,False,True
2025-05-29 06:15:00,2025-05-29 07:24:00,21751.0,short,TAKE_PROFIT_HARD,43.29999999999927,865.9999999999854,False,False,False
2025-05-29 08:00:00,2025-05-29 08:31:00,21654.5,short,STOP_LOSS_SOFT,-29.0,-580.0,False,True,True
2025-05-29 08:45:00,2025-05-29 08:53:00,21638.75,short,STOP_LOSS_SOFT,-22.0,-440.0,True,False,True
2025-05-29 10:30:00,2025-05-29 10:53:00,21456.25,long,TAKE_PROFIT_HARD,43.29999999999927,865.9999999999854,False,False,False
2025-05-29 12:30:00,2025-05-29 12:58:00,21426.0,long,TAKE_PROFIT_HARD,43.29999999999927,865.9999999999854,False,False,False
2025-05-29 16:00:00,2025-05-29 16:06:00,21411.5,long,STOP_LOSS_SOFT,-36.0,-720.0,False,False,True
2025-05-30 01:45:00,2025-05-30 01:51:00,21412.25,long,STOP_LOSS_SOFT,-25.25,-505.0,False,False,True
2025-05-30 07:15:00,2025-05-30 08:09:00,21409.0,long,STOP_LOSS_HARD,-53.099999999998545,-1061.999999999971,False,False,True
2025-05-30 11:45:00,2025-05-30 11:52:00,21302.0,short,STOP_LOSS_SOFT,-29.5,-590.0,False,False,True
2025-05-30 12:30:00,2025-05-30 12:31:00,21175.5,short,TAKE_PROFIT_HARD,43.29999999999927,865.9999999999854,False,False,False
2025-05-30 13:00:00,2025-05-30 13:05:00,21109.0,short,STOP_LOSS_SOFT,-34.5,-690.0,False,False,True
2025-05-30 14:15:00,2025-05-30 14:19:00,21235.75,long,TAKE_PROFIT_HARD,43.29999999999927,865.9999999999854,False,False,False
2025-06-02 14:45:00,2025-06-02 15:25:00,21504.5,short,STOP_LOSS_SOFT,-24.5,-490.0,False,False,True
2025-06-02 15:30:00,2025-06-02 15:54:00,21531.75,long,STOP_LOSS_SOFT,-25.75,-515.0,False,False,True
2025-06-02 16:00:00,2025-06-02 19:18:00,21534.25,long,STOP_LOSS_SOFT,-24.5,-490.0,False,False,True
2025-06-02 19:30:00,2025-06-02 19:34:00,21542.25,long,STOP_LOSS_SOFT,-27.25,-545.0,False,False,True
2025-06-02 20:00:00,2025-06-02 22:30:00,21494.25,short,TAKE_PROFIT_HARD,43.29999999999927,865.9999999999854,False,False,False
2025-06-03 08:30:00,2025-06-03 08:42:00,21540.0,long,STOP_LOSS_SOFT,-27.5,-550.0,False,False,True
2025-06-03 09:00:00,2025-06-03 09:30:00,21534.5,long,TAKE_PROFIT_HARD,43.29999999999927,865.9999999999854,False,False,False
2025-06-03 09:45:00,2025-06-03 10:00:00,21563.75,long,TAKE_PROFIT_HARD,43.29999999999927,865.9999999999854,False,True,False
2025-06-03 10:15:00,2025-06-03 10:55:00,21606.0,long,TAKE_PROFIT_HARD,43.29999999999927,865.9999999999854,True,False,False
2025-06-03 13:30:00,2025-06-03 13:57:00,21745.0,long,STOP_LOSS_SOFT,-23.25,-465.0,False,False,True
2025-06-04 04:15:00,2025-06-04 04:57:00,21745.25,long,STOP_LOSS_SOFT,-26.0,-520.0,False,False,True
2025-06-04 05:45:00,2025-06-04 08:16:00,21743.5,long,STOP_LOSS_SOFT,-31.25,-625.0,False,False,True
2025-06-04 09:45:00,2025-06-04 10:00:00,21756.5,long,STOP_LOSS_HARD,-53.099999999998545,-1061.999999999971,False,True,True
2025-06-04 10:30:00,2025-06-04 10:46:00,21743.25,long,STOP_LOSS_SOFT,-27.0,-540.0,False,False,True
2025-06-04 11:00:00,2025-06-04 12:05:00,21761.0,long,STOP_LOSS_SOFT,-23.25,-465.0,False,False,True
2025-06-04 13:00:00,2025-06-04 14:01:00,21754.25,long,TAKE_PROFIT_HARD,43.29999999999927,865.9999999999854,False,False,False
2025-06-04 18:15:00,2025-06-04 21:37:00,21757.5,long,STOP_LOSS_SOFT,-22.0,-440.0,False,False,True
2025-06-04 21:45:00,2025-06-05 03:25:00,21742.0,long,TAKE_PROFIT_HARD,43.29999999999927,865.9999999999854,False,False,False
2025-06-05 08:45:00,2025-06-05 08:49:00,21764.75,long,TAKE_PROFIT_HARD,43.29999999999927,865.9999999999854,False,False,False
2025-06-05 10:30:00,2025-06-05 10:32:00,21801.25,long,STOP_LOSS_HARD,-53.099999999998545,-1061.999999999971,False,False,True
2025-06-05 13:15:00,2025-06-05 13:58:00,21757.5,long,STOP_LOSS_SOFT,-26.25,-525.0,False,False,True
2025-06-05 15:15:00,2025-06-05 15:16:00,21616.75,short,TAKE_PROFIT_HARD,43.29999999999927,865.9999999999854,False,False,False
2025-06-05 15:45:00,2025-06-05 15:54:00,21629.25,long,STOP_LOSS_SOFT,-41.5,-830.0,False,False,True
2025-06-05 18:30:00,2025-06-05 20:03:00,21531.0,long,TAKE_PROFIT_HARD,43.29999999999927,865.9999999999854,False,False,False
2025-06-05 23:45:00,2025-06-06 01:01:00,21612.75,long,TAKE_PROFIT_HARD,43.29999999999927,865.9999999999854,False,False,False
2025-06-06 08:45:00,2025-06-06 09:31:00,21772.0,long,TAKE_PROFIT_HARD,43.29999999999927,865.9999999999854,True,False,False
2025-06-06 13:15:00,2025-06-06 13:31:00,21763.5,long,TAKE_PROFIT_HARD,43.29999999999927,865.9999999999854,False,False,False
2025-06-10 00:15:00,2025-06-10 01:20:00,21929.25,short,TAKE_PROFIT_HARD,43.29999999999927,865.9999999999854,False,False,False
2025-06-10 20:30:00,2025-06-10 21:37:00,21931.0,short,TAKE_PROFIT_HARD,43.29999999999927,865.9999999999854,False,False,False
2025-06-11 04:30:00,2025-06-11 04:38:00,21930.25,short,STOP_LOSS_SOFT,-26.25,-525.0,False,False,True
2025-06-11 05:15:00,2025-06-11 07:16:00,21934.0,short,TAKE_PROFIT_HARD,43.29999999999927,865.9999999999854,False,False,False
2025-06-11 09:45:00,2025-06-11 09:46:00,21972.5,short,TAKE_PROFIT_HARD,43.29999999999927,865.9999999999854,False,False,False
2025-06-11 10:30:00,2025-06-11 11:40:00,22038.5,long,STOP_LOSS_SOFT,-25.0,-500.0,False,False,True
2025-06-11 12:15:00,2025-06-11 12:21:00,21954.5,short,TAKE_PROFIT_HARD,43.29999999999927,865.9999999999854,False,False,False
2025-06-11 12:45:00,2025-06-11 13:03:00,21965.0,short,STOP_LOSS_SOFT,-31.75,-635.0,False,False,True
2025-06-11 13:45:00,2025-06-11 13:50:00,21980.25,short,TAKE_PROFIT_HARD,43.29999999999927,865.9999999999854,False,False,False
2025-06-11 14:00:00,2025-06-11 14:02:00,21916.5,short,TAKE_PROFIT_HARD,43.29999999999927,865.9999999999854,False,False,False
2025-06-12 11:30:00,2025-06-12 12:13:00,21917.25,short,STOP_LOSS_SOFT,-23.5,-470.0,False,False,True
2025-06-12 13:00:00,2025-06-12 13:09:00,21923.5,short,STOP_LOSS_SOFT,-25.25,-505.0,False,False,True
2025-06-12 14:30:00,2025-06-12 15:06:00,21920.5,short,STOP_LOSS_SOFT,-24.0,-480.0,False,False,True
2025-06-12 15:45:00,2025-06-12 16:02:00,21911.75,short,STOP_LOSS_SOFT,-24.75,-495.0,False,False,True
2025-06-12 16:15:00,2025-06-12 18:17:00,21929.5,short,TAKE_PROFIT_HARD,43.29999999999927,865.9999999999854,False,False,False
2025-06-12 20:30:00,2025-06-12 20:32:00,21600.0,short,TAKE_PROFIT_HARD,43.29999999999927,865.9999999999854,False,False,False
2025-06-12 22:00:00,2025-06-12 22:04:00,21612.5,long,STOP_LOSS_SOFT,-38.5,-770.0,False,False,True
2025-06-12 22:15:00,2025-06-12 22:31:00,21578.0,short,TAKE_PROFIT_HARD,43.29999999999927,865.9999999999854,False,False,False
2025-06-12 22:45:00,2025-06-12 22:49:00,21495.75,short,STOP_LOSS_SOFT,-27.0,-540.0,False,False,True
2025-06-13 03:00:00,2025-06-13 03:51:00,21605.75,long,TAKE_PROFIT_HARD,43.29999999999927,865.9999999999854,False,False,False
2025-06-13 04:45:00,2025-06-13 05:11:00,21604.5,short,STOP_LOSS_SOFT,-24.25,-485.0,False,False,True
2025-06-13 05:30:00,2025-06-13 05:42:00,21626.0,long,STOP_LOSS_SOFT,-22.5,-450.0,False,False,True
2025-06-13 05:45:00,2025-06-13 06:53:00,21611.5,short,STOP_LOSS_SOFT,-26.25,-525.0,False,False,True
2025-06-13 07:15:00,2025-06-13 09:12:00,21664.0,long,STOP_LOSS_SOFT,-22.5,-450.0,False,False,True
2025-06-13 09:30:00,2025-06-13 09:30:00,21680.75,long,TAKE_PROFIT_HARD,43.29999999999927,865.9999999999854,False,False,False
2025-06-13 10:45:00,2025-06-13 10:54:00,21708.0,long,TAKE_PROFIT_HARD,43.29999999999927,865.9999999999854,False,False,False
2025-06-13 15:00:00,2025-06-13 15:02:00,21668.25,long,STOP_LOSS_SOFT,-30.25,-605.0,False,False,True
2025-06-13 15:15:00,2025-06-13 15:22:00,21682.25,long,STOP_LOSS_SOFT,-33.5,-670.0,False,False,True
2025-06-13 16:00:00,2025-06-15 18:00:00,21652.25,long,TAKE_PROFIT_HARD,120.25,2405.0,False,False,False
2025-06-16 04:00:00,2025-06-16 04:02:00,22004.5,long,STOP_LOSS_SOFT,-22.75,-455.0,False,False,True
2025-06-16 04:45:00,2025-06-16 05:12:00,22007.5,long,STOP_LOSS_SOFT,-27.5,-550.0,False,False,True
2025-06-16 07:45:00,2025-06-16 08:22:00,22015.25,long,TAKE_PROFIT_HARD,43.29999999999927,865.9999999999854,False,False,False
2025-06-16 18:45:00,2025-06-16 19:31:00,22104.5,short,TAKE_PROFIT_HARD,43.29999999999927,865.9999999999854,False,False,False
2025-06-17 02:45:00,2025-06-17 03:06:00,22099.0,short,TAKE_PROFIT_HARD,43.29999999999927,865.9999999999854,False,False,False
2025-06-17 07:00:00,2025-06-17 08:02:00,22039.5,long,TAKE_PROFIT_HARD,43.29999999999927,865.9999999999854,False,False,False
2025-06-17 10:30:00,2025-06-17 12:07:00,22103.0,short,STOP_LOSS_SOFT,-22.25,-445.0,False,False,True
2025-06-17 12:30:00,2025-06-17 12:49:00,22108.75,short,TAKE_PROFIT_HARD,43.29999999999927,865.9999999999854,False,False,False
2025-06-17 14:15:00,2025-06-17 14:44:00,21957.75,short,TAKE_PROFIT_HARD,43.29999999999927,865.9999999999854,False,False,False
2025-06-17 14:45:00,2025-06-17 14:56:00,21934.25,short,STOP_LOSS_SOFT,-28.25,-565.0,False,False,True
2025-06-17 16:00:00,2025-06-17 18:02:00,21956.5,short,TAKE_PROFIT_HARD,43.29999999999927,865.9999999999854,False,False,False
2025-06-17 18:15:00,2025-06-17 18:42:00,21919.5,short,TAKE_PROFIT_HARD,43.29999999999927,865.9999999999854,False,False,False
2025-06-17 20:30:00,2025-06-17 20:38:00,21958.0,short,STOP_LOSS_SOFT,-24.5,-490.0,False,False,True
2025-06-18 00:30:00,2025-06-18 00:48:00,21956.75,short,STOP_LOSS_SOFT,-27.5,-550.0,False,False,True
2025-06-18 02:15:00,2025-06-18 05:04:00,22008.5,long,TAKE_PROFIT_HARD,43.29999999999927,865.9999999999854,False,False,False
2025-06-18 07:00:00,2025-06-18 07:28:00,21956.75,short,STOP_LOSS_SOFT,-25.25,-505.0,False,False,True
2025-06-18 08:00:00,2025-06-18 09:31:00,22007.5,long,STOP_LOSS_SOFT,-40.25,-805.0,False,False,True
2025-06-18 10:15:00,2025-06-18 10:34:00,22044.75,long,TAKE_PROFIT_HARD,43.29999999999927,865.9999999999854,False,False,False
2025-06-18 14:00:00,2025-06-18 14:00:00,22025.0,long,TAKE_PROFIT_HARD,43.29999999999927,865.9999999999854,True,True,False
2025-06-18 15:00:00,2025-06-18 15:05:00,21917.5,short,STOP_LOSS_HARD,-53.099999999998545,-1061.999999999971,False,False,True
2025-06-18 15:45:00,2025-06-18 15:50:00,22004.25,long,STOP_LOSS_SOFT,-35.0,-700.0,False,False,True
2025-06-18 16:00:00,2025-06-18 16:41:00,21949.0,short,STOP_LOSS_SOFT,-24.25,-485.0,False,False,True
2025-06-18 18:15:00,2025-06-18 19:50:00,21928.75,short,STOP_LOSS_SOFT,-23.0,-460.0,False,False,True
2025-06-18 20:15:00,2025-06-18 20:19:00,21893.25,short,TAKE_PROFIT_HARD,43.29999999999927,865.9999999999854,False,False,False
2025-06-20 02:45:00,2025-06-20 04:11:00,21921.75,short,STOP_LOSS_SOFT,-23.0,-460.0,False,False,True
2025-06-20 04:30:00,2025-06-20 04:50:00,21915.0,short,TAKE_PROFIT_HARD,43.29999999999927,865.9999999999854,False,False,False
2025-06-20 08:45:00,2025-06-20 09:21:00,22010.0,long,TAKE_PROFIT_HARD,43.29999999999927,865.9999999999854,False,False,False
2025-06-20 10:00:00,2025-06-20 10:11:00,22018.0,short,TAKE_PROFIT_HARD,43.29999999999927,865.9999999999854,False,False,False
2025-06-23 03:45:00,2025-06-23 04:10:00,21888.25,long,TAKE_PROFIT_HARD,43.29999999999927,865.9999999999854,False,False,False
2025-06-23 06:15:00,2025-06-23 06:24:00,21894.5,long,STOP_LOSS_SOFT,-22.5,-450.0,False,False,True
2025-06-23 07:15:00,2025-06-23 07:45:00,21826.0,short,TAKE_PROFIT_HARD,43.29999999999927,865.9999999999854,False,False,False
2025-06-23 09:00:00,2025-06-23 09:31:00,21883.5,long,STOP_LOSS_HARD,-53.099999999998545,-1061.999999999971,False,False,True
2025-06-23 10:00:00,2025-06-23 10:05:00,21925.25,long,TAKE_PROFIT_HARD,43.29999999999927,865.9999999999854,True,True,False
2025-06-23 11:00:00,2025-06-23 11:03:00,21954.0,short,STOP_LOSS_SOFT,-35.25,-705.0,False,False,True
2025-06-23 11:30:00,2025-06-23 12:22:00,21946.5,short,TAKE_PROFIT_HARD,43.29999999999927,865.9999999999854,False,False,False
2025-06-23 12:30:00,2025-06-23 12:33:00,21860.5,short,TAKE_PROFIT_HARD,43.29999999999927,865.9999999999854,False,False,False
2025-06-24 02:15:00,2025-06-24 03:07:00,22334.25,long,TAKE_PROFIT_HARD,43.29999999999927,865.9999999999854,False,False,False
2025-06-24 03:15:00,2025-06-24 03:30:00,22352.25,short,TAKE_PROFIT_HARD,43.29999999999927,865.9999999999854,False,False,False
2025-06-24 04:30:00,2025-06-24 04:34:00,22331.25,long,STOP_LOSS_SOFT,-23.5,-470.0,False,False,True
2025-06-24 05:15:00,2025-06-24 06:13:00,22310.0,long,STOP_LOSS_SOFT,-22.75,-455.0,False,False,True
2025-06-24 08:00:00,2025-06-24 08:17:00,22306.5,long,STOP_LOSS_SOFT,-25.25,-505.0,False,False,True
2025-06-24 09:45:00,2025-06-24 11:07:00,22311.25,long,TAKE_PROFIT_HARD,43.29999999999927,865.9999999999854,False,False,False
2025-06-25 11:15:00,2025-06-25 12:47:00,22454.5,short,TAKE_PROFIT_HARD,43.29999999999927,865.9999999999854,False,False,False
2025-06-25 13:45:00,2025-06-25 15:09:00,22414.75,short,STOP_LOSS_SOFT,-30.5,-610.0,False,False,True
2025-06-25 18:45:00,2025-06-25 20:34:00,22454.25,short,STOP_LOSS_SOFT,-22.0,-440.0,False,False,True
2025-06-26 14:30:00,2025-06-26 18:26:00,22673.25,short,STOP_LOSS_SOFT,-35.0,-700.0,False,False,True
2025-06-26 19:15:00,2025-06-26 23:02:00,22677.25,short,STOP_LOSS_SOFT,-23.0,-460.0,False,False,True
2025-06-27 07:30:00,2025-06-27 08:43:00,22759.5,long,STOP_LOSS_SOFT,-26.25,-525.0,False,True,True
2025-06-27 10:00:00,2025-06-27 10:09:00,22764.0,long,TAKE_PROFIT_HARD,43.29999999999927,865.9999999999854,False,False,False
2025-06-27 10:15:00,2025-06-27 10:28:00,22802.25,long,STOP_LOSS_SOFT,-24.5,-490.0,False,False,True
2025-06-27 10:30:00,2025-06-27 11:35:00,22783.25,short,STOP_LOSS_SOFT,-23.5,-470.0,False,False,True
2025-06-27 11:45:00,2025-06-27 12:19:00,22814.5,long,STOP_LOSS_SOFT,-31.0,-620.0,False,False,True
2025-06-27 12:45:00,2025-06-27 13:44:00,22779.25,short,TAKE_PROFIT_HARD,43.29999999999927,865.9999999999854,False,False,False
2025-06-27 14:30:00,2025-06-27 14:41:00,22666.0,short,TAKE_PROFIT_HARD,43.29999999999927,865.9999999999854,False,False,False
2025-07-01 11:30:00,2025-07-01 11:39:00,22684.5,long,STOP_LOSS_SOFT,-31.5,-630.0,False,False,True
2025-07-02 09:00:00,2025-07-02 09:30:00,22616.75,long,TAKE_PROFIT_HARD,43.29999999999927,865.9999999999854,False,False,False
2025-07-03 10:00:00,2025-07-03 10:04:00,22996.0,long,TAKE_PROFIT_HARD,43.29999999999927,865.9999999999854,True,True,False
2025-07-03 11:30:00,2025-07-03 11:41:00,23066.75,short,STOP_LOSS_SOFT,-30.25,-605.0,False,False,True
2025-07-03 12:00:00,2025-07-03 12:53:00,23083.0,short,TAKE_PROFIT_HARD,43.29999999999927,865.9999999999854,False,False,False
2025-07-04 01:45:00,2025-07-04 03:06:00,23001.5,long,STOP_LOSS_SOFT,-25.75,-515.0,False,False,True
2025-07-04 04:15:00,2025-07-04 04:27:00,22936.0,short,STOP_LOSS_SOFT,-23.0,-460.0,False,False,True
2025-07-04 05:00:00,2025-07-04 05:54:00,22926.5,short,STOP_LOSS_SOFT,-22.5,-450.0,False,False,True
2025-07-04 06:30:00,2025-07-04 06:55:00,22931.5,short,TAKE_PROFIT_HARD,43.29999999999927,865.9999999999854,False,False,False
2025-07-07 14:45:00,2025-07-07 15:01:00,22846.5,long,TAKE_PROFIT_HARD,43.29999999999927,865.9999999999854,False,False,False
2025-07-07 18:45:00,2025-07-07 20:41:00,22846.5,long,TAKE_PROFIT_HARD,43.29999999999927,865.9999999999854,False,False,False
2025-07-09 10:30:00,2025-07-09 10:31:00,23048.75,short,TAKE_PROFIT_HARD,43.29999999999927,865.9999999999854,False,False,False
2025-07-10 09:45:00,2025-07-10 09:52:00,23029.75,short,TAKE_PROFIT_HARD,43.29999999999927,865.9999999999854,False,False,False
2025-07-14 13:30:00,2025-07-14 18:25:00,23050.75,short,TAKE_PROFIT_HARD,43.29999999999927,865.9999999999854,False,False,False
2025-07-14 22:00:00,2025-07-14 22:14:00,23143.0,long,STOP_LOSS_SOFT,-22.5,-450.0,False,False,True
2025-07-14 22:30:00,2025-07-14 23:39:00,23073.0,short,STOP_LOSS_SOFT,-22.25,-445.0,False,False,True
2025-07-15 00:45:00,2025-07-15 01:23:00,23110.25,long,TAKE_PROFIT_HARD,43.29999999999927,865.9999999999854,False,False,False
2025-07-15 09:00:00,2025-07-15 09:34:00,23195.5,long,STOP_LOSS_SOFT,-34.0,-680.0,False,False,True
2025-07-15 11:15:00,2025-07-15 11:29:00,23126.5,long,TAKE_PROFIT_HARD,43.29999999999927,865.9999999999854,False,False,False
2025-07-15 13:15:00,2025-07-15 13:52:00,23105.0,long,TAKE_PROFIT_HARD,43.29999999999927,865.9999999999854,False,False,False
2025-07-15 15:45:00,2025-07-15 15:56:00,23110.0,long,STOP_LOSS_SOFT,-23.0,-460.0,False,False,True
2025-07-15 16:00:00,2025-07-15 18:12:00,23052.25,short,TAKE_PROFIT_HARD,43.29999999999927,865.9999999999854,False,False,False
2025-07-16 09:45:00,2025-07-16 09:52:00,23012.75,short,TAKE_PROFIT_HARD,43.29999999999927,865.9999999999854,False,False,False
2025-07-16 13:30:00,2025-07-16 14:42:00,23040.0,short,STOP_LOSS_SOFT,-22.25,-445.0,False,False,True
2025-07-16 16:00:00,2025-07-16 19:31:00,23074.5,short,TAKE_PROFIT_HARD,43.29999999999927,865.9999999999854,False,False,False
2025-07-16 21:30:00,2025-07-17 01:41:00,23050.25,short,STOP_LOSS_SOFT,-25.0,-500.0,False,False,True
2025-07-17 02:15:00,2025-07-17 04:25:00,23115.0,long,STOP_LOSS_SOFT,-23.75,-475.0,False,False,True
2025-07-17 04:45:00,2025-07-17 07:01:00,23103.75,long,STOP_LOSS_SOFT,-22.75,-455.0,False,False,True
2025-07-17 07:45:00,2025-07-17 08:37:00,23083.5,short,STOP_LOSS_SOFT,-26.25,-525.0,False,True,True
2025-07-17 08:45:00,2025-07-17 09:33:00,23123.0,long,STOP_LOSS_HARD,-53.099999999998545,-1061.999999999971,True,False,True
2025-07-17 09:45:00,2025-07-17 10:01:00,23122.5,long,TAKE_PROFIT_HARD,43.29999999999927,865.9999999999854,False,False,False
2025-07-17 11:00:00,2025-07-17 11:06:00,23194.5,long,TAKE_PROFIT_HARD,43.29999999999927,865.9999999999854,False,False,False
2025-07-18 10:30:00,2025-07-18 10:43:00,23193.0,short,STOP_LOSS_SOFT,-24.5,-490.0,False,False,True
2025-07-18 10:45:00,2025-07-18 11:01:00,23223.75,long,STOP_LOSS_SOFT,-24.25,-485.0,False,False,True
2025-07-18 12:15:00,2025-07-18 12:26:00,23222.0,short,TAKE_PROFIT_HARD,43.29999999999927,865.9999999999854,False,False,False
2025-07-18 12:30:00,2025-07-18 15:20:00,23203.0,short,STOP_LOSS_SOFT,-26.25,-525.0,False,False,True
2025-07-18 16:30:00,2025-07-20 18:57:00,23222.5,short,STOP_LOSS_SOFT,-21.75,-435.0,False,False,True
2025-07-22 10:45:00,2025-07-22 12:26:00,23215.5,long,STOP_LOSS_SOFT,-29.25,-585.0,False,False,True
2025-07-22 13:00:00,2025-07-22 13:28:00,23198.75,long,TAKE_PROFIT_HARD,43.29999999999927,865.9999999999854,False,False,False
2025-07-22 18:00:00,2025-07-22 18:32:00,23199.0,long,STOP_LOSS_SOFT,-22.25,-445.0,False,False,True
2025-07-22 19:15:00,2025-07-22 20:58:00,23225.75,long,STOP_LOSS_SOFT,-24.5,-490.0,False,False,True
2025-07-23 10:30:00,2025-07-23 10:34:00,23193.0,long,STOP_LOSS_SOFT,-41.75,-835.0,False,False,True
2025-07-23 11:00:00,2025-07-23 11:54:00,23199.5,long,TAKE_PROFIT_HARD,43.29999999999927,865.9999999999854,False,False,False
2025-07-24 22:00:00,2025-07-25 03:02:00,23426.75,short,TAKE_PROFIT_HARD,43.29999999999927,865.9999999999854,False,False,False
2025-07-25 16:00:00,2025-07-25 16:34:00,23422.5,short,STOP_LOSS_SOFT,-22.75,-455.0,False,False,True
2025-07-27 20:00:00,2025-07-27 22:33:00,23533.75,short,STOP_LOSS_SOFT,-24.0,-480.0,False,False,True
2025-07-28 03:15:00,2025-07-28 06:44:00,23544.0,short,TAKE_PROFIT_HARD,43.29999999999927,865.9999999999854,False,False,False
2025-07-28 21:30:00,2025-07-29 03:33:00,23540.5,short,STOP_LOSS_SOFT,-21.75,-435.0,False,False,True
2025-07-29 11:00:00,2025-07-29 11:25:00,23528.25,short,TAKE_PROFIT_HARD,43.29999999999927,865.9999999999854,False,False,False
2025-07-30 14:15:00,2025-07-30 14:32:00,23541.0,short,STOP_LOSS_SOFT,-24.75,-495.0,True,True,True
2025-07-30 15:00:00,2025-07-30 15:00:00,23412.75,short,TAKE_PROFIT_HARD,43.29999999999927,865.9999999999854,False,False,False
2025-07-30 15:15:00,2025-07-30 15:23:00,23439.0,long,STOP_LOSS_SOFT,-50.0,-1000.0,False,False,True
2025-07-30 18:15:00,2025-07-30 18:36:00,23696.75,short,STOP_LOSS_SOFT,-22.25,-445.0,False,False,True
2025-07-30 20:15:00,2025-07-30 20:23:00,23718.5,short,STOP_LOSS_SOFT,-28.0,-560.0,False,False,True
2025-07-30 21:45:00,2025-07-31 03:38:00,23773.75,long,TAKE_PROFIT_HARD,43.29999999999927,865.9999999999854,False,False,False
2025-07-31 07:15:00,2025-07-31 07:42:00,23787.0,long,STOP_LOSS_SOFT,-25.0,-500.0,False,False,True
2025-07-31 08:15:00,2025-07-31 09:28:00,23788.5,long,STOP_LOSS_SOFT,-38.0,-760.0,False,False,True
2025-07-31 11:00:00,2025-07-31 11:02:00,23542.0,short,STOP_LOSS_SOFT,-26.0,-520.0,False,False,True
2025-07-31 11:15:00,2025-07-31 11:29:00,23505.0,short,STOP_LOSS_SOFT,-29.75,-595.0,False,False,True
2025-07-31 13:15:00,2025-07-31 13:24:00,23540.5,short,TAKE_PROFIT_HARD,43.29999999999927,865.9999999999854,False,False,False
2025-07-31 14:30:00,2025-07-31 14:46:00,23417.75,long,TAKE_PROFIT_HARD,43.29999999999927,865.9999999999854,False,False,False
2025-07-31 15:45:00,2025-07-31 15:47:00,23410.0,long,STOP_LOSS_SOFT,-24.25,-485.0,False,False,True
2025-07-31 18:30:00,2025-07-31 18:40:00,23307.5,short,TAKE_PROFIT_HARD,43.29999999999927,865.9999999999854,False,False,False
2025-08-01 00:00:00,2025-08-01 02:29:00,23304.5,short,TAKE_PROFIT_HARD,43.29999999999927,865.9999999999854,False,False,False
2025-08-01 04:30:00,2025-08-01 04:48:00,23082.75,short,STOP_LOSS_SOFT,-28.25,-565.0,False,False,True
2025-08-01 06:45:00,2025-08-01 07:13:00,23065.0,short,STOP_LOSS_SOFT,-30.5,-610.0,False,False,True
2025-08-01 09:00:00,2025-08-01 09:01:00,23068.25,short,STOP_LOSS_SOFT,-22.0,-440.0,False,False,True
2025-08-01 09:15:00,2025-08-01 09:33:00,23059.25,short,TAKE_PROFIT_HARD,43.29999999999927,865.9999999999854,False,False,False
2025-08-04 04:30:00,2025-08-04 04:54:00,23035.5,short,STOP_LOSS_SOFT,-22.75,-455.0,False,False,True
2025-08-04 07:15:00,2025-08-04 07:31:00,23043.0,short,STOP_LOSS_SOFT,-30.0,-600.0,False,False,True
2025-08-04 08:00:00,2025-08-04 08:26:00,23044.75,short,STOP_LOSS_SOFT,-24.5,-490.0,False,False,True
2025-08-04 09:30:00,2025-08-04 09:35:00,23094.5,long,TAKE_PROFIT_HARD,43.29999999999927,865.9999999999854,False,False,False
2025-08-04 09:45:00,2025-08-04 09:55:00,23189.25,long,TAKE_PROFIT_HARD,43.29999999999927,865.9999999999854,False,False,False
2025-08-04 11:30:00,2025-08-04 11:54:00,23211.0,short,STOP_LOSS_SOFT,-29.75,-595.0,False,False,True
2025-08-04 16:15:00,2025-08-05 02:35:00,23334.0,long,TAKE_PROFIT_HARD,43.29999999999927,865.9999999999854,False,False,False
2025-08-05 04:30:00,2025-08-05 06:27:00,23337.5,long,TAKE_PROFIT_HARD,43.29999999999927,865.9999999999854,False,False,False
2025-08-05 09:45:00,2025-08-05 10:05:00,23358.25,long,STOP_LOSS_SOFT,-39.0,-780.0,False,True,True
2025-08-05 10:45:00,2025-08-05 10:48:00,23187.0,short,TAKE_PROFIT_HARD,43.29999999999927,865.9999999999854,False,False,False
2025-08-05 11:30:00,2025-08-05 11:35:00,23170.75,short,TAKE_PROFIT_HARD,43.29999999999927,865.9999999999854,False,False,False
2025-08-05 12:45:00,2025-08-05 13:25:00,23169.5,short,STOP_LOSS_SOFT,-34.25,-685.0,False,False,True
2025-08-05 14:30:00,2025-08-05 14:48:00,23179.0,short,TAKE_PROFIT_HARD,43.29999999999927,865.9999999999854,False,False,False
2025-08-05 21:45:00,2025-08-05 22:31:00,23116.75,long,TAKE_PROFIT_HARD,43.29999999999927,865.9999999999854,False,False,False
2025-08-06 03:30:00,2025-08-06 04:42:00,23207.0,short,TAKE_PROFIT_HARD,43.29999999999927,865.9999999999854,False,False,False
2025-08-06 10:30:00,2025-08-06 10:37:00,23199.5,short,STOP_LOSS_SOFT,-26.0,-520.0,False,False,True
2025-08-06 11:30:00,2025-08-06 11:51:00,23323.75,long,TAKE_PROFIT_HARD,43.29999999999927,865.9999999999854,False,False,False
2025-08-07 07:45:00,2025-08-07 09:10:00,23594.0,short,STOP_LOSS_SOFT,-23.0,-460.0,False,False,True
2025-08-07 09:30:00,2025-08-07 09:40:00,23601.5,short,STOP_LOSS_SOFT,-33.25,-665.0,False,False,True
2025-08-07 10:00:00,2025-08-07 10:08:00,23654.5,long,STOP_LOSS_SOFT,-25.25,-505.0,False,False,True
2025-08-07 10:30:00,2025-08-07 10:55:00,23575.0,short,TAKE_PROFIT_HARD,43.29999999999927,865.9999999999854,False,False,False
2025-08-07 11:15:00,2025-08-07 11:21:00,23525.0,short,STOP_LOSS_SOFT,-27.75,-555.0,False,False,True
2025-08-07 11:45:00,2025-08-07 12:03:00,23509.0,short,TAKE_PROFIT_HARD,43.29999999999927,865.9999999999854,False,False,False
2025-08-07 16:30:00,2025-08-07 18:09:00,23513.75,short,STOP_LOSS_SOFT,-28.25,-565.0,False,False,True
2025-08-08 01:45:00,2025-08-08 04:12:00,23530.25,short,STOP_LOSS_SOFT,-22.5,-450.0,False,False,True
2025-08-08 09:15:00,2025-08-08 09:31:00,23529.0,short,STOP_LOSS_SOFT,-34.0,-680.0,False,False,True
2025-08-08 10:00:00,2025-08-08 10:31:00,23643.5,long,TAKE_PROFIT_HARD,43.29999999999927,865.9999999999854,False,False,False
2025-08-08 12:00:00,2025-08-08 14:06:00,23680.5,long,TAKE_PROFIT_HARD,43.29999999999927,865.9999999999854,False,False,False
2025-08-08 15:45:00,2025-08-08 15:58:00,23686.25,short,STOP_LOSS_SOFT,-27.5,-550.0,False,False,True
2025-08-11 19:00:00,2025-08-12 01:04:00,23641.5,long,STOP_LOSS_SOFT,-22.5,-450.0,False,False,True
2025-08-12 02:00:00,2025-08-12 03:08:00,23629.5,long,TAKE_PROFIT_HARD,43.29999999999927,865.9999999999854,False,False,False
2025-08-12 05:30:00,2025-08-12 07:08:00,23645.25,long,STOP_LOSS_SOFT,-23.25,-465.0,False,False,True
2025-08-12 07:30:00,2025-08-12 08:26:00,23624.0,long,TAKE_PROFIT_HARD,43.29999999999927,865.9999999999854,False,True,False
2025-08-12 10:15:00,2025-08-12 10:37:00,23721.5,long,TAKE_PROFIT_HARD,43.29999999999927,865.9999999999854,False,False,False
2025-08-13 03:00:00,2025-08-13 03:18:00,23959.0,short,STOP_LOSS_SOFT,-24.5,-490.0,False,False,True
2025-08-13 05:00:00,2025-08-13 08:37:00,23994.5,short,STOP_LOSS_SOFT,-25.0,-500.0,False,False,True
2025-08-13 08:45:00,2025-08-13 09:38:00,24024.0,long,TAKE_PROFIT_HARD,43.29999999999927,865.9999999999854,False,False,False
2025-08-13 10:15:00,2025-08-13 10:28:00,23995.0,short,TAKE_PROFIT_HARD,43.29999999999927,865.9999999999854,False,False,False
2025-08-13 10:30:00,2025-08-13 11:12:00,23956.5,short,TAKE_PROFIT_HARD,43.29999999999927,865.9999999999854,False,False,False
2025-08-14 11:00:00,2025-08-14 11:24:00,23955.5,short,TAKE_PROFIT_HARD,43.29999999999927,865.9999999999854,False,False,False
2025-08-14 13:45:00,2025-08-14 14:14:00,23953.0,short,TAKE_PROFIT_HARD,43.29999999999927,865.9999999999854,False,False,False
2025-08-19 10:45:00,2025-08-19 11:00:00,23583.25,short,TAKE_PROFIT_HARD,43.29999999999927,865.9999999999854,False,False,False
2025-08-19 12:15:00,2025-08-19 12:23:00,23523.0,short,STOP_LOSS_SOFT,-28.75,-575.0,False,False,True
2025-08-19 12:45:00,2025-08-19 13:09:00,23496.0,short,TAKE_PROFIT_HARD,43.29999999999927,865.9999999999854,False,False,False
2025-08-19 13:30:00,2025-08-19 14:37:00,23485.75,long,STOP_LOSS_SOFT,-23.5,-470.0,False,False,True
2025-08-19 15:45:00,2025-08-19 15:54:00,23473.0,long,STOP_LOSS_SOFT,-30.25,-605.0,False,False,True
2025-08-19 18:45:00,2025-08-19 19:23:00,23464.5,long,STOP_LOSS_SOFT,-36.25,-725.0,False,False,True
2025-08-19 23:45:00,2025-08-20 02:31:00,23349.0,short,STOP_LOSS_SOFT,-28.25,-565.0,False,False,True
2025-08-20 11:15:00,2025-08-20 11:20:00,23132.5,long,TAKE_PROFIT_HARD,43.29999999999927,865.9999999999854,False,False,False
2025-08-20 16:00:00,2025-08-20 20:22:00,23324.75,short,TAKE_PROFIT_HARD,43.29999999999927,865.9999999999854,False,False,False
2025-08-20 22:45:00,2025-08-21 01:40:00,23356.75,short,TAKE_PROFIT_HARD,43.29999999999927,865.9999999999854,False,False,False
2025-08-21 02:30:00,2025-08-21 04:58:00,23352.75,short,TAKE_PROFIT_HARD,43.29999999999927,865.9999999999854,False,False,False
2025-08-22 12:00:00,2025-08-22 12:16:00,23569.0,short,TAKE_PROFIT_HARD,43.29999999999927,865.9999999999854,False,False,False
2025-08-22 13:00:00,2025-08-22 13:03:00,23528.5,short,STOP_LOSS_SOFT,-26.75,-535.0,False,False,True
2025-08-22 15:00:00,2025-08-22 15:39:00,23586.5,short,TAKE_PROFIT_HARD,43.29999999999927,865.9999999999854,False,False,False
2025-08-24 23:00:00,2025-08-24 23:43:00,23524.75,short,STOP_LOSS_SOFT,-25.0,-500.0,False,False,True
2025-08-25 03:00:00,2025-08-25 06:29:00,23522.25,short,TAKE_PROFIT_HARD,43.29999999999927,865.9999999999854,False,False,False
2025-08-25 10:00:00,2025-08-25 10:36:00,23519.25,long,TAKE_PROFIT_HARD,43.29999999999927,865.9999999999854,False,False,False
2025-08-25 16:00:00,2025-08-25 18:26:00,23495.5,short,STOP_LOSS_SOFT,-23.75,-475.0,False,False,True
2025-08-25 20:45:00,2025-08-25 20:56:00,23388.0,short,STOP_LOSS_SOFT,-28.75,-575.0,False,False,True
2025-08-25 21:30:00,2025-08-25 21:51:00,23452.25,long,STOP_LOSS_SOFT,-22.25,-445.0,False,False,True
2025-08-25 22:15:00,2025-08-26 03:12:00,23457.0,long,STOP_LOSS_SOFT,-38.0,-760.0,False,False,True
2025-08-26 03:45:00,2025-08-26 06:33:00,23455.75,long,TAKE_PROFIT_HARD,43.29999999999927,865.9999999999854,False,False,False
2025-08-26 08:00:00,2025-08-26 09:33:00,23470.5,long,TAKE_PROFIT_HARD,43.29999999999927,865.9999999999854,False,False,False
2025-08-26 11:00:00,2025-08-26 12:15:00,23522.0,short,STOP_LOSS_SOFT,-27.25,-545.0,False,False,True
2025-08-26 13:15:00,2025-08-26 13:54:00,23528.5,short,TAKE_PROFIT_HARD,43.29999999999927,865.9999999999854,False,False,False
2025-08-27 09:45:00,2025-08-27 10:06:00,23524.75,short,STOP_LOSS_SOFT,-24.25,-485.0,False,False,True
2025-08-27 14:15:00,2025-08-27 14:57:00,23650.0,long,STOP_LOSS_SOFT,-23.75,-475.0,False,False,True
2025-08-27 18:15:00,2025-08-27 21:40:00,23512.75,short,STOP_LOSS_SOFT,-24.0,-480.0,False,False,True
2025-08-28 04:15:00,2025-08-28 04:45:00,23648.75,long,STOP_LOSS_SOFT,-22.75,-455.0,False,False,True
2025-08-28 08:45:00,2025-08-28 09:30:00,23644.5,long,TAKE_PROFIT_HARD,43.29999999999927,865.9999999999854,True,False,False
2025-08-28 10:45:00,2025-08-28 11:16:00,23693.75,long,TAKE_PROFIT_HARD,43.29999999999927,865.9999999999854,False,False,False
2025-08-29 05:15:00,2025-08-29 08:06:00,23649.75,long,STOP_LOSS_SOFT,-23.5,-470.0,False,False,True
2025-08-29 08:45:00,2025-08-29 09:38:00,23655.5,long,STOP_LOSS_SOFT,-32.0,-640.0,True,False,True
2025-08-29 10:00:00,2025-08-29 10:05:00,23518.25,short,TAKE_PROFIT_HARD,43.29999999999927,865.9999999999854,False,False,False
2025-08-29 10:15:00,2025-08-29 10:21:00,23458.5,short,STOP_LOSS_SOFT,-38.5,-770.0,False,False,True
2025-08-29 11:15:00,2025-08-29 11:51:00,23467.75,long,STOP_LOSS_SOFT,-23.25,-465.0,False,False,True
2025-08-29 12:15:00,2025-08-29 13:05:00,23470.25,long,STOP_LOSS_SOFT,-41.25,-825.0,False,False,True
2025-08-29 14:00:00,2025-08-31 18:06:00,23459.5,long,TAKE_PROFIT_HARD,43.29999999999927,865.9999999999854,False,False,False
2025-09-02 04:00:00,2025-09-02 04:03:00,23278.25,short,STOP_LOSS_SOFT,-40.75,-815.0,False,False,True
2025-09-02 04:45:00,2025-09-02 05:01:00,23329.75,long,STOP_LOSS_SOFT,-26.25,-525.0,False,False,True
2025-09-02 06:30:00,2025-09-02 08:01:00,23254.75,short,TAKE_PROFIT_HARD,43.29999999999927,865.9999999999854,False,False,False
2025-09-02 12:00:00,2025-09-02 12:16:00,23047.5,short,STOP_LOSS_SOFT,-27.5,-550.0,False,False,True
2025-09-02 13:30:00,2025-09-02 13:39:00,23161.25,long,TAKE_PROFIT_HARD,43.29999999999927,865.9999999999854,False,False,False
2025-09-02 20:15:00,2025-09-02 23:39:00,23334.0,long,STOP_LOSS_SOFT,-22.5,-450.0,False,False,True
2025-09-03 00:30:00,2025-09-03 01:49:00,23334.25,long,STOP_LOSS_SOFT,-25.5,-510.0,False,False,True
2025-09-03 02:15:00,2025-09-03 03:51:00,23333.5,long,TAKE_PROFIT_HARD,43.29999999999927,865.9999999999854,False,False,False
2025-09-03 14:45:00,2025-09-03 15:43:00,23349.75,long,TAKE_PROFIT_HARD,43.29999999999927,865.9999999999854,False,False,False
2025-09-04 16:30:00,2025-09-04 19:27:00,23691.0,short,STOP_LOSS_SOFT,-24.5,-490.0,False,False,True
2025-09-04 21:00:00,2025-09-05 02:07:00,23729.75,long,TAKE_PROFIT_HARD,43.29999999999927,865.9999999999854,False,False,False
2025-09-05 08:45:00,2025-09-05 08:59:00,23830.0,long,TAKE_PROFIT_HARD,43.29999999999927,865.9999999999854,True,False,False
2025-09-05 10:15:00,2025-09-05 10:18:00,23756.25,short,TAKE_PROFIT_HARD,43.29999999999927,865.9999999999854,False,False,False
2025-09-05 15:45:00,2025-09-07 18:26:00,23664.75,short,STOP_LOSS_SOFT,-28.5,-570.0,False,False,True
2025-09-08 09:45:00,2025-09-08 09:56:00,23831.0,long,TAKE_PROFIT_HARD,43.29999999999927,865.9999999999854,False,False,False
2025-09-08 10:30:00,2025-09-08 11:47:00,23862.75,long,STOP_LOSS_SOFT,-28.0,-560.0,False,False,True
2025-09-08 14:30:00,2025-09-08 15:01:00,23812.5,long,STOP_LOSS_SOFT,-24.25,-485.0,False,False,True
2025-09-08 18:15:00,2025-09-09 03:11:00,23814.75,long,TAKE_PROFIT_HARD,43.29999999999927,865.9999999999854,False,False,False
2025-09-09 03:45:00,2025-09-09 07:18:00,23856.0,short,TAKE_PROFIT_HARD,43.29999999999927,865.9999999999854,False,False,False
2025-09-09 09:30:00,2025-09-09 09:55:00,23835.25,long,STOP_LOSS_SOFT,-27.5,-550.0,False,True,True
2025-09-09 10:15:00,2025-09-09 10:27:00,23835.75,long,STOP_LOSS_SOFT,-25.25,-505.0,True,False,True
2025-09-09 12:15:00,2025-09-09 15:50:00,23819.75,long,TAKE_PROFIT_HARD,43.29999999999927,865.9999999999854,False,False,False
2025-09-10 02:15:00,2025-09-10 04:33:00,23926.25,long,STOP_LOSS_SOFT,-32.25,-645.0,False,False,True
2025-09-10 06:45:00,2025-09-10 08:30:00,23926.0,long,TAKE_PROFIT_HARD,43.29999999999927,865.9999999999854,False,True,False
2025-09-10 11:45:00,2025-09-10 12:03:00,23955.25,long,STOP_LOSS_SOFT,-24.25,-485.0,False,False,True
2025-09-10 14:30:00,2025-09-10 15:12:00,23857.75,short,TAKE_PROFIT_HARD,43.29999999999927,865.9999999999854,False,False,False
2025-09-10 15:45:00,2025-09-10 18:56:00,23863.0,long,TAKE_PROFIT_HARD,43.29999999999927,865.9999999999854,False,False,False
2025-09-11 01:15:00,2025-09-11 02:15:00,23873.0,short,STOP_LOSS_SOFT,-21.75,-435.0,False,False,True
2025-09-11 04:00:00,2025-09-11 08:30:00,23931.5,long,STOP_LOSS_HARD,-53.099999999998545,-1061.999999999971,False,True,True
2025-09-11 09:00:00,2025-09-11 09:42:00,23959.75,long,STOP_LOSS_SOFT,-45.0,-900.0,False,False,True
2025-09-11 10:00:00,2025-09-11 10:20:00,23979.75,long,STOP_LOSS_SOFT,-24.25,-485.0,False,False,True
2025-09-12 09:30:00,2025-09-12 10:22:00,24040.25,short,STOP_LOSS_SOFT,-28.25,-565.0,False,False,True
2025-09-15 09:15:00,2025-09-15 09:32:00,24172.0,short,STOP_LOSS_SOFT,-37.0,-740.0,False,False,True
2025-09-15 23:45:00,2025-09-16 04:04:00,24582.25,long,TAKE_PROFIT_HARD,43.29999999999927,865.9999999999854,False,False,False
2025-09-16 04:15:00,2025-09-16 07:19:00,24634.0,long,STOP_LOSS_SOFT,-26.0,-520.0,False,False,True
2025-09-17 04:45:00,2025-09-17 04:51:00,24485.75,short,STOP_LOSS_SOFT,-28.5,-570.0,False,False,True
2025-09-17 07:45:00,2025-09-17 08:20:00,24489.75,short,STOP_LOSS_SOFT,-23.75,-475.0,False,False,True
2025-09-17 09:45:00,2025-09-17 09:51:00,24476.0,short,STOP_LOSS_SOFT,-24.75,-495.0,False,False,True
2025-09-17 20:00:00,2025-09-17 23:00:00,24583.5,long,TAKE_PROFIT_HARD,43.29999999999927,865.9999999999854,False,False,False
2025-09-18 02:45:00,2025-09-18 03:50:00,24614.75,long,TAKE_PROFIT_HARD,43.29999999999927,865.9999999999854,False,False,False
2025-09-18 10:00:00,2025-09-18 10:07:00,24697.0,long,TAKE_PROFIT_HARD,43.29999999999927,865.9999999999854,False,False,False
2025-09-22 15:45:00,2025-09-23 04:16:00,24992.75,short,STOP_LOSS_SOFT,-23.25,-465.0,False,False,True
2025-09-23 06:30:00,2025-09-23 09:41:00,24999.25,short,TAKE_PROFIT_HARD,43.29999999999927,865.9999999999854,False,False,False
2025-09-23 09:45:00,2025-09-23 13:03:00,24954.5,short,TAKE_PROFIT_HARD,43.29999999999927,865.9999999999854,False,False,False
2025-09-24 12:30:00,2025-09-24 13:12:00,24697.0,long,TAKE_PROFIT_HARD,43.29999999999927,865.9999999999854,False,False,False
2025-09-24 13:15:00,2025-09-24 14:11:00,24719.5,long,STOP_LOSS_SOFT,-33.75,-675.0,False,False,True
2025-09-25 07:00:00,2025-09-25 07:09:00,24689.0,long,STOP_LOSS_SOFT,-22.75,-455.0,False,False,True
2025-09-25 07:45:00,2025-09-25 08:47:00,24609.75,short,TAKE_PROFIT_HARD,43.29999999999927,865.9999999999854,False,False,False
2025-09-25 10:15:00,2025-09-25 10:21:00,24576.5,long,TAKE_PROFIT_HARD,43.29999999999927,865.9999999999854,False,False,False
2025-09-25 10:30:00,2025-09-25 11:08:00,24620.0,long,STOP_LOSS_SOFT,-32.0,-640.0,False,False,True
2025-09-25 11:30:00,2025-09-25 11:33:00,24598.75,short,STOP_LOSS_SOFT,-31.0,-620.0,False,False,True
2025-09-25 12:30:00,2025-09-25 12:31:00,24633.0,short,STOP_LOSS_SOFT,-27.75,-555.0,False,False,True
2025-09-25 12:45:00,2025-09-25 13:21:00,24628.0,short,TAKE_PROFIT_HARD,43.29999999999927,865.9999999999854,False,False,False
2025-09-25 14:15:00,2025-09-25 14:24:00,24532.5,long,TAKE_PROFIT_HARD,43.29999999999927,865.9999999999854,False,False,False
2025-09-25 14:30:00,2025-09-25 14:40:00,24581.5,long,TAKE_PROFIT_HARD,43.29999999999927,865.9999999999854,False,False,False
2025-09-25 14:45:00,2025-09-25 14:47:00,24624.25,long,STOP_LOSS_SOFT,-26.25,-525.0,False,False,True
2025-09-25 15:15:00,2025-09-25 16:01:00,24615.75,short,STOP_LOSS_SOFT,-27.25,-545.0,False,False,True
2025-09-25 16:15:00,2025-09-25 18:06:00,24624.75,short,STOP_LOSS_SOFT,-34.25,-685.0,False,False,True
2025-09-25 19:00:00,2025-09-25 21:51:00,24637.25,short,TAKE_PROFIT_HARD,43.29999999999927,865.9999999999854,False,False,False
2025-09-26 00:00:00,2025-09-26 02:06:00,24594.0,long,TAKE_PROFIT_HARD,43.29999999999927,865.9999999999854,False,False,False
2025-09-26 04:30:00,2025-09-26 04:49:00,24637.25,short,TAKE_PROFIT_HARD,43.29999999999927,865.9999999999854,False,False,False
2025-09-26 05:15:00,2025-09-26 05:27:00,24613.5,long,STOP_LOSS_SOFT,-22.75,-455.0,False,False,True
2025-09-26 08:15:00,2025-09-26 08:31:00,24637.75,short,STOP_LOSS_HARD,-53.099999999998545,-1061.999999999971,False,True,True
2025-09-26 08:45:00,2025-09-26 08:51:00,24727.5,long,STOP_LOSS_SOFT,-24.75,-495.0,True,False,True
2025-09-26 10:00:00,2025-09-26 10:05:00,24706.25,long,STOP_LOSS_SOFT,-37.75,-755.0,False,False,True
2025-09-26 10:45:00,2025-09-26 10:46:00,24626.75,long,STOP_LOSS_SOFT,-22.0,-440.0,False,False,True
2025-09-26 11:30:00,2025-09-26 11:38:00,24631.75,long,STOP_LOSS_SOFT,-38.5,-770.0,False,False,True
2025-09-26 12:15:00,2025-09-26 12:21:00,24599.5,long,TAKE_PROFIT_HARD,43.29999999999927,865.9999999999854,False,False,False
2025-09-26 13:00:00,2025-09-26 13:56:00,24691.0,long,STOP_LOSS_SOFT,-22.0,-440.0,False,False,True
2025-09-26 14:15:00,2025-09-26 14:40:00,24692.0,long,TAKE_PROFIT_HARD,43.29999999999927,865.9999999999854,False,False,False
2025-09-29 11:00:00,2025-09-29 11:15:00,24929.0,short,TAKE_PROFIT_HARD,43.29999999999927,865.9999999999854,False,False,False
2025-10-01 12:45:00,2025-10-01 13:02:00,24934.75,short,STOP_LOSS_SOFT,-30.25,-605.0,False,False,True
2025-10-01 14:15:00,2025-10-01 20:45:00,25012.0,long,TAKE_PROFIT_HARD,43.29999999999927,865.9999999999854,False,False,False
2025-10-02 03:30:00,2025-10-02 04:04:00,25072.75,short,STOP_LOSS_SOFT,-24.5,-490.0,False,False,True
2025-10-02 09:45:00,2025-10-02 10:05:00,25048.5,short,STOP_LOSS_SOFT,-30.25,-605.0,False,False,True
2025-10-02 10:15:00,2025-10-02 11:00:00,25060.75,short,TAKE_PROFIT_HARD,43.29999999999927,865.9999999999854,False,False,False
2025-10-02 15:45:00,2025-10-02 20:22:00,25111.75,short,STOP_LOSS_SOFT,-22.5,-450.0,False,False,True
2025-10-03 08:45:00,2025-10-03 09:32:00,25114.25,short,STOP_LOSS_SOFT,-34.25,-685.0,False,False,True
2025-10-03 10:00:00,2025-10-03 10:08:00,25105.75,short,TAKE_PROFIT_HARD,43.29999999999927,865.9999999999854,True,True,False
2025-10-03 10:15:00,2025-10-03 10:38:00,25076.0,short,STOP_LOSS_SOFT,-37.25,-745.0,True,False,True
2025-10-03 13:00:00,2025-10-03 13:02:00,25118.0,short,TAKE_PROFIT_HARD,43.29999999999927,865.9999999999854,False,False,False
2025-10-03 13:30:00,2025-10-03 13:47:00,25026.75,short,TAKE_PROFIT_HARD,43.29999999999927,865.9999999999854,False,False,False
2025-10-03 14:30:00,2025-10-03 14:33:00,25038.25,long,STOP_LOSS_SOFT,-36.75,-735.0,False,False,True
2025-10-05 20:00:00,2025-10-05 23:05:00,25066.75,short,STOP_LOSS_SOFT,-21.75,-435.0,False,False,True
2025-10-06 03:45:00,2025-10-06 04:05:00,25074.75,short,STOP_LOSS_SOFT,-32.0,-640.0,False,False,True
2025-10-06 08:15:00,2025-10-06 08:31:00,25229.5,long,STOP_LOSS_SOFT,-24.5,-490.0,False,False,True
2025-10-06 09:15:00,2025-10-06 09:33:00,25197.5,long,STOP_LOSS_SOFT,-30.75,-615.0,False,False,True
2025-10-06 09:45:00,2025-10-06 09:47:00,25140.75,short,STOP_LOSS_SOFT,-27.0,-540.0,False,False,True
2025-10-06 12:00:00,2025-10-06 14:32:00,25208.0,long,TAKE_PROFIT_HARD,43.29999999999927,865.9999999999854,False,False,False
2025-10-06 15:45:00,2025-10-06 18:40:00,25210.5,short,TAKE_PROFIT_HARD,43.29999999999927,865.9999999999854,False,False,False
2025-10-07 08:00:00,2025-10-07 08:58:00,25211.75,long,TAKE_PROFIT_HARD,43.29999999999927,865.9999999999854,False,False,False
2025-10-07 10:30:00,2025-10-07 11:02:00,25213.25,short,TAKE_PROFIT_HARD,43.29999999999927,865.9999999999854,False,False,False
2025-10-07 11:30:00,2025-10-07 11:36:00,25074.75,short,TAKE_PROFIT_HARD,43.29999999999927,865.9999999999854,False,False,False
2025-10-07 11:45:00,2025-10-07 11:48:00,25038.75,short,TAKE_PROFIT_HARD,43.29999999999927,865.9999999999854,False,False,False
2025-10-07 19:15:00,2025-10-07 21:22:00,25055.25,short,STOP_LOSS_SOFT,-22.5,-450.0,False,False,True
2025-10-07 21:45:00,2025-10-08 02:39:00,25072.75,short,TAKE_PROFIT_HARD,43.29999999999927,865.9999999999854,False,False,False
2025-10-08 06:15:00,2025-10-08 07:07:00,25078.25,short,STOP_LOSS_SOFT,-24.25,-485.0,False,False,True
2025-10-08 07:30:00,2025-10-08 07:47:00,25059.75,short,STOP_LOSS_SOFT,-27.5,-550.0,False,False,True
2025-10-08 08:15:00,2025-10-08 09:14:00,25050.75,short,STOP_LOSS_SOFT,-25.0,-500.0,False,False,True
2025-10-08 10:15:00,2025-10-08 10:51:00,25210.5,long,STOP_LOSS_SOFT,-29.25,-585.0,False,False,True
2025-10-08 11:15:00,2025-10-08 11:50:00,25210.75,long,TAKE_PROFIT_HARD,43.29999999999927,865.9999999999854,False,False,False
2025-10-08 12:15:00,2025-10-08 12:49:00,25265.75,long,STOP_LOSS_SOFT,-28.0,-560.0,False,False,True
2025-10-08 13:30:00,2025-10-08 15:20:00,25267.0,long,TAKE_PROFIT_HARD,43.29999999999927,865.9999999999854,False,False,False
2025-10-09 10:00:00,2025-10-09 10:28:00,25278.75,long,STOP_LOSS_SOFT,-22.0,-440.0,False,False,True
2025-10-09 10:45:00,2025-10-09 10:50:00,25202.5,short,STOP_LOSS_SOFT,-32.0,-640.0,False,False,True
2025-10-09 11:00:00,2025-10-09 11:29:00,25250.5,long,STOP_LOSS_SOFT,-23.0,-460.0,False,False,True
2025-10-09 12:15:00,2025-10-09 12:41:00,25266.0,long,STOP_LOSS_SOFT,-45.5,-910.0,False,False,True
2025-10-09 13:00:00,2025-10-09 14:26:00,25203.75,short,STOP_LOSS_SOFT,-28.25,-565.0,False,False,True
2025-10-09 15:45:00,2025-10-09 18:42:00,25275.25,long,TAKE_PROFIT_HARD,43.29999999999927,865.9999999999854,False,False,False
2025-10-10 06:15:00,2025-10-10 08:00:00,25283.25,long,TAKE_PROFIT_HARD,43.29999999999927,865.9999999999854,False,False,False
2025-10-10 15:30:00,2025-10-10 15:35:00,24531.5,short,TAKE_PROFIT_HARD,43.29999999999927,865.9999999999854,False,False,False
2025-10-12 20:45:00,2025-10-12 21:31:00,24810.0,long,TAKE_PROFIT_HARD,43.29999999999927,865.9999999999854,False,False,False
2025-10-12 23:15:00,2025-10-12 23:33:00,24837.0,long,STOP_LOSS_SOFT,-29.75,-595.0,False,False,True
2025-10-13 01:00:00,2025-10-13 03:01:00,24818.75,long,TAKE_PROFIT_HARD,43.29999999999927,865.9999999999854,False,False,False
2025-10-13 03:45:00,2025-10-13 04:19:00,24911.5,short,TAKE_PROFIT_HARD,43.29999999999927,865.9999999999854,False,False,False
2025-10-13 08:15:00,2025-10-13 08:58:00,24814.25,long,STOP_LOSS_SOFT,-28.5,-570.0,False,False,True
2025-10-13 09:15:00,2025-10-13 09:29:00,24849.25,long,STOP_LOSS_SOFT,-24.5,-490.0,False,False,True
2025-10-13 11:15:00,2025-10-13 11:20:00,24828.75,long,TAKE_PROFIT_HARD,43.29999999999927,865.9999999999854,False,False,False
2025-10-13 13:15:00,2025-10-13 14:22:00,24916.0,short,STOP_LOSS_SOFT,-24.0,-480.0,False,False,True
2025-10-13 14:45:00,2025-10-13 15:23:00,24921.25,short,STOP_LOSS_SOFT,-23.25,-465.0,False,False,True
2025-10-13 16:00:00,2025-10-13 20:14:00,24920.5,short,STOP_LOSS_SOFT,-23.5,-470.0,False,False,True
2025-10-13 23:15:00,2025-10-14 00:03:00,24925.25,short,TAKE_PROFIT_HARD,43.29999999999927,865.9999999999854,False,False,False
2025-10-14 01:00:00,2025-10-14 01:31:00,24806.25,long,STOP_LOSS_SOFT,-22.5,-450.0,False,False,True
2025-10-14 01:45:00,2025-10-14 01:51:00,24678.5,short,STOP_LOSS_SOFT,-27.0,-540.0,False,False,True
2025-10-14 12:00:00,2025-10-14 12:07:00,24805.0,long,STOP_LOSS_SOFT,-33.25,-665.0,False,False,True
2025-10-14 12:30:00,2025-10-14 12:41:00,24870.5,long,TAKE_PROFIT_HARD,43.29999999999927,865.9999999999854,True,False,False
2025-10-14 13:00:00,2025-10-14 13:11:00,24892.25,short,STOP_LOSS_SOFT,-28.75,-575.0,False,False,True
2025-10-14 13:45:00,2025-10-14 15:36:00,24918.0,short,TAKE_PROFIT_HARD,43.29999999999927,865.9999999999854,False,False,False
2025-10-14 16:15:00,2025-10-14 16:52:00,24730.25,short,STOP_LOSS_SOFT,-24.0,-480.0,False,False,True
2025-10-14 20:15:00,2025-10-14 20:30:00,24747.5,short,STOP_LOSS_SOFT,-29.75,-595.0,False,False,True
2025-10-14 21:30:00,2025-10-14 22:23:00,24805.5,long,TAKE_PROFIT_HARD,43.29999999999927,865.9999999999854,False,False,False
2025-10-14 23:30:00,2025-10-14 23:46:00,24828.75,long,STOP_LOSS_SOFT,-27.5,-550.0,False,False,True
2025-10-15 00:00:00,2025-10-15 01:00:00,24809.0,long,TAKE_PROFIT_HARD,43.29999999999927,865.9999999999854,False,False,False
2025-10-15 10:15:00,2025-10-15 11:20:00,25078.75,long,STOP_LOSS_SOFT,-25.75,-515.0,False,False,True
2025-10-15 11:30:00,2025-10-15 11:34:00,25053.0,short,TAKE_PROFIT_HARD,43.29999999999927,865.9999999999854,False,False,False
2025-10-15 13:00:00,2025-10-15 13:00:00,24903.0,short,TAKE_PROFIT_HARD,43.29999999999927,865.9999999999854,False,False,False
2025-10-15 15:15:00,2025-10-15 15:40:00,24924.75,short,TAKE_PROFIT_HARD,43.29999999999927,865.9999999999854,False,False,False
2025-10-15 15:45:00,2025-10-15 15:54:00,24912.25,short,TAKE_PROFIT_HARD,43.29999999999927,865.9999999999854,False,False,False
2025-10-15 16:45:00,2025-10-15 16:55:00,24918.75,short,STOP_LOSS_SOFT,-25.0,-500.0,False,False,True
2025-10-15 20:15:00,2025-10-15 20:32:00,24925.5,short,TAKE_PROFIT_HARD,43.29999999999927,865.9999999999854,False,False,False
2025-10-15 22:30:00,2025-10-15 22:58:00,24915.0,short,STOP_LOSS_SOFT,-24.5,-490.0,False,False,True
2025-10-15 23:15:00,2025-10-16 01:31:00,24924.0,short,STOP_LOSS_SOFT,-42.0,-840.0,False,False,True
2025-10-16 04:15:00,2025-10-16 04:28:00,25047.5,long,STOP_LOSS_SOFT,-26.5,-530.0,False,False,True
2025-10-16 06:15:00,2025-10-16 08:14:00,25060.5,long,STOP_LOSS_SOFT,-28.5,-570.0,False,False,True
2025-10-16 08:30:00,2025-10-16 08:43:00,25049.25,long,TAKE_PROFIT_HARD,43.29999999999927,865.9999999999854,False,False,False
2025-10-16 08:45:00,2025-10-16 09:04:00,25095.75,long,STOP_LOSS_SOFT,-28.5,-570.0,False,False,True
2025-10-16 09:30:00,2025-10-16 09:31:00,25045.5,short,STOP_LOSS_HARD,-53.099999999998545,-1061.999999999971,False,False,True
2025-10-16 09:45:00,2025-10-16 09:48:00,25092.0,long,STOP_LOSS_SOFT,-23.75,-475.0,False,False,True
2025-10-16 11:30:00,2025-10-16 11:41:00,25038.5,short,TAKE_PROFIT_HARD,43.29999999999927,865.9999999999854,False,False,False
2025-10-16 18:15:00,2025-10-16 18:24:00,24825.25,long,STOP_LOSS_SOFT,-25.25,-505.0,False,False,True
2025-10-16 19:00:00,2025-10-16 19:20:00,24741.5,short,STOP_LOSS_SOFT,-25.75,-515.0,False,False,True
2025-10-16 19:30:00,2025-10-16 19:56:00,24727.0,short,STOP_LOSS_SOFT,-27.5,-550.0,False,False,True
2025-10-16 21:15:00,2025-10-16 21:52:00,24814.25,long,STOP_LOSS_SOFT,-37.25,-745.0,False,False,True
2025-10-16 22:30:00,2025-10-16 22:49:00,24744.25,short,STOP_LOSS_SOFT,-25.5,-510.0,False,False,True
2025-10-16 23:15:00,2025-10-17 00:52:00,24745.75,short,TAKE_PROFIT_HARD,43.29999999999927,865.9999999999854,False,False,False
2025-10-17 09:00:00,2025-10-17 09:09:00,24738.25,short,STOP_LOSS_SOFT,-26.25,-525.0,False,False,True
2025-10-17 09:15:00,2025-10-17 09:34:00,24735.5,short,STOP_LOSS_HARD,-53.099999999998545,-1061.999999999971,False,False,True
2025-10-17 15:15:00,2025-10-17 15:31:00,25046.5,long,STOP_LOSS_SOFT,-48.25,-965.0,False,False,True
2025-10-20 05:00:00,2025-10-20 05:25:00,25074.5,short,STOP_LOSS_SOFT,-23.5,-470.0,False,False,True
2025-10-20 05:45:00,2025-10-20 06:41:00,25077.25,short,STOP_LOSS_SOFT,-24.0,-480.0,False,False,True
2025-10-20 07:45:00,2025-10-20 08:22:00,25067.75,short,STOP_LOSS_SOFT,-25.25,-505.0,False,False,True
2025-10-20 10:00:00,2025-10-20 10:26:00,25222.0,long,TAKE_PROFIT_HARD,43.29999999999927,865.9999999999854,False,False,False
2025-10-20 13:15:00,2025-10-20 15:16:00,25332.0,long,STOP_LOSS_SOFT,-22.25,-445.0,False,False,True
2025-10-20 19:15:00,2025-10-20 20:05:00,25336.5,long,STOP_LOSS_SOFT,-22.75,-455.0,False,False,True
2025-10-20 20:30:00,2025-10-21 00:56:00,25334.25,long,STOP_LOSS_SOFT,-33.75,-675.0,False,False,True
2025-10-21 02:15:00,2025-10-21 05:33:00,25270.75,short,STOP_LOSS_SOFT,-23.0,-460.0,False,False,True
2025-10-21 06:15:00,2025-10-21 07:16:00,25273.0,short,STOP_LOSS_SOFT,-25.25,-505.0,False,False,True
2025-10-21 09:45:00,2025-10-21 09:57:00,25256.5,short,TAKE_PROFIT_HARD,43.29999999999927,865.9999999999854,False,False,False
2025-10-21 10:30:00,2025-10-21 10:37:00,25221.25,short,STOP_LOSS_SOFT,-37.75,-755.0,False,False,True
2025-10-21 11:30:00,2025-10-21 11:47:00,25275.5,short,STOP_LOSS_SOFT,-35.75,-715.0,False,False,True
2025-10-21 12:30:00,2025-10-21 12:53:00,25336.25,long,STOP_LOSS_SOFT,-27.75,-555.0,False,False,True
2025-10-21 16:15:00,2025-10-21 16:43:00,25244.75,short,STOP_LOSS_SOFT,-23.75,-475.0,False,False,True
2025-10-21 18:15:00,2025-10-21 21:01:00,25262.0,short,TAKE_PROFIT_HARD,43.29999999999927,865.9999999999854,False,False,False
2025-10-21 22:45:00,2025-10-22 00:03:00,25275.25,short,STOP_LOSS_SOFT,-24.75,-495.0,False,False,True
2025-10-22 02:45:00,2025-10-22 03:01:00,25333.5,long,STOP_LOSS_SOFT,-28.0,-560.0,False,False,True
2025-10-22 03:15:00,2025-10-22 03:30:00,25279.75,short,STOP_LOSS_SOFT,-23.0,-460.0,False,False,True
2025-10-22 04:15:00,2025-10-22 06:33:00,25267.5,short,STOP_LOSS_SOFT,-21.75,-435.0,False,False,True
2025-10-22 07:15:00,2025-10-22 07:48:00,25250.25,short,TAKE_PROFIT_HARD,43.29999999999927,865.9999999999854,False,False,False
2025-10-22 10:00:00,2025-10-22 10:14:00,25258.0,short,TAKE_PROFIT_HARD,43.29999999999927,865.9999999999854,False,False,False
2025-10-22 10:15:00,2025-10-22 10:27:00,25211.25,short,TAKE_PROFIT_HARD,43.29999999999927,865.9999999999854,False,False,False
2025-10-22 10:45:00,2025-10-22 10:50:00,25074.25,short,STOP_LOSS_HARD,-53.099999999998545,-1061.999999999971,False,False,True
2025-10-22 11:30:00,2025-10-22 11:42:00,25028.0,short,STOP_LOSS_SOFT,-35.75,-715.0,False,False,True
2025-10-22 12:15:00,2025-10-22 12:23:00,25065.25,short,TAKE_PROFIT_HARD,43.29999999999927,865.9999999999854,False,False,False
2025-10-22 12:30:00,2025-10-22 12:30:00,25028.75,short,TAKE_PROFIT_HARD,43.29999999999927,865.9999999999854,False,False,False
2025-10-22 14:45:00,2025-10-22 15:06:00,24931.75,long,TAKE_PROFIT_HARD,43.29999999999927,865.9999999999854,False,False,False
2025-10-23 00:15:00,2025-10-23 02:46:00,25072.5,short,STOP_LOSS_SOFT,-32.5,-650.0,False,False,True
2025-10-23 05:15:00,2025-10-23 07:04:00,25065.5,short,TAKE_PROFIT_HARD,43.29999999999927,865.9999999999854,False,False,False
2025-10-23 12:15:00,2025-10-23 12:28:00,25222.75,long,STOP_LOSS_SOFT,-27.25,-545.0,False,False,True
2025-10-23 14:15:00,2025-10-23 16:33:00,25261.75,short,STOP_LOSS_SOFT,-29.5,-590.0,False,False,True
2025-10-23 18:00:00,2025-10-23 18:38:00,25278.0,short,STOP_LOSS_SOFT,-23.75,-475.0,False,False,True
2025-10-24 01:00:00,2025-10-24 02:20:00,25332.75,long,TAKE_PROFIT_HARD,43.29999999999927,865.9999999999854,False,False,False
2025-10-24 09:00:00,2025-10-24 09:21:00,25457.75,short,STOP_LOSS_SOFT,-29.25,-585.0,False,False,True
2025-10-27 16:45:00,2025-10-27 20:46:00,26002.25,long,STOP_LOSS_SOFT,-22.0,-440.0,False,False,True
2025-10-28 07:45:00,2025-10-28 09:03:00,26002.0,long,TAKE_PROFIT_HARD,43.29999999999927,865.9999999999854,False,False,False
2025-10-28 09:15:00,2025-10-28 10:32:00,26056.75,long,STOP_LOSS_SOFT,-31.5,-630.0,False,False,True
2025-10-28 11:00:00,2025-10-28 12:02:00,26035.0,long,TAKE_PROFIT_HARD,43.29999999999927,865.9999999999854,False,False,False
2025-10-28 13:00:00,2025-10-28 13:13:00,26108.5,short,STOP_LOSS_SOFT,-25.25,-505.0,False,False,True
2025-10-28 13:30:00,2025-10-28 13:51:00,26128.5,short,STOP_LOSS_SOFT,-26.25,-525.0,False,False,True
2025-10-29 01:30:00,2025-10-29 04:04:00,26257.5,long,TAKE_PROFIT_HARD,43.29999999999927,865.9999999999854,False,False,False
2025-10-29 06:30:00,2025-10-29 09:55:00,26260.25,long,TAKE_PROFIT_HARD,43.29999999999927,865.9999999999854,False,False,False
2025-10-29 12:45:00,2025-10-29 13:26:00,26254.5,long,STOP_LOSS_SOFT,-29.75,-595.0,False,False,True
2025-10-29 13:45:00,2025-10-29 14:13:00,26255.75,long,STOP_LOSS_SOFT,-27.0,-540.0,False,True,True
2025-10-29 20:15:00,2025-10-29 22:07:00,26277.25,long,TAKE_PROFIT_HARD,43.29999999999927,865.9999999999854,False,False,False
2025-10-30 01:30:00,2025-10-30 01:48:00,26289.0,long,STOP_LOSS_SOFT,-29.25,-585.0,False,False,True
2025-10-30 03:15:00,2025-10-30 03:25:00,26267.25,long,STOP_LOSS_SOFT,-28.5,-570.0,False,False,True
2025-10-30 03:45:00,2025-10-30 05:23:00,26261.25,long,STOP_LOSS_SOFT,-39.25,-785.0,False,False,True
2025-10-30 07:30:00,2025-10-30 08:09:00,26275.25,long,STOP_LOSS_SOFT,-29.5,-590.0,False,False,True
2025-10-30 08:45:00,2025-10-30 09:30:00,26118.5,short,TAKE_PROFIT_HARD,43.29999999999927,865.9999999999854,True,False,False
2025-10-30 12:15:00,2025-10-30 12:34:00,26091.75,long,STOP_LOSS_SOFT,-38.5,-770.0,False,False,True
2025-10-30 13:30:00,2025-10-30 13:36:00,26061.25,long,STOP_LOSS_SOFT,-28.25,-565.0,False,False,True
2025-10-30 15:30:00,2025-10-30 15:33:00,25927.5,short,STOP_LOSS_SOFT,-22.25,-445.0,False,False,True
2025-10-30 15:45:00,2025-10-30 16:00:00,25910.0,short,TAKE_PROFIT_HARD,43.29999999999927,865.9999999999854,False,False,False
2025-10-30 16:30:00,2025-10-30 16:30:00,26033.25,long,STOP_LOSS_HARD,-53.099999999998545,-1061.999999999971,False,False,True
2025-10-31 08:30:00,2025-10-31 08:37:00,26263.0,long,STOP_LOSS_SOFT,-36.75,-735.0,False,False,True
2025-10-31 09:45:00,2025-10-31 10:04:00,26118.25,short,TAKE_PROFIT_HARD,43.29999999999927,865.9999999999854,False,False,False
2025-10-31 11:45:00,2025-10-31 11:48:00,26120.75,short,TAKE_PROFIT_HARD,43.29999999999927,865.9999999999854,False,False,False
2025-10-31 12:00:00,2025-10-31 12:09:00,26052.25,short,TAKE_PROFIT_HARD,43.29999999999927,865.9999999999854,False,False,False
2025-10-31 13:15:00,2025-10-31 13:32:00,25916.25,short,STOP_LOSS_SOFT,-22.0,-440.0,False,False,True
2025-10-31 14:30:00,2025-10-31 14:55:00,26010.0,long,STOP_LOSS_SOFT,-22.5,-450.0,False,False,True
2025-10-31 15:00:00,2025-10-31 15:21:00,26014.0,long,TAKE_PROFIT_HARD,43.29999999999927,865.9999999999854,False,False,False
2025-11-03 09:45:00,2025-11-03 09:51:00,26167.0,short,TAKE_PROFIT_HARD,43.29999999999927,865.9999999999854,False,False,False
2025-11-04 01:15:00,2025-11-04 01:30:00,25788.25,short,TAKE_PROFIT_HARD,43.29999999999927,865.9999999999854,False,False,False
2025-11-04 05:15:00,2025-11-04 05:32:00,25685.25,long,TAKE_PROFIT_HARD,43.29999999999927,865.9999999999854,False,False,False
2025-11-04 10:30:00,2025-11-04 10:48:00,25864.0,long,STOP_LOSS_SOFT,-33.0,-660.0,False,False,True
2025-11-04 11:00:00,2025-11-04 11:01:00,25789.5,short,STOP_LOSS_SOFT,-28.0,-560.0,False,False,True
2025-11-04 11:15:00,2025-11-04 11:26:00,25783.25,short,TAKE_PROFIT_HARD,43.29999999999927,865.9999999999854,False,False,False
2025-11-04 14:00:00,2025-11-04 14:31:00,25669.25,long,STOP_LOSS_SOFT,-35.5,-710.0,False,False,True
2025-11-04 16:30:00,2025-11-04 16:46:00,25542.75,short,STOP_LOSS_SOFT,-23.25,-465.0,False,False,True
2025-11-04 18:15:00,2025-11-04 19:02:00,25528.75,short,TAKE_PROFIT_HARD,43.29999999999927,865.9999999999854,False,False,False
2025-11-04 22:00:00,2025-11-04 22:04:00,25415.25,long,TAKE_PROFIT_HARD,43.29999999999927,865.9999999999854,False,False,False
2025-11-05 01:45:00,2025-11-05 02:11:00,25538.75,short,TAKE_PROFIT_HARD,43.29999999999927,865.9999999999854,False,False,False
2025-11-05 09:30:00,2025-11-05 09:35:00,25541.75,short,TAKE_PROFIT_HARD,43.29999999999927,865.9999999999854,False,False,False
2025-11-05 11:30:00,2025-11-05 11:55:00,25743.0,long,TAKE_PROFIT_HARD,43.29999999999927,865.9999999999854,False,False,False
2025-11-05 14:00:00,2025-11-05 14:07:00,25864.5,long,STOP_LOSS_SOFT,-31.0,-620.0,False,False,True
2025-11-05 14:45:00,2025-11-05 15:27:00,25860.75,long,STOP_LOSS_SOFT,-30.5,-610.0,False,False,True
2025-11-05 16:00:00,2025-11-05 16:15:00,25741.0,short,TAKE_PROFIT_HARD,43.29999999999927,865.9999999999854,False,False,False
2025-11-05 20:45:00,2025-11-05 21:14:00,25674.0,long,STOP_LOSS_SOFT,-25.5,-510.0,False,False,True
2025-11-05 21:45:00,2025-11-06 02:17:00,25702.0,long,STOP_LOSS_SOFT,-25.25,-505.0,False,False,True
2025-11-06 04:00:00,2025-11-06 04:11:00,25672.25,long,TAKE_PROFIT_HARD,43.29999999999927,865.9999999999854,False,False,False
2025-11-06 08:45:00,2025-11-06 09:04:00,25802.25,short,TAKE_PROFIT_HARD,43.29999999999927,865.9999999999854,False,False,False
2025-11-06 14:30:00,2025-11-06 14:42:00,25431.25,long,STOP_LOSS_SOFT,-49.25,-985.0,False,False,True
2025-11-06 15:00:00,2025-11-06 15:16:00,25404.25,long,STOP_LOSS_SOFT,-25.25,-505.0,False,False,True
2025-11-06 16:00:00,2025-11-06 16:14:00,25258.25,short,STOP_LOSS_SOFT,-32.0,-640.0,False,False,True
2025-11-06 20:30:00,2025-11-06 20:36:00,25248.5,short,TAKE_PROFIT_HARD,43.29999999999927,865.9999999999854,False,False,False
2025-11-06 21:15:00,2025-11-06 21:48:00,25234.5,short,STOP_LOSS_SOFT,-29.25,-585.0,False,False,True
2025-11-06 22:15:00,2025-11-06 23:02:00,25237.75,short,TAKE_PROFIT_HARD,43.29999999999927,865.9999999999854,False,False,False
2025-11-07 04:45:00,2025-11-07 05:16:00,25257.75,short,TAKE_PROFIT_HARD,43.29999999999927,865.9999999999854,False,False,False
2025-11-07 06:45:00,2025-11-07 06:51:00,25138.5,long,TAKE_PROFIT_HARD,43.29999999999927,865.9999999999854,False,False,False
2025-11-07 08:15:00,2025-11-07 08:28:00,25106.0,long,STOP_LOSS_SOFT,-28.25,-565.0,False,False,True
2025-11-07 09:00:00,2025-11-07 09:06:00,25111.5,long,STOP_LOSS_SOFT,-24.75,-495.0,False,False,True
2025-11-07 09:30:00,2025-11-07 09:30:00,25110.0,long,STOP_LOSS_HARD,-53.099999999998545,-1061.999999999971,False,False,True
2025-11-09 20:30:00,2025-11-09 20:52:00,25386.75,long,TAKE_PROFIT_HARD,43.29999999999927,865.9999999999854,False,False,False
2025-11-09 21:00:00,2025-11-09 22:17:00,25428.5,long,TAKE_PROFIT_HARD,43.29999999999927,865.9999999999854,False,False,False
2025-11-10 06:00:00,2025-11-10 08:33:00,25529.0,short,STOP_LOSS_SOFT,-26.75,-535.0,False,False,True
2025-11-10 09:15:00,2025-11-10 09:31:00,25532.0,short,STOP_LOSS_SOFT,-43.0,-860.0,False,False,True
2025-11-10 09:45:00,2025-11-10 09:53:00,25630.0,long,STOP_LOSS_SOFT,-29.5,-590.0,False,False,True
2025-11-10 10:00:00,2025-11-10 10:48:00,25638.25,long,STOP_LOSS_SOFT,-33.25,-665.0,False,False,True
2025-11-10 11:00:00,2025-11-10 11:05:00,25524.0,short,TAKE_PROFIT_HARD,43.29999999999927,865.9999999999854,False,False,False
2025-11-10 12:15:00,2025-11-10 12:21:00,25518.0,short,STOP_LOSS_SOFT,-26.75,-535.0,False,False,True
2025-11-10 12:45:00,2025-11-10 12:53:00,25592.5,long,TAKE_PROFIT_HARD,43.29999999999927,865.9999999999854,False,False,False
2025-11-10 15:30:00,2025-11-10 15:47:00,25710.0,short,STOP_LOSS_SOFT,-34.0,-680.0,False,False,True
2025-11-10 16:00:00,2025-11-10 16:07:00,25713.0,short,STOP_LOSS_SOFT,-24.75,-495.0,False,False,True
2025-11-10 18:00:00,2025-11-10 18:58:00,25720.75,short,STOP_LOSS_SOFT,-24.25,-485.0,False,False,True
2025-11-10 23:15:00,2025-11-11 00:07:00,25721.0,short,TAKE_PROFIT_HARD,43.29999999999927,865.9999999999854,False,False,False
2025-11-11 08:45:00,2025-11-11 09:37:00,25593.5,long,TAKE_PROFIT_HARD,43.29999999999927,865.9999999999854,False,False,False
2025-11-11 09:45:00,2025-11-11 09:50:00,25609.75,long,STOP_LOSS_SOFT,-30.75,-615.0,False,False,True
2025-11-11 10:00:00,2025-11-11 10:04:00,25627.0,long,STOP_LOSS_SOFT,-29.75,-595.0,False,False,True
2025-11-11 11:00:00,2025-11-11 11:19:00,25513.0,short,STOP_LOSS_SOFT,-45.5,-910.0,False,False,True
2025-11-11 11:30:00,2025-11-11 12:05:00,25511.5,short,STOP_LOSS_SOFT,-47.5,-950.0,False,False,True
2025-11-11 13:00:00,2025-11-11 13:20:00,25618.0,long,TAKE_PROFIT_HARD,43.29999999999927,865.9999999999854,False,False,False
2025-11-11 22:15:00,2025-11-12 00:43:00,25717.0,short,STOP_LOSS_SOFT,-27.5,-550.0,False,False,True
2025-11-12 09:45:00,2025-11-12 09:46:00,25645.0,short,TAKE_PROFIT_HARD,43.29999999999927,865.9999999999854,False,False,False
2025-11-12 10:30:00,2025-11-12 10:35:00,25613.25,long,STOP_LOSS_SOFT,-40.25,-805.0,False,False,True
2025-11-12 11:15:00,2025-11-12 11:16:00,25511.0,short,STOP_LOSS_SOFT,-33.75,-675.0,False,False,True
2025-11-12 12:45:00,2025-11-12 12:50:00,25595.75,long,STOP_LOSS_SOFT,-29.0,-580.0,False,False,True
2025-11-12 13:00:00,2025-11-12 14:29:00,25608.75,long,STOP_LOSS_SOFT,-28.5,-570.0,False,False,True
2025-11-12 15:30:00,2025-11-12 15:50:00,25602.75,long,TAKE_PROFIT_HARD,43.29999999999927,865.9999999999854,False,False,False
2025-11-12 18:45:00,2025-11-12 19:03:00,25537.0,short,STOP_LOSS_SOFT,-21.75,-435.0,False,False,True
2025-11-12 20:15:00,2025-11-12 20:29:00,25699.75,long,STOP_LOSS_SOFT,-35.25,-705.0,False,False,True
2025-11-13 05:30:00,2025-11-13 06:32:00,25600.75,long,STOP_LOSS_SOFT,-33.5,-670.0,False,False,True
2025-11-13 07:00:00,2025-11-13 07:05:00,25590.75,long,STOP_LOSS_SOFT,-32.75,-655.0,False,False,True
2025-11-13 07:45:00,2025-11-13 07:56:00,25612.75,long,STOP_LOSS_SOFT,-29.0,-580.0,False,False,True
2025-11-13 08:45:00,2025-11-13 08:50:00,25512.25,short,STOP_LOSS_SOFT,-29.5,-590.0,False,False,True
2025-11-13 09:00:00,2025-11-13 09:09:00,25497.25,short,TAKE_PROFIT_HARD,43.29999999999927,865.9999999999854,False,False,False
2025-11-13 18:00:00,2025-11-13 18:01:00,25087.5,short,STOP_LOSS_SOFT,-39.5,-790.0,False,False,True
2025-11-13 23:15:00,2025-11-13 23:58:00,25080.5,short,TAKE_PROFIT_HARD,43.29999999999927,865.9999999999854,False,False,False
2025-11-14 00:45:00,2025-11-14 01:04:00,25099.5,long,STOP_LOSS_SOFT,-22.5,-450.0,False,False,True
2025-11-14 02:45:00,2025-11-14 03:14:00,24980.0,long,STOP_LOSS_SOFT,-23.75,-475.0,False,False,True
2025-11-14 04:00:00,2025-11-14 04:02:00,24984.5,long,TAKE_PROFIT_HARD,43.29999999999927,865.9999999999854,False,False,False
2025-11-14 05:15:00,2025-11-14 05:55:00,24978.5,long,STOP_LOSS_SOFT,-31.5,-630.0,False,False,True
2025-11-14 06:30:00,2025-11-14 06:42:00,24842.0,short,TAKE_PROFIT_HARD,43.29999999999927,865.9999999999854,False,False,False
2025-11-14 07:45:00,2025-11-14 07:50:00,24697.25,short,STOP_LOSS_SOFT,-31.5,-630.0,False,False,True
2025-11-14 08:30:00,2025-11-14 08:43:00,24710.0,short,TAKE_PROFIT_HARD,43.29999999999927,865.9999999999854,False,False,False
2025-11-14 08:45:00,2025-11-14 08:48:00,24671.5,short,STOP_LOSS_SOFT,-32.25,-645.0,False,False,True
2025-11-14 09:30:00,2025-11-14 09:32:00,24723.25,short,TAKE_PROFIT_HARD,43.29999999999927,865.9999999999854,False,False,False
2025-11-14 16:15:00,2025-11-16 18:00:00,25132.25,long,STOP_LOSS_HARD,-53.099999999998545,-1061.999999999971,False,False,True
2025-11-16 22:30:00,2025-11-16 23:07:00,25244.25,short,STOP_LOSS_SOFT,-27.0,-540.0,False,False,True
2025-11-17 00:45:00,2025-11-17 02:15:00,25261.75,short,STOP_LOSS_SOFT,-30.0,-600.0,False,False,True
2025-11-17 04:15:00,2025-11-17 04:36:00,25315.0,short,TAKE_PROFIT_HARD,43.29999999999927,865.9999999999854,False,False,False
2025-11-17 05:30:00,2025-11-17 05:50:00,25225.75,short,TAKE_PROFIT_HARD,43.29999999999927,865.9999999999854,False,False,False
2025-11-17 08:30:00,2025-11-17 08:31:00,25098.25,long,STOP_LOSS_SOFT,-31.5,-630.0,False,False,True
2025-11-17 13:45:00,2025-11-17 13:47:00,24998.75,long,TAKE_PROFIT_HARD,43.29999999999927,865.9999999999854,False,False,False
2025-11-17 18:15:00,2025-11-17 18:37:00,24903.75,short,STOP_LOSS_SOFT,-29.0,-580.0,False,False,True
2025-11-17 18:45:00,2025-11-17 19:18:00,24918.75,short,TAKE_PROFIT_HARD,43.29999999999927,865.9999999999854,False,False,False
2025-11-17 19:30:00,2025-11-17 19:52:00,24864.75,short,STOP_LOSS_SOFT,-24.5,-490.0,False,False,True
2025-11-17 21:15:00,2025-11-17 21:37:00,24925.5,short,TAKE_PROFIT_HARD,43.29999999999927,865.9999999999854,False,False,False
2025-11-17 21:45:00,2025-11-17 22:00:00,24875.5,short,TAKE_PROFIT_HARD,43.29999999999927,865.9999999999854,False,False,False
2025-11-17 23:15:00,2025-11-17 23:17:00,24716.75,short,TAKE_PROFIT_HARD,43.29999999999927,865.9999999999854,False,False,False
2025-11-18 01:00:00,2025-11-18 01:02:00,24709.5,short,STOP_LOSS_SOFT,-21.75,-435.0,False,False,True
2025-11-18 01:30:00,2025-11-18 01:35:00,24720.75,short,TAKE_PROFIT_HARD,43.29999999999927,865.9999999999854,False,False,False
2025-11-18 01:45:00,2025-11-18 02:05:00,24653.25,short,TAKE_PROFIT_HARD,43.29999999999927,865.9999999999854,False,False,False
2025-11-18 03:00:00,2025-11-18 03:01:00,24699.75,short,STOP_LOSS_SOFT,-32.0,-640.0,False,False,True
2025-11-18 03:45:00,2025-11-18 03:48:00,24819.0,long,STOP_LOSS_SOFT,-21.75,-435.0,False,False,True
2025-11-18 04:15:00,2025-11-18 04:24:00,24824.5,long,STOP_LOSS_SOFT,-25.75,-515.0,False,False,True
2025-11-18 05:00:00,2025-11-18 05:09:00,24837.25,long,STOP_LOSS_SOFT,-30.75,-615.0,False,False,True
2025-11-18 05:30:00,2025-11-18 06:36:00,24798.75,long,STOP_LOSS_SOFT,-27.0,-540.0,False,False,True
2025-11-18 07:00:00,2025-11-18 07:01:00,24800.75,long,STOP_LOSS_SOFT,-27.25,-545.0,False,False,True
2025-11-18 07:15:00,2025-11-18 07:18:00,24709.0,short,STOP_LOSS_SOFT,-38.5,-770.0,False,False,True
2025-11-18 08:00:00,2025-11-18 08:01:00,24692.5,short,STOP_LOSS_SOFT,-29.5,-590.0,False,False,True
2025-11-18 08:30:00,2025-11-18 08:31:00,24713.25,short,STOP_LOSS_SOFT,-29.25,-585.0,False,False,True
2025-11-18 09:30:00,2025-11-18 09:31:00,24717.0,short,TAKE_PROFIT_HARD,43.29999999999927,865.9999999999854,False,False,False
2025-11-19 06:30:00,2025-11-19 08:05:00,24706.75,short,TAKE_PROFIT_HARD,43.29999999999927,865.9999999999854,False,False,False
2025-11-19 08:15:00,2025-11-19 08:28:00,24652.0,short,STOP_LOSS_SOFT,-26.25,-525.0,False,False,True
2025-11-19 08:45:00,2025-11-19 09:10:00,24670.0,short,TAKE_PROFIT_HARD,43.29999999999927,865.9999999999854,False,False,False
2025-11-19 10:45:00,2025-11-19 10:48:00,24913.5,short,TAKE_PROFIT_HARD,43.29999999999927,865.9999999999854,False,False,False
2025-11-19 14:15:00,2025-11-19 14:25:00,24669.75,short,TAKE_PROFIT_HARD,43.29999999999927,865.9999999999854,True,False,False
2025-11-19 18:45:00,2025-11-19 19:18:00,25082.5,long,TAKE_PROFIT_HARD,43.29999999999927,865.9999999999854,False,False,False
2025-11-20 05:45:00,2025-11-20 06:04:00,25100.75,long,STOP_LOSS_SOFT,-25.5,-510.0,False,False,True
2025-11-20 06:45:00,2025-11-20 06:48:00,25124.0,long,STOP_LOSS_SOFT,-23.75,-475.0,False,False,True
2025-11-20 07:30:00,2025-11-20 07:48:00,25092.25,long,TAKE_PROFIT_HARD,43.29999999999927,865.9999999999854,False,False,False
2025-11-21 05:30:00,2025-11-21 05:31:00,23910.75,short,STOP_LOSS_HARD,-53.099999999998545,-1061.999999999971,False,False,True
2025-11-24 10:45:00,2025-11-24 11:07:00,24797.75,long,TAKE_PROFIT_HARD,43.29999999999927,865.9999999999854,False,False,False
2025-11-24 12:15:00,2025-11-24 12:17:00,24841.5,short,STOP_LOSS_SOFT,-29.5,-590.0,False,False,True
2025-11-24 15:45:00,2025-11-24 16:00:00,24958.0,long,STOP_LOSS_SOFT,-23.25,-465.0,False,False,True
2025-11-24 16:15:00,2025-11-24 19:10:00,24960.0,long,STOP_LOSS_SOFT,-26.0,-520.0,False,False,True
2025-11-24 20:00:00,2025-11-24 20:37:00,24958.25,long,STOP_LOSS_SOFT,-24.25,-485.0,False,False,True
2025-11-25 04:30:00,2025-11-25 04:42:00,24828.5,short,STOP_LOSS_SOFT,-34.0,-680.0,False,False,True
2025-11-25 12:30:00,2025-11-25 12:34:00,24991.25,long,TAKE_PROFIT_HARD,43.29999999999927,865.9999999999854,False,False,False
2025-11-25 15:00:00,2025-11-25 15:30:00,25013.75,long,TAKE_PROFIT_HARD,43.29999999999927,865.9999999999854,False,False,False
2025-11-25 18:15:00,2025-11-25 20:12:00,25088.0,long,TAKE_PROFIT_HARD,43.29999999999927,865.9999999999854,False,False,False
2025-11-26 10:00:00,2025-11-26 10:09:00,25167.5,short,STOP_LOSS_HARD,-53.099999999998545,-1061.999999999971,False,False,True
2025-11-26 13:00:00,2025-11-26 13:09:00,25338.75,short,TAKE_PROFIT_HARD,43.29999999999927,865.9999999999854,False,False,False
2025-11-28 09:30:00,2025-11-28 09:34:00,25359.0,short,STOP_LOSS_SOFT,-37.5,-750.0,False,False,True
2025-11-28 10:45:00,2025-11-28 11:07:00,25389.25,long,TAKE_PROFIT_HARD,43.29999999999927,865.9999999999854,False,False,False
2025-11-28 11:45:00,2025-11-28 12:55:00,25405.5,long,TAKE_PROFIT_HARD,43.29999999999927,865.9999999999854,False,False,False
2025-11-30 20:45:00,2025-11-30 21:07:00,25331.25,long,STOP_LOSS_SOFT,-26.75,-535.0,False,False,True
2025-11-30 22:15:00,2025-12-01 00:07:00,25250.0,short,TAKE_PROFIT_HARD,43.29999999999927,865.9999999999854,False,False,False
2025-12-01 02:15:00,2025-12-01 02:29:00,25251.75,short,STOP_LOSS_SOFT,-24.25,-485.0,False,False,True
2025-12-01 03:30:00,2025-12-01 04:36:00,25331.0,long,STOP_LOSS_SOFT,-21.75,-435.0,False,False,True
2025-12-01 05:45:00,2025-12-01 06:05:00,25328.5,long,STOP_LOSS_SOFT,-33.75,-675.0,False,False,True
2025-12-01 07:30:00,2025-12-01 07:49:00,25255.25,short,TAKE_PROFIT_HARD,43.29999999999927,865.9999999999854,False,False,False
2025-12-01 09:30:00,2025-12-01 09:34:00,25254.25,short,STOP_LOSS_SOFT,-45.25,-905.0,False,False,True
2025-12-04 09:30:00,2025-12-04 09:30:00,25711.75,short,TAKE_PROFIT_HARD,43.29999999999927,865.9999999999854,False,False,False
2025-12-04 21:45:00,2025-12-05 00:10:00,25696.25,short,STOP_LOSS_SOFT,-22.25,-445.0,False,False,True
2025-12-05 01:30:00,2025-12-05 03:20:00,25720.5,short,STOP_LOSS_SOFT,-24.5,-490.0,False,False,True
2025-12-05 04:15:00,2025-12-05 08:31:00,25717.25,short,TAKE_PROFIT_HARD,43.29999999999927,865.9999999999854,False,False,False
2025-12-05 10:00:00,2025-12-05 10:06:00,25791.25,long,TAKE_PROFIT_HARD,43.29999999999927,865.9999999999854,True,True,False
2025-12-05 10:15:00,2025-12-05 10:28:00,25858.25,long,STOP_LOSS_SOFT,-23.0,-460.0,True,False,True
2025-12-05 11:15:00,2025-12-05 11:26:00,25707.0,short,STOP_LOSS_SOFT,-24.25,-485.0,False,False,True
2025-12-05 11:30:00,2025-12-05 11:32:00,25697.75,short,TAKE_PROFIT_HARD,43.29999999999927,865.9999999999854,False,False,False
2025-12-05 11:45:00,2025-12-05 11:52:00,25690.25,short,STOP_LOSS_SOFT,-30.75,-615.0,False,False,True
2025-12-05 12:15:00,2025-12-05 12:52:00,25696.25,short,STOP_LOSS_SOFT,-39.25,-785.0,False,False,True
2025-12-05 14:30:00,2025-12-05 15:51:00,25722.25,short,TAKE_PROFIT_HARD,43.29999999999927,865.9999999999854,False,False,False
2025-12-07 19:15:00,2025-12-07 19:36:00,25714.0,short,STOP_LOSS_SOFT,-23.25,-465.0,False,False,True
2025-12-08 10:30:00,2025-12-08 10:56:00,25700.5,short,TAKE_PROFIT_HARD,43.29999999999927,865.9999999999854,False,False,False
2025-12-08 14:30:00,2025-12-08 15:59:00,25598.25,long,TAKE_PROFIT_HARD,43.29999999999927,865.9999999999854,False,False,False
2025-12-08 19:15:00,2025-12-08 21:12:00,25720.0,short,TAKE_PROFIT_HARD,43.29999999999927,865.9999999999854,False,False,False
2025-12-09 13:45:00,2025-12-09 13:54:00,25703.5,short,STOP_LOSS_SOFT,-27.75,-555.0,False,False,True
2025-12-10 03:45:00,2025-12-10 05:24:00,25721.5,short,TAKE_PROFIT_HARD,43.29999999999927,865.9999999999854,False,False,False
2025-12-10 11:15:00,2025-12-10 11:30:00,25610.5,long,TAKE_PROFIT_HARD,43.29999999999927,865.9999999999854,False,False,False
2025-12-10 19:15:00,2025-12-10 19:49:00,25724.25,short,TAKE_PROFIT_HARD,43.29999999999927,865.9999999999854,False,False,False
2025-12-11 03:15:00,2025-12-11 03:52:00,25494.75,short,STOP_LOSS_SOFT,-35.25,-705.0,False,False,True
2025-12-11 04:30:00,2025-12-11 06:50:00,25584.0,long,TAKE_PROFIT_HARD,43.29999999999927,865.9999999999854,False,False,False
2025-12-11 10:30:00,2025-12-11 10:37:00,25599.0,long,STOP_LOSS_SOFT,-38.5,-770.0,False,False,True
2025-12-11 11:15:00,2025-12-11 11:28:00,25512.0,short,TAKE_PROFIT_HARD,43.29999999999927,865.9999999999854,False,False,False
2025-12-11 12:00:00,2025-12-11 12:04:00,25501.25,short,STOP_LOSS_SOFT,-28.25,-565.0,False,False,True
2025-12-11 12:30:00,2025-12-11 12:42:00,25604.0,long,TAKE_PROFIT_HARD,43.29999999999927,865.9999999999854,False,False,False
2025-12-11 13:15:00,2025-12-11 13:43:00,25634.0,long,TAKE_PROFIT_HARD,43.29999999999927,865.9999999999854,False,False,False
2025-12-12 05:00:00,2025-12-12 06:37:00,25587.75,long,STOP_LOSS_SOFT,-36.25,-725.0,False,False,True
2025-12-12 08:15:00,2025-12-12 09:00:00,25588.0,long,TAKE_PROFIT_HARD,43.29999999999927,865.9999999999854,False,False,False
2025-12-12 12:30:00,2025-12-12 12:38:00,25222.75,short,STOP_LOSS_SOFT,-39.75,-795.0,False,False,True
2025-12-12 14:15:00,2025-12-12 15:31:00,25239.75,short,TAKE_PROFIT_HARD,43.29999999999927,865.9999999999854,False,False,False
2025-12-14 20:30:00,2025-12-14 21:32:00,25493.0,long,TAKE_PROFIT_HARD,43.29999999999927,865.9999999999854,False,False,False
2025-12-14 23:30:00,2025-12-15 04:12:00,25509.25,long,TAKE_PROFIT_HARD,43.29999999999927,865.9999999999854,False,False,False
2025-12-16 16:00:00,2025-12-16 16:19:00,25372.25,short,TAKE_PROFIT_HARD,43.29999999999927,865.9999999999854,False,False,False
2025-12-17 07:00:00,2025-12-17 08:14:00,25494.75,long,STOP_LOSS_HARD,-53.099999999998545,-1061.999999999971,False,False,True
2025-12-17 09:15:00,2025-12-17 09:35:00,25430.0,short,TAKE_PROFIT_HARD,43.29999999999927,865.9999999999854,False,False,False
2025-12-17 09:45:00,2025-12-17 09:46:00,25316.5,short,TAKE_PROFIT_HARD,43.29999999999927,865.9999999999854,False,False,False
2025-12-17 13:45:00,2025-12-17 14:33:00,24965.5,short,TAKE_PROFIT_HARD,43.29999999999927,865.9999999999854,False,False,False
2025-12-17 21:30:00,2025-12-17 22:14:00,24973.25,short,TAKE_PROFIT_HARD,43.29999999999927,865.9999999999854,False,False,False
2025-12-18 04:45:00,2025-12-18 08:30:00,25078.0,long,TAKE_PROFIT_HARD,43.29999999999927,865.9999999999854,False,True,False
2025-12-19 11:15:00,2025-12-19 11:49:00,25527.0,long,STOP_LOSS_SOFT,-26.25,-525.0,False,False,True
2025-12-22 09:45:00,2025-12-22 09:48:00,25693.25,short,STOP_LOSS_SOFT,-33.0,-660.0,False,False,True
2025-12-22 10:15:00,2025-12-22 10:21:00,25677.25,short,STOP_LOSS_SOFT,-27.0,-540.0,False,False,True
2025-12-22 20:15:00,2025-12-23 01:10:00,25715.5,short,TAKE_PROFIT_HARD,43.29999999999927,865.9999999999854,False,False,False
2025-12-23 05:00:00,2025-12-23 07:12:00,25718.75,short,TAKE_PROFIT_HARD,43.29999999999927,865.9999999999854,False,False,False
2025-12-23 10:00:00,2025-12-23 10:02:00,25692.75,short,TAKE_PROFIT_HARD,43.29999999999927,865.9999999999854,False,False,False
2025-12-24 11:15:00,2025-12-25 18:00:00,25850.75,long,TAKE_PROFIT_HARD,43.29999999999927,865.9999999999854,False,False,False
2025-12-25 20:15:00,2025-12-25 21:29:00,25909.75,long,STOP_LOSS_SOFT,-24.25,-485.0,False,False,True
2025-12-26 03:15:00,2025-12-26 04:57:00,25851.0,short,STOP_LOSS_SOFT,-25.0,-500.0,False,False,True
2025-12-26 08:45:00,2025-12-26 08:53:00,25917.25,long,STOP_LOSS_SOFT,-23.0,-460.0,False,False,True
2025-12-26 09:45:00,2025-12-26 09:51:00,25929.75,long,STOP_LOSS_HARD,-53.099999999998545,-1061.999999999971,False,False,True
2025-12-26 10:15:00,2025-12-26 10:20:00,25841.5,short,STOP_LOSS_SOFT,-38.0,-760.0,False,False,True
2025-12-26 10:30:00,2025-12-26 12:13:00,25883.5,long,STOP_LOSS_SOFT,-24.0,-480.0,False,False,True
2025-12-28 21:15:00,2025-12-29 00:25:00,25843.75,long,STOP_LOSS_SOFT,-25.5,-510.0,False,False,True
2025-12-29 09:00:00,2025-12-29 09:35:00,25693.0,short,STOP_LOSS_SOFT,-41.25,-825.0,False,False,True
2025-12-29 10:15:00,2025-12-29 10:17:00,25677.0,short,STOP_LOSS_SOFT,-32.25,-645.0,False,False,True
2025-12-29 10:30:00,2025-12-29 10:50:00,25745.0,long,STOP_LOSS_HARD,-53.099999999998545,-1061.999999999971,False,False,True
2025-12-29 11:00:00,2025-12-29 12:27:00,25702.75,short,TAKE_PROFIT_HARD,43.29999999999927,865.9999999999854,False,False,False
2025-12-29 13:00:00,2025-12-29 14:48:00,25700.0,long,TAKE_PROFIT_HARD,43.29999999999927,865.9999999999854,False,False,False
2025-12-29 18:30:00,2025-12-29 22:34:00,25709.5,short,STOP_LOSS_SOFT,-29.75,-595.0,False,False,True
2025-12-30 01:30:00,2025-12-30 03:50:00,25715.5,short,STOP_LOSS_SOFT,-22.75,-455.0,False,False,True
2025-12-30 06:15:00,2025-12-30 07:13:00,25716.75,short,STOP_LOSS_SOFT,-21.75,-435.0,False,False,True
2025-12-30 08:45:00,2025-12-30 09:50:00,25706.75,short,STOP_LOSS_SOFT,-36.25,-725.0,False,False,True
2025-12-30 10:00:00,2025-12-30 10:06:00,25756.75,long,STOP_LOSS_SOFT,-26.5,-530.0,False,False,True
2025-12-30 10:15:00,2025-12-30 10:51:00,25695.5,short,STOP_LOSS_SOFT,-29.25,-585.0,False,False,True
2025-12-30 11:00:00,2025-12-30 11:21:00,25744.0,long,TAKE_PROFIT_HARD,43.29999999999927,865.9999999999854,False,False,False
2025-12-30 12:00:00,2025-12-30 15:59:00,25720.0,short,TAKE_PROFIT_HARD,43.29999999999927,865.9999999999854,False,False,False
2025-12-30 19:45:00,2025-12-30 20:00:00,25635.75,short,TAKE_PROFIT_HARD,43.29999999999927,865.9999999999854,False,False,False
2025-12-31 09:00:00,2025-12-31 09:30:00,25703.0,long,STOP_LOSS_SOFT,-23.0,-460.0,False,False,True
2025-12-31 09:45:00,2025-12-31 10:18:00,25620.0,short,TAKE_PROFIT_HARD,43.29999999999927,865.9999999999854,False,False,False
2025-12-31 15:45:00,2025-12-31 15:50:00,25505.25,long,STOP_LOSS_SOFT,-26.75,-535.0,False,False,True
2026-01-01 19:30:00,2026-01-01 20:34:00,25505.0,long,TAKE_PROFIT_HARD,43.29999999999927,865.9999999999854,False,False,False
2026-01-02 01:30:00,2026-01-02 03:09:00,25639.5,short,STOP_LOSS_SOFT,-23.5,-470.0,False,False,True
2026-01-02 04:00:00,2026-01-02 07:12:00,25710.25,long,STOP_LOSS_SOFT,-23.0,-460.0,False,False,True
2026-01-02 07:15:00,2026-01-02 09:40:00,25691.75,short,TAKE_PROFIT_HARD,43.29999999999927,865.9999999999854,False,False,False
2026-01-02 12:30:00,2026-01-02 12:48:00,25385.5,short,TAKE_PROFIT_HARD,43.29999999999927,865.9999999999854,False,False,False
2026-01-02 16:00:00,2026-01-04 18:00:00,25385.5,short,STOP_LOSS_HARD,-53.099999999998545,-1061.999999999971,False,False,True
2026-01-05 10:45:00,2026-01-05 10:59:00,25641.25,short,STOP_LOSS_SOFT,-23.75,-475.0,False,False,True
2026-01-05 12:30:00,2026-01-05 13:15:00,25629.25,short,TAKE_PROFIT_HARD,43.29999999999927,865.9999999999854,False,False,False
2026-01-06 00:30:00,2026-01-06 01:34:00,25647.5,short,STOP_LOSS_SOFT,-25.5,-510.0,False,False,True
2026-01-06 02:45:00,2026-01-06 03:13:00,25648.25,short,TAKE_PROFIT_HARD,43.29999999999927,865.9999999999854,False,False,False
2026-01-06 08:15:00,2026-01-06 09:31:00,25631.5,short,STOP_LOSS_SOFT,-33.75,-675.0,False,False,True
2026-01-06 10:00:00,2026-01-06 10:45:00,25753.0,long,STOP_LOSS_SOFT,-35.0,-700.0,False,False,True
2026-01-06 11:00:00,2026-01-06 11:07:00,25687.5,short,TAKE_PROFIT_HARD,43.29999999999927,865.9999999999854,False,False,False
2026-01-06 12:15:00,2026-01-06 12:34:00,25714.0,long,TAKE_PROFIT_HARD,43.29999999999927,865.9999999999854,False,False,False
2026-01-06 16:00:00,2026-01-06 18:02:00,25813.5,short,STOP_LOSS_SOFT,-26.5,-530.0,False,False,True
2026-01-06 18:15:00,2026-01-06 23:09:00,25828.75,short,TAKE_PROFIT_HARD,43.29999999999927,865.9999999999854,False,False,False
2026-01-07 09:45:00,2026-01-07 10:01:00,25854.75,long,STOP_LOSS_SOFT,-40.5,-810.0,False,True,True
2026-01-07 10:15:00,2026-01-07 10:18:00,25859.25,long,STOP_LOSS_SOFT,-23.25,-465.0,True,False,True
2026-01-07 10:30:00,2026-01-07 10:39:00,25866.75,long,STOP_LOSS_HARD,-53.099999999998545,-1061.999999999971,False,False,True
2026-01-07 12:00:00,2026-01-07 13:19:00,25970.25,long,STOP_LOSS_SOFT,-23.0,-460.0,False,False,True
2026-01-07 13:45:00,2026-01-07 14:06:00,25969.5,long,STOP_LOSS_SOFT,-22.75,-455.0,False,False,True
2026-01-07 15:45:00,2026-01-07 21:47:00,25832.5,short,TAKE_PROFIT_HARD,43.29999999999927,865.9999999999854,False,False,False
2026-01-08 01:15:00,2026-01-08 02:15:00,25693.75,short,STOP_LOSS_SOFT,-24.25,-485.0,False,False,True
2026-01-08 10:00:00,2026-01-08 10:06:00,25603.25,short,STOP_LOSS_SOFT,-26.75,-535.0,False,False,True
2026-01-08 11:15:00,2026-01-08 11:21:00,25635.5,short,STOP_LOSS_SOFT,-29.5,-590.0,False,False,True
2026-01-08 11:30:00,2026-01-08 11:43:00,25624.75,short,STOP_LOSS_SOFT,-21.75,-435.0,False,False,True
2026-01-08 12:30:00,2026-01-08 12:33:00,25636.5,short,STOP_LOSS_SOFT,-28.75,-575.0,False,False,True
2026-01-08 13:15:00,2026-01-08 13:20:00,25626.75,short,STOP_LOSS_SOFT,-40.0,-800.0,False,False,True
2026-01-08 14:00:00,2026-01-08 15:14:00,25631.75,short,STOP_LOSS_SOFT,-22.75,-455.0,False,False,True
2026-01-08 16:45:00,2026-01-08 18:20:00,25730.75,long,STOP_LOSS_SOFT,-21.75,-435.0,False,False,True
2026-01-08 20:30:00,2026-01-08 21:10:00,25637.0,short,STOP_LOSS_SOFT,-22.5,-450.0,False,False,True
2026-01-09 04:45:00,2026-01-09 06:34:00,25711.0,long,TAKE_PROFIT_HARD,43.29999999999927,865.9999999999854,False,False,False
2026-01-09 09:30:00,2026-01-09 09:30:00,25714.5,short,TAKE_PROFIT_HARD,43.29999999999927,865.9999999999854,False,False,False
2026-01-09 10:45:00,2026-01-09 11:00:00,25780.75,short,STOP_LOSS_SOFT,-41.75,-835.0,False,False,True
2026-01-09 14:00:00,2026-01-09 16:00:00,25961.25,long,STOP_LOSS_SOFT,-32.0,-640.0,False,False,True
2026-01-11 23:15:00,2026-01-12 00:47:00,25725.0,short,TAKE_PROFIT_HARD,43.29999999999927,865.9999999999854,False,False,False
2026-01-12 03:15:00,2026-01-12 03:20:00,25716.0,short,TAKE_PROFIT_HARD,43.29999999999927,865.9999999999854,False,False,False
2026-01-12 03:30:00,2026-01-12 03:40:00,25676.75,short,TAKE_PROFIT_HARD,43.29999999999927,865.9999999999854,False,False,False
2026-01-12 06:30:00,2026-01-12 07:34:00,25718.75,short,STOP_LOSS_SOFT,-27.0,-540.0,False,False,True
2026-01-12 10:00:00,2026-01-12 10:46:00,25901.0,long,STOP_LOSS_SOFT,-23.25,-465.0,False,False,True
2026-01-13 14:30:00,2026-01-13 15:13:00,25866.0,long,STOP_LOSS_SOFT,-23.5,-470.0,False,False,True
2026-01-13 15:45:00,2026-01-13 15:54:00,25844.5,long,TAKE_PROFIT_HARD,43.29999999999927,865.9999999999854,False,False,False
2026-01-13 16:00:00,2026-01-13 21:09:00,25903.75,long,STOP_LOSS_SOFT,-23.75,-475.0,False,False,True
2026-01-14 01:45:00,2026-01-14 05:14:00,25857.5,long,STOP_LOSS_SOFT,-24.25,-485.0,False,False,True
2026-01-14 08:30:00,2026-01-14 08:31:00,25797.5,long,STOP_LOSS_SOFT,-29.25,-585.0,True,True,True
2026-01-14 12:00:00,2026-01-14 12:08:00,25460.25,short,STOP_LOSS_SOFT,-29.75,-595.0,False,False,True
2026-01-14 13:00:00,2026-01-14 13:03:00,25449.75,short,STOP_LOSS_SOFT,-23.5,-470.0,False,False,True
2026-01-14 13:45:00,2026-01-14 13:51:00,25463.5,short,STOP_LOSS_SOFT,-36.75,-735.0,False,False,True
2026-01-14 16:00:00,2026-01-14 16:36:00,25636.5,long,STOP_LOSS_SOFT,-26.5,-530.0,False,False,True
2026-01-14 18:30:00,2026-01-14 20:03:00,25595.5,long,TAKE_PROFIT_HARD,43.29999999999927,865.9999999999854,False,False,False
2026-01-14 23:15:00,2026-01-15 00:44:00,25592.0,long,TAKE_PROFIT_HARD,43.29999999999927,865.9999999999854,False,False,False
2026-01-15 02:00:00,2026-01-15 03:11:00,25700.75,short,STOP_LOSS_SOFT,-43.75,-875.0,False,False,True
2026-01-15 03:30:00,2026-01-15 03:57:00,25713.5,short,STOP_LOSS_SOFT,-25.5,-510.0,False,False,True
2026-01-15 04:30:00,2026-01-15 06:14:00,25803.75,long,TAKE_PROFIT_HARD,43.29999999999927,865.9999999999854,False,False,False
2026-01-15 06:15:00,2026-01-15 07:26:00,25846.0,long,STOP_LOSS_SOFT,-28.0,-560.0,False,False,True
2026-01-15 08:00:00,2026-01-15 08:45:00,25852.75,long,TAKE_PROFIT_HARD,43.29999999999927,865.9999999999854,False,False,False
2026-01-15 15:30:00,2026-01-15 18:50:00,25718.75,short,STOP_LOSS_SOFT,-22.25,-445.0,False,False,True
2026-01-15 21:15:00,2026-01-16 02:25:00,25785.75,long,TAKE_PROFIT_HARD,43.29999999999927,865.9999999999854,False,False,False
2026-01-16 04:30:00,2026-01-16 05:03:00,25839.5,long,STOP_LOSS_SOFT,-22.0,-440.0,False,False,True
2026-01-16 05:45:00,2026-01-16 07:23:00,25854.5,long,STOP_LOSS_SOFT,-28.0,-560.0,False,False,True
2026-01-16 07:45:00,2026-01-16 07:55:00,25845.75,long,STOP_LOSS_SOFT,-32.5,-650.0,False,False,True
2026-01-16 09:15:00,2026-01-16 09:30:00,25839.0,long,TAKE_PROFIT_HARD,43.29999999999927,865.9999999999854,False,False,False
2026-01-16 10:15:00,2026-01-16 10:19:00,25721.0,short,TAKE_PROFIT_HARD,43.29999999999927,865.9999999999854,False,False,False
2026-01-16 12:00:00,2026-01-16 12:46:00,25716.5,short,TAKE_PROFIT_HARD,43.29999999999927,865.9999999999854,False,False,False
2026-01-16 14:00:00,2026-01-16 14:05:00,25716.5,short,STOP_LOSS_SOFT,-29.75,-595.0,False,False,True
2026-01-16 14:15:00,2026-01-16 14:48:00,25695.0,short,STOP_LOSS_SOFT,-22.75,-455.0,False,False,True
2026-01-16 15:30:00,2026-01-18 18:00:00,25711.5,short,TAKE_PROFIT_HARD,240.5,4810.0,False,False,False
2026-01-19 05:30:00,2026-01-19 05:35:00,25306.25,long,STOP_LOSS_SOFT,-28.25,-565.0,False,False,True
2026-01-19 06:30:00,2026-01-19 06:48:00,25313.5,long,STOP_LOSS_SOFT,-23.0,-460.0,False,False,True
2026-01-19 07:45:00,2026-01-19 08:16:00,25339.75,long,STOP_LOSS_SOFT,-32.25,-645.0,False,False,True
2026-01-19 08:45:00,2026-01-19 09:18:00,25320.75,long,STOP_LOSS_SOFT,-24.5,-490.0,False,False,True
2026-01-19 09:45:00,2026-01-19 09:51:00,25245.5,short,STOP_LOSS_SOFT,-31.75,-635.0,False,False,True
2026-01-19 10:00:00,2026-01-19 10:23:00,25316.0,long,STOP_LOSS_SOFT,-22.5,-450.0,False,False,True
2026-01-19 10:45:00,2026-01-19 11:11:00,25321.25,long,TAKE_PROFIT_HARD,43.29999999999927,865.9999999999854,False,False,False
2026-01-20 02:00:00,2026-01-20 02:17:00,25310.5,long,STOP_LOSS_SOFT,-31.75,-635.0,False,False,True
2026-01-20 03:30:00,2026-01-20 03:35:00,25237.25,short,TAKE_PROFIT_HARD,43.29999999999927,865.9999999999854,False,False,False
2026-01-20 05:00:00,2026-01-20 05:20:00,25134.25,long,TAKE_PROFIT_HARD,43.29999999999927,865.9999999999854,False,False,False
2026-01-20 07:30:00,2026-01-20 07:41:00,25234.25,short,STOP_LOSS_SOFT,-28.25,-565.0,False,False,True
2026-01-20 08:15:00,2026-01-20 08:18:00,25226.5,short,STOP_LOSS_SOFT,-21.75,-435.0,False,False,True
2026-01-20 13:30:00,2026-01-20 13:40:00,25247.75,short,TAKE_PROFIT_HARD,43.29999999999927,865.9999999999854,False,False,False
2026-01-20 13:45:00,2026-01-20 14:19:00,25210.0,short,TAKE_PROFIT_HARD,43.29999999999927,865.9999999999854,False,False,False
2026-01-20 16:00:00,2026-01-20 18:53:00,25142.25,long,STOP_LOSS_SOFT,-31.25,-625.0,False,False,True
2026-01-21 10:15:00,2026-01-21 10:16:00,25327.5,long,TAKE_PROFIT_HARD,43.29999999999927,865.9999999999854,False,False,False
2026-01-21 12:00:00,2026-01-21 12:11:00,25229.25,short,TAKE_PROFIT_HARD,43.29999999999927,865.9999999999854,False,False,False
2026-01-21 12:15:00,2026-01-21 12:18:00,25153.0,short,STOP_LOSS_SOFT,-39.0,-780.0,False,False,True
2026-01-21 13:45:00,2026-01-21 13:48:00,25218.0,short,STOP_LOSS_SOFT,-35.5,-710.0,False,False,True
2026-01-21 14:15:00,2026-01-21 14:27:00,25242.0,short,STOP_LOSS_HARD,-53.099999999998545,-1061.999999999971,False,False,True
2026-01-22 05:15:00,2026-01-22 06:09:00,25685.25,short,STOP_LOSS_SOFT,-27.25,-545.0,False,False,True
2026-01-22 06:30:00,2026-01-22 08:04:00,25681.5,short,STOP_LOSS_SOFT,-24.75,-495.0,False,False,True
2026-01-22 09:15:00,2026-01-22 09:30:00,25717.5,short,TAKE_PROFIT_HARD,43.29999999999927,865.9999999999854,False,False,False
2026-01-22 12:00:00,2026-01-22 12:33:00,25669.5,short,STOP_LOSS_SOFT,-33.25,-665.0,False,False,True
2026-01-22 13:15:00,2026-01-22 14:56:00,25695.25,short,TAKE_PROFIT_HARD,43.29999999999927,865.9999999999854,False,False,False
2026-01-22 21:30:00,2026-01-22 22:17:00,25677.0,short,STOP_LOSS_SOFT,-25.0,-500.0,False,False,True
2026-01-23 01:45:00,2026-01-23 03:14:00,25704.75,short,TAKE_PROFIT_HARD,43.29999999999927,865.9999999999854,False,False,False
2026-01-23 03:15:00,2026-01-23 03:33:00,25656.75,short,TAKE_PROFIT_HARD,43.29999999999927,865.9999999999854,False,False,False
2026-01-23 10:30:00,2026-01-23 10:47:00,25746.0,long,TAKE_PROFIT_HARD,43.29999999999927,865.9999999999854,False,False,False
2026-01-23 13:00:00,2026-01-23 13:04:00,25693.75,short,STOP_LOSS_SOFT,-26.25,-525.0,False,False,True
2026-01-23 13:30:00,2026-01-23 13:44:00,25753.0,long,STOP_LOSS_SOFT,-21.75,-435.0,False,False,True
2026-01-23 14:15:00,2026-01-23 15:07:00,25747.25,long,STOP_LOSS_SOFT,-22.75,-455.0,False,False,True
2026-01-23 15:30:00,2026-01-23 15:49:00,25710.5,short,STOP_LOSS_SOFT,-28.25,-565.0,False,False,True
2026-01-23 16:15:00,2026-01-25 18:00:00,25703.0,short,TAKE_PROFIT_HARD,117.5,2350.0,False,False,False
2026-01-26 04:15:00,2026-01-26 04:32:00,25705.25,short,TAKE_PROFIT_HARD,43.5,870.0,False,False,False
2026-01-26 10:15:00,2026-01-26 10:20:00,25839.0,long,TAKE_PROFIT_HARD,43.29999999999927,865.9999999999854,False,False,False
2026-01-26 10:30:00,2026-01-26 10:52:00,25845.75,long,TAKE_PROFIT_HARD,43.29999999999927,865.9999999999854,False,False,False
2026-01-26 11:00:00,2026-01-26 11:32:00,25881.25,long,TAKE_PROFIT_HARD,43.29999999999927,865.9999999999854,False,False,False
2026-01-26 16:15:00,2026-01-26 19:20:00,25854.75,long,TAKE_PROFIT_HARD,43.29999999999927,865.9999999999854,False,False,False
2026-01-26 23:30:00,2026-01-27 01:01:00,25986.75,short,STOP_LOSS_SOFT,-25.0,-500.0,False,False,True
2026-01-27 03:15:00,2026-01-27 06:32:00,25990.25,short,STOP_LOSS_SOFT,-25.5,-510.0,False,False,True
2026-01-27 09:00:00,2026-01-27 09:35:00,25989.75,short,TAKE_PROFIT_HARD,43.29999999999927,865.9999999999854,False,False,False
2026-01-27 09:45:00,2026-01-27 09:50:00,25959.25,short,STOP_LOSS_SOFT,-34.5,-690.0,False,False,True
2026-01-27 16:45:00,2026-01-27 19:11:00,26113.25,long,TAKE_PROFIT_HARD,43.29999999999927,865.9999999999854,False,False,False
2026-01-28 10:15:00,2026-01-28 10:21:00,26216.25,short,STOP_LOSS_SOFT,-28.5,-570.0,False,False,True
2026-01-28 10:45:00,2026-01-28 11:41:00,26183.5,short,TAKE_PROFIT_HARD,43.29999999999927,865.9999999999854,False,False,False
2026-01-28 12:45:00,2026-01-28 13:51:00,26130.5,long,TAKE_PROFIT_HARD,43.29999999999927,865.9999999999854,False,False,False
2026-01-28 21:00:00,2026-01-28 21:27:00,26128.75,long,TAKE_PROFIT_HARD,43.29999999999927,865.9999999999854,False,False,False
2026-01-29 05:00:00,2026-01-29 07:39:00,26211.75,short,TAKE_PROFIT_HARD,43.29999999999927,865.9999999999854,False,False,False
2026-01-29 12:30:00,2026-01-29 12:46:00,25839.5,long,STOP_LOSS_SOFT,-34.0,-680.0,False,False,True
2026-01-29 13:00:00,2026-01-29 13:03:00,25760.5,short,STOP_LOSS_HARD,-53.099999999998545,-1061.999999999971,False,False,True
2026-01-29 13:15:00,2026-01-29 13:20:00,25852.75,long,STOP_LOSS_SOFT,-22.75,-455.0,False,False,True
2026-01-29 13:45:00,2026-01-29 13:59:00,25867.75,long,STOP_LOSS_SOFT,-31.0,-620.0,False,False,True
2026-01-29 14:15:00,2026-01-29 14:39:00,25876.25,long,STOP_LOSS_SOFT,-25.25,-505.0,False,False,True
2026-01-29 15:15:00,2026-01-29 15:39:00,25869.0,long,TAKE_PROFIT_HARD,43.29999999999927,865.9999999999854,False,False,False
2026-01-29 15:45:00,2026-01-29 15:52:00,25921.75,long,TAKE_PROFIT_HARD,43.29999999999927,865.9999999999854,False,False,False
2026-01-29 16:15:00,2026-01-29 16:30:00,25982.75,short,STOP_LOSS_HARD,-53.099999999998545,-1061.999999999971,False,False,True
2026-01-29 16:45:00,2026-01-29 18:11:00,25984.25,short,TAKE_PROFIT_HARD,43.29999999999927,865.9999999999854,False,False,False
2026-01-29 18:15:00,2026-01-29 18:21:00,25908.0,short,STOP_LOSS_SOFT,-23.25,-465.0,False,False,True
2026-01-29 19:00:00,2026-01-29 19:20:00,25972.25,short,TAKE_PROFIT_HARD,43.29999999999927,865.9999999999854,False,False,False
2026-01-29 19:45:00,2026-01-29 20:30:00,25921.25,short,TAKE_PROFIT_HARD,43.29999999999927,865.9999999999854,False,False,False
2026-01-29 21:00:00,2026-01-29 21:14:00,25852.25,long,STOP_LOSS_SOFT,-29.0,-580.0,False,False,True
2026-01-29 21:30:00,2026-01-29 21:36:00,25751.5,short,STOP_LOSS_SOFT,-24.25,-485.0,False,False,True
2026-01-29 22:00:00,2026-01-29 22:09:00,25843.0,long,TAKE_PROFIT_HARD,43.29999999999927,865.9999999999854,False,False,False
2026-01-29 23:15:00,2026-01-29 23:56:00,25886.75,long,STOP_LOSS_SOFT,-24.5,-490.0,False,False,True
2026-01-30 00:15:00,2026-01-30 00:58:00,25866.0,long,STOP_LOSS_SOFT,-27.0,-540.0,False,False,True
2026-01-30 01:30:00,2026-01-30 01:57:00,25787.25,short,TAKE_PROFIT_HARD,43.29999999999927,865.9999999999854,False,False,False
2026-01-30 03:00:00,2026-01-30 03:13:00,25707.25,short,STOP_LOSS_SOFT,-28.0,-560.0,False,False,True
2026-01-30 04:15:00,2026-01-30 04:46:00,25716.5,short,TAKE_PROFIT_HARD,43.29999999999927,865.9999999999854,False,False,False
2026-01-30 07:00:00,2026-01-30 07:51:00,25871.0,long,STOP_LOSS_SOFT,-39.5,-790.0,False,False,True
2026-01-30 08:15:00,2026-01-30 08:24:00,25878.75,long,STOP_LOSS_SOFT,-33.5,-670.0,False,False,True
2026-01-30 12:15:00,2026-01-30 12:22:00,25703.0,short,STOP_LOSS_HARD,-53.099999999998545,-1061.999999999971,False,False,True
2026-01-30 14:45:00,2026-01-30 15:05:00,25693.25,short,TAKE_PROFIT_HARD,43.29999999999927,865.9999999999854,False,False,False
2026-02-01 22:30:00,2026-02-01 22:41:00,25332.75,short,TAKE_PROFIT_HARD,43.29999999999927,865.9999999999854,False,False,False
2026-02-01 22:45:00,2026-02-01 23:02:00,25298.5,short,TAKE_PROFIT_HARD,43.29999999999927,865.9999999999854,False,False,False
2026-02-01 23:45:00,2026-02-01 23:51:00,25368.0,long,STOP_LOSS_SOFT,-29.75,-595.0,False,False,True
2026-02-02 00:15:00,2026-02-02 00:28:00,25310.0,short,TAKE_PROFIT_HARD,43.29999999999927,865.9999999999854,False,False,False
2026-02-02 03:15:00,2026-02-02 03:36:00,25372.25,long,TAKE_PROFIT_HARD,43.29999999999927,865.9999999999854,False,False,False
2026-02-02 10:15:00,2026-02-02 10:56:00,25874.25,long,STOP_LOSS_SOFT,-47.0,-940.0,True,False,True
2026-02-02 11:30:00,2026-02-02 11:41:00,25893.0,long,STOP_LOSS_SOFT,-28.75,-575.0,False,False,True
2026-02-02 12:00:00,2026-02-02 12:56:00,25893.5,long,TAKE_PROFIT_HARD,43.29999999999927,865.9999999999854,False,False,False
2026-02-02 14:15:00,2026-02-02 14:50:00,25931.0,short,TAKE_PROFIT_HARD,43.29999999999927,865.9999999999854,False,False,False
2026-02-02 18:15:00,2026-02-02 18:35:00,25916.5,long,TAKE_PROFIT_HARD,43.29999999999927,865.9999999999854,False,False,False
2026-02-02 21:15:00,2026-02-02 21:20:00,25924.5,short,STOP_LOSS_SOFT,-26.5,-530.0,False,False,True
2026-02-02 22:15:00,2026-02-02 22:41:00,25922.5,short,STOP_LOSS_SOFT,-28.5,-570.0,False,False,True
2026-02-03 09:30:00,2026-02-03 09:31:00,25934.0,short,TAKE_PROFIT_HARD,43.29999999999927,865.9999999999854,False,False,False
2026-02-03 13:45:00,2026-02-03 13:59:00,25290.25,short,TAKE_PROFIT_HARD,43.29999999999927,865.9999999999854,False,False,False
2026-02-04 09:30:00,2026-02-04 09:30:00,25386.0,long,STOP_LOSS_HARD,-53.099999999998545,-1061.999999999971,False,False,True
2026-02-04 21:15:00,2026-02-04 21:16:00,25013.75,short,TAKE_PROFIT_HARD,43.29999999999927,865.9999999999854,False,False,False
2026-02-05 02:45:00,2026-02-05 03:07:00,25060.25,short,STOP_LOSS_SOFT,-48.0,-960.0,False,False,True
2026-02-05 04:00:00,2026-02-05 04:02:00,24998.25,short,STOP_LOSS_SOFT,-41.5,-830.0,False,False,True
2026-02-05 04:45:00,2026-02-05 05:12:00,25032.0,short,STOP_LOSS_SOFT,-33.25,-665.0,False,False,True
2026-02-05 05:45:00,2026-02-05 06:33:00,25037.5,short,TAKE_PROFIT_HARD,43.29999999999927,865.9999999999854,False,False,False
2026-02-06 04:15:00,2026-02-06 04:24:00,24657.75,long,TAKE_PROFIT_HARD,43.29999999999927,865.9999999999854,False,False,False
2026-02-06 08:00:00,2026-02-06 08:20:00,24782.0,short,STOP_LOSS_SOFT,-37.5,-750.0,False,False,True
2026-02-06 09:30:00,2026-02-06 09:32:00,24760.5,short,STOP_LOSS_HARD,-53.099999999998545,-1061.999999999971,False,False,True
2026-02-09 06:00:00,2026-02-09 07:10:00,25044.0,long,TAKE_PROFIT_HARD,43.29999999999927,865.9999999999854,False,False,False
2026-02-09 13:00:00,2026-02-09 13:44:00,25355.25,short,STOP_LOSS_SOFT,-26.25,-525.0,False,False,True
2026-02-09 15:30:00,2026-02-09 18:01:00,25364.25,short,STOP_LOSS_SOFT,-25.75,-515.0,False,False,True
2026-02-09 18:15:00,2026-02-09 19:42:00,25357.75,short,TAKE_PROFIT_HARD,43.29999999999927,865.9999999999854,False,False,False
2026-02-10 05:00:00,2026-02-10 07:04:00,25364.0,short,STOP_LOSS_SOFT,-28.0,-560.0,False,False,True
2026-02-10 08:00:00,2026-02-10 08:12:00,25339.25,short,TAKE_PROFIT_HARD,43.5,870.0,False,False,False
2026-02-10 13:15:00,2026-02-10 13:20:00,25346.0,short,TAKE_PROFIT_HARD,43.29999999999927,865.9999999999854,False,False,False
2026-02-11 09:00:00,2026-02-11 09:09:00,25444.25,long,STOP_LOSS_SOFT,-26.5,-530.0,False,False,True
2026-02-12 05:15:00,2026-02-12 06:29:00,25343.25,short,STOP_LOSS_SOFT,-24.25,-485.0,False,False,True
2026-02-12 06:45:00,2026-02-12 07:32:00,25345.0,short,STOP_LOSS_SOFT,-25.0,-500.0,False,False,True
2026-02-12 08:00:00,2026-02-12 08:38:00,25356.75,short,STOP_LOSS_SOFT,-26.25,-525.0,False,False,True
2026-02-12 09:15:00,2026-02-12 09:30:00,25368.0,short,TAKE_PROFIT_HARD,43.29999999999927,865.9999999999854,False,False,False
2026-02-12 09:45:00,2026-02-12 09:46:00,25308.25,short,TAKE_PROFIT_HARD,43.29999999999927,865.9999999999854,False,False,False
2026-02-12 13:45:00,2026-02-12 14:11:00,24908.0,long,STOP_LOSS_HARD,-53.099999999998545,-1061.999999999971,False,False,True
2026-02-12 14:45:00,2026-02-12 15:03:00,24915.5,long,STOP_LOSS_SOFT,-30.75,-615.0,False,False,True
2026-02-12 16:15:00,2026-02-12 18:10:00,24804.5,long,TAKE_PROFIT_HARD,43.29999999999927,865.9999999999854,False,False,False
2026-02-12 19:00:00,2026-02-12 19:25:00,24824.0,long,STOP_LOSS_SOFT,-51.5,-1030.0,False,False,True
2026-02-12 19:30:00,2026-02-12 19:47:00,24781.5,short,TAKE_PROFIT_HARD,43.29999999999927,865.9999999999854,False,False,False
2026-02-12 20:15:00,2026-02-12 20:25:00,24806.25,long,STOP_LOSS_SOFT,-31.25,-625.0,False,False,True
2026-02-12 21:15:00,2026-02-12 22:19:00,24819.5,long,STOP_LOSS_SOFT,-25.25,-505.0,False,False,True
2026-02-12 22:30:00,2026-02-13 00:21:00,24776.25,short,TAKE_PROFIT_HARD,43.29999999999927,865.9999999999854,False,False,False
2026-02-13 01:30:00,2026-02-13 01:37:00,24686.5,short,TAKE_PROFIT_HARD,43.29999999999927,865.9999999999854,False,False,False
2026-02-13 05:00:00,2026-02-13 05:22:00,24774.0,short,STOP_LOSS_SOFT,-23.25,-465.0,False,False,True
2026-02-13 05:45:00,2026-02-13 06:01:00,24758.75,short,TAKE_PROFIT_HARD,43.29999999999927,865.9999999999854,False,False,False
2026-02-13 06:15:00,2026-02-13 06:30:00,24672.25,short,TAKE_PROFIT_HARD,43.29999999999927,865.9999999999854,False,False,False
2026-02-13 07:15:00,2026-02-13 07:22:00,24684.5,short,STOP_LOSS_SOFT,-28.5,-570.0,False,False,True
2026-02-13 08:15:00,2026-02-13 08:18:00,24631.5,short,STOP_LOSS_SOFT,-23.5,-470.0,False,False,True
2026-02-13 13:00:00,2026-02-13 13:17:00,24938.5,short,STOP_LOSS_SOFT,-24.5,-490.0,False,False,True
2026-02-13 14:30:00,2026-02-13 14:58:00,24924.0,short,TAKE_PROFIT_HARD,43.29999999999927,865.9999999999854,False,False,False
2026-02-13 16:30:00,2026-02-15 18:17:00,24781.75,short,STOP_LOSS_SOFT,-34.5,-690.0,False,False,True
2026-02-16 04:30:00,2026-02-16 05:13:00,24910.75,long,STOP_LOSS_SOFT,-25.25,-505.0,False,False,True
2026-02-16 09:30:00,2026-02-16 09:42:00,24764.0,short,TAKE_PROFIT_HARD,43.29999999999927,865.9999999999854,False,False,False
2026-02-16 10:15:00,2026-02-16 10:28:00,24757.75,short,TAKE_PROFIT_HARD,43.29999999999927,865.9999999999854,False,False,False
2026-02-16 20:30:00,2026-02-16 20:51:00,24782.25,short,TAKE_PROFIT_HARD,43.29999999999927,865.9999999999854,False,False,False
2026-02-16 21:15:00,2026-02-16 22:03:00,24668.5,long,STOP_LOSS_SOFT,-35.25,-705.0,False,False,True
2026-02-16 23:00:00,2026-02-17 00:20:00,24609.25,long,STOP_LOSS_SOFT,-25.25,-505.0,False,False,True
2026-02-17 01:15:00,2026-02-17 02:29:00,24620.0,long,STOP_LOSS_SOFT,-28.5,-570.0,False,False,True
2026-02-17 02:45:00,2026-02-17 03:00:00,24628.0,long,TAKE_PROFIT_HARD,43.29999999999927,865.9999999999854,False,False,False
2026-02-17 06:00:00,2026-02-17 06:25:00,24607.5,long,STOP_LOSS_SOFT,-24.0,-480.0,False,False,True
2026-02-17 06:30:00,2026-02-17 07:08:00,24618.75,long,TAKE_PROFIT_HARD,43.29999999999927,865.9999999999854,False,False,False
2026-02-17 07:15:00,2026-02-17 07:25:00,24651.0,long,STOP_LOSS_SOFT,-30.0,-600.0,False,False,True
2026-02-17 08:15:00,2026-02-17 08:22:00,24548.75,short,STOP_LOSS_HARD,-53.099999999998545,-1061.999999999971,False,False,True
2026-02-17 08:30:00,2026-02-17 08:34:00,24605.0,long,STOP_LOSS_SOFT,-22.0,-440.0,False,False,True
2026-02-17 09:15:00,2026-02-17 09:31:00,24650.5,long,TAKE_PROFIT_HARD,43.29999999999927,865.9999999999854,False,False,False
2026-02-17 15:30:00,2026-02-17 16:16:00,24773.5,short,STOP_LOSS_SOFT,-43.75,-875.0,False,False,True
2026-02-17 16:45:00,2026-02-17 18:33:00,24766.75,short,TAKE_PROFIT_HARD,43.29999999999927,865.9999999999854,False,False,False
2026-02-18 04:00:00,2026-02-18 07:06:00,24903.5,long,TAKE_PROFIT_HARD,43.29999999999927,865.9999999999854,False,False,False
2026-02-18 07:15:00,2026-02-18 07:25:00,24958.0,long,STOP_LOSS_SOFT,-38.25,-765.0,False,False,True
2026-02-18 10:30:00,2026-02-18 10:32:00,25058.0,long,STOP_LOSS_SOFT,-27.25,-545.0,False,False,True
2026-02-18 10:45:00,2026-02-18 11:05:00,25064.75,long,TAKE_PROFIT_HARD,43.29999999999927,865.9999999999854,False,False,False
2026-02-18 14:30:00,2026-02-18 14:36:00,24991.75,short,TAKE_PROFIT_HARD,43.29999999999927,865.9999999999854,False,False,False
2026-02-18 15:45:00,2026-02-18 15:53:00,24942.0,long,TAKE_PROFIT_HARD,43.29999999999927,865.9999999999854,False,False,False
2026-02-19 01:15:00,2026-02-19 02:00:00,24995.25,short,STOP_LOSS_SOFT,-28.25,-565.0,False,False,True
2026-02-19 04:00:00,2026-02-19 04:36:00,24954.25,short,TAKE_PROFIT_HARD,43.29999999999927,865.9999999999854,False,False,False
2026-02-19 13:00:00,2026-02-19 13:10:00,24780.0,short,STOP_LOSS_SOFT,-24.25,-485.0,False,False,True
2026-02-19 14:45:00,2026-02-19 15:01:00,24773.5,short,STOP_LOSS_SOFT,-26.0,-520.0,False,False,True
2026-02-19 20:00:00,2026-02-20 00:35:00,24901.0,long,TAKE_PROFIT_HARD,43.29999999999927,865.9999999999854,False,False,False
2026-02-20 03:30:00,2026-02-20 03:35:00,24929.25,long,STOP_LOSS_SOFT,-24.25,-485.0,False,False,True
2026-02-20 09:15:00,2026-02-20 09:30:00,24737.75,short,TAKE_PROFIT_HARD,43.29999999999927,865.9999999999854,False,False,False
2026-02-20 15:15:00,2026-02-20 15:19:00,25067.5,long,STOP_LOSS_SOFT,-22.0,-440.0,False,False,True
2026-02-20 15:45:00,2026-02-22 18:10:00,25059.5,long,STOP_LOSS_SOFT,-23.5,-470.0,False,False,True
2026-02-22 20:45:00,2026-02-22 20:53:00,24873.25,long,STOP_LOSS_SOFT,-22.25,-445.0,False,False,True
2026-02-22 21:15:00,2026-02-22 21:34:00,24818.0,short,STOP_LOSS_SOFT,-22.5,-450.0,False,False,True
2026-02-23 00:15:00,2026-02-23 00:58:00,24820.0,short,STOP_LOSS_SOFT,-22.25,-445.0,False,False,True
2026-02-23 02:15:00,2026-02-23 03:06:00,24909.75,long,STOP_LOSS_SOFT,-22.25,-445.0,False,False,True
2026-02-23 03:15:00,2026-02-23 03:43:00,24904.25,long,STOP_LOSS_SOFT,-22.0,-440.0,False,False,True
2026-02-23 04:00:00,2026-02-23 04:09:00,24929.75,long,TAKE_PROFIT_HARD,43.29999999999927,865.9999999999854,False,False,False
2026-02-23 07:45:00,2026-02-23 09:26:00,24922.0,long,TAKE_PROFIT_HARD,43.29999999999927,865.9999999999854,False,False,False
2026-02-23 11:30:00,2026-02-23 11:47:00,24778.0,long,STOP_LOSS_SOFT,-23.0,-460.0,False,False,True
2026-02-23 14:00:00,2026-02-23 14:44:00,24727.5,short,TAKE_PROFIT_HARD,43.29999999999927,865.9999999999854,False,False,False
2026-02-23 16:30:00,2026-02-23 18:06:00,24779.5,short,STOP_LOSS_SOFT,-31.0,-620.0,False,False,True
2026-02-23 19:30:00,2026-02-23 19:44:00,24781.25,short,STOP_LOSS_SOFT,-23.75,-475.0,False,False,True
2026-02-23 22:15:00,2026-02-24 00:35:00,24873.5,long,STOP_LOSS_SOFT,-27.0,-540.0,False,False,True
2026-02-24 03:15:00,2026-02-24 03:31:00,24793.25,short,STOP_LOSS_SOFT,-22.0,-440.0,False,False,True
2026-02-24 03:45:00,2026-02-24 04:09:00,24787.5,short,STOP_LOSS_SOFT,-28.25,-565.0,False,False,True
2026-02-24 06:45:00,2026-02-24 07:01:00,24819.0,short,STOP_LOSS_SOFT,-36.0,-720.0,False,False,True
2026-02-24 07:15:00,2026-02-24 07:21:00,24872.25,long,STOP_LOSS_SOFT,-24.0,-480.0,False,False,True
2026-02-24 07:45:00,2026-02-24 08:25:00,24819.5,short,STOP_LOSS_SOFT,-33.5,-670.0,False,False,True
2026-02-24 08:45:00,2026-02-24 09:16:00,24871.75,long,STOP_LOSS_SOFT,-22.75,-455.0,False,False,True
2026-02-24 09:30:00,2026-02-24 09:31:00,24804.75,short,TAKE_PROFIT_HARD,43.29999999999927,865.9999999999854,False,False,False
2026-02-25 10:00:00,2026-02-25 10:07:00,25343.25,long,STOP_LOSS_SOFT,-28.5,-570.0,False,False,True
2026-02-25 10:30:00,2026-02-25 10:35:00,25334.25,long,STOP_LOSS_SOFT,-40.5,-810.0,False,False,True
2026-02-25 11:30:00,2026-02-25 12:47:00,25300.75,long,TAKE_PROFIT_HARD,43.29999999999927,865.9999999999854,False,False,False
2026-02-25 20:45:00,2026-02-26 00:12:00,25307.5,long,STOP_LOSS_SOFT,-22.75,-455.0,False,False,True
2026-02-26 01:00:00,2026-02-26 02:21:00,25308.0,long,TAKE_PROFIT_HARD,43.29999999999927,865.9999999999854,False,False,False
2026-02-26 13:30:00,2026-02-26 13:34:00,24919.75,long,TAKE_PROFIT_HARD,43.29999999999927,865.9999999999854,False,False,False
2026-02-27 09:30:00,2026-02-27 09:32:00,24814.25,short,STOP_LOSS_HARD,-53.099999999998545,-1061.999999999971,False,False,True
2026-02-27 13:45:00,2026-02-27 14:06:00,24912.0,long,TAKE_PROFIT_HARD,43.29999999999927,865.9999999999854,False,False,False
2026-02-27 14:15:00,2026-02-27 14:44:00,24909.25,long,STOP_LOSS_SOFT,-22.75,-455.0,False,False,True
2026-02-27 15:15:00,2026-02-27 15:38:00,24968.75,long,STOP_LOSS_SOFT,-43.75,-875.0,False,False,True
2026-03-01 20:45:00,2026-03-01 21:11:00,24869.0,short,TAKE_PROFIT_HARD,43.29999999999927,865.9999999999854,False,False,False
2026-03-02 03:45:00,2026-03-02 04:06:00,24554.25,long,TAKE_PROFIT_HARD,43.29999999999927,865.9999999999854,False,False,False
2026-03-02 12:00:00,2026-03-02 13:40:00,25033.5,long,STOP_LOSS_SOFT,-28.0,-560.0,False,False,True
2026-03-02 14:15:00,2026-03-02 14:30:00,25049.0,long,TAKE_PROFIT_HARD,43.29999999999927,865.9999999999854,False,False,False
2026-03-02 16:00:00,2026-03-02 16:08:00,25023.25,long,STOP_LOSS_SOFT,-34.0,-680.0,False,False,True
2026-03-02 19:45:00,2026-03-02 20:01:00,24946.5,long,STOP_LOSS_SOFT,-28.25,-565.0,False,False,True
2026-03-02 20:45:00,2026-03-02 21:00:00,24909.75,short,TAKE_PROFIT_HARD,43.29999999999927,865.9999999999854,False,False,False
2026-03-03 04:15:00,2026-03-03 04:19:00,24560.0,long,STOP_LOSS_SOFT,-25.0,-500.0,False,False,True
2026-03-03 05:00:00,2026-03-03 05:33:00,24453.75,short,TAKE_PROFIT_HARD,43.29999999999927,865.9999999999854,False,False,False
2026-03-03 06:00:00,2026-03-03 06:17:00,24452.75,short,TAKE_PROFIT_HARD,43.29999999999927,865.9999999999854,False,False,False
2026-03-03 07:15:00,2026-03-03 07:21:00,24555.25,long,TAKE_PROFIT_HARD,43.29999999999927,865.9999999999854,False,False,False
2026-03-03 09:30:00,2026-03-03 09:30:00,24535.0,long,TAKE_PROFIT_HARD,43.29999999999927,865.9999999999854,False,False,False
2026-03-04 01:30:00,2026-03-04 02:23:00,24547.25,long,TAKE_PROFIT_HARD,43.29999999999927,865.9999999999854,False,False,False
2026-03-04 08:30:00,2026-03-04 08:43:00,24882.0,short,STOP_LOSS_SOFT,-35.0,-700.0,False,False,True
2026-03-04 09:00:00,2026-03-04 09:30:00,24889.25,short,STOP_LOSS_HARD,-53.099999999998545,-1061.999999999971,False,False,True
2026-03-04 13:45:00,2026-03-04 15:08:00,25200.25,long,STOP_LOSS_SOFT,-36.0,-720.0,False,False,True
2026-03-04 19:15:00,2026-03-04 19:17:00,25198.75,long,TAKE_PROFIT_HARD,43.29999999999927,865.9999999999854,False,False,False
2026-03-04 21:00:00,2026-03-04 21:47:00,25071.0,short,STOP_LOSS_SOFT,-31.75,-635.0,False,False,True
2026-03-04 22:30:00,2026-03-04 23:09:00,25047.5,short,STOP_LOSS_SOFT,-24.25,-485.0,False,False,True
2026-03-05 00:45:00,2026-03-05 01:06:00,25055.5,short,TAKE_PROFIT_HARD,43.29999999999927,865.9999999999854,False,False,False
2026-03-05 02:00:00,2026-03-05 02:05:00,25092.0,long,STOP_LOSS_SOFT,-31.75,-635.0,False,False,True
2026-03-05 02:15:00,2026-03-05 03:03:00,25069.0,short,TAKE_PROFIT_HARD,43.29999999999927,865.9999999999854,False,False,False
2026-03-05 03:15:00,2026-03-05 03:16:00,24997.25,short,STOP_LOSS_SOFT,-36.75,-735.0,False,False,True
2026-03-05 04:00:00,2026-03-05 04:03:00,25051.75,long,TAKE_PROFIT_HARD,43.29999999999927,865.9999999999854,False,False,False
2026-03-05 08:00:00,2026-03-05 08:05:00,25069.0,short,TAKE_PROFIT_HARD,43.29999999999927,865.9999999999854,False,False,False
2026-03-05 08:15:00,2026-03-05 08:36:00,25040.25,short,TAKE_PROFIT_HARD,43.29999999999927,865.9999999999854,False,False,False
2026-03-05 15:45:00,2026-03-05 15:50:00,24967.75,long,TAKE_PROFIT_HARD,43.29999999999927,865.9999999999854,False,False,False
2026-03-05 18:15:00,2026-03-05 19:04:00,25036.5,long,TAKE_PROFIT_HARD,43.29999999999927,865.9999999999854,False,False,False
2026-03-05 19:30:00,2026-03-05 21:14:00,25072.75,short,STOP_LOSS_SOFT,-30.75,-615.0,False,False,True
2026-03-05 22:00:00,2026-03-05 22:05:00,25071.75,short,STOP_LOSS_SOFT,-22.25,-445.0,False,False,True
2026-03-06 03:30:00,2026-03-06 03:33:00,25038.5,short,STOP_LOSS_SOFT,-31.5,-630.0,False,False,True
2026-03-06 04:15:00,2026-03-06 04:23:00,25027.0,short,TAKE_PROFIT_HARD,43.29999999999927,865.9999999999854,False,False,False
2026-03-06 05:15:00,2026-03-06 06:04:00,24946.5,long,STOP_LOSS_SOFT,-27.75,-555.0,False,False,True
2026-03-06 06:30:00,2026-03-06 06:34:00,24947.75,long,STOP_LOSS_SOFT,-28.5,-570.0,False,False,True
2026-03-06 06:45:00,2026-03-06 07:31:00,24872.75,short,TAKE_PROFIT_HARD,43.29999999999927,865.9999999999854,False,False,False
2026-03-08 22:00:00,2026-03-08 22:06:00,24007.5,short,STOP_LOSS_SOFT,-21.75,-435.0,False,False,True
2026-03-08 22:45:00,2026-03-08 23:21:00,24082.0,long,TAKE_PROFIT_HARD,43.29999999999927,865.9999999999854,False,False,False
2026-03-09 00:00:00,2026-03-09 01:05:00,24093.5,long,TAKE_PROFIT_HARD,43.29999999999927,865.9999999999854,False,False,False
2026-03-09 01:15:00,2026-03-09 01:19:00,24142.0,long,STOP_LOSS_SOFT,-23.5,-470.0,False,False,True
2026-03-09 02:15:00,2026-03-09 02:40:00,24288.25,long,STOP_LOSS_SOFT,-28.75,-575.0,False,False,True
2026-03-09 03:30:00,2026-03-09 03:34:00,24298.75,long,STOP_LOSS_SOFT,-25.25,-505.0,False,False,True
2026-03-09 04:30:00,2026-03-09 04:33:00,24276.75,long,TAKE_PROFIT_HARD,43.29999999999927,865.9999999999854,False,False,False
2026-03-09 04:45:00,2026-03-09 05:02:00,24283.5,long,TAKE_PROFIT_HARD,43.29999999999927,865.9999999999854,False,False,False
2026-03-09 12:45:00,2026-03-09 12:59:00,24737.75,long,STOP_LOSS_SOFT,-28.5,-570.0,False,False,True
2026-03-09 13:30:00,2026-03-09 14:06:00,24613.5,short,STOP_LOSS_SOFT,-28.75,-575.0,False,False,True
2026-03-09 19:00:00,2026-03-09 19:51:00,24908.75,short,TAKE_PROFIT_HARD,43.29999999999927,865.9999999999854,False,False,False
2026-03-09 20:45:00,2026-03-09 21:00:00,24959.5,long,STOP_LOSS_SOFT,-21.75,-435.0,False,False,True
2026-03-09 21:15:00,2026-03-09 22:47:00,24962.0,long,STOP_LOSS_SOFT,-31.5,-630.0,False,False,True
2026-03-09 23:45:00,2026-03-09 23:55:00,24867.0,short,STOP_LOSS_SOFT,-23.5,-470.0,False,False,True
2026-03-10 01:15:00,2026-03-10 02:30:00,24939.25,long,TAKE_PROFIT_HARD,43.29999999999927,865.9999999999854,False,False,False
2026-03-10 03:30:00,2026-03-10 03:36:00,25060.0,long,STOP_LOSS_SOFT,-30.75,-615.0,False,False,True
2026-03-10 08:45:00,2026-03-10 08:53:00,24950.25,long,TAKE_PROFIT_HARD,43.29999999999927,865.9999999999854,False,False,False
2026-03-10 16:15:00,2026-03-10 16:55:00,25032.75,long,STOP_LOSS_SOFT,-23.0,-460.0,False,False,True
2026-03-10 20:15:00,2026-03-10 22:19:00,25058.0,long,TAKE_PROFIT_HARD,43.29999999999927,865.9999999999854,False,False,False
2026-03-11 02:15:00,2026-03-11 02:23:00,25038.5,long,STOP_LOSS_SOFT,-24.75,-495.0,False,False,True
2026-03-11 02:45:00,2026-03-11 03:06:00,25048.75,long,STOP_LOSS_SOFT,-25.5,-510.0,False,False,True
2026-03-11 06:00:00,2026-03-11 06:04:00,24903.25,short,STOP_LOSS_SOFT,-36.25,-725.0,False,False,True
2026-03-11 06:15:00,2026-03-11 06:43:00,24974.25,long,TAKE_PROFIT_HARD,43.29999999999927,865.9999999999854,False,False,False
2026-03-11 09:00:00,2026-03-11 09:05:00,24945.25,long,TAKE_PROFIT_HARD,43.29999999999927,865.9999999999854,False,False,False
2026-03-11 09:30:00,2026-03-11 09:30:00,25034.5,long,TAKE_PROFIT_HARD,43.29999999999927,865.9999999999854,False,False,False
2026-03-11 12:30:00,2026-03-11 12:32:00,24952.5,long,TAKE_PROFIT_HARD,43.29999999999927,865.9999999999854,False,False,False
2026-03-11 14:00:00,2026-03-11 14:10:00,24951.0,long,STOP_LOSS_SOFT,-42.0,-840.0,False,False,True
2026-03-11 14:15:00,2026-03-11 14:28:00,24913.0,short,STOP_LOSS_SOFT,-34.25,-685.0,False,False,True
2026-03-11 14:30:00,2026-03-11 15:13:00,24947.0,long,STOP_LOSS_SOFT,-26.75,-535.0,False,False,True
2026-03-11 15:45:00,2026-03-11 16:03:00,24977.0,long,STOP_LOSS_SOFT,-22.75,-455.0,False,False,True
2026-03-11 18:15:00,2026-03-11 18:27:00,24904.75,short,TAKE_PROFIT_HARD,43.29999999999927,865.9999999999854,False,False,False
2026-03-11 19:30:00,2026-03-11 19:31:00,24804.5,short,TAKE_PROFIT_HARD,43.29999999999927,865.9999999999854,False,False,False
2026-03-11 22:00:00,2026-03-11 22:33:00,24789.5,short,TAKE_PROFIT_HARD,43.29999999999927,865.9999999999854,False,False,False
2026-03-12 06:15:00,2026-03-12 07:04:00,24908.75,short,TAKE_PROFIT_HARD,43.29999999999927,865.9999999999854,False,False,False
2026-03-12 08:45:00,2026-03-12 09:15:00,24821.75,short,TAKE_PROFIT_HARD,43.29999999999927,865.9999999999854,True,False,False
2026-03-12 14:30:00,2026-03-12 15:00:00,24636.25,short,TAKE_PROFIT_HARD,43.29999999999927,865.9999999999854,False,False,False
2026-03-12 21:45:00,2026-03-12 23:14:00,24636.25,short,TAKE_PROFIT_HARD,43.29999999999927,865.9999999999854,False,False,False
2026-03-15 18:45:00,2026-03-15 18:50:00,24605.25,long,TAKE_PROFIT_HARD,43.29999999999927,865.9999999999854,False,False,False
2026-03-16 06:30:00,2026-03-16 07:36:00,24786.0,long,TAKE_PROFIT_HARD,43.29999999999927,865.9999999999854,False,False,False
2026-03-16 12:00:00,2026-03-16 12:24:00,24890.25,short,TAKE_PROFIT_HARD,43.29999999999927,865.9999999999854,False,False,False
2026-03-16 13:30:00,2026-03-16 13:50:00,24912.5,short,TAKE_PROFIT_HARD,43.29999999999927,865.9999999999854,False,False,False
2026-03-16 15:30:00,2026-03-16 15:50:00,24898.75,short,TAKE_PROFIT_HARD,43.29999999999927,865.9999999999854,False,False,False
2026-03-17 03:30:00,2026-03-17 03:51:00,24795.25,long,STOP_LOSS_SOFT,-24.5,-490.0,False,False,True
2026-03-17 04:45:00,2026-03-17 04:53:00,24788.25,long,STOP_LOSS_SOFT,-37.25,-745.0,False,False,True
2026-03-17 05:15:00,2026-03-17 05:26:00,24789.0,long,TAKE_PROFIT_HARD,43.29999999999927,865.9999999999854,False,False,False
2026-03-17 05:30:00,2026-03-17 06:16:00,24841.0,long,STOP_LOSS_SOFT,-30.0,-600.0,False,False,True
2026-03-17 09:45:00,2026-03-17 09:46:00,25061.75,long,TAKE_PROFIT_HARD,43.29999999999927,865.9999999999854,False,False,False
2026-03-17 10:15:00,2026-03-17 10:20:00,25025.5,short,STOP_LOSS_SOFT,-36.25,-725.0,False,False,True
2026-03-17 10:30:00,2026-03-17 11:08:00,25062.25,long,STOP_LOSS_SOFT,-33.25,-665.0,False,False,True
2026-03-17 11:15:00,2026-03-17 11:17:00,25026.0,short,STOP_LOSS_SOFT,-24.5,-490.0,False,False,True
2026-03-17 14:00:00,2026-03-17 14:25:00,25034.5,long,STOP_LOSS_SOFT,-31.75,-635.0,False,False,True
2026-03-17 20:15:00,2026-03-17 21:01:00,25052.0,long,TAKE_PROFIT_HARD,43.29999999999927,865.9999999999854,False,False,False
2026-03-18 02:45:00,2026-03-18 07:26:00,25187.25,short,TAKE_PROFIT_HARD,43.29999999999927,865.9999999999854,False,False,False
2026-03-18 08:15:00,2026-03-18 08:19:00,25048.0,short,TAKE_PROFIT_HARD,43.29999999999927,865.9999999999854,False,False,False
2026-03-18 09:00:00,2026-03-18 09:21:00,24881.25,short,STOP_LOSS_SOFT,-36.25,-725.0,False,False,True
2026-03-18 16:00:00,2026-03-18 16:20:00,24651.5,short,TAKE_PROFIT_HARD,43.29999999999927,865.9999999999854,False,False,False
2026-03-18 22:00:00,2026-03-18 22:08:00,24640.0,short,STOP_LOSS_SOFT,-34.75,-695.0,False,False,True
2026-03-19 00:00:00,2026-03-19 00:41:00,24664.75,short,TAKE_PROFIT_HARD,43.29999999999927,865.9999999999854,False,False,False
2026-03-19 04:15:00,2026-03-19 04:27:00,24578.75,long,STOP_LOSS_SOFT,-35.0,-700.0,False,False,True
2026-03-19 05:00:00,2026-03-19 05:03:00,24546.0,long,TAKE_PROFIT_HARD,43.29999999999927,865.9999999999854,False,False,False
2026-03-19 05:45:00,2026-03-19 05:47:00,24544.5,long,TAKE_PROFIT_HARD,43.29999999999927,865.9999999999854,False,False,False
2026-03-19 06:00:00,2026-03-19 06:04:00,24627.25,long,STOP_LOSS_SOFT,-22.0,-440.0,False,False,True
2026-03-19 08:00:00,2026-03-19 08:02:00,24545.75,long,STOP_LOSS_SOFT,-46.5,-930.0,False,False,True
2026-03-19 08:30:00,2026-03-19 08:44:00,24478.0,short,STOP_LOSS_SOFT,-22.5,-450.0,False,False,True
2026-03-19 09:00:00,2026-03-19 09:15:00,24446.75,short,TAKE_PROFIT_HARD,43.29999999999927,865.9999999999854,False,False,False
2026-03-19 14:30:00,2026-03-19 14:43:00,24468.75,short,TAKE_PROFIT_HARD,43.29999999999927,865.9999999999854,False,False,False
2026-03-20 03:30:00,2026-03-20 03:44:00,24554.5,long,TAKE_PROFIT_HARD,43.29999999999927,865.9999999999854,False,False,False
2026-03-20 05:45:00,2026-03-20 05:50:00,24480.25,short,TAKE_PROFIT_HARD,43.29999999999927,865.9999999999854,False,False,False
2026-03-20 08:45:00,2026-03-20 08:52:00,24460.0,short,STOP_LOSS_SOFT,-29.25,-585.0,False,False,True
2026-03-20 09:15:00,2026-03-20 09:22:00,24467.75,short,STOP_LOSS_SOFT,-22.25,-445.0,False,False,True
2026-03-20 15:00:00,2026-03-20 15:25:00,24094.25,long,STOP_LOSS_SOFT,-35.25,-705.0,False,False,True
2026-03-20 15:30:00,2026-03-20 15:35:00,24059.75,short,TAKE_PROFIT_HARD,43.29999999999927,865.9999999999854,False,False,False
2026-03-20 16:00:00,2026-03-20 16:35:00,24113.5,long,TAKE_PROFIT_HARD,43.29999999999927,865.9999999999854,False,False,False
2026-03-22 19:15:00,2026-03-22 19:20:00,24078.25,long,STOP_LOSS_SOFT,-31.5,-630.0,False,False,True
2026-03-22 21:00:00,2026-03-22 21:07:00,23949.25,short,STOP_LOSS_SOFT,-45.75,-915.0,False,False,True
2026-03-23 00:00:00,2026-03-23 00:17:00,23950.75,short,STOP_LOSS_SOFT,-32.25,-645.0,False,False,True
2026-03-23 02:15:00,2026-03-23 02:42:00,23935.5,short,TAKE_PROFIT_HARD,43.29999999999927,865.9999999999854,False,False,False
2026-03-23 05:30:00,2026-03-23 05:34:00,23933.5,short,TAKE_PROFIT_HARD,43.29999999999927,865.9999999999854,False,False,False
2026-03-23 14:00:00,2026-03-23 14:17:00,24468.25,long,STOP_LOSS_SOFT,-24.75,-495.0,False,False,True
2026-03-23 16:15:00,2026-03-23 18:51:00,24412.5,long,TAKE_PROFIT_HARD,43.29999999999927,865.9999999999854,False,False,False
2026-03-23 21:15:00,2026-03-23 21:25:00,24279.75,short,STOP_LOSS_SOFT,-29.25,-585.0,False,False,True
2026-03-23 21:45:00,2026-03-23 22:21:00,24243.5,short,STOP_LOSS_SOFT,-28.75,-575.0,False,False,True
2026-03-23 23:00:00,2026-03-23 23:28:00,24249.5,short,STOP_LOSS_SOFT,-30.5,-610.0,False,False,True
2026-03-24 00:30:00,2026-03-24 01:06:00,24259.0,short,TAKE_PROFIT_HARD,43.29999999999927,865.9999999999854,False,False,False
2026-03-24 03:15:00,2026-03-24 03:31:00,24484.0,long,STOP_LOSS_SOFT,-28.75,-575.0,False,False,True
2026-03-24 06:00:00,2026-03-24 06:02:00,24420.25,long,STOP_LOSS_SOFT,-37.25,-745.0,False,False,True
2026-03-24 06:15:00,2026-03-24 06:29:00,24425.25,long,STOP_LOSS_SOFT,-37.25,-745.0,False,False,True
2026-03-24 06:45:00,2026-03-24 06:49:00,24416.5,long,STOP_LOSS_SOFT,-28.0,-560.0,False,False,True
2026-03-24 07:15:00,2026-03-24 07:16:00,24413.0,long,STOP_LOSS_SOFT,-36.0,-720.0,False,False,True
2026-03-24 08:45:00,2026-03-24 08:53:00,24271.5,short,STOP_LOSS_SOFT,-26.5,-530.0,False,False,True
2026-03-24 09:15:00,2026-03-24 09:31:00,24255.0,short,STOP_LOSS_HARD,-53.099999999998545,-1061.999999999971,False,False,True
2026-03-24 15:00:00,2026-03-24 15:01:00,24276.25,short,STOP_LOSS_SOFT,-22.0,-440.0,False,False,True
2026-03-24 15:30:00,2026-03-24 15:35:00,24267.75,short,TAKE_PROFIT_HARD,43.29999999999927,865.9999999999854,False,False,False
2026-03-24 20:15:00,2026-03-24 20:22:00,24443.25,long,STOP_LOSS_SOFT,-23.75,-475.0,False,False,True
2026-03-24 20:45:00,2026-03-24 21:07:00,24471.75,long,STOP_LOSS_SOFT,-31.0,-620.0,False,False,True
2026-03-25 00:15:00,2026-03-25 01:56:00,24402.25,long,STOP_LOSS_SOFT,-27.25,-545.0,False,False,True
2026-03-25 03:15:00,2026-03-25 03:23:00,24394.75,long,STOP_LOSS_SOFT,-27.5,-550.0,False,False,True
2026-03-25 03:45:00,2026-03-25 04:03:00,24394.0,long,TAKE_PROFIT_HARD,43.29999999999927,865.9999999999854,False,False,False
2026-03-25 12:30:00,2026-03-25 13:10:00,24412.25,long,STOP_LOSS_SOFT,-24.25,-485.0,False,False,True
2026-03-25 13:30:00,2026-03-25 13:43:00,24430.5,long,TAKE_PROFIT_HARD,43.29999999999927,865.9999999999854,False,False,False
2026-03-25 23:45:00,2026-03-25 23:52:00,24400.0,long,STOP_LOSS_SOFT,-23.75,-475.0,False,False,True
2026-03-26 01:30:00,2026-03-26 02:19:00,24277.0,short,TAKE_PROFIT_HARD,43.29999999999927,865.9999999999854,False,False,False
2026-03-26 02:45:00,2026-03-26 03:20:00,24279.25,short,TAKE_PROFIT_HARD,43.29999999999927,865.9999999999854,False,False,False
2026-03-26 04:15:00,2026-03-26 04:48:00,24207.5,short,TAKE_PROFIT_HARD,43.29999999999927,865.9999999999854,False,False,False
2026-03-26 05:00:00,2026-03-26 05:01:00,24193.75,long,STOP_LOSS_SOFT,-32.0,-640.0,False,False,True
2026-03-26 06:15:00,2026-03-26 06:43:00,24186.5,long,STOP_LOSS_SOFT,-29.5,-590.0,False,False,True
2026-03-26 08:00:00,2026-03-26 08:09:00,24101.75,short,STOP_LOSS_SOFT,-23.0,-460.0,False,False,True
2026-03-26 08:45:00,2026-03-26 09:00:00,24095.5,short,STOP_LOSS_SOFT,-36.0,-720.0,False,False,True
2026-03-26 09:30:00,2026-03-26 09:30:00,24156.25,long,STOP_LOSS_HARD,-53.099999999998545,-1061.999999999971,False,False,True
2026-03-26 11:00:00,2026-03-26 11:31:00,24103.0,short,TAKE_PROFIT_HARD,43.29999999999927,865.9999999999854,False,False,False
2026-03-26 12:00:00,2026-03-26 12:16:00,24092.5,long,STOP_LOSS_SOFT,-46.25,-925.0,False,False,True
2026-03-26 13:30:00,2026-03-26 13:47:00,23954.5,short,TAKE_PROFIT_HARD,43.29999999999927,865.9999999999854,False,False,False
2026-03-27 01:30:00,2026-03-27 02:50:00,23940.5,short,TAKE_PROFIT_HARD,43.29999999999927,865.9999999999854,False,False,False
2026-03-27 04:45:00,2026-03-27 04:56:00,23797.75,long,STOP_LOSS_SOFT,-26.5,-530.0,False,False,True
2026-03-27 05:30:00,2026-03-27 05:46:00,23789.25,long,STOP_LOSS_SOFT,-22.25,-445.0,False,False,True
2026-03-27 06:45:00,2026-03-27 06:56:00,23690.25,short,TAKE_PROFIT_HARD,43.29999999999927,865.9999999999854,False,False,False
2026-03-27 13:30:00,2026-03-27 13:35:00,23380.5,short,STOP_LOSS_SOFT,-25.5,-510.0,False,False,True
2026-03-30 03:30:00,2026-03-30 03:52:00,23381.25,short,STOP_LOSS_SOFT,-27.75,-555.0,False,False,True
2026-03-30 05:00:00,2026-03-30 05:16:00,23443.5,long,STOP_LOSS_SOFT,-40.75,-815.0,False,False,True
2026-03-30 06:45:00,2026-03-30 06:51:00,23387.75,short,STOP_LOSS_SOFT,-24.5,-490.0,False,False,True
2026-03-30 07:30:00,2026-03-30 07:41:00,23486.0,long,STOP_LOSS_SOFT,-25.0,-500.0,False,False,True
2026-03-30 10:00:00,2026-03-30 10:03:00,23302.0,short,STOP_LOSS_SOFT,-28.25,-565.0,False,False,True
2026-03-30 11:15:00,2026-03-30 11:25:00,23317.0,short,STOP_LOSS_SOFT,-32.25,-645.0,False,False,True
2026-03-30 12:00:00,2026-03-30 12:03:00,23375.0,short,TAKE_PROFIT_HARD,43.29999999999927,865.9999999999854,False,False,False
2026-03-30 15:45:00,2026-03-30 15:51:00,23079.75,long,TAKE_PROFIT_HARD,43.29999999999927,865.9999999999854,False,False,False
2026-03-30 19:30:00,2026-03-30 19:46:00,23056.0,long,STOP_LOSS_SOFT,-22.0,-440.0,False,False,True
2026-03-30 20:00:00,2026-03-30 20:13:00,23046.0,long,STOP_LOSS_SOFT,-25.5,-510.0,False,False,True
2026-03-30 23:00:00,2026-03-30 23:07:00,23345.5,short,STOP_LOSS_SOFT,-47.5,-950.0,False,False,True
2026-03-31 04:15:00,2026-03-31 04:52:00,23344.0,short,TAKE_PROFIT_HARD,43.29999999999927,865.9999999999854,False,False,False
2026-03-31 09:00:00,2026-03-31 09:19:00,23370.25,short,STOP_LOSS_SOFT,-29.5,-590.0,False,False,True
2026-03-31 09:30:00,2026-03-31 09:31:00,23380.75,short,STOP_LOSS_HARD,-53.099999999998545,-1061.999999999971,False,False,True
2026-04-01 02:00:00,2026-04-01 02:13:00,24041.25,short,STOP_LOSS_SOFT,-33.25,-665.0,False,False,True
2026-04-01 04:00:00,2026-04-01 04:11:00,24079.25,short,TAKE_PROFIT_HARD,43.29999999999927,865.9999999999854,False,False,False
2026-04-01 04:15:00,2026-04-01 04:19:00,24048.5,short,STOP_LOSS_SOFT,-23.25,-465.0,False,False,True
2026-04-01 05:15:00,2026-04-01 05:47:00,24038.0,short,STOP_LOSS_SOFT,-26.25,-525.0,False,False,True
2026-04-01 11:00:00,2026-04-01 11:53:00,24260.0,long,TAKE_PROFIT_HARD,43.29999999999927,865.9999999999854,False,False,False
2026-04-01 15:30:00,2026-04-01 15:51:00,24233.75,long,STOP_LOSS_SOFT,-22.75,-455.0,False,False,True
2026-04-01 21:00:00,2026-04-01 21:00:00,24236.25,long,STOP_LOSS_HARD,-53.099999999998545,-1061.999999999971,True,True,True
2026-04-01 22:00:00,2026-04-01 22:12:00,23938.5,short,TAKE_PROFIT_HARD,43.29999999999927,865.9999999999854,False,False,False
2026-04-02 14:00:00,2026-04-02 14:05:00,24090.75,short,STOP_LOSS_HARD,-53.099999999998545,-1061.999999999971,False,False,True
2026-04-02 14:30:00,2026-04-02 14:41:00,24107.0,short,STOP_LOSS_SOFT,-32.25,-645.0,False,False,True
2026-04-02 20:15:00,2026-04-02 20:40:00,24240.25,long,STOP_LOSS_SOFT,-25.5,-510.0,False,False,True
2026-04-05 21:30:00,2026-04-05 21:49:00,24234.0,long,STOP_LOSS_SOFT,-29.5,-590.0,False,False,True
2026-04-05 22:15:00,2026-04-05 22:20:00,24261.5,long,TAKE_PROFIT_HARD,43.29999999999927,865.9999999999854,False,False,False
2026-04-05 22:45:00,2026-04-05 23:00:00,24264.25,short,TAKE_PROFIT_HARD,43.29999999999927,865.9999999999854,False,False,False
2026-04-06 00:45:00,2026-04-06 01:42:00,24252.5,long,STOP_LOSS_SOFT,-25.0,-500.0,False,False,True
2026-04-06 02:00:00,2026-04-06 02:14:00,24232.75,long,TAKE_PROFIT_HARD,43.29999999999927,865.9999999999854,False,False,False
2026-04-06 02:15:00,2026-04-06 02:20:00,24275.25,long,STOP_LOSS_SOFT,-28.0,-560.0,False,False,True
2026-04-06 02:45:00,2026-04-06 02:50:00,24233.0,long,TAKE_PROFIT_HARD,43.29999999999927,865.9999999999854,False,False,False
2026-04-06 03:00:00,2026-04-06 03:05:00,24255.5,long,STOP_LOSS_SOFT,-22.5,-450.0,False,False,True
2026-04-06 03:30:00,2026-04-06 03:42:00,24237.25,long,TAKE_PROFIT_HARD,43.29999999999927,865.9999999999854,False,False,False
2026-04-06 04:30:00,2026-04-06 05:05:00,24350.0,long,TAKE_PROFIT_HARD,43.29999999999927,865.9999999999854,False,False,False
2026-04-06 06:15:00,2026-04-06 06:46:00,24349.25,long,STOP_LOSS_HARD,-53.099999999998545,-1061.999999999971,False,False,True
2026-04-06 07:15:00,2026-04-06 08:34:00,24289.5,short,STOP_LOSS_SOFT,-36.5,-730.0,False,False,True
2026-04-06 09:30:00,2026-04-06 09:30:00,24265.0,short,STOP_LOSS_HARD,-53.099999999998545,-1061.999999999971,False,False,True
2026-04-06 10:30:00,2026-04-06 10:38:00,24364.75,long,STOP_LOSS_HARD,-53.099999999998545,-1061.999999999971,False,False,True
2026-04-06 11:30:00,2026-04-06 11:47:00,24280.75,short,STOP_LOSS_SOFT,-27.75,-555.0,False,False,True
2026-04-06 13:15:00,2026-04-06 13:22:00,24227.0,short,STOP_LOSS_SOFT,-42.5,-850.0,False,False,True
2026-04-06 13:30:00,2026-04-06 13:47:00,24305.75,long,STOP_LOSS_SOFT,-31.25,-625.0,False,False,True
2026-04-06 15:00:00,2026-04-06 18:24:00,24351.25,long,STOP_LOSS_SOFT,-38.25,-765.0,False,False,True
2026-04-06 20:00:00,2026-04-06 20:16:00,24299.5,short,STOP_LOSS_HARD,-53.099999999998545,-1061.999999999971,False,False,True
2026-04-06 21:15:00,2026-04-06 21:22:00,24255.0,short,STOP_LOSS_SOFT,-22.25,-445.0,False,False,True
2026-04-06 23:45:00,2026-04-07 00:14:00,24227.0,long,STOP_LOSS_SOFT,-23.25,-465.0,False,False,True
2026-04-07 02:00:00,2026-04-07 04:01:00,24228.5,long,TAKE_PROFIT_HARD,43.29999999999927,865.9999999999854,False,False,False
2026-04-07 04:45:00,2026-04-07 05:26:00,24363.0,long,TAKE_PROFIT_HARD,43.29999999999927,865.9999999999854,False,False,False
2026-04-07 06:45:00,2026-04-07 06:48:00,24287.75,short,TAKE_PROFIT_HARD,43.29999999999927,865.9999999999854,False,False,False
2026-04-07 08:30:00,2026-04-07 08:33:00,24242.5,long,STOP_LOSS_SOFT,-30.0,-600.0,True,True,True
2026-04-07 09:15:00,2026-04-07 09:30:00,24230.25,long,TAKE_PROFIT_HARD,43.29999999999927,865.9999999999854,False,False,False
2026-04-07 13:45:00,2026-04-07 14:11:00,24230.75,long,STOP_LOSS_SOFT,-25.5,-510.0,False,False,True
2026-04-07 15:00:00,2026-04-07 15:13:00,24102.0,short,STOP_LOSS_SOFT,-24.25,-485.0,False,False,True
2026-04-07 15:45:00,2026-04-07 15:45:00,24240.5,long,TAKE_PROFIT_HARD,43.29999999999927,865.9999999999854,False,False,False
2026-04-07 16:15:00,2026-04-07 16:23:00,24390.5,long,STOP_LOSS_SOFT,-28.75,-575.0,False,False,True
2026-04-07 20:45:00,2026-04-07 20:49:00,25044.75,long,TAKE_PROFIT_HARD,43.29999999999927,865.9999999999854,False,False,False
2026-04-08 11:15:00,2026-04-08 11:45:00,25022.5,long,TAKE_PROFIT_HARD,43.29999999999927,865.9999999999854,False,False,False
2026-04-08 15:00:00,2026-04-08 15:08:00,24953.25,short,STOP_LOSS_SOFT,-26.75,-535.0,False,False,True
2026-04-08 15:30:00,2026-04-08 15:32:00,24957.75,short,STOP_LOSS_SOFT,-35.25,-705.0,False,False,True
2026-04-08 15:45:00,2026-04-08 15:59:00,25012.75,long,TAKE_PROFIT_HARD,43.29999999999927,865.9999999999854,False,False,False
2026-04-08 20:45:00,2026-04-08 21:08:00,25024.75,long,STOP_LOSS_SOFT,-26.0,-520.0,False,False,True
2026-04-08 21:30:00,2026-04-08 21:50:00,24987.0,short,STOP_LOSS_SOFT,-31.25,-625.0,False,False,True
2026-04-08 22:00:00,2026-04-09 01:11:00,25022.75,long,STOP_LOSS_SOFT,-21.75,-435.0,False,False,True
2026-04-09 03:45:00,2026-04-09 04:45:00,24977.0,short,STOP_LOSS_SOFT,-23.25,-465.0,False,False,True
2026-04-09 05:00:00,2026-04-09 05:12:00,24972.75,short,STOP_LOSS_SOFT,-24.5,-490.0,False,False,True
2026-04-09 05:30:00,2026-04-09 07:00:00,25012.75,long,STOP_LOSS_SOFT,-24.75,-495.0,False,False,True
2026-04-09 07:30:00,2026-04-09 07:40:00,24984.0,short,STOP_LOSS_SOFT,-44.5,-890.0,False,False,True
2026-04-09 07:45:00,2026-04-09 09:28:00,25025.0,long,TAKE_PROFIT_HARD,43.29999999999927,865.9999999999854,False,False,False
2026-04-09 10:30:00,2026-04-09 10:48:00,24981.75,short,STOP_LOSS_SOFT,-28.25,-565.0,False,False,True
2026-04-09 11:00:00,2026-04-09 11:15:00,25041.25,long,TAKE_PROFIT_HARD,43.29999999999927,865.9999999999854,False,False,False
2026-04-10 08:30:00,2026-04-10 08:32:00,25336.25,long,STOP_LOSS_SOFT,-22.0,-440.0,True,True,True
2026-04-10 10:30:00,2026-04-10 11:23:00,25340.5,long,TAKE_PROFIT_HARD,43.29999999999927,865.9999999999854,False,False,False
2026-04-12 18:00:00,2026-04-12 18:00:00,25333.0,long,STOP_LOSS_HARD,-353.0,-7060.0,False,False,True
2026-04-12 20:45:00,2026-04-12 20:54:00,25011.75,long,TAKE_PROFIT_HARD,43.29999999999927,865.9999999999854,False,False,False
2026-04-13 09:45:00,2026-04-13 09:49:00,25182.0,short,STOP_LOSS_HARD,-53.099999999998545,-1061.999999999971,False,False,True
2026-04-13 13:45:00,2026-04-13 14:53:00,25420.0,short,STOP_LOSS_SOFT,-23.5,-470.0,False,False,True
2026-04-13 15:15:00,2026-04-13 15:26:00,25437.25,short,STOP_LOSS_SOFT,-21.75,-435.0,False,False,True
2026-04-13 16:00:00,2026-04-13 16:57:00,25538.25,long,TAKE_PROFIT_HARD,43.29999999999927,865.9999999999854,False,False,False
2026-04-14 10:45:00,2026-04-14 10:53:00,25786.25,short,STOP_LOSS_SOFT,-25.75,-515.0,False,False,True
2026-04-14 11:15:00,2026-04-14 11:20:00,25786.0,short,STOP_LOSS_SOFT,-32.0,-640.0,False,False,True
2026-04-14 13:30:00,2026-04-14 14:20:00,25943.25,long,STOP_LOSS_SOFT,-36.75,-735.0,False,False,True
2026-04-14 14:30:00,2026-04-14 15:04:00,25909.75,short,STOP_LOSS_SOFT,-29.75,-595.0,False,False,True
2026-04-14 15:15:00,2026-04-14 15:59:00,25959.5,long,TAKE_PROFIT_HARD,43.29999999999927,865.9999999999854,False,False,False
2026-04-14 19:45:00,2026-04-14 20:43:00,26023.25,long,STOP_LOSS_SOFT,-23.25,-465.0,False,False,True
2026-04-14 21:15:00,2026-04-14 22:31:00,26033.75,long,STOP_LOSS_SOFT,-27.5,-550.0,False,False,True
2026-04-15 00:00:00,2026-04-15 01:22:00,26021.75,long,STOP_LOSS_SOFT,-27.25,-545.0,False,False,True
2026-04-15 04:30:00,2026-04-15 05:12:00,26022.75,long,STOP_LOSS_SOFT,-28.5,-570.0,False,False,True
2026-04-15 09:30:00,2026-04-15 09:59:00,26023.75,long,TAKE_PROFIT_HARD,43.29999999999927,865.9999999999854,False,False,False
2026-04-15 10:00:00,2026-04-15 10:23:00,26068.5,long,TAKE_PROFIT_HARD,43.29999999999927,865.9999999999854,False,False,False
2026-04-15 14:45:00,2026-04-15 15:05:00,26272.0,long,TAKE_PROFIT_HARD,43.29999999999927,865.9999999999854,False,False,False
2026-04-15 15:30:00,2026-04-15 18:31:00,26336.5,long,TAKE_PROFIT_HARD,43.29999999999927,865.9999999999854,False,False,False
2026-04-16 10:15:00,2026-04-16 10:20:00,26358.0,long,STOP_LOSS_SOFT,-37.75,-755.0,False,False,True
2026-04-20 09:45:00,2026-04-20 09:55:00,26750.5,short,STOP_LOSS_SOFT,-39.25,-785.0,False,False,True
2026-04-20 21:45:00,2026-04-21 02:10:00,26827.5,short,STOP_LOSS_SOFT,-27.75,-555.0,False,False,True
2026-04-21 03:15:00,2026-04-21 04:45:00,26820.0,short,STOP_LOSS_SOFT,-28.75,-575.0,False,False,True
2026-04-21 05:15:00,2026-04-21 05:56:00,26816.25,short,STOP_LOSS_SOFT,-23.25,-465.0,False,False,True
2026-04-21 07:45:00,2026-04-21 08:12:00,26887.0,long,STOP_LOSS_SOFT,-23.5,-470.0,False,False,True
2026-04-21 09:00:00,2026-04-21 09:30:00,26820.75,short,TAKE_PROFIT_HARD,43.29999999999927,865.9999999999854,False,False,False
2026-04-21 10:45:00,2026-04-21 10:51:00,26825.25,short,TAKE_PROFIT_HARD,43.29999999999927,865.9999999999854,False,False,False
2026-04-21 11:00:00,2026-04-21 11:01:00,26736.75,short,TAKE_PROFIT_HARD,43.29999999999927,865.9999999999854,False,False,False
2026-04-21 22:45:00,2026-04-22 01:00:00,26817.75,short,TAKE_PROFIT_HARD,43.29999999999927,865.9999999999854,False,False,False
2026-04-22 02:15:00,2026-04-22 02:31:00,26810.25,short,STOP_LOSS_SOFT,-26.75,-535.0,False,False,True
2026-04-22 04:30:00,2026-04-22 05:06:00,26810.25,short,STOP_LOSS_SOFT,-34.5,-690.0,False,False,True
2026-04-22 06:00:00,2026-04-22 08:02:00,26825.75,short,STOP_LOSS_SOFT,-24.5,-490.0,False,False,True
2026-04-22 08:15:00,2026-04-22 08:30:00,26897.25,long,STOP_LOSS_SOFT,-35.75,-715.0,False,False,True
2026-04-22 09:00:00,2026-04-22 09:09:00,26821.5,short,STOP_LOSS_HARD,-53.099999999998545,-1061.999999999971,False,False,True
2026-04-22 10:15:00,2026-04-22 10:21:00,26922.25,long,TAKE_PROFIT_HARD,43.29999999999927,865.9999999999854,False,False,False
2026-04-22 14:30:00,2026-04-22 14:43:00,26999.25,short,STOP_LOSS_SOFT,-25.5,-510.0,False,False,True
2026-04-22 15:00:00,2026-04-22 15:19:00,27013.75,short,STOP_LOSS_SOFT,-37.25,-745.0,False,False,True
2026-04-22 20:15:00,2026-04-22 20:16:00,26938.25,short,TAKE_PROFIT_HARD,43.29999999999927,865.9999999999854,False,False,False
2026-04-22 21:30:00,2026-04-22 22:13:00,27017.5,short,TAKE_PROFIT_HARD,43.29999999999927,865.9999999999854,False,False,False
2026-04-23 00:00:00,2026-04-23 00:51:00,26908.25,long,TAKE_PROFIT_HARD,43.29999999999927,865.9999999999854,False,False,False
2026-04-23 09:00:00,2026-04-23 09:30:00,27009.25,short,TAKE_PROFIT_HARD,43.29999999999927,865.9999999999854,False,False,False
2026-04-23 10:00:00,2026-04-23 10:02:00,27016.75,short,TAKE_PROFIT_HARD,43.29999999999927,865.9999999999854,False,False,False
2026-04-23 10:15:00,2026-04-23 10:24:00,26990.0,short,STOP_LOSS_SOFT,-31.5,-630.0,False,False,True
2026-04-23 15:15:00,2026-04-23 15:36:00,26903.25,long,STOP_LOSS_SOFT,-28.75,-575.0,False,False,True
2026-04-23 16:00:00,2026-04-23 16:02:00,26926.25,long,TAKE_PROFIT_HARD,43.29999999999927,865.9999999999854,False,False,False
2026-04-24 06:30:00,2026-04-24 07:04:00,27183.0,long,TAKE_PROFIT_HARD,43.29999999999927,865.9999999999854,False,False,False
2026-04-28 07:30:00,2026-04-28 07:40:00,27154.0,short,TAKE_PROFIT_HARD,43.29999999999927,865.9999999999854,False,False,False
2026-04-28 10:30:00,2026-04-28 10:35:00,27168.5,short,TAKE_PROFIT_HARD,43.29999999999927,865.9999999999854,False,False,False
2026-04-28 12:00:00,2026-04-28 13:01:00,27053.5,long,TAKE_PROFIT_HARD,43.29999999999927,865.9999999999854,False,False,False
2026-04-28 16:00:00,2026-04-28 16:11:00,27169.25,short,STOP_LOSS_SOFT,-26.75,-535.0,False,False,True
2026-04-28 19:45:00,2026-04-28 20:15:00,27238.0,long,TAKE_PROFIT_HARD,43.29999999999927,865.9999999999854,False,False,False
2026-04-28 21:30:00,2026-04-28 22:10:00,27228.0,long,TAKE_PROFIT_HARD,43.29999999999927,865.9999999999854,False,False,False
2026-04-29 04:30:00,2026-04-29 04:34:00,27245.5,long,STOP_LOSS_SOFT,-33.25,-665.0,False,False,True
2026-04-29 06:15:00,2026-04-29 06:32:00,27244.75,long,TAKE_PROFIT_HARD,43.29999999999927,865.9999999999854,False,False,False
2026-04-29 08:45:00,2026-04-29 09:21:00,27241.0,long,STOP_LOSS_SOFT,-28.5,-570.0,True,False,True
2026-04-29 10:30:00,2026-04-29 10:37:00,27269.0,long,TAKE_PROFIT_HARD,43.29999999999927,865.9999999999854,False,False,False
2026-04-29 11:30:00,2026-04-29 11:53:00,27275.75,long,STOP_LOSS_HARD,-53.099999999998545,-1061.999999999971,False,False,True
2026-04-29 14:00:00,2026-04-29 14:03:00,27249.5,long,STOP_LOSS_SOFT,-43.5,-870.0,True,True,True
2026-04-29 15:00:00,2026-04-29 15:15:00,27295.25,long,TAKE_PROFIT_HARD,43.29999999999927,865.9999999999854,False,False,False
2026-04-30 02:30:00,2026-04-30 02:33:00,27233.0,long,TAKE_PROFIT_HARD,43.29999999999927,865.9999999999854,False,False,False
2026-04-30 18:30:00,2026-04-30 18:53:00,27618.25,short,TAKE_PROFIT_HARD,43.29999999999927,865.9999999999854,False,False,False
2026-04-30 21:00:00,2026-04-30 21:31:00,27625.5,short,STOP_LOSS_SOFT,-32.0,-640.0,False,False,True
2026-04-30 22:30:00,2026-04-30 23:31:00,27638.0,short,STOP_LOSS_SOFT,-29.0,-580.0,False,False,True
2026-05-01 00:15:00,2026-05-01 03:39:00,27630.75,short,TAKE_PROFIT_HARD,43.29999999999927,865.9999999999854,False,False,False
2026-05-01 09:45:00,2026-05-01 09:55:00,27788.25,long,TAKE_PROFIT_HARD,43.29999999999927,865.9999999999854,False,True,False
2026-05-01 10:30:00,2026-05-01 10:33:00,27871.5,short,TAKE_PROFIT_HARD,43.29999999999927,865.9999999999854,False,False,False
2026-05-01 11:00:00,2026-05-01 11:02:00,27814.75,short,TAKE_PROFIT_HARD,43.29999999999927,865.9999999999854,False,False,False
2026-05-01 12:00:00,2026-05-01 12:09:00,27890.75,short,TAKE_PROFIT_HARD,43.29999999999927,865.9999999999854,False,False,False
2026-05-01 12:15:00,2026-05-01 12:20:00,27844.0,short,STOP_LOSS_SOFT,-22.0,-440.0,False,False,True
2026-05-01 12:30:00,2026-05-01 13:15:00,27832.75,short,STOP_LOSS_SOFT,-31.0,-620.0,False,False,True
2026-05-01 14:00:00,2026-05-01 14:16:00,27883.75,short,TAKE_PROFIT_HARD,43.29999999999927,865.9999999999854,False,False,False
2026-05-01 14:45:00,2026-05-01 15:10:00,27822.5,short,STOP_LOSS_SOFT,-29.75,-595.0,False,False,True
2026-05-01 15:45:00,2026-05-01 15:55:00,27874.25,short,TAKE_PROFIT_HARD,43.29999999999927,865.9999999999854,False,False,False
2026-05-01 16:00:00,2026-05-01 16:20:00,27837.25,short,TAKE_PROFIT_HARD,43.29999999999927,865.9999999999854,False,False,False
2026-05-03 21:15:00,2026-05-03 21:46:00,27884.5,short,STOP_LOSS_SOFT,-22.25,-445.0,False,False,True
2026-05-03 22:30:00,2026-05-03 22:40:00,27886.25,short,STOP_LOSS_SOFT,-24.5,-490.0,False,False,True
2026-05-04 02:45:00,2026-05-04 03:06:00,27884.75,short,STOP_LOSS_SOFT,-23.75,-475.0,False,False,True
2026-05-04 04:15:00,2026-05-04 05:14:00,27887.5,short,STOP_LOSS_SOFT,-24.25,-485.0,False,False,True
2026-05-04 06:00:00,2026-05-04 06:02:00,27890.25,short,TAKE_PROFIT_HARD,43.29999999999927,865.9999999999854,False,False,False
2026-05-04 06:30:00,2026-05-04 06:32:00,27753.5,long,TAKE_PROFIT_HARD,43.29999999999927,865.9999999999854,False,False,False
2026-05-04 10:15:00,2026-05-04 10:41:00,27892.75,short,STOP_LOSS_SOFT,-28.0,-560.0,False,False,True
2026-05-04 11:00:00,2026-05-04 11:14:00,27882.0,short,TAKE_PROFIT_HARD,43.29999999999927,865.9999999999854,False,False,False
2026-05-04 11:15:00,2026-05-04 11:19:00,27854.5,short,TAKE_PROFIT_HARD,43.29999999999927,865.9999999999854,False,False,False
2026-05-04 13:15:00,2026-05-04 13:17:00,27743.25,long,TAKE_PROFIT_HARD,43.29999999999927,865.9999999999854,False,False,False
2026-05-05 03:30:00,2026-05-05 03:39:00,27886.0,short,STOP_LOSS_SOFT,-30.0,-600.0,False,False,True
2026-05-05 04:00:00,2026-05-05 04:06:00,27882.0,short,STOP_LOSS_SOFT,-22.75,-455.0,False,False,True
2026-05-05 09:45:00,2026-05-05 10:15:00,28082.75,long,STOP_LOSS_SOFT,-33.25,-665.0,False,True,True
2026-05-05 10:45:00,2026-05-05 11:05:00,28087.5,short,STOP_LOSS_SOFT,-32.25,-645.0,False,False,True
2026-05-05 12:00:00,2026-05-05 13:43:00,28127.0,short,STOP_LOSS_SOFT,-21.75,-435.0,False,False,True
2026-05-05 16:30:00,2026-05-05 16:41:00,28236.0,long,STOP_LOSS_SOFT,-36.25,-725.0,False,False,True
2026-05-05 18:00:00,2026-05-05 18:00:00,28207.25,long,TAKE_PROFIT_HARD,43.29999999999927,865.9999999999854,False,False,False
2026-05-05 20:15:00,2026-05-05 20:21:00,28313.5,short,TAKE_PROFIT_HARD,43.29999999999927,865.9999999999854,False,False,False
2026-05-06 00:45:00,2026-05-06 01:49:00,28326.25,short,STOP_LOSS_SOFT,-22.25,-445.0,False,False,True
2026-05-06 02:30:00,2026-05-06 04:07:00,28329.75,short,STOP_LOSS_SOFT,-28.25,-565.0,False,False,True
2026-05-06 05:15:00,2026-05-06 05:33:00,28448.5,short,STOP_LOSS_SOFT,-44.75,-895.0,False,False,True
2026-05-06 05:45:00,2026-05-06 06:18:00,28497.0,long,TAKE_PROFIT_HARD,43.29999999999927,865.9999999999854,False,False,False
2026-05-06 08:30:00,2026-05-06 08:38:00,28495.5,long,STOP_LOSS_SOFT,-38.0,-760.0,False,False,True
2026-05-06 08:45:00,2026-05-06 09:08:00,28448.25,short,TAKE_PROFIT_HARD,43.29999999999927,865.9999999999854,False,False,False
2026-05-06 09:15:00,2026-05-06 09:20:00,28423.75,short,TAKE_PROFIT_HARD,43.29999999999927,865.9999999999854,False,False,False
2026-05-07 04:15:00,2026-05-07 05:00:00,28769.0,short,TAKE_PROFIT_HARD,43.29999999999927,865.9999999999854,False,False,False
2026-05-07 12:00:00,2026-05-07 12:05:00,28784.25,short,TAKE_PROFIT_HARD,43.29999999999927,865.9999999999854,False,False,False
2026-05-08 02:00:00,2026-05-08 02:29:00,28804.5,short,STOP_LOSS_SOFT,-21.75,-435.0,False,False,True
2026-05-08 08:45:00,2026-05-08 08:49:00,28961.0,long,STOP_LOSS_SOFT,-29.0,-580.0,True,False,True
2026-05-08 09:00:00,2026-05-08 09:12:00,28912.25,short,TAKE_PROFIT_HARD,43.29999999999927,865.9999999999854,False,False,False
2026-05-08 16:00:00,2026-05-08 16:01:00,29339.75,long,TAKE_PROFIT_HARD,43.29999999999927,865.9999999999854,False,False,False
2026-05-11 11:45:00,2026-05-11 11:54:00,29421.25,short,STOP_LOSS_SOFT,-41.75,-835.0,False,False,True
2026-05-11 12:45:00,2026-05-11 13:30:00,29414.5,short,STOP_LOSS_SOFT,-34.75,-695.0,False,False,True
2026-05-11 15:00:00,2026-05-11 15:07:00,29387.75,short,STOP_LOSS_SOFT,-31.75,-635.0,False,False,True
2026-05-11 20:15:00,2026-05-11 21:16:00,29393.25,short,TAKE_PROFIT_HARD,43.29999999999927,865.9999999999854,False,False,False
2026-05-12 11:45:00,2026-05-12 11:51:00,28928.5,long,STOP_LOSS_SOFT,-22.5,-450.0,False,False,True
2026-05-12 13:00:00,2026-05-12 13:03:00,28749.0,short,STOP_LOSS_SOFT,-44.5,-890.0,False,False,True
2026-05-12 13:30:00,2026-05-12 14:01:00,28888.25,long,TAKE_PROFIT_HARD,43.29999999999927,865.9999999999854,False,False,False
2026-05-12 14:15:00,2026-05-12 14:26:00,28947.0,long,TAKE_PROFIT_HARD,43.29999999999927,865.9999999999854,False,False,False
2026-05-12 15:45:00,2026-05-12 15:51:00,29127.5,long,TAKE_PROFIT_HARD,43.29999999999927,865.9999999999854,False,False,False
2026-05-12 20:30:00,2026-05-12 21:03:00,29122.25,long,TAKE_PROFIT_HARD,43.29999999999927,865.9999999999854,False,False,False
2026-05-13 05:00:00,2026-05-13 05:11:00,29412.75,short,TAKE_PROFIT_HARD,43.29999999999927,865.9999999999854,False,False,False
2026-05-13 06:15:00,2026-05-13 07:11:00,29399.5,short,TAKE_PROFIT_HARD,43.29999999999927,865.9999999999854,False,False,False
2026-05-13 14:45:00,2026-05-13 14:59:00,29513.5,short,TAKE_PROFIT_HARD,43.29999999999927,865.9999999999854,False,False,False
2026-05-13 19:15:00,2026-05-13 19:29:00,29642.5,long,STOP_LOSS_SOFT,-21.75,-435.0,False,False,True
2026-05-13 20:00:00,2026-05-13 20:02:00,29631.25,long,STOP_LOSS_SOFT,-27.25,-545.0,False,False,True
2026-05-13 22:15:00,2026-05-13 22:48:00,29615.75,long,STOP_LOSS_SOFT,-23.0,-460.0,False,False,True
2026-05-13 23:45:00,2026-05-14 00:26:00,29548.0,short,STOP_LOSS_SOFT,-23.25,-465.0,False,False,True
2026-05-14 01:15:00,2026-05-14 01:45:00,29554.0,short,STOP_LOSS_HARD,-53.099999999998545,-1061.999999999971,False,False,True
2026-05-14 02:15:00,2026-05-14 03:06:00,29625.75,long,STOP_LOSS_SOFT,-28.75,-575.0,False,False,True
2026-05-14 03:45:00,2026-05-14 03:57:00,29620.5,long,STOP_LOSS_SOFT,-28.0,-560.0,False,False,True
2026-05-14 04:45:00,2026-05-14 04:58:00,29555.25,short,STOP_LOSS_SOFT,-24.75,-495.0,False,False,True
2026-05-14 05:30:00,2026-05-14 05:37:00,29535.75,short,TAKE_PROFIT_HARD,43.29999999999927,865.9999999999854,False,False,False
2026-05-14 05:45:00,2026-05-14 05:50:00,29510.5,short,STOP_LOSS_SOFT,-26.75,-535.0,False,False,True
2026-05-14 06:30:00,2026-05-14 07:10:00,29547.75,short,STOP_LOSS_SOFT,-25.75,-515.0,False,False,True
2026-05-14 07:30:00,2026-05-14 07:44:00,29523.75,short,STOP_LOSS_SOFT,-22.25,-445.0,False,False,True
2026-05-14 08:00:00,2026-05-14 08:16:00,29540.0,short,STOP_LOSS_SOFT,-25.0,-500.0,False,False,True
2026-05-14 08:45:00,2026-05-14 08:55:00,29521.0,short,TAKE_PROFIT_HARD,43.29999999999927,865.9999999999854,True,False,False
2026-05-14 09:45:00,2026-05-14 09:45:00,29626.0,long,TAKE_PROFIT_HARD,43.29999999999927,865.9999999999854,False,False,False
2026-05-14 11:45:00,2026-05-14 12:11:00,29752.0,short,STOP_LOSS_SOFT,-24.0,-480.0,False,False,True
2026-05-14 12:30:00,2026-05-14 13:10:00,29727.25,short,TAKE_PROFIT_HARD,43.29999999999927,865.9999999999854,False,False,False
2026-05-14 22:00:00,2026-05-14 22:26:00,29519.0,short,STOP_LOSS_SOFT,-32.25,-645.0,False,False,True
2026-05-15 00:15:00,2026-05-15 00:32:00,29549.25,short,TAKE_PROFIT_HARD,43.29999999999927,865.9999999999854,False,False,False
2026-05-15 01:45:00,2026-05-15 01:56:00,29357.0,short,TAKE_PROFIT_HARD,43.29999999999927,865.9999999999854,False,False,False
2026-05-15 03:45:00,2026-05-15 04:02:00,29393.75,short,TAKE_PROFIT_HARD,43.29999999999927,865.9999999999854,False,False,False
2026-05-17 21:45:00,2026-05-17 21:50:00,28987.25,long,TAKE_PROFIT_HARD,43.29999999999927,865.9999999999854,False,False,False
2026-05-18 14:45:00,2026-05-18 14:49:00,28873.75,short,TAKE_PROFIT_HARD,43.29999999999927,865.9999999999854,False,False,False
2026-05-18 22:30:00,2026-05-18 23:30:00,28973.25,long,TAKE_PROFIT_HARD,43.29999999999927,865.9999999999854,False,False,False
2026-05-19 00:45:00,2026-05-19 01:22:00,28951.75,long,STOP_LOSS_SOFT,-36.75,-735.0,False,False,True
2026-05-19 02:00:00,2026-05-19 02:19:00,28935.0,long,TAKE_PROFIT_HARD,43.29999999999927,865.9999999999854,False,False,False
2026-05-19 08:00:00,2026-05-19 08:11:00,28853.75,short,STOP_LOSS_SOFT,-32.25,-645.0,False,False,True
2026-05-19 08:30:00,2026-05-19 08:35:00,28867.75,short,STOP_LOSS_SOFT,-38.75,-775.0,False,False,True
2026-05-19 09:15:00,2026-05-19 09:20:00,28875.75,short,TAKE_PROFIT_HARD,43.29999999999927,865.9999999999854,False,False,False
2026-05-19 18:30:00,2026-05-19 18:35:00,28877.75,short,STOP_LOSS_SOFT,-28.25,-565.0,False,False,True
2026-05-19 19:15:00,2026-05-19 19:32:00,28945.0,long,TAKE_PROFIT_HARD,43.29999999999927,865.9999999999854,False,False,False
