et,title,source,jump_pct,pred_exp,pred_t24,n_priors,instrument,ride_outcome,ride_exit_s,ride_pnl_usd,ride_net_stressed_usd,cdir_accel_bands,vdir_accel_bands,cdir_accel_osc,vdir_accel_osc,cdir_ad_line,vdir_ad_line,cdir_adx,vdir_adx,cdir_alligator,vdir_alligator,cdir_alma,vdir_alma,cdir_anchored_vwap,vdir_anchored_vwap,cdir_apo,vdir_apo,cdir_aroon,vdir_aroon,cdir_aroon_osc,vdir_aroon_osc,cdir_asi,vdir_asi,cdir_atr_norm,vdir_atr_norm,cdir_autocorr,vdir_autocorr,cdir_awesome_osc,vdir_awesome_osc,cdir_balance_of_power,vdir_balance_of_power,cdir_bandpass,vdir_bandpass,cdir_bbi,vdir_bbi,cdir_bias,vdir_bias,cdir_bollinger,vdir_bollinger,cdir_breaker,vdir_breaker,cdir_bw_mfi,vdir_bw_mfi,cdir_cci,vdir_cci,cdir_center_of_gravity,vdir_center_of_gravity,cdir_chaikin_osc,vdir_chaikin_osc,cdir_chaikin_vol,vdir_chaikin_vol,cdir_chande_kroll,vdir_chande_kroll,cdir_chandelier,vdir_chandelier,cdir_choppiness,vdir_choppiness,cdir_cisd,vdir_cisd,cdir_cmf,vdir_cmf,cdir_cmo,vdir_cmo,cdir_cmo_chande_dmi,vdir_cmo_chande_dmi,cdir_cointegration,vdir_cointegration,cdir_coppock,vdir_coppock,cdir_cpr,vdir_cpr,cdir_cyber_cycle,vdir_cyber_cycle,cdir_dema,vdir_dema,cdir_demand_index,vdir_demand_index,cdir_demarker,vdir_demarker,cdir_derivative_osc,vdir_derivative_osc,cdir_dfa,vdir_dfa,cdir_di_cross,vdir_di_cross,cdir_disparity,vdir_disparity,cdir_dma,vdir_dma,cdir_donchian,vdir_donchian,cdir_dpo,vdir_dpo,cdir_efficiency_ratio,vdir_efficiency_ratio,cdir_elder_impulse,vdir_elder_impulse,cdir_elder_ray,vdir_elder_ray,cdir_elliott_wave_osc,vdir_elliott_wave_osc,cdir_ema_trend,vdir_ema_trend,cdir_emd,vdir_emd,cdir_eom,vdir_eom,cdir_ergodic_osc,vdir_ergodic_osc,cdir_evwma,vdir_evwma,cdir_expma,vdir_expma,cdir_fisher,vdir_fisher,cdir_force_index,vdir_force_index,cdir_fractals,vdir_fractals,cdir_frama,vdir_frama,cdir_fvg,vdir_fvg,cdir_garch_ewma,vdir_garch_ewma,cdir_garman_klass,vdir_garman_klass,cdir_gator,vdir_gator,cdir_gmma,vdir_gmma,cdir_hilbert_cycle,vdir_hilbert_cycle,cdir_hist_vol,vdir_hist_vol,cdir_hma,vdir_hma,cdir_hurst_exp,vdir_hurst_exp,cdir_ichimoku_chikou,vdir_ichimoku_chikou,cdir_ichimoku_cloud,vdir_ichimoku_cloud,cdir_ichimoku_tk_cross,vdir_ichimoku_tk_cross,cdir_ifvg,vdir_ifvg,cdir_jma,vdir_jma,cdir_kalman,vdir_kalman,cdir_kama,vdir_kama,cdir_kdj,vdir_kdj,cdir_keltner,vdir_keltner,cdir_klinger,vdir_klinger,cdir_kst,vdir_kst,cdir_laguerre_rsi,vdir_laguerre_rsi,cdir_linreg_channel,vdir_linreg_channel,cdir_linreg_r2,vdir_linreg_r2,cdir_linreg_slope,vdir_linreg_slope,cdir_lsma,vdir_lsma,cdir_ma_displaced,vdir_ma_displaced,cdir_ma_envelope,vdir_ma_envelope,cdir_macd,vdir_macd,cdir_mama_fama,vdir_mama_fama,cdir_mass_index,vdir_mass_index,cdir_mcginley,vdir_mcginley,cdir_mfi,vdir_mfi,cdir_momentum,vdir_momentum,cdir_nvi,vdir_nvi,cdir_obv,vdir_obv,cdir_order_block,vdir_order_block,cdir_ou_halflife,vdir_ou_halflife,cdir_parkinson,vdir_parkinson,cdir_pca_factor,vdir_pca_factor,cdir_pgo,vdir_pgo,cdir_pivot_camarilla,vdir_pivot_camarilla,cdir_pivot_demark,vdir_pivot_demark,cdir_pivot_fib,vdir_pivot_fib,cdir_pivot_floor,vdir_pivot_floor,cdir_pivot_woodie,vdir_pivot_woodie,cdir_ppo,vdir_ppo,cdir_proj_bands,vdir_proj_bands,cdir_psar,vdir_psar,cdir_psy,vdir_psy,cdir_pvi,vdir_pvi,cdir_pvt,vdir_pvt,cdir_qqe,vdir_qqe,cdir_rma,vdir_rma,cdir_rmi,vdir_rmi,cdir_roc,vdir_roc,cdir_rogers_satchell,vdir_rogers_satchell,cdir_rolling_beta,vdir_rolling_beta,cdir_rolling_corr,vdir_rolling_corr,cdir_roofing,vdir_roofing,cdir_rsi,vdir_rsi,cdir_rsi_connors,vdir_rsi_connors,cdir_rsi_cutler,vdir_rsi_cutler,cdir_rvgi,vdir_rvgi,cdir_rvi_dorsey,vdir_rvi_dorsey,cdir_schaff_trend_cycle,vdir_schaff_trend_cycle,cdir_sine_wma,vdir_sine_wma,cdir_sinewave,vdir_sinewave,cdir_sma_trend,vdir_sma_trend,cdir_smi,vdir_smi,cdir_starc,vdir_starc,cdir_stddev,vdir_stddev,cdir_stoch_rsi,vdir_stoch_rsi,cdir_stochastic,vdir_stochastic,cdir_structure_trend,vdir_structure_trend,cdir_super_smoother,vdir_super_smoother,cdir_supertrend,vdir_supertrend,cdir_t3,vdir_t3,cdir_td_combo,vdir_td_combo,cdir_td_rei,vdir_td_rei,cdir_td_sequential,vdir_td_sequential,cdir_tema,vdir_tema,cdir_tma,vdir_tma,cdir_trend_intensity,vdir_trend_intensity,cdir_trix,vdir_trix,cdir_tsi,vdir_tsi,cdir_ttm_squeeze,vdir_ttm_squeeze,cdir_tvi,vdir_tvi,cdir_twiggs_mf,vdir_twiggs_mf,cdir_ulcer,vdir_ulcer,cdir_ultimate_osc,vdir_ultimate_osc,cdir_vidya,vdir_vidya,cdir_vol_osc,vdir_vol_osc,cdir_vol_ratio,vdir_vol_ratio,cdir_volume_ratio_asia,vdir_volume_ratio_asia,cdir_vortex,vdir_vortex,cdir_vwap,vdir_vwap,cdir_vwma,vdir_vwma,cdir_vzo,vdir_vzo,cdir_wavetrend,vdir_wavetrend,cdir_williams_r,vdir_williams_r,cdir_wma,vdir_wma,cdir_wvad,vdir_wvad,cdir_yang_zhang,vdir_yang_zhang,cdir_zlema,vdir_zlema,cdir_zscore,vdir_zscore
2016-01-08 08:30:00,Non Farm Payrolls,schedule,0.3018776791644026,,,0.0,YM,tp,178.0,331.2199999999939,308.7199999999939,0,0,1,-1,1,-1,0,2,0,0,1,-1,-1,1,1,-1,0,0,1,-1,-1,1,0,0,0,0,1,-1,0,0,1,-1,1,-1,1,-1,0,0,0,0,0,0,1,-1,1,-1,1,-1,0,0,0,-1,0,-1,0,0,0,0,1,-1,1,-1,1,-1,0,0,1,-1,0,0,1,-1,1,-1,1,-1,1,-1,1,-1,0,2,1,-1,1,-1,1,-1,1,-1,1,-1,1,-1,1,-1,1,-1,1,-1,1,-1,0,0,1,-1,1,-1,1,-1,1,-1,1,-1,1,-1,0,0,1,-1,1,-1,0,0,0,0,0,0,1,-1,0,0,0,0,1,-1,0,2,1,-1,1,-1,0,0,-1,1,1,-1,1,-1,1,-1,-1,1,1,-1,1,-1,1,-1,-1,1,0,0,0,2,1,-1,1,-1,1,-1,1,0,1,-1,1,-1,0,0,1,-1,1,-1,1,-1,-1,1,1,-1,0,0,0,0,0,0,0,0,1,-1,0,0,1,-1,0,0,1,-1,1,-1,1,-1,0,0,1,-1,-1,1,1,-1,1,-1,1,-1,1,-1,-1,1,1,-1,0,0,0,0,0,0,1,-1,1,-1,-1,1,1,-1,1,-1,1,-1,-1,1,0,0,1,-1,1,-1,-1,1,0,0,0,0,-1,1,-1,1,1,-1,1,-1,1,-1,1,-1,0,0,-1,1,0,0,1,-1,0,0,-1,1,1,-1,1,-1,0,0,1,-1,1,-1,0,2,1,-1,1,-1,1,-1,0,0,1,-1,1,-1,-1,1,1,-1,1,-1,1,-1,-1,1,1,-1,1,-1,0,0,1,-1,1,-1
2016-01-15 08:30:00,Retail Sales MoM,tv,0.2626477393533863,,,0.0,YM,stopped_post,32.0,-79.88999999999578,-102.38999999999578,0,0,1,-1,1,-1,-1,0,-1,1,-1,1,-1,1,-1,1,-1,1,-1,1,-1,1,0,0,0,2,-1,1,0,0,1,-1,-1,1,-1,1,0,0,0,0,0,0,0,0,-1,1,1,-1,0,2,0,1,0,1,0,2,-1,1,1,-1,-1,1,1,-1,0,0,-1,1,-1,1,-1,1,0,0,-1,1,1,-1,1,-1,0,2,-1,1,-1,1,-1,1,-1,1,-1,1,0,0,0,0,-1,1,-1,1,-1,1,-1,1,-1,1,1,-1,-1,1,-1,1,-1,1,-1,1,0,0,-1,1,0,0,0,0,0,0,0,0,-1,1,0,0,0,0,0,0,0,0,-1,1,-1,1,-1,1,0,0,-1,1,-1,1,-1,1,-1,1,-1,1,1,-1,-1,1,1,-1,0,0,0,0,-1,1,0,0,-1,1,-1,0,-1,1,-1,1,0,0,-1,1,-1,1,-1,1,-1,1,-1,1,0,0,0,0,0,0,0,0,-1,1,-1,1,-1,1,-1,1,-1,1,-1,1,-1,1,0,0,1,-1,-1,1,-1,1,-1,1,-1,1,-1,1,1,-1,-1,1,0,0,0,0,0,0,1,-1,-1,1,-1,1,-1,1,-1,1,-1,1,1,-1,-1,1,-1,1,-1,1,1,-1,0,0,0,0,1,-1,-1,1,-1,1,-1,1,-1,1,-1,1,0,0,1,-1,0,0,0,0,-1,1,1,-1,-1,1,-1,1,0,0,-1,1,1,-1,0,2,1,-1,-1,1,-1,1,0,0,1,-1,-1,1,-1,1,-1,1,-1,1,-1,1,-1,1,-1,1,-1,1,0,0,0,0,-1,1
2016-01-20 08:30:00,Inflation Rate MoM,schedule,0.006392227051904884,,,0.0,YM,timed,899.0,40.0,17.5,0,0,1,-1,-1,1,0,2,1,-1,1,-1,1,-1,1,-1,0,0,1,-1,1,-1,0,0,0,0,1,-1,0,0,1,-1,1,-1,1,-1,0,1,-1,1,0,0,1,-1,1,-1,-1,1,0,0,0,-1,0,-1,0,0,1,-1,-1,1,1,-1,-1,1,0,0,1,-1,-1,1,1,-1,1,-1,1,-1,-1,1,1,-1,0,0,1,-1,1,-1,1,-1,1,-1,1,-1,1,-1,1,-1,1,-1,1,-1,1,-1,1,-1,1,-1,1,-1,1,-1,1,-1,1,-1,1,-1,1,-1,1,-1,0,0,0,0,0,0,1,-1,1,-1,0,0,0,0,1,-1,0,2,1,-1,1,-1,1,-1,1,-1,1,-1,1,-1,1,-1,1,-1,1,-1,1,-1,1,-1,-1,1,0,0,0,0,1,-1,1,-1,1,-1,1,0,1,-1,1,-1,0,0,1,-1,1,-1,1,-1,1,-1,1,-1,-1,1,0,0,0,0,0,0,1,-1,0,0,-1,1,0,0,-1,1,-1,1,1,-1,0,0,1,-1,1,-1,1,-1,1,-1,1,-1,1,-1,-1,1,1,-1,0,0,0,0,0,0,1,-1,1,-1,-1,1,1,-1,1,-1,1,-1,-1,1,1,-1,1,-1,1,-1,-1,1,0,0,0,0,-1,1,1,-1,1,-1,1,-1,1,-1,1,-1,0,0,-1,1,0,0,1,-1,1,-1,-1,1,1,-1,1,-1,0,0,1,-1,-1,1,0,2,1,-1,1,-1,1,-1,0,0,1,-1,1,-1,1,-1,1,-1,-1,1,1,-1,1,-1,1,-1,1,-1,0,0,1,-1,-1,1
2016-01-27 14:00:00,Fed Interest Rate Decision,schedule,0.06210408644888834,,,0.0,YM,tp,84.0,321.3799999999992,298.8799999999992,0,0,-1,1,-1,1,0,2,0,0,-1,1,1,-1,-1,1,0,0,-1,1,1,-1,0,0,0,2,-1,1,0,0,1,-1,-1,1,-1,1,0,0,-1,1,0,0,0,0,1,-1,-1,1,0,0,0,-1,0,0,0,0,0,0,-1,1,0,0,-1,1,0,0,-1,1,1,-1,1,-1,0,0,-1,1,-1,1,1,-1,0,0,-1,1,-1,1,1,-1,0,0,-1,1,0,0,-1,1,0,0,-1,1,-1,1,-1,1,1,-1,-1,1,-1,1,-1,1,-1,1,-1,1,0,0,-1,1,0,0,0,0,0,0,0,0,-1,1,0,0,0,0,0,0,0,2,-1,1,-1,1,-1,1,0,0,-1,1,-1,1,-1,1,1,-1,-1,1,-1,1,1,-1,1,-1,0,0,0,2,1,-1,0,0,-1,1,-1,0,1,-1,-1,1,0,0,-1,1,-1,1,1,-1,1,-1,-1,1,1,-1,0,0,0,0,0,0,-1,1,0,0,1,-1,0,0,1,-1,1,-1,1,-1,0,0,1,-1,0,0,-1,1,-1,1,1,-1,-1,1,-1,1,1,-1,0,0,0,0,0,0,1,-1,-1,1,1,-1,0,0,-1,1,1,-1,-1,1,-1,1,1,-1,0,0,1,-1,0,0,0,2,1,-1,1,-1,1,-1,-1,1,-1,1,-1,1,0,0,1,-1,0,0,0,0,-1,1,1,-1,1,-1,1,-1,0,2,-1,1,-1,1,0,2,1,-1,-1,1,1,-1,0,0,1,-1,-1,1,1,-1,-1,1,-1,1,-1,1,1,-1,-1,1,-1,1,0,0,0,0,-1,1
2016-02-05 08:30:00,Non Farm Payrolls,schedule,0.23265780934304783,,,1.0,YM,stopped_post,1.0,-81.62999999999556,-104.12999999999556,0,0,1,-1,-1,1,0,2,-1,1,1,-1,-1,1,-1,1,-1,1,-1,1,1,-1,0,0,0,0,-1,1,0,0,1,-1,-1,1,1,-1,0,0,1,-1,0,0,0,0,-1,1,-1,1,0,0,0,-1,0,1,0,0,1,-1,-1,1,-1,1,-1,1,0,0,-1,1,1,-1,-1,1,0,0,-1,1,-1,1,1,-1,0,0,-1,1,-1,1,-1,1,-1,1,-1,1,0,0,0,0,1,-1,-1,1,-1,1,-1,1,-1,1,1,-1,-1,1,-1,1,1,-1,1,-1,0,0,1,-1,0,0,0,0,0,0,0,0,-1,1,0,0,0,0,0,0,0,2,-1,1,-1,1,-1,1,-1,1,1,-1,-1,1,-1,1,-1,1,-1,1,-1,1,-1,1,-1,1,0,0,0,0,-1,1,0,0,-1,1,-1,0,-1,1,-1,1,0,0,-1,1,-1,1,-1,1,-1,1,-1,1,1,-1,0,0,0,0,0,0,-1,1,0,0,1,-1,0,0,1,-1,1,-1,-1,1,0,0,1,-1,-1,1,1,-1,1,-1,-1,1,-1,1,1,-1,1,-1,0,0,0,0,0,0,-1,1,-1,1,1,-1,-1,1,1,-1,-1,1,1,-1,-1,1,-1,1,-1,1,1,-1,0,0,0,0,-1,1,-1,1,-1,1,1,-1,-1,1,1,-1,0,0,-1,1,0,0,0,0,-1,1,1,-1,-1,1,-1,1,0,0,-1,1,-1,1,0,0,-1,1,-1,1,1,-1,0,0,-1,1,-1,1,-1,1,-1,1,1,-1,-1,1,-1,1,-1,1,-1,1,0,0,0,0,-1,1
2016-02-12 08:30:00,Retail Sales MoM,tv,0.1970255497648405,,,1.0,YM,tp,285.0,314.5600000000013,292.0600000000013,0,0,1,-1,-1,1,1,0,-1,1,1,-1,1,-1,-1,1,-1,1,-1,1,1,-1,0,0,0,2,-1,1,0,0,1,-1,1,-1,1,-1,0,1,1,-1,0,0,1,-1,1,-1,-1,1,0,0,0,-1,0,-1,0,0,1,-1,-1,1,1,-1,-1,1,0,0,-1,1,1,-1,1,-1,0,0,-1,1,1,-1,1,-1,0,0,1,-1,1,-1,1,-1,1,-1,1,-1,1,-1,1,-1,1,-1,-1,1,0,0,-1,1,1,-1,1,-1,1,-1,-1,1,1,-1,1,-1,0,0,1,-1,1,-1,0,0,0,0,0,0,-1,1,0,0,0,0,1,-1,0,0,-1,1,-1,1,-1,1,1,-1,1,-1,1,-1,1,-1,-1,1,1,-1,1,-1,1,-1,1,-1,0,0,0,2,1,-1,1,-1,1,-1,1,0,1,-1,-1,1,0,0,1,-1,1,-1,1,-1,-1,1,-1,1,-1,1,0,0,0,0,0,0,1,-1,0,0,1,-1,0,0,1,-1,1,-1,1,-1,0,0,1,-1,-1,1,1,-1,1,-1,1,-1,0,0,-1,1,1,-1,0,0,0,0,0,0,1,-1,1,-1,-1,1,1,-1,1,-1,-1,1,-1,1,0,0,-1,1,-1,1,-1,1,0,0,0,2,-1,1,1,-1,-1,1,1,-1,-1,1,1,-1,0,0,-1,1,0,0,1,-1,0,0,1,-1,1,-1,1,-1,0,0,-1,1,-1,1,0,2,-1,1,1,-1,1,-1,0,0,1,-1,1,-1,1,-1,0,0,-1,1,-1,1,1,-1,0,0,-1,1,0,0,1,-1,-1,1
2016-02-19 08:30:00,Inflation Rate MoM,schedule,0.12241400416207614,,,1.0,YM,stopped_post,1.0,-81.68499999999767,-104.18499999999767,0,0,-1,1,1,-1,0,2,-1,1,-1,1,-1,1,-1,1,-1,1,-1,1,-1,1,0,0,0,2,-1,1,0,0,-1,1,-1,1,-1,1,0,0,0,0,0,0,-1,1,-1,1,1,-1,0,0,0,1,0,1,0,0,0,0,1,-1,-1,1,-1,1,0,0,-1,1,-1,1,-1,1,-1,1,-1,1,-1,1,-1,1,0,0,-1,1,-1,1,-1,1,-1,1,-1,1,-1,1,0,0,0,0,-1,1,-1,1,0,0,-1,1,-1,1,-1,1,-1,1,1,-1,-1,1,0,0,-1,1,0,0,0,0,0,0,-1,1,-1,1,0,0,0,0,0,0,0,0,-1,1,-1,1,-1,1,1,-1,-1,1,-1,1,-1,1,-1,1,-1,1,-1,1,-1,1,1,-1,0,0,0,0,-1,1,-1,1,-1,1,-1,0,-1,1,-1,1,0,0,-1,1,-1,1,-1,1,-1,1,-1,1,0,0,0,0,0,0,0,0,-1,1,0,0,-1,1,-1,1,-1,1,-1,1,-1,1,0,0,-1,1,-1,1,-1,1,-1,1,-1,1,-1,1,-1,1,-1,1,0,0,0,0,0,0,-1,1,-1,1,-1,1,-1,1,1,-1,-1,1,1,-1,-1,1,-1,1,-1,1,-1,1,0,0,0,2,-1,1,-1,1,-1,1,-1,1,-1,1,-1,1,0,0,-1,1,0,0,0,0,-1,1,-1,1,-1,1,-1,1,0,0,-1,1,-1,1,0,0,-1,1,-1,1,-1,1,0,0,1,-1,-1,1,-1,1,-1,1,-1,1,-1,1,-1,1,-1,1,-1,1,0,0,-1,1,-1,1
2016-03-04 08:30:00,Non Farm Payrolls,schedule,0.1710510793912941,,,2.0,YM,timed,899.0,100.0,77.5,0,0,-1,1,-1,1,0,2,-1,1,1,-1,1,-1,-1,1,-1,1,-1,1,1,-1,0,0,0,0,-1,1,0,0,-1,1,-1,1,-1,1,0,0,-1,1,0,0,-1,1,-1,1,-1,1,0,0,0,-1,0,1,0,0,0,0,-1,1,-1,1,-1,1,0,0,-1,1,1,-1,-1,1,-1,1,-1,1,-1,1,-1,1,0,2,-1,1,-1,1,-1,1,-1,1,-1,1,0,0,0,0,0,0,-1,1,-1,1,-1,1,-1,1,-1,1,-1,1,-1,1,-1,1,-1,1,-1,1,-1,1,-1,1,0,0,0,0,0,0,-1,1,0,0,0,0,-1,1,0,2,-1,1,-1,1,-1,1,1,-1,-1,1,-1,1,-1,1,-1,1,-1,1,-1,1,-1,1,-1,1,0,2,0,0,-1,1,-1,1,-1,1,-1,0,-1,1,-1,1,0,0,-1,1,-1,1,-1,1,1,-1,-1,1,1,-1,0,0,0,0,0,0,-1,1,0,0,1,-1,1,-1,1,-1,1,-1,-1,1,0,0,-1,1,0,0,1,-1,-1,1,-1,1,0,0,1,-1,-1,1,0,0,0,0,0,0,-1,1,-1,1,1,-1,-1,1,-1,1,1,-1,1,-1,-1,1,-1,1,0,0,1,-1,0,0,0,0,-1,1,-1,1,-1,1,-1,1,-1,1,-1,1,0,0,1,-1,0,0,0,0,-1,1,-1,1,-1,1,-1,1,0,0,-1,1,-1,1,0,0,-1,1,-1,1,1,-1,0,0,-1,1,-1,1,1,-1,-1,1,-1,1,-1,1,-1,1,-1,1,-1,1,0,0,-1,1,-1,1
2016-03-15 08:30:00,Retail Sales MoM,tv,0.011729517330361856,,,2.0,YM,stopped_post,227.0,-85.25499999999738,-107.75499999999738,0,0,-1,1,-1,1,0,2,0,0,-1,1,-1,1,-1,1,-1,1,-1,1,-1,1,0,0,0,0,-1,1,0,0,-1,1,-1,1,-1,1,0,0,-1,1,0,0,-1,1,-1,1,-1,1,0,2,0,1,0,1,0,0,-1,1,-1,1,-1,1,-1,1,0,0,-1,1,-1,1,-1,1,-1,1,-1,1,-1,1,-1,1,0,2,-1,1,-1,1,-1,1,-1,1,-1,1,-1,1,-1,1,-1,1,-1,1,-1,1,-1,1,-1,1,-1,1,-1,1,-1,1,-1,1,-1,1,-1,1,-1,1,-1,1,0,0,0,0,-1,1,-1,1,0,0,0,0,-1,1,0,2,-1,1,-1,1,-1,1,0,0,-1,1,-1,1,-1,1,1,-1,-1,1,-1,1,-1,1,1,-1,0,0,0,0,-1,1,-1,1,-1,1,-1,0,-1,1,-1,1,0,0,-1,1,-1,1,-1,1,1,-1,-1,1,1,-1,0,0,0,0,0,0,-1,1,-1,1,-1,1,-1,1,-1,1,-1,1,-1,1,0,0,-1,1,-1,1,-1,1,-1,1,-1,1,0,0,1,-1,-1,1,0,0,0,0,0,0,-1,1,-1,1,1,-1,-1,1,-1,1,-1,1,1,-1,-1,1,-1,1,0,0,1,-1,0,0,0,0,1,-1,1,-1,-1,1,-1,1,-1,1,-1,1,0,0,1,-1,0,0,-1,1,-1,1,1,-1,-1,1,-1,1,0,0,-1,1,-1,1,0,0,1,-1,-1,1,1,-1,0,0,1,-1,-1,1,-1,1,-1,1,-1,1,-1,1,1,-1,-1,1,-1,1,0,0,-1,1,-1,1
2016-03-16 08:30:00,Inflation Rate MoM,schedule,0.01750291715285881,,,2.0,YM,stopped_post,627.0,-90.0,-112.5,0,0,-1,1,-1,1,-1,0,-1,1,-1,1,-1,1,-1,1,0,0,1,-1,-1,1,0,0,0,0,-1,1,0,0,-1,1,-1,1,-1,1,0,0,0,0,-1,1,-1,1,-1,1,-1,1,0,0,0,1,0,1,0,0,0,0,-1,1,-1,1,-1,1,0,0,-1,1,1,-1,-1,1,0,0,-1,1,1,-1,-1,1,0,2,-1,1,-1,1,-1,1,-1,1,-1,1,-1,1,-1,1,0,0,-1,1,-1,1,-1,1,-1,1,-1,1,-1,1,-1,1,-1,1,-1,1,0,0,0,0,0,0,0,0,0,0,0,0,-1,1,0,0,0,0,-1,1,0,2,-1,1,-1,1,-1,1,-1,1,-1,1,-1,1,-1,1,1,-1,-1,1,-1,1,-1,1,1,-1,0,0,0,0,-1,1,-1,1,-1,1,-1,0,-1,1,-1,1,0,0,-1,1,1,-1,-1,1,-1,1,-1,1,1,-1,0,0,0,0,0,0,-1,1,0,0,1,-1,0,0,1,-1,1,-1,-1,1,0,0,-1,1,-1,1,-1,1,-1,1,-1,1,-1,1,-1,1,-1,1,0,0,0,0,0,0,-1,1,-1,1,-1,1,1,-1,-1,1,-1,1,1,-1,0,0,-1,1,-1,1,1,-1,0,0,0,0,1,-1,1,-1,1,-1,-1,1,-1,1,-1,1,0,0,1,-1,0,0,-1,1,0,0,1,-1,-1,1,-1,1,0,0,-1,1,-1,1,0,0,-1,1,-1,1,-1,1,0,0,1,-1,-1,1,-1,1,0,0,-1,1,-1,1,1,-1,0,0,-1,1,0,0,-1,1,-1,1
2016-03-16 14:00:00,Fed Interest Rate Decision,schedule,0.2568143349092395,,,1.0,YM,tp,44.0,342.5200000000041,320.0200000000041,0,0,-1,1,-1,1,0,2,0,0,-1,1,-1,1,-1,1,0,0,1,-1,-1,1,0,0,0,2,1,-1,0,0,-1,1,-1,1,-1,1,0,0,1,-1,0,0,0,0,-1,1,-1,1,0,0,0,1,0,1,0,0,-1,1,-1,1,1,-1,0,0,0,0,-1,1,0,0,-1,1,0,0,-1,1,1,-1,-1,1,0,0,-1,1,-1,1,-1,1,-1,1,-1,1,-1,1,-1,1,0,0,-1,1,-1,1,0,0,-1,1,-1,1,-1,1,-1,1,-1,1,-1,1,0,0,-1,1,0,0,0,0,0,0,0,0,0,0,0,0,0,0,-1,1,0,0,1,-1,0,0,-1,1,1,-1,-1,1,-1,1,-1,1,1,-1,-1,1,-1,1,-1,1,1,-1,0,0,0,2,-1,1,-1,1,-1,1,-1,0,-1,1,1,-1,0,0,-1,1,-1,1,-1,1,-1,1,-1,1,0,0,0,0,0,0,0,0,-1,1,0,0,-1,1,0,0,1,-1,1,-1,-1,1,0,0,-1,1,1,-1,-1,1,-1,1,-1,1,-1,1,-1,1,-1,1,0,0,0,0,0,0,-1,1,-1,1,-1,1,1,-1,-1,1,1,-1,1,-1,0,0,-1,1,-1,1,1,-1,0,0,0,0,1,-1,1,-1,1,-1,-1,1,-1,1,-1,1,0,0,1,-1,0,0,0,0,0,0,1,-1,-1,1,-1,1,0,0,-1,1,1,-1,0,0,1,-1,-1,1,-1,1,0,0,-1,1,-1,1,-1,1,0,0,1,-1,-1,1,1,-1,0,0,1,-1,0,0,-1,1,-1,1
2016-04-01 08:30:00,Non Farm Payrolls,schedule,0.06272094879689816,,,3.0,YM,stopped_post,503.0,-87.68000000000029,-110.18000000000029,0,0,1,-1,1,-1,0,2,0,0,1,-1,-1,1,1,-1,0,0,-1,1,1,-1,0,0,0,0,1,-1,0,0,1,-1,1,-1,1,-1,0,0,0,0,0,0,1,-1,1,-1,1,-1,0,2,0,-1,0,-1,0,2,1,-1,1,-1,1,-1,1,-1,0,0,1,-1,-1,1,1,-1,1,-1,1,-1,1,-1,1,-1,0,2,1,-1,1,-1,1,-1,1,-1,1,-1,0,0,1,-1,1,-1,1,-1,0,0,0,0,1,-1,1,-1,1,-1,-1,1,1,-1,1,-1,0,0,1,-1,0,0,0,0,0,0,0,0,0,0,0,0,0,0,1,-1,0,0,1,-1,0,0,1,-1,1,-1,1,-1,1,-1,1,-1,1,-1,1,-1,1,-1,1,-1,-1,1,0,0,0,2,1,-1,1,-1,1,-1,1,0,1,-1,1,-1,0,0,1,-1,1,-1,1,-1,1,-1,1,-1,1,-1,0,0,0,0,0,0,1,-1,0,0,-1,1,-1,1,-1,1,-1,1,1,-1,0,0,1,-1,1,-1,-1,1,1,-1,1,-1,0,0,1,-1,1,-1,0,0,0,0,0,0,1,-1,1,-1,-1,1,1,-1,1,-1,1,-1,-1,1,0,0,1,-1,0,0,-1,1,0,0,0,0,-1,1,-1,1,1,-1,1,-1,-1,1,1,-1,0,0,1,-1,0,0,1,-1,0,0,1,-1,1,-1,1,-1,0,0,1,-1,1,-1,0,2,1,-1,1,-1,-1,1,0,0,1,-1,1,-1,-1,1,0,0,1,-1,1,-1,-1,1,0,0,-1,1,0,0,1,-1,1,-1
2016-04-13 08:30:00,Retail Sales MoM,tv,0.022566995768688293,,,3.0,YM,stopped_post,0.0,-88.6199999999917,-111.1199999999917,0,0,1,-1,-1,1,-1,0,-1,1,1,-1,1,-1,-1,1,0,0,-1,1,1,-1,0,0,0,2,-1,1,0,0,-1,1,1,-1,1,-1,0,0,0,0,-1,1,0,0,-1,1,-1,1,0,2,0,-1,0,0,0,0,0,0,-1,1,-1,1,1,-1,0,0,-1,1,1,-1,-1,1,0,0,-1,1,1,-1,-1,1,0,0,-1,1,1,-1,-1,1,0,0,-1,1,0,0,1,-1,0,0,-1,1,-1,1,-1,1,-1,1,1,-1,-1,1,-1,1,1,-1,1,-1,0,0,-1,1,0,0,0,0,0,2,-1,1,-1,1,0,0,0,0,1,-1,0,0,-1,1,-1,1,-1,1,1,-1,1,-1,-1,1,-1,1,-1,1,-1,1,-1,1,1,-1,-1,1,0,0,0,0,-1,1,1,-1,-1,1,-1,0,1,-1,-1,1,0,0,-1,1,-1,1,-1,1,-1,1,-1,1,1,-1,0,0,0,2,0,0,1,-1,0,0,1,-1,1,-1,1,-1,1,-1,1,-1,0,0,-1,1,1,-1,1,-1,1,-1,1,-1,-1,1,1,-1,-1,1,0,2,0,0,0,0,-1,1,-1,1,1,-1,-1,1,-1,1,-1,1,-1,1,-1,1,-1,1,0,0,-1,1,0,0,0,2,1,-1,0,0,1,-1,1,-1,-1,1,1,-1,0,0,-1,1,0,0,0,0,-1,1,1,-1,-1,1,-1,1,0,2,-1,1,-1,1,0,0,-1,1,-1,1,1,-1,0,2,-1,1,-1,1,1,-1,0,0,-1,1,-1,1,0,0,0,0,-1,1,0,0,0,0,-1,1
2016-04-14 08:30:00,Inflation Rate MoM,schedule,0.02243661655822302,,,3.0,YM,timed,900.0,125.0,102.5,0,0,-1,1,1,-1,0,2,1,-1,-1,1,1,-1,1,-1,1,-1,1,-1,-1,1,0,0,0,0,1,-1,0,0,-1,1,-1,1,-1,1,0,0,1,-1,1,-1,0,0,1,-1,1,-1,0,0,0,1,0,0,0,0,0,0,1,-1,1,-1,-1,1,0,0,1,-1,1,-1,-1,1,0,0,1,-1,1,-1,-1,1,0,2,1,-1,-1,1,-1,1,-1,1,1,-1,0,0,-1,1,-1,1,1,-1,0,0,1,-1,-1,1,-1,1,-1,1,1,-1,-1,1,1,-1,0,0,-1,1,-1,1,0,0,0,0,1,-1,1,-1,0,0,0,0,0,0,0,0,1,-1,1,-1,1,-1,0,0,-1,1,-1,1,1,-1,-1,1,-1,1,-1,1,1,-1,1,-1,0,0,0,2,-1,1,0,0,1,-1,-1,0,-1,1,1,-1,0,2,-1,1,1,-1,-1,1,-1,1,1,-1,1,-1,0,0,0,0,0,0,-1,1,0,0,1,-1,0,0,1,-1,1,-1,-1,1,0,0,1,-1,-1,1,1,-1,1,-1,-1,1,1,-1,1,-1,-1,1,0,0,0,0,0,0,-1,1,-1,1,-1,1,1,-1,-1,1,1,-1,1,-1,0,0,1,-1,1,-1,-1,1,0,0,0,0,1,-1,1,-1,1,-1,-1,1,1,-1,-1,1,0,0,-1,1,0,0,0,0,0,0,-1,1,1,-1,-1,1,0,0,1,-1,0,0,0,0,1,-1,1,-1,-1,1,0,0,-1,1,1,-1,1,-1,0,0,1,-1,1,-1,1,-1,0,0,1,-1,0,0,0,0,-1,1
2016-04-27 14:00:00,Fed Interest Rate Decision,schedule,0.13950892857142858,,,2.0,YM,stopped_pre,-10.0,-89.65500000000247,-112.15500000000247,0,0,-1,1,-1,1,1,0,1,-1,-1,1,1,-1,1,-1,1,-1,1,-1,-1,1,0,0,0,0,1,-1,0,0,-1,1,-1,1,-1,1,0,0,1,-1,1,-1,0,0,-1,1,-1,1,0,0,0,-1,0,1,0,0,-1,1,1,-1,-1,1,-1,1,0,0,1,-1,1,-1,1,-1,0,0,-1,1,1,-1,-1,1,0,0,1,-1,-1,1,1,-1,-1,1,1,-1,0,0,-1,1,-1,1,1,-1,0,0,1,-1,1,-1,-1,1,1,-1,1,-1,-1,1,-1,1,0,0,-1,1,0,0,0,0,0,0,0,0,1,-1,0,0,0,0,0,0,0,0,1,-1,0,0,1,-1,1,-1,-1,1,-1,1,-1,1,-1,1,-1,1,-1,1,1,-1,-1,1,0,0,0,0,1,-1,0,0,1,-1,-1,0,-1,1,1,-1,0,0,-1,1,1,-1,-1,1,-1,1,-1,1,-1,1,0,0,0,0,0,0,-1,1,1,-1,1,-1,0,0,1,-1,1,-1,-1,1,0,0,-1,1,-1,1,1,-1,-1,1,-1,1,0,0,1,-1,-1,1,0,0,0,0,0,0,-1,1,-1,1,1,-1,-1,1,-1,1,-1,1,-1,1,0,0,1,-1,1,-1,1,-1,0,0,0,0,1,-1,1,-1,1,-1,-1,1,1,-1,-1,1,0,0,1,-1,0,0,0,0,0,0,1,-1,1,-1,1,-1,0,0,-1,1,1,-1,0,0,-1,1,-1,1,1,-1,0,0,1,-1,1,-1,1,-1,0,0,-1,1,1,-1,1,-1,0,0,1,-1,0,0,0,0,-1,1
2016-05-06 08:30:00,Non Farm Payrolls,schedule,0.11405109489051093,,,4.0,YM,stopped_post,1.0,-87.68500000000131,-110.18500000000131,0,0,-1,1,-1,1,-1,0,1,-1,1,-1,-1,1,1,-1,0,0,-1,1,1,-1,0,0,0,2,1,-1,0,0,-1,1,-1,1,-1,1,0,0,1,-1,0,0,0,0,-1,1,-1,1,0,0,0,-1,0,1,0,0,0,0,1,-1,-1,1,1,-1,0,0,1,-1,-1,1,-1,1,0,0,-1,1,0,0,-1,1,0,0,-1,1,-1,1,-1,1,-1,1,-1,1,0,0,0,0,-1,1,-1,1,0,0,1,-1,-1,1,-1,1,-1,1,1,-1,-1,1,-1,1,0,0,-1,1,-1,1,0,0,0,0,0,0,0,0,0,0,0,0,-1,1,0,0,-1,1,1,-1,0,0,1,-1,-1,1,-1,1,-1,1,-1,1,-1,1,-1,1,-1,1,-1,1,0,0,0,2,-1,1,-1,1,-1,1,-1,0,-1,1,1,-1,0,0,-1,1,-1,1,-1,1,1,-1,-1,1,0,0,0,0,0,0,0,0,-1,1,0,0,-1,1,0,0,-1,1,-1,1,-1,1,0,0,-1,1,1,-1,-1,1,-1,1,-1,1,-1,1,-1,1,-1,1,0,0,0,0,0,0,-1,1,-1,1,1,-1,-1,1,-1,1,-1,1,1,-1,0,0,-1,1,0,0,1,-1,0,0,0,0,-1,1,-1,1,1,-1,-1,1,-1,1,-1,1,0,0,1,-1,0,0,-1,1,0,0,-1,1,-1,1,-1,1,0,0,1,-1,0,0,0,0,-1,1,-1,1,1,-1,0,0,-1,1,-1,1,-1,1,0,0,-1,1,1,-1,-1,1,0,0,1,-1,0,0,-1,1,-1,1
2016-05-13 08:30:00,Retail Sales MoM,tv,0.1306372827445189,,,4.0,YM,timed,900.0,160.0,137.5,0,0,-1,1,1,-1,0,2,1,-1,-1,1,1,-1,1,-1,1,-1,1,-1,-1,1,0,0,0,0,1,-1,0,0,-1,1,-1,1,-1,1,0,0,1,-1,-1,1,0,0,-1,1,1,-1,0,0,0,-1,0,0,0,0,-1,1,1,-1,1,-1,1,-1,0,0,1,-1,-1,1,1,-1,0,0,-1,1,1,-1,-1,1,0,2,-1,1,-1,1,1,-1,-1,1,1,-1,0,0,-1,1,0,0,1,-1,-1,1,0,0,-1,1,-1,1,-1,1,-1,1,-1,1,-1,1,0,0,-1,1,-1,1,0,0,0,0,0,0,0,0,0,0,0,0,0,0,0,2,1,-1,-1,1,1,-1,0,0,-1,1,-1,1,-1,1,-1,1,-1,1,-1,1,1,-1,-1,1,0,0,0,0,1,-1,0,0,1,-1,-1,0,1,-1,1,-1,0,0,-1,1,1,-1,1,-1,1,-1,-1,1,0,0,0,0,0,0,0,0,-1,1,0,0,-1,1,0,0,-1,1,-1,1,1,-1,0,0,1,-1,-1,1,-1,1,-1,1,1,-1,-1,1,1,-1,-1,1,0,0,0,0,0,0,1,-1,-1,1,-1,1,1,-1,-1,1,-1,1,-1,1,0,0,1,-1,0,0,1,-1,0,0,0,0,-1,1,-1,1,1,-1,-1,1,1,-1,-1,1,0,0,1,-1,0,0,0,0,0,0,1,-1,1,-1,1,-1,0,0,-1,1,1,-1,0,2,1,-1,-1,1,1,-1,0,0,1,-1,1,-1,1,-1,-1,1,-1,1,1,-1,-1,1,0,0,1,-1,0,0,0,0,-1,1
2016-05-17 08:30:00,Inflation Rate MoM,schedule,0.02266931141966563,,,4.0,YM,stopped_post,150.0,-88.23500000000422,-110.73500000000422,0,0,-1,1,-1,1,0,2,-1,1,1,-1,-1,1,-1,1,-1,1,-1,1,1,-1,0,0,0,0,-1,1,0,0,-1,1,-1,1,1,-1,0,0,-1,1,0,0,0,0,-1,1,-1,1,0,0,0,-1,0,0,0,0,1,-1,-1,1,-1,1,-1,1,0,0,-1,1,1,-1,-1,1,0,0,-1,1,-1,1,-1,1,0,2,-1,1,-1,1,-1,1,-1,1,-1,1,-1,1,0,0,1,-1,-1,1,-1,1,-1,1,-1,1,-1,1,-1,1,-1,1,1,-1,-1,1,0,0,-1,1,0,0,0,0,0,0,-1,1,-1,1,0,0,0,0,0,0,0,2,-1,1,-1,1,-1,1,-1,1,1,-1,-1,1,-1,1,-1,1,-1,1,-1,1,-1,1,1,-1,0,0,0,0,-1,1,0,0,-1,1,-1,0,-1,1,-1,1,0,0,-1,1,1,-1,-1,1,-1,1,-1,1,1,-1,0,0,0,0,0,0,-1,1,0,0,1,-1,0,0,1,-1,1,-1,-1,1,0,0,-1,1,-1,1,-1,1,-1,1,-1,1,-1,1,1,-1,-1,1,0,0,0,0,0,0,-1,1,-1,1,1,-1,-1,1,-1,1,1,-1,1,-1,-1,1,-1,1,-1,1,1,-1,0,0,0,0,1,-1,-1,1,-1,1,1,-1,-1,1,-1,1,0,0,-1,1,0,0,0,0,-1,1,-1,1,-1,1,-1,1,0,0,1,-1,-1,1,0,0,-1,1,-1,1,-1,1,0,0,-1,1,-1,1,-1,1,-1,1,-1,1,-1,1,-1,1,-1,1,-1,1,0,0,0,0,-1,1
2016-06-03 08:30:00,Non Farm Payrolls,schedule,0.29706854996917215,,,5.0,YM,stopped_post,1.0,-89.20500000000175,-111.70500000000175,0,0,-1,1,-1,1,0,2,1,-1,-1,1,1,-1,1,-1,0,0,-1,1,-1,1,0,0,0,0,1,-1,0,0,1,-1,-1,1,-1,1,0,0,1,-1,0,0,0,0,-1,1,-1,1,0,0,0,1,0,1,0,0,0,0,-1,1,0,0,1,-1,0,0,1,-1,1,-1,-1,1,-1,1,-1,1,0,0,-1,1,0,2,-1,1,-1,1,1,-1,-1,1,-1,1,0,0,-1,1,-1,1,1,-1,0,0,1,-1,-1,1,-1,1,-1,1,1,-1,-1,1,1,-1,-1,1,-1,1,0,0,0,0,0,0,1,-1,0,0,0,0,0,0,0,0,0,2,-1,1,0,0,0,0,1,-1,-1,1,-1,1,-1,1,-1,1,-1,1,-1,1,1,-1,-1,1,0,2,0,2,1,-1,0,0,-1,1,-1,0,-1,1,1,-1,0,0,-1,1,1,-1,1,-1,-1,1,1,-1,1,-1,0,0,0,0,0,0,-1,1,0,0,1,-1,1,-1,1,-1,1,-1,-1,1,0,0,1,-1,-1,1,1,-1,1,-1,-1,1,0,0,1,-1,-1,1,0,0,0,0,0,0,-1,1,-1,1,-1,1,0,0,-1,1,-1,1,1,-1,-1,1,1,-1,0,0,-1,1,0,0,0,0,1,-1,1,-1,-1,1,-1,1,1,-1,-1,1,0,0,1,-1,0,0,-1,1,-1,1,-1,1,1,-1,-1,1,0,0,-1,1,-1,1,0,0,-1,1,1,-1,1,-1,0,0,-1,1,0,0,1,-1,0,0,-1,1,1,-1,1,-1,0,0,1,-1,0,0,0,0,-1,1
2016-06-14 08:30:00,Retail Sales MoM,tv,0.03980212657076249,,,5.0,YM,timed,897.0,5.0,-17.5,0,2,-1,1,1,-1,-1,0,-1,1,-1,1,-1,1,-1,1,0,0,-1,1,-1,1,0,0,0,0,-1,1,0,0,-1,1,-1,1,-1,1,0,0,0,0,0,0,-1,1,-1,1,1,-1,0,0,0,1,0,1,0,0,0,0,-1,1,1,-1,1,-1,0,0,-1,1,-1,1,-1,1,-1,1,-1,1,1,-1,-1,1,0,2,-1,1,-1,1,-1,1,-1,1,-1,1,0,0,-1,1,0,0,-1,1,-1,1,-1,1,-1,1,-1,1,-1,1,-1,1,1,-1,-1,1,-1,1,-1,1,-1,1,0,0,0,0,-1,1,-1,1,0,0,0,0,-1,1,0,2,-1,1,-1,1,-1,1,1,-1,-1,1,-1,1,-1,1,1,-1,-1,1,-1,1,-1,1,1,-1,0,0,0,0,-1,1,-1,1,-1,1,-1,0,-1,1,-1,1,0,0,-1,1,-1,1,-1,1,-1,1,-1,1,0,0,0,0,0,0,0,0,-1,1,-1,1,-1,1,-1,1,-1,1,-1,1,-1,1,0,0,-1,1,1,-1,-1,1,-1,1,-1,1,-1,1,1,-1,-1,1,0,0,0,0,0,0,-1,1,-1,1,-1,1,1,-1,1,-1,-1,1,1,-1,-1,1,-1,1,-1,1,1,-1,0,0,0,0,1,-1,1,-1,-1,1,-1,1,-1,1,-1,1,0,0,1,-1,0,0,-1,1,-1,1,1,-1,-1,1,-1,1,0,0,-1,1,0,0,0,0,-1,1,-1,1,-1,1,0,0,1,-1,-1,1,-1,1,-1,1,-1,1,-1,1,1,-1,-1,1,-1,1,0,0,-1,1,-1,1
2016-06-15 14:00:00,Fed Interest Rate Decision,schedule,0.18704301989457575,,,3.0,YM,stopped_post,714.0,-88.22500000000218,-110.72500000000218,0,2,1,-1,1,-1,1,0,1,-1,1,-1,1,-1,1,-1,1,-1,1,-1,1,-1,0,0,0,0,1,-1,0,0,1,-1,1,-1,1,-1,0,0,-1,1,0,0,1,-1,1,-1,1,-1,0,2,0,-1,0,-1,0,0,1,-1,1,-1,-1,1,1,-1,0,0,1,-1,1,-1,1,-1,1,-1,1,-1,-1,1,1,-1,0,2,1,-1,1,-1,1,-1,1,-1,1,-1,1,-1,1,-1,1,-1,1,-1,1,-1,1,-1,1,-1,1,-1,1,-1,1,-1,1,-1,1,-1,1,-1,1,-1,0,0,0,0,0,0,1,-1,1,-1,0,0,0,0,1,-1,0,0,1,-1,1,-1,1,-1,-1,1,1,-1,1,-1,1,-1,-1,1,1,-1,1,-1,1,-1,-1,1,0,2,0,0,1,-1,1,-1,1,-1,1,0,1,-1,1,-1,0,0,1,-1,1,-1,1,-1,-1,1,1,-1,0,0,0,2,0,0,0,0,1,-1,1,-1,1,-1,1,-1,1,-1,1,-1,1,-1,0,0,1,-1,1,-1,1,-1,1,-1,1,-1,1,-1,-1,1,1,-1,0,0,0,0,0,0,1,-1,-1,1,1,-1,-1,1,-1,1,-1,1,-1,1,1,-1,1,-1,0,0,-1,1,0,2,0,0,-1,1,-1,1,1,-1,1,-1,1,-1,1,-1,0,0,-1,1,0,0,1,-1,1,-1,-1,1,1,-1,1,-1,0,0,1,-1,1,-1,0,0,1,-1,1,-1,-1,1,0,0,-1,1,1,-1,1,-1,1,-1,-1,1,-1,1,-1,1,1,-1,1,-1,0,0,1,-1,1,-1
2016-06-16 08:30:00,Inflation Rate MoM,schedule,0.005724098454493417,,,5.0,YM,timed,893.0,10.0,-12.5,0,2,-1,1,-1,1,-1,0,-1,1,-1,1,-1,1,-1,1,-1,1,-1,1,-1,1,0,0,0,2,-1,1,0,0,-1,1,-1,1,-1,1,0,-1,1,-1,0,0,-1,1,-1,1,-1,1,0,0,0,1,0,1,0,0,-1,1,-1,1,-1,1,-1,1,0,0,-1,1,-1,1,-1,1,-1,1,-1,1,1,-1,-1,1,0,0,-1,1,-1,1,-1,1,-1,1,-1,1,-1,1,-1,1,0,0,-1,1,-1,1,-1,1,-1,1,-1,1,-1,1,-1,1,-1,1,-1,1,-1,1,-1,1,-1,1,0,0,0,0,0,0,-1,1,0,0,0,0,-1,1,0,0,-1,1,-1,1,-1,1,1,-1,-1,1,-1,1,-1,1,-1,1,-1,1,-1,1,-1,1,-1,1,0,0,0,0,-1,1,-1,1,-1,1,-1,0,-1,1,-1,1,0,0,-1,1,-1,1,-1,1,-1,1,-1,1,0,0,0,0,0,0,0,0,-1,1,0,0,-1,1,-1,1,-1,1,-1,1,-1,1,0,0,-1,1,-1,1,-1,1,-1,1,-1,1,-1,1,1,-1,-1,1,0,0,0,0,0,0,-1,1,-1,1,-1,1,1,-1,-1,1,-1,1,1,-1,-1,1,-1,1,-1,1,1,-1,0,2,0,0,1,-1,1,-1,-1,1,-1,1,-1,1,-1,1,0,0,1,-1,0,0,-1,1,-1,1,1,-1,-1,1,-1,1,0,0,-1,1,-1,1,0,0,-1,1,-1,1,1,-1,0,0,1,-1,-1,1,-1,1,-1,1,-1,1,-1,1,1,-1,-1,1,-1,1,0,0,-1,1,1,-1
2016-07-08 08:30:00,Non Farm Payrolls,schedule,0.3471833351999104,,,6.0,YM,tp,24.0,357.11999999999534,334.61999999999534,0,0,-1,1,-1,1,0,2,-1,1,-1,1,1,-1,-1,1,0,0,-1,1,-1,1,0,0,0,0,-1,1,0,0,1,-1,-1,1,-1,1,0,0,-1,1,0,0,0,0,-1,1,-1,1,0,2,0,1,0,1,0,2,-1,1,-1,1,1,-1,0,0,0,0,-1,1,1,-1,-1,1,-1,1,-1,1,1,-1,1,-1,0,2,-1,1,-1,1,1,-1,-1,1,-1,1,0,0,-1,1,-1,1,-1,1,-1,1,-1,1,1,-1,-1,1,-1,1,-1,1,-1,1,-1,1,0,0,-1,1,0,0,0,0,0,0,0,0,-1,1,0,0,0,0,0,0,0,0,-1,1,-1,1,-1,1,1,-1,-1,1,-1,1,-1,1,-1,1,-1,1,-1,1,1,-1,1,-1,0,0,0,0,1,-1,0,0,-1,1,-1,0,1,-1,-1,1,0,0,-1,1,-1,1,0,0,1,-1,-1,1,1,-1,0,0,0,0,0,0,-1,1,1,-1,1,-1,0,0,1,-1,1,-1,1,-1,0,0,-1,1,-1,1,1,-1,1,-1,1,-1,0,0,-1,1,0,0,0,0,0,0,0,0,1,-1,-1,1,-1,1,1,-1,-1,1,-1,1,-1,1,-1,1,1,-1,0,0,-1,1,0,0,0,0,-1,1,-1,1,-1,1,-1,1,-1,1,-1,1,0,0,1,-1,0,0,-1,1,-1,1,1,-1,-1,1,1,-1,0,0,-1,1,-1,1,0,2,-1,1,-1,1,1,-1,0,0,-1,1,-1,1,1,-1,-1,1,-1,1,-1,1,-1,1,-1,1,-1,1,0,0,-1,1,-1,1
2016-07-15 08:30:00,Retail Sales MoM,tv,0.09221089173356477,,,6.0,YM,timed,900.0,95.0,72.5,0,0,-1,1,-1,1,0,2,-1,1,1,-1,1,-1,-1,1,-1,1,-1,1,1,-1,0,0,0,0,-1,1,0,0,1,-1,-1,1,1,-1,0,0,-1,1,0,0,0,0,-1,1,-1,1,0,0,0,-1,0,1,0,2,0,0,-1,1,0,0,-1,1,0,0,-1,1,1,-1,-1,1,0,0,-1,1,-1,1,-1,1,0,2,-1,1,-1,1,-1,1,-1,1,-1,1,0,0,0,0,0,0,-1,1,0,0,-1,1,1,-1,-1,1,-1,1,1,-1,1,-1,-1,1,0,0,-1,1,-1,1,0,0,0,0,-1,1,0,0,0,0,0,0,0,0,0,0,-1,1,0,0,-1,1,1,-1,1,-1,-1,1,-1,1,-1,1,-1,1,-1,1,-1,1,1,-1,0,0,0,0,-1,1,0,0,-1,1,-1,0,-1,1,-1,1,0,0,-1,1,-1,1,1,-1,1,-1,-1,1,-1,1,0,0,0,0,0,0,-1,1,0,0,1,-1,0,0,1,-1,1,-1,-1,1,0,0,-1,1,0,0,1,-1,-1,1,-1,1,0,0,-1,1,-1,1,0,0,0,0,0,0,-1,1,-1,1,1,-1,0,0,1,-1,1,-1,1,-1,-1,1,1,-1,0,0,1,-1,0,0,0,2,-1,1,-1,1,-1,1,1,-1,-1,1,1,-1,0,0,-1,1,0,0,0,0,-1,1,-1,1,-1,1,-1,1,0,0,-1,1,-1,1,0,0,-1,1,-1,1,-1,1,0,0,1,-1,-1,1,1,-1,-1,1,-1,1,-1,1,-1,1,-1,1,-1,1,0,0,0,0,-1,1
2016-07-27 14:00:00,Fed Interest Rate Decision,schedule,0.1195717158541225,,,4.0,YM,stopped_post,63.0,-91.92999999999302,-114.42999999999302,0,0,-1,1,1,-1,0,2,1,-1,-1,1,-1,1,1,-1,1,-1,1,-1,-1,1,0,0,0,2,1,-1,0,0,-1,1,-1,1,-1,1,0,0,1,-1,1,-1,0,0,-1,1,1,-1,0,0,0,-1,0,1,0,0,-1,1,1,-1,1,-1,-1,1,0,0,1,-1,0,0,-1,1,0,0,1,-1,1,-1,-1,1,0,0,-1,1,-1,1,1,-1,-1,1,1,-1,0,0,-1,1,-1,1,1,-1,0,0,1,-1,-1,1,-1,1,-1,1,1,-1,-1,1,-1,1,0,0,-1,1,-1,1,0,0,0,0,0,0,0,0,0,0,0,0,-1,1,0,0,1,-1,1,-1,1,-1,1,-1,-1,1,-1,1,-1,1,-1,1,-1,1,-1,1,1,-1,1,-1,0,0,0,2,-1,1,0,0,-1,1,-1,0,-1,1,1,-1,0,0,-1,1,1,-1,-1,1,1,-1,1,-1,1,-1,0,0,0,0,0,0,-1,1,-1,1,-1,1,0,0,-1,1,-1,1,-1,1,0,0,-1,1,1,-1,-1,1,-1,1,-1,1,0,0,1,-1,-1,1,0,0,0,0,0,0,-1,1,-1,1,-1,1,1,-1,-1,1,1,-1,1,-1,0,0,-1,1,0,0,-1,1,0,0,0,0,1,-1,1,-1,1,-1,-1,1,-1,1,-1,1,0,0,1,-1,0,0,-1,1,0,0,-1,1,1,-1,-1,1,0,0,1,-1,1,-1,0,0,-1,1,-1,1,1,-1,0,0,1,-1,1,-1,-1,1,0,0,-1,1,1,-1,1,-1,0,0,1,-1,0,0,0,0,-1,1
2016-08-05 08:30:00,Non Farm Payrolls,schedule,0.15836609873307123,,,7.0,YM,stopped_post,0.0,-91.56000000000859,-114.06000000000859,0,2,1,-1,1,-1,1,0,0,0,1,-1,1,-1,1,-1,1,-1,1,-1,-1,1,0,0,0,2,1,-1,0,0,1,-1,1,-1,1,-1,0,0,1,-1,0,0,1,-1,1,-1,1,-1,0,0,0,-1,0,-1,0,0,0,0,1,-1,1,-1,-1,1,0,0,1,-1,1,-1,1,-1,1,-1,1,-1,1,-1,1,-1,0,2,1,-1,1,-1,1,-1,1,-1,1,-1,1,-1,1,-1,0,0,1,-1,1,-1,0,0,-1,1,1,-1,1,-1,1,-1,1,-1,1,-1,1,-1,1,-1,1,-1,0,0,0,0,0,0,1,-1,0,0,0,0,1,-1,0,0,1,-1,1,-1,1,-1,1,-1,1,-1,1,-1,1,-1,-1,1,1,-1,1,-1,1,-1,-1,1,0,2,0,2,1,-1,1,-1,1,-1,1,0,1,-1,1,-1,0,2,1,-1,-1,1,1,-1,1,-1,1,-1,-1,1,0,0,0,0,0,0,1,-1,0,0,1,-1,0,0,1,-1,1,-1,1,-1,0,0,1,-1,1,-1,1,-1,1,-1,1,-1,0,0,-1,1,1,-1,0,0,0,0,0,0,1,-1,1,-1,-1,1,1,-1,1,-1,1,-1,-1,1,1,-1,1,-1,0,0,-1,1,0,2,0,0,-1,1,-1,1,-1,1,1,-1,1,-1,1,-1,0,0,-1,1,0,0,1,-1,1,-1,1,-1,1,-1,1,-1,0,0,1,-1,0,0,0,2,1,-1,1,-1,1,-1,0,0,-1,1,1,-1,1,-1,1,-1,-1,1,1,-1,-1,1,1,-1,1,-1,0,0,1,-1,1,-1
2016-08-12 08:30:00,Retail Sales MoM,tv,0.05924808790261769,,,7.0,YM,stopped_post,1.0,-92.82999999999447,-115.32999999999447,0,2,-1,1,-1,1,0,2,-1,1,1,-1,-1,1,-1,1,-1,1,-1,1,-1,1,0,0,0,2,-1,1,0,0,-1,1,-1,1,-1,1,0,0,1,-1,1,-1,-1,1,-1,1,1,-1,0,0,0,-1,0,1,0,0,0,0,-1,1,1,-1,1,-1,0,0,-1,1,1,-1,-1,1,-1,1,-1,1,1,-1,-1,1,0,2,-1,1,-1,1,-1,1,-1,1,-1,1,-1,1,0,0,0,0,-1,1,-1,1,-1,1,-1,1,-1,1,-1,1,-1,1,1,-1,-1,1,-1,1,0,0,-1,1,0,0,0,0,-1,1,-1,1,0,0,0,0,0,0,0,0,-1,1,-1,1,-1,1,1,-1,-1,1,-1,1,-1,1,1,-1,-1,1,-1,1,-1,1,1,-1,0,0,0,0,-1,1,0,0,-1,1,-1,0,-1,1,-1,1,0,0,-1,1,-1,1,-1,1,-1,1,-1,1,0,0,0,0,0,0,0,0,-1,1,0,0,1,-1,0,0,1,-1,1,-1,-1,1,0,0,-1,1,1,-1,-1,1,-1,1,-1,1,-1,1,1,-1,-1,1,0,0,0,0,0,0,-1,1,1,-1,-1,1,1,-1,1,-1,-1,1,1,-1,-1,1,-1,1,-1,1,1,-1,0,2,0,0,1,-1,1,-1,-1,1,-1,1,-1,1,-1,1,0,0,1,-1,0,0,0,0,-1,1,-1,1,-1,1,-1,1,0,0,-1,1,0,0,0,0,-1,1,-1,1,-1,1,0,0,1,-1,-1,1,-1,1,-1,1,-1,1,-1,1,1,-1,-1,1,-1,1,0,0,-1,1,-1,1
2016-08-16 08:30:00,Inflation Rate MoM,schedule,0.0,,,6.0,YM,timed,900.0,-60.0,-82.5,0,0,1,-1,1,-1,0,2,0,0,1,-1,-1,1,1,-1,1,-1,1,-1,0,0,0,0,0,2,1,-1,0,0,1,-1,1,-1,1,-1,0,0,-1,1,-1,1,1,-1,1,-1,1,-1,0,2,0,-1,0,-1,0,0,0,0,1,-1,1,-1,1,-1,0,0,1,-1,-1,1,1,-1,1,-1,-1,1,-1,1,1,-1,0,2,1,-1,1,-1,1,-1,1,-1,1,-1,1,-1,1,-1,0,0,1,-1,0,0,0,0,1,-1,1,-1,1,-1,-1,1,1,-1,1,-1,0,0,1,-1,1,-1,0,0,0,0,0,0,0,0,0,0,0,0,1,-1,0,0,1,-1,-1,1,1,-1,-1,1,1,-1,1,-1,1,-1,1,-1,1,-1,1,-1,1,-1,-1,1,0,0,0,0,1,-1,1,-1,1,-1,1,0,1,-1,1,-1,0,0,1,-1,1,-1,1,-1,1,-1,1,-1,0,0,0,0,0,0,0,0,1,-1,0,0,-1,1,0,0,-1,1,-1,1,1,-1,0,0,1,-1,-1,1,-1,1,1,-1,1,-1,0,0,1,-1,1,-1,0,0,0,0,0,0,1,-1,1,-1,1,-1,1,-1,1,-1,-1,1,-1,1,0,0,1,-1,0,0,-1,1,0,0,0,0,-1,1,-1,1,1,-1,1,-1,1,-1,1,-1,0,0,-1,1,0,0,1,-1,0,0,1,-1,1,-1,1,-1,0,0,-1,1,0,0,0,2,1,-1,1,-1,-1,1,0,0,1,-1,1,-1,-1,1,0,0,-1,1,1,-1,-1,1,0,0,1,-1,0,0,1,-1,1,-1
2016-09-02 08:30:00,Non Farm Payrolls,schedule,0.13048442342195402,0.20185444436717098,0.20185444436717098,8.0,YM,tp,307.0,367.81999999999243,345.31999999999243,0,0,1,-1,-1,1,1,0,-1,1,1,-1,-1,1,-1,1,0,0,-1,1,1,-1,0,0,0,0,-1,1,0,0,1,-1,1,-1,1,-1,0,0,0,0,1,-1,0,0,1,-1,-1,1,0,0,0,-1,0,-1,0,0,1,-1,-1,1,-1,1,-1,1,0,0,-1,1,1,-1,1,-1,0,0,1,-1,-1,1,1,-1,0,0,1,-1,1,-1,1,-1,-1,1,-1,1,0,0,1,-1,-1,1,-1,1,0,0,-1,1,-1,1,1,-1,1,-1,-1,1,1,-1,1,-1,1,-1,1,-1,0,0,0,0,0,0,0,0,-1,1,0,0,0,0,0,0,0,0,-1,1,-1,1,-1,1,-1,1,1,-1,1,-1,1,-1,1,-1,1,-1,1,-1,-1,1,1,-1,0,0,0,0,1,-1,0,0,-1,1,1,0,1,-1,-1,1,0,2,1,-1,1,-1,1,-1,-1,1,1,-1,0,0,0,0,0,0,0,0,1,-1,0,0,1,-1,0,0,1,-1,1,-1,1,-1,0,0,1,-1,-1,1,-1,1,-1,1,1,-1,-1,1,1,-1,1,-1,0,0,0,0,0,0,1,-1,-1,1,-1,1,-1,1,1,-1,-1,1,-1,1,0,0,-1,1,-1,1,-1,1,0,0,0,0,-1,1,1,-1,-1,1,1,-1,-1,1,1,-1,0,0,-1,1,0,0,0,0,0,0,1,-1,-1,1,1,-1,0,0,1,-1,-1,1,0,0,1,-1,-1,1,1,-1,0,0,-1,1,-1,1,-1,1,0,0,1,-1,-1,1,1,-1,0,0,-1,1,0,0,0,0,1,-1
2016-09-15 08:30:00,Retail Sales MoM,tv,0.09446543676372528,0.07572948981809123,0.07572948981809123,8.0,YM,stopped_post,62.0,-89.96999999999389,-112.46999999999389,0,0,-1,1,1,-1,1,0,1,-1,1,-1,1,-1,1,-1,0,0,1,-1,1,-1,0,0,0,2,1,-1,0,0,1,-1,1,-1,1,-1,0,0,0,0,1,-1,0,0,1,-1,1,-1,0,2,0,-1,0,-1,0,0,0,0,1,-1,-1,1,1,-1,0,0,1,-1,1,-1,-1,1,1,-1,1,-1,-1,1,-1,1,0,0,1,-1,1,-1,1,-1,1,-1,1,-1,1,-1,1,-1,1,-1,1,-1,1,-1,1,-1,1,-1,-1,1,1,-1,1,-1,-1,1,1,-1,0,0,1,-1,-1,1,0,0,0,0,0,0,1,-1,0,0,0,0,0,0,0,0,1,-1,1,-1,1,-1,1,-1,1,-1,1,-1,1,-1,1,-1,1,-1,-1,1,1,-1,1,-1,0,0,0,0,1,-1,-1,1,1,-1,1,0,-1,1,1,-1,0,0,1,-1,1,-1,1,-1,1,-1,1,-1,0,0,0,0,0,0,0,0,1,-1,1,-1,1,-1,0,0,1,-1,1,-1,-1,1,0,0,1,-1,1,-1,1,-1,1,-1,1,-1,1,-1,-1,1,1,-1,0,0,0,0,0,0,-1,1,1,-1,1,-1,-1,1,1,-1,1,-1,-1,1,1,-1,1,-1,1,-1,-1,1,0,0,0,0,1,-1,-1,1,-1,1,1,-1,1,-1,1,-1,0,0,1,-1,0,0,0,0,1,-1,-1,1,1,-1,1,-1,0,0,-1,1,1,-1,0,2,1,-1,1,-1,-1,1,0,0,1,-1,1,-1,1,-1,1,-1,1,-1,1,-1,-1,1,1,-1,-1,1,0,0,0,0,1,-1
2016-09-16 08:30:00,Inflation Rate MoM,schedule,0.12171507607192254,,,7.0,YM,stopped_post,37.0,-100.0,-122.5,0,0,-1,1,1,-1,1,0,1,-1,-1,1,1,-1,1,-1,1,-1,1,-1,-1,1,0,0,0,0,1,-1,0,0,1,-1,-1,1,-1,1,0,0,1,-1,1,-1,0,0,1,-1,1,-1,0,0,0,-1,0,-1,0,0,-1,1,1,-1,1,-1,1,-1,0,0,1,-1,0,0,1,-1,0,0,1,-1,1,-1,-1,1,0,0,1,-1,1,-1,1,-1,1,-1,1,-1,0,0,0,0,-1,1,1,-1,1,-1,1,-1,1,-1,-1,1,1,-1,1,-1,-1,1,1,-1,-1,1,-1,1,1,-1,0,0,0,0,0,0,1,-1,0,0,0,0,0,0,0,0,1,-1,1,-1,1,-1,1,-1,-1,1,1,-1,-1,1,1,-1,1,-1,-1,1,1,-1,1,-1,0,0,0,0,1,-1,0,0,1,-1,1,0,1,-1,1,-1,0,2,1,-1,1,-1,1,-1,1,-1,1,-1,1,-1,0,2,0,0,0,0,1,-1,0,0,-1,1,0,0,1,-1,1,-1,1,-1,0,0,-1,1,0,0,-1,1,1,-1,-1,1,1,-1,-1,1,1,-1,0,0,0,0,0,0,1,-1,1,-1,1,-1,1,-1,-1,1,1,-1,-1,1,1,-1,1,-1,0,0,-1,1,0,0,0,0,1,-1,-1,1,-1,1,-1,1,1,-1,-1,1,0,0,1,-1,0,0,0,0,1,-1,-1,1,1,-1,1,-1,0,0,1,-1,0,0,0,0,-1,1,1,-1,1,-1,0,0,-1,1,1,-1,1,-1,1,-1,1,-1,-1,1,-1,1,1,-1,1,-1,0,0,0,0,1,-1
2016-09-21 14:00:00,Fed Interest Rate Decision,schedule,0.12175549283302894,,,5.0,YM,tp,646.0,361.23999999999796,338.73999999999796,0,0,-1,1,1,-1,0,2,1,-1,-1,1,-1,1,1,-1,0,0,1,-1,-1,1,0,0,0,2,1,-1,0,0,1,-1,-1,1,-1,1,0,0,1,-1,-1,1,0,0,-1,1,1,-1,0,0,0,-1,0,1,0,0,-1,1,1,-1,1,-1,1,-1,0,0,1,-1,-1,1,1,-1,0,0,1,-1,1,-1,-1,1,0,2,1,-1,-1,1,1,-1,-1,1,1,-1,0,0,-1,1,0,0,1,-1,0,0,0,0,1,-1,-1,1,-1,1,1,-1,-1,1,1,-1,0,0,-1,1,0,0,0,0,0,0,0,0,1,-1,0,0,0,0,0,0,0,0,1,-1,0,0,1,-1,1,-1,-1,1,-1,1,-1,1,-1,1,-1,1,-1,1,1,-1,1,-1,0,0,0,0,1,-1,0,0,1,-1,1,0,1,-1,1,-1,0,0,-1,1,1,-1,1,-1,-1,1,1,-1,0,0,0,0,0,0,0,0,-1,1,0,0,-1,1,0,0,-1,1,-1,1,1,-1,0,0,1,-1,0,0,1,-1,1,-1,-1,1,0,0,1,-1,1,-1,0,0,0,0,0,0,1,-1,-1,1,-1,1,1,-1,1,-1,-1,1,-1,1,1,-1,1,-1,-1,1,1,-1,0,0,0,0,-1,1,-1,1,-1,1,-1,1,1,-1,-1,1,0,0,1,-1,0,0,0,0,1,-1,-1,1,1,-1,1,-1,0,0,1,-1,1,-1,0,0,-1,1,-1,1,-1,1,0,0,1,-1,1,-1,-1,1,0,0,1,-1,1,-1,-1,1,0,0,1,-1,0,0,0,0,1,-1
2016-10-07 08:30:00,Non Farm Payrolls,schedule,0.15400693031186402,0.1710510793912941,0.1710510793912941,9.0,YM,tp,121.0,363.5200000000077,341.0200000000077,0,0,1,-1,-1,1,1,0,1,-1,-1,1,1,-1,1,-1,0,0,1,-1,-1,1,0,0,0,0,1,-1,0,0,1,-1,1,-1,-1,1,0,0,1,-1,0,0,0,0,1,-1,-1,1,0,0,0,-1,0,-1,0,0,0,0,-1,1,1,-1,1,-1,0,0,1,-1,1,-1,1,-1,0,0,1,-1,1,-1,1,-1,0,0,1,-1,1,-1,1,-1,1,-1,1,-1,1,-1,0,0,0,0,1,-1,1,-1,1,-1,1,-1,-1,1,1,-1,1,-1,-1,1,1,-1,0,0,1,-1,-1,1,0,0,0,0,1,-1,1,-1,0,0,0,0,0,0,0,2,1,-1,1,-1,0,0,1,-1,-1,1,1,-1,1,-1,1,-1,1,-1,1,-1,1,-1,-1,1,0,0,0,0,1,-1,0,0,1,-1,1,0,1,-1,1,-1,0,2,1,-1,1,-1,1,-1,-1,1,1,-1,0,0,0,0,0,0,0,0,1,-1,0,0,1,-1,0,0,1,-1,1,-1,1,-1,0,0,1,-1,-1,1,1,-1,1,-1,1,-1,1,-1,-1,1,1,-1,0,0,0,0,0,0,1,-1,1,-1,1,-1,1,-1,-1,1,-1,1,-1,1,1,-1,1,-1,1,-1,1,-1,0,0,0,0,1,-1,1,-1,1,-1,-1,1,1,-1,1,-1,0,0,1,-1,0,0,0,0,1,-1,-1,1,1,-1,1,-1,0,0,1,-1,0,0,0,0,-1,1,1,-1,1,-1,0,0,1,-1,1,-1,1,-1,1,-1,-1,1,1,-1,1,-1,1,-1,-1,1,0,0,0,0,1,-1
2016-10-14 08:30:00,Retail Sales MoM,tv,0.03867403314917127,0.09221089173356477,0.09221089173356477,9.0,YM,timed,900.0,150.0,127.5,0,2,-1,1,-1,1,-1,0,-1,1,-1,1,1,-1,-1,1,-1,1,-1,1,-1,1,0,0,0,0,-1,1,0,0,-1,1,-1,1,-1,1,0,0,1,-1,0,0,-1,1,-1,1,-1,1,0,0,0,1,0,1,0,0,-1,1,-1,1,1,-1,1,-1,0,0,-1,1,1,-1,-1,1,-1,1,-1,1,1,-1,-1,1,0,0,-1,1,-1,1,-1,1,-1,1,-1,1,-1,1,-1,1,-1,1,-1,1,-1,1,-1,1,-1,1,-1,1,-1,1,-1,1,1,-1,-1,1,-1,1,-1,1,0,0,0,0,0,0,-1,1,-1,1,0,0,0,0,-1,1,0,2,-1,1,-1,1,-1,1,1,-1,-1,1,-1,1,-1,1,1,-1,-1,1,-1,1,-1,1,1,-1,0,2,0,0,-1,1,0,0,-1,1,-1,0,-1,1,-1,1,0,0,-1,1,1,-1,-1,1,-1,1,-1,1,1,-1,0,2,0,0,0,0,-1,1,1,-1,1,-1,1,-1,1,-1,1,-1,-1,1,0,0,-1,1,1,-1,1,-1,-1,1,-1,1,-1,1,1,-1,-1,1,0,0,0,0,0,0,-1,1,1,-1,-1,1,1,-1,1,-1,1,-1,1,-1,-1,1,-1,1,0,0,1,-1,0,2,0,0,-1,1,1,-1,-1,1,-1,1,-1,1,-1,1,0,0,1,-1,0,0,-1,1,-1,1,1,-1,-1,1,-1,1,0,0,-1,1,0,0,0,0,1,-1,-1,1,1,-1,0,0,1,-1,-1,1,1,-1,-1,1,1,-1,1,-1,1,-1,-1,1,-1,1,0,0,-1,1,-1,1
2016-10-18 08:30:00,Inflation Rate MoM,schedule,0.03315100281783524,0.019969766855540916,0.019969766855540916,8.0,YM,timed,900.0,110.0,87.5,0,0,-1,1,-1,1,0,2,0,0,1,-1,1,-1,-1,1,0,0,1,-1,1,-1,0,0,0,2,-1,1,0,0,-1,1,-1,1,-1,1,0,0,-1,1,0,0,0,0,-1,1,-1,1,0,2,0,1,0,1,0,0,-1,1,-1,1,-1,1,-1,1,0,0,-1,1,1,-1,-1,1,-1,1,-1,1,-1,1,-1,1,0,0,-1,1,-1,1,-1,1,-1,1,-1,1,-1,1,0,0,0,0,-1,1,0,0,0,0,-1,1,-1,1,-1,1,-1,1,-1,1,-1,1,0,0,-1,1,-1,1,0,0,0,0,0,0,0,0,0,0,0,0,-1,1,0,0,-1,1,-1,1,-1,1,0,0,-1,1,-1,1,-1,1,1,-1,-1,1,-1,1,-1,1,1,-1,0,2,0,2,-1,1,-1,1,-1,1,-1,0,-1,1,-1,1,0,0,-1,1,-1,1,-1,1,-1,1,-1,1,1,-1,0,0,0,0,0,0,-1,1,1,-1,1,-1,1,-1,1,-1,1,-1,-1,1,0,0,-1,1,1,-1,1,-1,-1,1,-1,1,0,0,-1,1,-1,1,0,0,0,0,0,0,-1,1,-1,1,1,-1,-1,1,-1,1,-1,1,1,-1,-1,1,-1,1,0,0,1,-1,0,0,0,0,1,-1,1,-1,1,-1,-1,1,-1,1,-1,1,1,-1,1,-1,1,-1,-1,1,-1,1,-1,1,-1,1,-1,1,0,0,-1,1,-1,1,0,0,-1,1,-1,1,-1,1,0,2,-1,1,-1,1,1,-1,-1,1,-1,1,-1,1,1,-1,-1,1,-1,1,0,0,-1,1,-1,1
2016-11-02 14:00:00,Fed Interest Rate Decision,schedule,0.1061037583068074,,,6.0,YM,stopped_post,159.0,-89.51499999999214,-112.01499999999214,0,0,1,-1,1,-1,0,2,0,0,1,-1,-1,1,1,-1,0,0,1,-1,1,-1,0,0,0,2,1,-1,0,0,1,-1,1,-1,1,-1,0,1,0,0,-1,1,1,-1,1,-1,1,-1,0,2,0,-1,0,-1,0,0,1,-1,1,-1,1,-1,-1,1,0,0,1,-1,-1,1,1,-1,1,-1,1,-1,-1,1,1,-1,0,0,1,-1,1,-1,1,-1,1,-1,1,-1,0,0,1,-1,1,-1,1,-1,0,0,1,-1,1,-1,1,-1,1,-1,-1,1,1,-1,1,-1,0,0,1,-1,1,-1,0,0,0,0,0,0,0,0,0,0,0,0,1,-1,0,0,1,-1,0,0,1,-1,-1,1,1,-1,1,-1,1,-1,1,-1,1,-1,1,-1,1,-1,-1,1,0,0,0,0,1,-1,1,-1,1,-1,1,0,1,-1,1,-1,0,0,1,-1,1,-1,1,-1,1,-1,1,-1,0,0,0,0,0,0,0,0,1,-1,0,0,-1,1,0,0,-1,1,-1,1,1,-1,0,0,1,-1,0,0,-1,1,1,-1,1,-1,0,0,1,-1,1,-1,0,0,0,0,0,0,1,-1,1,-1,-1,1,-1,1,1,-1,1,-1,-1,1,1,-1,1,-1,0,0,1,-1,0,0,0,2,-1,1,-1,1,1,-1,1,-1,-1,1,1,-1,0,0,-1,1,0,0,1,-1,1,-1,1,-1,1,-1,1,-1,0,0,1,-1,1,-1,0,2,1,-1,1,-1,-1,1,0,0,-1,1,1,-1,-1,1,1,-1,1,-1,1,-1,-1,1,1,-1,1,-1,0,0,1,-1,-1,1
2016-11-04 08:30:00,Non Farm Payrolls,schedule,0.05603810591202018,0.16470858906218266,0.16470858906218266,10.0,YM,timed,900.0,50.0,27.5,0,0,1,-1,-1,1,0,2,-1,1,1,-1,-1,1,-1,1,0,0,-1,1,1,-1,0,0,0,0,-1,1,0,0,-1,1,-1,1,1,-1,0,0,0,0,0,0,0,0,-1,1,-1,1,0,2,0,-1,0,1,0,0,1,-1,-1,1,-1,1,-1,1,0,0,-1,1,-1,1,-1,1,0,0,-1,1,1,-1,-1,1,0,2,-1,1,-1,1,-1,1,-1,1,-1,1,0,0,0,0,0,0,-1,1,-1,1,-1,1,-1,1,1,-1,-1,1,-1,1,1,-1,-1,1,0,0,1,-1,0,0,0,0,0,0,0,0,-1,1,0,0,0,0,0,0,0,2,0,0,0,0,-1,1,0,0,1,-1,-1,1,-1,1,-1,1,-1,1,-1,1,-1,1,1,-1,0,0,0,0,-1,1,0,0,-1,1,-1,0,-1,1,-1,1,0,2,-1,1,-1,1,-1,1,-1,1,-1,1,0,0,0,0,0,0,0,0,-1,1,0,0,-1,1,0,0,-1,1,-1,1,-1,1,0,0,-1,1,-1,1,1,-1,-1,1,-1,1,0,0,-1,1,-1,1,0,0,0,0,0,0,-1,1,-1,1,1,-1,-1,1,-1,1,-1,1,1,-1,0,0,-1,1,0,0,1,-1,0,0,0,0,-1,1,-1,1,-1,1,1,-1,-1,1,-1,1,0,0,1,-1,0,0,0,0,0,0,-1,1,-1,1,-1,1,0,0,-1,1,-1,1,0,0,1,-1,-1,1,-1,1,0,0,1,-1,-1,1,-1,1,0,0,-1,1,-1,1,-1,1,-1,1,1,-1,0,0,0,0,-1,1
2016-11-15 08:30:00,Retail Sales MoM,tv,0.02123367661110521,0.07572948981809123,0.07572948981809123,10.0,YM,timed,900.0,0.0,-22.5,0,0,1,-1,-1,1,1,0,1,-1,-1,1,-1,1,1,-1,1,-1,1,-1,-1,1,0,0,0,2,1,-1,0,0,1,-1,-1,1,-1,1,0,0,0,0,0,0,0,0,1,-1,-1,1,0,0,0,-1,0,0,0,0,-1,1,1,-1,-1,1,-1,1,0,0,1,-1,-1,1,1,-1,0,0,-1,1,1,-1,1,-1,0,2,1,-1,-1,1,1,-1,-1,1,1,-1,0,0,-1,1,-1,1,1,-1,1,-1,1,-1,1,-1,-1,1,1,-1,1,-1,1,-1,-1,1,0,0,1,-1,1,-1,0,0,0,0,0,0,1,-1,0,0,0,0,-1,1,0,0,1,-1,1,-1,1,-1,1,-1,-1,1,1,-1,1,-1,1,-1,1,-1,-1,1,-1,1,1,-1,0,0,0,2,1,-1,-1,1,1,-1,-1,0,1,-1,1,-1,0,0,1,-1,-1,1,-1,1,1,-1,-1,1,1,-1,0,0,0,0,0,0,-1,1,0,0,1,-1,0,0,-1,1,-1,1,1,-1,0,0,1,-1,0,0,-1,1,-1,1,-1,1,0,0,-1,1,-1,1,0,0,0,0,0,0,1,-1,1,-1,-1,1,-1,1,1,-1,1,-1,-1,1,1,-1,-1,1,0,0,1,-1,0,0,0,2,1,-1,-1,1,-1,1,-1,1,1,-1,-1,1,0,0,-1,1,0,0,0,0,1,-1,1,-1,1,-1,1,-1,0,2,-1,1,1,-1,0,0,1,-1,1,-1,1,-1,0,0,1,-1,1,-1,-1,1,0,0,-1,1,1,-1,-1,1,0,0,1,-1,0,0,0,0,-1,1
2016-11-17 08:30:00,Inflation Rate MoM,schedule,0.010621348911311737,0.02243661655822302,0.02243661655822302,9.0,YM,timed,900.0,-30.0,-52.5,0,0,1,-1,-1,1,0,2,0,0,-1,1,-1,1,-1,1,0,0,-1,1,-1,1,0,0,0,2,1,-1,0,0,1,-1,-1,1,-1,1,0,0,0,0,-1,1,0,0,1,-1,1,-1,0,2,0,-1,0,0,0,2,0,0,-1,1,1,-1,0,0,0,0,1,-1,-1,1,1,-1,1,-1,-1,1,1,-1,1,-1,0,0,1,-1,1,-1,1,-1,1,-1,-1,1,0,0,-1,1,-1,1,1,-1,-1,1,-1,1,1,-1,1,-1,-1,1,-1,1,1,-1,-1,1,0,0,-1,1,0,0,0,0,0,0,0,0,-1,1,0,0,0,0,0,0,0,2,-1,1,-1,1,-1,1,0,0,-1,1,-1,1,-1,1,1,-1,-1,1,-1,1,1,-1,-1,1,0,0,0,2,1,-1,0,0,1,-1,1,0,1,-1,1,-1,0,0,-1,1,-1,1,-1,1,1,-1,-1,1,1,-1,0,0,0,0,0,0,1,-1,0,0,1,-1,0,0,-1,1,-1,1,1,-1,0,0,1,-1,-1,1,-1,1,-1,1,1,-1,-1,1,1,-1,1,-1,0,0,0,0,0,0,1,-1,-1,1,-1,1,1,-1,-1,1,-1,1,-1,1,0,0,1,-1,-1,1,-1,1,0,0,0,2,1,-1,1,-1,-1,1,-1,1,-1,1,1,-1,0,0,-1,1,0,0,0,0,0,0,1,-1,1,-1,1,-1,0,0,-1,1,-1,1,0,2,1,-1,-1,1,-1,1,0,2,1,-1,1,-1,-1,1,0,0,-1,1,1,-1,1,-1,-1,1,1,-1,0,0,0,0,1,-1
2016-12-02 08:30:00,Non Farm Payrolls,schedule,0.0208474487934539,0.15836609873307123,0.15836609873307123,11.0,YM,stopped_post,1.0,-95.93500000000859,-118.43500000000859,0,0,1,-1,-1,1,1,0,1,-1,-1,1,1,-1,1,-1,1,-1,1,-1,-1,1,0,0,0,0,1,-1,0,0,1,-1,1,-1,-1,1,0,0,1,-1,0,0,0,0,1,-1,-1,1,0,0,0,-1,0,-1,0,0,0,0,1,-1,1,-1,1,-1,0,0,1,-1,1,-1,1,-1,0,0,-1,1,1,-1,1,-1,0,0,1,-1,1,-1,1,-1,1,-1,1,-1,0,0,0,0,0,0,1,-1,1,-1,1,-1,1,-1,-1,1,1,-1,1,-1,-1,1,-1,1,1,-1,-1,1,1,-1,0,0,0,0,1,-1,1,-1,0,0,0,0,0,0,0,2,1,-1,1,-1,1,-1,1,-1,-1,1,1,-1,1,-1,1,-1,1,-1,-1,1,1,-1,-1,1,0,0,0,0,1,-1,0,0,1,-1,1,0,1,-1,1,-1,0,0,1,-1,1,-1,1,-1,1,-1,-1,1,0,0,0,0,0,0,0,0,1,-1,0,0,1,-1,0,0,1,-1,1,-1,1,-1,0,0,1,-1,0,0,1,-1,-1,1,1,-1,1,-1,-1,1,1,-1,0,0,0,0,0,0,1,-1,1,-1,-1,1,1,-1,-1,1,1,-1,-1,1,1,-1,1,-1,1,-1,-1,1,0,0,0,0,-1,1,1,-1,-1,1,1,-1,1,-1,1,-1,0,0,-1,1,0,0,0,0,1,-1,-1,1,1,-1,1,-1,0,0,-1,1,0,0,0,0,1,-1,1,-1,1,-1,0,0,1,-1,1,-1,1,-1,1,-1,-1,1,-1,1,1,-1,1,-1,1,-1,0,0,0,0,1,-1
2016-12-14 08:30:00,Retail Sales MoM,tv,0.010080137089864423,0.05924808790261769,0.05924808790261769,11.0,YM,timed,898.0,-80.0,-102.5,0,0,1,-1,1,-1,0,2,-1,1,1,-1,1,-1,-1,1,-1,1,-1,1,1,-1,0,0,0,2,-1,1,0,0,1,-1,1,-1,1,-1,0,0,-1,1,0,0,0,0,1,-1,1,-1,0,0,0,-1,0,-1,0,0,0,0,-1,1,0,0,1,-1,0,0,-1,1,1,-1,1,-1,0,0,1,-1,0,0,1,-1,0,2,1,-1,1,-1,1,-1,1,-1,-1,1,1,-1,1,-1,0,0,-1,1,0,0,-1,1,1,-1,1,-1,-1,1,-1,1,1,-1,1,-1,1,-1,1,-1,1,-1,0,0,0,0,0,0,-1,1,0,0,0,0,1,-1,0,0,-1,1,-1,1,-1,1,-1,1,1,-1,1,-1,1,-1,1,-1,1,-1,1,-1,1,-1,1,-1,0,0,0,0,1,-1,1,-1,1,-1,1,0,1,-1,-1,1,0,0,1,-1,-1,1,1,-1,-1,1,1,-1,-1,1,0,0,0,0,0,0,1,-1,0,0,1,-1,0,0,1,-1,1,-1,1,-1,0,0,1,-1,-1,1,-1,1,1,-1,1,-1,-1,1,-1,1,1,-1,0,0,0,0,0,0,1,-1,1,-1,-1,1,0,0,1,-1,-1,1,-1,1,0,0,-1,1,0,0,1,-1,0,0,0,0,-1,1,-1,1,-1,1,1,-1,1,-1,1,-1,0,0,-1,1,0,0,1,-1,0,0,1,-1,-1,1,1,-1,0,0,1,-1,0,0,0,0,1,-1,-1,1,1,-1,0,0,1,-1,-1,1,1,-1,0,0,1,-1,-1,1,-1,1,0,0,-1,1,0,0,0,0,1,-1
2016-12-14 14:00:00,Fed Interest Rate Decision,schedule,0.11575239053850025,,,7.0,YM,stopped_post,14.0,-99.29500000000189,-121.79500000000189,0,0,1,-1,-1,1,0,2,-1,1,-1,1,1,-1,-1,1,0,0,-1,1,1,-1,0,0,0,0,-1,1,0,0,1,-1,-1,1,-1,1,0,0,0,0,-1,1,0,0,1,-1,-1,1,0,2,0,-1,0,1,0,2,0,0,-1,1,1,-1,-1,1,0,0,-1,1,1,-1,-1,1,-1,1,1,-1,1,-1,1,-1,0,2,-1,1,-1,1,-1,1,-1,1,-1,1,0,0,0,0,0,0,-1,1,0,0,1,-1,1,-1,-1,1,-1,1,1,-1,-1,1,-1,1,0,0,-1,1,0,0,0,0,0,0,0,0,0,0,0,0,0,0,-1,1,0,2,-1,1,0,0,-1,1,0,0,-1,1,-1,1,-1,1,-1,1,-1,1,-1,1,-1,1,1,-1,0,0,0,2,-1,1,0,0,-1,1,-1,0,-1,1,1,-1,0,0,-1,1,1,-1,-1,1,-1,1,1,-1,1,-1,0,0,0,0,0,0,-1,1,0,0,1,-1,0,0,1,-1,1,-1,-1,1,0,0,1,-1,1,-1,1,-1,-1,1,-1,1,0,0,-1,1,1,-1,0,0,0,0,0,0,-1,1,-1,1,1,-1,1,-1,1,-1,1,-1,-1,1,-1,1,-1,1,0,0,1,-1,0,0,0,0,-1,1,-1,1,1,-1,-1,1,-1,1,1,-1,0,0,1,-1,0,0,0,0,-1,1,-1,1,-1,1,-1,1,0,0,1,-1,-1,1,0,2,-1,1,-1,1,-1,1,0,0,1,-1,1,-1,1,-1,-1,1,1,-1,-1,1,-1,1,-1,1,-1,1,0,0,-1,1,-1,1
2016-12-15 08:30:00,Inflation Rate MoM,schedule,0.010121457489878543,0.019969766855540916,0.019969766855540916,10.0,YM,timed,900.0,65.0,42.5,0,0,1,-1,1,-1,0,2,-1,1,-1,1,-1,1,-1,1,0,0,-1,1,-1,1,0,0,0,2,-1,1,0,0,-1,1,-1,1,-1,1,0,0,0,0,1,-1,0,0,-1,1,1,-1,0,0,0,-1,0,0,0,0,0,0,-1,1,-1,1,-1,1,0,0,1,-1,-1,1,1,-1,0,0,-1,1,-1,1,-1,1,0,0,-1,1,-1,1,1,-1,1,-1,-1,1,0,0,-1,1,-1,1,-1,1,-1,1,-1,1,1,-1,1,-1,-1,1,-1,1,1,-1,-1,1,0,0,-1,1,1,-1,0,0,0,0,0,0,-1,1,0,0,0,0,0,0,0,2,-1,1,-1,1,-1,1,1,-1,-1,1,-1,1,-1,1,1,-1,-1,1,1,-1,1,-1,-1,1,0,0,0,2,-1,1,0,0,-1,1,-1,0,1,-1,1,-1,0,2,-1,1,-1,1,-1,1,1,-1,-1,1,0,0,0,0,0,0,0,0,-1,1,0,0,-1,1,0,0,-1,1,-1,1,1,-1,0,0,-1,1,0,0,-1,1,-1,1,1,-1,-1,1,-1,1,-1,1,0,0,0,0,0,0,1,-1,-1,1,1,-1,-1,1,1,-1,1,-1,-1,1,-1,1,-1,1,-1,1,1,-1,0,0,0,0,1,-1,1,-1,1,-1,-1,1,-1,1,-1,1,0,0,1,-1,0,0,0,0,-1,1,1,-1,1,-1,1,-1,0,0,1,-1,1,-1,0,0,1,-1,-1,1,-1,1,0,0,-1,1,-1,1,-1,1,-1,1,-1,1,-1,1,1,-1,-1,1,-1,1,0,0,0,0,-1,1
2017-01-06 08:30:00,Non Farm Payrolls,schedule,0.0605999394000606,0.15618651452246762,0.15618651452246762,12.0,YM,timed,893.0,95.0,72.5,0,0,1,-1,1,-1,0,2,0,0,1,-1,-1,1,1,-1,1,-1,1,-1,1,-1,0,0,0,0,1,-1,0,0,1,-1,1,-1,1,-1,0,0,-1,1,0,0,1,-1,1,-1,1,-1,0,0,0,-1,0,-1,0,0,1,-1,1,-1,1,-1,1,-1,0,0,1,-1,0,0,1,-1,1,-1,1,-1,1,-1,1,-1,0,2,1,-1,1,-1,1,-1,1,-1,1,-1,1,-1,1,-1,1,-1,1,-1,0,0,0,0,1,-1,1,-1,1,-1,-1,1,1,-1,1,-1,1,-1,1,-1,0,0,0,0,0,0,0,0,0,0,0,0,0,0,1,-1,0,0,1,-1,0,0,0,0,1,-1,1,-1,1,-1,1,-1,-1,1,1,-1,1,-1,1,-1,-1,1,0,0,0,0,1,-1,1,-1,1,-1,1,0,1,-1,1,-1,0,2,1,-1,1,-1,1,-1,1,-1,1,-1,-1,1,0,0,0,0,0,0,1,-1,0,0,1,-1,0,0,-1,1,-1,1,1,-1,0,0,1,-1,-1,1,-1,1,1,-1,1,-1,0,0,1,-1,1,-1,0,0,0,0,0,0,1,-1,1,-1,-1,1,1,-1,1,-1,1,-1,-1,1,1,-1,1,-1,0,0,-1,1,0,0,0,0,-1,1,1,-1,-1,1,1,-1,1,-1,1,-1,0,0,-1,1,0,0,1,-1,1,-1,1,-1,1,-1,1,-1,0,0,1,-1,1,-1,0,2,1,-1,1,-1,1,-1,0,0,1,-1,1,-1,-1,1,0,0,1,-1,1,-1,1,-1,1,-1,1,-1,0,0,1,-1,1,-1
2017-01-13 08:30:00,Retail Sales MoM,tv,0.005046681806712087,0.04952510723669009,0.04952510723669009,12.0,YM,timed,898.0,25.0,2.5,0,2,-1,1,-1,1,-1,0,-1,1,-1,1,-1,1,-1,1,-1,1,-1,1,-1,1,0,0,0,0,-1,1,0,0,-1,1,-1,1,-1,1,0,0,0,0,0,0,-1,1,-1,1,-1,1,0,0,0,1,0,1,0,0,-1,1,-1,1,1,-1,1,-1,0,0,-1,1,1,-1,-1,1,-1,1,-1,1,1,-1,-1,1,0,2,-1,1,-1,1,-1,1,-1,1,-1,1,-1,1,0,0,0,0,-1,1,-1,1,-1,1,-1,1,-1,1,-1,1,-1,1,-1,1,-1,1,-1,1,-1,1,-1,1,0,0,0,0,-1,1,-1,1,0,0,0,2,-1,1,0,0,-1,1,-1,1,-1,1,0,0,-1,1,-1,1,-1,1,1,-1,-1,1,-1,1,-1,1,1,-1,0,2,0,0,-1,1,-1,1,-1,1,-1,0,-1,1,-1,1,0,0,-1,1,1,-1,-1,1,-1,1,-1,1,1,-1,0,2,0,0,0,0,1,-1,0,0,1,-1,0,0,1,-1,1,-1,-1,1,0,0,-1,1,1,-1,-1,1,-1,1,-1,1,-1,1,1,-1,-1,1,0,0,0,0,0,0,-1,1,1,-1,-1,1,1,-1,-1,1,1,-1,1,-1,-1,1,-1,1,0,0,1,-1,0,2,0,0,1,-1,1,-1,1,-1,-1,1,-1,1,-1,1,0,0,1,-1,0,0,-1,1,-1,1,-1,1,-1,1,-1,1,0,0,-1,1,0,0,0,0,1,-1,-1,1,-1,1,0,0,1,-1,-1,1,-1,1,-1,1,1,-1,-1,1,1,-1,-1,1,-1,1,0,0,-1,1,-1,1
2017-01-18 08:30:00,Inflation Rate MoM,schedule,0.020218358269308533,0.01750291715285881,0.01750291715285881,11.0,YM,timed,883.0,25.0,2.5,0,0,-1,1,1,-1,1,0,0,0,1,-1,1,-1,1,-1,0,0,1,-1,1,-1,0,0,0,0,-1,1,0,0,-1,1,1,-1,1,-1,0,0,-1,1,1,-1,0,0,-1,1,1,-1,0,0,0,-1,0,-1,0,0,0,0,1,-1,1,-1,1,-1,0,0,-1,1,1,-1,-1,1,1,-1,1,-1,1,-1,-1,1,0,2,1,-1,1,-1,-1,1,1,-1,1,-1,0,0,1,-1,-1,1,-1,1,1,-1,1,-1,1,-1,1,-1,1,-1,1,-1,1,-1,1,-1,0,0,1,-1,1,-1,0,0,0,0,0,0,1,-1,0,0,0,0,0,0,0,0,1,-1,1,-1,-1,1,1,-1,1,-1,1,-1,1,-1,1,-1,1,-1,1,-1,-1,1,-1,1,0,0,0,2,-1,1,0,0,1,-1,1,0,-1,1,-1,1,0,0,1,-1,1,-1,1,-1,-1,1,1,-1,-1,1,0,0,0,0,0,0,1,-1,0,0,1,-1,0,0,1,-1,1,-1,-1,1,0,0,1,-1,-1,1,1,-1,1,-1,-1,1,1,-1,1,-1,0,0,0,0,0,0,0,0,-1,1,1,-1,-1,1,1,-1,1,-1,1,-1,1,-1,1,-1,-1,1,1,-1,-1,1,0,0,0,2,1,-1,1,-1,1,-1,1,-1,1,-1,1,-1,0,0,1,-1,0,0,0,0,1,-1,-1,1,-1,1,-1,1,0,0,1,-1,0,0,0,0,1,-1,1,-1,-1,1,0,0,1,-1,0,0,1,-1,1,-1,1,-1,1,-1,1,-1,1,-1,1,-1,0,0,0,0,1,-1
2017-02-01 14:00:00,Fed Interest Rate Decision,schedule,0.1312998687001313,0.12066360434357573,0.12066360434357573,8.0,YM,stopped_post,255.0,-99.05500000000757,-121.55500000000757,0,0,-1,1,-1,1,0,2,0,0,-1,1,-1,1,-1,1,0,0,-1,1,-1,1,0,0,0,0,-1,1,0,0,-1,1,-1,1,-1,1,0,-1,1,-1,1,-1,-1,1,-1,1,1,-1,0,0,0,1,0,1,0,0,-1,1,1,-1,-1,1,1,-1,0,0,1,-1,1,-1,1,-1,-1,1,-1,1,-1,1,-1,1,0,0,-1,1,-1,1,-1,1,-1,1,-1,1,-1,1,-1,1,-1,1,-1,1,0,0,-1,1,-1,1,-1,1,-1,1,-1,1,-1,1,-1,1,-1,1,-1,1,0,0,0,0,0,0,0,0,0,0,0,0,0,0,0,0,0,0,-1,1,-1,1,-1,1,1,-1,-1,1,-1,1,-1,1,-1,1,-1,1,1,-1,1,-1,-1,1,0,0,0,2,-1,1,0,0,-1,1,-1,0,-1,1,1,-1,0,0,-1,1,-1,1,-1,1,-1,1,-1,1,1,-1,0,0,0,0,0,0,-1,1,0,0,1,-1,0,0,1,-1,1,-1,-1,1,0,0,-1,1,-1,1,-1,1,-1,1,-1,1,0,0,-1,1,-1,1,0,0,0,0,0,0,1,-1,-1,1,1,-1,-1,1,1,-1,-1,1,1,-1,-1,1,-1,1,0,0,-1,1,0,0,0,2,1,-1,1,-1,-1,1,-1,1,-1,1,-1,1,0,0,0,0,0,0,-1,1,-1,1,1,-1,1,-1,-1,1,0,2,-1,1,1,-1,0,0,-1,1,-1,1,1,-1,0,0,-1,1,0,0,-1,1,-1,1,-1,1,-1,1,1,-1,-1,1,1,-1,0,0,-1,1,1,-1
2017-02-03 08:30:00,Non Farm Payrolls,schedule,0.07044379591425984,0.15400693031186402,0.15400693031186402,13.0,YM,timed,898.0,180.0,157.5,0,0,1,-1,1,-1,1,0,1,-1,-1,1,1,-1,1,-1,1,-1,1,-1,-1,1,0,0,0,2,1,-1,0,0,1,-1,1,-1,-1,1,0,0,0,0,0,0,1,-1,1,-1,1,-1,0,0,0,-1,0,-1,0,0,0,0,1,-1,1,-1,1,-1,0,0,1,-1,1,-1,1,-1,1,-1,1,-1,-1,1,1,-1,0,2,1,-1,1,-1,1,-1,1,-1,1,-1,1,-1,0,0,0,0,1,-1,1,-1,1,-1,1,-1,1,-1,1,-1,1,-1,-1,1,-1,1,0,0,-1,1,1,-1,0,0,0,0,0,0,1,-1,0,0,0,0,0,0,0,2,1,-1,1,-1,1,-1,0,0,-1,1,1,-1,1,-1,1,-1,1,-1,-1,1,1,-1,-1,1,0,2,0,0,1,-1,0,0,1,-1,1,0,1,-1,1,-1,0,2,1,-1,1,-1,1,-1,1,-1,1,-1,1,-1,0,0,0,0,0,0,1,-1,1,-1,1,-1,1,-1,1,-1,1,-1,1,-1,0,0,1,-1,0,0,1,-1,1,-1,1,-1,1,-1,-1,1,1,-1,0,0,0,0,0,0,1,-1,1,-1,-1,1,1,-1,1,-1,1,-1,-1,1,1,-1,1,-1,1,-1,-1,1,0,0,0,0,-1,1,1,-1,1,-1,1,-1,1,-1,1,-1,0,0,-1,1,0,0,0,0,1,-1,-1,1,1,-1,1,-1,0,0,1,-1,0,0,0,0,1,-1,1,-1,1,-1,0,0,1,-1,1,-1,1,-1,1,-1,-1,1,-1,1,1,-1,1,-1,1,-1,0,0,0,0,1,-1
2017-02-15 08:30:00,Inflation Rate MoM,schedule,0.02439262367060201,0.01886063771108367,0.01886063771108367,12.0,YM,timed,897.0,0.0,-22.5,0,0,1,-1,-1,1,0,2,-1,1,-1,1,-1,1,-1,1,0,0,-1,1,-1,1,0,0,0,0,-1,1,0,0,1,-1,-1,1,-1,1,0,0,1,-1,1,-1,0,0,1,-1,-1,1,0,0,0,1,0,1,0,0,0,0,-1,1,-1,1,-1,1,0,0,-1,1,1,-1,1,-1,-1,1,1,-1,-1,1,1,-1,0,2,-1,1,-1,1,1,-1,-1,1,-1,1,0,0,-1,1,-1,1,-1,1,-1,1,-1,1,-1,1,1,-1,-1,1,-1,1,1,-1,-1,1,0,0,-1,1,1,-1,0,0,0,0,0,0,-1,1,0,0,0,0,0,0,0,0,-1,1,-1,1,-1,1,1,-1,-1,1,-1,1,-1,1,-1,1,-1,1,1,-1,1,-1,-1,1,0,0,0,0,-1,1,0,0,-1,1,-1,0,1,-1,-1,1,0,0,-1,1,-1,1,0,0,-1,1,1,-1,1,-1,0,0,0,0,0,0,-1,1,0,0,1,-1,0,0,1,-1,1,-1,1,-1,0,0,1,-1,-1,1,-1,1,-1,1,1,-1,-1,1,-1,1,-1,1,0,0,0,0,0,0,1,-1,-1,1,1,-1,-1,1,1,-1,1,-1,-1,1,-1,1,-1,1,-1,1,-1,1,0,0,0,0,-1,1,1,-1,-1,1,-1,1,-1,1,-1,1,0,0,-1,1,0,0,0,0,-1,1,1,-1,1,-1,1,-1,0,0,1,-1,-1,1,0,0,-1,1,-1,1,-1,1,0,0,-1,1,-1,1,-1,1,-1,1,1,-1,-1,1,1,-1,-1,1,-1,1,0,0,0,0,-1,1
2017-03-10 08:30:00,Non Farm Payrolls,schedule,0.1100531125891191,0.14224567686690903,0.14224567686690903,14.0,YM,timed,900.0,165.0,142.5,0,0,-1,1,-1,1,0,2,1,-1,-1,1,1,-1,1,-1,0,0,1,-1,-1,1,0,0,0,0,1,-1,0,0,-1,1,-1,1,-1,1,0,0,1,-1,1,-1,0,0,-1,1,-1,1,0,0,0,-1,0,1,0,0,-1,1,1,-1,1,-1,-1,1,0,0,1,-1,1,-1,1,-1,0,0,1,-1,1,-1,-1,1,0,2,-1,1,-1,1,1,-1,-1,1,1,-1,0,0,-1,1,-1,1,1,-1,0,0,1,-1,1,-1,-1,1,-1,1,1,-1,-1,1,-1,1,0,0,-1,1,-1,1,0,0,0,0,0,0,0,0,0,0,0,0,0,0,0,2,1,-1,-1,1,1,-1,1,-1,-1,1,-1,1,-1,1,-1,1,-1,1,-1,1,1,-1,-1,1,0,0,0,0,1,-1,0,0,-1,1,-1,0,1,-1,1,-1,0,2,-1,1,1,-1,-1,1,-1,1,1,-1,1,-1,0,0,0,0,0,0,-1,1,0,0,1,-1,0,0,1,-1,1,-1,1,-1,0,0,-1,1,0,0,1,-1,1,-1,-1,1,-1,1,1,-1,-1,1,0,0,0,0,0,0,1,-1,-1,1,1,-1,1,-1,-1,1,1,-1,1,-1,0,0,1,-1,-1,1,1,-1,0,0,0,0,1,-1,-1,1,1,-1,-1,1,1,-1,-1,1,0,0,1,-1,0,0,0,0,0,0,1,-1,1,-1,1,-1,0,0,1,-1,1,-1,0,0,-1,1,-1,1,1,-1,0,0,1,-1,1,-1,1,-1,0,0,-1,1,1,-1,-1,1,0,0,1,-1,0,0,0,0,-1,1
2017-03-15 08:30:00,Retail Sales MoM,tv,0.01440023040368646,0.03980212657076249,0.03980212657076249,13.0,YM,timed,895.0,-25.0,-47.5,0,0,1,-1,-1,1,0,2,0,0,1,-1,1,-1,-1,1,0,0,1,-1,1,-1,0,0,0,0,1,-1,0,0,1,-1,1,-1,1,-1,0,0,1,-1,0,0,1,-1,1,-1,-1,1,0,0,0,-1,0,0,0,0,0,0,-1,1,1,-1,1,-1,0,0,1,-1,1,-1,1,-1,0,0,1,-1,1,-1,1,-1,0,2,1,-1,1,-1,1,-1,1,-1,1,-1,0,0,1,-1,1,-1,1,-1,0,0,-1,1,1,-1,1,-1,1,-1,-1,1,1,-1,1,-1,0,0,1,-1,0,0,0,0,0,2,-1,1,0,0,0,0,0,2,1,-1,0,0,1,-1,0,0,0,0,1,-1,1,-1,1,-1,1,-1,1,-1,1,-1,1,-1,1,-1,1,-1,0,0,0,2,1,-1,1,-1,1,-1,1,0,1,-1,1,-1,0,0,1,-1,1,-1,1,-1,-1,1,1,-1,-1,1,0,0,0,2,0,0,1,-1,0,0,1,-1,0,0,1,-1,1,-1,1,-1,0,0,-1,1,-1,1,1,-1,1,-1,1,-1,0,0,-1,1,1,-1,0,2,0,0,0,0,1,-1,1,-1,-1,1,1,-1,1,-1,1,-1,-1,1,0,0,-1,1,0,0,1,-1,0,0,0,2,-1,1,1,-1,-1,1,1,-1,1,-1,1,-1,0,0,1,-1,0,0,1,-1,0,0,1,-1,1,-1,1,-1,0,2,1,-1,0,0,0,2,-1,1,1,-1,1,-1,0,0,1,-1,1,-1,1,-1,0,0,1,-1,1,-1,1,-1,0,0,-1,1,0,2,1,-1,1,-1
2017-03-15 14:00:00,Fed Interest Rate Decision,schedule,0.16321044546851,0.12175549283302894,0.12175549283302894,9.0,YM,timed,900.0,195.0,172.5,0,0,-1,1,1,-1,0,2,-1,1,1,-1,1,-1,-1,1,0,0,1,-1,1,-1,0,0,0,0,-1,1,0,0,-1,1,1,-1,1,-1,0,0,-1,1,0,0,0,0,-1,1,1,-1,0,2,0,-1,0,0,0,2,1,-1,1,-1,1,-1,1,-1,0,0,1,-1,1,-1,1,-1,0,0,1,-1,1,-1,-1,1,0,2,-1,1,1,-1,1,-1,1,-1,1,-1,0,0,1,-1,1,-1,-1,1,0,0,-1,1,1,-1,1,-1,-1,1,-1,1,-1,1,1,-1,0,0,1,-1,-1,1,0,0,0,0,0,0,-1,1,0,0,0,0,1,-1,0,0,1,-1,-1,1,1,-1,1,-1,1,-1,1,-1,1,-1,-1,1,1,-1,1,-1,1,-1,-1,1,0,0,0,2,-1,1,1,-1,1,-1,1,0,1,-1,-1,1,0,0,1,-1,1,-1,0,0,1,-1,1,-1,0,0,0,0,0,0,0,0,1,-1,0,0,1,-1,1,-1,1,-1,1,-1,1,-1,0,0,-1,1,-1,1,-1,1,1,-1,1,-1,-1,1,1,-1,1,-1,0,0,0,0,0,0,1,-1,-1,1,1,-1,1,-1,-1,1,-1,1,-1,1,0,0,-1,1,0,0,-1,1,0,0,0,2,1,-1,1,-1,1,-1,1,-1,-1,1,1,-1,0,0,-1,1,0,0,1,-1,0,0,1,-1,1,-1,1,-1,0,2,1,-1,0,0,0,2,1,-1,-1,1,-1,1,0,0,1,-1,1,-1,1,-1,0,0,1,-1,-1,1,1,-1,0,0,1,-1,0,0,1,-1,1,-1
2017-04-07 08:30:00,Non Farm Payrolls,schedule,0.21846781240897176,0.13048442342195402,0.13048442342195402,15.0,YM,stopped_post,1.0,-102.95500000000175,-125.45500000000175,0,0,-1,1,-1,1,-1,0,-1,1,1,-1,1,-1,-1,1,-1,1,-1,1,-1,1,0,0,0,2,-1,1,0,0,-1,1,1,-1,1,-1,0,0,0,0,0,0,0,0,-1,1,-1,1,0,0,0,-1,0,-1,0,0,0,0,-1,1,1,-1,-1,1,0,0,-1,1,1,-1,1,-1,0,0,-1,1,1,-1,1,-1,0,0,-1,1,1,-1,1,-1,1,-1,-1,1,0,0,1,-1,1,-1,-1,1,-1,1,-1,1,1,-1,1,-1,-1,1,-1,1,1,-1,-1,1,0,0,-1,1,1,-1,0,0,0,0,-1,1,-1,1,0,0,0,0,1,-1,0,0,-1,1,-1,1,-1,1,0,0,1,-1,-1,1,1,-1,1,-1,-1,1,1,-1,1,-1,-1,1,0,0,0,0,-1,1,1,-1,-1,1,1,0,1,-1,-1,1,0,2,1,-1,-1,1,0,0,-1,1,-1,1,-1,1,0,0,0,0,0,0,1,-1,0,0,-1,1,0,0,1,-1,1,-1,1,-1,0,0,-1,1,-1,1,1,-1,-1,1,1,-1,-1,1,1,-1,-1,1,0,0,0,0,0,0,1,-1,-1,1,-1,1,1,-1,1,-1,-1,1,-1,1,0,0,-1,1,0,0,1,-1,0,0,0,0,-1,1,1,-1,-1,1,1,-1,-1,1,1,-1,0,0,0,0,0,0,1,-1,-1,1,1,-1,-1,1,1,-1,0,0,-1,1,-1,1,0,0,-1,1,-1,1,-1,1,0,0,1,-1,1,-1,1,-1,0,0,-1,1,-1,1,1,-1,0,0,-1,1,0,0,0,0,1,-1
2017-04-14 08:30:00,Inflation Rate MoM,schedule,,,,,YM,,,,,0,0,1,-1,-1,1,0,2,0,0,1,-1,-1,1,-1,1,0,0,-1,1,-1,1,0,2,0,0,-1,1,0,0,1,-1,1,-1,1,-1,0,0,0,0,0,0,0,0,1,-1,-1,1,0,0,0,-1,0,0,0,0,0,0,-1,1,1,-1,1,-1,0,0,1,-1,-1,1,1,-1,1,-1,-1,1,-1,1,1,-1,0,0,1,-1,1,-1,1,-1,1,-1,-1,1,1,-1,0,0,0,0,-1,1,0,0,1,-1,1,-1,1,-1,-1,1,-1,1,1,-1,-1,1,-1,1,1,-1,1,-1,0,0,0,2,0,0,0,0,0,0,0,0,1,-1,0,0,-1,1,0,0,-1,1,1,-1,1,-1,1,-1,1,-1,1,-1,1,-1,-1,1,1,-1,-1,1,0,0,0,2,1,-1,0,0,1,-1,1,0,1,-1,1,-1,0,0,1,-1,1,-1,1,-1,-1,1,-1,1,0,0,0,0,0,2,0,0,1,-1,-1,1,-1,1,-1,1,-1,1,-1,1,1,-1,0,0,1,-1,0,0,-1,1,-1,1,1,-1,0,0,1,-1,1,-1,0,2,0,0,0,0,1,-1,1,-1,-1,1,1,-1,1,-1,-1,1,-1,1,0,0,1,-1,0,0,-1,1,0,0,0,2,1,-1,1,-1,1,-1,1,-1,1,-1,1,-1,0,0,-1,1,0,0,1,-1,0,0,1,-1,1,-1,1,-1,0,0,1,-1,0,0,0,2,1,-1,1,-1,-1,1,0,0,1,-1,1,-1,-1,1,1,-1,-1,1,1,-1,1,-1,0,0,-1,1,0,2,1,-1,1,-1
2017-05-03 14:00:00,Fed Interest Rate Decision,schedule,0.004793174519484255,0.1265276807665801,0.1265276807665801,10.0,YM,timed,900.0,140.0,117.5,0,0,1,-1,-1,1,0,2,0,0,1,-1,1,-1,1,-1,1,-1,1,-1,1,-1,0,0,0,0,1,-1,0,0,1,-1,1,-1,1,-1,0,0,-1,1,0,0,1,-1,1,-1,1,-1,0,0,0,-1,0,-1,0,0,0,0,1,-1,1,-1,1,-1,0,0,1,-1,-1,1,1,-1,1,-1,1,-1,1,-1,1,-1,0,2,1,-1,1,-1,1,-1,1,-1,1,-1,0,0,1,-1,0,0,1,-1,0,0,-1,1,1,-1,1,-1,1,-1,-1,1,1,-1,1,-1,1,-1,1,-1,0,0,0,0,0,2,0,0,0,0,0,0,0,2,1,-1,0,0,1,-1,1,-1,1,-1,0,0,1,-1,1,-1,1,-1,1,-1,1,-1,-1,1,1,-1,-1,1,0,0,0,0,1,-1,1,-1,1,-1,1,0,1,-1,1,-1,0,0,1,-1,1,-1,1,-1,1,-1,1,-1,0,0,0,0,0,2,0,0,1,-1,0,0,-1,1,0,0,-1,1,-1,1,1,-1,0,0,1,-1,1,-1,-1,1,1,-1,1,-1,0,0,1,-1,1,-1,0,2,0,0,0,0,1,-1,1,-1,1,-1,1,-1,1,-1,1,-1,-1,1,0,0,1,-1,0,0,-1,1,0,0,0,2,-1,1,-1,1,1,-1,1,-1,-1,1,1,-1,0,0,-1,1,0,0,1,-1,0,0,1,-1,1,-1,1,-1,0,0,1,-1,0,0,0,2,1,-1,1,-1,-1,1,0,0,-1,1,1,-1,1,-1,1,-1,1,-1,1,-1,-1,1,1,-1,1,-1,0,2,1,-1,1,-1
2017-05-05 08:30:00,Non Farm Payrolls,schedule,0.057551196585295665,0.14224567686690903,0.14224567686690903,16.0,YM,timed,900.0,125.0,102.5,0,0,1,-1,-1,1,0,2,-1,1,1,-1,1,-1,-1,1,-1,1,-1,1,1,-1,0,0,0,0,-1,1,0,0,1,-1,1,-1,1,-1,0,0,0,0,0,0,0,0,1,-1,-1,1,0,0,0,-1,0,-1,0,0,1,-1,1,-1,1,-1,1,-1,0,0,-1,1,0,0,1,-1,0,0,1,-1,0,0,1,-1,0,2,1,-1,1,-1,-1,1,1,-1,1,-1,0,0,1,-1,0,0,-1,1,0,0,-1,1,1,-1,1,-1,1,-1,-1,1,1,-1,1,-1,0,0,1,-1,1,-1,0,0,0,0,0,0,0,0,0,0,0,0,0,0,0,0,1,-1,-1,1,0,0,-1,1,1,-1,1,-1,1,-1,1,-1,1,-1,1,-1,-1,1,1,-1,0,0,0,2,-1,1,1,-1,1,-1,1,0,1,-1,-1,1,0,2,1,-1,1,-1,0,0,-1,1,1,-1,-1,1,0,0,0,0,0,0,1,-1,0,0,1,-1,0,0,1,-1,1,-1,1,-1,0,0,1,-1,0,0,1,-1,1,-1,1,-1,0,0,-1,1,1,-1,0,0,0,0,0,0,1,-1,1,-1,1,-1,1,-1,1,-1,1,-1,-1,1,0,0,-1,1,-1,1,1,-1,0,0,0,0,-1,1,1,-1,-1,1,1,-1,1,-1,1,-1,0,0,-1,1,0,0,1,-1,0,0,1,-1,-1,1,1,-1,0,0,1,-1,1,-1,0,0,-1,1,-1,1,1,-1,0,0,-1,1,1,-1,1,-1,0,0,1,-1,-1,1,1,-1,0,0,1,-1,0,0,0,0,1,-1
2017-05-12 08:30:00,Retail Sales MoM,tv,0.004796393112379491,0.039238079859966885,0.039238079859966885,14.0,YM,timed,899.0,35.0,12.5,0,0,1,-1,-1,1,-1,0,-1,1,1,-1,1,-1,-1,1,0,0,-1,1,1,-1,0,0,0,0,-1,1,0,0,1,-1,-1,1,-1,1,0,0,0,0,0,0,0,0,1,-1,-1,1,0,0,0,-1,0,1,0,0,0,0,1,-1,-1,1,0,0,0,0,-1,1,1,-1,-1,1,0,0,-1,1,0,0,1,-1,0,0,-1,1,0,0,1,-1,-1,1,-1,1,0,0,0,0,1,-1,-1,1,-1,1,-1,1,-1,1,1,-1,-1,1,-1,1,1,-1,-1,1,0,0,-1,1,0,0,0,0,0,0,0,0,-1,1,0,0,0,0,0,0,0,0,-1,1,-1,1,-1,1,1,-1,-1,1,-1,1,1,-1,1,-1,-1,1,1,-1,1,-1,1,-1,0,0,0,0,1,-1,0,0,-1,1,-1,0,1,-1,-1,1,0,0,-1,1,-1,1,1,-1,-1,1,-1,1,-1,1,0,0,0,0,0,0,0,0,0,0,1,-1,0,0,1,-1,1,-1,1,-1,0,0,1,-1,-1,1,1,-1,-1,1,1,-1,0,0,-1,1,1,-1,0,0,0,0,0,0,1,-1,-1,1,-1,1,-1,1,-1,1,-1,1,-1,1,-1,1,1,-1,0,0,1,-1,0,0,0,0,1,-1,1,-1,-1,1,-1,1,-1,1,1,-1,0,0,-1,1,0,0,0,0,-1,1,1,-1,-1,1,1,-1,0,0,-1,1,0,0,0,2,-1,1,-1,1,-1,1,0,0,1,-1,-1,1,1,-1,-1,1,-1,1,-1,1,1,-1,-1,1,-1,1,0,0,0,0,-1,1
2017-06-02 08:30:00,Non Farm Payrolls,schedule,0.07074804263748703,0.13048442342195402,0.13048442342195402,17.0,YM,stopped_post,131.0,-110.0,-132.5,0,0,-1,1,-1,1,-1,0,-1,1,-1,1,1,-1,-1,1,-1,1,-1,1,0,0,0,0,0,0,-1,1,0,0,-1,1,-1,1,-1,1,0,0,1,-1,1,-1,-1,1,-1,1,-1,1,0,0,0,1,0,1,0,0,0,0,-1,1,-1,1,-1,1,0,0,-1,1,1,-1,-1,1,-1,1,-1,1,1,-1,-1,1,0,2,-1,1,-1,1,-1,1,-1,1,-1,1,-1,1,0,0,-1,1,-1,1,-1,1,-1,1,-1,1,-1,1,-1,1,-1,1,-1,1,-1,1,0,0,-1,1,0,0,0,0,0,0,0,0,-1,1,0,0,0,0,0,0,0,2,-1,1,-1,1,-1,1,1,-1,-1,1,-1,1,-1,1,1,-1,-1,1,-1,1,-1,1,1,-1,0,0,0,0,-1,1,0,0,-1,1,-1,0,-1,1,-1,1,0,0,-1,1,-1,1,-1,1,-1,1,-1,1,1,-1,0,0,0,0,0,0,-1,1,0,0,1,-1,0,0,1,-1,1,-1,-1,1,0,0,-1,1,1,-1,1,-1,-1,1,-1,1,-1,1,1,-1,-1,1,0,0,0,0,0,0,-1,1,-1,1,-1,1,-1,1,1,-1,-1,1,1,-1,-1,1,-1,1,0,0,1,-1,0,0,0,0,-1,1,1,-1,1,-1,-1,1,-1,1,-1,1,0,0,1,-1,0,0,0,0,-1,1,1,-1,-1,1,-1,1,0,0,-1,1,0,0,0,0,-1,1,-1,1,1,-1,0,0,-1,1,-1,1,1,-1,-1,1,-1,1,1,-1,1,-1,-1,1,-1,1,0,0,0,0,-1,1
2017-06-14 08:30:00,Inflation Rate MoM,schedule,0.028153153153153154,0.020218358269308533,0.020218358269308533,13.0,YM,stopped_post,288.0,-110.0,-132.5,0,0,1,-1,1,-1,-1,0,-1,1,1,-1,1,-1,-1,1,-1,1,-1,1,1,-1,0,0,0,0,-1,1,0,0,-1,1,1,-1,1,-1,0,0,0,0,0,0,0,0,-1,1,1,-1,0,2,0,-1,0,0,0,0,0,0,1,-1,0,0,-1,1,0,0,-1,1,1,-1,-1,1,0,0,-1,1,-1,1,1,-1,0,0,-1,1,1,-1,-1,1,0,0,-1,1,0,0,1,-1,0,0,-1,1,-1,1,-1,1,1,-1,1,-1,-1,1,-1,1,1,-1,1,-1,0,0,-1,1,1,-1,0,0,0,2,0,0,-1,1,0,0,0,2,0,0,0,0,-1,1,-1,1,-1,1,-1,1,1,-1,-1,1,-1,1,-1,1,-1,1,1,-1,-1,1,-1,1,0,0,0,0,-1,1,0,0,-1,1,-1,0,1,-1,-1,1,0,0,1,-1,-1,1,-1,1,-1,1,-1,1,-1,1,0,0,0,2,0,0,1,-1,1,-1,1,-1,1,-1,1,-1,1,-1,1,-1,0,0,-1,1,1,-1,1,-1,1,-1,-1,1,0,0,-1,1,-1,1,0,2,0,0,0,0,-1,1,-1,1,1,-1,0,0,1,-1,-1,1,-1,1,-1,1,-1,1,0,0,-1,1,0,0,0,2,-1,1,0,0,-1,1,1,-1,-1,1,1,-1,0,0,-1,1,0,0,0,0,-1,1,1,-1,-1,1,-1,1,0,0,1,-1,0,0,0,0,1,-1,-1,1,-1,1,0,0,-1,1,-1,1,1,-1,-1,1,1,-1,-1,1,0,0,0,0,-1,1,0,2,0,0,-1,1
2017-06-14 14:00:00,Fed Interest Rate Decision,schedule,0.023479690068091103,0.12175549283302894,0.12175549283302894,11.0,YM,timed,900.0,115.0,92.5,0,0,-1,1,-1,1,0,2,1,-1,-1,1,1,-1,1,-1,0,0,1,-1,-1,1,0,0,0,0,1,-1,0,0,1,-1,-1,1,-1,1,0,0,1,-1,0,0,-1,1,-1,1,-1,1,0,0,0,1,0,0,0,2,-1,1,-1,1,-1,1,-1,1,0,0,1,-1,1,-1,1,-1,-1,1,-1,1,1,-1,-1,1,0,0,-1,1,-1,1,1,-1,-1,1,-1,1,0,0,-1,1,-1,1,1,-1,0,0,0,0,1,-1,-1,1,-1,1,1,-1,-1,1,-1,1,-1,1,-1,1,0,0,0,0,0,0,0,0,0,0,0,0,0,0,-1,1,0,2,1,-1,-1,1,1,-1,1,-1,-1,1,-1,1,-1,1,-1,1,-1,1,-1,1,-1,1,-1,1,0,0,0,2,1,-1,0,0,-1,1,-1,0,-1,1,1,-1,0,0,-1,1,-1,1,-1,1,1,-1,-1,1,1,-1,0,0,0,0,0,0,-1,1,1,-1,1,-1,1,-1,1,-1,1,-1,-1,1,0,0,-1,1,-1,1,1,-1,-1,1,-1,1,0,0,1,-1,-1,1,0,0,0,0,0,0,1,-1,-1,1,1,-1,-1,1,-1,1,1,-1,-1,1,0,0,-1,1,0,0,-1,1,0,0,0,2,1,-1,1,-1,1,-1,-1,1,1,-1,-1,1,0,0,1,-1,0,0,-1,1,0,0,-1,1,-1,1,-1,1,0,2,-1,1,-1,1,0,2,-1,1,-1,1,1,-1,0,0,1,-1,-1,1,1,-1,0,0,1,-1,1,-1,1,-1,0,0,-1,1,0,0,-1,1,-1,1
2017-07-07 08:30:00,Non Farm Payrolls,schedule,0.13156658208814961,0.12226775915623248,0.12226775915623248,18.0,YM,timed,899.0,165.0,142.5,0,2,1,-1,1,-1,1,0,1,-1,1,-1,1,-1,1,-1,1,-1,1,-1,1,-1,0,0,0,0,1,-1,0,0,1,-1,1,-1,1,-1,0,0,0,0,0,0,1,-1,1,-1,1,-1,0,0,0,-1,0,-1,0,0,1,-1,1,-1,-1,1,-1,1,0,0,1,-1,-1,1,1,-1,1,-1,1,-1,-1,1,1,-1,0,2,1,-1,1,-1,1,-1,1,-1,1,-1,1,-1,1,-1,1,-1,1,-1,1,-1,1,-1,1,-1,1,-1,1,-1,1,-1,1,-1,1,-1,1,-1,1,-1,1,-1,0,0,0,0,0,0,1,-1,0,0,0,0,1,-1,0,0,1,-1,1,-1,1,-1,1,-1,1,-1,1,-1,1,-1,1,-1,1,-1,1,-1,1,-1,-1,1,0,2,0,0,1,-1,1,-1,1,-1,1,0,1,-1,1,-1,0,2,1,-1,-1,1,1,-1,-1,1,1,-1,0,0,0,2,0,0,0,0,1,-1,0,0,-1,1,0,0,-1,1,-1,1,1,-1,0,0,1,-1,0,0,1,-1,1,-1,1,-1,1,-1,-1,1,1,-1,0,0,0,0,0,0,1,-1,-1,1,-1,1,-1,1,1,-1,1,-1,-1,1,1,-1,1,-1,0,0,-1,1,0,2,0,0,-1,1,1,-1,1,-1,1,-1,1,-1,1,-1,0,0,-1,1,0,0,1,-1,1,-1,-1,1,1,-1,1,-1,0,0,1,-1,0,0,0,2,1,-1,1,-1,1,-1,0,0,-1,1,1,-1,1,-1,1,-1,-1,1,-1,1,1,-1,1,-1,1,-1,0,0,1,-1,1,-1
2017-07-14 08:30:00,Retail Sales MoM,tv,0.013945704722945332,0.03867403314917127,0.03867403314917127,15.0,YM,timed,900.0,0.0,-22.5,0,0,-1,1,-1,1,0,2,0,0,1,-1,1,-1,-1,1,0,0,1,-1,1,-1,0,0,0,0,-1,1,0,0,-1,1,1,-1,1,-1,0,0,1,-1,0,0,0,0,-1,1,-1,1,0,0,0,-1,0,-1,0,0,1,-1,1,-1,0,0,-1,1,0,0,1,-1,1,-1,-1,1,0,0,-1,1,-1,1,-1,1,0,2,-1,1,1,-1,-1,1,1,-1,1,-1,0,0,1,-1,1,-1,-1,1,1,-1,0,0,1,-1,-1,1,1,-1,1,-1,1,-1,1,-1,0,0,1,-1,-1,1,0,0,0,0,0,0,0,0,0,0,0,0,0,0,0,2,0,0,0,0,1,-1,1,-1,1,-1,1,-1,1,-1,-1,1,1,-1,-1,1,1,-1,-1,1,0,0,0,2,-1,1,0,0,1,-1,1,0,-1,1,-1,1,0,2,1,-1,-1,1,-1,1,1,-1,-1,1,0,0,0,0,0,0,0,0,1,-1,0,0,1,-1,0,0,1,-1,1,-1,-1,1,0,0,1,-1,-1,1,1,-1,1,-1,-1,1,1,-1,-1,1,0,0,0,0,0,0,0,0,-1,1,1,-1,1,-1,0,0,-1,1,-1,1,1,-1,1,-1,-1,1,1,-1,1,-1,0,0,0,0,1,-1,1,-1,-1,1,1,-1,1,-1,1,-1,0,0,1,-1,0,0,1,-1,1,-1,1,-1,-1,1,-1,1,0,0,-1,1,1,-1,0,0,1,-1,1,-1,1,-1,0,0,-1,1,-1,1,1,-1,0,0,-1,1,-1,1,1,-1,1,-1,1,-1,0,0,1,-1,1,-1
2017-07-26 14:00:00,Fed Interest Rate Decision,schedule,0.10170118343195267,0.12066360434357573,0.12066360434357573,12.0,YM,timed,900.0,40.0,17.5,0,0,1,-1,-1,1,0,2,-1,1,1,-1,-1,1,-1,1,0,0,1,-1,1,-1,0,0,0,2,-1,1,0,0,1,-1,1,-1,1,-1,0,0,1,-1,0,0,0,0,1,-1,-1,1,0,2,0,-1,0,0,0,0,1,-1,-1,1,0,0,1,-1,0,0,-1,1,1,-1,1,-1,1,-1,-1,1,1,-1,1,-1,0,0,1,-1,1,-1,1,-1,1,-1,1,-1,0,0,1,-1,-1,1,-1,1,0,0,-1,1,1,-1,1,-1,-1,1,-1,1,1,-1,-1,1,0,0,1,-1,0,0,0,0,0,2,0,0,-1,1,0,0,0,2,1,-1,0,2,1,-1,-1,1,-1,1,-1,1,1,-1,1,-1,1,-1,1,-1,1,-1,1,-1,1,-1,-1,1,0,0,0,2,-1,1,1,-1,1,-1,1,0,1,-1,-1,1,0,0,1,-1,-1,1,1,-1,1,-1,-1,1,0,0,0,0,0,2,0,0,1,-1,1,-1,1,-1,1,-1,1,-1,1,-1,1,-1,0,0,-1,1,-1,1,-1,1,-1,1,1,-1,-1,1,-1,1,1,-1,0,0,0,0,0,0,1,-1,1,-1,1,-1,0,0,-1,1,1,-1,-1,1,0,0,-1,1,-1,1,-1,1,0,0,0,2,-1,1,1,-1,-1,1,1,-1,-1,1,1,-1,0,0,-1,1,0,0,1,-1,0,0,1,-1,1,-1,1,-1,0,0,-1,1,0,0,0,2,1,-1,-1,1,-1,1,0,0,-1,1,0,0,-1,1,0,0,-1,1,-1,1,1,-1,0,0,-1,1,0,0,1,-1,1,-1
2017-08-04 08:30:00,Non Farm Payrolls,schedule,0.03633060853769301,0.13048442342195402,0.13048442342195402,19.0,YM,timed,897.0,-20.0,-42.5,0,0,-1,1,1,-1,-1,0,-1,1,1,-1,1,-1,-1,1,-1,1,-1,1,1,-1,0,0,0,0,-1,1,0,0,-1,1,-1,1,1,-1,0,0,0,0,0,0,0,0,-1,1,1,-1,0,2,0,-1,0,1,0,0,1,-1,-1,1,-1,1,-1,1,0,0,-1,1,1,-1,-1,1,0,0,-1,1,1,-1,-1,1,0,0,-1,1,-1,1,-1,1,-1,1,-1,1,0,0,0,0,0,0,-1,1,-1,1,-1,1,-1,1,1,-1,-1,1,-1,1,1,-1,-1,1,-1,1,0,0,0,0,0,0,0,2,-1,1,0,0,0,0,0,0,0,0,0,0,-1,1,0,0,-1,1,-1,1,1,-1,-1,1,-1,1,-1,1,-1,1,1,-1,-1,1,1,-1,0,0,0,0,-1,1,0,0,-1,1,-1,0,-1,1,-1,1,0,0,-1,1,-1,1,-1,1,1,-1,-1,1,0,0,0,0,0,0,0,0,-1,1,1,-1,1,-1,1,-1,1,-1,1,-1,-1,1,0,0,0,0,-1,1,1,-1,-1,1,-1,1,0,0,1,-1,-1,1,0,0,0,0,0,0,-1,1,-1,1,-1,1,-1,1,1,-1,-1,1,1,-1,-1,1,-1,1,0,0,1,-1,0,0,0,0,1,-1,-1,1,-1,1,1,-1,-1,1,1,-1,0,0,-1,1,0,0,0,0,-1,1,-1,1,-1,1,-1,1,0,0,-1,1,-1,1,0,0,1,-1,-1,1,-1,1,0,0,1,-1,-1,1,1,-1,-1,1,-1,1,-1,1,-1,1,-1,1,-1,1,0,0,0,0,-1,1
2017-08-11 08:30:00,Inflation Rate MoM,schedule,0.009163802978235968,0.021327487413765778,0.021327487413765778,14.0,YM,timed,900.0,45.0,22.5,0,2,1,-1,1,-1,1,0,1,-1,1,-1,1,-1,1,-1,1,-1,1,-1,1,-1,0,0,0,0,1,-1,0,0,1,-1,1,-1,1,-1,0,1,1,-1,1,-1,1,-1,1,-1,-1,1,0,0,0,-1,0,-1,0,0,1,-1,1,-1,1,-1,1,-1,0,0,1,-1,-1,1,1,-1,1,-1,1,-1,-1,1,1,-1,0,0,1,-1,1,-1,1,-1,1,-1,1,-1,1,-1,1,-1,1,-1,1,-1,1,-1,1,-1,1,-1,1,-1,1,-1,1,-1,1,-1,1,-1,0,0,1,-1,1,-1,0,0,0,0,1,-1,1,-1,0,0,0,0,1,-1,0,0,1,-1,1,-1,1,-1,1,-1,1,-1,1,-1,1,-1,-1,1,1,-1,-1,1,1,-1,-1,1,0,2,0,0,1,-1,1,-1,1,-1,1,0,1,-1,1,-1,0,0,1,-1,1,-1,1,-1,1,-1,1,-1,1,-1,0,2,0,0,0,0,1,-1,0,0,-1,1,0,0,-1,1,-1,1,1,-1,0,0,1,-1,1,-1,1,-1,1,-1,1,-1,1,-1,-1,1,1,-1,0,0,0,0,0,0,1,-1,-1,1,-1,1,-1,1,-1,1,1,-1,-1,1,1,-1,1,-1,0,0,-1,1,0,2,0,0,-1,1,-1,1,1,-1,1,-1,1,-1,1,-1,0,0,-1,1,0,0,1,-1,1,-1,-1,1,1,-1,1,-1,0,0,1,-1,1,-1,0,2,1,-1,1,-1,1,-1,0,0,1,-1,1,-1,1,-1,1,-1,1,-1,-1,1,-1,1,1,-1,1,-1,0,0,1,-1,-1,1
2017-08-15 08:30:00,Retail Sales MoM,tv,0.013640083659179777,0.03062051445892978,0.03062051445892978,16.0,YM,timed,893.0,35.0,12.5,0,0,-1,1,-1,1,-1,0,-1,1,1,-1,-1,1,-1,1,-1,1,-1,1,1,-1,0,0,0,2,-1,1,0,0,-1,1,-1,1,-1,1,0,0,0,0,0,0,0,0,-1,1,-1,1,0,0,0,-1,0,1,0,0,0,0,-1,1,-1,1,-1,1,0,0,-1,1,0,0,-1,1,-1,1,-1,1,1,-1,-1,1,0,0,-1,1,-1,1,-1,1,-1,1,-1,1,-1,1,0,0,0,0,-1,1,-1,1,-1,1,-1,1,-1,1,-1,1,-1,1,-1,1,-1,1,0,0,1,-1,-1,1,0,0,0,0,0,0,-1,1,0,0,0,0,0,0,0,0,-1,1,-1,1,-1,1,0,0,1,-1,-1,1,-1,1,-1,1,-1,1,1,-1,-1,1,1,-1,0,0,0,0,-1,1,0,0,-1,1,-1,0,-1,1,-1,1,0,0,-1,1,-1,1,-1,1,-1,1,-1,1,1,-1,0,0,0,0,0,0,-1,1,0,0,-1,1,0,0,1,-1,-1,1,-1,1,0,0,-1,1,1,-1,-1,1,-1,1,-1,1,-1,1,1,-1,-1,1,0,0,0,0,0,0,-1,1,-1,1,1,-1,-1,1,-1,1,-1,1,1,-1,-1,1,-1,1,-1,1,1,-1,0,0,0,0,-1,1,-1,1,-1,1,-1,1,-1,1,-1,1,0,0,1,-1,0,0,0,0,-1,1,1,-1,-1,1,-1,1,0,0,-1,1,0,0,0,0,-1,1,-1,1,1,-1,0,0,1,-1,-1,1,-1,1,-1,1,-1,1,-1,1,-1,1,-1,1,-1,1,0,0,0,0,-1,1
2017-09-01 08:30:00,Non Farm Payrolls,schedule,0.059047965116279064,0.12226775915623248,0.12226775915623248,20.0,YM,timed,897.0,-40.0,-62.5,0,0,1,-1,1,-1,0,2,-1,1,1,-1,1,-1,-1,1,0,0,1,-1,-1,1,0,0,0,0,-1,1,0,0,-1,1,1,-1,1,-1,0,0,0,0,0,0,0,0,-1,1,1,-1,0,0,0,-1,0,0,0,0,0,0,1,-1,1,-1,1,-1,0,0,1,-1,1,-1,1,-1,0,0,-1,1,1,-1,1,-1,0,0,1,-1,1,-1,1,-1,-1,1,1,-1,0,0,1,-1,0,0,-1,1,1,-1,-1,1,1,-1,1,-1,-1,1,1,-1,1,-1,1,-1,0,0,1,-1,1,-1,0,0,0,0,-1,1,0,0,0,0,0,0,1,-1,0,0,-1,1,-1,1,-1,1,1,-1,1,-1,1,-1,-1,1,-1,1,1,-1,1,-1,1,-1,-1,1,0,0,0,2,0,0,0,0,1,-1,1,0,1,-1,1,-1,0,0,1,-1,1,-1,-1,1,1,-1,-1,1,0,0,0,0,0,0,0,0,1,-1,1,-1,1,-1,1,-1,1,-1,1,-1,1,-1,0,0,1,-1,-1,1,1,-1,1,-1,1,-1,1,-1,-1,1,-1,1,0,0,0,0,0,0,1,-1,1,-1,-1,1,1,-1,1,-1,1,-1,-1,1,0,0,-1,1,0,0,-1,1,0,0,0,2,1,-1,-1,1,-1,1,1,-1,-1,1,1,-1,0,0,-1,1,0,0,0,0,0,0,1,-1,1,-1,1,-1,0,0,-1,1,1,-1,0,2,-1,1,-1,1,1,-1,0,0,-1,1,1,-1,1,-1,0,0,-1,1,-1,1,-1,1,0,0,1,-1,0,0,1,-1,1,-1
2017-09-14 08:30:00,Inflation Rate MoM,schedule,0.03167994207096307,0.020218358269308533,0.020218358269308533,15.0,YM,timed,900.0,-90.0,-112.5,0,2,-1,1,-1,1,-1,0,-1,1,-1,1,-1,1,-1,1,-1,1,-1,1,-1,1,0,0,0,0,-1,1,0,0,-1,1,-1,1,-1,1,0,-1,-1,1,0,0,-1,1,-1,1,-1,1,0,0,0,1,0,1,0,0,0,0,-1,1,-1,1,1,-1,0,0,-1,1,1,-1,-1,1,-1,1,1,-1,1,-1,-1,1,0,2,-1,1,-1,1,-1,1,-1,1,-1,1,-1,1,-1,1,0,0,-1,1,-1,1,-1,1,-1,1,-1,1,-1,1,-1,1,-1,1,-1,1,-1,1,-1,1,-1,1,0,0,0,0,0,0,-1,1,0,0,0,0,-1,1,0,2,-1,1,-1,1,-1,1,1,-1,-1,1,-1,1,-1,1,-1,1,-1,1,-1,1,-1,1,-1,1,0,2,0,0,-1,1,-1,1,-1,1,-1,0,-1,1,-1,1,0,0,-1,1,-1,1,-1,1,1,-1,1,-1,1,-1,0,0,0,0,0,0,-1,1,0,0,1,-1,0,0,1,-1,1,-1,-1,1,0,0,-1,1,-1,1,-1,1,-1,1,-1,1,-1,1,1,-1,-1,1,0,0,0,0,0,0,-1,1,-1,1,1,-1,-1,1,-1,1,1,-1,-1,1,-1,1,-1,1,0,0,1,-1,0,2,0,0,-1,1,1,-1,-1,1,-1,1,-1,1,-1,1,0,0,1,-1,0,0,-1,1,-1,1,1,-1,-1,1,-1,1,0,0,1,-1,0,0,0,0,-1,1,-1,1,1,-1,0,0,-1,1,-1,1,-1,1,-1,1,1,-1,-1,1,1,-1,-1,1,-1,1,0,0,-1,1,1,-1
2017-09-15 08:30:00,Retail Sales MoM,tv,0.01353546291283162,0.022566995768688293,0.022566995768688293,17.0,YM,timed,891.0,10.0,-12.5,0,2,-1,1,-1,1,0,2,0,0,-1,1,-1,1,-1,1,0,0,-1,1,0,0,0,0,0,2,-1,1,0,0,-1,1,-1,1,-1,1,0,0,1,-1,1,-1,-1,1,-1,1,-1,1,0,0,0,1,0,1,0,0,-1,1,1,-1,-1,1,-1,1,0,0,-1,1,1,-1,-1,1,-1,1,-1,1,1,-1,-1,1,0,0,-1,1,-1,1,-1,1,-1,1,-1,1,-1,1,0,0,-1,1,-1,1,0,0,0,0,-1,1,-1,1,-1,1,-1,1,-1,1,-1,1,-1,1,-1,1,-1,1,0,0,0,0,0,0,0,0,0,0,0,0,-1,1,0,0,-1,1,0,0,-1,1,1,-1,-1,1,-1,1,-1,1,1,-1,-1,1,-1,1,-1,1,1,-1,0,2,0,0,-1,1,-1,1,-1,1,-1,0,-1,1,-1,1,0,0,-1,1,-1,1,-1,1,-1,1,-1,1,1,-1,0,0,0,0,0,0,-1,1,0,0,1,-1,0,0,1,-1,1,-1,-1,1,0,0,-1,1,1,-1,1,-1,-1,1,-1,1,0,0,1,-1,-1,1,0,0,0,0,0,0,-1,1,-1,1,-1,1,-1,1,-1,1,-1,1,1,-1,-1,1,-1,1,0,0,1,-1,0,2,0,0,1,-1,1,-1,1,-1,-1,1,-1,1,-1,1,0,0,1,-1,0,0,-1,1,-1,1,-1,1,-1,1,-1,1,0,0,-1,1,0,0,0,0,-1,1,-1,1,-1,1,0,0,-1,1,-1,1,-1,1,0,0,1,-1,-1,1,1,-1,-1,1,1,-1,0,0,-1,1,-1,1
2017-09-20 14:00:00,Fed Interest Rate Decision,schedule,0.008955357542649891,0.1195717158541225,0.1195717158541225,13.0,YM,stopped_post,158.0,-111.67999999999665,-134.17999999999665,0,0,1,-1,-1,1,0,2,0,0,-1,1,1,-1,1,-1,1,-1,1,-1,-1,1,0,0,0,2,1,-1,0,0,1,-1,1,-1,-1,1,0,0,0,0,0,0,1,-1,1,-1,-1,1,0,0,0,-1,0,-1,0,0,0,0,-1,1,1,-1,1,-1,0,0,1,-1,1,-1,1,-1,1,-1,1,-1,-1,1,1,-1,0,0,1,-1,1,-1,1,-1,1,-1,1,-1,1,-1,0,0,0,0,1,-1,0,0,0,0,1,-1,1,-1,1,-1,-1,1,-1,1,1,-1,1,-1,1,-1,1,-1,0,0,0,0,0,0,0,0,0,0,0,0,0,0,0,0,1,-1,0,0,1,-1,0,0,-1,1,1,-1,1,-1,1,-1,1,-1,-1,1,1,-1,-1,1,0,0,0,0,1,-1,0,0,1,-1,1,0,1,-1,1,-1,0,0,1,-1,1,-1,1,-1,-1,1,1,-1,0,0,0,0,0,0,0,0,1,-1,0,0,1,-1,0,0,1,-1,1,-1,1,-1,0,0,1,-1,-1,1,-1,1,1,-1,1,-1,0,0,1,-1,1,-1,0,0,0,0,0,0,1,-1,1,-1,-1,1,-1,1,1,-1,-1,1,-1,1,0,0,1,-1,0,0,-1,1,0,0,0,0,1,-1,1,-1,1,-1,1,-1,1,-1,1,-1,0,0,-1,1,0,0,0,0,0,0,1,-1,1,-1,1,-1,0,0,1,-1,0,0,0,2,-1,1,1,-1,-1,1,0,0,1,-1,1,-1,1,-1,0,0,1,-1,1,-1,1,-1,1,-1,1,-1,0,0,0,0,1,-1
2017-10-06 08:30:00,Non Farm Payrolls,schedule,0.013203063110641669,0.11405109489051093,0.11405109489051093,21.0,YM,stopped_post,1.0,-113.62499999999272,-136.12499999999272,0,0,-1,1,-1,1,-1,0,-1,1,1,-1,-1,1,-1,1,-1,1,-1,1,1,-1,0,0,0,0,-1,1,0,0,-1,1,1,-1,1,-1,0,0,0,0,0,0,0,0,-1,1,-1,1,0,0,0,-1,0,0,0,0,0,0,1,-1,0,0,-1,1,0,0,-1,1,1,-1,-1,1,0,0,-1,1,1,-1,-1,1,0,2,-1,1,-1,1,-1,1,0,0,-1,1,0,0,1,-1,0,0,-1,1,-1,1,-1,1,1,-1,1,-1,-1,1,-1,1,1,-1,-1,1,0,0,-1,1,1,-1,0,0,0,0,0,0,-1,1,0,0,0,0,0,0,0,2,-1,1,-1,1,-1,1,1,-1,1,-1,-1,1,-1,1,-1,1,-1,1,1,-1,-1,1,-1,1,0,0,0,0,-1,1,1,-1,-1,1,-1,0,-1,1,-1,1,0,2,-1,1,-1,1,-1,1,-1,1,-1,1,1,-1,0,0,0,0,0,0,-1,1,0,0,1,-1,0,0,1,-1,1,-1,-1,1,0,0,-1,1,-1,1,-1,1,-1,1,1,-1,-1,1,1,-1,-1,1,0,0,0,0,0,0,-1,1,-1,1,-1,1,0,0,-1,1,1,-1,1,-1,-1,1,-1,1,0,0,1,-1,0,0,0,0,-1,1,0,0,-1,1,1,-1,-1,1,1,-1,0,0,-1,1,0,0,0,0,-1,1,1,-1,-1,1,1,-1,0,0,-1,1,0,0,0,0,-1,1,-1,1,1,-1,0,0,1,-1,1,-1,-1,1,0,0,-1,1,-1,1,0,0,0,0,-1,1,0,0,0,0,-1,1
2017-10-13 08:30:00,Retail Sales MoM,tv,0.0043805852461888915,0.02190033618989675,0.02190033618989675,18.0,YM,timed,895.0,10.0,-12.5,0,0,1,-1,-1,1,0,2,-1,1,-1,1,1,-1,-1,1,0,0,-1,1,-1,1,0,0,0,0,-1,1,0,0,1,-1,-1,1,-1,1,0,0,1,-1,0,0,-1,1,-1,1,-1,1,0,0,0,1,0,1,0,2,-1,1,-1,1,-1,1,1,-1,0,0,-1,1,1,-1,-1,1,-1,1,-1,1,1,-1,1,-1,0,0,1,-1,-1,1,-1,1,-1,1,-1,1,0,0,-1,1,-1,1,-1,1,0,0,0,0,-1,1,-1,1,-1,1,1,-1,-1,1,-1,1,0,0,-1,1,0,0,0,0,0,0,0,0,0,0,0,0,0,0,-1,1,0,0,-1,1,0,0,-1,1,1,-1,-1,1,-1,1,-1,1,-1,1,-1,1,-1,1,-1,1,-1,1,0,2,0,0,-1,1,-1,1,-1,1,-1,0,-1,1,-1,1,0,0,-1,1,-1,1,-1,1,1,-1,-1,1,-1,1,0,0,0,0,0,0,-1,1,1,-1,1,-1,0,0,1,-1,1,-1,-1,1,0,0,-1,1,1,-1,1,-1,-1,1,-1,1,0,0,-1,1,-1,1,0,0,0,0,0,0,-1,1,-1,1,1,-1,-1,1,1,-1,-1,1,1,-1,-1,1,1,-1,0,0,-1,1,0,0,0,2,1,-1,1,-1,1,-1,-1,1,-1,1,-1,1,0,0,1,-1,0,0,-1,1,-1,1,-1,1,-1,1,-1,1,0,2,-1,1,0,0,0,2,1,-1,-1,1,-1,1,0,0,-1,1,-1,1,1,-1,-1,1,-1,1,-1,1,1,-1,-1,1,-1,1,0,0,-1,1,-1,1
2017-11-01 14:00:00,Fed Interest Rate Decision,schedule,0.042830221003940384,0.11766205319631137,0.11766205319631137,14.0,YM,timed,900.0,160.0,137.5,0,2,-1,1,1,-1,0,2,-1,1,-1,1,-1,1,-1,1,-1,1,-1,1,-1,1,0,0,0,2,-1,1,0,0,-1,1,-1,1,-1,1,0,-1,1,-1,0,0,-1,1,-1,1,1,-1,0,0,0,1,0,1,0,0,-1,1,-1,1,-1,1,1,-1,0,0,-1,1,0,0,-1,1,0,0,-1,1,1,-1,-1,1,0,0,-1,1,-1,1,-1,1,-1,1,-1,1,-1,1,-1,1,-1,1,-1,1,-1,1,0,0,-1,1,-1,1,-1,1,-1,1,-1,1,-1,1,-1,1,-1,1,-1,1,0,0,0,0,0,0,-1,1,0,0,0,2,-1,1,0,2,-1,1,-1,1,-1,1,1,-1,-1,1,-1,1,-1,1,1,-1,-1,1,-1,1,-1,1,1,-1,0,0,0,0,-1,1,-1,1,-1,1,-1,0,-1,1,-1,1,0,0,-1,1,-1,1,-1,1,-1,1,-1,1,1,-1,0,0,0,0,0,0,-1,1,-1,1,-1,1,0,0,-1,1,-1,1,-1,1,0,0,-1,1,-1,1,-1,1,-1,1,-1,1,-1,1,1,-1,-1,1,0,0,0,0,0,0,-1,1,-1,1,1,-1,-1,1,-1,1,-1,1,1,-1,0,0,-1,1,-1,1,1,-1,0,2,0,2,1,-1,1,-1,-1,1,-1,1,-1,1,-1,1,0,0,1,-1,0,0,-1,1,-1,1,1,-1,-1,1,-1,1,0,0,-1,1,-1,1,0,0,-1,1,-1,1,-1,1,0,0,1,-1,-1,1,-1,1,0,0,-1,1,-1,1,1,-1,-1,1,-1,1,0,0,-1,1,1,-1
2017-11-03 08:30:00,Non Farm Payrolls,schedule,0.01704230752843935,0.11205210373981501,0.11205210373981501,22.0,YM,timed,882.0,35.0,12.5,0,0,-1,1,-1,1,-1,0,-1,1,-1,1,-1,1,-1,1,-1,1,-1,1,-1,1,0,0,0,0,-1,1,0,0,-1,1,-1,1,-1,1,0,-1,1,-1,0,0,-1,1,-1,1,-1,1,0,0,0,1,0,1,0,0,-1,1,-1,1,-1,1,-1,1,0,0,-1,1,1,-1,-1,1,-1,1,-1,1,-1,1,-1,1,0,2,-1,1,-1,1,1,-1,-1,1,-1,1,-1,1,-1,1,-1,1,-1,1,-1,1,-1,1,-1,1,-1,1,-1,1,-1,1,-1,1,-1,1,-1,1,-1,1,-1,1,0,0,0,0,-1,1,-1,1,0,0,0,0,0,0,0,0,-1,1,-1,1,-1,1,1,-1,-1,1,-1,1,-1,1,1,-1,-1,1,-1,1,1,-1,1,-1,0,0,0,2,-1,1,0,0,-1,1,-1,0,-1,1,-1,1,0,2,-1,1,-1,1,-1,1,-1,1,-1,1,1,-1,0,0,0,0,0,0,-1,1,0,0,1,-1,0,0,1,-1,1,-1,-1,1,0,0,-1,1,1,-1,-1,1,-1,1,-1,1,-1,1,1,-1,-1,1,0,0,0,0,0,0,-1,1,-1,1,1,-1,-1,1,-1,1,1,-1,1,-1,-1,1,1,-1,-1,1,1,-1,0,2,0,2,1,-1,1,-1,-1,1,-1,1,-1,1,-1,1,0,0,1,-1,0,0,0,0,-1,1,1,-1,1,-1,1,-1,0,0,-1,1,-1,1,0,0,-1,1,-1,1,1,-1,0,0,1,-1,-1,1,-1,1,-1,1,-1,1,-1,1,1,-1,-1,1,-1,1,0,0,0,0,1,-1
2017-11-15 08:30:00,Retail Sales MoM,tv,0.012882724266758279,0.02123367661110521,0.02123367661110521,19.0,YM,stopped_post,489.0,-116.37500000000728,-138.87500000000728,0,0,1,-1,-1,1,1,0,1,-1,-1,1,1,-1,1,-1,1,-1,1,-1,-1,1,0,0,0,2,1,-1,0,0,1,-1,1,-1,-1,1,0,0,0,0,0,0,0,0,1,-1,-1,1,0,0,0,-1,0,0,0,0,0,0,-1,1,1,-1,1,-1,0,0,1,-1,-1,1,1,-1,0,0,1,-1,-1,1,1,-1,0,0,1,-1,1,-1,1,-1,1,-1,1,-1,0,0,0,0,-1,1,1,-1,1,-1,1,-1,1,-1,-1,1,1,-1,1,-1,-1,1,1,-1,1,-1,1,-1,-1,1,0,0,0,0,0,0,1,-1,0,0,0,0,0,0,0,2,1,-1,1,-1,1,-1,1,-1,-1,1,1,-1,1,-1,1,-1,1,-1,1,-1,-1,1,-1,1,0,0,0,0,1,-1,-1,1,1,-1,1,0,1,-1,1,-1,0,0,1,-1,1,-1,1,-1,1,-1,1,-1,0,0,0,0,0,0,0,0,1,-1,0,0,-1,1,0,0,-1,1,-1,1,1,-1,0,0,1,-1,-1,1,1,-1,1,-1,1,-1,1,-1,-1,1,1,-1,0,0,0,0,0,0,1,-1,1,-1,-1,1,1,-1,1,-1,-1,1,-1,1,1,-1,1,-1,1,-1,1,-1,0,0,0,2,-1,1,0,0,1,-1,1,-1,1,-1,1,-1,0,0,-1,1,0,0,0,0,1,-1,-1,1,1,-1,1,-1,0,0,1,-1,0,0,0,0,-1,1,1,-1,1,-1,0,0,-1,1,1,-1,1,-1,1,-1,1,-1,1,-1,0,0,1,-1,1,-1,0,0,0,0,1,-1
2017-12-08 08:30:00,Non Farm Payrolls,schedule,0.02469745616201531,0.1100531125891191,0.1100531125891191,23.0,YM,timed,900.0,130.0,107.5,0,0,1,-1,1,-1,1,0,1,-1,1,-1,1,-1,1,-1,1,-1,1,-1,1,-1,0,0,0,0,1,-1,0,0,1,-1,1,-1,1,-1,0,0,-1,1,-1,1,1,-1,1,-1,1,-1,0,0,0,-1,0,-1,0,0,1,-1,1,-1,1,-1,1,-1,0,0,1,-1,1,-1,1,-1,1,-1,1,-1,-1,1,1,-1,0,0,1,-1,1,-1,1,-1,1,-1,1,-1,1,-1,1,-1,0,0,1,-1,1,-1,1,-1,1,-1,1,-1,1,-1,1,-1,1,-1,1,-1,0,0,1,-1,1,-1,0,0,0,0,0,0,1,-1,0,0,0,0,0,0,0,2,1,-1,1,-1,1,-1,1,-1,1,-1,1,-1,1,-1,1,-1,1,-1,1,-1,-1,1,-1,1,0,0,0,0,1,-1,1,-1,1,-1,1,0,1,-1,1,-1,0,2,1,-1,1,-1,1,-1,-1,1,1,-1,-1,1,0,0,0,0,0,0,1,-1,0,0,1,-1,1,-1,1,-1,1,-1,1,-1,0,0,1,-1,1,-1,1,-1,1,-1,1,-1,1,-1,-1,1,1,-1,0,0,0,0,0,0,1,-1,1,-1,1,-1,1,-1,-1,1,1,-1,-1,1,1,-1,1,-1,0,0,-1,1,0,0,0,2,-1,1,1,-1,1,-1,1,-1,1,-1,1,-1,0,0,-1,1,0,0,1,-1,1,-1,-1,1,1,-1,1,-1,0,0,1,-1,-1,1,0,2,1,-1,1,-1,1,-1,0,0,-1,1,1,-1,1,-1,1,-1,1,-1,-1,1,1,-1,1,-1,1,-1,0,0,1,-1,1,-1
2017-12-13 08:30:00,Inflation Rate MoM,schedule,0.057005578403029444,0.021327487413765778,0.021327487413765778,16.0,YM,timed,889.0,0.0,-22.5,0,0,1,-1,-1,1,0,2,1,-1,-1,1,1,-1,1,-1,1,-1,1,-1,1,-1,0,0,0,2,1,-1,0,0,-1,1,1,-1,-1,1,0,0,0,0,0,0,0,0,1,-1,-1,1,0,0,0,-1,0,-1,0,0,0,0,1,-1,0,0,1,-1,0,0,1,-1,1,-1,1,-1,0,0,-1,1,1,-1,1,-1,0,2,1,-1,1,-1,1,-1,1,-1,1,-1,0,0,0,0,0,0,1,-1,1,-1,1,-1,-1,1,-1,1,1,-1,1,-1,-1,1,-1,1,0,0,-1,1,-1,1,0,0,0,0,0,0,1,-1,0,0,0,2,0,0,0,0,1,-1,1,-1,1,-1,1,-1,-1,1,1,-1,1,-1,-1,1,1,-1,-1,1,1,-1,-1,1,0,0,0,0,1,-1,0,0,1,-1,1,0,1,-1,1,-1,0,0,1,-1,-1,1,1,-1,1,-1,-1,1,0,0,0,0,0,0,0,0,1,-1,0,0,1,-1,0,0,1,-1,1,-1,1,-1,0,0,-1,1,-1,1,1,-1,1,-1,1,-1,1,-1,-1,1,1,-1,0,0,0,0,0,0,1,-1,1,-1,1,-1,0,0,-1,1,1,-1,-1,1,1,-1,1,-1,1,-1,1,-1,0,0,0,2,1,-1,-1,1,1,-1,-1,1,1,-1,-1,1,0,0,1,-1,0,0,0,0,1,-1,1,-1,1,-1,1,-1,0,0,-1,1,0,0,0,2,1,-1,1,-1,1,-1,0,0,1,-1,-1,1,1,-1,1,-1,-1,1,1,-1,-1,1,1,-1,1,-1,0,0,0,0,1,-1
2017-12-13 14:00:00,Fed Interest Rate Decision,schedule,0.08121497604158207,0.11575239053850025,0.11575239053850025,15.0,YM,timed,889.0,50.0,27.5,0,0,-1,1,-1,1,0,2,1,-1,-1,1,1,-1,1,-1,1,-1,1,-1,-1,1,0,0,0,2,1,-1,0,0,-1,1,1,-1,-1,1,0,0,0,0,1,-1,0,0,-1,1,-1,1,0,2,0,-1,0,-1,0,0,0,0,1,-1,1,-1,-1,1,0,0,1,-1,1,-1,1,-1,0,0,1,-1,1,-1,-1,1,0,2,1,-1,-1,1,1,-1,1,-1,1,-1,0,0,-1,1,1,-1,1,-1,0,0,1,-1,1,-1,-1,1,-1,1,-1,1,-1,1,-1,1,0,0,1,-1,0,0,0,0,0,0,0,0,0,0,0,0,0,0,0,0,0,0,-1,1,-1,1,1,-1,1,-1,-1,1,1,-1,-1,1,-1,1,1,-1,1,-1,1,-1,-1,1,0,0,0,0,1,-1,0,0,1,-1,1,0,1,-1,1,-1,0,0,1,-1,1,-1,1,-1,-1,1,1,-1,0,0,0,0,0,0,0,0,-1,1,1,-1,1,-1,1,-1,1,-1,1,-1,1,-1,0,0,1,-1,0,0,1,-1,1,-1,1,-1,-1,1,1,-1,-1,1,0,0,0,0,0,0,1,-1,1,-1,-1,1,1,-1,1,-1,1,-1,-1,1,0,0,1,-1,-1,1,1,-1,0,0,0,0,1,-1,1,-1,1,-1,-1,1,1,-1,-1,1,0,0,1,-1,0,0,0,0,1,-1,1,-1,1,-1,1,-1,0,0,-1,1,1,-1,0,2,-1,1,-1,1,-1,1,0,0,-1,1,1,-1,1,-1,0,0,-1,1,1,-1,1,-1,1,-1,1,-1,0,0,0,0,1,-1
2017-12-14 08:30:00,Retail Sales MoM,tv,0.024315124007132434,0.017816953507395837,0.017816953507395837,20.0,YM,timed,900.0,-20.0,-42.5,0,0,1,-1,1,-1,0,2,-1,1,1,-1,-1,1,1,-1,0,0,1,-1,1,-1,0,0,0,0,1,-1,0,0,1,-1,1,-1,1,-1,0,0,1,-1,0,0,0,0,1,-1,1,-1,0,0,0,-1,0,0,0,0,0,0,1,-1,-1,1,-1,1,0,0,-1,1,1,-1,1,-1,1,-1,1,-1,-1,1,1,-1,0,0,-1,1,1,-1,-1,1,1,-1,1,-1,0,0,1,-1,0,0,1,-1,0,0,0,0,-1,1,1,-1,1,-1,1,-1,1,-1,1,-1,0,0,1,-1,1,-1,0,0,0,0,0,0,0,0,0,0,0,0,0,0,0,2,1,-1,0,0,1,-1,0,0,1,-1,1,-1,1,-1,1,-1,1,-1,-1,1,-1,1,1,-1,0,0,0,0,-1,1,0,0,1,-1,1,0,1,-1,1,-1,0,0,1,-1,-1,1,1,-1,-1,1,1,-1,0,0,0,0,0,0,0,0,1,-1,0,0,1,-1,0,0,1,-1,1,-1,1,-1,0,0,1,-1,-1,1,1,-1,1,-1,1,-1,0,0,1,-1,1,-1,0,0,0,0,0,0,1,-1,1,-1,1,-1,-1,1,-1,1,1,-1,-1,1,1,-1,-1,1,0,0,-1,1,0,0,0,0,-1,1,1,-1,1,-1,1,-1,-1,1,1,-1,0,0,-1,1,0,0,1,-1,1,-1,1,-1,-1,1,1,-1,0,0,1,-1,0,0,0,0,-1,1,1,-1,-1,1,0,0,1,-1,-1,1,-1,1,0,0,1,-1,1,-1,1,-1,1,-1,1,-1,0,0,0,0,1,-1
2018-01-05 08:30:00,Non Farm Payrolls,schedule,0.08748906386701663,0.09040057761330306,0.09040057761330306,24.0,YM,timed,900.0,30.0,7.5,0,0,1,-1,1,-1,1,0,1,-1,1,-1,1,-1,1,-1,1,-1,1,-1,1,-1,0,0,0,0,1,-1,0,0,1,-1,1,-1,1,-1,0,1,0,0,0,0,1,-1,1,-1,1,-1,0,2,0,-1,0,-1,0,0,1,-1,1,-1,1,-1,-1,1,0,0,1,-1,1,-1,1,-1,1,-1,1,-1,1,-1,1,-1,0,0,1,-1,1,-1,1,-1,1,-1,1,-1,1,-1,1,-1,0,0,1,-1,1,-1,0,0,1,-1,1,-1,1,-1,1,-1,1,-1,1,-1,1,-1,1,-1,0,0,0,2,0,0,0,0,1,-1,0,0,0,2,1,-1,0,2,1,-1,1,-1,1,-1,0,0,1,-1,1,-1,1,-1,-1,1,1,-1,1,-1,1,-1,-1,1,0,0,0,0,1,-1,0,0,1,-1,1,0,1,-1,1,-1,0,0,1,-1,1,-1,1,-1,-1,1,1,-1,0,0,0,0,0,2,0,0,1,-1,1,-1,1,-1,1,-1,1,-1,1,-1,1,-1,0,0,1,-1,-1,1,1,-1,1,-1,1,-1,1,-1,-1,1,1,-1,0,0,0,0,0,0,1,-1,1,-1,-1,1,1,-1,1,-1,1,-1,-1,1,1,-1,1,-1,1,-1,-1,1,0,0,0,2,-1,1,-1,1,1,-1,1,-1,1,-1,1,-1,0,0,-1,1,0,0,1,-1,1,-1,-1,1,-1,1,1,-1,0,0,1,-1,0,0,0,2,1,-1,1,-1,1,-1,0,0,-1,1,1,-1,1,-1,1,-1,-1,1,1,-1,-1,1,1,-1,1,-1,0,0,1,-1,-1,1
2018-01-12 08:30:00,Retail Sales MoM,tv,0.04288331838914662,0.02123367661110521,0.02123367661110521,21.0,YM,stopped_post,363.0,-128.22000000000116,-150.72000000000116,0,0,1,-1,-1,1,-1,0,-1,1,1,-1,1,-1,-1,1,-1,1,-1,1,1,-1,0,0,0,2,-1,1,0,0,1,-1,1,-1,1,-1,0,0,1,-1,0,0,0,0,1,-1,1,-1,0,2,0,-1,0,1,0,0,1,-1,-1,1,-1,1,-1,1,0,0,-1,1,1,-1,1,-1,0,0,1,-1,1,-1,1,-1,0,2,-1,1,1,-1,-1,1,-1,1,-1,1,0,0,1,-1,0,0,-1,1,-1,1,-1,1,-1,1,1,-1,-1,1,-1,1,1,-1,-1,1,0,0,1,-1,1,-1,0,0,0,0,0,0,-1,1,0,0,0,0,0,0,0,0,-1,1,-1,1,-1,1,-1,1,1,-1,-1,1,1,-1,1,-1,-1,1,1,-1,-1,1,-1,1,0,0,0,0,-1,1,0,0,-1,1,-1,0,1,-1,-1,1,0,0,1,-1,-1,1,1,-1,1,-1,-1,1,-1,1,0,0,0,0,0,0,1,-1,1,-1,1,-1,1,-1,1,-1,1,-1,1,-1,0,0,-1,1,0,0,-1,1,-1,1,1,-1,-1,1,-1,1,1,-1,0,0,0,0,0,0,1,-1,-1,1,1,-1,-1,1,1,-1,-1,1,-1,1,-1,1,1,-1,-1,1,-1,1,0,0,0,0,-1,1,1,-1,-1,1,1,-1,-1,1,1,-1,0,0,1,-1,0,0,0,0,0,0,1,-1,-1,1,-1,1,0,0,-1,1,-1,1,0,0,1,-1,-1,1,-1,1,0,0,-1,1,-1,1,1,-1,-1,1,1,-1,-1,1,1,-1,0,0,-1,1,0,0,0,0,-1,1
2018-01-31 14:00:00,Fed Interest Rate Decision,schedule,0.09543441746831578,0.11092807442265383,0.11092807442265383,16.0,YM,stopped_post,276.0,-131.05499999999665,-153.55499999999665,0,0,-1,1,1,-1,0,2,-1,1,1,-1,-1,1,-1,1,-1,1,-1,1,1,-1,0,0,0,2,-1,1,0,0,-1,1,1,-1,1,-1,0,0,1,-1,0,0,0,0,-1,1,1,-1,0,2,0,-1,0,0,0,0,1,-1,-1,1,-1,1,1,-1,0,0,-1,1,1,-1,-1,1,0,0,1,-1,-1,1,-1,1,0,0,-1,1,1,-1,-1,1,-1,1,-1,1,0,0,1,-1,1,-1,-1,1,1,-1,0,0,-1,1,1,-1,1,-1,1,-1,1,-1,1,-1,0,0,-1,1,0,0,0,0,0,0,0,0,0,0,0,0,0,0,0,0,0,2,-1,1,0,0,-1,1,1,-1,1,-1,1,-1,-1,1,-1,1,1,-1,1,-1,-1,1,-1,1,0,0,0,0,-1,1,0,0,-1,1,1,0,-1,1,-1,1,0,0,1,-1,-1,1,1,-1,1,-1,1,-1,1,-1,0,0,0,0,0,0,1,-1,0,0,1,-1,0,0,1,-1,1,-1,-1,1,0,0,-1,1,0,0,-1,1,-1,1,-1,1,1,-1,-1,1,1,-1,0,0,0,0,0,0,-1,1,1,-1,1,-1,-1,1,1,-1,1,-1,1,-1,0,0,-1,1,1,-1,-1,1,0,0,0,2,1,-1,1,-1,-1,1,1,-1,-1,1,1,-1,0,0,-1,1,0,0,0,0,0,0,-1,1,-1,1,-1,1,0,2,-1,1,-1,1,0,0,1,-1,1,-1,-1,1,0,0,-1,1,-1,1,-1,1,0,0,1,-1,-1,1,1,-1,0,0,-1,1,0,0,0,0,1,-1
2018-02-02 08:30:00,Non Farm Payrolls,schedule,0.16555016555016555,0.08748906386701663,0.07911855325225184,25.0,YM,stopped_post,365.0,-129.7149999999965,-152.2149999999965,0,0,1,-1,1,-1,0,2,0,0,1,-1,-1,1,1,-1,0,0,-1,1,1,-1,0,0,0,0,1,-1,0,0,1,-1,1,-1,1,-1,0,0,-1,1,1,-1,1,-1,1,-1,1,-1,0,0,0,-1,0,-1,0,0,1,-1,1,-1,1,-1,1,-1,0,0,1,-1,-1,1,1,-1,1,-1,1,-1,1,-1,1,-1,0,2,1,-1,1,-1,1,-1,1,-1,1,-1,1,-1,1,-1,1,-1,1,-1,0,0,1,-1,1,-1,1,-1,1,-1,-1,1,1,-1,1,-1,0,0,1,-1,0,0,0,0,0,0,0,0,0,0,0,0,0,0,1,-1,0,2,1,-1,1,-1,1,-1,1,-1,1,-1,1,-1,1,-1,1,-1,1,-1,1,-1,1,-1,-1,1,0,0,0,0,1,-1,1,-1,1,-1,1,0,1,-1,1,-1,0,0,1,-1,-1,1,1,-1,-1,1,1,-1,1,-1,0,0,0,0,0,0,1,-1,-1,1,-1,1,-1,1,-1,1,-1,1,1,-1,0,0,1,-1,0,0,-1,1,1,-1,1,-1,0,0,1,-1,1,-1,0,0,0,0,0,0,1,-1,1,-1,-1,1,1,-1,1,-1,1,-1,-1,1,0,0,1,-1,1,-1,-1,1,0,0,0,0,-1,1,-1,1,1,-1,1,-1,-1,1,1,-1,0,0,1,-1,0,0,1,-1,0,0,1,-1,1,-1,1,-1,0,0,1,-1,1,-1,0,2,1,-1,1,-1,-1,1,0,0,1,-1,1,-1,-1,1,0,0,1,-1,1,-1,-1,1,0,0,1,-1,0,0,1,-1,1,-1
2018-02-14 08:30:00,Inflation Rate MoM,schedule,1.0734030103708487,0.02243661655822302,0.02243661655822302,17.0,YM,stopped_post,1.0,-123.83499999999913,-146.33499999999913,0,0,1,-1,-1,1,1,0,1,-1,1,-1,1,-1,1,-1,0,0,1,-1,1,-1,0,0,0,2,1,-1,0,0,1,-1,1,-1,1,-1,0,1,-1,1,-1,1,1,-1,1,-1,-1,1,0,0,0,-1,0,-1,0,0,1,-1,-1,1,-1,1,-1,1,0,0,1,-1,1,-1,1,-1,1,-1,1,-1,-1,1,1,-1,0,2,1,-1,1,-1,1,-1,1,-1,1,-1,1,-1,1,-1,0,0,1,-1,1,-1,0,0,1,-1,1,-1,1,-1,1,-1,1,-1,1,-1,0,0,1,-1,1,-1,0,0,0,0,1,-1,1,-1,0,0,0,0,1,-1,0,2,1,-1,1,-1,1,-1,1,-1,1,-1,1,-1,1,-1,1,-1,1,-1,1,-1,1,-1,-1,1,0,0,0,0,1,-1,1,-1,1,-1,1,0,1,-1,1,-1,0,0,1,-1,-1,1,1,-1,-1,1,1,-1,1,-1,0,0,0,0,0,0,1,-1,1,-1,1,-1,1,-1,1,-1,1,-1,1,-1,0,0,1,-1,1,-1,1,-1,1,-1,1,-1,0,0,-1,1,1,-1,0,0,0,0,0,0,1,-1,1,-1,-1,1,-1,1,1,-1,1,-1,-1,1,0,0,1,-1,1,-1,-1,1,0,0,0,0,-1,1,-1,1,1,-1,1,-1,1,-1,1,-1,0,0,-1,1,0,0,1,-1,0,0,1,-1,1,-1,1,-1,0,0,1,-1,-1,1,0,2,-1,1,1,-1,1,-1,0,0,-1,1,1,-1,1,-1,0,0,-1,1,1,-1,-1,1,1,-1,1,-1,0,0,1,-1,-1,1
2018-03-09 08:30:00,Non Farm Payrolls,schedule,0.34934147124959847,0.09877108822806786,0.07911855325225184,26.0,YM,stopped_pre,-20.0,-124.53999999999724,-147.03999999999724,0,0,-1,1,1,-1,-1,0,-1,1,-1,1,-1,1,-1,1,0,0,-1,1,-1,1,0,0,0,0,-1,1,0,0,-1,1,-1,1,-1,1,0,-1,0,0,0,0,-1,1,-1,1,1,-1,0,0,0,-1,0,1,0,0,-1,1,1,-1,-1,1,-1,1,0,0,-1,1,1,-1,-1,1,-1,1,-1,1,1,-1,-1,1,0,2,-1,1,-1,1,-1,1,-1,1,-1,1,-1,1,-1,1,0,0,-1,1,-1,1,-1,1,-1,1,-1,1,-1,1,-1,1,-1,1,-1,1,-1,1,-1,1,-1,1,0,0,0,0,0,0,-1,1,0,0,0,0,-1,1,0,0,-1,1,-1,1,-1,1,1,-1,-1,1,-1,1,-1,1,-1,1,-1,1,-1,1,-1,1,1,-1,0,2,0,0,-1,1,-1,1,-1,1,-1,0,-1,1,-1,1,0,2,-1,1,-1,1,-1,1,-1,1,-1,1,0,0,0,0,0,0,0,0,-1,1,0,0,1,-1,0,0,1,-1,1,-1,-1,1,0,0,-1,1,-1,1,-1,1,-1,1,-1,1,-1,1,1,-1,-1,1,0,0,0,0,0,0,-1,1,-1,1,-1,1,-1,1,-1,1,-1,1,-1,1,-1,1,-1,1,-1,1,-1,1,0,2,0,0,-1,1,-1,1,-1,1,-1,1,-1,1,-1,1,0,0,1,-1,0,0,-1,1,-1,1,1,-1,-1,1,-1,1,0,0,-1,1,1,-1,0,0,-1,1,-1,1,1,-1,0,0,-1,1,-1,1,-1,1,-1,1,1,-1,1,-1,-1,1,-1,1,-1,1,0,0,-1,1,1,-1
2018-03-13 08:30:00,Inflation Rate MoM,schedule,0.2928373565492679,0.022552963988944325,0.022552963988944325,18.0,YM,tp,123.0,505.4199999999946,482.9199999999946,0,2,-1,1,-1,1,0,2,1,-1,-1,1,-1,1,-1,1,0,0,-1,1,-1,1,0,0,0,2,-1,1,0,0,-1,1,-1,1,-1,1,0,-1,1,-1,0,0,-1,1,-1,1,-1,1,0,0,0,1,0,1,0,0,-1,1,-1,1,-1,1,1,-1,0,0,-1,1,-1,1,-1,1,-1,1,-1,1,-1,1,-1,1,0,0,-1,1,-1,1,-1,1,-1,1,-1,1,-1,1,-1,1,-1,1,-1,1,-1,1,1,-1,-1,1,-1,1,-1,1,-1,1,-1,1,-1,1,-1,1,-1,1,-1,1,0,0,0,0,0,0,-1,1,0,0,0,0,-1,1,0,0,-1,1,-1,1,-1,1,1,-1,-1,1,-1,1,-1,1,1,-1,-1,1,-1,1,-1,1,1,-1,0,2,0,2,-1,1,-1,1,-1,1,-1,0,-1,1,-1,1,0,0,-1,1,-1,1,-1,1,1,-1,-1,1,1,-1,0,0,0,0,0,0,1,-1,0,0,-1,1,0,0,-1,1,-1,1,-1,1,0,0,-1,1,1,-1,-1,1,-1,1,-1,1,-1,1,1,-1,-1,1,0,0,0,0,0,0,-1,1,1,-1,1,-1,1,-1,-1,1,-1,1,1,-1,0,0,-1,1,-1,1,1,-1,0,2,0,0,1,-1,1,-1,1,-1,-1,1,-1,1,-1,1,0,0,1,-1,0,0,-1,1,0,0,-1,1,-1,1,-1,1,0,0,-1,1,-1,1,0,0,1,-1,-1,1,1,-1,0,0,-1,1,-1,1,-1,1,-1,1,1,-1,-1,1,1,-1,-1,1,-1,1,0,0,-1,1,1,-1
2018-03-14 08:30:00,Retail Sales MoM,tv,0.0556947925368978,0.02190033618989675,0.02190033618989675,22.0,YM,timed,897.0,5.0,-17.5,0,0,-1,1,-1,1,-1,0,-1,1,1,-1,1,-1,-1,1,0,0,-1,1,1,-1,0,0,0,0,-1,1,0,0,-1,1,-1,1,1,-1,0,0,0,0,0,0,0,0,-1,1,-1,1,0,2,0,-1,0,0,0,0,0,0,-1,1,-1,1,-1,1,0,0,-1,1,0,0,-1,1,-1,1,-1,1,-1,1,-1,1,0,2,-1,1,-1,1,-1,1,-1,1,-1,1,0,0,0,0,1,-1,-1,1,-1,1,0,0,-1,1,-1,1,-1,1,-1,1,-1,1,-1,1,0,0,-1,1,-1,1,0,0,0,0,-1,1,-1,1,0,0,0,0,-1,1,0,2,-1,1,-1,1,-1,1,-1,1,1,-1,-1,1,-1,1,-1,1,-1,1,1,-1,-1,1,1,-1,0,0,0,2,-1,1,-1,1,-1,1,-1,0,-1,1,-1,1,0,2,-1,1,-1,1,-1,1,1,-1,-1,1,1,-1,0,0,0,0,0,0,-1,1,1,-1,1,-1,0,0,1,-1,1,-1,-1,1,0,0,-1,1,-1,1,-1,1,-1,1,-1,1,-1,1,-1,1,-1,1,0,0,0,0,0,0,-1,1,-1,1,-1,1,-1,1,-1,1,1,-1,1,-1,-1,1,1,-1,0,0,-1,1,0,0,0,0,1,-1,-1,1,-1,1,-1,1,-1,1,-1,1,0,0,1,-1,0,0,0,0,-1,1,-1,1,-1,1,-1,1,0,0,1,-1,-1,1,0,0,-1,1,-1,1,-1,1,0,0,-1,1,-1,1,1,-1,-1,1,-1,1,-1,1,-1,1,-1,1,-1,1,0,0,-1,1,-1,1
2018-03-21 14:00:00,Fed Interest Rate Decision,schedule,0.23727177672323657,0.1061037583068074,0.1061037583068074,17.0,YM,tp,18.0,497.2199999999975,474.7199999999975,0,0,1,-1,1,-1,0,2,1,-1,1,-1,1,-1,1,-1,0,0,1,-1,1,-1,0,0,0,0,1,-1,0,0,1,-1,1,-1,1,-1,0,0,-1,1,0,0,1,-1,1,-1,1,-1,0,0,0,-1,0,-1,0,0,1,-1,1,-1,-1,1,-1,1,0,0,1,-1,1,-1,1,-1,1,-1,1,-1,-1,1,1,-1,0,0,1,-1,1,-1,1,-1,1,-1,1,-1,1,-1,1,-1,1,-1,1,-1,1,-1,1,-1,1,-1,1,-1,1,-1,1,-1,1,-1,1,-1,1,-1,1,-1,1,-1,0,0,0,0,0,0,1,-1,0,0,0,0,1,-1,0,0,1,-1,1,-1,1,-1,0,0,1,-1,1,-1,1,-1,-1,1,1,-1,1,-1,1,-1,-1,1,0,2,0,0,1,-1,1,-1,1,-1,1,0,1,-1,1,-1,0,0,1,-1,1,-1,1,-1,-1,1,1,-1,0,0,0,0,0,0,0,0,1,-1,1,-1,1,-1,1,-1,1,-1,1,-1,1,-1,0,0,1,-1,-1,1,1,-1,1,-1,1,-1,1,-1,-1,1,1,-1,0,0,0,0,0,0,1,-1,1,-1,1,-1,-1,1,1,-1,1,-1,-1,1,0,0,1,-1,1,-1,-1,1,0,2,0,0,-1,1,-1,1,1,-1,1,-1,1,-1,1,-1,0,0,-1,1,0,0,1,-1,0,0,1,-1,1,-1,1,-1,0,0,1,-1,1,-1,0,2,1,-1,1,-1,1,-1,0,0,-1,1,1,-1,1,-1,1,-1,-1,1,1,-1,-1,1,1,-1,1,-1,0,0,1,-1,1,-1
2018-04-06 08:30:00,Non Farm Payrolls,schedule,0.016490765171503958,0.1100531125891191,0.07911855325225184,27.0,YM,stopped_post,7.0,-121.28000000000611,-143.7800000000061,0,2,1,-1,1,-1,1,0,1,-1,1,-1,1,-1,1,-1,1,-1,1,-1,-1,1,0,0,0,2,1,-1,0,0,1,-1,1,-1,1,-1,0,0,0,0,0,0,1,-1,1,-1,1,-1,0,2,0,-1,0,-1,0,0,0,0,1,-1,-1,1,-1,1,0,0,1,-1,0,0,1,-1,1,-1,1,-1,-1,1,1,-1,0,0,1,-1,1,-1,1,-1,1,-1,1,-1,1,-1,0,0,0,0,1,-1,1,-1,1,-1,1,-1,1,-1,1,-1,1,-1,1,-1,1,-1,1,-1,1,-1,1,-1,0,0,0,0,1,-1,1,-1,0,0,0,0,0,0,0,0,1,-1,1,-1,1,-1,-1,1,1,-1,1,-1,1,-1,-1,1,1,-1,1,-1,1,-1,-1,1,0,0,0,0,1,-1,0,0,1,-1,1,0,1,-1,1,-1,0,0,1,-1,-1,1,1,-1,-1,1,1,-1,0,0,0,0,0,0,0,0,1,-1,0,0,1,-1,0,0,1,-1,1,-1,1,-1,0,0,1,-1,1,-1,1,-1,1,-1,1,-1,0,0,-1,1,1,-1,0,0,0,0,0,0,1,-1,-1,1,-1,1,-1,1,-1,1,-1,1,-1,1,1,-1,1,-1,0,0,-1,1,0,2,0,0,-1,1,-1,1,1,-1,1,-1,1,-1,1,-1,0,0,-1,1,-1,1,0,0,1,-1,1,-1,1,-1,1,-1,0,0,1,-1,1,-1,0,2,1,-1,1,-1,1,-1,0,0,1,-1,1,-1,1,-1,1,-1,1,-1,-1,1,-1,1,1,-1,1,-1,0,0,1,-1,1,-1
2018-04-11 08:30:00,Inflation Rate MoM,schedule,0.04973474801061008,0.02266931141966563,0.02266931141966563,19.0,YM,stopped_post,227.0,-120.72000000000116,-143.22000000000116,0,0,-1,1,-1,1,1,0,1,-1,-1,1,-1,1,1,-1,0,0,-1,1,-1,1,0,2,0,0,1,-1,0,0,1,-1,-1,1,-1,1,0,0,0,0,0,0,0,0,1,-1,-1,1,0,2,0,-1,0,0,0,0,-1,1,-1,1,1,-1,-1,1,0,0,1,-1,-1,1,-1,1,0,0,-1,1,1,-1,-1,1,0,2,1,-1,-1,1,-1,1,-1,1,1,-1,0,0,-1,1,0,0,1,-1,0,0,1,-1,1,-1,-1,1,1,-1,1,-1,-1,1,-1,1,-1,1,-1,1,0,0,0,2,0,0,0,0,1,-1,0,0,0,2,0,0,0,0,1,-1,1,-1,1,-1,0,0,-1,1,-1,1,1,-1,-1,1,-1,1,-1,1,-1,1,1,-1,0,0,0,0,1,-1,-1,1,1,-1,-1,0,-1,1,1,-1,0,0,-1,1,-1,1,1,-1,1,-1,-1,1,1,-1,0,0,0,2,0,0,-1,1,-1,1,-1,1,-1,1,-1,1,-1,1,-1,1,0,0,1,-1,-1,1,-1,1,1,-1,-1,1,0,0,1,-1,1,-1,0,0,0,0,0,0,-1,1,1,-1,-1,1,1,-1,-1,1,-1,1,-1,1,0,0,1,-1,0,0,1,-1,0,0,0,2,1,-1,-1,1,-1,1,-1,1,1,-1,-1,1,0,0,-1,1,0,0,-1,1,0,0,-1,1,-1,1,-1,1,0,2,-1,1,-1,1,0,2,-1,1,1,-1,-1,1,0,0,1,-1,1,-1,-1,1,0,0,-1,1,1,-1,-1,1,0,0,-1,1,0,0,0,0,-1,1
2018-04-16 08:30:00,Retail Sales MoM,tv,0.03675269519764783,0.022566995768688293,0.022566995768688293,23.0,YM,timed,899.0,55.0,32.5,0,0,-1,1,1,-1,0,2,1,-1,1,-1,1,-1,1,-1,1,-1,1,-1,1,-1,0,0,0,0,1,-1,0,0,1,-1,1,-1,-1,1,0,0,1,-1,1,-1,0,0,1,-1,1,-1,0,0,0,-1,0,-1,0,0,0,0,1,-1,1,-1,-1,1,0,0,1,-1,1,-1,1,-1,1,-1,1,-1,1,-1,1,-1,0,2,1,-1,1,-1,1,-1,1,-1,1,-1,0,0,0,0,1,-1,1,-1,1,-1,1,-1,1,-1,-1,1,1,-1,1,-1,-1,1,1,-1,1,-1,1,-1,0,0,0,0,0,0,0,0,1,-1,0,0,0,0,0,0,0,0,1,-1,1,-1,1,-1,1,-1,-1,1,1,-1,1,-1,1,-1,1,-1,1,-1,1,-1,-1,1,0,2,0,0,1,-1,0,0,1,-1,1,0,1,-1,1,-1,0,0,1,-1,-1,1,1,-1,-1,1,1,-1,0,0,0,0,0,0,0,0,1,-1,1,-1,1,-1,0,0,1,-1,1,-1,1,-1,0,0,1,-1,1,-1,1,-1,1,-1,1,-1,0,0,-1,1,1,-1,0,0,0,0,0,0,1,-1,1,-1,1,-1,-1,1,-1,1,1,-1,-1,1,1,-1,1,-1,0,0,-1,1,0,0,0,0,-1,1,1,-1,-1,1,1,-1,1,-1,1,-1,0,0,-1,1,0,0,0,0,1,-1,-1,1,1,-1,1,-1,0,0,1,-1,1,-1,0,2,1,-1,1,-1,1,-1,0,0,-1,1,1,-1,1,-1,1,-1,1,-1,1,-1,1,-1,1,-1,-1,1,0,0,0,0,1,-1
2018-05-02 14:00:00,Fed Interest Rate Decision,schedule,0.12895174708818635,0.11092807442265383,0.11092807442265383,18.0,YM,timed,900.0,300.0,277.5,0,0,-1,1,1,-1,0,2,0,0,-1,1,1,-1,-1,1,0,0,-1,1,-1,1,0,0,0,0,-1,1,0,0,-1,1,-1,1,-1,1,0,0,0,0,0,0,-1,1,-1,1,1,-1,0,2,0,1,0,0,0,2,-1,1,-1,1,-1,1,-1,1,0,0,-1,1,1,-1,-1,1,-1,1,-1,1,-1,1,-1,1,0,0,-1,1,-1,1,-1,1,-1,1,-1,1,-1,1,-1,1,-1,1,-1,1,0,0,0,0,-1,1,-1,1,-1,1,1,-1,-1,1,-1,1,0,0,-1,1,0,0,0,2,0,0,0,0,0,0,0,0,0,0,0,0,0,0,-1,1,0,0,-1,1,1,-1,-1,1,-1,1,-1,1,-1,1,-1,1,-1,1,-1,1,1,-1,0,0,0,2,-1,1,-1,1,-1,1,-1,0,-1,1,-1,1,0,0,-1,1,-1,1,-1,1,1,-1,-1,1,0,0,0,0,0,0,0,0,-1,1,0,0,1,-1,0,0,1,-1,1,-1,-1,1,0,0,-1,1,0,0,-1,1,-1,1,-1,1,0,0,-1,1,-1,1,0,0,0,0,0,0,-1,1,-1,1,-1,1,-1,1,-1,1,-1,1,1,-1,-1,1,-1,1,0,0,-1,1,0,0,0,2,1,-1,-1,1,-1,1,-1,1,-1,1,-1,1,0,0,1,-1,0,0,-1,1,-1,1,-1,1,-1,1,-1,1,0,2,-1,1,-1,1,0,2,-1,1,-1,1,-1,1,0,0,1,-1,-1,1,1,-1,-1,1,1,-1,-1,1,-1,1,-1,1,-1,1,0,0,-1,1,-1,1
2018-05-04 08:30:00,Non Farm Payrolls,schedule,0.13006629185197618,0.09877108822806786,0.07911855325225184,28.0,YM,stopped_post,612.0,-119.17499999999563,-141.67499999999563,0,0,1,-1,1,-1,-1,0,-1,1,1,-1,-1,1,-1,1,-1,1,-1,1,1,-1,0,0,0,2,-1,1,0,0,1,-1,1,-1,1,-1,0,0,1,-1,0,0,0,0,1,-1,1,-1,0,0,0,-1,0,-1,0,0,1,-1,1,-1,1,-1,1,-1,0,0,-1,1,1,-1,1,-1,0,0,1,-1,-1,1,1,-1,0,2,-1,1,1,-1,1,-1,1,-1,-1,1,0,0,1,-1,1,-1,-1,1,0,0,-1,1,-1,1,1,-1,1,-1,-1,1,1,-1,1,-1,1,-1,1,-1,0,0,0,0,0,0,0,0,-1,1,0,0,0,0,0,0,0,2,-1,1,-1,1,-1,1,1,-1,1,-1,1,-1,1,-1,1,-1,1,-1,1,-1,-1,1,1,-1,0,0,0,0,-1,1,0,0,-1,1,1,0,1,-1,-1,1,0,0,1,-1,1,-1,1,-1,1,-1,1,-1,-1,1,0,0,0,0,0,0,1,-1,0,0,1,-1,0,0,1,-1,1,-1,1,-1,0,0,1,-1,0,0,-1,1,1,-1,1,-1,-1,1,1,-1,1,-1,0,0,0,0,0,0,1,-1,1,-1,-1,1,1,-1,1,-1,1,-1,1,-1,0,0,-1,1,-1,1,-1,1,0,0,0,0,-1,1,-1,1,-1,1,1,-1,-1,1,1,-1,0,0,-1,1,0,0,0,0,0,0,1,-1,-1,1,1,-1,0,0,1,-1,1,-1,0,2,1,-1,-1,1,1,-1,0,0,1,-1,-1,1,-1,1,0,0,1,-1,-1,1,-1,1,0,0,-1,1,0,0,0,0,1,-1
2018-05-10 08:30:00,Inflation Rate MoM,schedule,0.09789924535998369,0.02353096754513382,0.02353096754513382,20.0,YM,timed,899.0,200.0,177.5,0,0,-1,1,-1,1,0,2,-1,1,1,-1,-1,1,-1,1,-1,1,-1,1,1,-1,0,0,0,2,-1,1,0,0,-1,1,-1,1,1,-1,0,0,-1,1,0,0,-1,1,-1,1,-1,1,0,2,0,-1,0,0,0,0,0,0,-1,1,-1,1,-1,1,0,0,-1,1,0,0,-1,1,-1,1,1,-1,-1,1,-1,1,0,2,-1,1,-1,1,-1,1,-1,1,-1,1,0,0,0,0,0,0,-1,1,-1,1,-1,1,-1,1,-1,1,-1,1,-1,1,-1,1,-1,1,0,0,-1,1,0,0,0,0,0,0,-1,1,-1,1,0,0,0,0,0,0,0,0,-1,1,-1,1,-1,1,-1,1,1,-1,-1,1,-1,1,-1,1,-1,1,1,-1,-1,1,1,-1,0,0,0,0,-1,1,-1,1,-1,1,-1,0,-1,1,-1,1,0,0,-1,1,-1,1,-1,1,1,-1,1,-1,0,0,0,0,0,0,0,0,-1,1,0,0,1,-1,0,0,1,-1,1,-1,-1,1,0,0,-1,1,-1,1,-1,1,-1,1,-1,1,0,0,1,-1,-1,1,0,0,0,0,0,0,-1,1,-1,1,1,-1,-1,1,-1,1,-1,1,1,-1,-1,1,-1,1,0,0,1,-1,0,0,0,2,-1,1,-1,1,-1,1,-1,1,-1,1,-1,1,0,0,1,-1,0,0,0,0,-1,1,-1,1,-1,1,-1,1,0,0,1,-1,-1,1,0,0,-1,1,-1,1,1,-1,0,0,1,-1,-1,1,-1,1,-1,1,1,-1,-1,1,-1,1,-1,1,-1,1,0,0,0,0,-1,1
2018-05-15 08:30:00,Retail Sales MoM,tv,0.04836369498629695,0.023441059887910363,0.023441059887910363,24.0,YM,stopped_post,65.0,-124.08499999999549,-146.5849999999955,0,0,1,-1,1,-1,0,2,1,-1,1,-1,-1,1,1,-1,0,0,1,-1,-1,1,0,0,0,0,1,-1,0,0,1,-1,1,-1,1,-1,0,0,0,0,0,0,1,-1,1,-1,1,-1,0,2,0,-1,0,-1,0,0,0,0,1,-1,1,-1,1,-1,0,0,1,-1,-1,1,1,-1,1,-1,-1,1,-1,1,1,-1,0,2,1,-1,1,-1,1,-1,1,-1,1,-1,1,-1,1,-1,0,0,1,-1,1,-1,1,-1,1,-1,1,-1,1,-1,1,-1,1,-1,1,-1,1,-1,1,-1,0,0,0,0,0,0,1,-1,1,-1,0,0,0,0,1,-1,0,0,1,-1,1,-1,1,-1,-1,1,1,-1,1,-1,1,-1,-1,1,1,-1,-1,1,1,-1,-1,1,0,0,0,0,1,-1,1,-1,1,-1,1,0,1,-1,1,-1,0,0,1,-1,1,-1,1,-1,1,-1,-1,1,0,0,0,0,0,0,0,0,1,-1,0,0,-1,1,-1,1,-1,1,-1,1,1,-1,0,0,1,-1,-1,1,-1,1,1,-1,1,-1,0,0,-1,1,1,-1,0,0,0,0,0,0,1,-1,1,-1,-1,1,1,-1,-1,1,-1,1,-1,1,1,-1,1,-1,0,0,-1,1,0,0,0,0,-1,1,-1,1,1,-1,1,-1,1,-1,1,-1,0,0,-1,1,0,0,1,-1,1,-1,-1,1,1,-1,1,-1,0,0,-1,1,1,-1,0,2,1,-1,1,-1,-1,1,0,0,-1,1,1,-1,-1,1,1,-1,-1,1,1,-1,-1,1,1,-1,1,-1,0,0,1,-1,1,-1
2018-06-01 08:30:00,Non Farm Payrolls,schedule,0.08145644116808536,0.1100531125891191,0.07911855325225184,29.0,YM,stopped_post,193.0,-122.7599999999984,-145.2599999999984,0,0,-1,1,-1,1,0,2,0,0,1,-1,1,-1,-1,1,0,0,-1,1,1,-1,0,0,0,2,-1,1,0,0,-1,1,-1,1,1,-1,0,0,1,-1,0,0,0,0,-1,1,-1,1,0,0,0,-1,0,0,0,0,0,0,-1,1,0,0,-1,1,0,0,-1,1,1,-1,-1,1,-1,1,-1,1,-1,1,-1,1,0,0,-1,1,-1,1,-1,1,-1,1,-1,1,0,0,0,0,0,0,-1,1,-1,1,-1,1,-1,1,-1,1,-1,1,-1,1,-1,1,-1,1,0,0,-1,1,-1,1,0,0,0,0,-1,1,-1,1,0,0,0,0,-1,1,0,2,1,-1,-1,1,0,0,1,-1,1,-1,-1,1,-1,1,-1,1,-1,1,-1,1,-1,1,1,-1,0,0,0,2,-1,1,0,0,-1,1,-1,0,-1,1,-1,1,0,0,-1,1,-1,1,-1,1,1,-1,-1,1,0,0,0,0,0,0,0,0,-1,1,1,-1,1,-1,0,0,1,-1,1,-1,-1,1,0,0,-1,1,-1,1,1,-1,-1,1,-1,1,0,0,-1,1,-1,1,0,0,0,0,0,0,-1,1,-1,1,1,-1,0,0,-1,1,-1,1,1,-1,-1,1,-1,1,0,0,-1,1,0,0,0,0,-1,1,-1,1,1,-1,-1,1,-1,1,-1,1,0,0,1,-1,0,0,0,0,-1,1,1,-1,-1,1,-1,1,0,0,-1,1,-1,1,0,0,-1,1,-1,1,1,-1,0,0,-1,1,-1,1,1,-1,-1,1,-1,1,-1,1,-1,1,-1,1,-1,1,0,0,-1,1,-1,1
2018-06-12 08:30:00,Inflation Rate MoM,schedule,0.03158060950576346,0.02439262367060201,0.02439262367060201,21.0,YM,timed,898.0,25.0,2.5,0,0,1,-1,1,-1,0,2,0,0,1,-1,-1,1,1,-1,0,0,-1,1,1,-1,0,0,0,2,-1,1,0,0,1,-1,1,-1,1,-1,0,0,-1,1,1,-1,0,0,1,-1,1,-1,0,0,0,-1,0,-1,0,0,1,-1,-1,1,1,-1,-1,1,0,0,-1,1,-1,1,-1,1,0,0,1,-1,1,-1,1,-1,0,0,1,-1,1,-1,-1,1,1,-1,1,-1,1,-1,1,-1,1,-1,-1,1,1,-1,1,-1,1,-1,1,-1,1,-1,1,-1,1,-1,1,-1,1,-1,1,-1,1,-1,0,0,0,0,0,0,1,-1,0,0,0,0,0,0,0,2,1,-1,1,-1,-1,1,1,-1,1,-1,1,-1,1,-1,1,-1,1,-1,1,-1,-1,1,1,-1,0,0,0,0,-1,1,0,0,1,-1,1,0,-1,1,1,-1,0,0,1,-1,-1,1,1,-1,1,-1,-1,1,-1,1,0,0,0,0,0,0,1,-1,0,0,-1,1,0,0,-1,1,-1,1,-1,1,0,0,1,-1,-1,1,-1,1,1,-1,1,-1,1,-1,1,-1,1,-1,0,0,0,0,0,0,-1,1,1,-1,-1,1,1,-1,1,-1,1,-1,1,-1,1,-1,-1,1,1,-1,-1,1,0,0,0,0,-1,1,-1,1,1,-1,1,-1,1,-1,1,-1,0,0,-1,1,0,0,0,0,1,-1,-1,1,-1,1,-1,1,0,0,-1,1,-1,1,0,0,1,-1,1,-1,1,-1,0,0,-1,1,-1,1,-1,1,1,-1,1,-1,1,-1,-1,1,1,-1,1,-1,0,0,0,0,1,-1
2018-06-13 14:00:00,Fed Interest Rate Decision,schedule,0.039481996209728365,0.11575239053850025,0.11575239053850025,19.0,YM,stopped_post,2.0,-126.65999999999258,-149.15999999999258,0,0,-1,1,1,-1,0,2,1,-1,1,-1,-1,1,1,-1,0,0,1,-1,1,-1,0,0,0,0,1,-1,0,0,-1,1,1,-1,1,-1,0,0,-1,1,0,0,0,0,1,-1,1,-1,0,2,0,-1,0,-1,0,2,1,-1,1,-1,1,-1,1,-1,0,0,1,-1,0,0,1,-1,1,-1,1,-1,1,-1,-1,1,0,0,1,-1,1,-1,-1,1,1,-1,1,-1,0,0,1,-1,-1,1,1,-1,1,-1,1,-1,-1,1,-1,1,1,-1,1,-1,1,-1,1,-1,1,-1,1,-1,0,0,0,0,0,0,0,0,1,-1,0,0,0,0,0,0,0,2,1,-1,1,-1,1,-1,1,-1,1,-1,1,-1,1,-1,1,-1,1,-1,-1,1,-1,1,1,-1,0,0,0,0,1,-1,0,0,1,-1,1,0,-1,1,1,-1,0,0,1,-1,1,-1,-1,1,1,-1,1,-1,0,0,0,0,0,0,0,0,1,-1,0,0,1,-1,0,0,-1,1,-1,1,-1,1,0,0,1,-1,-1,1,-1,1,1,-1,-1,1,0,0,-1,1,1,-1,0,0,0,0,0,0,-1,1,1,-1,1,-1,1,-1,-1,1,1,-1,-1,1,1,-1,-1,1,0,0,-1,1,0,0,0,0,-1,1,-1,1,1,-1,1,-1,1,-1,1,-1,0,0,-1,1,0,0,0,0,1,-1,-1,1,1,-1,1,-1,0,0,-1,1,1,-1,0,2,1,-1,1,-1,-1,1,0,0,-1,1,1,-1,-1,1,1,-1,1,-1,1,-1,-1,1,1,-1,1,-1,0,0,1,-1,1,-1
2018-06-14 08:30:00,Retail Sales MoM,tv,0.03956009177941293,0.024315124007132434,0.023441059887910363,25.0,YM,timed,900.0,145.0,122.5,0,0,-1,1,1,-1,1,0,1,-1,-1,1,1,-1,1,-1,0,0,1,-1,1,-1,0,0,0,0,1,-1,0,0,-1,1,-1,1,-1,1,0,0,0,0,-1,1,0,0,-1,1,1,-1,0,2,0,-1,0,-1,0,0,0,0,1,-1,1,-1,1,-1,0,0,1,-1,0,0,-1,1,0,0,1,-1,1,-1,-1,1,0,2,1,-1,-1,1,-1,1,1,-1,1,-1,0,0,-1,1,-1,1,1,-1,1,-1,1,-1,-1,1,-1,1,1,-1,1,-1,-1,1,1,-1,-1,1,-1,1,-1,1,0,0,0,0,0,0,1,-1,0,0,0,0,-1,1,0,0,1,-1,1,-1,1,-1,0,0,-1,1,1,-1,1,-1,-1,1,1,-1,-1,1,-1,1,-1,1,0,0,0,0,1,-1,-1,1,1,-1,1,0,-1,1,1,-1,0,0,1,-1,1,-1,-1,1,-1,1,1,-1,0,0,0,0,0,0,0,0,-1,1,1,-1,1,-1,0,0,1,-1,1,-1,-1,1,0,0,-1,1,-1,1,1,-1,1,-1,-1,1,1,-1,-1,1,-1,1,0,0,0,0,0,0,-1,1,1,-1,1,-1,1,-1,-1,1,1,-1,1,-1,0,0,1,-1,1,-1,1,-1,0,0,0,0,1,-1,1,-1,1,-1,-1,1,1,-1,-1,1,0,0,1,-1,0,0,-1,1,0,0,-1,1,-1,1,-1,1,0,0,1,-1,1,-1,0,0,-1,1,1,-1,-1,1,0,2,-1,1,1,-1,1,-1,0,0,1,-1,1,-1,1,-1,0,0,1,-1,0,0,-1,1,1,-1
2018-07-06 08:30:00,Non Farm Payrolls,schedule,0.2142562834775443,0.09877108822806786,0.0761022419027862,30.0,YM,tp,173.0,485.30000000000655,462.80000000000655,0,0,1,-1,-1,1,0,2,1,-1,-1,1,-1,1,1,-1,0,0,1,-1,-1,1,0,0,0,2,1,-1,0,0,1,-1,-1,1,-1,1,0,0,1,-1,-1,1,0,0,1,-1,-1,1,0,0,0,-1,0,0,0,0,0,0,1,-1,-1,1,-1,1,0,0,-1,1,0,0,-1,1,0,0,-1,1,-1,1,-1,1,0,2,1,-1,-1,1,-1,1,-1,1,1,-1,0,0,-1,1,0,0,1,-1,0,0,0,0,-1,1,-1,1,1,-1,1,-1,-1,1,-1,1,0,0,-1,1,-1,1,0,0,0,0,0,0,1,-1,0,0,0,0,0,0,0,2,1,-1,1,-1,1,-1,1,-1,-1,1,-1,1,-1,1,-1,1,-1,1,-1,1,-1,1,1,-1,0,0,0,0,-1,1,0,0,-1,1,-1,0,-1,1,1,-1,0,0,-1,1,-1,1,-1,1,-1,1,-1,1,0,0,0,0,0,0,0,0,-1,1,0,0,-1,1,0,0,-1,1,-1,1,-1,1,0,0,-1,1,1,-1,-1,1,-1,1,-1,1,0,0,1,-1,1,-1,0,0,0,0,0,0,-1,1,1,-1,-1,1,-1,1,-1,1,1,-1,1,-1,0,0,-1,1,0,0,-1,1,0,0,0,2,-1,1,-1,1,-1,1,-1,1,1,-1,-1,1,0,0,1,-1,0,0,-1,1,0,0,-1,1,-1,1,-1,1,0,0,-1,1,1,-1,0,0,-1,1,-1,1,-1,1,0,0,-1,1,-1,1,-1,1,0,0,-1,1,1,-1,-1,1,0,0,1,-1,0,0,-1,1,-1,1
2018-07-12 08:30:00,Inflation Rate MoM,schedule,0.0,0.026272888411877582,0.026272888411877582,22.0,YM,timed,900.0,10.0,-12.5,0,0,1,-1,-1,1,0,2,0,0,-1,1,1,-1,-1,1,0,0,-1,1,-1,1,0,0,0,2,-1,1,0,0,1,-1,-1,1,-1,1,0,0,1,-1,1,-1,0,0,1,-1,-1,1,0,0,0,-1,0,1,0,0,0,0,-1,1,0,0,0,0,0,0,1,-1,1,-1,1,-1,-1,1,-1,1,-1,1,1,-1,0,0,-1,1,-1,1,1,-1,-1,1,-1,1,0,0,-1,1,-1,1,-1,1,0,0,0,0,1,-1,-1,1,-1,1,1,-1,-1,1,-1,1,0,0,-1,1,0,0,0,0,0,0,0,0,0,0,0,0,0,0,0,0,0,2,-1,1,-1,1,-1,1,-1,1,-1,1,-1,1,-1,1,1,-1,-1,1,1,-1,1,-1,1,-1,0,0,0,0,1,-1,-1,1,-1,1,-1,0,1,-1,1,-1,0,0,-1,1,1,-1,1,-1,-1,1,1,-1,0,0,0,0,0,0,0,0,-1,1,1,-1,1,-1,1,-1,1,-1,1,-1,1,-1,0,0,1,-1,0,0,1,-1,-1,1,1,-1,0,0,1,-1,-1,1,0,0,0,0,0,0,1,-1,-1,1,-1,1,0,0,1,-1,-1,1,1,-1,-1,1,1,-1,0,0,1,-1,0,0,0,2,-1,1,-1,1,-1,1,-1,1,-1,1,-1,1,0,0,1,-1,0,0,-1,1,-1,1,-1,1,-1,1,1,-1,0,0,1,-1,-1,1,0,2,-1,1,-1,1,1,-1,0,0,1,-1,1,-1,1,-1,-1,1,-1,1,1,-1,-1,1,-1,1,-1,1,0,0,0,0,-1,1
2018-07-16 08:30:00,Retail Sales MoM,tv,0.0,0.030533909602390132,0.023441059887910363,26.0,YM,timed,900.0,-30.0,-52.5,0,0,-1,1,1,-1,0,2,1,-1,1,-1,-1,1,1,-1,1,-1,1,-1,1,-1,0,0,0,0,1,-1,0,0,1,-1,1,-1,1,-1,0,0,0,0,0,0,0,0,1,-1,1,-1,0,0,0,-1,0,-1,0,0,0,0,1,-1,1,-1,-1,1,0,0,1,-1,-1,1,1,-1,1,-1,1,-1,1,-1,1,-1,0,0,1,-1,1,-1,1,-1,1,-1,1,-1,1,-1,1,-1,-1,1,1,-1,1,-1,1,-1,1,-1,1,-1,1,-1,1,-1,-1,1,1,-1,1,-1,1,-1,0,0,0,0,0,2,0,0,1,-1,0,0,0,2,0,0,0,0,1,-1,1,-1,1,-1,-1,1,1,-1,1,-1,1,-1,1,-1,1,-1,-1,1,1,-1,-1,1,0,0,0,0,1,-1,0,0,1,-1,1,0,1,-1,1,-1,0,0,1,-1,1,-1,1,-1,1,-1,1,-1,0,0,0,0,0,2,0,0,1,-1,-1,1,-1,1,-1,1,-1,1,-1,1,1,-1,0,0,1,-1,1,-1,-1,1,1,-1,1,-1,1,-1,-1,1,1,-1,0,2,0,0,0,0,1,-1,1,-1,1,-1,-1,1,1,-1,1,-1,-1,1,1,-1,1,-1,0,0,-1,1,0,0,0,0,1,-1,-1,1,-1,1,1,-1,1,-1,1,-1,0,0,1,-1,0,0,1,-1,1,-1,-1,1,1,-1,1,-1,0,0,1,-1,1,-1,0,2,1,-1,1,-1,1,-1,0,0,1,-1,1,-1,-1,1,1,-1,1,-1,1,-1,-1,1,1,-1,1,-1,0,0,1,-1,1,-1
2018-08-01 14:00:00,Fed Interest Rate Decision,schedule,0.02767454732347592,0.11092807442265383,0.11092807442265383,20.0,YM,stopped_pre,-105.0,-126.47499999999127,-148.97499999999127,0,0,1,-1,-1,1,-1,0,-1,1,1,-1,-1,1,-1,1,-1,1,-1,1,-1,1,0,0,0,2,-1,1,0,0,-1,1,-1,1,1,-1,0,0,0,0,-1,1,0,0,-1,1,-1,1,0,0,0,-1,0,0,0,0,0,0,1,-1,-1,1,-1,1,0,0,-1,1,-1,1,-1,1,0,0,-1,1,-1,1,-1,1,0,0,-1,1,-1,1,-1,1,-1,1,-1,1,0,0,0,0,1,-1,-1,1,-1,1,-1,1,-1,1,1,-1,-1,1,-1,1,1,-1,-1,1,0,0,-1,1,0,0,0,0,0,0,-1,1,-1,1,0,0,0,0,1,-1,0,0,-1,1,-1,1,-1,1,-1,1,1,-1,-1,1,-1,1,-1,1,-1,1,-1,1,1,-1,1,-1,0,0,0,0,-1,1,1,-1,-1,1,-1,0,1,-1,-1,1,0,0,-1,1,-1,1,-1,1,-1,1,-1,1,0,0,0,0,0,0,0,0,-1,1,-1,1,-1,1,-1,1,-1,1,-1,1,1,-1,0,0,-1,1,0,0,-1,1,-1,1,1,-1,-1,1,1,-1,-1,1,0,0,0,0,0,0,-1,1,-1,1,-1,1,-1,1,1,-1,-1,1,1,-1,-1,1,-1,1,-1,1,-1,1,0,0,0,2,1,-1,-1,1,-1,1,-1,1,-1,1,-1,1,0,0,-1,1,0,0,0,0,-1,1,1,-1,-1,1,1,-1,0,0,-1,1,1,-1,0,0,-1,1,-1,1,-1,1,0,0,-1,1,-1,1,-1,1,-1,1,-1,1,-1,1,-1,1,-1,1,-1,1,0,0,0,0,-1,1
2018-08-03 08:30:00,Non Farm Payrolls,schedule,0.03157936288635377,0.1100531125891191,0.0761022419027862,31.0,YM,stopped_post,89.0,-126.65000000000873,-149.15000000000873,0,0,1,-1,-1,1,-1,0,-1,1,1,-1,1,-1,-1,1,-1,1,-1,1,1,-1,0,0,0,2,-1,1,0,0,-1,1,1,-1,1,-1,0,0,0,0,0,0,0,0,-1,1,-1,1,0,0,0,-1,0,0,0,0,1,-1,1,-1,-1,1,-1,1,0,0,-1,1,1,-1,1,-1,0,0,-1,1,-1,1,1,-1,0,2,-1,1,1,-1,1,-1,-1,1,-1,1,0,0,1,-1,1,-1,-1,1,-1,1,-1,1,1,-1,1,-1,-1,1,-1,1,1,-1,-1,1,0,0,1,-1,0,0,0,0,0,0,-1,1,-1,1,0,0,0,0,1,-1,0,0,-1,1,-1,1,-1,1,1,-1,1,-1,-1,1,-1,1,-1,1,-1,1,1,-1,1,-1,-1,1,0,0,0,0,-1,1,1,-1,-1,1,-1,0,1,-1,-1,1,0,0,-1,1,-1,1,-1,1,-1,1,-1,1,-1,1,0,0,0,0,0,0,1,-1,0,0,1,-1,0,0,1,-1,1,-1,1,-1,0,0,-1,1,-1,1,1,-1,-1,1,1,-1,0,0,1,-1,-1,1,0,0,0,0,0,0,1,-1,-1,1,1,-1,-1,1,-1,1,-1,1,1,-1,-1,1,-1,1,0,0,-1,1,0,0,0,2,-1,1,1,-1,-1,1,1,-1,-1,1,1,-1,0,0,-1,1,0,0,0,0,-1,1,1,-1,1,-1,1,-1,0,0,-1,1,1,-1,0,0,1,-1,-1,1,-1,1,0,0,1,-1,-1,1,1,-1,-1,1,-1,1,-1,1,1,-1,0,0,-1,1,0,0,0,0,-1,1
2018-08-10 08:30:00,Inflation Rate MoM,schedule,0.007882394671501203,0.02439262367060201,0.02439262367060201,23.0,YM,timed,900.0,45.0,22.5,0,0,-1,1,1,-1,0,2,0,0,-1,1,-1,1,-1,1,0,0,-1,1,1,-1,0,0,0,2,-1,1,0,0,-1,1,-1,1,-1,1,0,0,0,0,-1,1,0,0,-1,1,1,-1,0,2,0,-1,0,-1,0,0,0,0,1,-1,1,-1,-1,1,0,0,1,-1,-1,1,1,-1,-1,1,1,-1,-1,1,-1,1,0,2,1,-1,-1,1,1,-1,1,-1,-1,1,0,0,-1,1,0,0,-1,1,-1,1,0,0,1,-1,-1,1,-1,1,-1,1,-1,1,-1,1,0,0,-1,1,-1,1,0,0,0,0,0,0,-1,1,0,0,0,0,0,0,0,0,-1,1,-1,1,1,-1,1,-1,-1,1,-1,1,-1,1,-1,1,-1,1,-1,1,1,-1,-1,1,0,0,0,0,-1,1,0,0,1,-1,1,0,1,-1,-1,1,0,0,-1,1,1,-1,-1,1,1,-1,1,-1,0,0,0,0,0,0,0,0,-1,1,-1,1,-1,1,-1,1,-1,1,-1,1,1,-1,0,0,-1,1,1,-1,-1,1,1,-1,1,-1,-1,1,-1,1,-1,1,0,0,0,0,0,0,1,-1,-1,1,-1,1,1,-1,-1,1,-1,1,-1,1,-1,1,1,-1,-1,1,1,-1,0,0,0,0,1,-1,-1,1,1,-1,-1,1,-1,1,-1,1,0,0,1,-1,0,0,0,0,-1,1,1,-1,1,-1,1,-1,0,0,-1,1,1,-1,0,2,-1,1,-1,1,-1,1,0,2,-1,1,1,-1,-1,1,0,0,1,-1,-1,1,-1,1,-1,1,1,-1,0,0,0,0,1,-1
2018-08-15 08:30:00,Retail Sales MoM,tv,0.011925584353633329,0.024315124007132434,0.023441059887910363,27.0,YM,timed,900.0,-95.0,-117.5,0,0,1,-1,1,-1,1,0,1,-1,1,-1,-1,1,1,-1,0,0,1,-1,1,-1,0,0,0,0,1,-1,0,0,1,-1,1,-1,1,-1,0,0,1,-1,0,0,0,0,1,-1,1,-1,0,0,0,-1,0,0,0,0,0,0,1,-1,-1,1,1,-1,0,0,1,-1,-1,1,1,-1,1,-1,1,-1,1,-1,1,-1,0,0,1,-1,1,-1,1,-1,1,-1,1,-1,1,-1,0,0,0,0,1,-1,1,-1,1,-1,1,-1,1,-1,1,-1,1,-1,1,-1,1,-1,0,0,1,-1,0,0,0,0,0,0,1,-1,1,-1,0,0,0,0,0,0,0,0,1,-1,1,-1,1,-1,0,0,1,-1,1,-1,1,-1,1,-1,1,-1,-1,1,-1,1,-1,1,0,0,0,2,1,-1,0,0,1,-1,1,0,1,-1,1,-1,0,0,1,-1,-1,1,1,-1,-1,1,1,-1,1,-1,0,0,0,0,0,0,1,-1,-1,1,-1,1,-1,1,-1,1,-1,1,1,-1,0,0,1,-1,0,0,-1,1,1,-1,1,-1,0,0,-1,1,1,-1,0,0,0,0,0,0,1,-1,1,-1,1,-1,-1,1,-1,1,1,-1,-1,1,1,-1,1,-1,0,0,-1,1,0,0,0,2,1,-1,1,-1,1,-1,1,-1,1,-1,1,-1,0,0,-1,1,0,0,0,0,1,-1,-1,1,1,-1,1,-1,0,2,1,-1,1,-1,0,2,-1,1,1,-1,-1,1,0,0,1,-1,1,-1,-1,1,1,-1,1,-1,1,-1,1,-1,1,-1,-1,1,0,0,1,-1,1,-1
2018-09-07 08:30:00,Non Farm Payrolls,schedule,0.12703545444046657,0.09877108822806786,0.07059591927587344,32.0,YM,stopped_post,35.0,-129.84000000000378,-152.34000000000378,0,0,-1,1,-1,1,0,2,-1,1,-1,1,-1,1,-1,1,0,0,1,-1,-1,1,0,0,0,2,-1,1,0,0,-1,1,-1,1,-1,1,0,0,0,0,0,0,0,0,-1,1,-1,1,0,0,0,1,0,1,0,0,-1,1,-1,1,0,0,-1,1,0,0,1,-1,-1,1,-1,1,-1,1,-1,1,1,-1,-1,1,0,0,-1,1,-1,1,1,-1,-1,1,-1,1,-1,1,-1,1,0,0,-1,1,-1,1,0,0,-1,1,-1,1,-1,1,-1,1,-1,1,-1,1,-1,1,-1,1,-1,1,0,0,0,0,0,0,-1,1,0,0,0,0,0,0,0,2,-1,1,-1,1,0,0,-1,1,-1,1,-1,1,-1,1,1,-1,-1,1,-1,1,1,-1,1,-1,0,0,0,2,-1,1,0,0,-1,1,-1,0,-1,1,-1,1,0,0,-1,1,1,-1,-1,1,-1,1,-1,1,1,-1,0,0,0,0,0,0,-1,1,0,0,-1,1,0,0,-1,1,-1,1,-1,1,0,0,-1,1,-1,1,-1,1,1,-1,-1,1,-1,1,-1,1,-1,1,0,0,0,0,0,0,-1,1,-1,1,-1,1,0,0,-1,1,-1,1,-1,1,-1,1,1,-1,-1,1,1,-1,0,0,0,0,1,-1,1,-1,-1,1,-1,1,-1,1,-1,1,0,0,-1,1,0,0,0,0,-1,1,1,-1,1,-1,-1,1,0,0,-1,1,-1,1,0,0,-1,1,-1,1,-1,1,0,0,1,-1,0,0,-1,1,-1,1,-1,1,-1,1,1,-1,-1,1,1,-1,0,0,0,0,-1,1
2018-09-13 08:30:00,Inflation Rate MoM,schedule,0.09581113708657495,0.02353096754513382,0.02353096754513382,24.0,YM,timed,900.0,155.0,132.5,0,0,-1,1,-1,1,0,2,1,-1,1,-1,1,-1,1,-1,1,-1,1,-1,1,-1,0,0,0,2,1,-1,0,0,-1,1,1,-1,-1,1,0,0,0,0,0,0,0,0,-1,1,-1,1,0,2,0,-1,0,0,0,0,-1,1,-1,1,1,-1,1,-1,0,0,1,-1,1,-1,-1,1,-1,1,-1,1,1,-1,-1,1,0,2,1,-1,-1,1,-1,1,1,-1,1,-1,0,0,-1,1,1,-1,1,-1,1,-1,1,-1,1,-1,-1,1,1,-1,1,-1,-1,1,-1,1,0,0,1,-1,-1,1,0,2,0,0,0,0,1,-1,0,0,0,2,0,0,0,2,-1,1,1,-1,1,-1,1,-1,-1,1,1,-1,1,-1,-1,1,1,-1,-1,1,1,-1,-1,1,0,0,0,0,1,-1,0,0,1,-1,1,0,-1,1,1,-1,0,0,1,-1,1,-1,-1,1,1,-1,-1,1,1,-1,0,0,0,0,0,0,-1,1,1,-1,1,-1,0,0,1,-1,1,-1,-1,1,0,0,1,-1,-1,1,1,-1,-1,1,-1,1,1,-1,1,-1,-1,1,0,0,0,0,0,0,-1,1,1,-1,1,-1,1,-1,-1,1,1,-1,1,-1,0,0,1,-1,1,-1,-1,1,0,0,0,2,1,-1,-1,1,-1,1,-1,1,1,-1,-1,1,0,0,1,-1,0,0,-1,1,0,0,-1,1,1,-1,-1,1,0,0,-1,1,-1,1,0,2,-1,1,1,-1,-1,1,0,0,-1,1,1,-1,1,-1,1,-1,-1,1,1,-1,-1,1,0,0,1,-1,0,0,0,0,1,-1
2018-09-14 08:30:00,Retail Sales MoM,tv,0.011442520405828056,0.023441059887910363,0.02277440030911882,28.0,YM,timed,877.0,-40.0,-62.5,0,2,-1,1,-1,1,0,2,-1,1,-1,1,-1,1,-1,1,-1,1,-1,1,1,-1,0,0,0,0,-1,1,0,0,-1,1,-1,1,-1,1,0,0,0,0,0,0,-1,1,-1,1,-1,1,0,0,0,1,0,1,0,0,0,0,-1,1,-1,1,1,-1,0,0,-1,1,1,-1,-1,1,-1,1,-1,1,-1,1,-1,1,0,2,-1,1,-1,1,-1,1,-1,1,-1,1,-1,1,-1,1,0,0,-1,1,-1,1,-1,1,-1,1,-1,1,-1,1,-1,1,-1,1,-1,1,-1,1,-1,1,-1,1,0,0,0,0,0,0,-1,1,0,0,0,0,-1,1,0,0,-1,1,-1,1,-1,1,1,-1,-1,1,-1,1,-1,1,1,-1,-1,1,-1,1,-1,1,1,-1,0,2,0,0,-1,1,-1,1,-1,1,-1,0,-1,1,-1,1,0,0,-1,1,-1,1,-1,1,-1,1,-1,1,1,-1,0,0,0,0,0,0,-1,1,0,0,1,-1,0,0,1,-1,1,-1,-1,1,0,0,-1,1,-1,1,-1,1,-1,1,-1,1,-1,1,1,-1,-1,1,0,0,0,0,0,0,-1,1,-1,1,-1,1,-1,1,-1,1,-1,1,1,-1,-1,1,-1,1,0,0,1,-1,0,2,0,0,1,-1,1,-1,-1,1,-1,1,-1,1,-1,1,0,0,1,-1,0,0,-1,1,-1,1,1,-1,-1,1,-1,1,0,0,-1,1,-1,1,0,0,-1,1,-1,1,1,-1,0,0,1,-1,-1,1,-1,1,-1,1,-1,1,1,-1,1,-1,-1,1,-1,1,0,0,-1,1,-1,1
2018-09-26 14:00:00,Fed Interest Rate Decision,schedule,0.08658986522099239,0.1061037583068074,0.1061037583068074,21.0,YM,timed,900.0,140.0,117.5,0,0,1,-1,1,-1,-1,0,-1,1,-1,1,1,-1,-1,1,-1,1,-1,1,0,0,0,0,0,0,-1,1,0,0,-1,1,-1,1,-1,1,0,0,1,-1,0,0,-1,1,-1,1,1,-1,0,0,0,1,0,1,0,0,0,0,1,-1,-1,1,-1,1,0,0,-1,1,-1,1,-1,1,0,0,-1,1,1,-1,-1,1,0,2,-1,1,-1,1,-1,1,-1,1,-1,1,-1,1,0,0,-1,1,-1,1,-1,1,-1,1,-1,1,-1,1,-1,1,-1,1,-1,1,-1,1,0,0,-1,1,0,0,0,0,0,0,0,0,-1,1,0,0,0,0,0,0,0,0,-1,1,-1,1,-1,1,1,-1,-1,1,-1,1,-1,1,-1,1,-1,1,1,-1,-1,1,1,-1,0,0,0,0,-1,1,0,0,-1,1,-1,0,-1,1,-1,1,0,0,-1,1,-1,1,-1,1,-1,1,-1,1,1,-1,0,0,0,0,0,0,-1,1,0,0,-1,1,0,0,-1,1,-1,1,-1,1,0,0,-1,1,-1,1,1,-1,-1,1,-1,1,-1,1,1,-1,-1,1,0,0,0,0,0,0,-1,1,-1,1,-1,1,1,-1,1,-1,-1,1,1,-1,-1,1,-1,1,0,0,1,-1,0,0,0,0,-1,1,-1,1,-1,1,-1,1,-1,1,-1,1,0,0,1,-1,0,0,0,0,-1,1,1,-1,-1,1,-1,1,0,0,-1,1,1,-1,0,0,1,-1,-1,1,-1,1,0,0,1,-1,-1,1,1,-1,-1,1,-1,1,1,-1,-1,1,-1,1,-1,1,0,0,0,0,-1,1
2018-10-05 08:30:00,Non Farm Payrolls,schedule,0.13509963598153638,0.1100531125891191,0.07059591927587344,33.0,YM,stopped_post,516.0,-133.1500000000051,-155.6500000000051,0,0,1,-1,-1,1,-1,0,-1,1,-1,1,-1,1,-1,1,-1,1,-1,1,-1,1,0,0,0,0,-1,1,0,0,1,-1,-1,1,-1,1,0,0,0,0,0,0,0,0,1,-1,1,-1,0,0,0,-1,0,1,0,0,0,0,-1,1,-1,1,1,-1,0,0,-1,1,-1,1,1,-1,-1,1,-1,1,1,-1,1,-1,0,0,-1,1,-1,1,-1,1,-1,1,-1,1,0,0,-1,1,-1,1,-1,1,-1,1,-1,1,-1,1,1,-1,-1,1,-1,1,1,-1,-1,1,0,0,-1,1,-1,1,0,0,0,0,0,0,-1,1,0,0,0,0,0,0,0,0,-1,1,-1,1,-1,1,1,-1,-1,1,-1,1,-1,1,-1,1,-1,1,1,-1,-1,1,1,-1,0,0,0,0,-1,1,0,0,-1,1,-1,0,1,-1,-1,1,0,0,-1,1,-1,1,-1,1,-1,1,-1,1,0,0,0,0,0,0,0,0,-1,1,0,0,1,-1,0,0,-1,1,-1,1,1,-1,0,0,1,-1,-1,1,-1,1,-1,1,1,-1,-1,1,1,-1,-1,1,0,0,0,0,0,0,1,-1,-1,1,1,-1,1,-1,1,-1,-1,1,-1,1,-1,1,-1,1,0,0,-1,1,0,0,0,0,1,-1,1,-1,-1,1,-1,1,-1,1,-1,1,0,0,1,-1,0,0,0,0,-1,1,1,-1,-1,1,1,-1,0,0,-1,1,-1,1,0,0,1,-1,-1,1,-1,1,0,0,1,-1,-1,1,-1,1,-1,1,-1,1,-1,1,1,-1,-1,1,-1,1,0,0,0,0,-1,1
2018-10-11 08:30:00,Inflation Rate MoM,schedule,0.3856901098036129,0.02439262367060201,0.026272888411877582,25.0,YM,tp,42.0,507.80000000000655,485.30000000000655,0,0,-1,1,1,-1,1,0,1,-1,-1,1,1,-1,1,-1,1,-1,1,-1,1,-1,0,0,0,0,1,-1,0,0,-1,1,1,-1,-1,1,0,0,0,0,-1,1,0,0,1,-1,1,-1,0,0,0,-1,0,0,0,0,0,0,1,-1,1,-1,1,-1,0,0,1,-1,-1,1,-1,1,0,0,1,-1,1,-1,-1,1,0,0,1,-1,1,-1,-1,1,1,-1,1,-1,0,0,0,0,-1,1,1,-1,1,-1,1,-1,1,-1,-1,1,1,-1,1,-1,-1,1,1,-1,0,0,1,-1,0,0,0,0,0,0,0,0,1,-1,0,0,0,0,0,0,0,0,1,-1,1,-1,1,-1,0,0,-1,1,1,-1,1,-1,1,-1,1,-1,-1,1,-1,1,-1,1,0,0,0,0,1,-1,-1,1,1,-1,1,0,-1,1,1,-1,0,0,1,-1,1,-1,1,-1,1,-1,-1,1,1,-1,0,0,0,0,0,0,1,-1,0,0,-1,1,0,0,-1,1,-1,1,-1,1,0,0,1,-1,-1,1,1,-1,1,-1,-1,1,1,-1,-1,1,1,-1,0,0,0,0,0,0,-1,1,1,-1,1,-1,1,-1,-1,1,1,-1,-1,1,1,-1,1,-1,1,-1,1,-1,0,0,0,0,-1,1,1,-1,1,-1,-1,1,1,-1,-1,1,0,0,-1,1,0,0,-1,1,1,-1,-1,1,-1,1,-1,1,0,0,-1,1,1,-1,0,0,1,-1,1,-1,1,-1,0,0,1,-1,1,-1,1,-1,1,-1,1,-1,1,-1,1,-1,1,-1,1,-1,0,0,0,0,1,-1
2018-10-15 08:30:00,Retail Sales MoM,tv,0.06319364903827165,0.022566995768688293,0.017816953507395837,29.0,YM,stopped_post,159.0,-126.58999999999651,-149.0899999999965,0,2,1,-1,1,-1,0,2,1,-1,1,-1,1,-1,1,-1,1,-1,1,-1,1,-1,0,0,0,2,1,-1,0,0,1,-1,1,-1,1,-1,0,1,1,-1,1,-1,1,-1,1,-1,1,-1,0,0,0,-1,0,-1,0,0,1,-1,1,-1,1,-1,1,-1,0,0,1,-1,1,-1,1,-1,0,0,1,-1,-1,1,1,-1,0,0,1,-1,1,-1,1,-1,1,-1,1,-1,0,0,1,-1,1,-1,1,-1,1,-1,1,-1,1,-1,1,-1,1,-1,1,-1,1,-1,1,-1,1,-1,1,-1,1,-1,0,0,0,0,0,0,1,-1,0,0,0,0,1,-1,0,0,1,-1,1,-1,1,-1,1,-1,1,-1,1,-1,1,-1,-1,1,1,-1,1,-1,1,-1,1,-1,0,0,0,0,1,-1,1,-1,1,-1,1,0,1,-1,1,-1,0,0,1,-1,1,-1,1,-1,-1,1,1,-1,-1,1,0,0,0,0,0,0,1,-1,1,-1,1,-1,0,0,1,-1,1,-1,1,-1,0,0,1,-1,1,-1,1,-1,1,-1,1,-1,1,-1,1,-1,1,-1,0,0,0,0,0,0,1,-1,1,-1,-1,1,-1,1,1,-1,1,-1,-1,1,0,0,1,-1,1,-1,-1,1,0,2,0,0,-1,1,-1,1,1,-1,1,-1,1,-1,1,-1,0,0,-1,1,0,0,1,-1,0,0,-1,1,1,-1,1,-1,0,0,1,-1,1,-1,0,0,1,-1,1,-1,1,-1,0,0,1,-1,1,-1,1,-1,1,-1,1,-1,1,-1,-1,1,1,-1,1,-1,0,0,1,-1,-1,1
2018-11-02 08:30:00,Non Farm Payrolls,schedule,0.003912210007433199,0.11205210373981501,0.07059591927587344,34.0,YM,stopped_post,247.0,-127.78000000000247,-150.28000000000247,0,0,1,-1,-1,1,-1,0,-1,1,1,-1,1,-1,-1,1,0,0,-1,1,1,-1,0,0,0,0,-1,1,0,0,1,-1,-1,1,1,-1,0,0,0,0,1,-1,0,0,-1,1,-1,1,0,0,0,-1,0,1,0,0,0,0,-1,1,1,-1,1,-1,0,0,-1,1,1,-1,-1,1,0,0,-1,1,1,-1,1,-1,0,0,-1,1,-1,1,-1,1,-1,1,-1,1,0,0,0,0,-1,1,-1,1,-1,1,-1,1,-1,1,1,-1,-1,1,-1,1,1,-1,-1,1,0,0,1,-1,0,0,0,0,0,0,0,0,-1,1,0,0,0,0,0,0,0,0,-1,1,-1,1,-1,1,1,-1,1,-1,-1,1,1,-1,-1,1,-1,1,1,-1,-1,1,1,-1,0,2,0,0,-1,1,0,0,-1,1,-1,0,-1,1,-1,1,0,2,-1,1,1,-1,-1,1,1,-1,-1,1,0,0,0,2,0,0,0,0,-1,1,1,-1,1,-1,1,-1,1,-1,1,-1,-1,1,0,0,-1,1,-1,1,-1,1,-1,1,1,-1,0,0,1,-1,-1,1,0,0,0,0,0,0,-1,1,-1,1,1,-1,1,-1,1,-1,-1,1,1,-1,-1,1,-1,1,0,0,1,-1,0,0,0,0,-1,1,1,-1,-1,1,1,-1,-1,1,-1,1,0,0,1,-1,0,0,0,0,-1,1,1,-1,-1,1,-1,1,0,0,-1,1,-1,1,0,0,-1,1,-1,1,-1,1,0,0,1,-1,-1,1,1,-1,-1,1,-1,1,-1,1,1,-1,-1,1,-1,1,0,0,0,0,-1,1
2018-11-08 14:00:00,Fed Interest Rate Decision,schedule,0.05725627910527521,0.10390247086938004,0.10390247086938004,22.0,YM,stopped_post,250.0,-130.88999999999942,-153.38999999999942,0,0,1,-1,-1,1,0,2,-1,1,1,-1,1,-1,-1,1,0,0,1,-1,1,-1,0,0,0,2,-1,1,0,0,1,-1,1,-1,1,-1,0,0,1,-1,1,-1,0,0,1,-1,-1,1,0,0,0,-1,0,0,0,2,1,-1,1,-1,1,-1,1,-1,0,0,1,-1,1,-1,1,-1,1,-1,1,-1,-1,1,1,-1,0,0,-1,1,1,-1,1,-1,1,-1,1,-1,0,0,1,-1,-1,1,-1,1,0,0,-1,1,-1,1,1,-1,-1,1,-1,1,1,-1,1,-1,0,0,1,-1,0,0,0,0,0,0,0,0,-1,1,0,0,0,0,1,-1,0,2,1,-1,-1,1,1,-1,0,0,1,-1,1,-1,1,-1,1,-1,1,-1,1,-1,1,-1,-1,1,0,2,0,2,1,-1,1,-1,1,-1,1,0,1,-1,-1,1,0,0,1,-1,1,-1,1,-1,-1,1,1,-1,1,-1,0,0,0,0,0,0,1,-1,0,0,1,-1,0,0,1,-1,1,-1,1,-1,0,0,1,-1,1,-1,-1,1,1,-1,1,-1,-1,1,-1,1,1,-1,0,0,0,0,0,0,1,-1,1,-1,1,-1,1,-1,1,-1,1,-1,-1,1,0,0,1,-1,-1,1,1,-1,0,0,0,2,-1,1,-1,1,-1,1,1,-1,-1,1,1,-1,0,0,-1,1,0,0,1,-1,0,0,1,-1,1,-1,1,-1,0,2,1,-1,1,-1,0,2,1,-1,-1,1,-1,1,0,0,1,-1,-1,1,1,-1,0,0,1,-1,1,-1,-1,1,0,0,1,-1,0,0,1,-1,1,-1
2018-11-14 08:30:00,Inflation Rate MoM,schedule,0.11824058016711335,0.026272888411877582,0.026272888411877582,26.0,YM,tp,428.0,507.09999999999127,484.59999999999127,0,0,-1,1,-1,1,0,2,1,-1,1,-1,1,-1,1,-1,0,0,1,-1,1,-1,0,0,0,2,1,-1,0,0,-1,1,-1,1,-1,1,0,0,-1,1,0,0,0,0,-1,1,-1,1,0,2,0,-1,0,1,0,0,0,0,-1,1,1,-1,-1,1,0,0,1,-1,0,0,-1,1,-1,1,-1,1,-1,1,-1,1,0,0,-1,1,-1,1,-1,1,-1,1,1,-1,-1,1,0,0,0,0,1,-1,0,0,0,0,-1,1,-1,1,-1,1,1,-1,-1,1,-1,1,0,0,-1,1,-1,1,0,0,0,0,0,0,0,0,0,0,0,0,-1,1,0,0,1,-1,1,-1,0,0,-1,1,-1,1,-1,1,-1,1,-1,1,-1,1,-1,1,-1,1,1,-1,0,0,0,2,-1,1,0,0,-1,1,-1,0,-1,1,-1,1,0,0,-1,1,1,-1,-1,1,-1,1,-1,1,0,0,0,0,0,0,0,0,-1,1,0,0,1,-1,0,0,1,-1,1,-1,-1,1,0,0,-1,1,-1,1,1,-1,1,-1,-1,1,1,-1,-1,1,-1,1,0,0,0,0,0,0,-1,1,-1,1,1,-1,1,-1,-1,1,-1,1,1,-1,0,0,1,-1,1,-1,1,-1,0,0,0,0,-1,1,-1,1,-1,1,-1,1,-1,1,-1,1,0,0,1,-1,0,0,-1,1,0,0,-1,1,-1,1,-1,1,0,0,-1,1,-1,1,0,0,-1,1,1,-1,-1,1,0,0,1,-1,-1,1,1,-1,0,0,-1,1,-1,1,-1,1,0,0,1,-1,0,0,-1,1,-1,1
2018-11-15 08:30:00,Retail Sales MoM,tv,0.007979253939756632,0.023441059887910363,0.017816953507395837,30.0,YM,timed,900.0,25.0,2.5,0,0,1,-1,1,-1,-1,0,-1,1,1,-1,-1,1,-1,1,0,0,-1,1,1,-1,0,0,0,2,-1,1,0,0,1,-1,1,-1,1,-1,0,0,0,0,0,0,0,0,1,-1,1,-1,0,2,0,-1,0,1,0,0,0,0,-1,1,1,-1,-1,1,0,0,-1,1,-1,1,1,-1,0,0,1,-1,1,-1,1,-1,0,0,-1,1,1,-1,1,-1,-1,1,-1,1,0,0,1,-1,0,0,-1,1,-1,1,-1,1,1,-1,1,-1,-1,1,-1,1,1,-1,1,-1,0,0,1,-1,1,-1,0,0,0,0,0,0,-1,1,0,0,0,0,1,-1,0,0,-1,1,-1,1,-1,1,0,0,1,-1,-1,1,-1,1,1,-1,-1,1,1,-1,1,-1,1,-1,0,0,0,0,-1,1,1,-1,-1,1,1,0,1,-1,-1,1,0,0,-1,1,1,-1,-1,1,-1,1,1,-1,0,0,0,0,0,0,0,0,1,-1,0,0,-1,1,0,0,-1,1,-1,1,1,-1,0,0,1,-1,0,0,-1,1,1,-1,1,-1,-1,1,1,-1,1,-1,0,0,0,0,0,0,1,-1,-1,1,1,-1,1,-1,1,-1,1,-1,-1,1,0,0,1,-1,-1,1,-1,1,0,0,0,0,-1,1,1,-1,-1,1,1,-1,-1,1,1,-1,0,0,-1,1,0,0,1,-1,0,0,1,-1,1,-1,1,-1,0,0,1,-1,-1,1,0,2,1,-1,-1,1,-1,1,0,2,-1,1,1,-1,-1,1,-1,1,1,-1,-1,1,1,-1,0,0,-1,1,0,0,1,-1,1,-1
2018-12-07 08:30:00,Non Farm Payrolls,schedule,0.07241712262632764,0.1100531125891191,0.07059591927587344,35.0,YM,tp,656.0,496.85999999999694,474.35999999999694,0,2,1,-1,1,-1,1,0,1,-1,1,-1,1,-1,1,-1,1,-1,1,-1,1,-1,0,0,0,0,1,-1,0,0,1,-1,1,-1,1,-1,0,0,1,-1,1,-1,1,-1,1,-1,1,-1,0,2,0,-1,0,-1,0,0,1,-1,1,-1,-1,1,1,-1,0,0,1,-1,1,-1,1,-1,1,-1,1,-1,-1,1,1,-1,0,2,1,-1,1,-1,1,-1,1,-1,1,-1,1,-1,1,-1,1,-1,1,-1,1,-1,1,-1,1,-1,1,-1,1,-1,1,-1,1,-1,1,-1,1,-1,1,-1,0,0,0,0,0,0,0,0,1,-1,0,0,0,0,1,-1,0,2,1,-1,1,-1,1,-1,1,-1,1,-1,1,-1,1,-1,-1,1,1,-1,-1,1,1,-1,-1,1,0,2,0,0,1,-1,1,-1,1,-1,1,0,1,-1,1,-1,0,0,1,-1,1,-1,1,-1,1,-1,1,-1,-1,1,0,0,0,0,0,0,1,-1,0,0,1,-1,0,0,1,-1,1,-1,1,-1,0,0,1,-1,-1,1,1,-1,1,-1,1,-1,1,-1,-1,1,1,-1,0,0,0,0,0,0,1,-1,-1,1,-1,1,-1,1,1,-1,1,-1,-1,1,1,-1,1,-1,0,0,-1,1,0,2,0,0,-1,1,-1,1,1,-1,1,-1,1,-1,1,-1,0,0,-1,1,0,0,1,-1,1,-1,-1,1,1,-1,1,-1,0,0,1,-1,1,-1,0,2,1,-1,1,-1,-1,1,0,0,-1,1,1,-1,1,-1,1,-1,1,-1,-1,1,-1,1,1,-1,1,-1,0,0,1,-1,1,-1
2018-12-12 08:30:00,Inflation Rate MoM,schedule,0.04056795131845842,0.028153153153153154,0.029866881329458306,27.0,YM,stopped_post,298.0,-123.24500000000626,-145.74500000000626,0,0,-1,1,1,-1,0,2,1,-1,-1,1,1,-1,1,-1,1,-1,1,-1,-1,1,0,0,0,0,1,-1,0,0,-1,1,-1,1,-1,1,0,0,0,0,-1,1,0,0,-1,1,1,-1,0,0,0,-1,0,0,0,0,-1,1,1,-1,1,-1,1,-1,0,0,1,-1,1,-1,-1,1,-1,1,1,-1,1,-1,-1,1,0,0,1,-1,-1,1,1,-1,-1,1,1,-1,0,0,-1,1,-1,1,1,-1,0,0,-1,1,1,-1,-1,1,-1,1,1,-1,-1,1,-1,1,0,0,-1,1,-1,1,0,0,0,0,0,0,1,-1,0,0,0,0,0,0,0,0,-1,1,0,0,1,-1,1,-1,-1,1,-1,1,-1,1,-1,1,-1,1,-1,1,1,-1,-1,1,0,0,0,0,1,-1,0,0,-1,1,-1,0,-1,1,1,-1,0,0,-1,1,-1,1,-1,1,1,-1,1,-1,0,0,0,0,0,0,0,0,-1,1,0,0,1,-1,0,0,1,-1,1,-1,-1,1,0,0,-1,1,0,0,1,-1,1,-1,1,-1,1,-1,1,-1,-1,1,0,0,0,0,0,0,-1,1,-1,1,-1,1,1,-1,1,-1,-1,1,1,-1,-1,1,1,-1,0,0,1,-1,0,0,0,2,1,-1,-1,1,1,-1,-1,1,-1,1,-1,1,0,0,-1,1,0,0,-1,1,0,0,-1,1,1,-1,1,-1,0,0,1,-1,1,-1,0,2,1,-1,-1,1,-1,1,0,0,-1,1,1,-1,1,-1,-1,1,1,-1,1,-1,-1,1,0,0,1,-1,0,0,0,0,-1,1
2018-12-14 08:30:00,Retail Sales MoM,tv,0.024619424726108903,0.022566995768688293,0.014172967563315896,31.0,YM,stopped_pre,-8.0,-121.97500000000218,-144.47500000000218,0,0,-1,1,1,-1,0,2,1,-1,1,-1,1,-1,1,-1,0,0,1,-1,1,-1,0,0,0,2,1,-1,0,0,-1,1,1,-1,1,-1,0,0,0,0,1,-1,0,0,-1,1,-1,1,0,2,0,-1,0,-1,0,0,1,-1,1,-1,1,-1,1,-1,0,0,1,-1,-1,1,1,-1,1,-1,1,-1,1,-1,1,-1,0,2,1,-1,1,-1,1,-1,1,-1,1,-1,0,0,1,-1,-1,1,1,-1,1,-1,0,0,1,-1,1,-1,1,-1,1,-1,-1,1,1,-1,0,0,1,-1,-1,1,0,0,0,0,0,0,1,-1,0,0,0,0,0,0,0,0,1,-1,1,-1,1,-1,1,-1,1,-1,1,-1,1,-1,1,-1,1,-1,-1,1,1,-1,1,-1,0,0,0,0,1,-1,0,0,1,-1,1,0,1,-1,1,-1,0,0,1,-1,1,-1,1,-1,-1,1,1,-1,0,0,0,0,0,0,0,0,1,-1,0,0,-1,1,0,0,-1,1,-1,1,1,-1,0,0,1,-1,0,0,1,-1,1,-1,1,-1,1,-1,1,-1,-1,1,0,0,0,0,0,0,1,-1,1,-1,1,-1,1,-1,-1,1,1,-1,-1,1,1,-1,1,-1,1,-1,-1,1,0,0,0,0,1,-1,-1,1,1,-1,1,-1,1,-1,1,-1,0,0,-1,1,0,0,1,-1,1,-1,1,-1,1,-1,1,-1,0,0,1,-1,1,-1,0,2,1,-1,1,-1,-1,1,0,0,1,-1,1,-1,1,-1,0,0,1,-1,1,-1,-1,1,1,-1,1,-1,0,0,1,-1,1,-1
2018-12-19 14:00:00,Fed Interest Rate Decision,schedule,1.0474686175076897,0.10170118343195267,0.10170118343195267,23.0,YM,tp,-2.0,478.84000000000015,456.34000000000015,0,0,-1,1,1,-1,1,0,1,-1,-1,1,1,-1,1,-1,0,0,1,-1,-1,1,0,0,0,2,1,-1,0,0,-1,1,1,-1,-1,1,0,0,1,-1,0,0,0,0,-1,1,1,-1,0,2,0,-1,0,-1,0,0,0,0,1,-1,1,-1,-1,1,0,0,1,-1,1,-1,1,-1,0,0,1,-1,-1,1,-1,1,0,0,1,-1,-1,1,1,-1,1,-1,1,-1,0,0,0,0,-1,1,1,-1,1,-1,1,-1,1,-1,-1,1,1,-1,1,-1,-1,1,1,-1,0,0,-1,1,0,0,0,0,0,0,0,0,1,-1,0,0,0,0,0,0,0,0,1,-1,1,-1,1,-1,0,0,-1,1,1,-1,-1,1,1,-1,1,-1,-1,1,1,-1,1,-1,0,0,0,0,1,-1,0,0,1,-1,1,0,1,-1,1,-1,0,0,1,-1,1,-1,-1,1,-1,1,1,-1,1,-1,0,0,0,0,0,0,-1,1,1,-1,1,-1,1,-1,1,-1,1,-1,1,-1,0,0,-1,1,-1,1,1,-1,1,-1,1,-1,1,-1,-1,1,0,0,0,0,0,0,0,0,1,-1,1,-1,-1,1,1,-1,1,-1,1,-1,-1,1,1,-1,1,-1,0,0,-1,1,0,0,0,0,1,-1,1,-1,1,-1,-1,1,1,-1,-1,1,0,0,0,0,0,0,0,0,1,-1,1,-1,1,-1,1,-1,0,0,1,-1,1,-1,0,2,1,-1,1,-1,-1,1,0,0,-1,1,1,-1,1,-1,1,-1,1,-1,1,-1,1,-1,1,-1,1,-1,0,0,0,0,1,-1
2019-01-04 08:30:00,Non Farm Payrolls,schedule,0.3573607600453238,0.09877108822806786,0.07158258263190734,36.0,YM,stopped_post,37.0,-114.6099999999933,-137.1099999999933,0,0,-1,1,1,-1,0,2,0,0,1,-1,1,-1,-1,1,0,0,-1,1,1,-1,0,0,0,2,-1,1,0,0,1,-1,-1,1,-1,1,0,0,0,0,-1,1,0,0,1,-1,1,-1,0,0,0,-1,0,0,0,0,0,0,1,-1,-1,1,1,-1,0,0,-1,1,1,-1,-1,1,0,0,-1,1,-1,1,1,-1,0,2,-1,1,1,-1,1,-1,1,-1,-1,1,0,0,0,0,1,-1,-1,1,-1,1,-1,1,1,-1,1,-1,-1,1,-1,1,-1,1,-1,1,0,0,-1,1,-1,1,0,0,0,0,0,0,-1,1,0,0,0,0,0,0,0,2,-1,1,-1,1,-1,1,-1,1,-1,1,-1,1,-1,1,1,-1,-1,1,1,-1,1,-1,1,-1,0,0,0,2,1,-1,1,-1,-1,1,-1,0,1,-1,-1,1,0,0,-1,1,1,-1,1,-1,-1,1,-1,1,0,0,0,0,0,0,0,0,1,-1,0,0,1,-1,0,0,1,-1,1,-1,1,-1,0,0,1,-1,-1,1,1,-1,-1,1,1,-1,-1,1,-1,1,1,-1,0,0,0,0,0,0,1,-1,-1,1,-1,1,-1,1,-1,1,-1,1,-1,1,0,0,1,-1,-1,1,1,-1,0,0,0,0,1,-1,1,-1,-1,1,-1,1,-1,1,1,-1,0,0,-1,1,0,0,1,-1,0,0,1,-1,1,-1,1,-1,0,0,-1,1,1,-1,0,2,1,-1,-1,1,-1,1,0,0,-1,1,1,-1,1,-1,-1,1,-1,1,-1,1,1,-1,0,0,-1,1,0,0,0,0,-1,1
2019-01-11 08:30:00,Inflation Rate MoM,schedule,0.10464629552113855,0.029866881329458306,0.03163027578836326,28.0,YM,stopped_post,519.0,-119.48500000000422,-141.98500000000422,0,0,1,-1,1,-1,-1,0,-1,1,1,-1,-1,1,-1,1,0,0,-1,1,1,-1,0,0,0,2,-1,1,0,0,1,-1,1,-1,1,-1,0,1,-1,1,0,0,1,-1,1,-1,1,-1,0,0,0,-1,0,-1,0,0,1,-1,-1,1,1,-1,-1,1,0,0,1,-1,1,-1,1,-1,0,0,1,-1,1,-1,1,-1,0,2,-1,1,1,-1,1,-1,1,-1,-1,1,0,0,1,-1,1,-1,-1,1,0,0,-1,1,1,-1,1,-1,1,-1,-1,1,1,-1,1,-1,1,-1,1,-1,1,-1,0,0,0,0,0,0,-1,1,0,0,0,0,1,-1,0,0,-1,1,-1,1,-1,1,0,0,1,-1,1,-1,1,-1,1,-1,1,-1,1,-1,1,-1,1,-1,0,0,0,2,1,-1,1,-1,1,-1,1,0,1,-1,-1,1,0,0,1,-1,1,-1,1,-1,1,-1,1,-1,0,0,0,0,0,0,0,0,1,-1,0,0,1,-1,0,0,1,-1,1,-1,1,-1,0,0,1,-1,1,-1,-1,1,1,-1,1,-1,-1,1,-1,1,1,-1,0,0,0,0,0,0,1,-1,1,-1,1,-1,1,-1,1,-1,1,-1,-1,1,0,0,1,-1,-1,1,-1,1,0,0,0,2,-1,1,-1,1,-1,1,1,-1,-1,1,1,-1,0,0,1,-1,0,0,1,-1,0,0,1,-1,1,-1,1,-1,0,0,1,-1,-1,1,0,2,1,-1,1,-1,1,-1,0,0,-1,1,1,-1,-1,1,0,0,1,-1,-1,1,-1,1,0,0,-1,1,0,0,1,-1,-1,1
2019-01-30 14:00:00,Fed Interest Rate Decision,schedule,0.32256763840167735,0.10390247086938004,0.10390247086938004,24.0,YM,stopped_post,2.0,-123.99999999999636,-146.49999999999636,0,0,1,-1,1,-1,-1,0,-1,1,1,-1,1,-1,-1,1,0,0,-1,1,1,-1,0,0,0,0,-1,1,0,0,-1,1,1,-1,1,-1,0,0,-1,1,0,0,0,0,-1,1,1,-1,0,0,0,-1,0,-1,0,0,0,0,1,-1,-1,1,-1,1,0,0,-1,1,1,-1,1,-1,0,0,1,-1,1,-1,1,-1,0,0,-1,1,1,-1,-1,1,1,-1,-1,1,0,0,1,-1,1,-1,-1,1,-1,1,-1,1,-1,1,1,-1,-1,1,-1,1,1,-1,-1,1,0,0,1,-1,1,-1,0,0,0,0,0,0,-1,1,0,0,0,0,0,0,0,0,-1,1,-1,1,-1,1,1,-1,1,-1,-1,1,1,-1,1,-1,-1,1,1,-1,-1,1,-1,1,0,0,0,0,-1,1,0,0,-1,1,-1,0,1,-1,-1,1,0,0,1,-1,-1,1,-1,1,1,-1,1,-1,0,0,0,0,0,0,0,0,1,-1,1,-1,1,-1,1,-1,1,-1,1,-1,1,-1,0,0,1,-1,1,-1,-1,1,-1,1,1,-1,-1,1,1,-1,-1,1,0,0,0,0,0,0,1,-1,-1,1,-1,1,-1,1,1,-1,1,-1,1,-1,-1,1,-1,1,-1,1,-1,1,0,0,0,0,-1,1,1,-1,-1,1,1,-1,1,-1,1,-1,0,0,-1,1,0,0,0,0,-1,1,1,-1,-1,1,1,-1,0,0,1,-1,1,-1,0,0,1,-1,-1,1,1,-1,0,0,1,-1,-1,1,1,-1,0,0,1,-1,-1,1,1,-1,0,0,-1,1,0,0,0,0,-1,1
2019-02-01 08:30:00,Non Farm Payrolls,schedule,0.17228944626973317,0.1100531125891191,0.0769367818972065,37.0,YM,timed,900.0,415.0,392.5,0,0,1,-1,-1,1,0,2,-1,1,1,-1,-1,1,-1,1,0,0,-1,1,1,-1,0,0,0,0,-1,1,0,0,1,-1,1,-1,1,-1,0,0,-1,1,0,0,0,0,1,-1,-1,1,0,0,0,-1,0,0,0,0,1,-1,-1,1,1,-1,-1,1,0,0,-1,1,0,0,1,-1,1,-1,1,-1,1,-1,1,-1,0,2,1,-1,1,-1,1,-1,1,-1,1,-1,0,0,1,-1,1,-1,-1,1,0,0,-1,1,1,-1,1,-1,1,-1,-1,1,1,-1,1,-1,1,-1,1,-1,-1,1,0,0,0,0,0,0,-1,1,0,0,0,0,1,-1,0,2,1,-1,-1,1,-1,1,1,-1,1,-1,1,-1,1,-1,1,-1,1,-1,1,-1,1,-1,-1,1,0,2,0,0,1,-1,1,-1,1,-1,1,0,1,-1,-1,1,0,0,1,-1,-1,1,1,-1,-1,1,1,-1,-1,1,0,0,0,0,0,0,1,-1,0,0,-1,1,0,0,1,-1,-1,1,1,-1,0,0,1,-1,0,0,-1,1,-1,1,1,-1,0,0,-1,1,1,-1,0,0,0,0,0,0,1,-1,1,-1,-1,1,1,-1,1,-1,1,-1,-1,1,0,0,1,-1,-1,1,1,-1,0,0,0,0,-1,1,-1,1,-1,1,1,-1,-1,1,1,-1,0,0,1,-1,0,0,1,-1,0,0,1,-1,1,-1,1,-1,0,0,-1,1,-1,1,0,2,-1,1,-1,1,1,-1,0,0,1,-1,0,0,-1,1,0,0,1,-1,-1,1,-1,1,0,0,-1,1,0,0,1,-1,1,-1
2019-02-13 08:30:00,Inflation Rate MoM,schedule,0.04317619813949837,0.03158060950576346,0.03241547244439916,29.0,YM,timed,900.0,30.0,7.5,0,0,1,-1,-1,1,0,2,-1,1,-1,1,-1,1,-1,1,0,0,-1,1,-1,1,0,0,0,0,-1,1,0,0,-1,1,-1,1,-1,1,0,0,1,-1,1,-1,0,0,-1,1,-1,1,0,0,0,1,0,0,0,2,0,0,-1,1,-1,1,-1,1,0,0,-1,1,1,-1,1,-1,-1,1,-1,1,1,-1,1,-1,0,0,-1,1,-1,1,1,-1,-1,1,-1,1,0,0,-1,1,-1,1,-1,1,-1,1,-1,1,1,-1,-1,1,-1,1,-1,1,-1,1,-1,1,0,0,-1,1,0,0,0,0,0,0,-1,1,-1,1,0,0,0,0,0,0,0,0,-1,1,-1,1,-1,1,1,-1,-1,1,-1,1,-1,1,-1,1,-1,1,1,-1,1,-1,-1,1,0,0,0,2,1,-1,0,0,-1,1,-1,0,1,-1,-1,1,0,0,-1,1,-1,1,-1,1,-1,1,-1,1,1,-1,0,0,0,0,0,0,-1,1,0,0,1,-1,0,0,1,-1,1,-1,1,-1,0,0,-1,1,1,-1,1,-1,-1,1,1,-1,0,0,-1,1,-1,1,0,0,0,0,0,0,1,-1,-1,1,-1,1,-1,1,1,-1,-1,1,1,-1,-1,1,1,-1,0,0,-1,1,0,0,0,2,-1,1,-1,1,-1,1,-1,1,-1,1,-1,1,0,0,1,-1,0,0,0,0,-1,1,1,-1,1,-1,1,-1,0,2,-1,1,-1,1,0,2,-1,1,-1,1,1,-1,0,0,1,-1,1,-1,-1,1,-1,1,-1,1,-1,1,-1,1,-1,1,-1,1,0,0,0,0,-1,1
2019-02-14 08:30:00,Retail Sales MoM,tv,0.07031799359324947,0.023441059887910363,0.014172967563315896,32.0,YM,stopped_post,92.0,-127.98000000000684,-150.48000000000684,0,0,-1,1,-1,1,-1,0,0,0,1,-1,1,-1,-1,1,0,0,1,-1,1,-1,0,0,0,2,-1,1,0,0,-1,1,-1,1,-1,1,0,0,1,-1,0,0,-1,1,-1,1,-1,1,0,0,0,1,0,1,0,0,0,0,-1,1,-1,1,1,-1,0,0,-1,1,1,-1,-1,1,-1,1,-1,1,1,-1,-1,1,0,2,-1,1,-1,1,-1,1,-1,1,-1,1,-1,1,0,0,0,0,-1,1,0,0,-1,1,-1,1,-1,1,-1,1,1,-1,-1,1,-1,1,0,0,-1,1,-1,1,0,0,0,0,0,0,0,0,0,0,0,0,-1,1,0,0,-1,1,0,0,1,-1,0,0,-1,1,-1,1,-1,1,-1,1,-1,1,-1,1,-1,1,1,-1,0,0,0,2,-1,1,-1,1,-1,1,-1,0,-1,1,-1,1,0,0,-1,1,-1,1,-1,1,1,-1,-1,1,0,0,0,0,0,0,0,0,-1,1,1,-1,1,-1,1,-1,1,-1,1,-1,-1,1,0,0,-1,1,-1,1,-1,1,-1,1,-1,1,0,0,-1,1,-1,1,0,0,0,0,0,0,-1,1,-1,1,1,-1,-1,1,-1,1,1,-1,1,-1,0,0,-1,1,0,0,1,-1,0,0,0,0,1,-1,1,-1,-1,1,-1,1,-1,1,-1,1,0,0,1,-1,0,0,-1,1,0,0,-1,1,-1,1,-1,1,0,0,-1,1,-1,1,0,0,-1,1,-1,1,1,-1,0,0,-1,1,-1,1,1,-1,0,0,-1,1,-1,1,1,-1,0,0,-1,1,0,0,-1,1,-1,1
2019-03-08 08:30:00,Non Farm Payrolls,schedule,0.2876507210970132,0.11205210373981501,0.08447275251755099,38.0,YM,stopped_post,1.0,-126.86999999999898,-149.36999999999898,0,0,1,-1,1,-1,0,2,-1,1,1,-1,-1,1,-1,1,0,0,1,-1,1,-1,0,0,0,0,-1,1,0,0,1,-1,1,-1,1,-1,0,0,1,-1,0,0,0,0,1,-1,1,-1,0,0,0,-1,0,0,0,2,1,-1,1,-1,1,-1,1,-1,0,0,-1,1,-1,1,1,-1,1,-1,1,-1,1,-1,1,-1,0,0,1,-1,1,-1,1,-1,1,-1,1,-1,0,0,1,-1,1,-1,-1,1,0,0,0,0,1,-1,1,-1,1,-1,-1,1,1,-1,1,-1,0,0,1,-1,0,0,0,0,0,0,0,0,0,0,0,0,0,0,1,-1,0,2,1,-1,0,0,-1,1,0,0,1,-1,1,-1,1,-1,1,-1,1,-1,1,-1,1,-1,1,-1,0,0,0,2,-1,1,1,-1,1,-1,1,0,1,-1,-1,1,0,0,1,-1,1,-1,1,-1,1,-1,1,-1,-1,1,0,0,0,0,0,0,1,-1,0,0,-1,1,0,0,-1,1,-1,1,1,-1,0,0,-1,1,0,0,-1,1,1,-1,1,-1,0,0,1,-1,1,-1,0,0,0,0,0,0,1,-1,1,-1,1,-1,1,-1,1,-1,1,-1,1,-1,0,0,1,-1,0,0,1,-1,0,0,0,0,-1,1,-1,1,-1,1,1,-1,-1,1,1,-1,0,0,-1,1,0,0,1,-1,0,0,1,-1,1,-1,1,-1,0,2,1,-1,1,-1,0,2,1,-1,-1,1,1,-1,0,0,1,-1,1,-1,-1,1,0,0,1,-1,-1,1,-1,1,0,0,1,-1,0,0,1,-1,1,-1
2019-03-11 08:30:00,Retail Sales MoM,tv,0.015792174977298748,0.024315124007132434,0.014172967563315896,33.0,YM,timed,900.0,60.0,37.5,0,2,-1,1,-1,1,-1,0,-1,1,-1,1,-1,1,-1,1,-1,1,-1,1,-1,1,0,0,0,0,-1,1,0,0,-1,1,-1,1,-1,1,0,0,0,0,0,0,-1,1,-1,1,-1,1,0,0,0,1,0,1,0,0,-1,1,-1,1,-1,1,-1,1,0,0,-1,1,-1,1,-1,1,-1,1,-1,1,1,-1,-1,1,0,0,-1,1,-1,1,-1,1,-1,1,-1,1,-1,1,-1,1,-1,1,-1,1,-1,1,-1,1,-1,1,-1,1,-1,1,-1,1,-1,1,-1,1,0,0,-1,1,-1,1,0,0,0,0,-1,1,-1,1,0,0,0,0,-1,1,0,0,-1,1,-1,1,-1,1,-1,1,-1,1,-1,1,-1,1,1,-1,-1,1,-1,1,1,-1,1,-1,0,0,0,0,-1,1,0,0,-1,1,-1,0,-1,1,-1,1,0,0,-1,1,-1,1,-1,1,-1,1,-1,1,-1,1,0,0,0,0,0,0,-1,1,-1,1,-1,1,-1,1,-1,1,-1,1,-1,1,0,0,-1,1,-1,1,-1,1,-1,1,-1,1,-1,1,1,-1,-1,1,0,0,0,0,0,0,-1,1,-1,1,-1,1,-1,1,-1,1,-1,1,1,-1,-1,1,-1,1,-1,1,1,-1,0,2,0,0,1,-1,1,-1,-1,1,-1,1,-1,1,-1,1,1,-1,1,-1,1,-1,-1,1,-1,1,1,-1,-1,1,-1,1,0,0,-1,1,-1,1,0,0,-1,1,-1,1,-1,1,0,0,-1,1,-1,1,-1,1,-1,1,-1,1,-1,1,1,-1,-1,1,-1,1,0,0,-1,1,-1,1
2019-03-12 08:30:00,Inflation Rate MoM,schedule,0.0546512081820666,0.03163027578836326,0.03685947706814683,30.0,YM,timed,899.0,200.0,177.5,0,0,1,-1,-1,1,0,2,-1,1,-1,1,-1,1,-1,1,-1,1,-1,1,-1,1,0,0,0,2,-1,1,0,0,1,-1,1,-1,1,-1,0,0,0,0,0,0,0,0,1,-1,1,-1,0,0,0,-1,0,0,0,0,0,0,-1,1,-1,1,1,-1,0,0,-1,1,0,0,1,-1,1,-1,1,-1,1,-1,1,-1,0,0,1,-1,1,-1,-1,1,1,-1,-1,1,0,0,1,-1,0,0,-1,1,0,0,-1,1,-1,1,1,-1,1,-1,-1,1,1,-1,-1,1,0,0,1,-1,1,-1,0,0,0,0,0,0,0,0,0,0,0,0,0,0,0,0,1,-1,1,-1,-1,1,-1,1,1,-1,1,-1,1,-1,1,-1,1,-1,1,-1,-1,1,1,-1,0,0,0,0,1,-1,0,0,-1,1,-1,0,1,-1,1,-1,0,0,1,-1,-1,1,1,-1,1,-1,1,-1,0,0,0,0,0,0,0,0,1,-1,-1,1,-1,1,0,0,1,-1,-1,1,1,-1,0,0,1,-1,1,-1,-1,1,-1,1,1,-1,0,0,-1,1,1,-1,0,0,0,0,0,0,1,-1,1,-1,-1,1,-1,1,1,-1,1,-1,1,-1,0,0,-1,1,0,0,1,-1,0,0,0,0,1,-1,1,-1,-1,1,1,-1,-1,1,1,-1,0,0,-1,1,0,0,0,0,0,0,-1,1,-1,1,-1,1,0,0,1,-1,-1,1,0,0,-1,1,-1,1,1,-1,0,0,-1,1,-1,1,-1,1,0,0,1,-1,-1,1,1,-1,0,0,1,-1,0,0,0,0,-1,1
2019-03-20 14:00:00,Fed Interest Rate Decision,schedule,0.23277467411545624,0.1061037583068074,0.11092807442265383,25.0,YM,tp,141.0,515.2399999999943,492.7399999999943,0,0,1,-1,-1,1,0,2,-1,1,1,-1,-1,1,-1,1,0,0,1,-1,1,-1,0,0,0,0,-1,1,0,0,-1,1,1,-1,1,-1,0,0,0,0,0,0,0,0,1,-1,-1,1,0,0,0,-1,0,0,0,2,1,-1,1,-1,-1,1,-1,1,0,0,-1,1,-1,1,-1,1,1,-1,1,-1,-1,1,-1,1,0,0,1,-1,1,-1,-1,1,1,-1,1,-1,0,0,1,-1,1,-1,-1,1,0,0,-1,1,-1,1,1,-1,1,-1,-1,1,1,-1,1,-1,0,0,1,-1,0,0,0,0,0,0,0,0,0,0,0,0,0,0,0,0,0,0,1,-1,1,-1,-1,1,-1,1,1,-1,1,-1,1,-1,-1,1,1,-1,-1,1,-1,1,-1,1,0,0,0,0,-1,1,0,0,1,-1,1,0,-1,1,-1,1,0,0,1,-1,-1,1,-1,1,1,-1,1,-1,1,-1,0,0,0,0,0,0,1,-1,-1,1,-1,1,-1,1,-1,1,-1,1,-1,1,0,0,1,-1,1,-1,-1,1,1,-1,-1,1,0,0,-1,1,1,-1,0,0,0,0,0,0,-1,1,1,-1,-1,1,-1,1,-1,1,1,-1,1,-1,1,-1,-1,1,0,0,-1,1,0,0,0,0,-1,1,1,-1,-1,1,1,-1,-1,1,1,-1,0,0,1,-1,0,0,0,0,1,-1,-1,1,-1,1,-1,1,0,0,1,-1,1,-1,0,0,-1,1,1,-1,-1,1,0,0,1,-1,-1,1,-1,1,1,-1,1,-1,-1,1,1,-1,0,0,1,-1,0,0,0,0,1,-1
2019-04-01 08:30:00,Retail Sales MoM,tv,0.0956388676358072,0.023441059887910363,0.014172967563315896,34.0,YM,stopped_post,0.0,-130.66500000000815,-153.16500000000815,0,0,-1,1,1,-1,0,2,0,0,-1,1,1,-1,-1,1,-1,1,-1,1,-1,1,0,0,0,2,-1,1,0,0,1,-1,-1,1,-1,1,0,0,1,-1,0,0,0,0,-1,1,1,-1,0,2,0,-1,0,1,0,0,0,0,-1,1,-1,1,-1,1,0,0,-1,1,1,-1,-1,1,-1,1,1,-1,-1,1,-1,1,0,2,-1,1,-1,1,-1,1,-1,1,-1,1,0,0,0,0,-1,1,-1,1,0,0,0,0,-1,1,-1,1,-1,1,1,-1,1,-1,1,-1,0,0,-1,1,0,0,0,0,0,0,0,0,0,0,0,0,0,2,0,0,0,2,0,0,1,-1,-1,1,1,-1,-1,1,-1,1,-1,1,-1,1,-1,1,-1,1,-1,1,-1,1,0,0,0,0,-1,1,0,0,-1,1,-1,0,-1,1,-1,1,0,0,-1,1,-1,1,-1,1,-1,1,1,-1,1,-1,0,0,0,0,0,0,-1,1,0,0,1,-1,0,0,1,-1,1,-1,-1,1,0,0,-1,1,0,0,1,-1,-1,1,-1,1,0,0,-1,1,-1,1,0,0,0,0,0,0,-1,1,-1,1,-1,1,-1,1,1,-1,1,-1,1,-1,0,0,-1,1,1,-1,-1,1,0,0,0,2,1,-1,-1,1,-1,1,-1,1,-1,1,-1,1,0,0,1,-1,0,0,-1,1,0,0,-1,1,-1,1,-1,1,0,0,1,-1,-1,1,0,0,1,-1,-1,1,-1,1,0,0,-1,1,-1,1,1,-1,0,0,1,-1,-1,1,-1,1,0,0,-1,1,0,0,-1,1,-1,1
2019-04-05 08:30:00,Non Farm Payrolls,schedule,0.19301366233962836,0.11405109489051093,0.08447275251755099,39.0,YM,timed,900.0,365.0,342.5,0,0,1,-1,1,-1,0,2,1,-1,1,-1,1,-1,1,-1,0,0,1,-1,1,-1,0,0,0,0,1,-1,0,0,1,-1,1,-1,1,-1,0,0,0,0,-1,1,1,-1,1,-1,1,-1,0,0,0,-1,0,-1,0,0,1,-1,1,-1,-1,1,-1,1,0,0,1,-1,1,-1,1,-1,1,-1,1,-1,-1,1,1,-1,0,2,1,-1,1,-1,1,-1,1,-1,1,-1,1,-1,0,0,1,-1,1,-1,1,-1,1,-1,1,-1,1,-1,1,-1,1,-1,1,-1,1,-1,0,0,0,0,0,0,0,0,0,0,0,0,1,-1,0,0,0,0,0,0,0,0,1,-1,1,-1,1,-1,0,0,1,-1,1,-1,1,-1,-1,1,1,-1,1,-1,1,-1,-1,1,0,2,0,0,1,-1,1,-1,1,-1,1,0,1,-1,1,-1,0,0,1,-1,1,-1,1,-1,1,-1,1,-1,-1,1,0,0,0,0,0,0,1,-1,0,0,1,-1,0,0,1,-1,1,-1,1,-1,0,0,1,-1,0,0,-1,1,1,-1,1,-1,1,-1,-1,1,1,-1,0,0,0,0,0,0,1,-1,1,-1,1,-1,-1,1,-1,1,1,-1,-1,1,1,-1,1,-1,0,0,-1,1,0,0,0,0,-1,1,-1,1,1,-1,1,-1,1,-1,1,-1,0,0,-1,1,0,0,1,-1,1,-1,-1,1,1,-1,1,-1,0,0,-1,1,1,-1,0,2,1,-1,1,-1,1,-1,0,0,1,-1,1,-1,1,-1,1,-1,1,-1,1,-1,-1,1,1,-1,1,-1,0,0,1,-1,1,-1
2019-04-10 08:30:00,Inflation Rate MoM,schedule,0.015267175572519085,0.03167994207096307,0.041872074728978394,31.0,YM,stopped_post,574.0,-130.93999999999141,-153.43999999999141,0,2,1,-1,-1,1,-1,0,-1,1,-1,1,-1,1,-1,1,0,0,-1,1,-1,1,0,0,0,2,-1,1,0,0,1,-1,-1,1,-1,1,0,0,1,-1,0,0,0,0,-1,1,-1,1,0,0,0,1,0,1,0,0,-1,1,-1,1,-1,1,1,-1,0,0,-1,1,0,0,1,-1,-1,1,-1,1,1,-1,1,-1,0,0,-1,1,-1,1,-1,1,-1,1,-1,1,0,0,-1,1,-1,1,-1,1,-1,1,-1,1,-1,1,1,-1,-1,1,-1,1,1,-1,-1,1,0,0,-1,1,0,0,0,0,0,0,0,0,-1,1,0,0,0,0,-1,1,0,0,-1,1,-1,1,-1,1,1,-1,-1,1,-1,1,-1,1,-1,1,-1,1,1,-1,-1,1,-1,1,0,0,0,0,-1,1,-1,1,-1,1,-1,0,-1,1,-1,1,0,0,-1,1,-1,1,-1,1,1,-1,-1,1,0,0,0,0,0,0,0,0,-1,1,0,0,1,-1,0,0,-1,1,-1,1,-1,1,0,0,-1,1,1,-1,-1,1,-1,1,1,-1,-1,1,1,-1,-1,1,0,0,0,0,0,0,1,-1,-1,1,1,-1,1,-1,1,-1,-1,1,1,-1,-1,1,-1,1,0,0,1,-1,0,0,0,0,-1,1,1,-1,-1,1,-1,1,-1,1,-1,1,0,0,-1,1,0,0,-1,1,-1,1,1,-1,-1,1,-1,1,0,0,-1,1,-1,1,0,0,-1,1,-1,1,1,-1,0,0,1,-1,-1,1,-1,1,-1,1,-1,1,-1,1,1,-1,-1,1,-1,1,0,0,-1,1,-1,1
2019-04-18 08:30:00,Retail Sales MoM,tv,0.08696638560139146,0.024315124007132434,0.014172967563315896,35.0,YM,timed,900.0,35.0,12.5,0,0,1,-1,-1,1,1,0,1,-1,1,-1,1,-1,1,-1,1,-1,1,-1,1,-1,0,0,0,2,1,-1,0,0,1,-1,1,-1,1,-1,0,1,-1,1,1,-1,1,-1,1,-1,-1,1,0,0,0,-1,0,-1,0,0,1,-1,1,-1,1,-1,1,-1,0,0,1,-1,1,-1,1,-1,1,-1,1,-1,1,-1,1,-1,0,0,1,-1,1,-1,-1,1,1,-1,1,-1,1,-1,1,-1,1,-1,1,-1,1,-1,1,-1,1,-1,1,-1,1,-1,1,-1,1,-1,1,-1,1,-1,1,-1,1,-1,0,0,0,0,0,0,1,-1,0,0,0,0,0,0,0,0,1,-1,1,-1,1,-1,1,-1,1,-1,1,-1,1,-1,1,-1,1,-1,-1,1,-1,1,-1,1,0,0,0,0,1,-1,0,0,1,-1,1,0,1,-1,1,-1,0,0,1,-1,1,-1,1,-1,-1,1,1,-1,1,-1,0,0,0,0,0,0,1,-1,1,-1,1,-1,0,0,1,-1,1,-1,1,-1,0,0,1,-1,-1,1,1,-1,1,-1,1,-1,1,-1,-1,1,1,-1,0,0,0,0,0,0,1,-1,1,-1,-1,1,1,-1,-1,1,1,-1,-1,1,1,-1,1,-1,1,-1,-1,1,0,0,0,2,-1,1,-1,1,1,-1,1,-1,1,-1,1,-1,0,0,-1,1,0,0,0,0,1,-1,-1,1,-1,1,-1,1,0,0,-1,1,1,-1,0,0,1,-1,1,-1,1,-1,0,0,1,-1,1,-1,1,-1,1,-1,1,-1,1,-1,-1,1,1,-1,1,-1,0,0,0,0,-1,1
2019-05-01 14:00:00,Fed Interest Rate Decision,schedule,0.03758974551742285,0.11092807442265383,0.11092807442265383,26.0,YM,timed,900.0,125.0,102.5,0,0,1,-1,1,-1,0,2,0,0,1,-1,-1,1,1,-1,0,0,-1,1,1,-1,0,0,0,0,-1,1,0,0,-1,1,1,-1,1,-1,0,0,0,0,0,0,0,0,-1,1,1,-1,0,2,0,-1,0,0,0,2,1,-1,1,-1,1,-1,1,-1,0,0,-1,1,0,0,1,-1,1,-1,1,-1,-1,1,1,-1,0,2,-1,1,1,-1,1,-1,1,-1,1,-1,0,0,1,-1,1,-1,-1,1,1,-1,1,-1,-1,1,1,-1,1,-1,1,-1,1,-1,1,-1,0,0,1,-1,0,0,0,0,0,0,0,0,1,-1,0,0,0,0,0,0,0,2,-1,1,1,-1,1,-1,0,0,1,-1,1,-1,1,-1,1,-1,1,-1,1,-1,-1,1,-1,1,0,0,0,2,1,-1,0,0,1,-1,1,0,1,-1,-1,1,0,0,1,-1,1,-1,1,-1,-1,1,1,-1,0,0,0,0,0,0,0,0,1,-1,0,0,-1,1,0,0,1,-1,-1,1,1,-1,0,0,-1,1,1,-1,-1,1,1,-1,-1,1,0,0,1,-1,-1,1,0,0,0,0,0,0,-1,1,1,-1,1,-1,1,-1,-1,1,1,-1,1,-1,1,-1,-1,1,0,0,1,-1,0,0,0,2,-1,1,1,-1,-1,1,1,-1,1,-1,1,-1,0,0,-1,1,0,0,0,0,1,-1,-1,1,-1,1,-1,1,0,2,1,-1,1,-1,0,2,1,-1,1,-1,-1,1,0,0,1,-1,1,-1,-1,1,1,-1,1,-1,1,-1,1,-1,1,-1,1,-1,0,0,0,0,1,-1
2019-05-03 08:30:00,Non Farm Payrolls,schedule,0.09486585967442036,0.12054327466548875,0.08447275251755099,40.0,YM,stopped_post,128.0,-131.77499999999782,-154.27499999999782,0,0,-1,1,-1,1,0,2,1,-1,1,-1,1,-1,1,-1,0,0,1,-1,1,-1,0,0,0,0,1,-1,0,0,1,-1,1,-1,1,-1,0,0,0,0,0,0,0,0,-1,1,-1,1,0,2,0,-1,0,0,0,0,0,0,-1,1,-1,1,1,-1,0,0,-1,1,1,-1,-1,1,0,0,1,-1,-1,1,-1,1,0,2,1,-1,1,-1,-1,1,1,-1,1,-1,0,0,1,-1,0,0,1,-1,1,-1,0,0,-1,1,-1,1,1,-1,1,-1,-1,1,1,-1,0,0,-1,1,0,0,0,0,0,0,0,0,1,-1,0,0,0,0,0,0,0,2,1,-1,1,-1,1,-1,-1,1,1,-1,1,-1,1,-1,-1,1,1,-1,-1,1,-1,1,-1,1,0,0,0,2,1,-1,0,0,1,-1,1,0,-1,1,1,-1,0,2,1,-1,-1,1,1,-1,1,-1,-1,1,0,0,0,0,0,0,0,0,1,-1,0,0,1,-1,0,0,1,-1,1,-1,-1,1,0,0,1,-1,0,0,-1,1,-1,1,-1,1,1,-1,1,-1,0,0,0,0,0,0,0,0,-1,1,1,-1,1,-1,-1,1,-1,1,1,-1,1,-1,1,-1,-1,1,1,-1,1,-1,0,0,0,2,1,-1,1,-1,-1,1,1,-1,-1,1,-1,1,0,0,1,-1,0,0,-1,1,1,-1,-1,1,-1,1,-1,1,0,0,-1,1,-1,1,0,2,-1,1,1,-1,-1,1,0,0,-1,1,-1,1,1,-1,1,-1,-1,1,1,-1,1,-1,1,-1,-1,1,0,0,-1,1,1,-1
2019-05-10 08:30:00,Inflation Rate MoM,schedule,0.17905102954341987,0.03163027578836326,0.03685947706814683,32.0,YM,stopped_post,25.0,-128.44499999999243,-150.94499999999243,0,0,1,-1,1,-1,0,2,-1,1,1,-1,-1,1,-1,1,0,0,-1,1,1,-1,0,0,0,0,-1,1,0,0,1,-1,1,-1,1,-1,0,0,0,0,0,0,1,-1,1,-1,1,-1,0,2,0,-1,0,0,0,0,1,-1,1,-1,1,-1,1,-1,0,0,1,-1,-1,1,1,-1,1,-1,1,-1,1,-1,1,-1,0,0,-1,1,1,-1,1,-1,1,-1,1,-1,0,0,1,-1,0,0,-1,1,0,0,-1,1,1,-1,1,-1,-1,1,-1,1,1,-1,1,-1,0,0,1,-1,0,0,0,2,0,0,0,0,-1,1,0,0,0,2,1,-1,0,2,-1,1,-1,1,-1,1,0,0,1,-1,1,-1,1,-1,1,-1,1,-1,1,-1,1,-1,-1,1,0,0,0,2,1,-1,1,-1,1,-1,1,0,1,-1,-1,1,0,0,1,-1,1,-1,1,-1,1,-1,1,-1,1,-1,0,0,0,0,0,0,1,-1,0,0,1,-1,0,0,-1,1,-1,1,1,-1,0,0,1,-1,1,-1,-1,1,1,-1,1,-1,-1,1,-1,1,1,-1,0,0,0,0,0,0,1,-1,1,-1,1,-1,1,-1,1,-1,-1,1,-1,1,0,0,1,-1,-1,1,-1,1,0,0,0,2,-1,1,-1,1,1,-1,1,-1,-1,1,1,-1,0,0,-1,1,0,0,1,-1,0,0,1,-1,1,-1,1,-1,0,0,1,-1,-1,1,0,2,1,-1,-1,1,-1,1,0,0,1,-1,1,-1,-1,1,0,0,1,-1,1,-1,-1,1,0,0,1,-1,0,0,1,-1,1,-1
2019-05-15 08:30:00,Retail Sales MoM,tv,0.051066504301370934,0.02446727436662067,0.015096202690492604,36.0,YM,stopped_post,116.0,-127.29499999999462,-149.79499999999462,0,0,1,-1,-1,1,-1,0,-1,1,1,-1,-1,1,-1,1,-1,1,-1,1,1,-1,0,0,0,0,-1,1,0,0,1,-1,1,-1,1,-1,0,0,1,-1,-1,1,0,0,1,-1,-1,1,0,0,0,-1,0,1,0,0,0,0,-1,1,-1,1,-1,1,0,0,-1,1,-1,1,1,-1,0,0,-1,1,1,-1,1,-1,0,2,-1,1,1,-1,1,-1,-1,1,-1,1,0,0,1,-1,0,0,-1,1,-1,1,-1,1,-1,1,1,-1,-1,1,-1,1,1,-1,-1,1,0,0,1,-1,0,0,0,0,0,0,0,0,-1,1,0,0,0,0,1,-1,0,0,-1,1,-1,1,-1,1,0,0,1,-1,-1,1,1,-1,1,-1,-1,1,1,-1,1,-1,-1,1,0,0,0,0,-1,1,1,-1,-1,1,-1,0,1,-1,-1,1,0,0,-1,1,-1,1,-1,1,1,-1,-1,1,1,-1,0,0,0,0,0,0,1,-1,-1,1,-1,1,0,0,-1,1,-1,1,1,-1,0,0,1,-1,0,0,-1,1,-1,1,1,-1,-1,1,1,-1,-1,1,0,0,0,0,0,0,1,-1,-1,1,1,-1,-1,1,1,-1,1,-1,-1,1,-1,1,-1,1,-1,1,-1,1,0,0,0,0,-1,1,1,-1,-1,1,1,-1,-1,1,1,-1,0,0,-1,1,0,0,1,-1,-1,1,1,-1,1,-1,1,-1,0,0,1,-1,-1,1,0,2,-1,1,-1,1,-1,1,0,0,1,-1,-1,1,-1,1,-1,1,1,-1,-1,1,1,-1,0,0,-1,1,0,0,0,0,-1,1
2019-06-07 08:30:00,Non Farm Payrolls,schedule,0.135595846892918,0.11405109489051093,0.0911774617707185,41.0,YM,stopped_post,3.0,-129.06000000000859,-151.56000000000859,0,0,1,-1,-1,1,0,2,0,0,-1,1,1,-1,1,-1,1,-1,1,-1,-1,1,0,0,0,0,1,-1,0,0,1,-1,-1,1,-1,1,0,0,0,0,-1,1,0,0,1,-1,-1,1,0,0,0,-1,0,0,0,0,-1,1,-1,1,1,-1,1,-1,0,0,1,-1,1,-1,1,-1,0,0,1,-1,1,-1,1,-1,0,0,1,-1,-1,1,1,-1,0,0,1,-1,0,0,-1,1,-1,1,1,-1,-1,1,-1,1,1,-1,-1,1,-1,1,-1,1,-1,1,-1,1,0,0,-1,1,1,-1,0,0,0,0,0,0,0,0,0,0,0,0,0,0,0,2,-1,1,-1,1,1,-1,1,-1,-1,1,-1,1,-1,1,1,-1,-1,1,1,-1,1,-1,1,-1,0,0,0,0,1,-1,0,0,1,-1,1,0,1,-1,1,-1,0,0,-1,1,1,-1,1,-1,1,-1,1,-1,0,0,0,0,0,0,0,0,-1,1,0,0,1,-1,0,0,1,-1,1,-1,1,-1,0,0,1,-1,0,0,-1,1,-1,1,1,-1,-1,1,1,-1,1,-1,0,0,0,0,0,0,1,-1,-1,1,-1,1,1,-1,-1,1,1,-1,-1,1,0,0,1,-1,-1,1,1,-1,0,0,0,0,-1,1,-1,1,-1,1,-1,1,1,-1,-1,1,0,0,1,-1,0,0,0,0,0,0,1,-1,1,-1,1,-1,0,0,1,-1,-1,1,0,2,-1,1,-1,1,1,-1,0,0,1,-1,1,-1,1,-1,-1,1,1,-1,1,-1,-1,1,-1,1,1,-1,0,0,0,0,1,-1
2019-06-12 08:30:00,Inflation Rate MoM,schedule,0.04614852132446256,0.03167994207096307,0.041872074728978394,33.0,YM,timed,899.0,0.0,-22.5,0,2,1,-1,1,-1,0,2,1,-1,1,-1,1,-1,1,-1,1,-1,1,-1,1,-1,0,0,0,2,1,-1,0,0,1,-1,1,-1,1,-1,0,0,-1,1,1,-1,1,-1,1,-1,1,-1,0,0,0,-1,0,-1,0,0,1,-1,1,-1,-1,1,-1,1,0,0,1,-1,-1,1,1,-1,1,-1,1,-1,-1,1,1,-1,0,0,1,-1,1,-1,1,-1,1,-1,1,-1,1,-1,1,-1,1,-1,1,-1,1,-1,1,-1,1,-1,1,-1,1,-1,1,-1,1,-1,1,-1,1,-1,1,-1,0,0,0,0,0,0,1,-1,1,-1,0,0,0,2,1,-1,0,0,1,-1,1,-1,1,-1,-1,1,1,-1,1,-1,1,-1,-1,1,1,-1,1,-1,1,-1,-1,1,0,2,0,0,1,-1,1,-1,1,-1,1,0,1,-1,1,-1,0,0,1,-1,1,-1,1,-1,1,-1,1,-1,0,0,0,0,0,0,0,0,1,-1,0,0,-1,1,-1,1,-1,1,-1,1,1,-1,0,0,1,-1,1,-1,1,-1,1,-1,1,-1,0,0,-1,1,1,-1,0,0,0,0,0,0,1,-1,1,-1,-1,1,-1,1,1,-1,1,-1,-1,1,1,-1,1,-1,0,0,-1,1,0,2,0,0,-1,1,-1,1,1,-1,1,-1,1,-1,1,-1,0,0,-1,1,0,0,1,-1,1,-1,1,-1,1,-1,1,-1,0,0,1,-1,1,-1,0,2,-1,1,1,-1,1,-1,0,0,-1,1,1,-1,1,-1,1,-1,-1,1,1,-1,-1,1,1,-1,1,-1,0,0,1,-1,1,-1
2019-06-14 08:30:00,Retail Sales MoM,tv,0.07668417622023696,0.024619424726108903,0.02005364949221559,37.0,YM,timed,900.0,65.0,42.5,0,0,1,-1,-1,1,0,2,-1,1,-1,1,-1,1,-1,1,-1,1,-1,1,-1,1,0,0,0,2,-1,1,0,0,1,-1,-1,1,-1,1,0,0,1,-1,1,-1,0,0,1,-1,-1,1,0,0,0,1,0,0,0,0,-1,1,-1,1,-1,1,-1,1,0,0,-1,1,0,0,-1,1,-1,1,-1,1,-1,1,1,-1,0,0,1,-1,-1,1,-1,1,-1,1,-1,1,0,0,-1,1,-1,1,-1,1,0,0,0,0,-1,1,-1,1,-1,1,1,-1,1,-1,-1,1,0,0,-1,1,0,0,0,0,0,0,0,0,0,0,0,0,0,0,-1,1,0,2,-1,1,0,0,-1,1,1,-1,-1,1,-1,1,-1,1,1,-1,-1,1,1,-1,-1,1,1,-1,0,0,0,2,-1,1,-1,1,-1,1,-1,0,-1,1,1,-1,0,0,-1,1,-1,1,-1,1,1,-1,-1,1,0,0,0,0,0,0,0,0,-1,1,-1,1,-1,1,0,0,-1,1,-1,1,-1,1,0,0,1,-1,-1,1,-1,1,1,-1,-1,1,0,0,1,-1,0,0,0,0,0,0,0,0,1,-1,-1,1,-1,1,-1,1,-1,1,-1,1,1,-1,-1,1,1,-1,0,0,-1,1,0,0,0,2,-1,1,-1,1,-1,1,-1,1,-1,1,-1,1,0,0,-1,1,0,0,-1,1,-1,1,-1,1,-1,1,-1,1,0,2,-1,1,-1,1,0,0,-1,1,1,-1,1,-1,0,0,-1,1,-1,1,-1,1,0,0,-1,1,-1,1,-1,1,-1,1,-1,1,0,0,-1,1,-1,1
2019-06-19 14:00:00,Fed Interest Rate Decision,schedule,0.02264834667069304,0.1061037583068074,0.10390247086938004,27.0,YM,stopped_post,8.0,-132.40499999999884,-154.90499999999884,0,0,1,-1,-1,1,1,0,0,0,-1,1,-1,1,1,-1,0,0,1,-1,-1,1,0,0,0,0,1,-1,0,0,1,-1,1,-1,-1,1,0,0,0,0,0,0,0,0,1,-1,1,-1,0,0,0,-1,0,-1,0,0,0,0,-1,1,-1,1,-1,1,0,0,-1,1,1,-1,1,-1,1,-1,-1,1,1,-1,1,-1,0,0,1,-1,1,-1,1,-1,1,-1,-1,1,0,0,0,0,-1,1,1,-1,0,0,-1,1,1,-1,1,-1,1,-1,-1,1,1,-1,1,-1,0,0,1,-1,-1,1,0,0,0,0,0,0,0,0,0,0,0,0,1,-1,0,0,-1,1,0,0,0,0,1,-1,-1,1,1,-1,1,-1,1,-1,1,-1,-1,1,-1,1,-1,1,0,0,0,2,1,-1,0,0,1,-1,1,0,1,-1,-1,1,0,0,1,-1,-1,1,1,-1,-1,1,-1,1,0,0,0,0,0,0,0,0,1,-1,0,0,1,-1,0,0,1,-1,1,-1,1,-1,0,0,1,-1,-1,1,1,-1,1,-1,1,-1,0,0,1,-1,1,-1,0,0,0,0,0,0,1,-1,1,-1,-1,1,-1,1,1,-1,-1,1,-1,1,0,0,-1,1,0,0,1,-1,0,0,0,0,1,-1,1,-1,1,-1,1,-1,1,-1,1,-1,0,0,-1,1,0,0,1,-1,0,0,1,-1,-1,1,1,-1,0,0,-1,1,-1,1,0,0,1,-1,1,-1,-1,1,0,0,-1,1,-1,1,-1,1,0,0,-1,1,-1,1,1,-1,0,0,-1,1,0,0,0,0,1,-1
2019-07-05 08:30:00,Non Farm Payrolls,schedule,0.04458480401263236,0.12054327466548875,0.11095065705744347,42.0,YM,stopped_post,714.0,-134.5550000000003,-157.0550000000003,0,0,-1,1,-1,1,-1,0,-1,1,-1,1,-1,1,-1,1,-1,1,-1,1,-1,1,0,0,0,2,-1,1,0,0,-1,1,-1,1,-1,1,0,0,0,0,0,0,-1,1,-1,1,-1,1,0,0,0,1,0,1,0,0,-1,1,-1,1,-1,1,-1,1,0,0,-1,1,-1,1,-1,1,-1,1,-1,1,-1,1,-1,1,0,2,-1,1,-1,1,-1,1,-1,1,-1,1,-1,1,0,0,0,0,-1,1,-1,1,-1,1,-1,1,-1,1,-1,1,-1,1,1,-1,-1,1,0,0,-1,1,0,0,0,0,0,0,-1,1,-1,1,0,0,0,0,-1,1,0,2,-1,1,-1,1,-1,1,0,0,-1,1,-1,1,-1,1,-1,1,-1,1,-1,1,-1,1,1,-1,0,0,0,0,-1,1,-1,1,-1,1,-1,0,-1,1,-1,1,0,0,-1,1,-1,1,-1,1,-1,1,-1,1,0,0,0,0,0,0,0,0,-1,1,-1,1,-1,1,-1,1,-1,1,-1,1,-1,1,0,0,-1,1,1,-1,-1,1,-1,1,1,-1,-1,1,1,-1,-1,1,0,0,0,0,0,0,-1,1,-1,1,-1,1,-1,1,-1,1,-1,1,1,-1,-1,1,-1,1,-1,1,1,-1,0,0,0,0,1,-1,1,-1,-1,1,-1,1,-1,1,-1,1,1,-1,1,-1,1,-1,0,0,-1,1,1,-1,-1,1,-1,1,0,0,-1,1,-1,1,0,0,-1,1,-1,1,-1,1,0,0,-1,1,-1,1,-1,1,-1,1,-1,1,1,-1,1,-1,-1,1,-1,1,0,0,-1,1,-1,1
2019-07-11 08:30:00,Inflation Rate MoM,schedule,0.10751890849770131,0.03241547244439916,0.04466235973198046,34.0,YM,stopped_post,1.0,-134.87999999999374,-157.37999999999374,0,0,1,-1,1,-1,1,0,1,-1,1,-1,1,-1,1,-1,0,0,1,-1,1,-1,0,0,0,0,1,-1,0,0,1,-1,1,-1,1,-1,0,1,0,0,1,-1,1,-1,1,-1,1,-1,0,0,0,-1,0,-1,0,0,1,-1,1,-1,1,-1,-1,1,0,0,1,-1,1,-1,1,-1,1,-1,1,-1,1,-1,1,-1,0,0,1,-1,1,-1,1,-1,1,-1,1,-1,1,-1,1,-1,1,-1,1,-1,1,-1,1,-1,-1,1,1,-1,1,-1,1,-1,1,-1,1,-1,1,-1,1,-1,0,0,0,0,0,0,0,0,1,-1,0,0,0,2,0,0,0,0,1,-1,1,-1,1,-1,0,0,1,-1,1,-1,1,-1,-1,1,1,-1,1,-1,-1,1,-1,1,0,0,0,0,1,-1,0,0,1,-1,1,0,1,-1,1,-1,0,0,1,-1,1,-1,1,-1,1,-1,1,-1,-1,1,0,0,0,0,0,0,1,-1,0,0,1,-1,0,0,1,-1,1,-1,1,-1,0,0,1,-1,1,-1,1,-1,1,-1,1,-1,1,-1,-1,1,1,-1,0,0,0,0,0,0,1,-1,1,-1,-1,1,1,-1,1,-1,1,-1,-1,1,1,-1,1,-1,1,-1,-1,1,0,2,0,2,-1,1,-1,1,-1,1,1,-1,1,-1,1,-1,0,0,-1,1,0,0,1,-1,1,-1,-1,1,1,-1,1,-1,0,0,1,-1,1,-1,0,2,1,-1,1,-1,-1,1,0,0,-1,1,1,-1,1,-1,1,-1,1,-1,1,-1,-1,1,1,-1,1,-1,0,0,0,0,-1,1
2019-07-16 08:30:00,Retail Sales MoM,tv,0.021921812203142127,0.030686059961878367,0.02446727436662067,38.0,YM,timed,898.0,-35.0,-57.5,0,0,-1,1,-1,1,0,2,-1,1,-1,1,1,-1,-1,1,-1,1,-1,1,-1,1,0,0,0,2,-1,1,0,0,1,-1,-1,1,-1,1,0,0,0,0,1,-1,-1,1,-1,1,-1,1,0,0,0,1,0,1,0,0,-1,1,-1,1,-1,1,-1,1,0,0,-1,1,1,-1,-1,1,-1,1,1,-1,-1,1,-1,1,0,0,-1,1,-1,1,-1,1,-1,1,-1,1,0,0,-1,1,-1,1,-1,1,0,0,0,0,-1,1,-1,1,-1,1,1,-1,-1,1,-1,1,-1,1,-1,1,0,0,0,0,0,2,0,0,0,0,0,0,0,2,-1,1,0,0,-1,1,0,0,-1,1,1,-1,-1,1,-1,1,-1,1,-1,1,-1,1,1,-1,-1,1,-1,1,0,2,0,0,-1,1,-1,1,-1,1,-1,0,-1,1,-1,1,0,0,-1,1,1,-1,-1,1,-1,1,-1,1,1,-1,0,0,0,2,0,0,-1,1,0,0,1,-1,0,0,1,-1,1,-1,-1,1,0,0,-1,1,-1,1,1,-1,-1,1,-1,1,0,0,-1,1,0,0,0,2,0,0,0,0,-1,1,-1,1,1,-1,-1,1,1,-1,-1,1,1,-1,-1,1,-1,1,0,0,-1,1,0,0,0,2,1,-1,1,-1,-1,1,-1,1,-1,1,-1,1,0,0,1,-1,0,0,-1,1,-1,1,-1,1,-1,1,-1,1,0,0,-1,1,-1,1,0,0,-1,1,-1,1,-1,1,0,0,1,-1,-1,1,1,-1,-1,1,-1,1,-1,1,1,-1,-1,1,-1,1,0,2,-1,1,-1,1
2019-07-31 14:00:00,Fed Interest Rate Decision,schedule,0.10301692420897719,0.10390247086938004,0.09856780045013422,28.0,YM,stopped_post,13.0,-135.8100000000013,-158.3100000000013,0,2,-1,1,-1,1,0,2,0,0,-1,1,-1,1,-1,1,-1,1,-1,1,-1,1,0,0,0,2,-1,1,0,0,-1,1,-1,1,-1,1,0,-1,1,-1,-1,1,-1,1,-1,1,-1,1,0,0,0,1,0,1,0,0,-1,1,-1,1,-1,1,1,-1,0,0,-1,1,0,0,-1,1,-1,1,-1,1,1,-1,-1,1,0,2,-1,1,-1,1,-1,1,-1,1,-1,1,-1,1,-1,1,0,0,-1,1,-1,1,0,0,-1,1,-1,1,-1,1,-1,1,-1,1,-1,1,-1,1,-1,1,-1,1,0,0,0,0,0,0,-1,1,0,0,0,0,-1,1,0,0,-1,1,-1,1,-1,1,1,-1,-1,1,-1,1,-1,1,1,-1,-1,1,-1,1,-1,1,1,-1,0,2,0,0,-1,1,-1,1,-1,1,-1,0,-1,1,-1,1,0,0,-1,1,-1,1,-1,1,-1,1,-1,1,1,-1,0,0,0,0,0,0,-1,1,-1,1,-1,1,0,0,-1,1,-1,1,-1,1,0,0,-1,1,-1,1,-1,1,-1,1,-1,1,-1,1,1,-1,-1,1,0,0,0,0,0,0,-1,1,1,-1,-1,1,-1,1,-1,1,-1,1,1,-1,-1,1,-1,1,0,0,1,-1,0,2,0,0,1,-1,1,-1,1,-1,-1,1,-1,1,-1,1,0,0,1,-1,0,0,-1,1,-1,1,-1,1,-1,1,-1,1,0,0,-1,1,-1,1,0,0,1,-1,-1,1,1,-1,0,0,1,-1,-1,1,-1,1,-1,1,1,-1,-1,1,1,-1,-1,1,-1,1,0,0,-1,1,1,-1
2019-08-02 08:30:00,Non Farm Payrolls,schedule,0.026414097581223348,0.11405109489051093,0.0911774617707185,43.0,YM,stopped_post,220.0,-135.0,-157.5,0,0,1,-1,1,-1,0,2,1,-1,1,-1,1,-1,1,-1,1,-1,1,-1,1,-1,0,0,0,0,1,-1,0,0,1,-1,1,-1,1,-1,0,0,0,0,0,0,1,-1,1,-1,1,-1,0,0,0,-1,0,-1,0,0,1,-1,1,-1,1,-1,1,-1,0,0,1,-1,-1,1,1,-1,1,-1,1,-1,-1,1,1,-1,0,0,1,-1,1,-1,1,-1,1,-1,1,-1,0,0,0,0,0,0,1,-1,1,-1,0,0,1,-1,1,-1,1,-1,1,-1,1,-1,1,-1,1,-1,1,-1,0,0,0,0,0,0,0,0,1,-1,0,0,0,0,0,0,0,0,1,-1,1,-1,1,-1,-1,1,1,-1,1,-1,1,-1,1,-1,1,-1,1,-1,1,-1,-1,1,0,0,0,0,1,-1,0,0,1,-1,1,0,1,-1,1,-1,0,0,1,-1,1,-1,1,-1,1,-1,1,-1,-1,1,0,0,0,0,0,0,1,-1,0,0,-1,1,0,0,-1,1,-1,1,1,-1,0,0,1,-1,-1,1,-1,1,1,-1,1,-1,1,-1,-1,1,1,-1,0,0,0,0,0,0,1,-1,1,-1,1,-1,1,-1,1,-1,1,-1,-1,1,1,-1,1,-1,1,-1,-1,1,0,0,0,0,1,-1,-1,1,-1,1,1,-1,1,-1,1,-1,0,0,1,-1,0,0,1,-1,1,-1,-1,1,1,-1,1,-1,0,0,1,-1,1,-1,0,2,1,-1,1,-1,-1,1,0,0,-1,1,1,-1,1,-1,1,-1,-1,1,1,-1,-1,1,1,-1,1,-1,0,0,1,-1,1,-1
2019-08-13 08:30:00,Inflation Rate MoM,schedule,0.09684292078249081,0.03315100281783524,0.047941634667536315,35.0,YM,stopped_post,127.0,-129.03000000000247,-151.53000000000247,0,0,1,-1,1,-1,0,2,0,0,1,-1,-1,1,1,-1,1,-1,1,-1,1,-1,0,0,0,0,1,-1,0,0,1,-1,1,-1,1,-1,0,0,0,0,0,0,1,-1,1,-1,1,-1,0,0,0,-1,0,0,0,2,1,-1,1,-1,1,-1,1,-1,0,0,1,-1,-1,1,1,-1,1,-1,1,-1,1,-1,1,-1,0,2,1,-1,1,-1,1,-1,1,-1,1,-1,0,0,1,-1,-1,1,1,-1,0,0,0,0,1,-1,1,-1,1,-1,-1,1,1,-1,1,-1,0,0,1,-1,0,0,0,0,0,0,0,0,0,0,0,0,0,0,1,-1,0,2,-1,1,-1,1,1,-1,1,-1,1,-1,1,-1,1,-1,1,-1,1,-1,1,-1,1,-1,-1,1,0,2,0,0,1,-1,1,-1,1,-1,1,0,1,-1,1,-1,0,0,1,-1,1,-1,1,-1,-1,1,1,-1,1,-1,0,0,0,0,0,0,1,-1,0,0,-1,1,-1,1,-1,1,-1,1,1,-1,0,0,1,-1,1,-1,-1,1,1,-1,1,-1,0,0,1,-1,1,-1,0,0,0,0,0,0,1,-1,1,-1,1,-1,1,-1,1,-1,1,-1,-1,1,0,0,1,-1,0,0,1,-1,0,0,0,2,1,-1,1,-1,1,-1,1,-1,-1,1,1,-1,0,0,1,-1,0,0,1,-1,0,0,1,-1,1,-1,1,-1,0,0,1,-1,1,-1,0,2,1,-1,1,-1,1,-1,0,0,1,-1,1,-1,-1,1,0,0,1,-1,1,-1,1,-1,0,0,1,-1,0,0,1,-1,1,-1
2019-08-15 08:30:00,Retail Sales MoM,tv,0.2075094945381935,0.024619424726108903,0.02446727436662067,39.0,YM,timed,898.0,135.0,112.5,0,0,-1,1,-1,1,0,2,0,0,-1,1,1,-1,-1,1,-1,1,-1,1,1,-1,0,0,0,2,-1,1,0,0,-1,1,-1,1,-1,1,0,0,1,-1,1,-1,-1,1,-1,1,-1,1,0,2,0,1,0,1,0,0,0,0,-1,1,-1,1,-1,1,0,0,-1,1,-1,1,-1,1,-1,1,-1,1,-1,1,-1,1,0,2,-1,1,-1,1,-1,1,-1,1,-1,1,-1,1,0,0,0,0,-1,1,0,0,0,0,-1,1,-1,1,-1,1,1,-1,-1,1,-1,1,-1,1,-1,1,-1,1,0,2,0,2,0,0,0,0,0,0,0,2,-1,1,0,2,-1,1,0,0,-1,1,0,0,-1,1,-1,1,-1,1,1,-1,-1,1,-1,1,-1,1,1,-1,0,2,0,0,-1,1,-1,1,-1,1,-1,0,-1,1,-1,1,0,0,-1,1,-1,1,-1,1,-1,1,-1,1,1,-1,0,0,0,2,0,0,-1,1,0,0,-1,1,0,0,-1,1,-1,1,-1,1,0,0,-1,1,-1,1,1,-1,-1,1,-1,1,0,0,-1,1,-1,1,0,2,0,0,0,0,-1,1,-1,1,1,-1,-1,1,-1,1,-1,1,1,-1,-1,1,-1,1,0,0,1,-1,0,0,0,2,1,-1,1,-1,-1,1,-1,1,-1,1,-1,1,0,0,1,-1,0,0,-1,1,-1,1,-1,1,-1,1,-1,1,0,0,-1,1,-1,1,0,0,-1,1,1,-1,1,-1,0,0,-1,1,-1,1,1,-1,-1,1,-1,1,-1,1,1,-1,-1,1,-1,1,0,2,-1,1,-1,1
2019-09-06 08:30:00,Non Farm Payrolls,schedule,0.09695704057279236,0.11205210373981501,0.0911774617707185,44.0,YM,stopped_post,1.0,-134.12500000000364,-156.62500000000364,0,0,-1,1,1,-1,0,2,0,0,1,-1,1,-1,1,-1,0,0,1,-1,1,-1,0,0,0,0,1,-1,0,0,-1,1,1,-1,1,-1,0,0,0,0,0,0,0,0,-1,1,1,-1,0,2,0,-1,0,-1,0,0,1,-1,1,-1,1,-1,1,-1,0,0,1,-1,1,-1,-1,1,-1,1,1,-1,1,-1,-1,1,0,2,1,-1,-1,1,-1,1,1,-1,1,-1,-1,1,1,-1,-1,1,1,-1,1,-1,1,-1,-1,1,-1,1,1,-1,1,-1,-1,1,1,-1,0,0,1,-1,0,0,0,0,0,0,0,0,1,-1,0,0,0,0,0,0,0,2,1,-1,1,-1,1,-1,-1,1,1,-1,1,-1,1,-1,-1,1,1,-1,-1,1,-1,1,1,-1,0,0,0,2,-1,1,-1,1,1,-1,1,0,-1,1,1,-1,0,0,1,-1,1,-1,-1,1,-1,1,1,-1,1,-1,0,0,0,0,0,0,-1,1,0,0,1,-1,0,0,1,-1,1,-1,-1,1,0,0,-1,1,0,0,1,-1,1,-1,-1,1,1,-1,-1,1,-1,1,0,0,0,0,0,0,-1,1,1,-1,1,-1,1,-1,-1,1,1,-1,1,-1,0,0,-1,1,1,-1,1,-1,0,0,0,0,-1,1,-1,1,1,-1,1,-1,1,-1,-1,1,0,0,1,-1,0,0,0,0,0,0,-1,1,-1,1,-1,1,0,0,1,-1,1,-1,0,0,-1,1,1,-1,-1,1,0,0,-1,1,1,-1,1,-1,0,0,1,-1,1,-1,-1,1,1,-1,1,-1,0,0,0,0,1,-1
2019-09-12 08:30:00,Inflation Rate MoM,schedule,0.007353481873667182,0.03685947706814683,0.05219297809633834,36.0,YM,timed,900.0,80.0,57.5,0,0,1,-1,-1,1,0,2,-1,1,-1,1,-1,1,-1,1,0,0,-1,1,-1,1,0,0,0,0,-1,1,0,0,-1,1,-1,1,-1,1,0,0,0,0,0,0,0,0,-1,1,-1,1,0,2,0,1,0,1,0,0,0,0,-1,1,-1,1,-1,1,0,0,-1,1,0,0,-1,1,-1,1,-1,1,-1,1,-1,1,0,2,-1,1,-1,1,-1,1,-1,1,-1,1,-1,1,0,0,-1,1,-1,1,-1,1,-1,1,-1,1,-1,1,-1,1,-1,1,1,-1,-1,1,0,0,-1,1,0,0,0,0,0,0,0,0,-1,1,0,0,0,0,-1,1,0,2,-1,1,-1,1,-1,1,-1,1,-1,1,-1,1,-1,1,-1,1,-1,1,-1,1,-1,1,1,-1,0,0,0,0,-1,1,0,0,-1,1,-1,0,-1,1,-1,1,0,0,-1,1,-1,1,-1,1,1,-1,-1,1,-1,1,0,0,0,0,0,0,-1,1,0,0,-1,1,0,0,1,-1,0,0,-1,1,0,0,1,-1,-1,1,-1,1,-1,1,-1,1,0,0,1,-1,-1,1,0,0,0,0,0,0,-1,1,-1,1,-1,1,-1,1,1,-1,-1,1,1,-1,-1,1,-1,1,0,0,1,-1,0,0,0,0,1,-1,-1,1,-1,1,-1,1,-1,1,-1,1,0,0,-1,1,0,0,0,0,-1,1,1,-1,-1,1,-1,1,0,0,-1,1,-1,1,0,0,1,-1,-1,1,-1,1,0,2,1,-1,-1,1,-1,1,-1,1,-1,1,-1,1,-1,1,-1,1,-1,1,0,0,0,0,-1,1
2019-09-13 08:30:00,Retail Sales MoM,tv,0.025641964907139454,0.030686059961878367,0.030686059961878367,40.0,YM,timed,889.0,-70.0,-92.5,0,2,-1,1,-1,1,0,2,-1,1,-1,1,1,-1,-1,1,-1,1,-1,1,-1,1,0,0,0,2,-1,1,0,0,-1,1,-1,1,-1,1,0,-1,0,0,0,0,-1,1,-1,1,-1,1,0,0,0,1,0,1,0,0,-1,1,-1,1,-1,1,1,-1,0,0,-1,1,1,-1,-1,1,-1,1,-1,1,1,-1,-1,1,0,2,-1,1,-1,1,-1,1,-1,1,-1,1,-1,1,-1,1,0,0,-1,1,-1,1,-1,1,-1,1,-1,1,-1,1,-1,1,-1,1,-1,1,-1,1,-1,1,0,0,0,0,0,0,-1,1,-1,1,0,0,0,0,-1,1,0,2,-1,1,-1,1,-1,1,1,-1,-1,1,-1,1,-1,1,1,-1,-1,1,-1,1,-1,1,1,-1,0,0,0,0,-1,1,-1,1,-1,1,-1,0,-1,1,-1,1,0,0,-1,1,1,-1,-1,1,-1,1,-1,1,1,-1,0,0,0,0,0,0,-1,1,1,-1,1,-1,0,0,1,-1,1,-1,-1,1,0,0,-1,1,1,-1,1,-1,-1,1,-1,1,0,0,1,-1,-1,1,0,0,0,0,0,0,-1,1,-1,1,1,-1,1,-1,-1,1,-1,1,1,-1,0,0,-1,1,0,0,1,-1,0,2,0,0,1,-1,1,-1,-1,1,-1,1,-1,1,-1,1,0,0,1,-1,0,0,-1,1,0,0,-1,1,-1,1,-1,1,0,0,-1,1,1,-1,0,0,-1,1,-1,1,1,-1,0,0,-1,1,-1,1,1,-1,0,0,-1,1,-1,1,1,-1,-1,1,-1,1,0,0,-1,1,1,-1
2019-09-18 14:00:00,Fed Interest Rate Decision,schedule,0.11458564352775931,0.10301692420897719,0.09856780045013422,29.0,YM,stopped_post,6.0,-135.32999999999447,-157.82999999999447,0,2,1,-1,1,-1,1,0,1,-1,1,-1,1,-1,1,-1,1,-1,1,-1,1,-1,0,0,0,0,1,-1,0,0,1,-1,1,-1,1,-1,0,1,1,-1,1,-1,1,-1,1,-1,1,-1,0,0,0,-1,0,-1,0,0,1,-1,1,-1,-1,1,-1,1,0,0,1,-1,0,0,1,-1,1,-1,1,-1,-1,1,1,-1,0,0,1,-1,1,-1,1,-1,1,-1,1,-1,1,-1,1,-1,1,-1,1,-1,1,-1,1,-1,1,-1,1,-1,1,-1,1,-1,1,-1,1,-1,1,-1,1,-1,0,0,0,0,0,0,0,0,1,-1,0,0,0,0,1,-1,0,0,1,-1,1,-1,1,-1,1,-1,1,-1,1,-1,1,-1,-1,1,1,-1,1,-1,1,-1,-1,1,0,2,0,0,1,-1,1,-1,1,-1,1,0,1,-1,1,-1,0,0,1,-1,1,-1,1,-1,1,-1,1,-1,-1,1,0,2,0,0,0,0,1,-1,0,0,-1,1,0,0,1,-1,1,-1,1,-1,0,0,1,-1,-1,1,1,-1,1,-1,1,-1,1,-1,-1,1,1,-1,0,0,0,0,0,0,1,-1,-1,1,-1,1,-1,1,-1,1,-1,1,-1,1,1,-1,1,-1,0,0,-1,1,0,2,0,0,-1,1,-1,1,1,-1,1,-1,1,-1,1,-1,0,0,-1,1,0,0,1,-1,1,-1,-1,1,1,-1,1,-1,0,0,1,-1,1,-1,0,2,1,-1,1,-1,1,-1,0,0,1,-1,1,-1,1,-1,1,-1,-1,1,1,-1,-1,1,1,-1,1,-1,0,0,1,-1,-1,1
2019-10-04 08:30:00,Non Farm Payrolls,schedule,0.4865341148526989,0.1100531125891191,0.09591145012360636,45.0,YM,tp,9.0,522.1800000000076,499.68000000000757,0,0,-1,1,-1,1,0,2,0,0,1,-1,-1,1,-1,1,0,0,-1,1,1,-1,0,0,0,0,-1,1,0,0,-1,1,1,-1,1,-1,0,0,0,0,0,0,0,0,-1,1,-1,1,0,0,0,-1,0,0,0,2,0,0,-1,1,-1,1,-1,1,0,0,-1,1,1,-1,-1,1,0,0,1,-1,-1,1,-1,1,0,0,-1,1,-1,1,-1,1,-1,1,-1,1,0,0,0,0,1,-1,-1,1,0,0,0,0,-1,1,-1,1,-1,1,1,-1,1,-1,-1,1,-1,1,-1,1,-1,1,0,0,0,0,-1,1,0,0,0,0,0,0,0,0,0,2,0,0,0,0,-1,1,-1,1,1,-1,-1,1,-1,1,-1,1,-1,1,1,-1,-1,1,1,-1,0,0,0,0,-1,1,0,0,-1,1,-1,0,-1,1,-1,1,0,0,-1,1,-1,1,1,-1,-1,1,-1,1,-1,1,0,0,0,0,0,0,-1,1,0,0,1,-1,0,0,1,-1,1,-1,-1,1,0,0,-1,1,-1,1,1,-1,-1,1,-1,1,0,0,-1,1,1,-1,0,0,0,0,0,0,-1,1,-1,1,-1,1,-1,1,-1,1,1,-1,1,-1,-1,1,-1,1,0,0,-1,1,0,0,0,0,1,-1,-1,1,-1,1,1,-1,-1,1,-1,1,0,0,1,-1,0,0,0,0,-1,1,-1,1,-1,1,-1,1,0,0,1,-1,-1,1,0,0,-1,1,1,-1,-1,1,0,0,1,-1,-1,1,-1,1,-1,1,1,-1,-1,1,-1,1,-1,1,-1,1,0,0,0,0,-1,1
2019-10-10 08:30:00,Inflation Rate MoM,schedule,0.05335162531915704,0.03315100281783524,0.05219297809633834,37.0,YM,timed,899.0,150.0,127.5,0,0,-1,1,-1,1,0,2,0,0,-1,1,-1,1,-1,1,0,0,1,-1,-1,1,0,0,0,0,-1,1,0,0,1,-1,-1,1,-1,1,0,0,0,0,-1,1,-1,1,-1,1,-1,1,0,2,0,1,0,0,0,2,-1,1,-1,1,-1,1,-1,1,0,0,-1,1,1,-1,-1,1,0,0,-1,1,-1,1,-1,1,0,2,-1,1,-1,1,-1,1,-1,1,-1,1,0,0,-1,1,0,0,-1,1,-1,1,1,-1,-1,1,-1,1,-1,1,-1,1,-1,1,-1,1,0,0,-1,1,0,0,0,0,0,0,-1,1,-1,1,0,0,0,0,-1,1,0,2,1,-1,1,-1,1,-1,1,-1,-1,1,-1,1,-1,1,-1,1,-1,1,-1,1,-1,1,-1,1,0,0,0,0,-1,1,-1,1,-1,1,-1,0,-1,1,-1,1,0,0,-1,1,1,-1,-1,1,1,-1,-1,1,0,0,0,0,0,0,0,0,-1,1,0,0,-1,1,0,0,1,-1,1,-1,-1,1,0,0,-1,1,1,-1,-1,1,-1,1,-1,1,-1,1,-1,1,-1,1,0,0,0,0,0,0,-1,1,-1,1,-1,1,-1,1,1,-1,-1,1,1,-1,0,0,-1,1,-1,1,1,-1,0,0,0,2,1,-1,1,-1,-1,1,-1,1,1,-1,-1,1,0,0,1,-1,0,0,-1,1,0,0,-1,1,-1,1,-1,1,0,2,-1,1,-1,1,0,0,-1,1,-1,1,-1,1,0,0,-1,1,-1,1,-1,1,0,0,1,-1,-1,1,1,-1,0,0,-1,1,0,0,-1,1,-1,1
2019-10-16 08:30:00,Retail Sales MoM,tv,0.09266466510990029,0.025641964907139454,0.03119733005239364,41.0,YM,stopped_pre,-18.0,-134.9749999999949,-157.4749999999949,0,2,1,-1,1,-1,1,0,1,-1,1,-1,1,-1,1,-1,1,-1,1,-1,1,-1,0,0,0,2,1,-1,0,0,1,-1,1,-1,1,-1,0,1,1,-1,0,0,1,-1,1,-1,1,-1,0,0,0,-1,0,-1,0,0,0,0,1,-1,-1,1,-1,1,0,0,1,-1,1,-1,1,-1,1,-1,1,-1,-1,1,1,-1,0,0,1,-1,1,-1,1,-1,1,-1,1,-1,1,-1,1,-1,0,0,1,-1,1,-1,1,-1,1,-1,1,-1,1,-1,1,-1,1,-1,1,-1,0,0,1,-1,1,-1,0,0,0,0,1,-1,1,-1,0,0,0,0,1,-1,0,0,1,-1,1,-1,1,-1,1,-1,1,-1,1,-1,1,-1,-1,1,1,-1,1,-1,1,-1,-1,1,0,2,0,0,1,-1,1,-1,1,-1,1,0,1,-1,1,-1,0,0,1,-1,-1,1,1,-1,1,-1,1,-1,-1,1,0,0,0,0,0,0,1,-1,0,0,1,-1,0,0,1,-1,1,-1,1,-1,0,0,1,-1,1,-1,1,-1,1,-1,1,-1,1,-1,-1,1,1,-1,0,0,0,0,0,0,1,-1,-1,1,1,-1,-1,1,1,-1,1,-1,-1,1,1,-1,1,-1,1,-1,-1,1,0,2,0,0,1,-1,-1,1,1,-1,1,-1,1,-1,1,-1,0,0,-1,1,0,0,1,-1,1,-1,-1,1,1,-1,1,-1,0,0,1,-1,1,-1,0,2,-1,1,1,-1,1,-1,0,0,-1,1,1,-1,1,-1,1,-1,-1,1,-1,1,-1,1,1,-1,1,-1,0,0,1,-1,-1,1
2019-10-30 14:00:00,Fed Interest Rate Decision,schedule,0.0444592641991775,0.10456034125789229,0.09856780045013422,30.0,YM,stopped_pre,-5.0,-135.05499999999302,-157.55499999999302,0,0,1,-1,-1,1,1,0,-1,1,1,-1,-1,1,-1,1,0,0,-1,1,-1,1,0,0,0,0,-1,1,0,0,-1,1,-1,1,1,-1,0,0,0,0,0,0,0,0,-1,1,-1,1,0,0,0,-1,0,1,0,0,0,0,-1,1,-1,1,-1,1,0,0,-1,1,-1,1,1,-1,0,0,1,-1,1,-1,1,-1,0,2,1,-1,-1,1,-1,1,-1,1,-1,1,0,0,0,0,1,-1,-1,1,-1,1,-1,1,-1,1,1,-1,-1,1,-1,1,1,-1,1,-1,0,0,-1,1,0,0,0,0,0,0,0,0,-1,1,0,0,0,0,0,0,0,0,-1,1,-1,1,0,0,-1,1,1,-1,-1,1,-1,1,-1,1,-1,1,1,-1,-1,1,-1,1,0,0,0,0,-1,1,0,0,-1,1,-1,0,1,-1,-1,1,0,2,-1,1,1,-1,-1,1,-1,1,1,-1,1,-1,0,0,0,0,0,0,-1,1,0,0,-1,1,0,0,-1,1,-1,1,1,-1,0,0,-1,1,-1,1,1,-1,1,-1,1,-1,-1,1,1,-1,-1,1,0,0,0,0,0,0,1,-1,-1,1,-1,1,-1,1,1,-1,-1,1,-1,1,-1,1,-1,1,0,0,1,-1,0,0,0,0,-1,1,-1,1,-1,1,1,-1,-1,1,1,-1,0,0,1,-1,0,0,0,0,-1,1,1,-1,-1,1,-1,1,0,0,1,-1,-1,1,0,0,-1,1,-1,1,-1,1,0,0,1,-1,-1,1,-1,1,-1,1,1,-1,-1,1,-1,1,-1,1,-1,1,0,0,0,0,-1,1
2019-11-01 08:30:00,Non Farm Payrolls,schedule,0.23694927804516847,0.11205210373981501,0.11199624750662947,46.0,YM,timed,900.0,380.0,357.5,0,0,-1,1,-1,1,0,2,1,-1,1,-1,-1,1,1,-1,0,0,1,-1,1,-1,0,0,0,2,1,-1,0,0,-1,1,1,-1,1,-1,0,0,-1,1,0,0,0,0,-1,1,-1,1,0,2,0,-1,0,-1,0,0,0,0,-1,1,1,-1,1,-1,0,0,1,-1,0,0,1,-1,1,-1,1,-1,1,-1,-1,1,0,0,1,-1,-1,1,-1,1,1,-1,1,-1,0,0,0,0,1,-1,1,-1,0,0,-1,1,-1,1,-1,1,1,-1,-1,1,-1,1,1,-1,0,0,-1,1,0,0,0,0,0,0,0,0,-1,1,0,0,0,0,0,0,0,0,1,-1,-1,1,1,-1,1,-1,1,-1,1,-1,1,-1,-1,1,1,-1,-1,1,1,-1,1,-1,0,0,0,0,-1,1,0,0,1,-1,1,0,1,-1,-1,1,0,0,1,-1,1,-1,-1,1,1,-1,1,-1,0,0,0,0,0,0,0,0,-1,1,0,0,1,-1,0,0,-1,1,-1,1,1,-1,0,0,-1,1,-1,1,-1,1,1,-1,1,-1,-1,1,-1,1,-1,1,0,0,0,0,0,0,-1,1,1,-1,1,-1,1,-1,-1,1,1,-1,-1,1,0,0,1,-1,-1,1,-1,1,0,0,0,2,-1,1,-1,1,1,-1,-1,1,1,-1,-1,1,0,0,1,-1,0,0,0,0,-1,1,1,-1,1,-1,1,-1,0,0,1,-1,-1,1,0,2,-1,1,1,-1,-1,1,0,0,1,-1,1,-1,-1,1,0,0,1,-1,1,-1,-1,1,1,-1,1,-1,0,0,0,0,1,-1
2019-11-13 08:30:00,Inflation Rate MoM,schedule,0.018136970400464306,0.03685947706814683,0.05400141675061182,38.0,YM,timed,892.0,-35.0,-57.5,0,0,1,-1,1,-1,0,2,1,-1,1,-1,1,-1,1,-1,1,-1,1,-1,1,-1,0,0,0,0,1,-1,0,0,1,-1,1,-1,1,-1,0,1,0,0,0,0,1,-1,1,-1,1,-1,0,0,0,-1,0,0,0,0,1,-1,1,-1,1,-1,1,-1,0,0,1,-1,-1,1,1,-1,0,0,1,-1,1,-1,1,-1,0,0,1,-1,1,-1,-1,1,1,-1,1,-1,1,-1,1,-1,1,-1,1,-1,1,-1,1,-1,1,-1,1,-1,1,-1,1,-1,1,-1,1,-1,0,0,1,-1,1,-1,0,0,0,2,0,0,1,-1,0,0,0,0,1,-1,0,0,1,-1,1,-1,0,0,-1,1,1,-1,1,-1,1,-1,1,-1,1,-1,1,-1,-1,1,-1,1,0,0,0,0,1,-1,0,0,1,-1,1,0,1,-1,1,-1,0,0,1,-1,1,-1,1,-1,-1,1,1,-1,0,0,0,0,0,0,0,0,1,-1,0,0,-1,1,-1,1,-1,1,-1,1,1,-1,0,0,1,-1,-1,1,1,-1,1,-1,1,-1,1,-1,-1,1,1,-1,0,2,0,0,0,0,1,-1,1,-1,1,-1,1,-1,-1,1,1,-1,-1,1,1,-1,1,-1,1,-1,-1,1,0,0,0,2,-1,1,-1,1,1,-1,1,-1,1,-1,1,-1,0,0,-1,1,0,0,0,0,1,-1,-1,1,-1,1,1,-1,0,2,1,-1,1,-1,0,2,1,-1,1,-1,1,-1,0,0,-1,1,1,-1,1,-1,1,-1,1,-1,1,-1,-1,1,1,-1,1,-1,0,2,0,0,-1,1
2019-11-15 08:30:00,Retail Sales MoM,tv,0.03233920229967661,0.03119733005239364,0.03815639348853038,42.0,YM,timed,898.0,65.0,42.5,0,0,1,-1,1,-1,0,2,0,0,1,-1,1,-1,1,-1,1,-1,1,-1,1,-1,0,0,0,2,1,-1,0,0,-1,1,1,-1,1,-1,0,0,1,-1,-1,1,0,0,1,-1,1,-1,0,0,0,-1,0,-1,0,2,0,0,1,-1,1,-1,0,0,0,0,1,-1,1,-1,1,-1,0,0,1,-1,0,0,-1,1,0,0,1,-1,1,-1,-1,1,1,-1,1,-1,0,0,1,-1,0,0,1,-1,1,-1,-1,1,-1,1,1,-1,1,-1,1,-1,1,-1,1,-1,0,0,1,-1,1,-1,0,0,0,0,0,0,1,-1,0,0,0,0,1,-1,0,2,1,-1,-1,1,1,-1,-1,1,1,-1,1,-1,1,-1,1,-1,1,-1,1,-1,1,-1,1,-1,0,0,0,0,1,-1,0,0,1,-1,1,0,1,-1,1,-1,0,0,1,-1,1,-1,0,0,-1,1,1,-1,0,0,0,0,0,0,0,0,1,-1,0,0,1,-1,0,0,1,-1,1,-1,1,-1,0,0,1,-1,-1,1,1,-1,1,-1,-1,1,1,-1,1,-1,0,0,0,0,0,0,0,0,1,-1,1,-1,-1,1,1,-1,1,-1,1,-1,-1,1,1,-1,-1,1,1,-1,-1,1,0,0,0,0,1,-1,1,-1,1,-1,1,-1,1,-1,1,-1,0,0,1,-1,0,0,1,-1,1,-1,1,-1,1,-1,1,-1,0,0,1,-1,1,-1,0,2,1,-1,1,-1,-1,1,0,0,1,-1,1,-1,1,-1,0,0,1,-1,1,-1,1,-1,1,-1,1,-1,0,0,1,-1,1,-1
2019-12-06 08:30:00,Non Farm Payrolls,schedule,0.25617896445967886,0.11405109489051093,0.12855087314622138,47.0,YM,stopped_pre,-1.0,-138.6750000000029,-161.1750000000029,0,0,1,-1,1,-1,0,2,0,0,1,-1,-1,1,1,-1,0,0,-1,1,-1,1,0,0,0,2,1,-1,0,0,1,-1,1,-1,1,-1,0,0,-1,1,0,0,0,0,1,-1,1,-1,0,0,0,-1,0,-1,0,0,0,0,1,-1,1,-1,0,0,0,0,1,-1,1,-1,1,-1,1,-1,1,-1,0,0,1,-1,0,0,1,-1,1,-1,1,-1,1,-1,1,-1,1,-1,1,-1,0,0,1,-1,0,0,0,0,-1,1,1,-1,1,-1,-1,1,1,-1,1,-1,0,0,1,-1,0,0,0,0,0,0,0,0,0,0,0,0,0,0,1,-1,0,0,0,0,0,0,0,0,-1,1,1,-1,1,-1,1,-1,1,-1,1,-1,1,-1,1,-1,-1,1,0,0,0,2,1,-1,0,0,1,-1,1,0,1,-1,1,-1,0,0,1,-1,1,-1,1,-1,-1,1,1,-1,-1,1,0,0,0,0,0,0,1,-1,0,0,1,-1,0,0,1,-1,1,-1,1,-1,0,0,1,-1,-1,1,-1,1,1,-1,1,-1,0,0,1,-1,1,-1,0,0,0,0,0,0,1,-1,1,-1,-1,1,1,-1,-1,1,1,-1,-1,1,0,0,1,-1,0,0,-1,1,0,0,0,0,-1,1,-1,1,1,-1,1,-1,1,-1,1,-1,0,0,-1,1,0,0,1,-1,0,0,1,-1,1,-1,1,-1,0,0,1,-1,0,0,0,0,1,-1,1,-1,-1,1,0,0,1,-1,1,-1,-1,1,0,0,1,-1,1,-1,-1,1,0,0,1,-1,0,0,1,-1,1,-1
2019-12-11 08:30:00,Inflation Rate MoM,schedule,0.007171286170174621,0.03315100281783524,0.05400141675061182,39.0,YM,timed,900.0,20.0,-2.5,0,0,-1,1,-1,1,0,2,-1,1,-1,1,-1,1,-1,1,0,0,-1,1,1,-1,0,0,0,2,-1,1,0,0,-1,1,-1,1,-1,1,0,0,0,0,-1,1,-1,1,-1,1,-1,1,0,2,0,1,0,1,0,0,0,0,-1,1,-1,1,1,-1,0,0,-1,1,1,-1,-1,1,-1,1,-1,1,1,-1,-1,1,0,2,-1,1,-1,1,-1,1,-1,1,-1,1,0,0,0,0,-1,1,-1,1,-1,1,-1,1,-1,1,-1,1,-1,1,-1,1,-1,1,-1,1,-1,1,-1,1,-1,1,0,0,0,0,0,0,-1,1,0,0,0,0,0,0,0,2,-1,1,-1,1,-1,1,1,-1,-1,1,-1,1,-1,1,-1,1,-1,1,-1,1,-1,1,1,-1,0,0,0,2,-1,1,-1,1,-1,1,-1,0,-1,1,-1,1,0,0,-1,1,-1,1,-1,1,1,-1,-1,1,-1,1,0,0,0,0,0,0,-1,1,0,0,1,-1,0,0,1,-1,1,-1,-1,1,0,0,-1,1,1,-1,-1,1,-1,1,1,-1,0,0,1,-1,-1,1,0,0,0,0,0,0,-1,1,-1,1,1,-1,-1,1,1,-1,-1,1,1,-1,-1,1,-1,1,0,0,1,-1,0,0,0,2,-1,1,1,-1,-1,1,-1,1,-1,1,-1,1,0,0,1,-1,0,0,0,0,-1,1,-1,1,-1,1,-1,1,0,0,-1,1,-1,1,0,0,-1,1,-1,1,1,-1,0,0,1,-1,-1,1,-1,1,-1,1,-1,1,-1,1,1,-1,-1,1,-1,1,0,0,-1,1,-1,1
2019-12-11 14:00:00,Fed Interest Rate Decision,schedule,0.010768126346015794,0.10301692420897719,0.09101214134465409,31.0,YM,timed,900.0,145.0,122.5,0,0,1,-1,1,-1,0,2,0,0,-1,1,-1,1,1,-1,0,0,-1,1,-1,1,0,0,0,0,1,-1,0,0,1,-1,1,-1,1,-1,0,0,0,0,0,0,0,0,1,-1,1,-1,0,0,0,-1,0,-1,0,0,0,0,1,-1,1,-1,1,-1,0,0,1,-1,0,0,1,-1,0,0,1,-1,1,-1,1,-1,0,0,1,-1,1,-1,1,-1,1,-1,-1,1,1,-1,0,0,0,0,1,-1,1,-1,1,-1,1,-1,1,-1,1,-1,1,-1,1,-1,1,-1,0,0,1,-1,1,-1,0,0,0,0,0,0,1,-1,0,0,0,0,0,0,0,2,-1,1,0,0,0,0,1,-1,1,-1,1,-1,1,-1,1,-1,1,-1,1,-1,1,-1,-1,1,0,0,0,2,1,-1,0,0,1,-1,1,0,1,-1,1,-1,0,0,1,-1,1,-1,1,-1,-1,1,1,-1,-1,1,0,0,0,0,0,0,1,-1,0,0,1,-1,0,0,-1,1,-1,1,1,-1,0,0,1,-1,1,-1,1,-1,1,-1,1,-1,1,-1,1,-1,1,-1,0,0,0,0,0,0,1,-1,1,-1,-1,1,1,-1,1,-1,1,-1,-1,1,0,0,1,-1,1,-1,-1,1,0,0,0,0,1,-1,-1,1,-1,1,1,-1,1,-1,1,-1,0,0,-1,1,0,0,0,0,0,0,-1,1,1,-1,1,-1,0,0,1,-1,1,-1,0,2,1,-1,1,-1,-1,1,0,0,1,-1,1,-1,-1,1,0,0,1,-1,1,-1,-1,1,0,0,1,-1,0,0,1,-1,1,-1
2019-12-13 08:30:00,Retail Sales MoM,tv,0.014179871672161367,0.03233920229967661,0.03815639348853038,43.0,YM,timed,899.0,60.0,37.5,0,0,1,-1,-1,1,0,2,1,-1,1,-1,-1,1,1,-1,1,-1,1,-1,1,-1,0,0,0,0,1,-1,0,0,-1,1,1,-1,1,-1,0,0,0,0,0,0,0,0,-1,1,1,-1,0,2,0,-1,0,-1,0,2,0,0,1,-1,1,-1,1,-1,0,0,1,-1,1,-1,1,-1,1,-1,1,-1,1,-1,-1,1,0,0,-1,1,1,-1,1,-1,1,-1,1,-1,0,0,0,0,1,-1,1,-1,0,0,0,0,1,-1,1,-1,1,-1,-1,1,-1,1,-1,1,0,0,1,-1,0,0,0,0,0,2,0,0,0,0,0,0,0,2,0,0,0,0,1,-1,1,-1,1,-1,1,-1,1,-1,1,-1,1,-1,1,-1,1,-1,-1,1,1,-1,1,-1,0,0,0,0,1,-1,0,0,1,-1,1,0,1,-1,1,-1,0,0,1,-1,1,-1,1,-1,1,-1,1,-1,1,-1,0,0,0,2,0,0,1,-1,0,0,1,-1,0,0,1,-1,1,-1,1,-1,0,0,1,-1,-1,1,-1,1,1,-1,1,-1,-1,1,1,-1,0,0,0,2,0,0,0,0,1,-1,1,-1,1,-1,1,-1,-1,1,1,-1,-1,1,0,0,1,-1,-1,1,1,-1,0,0,0,2,-1,1,1,-1,1,-1,-1,1,1,-1,1,-1,0,0,-1,1,0,0,0,0,1,-1,1,-1,1,-1,1,-1,0,2,1,-1,1,-1,0,2,-1,1,1,-1,-1,1,0,2,-1,1,1,-1,-1,1,1,-1,1,-1,1,-1,1,-1,1,-1,1,-1,0,2,0,0,1,-1
2020-01-10 08:30:00,Non Farm Payrolls,schedule,0.010358043020405345,0.12054327466548875,0.13258296391675628,48.0,YM,stopped_post,863.0,-144.80999999999767,-167.30999999999767,0,0,1,-1,1,-1,-1,0,-1,1,-1,1,-1,1,-1,1,0,0,-1,1,-1,1,0,0,0,0,-1,1,0,0,1,-1,-1,1,1,-1,0,0,-1,1,0,0,0,0,1,-1,1,-1,0,0,0,-1,0,1,0,0,0,0,-1,1,-1,1,-1,1,0,0,-1,1,0,0,1,-1,0,0,-1,1,-1,1,1,-1,0,2,-1,1,-1,1,-1,1,-1,1,-1,1,0,0,0,0,-1,1,-1,1,-1,1,-1,1,-1,1,1,-1,-1,1,-1,1,1,-1,-1,1,0,0,1,-1,1,-1,0,0,0,0,0,0,-1,1,0,0,0,0,0,0,0,2,-1,1,-1,1,-1,1,0,0,1,-1,-1,1,-1,1,1,-1,-1,1,1,-1,-1,1,-1,1,0,0,0,0,-1,1,0,0,-1,1,-1,0,1,-1,-1,1,0,2,-1,1,1,-1,-1,1,-1,1,-1,1,-1,1,0,0,0,0,0,0,-1,1,0,0,1,-1,0,0,1,-1,1,-1,1,-1,0,0,1,-1,-1,1,-1,1,-1,1,1,-1,-1,1,1,-1,1,-1,0,0,0,0,0,0,1,-1,-1,1,-1,1,-1,1,1,-1,-1,1,-1,1,-1,1,-1,1,-1,1,-1,1,0,0,0,0,1,-1,-1,1,-1,1,1,-1,-1,1,1,-1,0,0,-1,1,0,0,0,0,-1,1,1,-1,-1,1,1,-1,0,0,-1,1,-1,1,0,0,1,-1,-1,1,1,-1,0,0,1,-1,-1,1,-1,1,-1,1,-1,1,-1,1,-1,1,-1,1,-1,1,0,0,0,0,-1,1
2020-01-14 08:30:00,Inflation Rate MoM,schedule,0.055428531836762975,0.03241547244439916,0.05400141675061182,40.0,YM,timed,900.0,90.0,67.5,0,0,-1,1,-1,1,0,2,-1,1,-1,1,1,-1,-1,1,-1,1,-1,1,-1,1,0,0,0,2,-1,1,0,0,-1,1,-1,1,-1,1,0,0,0,0,0,0,-1,1,-1,1,-1,1,0,2,0,1,0,1,0,0,-1,1,-1,1,1,-1,-1,1,0,0,-1,1,0,0,-1,1,-1,1,-1,1,1,-1,-1,1,0,0,-1,1,-1,1,-1,1,-1,1,-1,1,-1,1,-1,1,0,0,-1,1,-1,1,-1,1,-1,1,-1,1,-1,1,-1,1,-1,1,-1,1,0,0,-1,1,0,0,0,0,0,0,0,0,-1,1,0,0,0,0,-1,1,0,0,0,0,-1,1,-1,1,1,-1,-1,1,-1,1,-1,1,1,-1,-1,1,-1,1,-1,1,1,-1,0,0,0,0,-1,1,-1,1,-1,1,-1,0,-1,1,-1,1,0,0,-1,1,-1,1,-1,1,1,-1,-1,1,0,0,0,0,0,0,0,0,-1,1,0,0,-1,1,0,0,1,-1,-1,1,-1,1,0,0,-1,1,1,-1,-1,1,-1,1,-1,1,0,0,1,-1,-1,1,0,0,0,0,0,0,-1,1,-1,1,1,-1,1,-1,-1,1,-1,1,1,-1,0,0,-1,1,0,0,1,-1,0,0,0,0,1,-1,1,-1,-1,1,-1,1,-1,1,-1,1,0,0,-1,1,0,0,-1,1,0,0,1,-1,-1,1,-1,1,0,0,-1,1,-1,1,0,0,-1,1,-1,1,-1,1,0,0,1,-1,-1,1,1,-1,0,0,-1,1,-1,1,1,-1,-1,1,-1,1,0,0,-1,1,-1,1
2020-01-16 08:30:00,Retail Sales MoM,tv,0.010308924091955603,0.028990583603408032,0.03815639348853038,44.0,YM,timed,900.0,55.0,32.5,0,0,-1,1,1,-1,0,2,1,-1,-1,1,1,-1,1,-1,0,0,1,-1,-1,1,0,0,0,2,1,-1,0,0,1,-1,-1,1,-1,1,0,0,0,0,0,0,0,0,1,-1,1,-1,0,2,0,-1,0,0,0,0,0,0,1,-1,1,-1,1,-1,0,0,1,-1,1,-1,1,-1,0,0,1,-1,-1,1,1,-1,0,0,1,-1,1,-1,1,-1,-1,1,1,-1,0,0,-1,1,-1,1,1,-1,1,-1,0,0,1,-1,-1,1,1,-1,1,-1,-1,1,1,-1,0,0,0,0,-1,1,0,0,0,0,0,0,1,-1,0,0,0,2,0,0,0,2,1,-1,1,-1,1,-1,1,-1,-1,1,1,-1,-1,1,-1,1,1,-1,-1,1,1,-1,1,-1,0,0,0,0,1,-1,0,0,1,-1,1,0,1,-1,1,-1,0,0,1,-1,1,-1,1,-1,-1,1,1,-1,1,-1,0,0,0,2,0,0,1,-1,0,0,1,-1,1,-1,1,-1,1,-1,1,-1,0,0,1,-1,-1,1,1,-1,1,-1,1,-1,0,0,1,-1,1,-1,0,0,0,0,0,0,1,-1,1,-1,-1,1,1,-1,-1,1,-1,1,-1,1,1,-1,1,-1,1,-1,1,-1,0,0,0,2,-1,1,-1,1,1,-1,-1,1,1,-1,-1,1,0,0,1,-1,0,0,0,0,1,-1,1,-1,1,-1,1,-1,0,0,1,-1,1,-1,0,2,1,-1,1,-1,-1,1,0,2,-1,1,1,-1,1,-1,1,-1,1,-1,1,-1,-1,1,1,-1,1,-1,0,0,0,0,1,-1
2020-01-29 14:00:00,Fed Interest Rate Decision,schedule,0.03471860570079506,0.10235905382046492,0.08390242063128722,32.0,YM,timed,900.0,90.0,67.5,0,2,-1,1,-1,1,-1,0,0,0,-1,1,1,-1,-1,1,-1,1,-1,1,-1,1,0,0,0,0,-1,1,0,0,-1,1,-1,1,-1,1,0,-1,0,0,0,0,-1,1,-1,1,-1,1,0,0,0,1,0,1,0,0,-1,1,-1,1,1,-1,1,-1,0,0,-1,1,1,-1,-1,1,-1,1,-1,1,1,-1,-1,1,0,0,-1,1,-1,1,-1,1,-1,1,-1,1,-1,1,-1,1,-1,1,-1,1,0,0,1,-1,-1,1,-1,1,-1,1,1,-1,-1,1,-1,1,-1,1,-1,1,-1,1,0,0,0,0,0,0,0,0,0,0,0,0,-1,1,0,0,-1,1,1,-1,-1,1,1,-1,-1,1,-1,1,-1,1,1,-1,-1,1,-1,1,-1,1,1,-1,0,0,0,0,-1,1,-1,1,-1,1,-1,0,-1,1,-1,1,0,0,-1,1,-1,1,-1,1,1,-1,-1,1,0,0,0,0,0,0,0,0,-1,1,0,0,1,-1,0,0,1,-1,1,-1,-1,1,0,0,-1,1,1,-1,-1,1,-1,1,-1,1,0,0,-1,1,-1,1,0,0,0,0,0,0,-1,1,-1,1,1,-1,1,-1,-1,1,-1,1,1,-1,0,0,-1,1,0,0,1,-1,0,2,0,0,1,-1,1,-1,-1,1,-1,1,-1,1,-1,1,0,0,1,-1,0,0,-1,1,0,0,-1,1,-1,1,-1,1,0,0,-1,1,-1,1,0,0,-1,1,-1,1,1,-1,0,0,1,-1,-1,1,1,-1,0,0,1,-1,-1,1,1,-1,0,0,-1,1,0,0,-1,1,1,-1
2020-02-07 08:30:00,Non Farm Payrolls,schedule,0.11617973688706647,0.11405109489051093,0.13258296391675628,49.0,YM,stopped_post,328.0,-146.21499999999287,-168.71499999999287,0,0,1,-1,1,-1,0,2,0,0,1,-1,-1,1,1,-1,0,0,1,-1,1,-1,0,0,0,0,1,-1,0,0,1,-1,1,-1,1,-1,0,0,0,0,-1,1,1,-1,1,-1,1,-1,0,0,0,-1,0,-1,0,0,0,0,-1,1,1,-1,1,-1,0,0,1,-1,-1,1,1,-1,1,-1,1,-1,-1,1,1,-1,0,2,1,-1,1,-1,1,-1,1,-1,1,-1,1,-1,1,-1,1,-1,1,-1,1,-1,0,0,1,-1,1,-1,1,-1,1,-1,1,-1,1,-1,1,-1,1,-1,1,-1,0,0,0,0,0,0,1,-1,0,0,0,0,1,-1,0,0,0,0,1,-1,1,-1,1,-1,1,-1,1,-1,1,-1,-1,1,1,-1,1,-1,1,-1,-1,1,0,0,0,0,1,-1,1,-1,1,-1,1,0,1,-1,1,-1,0,2,1,-1,1,-1,1,-1,-1,1,1,-1,-1,1,0,0,0,0,0,0,1,-1,0,0,-1,1,0,0,-1,1,-1,1,1,-1,0,0,1,-1,1,-1,1,-1,1,-1,1,-1,1,-1,1,-1,1,-1,0,0,0,0,0,0,1,-1,1,-1,1,-1,-1,1,1,-1,-1,1,-1,1,0,0,1,-1,1,-1,-1,1,0,2,0,0,-1,1,-1,1,-1,1,1,-1,1,-1,1,-1,0,0,-1,1,0,0,1,-1,0,0,1,-1,1,-1,1,-1,0,0,1,-1,-1,1,0,2,1,-1,1,-1,-1,1,0,0,-1,1,1,-1,-1,1,0,0,1,-1,1,-1,-1,1,1,-1,-1,1,0,0,1,-1,1,-1
2020-02-13 08:30:00,Inflation Rate MoM,schedule,0.023847647599904608,0.03315100281783524,0.05400141675061182,41.0,YM,timed,900.0,30.0,7.5,0,0,1,-1,-1,1,0,2,1,-1,1,-1,1,-1,1,-1,0,0,1,-1,1,-1,0,0,0,2,1,-1,0,0,1,-1,1,-1,1,-1,0,0,0,0,-1,1,1,-1,1,-1,-1,1,0,2,0,-1,0,0,0,0,1,-1,-1,1,1,-1,-1,1,0,0,-1,1,-1,1,1,-1,1,-1,1,-1,1,-1,1,-1,0,0,1,-1,1,-1,-1,1,1,-1,1,-1,1,-1,1,-1,1,-1,1,-1,1,-1,1,-1,1,-1,1,-1,1,-1,1,-1,1,-1,1,-1,0,0,1,-1,1,-1,0,0,0,2,0,0,1,-1,0,0,0,2,0,0,0,0,1,-1,1,-1,1,-1,-1,1,1,-1,1,-1,1,-1,1,-1,1,-1,1,-1,-1,1,-1,1,0,0,0,2,1,-1,0,0,1,-1,1,0,-1,1,1,-1,0,0,1,-1,1,-1,1,-1,1,-1,1,-1,0,0,0,0,0,2,0,0,1,-1,0,0,-1,1,0,0,-1,1,-1,1,-1,1,0,0,1,-1,1,-1,-1,1,1,-1,-1,1,1,-1,1,-1,1,-1,0,2,0,0,0,0,-1,1,1,-1,-1,1,1,-1,1,-1,1,-1,-1,1,1,-1,1,-1,1,-1,1,-1,0,0,0,2,-1,1,-1,1,-1,1,1,-1,1,-1,1,-1,0,0,-1,1,0,0,0,0,1,-1,-1,1,-1,1,-1,1,0,0,1,-1,-1,1,0,2,-1,1,1,-1,-1,1,0,0,-1,1,1,-1,1,-1,1,-1,-1,1,1,-1,-1,1,1,-1,-1,1,0,2,0,0,1,-1
2020-02-14 08:30:00,Retail Sales MoM,tv,0.0543017138978449,0.025641964907139454,0.03815639348853038,45.0,YM,stopped_post,425.0,-150.0,-172.5,0,0,1,-1,1,-1,0,2,-1,1,-1,1,-1,1,-1,1,-1,1,-1,1,-1,1,0,0,0,2,-1,1,0,0,-1,1,-1,1,-1,1,0,0,1,-1,-1,1,0,0,-1,1,1,-1,0,0,0,1,0,0,0,0,0,0,1,-1,1,-1,-1,1,0,0,1,-1,1,-1,-1,1,-1,1,1,-1,-1,1,1,-1,0,0,-1,1,-1,1,1,-1,-1,1,-1,1,0,0,-1,1,0,0,-1,1,-1,1,-1,1,-1,1,-1,1,-1,1,-1,1,-1,1,-1,1,0,0,-1,1,-1,1,0,0,0,0,0,0,-1,1,0,0,0,0,0,0,0,0,-1,1,-1,1,-1,1,1,-1,-1,1,-1,1,-1,1,-1,1,-1,1,1,-1,1,-1,1,-1,0,0,0,2,1,-1,0,0,-1,1,-1,0,1,-1,-1,1,0,0,-1,1,1,-1,-1,1,-1,1,1,-1,0,0,0,0,0,0,0,0,-1,1,0,0,1,-1,0,0,1,-1,1,-1,1,-1,0,0,1,-1,-1,1,1,-1,-1,1,1,-1,0,0,-1,1,-1,1,0,0,0,0,0,0,1,-1,-1,1,1,-1,1,-1,-1,1,-1,1,1,-1,-1,1,1,-1,0,0,-1,1,0,0,0,2,-1,1,-1,1,-1,1,-1,1,-1,1,-1,1,0,0,1,-1,0,0,-1,1,-1,1,1,-1,-1,1,-1,1,0,2,1,-1,1,-1,0,2,-1,1,-1,1,-1,1,0,0,-1,1,-1,1,-1,1,-1,1,1,-1,-1,1,-1,1,-1,1,1,-1,0,0,0,0,-1,1
2020-03-06 08:30:00,Non Farm Payrolls,schedule,0.08287946957139473,0.11511541588878871,0.12855087314622138,50.0,YM,tp,2.0,505.7599999999911,483.2599999999911,0,0,1,-1,1,-1,0,2,0,0,-1,1,-1,1,-1,1,0,0,-1,1,1,-1,0,0,0,0,-1,1,-1,1,1,-1,-1,1,-1,1,0,0,-1,1,0,0,0,0,-1,1,-1,1,0,2,0,-1,0,0,0,2,0,0,-1,1,-1,1,1,-1,0,0,-1,1,-1,1,1,-1,1,-1,-1,1,1,-1,1,-1,0,0,-1,1,-1,1,1,-1,-1,1,-1,1,0,0,-1,1,-1,1,-1,1,-1,1,-1,1,-1,1,1,-1,-1,1,-1,1,-1,1,1,-1,0,0,-1,1,-1,1,0,0,0,0,0,0,-1,1,0,0,0,0,0,0,0,2,-1,1,-1,1,-1,1,0,0,-1,1,-1,1,-1,1,-1,1,-1,1,1,-1,1,-1,1,-1,0,0,0,2,1,-1,1,-1,-1,1,-1,0,1,-1,-1,1,0,0,-1,1,-1,1,1,-1,-1,1,-1,1,-1,1,0,0,0,0,0,0,-1,1,-1,1,-1,1,-1,1,-1,1,-1,1,1,-1,0,0,-1,1,-1,1,1,-1,1,-1,1,-1,-1,1,-1,1,-1,1,0,0,0,0,0,0,1,-1,-1,1,1,-1,-1,1,-1,1,-1,1,-1,1,-1,1,1,-1,-1,1,-1,1,0,0,0,2,1,-1,-1,1,1,-1,-1,1,-1,1,1,-1,0,0,-1,1,0,0,1,-1,-1,1,1,-1,1,-1,1,-1,0,2,-1,1,-1,1,0,2,-1,1,-1,1,-1,1,0,0,1,-1,-1,1,-1,1,-1,1,-1,1,-1,1,-1,1,-1,1,-1,1,0,0,0,0,-1,1
2020-03-11 08:30:00,Inflation Rate MoM,schedule,0.03310299168287334,0.03241547244439916,0.051543186664883556,42.0,YM,stopped_pre,-186.0,-120.9900000000016,-143.4900000000016,0,0,1,-1,-1,1,0,2,0,0,1,-1,-1,1,-1,1,0,0,1,-1,1,-1,0,0,0,2,-1,1,-1,1,1,-1,-1,1,-1,1,0,0,0,0,1,-1,0,0,-1,1,-1,1,0,0,0,-1,0,1,0,0,0,0,-1,1,0,0,-1,1,0,0,-1,1,-1,1,-1,1,1,-1,1,-1,1,-1,1,-1,0,2,1,-1,-1,1,1,-1,-1,1,-1,1,0,0,0,0,1,-1,-1,1,-1,1,-1,1,-1,1,1,-1,-1,1,-1,1,-1,1,1,-1,0,0,-1,1,0,0,0,0,0,0,0,0,-1,1,0,0,0,0,0,0,0,2,-1,1,-1,1,0,0,0,0,1,-1,-1,1,-1,1,-1,1,-1,1,1,-1,-1,1,1,-1,0,0,0,0,-1,1,0,0,-1,1,-1,0,1,-1,-1,1,0,2,-1,1,1,-1,-1,1,-1,1,1,-1,0,0,0,0,0,0,0,0,-1,1,0,0,1,-1,0,0,-1,1,-1,1,1,-1,0,0,1,-1,0,0,-1,1,1,-1,-1,1,-1,1,-1,1,-1,1,0,0,0,0,0,0,1,-1,-1,1,1,-1,0,0,-1,1,1,-1,-1,1,-1,1,1,-1,-1,1,1,-1,0,0,0,0,1,-1,-1,1,1,-1,1,-1,-1,1,1,-1,0,0,1,-1,0,0,1,-1,-1,1,1,-1,-1,1,1,-1,0,2,1,-1,-1,1,0,0,-1,1,-1,1,-1,1,0,0,1,-1,-1,1,-1,1,-1,1,1,-1,-1,1,-1,1,-1,1,-1,1,0,0,0,0,-1,1
2020-03-17 08:30:00,Retail Sales MoM,tv,0.06833935370496926,0.028990583603408032,0.03815639348853038,46.0,YM,stopped_pre,-280.0,-105.0,-127.5,0,0,-1,1,1,-1,0,2,1,-1,1,-1,1,-1,1,-1,1,-1,1,-1,1,-1,0,0,0,2,1,-1,0,0,-1,1,1,-1,1,-1,0,0,0,0,0,0,1,-1,1,-1,1,-1,0,2,0,-1,0,-1,0,0,1,-1,1,-1,1,-1,-1,1,0,0,1,-1,-1,1,1,-1,1,-1,1,-1,-1,1,1,-1,0,0,1,-1,1,-1,1,-1,1,-1,1,-1,1,-1,1,-1,1,-1,1,-1,1,-1,1,-1,1,-1,1,-1,1,-1,1,-1,-1,1,1,-1,1,-1,1,-1,0,0,0,0,0,0,0,0,1,-1,0,0,0,0,1,-1,0,0,1,-1,1,-1,1,-1,1,-1,1,-1,1,-1,1,-1,-1,1,1,-1,1,-1,1,-1,-1,1,0,0,0,0,1,-1,0,0,1,-1,1,0,1,-1,1,-1,0,0,1,-1,1,-1,1,-1,-1,1,1,-1,1,-1,0,0,0,0,0,0,1,-1,0,0,-1,1,0,0,-1,1,-1,1,1,-1,0,0,1,-1,1,-1,1,-1,1,-1,1,-1,0,0,-1,1,1,-1,0,0,0,0,0,0,1,-1,1,-1,-1,1,-1,1,1,-1,1,-1,-1,1,1,-1,1,-1,0,0,-1,1,0,0,0,0,-1,1,-1,1,1,-1,1,-1,1,-1,1,-1,0,0,-1,1,0,0,1,-1,1,-1,1,-1,1,-1,1,-1,0,0,1,-1,1,-1,0,2,1,-1,1,-1,1,-1,0,0,1,-1,1,-1,1,-1,1,-1,1,-1,1,-1,-1,1,1,-1,1,-1,0,0,1,-1,1,-1
2020-04-03 08:30:00,Non Farm Payrolls,schedule,0.023712415820923836,0.11405109489051093,0.12160759566376653,51.0,YM,stopped_pre,-248.0,-115.0,-137.5,0,0,1,-1,1,-1,0,2,-1,1,1,-1,1,-1,-1,1,-1,1,-1,1,1,-1,0,0,0,2,-1,1,0,0,1,-1,-1,1,1,-1,0,0,0,0,0,0,0,0,-1,1,1,-1,0,2,0,-1,0,1,0,0,0,0,-1,1,-1,1,1,-1,0,0,-1,1,1,-1,-1,1,0,0,1,-1,-1,1,1,-1,0,2,-1,1,-1,1,-1,1,-1,1,-1,1,0,0,0,0,1,-1,-1,1,0,0,0,0,-1,1,1,-1,-1,1,-1,1,1,-1,-1,1,0,0,1,-1,0,0,0,0,0,0,0,0,0,0,0,0,0,2,0,0,0,0,-1,1,-1,1,-1,1,0,0,1,-1,-1,1,-1,1,-1,1,-1,1,1,-1,-1,1,-1,1,0,0,0,0,-1,1,0,0,-1,1,-1,0,-1,1,-1,1,0,0,-1,1,-1,1,-1,1,-1,1,1,-1,0,0,0,0,0,0,0,0,-1,1,0,0,1,-1,0,0,1,-1,1,-1,-1,1,0,0,1,-1,0,0,1,-1,-1,1,-1,1,0,0,-1,1,-1,1,0,0,0,0,0,0,-1,1,-1,1,1,-1,-1,1,1,-1,-1,1,1,-1,-1,1,-1,1,0,0,1,-1,0,0,0,0,-1,1,-1,1,-1,1,1,-1,-1,1,1,-1,0,0,-1,1,0,0,0,0,-1,1,-1,1,-1,1,-1,1,0,0,-1,1,-1,1,0,0,-1,1,-1,1,-1,1,0,2,-1,1,-1,1,1,-1,-1,1,1,-1,-1,1,-1,1,-1,1,-1,1,0,0,0,0,-1,1
2020-04-10 08:30:00,Inflation Rate MoM,schedule,,,,,YM,,,,,0,2,1,-1,1,-1,0,2,1,-1,1,-1,1,-1,1,-1,0,0,1,-1,1,-1,0,2,0,2,1,-1,1,-1,1,-1,1,-1,1,-1,0,1,1,-1,1,-1,1,-1,1,-1,1,-1,0,0,0,-1,0,-1,0,0,1,-1,1,-1,1,-1,-1,1,0,0,1,-1,1,-1,1,-1,1,-1,1,-1,1,-1,1,-1,0,0,1,-1,1,-1,1,-1,1,-1,1,-1,1,-1,1,-1,1,-1,1,-1,1,-1,1,-1,1,-1,1,-1,1,-1,1,-1,1,-1,1,-1,1,-1,1,-1,0,0,0,2,0,2,0,0,1,-1,0,0,0,2,1,-1,0,2,1,-1,1,-1,1,-1,-1,1,1,-1,1,-1,1,-1,-1,1,1,-1,1,-1,1,-1,-1,1,0,0,0,0,1,-1,1,-1,1,-1,1,0,1,-1,1,-1,0,0,1,-1,1,-1,1,-1,1,-1,1,-1,1,-1,0,0,0,2,0,0,1,-1,1,-1,1,-1,1,-1,1,-1,1,-1,1,-1,0,0,1,-1,1,-1,-1,1,1,-1,1,-1,1,-1,1,-1,1,-1,0,2,0,0,0,0,1,-1,1,-1,-1,1,1,-1,1,-1,1,-1,-1,1,1,-1,1,-1,0,0,-1,1,0,2,0,2,-1,1,-1,1,1,-1,1,-1,1,-1,1,-1,0,0,-1,1,0,0,1,-1,1,-1,-1,1,1,-1,1,-1,0,0,1,-1,1,-1,0,2,-1,1,1,-1,-1,1,0,0,1,-1,1,-1,1,-1,1,-1,1,-1,1,-1,-1,1,1,-1,1,-1,0,2,1,-1,-1,1
2020-04-15 08:30:00,Retail Sales MoM,tv,0.008552856654122476,0.03233920229967661,0.03815639348853038,47.0,YM,stopped_post,10.0,-116.91500000000815,-139.41500000000815,0,2,-1,1,-1,1,-1,0,-1,1,-1,1,-1,1,-1,1,-1,1,-1,1,-1,1,0,0,0,2,-1,1,0,0,-1,1,-1,1,-1,1,0,0,0,0,-1,1,-1,1,-1,1,-1,1,0,0,0,1,0,1,0,0,-1,1,-1,1,1,-1,1,-1,0,0,-1,1,-1,1,-1,1,-1,1,-1,1,1,-1,-1,1,0,2,-1,1,-1,1,-1,1,-1,1,-1,1,-1,1,-1,1,-1,1,-1,1,-1,1,-1,1,-1,1,-1,1,-1,1,-1,1,-1,1,-1,1,-1,1,-1,1,-1,1,0,0,0,0,0,0,-1,1,0,0,0,0,-1,1,0,0,-1,1,-1,1,-1,1,0,0,-1,1,-1,1,-1,1,1,-1,-1,1,-1,1,-1,1,1,-1,0,2,0,0,-1,1,-1,1,-1,1,-1,0,-1,1,-1,1,0,0,-1,1,-1,1,-1,1,-1,1,-1,1,0,0,0,2,0,0,0,0,-1,1,-1,1,-1,1,-1,1,-1,1,-1,1,-1,1,0,0,-1,1,-1,1,-1,1,-1,1,-1,1,-1,1,1,-1,-1,1,0,0,0,0,0,0,-1,1,1,-1,1,-1,1,-1,1,-1,-1,1,1,-1,-1,1,-1,1,-1,1,1,-1,0,2,0,0,1,-1,1,-1,-1,1,-1,1,-1,1,-1,1,0,0,1,-1,0,0,-1,1,-1,1,1,-1,-1,1,-1,1,0,0,-1,1,-1,1,0,0,-1,1,-1,1,-1,1,0,0,1,-1,-1,1,-1,1,-1,1,1,-1,1,-1,1,-1,-1,1,-1,1,0,0,-1,1,-1,1
2020-04-29 14:00:00,Fed Interest Rate Decision,schedule,0.07331079705127683,0.10170118343195267,0.06923562757342863,33.0,YM,stopped_post,201.0,-122.71500000000742,-145.21500000000742,0,0,1,-1,-1,1,-1,0,-1,1,-1,1,1,-1,-1,1,0,0,-1,1,-1,1,0,0,0,0,-1,1,0,0,-1,1,-1,1,-1,1,0,0,-1,1,-1,1,0,0,-1,1,-1,1,0,2,0,1,0,0,0,2,-1,1,-1,1,-1,1,1,-1,0,0,-1,1,1,-1,1,-1,-1,1,-1,1,-1,1,1,-1,0,0,-1,1,-1,1,1,-1,-1,1,-1,1,0,0,-1,1,-1,1,-1,1,-1,1,-1,1,-1,1,-1,1,-1,1,-1,1,-1,1,-1,1,0,0,-1,1,-1,1,0,0,0,0,0,0,-1,1,0,0,0,0,0,0,0,0,-1,1,-1,1,-1,1,0,0,-1,1,-1,1,-1,1,-1,1,-1,1,1,-1,1,-1,1,-1,0,0,0,2,1,-1,0,0,-1,1,-1,0,1,-1,-1,1,0,0,-1,1,1,-1,1,-1,-1,1,1,-1,1,-1,0,0,0,0,0,0,-1,1,1,-1,1,-1,1,-1,1,-1,1,-1,1,-1,0,0,-1,1,0,0,1,-1,-1,1,1,-1,-1,1,-1,1,-1,1,0,0,0,0,0,0,1,-1,-1,1,1,-1,-1,1,-1,1,-1,1,-1,1,-1,1,1,-1,0,0,-1,1,0,0,0,2,-1,1,1,-1,1,-1,-1,1,-1,1,-1,1,0,0,1,-1,0,0,0,0,-1,1,1,-1,1,-1,1,-1,0,0,1,-1,-1,1,0,2,-1,1,-1,1,-1,1,0,0,-1,1,-1,1,1,-1,-1,1,-1,1,-1,1,1,-1,-1,1,1,-1,0,0,0,0,-1,1
2020-05-08 08:30:00,Non Farm Payrolls,schedule,0.42013311148086524,0.11205210373981501,0.12160759566376653,52.0,YM,tp,36.0,480.5199999999968,458.0199999999968,0,2,-1,1,-1,1,-1,0,-1,1,-1,1,-1,1,-1,1,0,0,-1,1,-1,1,0,0,0,0,-1,1,0,0,-1,1,-1,1,-1,1,0,0,1,-1,-1,1,-1,1,-1,1,-1,1,0,0,0,1,0,1,0,0,-1,1,-1,1,1,-1,1,-1,0,0,-1,1,0,0,-1,1,-1,1,-1,1,1,-1,-1,1,0,0,-1,1,-1,1,-1,1,-1,1,-1,1,-1,1,-1,1,0,0,-1,1,-1,1,-1,1,-1,1,-1,1,-1,1,-1,1,-1,1,-1,1,-1,1,-1,1,0,0,0,0,0,0,0,0,-1,1,0,0,0,0,-1,1,0,0,-1,1,-1,1,-1,1,-1,1,-1,1,-1,1,-1,1,1,-1,-1,1,-1,1,-1,1,1,-1,0,0,0,0,-1,1,-1,1,-1,1,-1,0,-1,1,-1,1,0,0,-1,1,-1,1,-1,1,1,-1,-1,1,1,-1,0,0,0,0,0,0,-1,1,0,0,1,-1,0,0,1,-1,1,-1,-1,1,0,0,-1,1,1,-1,-1,1,-1,1,-1,1,-1,1,1,-1,-1,1,0,0,0,0,0,0,-1,1,-1,1,-1,1,1,-1,-1,1,-1,1,1,-1,-1,1,-1,1,-1,1,1,-1,0,2,0,0,1,-1,1,-1,-1,1,-1,1,-1,1,-1,1,0,0,1,-1,0,0,-1,1,-1,1,1,-1,-1,1,-1,1,0,0,-1,1,-1,1,0,0,-1,1,-1,1,1,-1,0,0,1,-1,-1,1,-1,1,-1,1,1,-1,-1,1,1,-1,-1,1,-1,1,0,0,-1,1,-1,1
2020-05-12 08:30:00,Inflation Rate MoM,schedule,0.02477393781741608,0.03310299168287334,0.047941634667536315,43.0,YM,stopped_post,108.0,-121.17000000000189,-143.6700000000019,0,0,-1,1,-1,1,0,2,0,0,-1,1,1,-1,-1,1,0,0,-1,1,1,-1,0,0,0,2,-1,1,0,0,-1,1,-1,1,-1,1,0,0,1,-1,1,-1,-1,1,-1,1,-1,1,0,2,0,1,0,0,0,0,0,0,-1,1,-1,1,-1,1,0,0,-1,1,1,-1,-1,1,-1,1,-1,1,-1,1,-1,1,0,0,-1,1,-1,1,-1,1,-1,1,-1,1,-1,1,0,0,-1,1,-1,1,0,0,1,-1,-1,1,-1,1,-1,1,1,-1,-1,1,-1,1,0,0,-1,1,0,0,0,0,0,0,0,0,0,0,0,0,0,2,0,0,0,2,-1,1,0,0,-1,1,1,-1,-1,1,-1,1,-1,1,1,-1,-1,1,-1,1,-1,1,1,-1,0,0,0,0,-1,1,-1,1,-1,1,-1,0,-1,1,-1,1,0,0,-1,1,-1,1,-1,1,1,-1,-1,1,-1,1,0,0,0,0,0,0,-1,1,1,-1,1,-1,0,0,1,-1,1,-1,-1,1,0,0,-1,1,1,-1,1,-1,-1,1,-1,1,0,0,-1,1,-1,1,0,0,0,0,0,0,-1,1,-1,1,1,-1,-1,1,-1,1,-1,1,1,-1,0,0,-1,1,0,0,1,-1,0,0,0,2,1,-1,1,-1,-1,1,-1,1,1,-1,-1,1,0,0,-1,1,0,0,0,0,0,0,-1,1,-1,1,-1,1,0,0,-1,1,-1,1,0,0,-1,1,1,-1,1,-1,0,0,1,-1,-1,1,1,-1,0,0,-1,1,-1,1,1,-1,-1,1,-1,1,0,0,-1,1,-1,1
2020-05-15 08:30:00,Retail Sales MoM,tv,0.13723303885410412,0.028990583603408032,0.03594964703954477,48.0,YM,stopped_pre,-275.0,-116.8499999999949,-139.3499999999949,0,0,-1,1,1,-1,1,0,1,-1,1,-1,-1,1,1,-1,1,-1,1,-1,1,-1,0,0,0,0,1,-1,1,-1,-1,1,1,-1,1,-1,0,0,1,-1,0,0,1,-1,1,-1,1,-1,0,2,0,-1,0,-1,0,0,1,-1,1,-1,1,-1,1,-1,0,0,1,-1,0,0,1,-1,1,-1,1,-1,-1,1,-1,1,0,0,1,-1,1,-1,1,-1,1,-1,1,-1,0,0,1,-1,1,-1,1,-1,1,-1,1,-1,1,-1,1,-1,1,-1,1,-1,1,-1,1,-1,1,-1,1,-1,1,-1,0,0,0,0,0,0,1,-1,0,0,0,0,1,-1,0,0,1,-1,1,-1,1,-1,1,-1,1,-1,1,-1,1,-1,1,-1,1,-1,-1,1,1,-1,1,-1,0,2,0,0,1,-1,1,-1,1,-1,1,0,1,-1,1,-1,0,0,1,-1,1,-1,1,-1,1,-1,1,-1,-1,1,0,0,0,0,0,0,1,-1,0,0,-1,1,0,0,1,-1,1,-1,1,-1,0,0,1,-1,1,-1,-1,1,1,-1,1,-1,0,0,-1,1,1,-1,0,0,0,0,0,0,1,-1,1,-1,1,-1,1,-1,-1,1,1,-1,-1,1,1,-1,1,-1,0,0,-1,1,0,0,0,0,-1,1,-1,1,1,-1,1,-1,1,-1,1,-1,0,0,-1,1,0,0,1,-1,1,-1,1,-1,1,-1,1,-1,0,0,1,-1,1,-1,0,2,1,-1,1,-1,-1,1,0,0,1,-1,1,-1,-1,1,1,-1,1,-1,1,-1,-1,1,1,-1,1,-1,0,0,1,-1,1,-1
2020-06-05 08:30:00,Non Farm Payrolls,schedule,0.3612689572122079,0.11405109489051093,0.12160759566376653,53.0,YM,tp,44.0,531.1399999999958,508.6399999999958,0,0,1,-1,-1,1,-1,0,-1,1,1,-1,1,-1,-1,1,-1,1,-1,1,1,-1,0,0,0,2,-1,1,0,0,-1,1,-1,1,1,-1,0,0,0,0,0,0,0,0,-1,1,-1,1,0,0,0,-1,0,1,0,0,0,0,-1,1,-1,1,1,-1,0,0,-1,1,1,-1,-1,1,0,0,-1,1,-1,1,-1,1,0,2,-1,1,-1,1,-1,1,-1,1,-1,1,-1,1,0,0,1,-1,-1,1,-1,1,-1,1,-1,1,1,-1,-1,1,-1,1,1,-1,-1,1,-1,1,-1,1,0,0,0,0,0,0,-1,1,-1,1,0,0,0,0,0,0,0,0,-1,1,-1,1,-1,1,-1,1,1,-1,-1,1,-1,1,-1,1,-1,1,-1,1,-1,1,1,-1,0,0,0,0,-1,1,0,0,-1,1,-1,0,-1,1,-1,1,0,0,-1,1,-1,1,-1,1,1,-1,-1,1,-1,1,0,0,0,0,0,0,-1,1,1,-1,1,-1,1,-1,1,-1,1,-1,-1,1,0,0,-1,1,1,-1,-1,1,-1,1,-1,1,-1,1,1,-1,-1,1,0,0,0,0,0,0,-1,1,-1,1,-1,1,-1,1,1,-1,-1,1,1,-1,-1,1,-1,1,0,0,1,-1,0,0,0,0,-1,1,-1,1,-1,1,-1,1,-1,1,-1,1,0,0,-1,1,0,0,0,0,-1,1,1,-1,-1,1,-1,1,0,0,-1,1,-1,1,0,0,-1,1,-1,1,1,-1,0,0,1,-1,-1,1,1,-1,-1,1,-1,1,-1,1,-1,1,-1,1,-1,1,0,0,0,0,-1,1
2020-06-10 08:30:00,Inflation Rate MoM,schedule,0.032969448311231594,0.032391466876918205,0.04466235973198046,44.0,YM,timed,900.0,-80.0,-102.5,0,0,-1,1,-1,1,1,0,1,-1,-1,1,1,-1,1,-1,0,0,1,-1,1,-1,0,0,0,2,1,-1,0,0,-1,1,-1,1,-1,1,0,0,0,0,0,0,0,0,-1,1,-1,1,0,0,0,1,0,0,0,2,0,0,-1,1,-1,1,-1,1,0,0,-1,1,-1,1,-1,1,-1,1,1,-1,-1,1,-1,1,0,0,1,-1,-1,1,-1,1,-1,1,-1,1,0,0,-1,1,0,0,1,-1,0,0,1,-1,-1,1,-1,1,1,-1,1,-1,-1,1,-1,1,0,0,-1,1,-1,1,0,0,0,0,1,-1,1,-1,0,0,0,0,-1,1,0,2,-1,1,1,-1,1,-1,1,-1,-1,1,-1,1,1,-1,-1,1,-1,1,-1,1,-1,1,1,-1,0,0,0,2,-1,1,-1,1,-1,1,-1,0,-1,1,1,-1,0,0,-1,1,-1,1,-1,1,-1,1,1,-1,1,-1,0,0,0,0,0,0,-1,1,0,0,-1,1,0,0,-1,1,-1,1,-1,1,0,0,-1,1,1,-1,1,-1,-1,1,-1,1,1,-1,1,-1,-1,1,0,0,0,0,0,0,-1,1,-1,1,1,-1,-1,1,-1,1,1,-1,1,-1,0,0,-1,1,1,-1,-1,1,0,0,0,2,1,-1,1,-1,1,-1,-1,1,1,-1,-1,1,0,0,-1,1,0,0,-1,1,0,0,-1,1,-1,1,-1,1,0,2,1,-1,-1,1,0,0,-1,1,1,-1,-1,1,0,0,-1,1,-1,1,1,-1,0,0,1,-1,1,-1,1,-1,0,0,1,-1,0,0,-1,1,-1,1
2020-06-10 14:00:00,Fed Interest Rate Decision,schedule,0.19902697921273774,0.09856780045013422,0.06528353807827603,34.0,YM,stopped_pre,-113.0,-140.0,-162.5,0,0,-1,1,1,-1,0,2,1,-1,1,-1,1,-1,1,-1,0,0,1,-1,1,-1,0,0,0,2,1,-1,0,0,-1,1,1,-1,1,-1,0,0,-1,1,1,-1,0,0,-1,1,1,-1,0,2,0,-1,0,0,0,2,1,-1,-1,1,1,-1,1,-1,0,0,1,-1,-1,1,-1,1,-1,1,-1,1,1,-1,-1,1,0,0,-1,1,1,-1,-1,1,1,-1,1,-1,1,-1,0,0,1,-1,1,-1,1,-1,0,0,1,-1,-1,1,1,-1,1,-1,-1,1,1,-1,0,0,1,-1,0,0,0,2,0,0,0,0,1,-1,0,0,0,2,0,0,0,0,1,-1,1,-1,1,-1,0,0,-1,1,1,-1,1,-1,1,-1,1,-1,1,-1,1,-1,1,-1,0,0,0,0,1,-1,0,0,1,-1,1,0,-1,1,1,-1,0,0,1,-1,-1,1,1,-1,-1,1,-1,1,1,-1,0,0,0,0,0,0,1,-1,-1,1,-1,1,-1,1,-1,1,-1,1,-1,1,0,0,1,-1,-1,1,1,-1,1,-1,1,-1,1,-1,1,-1,-1,1,0,0,0,0,0,0,-1,1,1,-1,1,-1,1,-1,-1,1,-1,1,-1,1,1,-1,1,-1,1,-1,-1,1,0,0,0,2,-1,1,1,-1,1,-1,-1,1,1,-1,-1,1,0,0,-1,1,0,0,-1,1,1,-1,-1,1,1,-1,1,-1,0,2,1,-1,-1,1,0,2,1,-1,1,-1,-1,1,0,0,1,-1,1,-1,1,-1,1,-1,-1,1,1,-1,1,-1,1,-1,1,-1,0,0,0,0,1,-1
2020-06-16 08:30:00,Retail Sales MoM,tv,0.3115975072199422,0.03233920229967661,0.03594964703954477,49.0,YM,tp,35.0,530.0,507.5,0,2,1,-1,1,-1,1,0,1,-1,1,-1,1,-1,1,-1,1,-1,1,-1,-1,1,0,0,0,2,1,-1,0,0,1,-1,1,-1,1,-1,0,0,0,0,0,0,1,-1,1,-1,1,-1,0,0,0,-1,0,-1,0,0,0,0,1,-1,-1,1,-1,1,0,0,1,-1,1,-1,1,-1,1,-1,1,-1,-1,1,1,-1,0,0,1,-1,1,-1,1,-1,1,-1,1,-1,1,-1,0,0,0,0,1,-1,1,-1,1,-1,1,-1,1,-1,1,-1,1,-1,-1,1,1,-1,1,-1,-1,1,1,-1,0,0,0,0,0,0,1,-1,0,0,0,0,0,0,0,0,1,-1,1,-1,1,-1,0,0,1,-1,1,-1,1,-1,-1,1,1,-1,1,-1,1,-1,-1,1,0,2,0,0,1,-1,0,0,1,-1,1,0,1,-1,1,-1,0,0,1,-1,-1,1,1,-1,1,-1,1,-1,0,0,0,2,0,0,0,0,1,-1,0,0,1,-1,1,-1,1,-1,1,-1,1,-1,0,0,1,-1,-1,1,1,-1,1,-1,1,-1,1,-1,-1,1,1,-1,0,0,0,0,0,0,1,-1,-1,1,-1,1,-1,1,1,-1,-1,1,-1,1,1,-1,1,-1,1,-1,-1,1,0,2,0,0,1,-1,-1,1,1,-1,1,-1,1,-1,1,-1,0,0,-1,1,0,0,0,0,1,-1,-1,1,1,-1,1,-1,0,0,1,-1,1,-1,0,2,1,-1,1,-1,1,-1,0,0,-1,1,1,-1,1,-1,1,-1,-1,1,-1,1,-1,1,1,-1,1,-1,0,0,0,0,1,-1
2020-07-02 08:30:00,Non Farm Payrolls,schedule,0.5809900069718801,0.11511541588878871,0.13106754521100147,54.0,YM,stopped_pre,-64.0,-129.11000000000058,-151.61000000000058,0,0,-1,1,-1,1,0,2,-1,1,1,-1,1,-1,-1,1,0,0,1,-1,1,-1,0,0,0,0,-1,1,0,0,-1,1,-1,1,-1,1,0,0,-1,1,0,0,-1,1,-1,1,-1,1,0,2,0,1,0,0,0,2,0,0,1,-1,-1,1,-1,1,0,0,-1,1,1,-1,-1,1,-1,1,1,-1,-1,1,-1,1,0,2,-1,1,-1,1,-1,1,-1,1,-1,1,0,0,0,0,1,-1,-1,1,-1,1,-1,1,1,-1,-1,1,-1,1,-1,1,-1,1,-1,1,0,0,-1,1,-1,1,0,0,0,0,0,0,-1,1,0,0,0,0,-1,1,0,2,-1,1,-1,1,-1,1,1,-1,-1,1,-1,1,-1,1,-1,1,-1,1,-1,1,1,-1,-1,1,0,0,0,2,-1,1,0,0,-1,1,-1,0,-1,1,-1,1,0,0,-1,1,1,-1,-1,1,-1,1,1,-1,0,0,0,0,0,0,0,0,-1,1,1,-1,1,-1,0,0,1,-1,1,-1,-1,1,0,0,-1,1,1,-1,1,-1,-1,1,1,-1,0,0,-1,1,1,-1,0,0,0,0,0,0,-1,1,-1,1,1,-1,-1,1,-1,1,1,-1,1,-1,-1,1,-1,1,0,0,1,-1,0,0,0,0,-1,1,-1,1,1,-1,-1,1,-1,1,-1,1,0,0,1,-1,0,0,0,0,-1,1,1,-1,1,-1,-1,1,0,2,1,-1,1,-1,0,0,-1,1,-1,1,-1,1,0,0,1,-1,-1,1,1,-1,-1,1,-1,1,-1,1,-1,1,-1,1,-1,1,0,0,-1,1,-1,1
2020-07-14 08:30:00,Inflation Rate MoM,schedule,0.16865345547932079,0.032969448311231594,0.041872074728978394,45.0,YM,stopped_post,13.0,-130.40499999999156,-152.90499999999156,0,0,-1,1,-1,1,0,2,-1,1,-1,1,1,-1,-1,1,0,0,-1,1,-1,1,0,0,0,2,-1,1,0,0,-1,1,-1,1,-1,1,0,-1,0,0,1,-1,-1,1,-1,1,-1,1,0,0,0,1,0,1,0,0,-1,1,-1,1,-1,1,-1,1,0,0,-1,1,0,0,-1,1,-1,1,-1,1,1,-1,-1,1,0,0,-1,1,-1,1,-1,1,-1,1,-1,1,-1,1,-1,1,-1,1,-1,1,-1,1,-1,1,-1,1,-1,1,-1,1,-1,1,-1,1,-1,1,-1,1,-1,1,-1,1,0,0,0,0,0,0,-1,1,0,0,0,0,-1,1,0,2,-1,1,-1,1,-1,1,1,-1,-1,1,-1,1,-1,1,-1,1,-1,1,-1,1,-1,1,1,-1,0,2,0,0,-1,1,-1,1,-1,1,-1,0,-1,1,-1,1,0,0,-1,1,-1,1,-1,1,-1,1,-1,1,0,0,0,0,0,0,0,0,-1,1,0,0,-1,1,0,0,-1,1,-1,1,-1,1,0,0,-1,1,1,-1,1,-1,-1,1,-1,1,0,0,1,-1,-1,1,0,0,0,0,0,0,-1,1,-1,1,1,-1,1,-1,-1,1,-1,1,1,-1,0,0,-1,1,0,0,1,-1,0,0,0,0,1,-1,1,-1,-1,1,-1,1,-1,1,-1,1,0,0,-1,1,0,0,-1,1,0,0,-1,1,-1,1,-1,1,0,0,-1,1,-1,1,0,0,-1,1,-1,1,1,-1,0,0,-1,1,-1,1,1,-1,0,0,1,-1,-1,1,1,-1,-1,1,-1,1,0,0,-1,1,1,-1
2020-07-16 08:30:00,Retail Sales MoM,tv,0.037601052829479224,0.03454594874866222,0.04170285330052377,50.0,YM,stopped_post,32.0,-140.0,-162.5,0,0,-1,1,1,-1,0,2,0,0,1,-1,-1,1,-1,1,0,0,-1,1,1,-1,0,0,0,2,-1,1,0,0,-1,1,1,-1,-1,1,0,0,0,0,0,0,0,0,-1,1,-1,1,0,0,0,-1,0,0,0,0,0,0,1,-1,1,-1,1,-1,0,0,1,-1,-1,1,1,-1,0,0,1,-1,1,-1,1,-1,0,0,-1,1,1,-1,1,-1,1,-1,1,-1,0,0,0,0,1,-1,-1,1,-1,1,0,0,1,-1,-1,1,-1,1,-1,1,-1,1,-1,1,0,0,1,-1,-1,1,0,0,0,0,0,0,-1,1,0,0,0,0,0,0,0,2,-1,1,-1,1,1,-1,-1,1,-1,1,-1,1,-1,1,-1,1,-1,1,1,-1,1,-1,-1,1,0,0,0,0,1,-1,0,0,1,-1,1,0,1,-1,1,-1,0,0,1,-1,1,-1,1,-1,1,-1,1,-1,0,0,0,0,0,0,0,0,1,-1,0,0,-1,1,0,0,-1,1,-1,1,1,-1,0,0,-1,1,1,-1,-1,1,-1,1,1,-1,-1,1,-1,1,-1,1,0,0,0,0,0,0,1,-1,-1,1,-1,1,1,-1,-1,1,1,-1,-1,1,0,0,1,-1,0,0,1,-1,0,0,0,2,1,-1,1,-1,1,-1,-1,1,-1,1,1,-1,0,0,1,-1,0,0,0,0,0,0,1,-1,1,-1,1,-1,0,0,1,-1,-1,1,0,2,-1,1,-1,1,-1,1,0,0,1,-1,1,-1,-1,1,0,0,1,-1,-1,1,1,-1,0,0,1,-1,0,0,0,0,1,-1
2020-07-29 14:00:00,Fed Interest Rate Decision,schedule,0.11000265523650572,0.10170118343195267,0.07726288654642945,35.0,YM,stopped_post,107.0,-131.875,-154.375,0,0,1,-1,1,-1,0,2,-1,1,1,-1,1,-1,-1,1,0,0,-1,1,1,-1,0,0,0,0,-1,1,0,0,1,-1,1,-1,1,-1,0,0,-1,1,0,0,0,0,1,-1,1,-1,0,0,0,-1,0,0,0,0,1,-1,1,-1,1,-1,-1,1,0,0,-1,1,1,-1,1,-1,0,0,-1,1,0,0,1,-1,0,2,-1,1,1,-1,1,-1,1,-1,-1,1,0,0,1,-1,1,-1,-1,1,0,0,-1,1,1,-1,1,-1,1,-1,-1,1,1,-1,1,-1,-1,1,1,-1,0,0,0,0,0,0,0,0,0,0,0,0,0,0,1,-1,0,0,-1,1,-1,1,-1,1,0,0,1,-1,1,-1,1,-1,-1,1,1,-1,1,-1,1,-1,-1,1,0,0,0,2,1,-1,0,0,1,-1,1,0,1,-1,-1,1,0,0,1,-1,1,-1,1,-1,1,-1,-1,1,1,-1,0,0,0,0,0,0,1,-1,1,-1,1,-1,0,0,1,-1,1,-1,1,-1,0,0,1,-1,0,0,1,-1,-1,1,1,-1,1,-1,-1,1,1,-1,0,0,0,0,0,0,1,-1,1,-1,1,-1,1,-1,1,-1,1,-1,1,-1,0,0,-1,1,0,0,-1,1,0,0,0,0,-1,1,-1,1,-1,1,1,-1,-1,1,1,-1,0,0,-1,1,0,0,0,0,0,0,-1,1,-1,1,1,-1,0,0,1,-1,1,-1,0,2,1,-1,1,-1,-1,1,0,0,-1,1,1,-1,1,-1,0,0,-1,1,-1,1,-1,1,0,0,-1,1,0,0,0,0,1,-1
2020-08-07 08:30:00,Non Farm Payrolls,schedule,0.23914643119941134,0.11617973688706647,0.13106754521100147,55.0,YM,tp,149.0,543.6199999999917,521.1199999999917,0,2,1,-1,1,-1,1,0,1,-1,-1,1,1,-1,1,-1,0,0,1,-1,-1,1,0,0,0,0,1,-1,0,0,1,-1,1,-1,1,-1,0,0,1,-1,0,0,1,-1,1,-1,1,-1,0,0,0,-1,0,-1,0,0,0,0,1,-1,-1,1,-1,1,0,0,1,-1,1,-1,1,-1,1,-1,1,-1,-1,1,1,-1,0,2,1,-1,1,-1,1,-1,1,-1,1,-1,1,-1,0,0,0,0,1,-1,1,-1,1,-1,1,-1,1,-1,1,-1,1,-1,-1,1,1,-1,0,0,-1,1,1,-1,0,0,0,0,1,-1,1,-1,0,0,0,0,0,0,0,0,1,-1,1,-1,1,-1,1,-1,1,-1,1,-1,1,-1,-1,1,1,-1,1,-1,1,-1,-1,1,0,2,0,0,1,-1,1,-1,1,-1,1,0,1,-1,1,-1,0,2,1,-1,1,-1,1,-1,-1,1,1,-1,0,0,0,0,0,0,0,0,1,-1,0,0,1,-1,0,0,1,-1,1,-1,1,-1,0,0,1,-1,1,-1,1,-1,1,-1,1,-1,0,0,-1,1,1,-1,0,0,0,0,0,0,1,-1,1,-1,-1,1,-1,1,1,-1,1,-1,-1,1,0,0,1,-1,1,-1,-1,1,0,2,0,0,1,-1,-1,1,-1,1,1,-1,1,-1,1,-1,0,0,-1,1,0,0,1,-1,0,0,1,-1,1,-1,1,-1,0,0,1,-1,1,-1,0,2,1,-1,1,-1,1,-1,0,0,1,-1,1,-1,1,-1,1,-1,1,-1,1,-1,-1,1,1,-1,1,-1,0,0,1,-1,1,-1
2020-08-12 08:30:00,Inflation Rate MoM,schedule,0.014359563469270534,0.03303621999705247,0.04466235973198046,46.0,YM,stopped_post,81.0,-139.32000000000698,-161.82000000000698,0,0,-1,1,-1,1,0,2,0,0,1,-1,1,-1,-1,1,-1,1,-1,1,1,-1,0,0,0,0,-1,1,0,0,-1,1,-1,1,-1,1,0,0,-1,1,1,-1,0,0,1,-1,-1,1,0,0,0,1,0,0,0,2,0,0,-1,1,-1,1,-1,1,0,0,-1,1,1,-1,-1,1,0,0,1,-1,-1,1,-1,1,0,0,-1,1,-1,1,-1,1,-1,1,-1,1,0,0,0,0,-1,1,-1,1,-1,1,0,0,-1,1,-1,1,-1,1,-1,1,-1,1,1,-1,0,0,-1,1,-1,1,0,0,0,0,0,0,-1,1,0,0,0,0,-1,1,0,2,0,0,1,-1,-1,1,1,-1,-1,1,-1,1,1,-1,-1,1,-1,1,-1,1,-1,1,1,-1,0,0,0,2,-1,1,0,0,-1,1,-1,0,-1,1,-1,1,0,0,-1,1,-1,1,-1,1,-1,1,1,-1,-1,1,0,0,0,0,0,0,-1,1,1,-1,1,-1,0,0,1,-1,1,-1,-1,1,0,0,-1,1,0,0,1,-1,1,-1,-1,1,-1,1,-1,1,1,-1,0,0,0,0,0,0,-1,1,-1,1,1,-1,-1,1,-1,1,1,-1,1,-1,0,0,-1,1,-1,1,-1,1,0,0,0,0,1,-1,-1,1,1,-1,-1,1,1,-1,-1,1,0,0,-1,1,0,0,0,0,0,0,-1,1,-1,1,-1,1,0,2,1,-1,-1,1,0,0,-1,1,-1,1,1,-1,0,0,1,-1,-1,1,1,-1,0,0,1,-1,-1,1,-1,1,-1,1,-1,1,0,0,0,0,-1,1
2020-08-14 08:30:00,Retail Sales MoM,tv,0.06486720242170889,0.03675269519764783,0.04433377856542508,51.0,YM,timed,900.0,-35.0,-57.5,0,0,-1,1,1,-1,1,0,1,-1,1,-1,1,-1,1,-1,0,0,-1,1,1,-1,0,0,0,2,1,-1,0,0,1,-1,1,-1,1,-1,0,0,0,0,0,0,0,0,-1,1,1,-1,0,2,0,-1,0,-1,0,0,0,0,1,-1,1,-1,1,-1,0,0,1,-1,-1,1,-1,1,0,0,1,-1,-1,1,1,-1,0,0,1,-1,1,-1,1,-1,1,-1,1,-1,0,0,1,-1,-1,1,1,-1,1,-1,0,0,1,-1,1,-1,1,-1,1,-1,-1,1,1,-1,0,0,1,-1,0,0,0,0,0,0,0,0,1,-1,0,0,0,0,0,0,0,2,-1,1,1,-1,1,-1,1,-1,1,-1,1,-1,1,-1,-1,1,1,-1,1,-1,1,-1,1,-1,0,0,0,0,1,-1,1,-1,1,-1,1,0,1,-1,1,-1,0,0,1,-1,1,-1,1,-1,1,-1,1,-1,1,-1,0,0,0,0,0,0,1,-1,-1,1,-1,1,0,0,-1,1,-1,1,1,-1,0,0,1,-1,0,0,1,-1,1,-1,1,-1,1,-1,1,-1,-1,1,0,0,0,0,0,0,1,-1,1,-1,1,-1,1,-1,1,-1,1,-1,1,-1,0,0,1,-1,1,-1,-1,1,0,0,0,0,1,-1,1,-1,-1,1,1,-1,1,-1,1,-1,0,0,1,-1,0,0,0,0,0,0,-1,1,1,-1,1,-1,0,0,1,-1,1,-1,0,0,1,-1,1,-1,-1,1,0,0,1,-1,1,-1,1,-1,0,0,1,-1,1,-1,1,-1,1,-1,-1,1,0,0,1,-1,1,-1
2020-09-04 08:30:00,Non Farm Payrolls,schedule,0.03871739819084157,0.12160759566376653,0.1353477414372272,56.0,YM,stopped_pre,-89.0,-142.1049999999923,-164.6049999999923,0,0,1,-1,1,-1,0,2,0,0,1,-1,1,-1,1,-1,1,-1,1,-1,1,-1,0,0,0,0,1,-1,0,0,1,-1,1,-1,1,-1,0,1,1,-1,1,-1,1,-1,1,-1,1,-1,0,2,0,-1,0,-1,0,0,1,-1,1,-1,1,-1,1,-1,0,0,1,-1,0,0,1,-1,1,-1,1,-1,1,-1,1,-1,0,0,1,-1,1,-1,1,-1,1,-1,1,-1,1,-1,1,-1,1,-1,1,-1,0,0,0,0,1,-1,1,-1,1,-1,-1,1,1,-1,1,-1,1,-1,1,-1,1,-1,0,0,0,0,0,0,0,0,0,0,0,0,0,0,0,2,1,-1,1,-1,1,-1,1,-1,1,-1,1,-1,1,-1,1,-1,1,-1,1,-1,1,-1,1,-1,0,2,0,2,1,-1,1,-1,1,-1,1,0,1,-1,1,-1,0,0,1,-1,1,-1,1,-1,1,-1,1,-1,-1,1,0,0,0,0,0,0,1,-1,0,0,1,-1,0,0,-1,1,-1,1,1,-1,0,0,1,-1,0,0,-1,1,1,-1,-1,1,0,0,1,-1,1,-1,0,0,0,0,0,0,1,-1,1,-1,-1,1,1,-1,1,-1,1,-1,-1,1,1,-1,1,-1,0,0,1,-1,0,0,0,2,-1,1,-1,1,1,-1,1,-1,1,-1,1,-1,0,0,1,-1,0,0,1,-1,1,-1,1,-1,1,-1,1,-1,0,2,1,-1,1,-1,0,2,1,-1,1,-1,1,-1,0,0,-1,1,1,-1,1,-1,1,-1,1,-1,1,-1,-1,1,1,-1,1,-1,0,0,1,-1,-1,1
2020-09-11 08:30:00,Inflation Rate MoM,schedule,0.010892850659017465,0.032969448311231594,0.04466235973198046,47.0,YM,stopped_post,89.0,-137.75499999999738,-160.25499999999738,0,0,-1,1,1,-1,0,2,-1,1,-1,1,-1,1,-1,1,0,0,-1,1,-1,1,0,0,0,2,-1,1,0,0,-1,1,-1,1,-1,1,0,0,1,-1,0,0,0,0,-1,1,1,-1,0,2,0,1,0,0,0,0,0,0,1,-1,1,-1,-1,1,0,0,1,-1,-1,1,-1,1,0,0,1,-1,-1,1,-1,1,0,2,-1,1,-1,1,1,-1,-1,1,-1,1,-1,1,-1,1,0,0,-1,1,-1,1,0,0,1,-1,-1,1,-1,1,-1,1,-1,1,1,-1,-1,1,-1,1,-1,1,0,0,0,0,0,0,-1,1,0,0,0,0,0,0,0,2,-1,1,-1,1,1,-1,1,-1,-1,1,-1,1,-1,1,-1,1,-1,1,-1,1,1,-1,1,-1,0,0,0,2,-1,1,0,0,-1,1,-1,0,-1,1,-1,1,0,0,-1,1,-1,1,-1,1,-1,1,1,-1,1,-1,0,0,0,0,0,0,-1,1,0,0,-1,1,0,0,-1,1,-1,1,-1,1,0,0,-1,1,0,0,-1,1,1,-1,-1,1,-1,1,-1,1,-1,1,0,0,0,0,0,0,-1,1,-1,1,-1,1,1,-1,1,-1,-1,1,1,-1,-1,1,-1,1,-1,1,-1,1,0,0,0,0,1,-1,-1,1,-1,1,-1,1,-1,1,-1,1,0,0,1,-1,0,0,0,0,-1,1,1,-1,1,-1,-1,1,0,2,1,-1,1,-1,0,0,1,-1,-1,1,-1,1,0,0,-1,1,-1,1,-1,1,-1,1,1,-1,-1,1,-1,1,-1,1,1,-1,0,0,0,0,-1,1
2020-09-16 08:30:00,Retail Sales MoM,tv,0.028524566783141983,0.037176874013563524,0.05268410909960791,52.0,YM,stopped_post,177.0,-140.2299999999923,-162.7299999999923,0,0,-1,1,1,-1,1,0,1,-1,-1,1,1,-1,1,-1,1,-1,1,-1,-1,1,0,0,0,0,1,-1,0,0,-1,1,-1,1,-1,1,0,0,0,0,0,0,0,0,0,0,-1,1,0,2,0,-1,0,0,0,0,-1,1,1,-1,0,0,0,0,0,0,1,-1,1,-1,-1,1,0,0,1,-1,1,-1,-1,1,0,0,1,-1,-1,1,-1,1,-1,1,1,-1,-1,1,-1,1,-1,1,1,-1,0,0,1,-1,1,-1,-1,1,1,-1,1,-1,-1,1,1,-1,0,0,1,-1,-1,1,0,0,0,2,0,0,1,-1,0,0,0,0,-1,1,0,0,1,-1,1,-1,1,-1,0,0,-1,1,-1,1,1,-1,-1,1,-1,1,-1,1,-1,1,1,-1,0,0,0,0,1,-1,-1,1,1,-1,-1,0,-1,1,1,-1,0,0,-1,1,1,-1,-1,1,-1,1,1,-1,1,-1,0,0,0,2,0,0,-1,1,0,0,1,-1,0,0,1,-1,1,-1,-1,1,0,0,1,-1,-1,1,1,-1,1,-1,-1,1,1,-1,-1,1,-1,1,0,0,0,0,0,0,-1,1,1,-1,-1,1,0,0,-1,1,1,-1,1,-1,0,0,1,-1,1,-1,1,-1,0,0,0,2,1,-1,-1,1,1,-1,-1,1,1,-1,-1,1,0,0,-1,1,0,0,-1,1,0,0,-1,1,-1,1,-1,1,0,2,1,-1,1,-1,0,0,-1,1,1,-1,-1,1,0,0,1,-1,-1,1,1,-1,0,0,-1,1,1,-1,-1,1,0,0,1,-1,0,0,-1,1,-1,1
2020-09-16 14:00:00,Fed Interest Rate Decision,schedule,0.03560746332431278,0.10235905382046492,0.08390242063128722,36.0,YM,timed,900.0,290.0,267.5,0,0,1,-1,1,-1,0,2,1,-1,-1,1,1,-1,1,-1,1,-1,1,-1,-1,1,0,0,0,2,1,-1,0,0,1,-1,1,-1,1,-1,0,0,0,0,0,0,0,0,1,-1,1,-1,0,2,0,-1,0,-1,0,0,0,0,1,-1,-1,1,-1,1,0,0,1,-1,1,-1,1,-1,1,-1,1,-1,-1,1,1,-1,0,0,1,-1,1,-1,1,-1,1,-1,1,-1,1,-1,0,0,0,0,1,-1,0,0,1,-1,1,-1,1,-1,1,-1,1,-1,1,-1,1,-1,0,0,-1,1,0,0,0,0,0,0,0,0,0,0,0,0,0,0,0,0,0,0,1,-1,0,0,1,-1,1,-1,1,-1,1,-1,1,-1,1,-1,1,-1,1,-1,1,-1,-1,1,0,2,0,0,1,-1,0,0,1,-1,1,0,1,-1,1,-1,0,0,1,-1,-1,1,1,-1,-1,1,1,-1,-1,1,0,0,0,0,0,0,1,-1,1,-1,1,-1,0,0,1,-1,1,-1,1,-1,0,0,1,-1,1,-1,1,-1,1,-1,1,-1,0,0,-1,1,1,-1,0,0,0,0,0,0,1,-1,1,-1,-1,1,-1,1,1,-1,1,-1,-1,1,0,0,1,-1,0,0,-1,1,0,0,0,0,1,-1,-1,1,1,-1,1,-1,1,-1,1,-1,0,0,-1,1,0,0,0,0,0,0,1,-1,1,-1,1,-1,0,0,1,-1,1,-1,0,2,1,-1,1,-1,-1,1,0,0,1,-1,1,-1,1,-1,0,0,1,-1,1,-1,-1,1,1,-1,1,-1,0,0,0,0,1,-1
2020-10-02 08:30:00,Non Farm Payrolls,schedule,0.16450374702979345,0.11617973688706647,0.1353477414372272,57.0,YM,stopped_pre,-107.0,-136.71500000000378,-159.21500000000378,0,0,-1,1,1,-1,0,2,1,-1,1,-1,1,-1,1,-1,0,0,1,-1,1,-1,0,0,0,0,1,-1,0,0,-1,1,1,-1,1,-1,0,0,1,-1,0,0,0,0,-1,1,1,-1,0,0,0,-1,0,-1,0,2,1,-1,1,-1,1,-1,1,-1,0,0,1,-1,-1,1,-1,1,0,0,1,-1,1,-1,-1,1,0,2,1,-1,1,-1,-1,1,1,-1,1,-1,0,0,1,-1,1,-1,1,-1,1,-1,1,-1,-1,1,-1,1,1,-1,1,-1,1,-1,1,-1,0,0,1,-1,0,0,0,0,0,0,0,0,1,-1,0,0,0,0,0,0,0,2,1,-1,1,-1,1,-1,0,0,1,-1,1,-1,1,-1,1,-1,1,-1,-1,1,-1,1,-1,1,0,0,0,2,-1,1,-1,1,1,-1,1,0,-1,1,1,-1,0,0,1,-1,1,-1,-1,1,-1,1,1,-1,1,-1,0,0,0,0,0,0,1,-1,-1,1,-1,1,-1,1,-1,1,-1,1,-1,1,0,0,-1,1,-1,1,1,-1,1,-1,-1,1,1,-1,1,-1,-1,1,0,0,0,0,0,0,-1,1,1,-1,1,-1,1,-1,-1,1,1,-1,1,-1,1,-1,1,-1,0,0,1,-1,0,0,0,2,-1,1,1,-1,-1,1,1,-1,1,-1,-1,1,0,0,-1,1,0,0,0,0,1,-1,-1,1,-1,1,-1,1,0,0,1,-1,1,-1,0,0,1,-1,1,-1,1,-1,0,0,-1,1,1,-1,1,-1,1,-1,1,-1,1,-1,1,-1,1,-1,1,-1,0,0,0,0,1,-1
2020-10-13 08:30:00,Inflation Rate MoM,schedule,0.013958195205359947,0.03232469519109733,0.04466235973198046,48.0,YM,stopped_post,241.0,-145.0,-167.5,0,0,-1,1,1,-1,0,2,0,0,-1,1,-1,1,-1,1,0,0,-1,1,-1,1,0,0,0,2,-1,1,0,0,-1,1,-1,1,-1,1,0,0,-1,1,0,0,-1,1,-1,1,1,-1,0,0,0,-1,0,0,0,0,0,0,1,-1,-1,1,-1,1,0,0,-1,1,0,0,-1,1,-1,1,-1,1,1,-1,-1,1,0,0,-1,1,-1,1,-1,1,-1,1,-1,1,-1,1,-1,1,0,0,-1,1,-1,1,0,0,-1,1,-1,1,-1,1,-1,1,1,-1,-1,1,-1,1,-1,1,-1,1,0,0,0,0,0,0,-1,1,0,0,0,2,-1,1,0,0,-1,1,0,0,-1,1,0,0,-1,1,-1,1,-1,1,-1,1,-1,1,-1,1,-1,1,1,-1,0,0,0,0,-1,1,-1,1,-1,1,-1,0,-1,1,-1,1,0,0,-1,1,-1,1,-1,1,1,-1,-1,1,0,0,0,0,0,0,0,0,-1,1,0,0,-1,1,0,0,-1,1,-1,1,-1,1,0,0,-1,1,1,-1,-1,1,-1,1,-1,1,0,0,-1,1,-1,1,0,0,0,0,0,0,-1,1,-1,1,-1,1,1,-1,-1,1,-1,1,1,-1,0,0,-1,1,0,0,-1,1,0,0,0,2,1,-1,-1,1,1,-1,-1,1,-1,1,-1,1,0,0,1,-1,0,0,-1,1,0,0,1,-1,-1,1,-1,1,0,0,-1,1,1,-1,0,0,-1,1,-1,1,1,-1,0,0,-1,1,-1,1,-1,1,0,0,-1,1,-1,1,-1,1,0,0,-1,1,0,0,-1,1,-1,1
2020-10-16 08:30:00,Retail Sales MoM,tv,0.0737722194899178,0.03675269519764783,0.05268410909960791,53.0,YM,timed,900.0,245.0,222.5,0,0,1,-1,1,-1,0,2,1,-1,1,-1,1,-1,1,-1,1,-1,1,-1,-1,1,0,0,0,2,1,-1,0,0,1,-1,1,-1,1,-1,0,0,0,0,0,0,1,-1,1,-1,1,-1,0,0,0,-1,0,-1,0,0,0,0,1,-1,1,-1,-1,1,0,0,1,-1,1,-1,1,-1,0,0,1,-1,1,-1,1,-1,0,2,1,-1,1,-1,1,-1,1,-1,1,-1,1,-1,0,0,0,0,1,-1,1,-1,-1,1,1,-1,1,-1,1,-1,1,-1,1,-1,1,-1,1,-1,1,-1,0,0,0,0,0,0,0,0,1,-1,0,0,0,2,1,-1,0,2,1,-1,1,-1,1,-1,0,0,1,-1,1,-1,1,-1,-1,1,1,-1,1,-1,1,-1,-1,1,0,0,0,0,1,-1,1,-1,1,-1,1,0,1,-1,1,-1,0,0,1,-1,1,-1,1,-1,-1,1,1,-1,-1,1,0,0,0,0,0,0,1,-1,0,0,1,-1,0,0,1,-1,1,-1,1,-1,0,0,1,-1,1,-1,1,-1,1,-1,1,-1,1,-1,-1,1,1,-1,0,0,0,0,0,0,1,-1,1,-1,-1,1,1,-1,1,-1,1,-1,-1,1,0,0,1,-1,1,-1,-1,1,0,0,0,0,-1,1,-1,1,1,-1,1,-1,1,-1,1,-1,0,0,-1,1,0,0,1,-1,0,0,1,-1,1,-1,1,-1,0,0,1,-1,1,-1,0,2,1,-1,1,-1,-1,1,0,0,-1,1,1,-1,1,-1,0,0,1,-1,1,-1,-1,1,1,-1,1,-1,0,0,1,-1,1,-1
2020-11-05 14:00:00,Fed Interest Rate Decision,schedule,0.1165954139137194,0.10170118343195267,0.07726288654642945,37.0,YM,timed,900.0,30.0,7.5,0,0,-1,1,-1,1,1,0,1,-1,1,-1,1,-1,1,-1,0,0,1,-1,-1,1,0,0,0,0,1,-1,-1,1,-1,1,-1,1,1,-1,0,0,0,0,0,0,0,0,-1,1,-1,1,0,0,0,-1,0,0,0,0,0,0,-1,1,-1,1,1,-1,0,0,1,-1,1,-1,-1,1,0,0,-1,1,1,-1,-1,1,0,0,1,-1,-1,1,-1,1,-1,1,1,-1,-1,1,0,0,1,-1,1,-1,1,-1,1,-1,1,-1,-1,1,1,-1,1,-1,1,-1,-1,1,0,0,-1,1,1,-1,0,0,0,0,0,0,1,-1,0,0,0,0,-1,1,0,0,1,-1,1,-1,1,-1,1,-1,1,-1,1,-1,1,-1,-1,1,1,-1,-1,1,-1,1,1,-1,0,0,0,2,-1,1,-1,1,1,-1,-1,0,-1,1,1,-1,0,0,-1,1,-1,1,-1,1,1,-1,-1,1,-1,1,0,0,0,0,0,0,-1,1,1,-1,1,-1,1,-1,1,-1,1,-1,-1,1,0,0,-1,1,-1,1,-1,1,-1,1,-1,1,1,-1,1,-1,-1,1,0,0,0,0,0,0,-1,1,1,-1,-1,1,-1,1,-1,1,-1,1,1,-1,0,0,1,-1,1,-1,-1,1,0,0,0,2,-1,1,-1,1,-1,1,-1,1,1,-1,-1,1,0,0,-1,1,0,0,-1,1,0,0,-1,1,-1,1,-1,1,0,0,-1,1,-1,1,0,0,-1,1,1,-1,-1,1,0,0,-1,1,1,-1,1,-1,0,0,-1,1,1,-1,-1,1,0,0,1,-1,0,0,-1,1,-1,1
2020-11-06 08:30:00,Non Farm Payrolls,schedule,0.23126734505087881,0.12160759566376653,0.15004979696135573,58.0,YM,stopped_pre,-115.0,-140.5999999999949,-163.0999999999949,0,2,1,-1,1,-1,1,0,1,-1,1,-1,-1,1,1,-1,1,-1,1,-1,1,-1,0,0,0,2,1,-1,0,0,1,-1,1,-1,1,-1,0,0,-1,1,0,0,1,-1,1,-1,1,-1,0,2,0,-1,0,-1,0,0,1,-1,1,-1,-1,1,1,-1,0,0,1,-1,0,0,1,-1,1,-1,1,-1,-1,1,1,-1,0,0,1,-1,1,-1,1,-1,1,-1,1,-1,1,-1,0,0,0,0,1,-1,1,-1,1,-1,1,-1,1,-1,1,-1,1,-1,1,-1,1,-1,0,0,1,-1,0,0,0,0,0,0,1,-1,1,-1,0,0,0,0,0,0,0,0,1,-1,0,0,1,-1,1,-1,1,-1,1,-1,1,-1,-1,1,1,-1,1,-1,1,-1,-1,1,0,0,0,0,1,-1,0,0,1,-1,1,0,1,-1,1,-1,0,0,1,-1,-1,1,1,-1,-1,1,1,-1,0,0,0,0,0,0,0,0,1,-1,0,0,-1,1,0,0,1,-1,1,-1,1,-1,0,0,1,-1,-1,1,1,-1,1,-1,1,-1,0,0,-1,1,1,-1,0,0,0,0,0,0,1,-1,1,-1,1,-1,-1,1,1,-1,1,-1,-1,1,1,-1,1,-1,0,0,-1,1,0,0,0,0,-1,1,-1,1,1,-1,1,-1,1,-1,1,-1,0,0,-1,1,0,0,0,0,1,-1,1,-1,1,-1,1,-1,0,0,1,-1,1,-1,0,2,1,-1,1,-1,-1,1,0,2,1,-1,1,-1,-1,1,1,-1,-1,1,1,-1,-1,1,1,-1,1,-1,0,0,1,-1,1,-1
2020-11-12 08:30:00,Inflation Rate MoM,schedule,0.034398541501840324,0.03167994207096307,0.041872074728978394,49.0,YM,timed,900.0,260.0,237.5,0,0,1,-1,1,-1,0,2,-1,1,1,-1,-1,1,-1,1,0,0,-1,1,1,-1,0,0,0,0,-1,1,-1,1,-1,1,1,-1,1,-1,0,0,0,0,-1,1,0,0,-1,1,1,-1,0,0,0,-1,0,0,0,0,0,0,1,-1,-1,1,1,-1,0,0,-1,1,-1,1,1,-1,0,0,-1,1,-1,1,1,-1,0,0,-1,1,1,-1,1,-1,1,-1,0,0,0,0,1,-1,1,-1,-1,1,0,0,-1,1,-1,1,1,-1,-1,1,-1,1,1,-1,1,-1,0,0,1,-1,1,-1,0,0,0,0,-1,1,-1,1,0,0,0,0,0,0,0,0,1,-1,-1,1,-1,1,0,0,1,-1,1,-1,1,-1,1,-1,1,-1,1,-1,1,-1,-1,1,0,0,0,0,-1,1,1,-1,1,-1,1,0,1,-1,-1,1,0,0,1,-1,-1,1,1,-1,-1,1,-1,1,-1,1,0,0,0,0,0,0,1,-1,0,0,-1,1,0,0,-1,1,-1,1,1,-1,0,0,1,-1,-1,1,-1,1,1,-1,1,-1,-1,1,1,-1,-1,1,0,0,0,0,0,0,1,-1,1,-1,-1,1,-1,1,1,-1,-1,1,-1,1,0,0,-1,1,-1,1,-1,1,0,0,0,2,-1,1,1,-1,-1,1,1,-1,-1,1,1,-1,0,0,1,-1,0,0,1,-1,0,0,1,-1,1,-1,1,-1,0,0,-1,1,1,-1,0,0,1,-1,-1,1,-1,1,0,0,-1,1,-1,1,-1,1,0,0,-1,1,-1,1,1,-1,0,0,1,-1,0,0,1,-1,1,-1
2020-11-17 08:30:00,Retail Sales MoM,tv,0.03709949409780776,0.037176874013563524,0.05268410909960791,54.0,YM,stopped_post,66.0,-148.2799999999952,-170.7799999999952,0,0,-1,1,1,-1,0,2,0,0,-1,1,-1,1,-1,1,0,0,1,-1,0,0,0,0,0,0,1,-1,0,0,-1,1,-1,1,-1,1,0,0,1,-1,0,0,0,0,-1,1,1,-1,0,2,0,-1,0,0,0,0,0,0,1,-1,1,-1,-1,1,0,0,1,-1,-1,1,1,-1,0,0,1,-1,-1,1,-1,1,0,0,-1,1,-1,1,1,-1,-1,1,-1,1,0,0,-1,1,-1,1,1,-1,-1,1,1,-1,-1,1,-1,1,-1,1,-1,1,-1,1,-1,1,0,0,-1,1,0,0,0,2,0,0,0,0,-1,1,0,0,0,2,0,0,0,2,-1,1,-1,1,1,-1,1,-1,-1,1,-1,1,-1,1,-1,1,-1,1,-1,1,1,-1,1,-1,0,0,0,0,1,-1,0,0,-1,1,-1,0,1,-1,1,-1,0,0,-1,1,1,-1,-1,1,1,-1,1,-1,1,-1,0,0,0,0,0,0,-1,1,-1,1,-1,1,0,0,-1,1,-1,1,1,-1,0,0,-1,1,1,-1,-1,1,1,-1,-1,1,-1,1,-1,1,-1,1,0,0,0,0,0,0,1,-1,-1,1,-1,1,1,-1,-1,1,1,-1,-1,1,-1,1,1,-1,-1,1,1,-1,0,0,0,2,1,-1,-1,1,1,-1,-1,1,-1,1,-1,1,0,0,1,-1,0,0,0,0,-1,1,1,-1,1,-1,1,-1,0,2,1,-1,1,-1,0,2,1,-1,-1,1,1,-1,0,0,1,-1,1,-1,-1,1,-1,1,1,-1,1,-1,-1,1,0,0,1,-1,0,0,0,0,-1,1
2020-12-04 08:30:00,Non Farm Payrolls,schedule,0.03992414412616029,0.12703545444046657,0.1683965966497633,59.0,YM,stopped_post,1.0,-150.28000000000247,-172.78000000000247,0,0,-1,1,1,-1,0,2,1,-1,1,-1,1,-1,1,-1,0,0,1,-1,-1,1,0,0,0,2,1,-1,0,0,-1,1,-1,1,-1,1,0,0,0,0,0,0,0,0,-1,1,-1,1,0,0,0,-1,0,0,0,0,0,0,1,-1,1,-1,1,-1,0,0,1,-1,1,-1,-1,1,0,0,-1,1,-1,1,-1,1,0,0,-1,1,-1,1,1,-1,-1,1,1,-1,0,0,-1,1,-1,1,1,-1,0,0,1,-1,-1,1,-1,1,-1,1,1,-1,-1,1,-1,1,0,0,-1,1,-1,1,0,0,0,0,0,0,0,0,0,0,0,0,-1,1,0,0,1,-1,0,0,1,-1,1,-1,-1,1,-1,1,-1,1,-1,1,-1,1,-1,1,1,-1,1,-1,0,0,0,2,-1,1,0,0,-1,1,-1,0,-1,1,1,-1,0,0,-1,1,1,-1,-1,1,-1,1,-1,1,0,0,0,0,0,0,0,0,-1,1,0,0,1,-1,0,0,1,-1,1,-1,-1,1,0,0,-1,1,-1,1,1,-1,-1,1,-1,1,0,0,-1,1,-1,1,0,0,0,0,0,0,-1,1,-1,1,-1,1,1,-1,-1,1,-1,1,1,-1,0,0,-1,1,1,-1,-1,1,0,0,0,0,1,-1,-1,1,1,-1,-1,1,1,-1,-1,1,0,0,1,-1,0,0,0,0,0,0,-1,1,1,-1,-1,1,0,0,1,-1,1,-1,0,0,-1,1,-1,1,1,-1,0,0,1,-1,0,0,1,-1,0,0,-1,1,1,-1,-1,1,0,0,1,-1,0,0,0,0,-1,1
2020-12-10 08:30:00,Inflation Rate MoM,schedule,0.0033276762836511264,0.03232469519109733,0.03748324641014937,50.0,YM,stopped_post,312.0,-150.22499999999127,-172.72499999999127,0,0,1,-1,-1,1,0,2,-1,1,-1,1,-1,1,-1,1,0,0,-1,1,1,-1,0,0,0,2,-1,1,0,0,-1,1,-1,1,0,0,0,0,0,0,0,0,0,0,-1,1,-1,1,0,0,0,-1,0,1,0,0,0,0,-1,1,-1,1,-1,1,0,0,-1,1,-1,1,-1,1,0,0,-1,1,1,-1,-1,1,0,2,-1,1,-1,1,-1,1,-1,1,-1,1,0,0,0,0,-1,1,-1,1,-1,1,0,0,-1,1,1,-1,-1,1,-1,1,1,-1,-1,1,0,0,1,-1,-1,1,0,0,0,0,0,0,-1,1,0,0,0,0,0,0,0,0,-1,1,-1,1,-1,1,-1,1,1,-1,-1,1,-1,1,-1,1,-1,1,-1,1,-1,1,1,-1,0,0,0,0,-1,1,0,0,-1,1,-1,0,-1,1,-1,1,0,0,-1,1,-1,1,-1,1,-1,1,-1,1,1,-1,0,0,0,0,0,0,-1,1,0,0,-1,1,0,0,-1,1,-1,1,-1,1,0,0,-1,1,1,-1,-1,1,-1,1,-1,1,-1,1,-1,1,-1,1,0,0,0,0,0,0,-1,1,-1,1,1,-1,-1,1,1,-1,-1,1,1,-1,0,0,-1,1,-1,1,1,-1,0,0,0,0,1,-1,-1,1,-1,1,-1,1,-1,1,-1,1,0,0,1,-1,0,0,0,0,-1,1,-1,1,-1,1,-1,1,0,0,-1,1,-1,1,0,0,-1,1,-1,1,-1,1,0,0,-1,1,-1,1,-1,1,0,0,-1,1,-1,1,-1,1,-1,1,-1,1,0,0,0,0,-1,1
2020-12-16 08:30:00,Retail Sales MoM,tv,0.029837880847395817,0.03709949409780776,0.05268410909960791,55.0,YM,stopped_pre,-87.0,-150.93000000000757,-173.43000000000757,0,0,-1,1,1,-1,0,2,1,-1,-1,1,1,-1,1,-1,0,0,1,-1,-1,1,0,0,0,2,1,-1,0,0,-1,1,-1,1,-1,1,0,0,1,-1,1,-1,0,0,-1,1,1,-1,0,2,0,-1,0,1,0,0,-1,1,1,-1,1,-1,1,-1,0,0,1,-1,1,-1,-1,1,0,0,1,-1,1,-1,-1,1,0,0,-1,1,-1,1,1,-1,-1,1,1,-1,-1,1,-1,1,-1,1,1,-1,0,0,0,0,1,-1,-1,1,-1,1,1,-1,-1,1,1,-1,0,0,-1,1,-1,1,0,0,0,0,0,0,0,0,0,0,0,0,0,0,0,2,1,-1,-1,1,1,-1,1,-1,-1,1,-1,1,-1,1,-1,1,-1,1,-1,1,1,-1,1,-1,0,0,0,2,-1,1,0,0,-1,1,-1,0,-1,1,-1,1,0,2,-1,1,1,-1,-1,1,-1,1,1,-1,0,0,0,0,0,0,0,0,-1,1,0,0,1,-1,1,-1,1,-1,1,-1,-1,1,0,0,-1,1,-1,1,1,-1,1,-1,-1,1,-1,1,-1,1,-1,1,0,0,0,0,0,0,-1,1,-1,1,-1,1,1,-1,-1,1,-1,1,-1,1,0,0,1,-1,-1,1,1,-1,0,0,0,0,-1,1,-1,1,1,-1,-1,1,1,-1,-1,1,0,0,1,-1,0,0,0,0,0,0,-1,1,1,-1,-1,1,0,0,1,-1,1,-1,0,0,-1,1,-1,1,-1,1,0,0,-1,1,1,-1,1,-1,0,0,1,-1,-1,1,-1,1,0,0,1,-1,0,0,0,0,-1,1
2020-12-16 14:00:00,Fed Interest Rate Decision,schedule,0.059906147036309775,0.10235905382046492,0.08390242063128722,38.0,YM,stopped_post,423.0,-150.1850000000013,-172.6850000000013,0,0,-1,1,1,-1,0,2,-1,1,1,-1,-1,1,-1,1,0,0,-1,1,0,0,0,0,0,0,-1,1,0,0,-1,1,1,-1,1,-1,0,0,0,0,0,0,0,0,-1,1,1,-1,0,0,0,-1,0,0,0,2,0,0,-1,1,-1,1,-1,1,0,0,-1,1,0,0,-1,1,1,-1,1,-1,-1,1,1,-1,0,0,-1,1,1,-1,1,-1,-1,1,-1,1,0,0,1,-1,0,0,-1,1,-1,1,0,0,-1,1,1,-1,-1,1,-1,1,1,-1,1,-1,0,0,-1,1,0,0,0,2,0,0,0,0,-1,1,0,0,0,2,0,0,0,2,-1,1,0,0,-1,1,0,0,1,-1,-1,1,1,-1,-1,1,-1,1,1,-1,-1,1,-1,1,0,0,0,0,-1,1,0,0,-1,1,-1,0,1,-1,-1,1,0,0,-1,1,-1,1,1,-1,-1,1,1,-1,0,0,0,0,0,0,0,0,1,-1,0,0,-1,1,0,0,1,-1,1,-1,1,-1,0,0,-1,1,-1,1,-1,1,1,-1,-1,1,-1,1,-1,1,1,-1,0,0,0,0,0,0,-1,1,-1,1,-1,1,-1,1,1,-1,-1,1,1,-1,-1,1,-1,1,-1,1,-1,1,0,0,0,2,1,-1,0,0,-1,1,1,-1,-1,1,1,-1,0,0,1,-1,0,0,0,0,-1,1,1,-1,-1,1,-1,1,0,2,-1,1,-1,1,0,2,-1,1,-1,1,-1,1,0,0,1,-1,-1,1,-1,1,-1,1,1,-1,-1,1,0,0,0,0,-1,1,0,0,0,0,-1,1
2021-01-08 08:30:00,Non Farm Payrolls,schedule,0.10317255610007739,0.12160759566376653,0.1683965966497633,60.0,YM,stopped_post,1.0,-155.1800000000003,-177.6800000000003,0,0,-1,1,-1,1,1,0,1,-1,1,-1,-1,1,1,-1,0,0,1,-1,1,-1,0,0,0,2,1,-1,0,0,-1,1,-1,1,-1,1,0,0,0,0,0,0,0,0,-1,1,-1,1,0,2,0,-1,0,0,0,0,0,0,-1,1,1,-1,1,-1,0,0,1,-1,1,-1,-1,1,0,0,1,-1,1,-1,-1,1,0,0,1,-1,-1,1,-1,1,0,0,1,-1,0,0,1,-1,1,-1,1,-1,1,-1,1,-1,1,-1,-1,1,1,-1,1,-1,-1,1,1,-1,0,0,1,-1,0,0,0,0,0,0,0,0,1,-1,0,0,0,0,-1,1,0,2,1,-1,1,-1,1,-1,0,0,-1,1,1,-1,-1,1,-1,1,1,-1,-1,1,-1,1,-1,1,0,0,0,2,-1,1,-1,1,1,-1,-1,0,-1,1,1,-1,0,0,1,-1,1,-1,-1,1,1,-1,-1,1,0,0,0,0,0,0,0,0,-1,1,0,0,1,-1,0,0,1,-1,1,-1,-1,1,0,0,-1,1,-1,1,-1,1,-1,1,-1,1,1,-1,1,-1,-1,1,0,0,0,0,0,0,-1,1,1,-1,1,-1,1,-1,1,-1,1,-1,1,-1,0,0,1,-1,0,0,-1,1,0,0,0,2,-1,1,-1,1,1,-1,-1,1,1,-1,-1,1,0,0,1,-1,0,0,-1,1,0,0,-1,1,-1,1,-1,1,0,0,-1,1,1,-1,0,2,1,-1,1,-1,-1,1,0,0,-1,1,1,-1,-1,1,0,0,-1,1,1,-1,-1,1,0,0,1,-1,0,0,-1,1,-1,1
2021-01-13 08:30:00,Inflation Rate MoM,schedule,0.045278137128072445,0.03167994207096307,0.03375076659235683,51.0,YM,timed,900.0,80.0,57.5,0,0,1,-1,1,-1,0,2,1,-1,1,-1,-1,1,1,-1,1,-1,1,-1,-1,1,0,2,0,0,1,-1,0,0,1,-1,1,-1,1,-1,0,0,0,0,-1,1,1,-1,1,-1,1,-1,0,2,0,-1,0,-1,0,0,0,0,1,-1,-1,1,1,-1,0,0,1,-1,0,0,1,-1,1,-1,1,-1,-1,1,1,-1,0,0,1,-1,1,-1,1,-1,1,-1,1,-1,1,-1,0,0,0,0,1,-1,0,0,0,0,1,-1,1,-1,1,-1,1,-1,1,-1,1,-1,1,-1,1,-1,1,-1,0,2,0,2,1,-1,0,0,0,0,0,2,1,-1,0,2,1,-1,1,-1,1,-1,0,0,1,-1,1,-1,1,-1,-1,1,1,-1,1,-1,1,-1,-1,1,0,2,0,0,1,-1,1,-1,1,-1,1,0,1,-1,1,-1,0,0,1,-1,1,-1,1,-1,1,-1,1,-1,0,0,0,0,0,2,0,0,1,-1,-1,1,-1,1,0,0,-1,1,-1,1,1,-1,0,0,1,-1,1,-1,-1,1,1,-1,1,-1,0,0,-1,1,1,-1,0,2,0,0,0,0,1,-1,1,-1,-1,1,-1,1,1,-1,-1,1,-1,1,1,-1,1,-1,0,0,-1,1,0,0,0,0,-1,1,-1,1,1,-1,1,-1,-1,1,1,-1,0,0,-1,1,0,0,1,-1,1,-1,1,-1,1,-1,1,-1,0,0,1,-1,1,-1,0,2,1,-1,1,-1,-1,1,0,2,-1,1,1,-1,-1,1,1,-1,-1,1,1,-1,-1,1,1,-1,1,-1,0,2,1,-1,1,-1
2021-01-15 08:30:00,Retail Sales MoM,tv,0.009750706926252153,0.036926094647727795,0.05268410909960791,56.0,YM,stopped_post,1.0,-153.87000000000626,-176.37000000000626,0,0,1,-1,-1,1,1,0,1,-1,-1,1,1,-1,1,-1,1,-1,1,-1,-1,1,0,0,0,0,1,-1,0,0,1,-1,-1,1,-1,1,0,0,1,-1,0,0,0,0,1,-1,-1,1,0,0,0,-1,0,0,0,0,-1,1,-1,1,1,-1,1,-1,0,0,1,-1,-1,1,1,-1,0,0,1,-1,-1,1,1,-1,0,0,1,-1,1,-1,1,-1,1,-1,1,-1,0,0,0,0,0,0,1,-1,1,-1,0,0,1,-1,-1,1,1,-1,1,-1,-1,1,-1,1,0,0,-1,1,1,-1,0,0,0,0,0,0,1,-1,0,0,0,2,0,0,0,0,1,-1,1,-1,1,-1,1,-1,-1,1,1,-1,-1,1,1,-1,1,-1,1,-1,1,-1,-1,1,0,0,0,0,1,-1,0,0,1,-1,1,0,1,-1,1,-1,0,0,1,-1,1,-1,1,-1,1,-1,1,-1,-1,1,0,0,0,0,0,0,1,-1,0,0,-1,1,0,0,-1,1,-1,1,1,-1,0,0,-1,1,-1,1,-1,1,1,-1,1,-1,0,0,-1,1,1,-1,0,0,0,0,0,0,1,-1,1,-1,1,-1,1,-1,1,-1,1,-1,-1,1,1,-1,1,-1,0,0,-1,1,0,0,0,0,1,-1,1,-1,-1,1,-1,1,1,-1,-1,1,0,0,-1,1,0,0,0,0,1,-1,1,-1,1,-1,1,-1,0,0,1,-1,-1,1,0,2,-1,1,1,-1,-1,1,0,0,-1,1,1,-1,1,-1,1,-1,1,-1,1,-1,1,-1,1,-1,1,-1,0,0,0,0,1,-1
2021-01-27 14:00:00,Fed Interest Rate Decision,schedule,0.10842779694430753,0.10170118343195267,0.08390242063128722,39.0,YM,stopped_pre,-56.0,-152.35000000000582,-174.85000000000582,0,0,1,-1,1,-1,-1,0,-1,1,1,-1,-1,1,-1,1,-1,1,-1,1,1,-1,0,0,0,2,-1,1,0,0,-1,1,1,-1,1,-1,0,0,1,-1,0,0,0,0,-1,1,1,-1,0,2,0,-1,0,1,0,0,1,-1,-1,1,-1,1,-1,1,0,0,-1,1,-1,1,-1,1,0,0,1,-1,1,-1,1,-1,0,0,-1,1,1,-1,-1,1,-1,1,-1,1,0,0,1,-1,1,-1,-1,1,-1,1,-1,1,-1,1,1,-1,-1,1,-1,1,1,-1,1,-1,0,0,1,-1,0,0,0,0,0,0,-1,1,-1,1,0,0,0,0,0,0,0,0,-1,1,-1,1,-1,1,1,-1,1,-1,-1,1,1,-1,-1,1,-1,1,-1,1,-1,1,-1,1,0,0,0,0,-1,1,0,0,-1,1,-1,0,-1,1,-1,1,0,0,1,-1,-1,1,1,-1,1,-1,1,-1,-1,1,0,0,0,0,0,0,1,-1,-1,1,-1,1,-1,1,-1,1,-1,1,-1,1,0,0,-1,1,-1,1,-1,1,-1,1,-1,1,-1,1,1,-1,-1,1,0,0,0,0,0,0,-1,1,-1,1,-1,1,-1,1,1,-1,-1,1,1,-1,-1,1,-1,1,0,0,1,-1,0,0,0,0,-1,1,-1,1,-1,1,1,-1,-1,1,1,-1,0,0,-1,1,0,0,0,0,-1,1,1,-1,-1,1,-1,1,0,0,1,-1,-1,1,0,0,1,-1,-1,1,1,-1,0,0,-1,1,-1,1,-1,1,-1,1,1,-1,-1,1,-1,1,0,0,-1,1,0,0,0,0,-1,1
2021-02-05 08:30:00,Non Farm Payrolls,schedule,0.054672927252846205,0.11617973688706647,0.15004979696135573,61.0,YM,stopped_post,2.0,-155.5199999999968,-178.0199999999968,0,2,1,-1,1,-1,1,0,0,0,1,-1,1,-1,1,-1,0,0,1,-1,1,-1,0,0,0,2,1,-1,0,0,1,-1,1,-1,1,-1,0,1,1,-1,0,0,1,-1,1,-1,1,-1,0,0,0,-1,0,-1,0,0,1,-1,1,-1,-1,1,-1,1,0,0,1,-1,1,-1,1,-1,1,-1,1,-1,-1,1,1,-1,0,2,1,-1,1,-1,1,-1,1,-1,1,-1,1,-1,1,-1,1,-1,1,-1,1,-1,1,-1,1,-1,1,-1,1,-1,1,-1,1,-1,1,-1,1,-1,1,-1,1,-1,0,0,0,0,0,0,1,-1,0,0,0,0,1,-1,0,0,1,-1,1,-1,1,-1,-1,1,1,-1,1,-1,1,-1,-1,1,1,-1,1,-1,1,-1,-1,1,0,2,0,0,1,-1,1,-1,1,-1,1,0,1,-1,1,-1,0,0,1,-1,-1,1,1,-1,1,-1,1,-1,-1,1,0,2,0,0,0,0,-1,1,0,0,1,-1,1,-1,1,-1,1,-1,1,-1,0,0,1,-1,-1,1,1,-1,1,-1,1,-1,0,0,-1,1,1,-1,0,0,0,0,0,0,1,-1,-1,1,-1,1,-1,1,1,-1,-1,1,-1,1,0,0,1,-1,0,0,-1,1,0,2,0,0,-1,1,-1,1,-1,1,1,-1,1,-1,1,-1,-1,1,-1,1,-1,1,1,-1,0,0,1,-1,1,-1,1,-1,0,0,1,-1,1,-1,0,2,1,-1,1,-1,1,-1,0,0,-1,1,1,-1,1,-1,1,-1,-1,1,1,-1,-1,1,1,-1,1,-1,0,0,1,-1,-1,1
2021-02-10 08:30:00,Inflation Rate MoM,schedule,0.028698064474984856,0.03232469519109733,0.03375076659235683,52.0,YM,timed,900.0,330.0,307.5,0,0,-1,1,1,-1,0,2,1,-1,1,-1,1,-1,1,-1,0,0,1,-1,1,-1,0,0,0,2,1,-1,0,0,-1,1,-1,1,-1,1,0,0,0,0,0,0,0,0,-1,1,-1,1,0,0,0,-1,0,0,0,0,0,0,1,-1,0,0,-1,1,0,0,1,-1,1,-1,-1,1,0,0,1,-1,1,-1,-1,1,0,0,-1,1,-1,1,-1,1,-1,1,-1,1,-1,1,-1,1,0,0,-1,1,0,0,0,0,-1,1,-1,1,-1,1,1,-1,-1,1,-1,1,0,0,-1,1,-1,1,0,0,0,0,0,0,0,0,0,0,0,0,-1,1,0,2,-1,1,0,0,-1,1,1,-1,-1,1,-1,1,-1,1,-1,1,-1,1,-1,1,-1,1,1,-1,0,0,0,2,-1,1,0,0,-1,1,-1,0,-1,1,-1,1,0,0,-1,1,1,-1,-1,1,1,-1,1,-1,0,0,0,0,0,0,0,0,-1,1,0,0,1,-1,0,0,1,-1,1,-1,-1,1,0,0,-1,1,-1,1,-1,1,1,-1,-1,1,-1,1,-1,1,-1,1,0,0,0,0,0,0,-1,1,-1,1,1,-1,0,0,-1,1,1,-1,1,-1,0,0,-1,1,-1,1,1,-1,0,0,0,0,-1,1,-1,1,-1,1,-1,1,-1,1,-1,1,0,0,1,-1,0,0,-1,1,0,0,-1,1,-1,1,-1,1,0,0,1,-1,1,-1,0,0,-1,1,-1,1,1,-1,0,0,1,-1,-1,1,1,-1,0,0,1,-1,-1,1,-1,1,0,0,1,-1,0,0,-1,1,-1,1
2021-02-17 08:30:00,Retail Sales MoM,tv,0.0,0.03675269519764783,0.04433377856542508,57.0,YM,stopped_post,114.0,-157.30499999999665,-179.80499999999665,0,2,-1,1,-1,1,0,2,-1,1,-1,1,1,-1,-1,1,-1,1,-1,1,-1,1,0,0,0,0,-1,1,0,0,-1,1,-1,1,-1,1,0,0,0,0,0,0,-1,1,-1,1,-1,1,0,0,0,-1,0,1,0,0,0,0,-1,1,1,-1,-1,1,0,0,-1,1,-1,1,-1,1,-1,1,-1,1,1,-1,-1,1,0,2,-1,1,-1,1,-1,1,-1,1,-1,1,-1,1,0,0,-1,1,-1,1,-1,1,-1,1,-1,1,-1,1,-1,1,-1,1,-1,1,-1,1,0,0,-1,1,-1,1,0,0,0,0,0,0,-1,1,0,0,0,0,-1,1,0,2,-1,1,-1,1,-1,1,1,-1,-1,1,-1,1,-1,1,-1,1,-1,1,-1,1,-1,1,1,-1,0,2,0,0,-1,1,-1,1,-1,1,-1,0,-1,1,-1,1,0,0,-1,1,-1,1,-1,1,1,-1,-1,1,1,-1,0,0,0,0,0,0,-1,1,0,0,-1,1,0,0,-1,1,-1,1,-1,1,0,0,-1,1,1,-1,-1,1,-1,1,-1,1,0,0,1,-1,-1,1,0,0,0,0,0,0,-1,1,-1,1,-1,1,1,-1,-1,1,1,-1,1,-1,-1,1,-1,1,0,0,-1,1,0,0,0,0,1,-1,-1,1,1,-1,-1,1,-1,1,-1,1,0,0,-1,1,0,0,-1,1,-1,1,-1,1,-1,1,-1,1,0,0,-1,1,-1,1,0,0,-1,1,-1,1,1,-1,0,0,1,-1,-1,1,1,-1,-1,1,-1,1,-1,1,-1,1,-1,1,-1,1,0,0,-1,1,-1,1
2021-03-05 08:30:00,Non Farm Payrolls,schedule,0.2808807386840576,0.11511541588878871,0.12588779188999225,62.0,YM,stopped_post,3.0,-154.94500000000698,-177.44500000000698,0,0,1,-1,1,-1,0,2,-1,1,1,-1,1,-1,1,-1,0,0,1,-1,1,-1,0,0,0,0,1,-1,1,-1,1,-1,1,-1,1,-1,0,1,1,-1,1,-1,1,-1,1,-1,1,-1,0,0,0,-1,0,-1,0,0,1,-1,1,-1,1,-1,-1,1,0,0,1,-1,1,-1,1,-1,1,-1,1,-1,-1,1,1,-1,0,0,1,-1,1,-1,1,-1,1,-1,1,-1,1,-1,1,-1,1,-1,1,-1,1,-1,1,-1,1,-1,1,-1,1,-1,1,-1,1,-1,1,-1,1,-1,1,-1,1,-1,0,0,0,0,0,0,1,-1,0,0,0,0,1,-1,0,2,1,-1,1,-1,1,-1,1,-1,1,-1,1,-1,1,-1,-1,1,1,-1,1,-1,1,-1,-1,1,0,0,0,2,1,-1,0,0,1,-1,1,0,1,-1,1,-1,0,0,1,-1,1,-1,1,-1,1,-1,1,-1,-1,1,0,0,0,0,0,0,1,-1,0,0,1,-1,0,0,1,-1,1,-1,1,-1,0,0,1,-1,0,0,1,-1,1,-1,1,-1,1,-1,1,-1,1,-1,0,0,0,0,0,0,1,-1,1,-1,-1,1,-1,1,1,-1,1,-1,-1,1,1,-1,1,-1,1,-1,-1,1,0,2,0,0,-1,1,-1,1,-1,1,1,-1,1,-1,1,-1,0,0,-1,1,0,0,1,-1,1,-1,-1,1,-1,1,1,-1,0,0,1,-1,1,-1,0,2,1,-1,1,-1,1,-1,0,0,1,-1,1,-1,1,-1,1,-1,1,-1,1,-1,-1,1,1,-1,1,-1,0,0,1,-1,-1,1
2021-03-10 08:30:00,Inflation Rate MoM,schedule,0.1253250618792493,0.03167994207096307,0.03303621999705247,53.0,YM,timed,900.0,250.0,227.5,0,0,1,-1,-1,1,0,2,-1,1,1,-1,1,-1,1,-1,0,0,-1,1,-1,1,0,0,0,0,1,-1,0,0,1,-1,1,-1,1,-1,0,0,0,0,0,0,1,-1,1,-1,1,-1,0,0,0,-1,0,0,0,2,0,0,-1,1,1,-1,1,-1,0,0,1,-1,0,0,1,-1,0,0,1,-1,1,-1,1,-1,0,2,1,-1,1,-1,1,-1,1,-1,1,-1,0,0,1,-1,0,0,1,-1,1,-1,0,0,1,-1,1,-1,1,-1,1,-1,1,-1,1,-1,0,0,1,-1,1,-1,0,0,0,0,0,0,1,-1,0,0,0,2,1,-1,0,0,1,-1,1,-1,-1,1,-1,1,1,-1,1,-1,1,-1,1,-1,1,-1,1,-1,1,-1,-1,1,0,0,0,0,1,-1,1,-1,1,-1,1,0,1,-1,1,-1,0,0,1,-1,1,-1,1,-1,1,-1,1,-1,-1,1,0,0,0,0,0,0,1,-1,1,-1,1,-1,0,0,1,-1,1,-1,1,-1,0,0,1,-1,1,-1,1,-1,1,-1,1,-1,1,-1,1,-1,1,-1,0,0,0,0,0,0,1,-1,1,-1,-1,1,1,-1,1,-1,1,-1,-1,1,0,0,-1,1,1,-1,1,-1,0,0,0,2,1,-1,1,-1,-1,1,1,-1,1,-1,1,-1,0,0,-1,1,0,0,1,-1,0,0,1,-1,1,-1,1,-1,0,2,1,-1,-1,1,0,2,-1,1,1,-1,-1,1,0,0,1,-1,1,-1,1,-1,0,0,1,-1,1,-1,1,-1,1,-1,1,-1,0,0,1,-1,1,-1
2021-03-16 08:30:00,Retail Sales MoM,tv,0.02435979415973935,0.03454594874866222,0.04433377856542508,58.0,YM,timed,891.0,-115.0,-137.5,0,0,-1,1,-1,1,0,2,1,-1,-1,1,1,-1,1,-1,0,0,1,-1,-1,1,0,0,0,2,1,-1,0,0,-1,1,-1,1,-1,1,0,0,-1,1,1,-1,-1,1,-1,1,-1,1,0,0,0,1,0,0,0,2,-1,1,1,-1,-1,1,1,-1,0,0,1,-1,1,-1,-1,1,-1,1,1,-1,1,-1,-1,1,0,0,-1,1,-1,1,-1,1,-1,1,1,-1,0,0,-1,1,-1,1,1,-1,0,0,1,-1,-1,1,-1,1,-1,1,1,-1,-1,1,-1,1,-1,1,-1,1,-1,1,0,0,0,0,0,0,1,-1,0,0,0,0,-1,1,0,2,1,-1,1,-1,1,-1,1,-1,-1,1,-1,1,-1,1,-1,1,-1,1,-1,1,-1,1,-1,1,0,0,0,2,-1,1,-1,1,-1,1,-1,0,-1,1,1,-1,0,0,-1,1,-1,1,-1,1,1,-1,1,-1,1,-1,0,0,0,0,0,0,-1,1,0,0,1,-1,0,0,1,-1,1,-1,-1,1,0,0,-1,1,-1,1,1,-1,-1,1,-1,1,1,-1,1,-1,-1,1,0,0,0,0,0,0,-1,1,-1,1,-1,1,-1,1,-1,1,-1,1,1,-1,0,0,1,-1,1,-1,-1,1,0,0,0,2,1,-1,1,-1,1,-1,-1,1,1,-1,-1,1,0,0,1,-1,0,0,-1,1,0,0,-1,1,-1,1,-1,1,0,0,1,-1,1,-1,0,0,1,-1,1,-1,-1,1,0,0,1,-1,-1,1,1,-1,0,0,-1,1,1,-1,1,-1,0,0,-1,1,0,0,-1,1,-1,1
2021-03-17 14:00:00,Fed Interest Rate Decision,schedule,0.3541119726479028,0.10235905382046492,0.09101214134465409,40.0,YM,tp,56.0,654.9799999999959,632.4799999999959,0,0,-1,1,-1,1,0,2,-1,1,-1,1,-1,1,-1,1,-1,1,-1,1,-1,1,0,0,0,0,-1,1,0,0,-1,1,-1,1,-1,1,0,-1,-1,1,0,0,-1,1,-1,1,-1,1,0,0,0,1,0,1,0,0,-1,1,-1,1,-1,1,-1,1,0,0,-1,1,0,0,-1,1,-1,1,-1,1,-1,1,-1,1,0,0,-1,1,-1,1,-1,1,-1,1,-1,1,0,0,-1,1,-1,1,-1,1,-1,1,-1,1,-1,1,-1,1,-1,1,-1,1,-1,1,-1,1,-1,1,-1,1,-1,1,0,0,0,0,0,0,-1,1,0,0,0,0,-1,1,0,0,-1,1,-1,1,-1,1,1,-1,-1,1,-1,1,-1,1,1,-1,-1,1,1,-1,-1,1,1,-1,0,0,0,0,-1,1,-1,1,-1,1,-1,0,-1,1,-1,1,0,0,-1,1,1,-1,-1,1,-1,1,-1,1,1,-1,0,0,0,0,0,0,-1,1,0,0,1,-1,0,0,1,-1,1,-1,-1,1,0,0,-1,1,0,0,1,-1,-1,1,-1,1,-1,1,1,-1,-1,1,0,0,0,0,0,0,-1,1,-1,1,1,-1,-1,1,-1,1,-1,1,1,-1,-1,1,-1,1,-1,1,1,-1,0,0,0,0,1,-1,1,-1,-1,1,-1,1,-1,1,-1,1,0,0,1,-1,0,0,0,0,-1,1,1,-1,-1,1,-1,1,0,0,-1,1,-1,1,0,0,-1,1,-1,1,-1,1,0,0,1,-1,-1,1,-1,1,-1,1,-1,1,-1,1,1,-1,-1,1,-1,1,0,0,-1,1,1,-1
2021-04-02 08:30:00,Non Farm Payrolls,schedule,0.16613804561244525,0.11617973688706647,0.12588779188999225,63.0,YM,tp,203.0,661.9599999999991,639.4599999999991,0,0,1,-1,1,-1,0,2,-1,1,-1,1,1,-1,1,-1,0,0,-1,1,-1,1,0,0,0,0,1,-1,0,0,1,-1,1,-1,1,-1,0,0,1,-1,0,0,0,0,1,-1,1,-1,0,0,0,-1,0,-1,0,0,0,0,-1,1,1,-1,1,-1,0,0,1,-1,1,-1,1,-1,0,0,-1,1,1,-1,1,-1,0,0,1,-1,1,-1,1,-1,1,-1,1,-1,1,-1,0,0,0,0,1,-1,0,0,0,0,1,-1,1,-1,1,-1,1,-1,-1,1,-1,1,1,-1,1,-1,1,-1,0,0,0,0,0,0,0,0,0,0,0,0,1,-1,0,0,-1,1,-1,1,1,-1,1,-1,1,-1,1,-1,1,-1,1,-1,1,-1,1,-1,1,-1,-1,1,0,0,0,2,1,-1,0,0,1,-1,1,0,1,-1,1,-1,0,0,1,-1,1,-1,1,-1,1,-1,-1,1,0,0,0,0,0,0,0,0,1,-1,1,-1,1,-1,1,-1,1,-1,1,-1,1,-1,0,0,1,-1,1,-1,1,-1,-1,1,1,-1,1,-1,1,-1,1,-1,0,0,0,0,0,0,1,-1,1,-1,-1,1,1,-1,1,-1,1,-1,-1,1,0,0,1,-1,1,-1,-1,1,0,0,0,0,1,-1,1,-1,-1,1,1,-1,1,-1,1,-1,-1,1,-1,1,-1,1,1,-1,0,0,-1,1,1,-1,1,-1,0,0,1,-1,-1,1,0,2,1,-1,1,-1,1,-1,0,0,1,-1,1,-1,1,-1,0,0,-1,1,1,-1,1,-1,0,0,-1,1,0,0,1,-1,1,-1
2021-04-13 08:30:00,Inflation Rate MoM,schedule,0.008951215873489482,0.03232469519109733,0.03303621999705247,54.0,YM,timed,900.0,165.0,142.5,0,0,1,-1,-1,1,0,2,1,-1,1,-1,-1,1,1,-1,0,0,1,-1,1,-1,0,2,0,2,1,-1,0,0,-1,1,1,-1,1,-1,0,0,0,0,0,0,0,0,1,-1,-1,1,0,2,0,-1,0,0,0,0,1,-1,-1,1,1,-1,1,-1,0,0,-1,1,-1,1,1,-1,1,-1,-1,1,1,-1,-1,1,0,0,1,-1,1,-1,-1,1,1,-1,1,-1,0,0,1,-1,-1,1,1,-1,0,0,-1,1,1,-1,1,-1,1,-1,-1,1,1,-1,1,-1,0,0,1,-1,0,0,0,2,0,0,0,0,0,0,0,0,0,2,0,0,0,0,1,-1,1,-1,1,-1,-1,1,1,-1,1,-1,1,-1,-1,1,1,-1,-1,1,-1,1,1,-1,0,0,0,2,-1,1,1,-1,1,-1,1,0,-1,1,1,-1,0,0,1,-1,1,-1,-1,1,-1,1,-1,1,-1,1,0,0,0,2,0,0,1,-1,-1,1,-1,1,-1,1,-1,1,-1,1,-1,1,0,0,-1,1,1,-1,-1,1,-1,1,-1,1,0,0,1,-1,1,-1,0,0,0,0,0,0,-1,1,1,-1,1,-1,1,-1,-1,1,1,-1,-1,1,1,-1,-1,1,0,0,-1,1,0,0,0,2,1,-1,1,-1,-1,1,1,-1,1,-1,1,-1,0,0,1,-1,0,0,0,0,1,-1,-1,1,-1,1,1,-1,0,2,-1,1,-1,1,0,2,-1,1,-1,1,-1,1,0,0,1,-1,1,-1,-1,1,1,-1,-1,1,1,-1,1,-1,1,-1,1,-1,0,0,1,-1,1,-1
2021-04-15 08:30:00,Retail Sales MoM,tv,0.026631946499378587,0.03233920229967661,0.03735027346364349,59.0,YM,timed,900.0,-10.0,-32.5,0,0,-1,1,-1,1,1,0,1,-1,-1,1,1,-1,1,-1,1,-1,1,-1,-1,1,0,0,0,2,1,-1,0,0,-1,1,-1,1,-1,1,0,0,1,-1,0,0,0,0,-1,1,-1,1,0,0,0,1,0,1,0,0,0,0,-1,1,1,-1,1,-1,0,0,1,-1,1,-1,-1,1,0,0,1,-1,1,-1,-1,1,0,0,1,-1,-1,1,1,-1,-1,1,1,-1,0,0,-1,1,-1,1,1,-1,0,0,1,-1,1,-1,-1,1,-1,1,1,-1,-1,1,1,-1,0,0,-1,1,-1,1,0,0,0,0,0,0,1,-1,0,0,0,0,0,0,0,0,1,-1,1,-1,1,-1,-1,1,-1,1,-1,1,-1,1,-1,1,-1,1,-1,1,-1,1,-1,1,0,0,0,0,1,-1,-1,1,-1,1,-1,0,-1,1,1,-1,0,0,-1,1,1,-1,1,-1,-1,1,1,-1,1,-1,0,0,0,0,0,0,-1,1,1,-1,1,-1,1,-1,1,-1,1,-1,-1,1,0,0,-1,1,-1,1,1,-1,1,-1,-1,1,1,-1,1,-1,-1,1,0,0,0,0,0,0,-1,1,-1,1,-1,1,1,-1,-1,1,-1,1,1,-1,0,0,1,-1,1,-1,-1,1,0,0,0,0,1,-1,-1,1,1,-1,-1,1,1,-1,-1,1,0,0,1,-1,0,0,-1,1,0,0,-1,1,-1,1,-1,1,0,0,1,-1,-1,1,0,0,1,-1,1,-1,1,-1,0,0,1,-1,1,-1,1,-1,0,0,-1,1,1,-1,-1,1,0,0,1,-1,0,0,0,0,-1,1
2021-04-28 14:00:00,Fed Interest Rate Decision,schedule,0.008896533317517274,0.10301692420897719,0.09480339471498479,41.0,YM,timed,900.0,145.0,122.5,0,2,-1,1,-1,1,-1,0,-1,1,1,-1,-1,1,-1,1,-1,1,-1,1,1,-1,0,0,0,0,-1,1,0,0,-1,1,-1,1,-1,1,0,0,0,0,0,0,-1,1,-1,1,-1,1,0,0,0,-1,0,1,0,0,0,0,-1,1,1,-1,-1,1,0,0,-1,1,-1,1,-1,1,-1,1,-1,1,1,-1,-1,1,0,2,-1,1,-1,1,-1,1,-1,1,-1,1,-1,1,0,0,0,0,-1,1,-1,1,-1,1,-1,1,-1,1,-1,1,-1,1,1,-1,-1,1,-1,1,1,-1,-1,1,0,0,0,0,-1,1,-1,1,0,0,0,0,0,0,0,0,-1,1,-1,1,-1,1,-1,1,1,-1,-1,1,1,-1,1,-1,-1,1,-1,1,-1,1,1,-1,0,2,0,0,-1,1,0,0,-1,1,-1,0,-1,1,-1,1,0,2,-1,1,-1,1,-1,1,1,-1,-1,1,0,0,0,2,0,0,0,0,-1,1,-1,1,-1,1,-1,1,-1,1,-1,1,-1,1,0,0,-1,1,1,-1,-1,1,-1,1,-1,1,-1,1,1,-1,-1,1,0,0,0,0,0,0,-1,1,-1,1,1,-1,1,-1,-1,1,1,-1,1,-1,-1,1,-1,1,-1,1,1,-1,0,2,0,0,1,-1,-1,1,-1,1,-1,1,-1,1,-1,1,0,0,1,-1,0,0,0,0,-1,1,1,-1,-1,1,-1,1,0,0,-1,1,-1,1,0,0,-1,1,-1,1,1,-1,0,0,1,-1,-1,1,-1,1,-1,1,1,-1,1,-1,-1,1,-1,1,-1,1,0,0,0,0,-1,1
2021-05-07 08:30:00,Non Farm Payrolls,schedule,0.10999189533402803,0.12160759566376653,0.12588779188999225,64.0,YM,stopped_post,11.0,-172.6800000000003,-195.1800000000003,0,0,-1,1,1,-1,0,2,0,0,1,-1,1,-1,-1,1,0,0,-1,1,1,-1,0,0,0,2,-1,1,0,0,-1,1,1,-1,1,-1,0,0,0,0,1,-1,0,0,-1,1,1,-1,0,0,0,-1,0,-1,0,0,1,-1,1,-1,1,-1,1,-1,0,0,1,-1,1,-1,-1,1,0,0,1,-1,1,-1,1,-1,0,0,1,-1,1,-1,1,-1,1,-1,1,-1,0,0,1,-1,1,-1,-1,1,0,0,1,-1,1,-1,1,-1,1,-1,-1,1,-1,1,1,-1,0,0,1,-1,-1,1,0,0,0,0,0,0,-1,1,0,0,0,0,1,-1,0,0,-1,1,0,0,-1,1,1,-1,1,-1,1,-1,1,-1,1,-1,1,-1,1,-1,1,-1,1,-1,0,0,0,0,1,-1,1,-1,1,-1,1,0,1,-1,-1,1,0,0,1,-1,1,-1,1,-1,1,-1,1,-1,0,0,0,0,0,0,0,0,1,-1,0,0,1,-1,1,-1,1,-1,1,-1,1,-1,0,0,1,-1,1,-1,1,-1,1,-1,1,-1,1,-1,-1,1,1,-1,0,0,0,0,0,0,1,-1,1,-1,-1,1,1,-1,-1,1,1,-1,-1,1,0,0,1,-1,0,0,1,-1,0,0,0,0,-1,1,-1,1,-1,1,1,-1,1,-1,1,-1,0,0,1,-1,0,0,1,-1,0,0,-1,1,1,-1,1,-1,0,0,1,-1,1,-1,0,2,1,-1,1,-1,-1,1,0,0,1,-1,1,-1,1,-1,0,0,1,-1,-1,1,-1,1,0,0,-1,1,0,0,1,-1,1,-1
2021-05-12 08:30:00,Inflation Rate MoM,schedule,0.328648141083952,0.03167994207096307,0.030833756393108223,55.0,YM,stopped_post,1.0,-170.43000000001484,-192.93000000001484,0,0,1,-1,-1,1,0,2,1,-1,-1,1,1,-1,1,-1,0,0,1,-1,-1,1,0,0,0,2,1,-1,0,0,-1,1,-1,1,-1,1,0,0,0,0,0,0,0,0,-1,1,-1,1,0,0,0,-1,0,0,0,0,0,0,1,-1,-1,1,1,-1,0,0,1,-1,0,0,-1,1,0,0,1,-1,1,-1,-1,1,0,0,1,-1,-1,1,-1,1,-1,1,-1,1,0,0,-1,1,-1,1,1,-1,0,0,1,-1,1,-1,-1,1,-1,1,1,-1,-1,1,-1,1,0,0,-1,1,-1,1,0,0,0,0,0,0,0,0,0,0,0,0,-1,1,0,2,-1,1,1,-1,1,-1,-1,1,-1,1,-1,1,-1,1,-1,1,-1,1,1,-1,-1,1,-1,1,0,0,0,2,-1,1,-1,1,-1,1,-1,0,-1,1,1,-1,0,0,-1,1,1,-1,-1,1,1,-1,1,-1,0,0,0,0,0,0,0,0,-1,1,0,0,-1,1,0,0,-1,1,-1,1,-1,1,0,0,1,-1,1,-1,-1,1,-1,1,-1,1,0,0,1,-1,-1,1,0,0,0,0,0,0,-1,1,-1,1,-1,1,-1,1,-1,1,1,-1,1,-1,0,0,-1,1,0,0,1,-1,0,0,0,0,-1,1,-1,1,-1,1,-1,1,1,-1,-1,1,0,0,1,-1,0,0,-1,1,0,0,-1,1,-1,1,-1,1,0,0,1,-1,1,-1,0,0,-1,1,1,-1,-1,1,0,0,-1,1,1,-1,1,-1,0,0,-1,1,1,-1,-1,1,0,0,-1,1,0,0,-1,1,-1,1
2021-05-14 08:30:00,Retail Sales MoM,tv,0.04106896652879228,0.031088541573536212,0.034719348198742186,60.0,YM,stopped_post,4.0,-170.53500000001804,-193.03500000001804,0,0,1,-1,-1,1,0,2,-1,1,-1,1,1,-1,-1,1,0,0,-1,1,-1,1,0,0,0,0,-1,1,0,0,1,-1,-1,1,-1,1,0,0,1,-1,0,0,0,0,1,-1,-1,1,0,0,0,-1,0,0,0,2,0,0,-1,1,-1,1,1,-1,0,0,-1,1,1,-1,1,-1,-1,1,-1,1,-1,1,1,-1,0,2,1,-1,0,0,1,-1,-1,1,-1,1,0,0,-1,1,-1,1,1,-1,0,0,0,0,1,-1,1,-1,-1,1,1,-1,1,-1,-1,1,0,0,-1,1,0,0,0,0,0,0,0,0,0,0,0,0,0,0,0,0,0,2,-1,1,0,0,-1,1,0,0,-1,1,-1,1,-1,1,1,-1,-1,1,-1,1,-1,1,-1,1,0,0,0,2,1,-1,0,0,-1,1,-1,0,1,-1,-1,1,0,0,-1,1,-1,1,1,-1,1,-1,-1,1,1,-1,0,0,0,0,0,0,0,0,0,0,1,-1,0,0,1,-1,1,-1,1,-1,0,0,1,-1,-1,1,1,-1,-1,1,1,-1,0,0,1,-1,1,-1,0,0,0,0,0,0,1,-1,-1,1,1,-1,-1,1,1,-1,-1,1,-1,1,-1,1,1,-1,0,0,1,-1,0,0,0,2,-1,1,-1,1,-1,1,-1,1,-1,1,1,-1,0,0,-1,1,0,0,-1,1,0,0,-1,1,-1,1,1,-1,0,2,-1,1,-1,1,0,2,1,-1,1,-1,1,-1,0,0,1,-1,-1,1,1,-1,-1,1,-1,1,-1,1,-1,1,-1,1,-1,1,0,0,-1,1,-1,1
2021-06-04 08:30:00,Non Farm Payrolls,schedule,0.17369655212344035,0.11617973688706647,0.12588779188999225,65.0,YM,timed,900.0,490.0,467.5,0,0,-1,1,-1,1,0,2,0,0,1,-1,1,-1,-1,1,-1,1,-1,1,1,-1,0,0,0,2,-1,1,0,0,-1,1,1,-1,1,-1,0,0,0,0,0,0,0,0,-1,1,-1,1,0,0,0,-1,0,1,0,0,0,0,-1,1,-1,1,-1,1,0,0,-1,1,0,0,-1,1,0,0,1,-1,-1,1,-1,1,0,0,1,-1,-1,1,-1,1,-1,1,-1,1,0,0,1,-1,1,-1,-1,1,1,-1,0,0,-1,1,1,-1,1,-1,1,-1,1,-1,-1,1,0,0,1,-1,1,-1,0,0,0,0,0,0,0,0,0,0,0,0,0,0,0,0,1,-1,1,-1,-1,1,-1,1,1,-1,1,-1,-1,1,-1,1,1,-1,-1,1,-1,1,-1,1,0,0,0,0,-1,1,0,0,-1,1,-1,0,-1,1,-1,1,0,0,1,-1,-1,1,-1,1,1,-1,-1,1,-1,1,0,0,0,0,0,0,-1,1,0,0,1,-1,0,0,1,-1,1,-1,-1,1,0,0,1,-1,0,0,-1,1,-1,1,-1,1,1,-1,-1,1,0,0,0,0,0,0,0,0,-1,1,1,-1,1,-1,-1,1,1,-1,1,-1,1,-1,0,0,-1,1,1,-1,-1,1,0,0,0,0,1,-1,1,-1,-1,1,1,-1,-1,1,-1,1,0,0,-1,1,0,0,0,0,0,0,-1,1,-1,1,-1,1,0,0,-1,1,-1,1,0,0,-1,1,1,-1,1,-1,0,0,1,-1,-1,1,1,-1,0,0,1,-1,-1,1,1,-1,0,0,-1,1,0,0,0,0,-1,1
2021-06-10 08:30:00,Inflation Rate MoM,schedule,0.17395338049402762,0.03232469519109733,0.03303621999705247,56.0,YM,stopped_post,1.0,-172.5249999999869,-195.0249999999869,0,0,1,-1,1,-1,0,2,1,-1,1,-1,1,-1,1,-1,1,-1,1,-1,-1,1,0,0,0,2,1,-1,0,0,-1,1,1,-1,1,-1,0,0,0,0,1,-1,0,0,1,-1,1,-1,0,0,0,-1,0,-1,0,0,0,0,1,-1,1,-1,1,-1,0,0,1,-1,0,0,1,-1,1,-1,1,-1,1,-1,1,-1,0,0,1,-1,1,-1,1,-1,1,-1,1,-1,0,0,0,0,0,0,1,-1,1,-1,1,-1,1,-1,1,-1,1,-1,1,-1,1,-1,1,-1,0,0,1,-1,1,-1,0,0,0,0,0,0,1,-1,0,0,0,2,1,-1,0,0,1,-1,1,-1,1,-1,-1,1,1,-1,1,-1,1,-1,1,-1,1,-1,-1,1,1,-1,1,-1,0,0,0,0,1,-1,0,0,1,-1,1,0,1,-1,1,-1,0,0,1,-1,1,-1,1,-1,1,-1,1,-1,1,-1,0,0,0,0,0,0,1,-1,0,0,1,-1,0,0,-1,1,-1,1,1,-1,0,0,1,-1,1,-1,1,-1,1,-1,1,-1,1,-1,-1,1,1,-1,0,0,0,0,0,0,1,-1,1,-1,-1,1,1,-1,1,-1,1,-1,-1,1,1,-1,1,-1,0,0,-1,1,0,0,0,0,1,-1,-1,1,1,-1,1,-1,1,-1,1,-1,0,0,-1,1,0,0,0,0,1,-1,-1,1,1,-1,1,-1,0,0,1,-1,1,-1,0,2,1,-1,1,-1,-1,1,0,0,-1,1,1,-1,1,-1,1,-1,-1,1,1,-1,-1,1,1,-1,1,-1,0,0,1,-1,1,-1
2021-06-15 08:30:00,Retail Sales MoM,tv,0.005836008170411439,0.03233920229967661,0.034719348198742186,61.0,YM,stopped_post,30.0,-171.4849999999933,-193.9849999999933,0,2,1,-1,1,-1,0,2,1,-1,1,-1,-1,1,1,-1,0,0,1,-1,1,-1,0,0,0,2,1,-1,0,0,1,-1,1,-1,1,-1,0,1,0,0,0,0,1,-1,1,-1,1,-1,0,0,0,-1,0,-1,0,0,1,-1,1,-1,-1,1,-1,1,0,0,1,-1,0,0,1,-1,1,-1,1,-1,-1,1,1,-1,0,0,1,-1,1,-1,1,-1,1,-1,1,-1,1,-1,1,-1,1,-1,1,-1,1,-1,1,-1,1,-1,1,-1,1,-1,1,-1,1,-1,1,-1,1,-1,1,-1,1,-1,0,0,0,0,1,-1,1,-1,0,0,0,0,1,-1,0,2,1,-1,1,-1,1,-1,-1,1,1,-1,1,-1,1,-1,-1,1,1,-1,1,-1,1,-1,-1,1,0,2,0,0,1,-1,1,-1,1,-1,1,0,1,-1,1,-1,0,0,1,-1,1,-1,1,-1,-1,1,1,-1,0,0,0,0,0,0,0,0,1,-1,0,0,1,-1,0,0,1,-1,1,-1,1,-1,0,0,1,-1,1,-1,1,-1,1,-1,1,-1,1,-1,-1,1,1,-1,0,0,0,0,0,0,1,-1,1,-1,-1,1,-1,1,1,-1,1,-1,-1,1,1,-1,1,-1,1,-1,-1,1,0,2,0,0,-1,1,-1,1,-1,1,1,-1,1,-1,1,-1,0,0,-1,1,0,0,1,-1,1,-1,-1,1,1,-1,1,-1,0,0,1,-1,1,-1,0,2,1,-1,1,-1,1,-1,0,0,-1,1,1,-1,-1,1,1,-1,-1,1,1,-1,-1,1,1,-1,1,-1,0,0,1,-1,-1,1
2021-06-16 14:00:00,Fed Interest Rate Decision,schedule,0.5231754989271963,0.10235905382046492,0.07995033113613462,42.0,YM,stopped_post,0.0,-170.16999999999825,-192.66999999999825,0,0,1,-1,1,-1,-1,0,-1,1,1,-1,-1,1,-1,1,0,0,-1,1,1,-1,0,0,0,0,-1,1,0,0,-1,1,1,-1,1,-1,0,0,0,0,1,-1,0,0,-1,1,1,-1,0,0,0,-1,0,-1,0,0,0,0,-1,1,-1,1,-1,1,0,0,-1,1,-1,1,1,-1,0,0,-1,1,-1,1,1,-1,0,0,-1,1,1,-1,-1,1,1,-1,-1,1,0,0,1,-1,1,-1,-1,1,0,0,-1,1,-1,1,1,-1,1,-1,-1,1,1,-1,-1,1,0,0,1,-1,1,-1,0,0,0,0,-1,1,-1,1,0,0,0,0,0,0,0,2,1,-1,-1,1,-1,1,1,-1,1,-1,1,-1,1,-1,1,-1,1,-1,1,-1,-1,1,-1,1,0,0,0,0,-1,1,0,0,-1,1,1,0,1,-1,-1,1,0,0,1,-1,-1,1,-1,1,1,-1,-1,1,0,0,0,0,0,0,0,0,1,-1,-1,1,-1,1,-1,1,-1,1,-1,1,1,-1,0,0,1,-1,0,0,-1,1,-1,1,1,-1,-1,1,1,-1,-1,1,0,0,0,0,0,0,-1,1,1,-1,-1,1,-1,1,1,-1,1,-1,1,-1,0,0,-1,1,-1,1,-1,1,0,0,0,0,-1,1,1,-1,1,-1,1,-1,1,-1,1,-1,0,0,1,-1,0,0,0,0,0,0,1,-1,-1,1,1,-1,0,0,-1,1,-1,1,0,0,1,-1,-1,1,1,-1,0,0,1,-1,-1,1,-1,1,0,0,1,-1,-1,1,1,-1,0,0,-1,1,0,0,0,0,1,-1
2021-07-02 08:30:00,Non Farm Payrolls,schedule,0.12749558111906348,0.12160759566376653,0.14034174195842997,66.0,YM,timed,900.0,500.0,477.5,0,0,-1,1,1,-1,-1,0,-1,1,1,-1,-1,1,-1,1,0,0,-1,1,1,-1,0,0,0,2,-1,1,0,0,1,-1,1,-1,1,-1,0,0,-1,1,0,0,0,0,1,-1,1,-1,0,2,0,-1,0,1,0,0,0,0,1,-1,0,0,-1,1,0,0,-1,1,0,0,1,-1,0,0,-1,1,-1,1,1,-1,0,2,-1,1,1,-1,1,-1,1,-1,-1,1,0,0,1,-1,1,-1,-1,1,-1,1,-1,1,-1,1,1,-1,-1,1,-1,1,-1,1,1,-1,0,0,1,-1,-1,1,0,0,0,0,0,0,-1,1,0,0,0,0,1,-1,0,0,-1,1,-1,1,-1,1,1,-1,1,-1,-1,1,1,-1,1,-1,-1,1,-1,1,1,-1,1,-1,0,0,0,2,1,-1,1,-1,-1,1,1,0,1,-1,-1,1,0,0,1,-1,-1,1,1,-1,1,-1,-1,1,0,0,0,0,0,0,0,0,1,-1,0,0,-1,1,0,0,1,-1,-1,1,1,-1,0,0,1,-1,0,0,-1,1,1,-1,1,-1,-1,1,-1,1,1,-1,0,0,0,0,0,0,1,-1,-1,1,1,-1,0,0,-1,1,-1,1,-1,1,0,0,1,-1,-1,1,1,-1,0,0,0,2,-1,1,1,-1,-1,1,1,-1,-1,1,1,-1,0,0,1,-1,0,0,1,-1,0,0,1,-1,1,-1,1,-1,0,0,1,-1,1,-1,0,2,1,-1,-1,1,1,-1,0,0,-1,1,-1,1,-1,1,0,0,1,-1,-1,1,1,-1,0,0,1,-1,0,0,1,-1,1,-1
2021-07-13 08:30:00,Inflation Rate MoM,schedule,0.14636666284008726,0.032969448311231594,0.03303621999705247,57.0,YM,stopped_post,1.0,-174.22500000000582,-196.72500000000582,0,0,-1,1,-1,1,0,2,0,0,-1,1,-1,1,-1,1,-1,1,-1,1,-1,1,0,0,0,0,-1,1,0,0,-1,1,-1,1,-1,1,0,0,1,-1,-1,1,-1,1,-1,1,-1,1,0,0,0,1,0,1,0,0,-1,1,-1,1,-1,1,-1,1,0,0,-1,1,1,-1,-1,1,-1,1,-1,1,1,-1,-1,1,0,2,-1,1,-1,1,-1,1,-1,1,-1,1,-1,1,-1,1,0,0,-1,1,0,0,0,0,-1,1,-1,1,-1,1,1,-1,-1,1,-1,1,-1,1,-1,1,0,0,0,0,0,2,0,0,0,0,0,0,0,0,-1,1,0,0,-1,1,0,0,-1,1,1,-1,-1,1,-1,1,-1,1,1,-1,-1,1,-1,1,-1,1,1,-1,0,0,0,0,-1,1,-1,1,-1,1,-1,0,-1,1,-1,1,0,0,-1,1,-1,1,-1,1,-1,1,-1,1,-1,1,0,0,0,2,0,0,-1,1,0,0,1,-1,0,0,1,-1,1,-1,-1,1,0,0,-1,1,-1,1,1,-1,-1,1,-1,1,0,0,-1,1,-1,1,0,2,0,0,0,0,-1,1,-1,1,-1,1,-1,1,-1,1,-1,1,1,-1,0,0,-1,1,0,0,1,-1,0,0,0,0,1,-1,1,-1,1,-1,-1,1,-1,1,-1,1,0,0,1,-1,0,0,-1,1,0,0,-1,1,-1,1,-1,1,0,0,-1,1,-1,1,0,0,-1,1,-1,1,1,-1,0,0,1,-1,-1,1,-1,1,0,0,1,-1,-1,1,1,-1,-1,1,-1,1,0,2,-1,1,-1,1
2021-07-16 08:30:00,Retail Sales MoM,tv,0.028640985249892593,0.031088541573536212,0.031088541573536212,62.0,YM,timed,900.0,115.0,92.5,0,0,-1,1,1,-1,1,0,1,-1,-1,1,1,-1,1,-1,0,0,1,-1,-1,1,0,0,0,2,1,-1,0,0,-1,1,-1,1,-1,1,0,0,0,0,0,0,0,0,-1,1,1,-1,0,0,0,-1,0,0,0,0,0,0,1,-1,1,-1,1,-1,0,0,1,-1,1,-1,-1,1,0,0,1,-1,1,-1,-1,1,0,2,1,-1,-1,1,1,-1,1,-1,1,-1,0,0,-1,1,0,0,1,-1,1,-1,1,-1,-1,1,-1,1,1,-1,1,-1,-1,1,1,-1,0,0,-1,1,-1,1,0,0,0,0,0,0,1,-1,0,0,0,0,0,0,0,2,1,-1,1,-1,1,-1,1,-1,-1,1,1,-1,1,-1,-1,1,1,-1,-1,1,1,-1,1,-1,0,0,0,0,1,-1,0,0,1,-1,1,0,-1,1,1,-1,0,0,-1,1,1,-1,1,-1,-1,1,1,-1,-1,1,0,0,0,0,0,0,-1,1,0,0,1,-1,1,-1,1,-1,1,-1,-1,1,0,0,1,-1,-1,1,1,-1,1,-1,-1,1,1,-1,-1,1,-1,1,0,0,0,0,0,0,-1,1,1,-1,-1,1,1,-1,-1,1,-1,1,-1,1,1,-1,1,-1,1,-1,1,-1,0,0,0,0,1,-1,-1,1,1,-1,-1,1,1,-1,-1,1,0,0,-1,1,0,0,0,0,1,-1,-1,1,1,-1,-1,1,0,0,1,-1,1,-1,0,0,-1,1,1,-1,-1,1,0,0,-1,1,1,-1,1,-1,0,0,1,-1,1,-1,-1,1,0,0,1,-1,0,0,0,0,1,-1
2021-07-28 14:00:00,Fed Interest Rate Decision,schedule,0.0057446502944133275,0.10301692420897719,0.07995033113613462,43.0,YM,stopped_post,6.0,-174.0899999999965,-196.5899999999965,0,0,-1,1,1,-1,0,2,1,-1,-1,1,-1,1,1,-1,0,0,-1,1,-1,1,0,0,0,0,1,-1,0,0,-1,1,-1,1,-1,1,0,0,1,-1,0,0,0,0,-1,1,1,-1,0,0,0,-1,0,0,0,0,-1,1,1,-1,1,-1,1,-1,0,0,1,-1,-1,1,1,-1,0,0,1,-1,-1,1,-1,1,0,0,-1,1,-1,1,1,-1,-1,1,-1,1,0,0,-1,1,-1,1,1,-1,-1,1,1,-1,-1,1,-1,1,-1,1,-1,1,-1,1,-1,1,0,0,-1,1,-1,1,0,0,0,0,0,0,0,0,0,0,0,0,0,0,0,2,1,-1,-1,1,1,-1,1,-1,-1,1,-1,1,-1,1,-1,1,-1,1,1,-1,1,-1,-1,1,0,0,0,0,1,-1,0,0,-1,1,-1,0,1,-1,1,-1,0,0,-1,1,1,-1,0,0,1,-1,1,-1,1,-1,0,0,0,0,0,0,-1,1,0,0,-1,1,0,0,-1,1,-1,1,1,-1,0,0,1,-1,-1,1,-1,1,1,-1,-1,1,-1,1,-1,1,-1,1,0,0,0,0,0,0,1,-1,-1,1,-1,1,1,-1,-1,1,-1,1,-1,1,-1,1,1,-1,-1,1,1,-1,0,0,0,0,1,-1,1,-1,1,-1,-1,1,-1,1,-1,1,0,0,1,-1,0,0,0,0,-1,1,1,-1,1,-1,1,-1,0,0,1,-1,1,-1,0,2,1,-1,-1,1,-1,1,0,0,-1,1,1,-1,-1,1,-1,1,-1,1,1,-1,1,-1,0,0,1,-1,0,0,0,0,-1,1
2021-08-06 08:30:00,Non Farm Payrolls,schedule,0.24036397974075027,0.12703545444046657,0.14599966407442846,67.0,YM,timed,900.0,230.0,207.5,0,0,-1,1,-1,1,0,2,-1,1,-1,1,1,-1,-1,1,0,0,-1,1,-1,1,0,0,0,2,-1,1,0,0,-1,1,-1,1,-1,1,0,0,0,0,0,0,-1,1,-1,1,-1,1,0,0,0,1,0,1,0,0,-1,1,-1,1,1,-1,1,-1,0,0,-1,1,1,-1,-1,1,-1,1,-1,1,1,-1,-1,1,0,2,-1,1,-1,1,-1,1,-1,1,-1,1,-1,1,-1,1,0,0,-1,1,-1,1,-1,1,-1,1,-1,1,-1,1,-1,1,-1,1,-1,1,-1,1,-1,1,-1,1,0,0,0,0,0,0,-1,1,0,0,0,0,-1,1,0,2,-1,1,-1,1,-1,1,1,-1,-1,1,-1,1,-1,1,1,-1,-1,1,-1,1,-1,1,1,-1,0,0,0,0,-1,1,-1,1,-1,1,-1,0,-1,1,-1,1,0,0,-1,1,-1,1,-1,1,-1,1,-1,1,0,0,0,0,0,0,0,0,-1,1,0,0,1,-1,1,-1,1,-1,1,-1,-1,1,0,0,-1,1,1,-1,1,-1,-1,1,-1,1,-1,1,1,-1,-1,1,0,0,0,0,0,0,-1,1,-1,1,-1,1,1,-1,-1,1,-1,1,1,-1,-1,1,-1,1,0,0,1,-1,0,2,0,0,1,-1,1,-1,-1,1,-1,1,-1,1,-1,1,0,0,1,-1,0,0,-1,1,-1,1,1,-1,-1,1,-1,1,0,0,-1,1,-1,1,0,0,-1,1,-1,1,-1,1,0,0,-1,1,-1,1,1,-1,-1,1,-1,1,-1,1,1,-1,-1,1,-1,1,0,0,-1,1,-1,1
2021-08-11 08:30:00,Inflation Rate MoM,schedule,0.07963368504877563,0.03303621999705247,0.03303621999705247,58.0,YM,timed,897.0,305.0,282.5,0,0,-1,1,-1,1,0,2,-1,1,1,-1,1,-1,-1,1,0,0,-1,1,1,-1,0,0,0,0,-1,1,0,0,-1,1,-1,1,-1,1,0,0,-1,1,0,0,0,0,-1,1,-1,1,0,0,0,1,0,1,0,0,0,0,1,-1,-1,1,-1,1,0,0,-1,1,1,-1,-1,1,-1,1,-1,1,-1,1,-1,1,0,2,-1,1,-1,1,-1,1,-1,1,-1,1,-1,1,0,0,0,0,-1,1,-1,1,-1,1,-1,1,-1,1,-1,1,-1,1,-1,1,-1,1,0,0,-1,1,0,0,0,0,0,0,0,0,-1,1,0,0,0,0,0,0,0,2,-1,1,-1,1,-1,1,1,-1,1,-1,-1,1,-1,1,-1,1,-1,1,-1,1,-1,1,1,-1,0,0,0,0,-1,1,0,0,-1,1,-1,0,-1,1,-1,1,0,0,-1,1,-1,1,-1,1,-1,1,-1,1,-1,1,0,0,0,0,0,0,-1,1,0,0,1,-1,0,0,1,-1,1,-1,-1,1,0,0,-1,1,-1,1,-1,1,-1,1,-1,1,-1,1,1,-1,-1,1,0,0,0,0,0,0,-1,1,-1,1,1,-1,-1,1,-1,1,-1,1,1,-1,-1,1,-1,1,-1,1,1,-1,0,0,0,0,-1,1,1,-1,-1,1,-1,1,-1,1,-1,1,0,0,1,-1,0,0,0,0,-1,1,1,-1,-1,1,-1,1,0,0,-1,1,-1,1,0,0,-1,1,-1,1,1,-1,0,0,-1,1,-1,1,1,-1,0,0,-1,1,-1,1,1,-1,-1,1,1,-1,0,0,0,0,-1,1
2021-08-17 08:30:00,Retail Sales MoM,tv,0.008492809421356586,0.029837880847395817,0.031088541573536212,63.0,YM,timed,900.0,275.0,252.5,0,0,-1,1,-1,1,0,2,-1,1,1,-1,-1,1,-1,1,-1,1,-1,1,1,-1,0,0,0,0,-1,1,0,0,-1,1,-1,1,1,-1,0,0,-1,1,0,0,0,0,-1,1,1,-1,0,0,0,-1,0,0,0,0,0,0,-1,1,-1,1,-1,1,0,0,-1,1,-1,1,-1,1,-1,1,-1,1,1,-1,-1,1,0,0,-1,1,-1,1,-1,1,-1,1,-1,1,-1,1,0,0,0,0,-1,1,-1,1,-1,1,-1,1,-1,1,-1,1,-1,1,1,-1,-1,1,0,0,-1,1,0,0,0,0,0,0,-1,1,-1,1,0,0,0,0,0,0,0,2,-1,1,0,0,-1,1,1,-1,1,-1,-1,1,-1,1,-1,1,-1,1,1,-1,-1,1,1,-1,0,0,0,0,-1,1,0,0,-1,1,-1,0,-1,1,-1,1,0,0,-1,1,-1,1,-1,1,1,-1,-1,1,0,0,0,0,0,0,0,0,-1,1,-1,1,-1,1,0,0,-1,1,-1,1,-1,1,0,0,-1,1,-1,1,-1,1,-1,1,-1,1,-1,1,1,-1,-1,1,0,0,0,0,0,0,-1,1,-1,1,1,-1,-1,1,1,-1,-1,1,1,-1,-1,1,-1,1,-1,1,1,-1,0,0,0,0,-1,1,-1,1,-1,1,-1,1,-1,1,-1,1,0,0,1,-1,0,0,0,0,-1,1,-1,1,-1,1,-1,1,0,0,-1,1,-1,1,0,0,-1,1,-1,1,-1,1,0,0,-1,1,-1,1,-1,1,-1,1,-1,1,-1,1,-1,1,-1,1,-1,1,0,0,0,0,-1,1
2021-09-03 08:30:00,Non Farm Payrolls,schedule,0.15791106223387757,0.12726551777976502,0.16532089632111935,68.0,YM,stopped_post,26.0,-177.33000000000175,-199.83000000000175,0,0,1,-1,1,-1,1,0,0,0,1,-1,-1,1,1,-1,0,0,1,-1,0,0,0,0,0,0,1,-1,0,0,1,-1,1,-1,1,-1,0,0,-1,1,-1,1,1,-1,1,-1,1,-1,0,2,0,-1,0,-1,0,0,1,-1,1,-1,1,-1,1,-1,0,0,1,-1,1,-1,1,-1,1,-1,1,-1,-1,1,1,-1,0,2,1,-1,1,-1,1,-1,1,-1,1,-1,0,0,1,-1,0,0,1,-1,0,0,-1,1,1,-1,1,-1,1,-1,-1,1,1,-1,1,-1,0,0,1,-1,1,-1,0,0,0,0,0,0,0,0,0,0,0,0,1,-1,0,0,1,-1,0,0,1,-1,-1,1,1,-1,1,-1,1,-1,1,-1,1,-1,1,-1,1,-1,-1,1,0,0,0,0,1,-1,1,-1,1,-1,1,0,1,-1,1,-1,0,0,1,-1,1,-1,1,-1,-1,1,1,-1,0,0,0,0,0,0,0,0,1,-1,0,0,1,-1,0,0,1,-1,1,-1,1,-1,0,0,1,-1,1,-1,1,-1,1,-1,1,-1,0,0,1,-1,1,-1,0,0,0,0,0,0,1,-1,1,-1,-1,1,1,-1,1,-1,1,-1,-1,1,0,0,1,-1,0,0,-1,1,0,0,0,0,-1,1,-1,1,-1,1,1,-1,1,-1,1,-1,0,0,-1,1,0,0,1,-1,0,0,1,-1,1,-1,1,-1,0,0,1,-1,1,-1,0,2,1,-1,1,-1,-1,1,0,0,1,-1,1,-1,-1,1,0,0,1,-1,1,-1,-1,1,0,0,1,-1,0,0,1,-1,1,-1
2021-09-14 08:30:00,Inflation Rate MoM,schedule,0.30805550757183164,0.03310299168287334,0.03303621999705247,59.0,YM,tp,74.0,694.6199999999953,672.1199999999953,0,0,1,-1,1,-1,0,2,1,-1,1,-1,-1,1,1,-1,1,-1,1,-1,1,-1,0,0,0,0,1,-1,0,0,1,-1,1,-1,1,-1,0,0,0,0,0,0,0,0,1,-1,1,-1,0,2,0,-1,0,-1,0,0,0,0,1,-1,-1,1,1,-1,0,0,1,-1,0,0,1,-1,1,-1,1,-1,1,-1,1,-1,0,0,-1,1,1,-1,1,-1,1,-1,1,-1,1,-1,0,0,1,-1,1,-1,0,0,-1,1,1,-1,1,-1,1,-1,-1,1,-1,1,1,-1,0,0,1,-1,0,0,0,0,0,2,0,0,0,0,0,0,0,0,0,0,0,0,1,-1,1,-1,1,-1,1,-1,-1,1,1,-1,1,-1,-1,1,1,-1,-1,1,1,-1,-1,1,0,0,0,0,1,-1,0,0,1,-1,1,0,1,-1,1,-1,0,0,1,-1,1,-1,1,-1,1,-1,1,-1,0,0,0,0,0,0,0,0,1,-1,0,0,-1,1,0,0,1,-1,-1,1,1,-1,0,0,1,-1,1,-1,-1,1,1,-1,1,-1,0,0,1,-1,1,-1,0,2,0,0,0,0,1,-1,1,-1,1,-1,-1,1,1,-1,1,-1,-1,1,1,-1,1,-1,0,0,-1,1,0,0,0,0,-1,1,-1,1,1,-1,1,-1,1,-1,1,-1,0,0,-1,1,0,0,0,0,1,-1,1,-1,1,-1,1,-1,0,0,1,-1,1,-1,0,2,1,-1,1,-1,-1,1,0,2,1,-1,1,-1,-1,1,1,-1,1,-1,1,-1,-1,1,1,-1,1,-1,0,2,0,0,1,-1
2021-09-16 08:30:00,Retail Sales MoM,tv,0.13277912481237733,0.029239433048644205,0.029239433048644205,64.0,YM,timed,900.0,410.0,387.5,0,0,-1,1,1,-1,-1,0,0,0,-1,1,-1,1,-1,1,-1,1,-1,1,1,-1,0,0,0,2,-1,1,0,0,-1,1,-1,1,-1,1,0,0,0,0,0,0,-1,1,-1,1,1,-1,0,0,0,-1,0,1,0,0,0,0,1,-1,-1,1,1,-1,0,0,1,-1,0,0,-1,1,-1,1,-1,1,-1,1,-1,1,0,2,-1,1,-1,1,1,-1,-1,1,-1,1,-1,1,-1,1,-1,1,-1,1,-1,1,-1,1,-1,1,-1,1,-1,1,-1,1,-1,1,-1,1,0,0,-1,1,-1,1,0,0,0,0,0,0,-1,1,0,0,0,0,0,0,0,0,-1,1,-1,1,-1,1,-1,1,-1,1,-1,1,-1,1,-1,1,-1,1,-1,1,1,-1,-1,1,0,0,0,2,-1,1,0,0,-1,1,-1,0,-1,1,-1,1,0,2,-1,1,-1,1,-1,1,1,-1,-1,1,0,0,0,0,0,0,0,0,-1,1,0,0,-1,1,0,0,1,-1,1,-1,-1,1,0,0,-1,1,-1,1,-1,1,-1,1,-1,1,-1,1,-1,1,-1,1,0,0,0,0,0,0,-1,1,-1,1,1,-1,-1,1,-1,1,-1,1,1,-1,-1,1,1,-1,-1,1,-1,1,0,0,0,0,1,-1,-1,1,1,-1,-1,1,1,-1,-1,1,0,0,1,-1,0,0,0,0,-1,1,1,-1,1,-1,1,-1,0,0,-1,1,1,-1,0,0,-1,1,-1,1,1,-1,0,0,1,-1,-1,1,-1,1,-1,1,-1,1,-1,1,-1,1,-1,1,1,-1,0,0,0,0,-1,1
2021-09-22 14:00:00,Fed Interest Rate Decision,schedule,0.1522471087688479,0.10235905382046492,0.07995033113613462,44.0,YM,stopped_post,0.0,-170.6750000000102,-193.1750000000102,0,0,-1,1,-1,1,-1,0,-1,1,-1,1,1,-1,-1,1,-1,1,-1,1,1,-1,0,0,0,2,-1,1,0,0,-1,1,-1,1,-1,1,0,0,-1,1,0,0,-1,1,-1,1,-1,1,0,0,0,-1,0,1,0,0,0,0,-1,1,1,-1,1,-1,0,0,-1,1,1,-1,-1,1,-1,1,-1,1,1,-1,-1,1,0,2,-1,1,-1,1,-1,1,-1,1,-1,1,-1,1,0,0,0,0,-1,1,-1,1,-1,1,-1,1,-1,1,-1,1,-1,1,1,-1,-1,1,-1,1,-1,1,-1,1,0,0,0,0,-1,1,-1,1,0,0,0,0,-1,1,0,2,-1,1,-1,1,-1,1,1,-1,-1,1,-1,1,-1,1,1,-1,-1,1,-1,1,-1,1,1,-1,0,0,0,0,-1,1,-1,1,-1,1,-1,0,-1,1,-1,1,0,0,-1,1,-1,1,-1,1,-1,1,-1,1,1,-1,0,0,0,0,0,0,-1,1,1,-1,1,-1,1,-1,1,-1,1,-1,-1,1,0,0,-1,1,-1,1,1,-1,-1,1,-1,1,-1,1,1,-1,-1,1,0,0,0,0,0,0,-1,1,1,-1,1,-1,1,-1,-1,1,-1,1,1,-1,-1,1,-1,1,-1,1,1,-1,0,2,0,0,-1,1,-1,1,-1,1,-1,1,-1,1,-1,1,1,-1,1,-1,1,-1,-1,1,-1,1,1,-1,-1,1,-1,1,0,0,-1,1,-1,1,0,0,-1,1,-1,1,1,-1,0,0,1,-1,-1,1,1,-1,-1,1,1,-1,1,-1,-1,1,-1,1,-1,1,0,0,-1,1,-1,1
2021-10-08 08:30:00,Non Farm Payrolls,schedule,0.18445398737643023,0.12749558111906348,0.16532089632111935,69.0,YM,stopped_pre,-119.0,-173.50999999998749,-196.00999999998749,0,2,1,-1,1,-1,0,2,0,0,1,-1,1,-1,1,-1,1,-1,1,-1,1,-1,0,0,0,0,1,-1,0,0,1,-1,1,-1,1,-1,0,1,1,-1,1,-1,1,-1,1,-1,1,-1,0,0,0,-1,0,-1,0,0,1,-1,1,-1,-1,1,-1,1,0,0,1,-1,1,-1,1,-1,1,-1,1,-1,-1,1,1,-1,0,2,1,-1,1,-1,1,-1,1,-1,1,-1,1,-1,1,-1,1,-1,1,-1,1,-1,1,-1,1,-1,1,-1,1,-1,1,-1,1,-1,1,-1,1,-1,1,-1,1,-1,0,0,0,0,1,-1,1,-1,0,0,0,0,1,-1,0,0,1,-1,1,-1,1,-1,1,-1,1,-1,1,-1,1,-1,-1,1,1,-1,1,-1,1,-1,-1,1,0,2,0,0,1,-1,1,-1,1,-1,1,0,1,-1,1,-1,0,0,1,-1,-1,1,1,-1,1,-1,1,-1,-1,1,0,2,0,0,0,0,-1,1,0,0,1,-1,0,0,1,-1,1,-1,1,-1,0,0,1,-1,1,-1,1,-1,1,-1,1,-1,1,-1,-1,1,1,-1,0,0,0,0,0,0,1,-1,-1,1,-1,1,-1,1,1,-1,-1,1,-1,1,1,-1,1,-1,1,-1,-1,1,0,2,0,0,-1,1,-1,1,1,-1,1,-1,1,-1,1,-1,0,0,-1,1,0,0,1,-1,1,-1,1,-1,1,-1,1,-1,0,0,1,-1,1,-1,0,2,-1,1,1,-1,1,-1,0,0,1,-1,1,-1,1,-1,1,-1,-1,1,-1,1,-1,1,1,-1,1,-1,0,0,1,-1,-1,1
2021-10-13 08:30:00,Inflation Rate MoM,schedule,0.08164693532396337,0.03312699725035429,0.03303621999705247,60.0,YM,stopped_post,5.0,-171.45000000000437,-193.95000000000437,0,0,-1,1,-1,1,0,2,-1,1,1,-1,1,-1,-1,1,-1,1,-1,1,1,-1,0,0,0,2,-1,1,0,0,-1,1,-1,1,1,-1,0,0,-1,1,1,-1,-1,1,-1,1,-1,1,0,0,0,-1,0,1,0,0,0,0,-1,1,-1,1,1,-1,0,0,-1,1,0,0,-1,1,-1,1,-1,1,1,-1,-1,1,0,0,-1,1,-1,1,-1,1,-1,1,-1,1,-1,1,0,0,0,0,-1,1,-1,1,0,0,-1,1,-1,1,-1,1,-1,1,-1,1,1,-1,-1,1,-1,1,0,0,0,0,0,0,-1,1,-1,1,0,0,0,0,0,0,0,0,-1,1,-1,1,-1,1,-1,1,1,-1,-1,1,-1,1,1,-1,-1,1,-1,1,-1,1,1,-1,0,0,0,0,-1,1,0,0,-1,1,-1,0,-1,1,-1,1,0,0,-1,1,-1,1,-1,1,1,-1,-1,1,0,0,0,0,0,0,0,0,-1,1,0,0,-1,1,0,0,1,-1,1,-1,-1,1,0,0,-1,1,1,-1,-1,1,-1,1,-1,1,0,0,1,-1,-1,1,0,0,0,0,0,0,-1,1,-1,1,1,-1,-1,1,-1,1,-1,1,1,-1,-1,1,-1,1,0,0,1,-1,0,0,0,0,1,-1,-1,1,1,-1,-1,1,-1,1,-1,1,0,0,1,-1,1,-1,0,0,-1,1,-1,1,-1,1,-1,1,0,0,-1,1,-1,1,0,0,-1,1,-1,1,1,-1,0,0,-1,1,-1,1,1,-1,-1,1,-1,1,-1,1,-1,1,-1,1,-1,1,0,0,0,0,-1,1
2021-10-15 08:30:00,Retail Sales MoM,tv,0.011450818733539448,0.029837880847395817,0.031088541573536212,65.0,YM,timed,900.0,440.0,417.5,0,0,-1,1,-1,1,0,2,0,0,-1,1,1,-1,-1,1,0,0,-1,1,-1,1,0,0,0,2,-1,1,0,0,-1,1,-1,1,-1,1,0,-1,-1,1,0,0,-1,1,-1,1,-1,1,0,0,0,1,0,1,0,0,-1,1,-1,1,-1,1,-1,1,0,0,-1,1,1,-1,-1,1,-1,1,-1,1,-1,1,-1,1,0,2,-1,1,-1,1,-1,1,-1,1,-1,1,-1,1,-1,1,-1,1,-1,1,0,0,-1,1,-1,1,-1,1,-1,1,1,-1,-1,1,-1,1,-1,1,-1,1,-1,1,0,0,0,0,0,0,0,0,0,0,0,0,-1,1,0,2,-1,1,-1,1,0,0,1,-1,-1,1,-1,1,-1,1,-1,1,-1,1,-1,1,-1,1,-1,1,0,2,0,2,-1,1,0,0,-1,1,-1,0,-1,1,-1,1,0,0,-1,1,-1,1,-1,1,-1,1,-1,1,1,-1,0,0,0,0,0,0,-1,1,0,0,1,-1,1,-1,1,-1,1,-1,-1,1,0,0,-1,1,-1,1,1,-1,-1,1,-1,1,0,0,-1,1,-1,1,0,0,0,0,0,0,-1,1,-1,1,1,-1,-1,1,-1,1,-1,1,1,-1,0,0,-1,1,0,0,-1,1,0,0,0,0,1,-1,1,-1,1,-1,-1,1,-1,1,-1,1,0,0,-1,1,0,0,-1,1,0,0,-1,1,-1,1,-1,1,0,0,-1,1,-1,1,0,0,-1,1,-1,1,1,-1,0,0,1,-1,-1,1,1,-1,-1,1,1,-1,-1,1,1,-1,-1,1,-1,1,0,0,-1,1,1,-1
2021-11-03 14:00:00,Fed Interest Rate Decision,schedule,0.16203833044644353,0.10301692420897719,0.09480339471498479,45.0,YM,timed,900.0,405.0,382.5,0,0,1,-1,1,-1,-1,0,-1,1,1,-1,-1,1,-1,1,0,0,-1,1,1,-1,0,0,0,2,-1,1,0,0,-1,1,1,-1,1,-1,0,0,1,-1,0,0,0,0,-1,1,1,-1,0,0,0,-1,0,0,0,0,1,-1,1,-1,-1,1,-1,1,0,0,-1,1,-1,1,-1,1,1,-1,-1,1,-1,1,-1,1,0,2,-1,1,-1,1,-1,1,0,0,-1,1,0,0,1,-1,1,-1,-1,1,-1,1,-1,1,-1,1,1,-1,-1,1,-1,1,1,-1,1,-1,0,0,1,-1,-1,1,0,0,0,0,0,0,-1,1,0,0,0,0,0,0,0,2,-1,1,-1,1,-1,1,1,-1,1,-1,-1,1,-1,1,-1,1,-1,1,-1,1,-1,1,-1,1,0,0,0,0,-1,1,0,0,-1,1,-1,0,-1,1,-1,1,0,0,-1,1,-1,1,-1,1,-1,1,-1,1,-1,1,0,0,0,0,0,0,-1,1,-1,1,-1,1,0,0,-1,1,-1,1,-1,1,0,0,-1,1,-1,1,-1,1,-1,1,-1,1,-1,1,1,-1,-1,1,0,0,0,0,0,0,-1,1,-1,1,-1,1,-1,1,-1,1,-1,1,1,-1,-1,1,-1,1,-1,1,-1,1,0,0,0,0,1,-1,0,0,-1,1,1,-1,-1,1,1,-1,0,0,-1,1,0,0,1,-1,-1,1,1,-1,-1,1,-1,1,0,0,-1,1,1,-1,0,0,1,-1,-1,1,-1,1,0,0,-1,1,-1,1,-1,1,-1,1,-1,1,-1,1,0,0,-1,1,-1,1,0,0,0,0,-1,1
2021-11-05 08:30:00,Non Farm Payrolls,schedule,0.08319467554076539,0.12878093648551983,0.16532089632111935,70.0,YM,timed,899.0,430.0,407.5,0,0,1,-1,-1,1,0,2,1,-1,-1,1,1,-1,1,-1,0,0,1,-1,-1,1,0,0,0,0,1,-1,0,0,1,-1,-1,1,-1,1,0,0,1,-1,0,0,0,0,1,-1,-1,1,0,0,0,-1,0,-1,0,0,0,0,-1,1,1,-1,1,-1,0,0,1,-1,1,-1,1,-1,0,0,-1,1,-1,1,1,-1,0,2,1,-1,1,-1,1,-1,1,-1,1,-1,0,0,-1,1,1,-1,1,-1,1,-1,0,0,1,-1,-1,1,1,-1,1,-1,-1,1,1,-1,0,0,-1,1,0,0,0,0,0,0,1,-1,1,-1,0,0,0,0,0,0,0,2,1,-1,1,-1,1,-1,1,-1,-1,1,1,-1,-1,1,1,-1,1,-1,-1,1,1,-1,1,-1,0,0,0,0,1,-1,0,0,1,-1,1,0,1,-1,1,-1,0,0,1,-1,1,-1,1,-1,-1,1,1,-1,1,-1,0,0,0,0,0,0,1,-1,1,-1,1,-1,1,-1,1,-1,1,-1,1,-1,0,0,1,-1,-1,1,1,-1,1,-1,1,-1,1,-1,1,-1,1,-1,0,0,0,0,0,0,1,-1,1,-1,-1,1,1,-1,1,-1,-1,1,-1,1,0,0,1,-1,1,-1,-1,1,0,0,0,0,1,-1,1,-1,1,-1,-1,1,1,-1,-1,1,0,0,1,-1,0,0,0,0,1,-1,-1,1,1,-1,1,-1,0,0,1,-1,-1,1,0,2,-1,1,1,-1,1,-1,0,0,1,-1,1,-1,1,-1,0,0,-1,1,1,-1,1,-1,1,-1,1,-1,0,0,0,0,1,-1
2021-11-10 08:30:00,Inflation Rate MoM,schedule,0.07743362831858407,0.03315100281783524,0.03375076659235683,61.0,YM,stopped_post,1.0,-180.84500000000844,-203.34500000000844,0,0,1,-1,1,-1,0,2,1,-1,-1,1,1,-1,1,-1,0,0,-1,1,-1,1,0,0,0,0,1,-1,0,0,1,-1,1,-1,-1,1,0,0,-1,1,1,-1,0,0,1,-1,1,-1,0,0,0,-1,0,0,0,0,0,0,-1,1,1,-1,1,-1,0,0,1,-1,0,0,1,-1,-1,1,1,-1,1,-1,1,-1,0,0,1,-1,1,-1,1,-1,1,-1,1,-1,0,0,0,0,-1,1,1,-1,1,-1,1,-1,1,-1,1,-1,1,-1,1,-1,1,-1,1,-1,0,0,1,-1,0,0,0,0,0,0,1,-1,1,-1,0,0,0,2,0,0,0,2,1,-1,1,-1,-1,1,1,-1,-1,1,1,-1,1,-1,1,-1,1,-1,-1,1,1,-1,-1,1,0,0,0,0,1,-1,-1,1,1,-1,1,0,1,-1,1,-1,0,0,1,-1,1,-1,1,-1,1,-1,1,-1,1,-1,0,0,0,0,0,0,1,-1,1,-1,1,-1,0,0,1,-1,1,-1,1,-1,0,0,1,-1,1,-1,1,-1,1,-1,1,-1,1,-1,-1,1,1,-1,0,0,0,0,0,0,1,-1,1,-1,-1,1,1,-1,-1,1,1,-1,-1,1,1,-1,1,-1,1,-1,-1,1,0,0,0,2,1,-1,1,-1,1,-1,1,-1,1,-1,1,-1,0,0,-1,1,0,0,-1,1,1,-1,-1,1,-1,1,1,-1,0,2,1,-1,-1,1,0,2,1,-1,1,-1,-1,1,0,0,-1,1,1,-1,1,-1,1,-1,1,-1,1,-1,1,-1,1,-1,1,-1,0,0,0,0,1,-1
2021-11-16 08:30:00,Retail Sales MoM,tv,0.011089240664245516,0.029239433048644205,0.029239433048644205,66.0,YM,timed,900.0,-5.0,-27.5,0,0,1,-1,1,-1,0,2,0,0,-1,1,1,-1,1,-1,0,0,1,-1,-1,1,0,0,0,2,1,-1,0,0,1,-1,1,-1,1,-1,0,0,1,-1,1,-1,0,0,1,-1,1,-1,0,2,0,-1,0,0,0,0,0,0,1,-1,1,-1,1,-1,0,0,1,-1,1,-1,1,-1,0,0,1,-1,1,-1,1,-1,0,2,1,-1,1,-1,1,-1,1,-1,1,-1,1,-1,0,0,0,0,1,-1,1,-1,1,-1,1,-1,1,-1,1,-1,1,-1,-1,1,1,-1,0,0,1,-1,1,-1,0,2,0,2,0,0,1,-1,0,0,0,2,1,-1,0,0,1,-1,1,-1,-1,1,1,-1,1,-1,1,-1,1,-1,1,-1,1,-1,1,-1,-1,1,-1,1,0,0,0,2,1,-1,0,0,1,-1,1,0,1,-1,1,-1,0,0,1,-1,1,-1,1,-1,-1,1,1,-1,0,0,0,0,0,2,0,0,1,-1,1,-1,-1,1,0,0,1,-1,1,-1,1,-1,0,0,1,-1,1,-1,1,-1,1,-1,1,-1,1,-1,1,-1,1,-1,0,2,0,0,0,0,1,-1,1,-1,-1,1,1,-1,1,-1,1,-1,-1,1,1,-1,1,-1,1,-1,-1,1,0,0,0,2,1,-1,1,-1,1,-1,1,-1,1,-1,1,-1,0,0,-1,1,0,0,1,-1,1,-1,-1,1,1,-1,1,-1,0,0,1,-1,1,-1,0,2,1,-1,1,-1,-1,1,0,0,-1,1,1,-1,1,-1,1,-1,1,-1,1,-1,1,-1,1,-1,1,-1,0,2,0,0,1,-1
2021-12-03 08:30:00,Non Farm Payrolls,schedule,0.11244702015396592,0.12749558111906348,0.16120740463183553,71.0,YM,stopped_post,13.0,-173.38999999999942,-195.88999999999942,0,0,-1,1,1,-1,0,2,0,0,1,-1,1,-1,1,-1,0,0,1,-1,1,-1,0,0,0,0,-1,1,0,0,-1,1,1,-1,1,-1,0,0,0,0,0,0,0,0,-1,1,1,-1,0,0,0,-1,0,1,0,0,0,0,1,-1,-1,1,1,-1,0,0,-1,1,1,-1,-1,1,-1,1,-1,1,-1,1,-1,1,0,0,1,-1,-1,1,-1,1,-1,1,1,-1,-1,1,0,0,1,-1,1,-1,1,-1,0,0,-1,1,-1,1,1,-1,1,-1,1,-1,-1,1,0,0,-1,1,0,0,0,0,0,0,0,0,1,-1,0,0,0,0,0,0,0,2,1,-1,1,-1,1,-1,1,-1,1,-1,1,-1,-1,1,-1,1,1,-1,-1,1,-1,1,1,-1,0,0,0,2,-1,1,0,0,-1,1,-1,0,-1,1,-1,1,0,0,-1,1,-1,1,-1,1,1,-1,-1,1,0,0,0,0,0,0,0,0,-1,1,0,0,1,-1,0,0,1,-1,1,-1,-1,1,0,0,-1,1,-1,1,1,-1,-1,1,-1,1,1,-1,-1,1,-1,1,0,0,0,0,0,0,-1,1,1,-1,-1,1,-1,1,-1,1,-1,1,1,-1,0,0,-1,1,1,-1,1,-1,0,0,0,0,-1,1,-1,1,1,-1,1,-1,-1,1,-1,1,0,0,-1,1,0,0,0,0,0,0,-1,1,-1,1,-1,1,0,0,-1,1,1,-1,0,0,1,-1,1,-1,1,-1,0,0,-1,1,-1,1,1,-1,0,0,-1,1,1,-1,-1,1,0,0,1,-1,0,0,0,0,-1,1
2021-12-10 08:30:00,Inflation Rate MoM,schedule,0.18977450323732975,0.03377477215983778,0.03375076659235683,62.0,YM,timed,900.0,590.0,567.5,0,0,-1,1,1,-1,0,2,1,-1,-1,1,1,-1,1,-1,0,0,1,-1,1,-1,0,0,0,2,1,-1,0,0,1,-1,-1,1,-1,1,0,0,0,0,-1,1,0,0,1,-1,1,-1,0,0,0,-1,0,-1,0,0,0,0,1,-1,1,-1,1,-1,0,0,1,-1,1,-1,1,-1,0,0,1,-1,1,-1,-1,1,0,0,1,-1,-1,1,1,-1,-1,1,1,-1,0,0,-1,1,0,0,1,-1,0,0,1,-1,1,-1,-1,1,-1,1,1,-1,-1,1,1,-1,1,-1,-1,1,-1,1,0,0,0,0,0,0,1,-1,0,0,0,0,0,0,0,0,1,-1,0,0,1,-1,0,0,-1,1,-1,1,-1,1,-1,1,-1,1,-1,1,1,-1,1,-1,0,0,0,0,1,-1,0,0,1,-1,1,0,1,-1,1,-1,0,2,-1,1,1,-1,1,-1,-1,1,1,-1,0,0,0,0,0,0,0,0,-1,1,1,-1,1,-1,1,-1,1,-1,1,-1,1,-1,0,0,-1,1,0,0,1,-1,1,-1,-1,1,1,-1,1,-1,1,-1,0,0,0,0,0,0,1,-1,1,-1,1,-1,1,-1,-1,1,-1,1,-1,1,1,-1,1,-1,1,-1,1,-1,0,0,0,0,-1,1,-1,1,1,-1,-1,1,-1,1,-1,1,0,0,1,-1,0,0,0,0,1,-1,1,-1,1,-1,1,-1,0,0,1,-1,1,-1,0,0,1,-1,-1,1,1,-1,0,0,1,-1,1,-1,1,-1,0,0,1,-1,1,-1,-1,1,0,0,1,-1,0,0,0,0,1,-1
2021-12-15 08:30:00,Retail Sales MoM,tv,0.039525691699604744,0.028640985249892593,0.028582776016517288,67.0,YM,timed,892.0,-65.0,-87.5,0,0,1,-1,-1,1,0,2,0,0,-1,1,-1,1,-1,1,0,0,1,-1,1,-1,0,0,0,0,1,-1,0,0,-1,1,-1,1,-1,1,0,0,1,-1,0,0,0,0,-1,1,-1,1,0,0,0,-1,0,-1,0,0,0,0,-1,1,1,-1,1,-1,0,0,1,-1,-1,1,1,-1,0,0,-1,1,1,-1,-1,1,0,0,1,-1,-1,1,1,-1,1,-1,1,-1,0,0,-1,1,0,0,1,-1,-1,1,-1,1,1,-1,-1,1,-1,1,-1,1,-1,1,-1,1,0,0,-1,1,-1,1,0,0,0,0,0,0,-1,1,0,0,0,0,0,0,0,0,1,-1,-1,1,1,-1,-1,1,-1,1,-1,1,-1,1,-1,1,-1,1,1,-1,1,-1,1,-1,0,0,0,0,1,-1,0,0,1,-1,1,0,1,-1,1,-1,0,0,-1,1,1,-1,-1,1,-1,1,-1,1,0,0,0,0,0,0,0,0,-1,1,0,0,-1,1,0,0,-1,1,-1,1,1,-1,0,0,1,-1,-1,1,-1,1,-1,1,1,-1,-1,1,1,-1,-1,1,0,0,0,0,0,0,1,-1,-1,1,1,-1,1,-1,-1,1,1,-1,-1,1,0,0,-1,1,-1,1,1,-1,0,0,0,0,-1,1,-1,1,-1,1,-1,1,1,-1,-1,1,0,0,-1,1,0,0,0,0,0,0,1,-1,1,-1,1,-1,0,0,-1,1,-1,1,0,2,-1,1,-1,1,1,-1,0,0,-1,1,1,-1,-1,1,0,0,-1,1,1,-1,-1,1,-1,1,-1,1,0,0,0,0,1,-1
2021-12-15 14:00:00,Fed Interest Rate Decision,schedule,0.18361581920903955,0.10456034125789229,0.10572236057664236,46.0,YM,stopped_post,2.0,-176.9250000000102,-199.4250000000102,0,0,-1,1,1,-1,0,2,1,-1,-1,1,-1,1,-1,1,0,0,1,-1,1,-1,0,0,0,0,-1,1,0,0,-1,1,-1,1,-1,1,0,0,-1,1,-1,1,-1,1,-1,1,1,-1,0,0,0,-1,0,1,0,0,0,0,1,-1,1,-1,1,-1,0,0,-1,1,-1,1,-1,1,-1,1,-1,1,-1,1,-1,1,0,0,-1,1,-1,1,-1,1,-1,1,-1,1,-1,1,-1,1,0,0,-1,1,-1,1,0,0,-1,1,-1,1,-1,1,-1,1,-1,1,-1,1,0,0,-1,1,-1,1,0,0,0,0,0,0,-1,1,0,0,0,0,-1,1,0,0,1,-1,-1,1,-1,1,1,-1,-1,1,-1,1,-1,1,-1,1,-1,1,-1,1,-1,1,1,-1,0,0,0,2,-1,1,0,0,-1,1,-1,0,-1,1,-1,1,0,0,-1,1,1,-1,-1,1,1,-1,-1,1,1,-1,0,0,0,0,0,0,-1,1,-1,1,-1,1,0,0,-1,1,-1,1,-1,1,0,0,-1,1,1,-1,-1,1,-1,1,-1,1,-1,1,-1,1,-1,1,0,0,0,0,0,0,-1,1,-1,1,1,-1,1,-1,-1,1,-1,1,1,-1,0,0,-1,1,0,0,-1,1,0,0,0,0,1,-1,-1,1,-1,1,-1,1,-1,1,-1,1,0,0,1,-1,0,0,0,0,0,0,1,-1,1,-1,-1,1,0,0,-1,1,1,-1,0,0,-1,1,-1,1,1,-1,0,0,-1,1,-1,1,-1,1,-1,1,-1,1,-1,1,-1,1,-1,1,-1,1,0,0,-1,1,-1,1
2022-01-07 08:30:00,Non Farm Payrolls,schedule,0.055369452672960326,0.12726551777976502,0.14270332167647054,72.0,YM,stopped_post,209.0,-180.59000000001106,-203.09000000001106,0,0,1,-1,-1,1,0,2,-1,1,1,-1,-1,1,-1,1,0,0,1,-1,-1,1,0,0,0,0,1,-1,0,0,-1,1,1,-1,1,-1,0,0,-1,1,0,0,0,0,1,-1,-1,1,0,0,0,-1,0,0,0,2,0,0,1,-1,0,0,-1,1,0,0,-1,1,-1,1,1,-1,1,-1,1,-1,-1,1,1,-1,0,0,-1,1,1,-1,-1,1,1,-1,1,-1,0,0,1,-1,1,-1,1,-1,0,0,0,0,1,-1,1,-1,1,-1,-1,1,1,-1,-1,1,0,0,1,-1,1,-1,0,0,0,0,0,0,0,0,0,0,0,0,0,0,0,2,1,-1,0,0,1,-1,-1,1,1,-1,1,-1,1,-1,1,-1,1,-1,1,-1,1,-1,-1,1,0,0,0,2,-1,1,1,-1,1,-1,1,0,1,-1,1,-1,0,0,1,-1,1,-1,1,-1,1,-1,1,-1,1,-1,0,0,0,0,0,0,1,-1,0,0,-1,1,0,0,-1,1,-1,1,1,-1,0,0,1,-1,-1,1,-1,1,-1,1,-1,1,0,0,-1,1,-1,1,0,0,0,0,0,0,1,-1,1,-1,-1,1,0,0,1,-1,1,-1,-1,1,1,-1,-1,1,0,0,1,-1,0,0,0,2,1,-1,1,-1,-1,1,1,-1,-1,1,1,-1,0,0,1,-1,0,0,1,-1,1,-1,1,-1,1,-1,1,-1,0,2,1,-1,1,-1,0,0,-1,1,-1,1,-1,1,0,0,1,-1,1,-1,-1,1,1,-1,1,-1,1,-1,1,-1,1,-1,1,-1,0,0,1,-1,1,-1
2022-01-12 08:30:00,Inflation Rate MoM,schedule,0.011045452035124538,0.034398541501840324,0.03983833931495638,63.0,YM,stopped_post,1.0,-181.17999999998574,-203.67999999998574,0,2,1,-1,1,-1,1,0,1,-1,1,-1,1,-1,1,-1,1,-1,1,-1,1,-1,0,0,0,2,1,-1,0,0,1,-1,1,-1,1,-1,0,1,0,0,0,0,1,-1,1,-1,1,-1,0,0,0,-1,0,-1,0,0,1,-1,1,-1,-1,1,-1,1,0,0,1,-1,1,-1,1,-1,1,-1,1,-1,-1,1,1,-1,0,2,1,-1,1,-1,1,-1,1,-1,1,-1,1,-1,1,-1,1,-1,1,-1,1,-1,1,-1,1,-1,1,-1,1,-1,1,-1,1,-1,1,-1,1,-1,1,-1,1,-1,0,0,0,0,0,0,1,-1,0,0,0,0,1,-1,0,0,1,-1,1,-1,1,-1,0,0,1,-1,1,-1,1,-1,-1,1,1,-1,1,-1,1,-1,-1,1,0,2,0,0,1,-1,1,-1,1,-1,1,0,1,-1,1,-1,0,0,1,-1,1,-1,1,-1,-1,1,1,-1,0,0,0,2,0,0,0,0,-1,1,0,0,1,-1,1,-1,1,-1,1,-1,1,-1,0,0,1,-1,1,-1,1,-1,1,-1,1,-1,1,-1,-1,1,1,-1,0,0,0,0,0,0,1,-1,-1,1,-1,1,-1,1,1,-1,-1,1,-1,1,1,-1,1,-1,1,-1,-1,1,0,2,0,0,-1,1,-1,1,1,-1,1,-1,1,-1,1,-1,0,0,-1,1,0,0,1,-1,1,-1,-1,1,1,-1,1,-1,0,0,1,-1,1,-1,0,2,-1,1,1,-1,1,-1,0,0,-1,1,1,-1,1,-1,1,-1,-1,1,-1,1,-1,1,1,-1,1,-1,0,0,1,-1,-1,1
2022-01-14 08:30:00,Retail Sales MoM,tv,0.05309190488166094,0.029239433048644205,0.029239433048644205,68.0,YM,stopped_post,191.0,-178.88999999999214,-201.38999999999214,0,0,1,-1,1,-1,-1,0,-1,1,1,-1,-1,1,-1,1,0,0,-1,1,1,-1,0,0,0,0,-1,1,0,0,1,-1,1,-1,1,-1,0,0,0,0,1,-1,0,0,1,-1,1,-1,0,2,0,-1,0,0,0,0,1,-1,-1,1,1,-1,-1,1,0,0,-1,1,-1,1,1,-1,1,-1,-1,1,-1,1,1,-1,0,2,-1,1,1,-1,1,-1,1,-1,-1,1,1,-1,1,-1,1,-1,-1,1,0,0,-1,1,1,-1,1,-1,-1,1,-1,1,1,-1,-1,1,0,0,1,-1,0,0,0,0,0,0,0,0,-1,1,0,0,0,0,1,-1,0,2,-1,1,-1,1,-1,1,1,-1,1,-1,1,-1,1,-1,1,-1,1,-1,1,-1,1,-1,-1,1,0,0,0,2,1,-1,1,-1,1,-1,1,0,1,-1,-1,1,0,0,1,-1,1,-1,1,-1,-1,1,-1,1,0,0,0,0,0,0,0,0,1,-1,-1,1,-1,1,-1,1,-1,1,-1,1,1,-1,0,0,1,-1,0,0,-1,1,-1,1,1,-1,-1,1,-1,1,1,-1,0,0,0,0,0,0,1,-1,-1,1,1,-1,1,-1,1,-1,-1,1,-1,1,0,0,1,-1,-1,1,1,-1,0,0,0,2,-1,1,-1,1,1,-1,1,-1,-1,1,1,-1,0,0,-1,1,0,0,1,-1,0,0,1,-1,1,-1,1,-1,0,0,-1,1,-1,1,0,2,-1,1,-1,1,-1,1,0,2,1,-1,1,-1,-1,1,0,0,-1,1,-1,1,-1,1,0,0,-1,1,0,0,1,-1,1,-1
2022-01-26 14:00:00,Fed Interest Rate Decision,schedule,0.1218556880494386,0.1061037583068074,0.10921522609040663,47.0,YM,stopped_post,55.0,-172.38499999999476,-194.88499999999476,0,0,1,-1,-1,1,0,2,-1,1,1,-1,1,-1,-1,1,-1,1,-1,1,1,-1,0,0,0,2,-1,1,0,0,1,-1,1,-1,1,-1,0,0,-1,1,-1,1,0,0,1,-1,-1,1,0,0,0,-1,0,0,0,0,1,-1,-1,1,1,-1,1,-1,0,0,-1,1,1,-1,1,-1,1,-1,1,-1,-1,1,1,-1,0,0,-1,1,1,-1,-1,1,1,-1,1,-1,0,0,1,-1,1,-1,-1,1,0,0,0,0,1,-1,1,-1,1,-1,-1,1,1,-1,1,-1,1,-1,1,-1,1,-1,0,0,0,0,0,0,-1,1,0,0,0,0,0,0,0,2,1,-1,0,0,-1,1,1,-1,1,-1,1,-1,1,-1,1,-1,1,-1,1,-1,-1,1,-1,1,0,0,0,2,-1,1,1,-1,1,-1,1,0,1,-1,-1,1,0,0,1,-1,1,-1,1,-1,1,-1,1,-1,-1,1,0,0,0,0,0,0,1,-1,0,0,1,-1,1,-1,1,-1,1,-1,1,-1,0,0,-1,1,0,0,-1,1,1,-1,1,-1,0,0,-1,1,1,-1,0,0,0,0,0,0,1,-1,1,-1,-1,1,1,-1,1,-1,1,-1,-1,1,0,0,-1,1,0,0,-1,1,0,0,0,2,-1,1,1,-1,-1,1,1,-1,-1,1,1,-1,0,0,1,-1,0,0,1,-1,0,0,1,-1,1,-1,1,-1,0,2,1,-1,-1,1,0,0,-1,1,-1,1,1,-1,0,0,1,-1,1,-1,1,-1,0,0,1,-1,-1,1,1,-1,0,0,-1,1,0,0,1,-1,1,-1
2022-02-04 08:30:00,Non Farm Payrolls,schedule,0.14919806042521447,0.12703545444046657,0.14270332167647054,73.0,YM,stopped_post,12.0,-174.27999999999884,-196.77999999999884,0,0,-1,1,-1,1,0,2,-1,1,1,-1,-1,1,-1,1,-1,1,-1,1,1,-1,0,0,0,2,-1,1,0,0,-1,1,1,-1,1,-1,0,0,-1,1,0,0,0,0,-1,1,-1,1,0,0,0,-1,0,0,0,0,0,0,-1,1,1,-1,-1,1,0,0,-1,1,-1,1,-1,1,0,0,1,-1,-1,1,-1,1,0,2,-1,1,-1,1,-1,1,-1,1,-1,1,-1,1,1,-1,1,-1,-1,1,-1,1,0,0,-1,1,1,-1,-1,1,-1,1,1,-1,1,-1,0,0,-1,1,1,-1,0,0,0,0,-1,1,-1,1,0,0,0,0,0,0,0,0,-1,1,-1,1,-1,1,1,-1,1,-1,-1,1,-1,1,-1,1,-1,1,1,-1,-1,1,-1,1,0,0,0,0,-1,1,0,0,-1,1,-1,0,-1,1,-1,1,0,0,-1,1,1,-1,-1,1,1,-1,1,-1,0,0,0,0,0,0,0,0,-1,1,-1,1,-1,1,-1,1,-1,1,-1,1,-1,1,0,0,-1,1,-1,1,-1,1,1,-1,-1,1,0,0,-1,1,-1,1,0,0,0,0,0,0,-1,1,-1,1,-1,1,1,-1,1,-1,-1,1,1,-1,-1,1,-1,1,0,0,1,-1,0,0,0,2,1,-1,-1,1,-1,1,1,-1,-1,1,1,-1,0,0,-1,1,0,0,0,0,-1,1,-1,1,-1,1,-1,1,0,0,-1,1,-1,1,0,0,-1,1,-1,1,1,-1,0,0,1,-1,-1,1,-1,1,-1,1,1,-1,-1,1,-1,1,0,0,-1,1,0,0,0,0,-1,1
2022-02-10 08:30:00,Inflation Rate MoM,schedule,0.16799664006719867,0.03377477215983778,0.03983833931495638,64.0,YM,stopped_post,41.0,-178.5399999999936,-201.0399999999936,0,0,-1,1,-1,1,0,2,-1,1,1,-1,1,-1,-1,1,-1,1,-1,1,1,-1,0,0,0,2,-1,1,0,0,-1,1,-1,1,1,-1,0,0,-1,1,1,-1,0,0,-1,1,-1,1,0,0,0,-1,0,1,0,0,0,0,1,-1,-1,1,-1,1,0,0,-1,1,1,-1,-1,1,-1,1,1,-1,1,-1,-1,1,0,0,-1,1,-1,1,-1,1,-1,1,-1,1,0,0,0,0,0,0,-1,1,0,0,0,0,-1,1,-1,1,-1,1,1,-1,1,-1,1,-1,0,0,1,-1,-1,1,0,0,0,0,0,0,0,0,0,0,0,0,0,0,0,0,1,-1,1,-1,-1,1,-1,1,1,-1,-1,1,-1,1,-1,1,-1,1,-1,1,-1,1,-1,1,0,0,0,0,-1,1,0,0,-1,1,-1,0,-1,1,-1,1,0,0,-1,1,-1,1,-1,1,1,-1,-1,1,-1,1,0,0,0,0,0,0,-1,1,0,0,1,-1,0,0,1,-1,1,-1,-1,1,0,0,-1,1,-1,1,1,-1,-1,1,-1,1,0,0,-1,1,-1,1,0,0,0,0,0,0,-1,1,-1,1,1,-1,-1,1,-1,1,-1,1,1,-1,0,0,-1,1,0,0,1,-1,0,0,0,0,-1,1,-1,1,1,-1,-1,1,-1,1,-1,1,0,0,1,-1,0,0,0,0,0,0,-1,1,-1,1,-1,1,0,0,-1,1,1,-1,0,0,-1,1,-1,1,1,-1,0,0,-1,1,-1,1,1,-1,0,0,1,-1,-1,1,-1,1,0,0,1,-1,0,0,0,0,-1,1
2022-02-16 08:30:00,Retail Sales MoM,tv,0.07751492880110243,0.029837880847395817,0.03346868747260179,69.0,YM,timed,897.0,55.0,32.5,0,0,1,-1,1,-1,0,2,1,-1,1,-1,-1,1,1,-1,0,0,1,-1,1,-1,0,0,0,0,1,-1,0,0,1,-1,1,-1,1,-1,0,0,0,0,-1,1,0,0,1,-1,1,-1,0,0,0,-1,0,-1,0,0,0,0,-1,1,-1,1,-1,1,0,0,1,-1,1,-1,1,-1,1,-1,1,-1,-1,1,1,-1,0,2,1,-1,1,-1,1,-1,1,-1,1,-1,1,-1,0,0,0,0,1,-1,1,-1,1,-1,1,-1,1,-1,1,-1,1,-1,-1,1,1,-1,0,0,1,-1,0,0,0,0,0,2,1,-1,1,-1,0,0,0,0,0,0,0,0,1,-1,1,-1,1,-1,1,-1,1,-1,1,-1,1,-1,1,-1,1,-1,1,-1,1,-1,-1,1,0,0,0,0,1,-1,0,0,1,-1,1,0,1,-1,1,-1,0,0,1,-1,1,-1,1,-1,1,-1,1,-1,0,0,0,0,0,2,0,0,1,-1,0,0,1,-1,0,0,1,-1,1,-1,1,-1,0,0,1,-1,1,-1,-1,1,1,-1,1,-1,0,0,-1,1,1,-1,0,2,0,0,0,0,1,-1,1,-1,1,-1,-1,1,1,-1,1,-1,-1,1,1,-1,1,-1,0,0,-1,1,0,0,0,0,1,-1,-1,1,1,-1,1,-1,1,-1,1,-1,0,0,1,-1,0,0,0,0,1,-1,1,-1,1,-1,1,-1,0,0,1,-1,1,-1,0,2,1,-1,1,-1,1,-1,0,0,1,-1,1,-1,-1,1,1,-1,1,-1,1,-1,-1,1,1,-1,1,-1,0,2,1,-1,1,-1
2022-03-04 08:30:00,Non Farm Payrolls,schedule,0.14644351464435146,0.12726551777976502,0.15355456132954604,74.0,YM,tp,17.0,668.5800000000017,646.0800000000017,0,0,1,-1,-1,1,0,2,-1,1,-1,1,-1,1,-1,1,-1,1,-1,1,-1,1,0,0,0,0,-1,1,0,0,1,-1,-1,1,-1,1,0,0,0,0,1,-1,0,0,1,-1,-1,1,0,0,0,1,0,0,0,2,0,0,-1,1,-1,1,-1,1,0,0,-1,1,-1,1,-1,1,-1,1,-1,1,1,-1,1,-1,0,0,1,-1,-1,1,-1,1,-1,1,-1,1,0,0,-1,1,1,-1,-1,1,0,0,0,0,1,-1,-1,1,-1,1,-1,1,1,-1,-1,1,0,0,-1,1,0,0,0,0,0,0,0,0,0,0,0,0,0,0,-1,1,0,2,-1,1,1,-1,-1,1,1,-1,-1,1,-1,1,-1,1,-1,1,-1,1,-1,1,-1,1,1,-1,0,0,0,0,-1,1,0,0,-1,1,-1,0,-1,1,-1,1,0,0,-1,1,-1,1,-1,1,-1,1,-1,1,-1,1,0,0,0,0,0,0,-1,1,0,0,-1,1,0,0,-1,1,-1,1,-1,1,0,0,1,-1,-1,1,1,-1,-1,1,-1,1,-1,1,-1,1,-1,1,0,0,0,0,0,0,-1,1,-1,1,-1,1,-1,1,1,-1,-1,1,1,-1,-1,1,1,-1,-1,1,-1,1,0,0,0,2,-1,1,-1,1,-1,1,-1,1,1,-1,-1,1,0,0,-1,1,0,0,0,0,-1,1,-1,1,-1,1,-1,1,0,0,-1,1,-1,1,0,0,-1,1,-1,1,-1,1,0,0,-1,1,-1,1,-1,1,0,0,-1,1,-1,1,-1,1,-1,1,-1,1,0,0,-1,1,-1,1
2022-03-10 08:30:00,Inflation Rate MoM,schedule,0.1276440554339898,0.034398541501840324,0.03983833931495638,65.0,YM,timed,900.0,95.0,72.5,0,0,1,-1,-1,1,-1,0,-1,1,1,-1,-1,1,-1,1,0,0,-1,1,1,-1,0,0,0,0,-1,1,1,-1,1,-1,1,-1,1,-1,0,0,0,0,0,0,1,-1,1,-1,-1,1,0,2,0,-1,0,0,0,2,1,-1,-1,1,1,-1,1,-1,0,0,1,-1,-1,1,1,-1,1,-1,1,-1,1,-1,1,-1,0,2,-1,1,1,-1,1,-1,1,-1,1,-1,0,0,1,-1,1,-1,-1,1,0,0,-1,1,1,-1,1,-1,-1,1,-1,1,1,-1,1,-1,0,0,1,-1,0,0,0,0,0,0,0,0,-1,1,0,0,0,0,1,-1,0,0,-1,1,-1,1,-1,1,-1,1,1,-1,1,-1,1,-1,1,-1,1,-1,1,-1,1,-1,-1,1,0,0,0,0,1,-1,1,-1,1,-1,1,0,1,-1,1,-1,0,0,1,-1,1,-1,1,-1,-1,1,1,-1,0,0,0,0,0,0,0,0,1,-1,-1,1,-1,1,0,0,-1,1,-1,1,1,-1,0,0,1,-1,0,0,-1,1,1,-1,1,-1,-1,1,-1,1,1,-1,0,0,0,0,0,0,1,-1,1,-1,-1,1,1,-1,1,-1,-1,1,-1,1,0,0,1,-1,-1,1,-1,1,0,0,0,2,-1,1,-1,1,-1,1,1,-1,-1,1,1,-1,0,0,-1,1,0,0,1,-1,0,0,1,-1,1,-1,1,-1,0,0,1,-1,-1,1,0,2,1,-1,-1,1,-1,1,0,2,-1,1,1,-1,-1,1,0,0,1,-1,1,-1,-1,1,0,0,-1,1,0,0,1,-1,1,-1
2022-03-16 08:30:00,Retail Sales MoM,tv,0.02366023896841358,0.031088541573536212,0.03346868747260179,70.0,YM,stopped_post,253.0,-169.09500000001572,-191.59500000001572,0,0,-1,1,1,-1,0,2,0,0,-1,1,1,-1,1,-1,-1,1,-1,1,-1,1,0,0,0,2,-1,1,0,0,-1,1,-1,1,-1,1,0,0,1,-1,0,0,0,0,-1,1,1,-1,0,0,0,1,0,0,0,2,0,0,1,-1,-1,1,-1,1,0,0,-1,1,1,-1,-1,1,-1,1,1,-1,-1,1,-1,1,0,0,-1,1,-1,1,-1,1,-1,1,-1,1,0,0,-1,1,-1,1,-1,1,0,0,0,0,-1,1,-1,1,-1,1,1,-1,1,-1,-1,1,0,0,-1,1,-1,1,0,0,0,0,0,0,0,0,0,0,0,0,-1,1,0,2,-1,1,1,-1,-1,1,1,-1,-1,1,-1,1,-1,1,1,-1,-1,1,-1,1,-1,1,1,-1,0,0,0,0,-1,1,-1,1,-1,1,-1,0,-1,1,-1,1,0,0,-1,1,-1,1,0,0,1,-1,1,-1,1,-1,0,0,0,0,0,0,-1,1,1,-1,1,-1,1,-1,1,-1,1,-1,-1,1,0,0,1,-1,-1,1,1,-1,-1,1,-1,1,0,0,-1,1,-1,1,0,0,0,0,0,0,-1,1,-1,1,-1,1,-1,1,-1,1,1,-1,1,-1,0,0,-1,1,1,-1,-1,1,0,0,0,2,-1,1,-1,1,-1,1,-1,1,1,-1,-1,1,0,0,-1,1,0,0,-1,1,0,0,-1,1,-1,1,-1,1,0,0,1,-1,1,-1,0,0,1,-1,1,-1,-1,1,0,0,1,-1,-1,1,1,-1,0,0,1,-1,-1,1,-1,1,0,0,1,-1,0,0,-1,1,-1,1
2022-03-16 14:00:00,Fed Interest Rate Decision,schedule,0.06236265367939657,0.10726577762555747,0.10921522609040663,48.0,YM,stopped_post,0.0,-168.48000000001775,-190.98000000001775,0,0,1,-1,1,-1,0,2,-1,1,1,-1,-1,1,-1,1,0,0,-1,1,1,-1,0,0,0,2,-1,1,0,0,1,-1,1,-1,1,-1,0,0,1,-1,0,0,0,0,1,-1,-1,1,0,0,0,-1,0,0,0,0,1,-1,1,-1,1,-1,-1,1,0,0,-1,1,1,-1,1,-1,1,-1,1,-1,1,-1,1,-1,0,0,1,-1,1,-1,1,-1,1,-1,1,-1,1,-1,1,-1,1,-1,-1,1,0,0,1,-1,1,-1,1,-1,1,-1,-1,1,1,-1,1,-1,1,-1,1,-1,0,0,0,0,0,0,0,0,0,0,0,0,0,2,0,0,0,0,1,-1,0,0,-1,1,1,-1,1,-1,1,-1,1,-1,1,-1,1,-1,1,-1,-1,1,1,-1,0,0,0,0,1,-1,0,0,1,-1,1,0,1,-1,-1,1,0,0,1,-1,1,-1,1,-1,1,-1,1,-1,1,-1,0,0,0,0,0,0,1,-1,1,-1,1,-1,1,-1,1,-1,1,-1,1,-1,0,0,1,-1,0,0,-1,1,-1,1,1,-1,0,0,-1,1,1,-1,0,0,0,0,0,0,1,-1,1,-1,-1,1,1,-1,1,-1,1,-1,-1,1,0,0,-1,1,0,0,-1,1,0,0,0,2,-1,1,-1,1,-1,1,1,-1,-1,1,1,-1,0,0,-1,1,0,0,1,-1,0,0,1,-1,-1,1,1,-1,0,2,1,-1,1,-1,0,2,1,-1,1,-1,-1,1,0,0,1,-1,1,-1,-1,1,0,0,1,-1,-1,1,-1,1,0,0,-1,1,0,0,0,0,1,-1
2022-04-01 08:30:00,Non Farm Payrolls,schedule,0.00287463707706902,0.12749558111906348,0.15355456132954604,75.0,YM,stopped_post,114.0,-175.0,-197.5,0,0,1,-1,1,-1,0,2,1,-1,-1,1,1,-1,1,-1,0,0,1,-1,1,-1,0,0,0,2,1,-1,0,0,-1,1,1,-1,1,-1,0,0,0,0,0,0,0,0,1,-1,1,-1,0,0,0,-1,0,-1,0,2,0,0,1,-1,-1,1,1,-1,0,0,1,-1,0,0,1,-1,0,0,1,-1,-1,1,-1,1,0,2,1,-1,1,-1,-1,1,1,-1,1,-1,0,0,0,0,0,0,1,-1,1,-1,1,-1,-1,1,-1,1,1,-1,1,-1,1,-1,1,-1,0,0,1,-1,1,-1,0,0,0,0,0,0,1,-1,0,0,0,0,0,0,0,0,1,-1,1,-1,1,-1,-1,1,1,-1,1,-1,1,-1,-1,1,1,-1,-1,1,-1,1,-1,1,0,0,0,2,1,-1,0,0,1,-1,1,0,-1,1,1,-1,0,0,1,-1,-1,1,1,-1,-1,1,1,-1,0,0,0,0,0,0,0,0,1,-1,0,0,1,-1,0,0,-1,1,-1,1,-1,1,0,0,-1,1,-1,1,1,-1,1,-1,-1,1,1,-1,-1,1,-1,1,0,0,0,0,0,0,1,-1,1,-1,1,-1,-1,1,-1,1,-1,1,-1,1,1,-1,-1,1,1,-1,1,-1,0,0,0,0,-1,1,0,0,1,-1,1,-1,1,-1,-1,1,0,0,-1,1,0,0,0,0,1,-1,-1,1,1,-1,-1,1,0,0,1,-1,1,-1,0,0,1,-1,1,-1,-1,1,0,0,-1,1,-1,1,1,-1,1,-1,1,-1,1,-1,0,0,1,-1,1,-1,0,0,0,0,1,-1
2022-04-12 08:30:00,Inflation Rate MoM,schedule,0.29784500379606377,0.03748324641014937,0.06135588272332826,66.0,YM,tp,841.0,685.1199999999881,662.6199999999881,0,0,-1,1,1,-1,1,0,1,-1,-1,1,1,-1,1,-1,0,0,1,-1,1,-1,0,0,0,0,1,-1,0,0,-1,1,-1,1,-1,1,0,0,1,-1,0,0,-1,1,-1,1,1,-1,0,2,0,1,0,-1,0,0,0,0,1,-1,-1,1,-1,1,0,0,-1,1,0,0,-1,1,0,0,1,-1,-1,1,-1,1,0,2,1,-1,-1,1,-1,1,1,-1,1,-1,0,0,-1,1,0,0,1,-1,0,0,1,-1,-1,1,-1,1,1,-1,1,-1,-1,1,-1,1,0,0,-1,1,-1,1,0,0,0,0,0,0,1,-1,0,0,0,0,-1,1,0,0,1,-1,1,-1,1,-1,1,-1,-1,1,-1,1,-1,1,-1,1,-1,1,-1,1,-1,1,1,-1,0,0,0,2,-1,1,-1,1,1,-1,-1,0,-1,1,1,-1,0,0,-1,1,-1,1,-1,1,-1,1,-1,1,0,0,0,0,0,0,0,0,-1,1,1,-1,1,-1,0,0,-1,1,1,-1,-1,1,0,0,-1,1,-1,1,1,-1,-1,1,-1,1,1,-1,1,-1,-1,1,0,0,0,0,0,0,-1,1,1,-1,1,-1,-1,1,-1,1,1,-1,1,-1,0,0,-1,1,1,-1,-1,1,0,0,0,2,1,-1,-1,1,-1,1,-1,1,1,-1,-1,1,0,0,1,-1,0,0,-1,1,0,0,-1,1,-1,1,-1,1,0,0,-1,1,1,-1,0,0,-1,1,1,-1,-1,1,0,0,-1,1,-1,1,1,-1,0,0,-1,1,1,-1,-1,1,0,0,1,-1,0,0,-1,1,-1,1
2022-04-14 08:30:00,Retail Sales MoM,tv,0.03476144955244634,0.029837880847395817,0.029239433048644205,71.0,YM,stopped_post,660.0,-172.64500000001135,-195.14500000001135,0,0,1,-1,-1,1,0,2,0,0,-1,1,1,-1,-1,1,1,-1,1,-1,-1,1,0,0,0,0,1,-1,0,0,1,-1,-1,1,-1,1,0,0,-1,1,0,0,-1,1,-1,1,-1,1,0,0,0,1,0,0,0,0,0,0,-1,1,-1,1,-1,1,0,0,-1,1,1,-1,1,-1,-1,1,-1,1,-1,1,-1,1,0,0,-1,1,-1,1,-1,1,-1,1,-1,1,0,0,-1,1,-1,1,1,-1,-1,1,-1,1,1,-1,-1,1,-1,1,-1,1,-1,1,-1,1,0,0,-1,1,-1,1,0,0,0,2,0,0,-1,1,0,0,0,2,0,0,0,0,1,-1,-1,1,1,-1,0,0,-1,1,-1,1,-1,1,-1,1,-1,1,-1,1,1,-1,-1,1,0,0,0,2,-1,1,0,0,-1,1,-1,0,-1,1,1,-1,0,0,-1,1,-1,1,-1,1,1,-1,-1,1,1,-1,0,0,0,2,0,0,-1,1,0,0,1,-1,0,0,1,-1,1,-1,-1,1,0,0,-1,1,-1,1,1,-1,-1,1,1,-1,-1,1,-1,1,-1,1,0,2,0,0,0,0,1,-1,-1,1,-1,1,-1,1,-1,1,-1,1,1,-1,-1,1,-1,1,0,0,-1,1,0,0,0,2,1,-1,-1,1,-1,1,-1,1,-1,1,-1,1,0,0,-1,1,0,0,0,0,-1,1,1,-1,1,-1,-1,1,0,2,-1,1,-1,1,0,2,-1,1,-1,1,1,-1,0,0,1,-1,-1,1,1,-1,-1,1,-1,1,-1,1,-1,1,-1,1,-1,1,0,2,0,0,-1,1
2022-05-04 14:00:00,Fed Interest Rate Decision,schedule,0.19300943936789408,0.1061037583068074,0.10572236057664236,49.0,YM,stopped_post,22.0,-165.66999999999098,-188.16999999999098,0,0,-1,1,1,-1,0,2,0,0,1,-1,1,-1,-1,1,0,0,-1,1,1,-1,0,0,0,2,-1,1,0,0,-1,1,1,-1,1,-1,0,0,0,0,1,-1,0,0,-1,1,1,-1,0,2,0,-1,0,0,0,0,0,0,-1,1,1,-1,1,-1,0,0,1,-1,1,-1,-1,1,0,0,1,-1,1,-1,-1,1,0,0,-1,1,1,-1,1,-1,1,-1,1,-1,0,0,1,-1,1,-1,-1,1,0,0,0,0,1,-1,-1,1,-1,1,-1,1,-1,1,-1,1,0,0,1,-1,-1,1,0,0,0,0,0,0,-1,1,0,0,0,0,1,-1,0,0,-1,1,-1,1,1,-1,1,-1,1,-1,1,-1,-1,1,-1,1,1,-1,1,-1,1,-1,1,-1,0,0,0,2,-1,1,0,0,1,-1,1,0,1,-1,-1,1,0,0,1,-1,1,-1,-1,1,1,-1,1,-1,1,-1,0,0,0,0,0,0,1,-1,0,0,1,-1,0,0,1,-1,1,-1,1,-1,0,0,1,-1,1,-1,-1,1,1,-1,-1,1,0,0,-1,1,-1,1,0,0,0,0,0,0,-1,1,-1,1,1,-1,1,-1,-1,1,1,-1,1,-1,0,0,-1,1,0,0,-1,1,0,0,0,2,1,-1,1,-1,1,-1,1,-1,-1,1,1,-1,0,0,1,-1,0,0,1,-1,0,0,1,-1,1,-1,1,-1,0,0,1,-1,1,-1,0,0,1,-1,-1,1,-1,1,0,0,1,-1,1,-1,1,-1,0,0,1,-1,-1,1,1,-1,0,0,-1,1,0,0,1,-1,1,-1
2022-05-06 08:30:00,Non Farm Payrolls,schedule,0.3686551703125952,0.12726551777976502,0.15355456132954604,76.0,YM,tp,34.0,656.160000000018,633.660000000018,0,0,-1,1,-1,1,0,2,1,-1,-1,1,-1,1,1,-1,0,0,1,-1,1,-1,0,0,0,0,1,-1,0,0,-1,1,-1,1,-1,1,0,0,0,0,0,0,-1,1,-1,1,-1,1,0,0,0,1,0,0,0,0,0,0,-1,1,-1,1,1,-1,0,0,-1,1,-1,1,-1,1,0,0,1,-1,1,-1,-1,1,0,2,-1,1,-1,1,-1,1,-1,1,1,-1,0,0,-1,1,-1,1,1,-1,0,0,1,-1,-1,1,-1,1,1,-1,1,-1,-1,1,-1,1,0,0,-1,1,-1,1,0,0,0,0,0,0,1,-1,0,0,0,0,-1,1,0,0,1,-1,1,-1,1,-1,0,0,-1,1,-1,1,-1,1,-1,1,-1,1,-1,1,-1,1,-1,1,0,0,0,2,-1,1,-1,1,-1,1,-1,0,-1,1,1,-1,0,0,-1,1,-1,1,-1,1,1,-1,1,-1,1,-1,0,0,0,0,0,0,-1,1,0,0,-1,1,0,0,-1,1,-1,1,-1,1,0,0,-1,1,-1,1,-1,1,-1,1,-1,1,1,-1,1,-1,-1,1,0,0,0,0,0,0,-1,1,1,-1,1,-1,-1,1,-1,1,1,-1,1,-1,0,0,-1,1,0,0,1,-1,0,0,0,2,1,-1,-1,1,1,-1,-1,1,1,-1,-1,1,0,0,1,-1,0,0,-1,1,0,0,-1,1,-1,1,-1,1,0,0,1,-1,-1,1,0,0,-1,1,1,-1,1,-1,0,0,-1,1,-1,1,-1,1,0,0,1,-1,1,-1,-1,1,0,0,1,-1,0,0,-1,1,-1,1
2022-05-11 08:30:00,Inflation Rate MoM,schedule,0.6682961542031496,0.04056795131845842,0.07853365668367984,67.0,YM,stopped_pre,-1.0,-161.82000000000698,-184.32000000000698,0,0,1,-1,-1,1,-1,0,-1,1,1,-1,1,-1,-1,1,-1,1,-1,1,1,-1,0,0,0,0,-1,1,0,0,-1,1,1,-1,1,-1,0,0,1,-1,0,0,0,0,-1,1,-1,1,0,0,0,-1,0,1,0,0,1,-1,-1,1,-1,1,-1,1,0,0,-1,1,1,-1,-1,1,0,0,-1,1,1,-1,1,-1,0,0,-1,1,1,-1,-1,1,-1,1,-1,1,0,0,1,-1,1,-1,-1,1,-1,1,-1,1,-1,1,1,-1,-1,1,-1,1,1,-1,1,-1,-1,1,1,-1,0,0,0,0,0,0,0,0,-1,1,0,0,0,0,0,0,0,0,-1,1,-1,1,-1,1,1,-1,1,-1,-1,1,1,-1,-1,1,-1,1,1,-1,-1,1,-1,1,0,0,0,0,-1,1,0,0,-1,1,-1,0,-1,1,-1,1,0,0,1,-1,-1,1,1,-1,1,-1,-1,1,1,-1,0,0,0,0,0,0,1,-1,0,0,1,-1,0,0,1,-1,1,-1,-1,1,0,0,1,-1,-1,1,1,-1,-1,1,1,-1,-1,1,1,-1,1,-1,0,0,0,0,0,0,-1,1,-1,1,-1,1,-1,1,1,-1,-1,1,1,-1,-1,1,-1,1,0,0,1,-1,0,0,0,0,-1,1,1,-1,-1,1,1,-1,-1,1,1,-1,0,0,-1,1,0,0,0,0,-1,1,1,-1,-1,1,-1,1,0,0,-1,1,-1,1,0,0,-1,1,-1,1,1,-1,0,0,1,-1,-1,1,1,-1,0,0,-1,1,-1,1,1,-1,0,0,-1,1,0,0,0,0,-1,1
2022-05-17 08:30:00,Retail Sales MoM,tv,0.01845585973546601,0.031088541573536212,0.03229966519992108,72.0,YM,stopped_pre,-119.0,-162.62500000000728,-185.12500000000728,0,0,-1,1,-1,1,0,2,-1,1,1,-1,1,-1,-1,1,0,0,-1,1,1,-1,0,0,0,2,-1,1,0,0,-1,1,1,-1,1,-1,0,0,-1,1,0,0,0,0,-1,1,-1,1,0,0,0,-1,0,0,0,2,1,-1,-1,1,1,-1,-1,1,0,0,-1,1,1,-1,1,-1,0,0,1,-1,1,-1,1,-1,0,0,-1,1,1,-1,1,-1,-1,1,-1,1,0,0,1,-1,1,-1,-1,1,-1,1,-1,1,1,-1,1,-1,-1,1,-1,1,1,-1,-1,1,0,0,-1,1,-1,1,0,0,0,0,0,0,-1,1,0,0,0,0,1,-1,0,0,-1,1,-1,1,-1,1,1,-1,1,-1,-1,1,-1,1,-1,1,-1,1,1,-1,1,-1,-1,1,0,0,0,0,-1,1,1,-1,-1,1,-1,0,1,-1,-1,1,0,0,1,-1,1,-1,1,-1,-1,1,1,-1,1,-1,0,0,0,0,0,0,1,-1,1,-1,1,-1,1,-1,1,-1,1,-1,1,-1,0,0,-1,1,1,-1,1,-1,-1,1,1,-1,-1,1,1,-1,1,-1,0,0,0,0,0,0,1,-1,-1,1,-1,1,1,-1,1,-1,1,-1,-1,1,-1,1,1,-1,-1,1,1,-1,0,0,0,2,-1,1,1,-1,1,-1,1,-1,-1,1,1,-1,0,0,1,-1,0,0,1,-1,0,0,1,-1,1,-1,1,-1,0,0,1,-1,-1,1,0,2,-1,1,-1,1,1,-1,0,0,-1,1,1,-1,1,-1,-1,1,1,-1,-1,1,1,-1,0,0,-1,1,0,0,1,-1,-1,1
2022-06-03 08:30:00,Non Farm Payrolls,schedule,0.27510732208718786,0.12749558111906348,0.15355456132954604,77.0,YM,stopped_pre,-51.0,-185.0,-207.5,0,0,-1,1,1,-1,0,2,1,-1,1,-1,-1,1,1,-1,1,-1,1,-1,1,-1,0,0,0,2,1,-1,0,0,-1,1,1,-1,1,-1,0,0,-1,1,0,0,0,0,-1,1,1,-1,0,0,0,-1,0,0,0,0,1,-1,1,-1,1,-1,1,-1,0,0,1,-1,0,0,-1,1,1,-1,1,-1,1,-1,-1,1,0,0,1,-1,1,-1,1,-1,1,-1,1,-1,0,0,1,-1,1,-1,1,-1,1,-1,0,0,1,-1,-1,1,1,-1,1,-1,1,-1,1,-1,0,0,1,-1,-1,1,0,0,0,0,0,0,1,-1,0,0,0,0,0,0,0,0,1,-1,1,-1,1,-1,1,-1,1,-1,1,-1,1,-1,1,-1,1,-1,-1,1,1,-1,-1,1,0,0,0,0,-1,1,1,-1,1,-1,1,0,-1,1,1,-1,0,0,1,-1,1,-1,1,-1,1,-1,1,-1,-1,1,0,0,0,0,0,0,1,-1,0,0,1,-1,0,0,1,-1,1,-1,-1,1,0,0,1,-1,-1,1,-1,1,1,-1,-1,1,0,0,1,-1,1,-1,0,0,0,0,0,0,-1,1,1,-1,-1,1,1,-1,-1,1,1,-1,-1,1,1,-1,-1,1,0,0,1,-1,0,0,0,2,1,-1,-1,1,1,-1,1,-1,-1,1,1,-1,0,0,1,-1,0,0,1,-1,1,-1,1,-1,1,-1,1,-1,0,0,1,-1,1,-1,0,0,1,-1,1,-1,-1,1,0,0,-1,1,1,-1,-1,1,1,-1,1,-1,1,-1,-1,1,1,-1,1,-1,0,0,1,-1,1,-1
2022-06-10 08:30:00,Inflation Rate MoM,schedule,0.7329647804211442,0.041872074728978394,0.0806403101863695,68.0,YM,stopped_post,1.0,-161.0200000000077,-183.5200000000077,0,0,-1,1,1,-1,0,2,1,-1,-1,1,-1,1,1,-1,1,-1,1,-1,1,-1,0,0,0,0,1,-1,0,0,-1,1,-1,1,-1,1,0,0,-1,1,1,-1,0,0,-1,1,-1,1,0,0,0,1,0,0,0,2,0,0,1,-1,0,0,-1,1,0,0,1,-1,-1,1,-1,1,0,0,-1,1,-1,1,-1,1,0,2,-1,1,-1,1,-1,1,1,-1,1,-1,0,0,-1,1,-1,1,1,-1,0,0,0,0,-1,1,-1,1,1,-1,1,-1,-1,1,-1,1,0,0,-1,1,0,0,0,0,0,0,0,0,1,-1,0,0,0,2,-1,1,0,2,1,-1,1,-1,1,-1,-1,1,-1,1,-1,1,-1,1,-1,1,-1,1,-1,1,-1,1,-1,1,0,0,0,2,-1,1,0,0,-1,1,-1,0,-1,1,1,-1,0,0,-1,1,1,-1,-1,1,-1,1,-1,1,0,0,0,0,0,0,0,0,-1,1,0,0,-1,1,0,0,-1,1,-1,1,-1,1,0,0,-1,1,-1,1,1,-1,-1,1,-1,1,1,-1,1,-1,-1,1,0,0,0,0,0,0,-1,1,1,-1,1,-1,0,0,-1,1,1,-1,1,-1,0,0,1,-1,1,-1,-1,1,0,0,0,2,-1,1,-1,1,1,-1,-1,1,1,-1,-1,1,0,0,1,-1,0,0,-1,1,0,0,-1,1,-1,1,-1,1,0,2,-1,1,1,-1,0,0,-1,1,1,-1,1,-1,0,0,1,-1,-1,1,-1,1,0,0,-1,1,1,-1,-1,1,0,0,1,-1,0,0,-1,1,-1,1
2022-06-15 08:30:00,Retail Sales MoM,tv,0.026202017555351766,0.029837880847395817,0.029239433048644205,73.0,YM,stopped_post,0.0,-152.80000000000655,-175.30000000000655,0,0,1,-1,-1,1,0,2,-1,1,1,-1,1,-1,-1,1,0,0,-1,1,1,-1,0,0,0,0,-1,1,0,0,1,-1,1,-1,1,-1,0,0,-1,1,0,0,0,0,1,-1,-1,1,0,2,0,-1,0,0,0,0,1,-1,-1,1,-1,1,1,-1,0,0,-1,1,1,-1,1,-1,0,0,1,-1,-1,1,1,-1,0,0,1,-1,1,-1,-1,1,-1,1,-1,1,0,0,1,-1,1,-1,-1,1,1,-1,0,0,1,-1,1,-1,1,-1,1,-1,1,-1,-1,1,1,-1,1,-1,1,-1,0,0,0,0,0,0,0,0,0,0,0,0,0,0,0,2,-1,1,1,-1,-1,1,0,0,1,-1,1,-1,1,-1,1,-1,1,-1,1,-1,-1,1,1,-1,0,0,0,0,1,-1,0,0,-1,1,1,0,1,-1,1,-1,0,0,1,-1,-1,1,1,-1,1,-1,1,-1,-1,1,0,0,0,0,0,0,1,-1,0,0,1,-1,0,0,1,-1,1,-1,1,-1,0,0,1,-1,1,-1,-1,1,-1,1,-1,1,1,-1,-1,1,1,-1,0,0,0,0,0,0,1,-1,1,-1,-1,1,-1,1,1,-1,1,-1,-1,1,0,0,1,-1,1,-1,-1,1,0,0,0,0,-1,1,1,-1,-1,1,1,-1,-1,1,1,-1,0,0,-1,1,0,0,0,0,0,0,-1,1,-1,1,-1,1,0,0,1,-1,-1,1,0,2,-1,1,1,-1,-1,1,0,0,1,-1,-1,1,1,-1,0,0,1,-1,-1,1,1,-1,0,0,-1,1,0,0,0,0,1,-1
2022-06-15 14:00:00,Fed Interest Rate Decision,schedule,0.12096642364403176,0.10726577762555747,0.10572236057664236,50.0,YM,stopped_post,6.0,-152.65999999999622,-175.15999999999622,0,0,1,-1,1,-1,0,2,-1,1,1,-1,-1,1,-1,1,-1,1,-1,1,1,-1,0,0,0,0,-1,1,0,0,-1,1,1,-1,1,-1,0,0,1,-1,0,0,0,0,-1,1,-1,1,0,0,0,-1,0,-1,0,0,1,-1,1,-1,-1,1,1,-1,0,0,-1,1,1,-1,-1,1,0,0,-1,1,-1,1,-1,1,0,2,1,-1,1,-1,-1,1,1,-1,1,-1,0,0,1,-1,-1,1,-1,1,1,-1,0,0,1,-1,1,-1,1,-1,-1,1,1,-1,1,-1,1,-1,1,-1,1,-1,0,0,0,0,0,0,0,0,0,0,0,0,0,0,0,0,1,-1,1,-1,-1,1,1,-1,1,-1,1,-1,1,-1,1,-1,1,-1,1,-1,-1,1,-1,1,0,0,0,0,-1,1,0,0,1,-1,1,0,-1,1,-1,1,0,0,1,-1,-1,1,1,-1,1,-1,-1,1,-1,1,0,0,0,0,0,0,1,-1,0,0,1,-1,0,0,1,-1,1,-1,-1,1,0,0,1,-1,-1,1,-1,1,1,-1,1,-1,0,0,-1,1,1,-1,0,0,0,0,0,0,-1,1,1,-1,-1,1,-1,1,1,-1,-1,1,1,-1,1,-1,-1,1,0,0,1,-1,0,0,0,0,-1,1,-1,1,1,-1,1,-1,1,-1,1,-1,0,0,1,-1,0,0,0,0,1,-1,-1,1,-1,1,-1,1,0,0,-1,1,1,-1,0,0,1,-1,1,-1,-1,1,0,0,-1,1,-1,1,-1,1,1,-1,-1,1,-1,1,-1,1,0,0,-1,1,0,0,0,0,1,-1
2022-07-08 08:30:00,Non Farm Payrolls,schedule,0.15605592534794102,0.12878093648551983,0.15355456132954604,78.0,YM,stopped_post,1.0,-157.0050000000083,-179.5050000000083,0,0,-1,1,-1,1,0,2,1,-1,-1,1,1,-1,1,-1,1,-1,1,-1,-1,1,0,0,0,0,1,-1,0,0,-1,1,-1,1,-1,1,0,0,1,-1,0,0,0,0,-1,1,-1,1,0,0,0,-1,0,0,0,2,0,0,-1,1,1,-1,1,-1,0,0,1,-1,1,-1,-1,1,0,0,-1,1,1,-1,-1,1,0,0,1,-1,-1,1,1,-1,1,-1,1,-1,0,0,-1,1,-1,1,1,-1,1,-1,1,-1,1,-1,-1,1,1,-1,1,-1,-1,1,1,-1,0,0,-1,1,1,-1,0,0,0,0,0,0,1,-1,0,0,0,2,0,0,0,0,1,-1,1,-1,1,-1,-1,1,-1,1,1,-1,1,-1,-1,1,1,-1,-1,1,1,-1,1,-1,0,0,0,0,1,-1,0,0,1,-1,1,0,-1,1,1,-1,0,0,-1,1,1,-1,1,-1,-1,1,-1,1,1,-1,0,0,0,0,0,0,-1,1,1,-1,1,-1,1,-1,1,-1,1,-1,-1,1,0,0,-1,1,1,-1,1,-1,1,-1,1,-1,1,-1,-1,1,-1,1,0,0,0,0,0,0,-1,1,1,-1,1,-1,1,-1,-1,1,-1,1,1,-1,0,0,-1,1,1,-1,1,-1,0,0,0,0,1,-1,-1,1,1,-1,-1,1,1,-1,-1,1,0,0,1,-1,0,0,0,0,0,0,-1,1,1,-1,-1,1,0,0,-1,1,-1,1,0,2,-1,1,1,-1,1,-1,0,0,1,-1,1,-1,1,-1,0,0,-1,1,1,-1,-1,1,0,0,-1,1,0,0,0,0,1,-1
2022-07-13 08:30:00,Inflation Rate MoM,schedule,1.1830714972747676,0.04317619813949837,0.10348599860160634,69.0,YM,tp,-7.0,621.7000000000007,599.2000000000007,0,0,1,-1,1,-1,1,0,1,-1,1,-1,1,-1,1,-1,0,0,1,-1,1,-1,0,0,0,0,1,-1,0,0,1,-1,1,-1,1,-1,0,0,1,-1,0,0,0,0,1,-1,1,-1,0,0,0,-1,0,-1,0,0,0,0,-1,1,1,-1,1,-1,0,0,1,-1,1,-1,1,-1,1,-1,1,-1,1,-1,1,-1,0,2,1,-1,1,-1,-1,1,1,-1,1,-1,1,-1,1,-1,-1,1,1,-1,1,-1,1,-1,-1,1,1,-1,1,-1,1,-1,1,-1,1,-1,1,-1,1,-1,1,-1,0,0,0,0,1,-1,1,-1,0,0,0,2,1,-1,0,0,1,-1,1,-1,1,-1,1,-1,1,-1,1,-1,1,-1,1,-1,1,-1,1,-1,-1,1,-1,1,0,0,0,2,1,-1,0,0,1,-1,1,0,1,-1,1,-1,0,0,1,-1,1,-1,1,-1,1,-1,1,-1,0,0,0,0,0,0,0,0,1,-1,0,0,-1,1,0,0,1,-1,1,-1,1,-1,0,0,1,-1,1,-1,1,-1,1,-1,1,-1,1,-1,-1,1,1,-1,0,0,0,0,0,0,1,-1,1,-1,1,-1,1,-1,1,-1,1,-1,-1,1,1,-1,1,-1,1,-1,-1,1,0,0,0,0,-1,1,-1,1,-1,1,1,-1,1,-1,1,-1,0,0,-1,1,0,0,0,0,1,-1,-1,1,-1,1,1,-1,0,0,1,-1,-1,1,0,2,1,-1,1,-1,1,-1,0,0,1,-1,1,-1,1,-1,1,-1,-1,1,1,-1,-1,1,1,-1,1,-1,0,0,0,0,1,-1
2022-07-15 08:30:00,Retail Sales MoM,tv,0.08144383633046651,0.029239433048644205,0.028582776016517288,74.0,YM,stopped_post,3.0,-153.4599999999955,-175.9599999999955,0,0,-1,1,1,-1,-1,0,-1,1,1,-1,1,-1,-1,1,-1,1,-1,1,1,-1,0,0,0,0,-1,1,0,0,-1,1,-1,1,1,-1,0,0,-1,1,0,0,0,0,-1,1,1,-1,0,0,0,-1,0,1,0,0,1,-1,-1,1,-1,1,-1,1,0,0,-1,1,1,-1,-1,1,0,0,-1,1,1,-1,-1,1,0,2,-1,1,-1,1,-1,1,-1,1,-1,1,-1,1,0,0,0,0,-1,1,-1,1,-1,1,-1,1,1,-1,-1,1,-1,1,1,-1,-1,1,0,0,-1,1,0,0,0,0,0,0,-1,1,-1,1,0,0,0,0,0,0,0,0,-1,1,-1,1,-1,1,-1,1,1,-1,-1,1,-1,1,-1,1,-1,1,1,-1,-1,1,1,-1,0,0,0,0,-1,1,0,0,-1,1,-1,0,-1,1,-1,1,0,0,-1,1,-1,1,-1,1,-1,1,-1,1,0,0,0,0,0,0,0,0,-1,1,0,0,1,-1,0,0,1,-1,1,-1,-1,1,0,0,-1,1,-1,1,1,-1,-1,1,-1,1,-1,1,1,-1,-1,1,0,0,0,0,0,0,-1,1,-1,1,1,-1,-1,1,1,-1,-1,1,1,-1,-1,1,-1,1,0,0,1,-1,0,0,0,0,1,-1,-1,1,-1,1,-1,1,-1,1,-1,1,0,0,1,-1,0,0,0,0,-1,1,1,-1,-1,1,-1,1,0,0,-1,1,-1,1,0,0,-1,1,-1,1,1,-1,0,0,-1,1,-1,1,1,-1,-1,1,1,-1,1,-1,-1,1,-1,1,-1,1,0,0,0,0,-1,1
2022-07-27 14:00:00,Fed Interest Rate Decision,schedule,0.03769791404875597,0.10842779694430753,0.10921522609040663,51.0,YM,stopped_pre,-53.0,-159.21000000000276,-181.71000000000276,0,0,-1,1,1,-1,0,2,1,-1,1,-1,-1,1,1,-1,1,-1,1,-1,1,-1,0,0,0,2,1,-1,0,0,1,-1,1,-1,1,-1,0,1,0,0,0,0,1,-1,1,-1,1,-1,0,0,0,-1,0,-1,0,0,1,-1,1,-1,1,-1,1,-1,0,0,1,-1,1,-1,1,-1,1,-1,1,-1,1,-1,1,-1,0,0,1,-1,1,-1,1,-1,1,-1,1,-1,1,-1,1,-1,0,0,1,-1,1,-1,1,-1,1,-1,1,-1,1,-1,1,-1,1,-1,1,-1,1,-1,1,-1,1,-1,0,0,0,0,0,0,1,-1,0,0,0,0,1,-1,0,0,1,-1,1,-1,1,-1,1,-1,1,-1,1,-1,1,-1,1,-1,1,-1,1,-1,1,-1,1,-1,0,2,0,0,1,-1,1,-1,1,-1,1,0,1,-1,1,-1,0,0,1,-1,1,-1,1,-1,1,-1,1,-1,-1,1,0,0,0,0,0,0,1,-1,0,0,1,-1,0,0,1,-1,1,-1,1,-1,0,0,1,-1,0,0,-1,1,1,-1,1,-1,0,0,1,-1,1,-1,0,0,0,0,0,0,1,-1,1,-1,-1,1,1,-1,1,-1,1,-1,-1,1,1,-1,1,-1,0,0,1,-1,0,0,0,0,-1,1,-1,1,1,-1,1,-1,1,-1,1,-1,0,0,1,-1,0,0,1,-1,1,-1,1,-1,1,-1,1,-1,0,0,1,-1,1,-1,0,2,1,-1,1,-1,1,-1,0,0,1,-1,1,-1,-1,1,1,-1,1,-1,1,-1,-1,1,1,-1,1,-1,0,0,1,-1,-1,1
2022-08-05 08:30:00,Non Farm Payrolls,schedule,0.5950746132015015,0.13006629185197618,0.15262699288657774,79.0,YM,stopped_post,1.0,-163.81499999999505,-186.31499999999505,0,0,1,-1,1,-1,1,0,1,-1,-1,1,1,-1,1,-1,1,-1,1,-1,-1,1,0,0,0,0,1,-1,0,0,1,-1,-1,1,-1,1,0,0,1,-1,0,0,0,0,1,-1,1,-1,0,0,0,-1,0,-1,0,0,0,0,-1,1,1,-1,1,-1,0,0,1,-1,1,-1,1,-1,0,0,1,-1,-1,1,1,-1,0,0,1,-1,1,-1,1,-1,1,-1,1,-1,0,0,0,0,-1,1,1,-1,1,-1,1,-1,1,-1,-1,1,1,-1,1,-1,-1,1,-1,1,1,-1,-1,1,1,-1,0,0,0,0,1,-1,1,-1,0,0,0,0,0,0,0,0,1,-1,1,-1,1,-1,1,-1,-1,1,1,-1,-1,1,1,-1,1,-1,-1,1,1,-1,-1,1,0,0,0,0,1,-1,-1,1,1,-1,1,0,-1,1,1,-1,0,0,1,-1,1,-1,1,-1,1,-1,1,-1,-1,1,0,0,0,0,0,0,1,-1,0,0,-1,1,0,0,1,-1,1,-1,-1,1,0,0,-1,1,1,-1,1,-1,-1,1,1,-1,1,-1,-1,1,1,-1,0,0,0,0,0,0,1,-1,1,-1,1,-1,1,-1,1,-1,1,-1,-1,1,1,-1,1,-1,1,-1,-1,1,0,0,0,0,1,-1,-1,1,1,-1,-1,1,1,-1,-1,1,0,0,-1,1,0,0,-1,1,1,-1,-1,1,-1,1,1,-1,0,0,1,-1,1,-1,0,2,1,-1,1,-1,1,-1,0,0,1,-1,1,-1,1,-1,1,-1,1,-1,-1,1,-1,1,1,-1,1,-1,0,0,0,0,1,-1
2022-08-10 08:30:00,Inflation Rate MoM,schedule,0.6398927417880431,0.04422716763378541,0.10348599860160634,70.0,YM,tp,1.0,656.260000000002,633.760000000002,0,2,-1,1,-1,1,-1,0,1,-1,-1,1,1,-1,1,-1,0,0,1,-1,-1,1,0,0,0,0,1,-1,0,0,-1,1,-1,1,-1,1,0,-1,1,-1,0,0,-1,1,-1,1,-1,1,0,0,0,1,0,1,0,0,-1,1,1,-1,-1,1,1,-1,0,0,-1,1,1,-1,-1,1,0,0,1,-1,1,-1,-1,1,0,2,-1,1,-1,1,-1,1,-1,1,-1,1,-1,1,-1,1,-1,1,1,-1,0,0,1,-1,-1,1,-1,1,-1,1,1,-1,-1,1,-1,1,-1,1,-1,1,-1,1,0,0,0,0,0,0,0,0,0,0,0,0,-1,1,0,2,1,-1,1,-1,-1,1,1,-1,-1,1,-1,1,-1,1,-1,1,-1,1,-1,1,-1,1,1,-1,0,0,0,2,-1,1,-1,1,-1,1,-1,0,-1,1,-1,1,0,0,-1,1,-1,1,-1,1,-1,1,1,-1,1,-1,0,0,0,0,0,0,-1,1,1,-1,1,-1,0,0,1,-1,1,-1,-1,1,0,0,-1,1,0,0,1,-1,-1,1,-1,1,0,0,-1,1,-1,1,0,0,0,0,0,0,-1,1,-1,1,1,-1,1,-1,-1,1,1,-1,1,-1,0,0,-1,1,0,0,1,-1,0,2,0,0,1,-1,1,-1,1,-1,-1,1,-1,1,-1,1,0,0,1,-1,0,0,-1,1,0,0,-1,1,-1,1,-1,1,0,0,-1,1,1,-1,0,0,-1,1,-1,1,1,-1,0,0,1,-1,-1,1,1,-1,0,0,-1,1,-1,1,1,-1,0,0,-1,1,0,0,-1,1,1,-1
2022-08-17 08:30:00,Retail Sales MoM,tv,0.050132704217045125,0.029837880847395817,0.028582776016517288,75.0,YM,stopped_post,72.0,-169.5300000000134,-192.0300000000134,0,0,-1,1,-1,1,0,2,0,0,-1,1,-1,1,-1,1,0,0,-1,1,1,-1,0,0,0,2,-1,1,0,0,-1,1,-1,1,-1,1,0,0,1,-1,0,0,-1,1,-1,1,-1,1,0,0,0,1,0,1,0,0,0,0,-1,1,-1,1,-1,1,0,0,-1,1,-1,1,-1,1,0,0,-1,1,1,-1,-1,1,0,0,-1,1,-1,1,-1,1,-1,1,-1,1,0,0,0,0,0,0,-1,1,-1,1,1,-1,-1,1,-1,1,-1,1,-1,1,-1,1,-1,1,-1,1,-1,1,-1,1,0,0,0,0,0,0,-1,1,0,0,0,0,-1,1,0,0,-1,1,-1,1,-1,1,0,0,-1,1,-1,1,-1,1,-1,1,-1,1,-1,1,-1,1,1,-1,0,0,0,0,-1,1,-1,1,-1,1,-1,0,-1,1,-1,1,0,0,-1,1,-1,1,-1,1,1,-1,-1,1,1,-1,0,0,0,0,0,0,-1,1,-1,1,-1,1,0,0,-1,1,-1,1,-1,1,0,0,-1,1,-1,1,-1,1,-1,1,-1,1,-1,1,-1,1,-1,1,0,0,0,0,0,0,-1,1,-1,1,-1,1,1,-1,-1,1,-1,1,1,-1,0,0,-1,1,-1,1,1,-1,0,0,0,0,1,-1,1,-1,-1,1,-1,1,-1,1,-1,1,0,0,1,-1,0,0,-1,1,0,0,-1,1,-1,1,-1,1,0,0,-1,1,-1,1,0,0,-1,1,-1,1,-1,1,0,0,-1,1,-1,1,-1,1,0,0,-1,1,-1,1,1,-1,0,0,-1,1,0,0,-1,1,-1,1
2022-09-02 08:30:00,Non Farm Payrolls,schedule,0.4735745406326956,0.1302753576369651,0.15262699288657774,80.0,YM,stopped_pre,-45.0,-158.51000000000568,-181.01000000000568,0,2,1,-1,1,-1,0,2,0,0,1,-1,1,-1,1,-1,0,0,1,-1,1,-1,0,0,0,2,1,-1,0,0,1,-1,1,-1,1,-1,0,1,0,0,0,0,1,-1,1,-1,1,-1,0,0,0,-1,0,-1,0,0,1,-1,1,-1,1,-1,-1,1,0,0,1,-1,1,-1,1,-1,1,-1,1,-1,-1,1,1,-1,0,2,1,-1,1,-1,1,-1,1,-1,1,-1,1,-1,1,-1,0,0,1,-1,1,-1,0,0,1,-1,1,-1,1,-1,1,-1,1,-1,1,-1,1,-1,1,-1,1,-1,0,0,0,0,0,0,1,-1,0,0,0,0,1,-1,0,0,1,-1,1,-1,0,0,0,0,1,-1,1,-1,1,-1,-1,1,1,-1,1,-1,1,-1,-1,1,0,2,0,0,1,-1,1,-1,1,-1,1,0,1,-1,1,-1,0,0,1,-1,-1,1,1,-1,1,-1,1,-1,0,0,0,0,0,0,0,0,-1,1,0,0,1,-1,1,-1,1,-1,1,-1,1,-1,0,0,1,-1,1,-1,1,-1,1,-1,1,-1,1,-1,-1,1,1,-1,0,0,0,0,0,0,1,-1,-1,1,-1,1,1,-1,1,-1,-1,1,-1,1,1,-1,1,-1,1,-1,-1,1,0,2,0,0,-1,1,-1,1,-1,1,1,-1,1,-1,1,-1,0,0,-1,1,0,0,1,-1,1,-1,-1,1,1,-1,1,-1,0,0,1,-1,1,-1,0,0,-1,1,1,-1,1,-1,0,0,-1,1,1,-1,1,-1,1,-1,-1,1,1,-1,-1,1,1,-1,1,-1,0,0,1,-1,-1,1
2022-09-13 08:30:00,Inflation Rate MoM,schedule,1.9737244118545678,0.045278137128072445,0.12648455865661956,71.0,YM,stopped_post,1.0,-163.5649999999987,-186.0649999999987,0,0,1,-1,1,-1,0,2,-1,1,1,-1,1,-1,1,-1,0,0,-1,1,1,-1,0,0,0,2,1,-1,0,0,1,-1,1,-1,1,-1,0,0,1,-1,-1,1,0,0,1,-1,1,-1,0,0,0,-1,0,-1,0,0,0,0,1,-1,1,-1,1,-1,0,0,-1,1,1,-1,1,-1,0,0,1,-1,-1,1,1,-1,0,2,1,-1,1,-1,-1,1,1,-1,1,-1,1,-1,1,-1,0,0,1,-1,1,-1,-1,1,-1,1,1,-1,1,-1,1,-1,1,-1,1,-1,0,0,1,-1,1,-1,0,0,0,0,0,0,1,-1,0,0,0,0,0,0,0,0,1,-1,1,-1,-1,1,-1,1,1,-1,1,-1,1,-1,1,-1,1,-1,1,-1,-1,1,-1,1,0,0,0,2,1,-1,0,0,1,-1,1,0,1,-1,1,-1,0,0,1,-1,1,-1,1,-1,1,-1,1,-1,0,0,0,0,0,0,0,0,1,-1,1,-1,1,-1,1,-1,1,-1,1,-1,1,-1,0,0,1,-1,-1,1,1,-1,1,-1,1,-1,1,-1,1,-1,1,-1,0,0,0,0,0,0,1,-1,1,-1,1,-1,1,-1,1,-1,1,-1,-1,1,0,0,1,-1,1,-1,1,-1,0,0,0,0,-1,1,-1,1,1,-1,1,-1,-1,1,1,-1,0,0,-1,1,0,0,1,-1,0,0,-1,1,-1,1,1,-1,0,0,1,-1,1,-1,0,0,1,-1,1,-1,1,-1,0,0,1,-1,0,0,1,-1,1,-1,1,-1,1,-1,-1,1,0,0,1,-1,0,0,0,0,1,-1
2022-09-15 08:30:00,Retail Sales MoM,tv,0.17298266969920237,0.031088541573536212,0.028582776016517288,76.0,YM,timed,900.0,435.0,412.5,0,0,-1,1,-1,1,-1,0,-1,1,-1,1,-1,1,-1,1,-1,1,-1,1,-1,1,0,0,0,0,-1,1,0,0,-1,1,-1,1,-1,1,0,0,-1,1,0,0,-1,1,-1,1,-1,1,0,2,0,1,0,1,0,0,-1,1,-1,1,-1,1,-1,1,0,0,-1,1,0,0,-1,1,-1,1,-1,1,-1,1,-1,1,0,0,-1,1,-1,1,-1,1,-1,1,-1,1,-1,1,-1,1,0,0,-1,1,-1,1,-1,1,-1,1,-1,1,-1,1,-1,1,-1,1,-1,1,-1,1,-1,1,-1,1,0,0,0,0,-1,1,-1,1,0,0,0,0,-1,1,0,0,-1,1,-1,1,-1,1,1,-1,-1,1,-1,1,-1,1,1,-1,-1,1,-1,1,-1,1,1,-1,0,2,0,0,-1,1,0,0,-1,1,-1,0,-1,1,-1,1,0,0,-1,1,-1,1,-1,1,-1,1,-1,1,1,-1,0,0,0,0,0,0,-1,1,0,0,-1,1,0,0,-1,1,-1,1,-1,1,0,0,-1,1,1,-1,-1,1,-1,1,-1,1,-1,1,1,-1,-1,1,0,0,0,0,0,0,-1,1,-1,1,1,-1,-1,1,-1,1,1,-1,1,-1,-1,1,-1,1,-1,1,1,-1,0,2,0,0,1,-1,1,-1,1,-1,-1,1,-1,1,-1,1,0,0,1,-1,0,0,-1,1,-1,1,1,-1,-1,1,-1,1,0,0,-1,1,-1,1,0,0,1,-1,-1,1,1,-1,0,0,1,-1,-1,1,-1,1,-1,1,1,-1,-1,1,1,-1,-1,1,-1,1,0,0,-1,1,-1,1
2022-09-21 14:00:00,Fed Interest Rate Decision,schedule,0.9168980435203719,0.10726577762555747,0.10921522609040663,52.0,YM,stopped_post,2.0,-154.65000000000146,-177.15000000000146,0,0,-1,1,1,-1,1,0,1,-1,-1,1,1,-1,1,-1,1,-1,1,-1,-1,1,0,0,0,2,1,-1,0,0,-1,1,-1,1,-1,1,0,0,0,0,-1,1,0,0,-1,1,1,-1,0,0,0,-1,0,0,0,0,0,0,1,-1,1,-1,1,-1,0,0,1,-1,1,-1,1,-1,0,0,1,-1,1,-1,-1,1,0,0,1,-1,-1,1,1,-1,1,-1,1,-1,0,0,-1,1,-1,1,1,-1,1,-1,1,-1,1,-1,-1,1,1,-1,1,-1,-1,1,-1,1,0,0,-1,1,1,-1,0,0,0,0,0,0,1,-1,0,0,0,0,-1,1,0,0,1,-1,1,-1,1,-1,1,-1,-1,1,1,-1,-1,1,-1,1,1,-1,-1,1,1,-1,1,-1,0,0,0,0,1,-1,0,0,1,-1,1,0,-1,1,1,-1,0,0,-1,1,1,-1,-1,1,1,-1,1,-1,1,-1,0,0,0,0,0,0,-1,1,0,0,1,-1,0,0,1,-1,1,-1,-1,1,0,0,-1,1,1,-1,-1,1,-1,1,-1,1,0,0,-1,1,-1,1,0,0,0,0,0,0,1,-1,1,-1,1,-1,1,-1,-1,1,1,-1,-1,1,0,0,1,-1,0,0,1,-1,0,0,0,0,1,-1,-1,1,1,-1,-1,1,1,-1,-1,1,0,0,-1,1,0,0,0,0,0,0,-1,1,1,-1,1,-1,0,0,1,-1,1,-1,0,0,1,-1,1,-1,1,-1,0,0,-1,1,1,-1,1,-1,0,0,1,-1,1,-1,-1,1,0,0,1,-1,0,0,0,0,1,-1
2022-10-07 08:30:00,Non Farm Payrolls,schedule,0.7571983660456312,0.13048442342195402,0.1569834937909093,81.0,YM,stopped_pre,-108.0,-150.38500000000568,-172.88500000000568,0,0,-1,1,1,-1,0,2,1,-1,1,-1,1,-1,1,-1,1,-1,1,-1,1,-1,0,0,0,2,1,-1,0,0,1,-1,1,-1,1,-1,0,0,1,-1,1,-1,0,0,1,-1,1,-1,0,0,0,-1,0,-1,0,0,1,-1,1,-1,-1,1,-1,1,0,0,1,-1,0,0,1,-1,1,-1,1,-1,1,-1,1,-1,0,0,1,-1,1,-1,1,-1,1,-1,1,-1,1,-1,0,0,-1,1,1,-1,1,-1,1,-1,1,-1,1,-1,1,-1,1,-1,-1,1,1,-1,0,0,1,-1,0,0,0,0,0,0,0,0,1,-1,0,0,0,0,0,0,0,0,1,-1,1,-1,1,-1,0,0,1,-1,1,-1,1,-1,1,-1,1,-1,1,-1,1,-1,-1,1,0,2,0,0,1,-1,0,0,1,-1,1,0,1,-1,1,-1,0,0,1,-1,-1,1,1,-1,1,-1,1,-1,0,0,0,0,0,0,0,0,1,-1,0,0,1,-1,0,0,-1,1,1,-1,1,-1,0,0,1,-1,-1,1,1,-1,1,-1,1,-1,1,-1,-1,1,1,-1,0,0,0,0,0,0,1,-1,1,-1,1,-1,-1,1,1,-1,1,-1,-1,1,1,-1,1,-1,1,-1,-1,1,0,0,0,0,1,-1,-1,1,1,-1,1,-1,1,-1,1,-1,0,0,-1,1,0,0,0,0,1,-1,-1,1,1,-1,1,-1,0,0,1,-1,1,-1,0,2,1,-1,1,-1,1,-1,0,0,-1,1,1,-1,1,-1,1,-1,1,-1,1,-1,-1,1,1,-1,1,-1,0,0,0,0,1,-1
2022-10-13 08:30:00,Inflation Rate MoM,schedule,1.7240795312129527,0.0457133292262675,0.13700535913703854,72.0,YM,stopped_pre,-1.0,-147.75499999999738,-170.25499999999738,0,0,-1,1,-1,1,0,2,1,-1,1,-1,1,-1,1,-1,0,0,-1,1,1,-1,0,0,0,0,-1,1,0,0,1,-1,-1,1,-1,1,0,0,0,0,0,0,0,0,-1,1,-1,1,0,0,0,-1,0,0,0,2,0,0,-1,1,1,-1,-1,1,0,0,-1,1,1,-1,-1,1,-1,1,1,-1,-1,1,-1,1,0,0,-1,1,1,-1,-1,1,-1,1,-1,1,1,-1,0,0,-1,1,-1,1,1,-1,-1,1,1,-1,-1,1,1,-1,1,-1,-1,1,-1,1,0,0,-1,1,0,0,0,0,0,0,0,0,1,-1,0,0,0,2,0,0,0,0,1,-1,1,-1,-1,1,0,0,-1,1,1,-1,-1,1,1,-1,1,-1,-1,1,-1,1,1,-1,0,0,0,2,1,-1,0,0,-1,1,-1,0,-1,1,-1,1,0,0,-1,1,-1,1,1,-1,1,-1,-1,1,0,0,0,0,0,2,0,0,1,-1,1,-1,1,-1,1,-1,1,-1,1,-1,-1,1,0,0,1,-1,1,-1,1,-1,-1,1,1,-1,1,-1,1,-1,1,-1,0,2,0,0,0,0,-1,1,1,-1,1,-1,1,-1,1,-1,1,-1,1,-1,0,0,1,-1,0,0,1,-1,0,0,0,2,1,-1,1,-1,-1,1,-1,1,1,-1,1,-1,0,0,1,-1,0,0,0,0,0,0,-1,1,-1,1,-1,1,0,0,1,-1,-1,1,0,2,-1,1,1,-1,1,-1,0,0,1,-1,1,-1,1,-1,-1,1,1,-1,1,-1,1,-1,0,0,-1,1,0,2,-1,1,-1,1
2022-10-14 08:30:00,Retail Sales MoM,tv,0.0862784138045462,0.03233920229967661,0.029239433048644205,77.0,YM,stopped_post,9.0,-150.77499999999418,-173.27499999999418,0,2,1,-1,1,-1,0,2,0,0,1,-1,1,-1,1,-1,1,-1,1,-1,1,-1,0,0,0,0,1,-1,0,0,1,-1,1,-1,1,-1,0,0,0,0,0,0,1,-1,1,-1,1,-1,0,0,0,-1,0,-1,0,0,0,0,1,-1,1,-1,-1,1,0,0,1,-1,1,-1,1,-1,1,-1,1,-1,1,-1,1,-1,0,0,1,-1,1,-1,1,-1,1,-1,1,-1,1,-1,1,-1,0,0,1,-1,0,0,-1,1,1,-1,1,-1,1,-1,-1,1,1,-1,1,-1,1,-1,1,-1,1,-1,0,0,0,0,0,0,0,0,0,0,0,0,1,-1,0,0,1,-1,0,0,1,-1,-1,1,1,-1,1,-1,1,-1,-1,1,1,-1,1,-1,1,-1,-1,1,0,0,0,0,1,-1,1,-1,1,-1,1,0,1,-1,1,-1,0,0,1,-1,1,-1,1,-1,-1,1,1,-1,0,0,0,0,0,0,0,0,1,-1,0,0,1,-1,0,0,1,-1,1,-1,1,-1,0,0,1,-1,1,-1,1,-1,1,-1,1,-1,0,0,1,-1,1,-1,0,0,0,0,0,0,1,-1,1,-1,1,-1,1,-1,1,-1,1,-1,-1,1,0,0,1,-1,0,0,-1,1,0,2,0,0,-1,1,-1,1,1,-1,1,-1,1,-1,1,-1,0,0,-1,1,0,0,1,-1,0,0,1,-1,1,-1,1,-1,0,0,1,-1,1,-1,0,2,-1,1,1,-1,1,-1,0,0,-1,1,1,-1,1,-1,0,0,-1,1,1,-1,-1,1,1,-1,1,-1,0,0,1,-1,1,-1
2022-11-02 14:00:00,Fed Interest Rate Decision,schedule,0.5717954990215264,0.10842779694430753,0.11229414938213252,53.0,YM,stopped_pre,-194.0,-165.0,-187.5,0,0,-1,1,1,-1,1,0,1,-1,1,-1,1,-1,1,-1,1,-1,1,-1,1,-1,0,0,0,2,1,-1,0,0,-1,1,1,-1,1,-1,0,0,0,0,-1,1,0,0,1,-1,1,-1,0,0,0,-1,0,-1,0,0,0,0,1,-1,1,-1,-1,1,0,0,1,-1,-1,1,1,-1,0,0,1,-1,-1,1,-1,1,0,2,1,-1,1,-1,1,-1,1,-1,1,-1,1,-1,0,0,1,-1,1,-1,1,-1,1,-1,1,-1,-1,1,1,-1,1,-1,-1,1,1,-1,0,0,1,-1,-1,1,0,0,0,0,1,-1,1,-1,0,0,0,0,0,0,0,0,1,-1,1,-1,1,-1,1,-1,-1,1,1,-1,1,-1,1,-1,1,-1,-1,1,1,-1,-1,1,0,0,0,0,1,-1,0,0,1,-1,1,0,1,-1,1,-1,0,2,1,-1,1,-1,1,-1,1,-1,1,-1,0,0,0,2,0,0,0,0,1,-1,0,0,1,-1,0,0,-1,1,-1,1,1,-1,0,0,-1,1,0,0,1,-1,1,-1,-1,1,1,-1,-1,1,1,-1,0,0,0,0,0,0,-1,1,-1,1,1,-1,1,-1,-1,1,1,-1,-1,1,1,-1,1,-1,1,-1,-1,1,0,0,0,0,-1,1,1,-1,1,-1,1,-1,1,-1,1,-1,0,0,-1,1,0,0,0,0,1,-1,-1,1,1,-1,1,-1,0,0,1,-1,1,-1,0,0,1,-1,1,-1,-1,1,0,0,-1,1,1,-1,1,-1,1,-1,1,-1,-1,1,1,-1,1,-1,1,-1,0,0,0,0,1,-1
2022-11-04 08:30:00,Non Farm Payrolls,schedule,0.224075687787875,0.13102550275505181,0.1569834937909093,82.0,YM,stopped_post,1.0,-160.75000000000728,-183.25000000000728,0,0,1,-1,-1,1,0,2,-1,1,-1,1,1,-1,-1,1,-1,1,-1,1,-1,1,0,0,0,2,-1,1,0,0,-1,1,-1,1,-1,1,0,0,0,0,1,-1,-1,1,-1,1,-1,1,0,0,0,1,0,1,0,0,-1,1,-1,1,-1,1,-1,1,0,0,-1,1,1,-1,-1,1,-1,1,-1,1,1,-1,-1,1,0,0,-1,1,-1,1,-1,1,-1,1,-1,1,-1,1,-1,1,-1,1,-1,1,-1,1,-1,1,-1,1,1,-1,-1,1,-1,1,1,-1,-1,1,0,0,-1,1,0,0,0,0,0,0,0,0,-1,1,0,0,0,0,-1,1,0,2,-1,1,-1,1,-1,1,-1,1,-1,1,-1,1,-1,1,-1,1,-1,1,1,-1,-1,1,1,-1,0,0,0,0,-1,1,-1,1,-1,1,-1,0,-1,1,-1,1,0,0,-1,1,-1,1,-1,1,-1,1,-1,1,1,-1,0,0,0,0,0,0,-1,1,1,-1,1,-1,0,0,1,-1,1,-1,-1,1,0,0,-1,1,1,-1,-1,1,-1,1,-1,1,-1,1,1,-1,-1,1,0,0,0,0,0,0,-1,1,-1,1,1,-1,1,-1,-1,1,-1,1,1,-1,-1,1,-1,1,0,0,1,-1,0,0,0,0,-1,1,1,-1,-1,1,-1,1,-1,1,-1,1,0,0,1,-1,0,0,0,0,-1,1,1,-1,-1,1,-1,1,0,0,-1,1,-1,1,0,0,-1,1,-1,1,-1,1,0,0,1,-1,-1,1,1,-1,-1,1,-1,1,-1,1,1,-1,-1,1,-1,1,0,0,-1,1,-1,1
2022-11-10 08:30:00,Inflation Rate MoM,schedule,1.6357219579561149,0.04614852132446256,0.15718165145364296,73.0,YM,stopped_pre,-34.0,-170.0,-192.5,0,0,-1,1,1,-1,1,0,1,-1,1,-1,1,-1,1,-1,0,0,1,-1,1,-1,0,0,0,0,1,-1,0,0,-1,1,1,-1,1,-1,0,0,0,0,0,0,0,0,1,-1,1,-1,0,0,0,-1,0,-1,0,2,1,-1,1,-1,1,-1,1,-1,0,0,1,-1,-1,1,1,-1,1,-1,1,-1,-1,1,-1,1,0,2,1,-1,1,-1,-1,1,1,-1,1,-1,0,0,1,-1,-1,1,1,-1,1,-1,1,-1,1,-1,1,-1,1,-1,1,-1,-1,1,1,-1,0,0,1,-1,0,0,0,0,0,0,0,0,1,-1,0,0,0,0,1,-1,0,0,1,-1,1,-1,1,-1,1,-1,1,-1,1,-1,1,-1,1,-1,1,-1,-1,1,-1,1,-1,1,0,0,0,0,1,-1,0,0,1,-1,1,0,1,-1,1,-1,0,0,1,-1,1,-1,-1,1,1,-1,1,-1,1,-1,0,0,0,0,0,0,1,-1,0,0,-1,1,0,0,-1,1,-1,1,1,-1,0,0,1,-1,0,0,1,-1,1,-1,-1,1,1,-1,-1,1,1,-1,0,0,0,0,0,0,-1,1,1,-1,1,-1,1,-1,1,-1,1,-1,-1,1,1,-1,1,-1,1,-1,-1,1,0,0,0,0,-1,1,-1,1,1,-1,1,-1,1,-1,1,-1,0,0,-1,1,0,0,0,0,1,-1,-1,1,1,-1,1,-1,0,0,1,-1,1,-1,0,0,-1,1,1,-1,1,-1,0,0,-1,1,1,-1,1,-1,1,-1,1,-1,1,-1,-1,1,1,-1,1,-1,0,0,1,-1,1,-1
2022-11-16 08:30:00,Retail Sales MoM,tv,0.15783674320259686,0.03355032592606147,0.029239433048644205,78.0,YM,stopped_post,0.0,-167.8900000000067,-190.3900000000067,0,0,1,-1,-1,1,0,2,-1,1,-1,1,-1,1,-1,1,0,0,-1,1,-1,1,0,0,0,0,-1,1,0,0,1,-1,-1,1,-1,1,0,0,1,-1,1,-1,0,0,1,-1,-1,1,0,0,0,-1,0,0,0,0,0,0,-1,1,-1,1,-1,1,0,0,-1,1,-1,1,1,-1,0,0,1,-1,-1,1,1,-1,0,0,-1,1,1,-1,1,-1,1,-1,-1,1,0,0,-1,1,-1,1,-1,1,-1,1,-1,1,-1,1,1,-1,-1,1,-1,1,1,-1,-1,1,0,0,1,-1,0,0,0,0,0,0,0,0,-1,1,0,0,0,0,1,-1,0,2,-1,1,-1,1,-1,1,1,-1,-1,1,-1,1,-1,1,1,-1,-1,1,1,-1,1,-1,-1,1,0,0,0,2,1,-1,1,-1,-1,1,1,0,1,-1,-1,1,0,0,-1,1,1,-1,1,-1,-1,1,1,-1,-1,1,0,0,0,0,0,0,1,-1,0,0,1,-1,0,0,-1,1,-1,1,1,-1,0,0,1,-1,1,-1,-1,1,-1,1,1,-1,-1,1,-1,1,1,-1,0,0,0,0,0,0,1,-1,-1,1,-1,1,-1,1,1,-1,-1,1,-1,1,0,0,1,-1,-1,1,1,-1,0,0,0,2,1,-1,1,-1,-1,1,1,-1,-1,1,1,-1,0,0,-1,1,0,0,1,-1,0,0,1,-1,1,-1,1,-1,0,2,1,-1,-1,1,0,2,-1,1,-1,1,-1,1,0,0,1,-1,-1,1,-1,1,0,0,1,-1,-1,1,1,-1,0,0,-1,1,0,0,1,-1,1,-1
2022-12-02 08:30:00,Non Farm Payrolls,schedule,1.0681335312436333,0.13156658208814961,0.1569834937909093,83.0,YM,stopped_post,1.0,-171.8449999999939,-194.3449999999939,0,0,-1,1,-1,1,-1,0,-1,1,-1,1,-1,1,-1,1,0,0,-1,1,1,-1,0,0,0,2,-1,1,0,0,-1,1,-1,1,-1,1,0,0,0,0,0,0,-1,1,1,-1,-1,1,0,0,0,1,0,1,0,0,0,0,-1,1,-1,1,-1,1,0,0,-1,1,-1,1,-1,1,-1,1,-1,1,1,-1,-1,1,0,2,-1,1,-1,1,-1,1,-1,1,-1,1,-1,1,0,0,-1,1,-1,1,-1,1,-1,1,-1,1,-1,1,-1,1,-1,1,-1,1,-1,1,0,0,-1,1,-1,1,0,0,0,0,0,0,-1,1,0,0,0,0,0,0,0,0,-1,1,-1,1,-1,1,1,-1,-1,1,-1,1,-1,1,-1,1,-1,1,-1,1,-1,1,1,-1,0,0,0,0,-1,1,0,0,-1,1,-1,0,-1,1,-1,1,0,2,-1,1,-1,1,-1,1,1,-1,-1,1,0,0,0,0,0,0,0,0,-1,1,0,0,1,-1,0,0,-1,1,-1,1,-1,1,0,0,-1,1,0,0,-1,1,-1,1,-1,1,-1,1,-1,1,1,-1,0,0,0,0,0,0,-1,1,-1,1,1,-1,1,-1,-1,1,-1,1,1,-1,-1,1,-1,1,-1,1,1,-1,0,0,0,0,-1,1,1,-1,-1,1,-1,1,-1,1,-1,1,0,0,1,-1,0,0,-1,1,-1,1,-1,1,-1,1,-1,1,0,0,-1,1,-1,1,0,0,-1,1,-1,1,1,-1,0,0,-1,1,-1,1,-1,1,-1,1,-1,1,-1,1,1,-1,-1,1,-1,1,0,0,-1,1,-1,1
2022-12-13 08:30:00,Inflation Rate MoM,schedule,1.1010866745452974,0.047941634667536315,0.17097501028061313,74.0,YM,tp,-193.0,689.439999999995,666.939999999995,0,0,-1,1,1,-1,0,2,1,-1,-1,1,1,-1,1,-1,0,0,-1,1,-1,1,0,0,0,0,1,-1,0,0,1,-1,-1,1,-1,1,0,0,1,-1,0,0,0,0,1,-1,1,-1,0,0,0,-1,0,0,0,0,-1,1,1,-1,1,-1,1,-1,0,0,1,-1,1,-1,-1,1,-1,1,-1,1,1,-1,1,-1,0,0,1,-1,-1,1,1,-1,-1,1,-1,1,0,0,-1,1,-1,1,1,-1,0,0,1,-1,1,-1,-1,1,-1,1,1,-1,-1,1,-1,1,0,0,-1,1,-1,1,0,0,0,0,0,0,1,-1,0,0,0,0,0,0,0,2,-1,1,0,0,0,0,1,-1,-1,1,-1,1,-1,1,-1,1,-1,1,1,-1,1,-1,1,-1,0,0,0,0,1,-1,0,0,-1,1,1,0,1,-1,1,-1,0,0,-1,1,1,-1,1,-1,-1,1,-1,1,0,0,0,0,0,0,0,0,-1,1,1,-1,1,-1,1,-1,1,-1,1,-1,1,-1,0,0,1,-1,1,-1,1,-1,1,-1,1,-1,0,0,1,-1,1,-1,0,0,0,0,0,0,1,-1,-1,1,-1,1,1,-1,-1,1,-1,1,-1,1,0,0,1,-1,0,0,1,-1,0,0,0,0,-1,1,-1,1,1,-1,-1,1,1,-1,-1,1,0,0,-1,1,0,0,0,0,0,0,-1,1,1,-1,1,-1,0,0,-1,1,-1,1,0,0,1,-1,1,-1,1,-1,0,0,-1,1,1,-1,1,-1,-1,1,-1,1,1,-1,-1,1,0,0,-1,1,0,0,0,0,1,-1
2022-12-14 14:00:00,Fed Interest Rate Decision,schedule,0.4102030794118497,0.10921522609040663,0.11329903457511256,54.0,YM,stopped_post,1.0,-173.12999999998283,-195.62999999998283,0,0,-1,1,1,-1,0,2,0,0,1,-1,1,-1,1,-1,0,0,1,-1,1,-1,0,0,0,2,-1,1,0,0,-1,1,-1,1,1,-1,0,0,-1,1,1,-1,0,0,-1,1,1,-1,0,2,0,-1,0,1,0,0,1,-1,1,-1,-1,1,1,-1,0,0,-1,1,0,0,-1,1,-1,1,1,-1,-1,1,-1,1,0,0,-1,1,-1,1,-1,1,-1,1,1,-1,-1,1,0,0,-1,1,-1,1,0,0,0,0,-1,1,-1,1,-1,1,1,-1,1,-1,1,-1,1,-1,-1,1,0,0,0,0,0,0,0,0,0,0,0,0,0,0,0,0,0,0,1,-1,1,-1,-1,1,1,-1,1,-1,-1,1,-1,1,-1,1,-1,1,-1,1,-1,1,1,-1,0,0,0,2,-1,1,-1,1,-1,1,-1,0,-1,1,-1,1,0,0,-1,1,-1,1,-1,1,1,-1,1,-1,0,0,0,0,0,0,0,0,-1,1,0,0,-1,1,0,0,1,-1,1,-1,-1,1,0,0,-1,1,-1,1,1,-1,1,-1,-1,1,1,-1,-1,1,-1,1,0,0,0,0,0,0,-1,1,1,-1,1,-1,-1,1,-1,1,1,-1,1,-1,0,0,-1,1,1,-1,1,-1,0,0,0,0,-1,1,-1,1,1,-1,-1,1,-1,1,-1,1,0,0,1,-1,0,0,0,0,0,0,-1,1,-1,1,-1,1,0,0,1,-1,1,-1,0,0,-1,1,1,-1,1,-1,0,0,-1,1,-1,1,1,-1,0,0,1,-1,-1,1,-1,1,0,0,1,-1,0,0,0,0,-1,1
2022-12-15 08:30:00,Retail Sales MoM,tv,0.08262999468807176,0.03476144955244634,0.029239433048644205,79.0,YM,stopped_post,8.0,-170.0,-192.5,0,0,-1,1,1,-1,-1,0,-1,1,1,-1,-1,1,-1,1,-1,1,-1,1,1,-1,0,0,0,0,-1,1,0,0,-1,1,-1,1,1,-1,0,0,0,0,0,0,0,0,-1,1,1,-1,0,0,0,-1,0,1,0,0,0,0,-1,1,-1,1,-1,1,0,0,-1,1,-1,1,-1,1,0,0,-1,1,1,-1,-1,1,0,2,-1,1,-1,1,-1,1,-1,1,-1,1,-1,1,0,0,0,0,-1,1,-1,1,-1,1,-1,1,1,-1,-1,1,-1,1,1,-1,-1,1,0,0,-1,1,1,-1,0,0,0,0,-1,1,-1,1,0,0,0,0,0,0,0,0,-1,1,-1,1,-1,1,0,0,1,-1,-1,1,-1,1,-1,1,-1,1,-1,1,-1,1,1,-1,0,2,0,0,-1,1,0,0,-1,1,-1,0,-1,1,-1,1,0,2,-1,1,1,-1,-1,1,-1,1,-1,1,0,0,0,0,0,0,0,0,-1,1,-1,1,-1,1,-1,1,-1,1,-1,1,-1,1,0,0,-1,1,-1,1,-1,1,-1,1,-1,1,-1,1,1,-1,-1,1,0,0,0,0,0,0,-1,1,-1,1,-1,1,-1,1,1,-1,-1,1,1,-1,-1,1,-1,1,-1,1,1,-1,0,0,0,0,-1,1,-1,1,-1,1,-1,1,-1,1,-1,1,0,0,1,-1,0,0,0,0,-1,1,1,-1,-1,1,-1,1,0,0,-1,1,-1,1,0,0,1,-1,-1,1,-1,1,0,0,1,-1,-1,1,-1,1,-1,1,-1,1,1,-1,-1,1,-1,1,-1,1,0,0,0,0,-1,1
2023-01-06 08:30:00,Non Farm Payrolls,schedule,0.4536656181950157,0.133333109034843,0.1620245539231614,84.0,YM,stopped_pre,-20.0,-165.33500000001368,-187.83500000001368,0,0,1,-1,-1,1,0,2,-1,1,1,-1,-1,1,-1,1,0,0,-1,1,-1,1,0,0,0,0,-1,1,0,0,-1,1,1,-1,1,-1,0,0,0,0,0,0,0,0,-1,1,-1,1,0,0,0,-1,0,1,0,0,0,0,-1,1,-1,1,-1,1,0,0,-1,1,-1,1,-1,1,0,0,-1,1,-1,1,-1,1,0,0,-1,1,-1,1,-1,1,-1,1,-1,1,-1,1,0,0,0,0,-1,1,-1,1,-1,1,-1,1,1,-1,-1,1,-1,1,1,-1,1,-1,0,0,-1,1,1,-1,0,0,0,0,-1,1,-1,1,0,0,0,0,0,0,0,0,-1,1,-1,1,-1,1,1,-1,1,-1,-1,1,1,-1,-1,1,-1,1,1,-1,-1,1,-1,1,0,0,0,0,-1,1,0,0,-1,1,-1,0,-1,1,-1,1,0,0,-1,1,-1,1,-1,1,-1,1,-1,1,0,0,0,0,0,0,0,0,-1,1,0,0,-1,1,0,0,-1,1,-1,1,-1,1,0,0,1,-1,1,-1,-1,1,-1,1,-1,1,-1,1,-1,1,-1,1,0,0,0,0,0,0,-1,1,-1,1,-1,1,-1,1,1,-1,-1,1,1,-1,-1,1,-1,1,-1,1,-1,1,0,0,0,0,1,-1,-1,1,-1,1,1,-1,-1,1,1,-1,0,0,1,-1,0,0,0,0,-1,1,1,-1,-1,1,-1,1,0,0,-1,1,-1,1,0,0,-1,1,-1,1,1,-1,0,0,1,-1,-1,1,-1,1,-1,1,-1,1,-1,1,-1,1,-1,1,-1,1,0,0,0,0,-1,1
2023-01-12 08:30:00,Inflation Rate MoM,schedule,0.24646440936564756,0.04973474801061008,0.18186394186567867,75.0,YM,stopped_pre,-2.0,-171.17999999998574,-193.67999999998574,0,0,-1,1,1,-1,1,0,1,-1,1,-1,1,-1,1,-1,1,-1,1,-1,1,-1,0,0,0,0,1,-1,0,0,1,-1,1,-1,1,-1,0,0,0,0,0,0,1,-1,1,-1,1,-1,0,0,0,-1,0,-1,0,0,0,0,1,-1,1,-1,-1,1,0,0,1,-1,1,-1,1,-1,1,-1,1,-1,-1,1,1,-1,0,2,1,-1,1,-1,1,-1,1,-1,1,-1,1,-1,1,-1,1,-1,1,-1,1,-1,1,-1,1,-1,1,-1,1,-1,1,-1,1,-1,1,-1,1,-1,1,-1,1,-1,0,0,0,0,0,0,1,-1,0,0,0,0,1,-1,0,2,1,-1,1,-1,1,-1,0,0,1,-1,1,-1,1,-1,-1,1,1,-1,1,-1,1,-1,-1,1,0,2,0,0,1,-1,0,0,1,-1,1,0,1,-1,1,-1,0,0,1,-1,1,-1,1,-1,1,-1,1,-1,0,0,0,0,0,0,0,0,1,-1,1,-1,1,-1,1,-1,1,-1,1,-1,1,-1,0,0,1,-1,1,-1,1,-1,1,-1,1,-1,1,-1,-1,1,1,-1,0,0,0,0,0,0,1,-1,1,-1,1,-1,-1,1,1,-1,1,-1,-1,1,1,-1,1,-1,1,-1,-1,1,0,2,0,0,1,-1,-1,1,1,-1,1,-1,1,-1,1,-1,0,0,1,-1,0,0,1,-1,1,-1,-1,1,1,-1,1,-1,0,0,1,-1,1,-1,0,2,1,-1,1,-1,1,-1,0,0,-1,1,1,-1,1,-1,1,-1,1,-1,-1,1,-1,1,1,-1,1,-1,0,0,1,-1,1,-1
2023-01-18 08:30:00,Retail Sales MoM,tv,0.16734190593623394,0.035757072375047085,0.03170121740116946,80.0,YM,stopped_post,224.0,-170.1800000000003,-192.6800000000003,0,2,-1,1,-1,1,-1,0,-1,1,-1,1,1,-1,-1,1,-1,1,-1,1,-1,1,0,0,0,2,-1,1,0,0,-1,1,-1,1,-1,1,0,-1,1,-1,0,0,-1,1,-1,1,-1,1,0,0,0,1,0,1,0,0,-1,1,-1,1,-1,1,1,-1,0,0,-1,1,-1,1,-1,1,-1,1,-1,1,1,-1,-1,1,0,2,-1,1,-1,1,-1,1,-1,1,-1,1,-1,1,-1,1,-1,1,-1,1,-1,1,-1,1,-1,1,-1,1,-1,1,-1,1,-1,1,-1,1,-1,1,-1,1,-1,1,0,0,0,0,-1,1,-1,1,0,0,0,0,-1,1,0,0,-1,1,-1,1,-1,1,1,-1,-1,1,-1,1,-1,1,-1,1,-1,1,1,-1,-1,1,1,-1,0,2,0,0,-1,1,-1,1,-1,1,-1,0,-1,1,-1,1,0,0,-1,1,-1,1,-1,1,-1,1,-1,1,1,-1,0,0,0,0,0,0,-1,1,0,0,-1,1,0,0,-1,1,-1,1,-1,1,0,0,-1,1,-1,1,1,-1,-1,1,-1,1,0,0,1,-1,-1,1,0,0,0,0,0,0,-1,1,1,-1,1,-1,-1,1,-1,1,-1,1,1,-1,-1,1,-1,1,0,0,1,-1,0,2,0,0,1,-1,1,-1,1,-1,-1,1,-1,1,-1,1,0,0,1,-1,0,0,-1,1,-1,1,1,-1,-1,1,-1,1,0,0,-1,1,-1,1,0,0,-1,1,-1,1,1,-1,0,0,1,-1,-1,1,1,-1,-1,1,-1,1,-1,1,1,-1,-1,1,-1,1,0,0,-1,1,1,-1
2023-02-01 14:00:00,Fed Interest Rate Decision,schedule,0.18029734283096385,0.11000265523650572,0.11878091877887559,55.0,YM,stopped_post,2.0,-169.18499999999767,-191.68499999999767,0,0,1,-1,-1,1,0,2,-1,1,1,-1,-1,1,-1,1,-1,1,-1,1,1,-1,0,0,0,0,-1,1,0,0,1,-1,1,-1,1,-1,0,0,-1,1,0,0,0,0,1,-1,1,-1,0,0,0,-1,0,-1,0,0,1,-1,-1,1,-1,1,-1,1,0,0,-1,1,-1,1,1,-1,0,0,-1,1,-1,1,1,-1,0,2,1,-1,1,-1,-1,1,1,-1,-1,1,0,0,1,-1,1,-1,-1,1,1,-1,-1,1,-1,1,1,-1,1,-1,1,-1,1,-1,1,-1,0,0,1,-1,0,0,0,0,0,0,0,0,0,0,0,0,0,0,0,0,0,2,1,-1,1,-1,-1,1,-1,1,1,-1,1,-1,1,-1,1,-1,1,-1,1,-1,-1,1,-1,1,0,0,0,0,-1,1,0,0,1,-1,1,0,1,-1,-1,1,0,0,1,-1,-1,1,1,-1,1,-1,-1,1,0,0,0,0,0,0,0,0,1,-1,-1,1,-1,1,0,0,-1,1,-1,1,1,-1,0,0,1,-1,-1,1,-1,1,-1,1,1,-1,1,-1,-1,1,1,-1,0,0,0,0,0,0,1,-1,1,-1,-1,1,-1,1,1,-1,1,-1,1,-1,0,0,-1,1,0,0,1,-1,0,0,0,0,1,-1,1,-1,-1,1,1,-1,-1,1,1,-1,0,0,-1,1,0,0,0,0,0,0,-1,1,-1,1,-1,1,0,0,-1,1,-1,1,0,0,1,-1,1,-1,-1,1,0,0,-1,1,-1,1,-1,1,0,0,-1,1,-1,1,1,-1,0,0,-1,1,0,0,0,0,1,-1
2023-02-03 08:30:00,Non Farm Payrolls,schedule,0.38797284190106696,0.13509963598153638,0.1699172988679428,85.0,YM,stopped_post,1.0,-170.099999999984,-192.599999999984,0,0,-1,1,-1,1,0,2,0,0,-1,1,-1,1,-1,1,0,0,-1,1,-1,1,0,0,0,0,-1,1,0,0,-1,1,-1,1,-1,1,0,-1,1,-1,0,0,-1,1,-1,1,-1,1,0,0,0,1,0,1,0,0,-1,1,-1,1,-1,1,-1,1,0,0,-1,1,-1,1,-1,1,-1,1,-1,1,1,-1,-1,1,0,0,-1,1,-1,1,-1,1,-1,1,-1,1,-1,1,-1,1,-1,1,-1,1,0,0,0,0,-1,1,-1,1,-1,1,1,-1,-1,1,-1,1,-1,1,-1,1,0,0,0,0,0,0,0,0,0,0,0,0,0,0,-1,1,0,2,-1,1,-1,1,0,0,1,-1,-1,1,-1,1,-1,1,-1,1,-1,1,-1,1,-1,1,-1,1,0,2,0,0,-1,1,-1,1,-1,1,-1,0,-1,1,-1,1,0,0,-1,1,-1,1,-1,1,1,-1,-1,1,1,-1,0,0,0,0,0,0,-1,1,0,0,-1,1,0,0,-1,1,-1,1,-1,1,0,0,-1,1,-1,1,-1,1,-1,1,-1,1,0,0,-1,1,-1,1,0,0,0,0,0,0,-1,1,-1,1,1,-1,-1,1,1,-1,-1,1,1,-1,0,0,-1,1,0,0,1,-1,0,2,0,0,1,-1,1,-1,-1,1,-1,1,-1,1,-1,1,0,0,-1,1,0,0,-1,1,0,0,-1,1,-1,1,-1,1,0,0,-1,1,-1,1,0,0,-1,1,-1,1,1,-1,0,0,1,-1,-1,1,-1,1,0,0,-1,1,-1,1,1,-1,0,0,-1,1,0,0,-1,1,1,-1
2023-02-14 08:30:00,Inflation Rate MoM,schedule,0.2766130910784999,0.051543186664883556,0.21811945630148866,76.0,YM,stopped_post,0.0,-171.8249999999898,-194.3249999999898,0,2,1,-1,1,-1,0,2,0,0,1,-1,1,-1,1,-1,0,0,1,-1,1,-1,0,0,0,2,1,-1,0,0,1,-1,1,-1,1,-1,0,1,1,-1,0,0,1,-1,1,-1,1,-1,0,0,0,-1,0,-1,0,0,1,-1,1,-1,-1,1,-1,1,0,0,1,-1,1,-1,1,-1,1,-1,1,-1,-1,1,1,-1,0,0,1,-1,1,-1,1,-1,1,-1,1,-1,1,-1,1,-1,-1,1,1,-1,1,-1,1,-1,1,-1,1,-1,1,-1,1,-1,1,-1,1,-1,1,-1,1,-1,1,-1,0,0,0,0,0,0,1,-1,0,0,0,0,1,-1,0,2,1,-1,1,-1,1,-1,-1,1,1,-1,1,-1,1,-1,1,-1,1,-1,1,-1,1,-1,-1,1,0,2,0,0,1,-1,0,0,1,-1,1,0,1,-1,1,-1,0,0,1,-1,-1,1,1,-1,-1,1,1,-1,0,0,0,0,0,0,0,0,1,-1,0,0,1,-1,1,-1,1,-1,1,-1,1,-1,0,0,1,-1,1,-1,1,-1,1,-1,1,-1,1,-1,-1,1,1,-1,0,0,0,0,0,0,1,-1,-1,1,-1,1,-1,1,1,-1,1,-1,-1,1,1,-1,1,-1,1,-1,-1,1,0,2,0,0,-1,1,1,-1,-1,1,1,-1,1,-1,1,-1,0,0,-1,1,0,0,0,0,1,-1,-1,1,-1,1,1,-1,0,0,1,-1,1,-1,0,0,1,-1,1,-1,1,-1,0,0,-1,1,1,-1,1,-1,1,-1,-1,1,1,-1,1,-1,1,-1,1,-1,0,0,1,-1,-1,1
2023-02-15 08:30:00,Retail Sales MoM,tv,0.10587923884591628,0.03675269519764783,0.03714357062602554,81.0,YM,stopped_post,0.0,-169.94500000000698,-192.44500000000698,0,0,1,-1,-1,1,-1,0,-1,1,-1,1,-1,1,-1,1,-1,1,-1,1,1,-1,0,0,0,2,-1,1,0,0,1,-1,-1,1,-1,1,0,0,1,-1,0,0,-1,1,-1,1,-1,1,0,2,0,1,0,1,0,0,0,0,-1,1,-1,1,-1,1,0,0,-1,1,-1,1,1,-1,0,0,-1,1,1,-1,1,-1,0,0,-1,1,-1,1,1,-1,-1,1,-1,1,0,0,0,0,0,0,-1,1,-1,1,-1,1,-1,1,1,-1,-1,1,-1,1,-1,1,-1,1,0,0,-1,1,0,0,0,0,0,0,0,0,-1,1,0,0,0,0,0,0,0,0,-1,1,-1,1,-1,1,0,0,-1,1,-1,1,-1,1,-1,1,-1,1,1,-1,1,-1,-1,1,0,0,0,0,-1,1,1,-1,-1,1,-1,0,1,-1,-1,1,0,0,-1,1,-1,1,-1,1,1,-1,-1,1,0,0,0,0,0,0,0,0,-1,1,0,0,-1,1,0,0,-1,1,-1,1,1,-1,0,0,-1,1,-1,1,-1,1,-1,1,1,-1,-1,1,1,-1,0,0,0,0,0,0,0,0,1,-1,1,-1,1,-1,-1,1,-1,1,-1,1,1,-1,-1,1,-1,1,-1,1,1,-1,0,0,0,2,-1,1,-1,1,-1,1,-1,1,-1,1,-1,1,0,0,1,-1,0,0,1,-1,-1,1,1,-1,1,-1,-1,1,0,0,-1,1,-1,1,0,2,-1,1,-1,1,-1,1,0,0,1,-1,-1,1,-1,1,-1,1,-1,1,-1,1,-1,1,-1,1,-1,1,0,0,0,0,-1,1
2023-03-10 08:30:00,Non Farm Payrolls,schedule,0.3015137857076249,0.1353477414372272,0.1790752697499353,86.0,YM,stopped_post,1.0,-160.82000000000335,-183.32000000000335,0,0,1,-1,1,-1,-1,0,-1,1,1,-1,1,-1,-1,1,0,0,-1,1,1,-1,0,0,0,2,-1,1,0,0,1,-1,1,-1,1,-1,0,0,1,-1,1,-1,0,0,1,-1,-1,1,0,0,0,-1,0,0,0,2,1,-1,1,-1,1,-1,1,-1,0,0,-1,1,-1,1,1,-1,0,0,1,-1,-1,1,1,-1,0,2,-1,1,1,-1,1,-1,1,-1,-1,1,1,-1,1,-1,1,-1,-1,1,0,0,0,0,-1,1,1,-1,-1,1,-1,1,1,-1,1,-1,0,0,1,-1,0,0,0,0,0,0,0,0,-1,1,0,0,0,0,1,-1,0,2,-1,1,-1,1,-1,1,1,-1,1,-1,1,-1,1,-1,1,-1,1,-1,1,-1,1,-1,1,-1,0,0,0,0,1,-1,0,0,1,-1,1,0,1,-1,-1,1,0,0,1,-1,-1,1,1,-1,-1,1,1,-1,1,-1,0,0,0,0,0,0,1,-1,0,0,-1,1,0,0,-1,1,-1,1,1,-1,0,0,1,-1,0,0,1,-1,1,-1,1,-1,-1,1,-1,1,1,-1,0,0,0,0,0,0,1,-1,1,-1,-1,1,1,-1,1,-1,-1,1,1,-1,0,0,-1,1,0,0,1,-1,0,0,0,2,-1,1,-1,1,-1,1,1,-1,-1,1,1,-1,0,0,0,0,0,0,0,0,0,0,1,-1,-1,1,1,-1,0,0,1,-1,1,-1,0,2,1,-1,-1,1,1,-1,0,0,-1,1,-1,1,1,-1,0,0,1,-1,-1,1,-1,1,0,0,1,-1,0,0,0,0,1,-1
2023-03-14 08:30:00,Inflation Rate MoM,schedule,0.10844306738962044,0.05335162531915704,0.26153875022207373,77.0,YM,stopped_pre,-76.0,-161.5400000000045,-184.0400000000045,0,0,1,-1,1,-1,0,2,1,-1,1,-1,1,-1,1,-1,1,-1,1,-1,-1,1,0,0,0,2,1,-1,0,0,1,-1,1,-1,1,-1,0,0,0,0,0,0,0,0,1,-1,1,-1,0,0,0,-1,0,-1,0,2,0,0,1,-1,1,-1,1,-1,0,0,1,-1,1,-1,1,-1,1,-1,1,-1,1,-1,1,-1,0,0,1,-1,1,-1,1,-1,1,-1,1,-1,0,0,0,0,0,0,1,-1,1,-1,1,-1,1,-1,1,-1,1,-1,1,-1,1,-1,1,-1,1,-1,1,-1,0,0,0,0,0,0,0,0,1,-1,0,0,0,0,1,-1,0,2,1,-1,1,-1,1,-1,-1,1,1,-1,1,-1,1,-1,1,-1,1,-1,1,-1,1,-1,-1,1,0,0,0,0,1,-1,0,0,1,-1,1,0,1,-1,1,-1,0,0,1,-1,1,-1,1,-1,-1,1,1,-1,1,-1,0,0,0,0,0,0,1,-1,0,0,1,-1,0,0,1,-1,1,-1,1,-1,0,0,1,-1,0,0,1,-1,1,-1,1,-1,1,-1,-1,1,1,-1,0,0,0,0,0,0,1,-1,1,-1,-1,1,1,-1,-1,1,1,-1,-1,1,1,-1,1,-1,1,-1,-1,1,0,0,0,0,-1,1,-1,1,-1,1,1,-1,1,-1,1,-1,0,0,-1,1,0,0,0,0,1,-1,-1,1,1,-1,1,-1,0,0,1,-1,-1,1,0,0,1,-1,1,-1,1,-1,0,0,-1,1,1,-1,1,-1,1,-1,1,-1,1,-1,-1,1,1,-1,1,-1,0,0,1,-1,1,-1
2023-03-15 08:30:00,Retail Sales MoM,tv,0.163260180214122,0.036926094647727795,0.04029732911419851,82.0,YM,stopped_post,304.0,-159.24000000000888,-181.74000000000888,0,0,-1,1,1,-1,0,2,1,-1,-1,1,-1,1,1,-1,0,0,1,-1,-1,1,0,0,0,2,1,-1,0,0,-1,1,1,-1,-1,1,0,0,0,0,-1,1,0,0,-1,1,1,-1,0,2,0,-1,0,-1,0,0,-1,1,1,-1,1,-1,1,-1,0,0,1,-1,-1,1,1,-1,0,0,1,-1,1,-1,-1,1,0,0,1,-1,-1,1,1,-1,1,-1,1,-1,0,0,0,0,-1,1,1,-1,0,0,0,0,1,-1,-1,1,1,-1,-1,1,-1,1,1,-1,0,0,-1,1,0,0,0,0,0,0,0,0,0,0,0,0,0,0,0,0,0,2,-1,1,-1,1,1,-1,-1,1,-1,1,1,-1,1,-1,-1,1,1,-1,-1,1,1,-1,-1,1,0,0,0,0,1,-1,0,0,1,-1,1,0,1,-1,1,-1,0,0,1,-1,1,-1,-1,1,-1,1,1,-1,0,0,0,0,0,0,0,0,-1,1,-1,1,-1,1,-1,1,-1,1,-1,1,1,-1,0,0,-1,1,1,-1,-1,1,1,-1,1,-1,0,0,1,-1,-1,1,0,0,0,0,0,0,1,-1,1,-1,-1,1,1,-1,-1,1,1,-1,-1,1,0,0,-1,1,0,0,1,-1,0,0,0,0,-1,1,1,-1,-1,1,-1,1,1,-1,-1,1,0,0,-1,1,0,0,0,0,1,-1,1,-1,1,-1,1,-1,0,0,1,-1,1,-1,0,2,-1,1,-1,1,-1,1,0,0,-1,1,1,-1,-1,1,0,0,1,-1,1,-1,1,-1,1,-1,1,-1,0,0,0,0,1,-1
2023-03-22 14:00:00,Fed Interest Rate Decision,schedule,0.4004769037938308,0.11229414938213252,0.12141105584673517,56.0,YM,tp,45.0,654.1800000000148,631.6800000000148,0,0,-1,1,-1,1,1,0,1,-1,-1,1,-1,1,1,-1,1,-1,1,-1,-1,1,0,0,0,0,1,-1,0,0,1,-1,1,-1,-1,1,0,0,0,0,-1,1,0,0,1,-1,-1,1,0,0,0,-1,0,-1,0,0,-1,1,-1,1,1,-1,1,-1,0,0,1,-1,0,0,1,-1,0,0,1,-1,-1,1,-1,1,0,0,1,-1,1,-1,1,-1,1,-1,1,-1,0,0,0,0,0,0,1,-1,1,-1,1,-1,1,-1,-1,1,1,-1,1,-1,-1,1,1,-1,0,0,-1,1,0,0,0,2,0,0,0,0,1,-1,0,0,0,2,0,0,0,0,1,-1,1,-1,1,-1,0,0,-1,1,1,-1,1,-1,1,-1,1,-1,-1,1,-1,1,1,-1,0,0,0,0,1,-1,-1,1,1,-1,1,0,-1,1,1,-1,0,0,1,-1,1,-1,1,-1,-1,1,1,-1,-1,1,0,0,0,0,0,0,1,-1,0,0,-1,1,0,0,1,-1,-1,1,-1,1,0,0,1,-1,1,-1,1,-1,1,-1,1,-1,0,0,-1,1,1,-1,0,0,0,0,0,0,-1,1,1,-1,-1,1,1,-1,-1,1,1,-1,-1,1,1,-1,1,-1,0,0,-1,1,0,0,0,0,-1,1,1,-1,1,-1,-1,1,1,-1,-1,1,0,0,1,-1,0,0,0,0,1,-1,-1,1,1,-1,1,-1,0,0,1,-1,-1,1,0,2,-1,1,1,-1,1,-1,0,0,1,-1,1,-1,-1,1,1,-1,-1,1,1,-1,1,-1,1,-1,1,-1,0,0,0,0,1,-1
2023-04-07 08:30:00,Non Farm Payrolls,schedule,0.148720999405116,0.135595846892918,0.1790752697499353,87.0,YM,tp,262.0,672.2799999999916,649.7799999999916,0,2,1,-1,1,-1,1,0,-1,1,1,-1,1,-1,-1,1,0,0,-1,1,-1,1,0,0,0,0,-1,1,0,0,1,-1,1,-1,1,-1,0,1,-1,1,0,0,1,-1,1,-1,1,-1,0,0,0,-1,0,-1,0,0,0,0,1,-1,-1,1,-1,1,0,0,1,-1,1,-1,1,-1,0,0,1,-1,-1,1,1,-1,0,0,1,-1,1,-1,1,-1,1,-1,1,-1,1,-1,1,-1,0,0,1,-1,0,0,-1,1,1,-1,1,-1,1,-1,-1,1,1,-1,1,-1,1,-1,1,-1,1,-1,0,0,0,0,0,0,0,0,0,0,0,0,1,-1,0,0,-1,1,-1,1,1,-1,-1,1,1,-1,1,-1,1,-1,-1,1,1,-1,1,-1,1,-1,-1,1,0,0,0,0,1,-1,1,-1,1,-1,1,0,1,-1,1,-1,0,0,1,-1,-1,1,1,-1,-1,1,1,-1,0,0,0,0,0,0,0,0,1,-1,0,0,-1,1,0,0,1,-1,1,-1,1,-1,0,0,1,-1,0,0,1,-1,1,-1,1,-1,0,0,1,-1,1,-1,0,0,0,0,0,0,1,-1,1,-1,-1,1,-1,1,1,-1,-1,1,-1,1,0,0,1,-1,-1,1,-1,1,0,2,0,0,-1,1,-1,1,-1,1,1,-1,1,-1,1,-1,0,0,-1,1,0,0,1,-1,0,0,1,-1,1,-1,1,-1,0,0,1,-1,1,-1,0,2,1,-1,1,-1,1,-1,0,0,-1,1,1,-1,1,-1,0,0,1,-1,1,-1,-1,1,0,0,1,-1,0,0,1,-1,-1,1
2023-04-12 08:30:00,Inflation Rate MoM,schedule,0.4011799410029498,0.05400141675061182,0.26153875022207373,78.0,YM,tp,48.0,678.179999999993,655.679999999993,0,0,1,-1,1,-1,-1,0,-1,1,-1,1,1,-1,-1,1,0,0,-1,1,-1,1,0,0,0,2,-1,1,0,0,1,-1,1,-1,0,0,0,0,1,-1,-1,1,0,0,1,-1,1,-1,0,0,0,-1,0,1,0,0,0,0,1,-1,-1,1,-1,1,0,0,-1,1,1,-1,1,-1,0,0,1,-1,1,-1,1,-1,0,2,-1,1,1,-1,1,-1,-1,1,-1,1,0,0,1,-1,-1,1,-1,1,-1,1,-1,1,1,-1,1,-1,-1,1,-1,1,1,-1,1,-1,-1,1,1,-1,1,-1,0,0,0,0,0,0,-1,1,0,0,0,0,1,-1,0,0,-1,1,-1,1,-1,1,0,0,1,-1,-1,1,1,-1,1,-1,-1,1,1,-1,1,-1,-1,1,0,0,0,2,1,-1,0,0,-1,1,1,0,1,-1,-1,1,0,0,1,-1,1,-1,1,-1,-1,1,1,-1,1,-1,0,0,0,0,0,0,1,-1,0,0,1,-1,0,0,1,-1,1,-1,1,-1,0,0,1,-1,0,0,-1,1,1,-1,1,-1,-1,1,-1,1,1,-1,0,0,0,0,0,0,1,-1,-1,1,-1,1,-1,1,1,-1,-1,1,-1,1,0,0,-1,1,-1,1,-1,1,0,0,0,2,-1,1,1,-1,-1,1,1,-1,-1,1,1,-1,0,0,-1,1,0,0,1,-1,0,0,1,-1,-1,1,1,-1,0,0,1,-1,1,-1,0,2,1,-1,-1,1,-1,1,0,0,1,-1,1,-1,1,-1,0,0,1,-1,-1,1,1,-1,0,0,-1,1,0,0,1,-1,1,-1
2023-04-14 08:30:00,Retail Sales MoM,tv,0.017528483786152498,0.03709949409780776,0.0456008353729187,83.0,YM,stopped_post,246.0,-171.18500000000495,-193.68500000000495,0,0,-1,1,-1,1,0,2,1,-1,-1,1,1,-1,1,-1,0,0,1,-1,-1,1,0,0,0,2,1,-1,0,0,-1,1,-1,1,-1,1,0,0,1,-1,0,0,0,0,-1,1,-1,1,0,0,0,-1,0,0,0,0,-1,1,1,-1,1,-1,1,-1,0,0,1,-1,1,-1,-1,1,-1,1,-1,1,1,-1,-1,1,0,2,1,-1,-1,1,-1,1,-1,1,1,-1,-1,1,-1,1,1,-1,1,-1,0,0,1,-1,1,-1,-1,1,1,-1,1,-1,-1,1,-1,1,-1,1,-1,1,-1,1,0,0,0,0,0,0,1,-1,0,0,0,0,-1,1,0,0,1,-1,1,-1,1,-1,0,0,-1,1,-1,1,-1,1,-1,1,-1,1,-1,1,1,-1,-1,1,0,0,0,0,-1,1,0,0,1,-1,-1,0,-1,1,1,-1,0,0,-1,1,1,-1,-1,1,-1,1,-1,1,0,0,0,0,0,0,0,0,-1,1,0,0,1,-1,1,-1,1,-1,1,-1,-1,1,0,0,-1,1,-1,1,1,-1,-1,1,-1,1,1,-1,1,-1,-1,1,0,0,0,0,0,0,-1,1,-1,1,-1,1,1,-1,-1,1,-1,1,1,-1,0,0,1,-1,1,-1,-1,1,0,0,0,0,1,-1,1,-1,1,-1,-1,1,1,-1,-1,1,0,0,1,-1,0,0,0,0,0,0,-1,1,1,-1,-1,1,0,0,-1,1,-1,1,0,0,-1,1,1,-1,1,-1,0,0,1,-1,1,-1,1,-1,0,0,-1,1,1,-1,1,-1,0,0,1,-1,0,0,0,0,-1,1
2023-05-03 14:00:00,Fed Interest Rate Decision,schedule,0.11238945905178788,0.11458564352775931,0.13705139840914324,57.0,YM,stopped_post,3.0,-168.9849999999933,-191.4849999999933,0,0,1,-1,-1,1,0,2,-1,1,1,-1,1,-1,-1,1,-1,1,-1,1,1,-1,0,0,0,2,-1,1,0,0,1,-1,-1,1,0,0,0,0,0,0,0,0,0,0,1,-1,-1,1,0,2,0,-1,0,1,0,0,0,0,-1,1,1,-1,-1,1,0,0,-1,1,-1,1,-1,1,0,0,-1,1,1,-1,1,-1,0,0,-1,1,-1,1,-1,1,-1,1,-1,1,0,0,0,0,0,0,-1,1,-1,1,-1,1,1,-1,1,-1,-1,1,-1,1,1,-1,-1,1,0,0,-1,1,0,0,0,0,0,0,0,0,-1,1,0,0,0,0,0,0,0,0,-1,1,0,0,-1,1,1,-1,1,-1,-1,1,-1,1,-1,1,-1,1,1,-1,-1,1,-1,1,0,0,0,0,-1,1,0,0,-1,1,-1,0,-1,1,-1,1,0,0,-1,1,-1,1,-1,1,1,-1,-1,1,0,0,0,0,0,0,0,0,-1,1,0,0,1,-1,0,0,-1,1,-1,1,-1,1,0,0,1,-1,-1,1,1,-1,-1,1,-1,1,0,0,-1,1,-1,1,0,0,0,0,0,0,-1,1,-1,1,1,-1,1,-1,1,-1,-1,1,1,-1,-1,1,-1,1,0,0,-1,1,0,0,0,2,1,-1,-1,1,-1,1,1,-1,-1,1,1,-1,0,0,1,-1,0,0,0,0,-1,1,-1,1,-1,1,-1,1,0,0,-1,1,-1,1,0,0,1,-1,-1,1,-1,1,0,0,1,-1,-1,1,1,-1,-1,1,-1,1,-1,1,-1,1,-1,1,-1,1,0,0,0,0,-1,1
2023-05-05 08:30:00,Non Farm Payrolls,schedule,0.11087471157591922,0.14101968076863475,0.1790752697499353,88.0,YM,stopped_post,2.0,-166.875,-189.375,0,0,1,-1,1,-1,0,2,-1,1,1,-1,1,-1,1,-1,0,0,-1,1,1,-1,0,0,0,0,1,-1,0,0,1,-1,1,-1,1,-1,0,0,0,0,0,0,1,-1,1,-1,1,-1,0,0,0,-1,0,-1,0,0,1,-1,-1,1,1,-1,-1,1,0,0,-1,1,1,-1,1,-1,0,0,1,-1,1,-1,1,-1,0,0,1,-1,1,-1,1,-1,1,-1,1,-1,1,-1,1,-1,1,-1,1,-1,1,-1,0,0,1,-1,1,-1,1,-1,1,-1,1,-1,1,-1,1,-1,1,-1,1,-1,0,0,0,0,0,0,1,-1,0,0,0,0,1,-1,0,0,1,-1,1,-1,-1,1,1,-1,1,-1,1,-1,1,-1,1,-1,1,-1,1,-1,1,-1,-1,1,0,0,0,2,1,-1,0,0,1,-1,1,0,1,-1,1,-1,0,0,1,-1,-1,1,1,-1,1,-1,1,-1,0,0,0,0,0,0,0,0,1,-1,0,0,1,-1,0,0,1,-1,1,-1,1,-1,0,0,1,-1,0,0,1,-1,1,-1,1,-1,1,-1,1,-1,1,-1,0,0,0,0,0,0,1,-1,1,-1,-1,1,1,-1,1,-1,-1,1,-1,1,0,0,-1,1,1,-1,-1,1,0,0,0,0,-1,1,-1,1,-1,1,1,-1,1,-1,1,-1,0,0,-1,1,0,0,1,-1,0,0,-1,1,-1,1,1,-1,0,0,1,-1,-1,1,0,2,1,-1,1,-1,-1,1,0,0,-1,1,1,-1,1,-1,0,0,1,-1,1,-1,-1,1,0,0,-1,1,0,0,0,0,1,-1
2023-05-10 08:30:00,Inflation Rate MoM,schedule,0.36628945801072066,0.0546512081820666,0.28722904743728184,79.0,YM,tp,45.0,671.5599999999904,649.0599999999904,0,0,-1,1,-1,1,0,2,1,-1,-1,1,-1,1,1,-1,0,0,1,-1,-1,1,0,0,0,2,1,-1,0,0,-1,1,-1,1,-1,1,0,0,1,-1,0,0,-1,1,-1,1,-1,1,0,0,0,1,0,1,0,0,-1,1,1,-1,-1,1,1,-1,0,0,1,-1,-1,1,-1,1,0,0,-1,1,-1,1,-1,1,0,2,-1,1,-1,1,-1,1,-1,1,-1,1,-1,1,-1,1,-1,1,1,-1,0,0,1,-1,-1,1,-1,1,-1,1,1,-1,-1,1,-1,1,0,0,-1,1,-1,1,0,0,0,0,0,0,0,0,0,0,0,0,-1,1,0,0,1,-1,-1,1,1,-1,1,-1,-1,1,-1,1,-1,1,-1,1,-1,1,-1,1,-1,1,1,-1,0,0,0,2,-1,1,0,0,-1,1,-1,0,-1,1,-1,1,0,2,-1,1,1,-1,-1,1,1,-1,-1,1,1,-1,0,0,0,0,0,0,-1,1,-1,1,-1,1,0,0,-1,1,-1,1,-1,1,0,0,-1,1,-1,1,-1,1,-1,1,-1,1,0,0,-1,1,-1,1,0,0,0,0,0,0,-1,1,-1,1,-1,1,-1,1,-1,1,1,-1,1,-1,0,0,1,-1,-1,1,1,-1,0,2,0,0,1,-1,1,-1,1,-1,-1,1,-1,1,-1,1,0,0,1,-1,0,0,-1,1,0,0,-1,1,1,-1,-1,1,0,0,-1,1,1,-1,0,0,-1,1,-1,1,1,-1,0,0,-1,1,-1,1,-1,1,0,0,-1,1,1,-1,1,-1,0,0,1,-1,0,0,0,0,-1,1
2023-05-16 08:30:00,Retail Sales MoM,tv,0.0300147072065312,0.036926094647727795,0.0456008353729187,84.0,YM,stopped_post,15.0,-166.56999999999243,-189.06999999999243,0,0,-1,1,1,-1,0,2,1,-1,-1,1,-1,1,1,-1,0,0,1,-1,-1,1,0,0,0,0,1,-1,0,0,1,-1,1,-1,-1,1,0,0,0,0,0,0,0,0,1,-1,1,-1,0,2,0,-1,0,-1,0,0,0,0,-1,1,-1,1,1,-1,0,0,1,-1,-1,1,1,-1,1,-1,1,-1,-1,1,1,-1,0,0,1,-1,1,-1,1,-1,1,-1,1,-1,1,-1,0,0,1,-1,1,-1,1,-1,1,-1,1,-1,1,-1,1,-1,1,-1,-1,1,1,-1,0,0,1,-1,0,0,0,0,0,0,1,-1,1,-1,0,0,0,0,0,0,0,0,1,-1,1,-1,1,-1,1,-1,-1,1,1,-1,-1,1,1,-1,1,-1,-1,1,1,-1,-1,1,0,0,0,0,1,-1,0,0,1,-1,1,0,1,-1,1,-1,0,0,1,-1,1,-1,1,-1,-1,1,1,-1,0,0,0,0,0,0,0,0,1,-1,0,0,-1,1,0,0,-1,1,-1,1,1,-1,0,0,1,-1,1,-1,-1,1,1,-1,1,-1,0,0,1,-1,1,-1,0,0,0,0,0,0,1,-1,1,-1,-1,1,-1,1,1,-1,1,-1,-1,1,1,-1,1,-1,0,0,-1,1,0,0,0,0,1,-1,-1,1,-1,1,-1,1,1,-1,1,-1,0,0,-1,1,0,0,0,0,1,-1,1,-1,1,-1,1,-1,0,0,1,-1,-1,1,0,2,1,-1,1,-1,1,-1,0,0,-1,1,1,-1,-1,1,0,0,1,-1,1,-1,-1,1,1,-1,-1,1,0,0,0,0,1,-1
2023-06-02 08:30:00,Non Farm Payrolls,schedule,0.09926304707474809,0.135595846892918,0.1790752697499353,89.0,YM,stopped_post,7.0,-166.20999999999185,-188.70999999999185,0,0,1,-1,-1,1,-1,0,-1,1,-1,1,1,-1,-1,1,-1,1,-1,1,-1,1,0,0,0,2,-1,1,0,0,1,-1,-1,1,-1,1,0,0,0,0,0,0,0,0,-1,1,-1,1,0,0,0,-1,0,1,0,0,0,0,-1,1,-1,1,-1,1,0,0,-1,1,1,-1,-1,1,-1,1,-1,1,1,-1,1,-1,0,2,-1,1,-1,1,-1,1,-1,1,-1,1,0,0,-1,1,0,0,-1,1,-1,1,-1,1,-1,1,1,-1,-1,1,-1,1,1,-1,-1,1,0,0,-1,1,1,-1,0,0,0,0,0,0,-1,1,0,0,0,0,0,0,0,0,-1,1,-1,1,-1,1,1,-1,-1,1,-1,1,-1,1,-1,1,-1,1,-1,1,-1,1,-1,1,0,0,0,0,-1,1,0,0,-1,1,-1,0,-1,1,-1,1,0,0,-1,1,-1,1,-1,1,1,-1,-1,1,0,0,0,0,0,0,0,0,-1,1,0,0,1,-1,1,-1,1,-1,1,-1,-1,1,0,0,-1,1,1,-1,-1,1,-1,1,1,-1,-1,1,1,-1,-1,1,0,0,0,0,0,0,-1,1,-1,1,-1,1,1,-1,1,-1,-1,1,1,-1,-1,1,-1,1,-1,1,1,-1,0,0,0,0,1,-1,-1,1,-1,1,-1,1,-1,1,-1,1,0,0,-1,1,0,0,0,0,-1,1,1,-1,-1,1,-1,1,0,0,-1,1,-1,1,0,0,-1,1,-1,1,1,-1,0,0,1,-1,-1,1,1,-1,-1,1,1,-1,-1,1,-1,1,-1,1,-1,1,0,0,-1,1,-1,1
2023-06-13 08:30:00,Inflation Rate MoM,schedule,0.11046832756766184,0.055039870009414786,0.28722904743728184,80.0,YM,stopped_post,1.0,-171.87000000001717,-194.37000000001717,0,0,1,-1,-1,1,0,2,-1,1,-1,1,-1,1,-1,1,0,0,-1,1,-1,1,0,0,0,0,-1,1,0,0,1,-1,-1,1,-1,1,0,0,-1,1,0,0,0,0,1,-1,-1,1,0,0,0,-1,0,1,0,0,0,0,-1,1,-1,1,-1,1,0,0,-1,1,0,0,1,-1,-1,1,-1,1,-1,1,1,-1,0,2,-1,1,-1,1,-1,1,-1,1,-1,1,0,0,0,0,0,0,-1,1,-1,1,-1,1,-1,1,1,-1,-1,1,-1,1,1,-1,-1,1,0,0,-1,1,0,0,0,0,0,0,0,0,-1,1,0,0,0,0,0,0,0,2,-1,1,-1,1,-1,1,1,-1,1,-1,-1,1,-1,1,1,-1,-1,1,1,-1,-1,1,-1,1,0,0,0,0,-1,1,0,0,-1,1,-1,0,-1,1,-1,1,0,2,-1,1,-1,1,-1,1,1,-1,-1,1,-1,1,0,0,0,0,0,0,-1,1,0,0,1,-1,0,0,1,-1,1,-1,-1,1,0,0,-1,1,0,0,-1,1,-1,1,1,-1,-1,1,-1,1,-1,1,0,0,0,0,0,0,1,-1,-1,1,-1,1,-1,1,1,-1,1,-1,1,-1,-1,1,-1,1,-1,1,-1,1,0,0,0,0,1,-1,-1,1,-1,1,1,-1,-1,1,-1,1,0,0,-1,1,0,0,0,0,-1,1,1,-1,-1,1,-1,1,0,0,-1,1,-1,1,0,0,1,-1,-1,1,1,-1,0,0,1,-1,-1,1,-1,1,-1,1,-1,1,-1,1,-1,1,-1,1,-1,1,0,0,0,0,-1,1
2023-06-14 14:00:00,Fed Interest Rate Decision,schedule,0.1717462812563677,0.11348755128977359,0.13705139840914324,58.0,YM,stopped_post,1.0,-171.83499999999185,-194.33499999999185,0,0,1,-1,1,-1,0,2,-1,1,-1,1,-1,1,-1,1,0,0,1,-1,-1,1,0,0,0,2,1,-1,0,0,1,-1,1,-1,1,-1,0,0,0,0,1,-1,0,0,1,-1,1,-1,0,2,0,-1,0,0,0,0,0,0,1,-1,-1,1,0,0,0,0,-1,1,-1,1,1,-1,1,-1,1,-1,-1,1,1,-1,0,0,1,-1,1,-1,1,-1,1,-1,1,-1,0,0,0,0,1,-1,1,-1,0,0,-1,1,1,-1,1,-1,-1,1,-1,1,1,-1,1,-1,0,0,1,-1,1,-1,0,0,0,0,0,0,0,0,0,0,0,0,1,-1,0,0,1,-1,0,0,1,-1,1,-1,1,-1,1,-1,1,-1,1,-1,1,-1,-1,1,1,-1,-1,1,0,0,0,2,1,-1,1,-1,1,-1,1,0,1,-1,1,-1,0,0,1,-1,-1,1,1,-1,1,-1,1,-1,1,-1,0,0,0,0,0,0,1,-1,0,0,-1,1,0,0,-1,1,-1,1,1,-1,0,0,1,-1,-1,1,-1,1,1,-1,1,-1,-1,1,1,-1,1,-1,0,0,0,0,0,0,1,-1,1,-1,-1,1,-1,1,1,-1,1,-1,-1,1,0,0,-1,1,-1,1,1,-1,0,0,0,2,1,-1,1,-1,-1,1,1,-1,-1,1,1,-1,0,0,-1,1,0,0,0,0,0,0,1,-1,1,-1,1,-1,0,2,1,-1,1,-1,0,0,1,-1,-1,1,-1,1,0,0,-1,1,0,0,-1,1,0,0,1,-1,1,-1,1,-1,1,-1,-1,1,0,0,1,-1,1,-1
2023-06-15 08:30:00,Retail Sales MoM,tv,0.005844535359438925,0.03675269519764783,0.044829197958324934,85.0,YM,stopped_post,577.0,-171.0699999999997,-193.5699999999997,0,2,-1,1,-1,1,-1,0,0,0,-1,1,-1,1,-1,1,0,0,-1,1,-1,1,0,0,0,2,-1,1,0,0,-1,1,-1,1,-1,1,0,0,0,0,-1,1,-1,1,-1,1,-1,1,0,0,0,1,0,1,0,0,-1,1,-1,1,-1,1,1,-1,0,0,-1,1,-1,1,-1,1,-1,1,-1,1,1,-1,-1,1,0,2,-1,1,-1,1,-1,1,-1,1,-1,1,-1,1,-1,1,0,0,-1,1,0,0,0,0,-1,1,-1,1,-1,1,-1,1,-1,1,-1,1,-1,1,-1,1,-1,1,0,0,0,0,0,0,0,0,0,0,0,0,-1,1,0,0,-1,1,-1,1,-1,1,0,0,-1,1,-1,1,-1,1,1,-1,-1,1,-1,1,-1,1,1,-1,0,2,0,0,-1,1,-1,1,-1,1,-1,0,-1,1,-1,1,0,2,-1,1,-1,1,-1,1,-1,1,-1,1,0,0,0,0,0,0,0,0,-1,1,0,0,-1,1,0,0,-1,1,-1,1,-1,1,0,0,-1,1,1,-1,-1,1,-1,1,-1,1,0,0,1,-1,-1,1,0,0,0,0,0,0,-1,1,-1,1,1,-1,-1,1,-1,1,1,-1,1,-1,0,0,-1,1,-1,1,1,-1,0,2,0,0,1,-1,1,-1,1,-1,-1,1,-1,1,-1,1,0,0,1,-1,0,0,-1,1,0,0,-1,1,-1,1,-1,1,0,0,-1,1,-1,1,0,0,-1,1,-1,1,-1,1,0,0,1,-1,-1,1,-1,1,0,0,1,-1,-1,1,1,-1,-1,1,-1,1,0,0,-1,1,-1,1
2023-07-07 08:30:00,Non Farm Payrolls,schedule,0.05863039399624766,0.1353477414372272,0.1711825248051539,90.0,YM,stopped_post,706.0,-170.47999999998865,-192.97999999998865,0,0,-1,1,1,-1,-1,0,-1,1,-1,1,-1,1,-1,1,-1,1,-1,1,1,-1,0,0,0,2,-1,1,0,0,-1,1,-1,1,-1,1,0,0,1,-1,1,-1,-1,1,-1,1,1,-1,0,0,0,1,0,1,0,0,0,0,-1,1,-1,1,-1,1,0,0,-1,1,-1,1,-1,1,-1,1,-1,1,1,-1,1,-1,0,0,-1,1,-1,1,-1,1,-1,1,-1,1,0,0,-1,1,-1,1,-1,1,-1,1,-1,1,-1,1,-1,1,-1,1,-1,1,-1,1,-1,1,-1,1,-1,1,-1,1,0,0,0,0,0,0,-1,1,0,0,0,0,0,0,0,0,-1,1,-1,1,-1,1,1,-1,-1,1,-1,1,-1,1,-1,1,-1,1,-1,1,-1,1,-1,1,0,0,0,0,-1,1,-1,1,-1,1,-1,0,-1,1,-1,1,0,0,-1,1,1,-1,-1,1,-1,1,-1,1,0,0,0,0,0,0,0,0,-1,1,0,0,-1,1,0,0,-1,1,-1,1,-1,1,0,0,-1,1,-1,1,-1,1,-1,1,-1,1,-1,1,1,-1,-1,1,0,0,0,0,0,0,-1,1,-1,1,1,-1,-1,1,-1,1,-1,1,1,-1,-1,1,-1,1,-1,1,1,-1,0,0,0,0,-1,1,-1,1,-1,1,-1,1,-1,1,-1,1,0,0,1,-1,0,0,-1,1,-1,1,1,-1,-1,1,-1,1,0,0,-1,1,-1,1,0,0,-1,1,-1,1,1,-1,0,0,1,-1,-1,1,-1,1,-1,1,-1,1,-1,1,-1,1,-1,1,-1,1,0,0,-1,1,-1,1
2023-07-12 08:30:00,Inflation Rate MoM,schedule,0.3651221420499,0.055428531836762975,0.28722904743728184,81.0,YM,tp,60.0,689.9799999999959,667.4799999999959,0,2,-1,1,-1,1,0,2,-1,1,-1,1,1,-1,-1,1,-1,1,-1,1,-1,1,0,0,0,0,-1,1,0,0,-1,1,-1,1,-1,1,0,0,0,0,0,0,-1,1,-1,1,-1,1,0,0,0,1,0,1,0,0,0,0,-1,1,-1,1,-1,1,0,0,-1,1,1,-1,-1,1,-1,1,-1,1,1,-1,-1,1,0,2,-1,1,-1,1,-1,1,-1,1,-1,1,-1,1,0,0,-1,1,-1,1,-1,1,-1,1,-1,1,-1,1,-1,1,-1,1,-1,1,-1,1,-1,1,-1,1,0,0,0,0,0,0,-1,1,-1,1,0,0,0,0,-1,1,0,0,-1,1,-1,1,-1,1,1,-1,-1,1,-1,1,-1,1,1,-1,-1,1,-1,1,-1,1,1,-1,0,2,0,0,-1,1,-1,1,-1,1,-1,0,-1,1,-1,1,0,0,-1,1,-1,1,-1,1,-1,1,-1,1,0,0,0,0,0,0,0,0,-1,1,0,0,1,-1,1,-1,1,-1,1,-1,-1,1,0,0,-1,1,-1,1,1,-1,-1,1,-1,1,0,0,1,-1,-1,1,0,0,0,0,0,0,-1,1,-1,1,-1,1,1,-1,1,-1,-1,1,1,-1,-1,1,-1,1,0,0,1,-1,0,2,0,0,1,-1,1,-1,-1,1,-1,1,-1,1,-1,1,0,0,1,-1,0,0,-1,1,-1,1,1,-1,-1,1,-1,1,0,0,-1,1,-1,1,0,0,1,-1,-1,1,1,-1,0,0,-1,1,-1,1,1,-1,-1,1,1,-1,-1,1,1,-1,-1,1,-1,1,0,0,-1,1,-1,1
2023-07-18 08:30:00,Retail Sales MoM,tv,0.005755230065321861,0.035757072375047085,0.044829197958324934,86.0,YM,timed,900.0,-145.0,-167.5,0,0,1,-1,1,-1,0,2,0,0,1,-1,-1,1,-1,1,0,0,-1,1,1,-1,0,0,0,2,-1,1,0,0,1,-1,1,-1,1,-1,0,0,1,-1,1,-1,0,0,1,-1,1,-1,0,0,0,-1,0,-1,0,0,0,0,1,-1,1,-1,1,-1,0,0,1,-1,1,-1,1,-1,1,-1,1,-1,1,-1,1,-1,0,0,1,-1,1,-1,1,-1,1,-1,1,-1,1,-1,1,-1,1,-1,1,-1,0,0,0,0,-1,1,1,-1,1,-1,-1,1,1,-1,1,-1,0,0,1,-1,1,-1,0,0,0,0,0,0,0,0,0,0,0,0,1,-1,0,2,-1,1,-1,1,1,-1,1,-1,1,-1,1,-1,1,-1,1,-1,1,-1,1,-1,1,-1,-1,1,0,0,0,2,1,-1,1,-1,1,-1,1,0,1,-1,-1,1,0,0,1,-1,-1,1,1,-1,1,-1,1,-1,0,0,0,0,0,0,0,0,1,-1,0,0,-1,1,0,0,1,-1,1,-1,1,-1,0,0,1,-1,0,0,-1,1,1,-1,1,-1,0,0,1,-1,1,-1,0,0,0,0,0,0,1,-1,1,-1,1,-1,1,-1,1,-1,1,-1,-1,1,0,0,1,-1,0,0,-1,1,0,0,0,0,-1,1,-1,1,-1,1,1,-1,1,-1,1,-1,0,0,1,-1,0,0,1,-1,0,0,1,-1,1,-1,1,-1,0,0,-1,1,1,-1,0,2,1,-1,-1,1,1,-1,0,0,-1,1,0,0,-1,1,0,0,1,-1,1,-1,-1,1,0,0,1,-1,0,0,1,-1,1,-1
2023-07-26 14:00:00,Fed Interest Rate Decision,schedule,0.06179601696581557,0.11458564352775931,0.13705139840914324,59.0,YM,timed,900.0,95.0,72.5,0,2,1,-1,1,-1,1,0,1,-1,1,-1,1,-1,1,-1,1,-1,1,-1,1,-1,0,0,0,0,1,-1,0,0,-1,1,1,-1,1,-1,0,0,1,-1,1,-1,1,-1,1,-1,1,-1,0,0,0,-1,0,-1,0,0,1,-1,1,-1,1,-1,-1,1,0,0,1,-1,0,0,1,-1,1,-1,-1,1,-1,1,1,-1,0,2,1,-1,1,-1,1,-1,1,-1,1,-1,1,-1,1,-1,1,-1,1,-1,0,0,0,0,1,-1,1,-1,1,-1,-1,1,-1,1,1,-1,1,-1,1,-1,0,0,0,0,0,0,0,0,0,0,0,0,0,0,1,-1,0,0,1,-1,0,0,1,-1,-1,1,1,-1,1,-1,1,-1,-1,1,1,-1,-1,1,1,-1,-1,1,0,2,0,0,1,-1,1,-1,1,-1,1,0,1,-1,1,-1,0,0,1,-1,1,-1,1,-1,-1,1,1,-1,1,-1,0,0,0,0,0,0,1,-1,0,0,-1,1,0,0,1,-1,1,-1,1,-1,0,0,1,-1,0,0,1,-1,1,-1,1,-1,0,0,1,-1,1,-1,0,0,0,0,0,0,1,-1,1,-1,-1,1,-1,1,-1,1,1,-1,-1,1,0,0,1,-1,0,0,-1,1,0,0,0,0,-1,1,-1,1,1,-1,1,-1,1,-1,1,-1,0,0,1,-1,0,0,1,-1,0,0,1,-1,1,-1,1,-1,0,0,1,-1,1,-1,0,2,1,-1,1,-1,-1,1,0,0,-1,1,1,-1,1,-1,0,0,-1,1,1,-1,-1,1,1,-1,1,-1,0,0,1,-1,1,-1
2023-08-04 08:30:00,Non Farm Payrolls,schedule,0.12176129123601868,0.13509963598153638,0.1711825248051539,91.0,YM,stopped_post,0.0,-176.65000000000873,-199.15000000000873,0,2,1,-1,1,-1,1,0,1,-1,1,-1,-1,1,1,-1,1,-1,1,-1,1,-1,0,0,0,0,1,-1,0,0,1,-1,1,-1,1,-1,0,1,1,-1,0,0,1,-1,1,-1,1,-1,0,0,0,-1,0,-1,0,0,1,-1,1,-1,-1,1,-1,1,0,0,1,-1,-1,1,1,-1,1,-1,1,-1,-1,1,1,-1,0,0,1,-1,1,-1,1,-1,1,-1,1,-1,1,-1,1,-1,1,-1,1,-1,1,-1,1,-1,1,-1,1,-1,1,-1,1,-1,1,-1,1,-1,1,-1,1,-1,1,-1,0,0,0,0,0,0,1,-1,0,0,0,0,1,-1,0,0,1,-1,1,-1,1,-1,1,-1,1,-1,1,-1,1,-1,-1,1,1,-1,1,-1,1,-1,-1,1,0,2,0,0,1,-1,1,-1,1,-1,1,0,1,-1,1,-1,0,0,1,-1,1,-1,1,-1,1,-1,1,-1,-1,1,0,0,0,0,0,0,1,-1,0,0,1,-1,0,0,-1,1,-1,1,1,-1,0,0,1,-1,1,-1,-1,1,1,-1,1,-1,0,0,-1,1,1,-1,0,0,0,0,0,0,1,-1,-1,1,-1,1,-1,1,1,-1,-1,1,-1,1,1,-1,1,-1,0,0,-1,1,0,2,0,0,-1,1,-1,1,1,-1,1,-1,1,-1,1,-1,0,0,-1,1,0,0,1,-1,1,-1,1,-1,1,-1,1,-1,0,0,1,-1,1,-1,0,2,-1,1,1,-1,1,-1,0,0,-1,1,1,-1,-1,1,1,-1,-1,1,-1,1,-1,1,1,-1,1,-1,0,0,1,-1,-1,1
2023-08-10 08:30:00,Inflation Rate MoM,schedule,0.14410443333050776,0.056217055119896206,0.30295025568394773,82.0,YM,stopped_post,299.0,-176.97000000000116,-199.47000000000116,0,0,-1,1,1,-1,0,2,0,0,1,-1,1,-1,1,-1,0,0,1,-1,1,-1,0,0,0,0,1,-1,0,0,-1,1,1,-1,1,-1,0,0,0,0,0,0,0,0,-1,1,1,-1,0,0,0,-1,0,-1,0,0,0,0,-1,1,1,-1,1,-1,0,0,1,-1,1,-1,1,-1,1,-1,1,-1,1,-1,-1,1,0,2,1,-1,1,-1,-1,1,1,-1,1,-1,0,0,1,-1,1,-1,1,-1,1,-1,0,0,1,-1,1,-1,1,-1,1,-1,1,-1,1,-1,0,0,1,-1,1,-1,0,0,0,0,0,0,1,-1,0,0,0,0,0,0,0,0,1,-1,1,-1,1,-1,1,-1,1,-1,1,-1,1,-1,1,-1,1,-1,1,-1,1,-1,-1,1,0,2,0,2,-1,1,1,-1,1,-1,1,0,1,-1,1,-1,0,2,1,-1,1,-1,0,0,1,-1,1,-1,0,0,0,0,0,0,0,0,1,-1,0,0,1,-1,0,0,1,-1,1,-1,1,-1,0,0,1,-1,0,0,1,-1,1,-1,-1,1,1,-1,1,-1,-1,1,0,0,0,0,0,0,-1,1,1,-1,-1,1,1,-1,1,-1,1,-1,1,-1,1,-1,-1,1,0,0,-1,1,0,0,0,0,1,-1,1,-1,1,-1,1,-1,1,-1,1,-1,0,0,1,-1,0,0,1,-1,1,-1,-1,1,1,-1,-1,1,0,0,1,-1,1,-1,0,0,1,-1,1,-1,1,-1,0,0,1,-1,1,-1,1,-1,1,-1,1,-1,1,-1,1,-1,1,-1,1,-1,0,0,1,-1,1,-1
2023-08-15 08:30:00,Retail Sales MoM,tv,0.0854457419538593,0.03476144955244634,0.044829197958324934,87.0,YM,stopped_post,13.0,-175.50500000001193,-198.00500000001193,0,0,-1,1,1,-1,0,2,0,0,1,-1,-1,1,-1,1,0,0,1,-1,1,-1,0,0,0,2,1,-1,0,0,-1,1,1,-1,-1,1,0,0,0,0,0,0,0,0,-1,1,1,-1,0,2,0,-1,0,0,0,0,0,0,1,-1,1,-1,-1,1,0,0,1,-1,-1,1,1,-1,1,-1,-1,1,1,-1,1,-1,0,2,-1,1,1,-1,1,-1,1,-1,1,-1,0,0,0,0,-1,1,1,-1,0,0,-1,1,-1,1,-1,1,-1,1,-1,1,-1,1,1,-1,0,0,1,-1,0,0,0,0,0,0,0,0,-1,1,0,0,0,0,0,0,0,0,1,-1,-1,1,1,-1,0,0,-1,1,1,-1,1,-1,-1,1,1,-1,1,-1,1,-1,1,-1,0,0,0,2,1,-1,0,0,1,-1,1,0,1,-1,1,-1,0,0,1,-1,1,-1,-1,1,-1,1,-1,1,-1,1,0,0,0,0,0,0,1,-1,-1,1,-1,1,-1,1,-1,1,-1,1,1,-1,0,0,-1,1,-1,1,-1,1,1,-1,1,-1,-1,1,-1,1,-1,1,0,0,0,0,0,0,1,-1,-1,1,1,-1,1,-1,-1,1,-1,1,-1,1,0,0,1,-1,-1,1,1,-1,0,0,0,2,1,-1,1,-1,-1,1,-1,1,-1,1,-1,1,0,0,1,-1,0,0,0,0,0,0,1,-1,1,-1,1,-1,0,0,-1,1,1,-1,0,2,1,-1,-1,1,-1,1,0,0,-1,1,1,-1,-1,1,0,0,-1,1,1,-1,1,-1,0,0,1,-1,0,0,0,0,1,-1
2023-09-01 08:30:00,Non Farm Payrolls,schedule,0.0945179584120983,0.133333109034843,0.1569834937909093,92.0,YM,timed,900.0,55.0,32.5,0,0,1,-1,-1,1,0,2,-1,1,1,-1,1,-1,-1,1,0,0,-1,1,1,-1,0,0,0,2,-1,1,0,0,-1,1,1,-1,1,-1,0,0,-1,1,1,-1,0,0,-1,1,1,-1,0,0,0,-1,0,1,0,0,1,-1,-1,1,-1,1,-1,1,0,0,-1,1,0,0,-1,1,0,0,1,-1,-1,1,-1,1,0,0,-1,1,1,-1,-1,1,-1,1,-1,1,0,0,1,-1,-1,1,-1,1,0,0,-1,1,-1,1,1,-1,-1,1,-1,1,1,-1,1,-1,0,0,1,-1,0,0,0,0,0,0,-1,1,-1,1,0,0,0,0,0,0,0,2,-1,1,-1,1,-1,1,1,-1,1,-1,1,-1,1,-1,-1,1,1,-1,1,-1,-1,1,-1,1,0,0,0,0,-1,1,0,0,-1,1,-1,0,-1,1,-1,1,0,0,1,-1,-1,1,0,0,1,-1,1,-1,0,0,0,0,0,0,0,0,1,-1,0,0,1,-1,0,0,-1,1,1,-1,-1,1,0,0,1,-1,-1,1,1,-1,-1,1,-1,1,-1,1,-1,1,-1,1,0,0,0,0,0,0,-1,1,-1,1,-1,1,-1,1,1,-1,1,-1,1,-1,-1,1,-1,1,0,0,1,-1,0,0,0,0,1,-1,-1,1,-1,1,1,-1,-1,1,1,-1,0,0,-1,1,0,0,0,0,-1,1,1,-1,-1,1,-1,1,0,0,1,-1,-1,1,0,0,1,-1,-1,1,1,-1,0,0,1,-1,-1,1,1,-1,-1,1,1,-1,-1,1,-1,1,0,0,-1,1,0,0,0,0,-1,1
2023-09-13 08:30:00,Inflation Rate MoM,schedule,0.1515064890515122,0.057005578403029444,0.30295025568394773,83.0,YM,stopped_post,1.0,-174.8700000000099,-197.3700000000099,0,0,1,-1,-1,1,1,0,1,-1,-1,1,1,-1,1,-1,0,0,1,-1,-1,1,0,0,0,0,1,-1,0,0,1,-1,-1,1,-1,1,0,0,1,-1,0,0,0,0,1,-1,-1,1,0,0,0,-1,0,1,0,0,0,0,-1,1,-1,1,-1,1,0,0,1,-1,0,0,-1,1,0,0,-1,1,1,-1,1,-1,0,0,1,-1,-1,1,-1,1,-1,1,-1,1,0,0,-1,1,-1,1,1,-1,0,0,1,-1,1,-1,-1,1,1,-1,1,-1,-1,1,-1,1,0,0,-1,1,-1,1,0,0,0,0,1,-1,1,-1,0,0,0,0,0,0,0,0,-1,1,1,-1,1,-1,1,-1,-1,1,-1,1,-1,1,1,-1,-1,1,-1,1,-1,1,1,-1,0,0,0,0,1,-1,-1,1,-1,1,-1,0,-1,1,1,-1,0,0,-1,1,-1,1,-1,1,1,-1,-1,1,1,-1,0,0,0,0,0,0,-1,1,0,0,-1,1,0,0,-1,1,-1,1,-1,1,0,0,1,-1,-1,1,-1,1,-1,1,1,-1,1,-1,1,-1,-1,1,0,0,0,0,0,0,1,-1,-1,1,1,-1,-1,1,-1,1,-1,1,-1,1,0,0,1,-1,1,-1,1,-1,0,0,0,0,1,-1,-1,1,1,-1,-1,1,1,-1,-1,1,0,0,1,-1,0,0,-1,1,0,0,-1,1,-1,1,-1,1,0,0,-1,1,-1,1,0,0,-1,1,1,-1,1,-1,0,0,1,-1,-1,1,1,-1,0,0,1,-1,1,-1,-1,1,0,0,-1,1,0,0,0,0,-1,1
2023-09-14 08:30:00,Retail Sales MoM,tv,0.11704587627394444,0.035757072375047085,0.05161230454935303,88.0,YM,stopped_post,30.0,-175.06000000001222,-197.56000000001222,0,0,-1,1,-1,1,0,2,1,-1,-1,1,1,-1,1,-1,1,-1,1,-1,-1,1,0,0,0,0,1,-1,0,0,1,-1,-1,1,-1,1,0,0,1,-1,1,-1,0,0,1,-1,-1,1,0,0,0,-1,0,1,0,0,-1,1,-1,1,-1,1,-1,1,0,0,1,-1,1,-1,-1,1,0,0,-1,1,-1,1,-1,1,0,2,-1,1,-1,1,1,-1,-1,1,1,-1,0,0,-1,1,-1,1,1,-1,0,0,1,-1,-1,1,-1,1,-1,1,1,-1,-1,1,-1,1,0,0,-1,1,-1,1,0,0,0,0,0,0,1,-1,0,0,0,0,0,0,0,0,1,-1,0,0,1,-1,1,-1,-1,1,-1,1,-1,1,1,-1,-1,1,-1,1,1,-1,1,-1,0,0,0,0,1,-1,0,0,1,-1,-1,0,-1,1,1,-1,0,2,-1,1,-1,1,1,-1,1,-1,-1,1,1,-1,0,0,0,0,0,0,-1,1,0,0,-1,1,0,0,1,-1,1,-1,-1,1,0,0,-1,1,-1,1,1,-1,-1,1,-1,1,0,0,1,-1,1,-1,0,0,0,0,0,0,1,-1,-1,1,1,-1,-1,1,-1,1,-1,1,-1,1,0,0,1,-1,1,-1,1,-1,0,0,0,0,-1,1,-1,1,1,-1,-1,1,1,-1,-1,1,0,0,1,-1,0,0,0,0,0,0,-1,1,1,-1,-1,1,0,0,-1,1,-1,1,0,0,-1,1,-1,1,1,-1,0,0,-1,1,-1,1,1,-1,0,0,-1,1,1,-1,-1,1,0,0,-1,1,0,0,0,0,-1,1
2023-09-20 14:00:00,Fed Interest Rate Decision,schedule,0.2341385414882074,0.11348755128977359,0.13705139840914324,60.0,YM,stopped_post,1.0,-175.10999999998603,-197.60999999998603,0,0,1,-1,1,-1,1,0,-1,1,1,-1,1,-1,-1,1,-1,1,-1,1,1,-1,0,0,0,2,-1,1,0,0,1,-1,1,-1,1,-1,0,0,0,0,1,-1,0,0,1,-1,1,-1,0,0,0,-1,0,-1,0,0,1,-1,-1,1,1,-1,-1,1,0,0,-1,1,1,-1,1,-1,0,0,1,-1,1,-1,1,-1,0,2,1,-1,1,-1,1,-1,1,-1,-1,1,1,-1,1,-1,1,-1,-1,1,0,0,-1,1,1,-1,1,-1,1,-1,-1,1,1,-1,1,-1,1,-1,1,-1,1,-1,0,0,0,0,0,0,0,0,0,0,0,0,1,-1,0,0,-1,1,-1,1,-1,1,1,-1,1,-1,1,-1,1,-1,-1,1,1,-1,1,-1,1,-1,-1,1,0,0,0,2,1,-1,1,-1,1,-1,1,0,1,-1,1,-1,0,0,1,-1,1,-1,1,-1,-1,1,1,-1,0,0,0,0,0,0,0,0,1,-1,1,-1,1,-1,1,-1,1,-1,1,-1,1,-1,0,0,1,-1,0,0,1,-1,1,-1,1,-1,0,0,-1,1,1,-1,0,0,0,0,0,0,1,-1,1,-1,-1,1,-1,1,1,-1,-1,1,-1,1,0,0,-1,1,0,0,1,-1,0,2,0,0,-1,1,-1,1,-1,1,1,-1,1,-1,1,-1,0,0,-1,1,0,0,1,-1,0,0,1,-1,1,-1,1,-1,0,0,1,-1,-1,1,0,2,-1,1,1,-1,-1,1,0,0,1,-1,1,-1,1,-1,0,0,1,-1,-1,1,-1,1,0,0,-1,1,0,0,1,-1,1,-1
2023-10-06 08:30:00,Non Farm Payrolls,schedule,0.5519558435325175,0.13156658208814961,0.15262699288657774,93.0,YM,stopped_post,1.0,-166.68000000001484,-189.18000000001484,0,0,-1,1,-1,1,0,2,-1,1,-1,1,1,-1,-1,1,0,0,-1,1,-1,1,0,0,0,2,-1,1,0,0,-1,1,-1,1,-1,1,0,0,0,0,-1,1,0,0,-1,1,-1,1,0,0,0,1,0,1,0,0,0,0,-1,1,-1,1,-1,1,0,0,-1,1,1,-1,-1,1,-1,1,-1,1,-1,1,-1,1,0,0,-1,1,-1,1,-1,1,-1,1,-1,1,0,0,0,0,-1,1,-1,1,-1,1,-1,1,-1,1,1,-1,-1,1,-1,1,1,-1,-1,1,0,0,-1,1,-1,1,0,0,0,0,-1,1,-1,1,0,0,0,0,0,0,0,2,-1,1,-1,1,-1,1,1,-1,-1,1,-1,1,-1,1,-1,1,-1,1,-1,1,-1,1,1,-1,0,0,0,0,-1,1,0,0,-1,1,-1,0,-1,1,-1,1,0,0,-1,1,-1,1,-1,1,-1,1,-1,1,-1,1,0,0,0,0,0,0,-1,1,0,0,1,-1,0,0,1,-1,1,-1,-1,1,0,0,-1,1,0,0,1,-1,-1,1,-1,1,-1,1,1,-1,-1,1,0,0,0,0,0,0,-1,1,-1,1,-1,1,-1,1,1,-1,-1,1,1,-1,-1,1,-1,1,-1,1,1,-1,0,0,0,0,-1,1,-1,1,-1,1,-1,1,-1,1,-1,1,0,0,-1,1,0,0,-1,1,-1,1,1,-1,-1,1,-1,1,0,0,-1,1,-1,1,0,0,-1,1,-1,1,1,-1,0,0,-1,1,-1,1,1,-1,-1,1,-1,1,-1,1,-1,1,-1,1,-1,1,0,0,0,0,-1,1
2023-10-12 08:30:00,Inflation Rate MoM,schedule,0.07908379953721333,0.06721960336080676,0.28722904743728184,84.0,YM,stopped_post,1.0,-170.6750000000102,-193.1750000000102,0,0,-1,1,1,-1,1,0,1,-1,-1,1,1,-1,1,-1,0,0,1,-1,-1,1,0,0,0,0,1,-1,0,0,-1,1,1,-1,-1,1,0,0,0,0,0,0,0,0,1,-1,1,-1,0,0,0,-1,0,-1,0,0,0,0,-1,1,-1,1,1,-1,0,0,1,-1,1,-1,-1,1,0,0,1,-1,-1,1,-1,1,0,2,1,-1,1,-1,-1,1,-1,1,1,-1,0,0,0,0,-1,1,1,-1,1,-1,1,-1,-1,1,-1,1,1,-1,1,-1,1,-1,1,-1,0,0,1,-1,0,0,0,0,0,0,0,0,1,-1,0,0,0,0,0,0,0,0,1,-1,1,-1,-1,1,1,-1,1,-1,1,-1,1,-1,1,-1,1,-1,-1,1,-1,1,-1,1,0,0,0,2,-1,1,-1,1,1,-1,1,0,-1,1,1,-1,0,0,1,-1,1,-1,0,0,-1,1,1,-1,0,0,0,0,0,0,0,0,1,-1,1,-1,1,-1,1,-1,1,-1,1,-1,-1,1,0,0,-1,1,-1,1,1,-1,1,-1,-1,1,1,-1,1,-1,1,-1,0,0,0,0,0,0,-1,1,1,-1,-1,1,-1,1,-1,1,1,-1,1,-1,1,-1,-1,1,1,-1,-1,1,0,0,0,0,1,-1,-1,1,1,-1,1,-1,1,-1,-1,1,0,0,1,-1,0,0,-1,1,1,-1,-1,1,-1,1,-1,1,0,0,1,-1,-1,1,0,0,1,-1,1,-1,-1,1,0,0,1,-1,-1,1,1,-1,1,-1,1,-1,1,-1,-1,1,1,-1,1,-1,0,0,-1,1,1,-1
2023-10-17 08:30:00,Retail Sales MoM,tv,0.08217891523831886,0.03675269519764783,0.05161230454935303,89.0,YM,stopped_post,0.0,-170.35500000001775,-192.85500000001775,0,0,1,-1,-1,1,0,2,1,-1,-1,1,-1,1,1,-1,0,0,-1,1,-1,1,0,0,0,0,1,-1,0,0,1,-1,-1,1,-1,1,0,0,1,-1,0,0,0,0,1,-1,-1,1,0,2,0,-1,0,0,0,0,0,0,-1,1,1,-1,1,-1,0,0,1,-1,0,0,1,-1,1,-1,1,-1,1,-1,1,-1,0,0,-1,1,1,-1,1,-1,1,-1,1,-1,0,0,0,0,-1,1,1,-1,1,-1,0,0,1,-1,1,-1,1,-1,1,-1,-1,1,1,-1,0,0,1,-1,0,0,0,0,0,0,0,0,1,-1,0,0,0,0,0,0,0,2,-1,1,1,-1,1,-1,0,0,-1,1,1,-1,1,-1,1,-1,1,-1,1,-1,1,-1,-1,1,0,0,0,0,1,-1,0,0,1,-1,1,0,1,-1,1,-1,0,0,1,-1,1,-1,1,-1,1,-1,1,-1,0,0,0,0,0,0,0,0,1,-1,0,0,-1,1,0,0,1,-1,-1,1,1,-1,0,0,1,-1,1,-1,-1,1,1,-1,1,-1,1,-1,1,-1,1,-1,0,0,0,0,0,0,1,-1,1,-1,-1,1,1,-1,1,-1,1,-1,-1,1,0,0,1,-1,0,0,1,-1,0,0,0,0,1,-1,1,-1,1,-1,-1,1,1,-1,1,-1,0,0,1,-1,0,0,0,0,0,0,-1,1,1,-1,1,-1,0,0,1,-1,-1,1,0,2,1,-1,1,-1,-1,1,0,0,1,-1,1,-1,-1,1,0,0,1,-1,1,-1,1,-1,0,0,-1,1,0,0,0,0,1,-1
2023-11-01 14:00:00,Fed Interest Rate Decision,schedule,0.13852918147322774,0.11458564352775931,0.1571427196076457,61.0,YM,stopped_post,112.0,-166.05999999999767,-188.55999999999767,0,0,1,-1,1,-1,0,2,1,-1,-1,1,1,-1,1,-1,1,-1,1,-1,1,-1,0,0,0,0,1,-1,0,0,1,-1,1,-1,1,-1,0,0,0,0,0,0,1,-1,1,-1,1,-1,0,0,0,-1,0,-1,0,0,0,0,1,-1,1,-1,1,-1,0,0,1,-1,1,-1,1,-1,1,-1,1,-1,1,-1,1,-1,0,0,1,-1,1,-1,1,-1,1,-1,1,-1,0,0,0,0,0,0,1,-1,1,-1,0,0,1,-1,1,-1,1,-1,1,-1,1,-1,1,-1,0,0,1,-1,1,-1,0,0,0,0,1,-1,1,-1,0,0,0,0,1,-1,0,2,1,-1,1,-1,1,-1,-1,1,1,-1,1,-1,1,-1,1,-1,1,-1,1,-1,1,-1,-1,1,0,0,0,0,1,-1,1,-1,1,-1,1,0,1,-1,1,-1,0,0,1,-1,1,-1,1,-1,1,-1,1,-1,0,0,0,0,0,0,0,0,1,-1,1,-1,1,-1,1,-1,1,-1,1,-1,1,-1,0,0,1,-1,1,-1,1,-1,1,-1,1,-1,0,0,-1,1,1,-1,0,0,0,0,0,0,1,-1,1,-1,1,-1,1,-1,-1,1,1,-1,-1,1,1,-1,1,-1,0,0,-1,1,0,0,0,0,1,-1,1,-1,1,-1,1,-1,1,-1,1,-1,0,0,-1,1,0,0,1,-1,1,-1,-1,1,1,-1,1,-1,0,0,1,-1,1,-1,0,0,1,-1,1,-1,-1,1,0,0,-1,1,1,-1,1,-1,1,-1,-1,1,1,-1,1,-1,1,-1,1,-1,0,0,1,-1,1,-1
2023-11-03 08:30:00,Non Farm Payrolls,schedule,0.24760501105379512,0.133333109034843,0.15262699288657774,94.0,YM,tp,310.0,678.4600000000137,655.9600000000137,0,0,1,-1,-1,1,0,2,0,0,-1,1,-1,1,1,-1,0,0,-1,1,-1,1,0,0,0,0,1,-1,0,0,1,-1,1,-1,1,-1,0,0,1,-1,0,0,1,-1,1,-1,-1,1,0,0,0,-1,0,-1,0,0,0,0,-1,1,1,-1,1,-1,0,0,1,-1,1,-1,1,-1,1,-1,1,-1,-1,1,1,-1,0,2,1,-1,1,-1,1,-1,1,-1,1,-1,0,0,0,0,0,0,1,-1,1,-1,0,0,1,-1,1,-1,1,-1,1,-1,-1,1,1,-1,1,-1,1,-1,1,-1,0,0,0,0,0,0,1,-1,0,0,0,0,0,0,0,2,-1,1,0,0,1,-1,1,-1,1,-1,1,-1,1,-1,1,-1,1,-1,1,-1,1,-1,-1,1,0,0,0,0,1,-1,0,0,1,-1,1,0,1,-1,1,-1,0,0,1,-1,1,-1,1,-1,-1,1,1,-1,-1,1,0,0,0,0,0,0,1,-1,0,0,1,-1,0,0,1,-1,1,-1,1,-1,0,0,1,-1,0,0,1,-1,1,-1,1,-1,1,-1,1,-1,1,-1,0,0,0,0,0,0,1,-1,1,-1,-1,1,1,-1,1,-1,1,-1,-1,1,0,0,1,-1,1,-1,-1,1,0,0,0,0,1,-1,1,-1,-1,1,1,-1,1,-1,1,-1,0,0,-1,1,0,0,1,-1,0,0,-1,1,1,-1,1,-1,0,0,1,-1,-1,1,0,2,-1,1,1,-1,1,-1,0,0,1,-1,1,-1,-1,1,0,0,-1,1,1,-1,1,-1,0,0,1,-1,0,0,1,-1,1,-1
2023-11-14 08:30:00,Inflation Rate MoM,schedule,0.6453113191093541,0.07743362831858407,0.28722904743728184,85.0,YM,stopped_post,1.0,-172.04000000001543,-194.54000000001543,0,0,-1,1,-1,1,1,0,1,-1,-1,1,1,-1,1,-1,1,-1,1,-1,-1,1,0,0,0,2,1,-1,0,0,1,-1,-1,1,-1,1,0,0,0,0,-1,1,0,0,1,-1,-1,1,0,0,0,-1,0,-1,0,0,-1,1,1,-1,1,-1,1,-1,0,0,1,-1,1,-1,1,-1,0,0,1,-1,1,-1,-1,1,0,0,1,-1,-1,1,1,-1,1,-1,1,-1,0,0,-1,1,-1,1,1,-1,1,-1,1,-1,1,-1,-1,1,1,-1,1,-1,-1,1,-1,1,0,0,-1,1,0,0,0,0,0,0,0,0,1,-1,0,0,0,0,0,0,0,0,1,-1,1,-1,1,-1,1,-1,-1,1,1,-1,1,-1,1,-1,1,-1,-1,1,1,-1,1,-1,0,0,0,0,1,-1,0,0,1,-1,1,0,-1,1,1,-1,0,0,1,-1,1,-1,1,-1,1,-1,-1,1,1,-1,0,0,0,0,0,0,-1,1,0,0,1,-1,0,0,1,-1,1,-1,-1,1,0,0,-1,1,-1,1,-1,1,1,-1,1,-1,1,-1,-1,1,1,-1,0,0,0,0,0,0,-1,1,1,-1,-1,1,1,-1,-1,1,1,-1,-1,1,1,-1,1,-1,0,0,1,-1,0,0,0,0,1,-1,-1,1,1,-1,-1,1,1,-1,-1,1,0,0,1,-1,0,0,0,0,1,-1,-1,1,1,-1,1,-1,0,0,1,-1,1,-1,0,2,-1,1,1,-1,1,-1,0,0,1,-1,1,-1,1,-1,1,-1,-1,1,1,-1,-1,1,0,0,1,-1,0,0,0,0,1,-1
2023-11-15 08:30:00,Retail Sales MoM,tv,0.05428416330961973,0.036926094647727795,0.06530341684138169,90.0,YM,stopped_post,227.0,-175.00499999998283,-197.50499999998283,0,0,-1,1,-1,1,0,2,1,-1,-1,1,1,-1,-1,1,0,0,-1,1,1,-1,0,0,0,0,-1,1,0,0,-1,1,-1,1,-1,1,0,0,0,0,-1,1,-1,1,-1,1,-1,1,0,2,0,1,0,0,0,0,0,0,-1,1,-1,1,1,-1,0,0,-1,1,1,-1,-1,1,-1,1,-1,1,-1,1,-1,1,0,0,-1,1,-1,1,-1,1,-1,1,-1,1,0,0,-1,1,-1,1,-1,1,0,0,0,0,1,-1,-1,1,-1,1,1,-1,-1,1,-1,1,-1,1,-1,1,-1,1,0,0,0,0,0,0,0,0,0,0,0,0,-1,1,0,2,-1,1,-1,1,1,-1,1,-1,-1,1,-1,1,-1,1,-1,1,-1,1,-1,1,-1,1,-1,1,0,0,0,2,-1,1,-1,1,-1,1,-1,0,-1,1,-1,1,0,0,-1,1,-1,1,-1,1,1,-1,-1,1,1,-1,0,0,0,0,0,0,-1,1,0,0,1,-1,1,-1,1,-1,1,-1,-1,1,0,0,-1,1,0,0,1,-1,-1,1,-1,1,0,0,-1,1,-1,1,0,0,0,0,0,0,-1,1,-1,1,1,-1,-1,1,-1,1,-1,1,1,-1,0,0,-1,1,0,0,-1,1,0,0,0,0,1,-1,-1,1,-1,1,-1,1,1,-1,-1,1,0,0,1,-1,0,0,-1,1,0,0,-1,1,-1,1,-1,1,0,0,-1,1,-1,1,0,0,-1,1,-1,1,1,-1,0,0,-1,1,-1,1,1,-1,-1,1,-1,1,-1,1,-1,1,0,0,-1,1,0,0,-1,1,-1,1
2023-12-08 08:30:00,Non Farm Payrolls,schedule,0.11630805017861594,0.13509963598153638,0.190065806567908,95.0,YM,stopped_post,1.0,-180.58000000000902,-203.08000000000902,0,2,1,-1,1,-1,1,0,-1,1,1,-1,-1,1,1,-1,0,0,1,-1,1,-1,0,0,0,0,1,-1,0,0,1,-1,1,-1,1,-1,0,1,0,0,-1,1,1,-1,1,-1,1,-1,0,0,0,-1,0,-1,0,0,1,-1,1,-1,-1,1,-1,1,0,0,1,-1,0,0,1,-1,1,-1,1,-1,-1,1,1,-1,0,0,1,-1,1,-1,1,-1,1,-1,1,-1,1,-1,1,-1,0,0,1,-1,0,0,-1,1,1,-1,1,-1,1,-1,-1,1,1,-1,1,-1,1,-1,1,-1,1,-1,0,0,0,0,0,0,0,0,0,0,0,0,1,-1,0,2,1,-1,0,0,1,-1,1,-1,1,-1,1,-1,1,-1,-1,1,1,-1,1,-1,1,-1,1,-1,0,2,0,0,1,-1,1,-1,1,-1,1,0,1,-1,1,-1,0,0,1,-1,-1,1,1,-1,1,-1,1,-1,0,0,0,0,0,0,0,0,-1,1,-1,1,-1,1,0,0,-1,1,-1,1,1,-1,0,0,1,-1,0,0,-1,1,1,-1,1,-1,0,0,1,-1,1,-1,0,0,0,0,0,0,1,-1,1,-1,-1,1,-1,1,1,-1,-1,1,-1,1,0,0,1,-1,0,0,-1,1,0,2,0,0,-1,1,-1,1,-1,1,1,-1,1,-1,1,-1,0,0,-1,1,0,0,1,-1,0,0,1,-1,1,-1,1,-1,0,0,1,-1,1,-1,0,2,-1,1,1,-1,1,-1,0,0,-1,1,1,-1,-1,1,0,0,1,-1,1,-1,-1,1,0,0,1,-1,0,0,1,-1,-1,1
2023-12-12 08:30:00,Inflation Rate MoM,schedule,0.04061408496466575,0.0782587139278987,0.3314835729229819,86.0,YM,stopped_post,3.0,-184.58999999998923,-207.08999999998923,0,2,1,-1,1,-1,1,0,1,-1,1,-1,1,-1,1,-1,1,-1,1,-1,1,-1,0,0,0,2,1,-1,0,0,1,-1,1,-1,1,-1,0,0,0,0,0,0,1,-1,1,-1,1,-1,0,0,0,-1,0,-1,0,0,1,-1,1,-1,-1,1,-1,1,0,0,1,-1,1,-1,1,-1,1,-1,1,-1,-1,1,1,-1,0,0,1,-1,1,-1,1,-1,1,-1,1,-1,1,-1,0,0,0,0,1,-1,1,-1,1,-1,1,-1,1,-1,1,-1,1,-1,-1,1,1,-1,1,-1,1,-1,1,-1,0,0,0,0,0,0,1,-1,0,0,0,0,1,-1,0,0,1,-1,1,-1,1,-1,0,0,1,-1,1,-1,1,-1,-1,1,1,-1,1,-1,1,-1,-1,1,0,2,0,0,1,-1,1,-1,1,-1,1,0,1,-1,1,-1,0,0,1,-1,-1,1,1,-1,1,-1,1,-1,0,0,0,2,0,0,0,0,1,-1,1,-1,1,-1,1,-1,1,-1,1,-1,1,-1,0,0,1,-1,-1,1,1,-1,1,-1,1,-1,1,-1,-1,1,1,-1,0,0,0,0,0,0,1,-1,-1,1,-1,1,-1,1,1,-1,-1,1,-1,1,1,-1,1,-1,1,-1,-1,1,0,2,0,0,-1,1,-1,1,-1,1,1,-1,1,-1,1,-1,0,0,-1,1,0,0,1,-1,1,-1,-1,1,1,-1,1,-1,0,0,1,-1,1,-1,0,2,1,-1,1,-1,1,-1,0,0,-1,1,1,-1,1,-1,1,-1,-1,1,-1,1,-1,1,1,-1,1,-1,0,0,1,-1,1,-1
2023-12-13 14:00:00,Fed Interest Rate Decision,schedule,0.2514940912409746,0.11516901703312979,0.1571427196076457,62.0,YM,tp,127.0,739.6800000000076,717.1800000000076,0,2,1,-1,1,-1,0,2,1,-1,1,-1,1,-1,1,-1,1,-1,1,-1,1,-1,0,0,0,0,1,-1,0,0,1,-1,1,-1,1,-1,0,1,1,-1,0,0,1,-1,1,-1,1,-1,0,0,0,-1,0,-1,0,0,1,-1,1,-1,1,-1,-1,1,0,0,1,-1,1,-1,1,-1,1,-1,1,-1,-1,1,1,-1,0,0,1,-1,1,-1,1,-1,1,-1,1,-1,1,-1,1,-1,1,-1,1,-1,1,-1,1,-1,1,-1,1,-1,1,-1,1,-1,1,-1,1,-1,1,-1,1,-1,1,-1,0,0,0,0,1,-1,1,-1,0,0,0,0,1,-1,0,2,1,-1,1,-1,1,-1,-1,1,1,-1,1,-1,1,-1,-1,1,1,-1,1,-1,1,-1,-1,1,0,2,0,0,1,-1,1,-1,1,-1,1,0,1,-1,1,-1,0,0,1,-1,1,-1,1,-1,1,-1,1,-1,-1,1,0,0,0,0,0,0,1,-1,0,0,1,-1,0,0,1,-1,1,-1,1,-1,0,0,1,-1,1,-1,-1,1,1,-1,1,-1,1,-1,-1,1,1,-1,0,2,0,0,0,0,1,-1,-1,1,-1,1,1,-1,1,-1,-1,1,-1,1,1,-1,1,-1,0,0,-1,1,0,2,0,0,-1,1,-1,1,-1,1,1,-1,1,-1,1,-1,-1,1,-1,1,-1,1,1,-1,1,-1,1,-1,1,-1,1,-1,0,0,1,-1,1,-1,0,2,1,-1,1,-1,1,-1,0,0,1,-1,1,-1,1,-1,1,-1,-1,1,1,-1,-1,1,1,-1,1,-1,0,0,1,-1,-1,1
2023-12-14 08:30:00,Retail Sales MoM,tv,0.03724295709079301,0.03709949409780776,0.06589954605536108,91.0,YM,timed,900.0,365.0,342.5,0,0,1,-1,-1,1,-1,0,-1,1,1,-1,-1,1,-1,1,-1,1,-1,1,1,-1,0,0,0,0,-1,1,0,0,-1,1,-1,1,1,-1,0,0,-1,1,-1,1,0,0,-1,1,-1,1,0,0,0,-1,0,0,0,0,0,0,-1,1,-1,1,-1,1,0,0,-1,1,1,-1,-1,1,0,0,-1,1,-1,1,1,-1,0,2,-1,1,-1,1,-1,1,1,-1,-1,1,0,0,0,0,1,-1,-1,1,-1,1,-1,1,1,-1,1,-1,-1,1,-1,1,1,-1,-1,1,0,0,-1,1,1,-1,0,0,0,0,0,0,-1,1,0,0,0,0,1,-1,0,0,-1,1,-1,1,-1,1,1,-1,1,-1,-1,1,-1,1,-1,1,-1,1,1,-1,1,-1,1,-1,0,0,0,0,-1,1,1,-1,-1,1,-1,0,1,-1,-1,1,0,2,-1,1,-1,1,-1,1,1,-1,-1,1,-1,1,0,0,0,0,0,0,-1,1,0,0,1,-1,0,0,1,-1,1,-1,1,-1,0,0,-1,1,1,-1,-1,1,-1,1,1,-1,-1,1,1,-1,-1,1,0,0,0,0,0,0,1,-1,-1,1,1,-1,-1,1,-1,1,-1,1,1,-1,-1,1,-1,1,0,0,-1,1,0,0,0,2,1,-1,1,-1,-1,1,-1,1,-1,1,1,-1,0,0,-1,1,0,0,0,0,-1,1,1,-1,-1,1,1,-1,0,2,-1,1,-1,1,0,0,-1,1,-1,1,-1,1,0,0,1,-1,-1,1,-1,1,-1,1,-1,1,-1,1,1,-1,-1,1,-1,1,0,0,0,0,-1,1
2024-01-05 08:30:00,Non Farm Payrolls,schedule,0.19128586609989373,0.133333109034843,0.190065806567908,96.0,YM,stopped_post,2.0,-188.18500000001222,-210.68500000001222,0,0,-1,1,-1,1,1,0,1,-1,-1,1,-1,1,1,-1,1,-1,1,-1,1,-1,0,0,0,0,1,-1,0,0,-1,1,1,-1,-1,1,0,0,0,0,0,0,0,0,-1,1,-1,1,0,0,0,-1,0,-1,0,0,0,0,1,-1,1,-1,1,-1,0,0,1,-1,-1,1,1,-1,0,0,-1,1,1,-1,-1,1,0,2,1,-1,1,-1,1,-1,1,-1,1,-1,0,0,0,0,1,-1,1,-1,1,-1,1,-1,1,-1,-1,1,1,-1,1,-1,-1,1,1,-1,0,0,1,-1,-1,1,0,0,0,0,0,0,1,-1,0,0,0,0,0,0,0,0,1,-1,1,-1,1,-1,1,-1,-1,1,1,-1,-1,1,-1,1,1,-1,-1,1,1,-1,1,-1,0,0,0,0,1,-1,0,0,1,-1,1,0,1,-1,1,-1,0,2,1,-1,1,-1,1,-1,-1,1,-1,1,0,0,0,0,0,0,0,0,1,-1,-1,1,-1,1,-1,1,-1,1,-1,1,1,-1,0,0,-1,1,0,0,1,-1,1,-1,-1,1,1,-1,1,-1,1,-1,0,0,0,0,0,0,1,-1,1,-1,1,-1,1,-1,-1,1,-1,1,-1,1,1,-1,1,-1,0,0,1,-1,0,0,0,0,-1,1,1,-1,1,-1,-1,1,-1,1,-1,1,0,0,1,-1,0,0,0,0,1,-1,1,-1,1,-1,1,-1,0,0,1,-1,1,-1,0,0,-1,1,1,-1,1,-1,0,0,-1,1,1,-1,-1,1,1,-1,-1,1,1,-1,1,-1,1,-1,1,-1,0,0,0,0,1,-1
2024-01-11 08:30:00,Inflation Rate MoM,schedule,0.19226717235566793,0.07743362831858407,0.3314835729229819,87.0,YM,stopped_post,1.0,-189.7650000000067,-212.2650000000067,0,0,-1,1,1,-1,0,2,1,-1,1,-1,-1,1,1,-1,1,-1,1,-1,1,-1,0,0,0,0,1,-1,0,0,-1,1,1,-1,1,-1,0,0,1,-1,0,0,1,-1,1,-1,1,-1,0,0,0,-1,0,-1,0,2,1,-1,1,-1,1,-1,1,-1,0,0,1,-1,1,-1,-1,1,1,-1,1,-1,1,-1,-1,1,0,2,1,-1,1,-1,-1,1,1,-1,1,-1,0,0,1,-1,1,-1,1,-1,1,-1,1,-1,1,-1,1,-1,1,-1,1,-1,1,-1,1,-1,0,0,1,-1,1,-1,0,0,0,0,0,0,1,-1,0,0,0,0,0,0,0,0,1,-1,1,-1,1,-1,-1,1,1,-1,1,-1,1,-1,1,-1,1,-1,1,-1,1,-1,-1,1,0,0,0,0,-1,1,1,-1,1,-1,1,0,-1,1,1,-1,0,0,1,-1,1,-1,1,-1,1,-1,1,-1,-1,1,0,0,0,0,0,0,1,-1,0,0,1,-1,0,0,1,-1,1,-1,-1,1,0,0,1,-1,-1,1,-1,1,1,-1,-1,1,1,-1,1,-1,1,-1,0,0,0,0,0,0,-1,1,1,-1,1,-1,1,-1,-1,1,1,-1,1,-1,1,-1,-1,1,1,-1,1,-1,0,0,0,2,1,-1,1,-1,1,-1,1,-1,1,-1,1,-1,0,0,0,0,0,0,0,0,1,-1,-1,1,1,-1,1,-1,0,0,1,-1,1,-1,0,2,1,-1,1,-1,1,-1,0,0,-1,1,1,-1,-1,1,1,-1,1,-1,1,-1,1,-1,1,-1,1,-1,0,0,1,-1,1,-1
2024-01-17 08:30:00,Retail Sales MoM,tv,0.07752766935785703,0.03717122559430039,0.06589954605536108,92.0,YM,stopped_post,0.0,-187.02000000001135,-209.52000000001135,0,0,-1,1,-1,1,0,2,-1,1,-1,1,-1,1,-1,1,-1,1,-1,1,-1,1,0,0,0,0,-1,1,0,0,-1,1,-1,1,-1,1,0,0,0,0,-1,1,-1,1,-1,1,-1,1,0,0,0,1,0,1,0,0,-1,1,-1,1,-1,1,1,-1,0,0,-1,1,-1,1,-1,1,-1,1,-1,1,-1,1,-1,1,0,0,-1,1,-1,1,-1,1,-1,1,-1,1,-1,1,-1,1,-1,1,-1,1,-1,1,0,0,-1,1,-1,1,-1,1,-1,1,-1,1,-1,1,-1,1,-1,1,-1,1,0,0,0,0,-1,1,-1,1,0,0,0,0,0,0,0,0,-1,1,-1,1,-1,1,1,-1,-1,1,-1,1,-1,1,1,-1,-1,1,-1,1,1,-1,1,-1,0,0,0,2,-1,1,0,0,-1,1,-1,0,-1,1,-1,1,0,0,-1,1,1,-1,-1,1,-1,1,-1,1,1,-1,0,0,0,0,0,0,-1,1,0,0,-1,1,-1,1,-1,1,-1,1,-1,1,0,0,-1,1,-1,1,-1,1,-1,1,-1,1,0,0,-1,1,-1,1,0,0,0,0,0,0,-1,1,-1,1,1,-1,-1,1,-1,1,-1,1,1,-1,-1,1,-1,1,0,0,1,-1,0,0,0,0,1,-1,1,-1,1,-1,-1,1,-1,1,-1,1,1,-1,1,-1,1,-1,-1,1,-1,1,1,-1,1,-1,-1,1,0,0,-1,1,-1,1,0,0,-1,1,-1,1,1,-1,0,0,1,-1,-1,1,-1,1,-1,1,1,-1,-1,1,1,-1,-1,1,1,-1,0,0,-1,1,-1,1
2024-01-31 14:00:00,Fed Interest Rate Decision,schedule,0.19686059161788325,0.11575239053850025,0.16689230585140563,63.0,YM,stopped_post,7.0,-192.99999999999272,-215.49999999999272,0,0,1,-1,1,-1,1,0,1,-1,-1,1,-1,1,1,-1,0,0,1,-1,-1,1,0,0,0,2,1,-1,0,0,1,-1,-1,1,-1,1,0,0,0,0,1,-1,0,0,1,-1,1,-1,0,0,0,-1,0,0,0,0,-1,1,1,-1,1,-1,1,-1,0,0,1,-1,1,-1,1,-1,0,0,1,-1,-1,1,1,-1,0,0,1,-1,-1,1,1,-1,-1,1,1,-1,0,0,-1,1,-1,1,1,-1,-1,1,0,0,1,-1,-1,1,-1,1,-1,1,-1,1,-1,1,0,0,-1,1,0,0,0,0,0,0,1,-1,0,0,0,0,0,0,0,0,0,2,1,-1,-1,1,1,-1,1,-1,-1,1,-1,1,-1,1,1,-1,-1,1,-1,1,1,-1,1,-1,0,0,0,0,1,-1,0,0,1,-1,-1,0,1,-1,1,-1,0,0,-1,1,1,-1,1,-1,1,-1,1,-1,0,0,0,0,0,0,0,0,-1,1,0,0,1,-1,0,0,1,-1,1,-1,1,-1,0,0,-1,1,0,0,-1,1,1,-1,1,-1,-1,1,1,-1,-1,1,0,0,0,0,0,0,1,-1,-1,1,1,-1,1,-1,-1,1,1,-1,-1,1,-1,1,1,-1,-1,1,-1,1,0,0,0,0,-1,1,-1,1,1,-1,-1,1,1,-1,-1,1,0,0,-1,1,0,0,0,0,-1,1,1,-1,1,-1,1,-1,0,0,1,-1,1,-1,0,2,-1,1,-1,1,-1,1,0,0,1,-1,1,-1,-1,1,-1,1,1,-1,1,-1,-1,1,0,0,1,-1,0,0,0,0,-1,1
2024-02-02 08:30:00,Non Farm Payrolls,schedule,0.27424195384456174,0.13509963598153638,0.20768077694388437,97.0,YM,stopped_post,1.0,-193.30000000001746,-215.80000000001746,0,0,1,-1,-1,1,-1,0,-1,1,1,-1,1,-1,-1,1,-1,1,-1,1,1,-1,0,0,0,2,-1,1,0,0,1,-1,1,-1,1,-1,0,0,0,0,0,0,0,0,1,-1,-1,1,0,0,0,-1,0,1,0,0,1,-1,-1,1,-1,1,-1,1,0,0,-1,1,1,-1,-1,1,0,0,-1,1,1,-1,1,-1,0,2,-1,1,1,-1,-1,1,-1,1,-1,1,0,0,1,-1,-1,1,-1,1,-1,1,-1,1,-1,1,1,-1,-1,1,-1,1,1,-1,1,-1,1,-1,1,-1,0,0,0,0,0,0,0,0,-1,1,0,0,0,0,0,0,0,0,-1,1,-1,1,-1,1,-1,1,1,-1,-1,1,1,-1,1,-1,-1,1,1,-1,-1,1,-1,1,0,0,0,0,-1,1,0,0,-1,1,-1,0,-1,1,-1,1,0,0,-1,1,-1,1,-1,1,1,-1,-1,1,1,-1,0,0,0,0,0,0,1,-1,0,0,1,-1,0,0,1,-1,1,-1,-1,1,0,0,1,-1,0,0,1,-1,-1,1,-1,1,0,0,1,-1,0,0,0,0,0,0,0,0,-1,1,-1,1,-1,1,-1,1,1,-1,-1,1,1,-1,-1,1,-1,1,0,0,1,-1,0,0,0,0,-1,1,-1,1,1,-1,1,-1,-1,1,1,-1,0,0,-1,1,0,0,0,0,-1,1,-1,1,-1,1,-1,1,0,0,-1,1,-1,1,0,0,-1,1,-1,1,-1,1,0,0,1,-1,-1,1,1,-1,-1,1,1,-1,-1,1,-1,1,0,0,-1,1,0,0,0,0,-1,1
2024-02-13 08:30:00,Inflation Rate MoM,schedule,0.35537700865265764,0.0782587139278987,0.3314835729229819,88.0,YM,stopped_post,1.0,-194.14499999998952,-216.64499999998952,0,0,1,-1,1,-1,0,2,1,-1,-1,1,-1,1,1,-1,1,-1,1,-1,-1,1,0,0,0,2,1,-1,0,0,1,-1,-1,1,-1,1,0,0,1,-1,0,0,0,0,1,-1,1,-1,0,2,0,-1,0,-1,0,0,0,0,1,-1,1,-1,1,-1,0,0,1,-1,-1,1,1,-1,0,0,-1,1,1,-1,1,-1,0,2,1,-1,1,-1,1,-1,1,-1,1,-1,0,0,0,0,0,0,1,-1,1,-1,0,0,1,-1,1,-1,1,-1,1,-1,1,-1,-1,1,0,0,1,-1,1,-1,0,0,0,0,0,0,1,-1,0,0,0,0,0,0,0,2,1,-1,1,-1,1,-1,1,-1,-1,1,1,-1,1,-1,1,-1,1,-1,1,-1,1,-1,1,-1,0,0,0,0,1,-1,0,0,1,-1,1,0,1,-1,1,-1,0,0,1,-1,1,-1,-1,1,-1,1,-1,1,-1,1,0,0,0,0,0,0,1,-1,0,0,-1,1,0,0,-1,1,-1,1,1,-1,0,0,1,-1,-1,1,1,-1,-1,1,1,-1,1,-1,1,-1,-1,1,0,0,0,0,0,0,1,-1,1,-1,-1,1,1,-1,-1,1,-1,1,-1,1,1,-1,1,-1,1,-1,-1,1,0,0,0,0,-1,1,-1,1,-1,1,-1,1,1,-1,1,-1,0,0,-1,1,0,0,0,0,1,-1,-1,1,1,-1,1,-1,0,0,1,-1,1,-1,0,2,1,-1,1,-1,1,-1,0,0,-1,1,1,-1,-1,1,1,-1,-1,1,1,-1,-1,1,1,-1,1,-1,0,0,0,0,1,-1
2024-02-15 08:30:00,Retail Sales MoM,tv,0.06745887603134243,0.03724295709079301,0.07752129907947973,93.0,YM,timed,900.0,320.0,297.5,0,0,-1,1,-1,1,0,2,-1,1,-1,1,-1,1,-1,1,0,0,-1,1,-1,1,0,0,0,2,-1,1,0,0,-1,1,-1,1,-1,1,0,0,0,0,0,0,-1,1,-1,1,-1,1,0,0,0,1,0,1,0,0,-1,1,-1,1,1,-1,-1,1,0,0,-1,1,1,-1,-1,1,-1,1,-1,1,1,-1,-1,1,0,0,-1,1,-1,1,-1,1,-1,1,-1,1,-1,1,0,0,0,0,-1,1,-1,1,-1,1,-1,1,-1,1,-1,1,-1,1,-1,1,-1,1,-1,1,-1,1,-1,1,0,0,0,0,-1,1,-1,1,0,0,0,0,-1,1,0,0,-1,1,-1,1,-1,1,1,-1,-1,1,-1,1,-1,1,1,-1,-1,1,1,-1,-1,1,1,-1,0,2,0,0,-1,1,-1,1,-1,1,-1,0,-1,1,-1,1,0,0,-1,1,-1,1,-1,1,1,-1,-1,1,-1,1,0,0,0,0,0,0,-1,1,0,0,1,-1,1,-1,1,-1,1,-1,-1,1,0,0,-1,1,-1,1,-1,1,-1,1,-1,1,0,0,1,-1,-1,1,0,0,0,0,0,0,-1,1,-1,1,-1,1,1,-1,-1,1,-1,1,1,-1,-1,1,-1,1,0,0,1,-1,0,0,0,0,1,-1,1,-1,-1,1,-1,1,-1,1,-1,1,0,0,1,-1,0,0,-1,1,-1,1,-1,1,-1,1,-1,1,0,0,-1,1,-1,1,0,0,-1,1,-1,1,1,-1,0,0,-1,1,-1,1,-1,1,-1,1,-1,1,-1,1,1,-1,-1,1,-1,1,0,0,-1,1,-1,1
2024-03-08 08:30:00,Non Farm Payrolls,schedule,0.1782807534299667,0.1353477414372272,0.23584034942083507,98.0,YM,stopped_post,1.0,-193.64000000001397,-216.14000000001397,0,2,1,-1,1,-1,0,2,1,-1,1,-1,-1,1,1,-1,0,0,1,-1,0,0,0,0,0,0,1,-1,0,0,1,-1,1,-1,1,-1,0,1,0,0,-1,1,1,-1,1,-1,1,-1,0,0,0,-1,0,-1,0,0,0,0,1,-1,1,-1,-1,1,0,0,1,-1,-1,1,1,-1,1,-1,1,-1,-1,1,1,-1,0,0,1,-1,1,-1,1,-1,1,-1,1,-1,1,-1,1,-1,0,0,1,-1,1,-1,1,-1,1,-1,1,-1,1,-1,1,-1,1,-1,1,-1,1,-1,1,-1,1,-1,0,0,0,0,0,0,1,-1,0,0,0,0,1,-1,0,0,1,-1,1,-1,1,-1,-1,1,1,-1,1,-1,1,-1,-1,1,1,-1,1,-1,1,-1,1,-1,0,0,0,0,1,-1,1,-1,1,-1,1,0,1,-1,1,-1,0,0,1,-1,1,-1,1,-1,1,-1,1,-1,0,0,0,0,0,0,0,0,1,-1,0,0,-1,1,0,0,-1,1,-1,1,1,-1,0,0,1,-1,0,0,-1,1,1,-1,1,-1,0,0,-1,1,1,-1,0,0,0,0,0,0,1,-1,1,-1,-1,1,-1,1,1,-1,-1,1,-1,1,1,-1,1,-1,0,0,-1,1,0,2,0,0,-1,1,-1,1,1,-1,1,-1,1,-1,1,-1,0,0,-1,1,0,0,1,-1,1,-1,-1,1,1,-1,1,-1,0,0,1,-1,1,-1,0,2,1,-1,1,-1,1,-1,0,0,1,-1,1,-1,-1,1,1,-1,1,-1,-1,1,-1,1,1,-1,1,-1,0,0,1,-1,-1,1
2024-03-12 08:30:00,Inflation Rate MoM,schedule,0.20394636210676592,0.07908379953721333,0.36024957535127883,89.0,YM,stopped_post,1.0,-196.20500000000902,-218.70500000000902,0,0,1,-1,1,-1,1,0,1,-1,-1,1,-1,1,1,-1,1,-1,1,-1,-1,1,0,0,0,0,1,-1,0,0,1,-1,1,-1,-1,1,0,0,0,0,0,0,0,0,1,-1,1,-1,0,0,0,-1,0,-1,0,0,0,0,-1,1,1,-1,1,-1,0,0,1,-1,1,-1,1,-1,0,0,1,-1,1,-1,-1,1,0,2,1,-1,1,-1,1,-1,1,-1,1,-1,0,0,0,0,0,0,1,-1,1,-1,1,-1,1,-1,-1,1,1,-1,1,-1,-1,1,1,-1,0,0,1,-1,0,0,0,0,0,0,0,0,1,-1,0,0,0,0,0,0,0,0,1,-1,1,-1,1,-1,1,-1,-1,1,1,-1,1,-1,1,-1,1,-1,1,-1,1,-1,-1,1,0,0,0,0,1,-1,0,0,1,-1,1,0,1,-1,1,-1,0,2,1,-1,1,-1,1,-1,1,-1,1,-1,0,0,0,0,0,0,0,0,1,-1,0,0,1,-1,0,0,1,-1,1,-1,1,-1,0,0,1,-1,-1,1,1,-1,1,-1,-1,1,1,-1,-1,1,1,-1,0,0,0,0,0,0,1,-1,1,-1,-1,1,1,-1,-1,1,-1,1,-1,1,1,-1,1,-1,1,-1,1,-1,0,0,0,0,1,-1,1,-1,1,-1,1,-1,1,-1,1,-1,0,0,1,-1,0,0,0,0,1,-1,-1,1,1,-1,1,-1,0,0,1,-1,1,-1,0,0,-1,1,1,-1,-1,1,0,0,-1,1,1,-1,-1,1,1,-1,1,-1,1,-1,1,-1,1,-1,1,-1,0,0,0,0,1,-1
2024-03-14 08:30:00,Retail Sales MoM,tv,0.11597418313836225,0.03742200496013612,0.07249327269459974,94.0,YM,stopped_post,59.0,-200.0,-222.5,0,0,-1,1,-1,1,0,2,-1,1,-1,1,1,-1,-1,1,-1,1,-1,1,-1,1,0,0,0,2,-1,1,0,0,-1,1,-1,1,-1,1,0,0,-1,1,0,0,-1,1,-1,1,-1,1,0,0,0,1,0,1,0,0,-1,1,-1,1,-1,1,-1,1,0,0,-1,1,1,-1,-1,1,-1,1,-1,1,1,-1,-1,1,0,0,-1,1,-1,1,1,-1,-1,1,-1,1,0,0,-1,1,-1,1,-1,1,-1,1,0,0,1,-1,-1,1,-1,1,-1,1,-1,1,-1,1,0,0,-1,1,-1,1,0,0,0,0,0,0,-1,1,0,0,0,0,0,0,0,0,-1,1,-1,1,-1,1,1,-1,-1,1,-1,1,-1,1,-1,1,-1,1,-1,1,1,-1,1,-1,0,0,0,2,-1,1,0,0,-1,1,-1,0,-1,1,-1,1,0,2,-1,1,1,-1,-1,1,1,-1,-1,1,1,-1,0,0,0,0,0,0,-1,1,1,-1,1,-1,1,-1,1,-1,1,-1,-1,1,0,0,-1,1,-1,1,1,-1,-1,1,-1,1,0,0,-1,1,-1,1,0,0,0,0,0,0,-1,1,-1,1,1,-1,-1,1,-1,1,-1,1,1,-1,-1,1,1,-1,0,0,1,-1,0,0,0,2,1,-1,1,-1,1,-1,-1,1,-1,1,-1,1,0,0,1,-1,0,0,-1,1,-1,1,1,-1,1,-1,-1,1,0,2,-1,1,-1,1,0,0,-1,1,-1,1,1,-1,0,0,1,-1,-1,1,1,-1,-1,1,-1,1,-1,1,1,-1,-1,1,-1,1,0,0,-1,1,-1,1
2024-03-20 14:00:00,Fed Interest Rate Decision,schedule,0.19480848049385216,0.11617390222610982,0.1760218120436658,64.0,YM,tp,323.0,791.1799999999857,768.6799999999857,0,2,1,-1,1,-1,1,0,0,0,1,-1,1,-1,1,-1,0,0,1,-1,1,-1,0,0,0,2,1,-1,0,0,1,-1,1,-1,1,-1,0,0,0,0,1,-1,1,-1,1,-1,1,-1,0,0,0,-1,0,-1,0,0,1,-1,1,-1,-1,1,1,-1,0,0,1,-1,1,-1,1,-1,1,-1,1,-1,-1,1,1,-1,0,0,1,-1,1,-1,1,-1,1,-1,1,-1,1,-1,1,-1,0,0,1,-1,0,0,1,-1,1,-1,1,-1,1,-1,1,-1,1,-1,1,-1,1,-1,1,-1,1,-1,0,0,0,0,0,0,0,0,0,0,0,0,1,-1,0,0,1,-1,0,0,1,-1,1,-1,1,-1,1,-1,1,-1,-1,1,1,-1,1,-1,1,-1,-1,1,0,0,0,0,1,-1,1,-1,1,-1,1,0,1,-1,1,-1,0,0,1,-1,1,-1,1,-1,-1,1,1,-1,0,0,0,0,0,0,0,0,-1,1,0,0,1,-1,0,0,1,-1,1,-1,1,-1,0,0,1,-1,-1,1,1,-1,1,-1,1,-1,0,0,-1,1,1,-1,0,0,0,0,0,0,1,-1,1,-1,1,-1,-1,1,1,-1,1,-1,-1,1,0,0,1,-1,0,0,-1,1,0,2,0,0,-1,1,-1,1,-1,1,1,-1,1,-1,1,-1,0,0,-1,1,0,0,1,-1,0,0,1,-1,1,-1,1,-1,0,0,1,-1,1,-1,0,2,1,-1,1,-1,-1,1,0,0,1,-1,1,-1,1,-1,0,0,-1,1,1,-1,-1,1,1,-1,1,-1,0,0,1,-1,1,-1
2024-04-05 08:30:00,Non Farm Payrolls,schedule,0.0871437359032192,0.135595846892918,0.23584034942083507,99.0,YM,stopped_post,1.0,-194.97999999999593,-217.47999999999593,0,0,-1,1,-1,1,0,2,-1,1,-1,1,1,-1,-1,1,-1,1,-1,1,-1,1,0,0,0,2,-1,1,0,0,-1,1,-1,1,-1,1,0,-1,1,-1,0,0,-1,1,-1,1,-1,1,0,0,0,1,0,1,0,0,-1,1,-1,1,-1,1,-1,1,0,0,-1,1,-1,1,-1,1,-1,1,-1,1,0,0,-1,1,0,2,-1,1,-1,1,-1,1,-1,1,-1,1,0,0,-1,1,-1,1,-1,1,0,0,-1,1,-1,1,-1,1,-1,1,-1,1,-1,1,-1,1,-1,1,-1,1,0,0,0,0,0,0,-1,1,0,0,0,0,0,0,-1,1,0,0,-1,1,-1,1,-1,1,1,-1,-1,1,-1,1,-1,1,-1,1,-1,1,1,-1,-1,1,1,-1,0,2,0,0,-1,1,-1,1,-1,1,-1,0,-1,1,-1,1,0,0,-1,1,1,-1,-1,1,-1,1,-1,1,1,-1,0,0,0,0,0,0,-1,1,0,0,-1,1,0,0,-1,1,-1,1,-1,1,0,0,-1,1,-1,1,1,-1,-1,1,-1,1,0,0,-1,1,-1,1,0,0,0,0,0,0,-1,1,-1,1,1,-1,-1,1,1,-1,-1,1,1,-1,-1,1,-1,1,0,0,1,-1,0,0,0,0,1,-1,1,-1,-1,1,-1,1,-1,1,-1,1,0,0,-1,1,0,0,-1,1,-1,1,-1,1,-1,1,-1,1,0,0,-1,1,-1,1,0,0,-1,1,-1,1,1,-1,0,0,-1,1,-1,1,1,-1,-1,1,-1,1,-1,1,1,-1,-1,1,-1,1,0,0,-1,1,1,-1
2024-04-10 08:30:00,Inflation Rate MoM,schedule,0.8833562445903976,0.07935874229299447,0.36024957535127883,90.0,YM,stopped_post,1.0,-196.24500000001717,-218.74500000001717,0,2,-1,1,-1,1,-1,0,-1,1,-1,1,1,-1,-1,1,0,0,-1,1,-1,1,0,0,0,0,-1,1,0,0,-1,1,-1,1,-1,1,0,0,1,-1,0,0,-1,1,-1,1,-1,1,0,0,0,1,0,1,0,0,0,0,-1,1,1,-1,-1,1,0,0,-1,1,1,-1,-1,1,-1,1,-1,1,1,-1,-1,1,0,2,-1,1,-1,1,-1,1,-1,1,-1,1,-1,1,0,0,0,0,-1,1,-1,1,-1,1,-1,1,-1,1,-1,1,-1,1,-1,1,-1,1,0,0,-1,1,-1,1,0,0,0,0,0,0,-1,1,0,0,0,0,0,0,0,0,-1,1,-1,1,-1,1,1,-1,-1,1,-1,1,-1,1,1,-1,-1,1,-1,1,-1,1,1,-1,0,2,0,0,-1,1,-1,1,-1,1,-1,0,-1,1,-1,1,0,2,-1,1,-1,1,-1,1,1,-1,-1,1,1,-1,0,0,0,0,0,0,-1,1,0,0,1,-1,0,0,1,-1,1,-1,-1,1,0,0,-1,1,1,-1,-1,1,-1,1,-1,1,0,0,1,-1,-1,1,0,0,0,0,0,0,-1,1,-1,1,-1,1,1,-1,-1,1,-1,1,1,-1,0,0,-1,1,0,0,1,-1,0,2,0,0,1,-1,1,-1,1,-1,-1,1,-1,1,-1,1,0,0,1,-1,0,0,-1,1,0,0,-1,1,-1,1,-1,1,0,0,-1,1,-1,1,0,0,-1,1,-1,1,-1,1,0,0,1,-1,-1,1,1,-1,0,0,-1,1,-1,1,1,-1,-1,1,-1,1,0,0,-1,1,-1,1
2024-04-15 08:30:00,Retail Sales MoM,tv,0.09877826878086822,0.037601052829479224,0.07948575284416176,95.0,YM,stopped_post,0.0,-192.3449999999866,-214.8449999999866,0,0,-1,1,1,-1,1,0,1,-1,-1,1,1,-1,1,-1,1,-1,1,-1,-1,1,0,0,0,0,1,-1,0,0,1,-1,1,-1,-1,1,0,0,0,0,0,0,0,0,1,-1,1,-1,0,0,0,-1,0,-1,0,0,0,0,1,-1,1,-1,1,-1,0,0,1,-1,1,-1,-1,1,-1,1,1,-1,1,-1,1,-1,0,0,1,-1,1,-1,1,-1,1,-1,1,-1,0,0,0,0,0,0,1,-1,1,-1,1,-1,1,-1,-1,1,1,-1,1,-1,-1,1,-1,1,0,0,1,-1,1,-1,0,2,0,0,1,-1,1,-1,0,0,0,0,0,0,0,0,1,-1,1,-1,1,-1,1,-1,-1,1,1,-1,1,-1,1,-1,1,-1,-1,1,1,-1,-1,1,0,0,0,0,1,-1,0,0,1,-1,1,0,-1,1,1,-1,0,0,1,-1,-1,1,1,-1,1,-1,1,-1,0,0,0,0,0,0,0,0,1,-1,1,-1,1,-1,1,-1,1,-1,1,-1,-1,1,0,0,-1,1,0,0,1,-1,1,-1,1,-1,1,-1,-1,1,1,-1,0,0,0,0,0,0,-1,1,1,-1,1,-1,1,-1,1,-1,1,-1,1,-1,1,-1,1,-1,1,-1,1,-1,0,0,0,2,-1,1,1,-1,1,-1,-1,1,1,-1,1,-1,0,0,-1,1,0,0,-1,1,1,-1,-1,1,1,-1,1,-1,0,0,1,-1,1,-1,0,2,1,-1,1,-1,1,-1,0,0,-1,1,1,-1,1,-1,1,-1,1,-1,1,-1,1,-1,1,-1,1,-1,0,0,0,0,1,-1
2024-05-01 14:00:00,Fed Interest Rate Decision,schedule,0.10758331146680661,0.1165954139137194,0.1760218120436658,65.0,YM,timed,900.0,80.0,57.5,0,0,-1,1,-1,1,0,2,0,0,-1,1,1,-1,-1,1,0,0,-1,1,1,-1,0,0,0,0,-1,1,0,0,-1,1,-1,1,-1,1,0,0,1,-1,0,0,-1,1,-1,1,-1,1,0,2,0,1,0,1,0,0,0,0,1,-1,-1,1,1,-1,0,0,-1,1,0,0,-1,1,-1,1,-1,1,1,-1,-1,1,0,0,-1,1,-1,1,-1,1,-1,1,-1,1,0,0,0,0,-1,1,-1,1,0,0,1,-1,-1,1,-1,1,-1,1,1,-1,-1,1,-1,1,-1,1,-1,1,-1,1,0,0,0,0,0,0,0,0,0,0,0,0,-1,1,0,0,-1,1,1,-1,-1,1,1,-1,-1,1,-1,1,-1,1,1,-1,-1,1,-1,1,-1,1,1,-1,0,0,0,0,-1,1,0,0,-1,1,-1,0,-1,1,-1,1,0,0,-1,1,1,-1,-1,1,1,-1,-1,1,0,0,0,0,0,0,0,0,-1,1,0,0,-1,1,0,0,-1,1,-1,1,-1,1,0,0,-1,1,1,-1,1,-1,-1,1,-1,1,0,0,-1,1,-1,1,0,0,0,0,0,0,-1,1,-1,1,1,-1,1,-1,-1,1,-1,1,1,-1,0,0,-1,1,1,-1,1,-1,0,0,0,0,1,-1,-1,1,1,-1,-1,1,-1,1,-1,1,0,0,1,-1,0,0,-1,1,0,0,-1,1,-1,1,-1,1,0,0,-1,1,1,-1,0,0,-1,1,-1,1,1,-1,0,0,1,-1,-1,1,1,-1,0,0,-1,1,-1,1,-1,1,0,0,-1,1,0,0,-1,1,-1,1
2024-05-03 08:30:00,Non Farm Payrolls,schedule,0.620844866389011,0.1353477414372272,0.23584034942083507,100.0,YM,tp,5.0,773.3199999999852,750.8199999999852,0,0,-1,1,-1,1,0,2,1,-1,-1,1,1,-1,1,-1,1,-1,1,-1,-1,1,0,0,0,2,1,-1,0,0,1,-1,-1,1,-1,1,0,0,-1,1,0,0,-1,1,1,-1,-1,1,0,0,0,1,0,1,0,0,-1,1,-1,1,-1,1,-1,1,0,0,1,-1,1,-1,1,-1,0,0,-1,1,1,-1,-1,1,0,2,-1,1,-1,1,1,-1,-1,1,-1,1,0,0,-1,1,-1,1,1,-1,0,0,0,0,-1,1,-1,1,-1,1,1,-1,-1,1,-1,1,-1,1,-1,1,-1,1,0,0,0,0,1,-1,0,0,0,0,0,0,0,0,0,0,0,0,-1,1,1,-1,-1,1,-1,1,-1,1,-1,1,-1,1,-1,1,-1,1,1,-1,1,-1,0,0,0,2,1,-1,0,0,-1,1,-1,0,-1,1,-1,1,0,0,-1,1,1,-1,-1,1,-1,1,-1,1,1,-1,0,0,0,0,0,0,-1,1,0,0,1,-1,0,0,1,-1,1,-1,-1,1,0,0,-1,1,0,0,1,-1,-1,1,-1,1,-1,1,1,-1,-1,1,0,0,0,0,0,0,1,-1,-1,1,-1,1,-1,1,-1,1,-1,1,1,-1,0,0,1,-1,-1,1,-1,1,0,0,0,0,1,-1,1,-1,1,-1,-1,1,1,-1,-1,1,0,0,-1,1,0,0,0,0,0,0,-1,1,1,-1,-1,1,0,0,-1,1,-1,1,0,0,-1,1,-1,1,1,-1,0,0,-1,1,1,-1,1,-1,0,0,-1,1,1,-1,1,-1,0,0,-1,1,0,0,0,0,-1,1
2024-05-15 08:30:00,Inflation Rate MoM,schedule,0.3778432706113504,0.07963368504877563,0.36570580003031034,91.0,YM,tp,2.0,793.640000000014,771.140000000014,0,0,1,-1,1,-1,1,0,-1,1,1,-1,-1,1,-1,1,0,0,1,-1,1,-1,0,0,0,0,-1,1,0,0,1,-1,1,-1,1,-1,0,0,1,-1,1,-1,0,0,1,-1,1,-1,0,0,0,-1,0,-1,0,0,1,-1,1,-1,1,-1,-1,1,0,0,-1,1,1,-1,1,-1,0,0,-1,1,1,-1,1,-1,0,0,1,-1,1,-1,-1,1,1,-1,1,-1,1,-1,1,-1,1,-1,-1,1,0,0,-1,1,1,-1,1,-1,1,-1,-1,1,1,-1,1,-1,1,-1,1,-1,1,-1,0,0,0,0,0,0,0,0,0,0,0,0,0,0,0,2,0,0,-1,1,0,0,1,-1,1,-1,1,-1,1,-1,1,-1,1,-1,1,-1,-1,1,1,-1,0,2,0,0,-1,1,0,0,1,-1,1,0,1,-1,-1,1,0,2,1,-1,-1,1,1,-1,-1,1,-1,1,-1,1,0,0,0,0,0,0,1,-1,0,0,1,-1,0,0,1,-1,1,-1,1,-1,0,0,1,-1,-1,1,1,-1,1,-1,1,-1,0,0,-1,1,1,-1,0,0,0,0,0,0,1,-1,1,-1,-1,1,1,-1,1,-1,-1,1,-1,1,0,0,-1,1,0,0,-1,1,0,2,0,0,-1,1,-1,1,-1,1,1,-1,1,-1,1,-1,0,0,-1,1,0,0,1,-1,0,0,1,-1,-1,1,1,-1,0,0,-1,1,1,-1,0,0,1,-1,1,-1,1,-1,0,0,1,-1,-1,1,-1,1,0,0,-1,1,-1,1,-1,1,0,0,-1,1,0,0,0,0,1,-1
2024-06-07 08:30:00,Non Farm Payrolls,schedule,0.4388891740670397,0.135595846892918,0.23584034942083507,101.0,YM,stopped_post,1.0,-194.8199999999997,-217.3199999999997,0,0,1,-1,-1,1,0,2,-1,1,1,-1,-1,1,-1,1,-1,1,-1,1,-1,1,0,0,0,0,-1,1,0,0,-1,1,-1,1,1,-1,0,0,0,0,1,-1,0,0,1,-1,-1,1,0,0,0,-1,0,0,0,2,0,0,-1,1,-1,1,-1,1,0,0,-1,1,0,0,-1,1,-1,1,-1,1,-1,1,-1,1,0,0,-1,1,-1,1,-1,1,-1,1,-1,1,0,0,0,0,-1,1,-1,1,0,0,-1,1,1,-1,1,-1,1,-1,1,-1,1,-1,-1,1,0,0,-1,1,0,0,0,0,0,0,0,0,0,0,0,0,0,0,0,0,0,0,-1,1,0,0,-1,1,1,-1,1,-1,-1,1,-1,1,-1,1,-1,1,-1,1,-1,1,-1,1,0,0,0,0,-1,1,0,0,-1,1,-1,0,-1,1,-1,1,0,0,-1,1,-1,1,-1,1,1,-1,-1,1,0,0,0,0,0,0,0,0,-1,1,0,0,-1,1,0,0,-1,1,-1,1,-1,1,0,0,-1,1,-1,1,1,-1,-1,1,-1,1,1,-1,-1,1,-1,1,0,0,0,0,0,0,-1,1,-1,1,-1,1,-1,1,1,-1,-1,1,1,-1,-1,1,-1,1,0,0,-1,1,0,0,0,2,1,-1,-1,1,-1,1,1,-1,-1,1,1,-1,0,0,1,-1,0,0,0,0,-1,1,-1,1,-1,1,-1,1,0,2,-1,1,-1,1,0,0,-1,1,1,-1,1,-1,0,0,-1,1,-1,1,-1,1,-1,1,-1,1,-1,1,-1,1,-1,1,-1,1,0,0,0,0,-1,1
2024-06-12 08:30:00,Inflation Rate MoM,schedule,0.5356820932807952,0.0806403101863695,0.36570580003031034,92.0,YM,tp,1.0,776.3999999999942,753.8999999999942,0,2,-1,1,-1,1,0,2,0,0,-1,1,-1,1,-1,1,0,0,-1,1,-1,1,0,0,0,0,-1,1,0,0,-1,1,-1,1,-1,1,0,-1,-1,1,0,0,-1,1,-1,1,-1,1,0,0,0,1,0,1,0,0,-1,1,-1,1,1,-1,1,-1,0,0,-1,1,1,-1,-1,1,-1,1,-1,1,1,-1,-1,1,0,0,-1,1,-1,1,-1,1,-1,1,-1,1,-1,1,-1,1,-1,1,-1,1,-1,1,0,0,-1,1,-1,1,-1,1,-1,1,-1,1,-1,1,-1,1,-1,1,-1,1,0,0,0,0,0,0,-1,1,0,0,0,0,-1,1,0,2,-1,1,-1,1,-1,1,1,-1,-1,1,-1,1,-1,1,1,-1,-1,1,-1,1,-1,1,1,-1,0,2,0,0,-1,1,-1,1,-1,1,-1,0,-1,1,-1,1,0,0,-1,1,-1,1,-1,1,1,-1,-1,1,1,-1,0,0,0,0,0,0,-1,1,0,0,1,-1,0,0,1,-1,1,-1,-1,1,0,0,-1,1,1,-1,-1,1,-1,1,-1,1,0,0,1,-1,-1,1,0,0,0,0,0,0,-1,1,-1,1,1,-1,1,-1,-1,1,-1,1,1,-1,0,0,-1,1,0,0,1,-1,0,2,0,0,1,-1,1,-1,1,-1,-1,1,-1,1,-1,1,0,0,1,-1,0,0,-1,1,0,0,-1,1,-1,1,-1,1,0,0,-1,1,-1,1,0,0,1,-1,-1,1,1,-1,0,0,-1,1,-1,1,-1,1,0,0,-1,1,-1,1,1,-1,-1,1,-1,1,0,0,-1,1,1,-1
2024-06-12 14:00:00,Fed Interest Rate Decision,schedule,0.15451572197471092,0.11617390222610982,0.1760218120436658,66.0,YM,stopped_post,1.0,-194.1949999999997,-216.6949999999997,0,0,1,-1,1,-1,0,2,-1,1,1,-1,-1,1,-1,1,0,0,-1,1,1,-1,0,0,0,0,-1,1,0,0,1,-1,1,-1,1,-1,0,0,0,0,-1,1,0,0,1,-1,1,-1,0,2,0,-1,0,-1,0,0,1,-1,-1,1,1,-1,-1,1,0,0,-1,1,1,-1,1,-1,1,-1,1,-1,1,-1,1,-1,0,0,1,-1,1,-1,1,-1,1,-1,1,-1,1,-1,1,-1,1,-1,-1,1,0,0,-1,1,1,-1,1,-1,1,-1,-1,1,1,-1,1,-1,0,0,1,-1,1,-1,0,0,0,0,0,0,0,0,0,0,0,0,1,-1,0,2,-1,1,-1,1,-1,1,-1,1,1,-1,1,-1,1,-1,-1,1,1,-1,1,-1,1,-1,-1,1,0,0,0,2,1,-1,0,0,1,-1,1,0,1,-1,1,-1,0,0,1,-1,1,-1,1,-1,1,-1,1,-1,0,0,0,0,0,0,0,0,1,-1,0,0,1,-1,0,0,1,-1,1,-1,1,-1,0,0,1,-1,0,0,-1,1,1,-1,1,-1,0,0,1,-1,1,-1,0,0,0,0,0,0,1,-1,1,-1,-1,1,1,-1,1,-1,1,-1,-1,1,0,0,1,-1,0,0,-1,1,0,0,0,0,-1,1,-1,1,-1,1,1,-1,1,-1,1,-1,0,0,-1,1,0,0,1,-1,0,0,1,-1,1,-1,1,-1,0,0,1,-1,-1,1,0,2,1,-1,1,-1,-1,1,0,0,1,-1,1,-1,-1,1,0,0,1,-1,1,-1,-1,1,0,0,1,-1,0,0,1,-1,1,-1
2024-06-18 08:30:00,Retail Sales MoM,tv,0.03569425322523074,0.03813754298932524,0.08181137578439268,96.0,YM,timed,900.0,-95.0,-117.5,0,0,1,-1,1,-1,1,0,1,-1,1,-1,1,-1,1,-1,1,-1,1,-1,1,-1,0,0,0,0,1,-1,0,0,1,-1,1,-1,1,-1,0,1,1,-1,0,0,1,-1,1,-1,1,-1,0,0,0,-1,0,-1,0,0,1,-1,1,-1,1,-1,-1,1,0,0,1,-1,1,-1,1,-1,1,-1,1,-1,1,-1,1,-1,0,2,1,-1,1,-1,1,-1,1,-1,1,-1,1,-1,1,-1,1,-1,1,-1,1,-1,1,-1,1,-1,1,-1,1,-1,1,-1,1,-1,1,-1,1,-1,1,-1,0,0,0,0,0,0,0,0,1,-1,0,0,0,0,0,0,0,0,1,-1,1,-1,1,-1,1,-1,1,-1,1,-1,1,-1,-1,1,1,-1,1,-1,-1,1,-1,1,0,2,0,2,1,-1,0,0,1,-1,1,0,1,-1,1,-1,0,0,1,-1,1,-1,1,-1,-1,1,1,-1,0,0,0,0,0,0,0,0,1,-1,0,0,1,-1,0,0,1,-1,1,-1,1,-1,0,0,1,-1,0,0,1,-1,1,-1,1,-1,1,-1,-1,1,1,-1,0,0,0,0,0,0,1,-1,-1,1,-1,1,1,-1,1,-1,1,-1,-1,1,1,-1,1,-1,0,0,-1,1,0,2,0,2,-1,1,-1,1,1,-1,1,-1,1,-1,1,-1,0,0,-1,1,0,0,1,-1,1,-1,-1,1,1,-1,1,-1,0,0,1,-1,1,-1,0,2,1,-1,1,-1,-1,1,0,0,-1,1,1,-1,1,-1,1,-1,-1,1,1,-1,-1,1,1,-1,1,-1,0,0,1,-1,-1,1
2024-07-05 08:30:00,Non Farm Payrolls,schedule,0.08073672259366722,0.14101968076863475,0.23584034942083507,102.0,YM,stopped_post,3.0,-198.09000000001106,-220.59000000001106,0,0,1,-1,1,-1,0,2,-1,1,1,-1,-1,1,1,-1,1,-1,1,-1,1,-1,0,0,0,0,-1,1,0,0,1,-1,1,-1,1,-1,0,0,0,0,-1,1,1,-1,1,-1,1,-1,0,0,0,-1,0,-1,0,0,1,-1,1,-1,1,-1,1,-1,0,0,1,-1,-1,1,1,-1,1,-1,-1,1,1,-1,1,-1,0,0,1,-1,1,-1,-1,1,1,-1,1,-1,0,0,1,-1,0,0,1,-1,0,0,0,0,1,-1,1,-1,1,-1,-1,1,1,-1,1,-1,1,-1,1,-1,1,-1,0,0,0,0,0,0,0,0,0,0,0,0,1,-1,0,2,1,-1,0,0,1,-1,-1,1,1,-1,1,-1,1,-1,1,-1,1,-1,1,-1,1,-1,1,-1,0,2,0,2,1,-1,1,-1,1,-1,1,0,1,-1,1,-1,0,0,1,-1,1,-1,1,-1,-1,1,-1,1,-1,1,0,0,0,0,0,0,1,-1,-1,1,-1,1,-1,1,-1,1,-1,1,1,-1,0,0,1,-1,-1,1,-1,1,1,-1,1,-1,0,0,1,-1,1,-1,0,0,0,0,0,0,1,-1,1,-1,1,-1,1,-1,1,-1,-1,1,1,-1,0,0,-1,1,0,0,1,-1,0,0,0,0,-1,1,-1,1,1,-1,1,-1,-1,1,1,-1,0,0,-1,1,0,0,1,-1,0,0,1,-1,1,-1,1,-1,0,0,1,-1,1,-1,0,0,1,-1,1,-1,1,-1,0,0,-1,1,1,-1,-1,1,0,0,1,-1,1,-1,-1,1,0,0,1,-1,0,0,1,-1,1,-1
2024-07-11 08:30:00,Inflation Rate MoM,schedule,0.25,0.08164693532396337,0.36570580003031034,93.0,YM,tp,2.0,799.4599999999991,776.9599999999991,0,0,-1,1,1,-1,0,2,-1,1,-1,1,-1,1,-1,1,-1,1,-1,1,-1,1,0,0,0,2,-1,1,0,0,1,-1,-1,1,1,-1,0,0,0,0,1,-1,0,0,-1,1,1,-1,0,0,0,-1,0,0,0,2,0,0,1,-1,1,-1,-1,1,0,0,-1,1,1,-1,1,-1,0,0,1,-1,-1,1,1,-1,0,2,-1,1,1,-1,-1,1,-1,1,-1,1,0,0,-1,1,-1,1,-1,1,-1,1,-1,1,-1,1,1,-1,-1,1,-1,1,1,-1,1,-1,0,0,-1,1,0,0,0,0,0,0,0,0,-1,1,0,0,0,0,0,0,0,2,-1,1,-1,1,-1,1,0,0,-1,1,-1,1,-1,1,1,-1,-1,1,-1,1,-1,1,-1,1,0,0,0,0,1,-1,0,0,-1,1,-1,0,1,-1,-1,1,0,2,-1,1,1,-1,-1,1,1,-1,1,-1,1,-1,0,0,0,0,0,0,1,-1,0,0,1,-1,0,0,1,-1,1,-1,1,-1,0,0,-1,1,1,-1,-1,1,1,-1,-1,1,-1,1,-1,1,-1,1,0,0,0,0,0,0,1,-1,-1,1,-1,1,1,-1,1,-1,1,-1,-1,1,-1,1,1,-1,-1,1,1,-1,0,0,0,0,1,-1,1,-1,1,-1,1,-1,-1,1,1,-1,0,0,-1,1,0,0,0,0,-1,1,1,-1,-1,1,-1,1,0,0,1,-1,1,-1,0,2,1,-1,-1,1,1,-1,0,0,1,-1,0,0,-1,1,0,0,1,-1,-1,1,1,-1,-1,1,1,-1,0,0,0,0,-1,1
2024-07-16 08:30:00,Retail Sales MoM,tv,0.041899785571685604,0.037601052829479224,0.08181137578439268,97.0,YM,stopped_post,0.0,-202.89499999998952,-225.39499999998952,0,0,-1,1,1,-1,1,0,1,-1,1,-1,1,-1,1,-1,1,-1,1,-1,1,-1,0,0,0,0,1,-1,0,0,1,-1,1,-1,1,-1,0,0,0,0,-1,1,0,0,1,-1,1,-1,0,2,0,-1,0,-1,0,0,0,0,1,-1,1,-1,1,-1,0,0,1,-1,1,-1,-1,1,0,0,1,-1,1,-1,1,-1,0,0,1,-1,1,-1,-1,1,1,-1,1,-1,0,0,0,0,0,0,1,-1,1,-1,1,-1,1,-1,1,-1,1,-1,1,-1,-1,1,1,-1,0,0,1,-1,0,0,0,0,0,0,0,0,1,-1,0,0,0,0,-1,1,0,0,1,-1,1,-1,1,-1,-1,1,1,-1,1,-1,1,-1,1,-1,1,-1,1,-1,-1,1,-1,1,0,0,0,0,1,-1,-1,1,1,-1,1,0,-1,1,1,-1,0,2,1,-1,1,-1,-1,1,1,-1,1,-1,0,0,0,0,0,0,0,0,1,-1,0,0,1,-1,0,0,1,-1,1,-1,-1,1,0,0,1,-1,1,-1,1,-1,1,-1,1,-1,1,-1,-1,1,0,0,0,0,0,0,0,0,-1,1,1,-1,1,-1,-1,1,1,-1,-1,1,1,-1,1,-1,1,-1,1,-1,-1,1,0,0,0,2,-1,1,-1,1,1,-1,1,-1,1,-1,1,-1,0,0,-1,1,0,0,-1,1,1,-1,-1,1,-1,1,-1,1,0,0,1,-1,1,-1,0,2,1,-1,1,-1,-1,1,0,0,1,-1,1,-1,1,-1,1,-1,1,-1,1,-1,-1,1,1,-1,1,-1,0,0,-1,1,1,-1
2024-07-31 14:00:00,Fed Interest Rate Decision,schedule,0.1357872020562062,0.1165954139137194,0.16689230585140563,67.0,YM,stopped_pre,-35.0,-210.0,-232.5,0,2,1,-1,1,-1,1,0,0,0,1,-1,1,-1,1,-1,0,0,1,-1,1,-1,0,0,0,0,1,-1,0,0,1,-1,1,-1,1,-1,0,1,1,-1,-1,1,1,-1,1,-1,1,-1,0,0,0,-1,0,-1,0,0,0,0,1,-1,1,-1,-1,1,0,0,1,-1,1,-1,1,-1,1,-1,1,-1,-1,1,1,-1,0,2,1,-1,1,-1,1,-1,1,-1,1,-1,1,-1,1,-1,0,0,1,-1,0,0,-1,1,1,-1,1,-1,1,-1,1,-1,1,-1,1,-1,1,-1,1,-1,1,-1,0,0,0,0,0,0,1,-1,0,0,0,0,1,-1,0,0,1,-1,1,-1,1,-1,0,0,1,-1,1,-1,1,-1,-1,1,1,-1,1,-1,1,-1,-1,1,0,0,0,0,1,-1,1,-1,1,-1,1,0,1,-1,1,-1,0,0,1,-1,1,-1,1,-1,1,-1,1,-1,-1,1,0,0,0,0,0,0,-1,1,1,-1,1,-1,1,-1,1,-1,1,-1,1,-1,0,0,1,-1,-1,1,1,-1,1,-1,1,-1,0,0,-1,1,1,-1,0,0,0,0,0,0,1,-1,1,-1,-1,1,-1,1,1,-1,1,-1,-1,1,0,0,1,-1,1,-1,-1,1,0,2,0,0,-1,1,-1,1,1,-1,1,-1,1,-1,1,-1,0,0,-1,1,0,0,1,-1,0,0,1,-1,1,-1,1,-1,0,0,1,-1,1,-1,0,2,-1,1,1,-1,-1,1,0,0,1,-1,1,-1,1,-1,0,0,1,-1,1,-1,-1,1,1,-1,1,-1,0,0,1,-1,-1,1
2024-08-02 08:30:00,Non Farm Payrolls,schedule,0.5320206841686556,0.135595846892918,0.23584034942083507,103.0,YM,stopped_post,2.0,-201.06500000001688,-223.56500000001688,0,0,1,-1,1,-1,0,2,0,0,1,-1,-1,1,1,-1,0,0,1,-1,-1,1,0,0,0,0,1,-1,0,0,1,-1,1,-1,1,-1,0,0,0,0,-1,1,1,-1,1,-1,1,-1,0,0,0,-1,0,-1,0,0,0,0,1,-1,1,-1,1,-1,0,0,1,-1,-1,1,1,-1,1,-1,1,-1,1,-1,1,-1,0,2,1,-1,1,-1,1,-1,1,-1,1,-1,0,0,1,-1,0,0,1,-1,1,-1,0,0,1,-1,1,-1,1,-1,1,-1,1,-1,1,-1,1,-1,1,-1,0,0,0,0,0,0,0,0,1,-1,0,0,0,0,1,-1,0,2,1,-1,1,-1,0,0,1,-1,1,-1,1,-1,1,-1,-1,1,1,-1,1,-1,1,-1,-1,1,0,0,0,2,1,-1,0,0,1,-1,1,0,1,-1,1,-1,0,0,1,-1,-1,1,1,-1,-1,1,1,-1,-1,1,0,0,0,0,0,0,1,-1,0,0,-1,1,-1,1,-1,1,-1,1,1,-1,0,0,1,-1,1,-1,1,-1,1,-1,1,-1,1,-1,-1,1,1,-1,0,0,0,0,0,0,1,-1,1,-1,-1,1,1,-1,1,-1,1,-1,-1,1,0,0,-1,1,1,-1,-1,1,0,0,0,0,-1,1,-1,1,-1,1,1,-1,1,-1,1,-1,0,0,-1,1,0,0,0,0,0,0,-1,1,-1,1,1,-1,0,0,1,-1,1,-1,0,0,1,-1,1,-1,-1,1,0,0,-1,1,1,-1,-1,1,1,-1,1,-1,1,-1,-1,1,1,-1,1,-1,0,0,1,-1,1,-1
2024-08-14 08:30:00,Inflation Rate MoM,schedule,0.02256204562547004,0.08872903620526916,0.36024957535127883,94.0,YM,stopped_post,1.0,-199.38999999998487,-221.88999999998487,0,0,-1,1,1,-1,0,2,0,0,1,-1,-1,1,-1,1,0,0,-1,1,1,-1,0,0,0,0,-1,1,0,0,-1,1,1,-1,1,-1,0,0,-1,1,0,0,0,0,-1,1,1,-1,0,0,0,-1,0,0,0,0,0,0,1,-1,-1,1,0,0,0,0,-1,1,1,-1,-1,1,0,0,-1,1,-1,1,-1,1,0,2,-1,1,-1,1,-1,1,1,-1,-1,1,0,0,1,-1,1,-1,-1,1,-1,1,0,0,-1,1,-1,1,-1,1,-1,1,-1,1,-1,1,0,0,-1,1,-1,1,0,0,0,0,0,0,-1,1,0,0,0,0,0,0,0,2,-1,1,-1,1,0,0,1,-1,1,-1,-1,1,-1,1,-1,1,-1,1,-1,1,-1,1,1,-1,0,0,0,2,-1,1,0,0,-1,1,-1,0,-1,1,-1,1,0,0,-1,1,-1,1,-1,1,1,-1,-1,1,1,-1,0,0,0,0,0,0,-1,1,0,0,1,-1,0,0,1,-1,1,-1,-1,1,0,0,-1,1,-1,1,-1,1,-1,1,-1,1,-1,1,-1,1,-1,1,0,0,0,0,0,0,-1,1,-1,1,-1,1,-1,1,-1,1,-1,1,1,-1,0,0,-1,1,-1,1,1,-1,0,0,0,0,1,-1,1,-1,-1,1,-1,1,-1,1,-1,1,0,0,1,-1,0,0,0,0,0,0,-1,1,-1,1,-1,1,0,0,-1,1,1,-1,0,0,1,-1,-1,1,1,-1,0,0,1,-1,-1,1,-1,1,0,0,-1,1,-1,1,1,-1,-1,1,1,-1,0,0,0,0,-1,1
2024-08-15 08:30:00,Retail Sales MoM,tv,0.22346368715083798,0.03813754298932524,0.08181137578439268,98.0,YM,tp,399.0,805.2799999999843,782.7799999999843,0,0,-1,1,1,-1,1,0,1,-1,-1,1,1,-1,1,-1,1,-1,1,-1,-1,1,0,0,0,0,1,-1,0,0,1,-1,-1,1,-1,1,0,0,0,0,0,0,0,0,1,-1,1,-1,0,0,0,-1,0,0,0,0,0,0,1,-1,1,-1,1,-1,0,0,1,-1,1,-1,-1,1,0,0,-1,1,1,-1,-1,1,0,2,1,-1,-1,1,1,-1,1,-1,1,-1,0,0,-1,1,-1,1,1,-1,1,-1,1,-1,1,-1,-1,1,1,-1,1,-1,-1,1,-1,1,0,0,-1,1,0,0,0,2,0,0,0,0,1,-1,0,0,0,2,0,0,0,0,1,-1,1,-1,1,-1,0,0,-1,1,1,-1,1,-1,1,-1,1,-1,-1,1,1,-1,1,-1,0,0,0,0,1,-1,0,0,1,-1,1,0,-1,1,1,-1,0,0,1,-1,-1,1,1,-1,1,-1,1,-1,1,-1,0,0,0,0,0,0,-1,1,0,0,1,-1,1,-1,1,-1,1,-1,-1,1,0,0,-1,1,1,-1,1,-1,-1,1,1,-1,1,-1,-1,1,1,-1,0,0,0,0,0,0,-1,1,1,-1,-1,1,1,-1,-1,1,1,-1,-1,1,1,-1,1,-1,1,-1,1,-1,0,0,0,0,1,-1,0,0,1,-1,-1,1,1,-1,-1,1,0,0,-1,1,0,0,-1,1,1,-1,-1,1,1,-1,1,-1,0,0,1,-1,1,-1,0,2,1,-1,1,-1,1,-1,0,0,1,-1,1,-1,1,-1,1,-1,-1,1,1,-1,0,0,0,0,1,-1,0,0,0,0,1,-1
2024-09-06 08:30:00,Non Farm Payrolls,schedule,0.16969995081160846,0.14101968076863475,0.23584034942083507,104.0,YM,stopped_pre,-1.0,-203.50999999998749,-226.00999999998749,0,0,1,-1,1,-1,0,2,1,-1,1,-1,-1,1,1,-1,0,0,1,-1,-1,1,0,0,0,2,1,-1,0,0,1,-1,1,-1,1,-1,0,0,1,-1,0,0,0,0,1,-1,1,-1,0,0,0,-1,0,-1,0,0,0,0,1,-1,1,-1,1,-1,0,0,1,-1,-1,1,1,-1,1,-1,1,-1,-1,1,1,-1,0,2,1,-1,1,-1,1,-1,1,-1,1,-1,1,-1,0,0,0,0,1,-1,1,-1,1,-1,1,-1,1,-1,1,-1,1,-1,1,-1,1,-1,1,-1,1,-1,1,-1,0,0,0,0,1,-1,1,-1,0,0,0,0,1,-1,0,2,1,-1,1,-1,1,-1,1,-1,1,-1,1,-1,1,-1,-1,1,1,-1,1,-1,1,-1,-1,1,0,0,0,2,1,-1,0,0,1,-1,1,0,1,-1,1,-1,0,2,1,-1,1,-1,1,-1,1,-1,1,-1,0,0,0,0,0,0,0,0,1,-1,0,0,-1,1,0,0,-1,1,-1,1,1,-1,0,0,1,-1,1,-1,-1,1,1,-1,1,-1,1,-1,1,-1,1,-1,0,0,0,0,0,0,1,-1,1,-1,-1,1,-1,1,1,-1,1,-1,-1,1,0,0,1,-1,0,0,-1,1,0,0,0,0,-1,1,-1,1,1,-1,1,-1,1,-1,1,-1,0,0,-1,1,0,0,1,-1,0,0,-1,1,1,-1,1,-1,0,0,1,-1,1,-1,0,2,1,-1,1,-1,1,-1,0,0,1,-1,1,-1,-1,1,1,-1,1,-1,1,-1,-1,1,1,-1,1,-1,0,0,1,-1,1,-1
2024-09-11 08:30:00,Inflation Rate MoM,schedule,0.4080328392694737,0.08164693532396337,0.3159950498655788,95.0,YM,stopped_post,1.0,-203.32500000000437,-225.82500000000437,0,0,-1,1,1,-1,-1,0,-1,1,-1,1,1,-1,-1,1,0,0,-1,1,-1,1,0,0,0,2,-1,1,0,0,1,-1,-1,1,-1,1,0,0,1,-1,0,0,-1,1,-1,1,1,-1,0,2,0,-1,0,1,0,0,-1,1,-1,1,-1,1,1,-1,0,0,-1,1,-1,1,-1,1,-1,1,-1,1,1,-1,-1,1,0,2,-1,1,-1,1,-1,1,-1,1,-1,1,-1,1,-1,1,-1,1,-1,1,-1,1,-1,1,-1,1,-1,1,-1,1,-1,1,-1,1,-1,1,-1,1,-1,1,0,0,0,0,0,0,0,0,-1,1,0,0,0,0,-1,1,0,0,-1,1,0,0,-1,1,1,-1,-1,1,-1,1,-1,1,-1,1,-1,1,-1,1,-1,1,1,-1,0,0,0,0,-1,1,0,0,-1,1,-1,0,-1,1,-1,1,0,0,-1,1,-1,1,-1,1,1,-1,-1,1,0,0,0,0,0,0,0,0,-1,1,0,0,1,-1,0,0,-1,1,-1,1,-1,1,0,0,-1,1,1,-1,-1,1,-1,1,-1,1,0,0,1,-1,-1,1,0,0,0,0,0,0,-1,1,-1,1,1,-1,-1,1,-1,1,-1,1,1,-1,-1,1,-1,1,0,0,1,-1,0,0,0,0,1,-1,-1,1,-1,1,-1,1,-1,1,-1,1,0,0,1,-1,0,0,-1,1,-1,1,-1,1,-1,1,-1,1,0,0,-1,1,-1,1,0,0,1,-1,-1,1,1,-1,0,0,1,-1,-1,1,1,-1,-1,1,1,-1,-1,1,-1,1,-1,1,-1,1,0,0,-1,1,-1,1
2024-09-17 08:30:00,Retail Sales MoM,tv,0.026081802015411975,0.03867403314917127,0.08240445496319532,99.0,YM,timed,900.0,0.0,-22.5,0,0,-1,1,-1,1,-1,0,-1,1,1,-1,1,-1,-1,1,-1,1,-1,1,1,-1,0,0,0,0,-1,1,0,0,-1,1,-1,1,1,-1,0,0,1,-1,0,0,0,0,-1,1,-1,1,0,0,0,-1,0,1,0,0,0,0,-1,1,-1,1,-1,1,0,0,-1,1,1,-1,-1,1,-1,1,-1,1,1,-1,-1,1,0,0,-1,1,-1,1,-1,1,-1,1,-1,1,0,0,0,0,-1,1,-1,1,0,0,1,-1,-1,1,-1,1,-1,1,1,-1,-1,1,-1,1,0,0,1,-1,-1,1,0,0,0,0,0,0,0,0,0,0,0,0,0,0,0,0,-1,1,0,0,-1,1,1,-1,1,-1,-1,1,-1,1,-1,1,-1,1,-1,1,-1,1,-1,1,0,0,0,0,-1,1,0,0,-1,1,-1,0,-1,1,-1,1,0,0,-1,1,1,-1,-1,1,-1,1,-1,1,0,0,0,0,0,0,0,0,-1,1,1,-1,1,-1,1,-1,1,-1,1,-1,-1,1,0,0,1,-1,-1,1,1,-1,-1,1,-1,1,0,0,-1,1,-1,1,0,0,0,0,0,0,-1,1,-1,1,1,-1,-1,1,-1,1,1,-1,1,-1,-1,1,-1,1,0,0,1,-1,0,0,0,0,-1,1,-1,1,1,-1,1,-1,-1,1,-1,1,0,0,-1,1,0,0,0,0,-1,1,-1,1,-1,1,-1,1,0,0,-1,1,-1,1,0,0,1,-1,-1,1,1,-1,0,0,-1,1,-1,1,1,-1,-1,1,1,-1,-1,1,-1,1,-1,1,-1,1,0,0,0,0,-1,1
2024-09-18 14:00:00,Fed Interest Rate Decision,schedule,0.7020299374122463,0.11808356488392095,0.16689230585140563,68.0,YM,stopped_post,0.0,-210.1050000000032,-232.6050000000032,0,0,-1,1,1,-1,0,2,-1,1,1,-1,1,-1,-1,1,-1,1,-1,1,1,-1,0,0,0,0,-1,1,0,0,-1,1,-1,1,-1,1,0,0,-1,1,0,0,-1,1,-1,1,1,-1,0,0,0,1,0,1,0,0,0,0,1,-1,-1,1,-1,1,0,0,-1,1,-1,1,-1,1,-1,1,1,-1,1,-1,-1,1,0,2,-1,1,-1,1,-1,1,-1,1,-1,1,-1,1,0,0,0,0,-1,1,-1,1,-1,1,-1,1,-1,1,-1,1,-1,1,-1,1,-1,1,0,0,-1,1,0,0,0,0,0,0,-1,1,-1,1,0,0,0,0,-1,1,0,0,-1,1,-1,1,-1,1,1,-1,-1,1,-1,1,-1,1,1,-1,-1,1,-1,1,-1,1,1,-1,0,2,0,0,-1,1,0,0,-1,1,-1,0,-1,1,-1,1,0,0,-1,1,-1,1,-1,1,1,-1,1,-1,1,-1,0,0,0,0,0,0,-1,1,0,0,-1,1,0,0,-1,1,-1,1,-1,1,0,0,-1,1,0,0,-1,1,-1,1,-1,1,0,0,1,-1,-1,1,0,0,0,0,0,0,-1,1,-1,1,1,-1,-1,1,1,-1,1,-1,1,-1,-1,1,-1,1,0,0,1,-1,0,0,0,0,1,-1,1,-1,-1,1,-1,1,-1,1,-1,1,0,0,1,-1,0,0,-1,1,-1,1,-1,1,-1,1,-1,1,0,0,1,-1,1,-1,0,0,-1,1,-1,1,1,-1,0,0,-1,1,-1,1,1,-1,-1,1,1,-1,-1,1,1,-1,-1,1,-1,1,0,0,-1,1,-1,1
2024-10-04 08:30:00,Non Farm Payrolls,schedule,0.13209416426852855,0.14644351464435146,0.20768077694388437,105.0,YM,timed,900.0,640.0,617.5,0,0,-1,1,1,-1,0,2,1,-1,1,-1,1,-1,1,-1,0,0,1,-1,1,-1,0,0,0,2,1,-1,0,0,-1,1,1,-1,1,-1,0,0,0,0,1,-1,1,-1,1,-1,1,-1,0,0,0,-1,0,-1,0,0,1,-1,1,-1,1,-1,1,-1,0,0,1,-1,1,-1,-1,1,0,0,1,-1,1,-1,-1,1,0,0,1,-1,1,-1,1,-1,1,-1,1,-1,0,0,1,-1,1,-1,1,-1,1,-1,1,-1,1,-1,1,-1,1,-1,1,-1,-1,1,1,-1,0,0,1,-1,1,-1,0,0,0,0,0,0,1,-1,0,0,0,0,1,-1,0,2,1,-1,1,-1,1,-1,1,-1,1,-1,1,-1,1,-1,1,-1,1,-1,1,-1,1,-1,1,-1,0,0,0,0,1,-1,1,-1,1,-1,1,0,1,-1,1,-1,0,0,1,-1,1,-1,1,-1,1,-1,1,-1,0,0,0,0,0,0,0,0,1,-1,0,0,1,-1,0,0,1,-1,1,-1,1,-1,0,0,1,-1,1,-1,1,-1,1,-1,-1,1,1,-1,1,-1,1,-1,0,0,0,0,0,0,-1,1,1,-1,-1,1,1,-1,1,-1,1,-1,-1,1,0,0,1,-1,1,-1,1,-1,0,0,0,0,1,-1,-1,1,1,-1,1,-1,1,-1,1,-1,0,0,-1,1,0,0,1,-1,0,0,-1,1,1,-1,1,-1,0,0,1,-1,1,-1,0,0,1,-1,1,-1,1,-1,0,0,1,-1,1,-1,1,-1,0,0,1,-1,1,-1,-1,1,1,-1,-1,1,0,0,1,-1,1,-1
2024-10-10 08:30:00,Inflation Rate MoM,schedule,0.11218098532298774,0.08872903620526916,0.3159950498655788,96.0,YM,stopped_post,1.0,-213.93499999998312,-236.43499999998312,0,0,-1,1,1,-1,0,2,0,0,1,-1,1,-1,1,-1,0,0,1,-1,1,-1,0,0,0,0,-1,1,0,0,-1,1,-1,1,-1,1,0,0,1,-1,0,0,-1,1,-1,1,1,-1,0,0,0,-1,0,1,0,0,0,0,1,-1,-1,1,1,-1,0,0,-1,1,1,-1,-1,1,-1,1,1,-1,-1,1,-1,1,0,2,-1,1,-1,1,-1,1,-1,1,-1,1,0,0,0,0,-1,1,-1,1,0,0,0,0,-1,1,-1,1,-1,1,1,-1,-1,1,-1,1,-1,1,-1,1,-1,1,0,0,0,0,0,0,0,0,0,0,0,0,-1,1,0,0,1,-1,1,-1,1,-1,1,-1,-1,1,-1,1,-1,1,-1,1,-1,1,1,-1,-1,1,1,-1,0,0,0,0,-1,1,-1,1,-1,1,-1,0,-1,1,-1,1,0,2,-1,1,-1,1,-1,1,1,-1,1,-1,1,-1,0,0,0,0,0,0,-1,1,0,0,1,-1,0,0,1,-1,1,-1,-1,1,0,0,-1,1,0,0,1,-1,-1,1,-1,1,0,0,-1,1,-1,1,0,0,0,0,0,0,-1,1,-1,1,1,-1,-1,1,-1,1,1,-1,1,-1,0,0,-1,1,1,-1,1,-1,0,0,0,0,1,-1,-1,1,1,-1,-1,1,-1,1,-1,1,0,0,1,-1,0,0,-1,1,0,0,-1,1,-1,1,-1,1,0,0,1,-1,1,-1,0,0,-1,1,-1,1,1,-1,0,0,-1,1,-1,1,1,-1,0,0,1,-1,-1,1,-1,1,0,0,1,-1,0,0,-1,1,-1,1
2024-10-17 08:30:00,Retail Sales MoM,tv,0.004607127225818341,0.03813754298932524,0.08240445496319532,100.0,YM,timed,900.0,-40.0,-62.5,0,2,-1,1,1,-1,1,0,1,-1,1,-1,1,-1,1,-1,1,-1,1,-1,1,-1,0,0,0,2,1,-1,0,0,1,-1,1,-1,1,-1,0,0,0,0,0,0,0,0,1,-1,1,-1,0,2,0,-1,0,-1,0,0,1,-1,1,-1,-1,1,-1,1,0,0,1,-1,1,-1,1,-1,1,-1,1,-1,-1,1,1,-1,0,2,1,-1,1,-1,1,-1,1,-1,1,-1,1,-1,0,0,1,-1,1,-1,1,-1,1,-1,1,-1,1,-1,1,-1,1,-1,1,-1,1,-1,0,0,1,-1,1,-1,0,0,0,0,0,0,1,-1,0,0,0,0,0,0,0,0,1,-1,1,-1,1,-1,0,0,1,-1,1,-1,1,-1,-1,1,1,-1,1,-1,1,-1,-1,1,0,0,0,0,1,-1,0,0,1,-1,1,0,1,-1,1,-1,0,0,1,-1,-1,1,1,-1,-1,1,1,-1,0,0,0,0,0,0,0,0,1,-1,1,-1,1,-1,1,-1,1,-1,1,-1,1,-1,0,0,1,-1,0,0,1,-1,1,-1,1,-1,1,-1,-1,1,1,-1,0,0,0,0,0,0,1,-1,1,-1,1,-1,-1,1,-1,1,1,-1,-1,1,1,-1,1,-1,1,-1,-1,1,0,0,0,0,1,-1,-1,1,1,-1,1,-1,1,-1,1,-1,0,0,-1,1,0,0,0,0,1,-1,-1,1,1,-1,1,-1,0,0,1,-1,1,-1,0,2,1,-1,1,-1,-1,1,0,0,-1,1,1,-1,1,-1,1,-1,1,-1,1,-1,-1,1,1,-1,1,-1,0,0,0,0,1,-1
2024-11-01 08:30:00,Non Farm Payrolls,schedule,0.05465130093857669,0.14101968076863475,0.1847833097649302,106.0,YM,stopped_post,1.0,-210.50999999999476,-233.00999999999476,0,0,1,-1,-1,1,1,0,-1,1,1,-1,1,-1,-1,1,-1,1,-1,1,1,-1,0,0,0,2,-1,1,0,0,1,-1,1,-1,1,-1,0,0,0,0,0,0,1,-1,1,-1,1,-1,0,0,0,-1,0,-1,0,0,1,-1,-1,1,1,-1,1,-1,0,0,-1,1,1,-1,1,-1,0,0,1,-1,1,-1,1,-1,0,2,1,-1,1,-1,1,-1,1,-1,-1,1,0,0,1,-1,0,0,-1,1,0,0,-1,1,1,-1,1,-1,1,-1,-1,1,1,-1,1,-1,1,-1,1,-1,1,-1,0,0,0,0,0,0,0,0,0,0,0,0,1,-1,0,0,-1,1,-1,1,-1,1,0,0,1,-1,1,-1,1,-1,1,-1,1,-1,1,-1,1,-1,-1,1,0,0,0,2,1,-1,1,-1,1,-1,1,0,1,-1,-1,1,0,0,1,-1,1,-1,1,-1,-1,1,1,-1,0,0,0,0,0,0,0,0,1,-1,0,0,1,-1,0,0,1,-1,1,-1,1,-1,0,0,1,-1,-1,1,1,-1,1,-1,1,-1,1,-1,-1,1,1,-1,0,0,0,0,0,0,1,-1,1,-1,1,-1,1,-1,1,-1,-1,1,-1,1,0,0,1,-1,0,0,-1,1,0,0,0,2,-1,1,-1,1,-1,1,1,-1,-1,1,1,-1,0,0,-1,1,0,0,1,-1,0,0,1,-1,1,-1,1,-1,0,0,1,-1,-1,1,0,2,1,-1,1,-1,1,-1,0,0,-1,1,1,-1,1,-1,0,0,1,-1,-1,1,-1,1,0,0,1,-1,0,0,1,-1,1,-1
2024-11-07 14:00:00,Fed Interest Rate Decision,schedule,0.013666492039268388,0.1195717158541225,0.1760218120436658,69.0,YM,stopped_post,20.0,-219.57500000000437,-242.07500000000437,0,2,1,-1,1,-1,0,2,0,0,1,-1,-1,1,1,-1,0,0,-1,1,1,-1,0,0,0,0,1,-1,0,0,1,-1,1,-1,1,-1,0,1,-1,1,1,-1,1,-1,1,-1,1,-1,0,0,0,-1,0,-1,0,0,1,-1,1,-1,-1,1,-1,1,0,0,1,-1,1,-1,1,-1,1,-1,1,-1,-1,1,1,-1,0,0,1,-1,1,-1,1,-1,1,-1,1,-1,1,-1,1,-1,1,-1,1,-1,0,0,0,0,1,-1,1,-1,1,-1,-1,1,1,-1,1,-1,1,-1,1,-1,1,-1,0,0,0,0,0,0,0,0,0,0,0,0,1,-1,0,0,-1,1,0,0,1,-1,-1,1,1,-1,1,-1,1,-1,-1,1,1,-1,1,-1,1,-1,-1,1,0,2,0,2,1,-1,1,-1,1,-1,1,0,1,-1,1,-1,0,0,1,-1,1,-1,1,-1,1,-1,1,-1,0,0,0,0,0,0,0,0,1,-1,0,0,1,-1,0,0,1,-1,1,-1,1,-1,0,0,1,-1,1,-1,-1,1,1,-1,1,-1,0,0,1,-1,1,-1,0,0,0,0,0,0,1,-1,1,-1,-1,1,-1,1,1,-1,1,-1,-1,1,0,0,1,-1,0,0,-1,1,0,2,0,0,-1,1,-1,1,-1,1,1,-1,1,-1,1,-1,0,0,-1,1,0,0,1,-1,0,0,1,-1,1,-1,1,-1,0,0,1,-1,1,-1,0,2,-1,1,1,-1,1,-1,0,0,-1,1,1,-1,-1,1,0,0,1,-1,1,-1,-1,1,0,0,1,-1,0,0,1,-1,-1,1
2024-11-13 08:30:00,Inflation Rate MoM,schedule,0.28416840956624534,0.09581113708657495,0.2633065455392499,97.0,YM,tp,49.0,879.6399999999994,857.1399999999994,0,0,-1,1,1,-1,0,2,1,-1,1,-1,1,-1,1,-1,0,0,1,-1,1,-1,0,0,0,2,-1,1,0,0,-1,1,1,-1,1,-1,0,0,1,-1,0,0,0,0,-1,1,1,-1,0,0,0,-1,0,0,0,0,1,-1,1,-1,1,-1,1,-1,0,0,1,-1,-1,1,-1,1,0,0,1,-1,1,-1,-1,1,0,0,1,-1,1,-1,-1,1,1,-1,1,-1,0,0,1,-1,1,-1,-1,1,1,-1,1,-1,1,-1,-1,1,1,-1,1,-1,1,-1,1,-1,0,0,1,-1,1,-1,0,0,0,0,0,0,1,-1,0,0,0,0,0,0,0,2,1,-1,1,-1,1,-1,1,-1,1,-1,1,-1,1,-1,-1,1,1,-1,-1,1,-1,1,-1,1,0,0,0,2,-1,1,0,0,1,-1,1,0,-1,1,1,-1,0,0,1,-1,1,-1,-1,1,-1,1,1,-1,-1,1,0,0,0,0,0,0,1,-1,0,0,-1,1,0,0,-1,1,-1,1,-1,1,0,0,-1,1,0,0,1,-1,1,-1,-1,1,1,-1,-1,1,0,0,0,0,0,0,0,0,-1,1,1,-1,1,-1,1,-1,1,-1,1,-1,1,-1,1,-1,-1,1,0,0,-1,1,0,0,0,2,1,-1,1,-1,1,-1,1,-1,1,-1,1,-1,0,0,1,-1,0,0,0,0,1,-1,-1,1,-1,1,-1,1,0,2,1,-1,1,-1,0,0,-1,1,1,-1,-1,1,0,0,-1,1,1,-1,1,-1,1,-1,1,-1,-1,1,1,-1,1,-1,1,-1,0,0,0,0,1,-1
2024-11-15 08:30:00,Retail Sales MoM,tv,0.03885625471417796,0.037601052829479224,0.07985329229808794,101.0,YM,timed,900.0,-65.0,-87.5,0,0,1,-1,1,-1,0,2,-1,1,1,-1,1,-1,-1,1,-1,1,-1,1,1,-1,0,0,0,2,-1,1,0,0,1,-1,1,-1,1,-1,0,0,1,-1,0,0,0,0,1,-1,-1,1,0,0,0,-1,0,0,0,0,0,0,-1,1,1,-1,-1,1,0,0,-1,1,-1,1,1,-1,0,0,1,-1,1,-1,1,-1,0,2,1,-1,1,-1,-1,1,0,0,-1,1,0,0,1,-1,1,-1,-1,1,0,0,0,0,-1,1,1,-1,-1,1,-1,1,1,-1,1,-1,0,0,1,-1,1,-1,0,0,0,0,0,0,0,0,0,0,0,0,1,-1,0,2,-1,1,-1,1,-1,1,0,0,1,-1,1,-1,1,-1,1,-1,1,-1,1,-1,-1,1,-1,1,0,0,0,2,1,-1,0,0,-1,1,1,0,1,-1,-1,1,0,0,1,-1,1,-1,1,-1,-1,1,1,-1,0,0,0,0,0,0,0,0,1,-1,0,0,-1,1,-1,1,-1,1,-1,1,1,-1,0,0,1,-1,-1,1,1,-1,1,-1,1,-1,1,-1,-1,1,1,-1,0,0,0,0,0,0,1,-1,1,-1,1,-1,1,-1,1,-1,-1,1,-1,1,0,0,-1,1,0,0,1,-1,0,0,0,0,-1,1,1,-1,-1,1,1,-1,-1,1,1,-1,0,0,-1,1,0,0,0,0,0,0,-1,1,-1,1,1,-1,0,0,1,-1,-1,1,0,0,1,-1,1,-1,1,-1,0,0,-1,1,1,-1,1,-1,0,0,1,-1,-1,1,1,-1,0,0,-1,1,0,0,0,0,1,-1
2024-12-06 08:30:00,Non Farm Payrolls,schedule,0.16289188887649222,0.135595846892918,0.17399035212078756,107.0,YM,timed,899.0,510.0,487.5,0,0,-1,1,-1,1,0,2,-1,1,1,-1,-1,1,-1,1,-1,1,-1,1,-1,1,0,0,0,0,-1,1,0,0,-1,1,-1,1,-1,1,0,0,-1,1,0,0,0,0,-1,1,-1,1,0,0,0,-1,0,1,0,0,0,0,1,-1,-1,1,-1,1,0,0,-1,1,-1,1,-1,1,0,0,-1,1,-1,1,-1,1,0,2,-1,1,-1,1,1,-1,-1,1,-1,1,0,0,0,0,1,-1,-1,1,-1,1,-1,1,1,-1,1,-1,-1,1,-1,1,1,-1,-1,1,0,0,-1,1,1,-1,0,0,0,0,-1,1,-1,1,0,0,0,0,0,0,0,0,-1,1,-1,1,-1,1,-1,1,-1,1,-1,1,-1,1,-1,1,-1,1,1,-1,1,-1,1,-1,0,0,0,0,-1,1,0,0,-1,1,-1,0,-1,1,-1,1,0,0,-1,1,-1,1,-1,1,1,-1,1,-1,-1,1,0,0,0,0,0,0,-1,1,0,0,-1,1,0,0,-1,1,-1,1,-1,1,0,0,-1,1,-1,1,-1,1,-1,1,-1,1,-1,1,1,-1,-1,1,0,0,0,0,0,0,-1,1,-1,1,-1,1,-1,1,1,-1,-1,1,1,-1,-1,1,-1,1,-1,1,-1,1,0,0,0,0,1,-1,-1,1,-1,1,-1,1,-1,1,-1,1,0,0,-1,1,0,0,0,0,-1,1,1,-1,-1,1,1,-1,0,0,1,-1,1,-1,0,0,-1,1,-1,1,1,-1,0,0,-1,1,-1,1,-1,1,-1,1,1,-1,-1,1,-1,1,-1,1,-1,1,0,0,-1,1,-1,1
2024-12-11 08:30:00,Inflation Rate MoM,schedule,0.12632243802305385,0.09632702893453288,0.2633065455392499,98.0,YM,timed,900.0,510.0,487.5,0,0,1,-1,-1,1,1,0,-1,1,1,-1,1,-1,-1,1,0,0,-1,1,1,-1,0,0,0,0,-1,1,0,0,1,-1,1,-1,1,-1,0,0,0,0,-1,1,0,0,1,-1,1,-1,0,0,0,-1,0,-1,0,0,0,0,-1,1,1,-1,-1,1,0,0,-1,1,-1,1,1,-1,0,0,-1,1,1,-1,1,-1,0,0,1,-1,1,-1,1,-1,1,-1,-1,1,1,-1,1,-1,0,0,-1,1,0,0,-1,1,1,-1,1,-1,1,-1,-1,1,1,-1,1,-1,1,-1,1,-1,1,-1,0,0,0,0,0,0,0,0,0,0,0,0,1,-1,0,0,-1,1,0,0,-1,1,-1,1,1,-1,1,-1,1,-1,1,-1,1,-1,1,-1,-1,1,1,-1,0,0,0,2,1,-1,0,0,1,-1,1,0,1,-1,-1,1,0,0,1,-1,-1,1,1,-1,1,-1,-1,1,-1,1,0,0,0,0,0,0,1,-1,0,0,-1,1,0,0,-1,1,-1,1,1,-1,0,0,1,-1,-1,1,1,-1,1,-1,1,-1,1,-1,1,-1,1,-1,0,0,0,0,0,0,1,-1,1,-1,-1,1,1,-1,1,-1,-1,1,-1,1,0,0,-1,1,1,-1,1,-1,0,2,0,0,-1,1,-1,1,-1,1,1,-1,1,-1,1,-1,0,0,-1,1,0,0,0,0,0,0,1,-1,-1,1,1,-1,0,0,-1,1,-1,1,0,0,1,-1,1,-1,1,-1,0,0,1,-1,1,-1,1,-1,0,0,-1,1,-1,1,-1,1,0,0,-1,1,0,0,0,0,1,-1
2024-12-17 08:30:00,Retail Sales MoM,tv,0.022704052673402204,0.03813754298932524,0.07249327269459974,102.0,YM,timed,900.0,-95.0,-117.5,0,0,1,-1,1,-1,1,0,0,0,1,-1,-1,1,-1,1,0,0,-1,1,1,-1,0,0,0,0,1,-1,0,0,1,-1,1,-1,1,-1,0,0,0,0,0,0,1,-1,1,-1,1,-1,0,2,0,-1,0,-1,0,0,1,-1,1,-1,1,-1,-1,1,0,0,1,-1,-1,1,1,-1,1,-1,1,-1,-1,1,1,-1,0,2,1,-1,1,-1,1,-1,1,-1,1,-1,1,-1,0,0,0,0,1,-1,0,0,-1,1,1,-1,1,-1,1,-1,-1,1,1,-1,1,-1,0,0,1,-1,0,0,0,0,0,0,0,0,0,0,0,0,0,0,1,-1,0,0,-1,1,-1,1,-1,1,0,0,1,-1,1,-1,1,-1,-1,1,1,-1,1,-1,1,-1,-1,1,0,0,0,0,1,-1,1,-1,1,-1,1,0,1,-1,1,-1,0,0,1,-1,1,-1,1,-1,-1,1,1,-1,0,0,0,0,0,0,0,0,1,-1,-1,1,-1,1,-1,1,-1,1,-1,1,1,-1,0,0,1,-1,1,-1,-1,1,1,-1,1,-1,0,0,1,-1,1,-1,0,0,0,0,0,0,1,-1,1,-1,1,-1,1,-1,1,-1,1,-1,-1,1,0,0,1,-1,-1,1,-1,1,0,0,0,0,-1,1,-1,1,-1,1,1,-1,1,-1,1,-1,0,0,-1,1,0,0,1,-1,0,0,1,-1,1,-1,1,-1,0,0,1,-1,1,-1,0,2,1,-1,1,-1,1,-1,0,0,-1,1,1,-1,-1,1,0,0,1,-1,1,-1,-1,1,0,0,1,-1,0,0,1,-1,1,-1
2024-12-18 14:00:00,Fed Interest Rate Decision,schedule,0.23340660336740013,0.11808356488392095,0.1760218120436658,70.0,YM,stopped_post,1.0,-220.62000000001717,-243.12000000001717,0,0,-1,1,1,-1,0,2,1,-1,-1,1,1,-1,1,-1,1,-1,1,-1,-1,1,0,0,0,2,1,-1,0,0,1,-1,-1,1,-1,1,0,0,0,0,0,0,0,0,1,-1,1,-1,0,0,0,-1,0,0,0,0,-1,1,1,-1,1,-1,1,-1,0,0,1,-1,1,-1,1,-1,0,0,1,-1,1,-1,-1,1,0,0,1,-1,-1,1,1,-1,0,0,1,-1,0,0,-1,1,-1,1,1,-1,1,-1,1,-1,1,-1,-1,1,1,-1,1,-1,-1,1,1,-1,0,0,-1,1,0,0,0,0,0,0,0,0,1,-1,0,0,0,0,0,0,0,0,1,-1,0,0,1,-1,1,-1,-1,1,1,-1,1,-1,-1,1,1,-1,-1,1,-1,1,1,-1,0,0,0,0,1,-1,0,0,1,-1,1,0,-1,1,1,-1,0,0,-1,1,1,-1,1,-1,-1,1,1,-1,-1,1,0,0,0,0,0,0,-1,1,0,0,1,-1,0,0,1,-1,1,-1,-1,1,0,0,-1,1,1,-1,1,-1,1,-1,-1,1,0,0,1,-1,1,-1,0,0,0,0,0,0,-1,1,1,-1,-1,1,1,-1,-1,1,1,-1,-1,1,1,-1,1,-1,0,0,1,-1,0,0,0,2,1,-1,-1,1,1,-1,-1,1,1,-1,-1,1,0,0,1,-1,0,0,0,0,1,-1,-1,1,1,-1,1,-1,0,0,1,-1,1,-1,0,0,-1,1,1,-1,-1,1,0,0,-1,1,1,-1,1,-1,1,-1,1,-1,1,-1,-1,1,0,0,1,-1,0,0,0,0,1,-1
2025-01-10 08:30:00,Non Farm Payrolls,schedule,0.6442125901547511,0.14101968076863475,0.16629591984405034,108.0,YM,stopped_post,0.0,-214.17499999999563,-236.67499999999563,0,0,-1,1,-1,1,0,2,-1,1,1,-1,1,-1,-1,1,-1,1,-1,1,1,-1,0,0,0,0,-1,1,0,0,-1,1,-1,1,-1,1,0,0,-1,1,0,0,0,0,-1,1,-1,1,0,0,0,-1,0,0,0,0,0,0,-1,1,-1,1,-1,1,0,0,-1,1,1,-1,-1,1,-1,1,-1,1,-1,1,-1,1,0,0,-1,1,-1,1,-1,1,-1,1,-1,1,0,0,0,0,0,0,-1,1,-1,1,-1,1,-1,1,-1,1,-1,1,-1,1,-1,1,-1,1,0,0,-1,1,-1,1,0,0,0,0,0,0,-1,1,0,0,0,0,-1,1,0,0,-1,1,0,0,-1,1,1,-1,-1,1,-1,1,-1,1,-1,1,-1,1,-1,1,-1,1,1,-1,0,0,0,0,-1,1,0,0,-1,1,-1,0,-1,1,-1,1,0,0,-1,1,-1,1,-1,1,1,-1,-1,1,0,0,0,0,0,0,0,0,-1,1,0,0,1,-1,0,0,1,-1,1,-1,-1,1,0,0,-1,1,-1,1,-1,1,-1,1,-1,1,-1,1,1,-1,-1,1,0,0,0,0,0,0,-1,1,-1,1,-1,1,-1,1,-1,1,-1,1,1,-1,-1,1,-1,1,-1,1,-1,1,0,0,0,0,-1,1,-1,1,1,-1,-1,1,-1,1,-1,1,0,0,1,-1,0,0,0,0,-1,1,-1,1,-1,1,-1,1,0,0,-1,1,-1,1,0,0,1,-1,-1,1,-1,1,0,0,1,-1,-1,1,1,-1,-1,1,-1,1,-1,1,-1,1,-1,1,-1,1,0,0,-1,1,-1,1
2025-01-15 08:30:00,Inflation Rate MoM,schedule,0.5096104621398986,0.09684292078249081,0.24823220468282378,99.0,YM,tp,1.0,859.2599999999948,836.7599999999948,0,0,1,-1,1,-1,0,2,-1,1,1,-1,1,-1,1,-1,0,0,1,-1,1,-1,0,0,0,0,-1,1,0,0,1,-1,1,-1,1,-1,0,0,1,-1,0,0,0,0,1,-1,1,-1,0,0,0,-1,0,0,0,0,1,-1,1,-1,-1,1,1,-1,0,0,-1,1,1,-1,1,-1,0,0,1,-1,1,-1,1,-1,0,0,1,-1,1,-1,-1,1,1,-1,1,-1,1,-1,1,-1,1,-1,1,-1,1,-1,0,0,1,-1,1,-1,1,-1,1,-1,1,-1,1,-1,1,-1,1,-1,0,0,0,2,0,0,0,0,1,-1,0,0,0,2,0,0,0,0,1,-1,1,-1,-1,1,-1,1,1,-1,1,-1,1,-1,1,-1,1,-1,1,-1,-1,1,1,-1,0,0,0,0,1,-1,0,0,1,-1,1,0,1,-1,1,-1,0,0,1,-1,-1,1,1,-1,1,-1,-1,1,1,-1,0,0,0,0,0,0,1,-1,1,-1,1,-1,1,-1,1,-1,1,-1,1,-1,0,0,1,-1,0,0,1,-1,1,-1,1,-1,1,-1,1,-1,1,-1,0,0,0,0,0,0,1,-1,1,-1,1,-1,-1,1,1,-1,-1,1,1,-1,1,-1,1,-1,1,-1,1,-1,0,0,0,2,-1,1,-1,1,-1,1,1,-1,-1,1,1,-1,0,0,-1,1,0,0,0,0,0,0,-1,1,-1,1,1,-1,0,0,-1,1,1,-1,0,2,1,-1,1,-1,1,-1,0,0,1,-1,0,0,1,-1,1,-1,1,-1,1,-1,-1,1,0,0,1,-1,0,0,0,0,1,-1
2025-01-16 08:30:00,Retail Sales MoM,tv,0.002307284095890727,0.037601052829479224,0.06087151967048108,103.0,YM,stopped_post,395.0,-216.73500000000786,-239.23500000000786,0,2,1,-1,1,-1,1,0,-1,1,1,-1,-1,1,-1,1,0,0,1,-1,1,-1,0,0,0,0,-1,1,0,0,1,-1,1,-1,1,-1,0,1,0,0,0,0,1,-1,1,-1,1,-1,0,0,0,-1,0,-1,0,0,1,-1,1,-1,1,-1,1,-1,0,0,1,-1,0,0,1,-1,1,-1,1,-1,1,-1,1,-1,0,0,1,-1,1,-1,1,-1,1,-1,1,-1,1,-1,1,-1,1,-1,1,-1,0,0,-1,1,1,-1,1,-1,1,-1,-1,1,1,-1,1,-1,1,-1,1,-1,1,-1,0,0,0,0,0,0,0,0,0,0,0,0,1,-1,0,0,1,-1,-1,1,1,-1,0,0,1,-1,1,-1,1,-1,-1,1,1,-1,1,-1,1,-1,1,-1,0,0,0,0,1,-1,1,-1,1,-1,1,0,1,-1,1,-1,0,0,1,-1,-1,1,1,-1,-1,1,1,-1,0,0,0,0,0,0,0,0,1,-1,0,0,1,-1,0,0,1,-1,1,-1,1,-1,0,0,1,-1,-1,1,1,-1,1,-1,1,-1,0,0,1,-1,1,-1,0,0,0,0,0,0,1,-1,1,-1,-1,1,-1,1,1,-1,1,-1,-1,1,0,0,1,-1,0,0,-1,1,0,2,0,2,-1,1,-1,1,1,-1,1,-1,1,-1,1,-1,0,0,-1,1,0,0,1,-1,0,0,1,-1,1,-1,1,-1,0,0,1,-1,1,-1,0,2,1,-1,1,-1,1,-1,0,0,1,-1,1,-1,-1,1,0,0,-1,1,1,-1,-1,1,0,0,1,-1,0,0,1,-1,-1,1
2025-01-29 14:00:00,Fed Interest Rate Decision,schedule,0.22030352930704528,0.1195717158541225,0.1760218120436658,71.0,YM,stopped_post,0.0,-224.7899999999936,-247.2899999999936,0,0,1,-1,1,-1,0,2,1,-1,-1,1,-1,1,1,-1,0,0,-1,1,-1,1,0,0,0,2,1,-1,0,0,1,-1,1,-1,-1,1,0,0,0,0,0,0,0,0,1,-1,1,-1,0,0,0,-1,0,0,0,0,0,0,1,-1,1,-1,1,-1,0,0,1,-1,-1,1,1,-1,1,-1,1,-1,-1,1,1,-1,0,0,-1,1,1,-1,1,-1,1,-1,-1,1,0,0,0,0,-1,1,1,-1,0,0,1,-1,-1,1,1,-1,1,-1,-1,1,1,-1,1,-1,0,0,1,-1,-1,1,0,0,0,0,0,0,0,0,0,0,0,0,0,0,0,0,-1,1,1,-1,-1,1,-1,1,-1,1,1,-1,1,-1,1,-1,1,-1,1,-1,1,-1,-1,1,0,0,0,2,1,-1,0,0,1,-1,1,0,1,-1,1,-1,0,0,1,-1,1,-1,1,-1,1,-1,1,-1,0,0,0,0,0,0,0,0,1,-1,0,0,-1,1,0,0,-1,1,-1,1,1,-1,0,0,1,-1,1,-1,-1,1,1,-1,1,-1,0,0,1,-1,1,-1,0,0,0,0,0,0,1,-1,1,-1,-1,1,1,-1,1,-1,1,-1,-1,1,0,0,1,-1,0,0,-1,1,0,0,0,2,1,-1,1,-1,1,-1,1,-1,-1,1,1,-1,0,0,-1,1,0,0,1,-1,0,0,1,-1,1,-1,1,-1,0,0,1,-1,1,-1,0,2,1,-1,1,-1,-1,1,0,0,-1,1,1,-1,-1,1,1,-1,1,-1,1,-1,1,-1,0,0,1,-1,0,0,0,0,1,-1
2025-02-07 08:30:00,Non Farm Payrolls,schedule,0.09589224387850676,0.14644351464435146,0.16629591984405034,109.0,YM,stopped_post,18.0,-224.22500000000582,-246.72500000000582,0,0,-1,1,-1,1,0,2,-1,1,-1,1,-1,1,-1,1,0,0,-1,1,-1,1,0,0,0,2,-1,1,0,0,-1,1,-1,1,-1,1,0,0,1,-1,0,0,-1,1,-1,1,-1,1,0,0,0,1,0,1,0,0,0,0,-1,1,-1,1,-1,1,0,0,-1,1,-1,1,-1,1,-1,1,-1,1,-1,1,-1,1,0,2,-1,1,-1,1,1,-1,-1,1,-1,1,-1,1,-1,1,0,0,-1,1,-1,1,-1,1,-1,1,-1,1,-1,1,-1,1,-1,1,-1,1,-1,1,-1,1,-1,1,0,0,0,0,0,0,-1,1,0,0,0,0,-1,1,0,2,-1,1,-1,1,0,0,-1,1,-1,1,-1,1,-1,1,1,-1,-1,1,1,-1,1,-1,1,-1,0,2,0,2,-1,1,0,0,-1,1,-1,0,-1,1,-1,1,0,2,-1,1,-1,1,-1,1,-1,1,-1,1,1,-1,0,0,0,0,0,0,-1,1,0,0,1,-1,0,0,-1,1,-1,1,-1,1,0,0,-1,1,-1,1,-1,1,-1,1,-1,1,-1,1,1,-1,-1,1,0,0,0,0,0,0,-1,1,-1,1,-1,1,-1,1,-1,1,-1,1,-1,1,-1,1,-1,1,-1,1,1,-1,0,2,0,0,1,-1,1,-1,1,-1,-1,1,-1,1,-1,1,0,0,1,-1,0,0,-1,1,-1,1,1,-1,-1,1,-1,1,0,0,-1,1,-1,1,0,0,1,-1,-1,1,1,-1,0,0,1,-1,-1,1,-1,1,-1,1,1,-1,-1,1,1,-1,-1,1,-1,1,0,0,0,0,-1,1
2025-02-12 08:30:00,Inflation Rate MoM,schedule,0.8437213257838552,0.09737108307123725,0.2633065455392499,100.0,YM,stopped_post,1.0,-223.43000000000757,-245.93000000000757,0,0,-1,1,1,-1,1,0,1,-1,1,-1,1,-1,1,-1,1,-1,1,-1,1,-1,0,0,0,2,1,-1,0,0,1,-1,-1,1,-1,1,0,0,0,0,0,0,0,0,-1,1,-1,1,0,0,0,-1,0,0,0,0,0,0,1,-1,1,-1,1,-1,0,0,1,-1,1,-1,-1,1,0,0,-1,1,1,-1,-1,1,0,0,1,-1,-1,1,-1,1,-1,1,1,-1,0,0,0,0,-1,1,1,-1,1,-1,1,-1,1,-1,-1,1,1,-1,1,-1,-1,1,-1,1,0,0,1,-1,0,0,0,0,0,0,0,0,1,-1,0,0,0,0,-1,1,0,0,1,-1,1,-1,1,-1,1,-1,-1,1,1,-1,1,-1,-1,1,1,-1,-1,1,-1,1,-1,1,0,0,0,2,1,-1,-1,1,1,-1,1,0,-1,1,1,-1,0,0,1,-1,-1,1,1,-1,1,-1,-1,1,0,0,0,0,0,0,0,0,-1,1,0,0,1,-1,0,0,1,-1,1,-1,-1,1,0,0,1,-1,0,0,1,-1,-1,1,-1,1,1,-1,1,-1,-1,1,0,0,0,0,0,0,-1,1,1,-1,1,-1,1,-1,1,-1,-1,1,1,-1,1,-1,1,-1,1,-1,-1,1,0,0,0,2,1,-1,-1,1,1,-1,-1,1,1,-1,-1,1,0,0,1,-1,0,0,-1,1,1,-1,-1,1,-1,1,-1,1,0,0,-1,1,-1,1,0,0,-1,1,1,-1,1,-1,0,0,1,-1,1,-1,1,-1,0,0,-1,1,1,-1,-1,1,0,0,1,-1,0,0,-1,1,1,-1
2025-02-14 08:30:00,Retail Sales MoM,tv,0.02012477359629704,0.03742200496013612,0.04809197444065266,104.0,YM,timed,900.0,70.0,47.5,0,0,-1,1,-1,1,-1,0,1,-1,-1,1,-1,1,1,-1,0,0,1,-1,-1,1,0,0,0,0,1,-1,0,0,-1,1,-1,1,-1,1,0,0,1,-1,-1,1,-1,1,-1,1,-1,1,0,0,0,1,0,1,0,0,-1,1,-1,1,-1,1,-1,1,0,0,-1,1,0,0,-1,1,0,0,-1,1,-1,1,-1,1,0,0,-1,1,-1,1,-1,1,-1,1,-1,1,-1,1,-1,1,-1,1,1,-1,0,0,1,-1,1,-1,-1,1,1,-1,1,-1,-1,1,-1,1,-1,1,-1,1,-1,1,0,0,0,0,0,0,1,-1,0,0,0,0,-1,1,0,0,-1,1,1,-1,1,-1,1,-1,-1,1,-1,1,-1,1,1,-1,-1,1,-1,1,-1,1,1,-1,0,0,0,2,-1,1,-1,1,-1,1,-1,0,-1,1,1,-1,0,0,-1,1,-1,1,-1,1,1,-1,-1,1,1,-1,0,0,0,0,0,0,-1,1,-1,1,-1,1,0,0,1,-1,-1,1,-1,1,0,0,-1,1,1,-1,-1,1,-1,1,-1,1,1,-1,1,-1,-1,1,0,0,0,0,0,0,-1,1,-1,1,1,-1,-1,1,-1,1,-1,1,1,-1,0,0,1,-1,1,-1,1,-1,0,0,0,2,1,-1,1,-1,1,-1,-1,1,1,-1,-1,1,0,0,1,-1,0,0,-1,1,0,0,-1,1,-1,1,-1,1,0,0,-1,1,-1,1,0,0,-1,1,1,-1,1,-1,0,0,1,-1,-1,1,-1,1,0,0,1,-1,1,-1,1,-1,0,0,-1,1,0,0,-1,1,-1,1
2025-03-07 08:30:00,Non Farm Payrolls,schedule,0.4460408009953753,0.14101968076863475,0.1558064441408041,110.0,YM,stopped_post,0.0,-213.05499999998574,-235.55499999998574,0,0,1,-1,1,-1,0,2,-1,1,1,-1,-1,1,-1,1,-1,1,-1,1,1,-1,0,0,0,2,-1,1,0,0,1,-1,1,-1,1,-1,0,0,-1,1,1,-1,0,0,1,-1,1,-1,0,0,0,-1,0,0,0,0,0,0,1,-1,-1,1,-1,1,0,0,-1,1,-1,1,1,-1,1,-1,1,-1,-1,1,1,-1,0,0,-1,1,1,-1,-1,1,1,-1,-1,1,0,0,1,-1,-1,1,-1,1,0,0,-1,1,-1,1,1,-1,-1,1,-1,1,1,-1,1,-1,0,0,1,-1,0,0,0,0,0,0,0,0,-1,1,0,0,0,0,0,0,0,0,-1,1,-1,1,-1,1,-1,1,1,-1,1,-1,1,-1,1,-1,1,-1,1,-1,-1,1,-1,1,0,0,0,0,-1,1,0,0,-1,1,1,0,1,-1,-1,1,0,0,1,-1,1,-1,1,-1,1,-1,1,-1,1,-1,0,0,0,0,0,0,1,-1,0,0,-1,1,0,0,-1,1,-1,1,1,-1,0,0,1,-1,1,-1,-1,1,1,-1,1,-1,-1,1,-1,1,1,-1,0,0,0,0,0,0,1,-1,1,-1,-1,1,-1,1,1,-1,1,-1,1,-1,0,0,1,-1,-1,1,-1,1,0,0,0,0,-1,1,1,-1,-1,1,1,-1,-1,1,1,-1,0,0,-1,1,0,0,1,-1,0,0,1,-1,-1,1,1,-1,0,0,1,-1,1,-1,0,0,1,-1,-1,1,1,-1,0,0,1,-1,-1,1,-1,1,0,0,1,-1,-1,1,1,-1,0,0,1,-1,0,0,0,0,1,-1
2025-03-12 08:30:00,Inflation Rate MoM,schedule,0.6040847636398504,0.09789924535998369,0.26708420478312267,101.0,YM,tp,1.0,834.3799999999828,811.8799999999828,0,0,-1,1,1,-1,0,2,1,-1,1,-1,1,-1,1,-1,1,-1,1,-1,1,-1,0,0,0,0,1,-1,0,0,-1,1,1,-1,1,-1,0,0,-1,1,0,0,0,0,-1,1,1,-1,0,0,0,-1,0,-1,0,0,0,0,1,-1,1,-1,1,-1,0,0,1,-1,1,-1,1,-1,0,0,1,-1,1,-1,-1,1,0,2,1,-1,1,-1,1,-1,1,-1,1,-1,0,0,0,0,0,0,1,-1,1,-1,0,0,1,-1,1,-1,1,-1,1,-1,-1,1,1,-1,0,0,1,-1,-1,1,0,0,0,0,0,0,1,-1,0,0,0,0,0,0,0,0,1,-1,0,0,1,-1,1,-1,1,-1,1,-1,1,-1,-1,1,1,-1,1,-1,1,-1,-1,1,0,0,0,0,1,-1,0,0,1,-1,1,0,1,-1,1,-1,0,0,1,-1,1,-1,1,-1,-1,1,1,-1,0,0,0,0,0,0,0,0,1,-1,0,0,1,-1,0,0,1,-1,1,-1,1,-1,0,0,-1,1,0,0,1,-1,1,-1,1,-1,1,-1,1,-1,1,-1,0,0,0,0,0,0,1,-1,1,-1,-1,1,1,-1,1,-1,1,-1,-1,1,0,0,1,-1,1,-1,1,-1,0,0,0,0,1,-1,1,-1,-1,1,1,-1,1,-1,1,-1,0,0,-1,1,0,0,1,-1,0,0,1,-1,1,-1,1,-1,0,0,1,-1,1,-1,0,0,1,-1,1,-1,1,-1,0,0,1,-1,1,-1,1,-1,0,0,1,-1,1,-1,1,-1,1,-1,1,-1,0,0,0,0,1,-1
2025-03-17 08:30:00,Retail Sales MoM,tv,0.048014596437316946,0.03724295709079301,0.04037802014293178,105.0,YM,timed,900.0,695.0,672.5,0,0,1,-1,-1,1,-1,0,-1,1,-1,1,-1,1,-1,1,0,0,-1,1,-1,1,0,0,0,2,-1,1,0,0,-1,1,-1,1,-1,1,0,0,1,-1,1,-1,0,0,1,-1,-1,1,0,2,0,-1,0,0,0,0,0,0,-1,1,-1,1,1,-1,0,0,1,-1,-1,1,1,-1,0,0,-1,1,-1,1,1,-1,0,2,-1,1,-1,1,1,-1,1,-1,-1,1,0,0,-1,1,-1,1,-1,1,-1,1,-1,1,1,-1,1,-1,-1,1,-1,1,1,-1,-1,1,0,0,1,-1,1,-1,0,0,0,0,0,0,-1,1,0,0,0,0,0,0,0,0,-1,1,-1,1,0,0,-1,1,-1,1,-1,1,1,-1,1,-1,-1,1,1,-1,1,-1,1,-1,0,0,0,0,1,-1,0,0,1,-1,1,0,1,-1,-1,1,0,0,-1,1,-1,1,-1,1,1,-1,-1,1,1,-1,0,0,0,0,0,0,-1,1,0,0,-1,1,0,0,-1,1,-1,1,1,-1,0,0,-1,1,0,0,-1,1,-1,1,1,-1,-1,1,-1,1,1,-1,0,0,0,0,0,0,1,-1,-1,1,-1,1,-1,1,-1,1,-1,1,-1,1,0,0,-1,1,-1,1,1,-1,0,0,0,2,1,-1,-1,1,-1,1,-1,1,1,-1,1,-1,0,0,1,-1,0,0,0,0,0,0,1,-1,1,-1,1,-1,0,0,1,-1,-1,1,0,2,-1,1,-1,1,-1,1,0,0,-1,1,1,-1,-1,1,0,0,-1,1,-1,1,-1,1,0,0,-1,1,0,0,0,0,1,-1
2025-03-19 14:00:00,Fed Interest Rate Decision,schedule,0.26407822425237315,0.12026906974907714,0.18665339109942897,72.0,YM,stopped_post,0.0,-210.24499999999534,-232.74499999999534,0,0,1,-1,1,-1,-1,0,-1,1,1,-1,-1,1,-1,1,0,0,-1,1,1,-1,0,0,0,0,-1,1,0,0,-1,1,-1,1,1,-1,0,0,0,0,0,0,0,0,-1,1,1,-1,0,0,0,-1,0,1,0,0,0,0,1,-1,-1,1,-1,1,0,0,-1,1,1,-1,-1,1,0,0,-1,1,1,-1,1,-1,0,0,-1,1,-1,1,-1,1,-1,1,-1,1,0,0,0,0,0,0,-1,1,-1,1,-1,1,-1,1,1,-1,-1,1,-1,1,1,-1,-1,1,0,0,1,-1,1,-1,0,0,0,0,0,0,-1,1,0,0,0,0,0,0,0,2,-1,1,-1,1,-1,1,1,-1,1,-1,-1,1,-1,1,-1,1,-1,1,1,-1,-1,1,1,-1,0,0,0,0,-1,1,0,0,-1,1,-1,0,-1,1,-1,1,0,0,-1,1,1,-1,-1,1,-1,1,-1,1,0,0,0,0,0,0,0,0,-1,1,0,0,1,-1,0,0,1,-1,1,-1,-1,1,0,0,-1,1,-1,1,-1,1,-1,1,-1,1,-1,1,-1,1,-1,1,0,0,0,0,0,0,-1,1,-1,1,1,-1,1,-1,-1,1,-1,1,1,-1,-1,1,-1,1,-1,1,1,-1,0,0,0,0,1,-1,-1,1,-1,1,1,-1,-1,1,-1,1,0,0,1,-1,0,0,1,-1,-1,1,1,-1,-1,1,-1,1,0,0,-1,1,1,-1,0,0,1,-1,-1,1,-1,1,0,0,-1,1,-1,1,-1,1,-1,1,1,-1,-1,1,-1,1,-1,1,1,-1,0,0,0,0,-1,1
2025-04-04 08:30:00,Non Farm Payrolls,schedule,0.007558578987150416,0.14644351464435146,0.1558064441408041,111.0,YM,tp,1.0,791.4199999999983,768.9199999999983,0,0,-1,1,-1,1,0,2,1,-1,-1,1,-1,1,1,-1,0,0,1,-1,-1,1,0,0,0,0,1,-1,0,0,-1,1,-1,1,-1,1,0,0,0,0,0,0,0,0,-1,1,-1,1,0,0,0,-1,0,0,0,0,-1,1,-1,1,1,-1,-1,1,0,0,1,-1,-1,1,-1,1,0,0,-1,1,1,-1,-1,1,0,0,1,-1,-1,1,-1,1,-1,1,1,-1,0,0,-1,1,1,-1,1,-1,0,0,0,0,1,-1,-1,1,1,-1,1,-1,-1,1,-1,1,0,0,-1,1,0,0,0,0,0,0,0,0,1,-1,0,0,0,0,-1,1,0,0,-1,1,1,-1,1,-1,-1,1,-1,1,-1,1,1,-1,-1,1,-1,1,-1,1,-1,1,1,-1,0,0,0,0,1,-1,-1,1,-1,1,-1,0,-1,1,1,-1,0,0,-1,1,1,-1,-1,1,-1,1,-1,1,0,0,0,0,0,0,0,0,-1,1,-1,1,-1,1,-1,1,-1,1,-1,1,-1,1,0,0,-1,1,1,-1,1,-1,1,-1,1,-1,0,0,1,-1,-1,1,0,0,0,0,0,0,-1,1,1,-1,-1,1,1,-1,1,-1,-1,1,1,-1,0,0,1,-1,0,0,-1,1,0,0,0,2,1,-1,-1,1,1,-1,-1,1,1,-1,-1,1,0,0,1,-1,0,0,-1,1,0,0,-1,1,-1,1,-1,1,0,0,-1,1,-1,1,0,0,-1,1,1,-1,-1,1,0,0,-1,1,1,-1,-1,1,0,0,-1,1,1,-1,-1,1,0,0,-1,1,0,0,0,0,-1,1
2025-04-10 08:30:00,Inflation Rate MoM,schedule,0.417329093799682,0.10127277044056113,0.3197727091094515,102.0,YM,tp,1.0,803.9600000000064,781.4600000000064,0,0,-1,1,-1,1,0,2,0,0,-1,1,-1,1,-1,1,-1,1,-1,1,-1,1,0,0,0,0,-1,1,-1,1,-1,1,-1,1,-1,1,0,-1,-1,1,0,0,-1,1,-1,1,-1,1,0,0,0,1,0,1,0,0,-1,1,-1,1,-1,1,-1,1,0,0,-1,1,0,0,-1,1,-1,1,-1,1,-1,1,-1,1,0,0,-1,1,-1,1,-1,1,-1,1,-1,1,0,0,-1,1,-1,1,-1,1,-1,1,-1,1,-1,1,-1,1,-1,1,-1,1,-1,1,-1,1,-1,1,-1,1,-1,1,0,0,0,0,0,0,-1,1,0,0,0,0,-1,1,0,2,-1,1,-1,1,-1,1,-1,1,-1,1,-1,1,-1,1,-1,1,-1,1,-1,1,1,-1,1,-1,0,2,0,2,-1,1,0,0,-1,1,-1,0,-1,1,-1,1,0,2,-1,1,-1,1,-1,1,1,-1,-1,1,0,0,0,0,0,0,0,0,-1,1,0,0,1,-1,0,0,1,-1,1,-1,-1,1,0,0,-1,1,0,0,-1,1,-1,1,-1,1,-1,1,1,-1,-1,1,0,0,0,0,0,0,-1,1,-1,1,-1,1,-1,1,-1,1,-1,1,1,-1,-1,1,1,-1,0,0,1,-1,0,0,0,0,1,-1,1,-1,-1,1,-1,1,-1,1,-1,1,0,0,1,-1,0,0,-1,1,-1,1,1,-1,-1,1,-1,1,0,0,-1,1,-1,1,0,0,-1,1,-1,1,1,-1,0,0,-1,1,-1,1,-1,1,-1,1,-1,1,-1,1,1,-1,-1,1,-1,1,0,0,-1,1,1,-1
2025-04-16 08:30:00,Retail Sales MoM,tv,0.012335019119279634,0.03742200496013612,0.04037802014293178,106.0,YM,stopped_post,677.0,-202.60999999998603,-225.10999999998603,0,0,1,-1,-1,1,0,2,-1,1,-1,1,1,-1,-1,1,0,0,1,-1,-1,1,0,0,0,2,-1,1,0,0,1,-1,-1,1,-1,1,0,0,1,-1,1,-1,0,0,-1,1,-1,1,0,0,0,1,0,1,0,2,0,0,-1,1,-1,1,-1,1,0,0,-1,1,0,0,-1,1,-1,1,-1,1,-1,1,1,-1,0,0,-1,1,-1,1,-1,1,-1,1,-1,1,0,0,-1,1,-1,1,-1,1,-1,1,-1,1,-1,1,1,-1,-1,1,-1,1,1,-1,-1,1,0,0,-1,1,0,0,0,0,0,0,0,0,-1,1,0,0,0,0,-1,1,0,2,-1,1,-1,1,-1,1,1,-1,-1,1,-1,1,-1,1,-1,1,-1,1,1,-1,-1,1,-1,1,0,0,0,0,-1,1,0,0,-1,1,-1,0,-1,1,-1,1,0,0,-1,1,-1,1,-1,1,-1,1,-1,1,-1,1,0,0,0,0,0,0,-1,1,0,0,1,-1,0,0,-1,1,-1,1,-1,1,0,0,-1,1,-1,1,1,-1,-1,1,-1,1,0,0,-1,1,-1,1,0,0,0,0,0,0,-1,1,-1,1,-1,1,-1,1,-1,1,-1,1,1,-1,-1,1,-1,1,0,0,1,-1,0,0,0,0,-1,1,-1,1,-1,1,-1,1,-1,1,-1,1,0,0,1,-1,0,0,-1,1,-1,1,1,-1,-1,1,-1,1,0,0,1,-1,-1,1,0,2,-1,1,-1,1,1,-1,0,0,1,-1,-1,1,1,-1,-1,1,-1,1,-1,1,-1,1,-1,1,-1,1,0,0,-1,1,-1,1
2025-05-02 08:30:00,Non Farm Payrolls,schedule,0.306860524585373,0.14101968076863475,0.1474930265725104,112.0,YM,tp,83.0,821.1000000000058,798.6000000000058,0,0,1,-1,1,-1,0,2,1,-1,1,-1,-1,1,1,-1,0,0,1,-1,1,-1,0,0,0,2,1,-1,0,0,1,-1,1,-1,1,-1,0,0,0,0,0,0,0,0,1,-1,1,-1,0,2,0,-1,0,-1,0,0,1,-1,1,-1,0,0,1,-1,0,0,-1,1,0,0,1,-1,1,-1,1,-1,-1,1,1,-1,0,0,1,-1,1,-1,-1,1,1,-1,1,-1,1,-1,1,-1,1,-1,1,-1,1,-1,0,0,-1,1,1,-1,1,-1,1,-1,1,-1,1,-1,1,-1,1,-1,1,-1,0,0,0,0,1,-1,1,-1,0,0,0,0,0,0,0,0,1,-1,1,-1,1,-1,-1,1,1,-1,1,-1,1,-1,1,-1,1,-1,1,-1,-1,1,-1,1,0,0,0,2,1,-1,0,0,1,-1,1,0,1,-1,1,-1,0,0,1,-1,1,-1,1,-1,-1,1,1,-1,-1,1,0,0,0,0,0,0,1,-1,-1,1,-1,1,0,0,-1,1,-1,1,1,-1,0,0,1,-1,1,-1,1,-1,1,-1,1,-1,1,-1,1,-1,1,-1,0,0,0,0,0,0,1,-1,1,-1,-1,1,0,0,-1,1,1,-1,1,-1,1,-1,-1,1,0,0,1,-1,0,0,0,0,-1,1,-1,1,1,-1,1,-1,1,-1,1,-1,0,0,-1,1,0,0,1,-1,1,-1,-1,1,-1,1,1,-1,0,0,1,-1,1,-1,0,0,1,-1,1,-1,1,-1,0,0,1,-1,1,-1,-1,1,1,-1,-1,1,1,-1,-1,1,1,-1,1,-1,0,0,0,0,1,-1
2025-05-07 14:00:00,Fed Interest Rate Decision,schedule,0.06079914394805321,0.12096642364403176,0.19390895993087312,73.0,YM,stopped_post,370.0,-205.5500000000029,-228.0500000000029,0,2,-1,1,1,-1,-1,0,-1,1,-1,1,-1,1,-1,1,-1,1,-1,1,-1,1,0,0,0,0,-1,1,0,0,-1,1,-1,1,-1,1,0,-1,0,0,0,0,-1,1,-1,1,1,-1,0,0,0,-1,0,1,0,0,-1,1,1,-1,1,-1,1,-1,0,0,-1,1,1,-1,-1,1,-1,1,-1,1,1,-1,-1,1,0,0,-1,1,-1,1,-1,1,-1,1,-1,1,-1,1,-1,1,0,0,-1,1,-1,1,-1,1,-1,1,-1,1,-1,1,-1,1,-1,1,-1,1,-1,1,-1,1,-1,1,0,0,0,0,0,0,-1,1,0,0,0,0,-1,1,0,0,-1,1,-1,1,-1,1,1,-1,-1,1,-1,1,-1,1,-1,1,-1,1,-1,1,-1,1,1,-1,0,2,0,0,-1,1,-1,1,-1,1,-1,0,-1,1,-1,1,0,2,-1,1,1,-1,-1,1,-1,1,-1,1,0,0,0,2,0,0,0,0,-1,1,0,0,1,-1,0,0,1,-1,1,-1,-1,1,0,0,-1,1,1,-1,-1,1,-1,1,-1,1,-1,1,1,-1,-1,1,0,0,0,0,0,0,-1,1,1,-1,1,-1,1,-1,-1,1,1,-1,1,-1,-1,1,-1,1,0,0,1,-1,0,2,0,0,1,-1,1,-1,-1,1,-1,1,-1,1,-1,1,0,0,1,-1,0,0,-1,1,-1,1,1,-1,-1,1,-1,1,0,0,-1,1,-1,1,0,0,-1,1,-1,1,1,-1,0,0,1,-1,-1,1,-1,1,-1,1,1,-1,1,-1,1,-1,-1,1,-1,1,0,0,-1,1,1,-1
2025-05-13 08:30:00,Inflation Rate MoM,schedule,0.13933497071604004,0.10464629552113855,0.3197727091094515,103.0,YM,timed,900.0,40.0,17.5,0,0,-1,1,-1,1,1,0,1,-1,-1,1,-1,1,1,-1,1,-1,1,-1,-1,1,0,0,0,2,1,-1,0,0,-1,1,1,-1,-1,1,0,0,0,0,0,0,0,0,1,-1,-1,1,0,2,0,-1,0,-1,0,0,0,0,-1,1,1,-1,-1,1,0,0,1,-1,0,0,1,-1,0,0,1,-1,1,-1,-1,1,0,0,1,-1,0,0,-1,1,1,-1,1,-1,0,0,0,0,1,-1,1,-1,1,-1,1,-1,1,-1,-1,1,1,-1,1,-1,1,-1,1,-1,0,0,-1,1,1,-1,0,2,0,0,0,0,1,-1,0,0,0,0,-1,1,0,0,1,-1,1,-1,1,-1,1,-1,-1,1,1,-1,1,-1,1,-1,1,-1,-1,1,-1,1,1,-1,0,0,0,0,1,-1,-1,1,1,-1,1,0,-1,1,1,-1,0,0,1,-1,1,-1,-1,1,1,-1,1,-1,0,0,0,0,0,0,0,0,0,0,0,0,-1,1,0,0,1,-1,1,-1,-1,1,0,0,1,-1,-1,1,-1,1,1,-1,1,-1,0,0,-1,1,-1,1,0,0,0,0,0,0,-1,1,1,-1,-1,1,1,-1,-1,1,1,-1,-1,1,1,-1,1,-1,0,0,-1,1,0,0,0,2,1,-1,1,-1,1,-1,-1,1,1,-1,-1,1,0,0,-1,1,0,0,0,0,1,-1,-1,1,1,-1,1,-1,0,0,1,-1,-1,1,0,2,-1,1,1,-1,-1,1,0,0,1,-1,1,-1,-1,1,1,-1,1,-1,1,-1,1,-1,1,-1,1,-1,0,0,0,0,1,-1
2025-05-15 08:30:00,Retail Sales MoM,tv,0.05722597105319631,0.03724295709079301,0.03804960590248549,107.0,YM,timed,900.0,390.0,367.5,0,0,-1,1,-1,1,0,2,-1,1,-1,1,1,-1,-1,1,0,0,-1,1,1,-1,0,0,0,2,-1,1,0,0,-1,1,-1,1,-1,1,0,0,0,0,1,-1,-1,1,-1,1,-1,1,0,2,0,1,0,1,0,0,0,0,-1,1,-1,1,-1,1,0,0,-1,1,-1,1,-1,1,-1,1,-1,1,1,-1,-1,1,0,0,-1,1,-1,1,1,-1,-1,1,-1,1,-1,1,-1,1,-1,1,-1,1,-1,1,-1,1,-1,1,-1,1,-1,1,-1,1,-1,1,-1,1,-1,1,-1,1,-1,1,0,0,0,0,0,0,-1,1,0,0,0,2,0,0,0,2,-1,1,-1,1,-1,1,1,-1,-1,1,-1,1,-1,1,-1,1,-1,1,-1,1,1,-1,-1,1,0,0,0,0,-1,1,-1,1,-1,1,-1,0,-1,1,-1,1,0,0,-1,1,-1,1,-1,1,-1,1,-1,1,1,-1,0,0,0,0,0,0,-1,1,0,0,-1,1,0,0,-1,1,-1,1,-1,1,0,0,-1,1,-1,1,1,-1,-1,1,-1,1,-1,1,1,-1,-1,1,0,0,0,0,0,0,-1,1,-1,1,-1,1,-1,1,1,-1,-1,1,1,-1,-1,1,1,-1,0,0,1,-1,0,0,0,2,1,-1,1,-1,-1,1,-1,1,-1,1,-1,1,0,0,1,-1,0,0,0,0,-1,1,1,-1,-1,1,-1,1,0,0,-1,1,-1,1,0,2,-1,1,-1,1,-1,1,0,2,-1,1,-1,1,1,-1,-1,1,-1,1,-1,1,1,-1,-1,1,-1,1,0,0,-1,1,-1,1
2025-06-06 08:30:00,Non Farm Payrolls,schedule,0.1857512344227604,0.14644351464435146,0.16629591984405034,113.0,YM,timed,900.0,755.0,732.5,0,0,-1,1,1,-1,1,0,0,0,1,-1,1,-1,1,-1,0,0,1,-1,1,-1,0,0,0,2,1,-1,0,0,-1,1,1,-1,1,-1,0,0,-1,1,0,0,0,0,-1,1,-1,1,0,0,0,-1,0,0,0,0,0,0,-1,1,-1,1,1,-1,0,0,-1,1,1,-1,-1,1,0,0,1,-1,-1,1,-1,1,0,2,1,-1,-1,1,-1,1,1,-1,1,-1,-1,1,1,-1,1,-1,1,-1,1,-1,1,-1,-1,1,-1,1,1,-1,1,-1,1,-1,1,-1,0,0,-1,1,0,0,0,0,0,0,0,0,1,-1,0,0,0,0,0,0,0,0,1,-1,1,-1,1,-1,1,-1,1,-1,1,-1,1,-1,-1,1,1,-1,1,-1,-1,1,-1,1,0,0,0,2,-1,1,0,0,1,-1,1,0,-1,1,-1,1,0,0,1,-1,-1,1,-1,1,1,-1,1,-1,1,-1,0,0,0,0,0,0,-1,1,0,0,-1,1,0,0,1,-1,1,-1,-1,1,0,0,-1,1,-1,1,-1,1,1,-1,-1,1,1,-1,1,-1,-1,1,0,0,0,0,0,0,-1,1,1,-1,-1,1,-1,1,-1,1,1,-1,1,-1,0,0,-1,1,1,-1,-1,1,0,0,0,0,-1,1,1,-1,1,-1,1,-1,-1,1,-1,1,0,0,-1,1,0,0,0,0,0,0,-1,1,-1,1,-1,1,0,0,1,-1,-1,1,0,0,-1,1,1,-1,1,-1,0,0,-1,1,-1,1,1,-1,1,-1,1,-1,1,-1,1,-1,1,-1,1,-1,0,0,0,0,1,-1
2025-06-11 08:30:00,Inflation Rate MoM,schedule,0.4109077325364214,0.10608260200941994,0.26708420478312267,104.0,YM,tp,1.0,856.160000000018,833.660000000018,0,0,1,-1,-1,1,1,0,-1,1,-1,1,-1,1,-1,1,0,0,0,0,-1,1,0,0,0,0,-1,1,0,0,-1,1,-1,1,-1,1,0,0,0,0,0,0,0,0,1,-1,1,-1,0,2,0,1,0,-1,0,0,-1,1,-1,1,-1,1,-1,1,0,0,-1,1,-1,1,-1,1,-1,1,1,-1,-1,1,-1,1,0,2,1,-1,-1,1,-1,1,-1,1,-1,1,0,0,-1,1,-1,1,-1,1,0,0,0,0,-1,1,-1,1,-1,1,1,-1,-1,1,1,-1,0,0,-1,1,0,0,0,0,0,0,0,0,0,0,0,0,0,0,-1,1,0,0,-1,1,0,0,-1,1,1,-1,-1,1,-1,1,-1,1,-1,1,-1,1,-1,1,-1,1,-1,1,0,0,0,2,-1,1,-1,1,-1,1,-1,0,-1,1,-1,1,0,2,-1,1,-1,1,-1,1,-1,1,-1,1,0,0,0,0,0,0,0,0,-1,1,0,0,1,-1,0,0,-1,1,-1,1,-1,1,0,0,-1,1,-1,1,1,-1,-1,1,-1,1,0,0,-1,1,-1,1,0,0,0,0,0,0,-1,1,-1,1,-1,1,-1,1,-1,1,-1,1,1,-1,0,0,-1,1,-1,1,-1,1,0,0,0,0,-1,1,-1,1,-1,1,-1,1,-1,1,-1,1,0,0,1,-1,0,0,-1,1,0,0,-1,1,-1,1,-1,1,0,2,-1,1,1,-1,0,0,1,-1,-1,1,-1,1,0,2,-1,1,-1,1,-1,1,-1,1,1,-1,-1,1,-1,1,-1,1,-1,1,0,0,-1,1,-1,1
2025-06-17 08:30:00,Retail Sales MoM,tv,0.021082714516620207,0.03742200496013612,0.04037802014293178,108.0,YM,timed,900.0,-15.0,-37.5,0,0,-1,1,-1,1,0,2,0,0,1,-1,1,-1,1,-1,-1,1,-1,1,-1,1,0,0,0,0,1,-1,0,0,1,-1,1,-1,1,-1,0,0,-1,1,0,0,0,0,-1,1,-1,1,0,0,0,-1,0,0,0,0,0,0,-1,1,1,-1,-1,1,0,0,-1,1,-1,1,-1,1,0,0,-1,1,1,-1,-1,1,0,0,1,-1,1,-1,-1,1,1,-1,1,-1,0,0,1,-1,1,-1,1,-1,1,-1,1,-1,1,-1,1,-1,1,-1,1,-1,1,-1,-1,1,0,0,-1,1,1,-1,0,0,0,0,0,0,1,-1,0,0,0,0,0,0,0,0,1,-1,1,-1,-1,1,-1,1,1,-1,1,-1,-1,1,-1,1,1,-1,1,-1,-1,1,-1,1,0,0,0,2,-1,1,0,0,-1,1,1,0,-1,1,1,-1,0,0,1,-1,1,-1,-1,1,1,-1,-1,1,-1,1,0,0,0,0,0,0,1,-1,0,0,-1,1,0,0,-1,1,-1,1,-1,1,0,0,-1,1,-1,1,-1,1,-1,1,-1,1,1,-1,1,-1,-1,1,0,0,0,0,0,0,-1,1,1,-1,-1,1,1,-1,1,-1,1,-1,1,-1,1,-1,-1,1,1,-1,-1,1,0,0,0,2,1,-1,1,-1,-1,1,1,-1,-1,1,1,-1,0,0,-1,1,0,0,0,0,1,-1,-1,1,-1,1,-1,1,0,0,-1,1,-1,1,0,0,-1,1,1,-1,1,-1,0,0,-1,1,1,-1,1,-1,1,-1,-1,1,1,-1,1,-1,1,-1,-1,1,0,0,0,0,1,-1
2025-06-18 14:00:00,Fed Interest Rate Decision,schedule,0.1499566531549474,0.12026906974907714,0.187552911662408,74.0,YM,stopped_post,3.0,-213.51999999998952,-236.01999999998952,0,0,-1,1,1,-1,0,2,1,-1,1,-1,1,-1,1,-1,1,-1,1,-1,-1,1,0,0,0,0,1,-1,0,0,-1,1,1,-1,1,-1,0,0,0,0,0,0,0,0,1,-1,1,-1,0,0,0,-1,0,-1,0,0,0,0,1,-1,1,-1,1,-1,0,0,1,-1,1,-1,1,-1,1,-1,1,-1,-1,1,1,-1,0,2,1,-1,1,-1,1,-1,1,-1,1,-1,0,0,0,0,0,0,1,-1,1,-1,1,-1,1,-1,1,-1,1,-1,1,-1,1,-1,1,-1,0,0,1,-1,1,-1,0,0,0,0,0,0,1,-1,0,0,0,0,0,0,0,2,1,-1,1,-1,1,-1,0,0,1,-1,1,-1,1,-1,1,-1,1,-1,1,-1,1,-1,-1,1,0,2,0,0,1,-1,0,0,1,-1,1,0,1,-1,1,-1,0,0,1,-1,1,-1,1,-1,1,-1,1,-1,0,0,0,0,0,0,0,0,1,-1,1,-1,1,-1,0,0,1,-1,1,-1,1,-1,0,0,1,-1,1,-1,-1,1,1,-1,1,-1,0,0,-1,1,1,-1,0,0,0,0,0,0,1,-1,1,-1,-1,1,-1,1,1,-1,1,-1,-1,1,1,-1,1,-1,0,0,-1,1,0,0,0,0,1,-1,-1,1,1,-1,1,-1,1,-1,1,-1,0,0,1,-1,0,0,0,0,1,-1,-1,1,1,-1,1,-1,0,0,1,-1,1,-1,0,2,1,-1,1,-1,-1,1,0,0,1,-1,1,-1,1,-1,1,-1,1,-1,1,-1,-1,1,1,-1,1,-1,0,0,0,0,1,-1
2025-07-03 08:30:00,Non Farm Payrolls,schedule,0.10484518604443652,0.1475822570247337,0.17399035212078756,114.0,YM,timed,900.0,175.0,152.5,0,0,-1,1,-1,1,0,2,-1,1,1,-1,1,-1,-1,1,0,0,-1,1,1,-1,0,0,0,0,-1,1,0,0,-1,1,-1,1,1,-1,0,0,0,0,0,0,0,0,-1,1,-1,1,0,0,0,-1,0,1,0,0,1,-1,-1,1,1,-1,-1,1,0,0,-1,1,1,-1,-1,1,-1,1,-1,1,1,-1,-1,1,0,2,-1,1,-1,1,-1,1,-1,1,-1,1,0,0,0,0,0,0,-1,1,0,0,0,0,-1,1,-1,1,-1,1,-1,1,1,-1,-1,1,0,0,1,-1,-1,1,0,0,0,0,-1,1,0,0,0,0,0,0,0,0,0,0,1,-1,1,-1,-1,1,1,-1,1,-1,-1,1,1,-1,-1,1,-1,1,-1,1,-1,1,1,-1,0,0,0,0,-1,1,0,0,-1,1,-1,0,-1,1,-1,1,0,0,-1,1,1,-1,-1,1,-1,1,-1,1,0,0,0,0,0,0,0,0,-1,1,0,0,1,-1,0,0,1,-1,1,-1,-1,1,0,0,-1,1,1,-1,1,-1,-1,1,-1,1,0,0,-1,1,-1,1,0,0,0,0,0,0,-1,1,-1,1,1,-1,1,-1,-1,1,-1,1,1,-1,0,0,-1,1,0,0,1,-1,0,0,0,0,-1,1,-1,1,1,-1,1,-1,-1,1,-1,1,0,0,1,-1,0,0,0,0,0,0,-1,1,-1,1,-1,1,0,0,-1,1,-1,1,0,0,-1,1,-1,1,-1,1,0,0,-1,1,-1,1,1,-1,0,0,-1,1,-1,1,-1,1,-1,1,-1,1,0,0,0,0,-1,1
2025-07-15 08:30:00,Inflation Rate MoM,schedule,0.1658151832929999,0.10751890849770131,0.3197727091094515,105.0,YM,timed,900.0,220.0,197.5,0,0,-1,1,1,-1,-1,0,-1,1,-1,1,-1,1,-1,1,-1,1,-1,1,-1,1,0,0,0,2,-1,1,0,0,-1,1,-1,1,-1,1,0,0,0,0,-1,1,-1,1,-1,1,1,-1,0,0,0,1,0,1,0,0,-1,1,-1,1,-1,1,-1,1,0,0,-1,1,0,0,-1,1,-1,1,-1,1,1,-1,-1,1,0,2,-1,1,-1,1,-1,1,-1,1,-1,1,-1,1,-1,1,0,0,-1,1,-1,1,-1,1,-1,1,-1,1,-1,1,-1,1,1,-1,-1,1,0,0,-1,1,-1,1,0,0,0,0,0,0,-1,1,0,0,0,0,-1,1,0,0,-1,1,-1,1,-1,1,1,-1,-1,1,-1,1,-1,1,-1,1,-1,1,1,-1,1,-1,1,-1,0,0,0,0,-1,1,-1,1,-1,1,-1,0,-1,1,-1,1,0,0,-1,1,-1,1,-1,1,-1,1,-1,1,0,0,0,0,0,0,0,0,-1,1,0,0,-1,1,0,0,-1,1,-1,1,-1,1,0,0,-1,1,1,-1,-1,1,-1,1,-1,1,-1,1,1,-1,-1,1,0,0,0,0,0,0,-1,1,-1,1,-1,1,-1,1,1,-1,-1,1,1,-1,-1,1,-1,1,-1,1,1,-1,0,0,0,2,1,-1,1,-1,-1,1,-1,1,-1,1,-1,1,0,0,1,-1,0,0,-1,1,-1,1,1,-1,-1,1,-1,1,0,0,-1,1,-1,1,0,0,-1,1,-1,1,1,-1,0,0,1,-1,-1,1,-1,1,-1,1,1,-1,1,-1,1,-1,-1,1,-1,1,0,0,-1,1,-1,1
2025-07-17 08:30:00,Retail Sales MoM,tv,0.06309148264984228,0.03724295709079301,0.04037802014293178,109.0,YM,timed,900.0,260.0,237.5,0,0,-1,1,-1,1,0,2,-1,1,1,-1,-1,1,-1,1,0,0,-1,1,1,-1,0,0,0,0,-1,1,0,0,-1,1,1,-1,1,-1,0,0,-1,1,1,-1,0,0,-1,1,-1,1,0,0,0,-1,0,1,0,0,0,0,-1,1,-1,1,-1,1,0,0,-1,1,1,-1,-1,1,0,0,-1,1,-1,1,-1,1,0,0,-1,1,-1,1,-1,1,-1,1,-1,1,0,0,0,0,0,0,-1,1,-1,1,-1,1,-1,1,-1,1,-1,1,-1,1,1,-1,-1,1,-1,1,1,-1,-1,1,0,0,0,0,-1,1,-1,1,0,0,0,0,0,0,0,2,-1,1,-1,1,-1,1,1,-1,1,-1,-1,1,1,-1,-1,1,-1,1,-1,1,-1,1,1,-1,0,0,0,0,-1,1,0,0,-1,1,-1,0,-1,1,-1,1,0,0,-1,1,-1,1,-1,1,1,-1,-1,1,0,0,0,0,0,0,0,0,-1,1,0,0,1,-1,0,0,1,-1,1,-1,-1,1,0,0,-1,1,-1,1,-1,1,-1,1,-1,1,-1,1,1,-1,-1,1,0,0,0,0,0,0,-1,1,-1,1,-1,1,-1,1,-1,1,-1,1,1,-1,-1,1,-1,1,-1,1,1,-1,0,0,0,0,-1,1,-1,1,-1,1,1,-1,-1,1,-1,1,0,0,1,-1,0,0,0,0,-1,1,-1,1,-1,1,-1,1,0,0,-1,1,-1,1,0,0,-1,1,-1,1,1,-1,0,0,1,-1,-1,1,-1,1,-1,1,-1,1,-1,1,-1,1,-1,1,-1,1,0,0,0,0,-1,1
2025-07-30 14:00:00,Fed Interest Rate Decision,schedule,0.037932881113887894,0.12096642364403176,0.187552911662408,75.0,YM,stopped_post,211.0,-224.13000000000466,-246.63000000000466,0,0,-1,1,-1,1,0,2,0,0,1,-1,1,-1,1,-1,0,0,1,-1,-1,1,0,0,0,0,1,-1,0,0,-1,1,-1,1,1,-1,0,0,0,0,0,0,0,0,-1,1,-1,1,0,0,0,-1,0,-1,0,0,0,0,1,-1,-1,1,1,-1,0,0,-1,1,-1,1,-1,1,0,0,1,-1,-1,1,-1,1,0,0,1,-1,-1,1,-1,1,-1,1,1,-1,-1,1,0,0,0,0,1,-1,0,0,0,0,-1,1,-1,1,-1,1,1,-1,1,-1,1,-1,0,0,-1,1,0,0,0,0,0,0,0,0,0,0,0,0,0,0,0,0,0,2,1,-1,1,-1,1,-1,-1,1,1,-1,-1,1,-1,1,-1,1,-1,1,-1,1,-1,1,1,-1,0,0,0,2,-1,1,-1,1,-1,1,-1,0,-1,1,1,-1,0,0,-1,1,1,-1,-1,1,1,-1,-1,1,0,0,0,0,0,0,0,0,-1,1,0,0,-1,1,0,0,-1,1,-1,1,-1,1,0,0,-1,1,-1,1,1,-1,1,-1,-1,1,1,-1,-1,1,-1,1,0,0,0,0,0,0,-1,1,-1,1,-1,1,-1,1,-1,1,1,-1,1,-1,0,0,-1,1,1,-1,1,-1,0,0,0,0,1,-1,1,-1,1,-1,-1,1,-1,1,-1,1,0,0,1,-1,0,0,-1,1,0,0,-1,1,-1,1,-1,1,0,0,-1,1,1,-1,0,0,-1,1,-1,1,-1,1,0,0,1,-1,-1,1,1,-1,0,0,1,-1,-1,1,1,-1,0,0,1,-1,0,0,0,0,-1,1
2025-08-01 08:30:00,Non Farm Payrolls,schedule,0.11611493101407039,0.14644351464435146,0.17399035212078756,115.0,YM,stopped_post,1.0,-219.68000000000757,-242.18000000000757,0,0,1,-1,-1,1,0,2,-1,1,1,-1,1,-1,1,-1,0,0,-1,1,1,-1,0,0,0,2,1,-1,0,0,1,-1,1,-1,1,-1,0,0,0,0,-1,1,0,0,1,-1,-1,1,0,0,0,-1,0,0,0,0,1,-1,-1,1,1,-1,1,-1,0,0,-1,1,-1,1,1,-1,0,0,1,-1,1,-1,1,-1,0,0,1,-1,1,-1,-1,1,1,-1,1,-1,0,0,1,-1,0,0,1,-1,1,-1,1,-1,1,-1,1,-1,1,-1,1,-1,1,-1,1,-1,0,0,1,-1,0,0,0,0,0,0,0,0,1,-1,0,0,0,0,0,0,0,0,1,-1,1,-1,-1,1,0,0,1,-1,1,-1,1,-1,1,-1,1,-1,1,-1,-1,1,1,-1,0,0,0,2,-1,1,0,0,1,-1,1,0,-1,1,-1,1,0,0,1,-1,1,-1,1,-1,1,-1,1,-1,-1,1,0,0,0,0,0,0,1,-1,-1,1,-1,1,-1,1,-1,1,-1,1,-1,1,0,0,1,-1,1,-1,-1,1,1,-1,1,-1,1,-1,1,-1,1,-1,0,0,0,0,0,0,1,-1,1,-1,1,-1,1,-1,1,-1,1,-1,1,-1,1,-1,-1,1,1,-1,1,-1,0,0,0,0,1,-1,1,-1,-1,1,1,-1,-1,1,1,-1,0,0,-1,1,0,0,0,0,1,-1,-1,1,-1,1,-1,1,0,0,1,-1,-1,1,0,0,-1,1,1,-1,1,-1,0,0,1,-1,1,-1,1,-1,1,-1,-1,1,1,-1,1,-1,1,-1,-1,1,0,0,0,0,1,-1
2025-08-12 08:30:00,Inflation Rate MoM,schedule,0.3195757122458693,0.10798098794366087,0.26708420478312267,106.0,YM,tp,66.0,885.0,862.5,0,2,-1,1,1,-1,0,2,1,-1,1,-1,-1,1,1,-1,0,0,1,-1,1,-1,0,0,0,0,1,-1,0,0,1,-1,1,-1,1,-1,0,1,1,-1,-1,1,1,-1,1,-1,1,-1,0,0,0,-1,0,-1,0,0,1,-1,1,-1,1,-1,1,-1,0,0,1,-1,-1,1,1,-1,1,-1,1,-1,1,-1,-1,1,0,0,1,-1,1,-1,1,-1,1,-1,1,-1,0,0,1,-1,1,-1,1,-1,1,-1,1,-1,1,-1,1,-1,1,-1,1,-1,1,-1,1,-1,1,-1,1,-1,1,-1,0,0,0,0,0,0,1,-1,0,0,0,0,0,0,0,0,1,-1,1,-1,1,-1,1,-1,1,-1,1,-1,1,-1,1,-1,1,-1,1,-1,1,-1,1,-1,0,2,0,0,1,-1,1,-1,1,-1,1,0,1,-1,1,-1,0,0,1,-1,1,-1,1,-1,-1,1,1,-1,-1,1,0,0,0,0,0,0,1,-1,0,0,-1,1,0,0,-1,1,-1,1,1,-1,0,0,1,-1,1,-1,1,-1,1,-1,1,-1,1,-1,1,-1,1,-1,0,0,0,0,0,0,-1,1,1,-1,-1,1,-1,1,1,-1,1,-1,-1,1,1,-1,-1,1,0,0,1,-1,0,2,0,0,-1,1,-1,1,1,-1,1,-1,1,-1,1,-1,0,0,1,-1,0,0,1,-1,1,-1,-1,1,-1,1,1,-1,0,0,1,-1,1,-1,0,0,1,-1,1,-1,1,-1,0,0,1,-1,1,-1,-1,1,1,-1,1,-1,1,-1,-1,1,1,-1,1,-1,0,0,1,-1,-1,1
2025-08-15 08:30:00,Retail Sales MoM,tv,0.01768346595932803,0.03742200496013612,0.044957191004501275,110.0,YM,timed,898.0,120.0,97.5,0,0,1,-1,1,-1,-1,0,-1,1,-1,1,-1,1,-1,1,-1,1,-1,1,-1,1,0,0,0,2,-1,1,0,0,-1,1,-1,1,-1,1,0,-1,-1,1,0,0,-1,1,-1,1,1,-1,0,0,0,-1,0,1,0,0,-1,1,1,-1,-1,1,1,-1,0,0,-1,1,1,-1,1,-1,-1,1,-1,1,1,-1,1,-1,0,0,-1,1,-1,1,-1,1,-1,1,-1,1,-1,1,-1,1,0,0,-1,1,-1,1,-1,1,-1,1,-1,1,-1,1,-1,1,1,-1,-1,1,-1,1,-1,1,0,0,0,0,0,0,0,0,-1,1,0,0,0,0,-1,1,0,2,-1,1,-1,1,-1,1,1,-1,-1,1,-1,1,-1,1,-1,1,-1,1,-1,1,-1,1,-1,1,0,2,0,0,-1,1,-1,1,-1,1,-1,0,-1,1,-1,1,0,0,-1,1,1,-1,-1,1,-1,1,-1,1,1,-1,0,0,0,0,0,0,-1,1,0,0,1,-1,0,0,1,-1,1,-1,-1,1,0,0,1,-1,-1,1,-1,1,-1,1,-1,1,-1,1,1,-1,-1,1,0,0,0,0,0,0,1,-1,1,-1,1,-1,1,-1,1,-1,-1,1,1,-1,-1,1,-1,1,-1,1,-1,1,0,0,0,0,1,-1,-1,1,-1,1,-1,1,-1,1,-1,1,0,0,-1,1,0,0,-1,1,-1,1,1,-1,-1,1,-1,1,0,0,-1,1,1,-1,0,0,1,-1,-1,1,1,-1,0,0,1,-1,-1,1,-1,1,-1,1,1,-1,1,-1,-1,1,-1,1,-1,1,0,0,-1,1,1,-1
2025-09-05 08:30:00,Non Farm Payrolls,schedule,0.04389141264511598,0.14101968076863475,0.17399035212078756,116.0,YM,stopped_post,9.0,-227.7349999999933,-250.2349999999933,0,2,-1,1,-1,1,-1,0,-1,1,-1,1,-1,1,-1,1,-1,1,-1,1,-1,1,0,0,0,0,-1,1,0,0,-1,1,-1,1,-1,1,0,0,1,-1,0,0,-1,1,-1,1,-1,1,0,0,0,1,0,1,0,0,-1,1,-1,1,-1,1,1,-1,0,0,-1,1,0,0,-1,1,-1,1,-1,1,1,-1,-1,1,0,2,-1,1,-1,1,1,-1,-1,1,-1,1,-1,1,-1,1,-1,1,-1,1,-1,1,-1,1,-1,1,-1,1,-1,1,-1,1,-1,1,-1,1,-1,1,-1,1,0,0,0,0,0,0,-1,1,-1,1,0,0,0,0,-1,1,0,0,-1,1,-1,1,-1,1,1,-1,-1,1,-1,1,-1,1,1,-1,-1,1,-1,1,1,-1,1,-1,0,2,0,0,-1,1,-1,1,-1,1,-1,0,-1,1,-1,1,0,2,-1,1,1,-1,-1,1,-1,1,-1,1,-1,1,0,2,0,0,0,0,-1,1,-1,1,-1,1,0,0,-1,1,-1,1,-1,1,0,0,-1,1,1,-1,-1,1,-1,1,1,-1,-1,1,1,-1,-1,1,0,0,0,0,0,0,-1,1,1,-1,1,-1,1,-1,1,-1,1,-1,1,-1,-1,1,-1,1,-1,1,1,-1,0,2,0,0,1,-1,1,-1,-1,1,-1,1,-1,1,-1,1,0,0,1,-1,0,0,-1,1,-1,1,1,-1,-1,1,-1,1,0,0,-1,1,-1,1,0,0,-1,1,-1,1,1,-1,0,0,1,-1,-1,1,-1,1,-1,1,1,-1,1,-1,1,-1,-1,1,-1,1,0,0,-1,1,-1,1
2025-09-11 08:30:00,Inflation Rate MoM,schedule,0.08766546857192951,0.10844306738962044,0.30187206090605734,107.0,YM,stopped_post,2.0,-228.11499999999796,-250.61499999999796,0,0,1,-1,1,-1,0,2,1,-1,-1,1,1,-1,1,-1,1,-1,1,-1,-1,1,0,0,0,0,1,-1,0,0,1,-1,1,-1,-1,1,0,0,1,-1,0,0,1,-1,1,-1,1,-1,0,0,0,-1,0,-1,0,0,0,0,1,-1,1,-1,1,-1,0,0,1,-1,0,0,1,-1,1,-1,1,-1,1,-1,1,-1,0,2,1,-1,1,-1,1,-1,1,-1,1,-1,0,0,0,0,-1,1,1,-1,1,-1,1,-1,1,-1,1,-1,1,-1,1,-1,-1,1,1,-1,1,-1,1,-1,0,0,0,0,0,0,0,0,1,-1,0,0,0,0,0,0,0,0,1,-1,1,-1,1,-1,1,-1,-1,1,1,-1,1,-1,1,-1,1,-1,-1,1,1,-1,-1,1,0,0,0,0,1,-1,0,0,1,-1,1,0,1,-1,1,-1,0,2,1,-1,1,-1,1,-1,-1,1,1,-1,1,-1,0,0,0,0,0,0,1,-1,0,0,1,-1,0,0,1,-1,1,-1,1,-1,0,0,1,-1,0,0,1,-1,1,-1,1,-1,1,-1,-1,1,1,-1,0,0,0,0,0,0,1,-1,1,-1,-1,1,1,-1,1,-1,1,-1,-1,1,1,-1,1,-1,1,-1,-1,1,0,0,0,0,1,-1,1,-1,1,-1,1,-1,1,-1,1,-1,0,0,-1,1,0,0,0,0,1,-1,1,-1,1,-1,1,-1,0,0,1,-1,1,-1,0,0,1,-1,1,-1,1,-1,0,0,1,-1,1,-1,1,-1,1,-1,1,-1,1,-1,1,-1,1,-1,1,-1,0,0,0,0,1,-1
2025-09-16 08:30:00,Retail Sales MoM,tv,0.0021626765284716363,0.03724295709079301,0.044957191004501275,111.0,YM,timed,900.0,-55.0,-77.5,0,0,1,-1,-1,1,0,2,0,0,-1,1,-1,1,1,-1,0,0,1,-1,-1,1,0,0,0,0,1,-1,0,0,1,-1,-1,1,-1,1,0,0,1,-1,0,0,0,0,1,-1,-1,1,0,0,0,-1,0,-1,0,0,-1,1,-1,1,1,-1,1,-1,0,0,1,-1,0,0,1,-1,1,-1,1,-1,1,-1,1,-1,0,2,-1,1,1,-1,1,-1,1,-1,1,-1,0,0,0,0,0,0,1,-1,0,0,0,0,1,-1,1,-1,1,-1,-1,1,-1,1,1,-1,1,-1,-1,1,1,-1,0,0,0,0,0,0,0,0,0,0,0,0,0,0,0,2,-1,1,-1,1,1,-1,1,-1,-1,1,1,-1,1,-1,1,-1,1,-1,1,-1,1,-1,1,-1,0,0,0,0,1,-1,0,0,1,-1,1,0,1,-1,1,-1,0,0,1,-1,1,-1,1,-1,1,-1,1,-1,1,-1,0,0,0,0,0,0,1,-1,0,0,-1,1,0,0,-1,1,-1,1,1,-1,0,0,1,-1,1,-1,-1,1,1,-1,1,-1,-1,1,1,-1,1,-1,0,0,0,0,0,0,1,-1,1,-1,-1,1,1,-1,-1,1,1,-1,-1,1,0,0,1,-1,-1,1,-1,1,0,0,0,0,1,-1,1,-1,1,-1,-1,1,1,-1,1,-1,0,0,-1,1,0,0,0,0,0,0,1,-1,1,-1,1,-1,0,0,1,-1,-1,1,0,2,-1,1,-1,1,-1,1,0,0,1,-1,1,-1,-1,1,0,0,1,-1,1,-1,1,-1,0,0,-1,1,0,0,0,0,1,-1
2025-09-17 14:00:00,Fed Interest Rate Decision,schedule,0.17461412434250237,0.12026906974907714,0.187552911662408,76.0,YM,tp,189.0,927.5200000000041,905.0200000000041,0,2,1,-1,1,-1,0,2,-1,1,1,-1,1,-1,1,-1,0,0,1,-1,1,-1,0,0,0,0,1,-1,0,0,1,-1,1,-1,1,-1,0,1,1,-1,0,0,1,-1,1,-1,1,-1,0,0,0,-1,0,-1,0,0,1,-1,1,-1,1,-1,-1,1,0,0,1,-1,1,-1,1,-1,1,-1,1,-1,1,-1,1,-1,0,0,1,-1,1,-1,1,-1,1,-1,1,-1,1,-1,1,-1,1,-1,1,-1,0,0,-1,1,1,-1,1,-1,1,-1,1,-1,1,-1,1,-1,1,-1,1,-1,1,-1,0,0,0,0,0,0,0,0,0,0,0,0,1,-1,0,0,1,-1,1,-1,0,0,0,0,1,-1,1,-1,1,-1,1,-1,1,-1,1,-1,1,-1,-1,1,0,2,0,2,1,-1,1,-1,1,-1,1,0,1,-1,1,-1,0,0,1,-1,1,-1,1,-1,-1,1,1,-1,-1,1,0,0,0,0,0,0,-1,1,1,-1,1,-1,1,-1,1,-1,1,-1,1,-1,0,0,1,-1,1,-1,1,-1,1,-1,1,-1,0,0,1,-1,1,-1,0,0,0,0,0,0,1,-1,1,-1,-1,1,1,-1,1,-1,1,-1,-1,1,0,0,1,-1,0,0,-1,1,0,2,0,0,-1,1,-1,1,-1,1,1,-1,1,-1,1,-1,0,0,-1,1,0,0,1,-1,0,0,-1,1,-1,1,1,-1,0,0,1,-1,-1,1,0,0,1,-1,1,-1,1,-1,0,0,-1,1,1,-1,1,-1,0,0,-1,1,-1,1,-1,1,0,0,1,-1,0,0,1,-1,-1,1
2025-10-24 08:30:00,Inflation Rate MoM,schedule,0.45115982123856135,0.10798098794366087,0.30187206090605734,108.0,YM,tp,1.0,939.7200000000157,917.2200000000157,0,2,-1,1,-1,1,-1,0,-1,1,-1,1,1,-1,-1,1,-1,1,-1,1,-1,1,0,0,0,2,-1,1,0,0,-1,1,-1,1,-1,1,0,0,1,-1,1,-1,0,0,-1,1,1,-1,0,2,0,1,0,1,0,0,-1,1,1,-1,-1,1,-1,1,0,0,-1,1,1,-1,-1,1,-1,1,-1,1,1,-1,-1,1,0,2,-1,1,-1,1,-1,1,-1,1,-1,1,-1,1,0,0,-1,1,-1,1,-1,1,-1,1,-1,1,-1,1,-1,1,-1,1,-1,1,-1,1,-1,1,-1,1,-1,1,0,0,0,0,-1,1,-1,1,0,0,0,0,0,0,0,0,-1,1,-1,1,-1,1,1,-1,-1,1,-1,1,-1,1,1,-1,-1,1,-1,1,-1,1,1,-1,0,2,0,0,-1,1,0,0,-1,1,-1,0,-1,1,-1,1,0,0,-1,1,1,-1,-1,1,-1,1,-1,1,-1,1,0,0,0,0,0,0,-1,1,0,0,1,-1,0,0,1,-1,1,-1,-1,1,0,0,-1,1,1,-1,1,-1,-1,1,-1,1,0,0,1,-1,-1,1,0,0,0,0,0,0,-1,1,-1,1,-1,1,1,-1,1,-1,-1,1,1,-1,-1,1,-1,1,0,0,1,-1,0,0,0,0,1,-1,1,-1,1,-1,-1,1,-1,1,-1,1,0,0,1,-1,0,0,0,0,-1,1,-1,1,-1,1,-1,1,0,0,-1,1,1,-1,0,0,-1,1,-1,1,1,-1,0,0,-1,1,-1,1,1,-1,-1,1,-1,1,-1,1,1,-1,-1,1,-1,1,0,0,-1,1,-1,1
2025-10-29 14:00:00,Fed Interest Rate Decision,schedule,0.043743620721978044,0.12096642364403176,0.1774557335867331,77.0,YM,stopped_post,190.0,-240.0500000000102,-262.5500000000102,0,0,1,-1,1,-1,-1,0,-1,1,-1,1,-1,1,-1,1,0,0,-1,1,-1,1,0,0,0,2,-1,1,0,0,1,-1,-1,1,-1,1,0,0,1,-1,0,0,0,0,1,-1,1,-1,0,0,0,-1,0,0,0,0,-1,1,-1,1,1,-1,0,0,0,0,1,-1,1,-1,1,-1,1,-1,-1,1,1,-1,1,-1,0,0,-1,1,-1,1,1,-1,1,-1,-1,1,0,0,-1,1,-1,1,-1,1,-1,1,-1,1,1,-1,1,-1,-1,1,-1,1,-1,1,-1,1,0,0,1,-1,0,0,0,0,0,0,0,0,-1,1,0,0,0,2,0,0,0,0,-1,1,-1,1,-1,1,0,0,-1,1,-1,1,-1,1,1,-1,-1,1,1,-1,1,-1,1,-1,0,0,0,2,1,-1,0,0,-1,1,-1,0,1,-1,-1,1,0,0,-1,1,1,-1,1,-1,-1,1,1,-1,1,-1,0,0,0,0,0,0,-1,1,1,-1,1,-1,0,0,1,-1,1,-1,1,-1,0,0,1,-1,0,0,-1,1,-1,1,1,-1,-1,1,-1,1,1,-1,0,0,0,0,0,0,1,-1,-1,1,-1,1,1,-1,1,-1,-1,1,-1,1,0,0,1,-1,-1,1,-1,1,0,0,0,2,1,-1,1,-1,1,-1,-1,1,-1,1,1,-1,0,0,1,-1,0,0,0,0,0,0,1,-1,1,-1,1,-1,0,0,1,-1,1,-1,0,2,1,-1,-1,1,-1,1,0,0,-1,1,1,-1,-1,1,-1,1,-1,1,-1,1,1,-1,-1,1,-1,1,0,0,0,0,-1,1
2025-11-20 08:30:00,Non Farm Payrolls,schedule,0.19157912863785087,0.135595846892918,0.17399035212078756,117.0,YM,timed,900.0,655.0,632.5,0,2,-1,1,-1,1,-1,0,-1,1,-1,1,-1,1,-1,1,-1,1,-1,1,1,-1,0,0,0,2,-1,1,0,0,-1,1,-1,1,-1,1,0,0,0,0,-1,1,-1,1,-1,1,-1,1,0,0,0,-1,0,1,0,0,0,0,-1,1,-1,1,1,-1,0,0,-1,1,1,-1,-1,1,-1,1,-1,1,1,-1,-1,1,0,0,-1,1,-1,1,-1,1,-1,1,-1,1,-1,1,0,0,0,0,-1,1,0,0,-1,1,-1,1,-1,1,-1,1,-1,1,-1,1,-1,1,-1,1,-1,1,-1,1,0,0,0,0,-1,1,-1,1,0,0,0,0,0,0,0,0,-1,1,0,0,-1,1,1,-1,-1,1,-1,1,-1,1,1,-1,-1,1,-1,1,-1,1,1,-1,0,2,0,0,-1,1,0,0,-1,1,-1,0,-1,1,-1,1,0,0,-1,1,-1,1,-1,1,1,-1,-1,1,0,0,0,0,0,0,0,0,-1,1,0,0,1,-1,0,0,1,-1,1,-1,-1,1,0,0,-1,1,-1,1,-1,1,-1,1,-1,1,0,0,1,-1,-1,1,0,0,0,0,0,0,-1,1,-1,1,1,-1,1,-1,-1,1,-1,1,1,-1,-1,1,-1,1,0,0,1,-1,0,2,0,0,-1,1,-1,1,-1,1,-1,1,-1,1,-1,1,0,0,1,-1,0,0,0,0,-1,1,-1,1,-1,1,-1,1,0,0,-1,1,-1,1,0,0,1,-1,-1,1,1,-1,0,0,-1,1,-1,1,-1,1,-1,1,-1,1,-1,1,-1,1,-1,1,-1,1,0,0,-1,1,-1,1
2025-11-25 08:30:00,Retail Sales MoM,tv,0.02362695190841334,0.03717122559430039,0.04037802014293178,112.0,YM,stopped_post,799.0,-235.0,-257.5,0,0,-1,1,1,-1,1,0,1,-1,-1,1,1,-1,1,-1,1,-1,1,-1,-1,1,0,0,0,0,1,-1,0,0,1,-1,1,-1,-1,1,0,0,-1,1,0,0,0,0,1,-1,1,-1,0,0,0,-1,0,-1,0,0,0,0,1,-1,1,-1,-1,1,0,0,1,-1,1,-1,1,-1,0,0,1,-1,-1,1,-1,1,0,0,1,-1,1,-1,1,-1,1,-1,1,-1,1,-1,0,0,0,0,1,-1,1,-1,1,-1,1,-1,-1,1,1,-1,1,-1,-1,1,1,-1,0,0,-1,1,0,0,0,0,0,0,0,0,1,-1,0,0,0,2,0,0,0,0,1,-1,1,-1,1,-1,0,0,-1,1,1,-1,1,-1,1,-1,1,-1,-1,1,1,-1,-1,1,0,0,0,0,1,-1,0,0,1,-1,1,0,1,-1,1,-1,0,0,1,-1,1,-1,1,-1,-1,1,1,-1,0,0,0,0,0,2,0,0,1,-1,0,0,1,-1,0,0,1,-1,1,-1,1,-1,0,0,1,-1,0,0,1,-1,1,-1,1,-1,1,-1,-1,1,1,-1,0,0,0,0,0,0,1,-1,1,-1,-1,1,-1,1,-1,1,1,-1,-1,1,1,-1,1,-1,1,-1,-1,1,0,0,0,0,-1,1,1,-1,1,-1,-1,1,1,-1,-1,1,0,0,-1,1,0,0,0,0,1,-1,-1,1,1,-1,1,-1,0,0,1,-1,-1,1,0,2,1,-1,1,-1,-1,1,0,0,-1,1,1,-1,1,-1,1,-1,1,-1,1,-1,1,-1,1,-1,1,-1,0,0,0,0,1,-1
2025-12-10 14:00:00,Fed Interest Rate Decision,schedule,0.24904775857017286,0.12026906974907714,0.17318020279943502,78.0,YM,tp,436.0,975.0,952.5,0,0,1,-1,1,-1,-1,0,-1,1,-1,1,1,-1,-1,1,0,0,-1,1,-1,1,0,0,0,0,-1,1,0,0,1,-1,-1,1,-1,1,0,0,-1,1,-1,1,0,0,1,-1,1,-1,0,2,0,-1,0,1,0,0,0,0,-1,1,-1,1,-1,1,0,0,-1,1,0,0,1,-1,0,0,-1,1,-1,1,1,-1,0,2,-1,1,1,-1,1,-1,-1,1,-1,1,0,0,0,0,-1,1,-1,1,-1,1,-1,1,-1,1,1,-1,-1,1,-1,1,1,-1,-1,1,0,0,1,-1,0,0,0,0,0,0,0,0,-1,1,0,0,0,0,1,-1,0,0,-1,1,-1,1,-1,1,0,0,1,-1,-1,1,-1,1,1,-1,-1,1,1,-1,1,-1,-1,1,0,0,0,0,1,-1,1,-1,-1,1,-1,0,1,-1,-1,1,0,0,-1,1,-1,1,1,-1,1,-1,-1,1,0,0,0,0,0,0,0,0,1,-1,1,-1,1,-1,0,0,1,-1,1,-1,1,-1,0,0,1,-1,1,-1,-1,1,-1,1,1,-1,-1,1,-1,1,1,-1,0,0,0,0,0,0,1,-1,-1,1,1,-1,-1,1,1,-1,-1,1,-1,1,-1,1,1,-1,0,0,1,-1,0,0,0,0,-1,1,1,-1,-1,1,1,-1,-1,1,1,-1,0,0,-1,1,0,0,1,-1,0,0,1,-1,1,-1,1,-1,0,0,-1,1,-1,1,0,2,1,-1,-1,1,-1,1,0,0,1,-1,-1,1,1,-1,-1,1,-1,1,-1,1,1,-1,0,0,-1,1,0,0,0,0,-1,1
2025-12-16 08:30:00,Non Farm Payrolls,schedule,0.13313397374188396,0.14101968076863475,0.17399035212078756,118.0,YM,timed,900.0,-135.0,-157.5,0,0,1,-1,1,-1,0,2,0,0,1,-1,1,-1,1,-1,0,0,1,-1,1,-1,0,0,0,0,1,-1,0,0,1,-1,1,-1,1,-1,0,0,0,0,0,0,1,-1,1,-1,1,-1,0,0,0,-1,0,-1,0,0,1,-1,1,-1,1,-1,1,-1,0,0,1,-1,0,0,1,-1,0,0,-1,1,-1,1,1,-1,0,2,1,-1,1,-1,1,-1,1,-1,1,-1,0,0,1,-1,1,-1,1,-1,0,0,-1,1,1,-1,1,-1,1,-1,1,-1,1,-1,1,-1,0,0,1,-1,0,0,0,0,0,0,0,0,0,0,0,0,0,0,1,-1,0,0,1,-1,-1,1,1,-1,0,0,1,-1,1,-1,1,-1,1,-1,1,-1,-1,1,1,-1,1,-1,0,0,0,0,1,-1,1,-1,1,-1,1,0,1,-1,1,-1,0,0,1,-1,-1,1,1,-1,1,-1,-1,1,0,0,0,0,0,0,0,0,1,-1,0,0,1,-1,0,0,-1,1,1,-1,1,-1,0,0,1,-1,0,0,1,-1,1,-1,1,-1,1,-1,1,-1,1,-1,0,0,0,0,0,0,1,-1,1,-1,-1,1,1,-1,1,-1,1,-1,-1,1,0,0,1,-1,1,-1,1,-1,0,0,0,0,-1,1,-1,1,1,-1,1,-1,1,-1,1,-1,0,0,-1,1,0,0,1,-1,0,0,1,-1,1,-1,1,-1,0,0,-1,1,1,-1,0,0,1,-1,1,-1,1,-1,0,0,-1,1,1,-1,1,-1,0,0,-1,1,1,-1,-1,1,0,0,-1,1,0,0,1,-1,1,-1
2026-01-09 08:30:00,Non Farm Payrolls,schedule,0.048416380875529554,0.135595846892918,0.16629591984405034,119.0,YM,stopped_post,1.0,-247.7600000000166,-270.2600000000166,0,0,-1,1,-1,1,1,0,1,-1,-1,1,1,-1,1,-1,1,-1,1,-1,-1,1,0,0,0,0,1,-1,0,0,1,-1,-1,1,-1,1,0,0,0,0,0,0,0,0,1,-1,-1,1,0,0,0,-1,0,-1,0,0,0,0,1,-1,1,-1,1,-1,0,0,1,-1,1,-1,-1,1,0,0,-1,1,1,-1,-1,1,0,2,1,-1,-1,1,1,-1,-1,1,1,-1,0,0,-1,1,-1,1,1,-1,1,-1,1,-1,1,-1,-1,1,1,-1,1,-1,-1,1,-1,1,0,0,-1,1,-1,1,0,0,0,0,1,-1,1,-1,0,0,0,0,0,0,0,0,1,-1,1,-1,1,-1,1,-1,-1,1,1,-1,-1,1,1,-1,1,-1,-1,1,1,-1,1,-1,0,0,0,0,1,-1,0,0,1,-1,1,0,-1,1,1,-1,0,2,-1,1,-1,1,-1,1,-1,1,-1,1,0,0,0,0,0,0,0,0,-1,1,0,0,1,-1,0,0,1,-1,1,-1,-1,1,0,0,-1,1,0,0,1,-1,-1,1,-1,1,1,-1,-1,1,1,-1,0,0,0,0,0,0,-1,1,1,-1,1,-1,1,-1,-1,1,-1,1,1,-1,1,-1,1,-1,1,-1,1,-1,0,0,0,0,1,-1,-1,1,1,-1,-1,1,1,-1,-1,1,0,0,-1,1,0,0,0,0,1,-1,-1,1,1,-1,-1,1,0,0,-1,1,1,-1,0,0,-1,1,1,-1,1,-1,0,0,-1,1,1,-1,1,-1,0,0,-1,1,1,-1,-1,1,0,0,1,-1,0,0,0,0,1,-1
2026-01-13 08:30:00,Inflation Rate MoM,schedule,0.3280008049099507,0.10844306738962044,0.33747636044926344,109.0,YM,tp,98.0,993.640000000014,971.140000000014,0,2,-1,1,-1,1,0,2,-1,1,-1,1,-1,1,-1,1,-1,1,-1,1,-1,1,0,0,0,2,-1,1,0,0,-1,1,-1,1,-1,1,0,-1,0,0,-1,1,-1,1,-1,1,-1,1,0,0,0,1,0,1,0,0,-1,1,-1,1,-1,1,1,-1,0,0,-1,1,0,0,-1,1,-1,1,-1,1,-1,1,-1,1,0,0,-1,1,-1,1,1,-1,-1,1,-1,1,-1,1,-1,1,0,0,-1,1,-1,1,-1,1,-1,1,-1,1,-1,1,-1,1,-1,1,-1,1,-1,1,-1,1,-1,1,0,0,0,0,0,0,-1,1,0,0,0,0,-1,1,0,2,-1,1,-1,1,-1,1,0,0,-1,1,-1,1,-1,1,1,-1,-1,1,-1,1,1,-1,1,-1,0,0,0,0,-1,1,0,0,-1,1,-1,0,-1,1,-1,1,0,0,-1,1,-1,1,-1,1,-1,1,-1,1,0,0,0,0,0,0,0,0,-1,1,0,0,1,-1,0,0,1,-1,1,-1,-1,1,0,0,-1,1,-1,1,-1,1,-1,1,-1,1,-1,1,1,-1,-1,1,0,0,0,0,0,0,-1,1,1,-1,1,-1,1,-1,-1,1,-1,1,1,-1,-1,1,-1,1,-1,1,1,-1,0,2,0,0,1,-1,1,-1,-1,1,-1,1,-1,1,-1,1,0,0,1,-1,0,0,0,0,-1,1,1,-1,1,-1,-1,1,0,0,-1,1,-1,1,0,0,-1,1,-1,1,1,-1,0,0,1,-1,-1,1,-1,1,-1,1,-1,1,1,-1,1,-1,-1,1,-1,1,0,0,0,0,1,-1
2026-01-14 08:30:00,Retail Sales MoM,tv,0.04666544930711952,0.03709949409780776,0.03804960590248549,113.0,YM,stopped_post,432.0,-250.0,-272.5,0,0,1,-1,1,-1,0,2,1,-1,1,-1,1,-1,1,-1,0,0,1,-1,-1,1,0,0,0,2,1,-1,0,0,1,-1,1,-1,1,-1,0,0,0,0,0,0,1,-1,1,-1,1,-1,0,0,0,-1,0,-1,0,0,0,0,1,-1,1,-1,1,-1,0,0,1,-1,-1,1,1,-1,1,-1,1,-1,-1,1,1,-1,0,2,-1,1,1,-1,1,-1,1,-1,1,-1,1,-1,0,0,0,0,1,-1,1,-1,-1,1,1,-1,1,-1,1,-1,1,-1,1,-1,1,-1,1,-1,1,-1,0,0,0,0,0,0,0,0,1,-1,0,0,0,0,0,0,0,0,1,-1,1,-1,1,-1,-1,1,1,-1,1,-1,1,-1,-1,1,1,-1,1,-1,1,-1,-1,1,0,0,0,0,1,-1,1,-1,1,-1,1,0,1,-1,1,-1,0,2,1,-1,-1,1,1,-1,-1,1,1,-1,0,0,0,0,0,0,0,0,1,-1,0,0,-1,1,0,0,-1,1,-1,1,1,-1,0,0,1,-1,1,-1,1,-1,1,-1,1,-1,1,-1,1,-1,1,-1,0,0,0,0,0,0,1,-1,1,-1,1,-1,1,-1,-1,1,1,-1,-1,1,0,0,1,-1,1,-1,-1,1,0,0,0,0,-1,1,-1,1,1,-1,1,-1,1,-1,1,-1,0,0,1,-1,-1,1,1,-1,0,0,1,-1,1,-1,1,-1,0,0,1,-1,1,-1,0,2,1,-1,1,-1,-1,1,0,0,1,-1,1,-1,1,-1,0,0,1,-1,1,-1,-1,1,1,-1,1,-1,0,0,1,-1,1,-1
2026-01-28 14:00:00,Fed Interest Rate Decision,schedule,0.06312360008144981,0.12096642364403176,0.17318020279943502,79.0,YM,stopped_post,138.0,-245.54000000000087,-268.0400000000009,0,2,-1,1,-1,1,0,2,-1,1,-1,1,-1,1,-1,1,-1,1,-1,1,-1,1,0,0,0,2,-1,1,0,0,-1,1,-1,1,-1,1,0,-1,0,0,0,0,-1,1,-1,1,-1,1,0,0,0,1,0,1,0,0,-1,1,-1,1,1,-1,1,-1,0,0,-1,1,-1,1,-1,1,-1,1,-1,1,1,-1,-1,1,0,0,-1,1,-1,1,-1,1,-1,1,-1,1,-1,1,-1,1,-1,1,-1,1,-1,1,-1,1,-1,1,-1,1,-1,1,-1,1,-1,1,-1,1,-1,1,-1,1,-1,1,0,0,0,0,0,0,-1,1,0,0,0,0,-1,1,0,0,-1,1,-1,1,-1,1,0,0,-1,1,-1,1,-1,1,1,-1,-1,1,-1,1,-1,1,1,-1,0,2,0,0,-1,1,-1,1,-1,1,-1,0,-1,1,-1,1,0,0,-1,1,-1,1,-1,1,-1,1,-1,1,0,0,0,2,0,0,0,0,1,-1,0,0,-1,1,0,0,-1,1,-1,1,-1,1,0,0,-1,1,1,-1,1,-1,-1,1,-1,1,-1,1,1,-1,-1,1,0,0,0,0,0,0,-1,1,1,-1,1,-1,1,-1,-1,1,1,-1,1,-1,-1,1,-1,1,-1,1,1,-1,0,2,0,0,1,-1,1,-1,-1,1,-1,1,-1,1,-1,1,0,0,1,-1,0,0,-1,1,-1,1,1,-1,-1,1,-1,1,0,0,-1,1,-1,1,0,0,-1,1,-1,1,1,-1,0,0,1,-1,-1,1,-1,1,-1,1,1,-1,1,-1,1,-1,-1,1,-1,1,0,0,-1,1,1,-1
2026-02-10 08:30:00,Retail Sales MoM,tv,0.03786595452099568,0.03717122559430039,0.03804960590248549,114.0,YM,timed,900.0,165.0,142.5,0,0,1,-1,1,-1,1,0,1,-1,-1,1,-1,1,1,-1,0,0,1,-1,-1,1,0,0,0,2,1,-1,0,0,1,-1,1,-1,-1,1,0,0,0,0,0,0,0,0,1,-1,1,-1,0,2,0,-1,0,-1,0,0,0,0,1,-1,1,-1,1,-1,0,0,1,-1,0,0,1,-1,1,-1,1,-1,-1,1,1,-1,0,2,1,-1,1,-1,1,-1,1,-1,1,-1,1,-1,0,0,0,0,1,-1,0,0,0,0,1,-1,1,-1,1,-1,-1,1,-1,1,1,-1,0,0,-1,1,0,0,0,0,0,0,1,-1,0,0,0,0,0,0,0,0,0,0,1,-1,-1,1,1,-1,0,0,-1,1,1,-1,1,-1,1,-1,1,-1,1,-1,1,-1,-1,1,0,0,0,0,1,-1,0,0,1,-1,1,0,1,-1,1,-1,0,0,1,-1,-1,1,1,-1,-1,1,1,-1,0,0,0,0,0,0,0,0,1,-1,0,0,1,-1,0,0,1,-1,-1,1,1,-1,0,0,1,-1,-1,1,-1,1,1,-1,1,-1,0,0,-1,1,1,-1,0,0,0,0,0,0,1,-1,1,-1,-1,1,-1,1,1,-1,1,-1,-1,1,0,0,1,-1,0,0,-1,1,0,0,0,0,1,-1,-1,1,-1,1,1,-1,1,-1,1,-1,0,0,-1,1,0,0,0,0,0,0,1,-1,1,-1,1,-1,0,0,1,-1,1,-1,0,2,1,-1,1,-1,-1,1,0,0,-1,1,1,-1,-1,1,0,0,1,-1,1,-1,-1,1,1,-1,1,-1,0,0,0,0,1,-1
2026-02-11 08:30:00,Non Farm Payrolls,schedule,0.07148246693935904,0.1353477414372272,0.16629591984405034,120.0,YM,tp,560.0,1006.7799999999988,984.2799999999988,0,0,1,-1,1,-1,0,2,1,-1,-1,1,-1,1,1,-1,1,-1,1,-1,-1,1,0,0,0,2,1,-1,0,0,1,-1,1,-1,-1,1,0,0,1,-1,-1,1,0,0,1,-1,1,-1,0,0,0,-1,0,-1,0,0,0,0,1,-1,1,-1,1,-1,0,0,1,-1,-1,1,1,-1,0,0,-1,1,1,-1,1,-1,0,2,1,-1,1,-1,1,-1,1,-1,1,-1,1,-1,0,0,0,0,1,-1,1,-1,1,-1,1,-1,-1,1,1,-1,1,-1,-1,1,1,-1,1,-1,-1,1,-1,1,0,0,0,0,1,-1,1,-1,0,0,0,0,0,0,0,2,1,-1,1,-1,1,-1,1,-1,-1,1,1,-1,1,-1,1,-1,1,-1,-1,1,1,-1,-1,1,0,0,0,0,1,-1,0,0,1,-1,1,0,1,-1,1,-1,0,0,1,-1,-1,1,1,-1,1,-1,-1,1,0,0,0,0,0,0,0,0,1,-1,0,0,-1,1,0,0,-1,1,-1,1,1,-1,0,0,1,-1,1,-1,1,-1,1,-1,1,-1,1,-1,-1,1,1,-1,0,0,0,0,0,0,1,-1,1,-1,-1,1,1,-1,-1,1,-1,1,-1,1,1,-1,1,-1,0,0,-1,1,0,0,0,0,-1,1,1,-1,1,-1,-1,1,1,-1,1,-1,0,0,-1,1,0,0,0,0,1,-1,-1,1,1,-1,1,-1,0,0,-1,1,1,-1,0,2,1,-1,1,-1,1,-1,0,0,-1,1,1,-1,-1,1,1,-1,-1,1,1,-1,1,-1,1,-1,1,-1,0,0,0,0,1,-1
2026-02-13 08:30:00,Inflation Rate MoM,schedule,0.2609328856345321,0.10945569747864115,0.32378825857791,110.0,YM,timed,900.0,415.0,392.5,0,0,1,-1,1,-1,0,2,-1,1,1,-1,1,-1,1,-1,0,0,-1,1,1,-1,0,0,0,0,-1,1,0,0,1,-1,1,-1,1,-1,0,0,0,0,0,0,1,-1,1,-1,1,-1,0,0,0,-1,0,-1,0,0,1,-1,-1,1,1,-1,-1,1,0,0,1,-1,-1,1,1,-1,0,0,1,-1,-1,1,1,-1,0,0,1,-1,1,-1,1,-1,1,-1,1,-1,1,-1,1,-1,1,-1,1,-1,0,0,-1,1,1,-1,1,-1,1,-1,1,-1,1,-1,1,-1,1,-1,1,-1,1,-1,0,0,0,0,0,0,0,0,0,0,0,0,1,-1,0,0,1,-1,1,-1,-1,1,-1,1,1,-1,1,-1,1,-1,-1,1,1,-1,1,-1,1,-1,-1,1,0,0,0,2,1,-1,1,-1,1,-1,1,0,1,-1,-1,1,0,0,1,-1,1,-1,1,-1,1,-1,1,-1,0,0,0,0,0,0,0,0,1,-1,0,0,-1,1,0,0,-1,1,-1,1,1,-1,0,0,1,-1,1,-1,-1,1,1,-1,1,-1,1,-1,1,-1,1,-1,0,0,0,0,0,0,1,-1,1,-1,-1,1,1,-1,1,-1,1,-1,-1,1,0,0,1,-1,1,-1,-1,1,0,2,0,0,-1,1,-1,1,-1,1,1,-1,1,-1,1,-1,0,0,-1,1,0,0,1,-1,0,0,-1,1,1,-1,1,-1,0,0,1,-1,-1,1,0,2,1,-1,1,-1,1,-1,0,0,1,-1,1,-1,1,-1,0,0,-1,1,1,-1,-1,1,0,0,-1,1,0,0,1,-1,1,-1
2026-03-06 08:30:00,Non Farm Payrolls,schedule,0.43342616051424865,0.13509963598153638,0.14801293130918808,121.0,YM,stopped_post,1.0,-238.53500000001077,-261.03500000001077,0,0,-1,1,1,-1,0,2,1,-1,1,-1,-1,1,1,-1,0,0,1,-1,1,-1,0,0,0,2,1,-1,0,0,-1,1,-1,1,1,-1,0,0,0,0,0,0,0,0,-1,1,1,-1,0,2,0,-1,0,0,0,0,0,0,1,-1,-1,1,1,-1,0,0,-1,1,-1,1,-1,1,0,0,1,-1,-1,1,-1,1,0,0,-1,1,-1,1,-1,1,-1,1,1,-1,0,0,0,0,1,-1,1,-1,0,0,0,0,-1,1,-1,1,1,-1,1,-1,1,-1,1,-1,0,0,-1,1,0,0,0,0,0,0,0,0,0,0,0,0,0,0,0,0,0,2,1,-1,0,0,1,-1,-1,1,1,-1,1,-1,1,-1,-1,1,1,-1,-1,1,-1,1,1,-1,0,0,0,2,-1,1,-1,1,-1,1,-1,0,-1,1,-1,1,0,0,1,-1,-1,1,-1,1,-1,1,-1,1,-1,1,0,0,0,0,0,0,-1,1,-1,1,-1,1,-1,1,-1,1,-1,1,-1,1,0,0,-1,1,-1,1,1,-1,1,-1,-1,1,0,0,1,-1,-1,1,0,0,0,0,0,0,-1,1,1,-1,1,-1,-1,1,-1,1,-1,1,1,-1,0,0,-1,1,0,0,-1,1,0,0,0,2,-1,1,-1,1,-1,1,-1,1,1,-1,-1,1,0,0,-1,1,0,0,0,0,0,0,1,-1,-1,1,-1,1,0,2,-1,1,1,-1,0,0,1,-1,-1,1,-1,1,0,0,1,-1,-1,1,-1,1,0,0,1,-1,-1,1,-1,1,0,0,1,-1,0,0,0,0,-1,1
2026-03-11 08:30:00,Inflation Rate MoM,schedule,0.035625222657641606,0.11046832756766184,0.32378825857791,111.0,YM,stopped_post,231.0,-238.3050000000003,-260.8050000000003,0,0,-1,1,1,-1,0,2,0,0,-1,1,-1,1,-1,1,0,0,-1,1,-1,1,0,0,0,0,1,-1,0,0,1,-1,-1,1,-1,1,0,0,1,-1,-1,1,0,0,1,-1,1,-1,0,0,0,-1,0,0,0,0,-1,1,1,-1,1,-1,1,-1,0,0,1,-1,-1,1,1,-1,0,0,-1,1,1,-1,1,-1,0,0,1,-1,-1,1,1,-1,-1,1,-1,1,0,0,-1,1,-1,1,1,-1,-1,1,0,0,1,-1,-1,1,-1,1,-1,1,-1,1,-1,1,0,0,-1,1,0,0,0,0,0,2,0,0,-1,1,0,0,0,2,0,0,0,0,-1,1,-1,1,1,-1,0,0,-1,1,-1,1,-1,1,-1,1,-1,1,-1,1,1,-1,-1,1,0,0,0,0,1,-1,0,0,-1,1,-1,0,1,-1,1,-1,0,0,-1,1,1,-1,0,0,1,-1,-1,1,1,-1,0,0,0,2,0,0,-1,1,-1,1,-1,1,0,0,-1,1,-1,1,1,-1,0,0,-1,1,-1,1,-1,1,1,-1,1,-1,-1,1,-1,1,-1,1,0,2,0,0,0,0,1,-1,-1,1,-1,1,1,-1,1,-1,-1,1,-1,1,-1,1,1,-1,-1,1,1,-1,0,0,0,2,1,-1,-1,1,1,-1,-1,1,-1,1,-1,1,0,0,-1,1,0,0,0,0,-1,1,1,-1,1,-1,1,-1,0,2,-1,1,-1,1,0,2,-1,1,-1,1,-1,1,0,0,-1,1,1,-1,-1,1,-1,1,-1,1,1,-1,-1,1,-1,1,1,-1,0,2,0,0,-1,1
2026-03-18 14:00:00,Fed Interest Rate Decision,schedule,0.04903528408485236,0.12026906974907714,0.1631310016155393,80.0,YM,timed,900.0,145.0,122.5,0,0,-1,1,1,-1,0,2,0,0,1,-1,-1,1,-1,1,0,0,1,-1,1,-1,0,0,0,0,-1,1,0,0,-1,1,1,-1,1,-1,0,0,0,0,0,0,0,0,-1,1,1,-1,0,0,0,-1,0,0,0,2,1,-1,1,-1,1,-1,1,-1,0,0,-1,1,-1,1,1,-1,1,-1,1,-1,-1,1,-1,1,0,0,-1,1,1,-1,1,-1,1,-1,1,-1,0,0,1,-1,1,-1,-1,1,0,0,0,0,1,-1,1,-1,1,-1,-1,1,1,-1,1,-1,0,0,1,-1,0,0,0,0,0,0,0,0,0,0,0,0,0,0,1,-1,0,2,1,-1,0,0,1,-1,1,-1,1,-1,1,-1,1,-1,1,-1,1,-1,-1,1,1,-1,-1,1,0,0,0,2,1,-1,1,-1,1,-1,1,0,1,-1,1,-1,0,0,1,-1,1,-1,1,-1,1,-1,1,-1,1,-1,0,0,0,0,0,0,1,-1,-1,1,-1,1,-1,1,-1,1,-1,1,1,-1,0,0,-1,1,0,0,-1,1,1,-1,1,-1,0,0,-1,1,1,-1,0,0,0,0,0,0,-1,1,1,-1,1,-1,1,-1,1,-1,1,-1,-1,1,1,-1,-1,1,0,0,1,-1,0,0,0,2,1,-1,1,-1,-1,1,1,-1,1,-1,1,-1,0,0,-1,1,0,0,1,-1,1,-1,1,-1,1,-1,1,-1,0,2,1,-1,1,-1,0,0,1,-1,1,-1,-1,1,0,0,1,-1,-1,1,-1,1,1,-1,1,-1,-1,1,1,-1,1,-1,-1,1,0,0,1,-1,1,-1
2026-04-01 08:30:00,Retail Sales MoM,tv,0.006403141808247246,0.03724295709079301,0.037554455805894345,115.0,YM,stopped_post,422.0,-234.33000000000902,-256.830000000009,0,2,-1,1,-1,1,-1,0,-1,1,-1,1,1,-1,-1,1,-1,1,-1,1,1,-1,0,0,0,2,-1,1,0,0,-1,1,-1,1,-1,1,0,0,0,0,0,0,-1,1,-1,1,-1,1,0,0,0,1,0,1,0,0,0,0,-1,1,1,-1,1,-1,0,0,-1,1,1,-1,-1,1,-1,1,-1,1,1,-1,-1,1,0,2,-1,1,-1,1,-1,1,-1,1,-1,1,-1,1,0,0,0,0,-1,1,-1,1,-1,1,-1,1,-1,1,-1,1,-1,1,-1,1,-1,1,-1,1,-1,1,-1,1,0,0,0,0,-1,1,-1,1,0,0,0,0,-1,1,0,0,-1,1,-1,1,-1,1,1,-1,-1,1,-1,1,-1,1,1,-1,-1,1,-1,1,-1,1,1,-1,0,2,0,0,-1,1,-1,1,-1,1,-1,0,-1,1,-1,1,0,0,-1,1,-1,1,-1,1,1,-1,-1,1,0,0,0,2,0,0,0,0,-1,1,0,0,1,-1,1,-1,1,-1,1,-1,-1,1,0,0,-1,1,0,0,-1,1,-1,1,-1,1,0,0,1,-1,-1,1,0,0,0,0,0,0,-1,1,1,-1,1,-1,1,-1,-1,1,1,-1,1,-1,-1,1,-1,1,0,0,1,-1,0,2,0,0,-1,1,1,-1,-1,1,-1,1,-1,1,-1,1,0,0,1,-1,0,0,0,0,-1,1,1,-1,-1,1,-1,1,0,0,-1,1,-1,1,0,0,-1,1,-1,1,1,-1,0,0,-1,1,-1,1,1,-1,-1,1,-1,1,1,-1,1,-1,-1,1,-1,1,0,0,-1,1,-1,1
2026-04-03 08:30:00,Non Farm Payrolls,schedule,0.175701735590315,0.1353477414372272,0.14801293130918808,122.0,YM,tp,1.0,933.4800000000178,910.9800000000178,0,0,1,-1,-1,1,0,2,-1,1,1,-1,1,-1,-1,1,-1,1,-1,1,1,-1,0,0,0,0,-1,1,0,0,1,-1,1,-1,1,-1,0,0,0,0,0,0,0,0,1,-1,-1,1,0,0,0,-1,0,-1,0,0,1,-1,-1,1,-1,1,1,-1,0,0,-1,1,1,-1,-1,1,0,0,-1,1,-1,1,1,-1,0,2,1,-1,1,-1,-1,1,1,-1,-1,1,0,0,1,-1,-1,1,-1,1,1,-1,-1,1,-1,1,1,-1,1,-1,1,-1,1,-1,1,-1,0,0,1,-1,-1,1,0,0,0,0,0,0,0,0,0,0,0,0,0,0,0,0,1,-1,1,-1,-1,1,1,-1,1,-1,1,-1,1,-1,1,-1,1,-1,-1,1,-1,1,-1,1,0,0,0,0,-1,1,0,0,-1,1,1,0,-1,1,-1,1,0,2,1,-1,-1,1,-1,1,-1,1,-1,1,1,-1,0,0,0,0,0,0,1,-1,0,0,-1,1,0,0,1,-1,1,-1,-1,1,0,0,-1,1,0,0,1,-1,-1,1,1,-1,1,-1,-1,1,-1,1,0,0,0,0,0,0,-1,1,1,-1,-1,1,-1,1,1,-1,-1,1,1,-1,0,0,-1,1,1,-1,-1,1,0,0,0,0,-1,1,1,-1,-1,1,1,-1,1,-1,1,-1,0,0,-1,1,0,0,0,0,0,0,-1,1,-1,1,-1,1,0,0,-1,1,-1,1,0,0,1,-1,1,-1,1,-1,0,0,-1,1,-1,1,1,-1,0,0,-1,1,-1,1,1,-1,0,0,-1,1,0,0,0,0,1,-1
2026-04-10 08:30:00,Inflation Rate MoM,schedule,0.02064196511507896,0.10945569747864115,0.32378825857791,112.0,YM,timed,900.0,105.0,82.5,0,0,-1,1,-1,1,0,2,1,-1,-1,1,1,-1,1,-1,1,-1,1,-1,-1,1,0,0,0,0,1,-1,0,0,1,-1,-1,1,-1,1,0,0,1,-1,0,0,0,0,1,-1,-1,1,0,0,0,-1,0,1,0,0,-1,1,1,-1,1,-1,1,-1,0,0,1,-1,1,-1,1,-1,0,0,-1,1,1,-1,-1,1,0,2,1,-1,-1,1,1,-1,-1,1,1,-1,0,0,-1,1,-1,1,1,-1,0,0,1,-1,-1,1,-1,1,-1,1,1,-1,-1,1,1,-1,0,0,-1,1,-1,1,0,0,0,0,0,0,1,-1,0,0,0,0,0,0,0,2,1,-1,0,0,1,-1,1,-1,-1,1,-1,1,-1,1,-1,1,-1,1,-1,1,1,-1,1,-1,0,0,0,0,1,-1,0,0,-1,1,-1,0,1,-1,1,-1,0,0,-1,1,1,-1,-1,1,-1,1,-1,1,1,-1,0,0,0,0,0,0,-1,1,0,0,1,-1,0,0,1,-1,1,-1,1,-1,0,0,-1,1,-1,1,1,-1,1,-1,-1,1,0,0,1,-1,-1,1,0,0,0,0,0,0,1,-1,-1,1,-1,1,1,-1,-1,1,-1,1,-1,1,0,0,1,-1,0,0,-1,1,0,0,0,0,1,-1,1,-1,1,-1,-1,1,1,-1,-1,1,0,0,1,-1,0,0,0,0,0,0,1,-1,1,-1,1,-1,0,0,-1,1,1,-1,0,0,-1,1,-1,1,1,-1,0,0,1,-1,1,-1,1,-1,0,0,-1,1,1,-1,1,-1,0,0,1,-1,0,0,0,0,-1,1
2026-04-21 08:30:00,Retail Sales MoM,tv,0.010014621347166863,0.03717122559430039,0.03678010387311321,116.0,YM,stopped_post,524.0,-249.5850000000064,-272.0850000000064,0,0,1,-1,1,-1,-1,0,-1,1,1,-1,1,-1,-1,1,0,0,-1,1,1,-1,0,0,0,2,-1,1,0,0,1,-1,1,-1,1,-1,0,0,-1,1,0,0,0,0,1,-1,1,-1,0,0,0,-1,0,-1,0,0,1,-1,1,-1,-1,1,-1,1,0,0,-1,1,1,-1,1,-1,0,0,1,-1,1,-1,1,-1,0,2,-1,1,1,-1,-1,1,1,-1,-1,1,0,0,1,-1,1,-1,-1,1,0,0,-1,1,-1,1,1,-1,-1,1,-1,1,1,-1,-1,1,0,0,1,-1,1,-1,0,0,0,0,0,0,-1,1,0,0,0,0,0,0,0,0,-1,1,-1,1,-1,1,-1,1,1,-1,1,-1,1,-1,1,-1,1,-1,1,-1,-1,1,-1,1,0,0,0,0,-1,1,1,-1,-1,1,-1,0,1,-1,-1,1,0,0,1,-1,-1,1,-1,1,1,-1,1,-1,-1,1,0,0,0,0,0,0,1,-1,1,-1,1,-1,1,-1,1,-1,1,-1,1,-1,0,0,1,-1,1,-1,1,-1,-1,1,1,-1,0,0,-1,1,1,-1,0,0,0,0,0,0,1,-1,-1,1,-1,1,-1,1,1,-1,1,-1,-1,1,0,0,-1,1,0,0,-1,1,0,0,0,0,-1,1,1,-1,-1,1,1,-1,-1,1,1,-1,0,0,-1,1,0,0,1,-1,0,0,1,-1,-1,1,1,-1,0,0,1,-1,-1,1,0,0,1,-1,-1,1,-1,1,0,0,-1,1,-1,1,1,-1,0,0,1,-1,-1,1,1,-1,0,0,1,-1,0,0,0,0,-1,1
2026-04-29 14:00:00,Fed Interest Rate Decision,schedule,0.04287376737918785,0.1195717158541225,0.15223618756482915,81.0,YM,stopped_post,181.0,-244.87499999999272,-267.3749999999927,0,0,1,-1,-1,1,1,0,1,-1,-1,1,-1,1,1,-1,0,0,1,-1,-1,1,0,0,0,0,1,-1,0,0,1,-1,-1,1,-1,1,0,0,-1,1,1,-1,0,0,1,-1,-1,1,0,0,0,-1,0,0,0,0,0,0,-1,1,1,-1,0,0,0,0,1,-1,-1,1,1,-1,0,0,1,-1,1,-1,1,-1,0,2,1,-1,1,-1,1,-1,1,-1,1,-1,1,-1,-1,1,-1,1,1,-1,1,-1,1,-1,1,-1,1,-1,1,-1,1,-1,-1,1,1,-1,0,0,1,-1,0,0,0,0,0,0,1,-1,1,-1,0,0,0,0,0,0,0,2,1,-1,1,-1,1,-1,1,-1,-1,1,1,-1,1,-1,1,-1,1,-1,1,-1,1,-1,-1,1,0,0,0,2,1,-1,0,0,1,-1,1,0,1,-1,1,-1,0,0,1,-1,1,-1,1,-1,1,-1,1,-1,0,0,0,0,0,0,0,0,1,-1,-1,1,-1,1,-1,1,-1,1,-1,1,1,-1,0,0,1,-1,1,-1,-1,1,1,-1,1,-1,0,0,1,-1,1,-1,0,0,0,0,0,0,1,-1,1,-1,1,-1,1,-1,1,-1,1,-1,-1,1,1,-1,1,-1,0,0,-1,1,0,0,0,0,1,-1,1,-1,1,-1,-1,1,1,-1,1,-1,0,0,1,-1,0,0,0,0,0,0,-1,1,1,-1,1,-1,0,0,1,-1,-1,1,0,2,-1,1,1,-1,-1,1,0,0,-1,1,1,-1,-1,1,0,0,1,-1,1,-1,1,-1,1,-1,1,-1,0,0,0,0,1,-1
2026-05-08 08:30:00,Non Farm Payrolls,schedule,0.05817102280705273,0.135595846892918,0.14801293130918808,123.0,YM,timed,897.0,275.0,252.5,0,0,-1,1,-1,1,0,2,1,-1,-1,1,1,-1,1,-1,0,0,-1,1,-1,1,0,0,0,2,1,-1,0,0,1,-1,-1,1,-1,1,0,0,0,0,-1,1,0,0,-1,1,-1,1,0,0,0,1,0,1,0,0,0,0,-1,1,-1,1,1,-1,0,0,-1,1,0,0,-1,1,-1,1,-1,1,-1,1,-1,1,0,2,-1,1,-1,1,-1,1,-1,1,-1,1,0,0,-1,1,-1,1,-1,1,0,0,0,0,-1,1,-1,1,-1,1,1,-1,-1,1,-1,1,0,0,-1,1,-1,1,0,0,0,0,0,0,0,0,0,0,0,0,-1,1,0,2,-1,1,1,-1,-1,1,1,-1,-1,1,-1,1,-1,1,-1,1,-1,1,-1,1,-1,1,-1,1,0,0,0,0,1,-1,-1,1,-1,1,-1,0,-1,1,-1,1,0,0,-1,1,-1,1,-1,1,1,-1,-1,1,1,-1,0,0,0,0,0,0,-1,1,0,0,1,-1,0,0,-1,1,1,-1,-1,1,0,0,1,-1,-1,1,-1,1,-1,1,-1,1,0,0,-1,1,-1,1,0,0,0,0,0,0,-1,1,-1,1,-1,1,-1,1,-1,1,-1,1,-1,1,0,0,-1,1,0,0,-1,1,0,0,0,0,-1,1,-1,1,-1,1,-1,1,1,-1,-1,1,0,0,1,-1,0,0,-1,1,0,0,-1,1,-1,1,-1,1,0,0,-1,1,-1,1,0,0,-1,1,-1,1,1,-1,0,0,1,-1,-1,1,1,-1,0,0,1,-1,-1,1,-1,1,0,0,-1,1,0,0,-1,1,-1,1
2026-05-12 08:30:00,Inflation Rate MoM,schedule,0.052239255791525184,0.10844306738962044,0.30187206090605734,113.0,YM,timed,895.0,275.0,252.5,0,0,-1,1,1,-1,0,2,0,0,-1,1,-1,1,-1,1,-1,1,-1,1,-1,1,0,0,0,2,-1,1,0,0,-1,1,-1,1,-1,1,0,0,0,0,-1,1,-1,1,-1,1,1,-1,0,0,0,1,0,1,0,0,0,0,1,-1,-1,1,-1,1,0,0,1,-1,0,0,-1,1,-1,1,-1,1,-1,1,-1,1,0,0,-1,1,-1,1,1,-1,-1,1,-1,1,0,0,-1,1,0,0,-1,1,-1,1,-1,1,-1,1,-1,1,-1,1,-1,1,-1,1,-1,1,0,0,-1,1,-1,1,0,0,0,0,0,0,-1,1,0,0,0,0,0,0,0,0,-1,1,-1,1,-1,1,1,-1,-1,1,-1,1,-1,1,-1,1,-1,1,-1,1,1,-1,-1,1,0,0,0,2,1,-1,0,0,-1,1,-1,0,-1,1,1,-1,0,0,-1,1,-1,1,-1,1,-1,1,-1,1,1,-1,0,0,0,0,0,0,-1,1,0,0,-1,1,0,0,1,-1,-1,1,-1,1,0,0,-1,1,1,-1,1,-1,-1,1,-1,1,0,0,-1,1,-1,1,0,0,0,0,0,0,-1,1,-1,1,1,-1,-1,1,-1,1,-1,1,1,-1,-1,1,1,-1,0,0,-1,1,0,0,0,2,-1,1,1,-1,-1,1,-1,1,-1,1,-1,1,0,0,1,-1,0,0,-1,1,-1,1,1,-1,1,-1,-1,1,0,0,-1,1,1,-1,0,0,-1,1,-1,1,-1,1,0,0,1,-1,-1,1,-1,1,-1,1,-1,1,-1,1,1,-1,-1,1,1,-1,0,0,0,0,-1,1
2026-05-14 08:30:00,Retail Sales MoM,tv,0.005976571838393498,0.03709949409780776,0.030888027620321355,117.0,YM,timed,900.0,-5.0,-27.5,0,0,1,-1,-1,1,1,0,1,-1,1,-1,1,-1,1,-1,1,-1,1,-1,-1,1,0,0,0,0,1,-1,0,0,1,-1,1,-1,1,-1,0,0,0,0,-1,1,1,-1,1,-1,-1,1,0,0,0,-1,0,-1,0,0,0,0,-1,1,1,-1,-1,1,0,0,1,-1,1,-1,1,-1,1,-1,1,-1,1,-1,1,-1,0,0,1,-1,1,-1,1,-1,1,-1,1,-1,1,-1,1,-1,0,0,1,-1,1,-1,1,-1,1,-1,1,-1,1,-1,1,-1,1,-1,1,-1,1,-1,1,-1,1,-1,0,0,0,0,0,0,1,-1,0,0,0,0,1,-1,0,0,1,-1,1,-1,1,-1,0,0,1,-1,1,-1,1,-1,1,-1,1,-1,1,-1,-1,1,-1,1,0,0,0,2,1,-1,0,0,1,-1,1,0,1,-1,1,-1,0,0,1,-1,1,-1,1,-1,1,-1,1,-1,0,0,0,0,0,0,0,0,1,-1,1,-1,1,-1,1,-1,1,-1,1,-1,1,-1,0,0,1,-1,1,-1,1,-1,1,-1,1,-1,1,-1,-1,1,1,-1,0,0,0,0,0,0,1,-1,1,-1,1,-1,1,-1,1,-1,1,-1,-1,1,1,-1,1,-1,1,-1,-1,1,0,2,0,0,-1,1,1,-1,-1,1,1,-1,1,-1,1,-1,0,0,-1,1,0,0,1,-1,1,-1,-1,1,-1,1,1,-1,0,0,1,-1,-1,1,0,2,1,-1,1,-1,1,-1,0,0,1,-1,1,-1,1,-1,1,-1,1,-1,1,-1,1,-1,1,-1,1,-1,0,0,0,0,1,-1
2026-06-05 08:30:00,Non Farm Payrolls,schedule,0.027084542464693363,0.1353477414372272,0.14801293130918808,124.0,YM,stopped_post,290.0,-258.4899999999834,-280.9899999999834,0,0,-1,1,-1,1,-1,0,-1,1,1,-1,-1,1,-1,1,0,0,-1,1,1,-1,0,0,0,0,-1,1,0,0,-1,1,-1,1,0,0,0,0,0,0,0,0,0,0,-1,1,-1,1,0,0,0,1,0,1,0,0,0,0,-1,1,-1,1,-1,1,0,0,-1,1,1,-1,-1,1,0,0,-1,1,1,-1,-1,1,0,2,-1,1,-1,1,-1,1,-1,1,-1,1,-1,1,0,0,0,0,-1,1,-1,1,-1,1,-1,1,-1,1,-1,1,-1,1,-1,1,-1,1,0,0,1,-1,0,0,0,0,0,0,0,0,-1,1,0,0,0,0,0,0,0,0,-1,1,-1,1,-1,1,1,-1,1,-1,-1,1,-1,1,-1,1,-1,1,-1,1,-1,1,1,-1,0,0,0,0,-1,1,0,0,-1,1,-1,0,-1,1,-1,1,0,0,-1,1,-1,1,-1,1,1,-1,-1,1,1,-1,0,0,0,0,0,0,-1,1,0,0,1,-1,0,0,1,-1,1,-1,-1,1,0,0,-1,1,-1,1,-1,1,-1,1,-1,1,-1,1,1,-1,-1,1,0,0,0,0,0,0,-1,1,-1,1,1,-1,1,-1,-1,1,-1,1,1,-1,-1,1,-1,1,-1,1,1,-1,0,0,0,0,-1,1,1,-1,-1,1,-1,1,-1,1,-1,1,0,0,1,-1,0,0,0,0,-1,1,1,-1,-1,1,-1,1,0,0,-1,1,-1,1,0,0,-1,1,-1,1,1,-1,0,0,1,-1,-1,1,-1,1,-1,1,-1,1,-1,1,1,-1,-1,1,-1,1,0,0,0,0,-1,1
2026-06-10 08:30:00,Inflation Rate MoM,schedule,0.04745052294430495,0.10798098794366087,0.30187206090605734,114.0,YM,tp,4.0,1015.0,992.5,0,0,-1,1,-1,1,0,2,1,-1,-1,1,-1,1,1,-1,0,0,1,-1,1,-1,0,0,0,0,1,-1,0,0,-1,1,1,-1,-1,1,0,0,0,0,0,0,0,0,1,-1,-1,1,0,2,0,-1,0,0,0,0,0,0,-1,1,1,-1,1,-1,0,0,1,-1,-1,1,-1,1,0,0,-1,1,1,-1,-1,1,0,0,-1,1,-1,1,-1,1,-1,1,1,-1,0,0,0,0,1,-1,1,-1,1,-1,1,-1,-1,1,-1,1,1,-1,1,-1,-1,1,-1,1,0,0,1,-1,-1,1,0,0,0,0,1,-1,1,-1,0,0,0,0,-1,1,0,2,1,-1,1,-1,1,-1,1,-1,-1,1,1,-1,1,-1,-1,1,1,-1,-1,1,-1,1,1,-1,0,0,0,2,1,-1,-1,1,1,-1,1,0,-1,1,1,-1,0,0,1,-1,-1,1,-1,1,1,-1,-1,1,1,-1,0,0,0,0,0,0,-1,1,-1,1,-1,1,0,0,-1,1,-1,1,-1,1,0,0,-1,1,0,0,-1,1,-1,1,-1,1,1,-1,1,-1,1,-1,0,0,0,0,0,0,-1,1,1,-1,1,-1,1,-1,-1,1,-1,1,1,-1,1,-1,1,-1,0,0,-1,1,0,0,0,2,-1,1,-1,1,1,-1,-1,1,1,-1,-1,1,0,0,-1,1,0,0,-1,1,1,-1,-1,1,-1,1,-1,1,0,2,-1,1,-1,1,0,0,-1,1,1,-1,-1,1,0,0,-1,1,1,-1,-1,1,1,-1,-1,1,1,-1,-1,1,0,0,1,-1,0,0,0,0,1,-1
2026-06-17 08:30:00,Retail Sales MoM,tv,0.03434393543340138,0.036926094647727795,0.024854376961912658,118.0,YM,timed,900.0,125.0,102.5,0,2,-1,1,-1,1,0,2,-1,1,-1,1,-1,1,-1,1,0,0,-1,1,-1,1,0,0,0,0,-1,1,0,0,-1,1,-1,1,-1,1,0,0,0,0,0,0,-1,1,-1,1,-1,1,0,2,0,1,0,1,0,0,-1,1,-1,1,1,-1,1,-1,0,0,-1,1,0,0,-1,1,-1,1,-1,1,1,-1,-1,1,0,0,-1,1,-1,1,-1,1,-1,1,-1,1,-1,1,0,0,-1,1,-1,1,-1,1,-1,1,-1,1,-1,1,-1,1,-1,1,-1,1,-1,1,-1,1,-1,1,-1,1,0,0,0,0,-1,1,-1,1,0,0,0,0,0,0,0,0,-1,1,-1,1,-1,1,1,-1,-1,1,-1,1,-1,1,1,-1,-1,1,-1,1,-1,1,1,-1,0,0,0,0,-1,1,-1,1,-1,1,-1,0,-1,1,-1,1,0,0,-1,1,1,-1,-1,1,1,-1,-1,1,1,-1,0,0,0,0,0,0,-1,1,0,0,-1,1,0,0,-1,1,-1,1,-1,1,0,0,-1,1,0,0,-1,1,-1,1,-1,1,-1,1,1,-1,-1,1,0,0,0,0,0,0,-1,1,-1,1,-1,1,1,-1,-1,1,-1,1,1,-1,0,0,-1,1,-1,1,1,-1,0,2,0,0,1,-1,1,-1,-1,1,-1,1,-1,1,-1,1,0,0,1,-1,0,0,-1,1,0,0,1,-1,-1,1,-1,1,0,0,-1,1,-1,1,0,0,-1,1,-1,1,1,-1,0,0,1,-1,-1,1,-1,1,0,0,-1,1,-1,1,1,-1,-1,1,-1,1,0,0,-1,1,-1,1
2026-06-17 14:00:00,Fed Interest Rate Decision,schedule,0.3723757955732877,0.11808356488392095,0.15223618756482915,82.0,YM,stopped_post,1.0,-263.0749999999898,-285.5749999999898,0,2,1,-1,1,-1,1,0,0,0,1,-1,1,-1,1,-1,1,-1,1,-1,-1,1,0,0,0,0,1,-1,0,0,1,-1,1,-1,1,-1,0,0,0,0,0,0,1,-1,1,-1,1,-1,0,0,0,-1,0,-1,0,0,0,0,1,-1,1,-1,-1,1,0,0,1,-1,1,-1,1,-1,1,-1,1,-1,-1,1,1,-1,0,0,1,-1,1,-1,1,-1,1,-1,1,-1,1,-1,0,0,0,0,1,-1,0,0,-1,1,1,-1,1,-1,1,-1,-1,1,1,-1,1,-1,1,-1,1,-1,1,-1,0,0,0,0,0,0,0,0,0,0,0,0,1,-1,0,0,1,-1,0,0,1,-1,1,-1,1,-1,1,-1,1,-1,-1,1,1,-1,1,-1,1,-1,-1,1,0,2,0,0,1,-1,1,-1,1,-1,1,0,1,-1,1,-1,0,0,1,-1,1,-1,1,-1,1,-1,1,-1,-1,1,0,0,0,0,0,0,1,-1,0,0,1,-1,0,0,1,-1,1,-1,1,-1,0,0,1,-1,1,-1,-1,1,1,-1,1,-1,0,0,-1,1,1,-1,0,0,0,0,0,0,1,-1,1,-1,-1,1,-1,1,1,-1,1,-1,-1,1,0,0,1,-1,0,0,-1,1,0,2,0,0,-1,1,-1,1,-1,1,1,-1,1,-1,1,-1,0,0,-1,1,0,0,1,-1,0,0,1,-1,1,-1,1,-1,0,0,1,-1,1,-1,0,2,-1,1,1,-1,1,-1,0,0,1,-1,1,-1,1,-1,0,0,1,-1,1,-1,-1,1,1,-1,1,-1,0,0,1,-1,1,-1
2026-07-02 08:30:00,Non Farm Payrolls,schedule,0.24460076982877949,0.13509963598153638,0.13261406900520625,125.0,YM,timed,900.0,880.0,857.5,0,0,1,-1,1,-1,0,2,0,0,-1,1,1,-1,1,-1,1,-1,1,-1,-1,1,0,0,0,2,1,-1,0,0,1,-1,1,-1,1,-1,0,0,-1,1,1,-1,1,-1,1,-1,1,-1,0,0,0,-1,0,-1,0,0,0,0,1,-1,1,-1,1,-1,0,0,1,-1,1,-1,1,-1,1,-1,1,-1,1,-1,1,-1,0,0,1,-1,1,-1,1,-1,1,-1,1,-1,0,0,0,0,0,0,1,-1,0,0,-1,1,1,-1,1,-1,1,-1,-1,1,1,-1,1,-1,0,0,1,-1,1,-1,0,0,0,0,0,0,0,0,0,0,0,0,1,-1,0,2,1,-1,-1,1,1,-1,0,0,1,-1,1,-1,1,-1,1,-1,1,-1,1,-1,1,-1,-1,1,0,0,0,0,1,-1,1,-1,1,-1,1,0,1,-1,1,-1,0,0,1,-1,1,-1,1,-1,-1,1,1,-1,0,0,0,0,0,0,0,0,1,-1,0,0,-1,1,0,0,1,-1,1,-1,1,-1,0,0,1,-1,0,0,1,-1,1,-1,1,-1,0,0,-1,1,1,-1,0,0,0,0,0,0,1,-1,1,-1,-1,1,1,-1,1,-1,-1,1,-1,1,0,0,1,-1,1,-1,-1,1,0,0,0,0,1,-1,1,-1,1,-1,1,-1,1,-1,1,-1,0,0,-1,1,0,0,1,-1,0,0,1,-1,1,-1,1,-1,0,0,1,-1,1,-1,0,2,1,-1,1,-1,-1,1,0,0,1,-1,1,-1,1,-1,0,0,-1,1,1,-1,1,-1,0,0,1,-1,0,0,1,-1,1,-1
2026-07-14 08:30:00,Inflation Rate MoM,schedule,0.771796093377799,0.10751890849770131,0.2725506476003887,115.0,YM,tp,1.0,1049.979999999996,1027.479999999996,0,2,1,-1,1,-1,0,2,0,0,1,-1,-1,1,1,-1,0,0,1,-1,1,-1,0,0,0,2,1,-1,0,0,1,-1,1,-1,1,-1,0,1,-1,1,0,0,1,-1,1,-1,1,-1,0,0,0,-1,0,-1,0,0,1,-1,1,-1,1,-1,-1,1,0,0,1,-1,-1,1,1,-1,1,-1,1,-1,1,-1,1,-1,0,0,1,-1,1,-1,1,-1,1,-1,1,-1,1,-1,1,-1,1,-1,1,-1,1,-1,1,-1,1,-1,1,-1,1,-1,1,-1,1,-1,1,-1,1,-1,1,-1,1,-1,0,2,0,2,0,0,1,-1,0,0,0,2,1,-1,0,0,1,-1,1,-1,1,-1,-1,1,1,-1,1,-1,1,-1,-1,1,1,-1,1,-1,1,-1,-1,1,0,0,0,2,1,-1,0,0,1,-1,1,0,1,-1,1,-1,0,0,1,-1,1,-1,1,-1,1,-1,1,-1,0,0,0,0,0,2,0,0,1,-1,0,0,-1,1,-1,1,-1,1,-1,1,1,-1,0,0,1,-1,1,-1,-1,1,1,-1,1,-1,0,0,1,-1,1,-1,0,2,0,0,0,0,1,-1,1,-1,-1,1,1,-1,1,-1,1,-1,-1,1,0,0,1,-1,0,0,-1,1,0,2,0,2,-1,1,-1,1,-1,1,1,-1,1,-1,1,-1,0,0,-1,1,0,0,1,-1,0,0,-1,1,1,-1,1,-1,0,0,1,-1,1,-1,0,2,-1,1,1,-1,1,-1,0,0,-1,1,1,-1,-1,1,1,-1,-1,1,1,-1,-1,1,1,-1,1,-1,0,2,1,-1,-1,1
2026-07-16 08:30:00,Retail Sales MoM,tv,0.0037785040902306773,0.03675269519764783,0.024854376961912658,119.0,YM,timed,900.0,-80.0,-102.5,0,2,-1,1,-1,1,0,2,0,0,-1,1,-1,1,-1,1,-1,1,-1,1,-1,1,0,0,0,0,-1,1,0,0,1,-1,-1,1,-1,1,0,-1,0,0,0,0,-1,1,-1,1,-1,1,0,0,0,1,0,1,0,0,-1,1,-1,1,-1,1,1,-1,0,0,-1,1,0,0,-1,1,-1,1,-1,1,-1,1,-1,1,0,2,-1,1,-1,1,1,-1,-1,1,-1,1,-1,1,-1,1,-1,1,-1,1,-1,1,0,0,-1,1,-1,1,-1,1,-1,1,-1,1,-1,1,-1,1,-1,1,-1,1,0,0,0,0,0,0,-1,1,0,0,0,2,0,0,0,2,-1,1,-1,1,-1,1,1,-1,-1,1,-1,1,-1,1,-1,1,-1,1,-1,1,1,-1,-1,1,0,0,0,2,1,-1,0,0,-1,1,-1,0,-1,1,-1,1,0,0,-1,1,-1,1,-1,1,1,-1,-1,1,0,0,0,0,0,0,0,0,-1,1,0,0,-1,1,0,0,1,-1,-1,1,-1,1,0,0,-1,1,0,0,-1,1,-1,1,-1,1,-1,1,-1,1,-1,1,0,0,0,0,0,0,-1,1,-1,1,1,-1,-1,1,-1,1,-1,1,-1,1,-1,1,1,-1,0,0,-1,1,0,2,0,2,1,-1,1,-1,-1,1,-1,1,-1,1,-1,1,0,0,1,-1,0,0,0,0,-1,1,1,-1,1,-1,-1,1,0,0,-1,1,-1,1,0,0,-1,1,-1,1,1,-1,0,0,1,-1,-1,1,-1,1,0,0,1,-1,-1,1,1,-1,-1,1,-1,1,0,0,0,0,1,-1
2026-07-29 14:00:00,Fed Interest Rate Decision,schedule,0.2799509127166743,0.1195717158541225,0.15223618756482915,83.0,YM,timed,900.0,-50.0,-72.5,0,0,1,-1,1,-1,0,2,-1,1,1,-1,-1,1,-1,1,0,0,-1,1,1,-1,0,0,0,0,-1,1,0,0,1,-1,1,-1,1,-1,0,0,0,0,-1,1,1,-1,1,-1,1,-1,0,2,0,-1,0,0,0,0,1,-1,-1,1,1,-1,1,-1,0,0,1,-1,-1,1,1,-1,0,0,-1,1,-1,1,1,-1,0,0,-1,1,1,-1,1,-1,1,-1,-1,1,0,0,1,-1,1,-1,-1,1,1,-1,-1,1,1,-1,1,-1,1,-1,1,-1,1,-1,1,-1,0,0,1,-1,0,0,0,0,0,0,0,0,0,0,0,0,0,2,1,-1,0,0,-1,1,0,0,-1,1,0,0,1,-1,1,-1,1,-1,-1,1,1,-1,1,-1,1,-1,-1,1,0,0,0,2,1,-1,1,-1,1,-1,1,0,1,-1,1,-1,0,0,1,-1,1,-1,1,-1,-1,1,-1,1,0,0,0,0,0,2,0,0,1,-1,-1,1,-1,1,-1,1,-1,1,-1,1,1,-1,0,0,1,-1,0,0,-1,1,1,-1,1,-1,1,-1,-1,1,1,-1,0,0,0,0,0,0,1,-1,1,-1,1,-1,1,-1,1,-1,-1,1,-1,1,0,0,1,-1,0,0,-1,1,0,0,0,2,-1,1,-1,1,1,-1,1,-1,-1,1,1,-1,0,0,-1,1,0,0,0,0,0,0,-1,1,-1,1,1,-1,0,2,-1,1,-1,1,0,2,1,-1,1,-1,-1,1,0,0,-1,1,1,-1,-1,1,0,0,1,-1,-1,1,-1,1,0,0,-1,1,0,0,0,0,1,-1
2026-08-07 08:30:00,Non Farm Payrolls,schedule,0.12390198797965787,0.1353477414372272,0.13261406900520625,126.0,YM,timed,900.0,480.0,457.5,0,0,-1,1,-1,1,0,2,0,0,1,-1,1,-1,-1,1,0,0,1,-1,1,-1,0,0,0,2,-1,1,0,0,1,-1,1,-1,1,-1,0,0,0,0,0,0,0,0,-1,1,1,-1,0,2,0,-1,0,0,0,0,0,0,-1,1,1,-1,0,0,0,0,-1,1,0,0,-1,1,0,0,1,-1,-1,1,-1,1,0,2,-1,1,1,-1,1,-1,1,-1,1,-1,1,-1,1,-1,-1,1,-1,1,1,-1,-1,1,-1,1,1,-1,1,-1,-1,1,-1,1,1,-1,0,0,1,-1,-1,1,0,0,0,0,0,0,0,0,0,0,0,0,1,-1,0,2,1,-1,1,-1,1,-1,-1,1,1,-1,1,-1,1,-1,1,-1,1,-1,1,-1,1,-1,-1,1,0,0,0,2,1,-1,1,-1,1,-1,1,0,1,-1,-1,1,0,0,1,-1,-1,1,1,-1,1,-1,1,-1,0,0,0,0,0,0,0,0,1,-1,0,0,-1,1,0,0,-1,1,-1,1,1,-1,0,0,-1,1,1,-1,-1,1,1,-1,1,-1,1,-1,-1,1,1,-1,0,0,0,0,0,0,-1,1,1,-1,-1,1,1,-1,1,-1,1,-1,-1,1,0,0,1,-1,1,-1,-1,1,0,0,0,2,-1,1,-1,1,-1,1,1,-1,1,-1,1,-1,0,0,1,-1,0,0,0,0,0,0,-1,1,-1,1,1,-1,0,0,1,-1,-1,1,0,0,-1,1,1,-1,1,-1,0,0,-1,1,-1,1,1,-1,0,0,1,-1,-1,1,-1,1,0,0,-1,1,0,0,0,0,1,-1
