title,et,unverified,jump_pct,res_pct,pred,abs_fp
EIA Crude Oil Stocks Change,2016-03-02 10:30:00,True,0.8160886039055703,1.7171129220023178,1.0566570322667848,0.0019999999999997797
EIA Crude Oil Stocks Change,2016-03-09 10:30:00,True,0.7518796992481233,1.9086021505376174,1.025641025641024,6.8740000000000006
EIA Crude Oil Stocks Change,2016-03-23 10:30:00,True,0.5425400739827345,0.41902883904363253,0.9208648147732972,2.183
EIA Crude Oil Stocks Change,2016-03-30 10:30:00,True,0.8651399491094235,0.7381012980402116,0.8160886039055703,6.356999999999999
EIA Crude Oil Stocks Change,2016-04-06 10:30:00,True,0.6518196632265127,1.4949714596357822,0.8406142765074969,0.9510000000000001
EIA Crude Oil Stocks Change,2016-04-13 10:30:00,True,0.4801920768307391,0.5522208883553518,0.8160886039055703,7.537000000000001
EIA Crude Oil Stocks Change,2016-04-20 10:30:00,True,0.4335260115606929,0.986762936221429,0.7839841515768468,3.8840000000000003
EIA Crude Oil Stocks Change,2016-04-27 10:30:00,True,1.0033444816053574,1.7172167707404171,0.7518796992481233,0.41999999999999993
EIA Crude Oil Stocks Change,2016-05-04 10:30:00,True,0.5836139169472458,0.5611672278338945,0.7839841515768468,0.5009999999999999
EIA Crude Oil Stocks Change,2016-05-11 10:30:00,True,1.7432646592709895,3.3748584371460977,0.7518796992481233,2.284
EIA Crude Oil Stocks Change,2016-05-18 10:30:00,True,0.30494002846106644,0.12197601138441791,0.7839841515768468,0.5800000000000001
EIA Crude Oil Stocks Change,2016-05-25 10:30:00,True,0.060765647154144495,0.95238095238095,0.7518796992481233,3.7600000000000002
EIA Crude Oil Stocks Change,2016-06-02 11:00:00,True,0.6622516556291397,0.890084868557234,0.7018496812373181,1.7359999999999998
EIA Crude Oil Stocks Change,2016-06-08 10:30:00,True,0.3913894324853284,0.37189273830494757,0.6622516556291397,1.334
EIA Crude Oil Stocks Change,2016-06-15 10:30:00,True,0.8973288814691146,0.6055543954896621,0.6570356594278262,0.956
EIA Crude Oil Stocks Change,2016-06-22 10:30:00,True,0.8170585890793077,1.1159824631327266,0.6622516556291397,0.7369999999999999
EIA Crude Oil Stocks Change,2016-06-29 10:30:00,True,0.3091508656224208,1.009892827699907,0.7070656774386315,1.4480000000000002
EIA Crude Oil Stocks Change,2016-07-07 11:00:00,True,0.33634643682994264,1.1982341812066433,0.6570356594278262,1.803
EIA Crude Oil Stocks Change,2016-07-13 10:30:00,True,0.3262997607135057,1.1311725038068219,0.649116037172402,0.7270000000000003
EIA Crude Oil Stocks Change,2016-07-20 10:30:00,True,0.777087033747783,0.8662816525988304,0.649116037172402,0.44599999999999973
EIA Crude Oil Stocks Change,2016-07-27 10:30:00,True,1.275806077476217,2.643171806167402,0.6570356594278262,0.1080000000000001
EIA Crude Oil Stocks Change,2016-08-03 10:30:00,True,0.973782771535582,0.4496627529352978,0.6570356594278262,2.9210000000000003
EIA Crude Oil Stocks Change,2016-08-10 10:30:00,True,0.769589552238802,0.8395522388059687,0.6570356594278262,2.9130000000000003
EIA Crude Oil Stocks Change,2016-08-17 10:30:00,True,1.1556912341910186,1.3301351940689041,0.6570356594278262,0.5329999999999999
EIA Crude Oil Stocks Change,2016-08-24 10:30:00,True,0.8215715188540142,1.4535496102801722,0.7070656774386315,2.045
EIA Crude Oil Stocks Change,2016-08-31 10:30:00,True,0.9128450336883168,1.499673983916535,0.7070656774386315,1.1909999999999998
Non Farm Payrolls,2016-09-02 08:30:00,False,0.6888633754305494,0.6888633754305494,0.27887199274272434,95.0
EIA Crude Oil Stocks Change,2016-09-08 11:00:00,True,1.6670274951288229,2.3608403725362708,0.7159206039339708,1.876
EIA Crude Oil Stocks Change,2016-09-14 10:30:00,True,0.15737410071942512,0.4046762589928051,0.7733382929932925,18.512999999999998
Retail Sales MoM,2016-09-15 08:30:00,False,0.02278942570646766,0.06836827711941917,0.14487658466963615,0.2
EIA Crude Oil Stocks Change,2016-09-21 10:30:00,True,0.24309392265193247,0.5305039787798452,0.7159206039339708,3.559
Durable Goods Orders MoM,2016-09-28 08:30:00,False,0.04425757911042958,0.22128789555210077,0.10121214914503915,5.0
EIA Crude Oil Stocks Change,2016-09-28 10:30:00,True,0.06602112676056589,1.0785824345146422,0.7159206039339708,9.2
EIA Crude Oil Stocks Change,2016-10-05 10:30:00,True,0.18112296236666595,0.14081673707503578,0.7159206039339708,4.312
Non Farm Payrolls,2016-10-07 08:30:00,False,0.33810660302307416,0.23866348448686842,0.3200731595793337,8.0
EIA Crude Oil Stocks Change,2016-10-13 11:00:00,True,0.47827819848545633,0.9561752988047888,0.7159206039339708,4.726
Retail Sales MoM,2016-10-14 08:30:00,False,0.09858044164037295,0.27597082594125877,0.14440433212996936,0.8
Inflation Rate MoM,2016-10-18 08:30:00,False,0.01976675232260351,0.21743427554852626,0.17424177758843493,0.09999999999999998
EIA Crude Oil Stocks Change,2016-10-19 10:30:00,True,0.11627906976743249,0.7364341085271229,0.6229327862881928,2.1500000000000004
EIA Crude Oil Stocks Change,2016-10-26 10:30:00,True,0.8097165991902806,0.9919028340081012,0.570264927057298,6.2
Durable Goods Orders MoM,2016-10-27 08:30:00,False,0.060827250608274805,0.24325967970808318,0.09986019572597794,0.19999999999999998
EIA Crude Oil Stocks Change,2016-11-02 10:30:00,True,2.4025974025974013,2.101386481802424,0.570264927057298,2.303
Non Farm Payrolls,2016-11-04 08:30:00,False,0.22547914317925913,0.20293122886133802,0.3290898813012039,16.0
EIA Crude Oil Stocks Change,2016-11-09 10:30:00,True,0.13371963449965496,0.7354579897481576,0.7159206039339708,13.09
Retail Sales MoM,2016-11-15 08:30:00,False,0.11203226529241375,0.08962581223392145,0.12149238688517117,0.4
EIA Crude Oil Stocks Change,2016-11-16 10:30:00,True,0.3966505068312025,1.9607843137254917,0.7159206039339708,0.952
Inflation Rate MoM,2016-11-17 08:30:00,False,0.08565310492506692,0.04282655246253346,0.16220600162206616,0.10000000000000003
Durable Goods Orders MoM,2016-11-23 08:30:00,False,0.041946308724838774,0.1258125393164084,0.08499321146747837,1.1
EIA Crude Oil Stocks Change,2016-11-23 10:30:00,True,0.12484394506865411,0.6242197253433149,0.6239338753621292,4.603
EIA Crude Oil Stocks Change,2016-11-30 10:30:00,True,0.24757582009491347,0.08252527336496626,0.6239338753621292,1.891
Non Farm Payrolls,2016-12-02 08:30:00,False,0.1382579498321159,0.592651126037148,0.3200731595793337,33.0
EIA Crude Oil Stocks Change,2016-12-07 10:30:00,True,0.3781094527363139,0.6963788300835683,0.4374643526583294,0.14800000000000002
Retail Sales MoM,2016-12-14 08:30:00,False,0.0,0.4232397075798499,0.11203226529241375,0.3
EIA Crude Oil Stocks Change,2016-12-14 10:30:00,True,0.6734654608427967,1.1925370263512165,0.3873799797837582,0.8049999999999997
Inflation Rate MoM,2016-12-15 08:30:00,False,0.019782393669644145,0.5341246290801109,0.12392955327356654,0.2
EIA Crude Oil Stocks Change,2016-12-21 10:30:00,True,0.1875820671543827,0.43151969981237687,0.4374643526583294,0.04800000000000004
Durable Goods Orders MoM,2016-12-22 08:30:00,False,0.019083969465645056,0.0954016409082182,0.0701262272089788,9.5
EIA Crude Oil Stocks Change,2016-12-29 11:00:00,True,0.037009622501843115,0.14803849000739877,0.4374643526583294,4.316
EIA Crude Oil Stocks Change,2017-01-05 11:00:00,True,0.22358859698156242,0.6707657909446607,0.4374643526583294,5.874
Non Farm Payrolls,2017-01-06 08:30:00,False,0.0,0.0737871241468348,0.27887199274272434,26.0
EIA Crude Oil Stocks Change,2017-01-11 10:30:00,True,0.8373904576436216,0.5255985984037437,0.3873799797837582,8.213000000000001
Retail Sales MoM,2017-01-13 08:30:00,False,0.019004180919798577,0.07601672367920781,0.10530635346639336,0.2
Inflation Rate MoM,2017-01-18 08:30:00,False,0.07614696363982323,0.13325718636969405,0.08565310492506692,0.09999999999999998
EIA Crude Oil Stocks Change,2017-01-19 11:00:00,True,0.49495526365885784,0.5331302361005352,0.3873799797837582,7.604000000000001
EIA Crude Oil Stocks Change,2017-01-25 10:30:00,True,0.4158790170132304,0.8503401360544137,0.3873799797837582,0.46799999999999997
Durable Goods Orders MoM,2017-01-27 08:30:00,False,0.074696545284779,0.05603287261860503,0.0654767389086268,7.4
EIA Crude Oil Stocks Change,2017-02-01 10:30:00,True,0.11299435028249015,0.35781544256120096,0.3873799797837582,0.4490000000000003
Fed Interest Rate Decision,2017-02-01 14:00:00,False,0.05604334018307703,0.05604334018307703,0.2702969085636307,0.0
Non Farm Payrolls,2017-02-03 08:30:00,False,0.13030528667163122,0.11164867882395826,0.23767082590611496,18.0
EIA Crude Oil Stocks Change,2017-02-08 10:30:00,True,0.46448616218307504,0.9678668215253582,0.3128426364156137,3.9370000000000003
Retail Sales MoM,2017-02-15 08:30:00,False,0.056742954416482,0.15131454511065898,0.09858044164037295,0.9
EIA Crude Oil Stocks Change,2017-02-15 10:30:00,True,0.1319261213720322,0.39562923888470397,0.3128426364156137,10.317
EIA Crude Oil Stocks Change,2017-02-23 11:00:00,True,0.23787740164684826,0.3476669716376903,0.24533487137342297,6.052
Durable Goods Orders MoM,2017-02-27 08:30:00,False,0.036670333700029374,0.036670333700029374,0.0701262272089788,2.5
EIA Crude Oil Stocks Change,2017-03-01 10:30:00,True,0.14741109268472138,0.25796941219826897,0.24048566214939038,2.515
EIA Crude Oil Stocks Change,2017-03-08 10:30:00,True,0.13338414634146398,0.45740423098914046,0.24048566214939038,0.4660000000000002
Non Farm Payrolls,2017-03-10 08:30:00,False,0.0807102502017739,0.8878127522195273,0.2335801060110011,48.0
Retail Sales MoM,2017-03-15 08:30:00,False,0.061614294516330124,0.12325390304026762,0.07766169802842748,0.5
EIA Crude Oil Stocks Change,2017-03-15 10:30:00,True,0.14361920393927016,0.3488610712086899,0.23073299931420532,4.4959999999999996
Fed Interest Rate Decision,2017-03-15 14:00:00,False,0.2684840974803706,0.4750103263114351,0.20733982998134237,0.25
EIA Crude Oil Stocks Change,2017-03-22 10:30:00,True,0.41946308724832815,0.4822814007129312,0.23073299931420532,2801.237
Durable Goods Orders MoM,2017-03-24 08:30:00,False,0.04160599126274834,0.2288329519450789,0.0654767389086268,1.0999999999999999
EIA Crude Oil Stocks Change,2017-03-29 10:30:00,True,0.7001647446457914,1.070619724109539,0.24272661087088088,3.5969999999999995
EIA Crude Oil Stocks Change,2017-04-05 10:30:00,True,0.4830917874396135,0.8115942028985541,0.24272661087088088,1.302
Non Farm Payrolls,2017-04-07 08:30:00,False,0.0192715359414107,0.13490075158990228,0.22948938611588726,39.0
EIA Crude Oil Stocks Change,2017-04-12 10:30:00,True,0.35540591096146223,0.4115226337448538,0.3128426364156137,1.479
EIA Crude Oil Stocks Change,2017-04-19 10:30:00,True,0.01891789632992435,0.4161937192584163,0.3014908655281878,0.696
EIA Crude Oil Stocks Change,2017-04-26 10:30:00,True,0.608766233766228,1.136363636363641,0.24272661087088088,0.6259999999999999
Durable Goods Orders MoM,2017-04-27 08:30:00,False,0.04104247896573595,0.06156371844858206,0.060827250608274805,1.0999999999999999
EIA Crude Oil Stocks Change,2017-05-03 10:30:00,True,1.062942892872026,0.8541666666666595,0.3014908655281878,1.3079999999999998
Fed Interest Rate Decision,2017-05-03 14:00:00,False,0.06295907660021224,0.16785564414604576,0.2379119637308565,0.0
Non Farm Payrolls,2017-05-05 08:30:00,False,0.311665182546751,1.4689517026485726,0.2274842646475732,106.0
EIA Crude Oil Stocks Change,2017-05-10 10:30:00,True,0.7291443276860311,1.0298219266251962,0.3014908655281878,0.856
Retail Sales MoM,2017-05-12 08:30:00,False,0.06269592476489266,0.18808777429466314,0.061614294516330124,0.5
EIA Crude Oil Stocks Change,2017-05-17 10:30:00,True,1.5454358128992376,1.710634789777408,0.3667576818488881,2.887
EIA Crude Oil Stocks Change,2017-05-24 10:30:00,True,0.4075295944110244,0.09701202949166524,0.39699423487477215,0.6660000000000001
Durable Goods Orders MoM,2017-05-26 08:30:00,False,0.020588840848256146,0.35001029442042764,0.052542414859352196,3.5
EIA Crude Oil Stocks Change,2017-06-01 11:00:00,True,0.24711696869851202,0.8647313156269336,0.41170430571212735,1.9150000000000005
Non Farm Payrolls,2017-06-02 08:30:00,False,0.23221448173949638,0.295545704032089,0.22948938611588726,11.0
EIA Crude Oil Stocks Change,2017-06-07 10:30:00,True,1.6386554621848766,3.254934901301968,0.38146775268624333,2.964
Inflation Rate MoM,2017-06-14 08:30:00,False,0.06504770164786218,0.021682567215969464,0.08090003428244508,0.1
EIA Crude Oil Stocks Change,2017-06-14 10:30:00,True,0.5208333333333223,2.3013460703430355,0.41170430571212735,6.034
Fed Interest Rate Decision,2017-06-14 14:00:00,False,0.04470272686632995,0.22351363433169738,0.20733982998134237,0.25
EIA Crude Oil Stocks Change,2017-06-21 10:30:00,True,0.38848263254113735,0.0228519195612386,0.41767105213077926,0.44499999999999984
Durable Goods Orders MoM,2017-06-26 08:30:00,False,0.09265693768820743,0.32429928190873425,0.04425757911042958,0.30000000000000004
EIA Crude Oil Stocks Change,2017-06-28 10:30:00,True,0.3410641200545832,1.6389710903710424,0.41767105213077926,0.1339999999999999
EIA Crude Oil Stocks Change,2017-07-06 11:00:00,True,1.0489510489510576,1.0491803278688456,0.41170430571212735,2.951
Non Farm Payrolls,2017-07-07 08:30:00,False,0.06727965911638042,0.08970621215518983,0.23085193392769182,27.0
EIA Crude Oil Stocks Change,2017-07-12 10:30:00,True,0.17338534893801105,1.234835355285947,0.41170430571212735,3.4490000000000003
Retail Sales MoM,2017-07-14 08:30:00,False,0.0643500643500668,0.08581849388543049,0.0621551096406114,0.2
EIA Crude Oil Stocks Change,2017-07-26 10:30:00,True,0.7893643539675999,1.3086830078936489,0.39800611347608084,2.0980000000000003
Fed Interest Rate Decision,2017-07-26 14:00:00,False,0.06177924217463166,0.3088962108731437,0.19222426522312447,0.0
Durable Goods Orders MoM,2017-07-27 08:30:00,False,0.06193228736581573,0.14447884416924722,0.052542414859352196,3.1
EIA Crude Oil Stocks Change,2017-08-02 10:30:00,True,0.30618493570116057,0.591957542355581,0.41349634082967623,4.251
Non Farm Payrolls,2017-08-04 08:30:00,False,0.10229132569558974,0.16369961121343443,0.22948938611588726,48.0
EIA Crude Oil Stocks Change,2017-08-09 10:30:00,True,0.303152789005656,0.8282828282828215,0.39800611347608084,1.1930000000000003
Inflation Rate MoM,2017-08-11 08:30:00,False,0.041262636682490465,0.0,0.07614696363982323,0.2
Retail Sales MoM,2017-08-15 08:30:00,False,0.021132713440401543,0.3169237270230268,0.06269592476489266,0.10000000000000003
EIA Crude Oil Stocks Change,2017-08-16 10:30:00,True,0.06280092108016334,0.37672666387609816,0.39800611347608084,3.393
EIA Crude Oil Stocks Change,2017-08-23 10:30:00,True,0.020929259104223545,0.3768055264810544,0.39800611347608084,5.495
Durable Goods Orders MoM,2017-08-25 08:30:00,False,0.04199034222128075,0.04199034222129567,0.060827250608274805,12.4
EIA Crude Oil Stocks Change,2017-08-30 10:30:00,True,0.021663778162907304,0.1733102253032892,0.39800611347608084,1.419
Non Farm Payrolls,2017-09-01 08:30:00,False,0.08505209440782298,0.06380263717565723,0.2274842646475732,9.0
EIA Crude Oil Stocks Change,2017-09-07 11:00:00,True,0.02046245140167385,0.30693677102518047,0.39800611347608084,9.414000000000001
EIA Crude Oil Stocks Change,2017-09-13 10:30:00,True,0.16416991586292923,0.08210180623973552,0.39800611347608084,1.342
Inflation Rate MoM,2017-09-14 08:30:00,False,0.1403368083400166,0.10024057738573429,0.07059733264384271,0.19999999999999998
Retail Sales MoM,2017-09-15 08:30:00,False,0.04000800160032632,0.4000800160032063,0.0621551096406114,0.19999999999999998
EIA Crude Oil Stocks Change,2017-09-20 10:30:00,True,0.35573122529644213,0.5928853754940795,0.3719442717512998,2.395
Fed Interest Rate Decision,2017-09-20 14:00:00,False,0.0,0.15717092337917152,0.17710870046490657,0.0
Durable Goods Orders MoM,2017-09-27 08:30:00,False,0.0,0.0,0.052542414859352196,7.8
EIA Crude Oil Stocks Change,2017-09-27 10:30:00,True,0.057647963105305795,0.1729106628242004,0.3555685681289522,5.347
EIA Crude Oil Stocks Change,2017-10-04 10:30:00,True,0.5374203821655972,0.6965174129353262,0.3482350155080227,1.379
Non Farm Payrolls,2017-10-06 08:30:00,False,0.08058017727638829,0.20145044319097785,0.22547914317925913,79.0
EIA Crude Oil Stocks Change,2017-10-12 11:00:00,True,0.3180914512922539,0.4975124378109453,0.3483976726755127,4.032
Retail Sales MoM,2017-10-13 08:30:00,False,0.03879728419011276,0.17462165308498914,0.061614294516330124,1.8
EIA Crude Oil Stocks Change,2017-10-18 10:30:00,True,0.24780785360274982,0.49561570720548614,0.3483976726755127,1.495
Durable Goods Orders MoM,2017-10-25 08:30:00,False,0.03827018752391126,0.19135093761959707,0.04425757911042958,1.0
EIA Crude Oil Stocks Change,2017-10-25 10:30:00,True,0.01915708812260155,0.19153418885271292,0.32957778567341856,3.153
EIA Crude Oil Stocks Change,2017-11-01 10:30:00,True,0.30903472095981566,0.4907306434024048,0.31213819349670724,2.612
Fed Interest Rate Decision,2017-11-01 14:00:00,False,0.09262689885143435,0.5187106335679903,0.13280213784307182,0.0
Non Farm Payrolls,2017-11-03 08:30:00,False,0.09130752373996397,0.16432353478182107,0.1818685465056875,292.0
EIA Crude Oil Stocks Change,2017-11-08 10:30:00,True,0.21108179419525863,0.5099349393353247,0.3076098283304881,0.44099999999999984
Inflation Rate MoM,2017-11-15 08:30:00,False,0.03630422944273575,0.10889292196007673,0.07614696363982323,0.4
EIA Crude Oil Stocks Change,2017-11-15 10:30:00,True,0.03627788862687469,0.3809869375907127,0.3046688623534083,4.437
Durable Goods Orders MoM,2017-11-22 08:30:00,False,0.06920415224914576,0.10380622837369406,0.043123960665855166,1.9000000000000001
EIA Crude Oil Stocks Change,2017-11-22 10:30:00,True,0.13872030518466846,0.46809986130375025,0.2754803213042029,3.399
EIA Crude Oil Stocks Change,2017-11-29 10:30:00,True,0.12121212121212172,0.5020775623268683,0.2754803213042029,0.4460000000000002
EIA Crude Oil Stocks Change,2017-12-06 10:30:00,True,0.33433045926448146,0.21115607953545212,0.22944482389900422,0.02499999999999991
Non Farm Payrolls,2017-12-08 08:30:00,False,0.0,0.08668515950068856,0.1382579498321159,44.0
Inflation Rate MoM,2017-12-13 08:30:00,False,0.08685079034218718,0.05211952744961976,0.07059733264384271,0.30000000000000004
EIA Crude Oil Stocks Change,2017-12-13 10:30:00,True,0.034916201117323895,0.08727526618955692,0.22944482389900422,1.8300000000000005
Fed Interest Rate Decision,2017-12-13 14:00:00,False,0.07038535984515072,0.19355973957416758,0.09262689885143435,0.25
Retail Sales MoM,2017-12-14 08:30:00,False,0.07102272727272575,0.10653409090909495,0.059178624466406066,0.2
EIA Crude Oil Stocks Change,2017-12-20 10:30:00,True,0.15608740894901738,0.17343045438778065,0.19223357156663484,1.3479999999999999
Durable Goods Orders MoM,2017-12-22 08:30:00,False,0.0172384071711862,0.05171522151353411,0.04425757911042958,2.4
EIA Crude Oil Stocks Change,2017-12-28 11:00:00,True,0.016792611251046197,0.0,0.16877763240047014,2.525
EIA Crude Oil Stocks Change,2018-01-04 11:00:00,True,0.032378177108633846,0.22661055357721038,0.1601286624059733,0.5389999999999997
Non Farm Payrolls,2018-01-05 08:30:00,False,0.04893964110930038,0.32631750693425166,0.13428161825187357,62.0
EIA Crude Oil Stocks Change,2018-01-10 10:30:00,True,0.3314917127071837,0.12628255722178106,0.14740385706684292,3.5289999999999995
Retail Sales MoM,2018-01-12 08:30:00,False,0.0,0.031650577623035324,0.061614294516330124,0.5
EIA Crude Oil Stocks Change,2018-01-18 11:00:00,True,0.22043772634230918,0.6140765233821455,0.14740385706684292,1.3600000000000003
EIA Crude Oil Stocks Change,2018-01-24 10:30:00,True,0.3872366790582404,0.8828996282527776,0.14740385706684292,5.861
Durable Goods Orders MoM,2018-01-26 08:30:00,False,0.10691919963343119,0.29025358997863115,0.043123960665855166,0.8999999999999999
EIA Crude Oil Stocks Change,2018-01-31 10:30:00,True,0.18671230745291792,0.10891551268086694,0.14740385706684292,1.197
Fed Interest Rate Decision,2018-01-31 14:00:00,False,0.0776638707673367,0.24848578971889518,0.0905612370363357,0.0
Non Farm Payrolls,2018-02-02 08:30:00,False,0.10598031794094351,0.45420136260408356,0.11629830618361048,20.0
EIA Crude Oil Stocks Change,2018-02-07 10:30:00,True,0.9108040201004999,1.8687185929648205,0.1601286624059733,3.5869999999999997
Inflation Rate MoM,2018-02-14 08:30:00,False,0.35744680851063976,0.476595744680853,0.07614696363982323,0.09999999999999998
EIA Crude Oil Stocks Change,2018-02-14 10:30:00,True,1.022843504943746,1.6027280477408437,0.1754411116579236,0.9300000000000002
EIA Crude Oil Stocks Change,2018-02-22 11:00:00,True,0.552127314063013,1.818477025491147,0.19889705082408826,0.04600000000000004
Durable Goods Orders MoM,2018-02-27 08:30:00,False,0.04717722912406672,0.07861635220125339,0.043123960665855166,4.6
EIA Crude Oil Stocks Change,2018-02-28 10:30:00,True,0.714739517153753,1.0170030192277142,0.2157597602687839,4.016
EIA Crude Oil Stocks Change,2018-03-07 10:30:00,True,0.6467259498787366,1.0994341147938558,0.2341227899725295,0.29600000000000026
Non Farm Payrolls,2018-03-09 08:30:00,False,0.18142833580735515,0.032986970146785456,0.11814280230628736,39.0
Inflation Rate MoM,2018-03-13 08:30:00,False,0.13144922773578424,0.3286230693394723,0.08090003428244508,0.3
Retail Sales MoM,2018-03-14 08:30:00,False,0.03272786777941929,0.2618657937806818,0.059178624466406066,0.4
EIA Crude Oil Stocks Change,2018-03-14 10:30:00,True,0.32808398950130535,0.032813781788356235,0.2341227899725295,0.3849999999999998
EIA Crude Oil Stocks Change,2018-03-21 10:30:00,True,0.2956738250855862,0.6535947712418327,0.27842128728128274,2.422
Fed Interest Rate Decision,2018-03-21 14:00:00,False,0.12294452128478947,0.18438844499078758,0.08849557522123705,0.25
Durable Goods Orders MoM,2018-03-23 08:30:00,False,0.03094538140184161,0.26303574191552176,0.043123960665855166,5.0
EIA Crude Oil Stocks Change,2018-03-28 10:30:00,True,0.27932960893855807,0.06207324643077598,0.27174083934416804,2.335
EIA Crude Oil Stocks Change,2018-04-04 10:30:00,True,0.5125740829729301,0.14418455623197102,0.26356873127065394,0.2430000000000001
Non Farm Payrolls,2018-04-06 08:30:00,False,0.12674271229405165,0.06337135614702019,0.11814280230628736,133.0
Inflation Rate MoM,2018-04-11 08:30:00,False,0.04537205081669863,0.19658248903673894,0.08565310492506692,0.2
EIA Crude Oil Stocks Change,2018-04-11 10:30:00,True,0.3483265182492866,0.908677873693767,0.28750171701207217,4.428
Retail Sales MoM,2018-04-16 08:30:00,False,0.0,0.07503001200479766,0.056742954416482,0.5
EIA Crude Oil Stocks Change,2018-04-18 10:30:00,True,0.560968408621213,0.5758157389635324,0.3023542730227009,4.735
EIA Crude Oil Stocks Change,2018-04-25 10:30:00,True,0.45729458622215996,0.6489675516224156,0.3118789072934458,0.9720000000000002
Durable Goods Orders MoM,2018-04-26 08:30:00,False,0.014568764568772022,0.07285443683521983,0.04196832547305976,1.9
EIA Crude Oil Stocks Change,2018-05-02 10:30:00,True,0.25260029717682275,0.23770613578962502,0.3297878511042445,1.431
Fed Interest Rate Decision,2018-05-02 14:00:00,False,0.05928560841856566,0.5780346820809257,0.0905612370363357,0.0
Non Farm Payrolls,2018-05-04 08:30:00,False,0.07275902211873858,0.043655413271247286,0.12852399948284143,57.0
EIA Crude Oil Stocks Change,2018-05-09 10:30:00,True,0.4936530324400484,0.05642544787700135,0.3297878511042445,6.937
Inflation Rate MoM,2018-05-10 08:30:00,False,0.08397480755773586,0.15393226980128666,0.08090003428244508,0.4
Retail Sales MoM,2018-05-15 08:30:00,False,0.0696378830083526,0.2506963788300733,0.055934873018599354,0.5
EIA Crude Oil Stocks Change,2018-05-16 10:30:00,True,0.523116075215595,0.5653710247349903,0.3329110859858326,1.4340000000000002
EIA Crude Oil Stocks Change,2018-05-23 10:30:00,True,0.5969734832708689,1.0134666111342552,0.34132848875688404,0.16300000000000003
Durable Goods Orders MoM,2018-05-25 08:30:00,False,0.08685581933989907,0.3764297089908657,0.04177614999379356,4.1
EIA Crude Oil Stocks Change,2018-05-31 11:00:00,True,0.48997772828509656,0.8908685968819727,0.3677815986537635,6.178
Non Farm Payrolls,2018-06-01 08:30:00,False,0.01511487303505276,0.37792894935752075,0.11636151511749758,30.0
EIA Crude Oil Stocks Change,2018-06-06 10:30:00,True,1.0397553516819675,1.2844036697247758,0.4222656326402002,1.796
Inflation Rate MoM,2018-06-12 08:30:00,False,0.12123048946809867,0.13640497120337858,0.08397480755773586,0.0
API Crude Oil Stock Change,2018-06-12 16:30:00,True,0.1510574018127017,0.25675879776466926,0.22281110989587682,0.7719999999999998
EIA Crude Oil Stocks Change,2018-06-13 10:30:00,True,0.7709750566893286,0.46856106408706516,0.4736361572536283,4.816000000000001
Fed Interest Rate Decision,2018-06-13 14:00:00,False,0.05995203836929262,0.04496402877698012,0.08849557522123705,0.25
Retail Sales MoM,2018-06-14 08:30:00,False,0.014905351021002988,0.0596214040840755,0.055934873018599354,0.0
EIA Crude Oil Stocks Change,2018-06-20 10:30:00,True,0.426634161206767,0.09142160597288174,0.49181538036257244,2.0429999999999997
Durable Goods Orders MoM,2018-06-27 08:30:00,False,0.028113578858583104,0.21085184143942323,0.04177614999379356,0.0
EIA Crude Oil Stocks Change,2018-06-27 10:30:00,True,0.7380587661885546,0.5291005291005426,0.49181538036257244,3.3419999999999996
EIA Crude Oil Stocks Change,2018-07-05 11:00:00,True,0.8673261959615131,0.7047025342187426,0.5031135577064892,6.353
Non Farm Payrolls,2018-07-06 08:30:00,False,0.12422360248447675,0.16567720557780552,0.10413582181826662,49.0
EIA Crude Oil Stocks Change,2018-07-11 10:30:00,True,1.3606377130291298,0.5909840571742614,0.5178450790942626,5.734
Inflation Rate MoM,2018-07-12 08:30:00,False,0.028180921516127968,0.2958996759194138,0.0848139562414014,0.0
Retail Sales MoM,2018-07-16 08:30:00,False,0.014378145219253636,0.05750431282347075,0.055934873018599354,0.8
EIA Crude Oil Stocks Change,2018-07-18 10:30:00,True,0.4493035794518454,0.029971527049297196,0.537621694639304,9.011
EIA Crude Oil Stocks Change,2018-07-25 10:30:00,True,0.07281199941749987,0.7135575942915318,0.537621694639304,8.167
Durable Goods Orders MoM,2018-07-26 08:30:00,False,0.014440433213003777,0.14442518775273588,0.04177614999379356,3.3
EIA Crude Oil Stocks Change,2018-08-01 10:30:00,True,0.1475143826523002,0.8407079646017809,0.5178450790942626,3.353
Fed Interest Rate Decision,2018-08-01 14:00:00,False,0.029607698001474496,0.07401924500369676,0.08307972299428687,0.0
Non Farm Payrolls,2018-08-03 08:30:00,False,0.014539110206462803,0.2762832630507456,0.10413582181826662,58.0
EIA Crude Oil Stocks Change,2018-08-08 10:30:00,True,0.1470804530077869,0.4411764705882311,0.5031135577064892,7.17
Inflation Rate MoM,2018-08-10 08:30:00,False,0.0,0.04458977407847969,0.08397480755773586,0.1
Retail Sales MoM,2018-08-15 08:30:00,False,0.030138637733568445,0.01506931886679493,0.04837547800840416,0.1
EIA Crude Oil Stocks Change,2018-08-15 10:30:00,True,1.001973584332793,1.5186028853454823,0.49181538036257244,1.1480000000000001
EIA Crude Oil Stocks Change,2018-08-22 10:30:00,True,0.4757656853999515,0.19327980969371905,0.49181538036257244,8.302
Durable Goods Orders MoM,2018-08-24 08:30:00,False,0.043719032352085595,0.014573010784014724,0.041324235114242144,1.2
EIA Crude Oil Stocks Change,2018-08-29 10:30:00,True,0.5067323005646569,0.10134646011291905,0.482871706842524,5.15
EIA Crude Oil Stocks Change,2018-09-06 11:00:00,True,0.1895320017495195,0.9477981918926676,0.49181538036257244,1.2719999999999998
Non Farm Payrolls,2018-09-07 08:30:00,False,0.04426084390675883,0.0737680731779244,0.09679942471777686,44.0
EIA Crude Oil Stocks Change,2018-09-12 10:30:00,True,0.08527572484366441,0.3268902785673735,0.49181538036257244,3.4969999999999994
Inflation Rate MoM,2018-09-13 08:30:00,False,0.02876456205953692,0.05753739930956021,0.08006088559877955,0.09999999999999998
Retail Sales MoM,2018-09-14 08:30:00,False,0.014509576320378867,0.11609345523145885,0.03940264289521954,0.29999999999999993
EIA Crude Oil Stocks Change,2018-09-19 10:30:00,True,0.05706948209443863,0.17120844628335646,0.49181538036257244,2.7960000000000003
EIA Crude Oil Stocks Change,2018-09-26 10:30:00,True,0.1811089439955356,0.4040122596823517,0.482871706842524,0.778
Fed Interest Rate Decision,2018-09-26 14:00:00,False,0.1398797034550406,0.18181818181817547,0.0776638707673367,0.25
Durable Goods Orders MoM,2018-09-27 08:30:00,False,0.027635760674307064,0.05527152134861413,0.04177614999379356,3.2
API Crude Oil Stock Change,2018-10-02 16:29:00,True,0.0665956313265812,0.013319126265323809,0.17474185861794986,1.403
EIA Crude Oil Stocks Change,2018-10-03 10:30:00,True,0.7076101468624848,0.5073431241655479,0.482871706842524,0.133
Non Farm Payrolls,2018-10-05 08:30:00,False,0.06701514542286176,0.12064343163537426,0.08817980907389347,85.0
Inflation Rate MoM,2018-10-11 08:30:00,False,0.18045530260965498,0.2359472588480246,0.08006088559877955,0.0
EIA Crude Oil Stocks Change,2018-10-11 11:00:00,True,0.11157601115759873,0.5860192549183783,0.482871706842524,5.3549999999999995
Retail Sales MoM,2018-10-15 08:30:00,False,0.02780867630700225,0.06953135864274393,0.035762575984766024,0.5
EIA Crude Oil Stocks Change,2018-10-17 10:30:00,True,0.7898448519040934,1.6640812297278138,0.482871706842524,4.3870000000000005
EIA Crude Oil Stocks Change,2018-10-24 10:30:00,True,0.2846441947565509,0.19475655430710928,0.49181538036257244,2.7960000000000003
Durable Goods Orders MoM,2018-10-25 08:30:00,False,0.044603033006246115,0.014869888475844037,0.041324235114242144,5.6
EIA Crude Oil Stocks Change,2018-10-31 10:30:00,True,0.31905195989062285,0.9114385538508409,0.482871706842524,2.2359999999999998
Non Farm Payrolls,2018-11-02 08:30:00,False,0.0,0.15748031496063214,0.08288117230479844,72.0
EIA Crude Oil Stocks Change,2018-11-07 10:30:00,True,0.2725232446296917,0.8497675164341736,0.46253463242589843,0.7840000000000003
Fed Interest Rate Decision,2018-11-08 14:00:00,False,0.049196457855024654,0.34437520498523083,0.08307972299428687,0.0
Inflation Rate MoM,2018-11-14 08:30:00,False,0.017736786094368774,0.17739932588255156,0.08006088559877955,0.19999999999999998
Retail Sales MoM,2018-11-15 08:30:00,False,0.017639795378370102,0.10583877227024567,0.03143325275649386,0.6
EIA Crude Oil Stocks Change,2018-11-15 11:00:00,True,0.22811019477101693,0.0350877192982511,0.4379688703293062,2.6010000000000004
Durable Goods Orders MoM,2018-11-21 08:30:00,False,0.018271514708565705,0.07308605883428879,0.041324235114242144,2.4
EIA Crude Oil Stocks Change,2018-11-21 10:30:00,True,0.34900808229242786,0.018368846436440135,0.3728430605486949,7.087999999999999
EIA Crude Oil Stocks Change,2018-11-28 10:30:00,True,0.6254886630179696,0.2929687500000111,0.33403002109152535,4.082
EIA Crude Oil Stocks Change,2018-12-06 11:00:00,True,0.9476801579467009,0.4147738494963477,0.33403002109152535,4.519
Non Farm Payrolls,2018-12-07 08:30:00,False,0.26748184944591796,2.617000955109833,0.0806452137390811,37.0
Inflation Rate MoM,2018-12-12 08:30:00,False,0.13287775246773023,0.265805961647998,0.07059733264384271,0.3
EIA Crude Oil Stocks Change,2018-12-12 10:30:00,True,0.4793863854266539,0.6144393241167441,0.33403002109152535,4.333
Retail Sales MoM,2018-12-14 08:30:00,False,0.019073049780656135,0.22883295194508876,0.03143325275649386,0.9000000000000001
API Crude Oil Stock Change,2018-12-18 16:30:00,True,0.42946102641185924,0.45093407773244765,0.16289963021532577,7.7299999999999995
EIA Crude Oil Stocks Change,2018-12-19 10:30:00,True,0.1258125393164233,0.33557046979866545,0.33403002109152535,1.2289999999999999
Fed Interest Rate Decision,2018-12-19 14:00:00,False,0.23114099600757831,0.7354486236604358,0.0776638707673367,0.25
Durable Goods Orders MoM,2018-12-21 08:30:00,False,0.11047282368536711,0.6407423773751639,0.03965633324482361,5.9
EIA Crude Oil Stocks Change,2018-12-28 11:00:00,True,0.15666965085049303,0.49261083743843703,0.30184807732358687,2.3720000000000003
Non Farm Payrolls,2019-01-04 08:30:00,False,0.20742584526032237,0.041511000415116496,0.0806452137390811,1.0
EIA Crude Oil Stocks Change,2019-01-04 11:00:00,True,0.5717786399836658,1.021659174499387,0.2785837196931213,3.04
API Crude Oil Stock Change,2019-01-08 16:30:00,True,0.1008064516128975,0.5245107928182329,0.17474185861794986,1.1
EIA Crude Oil Stocks Change,2019-01-09 10:30:00,True,0.4870446132865771,0.9740892265731542,0.2785837196931213,2.807
Inflation Rate MoM,2019-01-11 08:30:00,False,0.17214996174444586,0.038255547054328855,0.07059733264384271,0.1
API Crude Oil Stock Change,2019-01-15 16:30:00,True,0.11525163273146805,0.0576368876080577,0.16289963021532577,3.2699999999999996
EIA Crude Oil Stocks Change,2019-01-16 10:30:00,True,0.11483253588517182,1.1868300153139444,0.30184807732358687,0.17999999999999994
EIA Crude Oil Stocks Change,2019-01-24 11:00:00,True,0.28392958546280256,0.2271006813020525,0.30184807732358687,2.641
EIA Crude Oil Stocks Change,2019-01-30 10:30:00,True,0.5941329372447091,0.5384329743780155,0.30184807732358687,4.97
Fed Interest Rate Decision,2019-01-30 14:00:00,False,0.4226387357589064,0.22058823529412602,0.08307972299428687,0.0
Non Farm Payrolls,2019-02-01 08:30:00,False,0.16819286114745546,0.8598130841121512,0.08288117230479844,57.0
EIA Crude Oil Stocks Change,2019-02-06 10:30:00,True,0.3390469014880386,0.489826676714403,0.30184807732358687,1.2599999999999998
Inflation Rate MoM,2019-02-13 08:30:00,False,0.03746019853905811,0.20603109196478636,0.07059733264384271,0.1
EIA Crude Oil Stocks Change,2019-02-13 10:30:00,True,0.31347962382444144,0.18439977872025506,0.30184807732358687,1.037
Retail Sales MoM,2019-02-14 08:30:00,False,0.07377351530800286,0.46099944680066385,0.02897365702028535,0.1
Durable Goods Orders MoM,2019-02-21 08:30:00,False,0.07012622720897466,0.1402524544179493,0.041324235114242144,0.5
EIA Crude Oil Stocks Change,2019-02-21 11:00:00,True,0.2638986629134387,0.29908515130189056,0.29906190929049614,0.5529999999999999
EIA Crude Oil Stocks Change,2019-02-27 10:30:00,True,0.6382978723404246,1.2588652482269518,0.29906190929049614,0.8300000000000001
API Crude Oil Stock Change,2019-03-05 16:30:00,True,0.47812998052062344,0.4249291784702459,0.1510574018127017,4.8
EIA Crude Oil Stocks Change,2019-03-06 10:30:00,True,0.3056454512765223,0.665228335131256,0.3162657918575321,9.847
Non Farm Payrolls,2019-03-08 08:30:00,False,0.1623669493054236,0.45110068567304223,0.08288117230479844,131.0
Retail Sales MoM,2019-03-11 08:30:00,False,0.08879417510210826,0.1598011363636298,0.03143325275649386,1.6
Inflation Rate MoM,2019-03-12 08:30:00,False,0.017510068289262846,0.28021015761820767,0.07059733264384271,0.2
API Crude Oil Stock Change,2019-03-12 16:30:00,True,0.17543859649123056,0.12280701754386016,0.16289963021532577,4.417
Durable Goods Orders MoM,2019-03-13 08:30:00,False,0.017376194613376212,0.034752389226752424,0.041324235114242144,1.8
EIA Crude Oil Stocks Change,2019-03-13 10:30:00,True,0.5371686016288377,0.3812164269623962,0.3162657918575321,4.245
EIA Crude Oil Stocks Change,2019-03-20 10:30:00,True,0.8281223593036926,0.642325895875596,0.32904943068933074,3.936
Fed Interest Rate Decision,2019-03-20 14:00:00,False,0.2179379715004234,0.6370494551550756,0.08307972299428687,0.0
EIA Crude Oil Stocks Change,2019-03-27 10:30:00,True,0.1334000333500055,0.6169751542437844,0.32904943068933074,7.089
Retail Sales MoM,2019-04-01 08:30:00,False,0.09858692080184403,0.09858692080184403,0.03143325275649386,0.39999999999999997
Durable Goods Orders MoM,2019-04-02 08:30:00,False,0.129345189975745,0.11319534282018155,0.041324235114242144,1.9000000000000001
API Crude Oil Stock Change,2019-04-02 16:30:00,True,0.2557136007671467,0.09589260028768144,0.17474185861794986,3.527
EIA Crude Oil Stocks Change,2019-04-03 10:30:00,True,0.400192092204258,0.12810248198558574,0.32904943068933074,3.2249999999999996
Non Farm Payrolls,2019-04-05 08:30:00,False,0.03220093382708602,0.22544283413848723,0.08817980907389347,147.0
Inflation Rate MoM,2019-04-10 08:30:00,False,0.031109037175293234,0.031109037175293234,0.07059733264384271,0.09999999999999998
EIA Crude Oil Stocks Change,2019-04-10 10:30:00,True,0.04662004662004839,0.20205160087039112,0.32904943068933074,4.944000000000001
EIA Crude Oil Stocks Change,2019-04-17 10:30:00,True,0.031133250311348434,0.06227619492447772,0.32904943068933074,5.318
Retail Sales MoM,2019-04-18 08:30:00,False,0.015595757953844533,0.062383031815355976,0.03143325275649386,1.1
EIA Crude Oil Stocks Change,2019-04-24 10:30:00,True,0.3469079939668235,0.6031363088057773,0.32626326265624006,2.651
Durable Goods Orders MoM,2019-04-25 08:30:00,False,0.030284675953982786,0.060560181680554506,0.04151641059350835,1.9000000000000001
EIA Crude Oil Stocks Change,2019-05-01 10:30:00,True,0.28324154209283986,0.20456333595593304,0.34297744772743105,3.9939999999999998
Fed Interest Rate Decision,2019-05-01 14:00:00,False,0.03155569580309739,0.33128253667771074,0.08307972299428687,0.0
Non Farm Payrolls,2019-05-03 08:30:00,False,0.016108247422688654,0.1449742268041292,0.08817980907389347,4.0
EIA Crude Oil Stocks Change,2019-05-08 10:30:00,True,0.5358012664393542,0.7306380905991162,0.34297744772743105,8.719
Inflation Rate MoM,2019-05-10 08:30:00,False,0.03232584451268146,0.17776341305752977,0.05520987623228041,0.0
Retail Sales MoM,2019-05-15 08:30:00,False,0.016347882949166448,0.16347882949158316,0.03143325275649386,1.5
EIA Crude Oil Stocks Change,2019-05-15 10:30:00,True,0.04887585532747008,0.5051328010428586,0.34297744772743105,3.1630000000000003
EIA Crude Oil Stocks Change,2019-05-22 10:30:00,True,0.3201536737633996,1.200576276612774,0.32626326265624006,6.03
Durable Goods Orders MoM,2019-05-24 08:30:00,False,0.01706193482340558,0.11941316956670127,0.04013026487259601,3.7
EIA Crude Oil Stocks Change,2019-05-30 11:00:00,True,0.6129746296611603,0.6133924007497009,0.3168166487939205,5.597
EIA Crude Oil Stocks Change,2019-06-05 10:30:00,True,1.8171493469619553,1.9496498201779313,0.3168166487939205,0.567
Non Farm Payrolls,2019-06-07 08:30:00,False,0.20572283523470997,0.6172839506172808,0.08281613584210563,39.0
Inflation Rate MoM,2019-06-12 08:30:00,False,0.11587485515643543,0.07726482518833136,0.05520987623228041,0.19999999999999998
EIA Crude Oil Stocks Change,2019-06-12 10:30:00,True,0.03838034926117064,0.24952015355085497,0.32960028762571913,7.252
Retail Sales MoM,2019-06-14 08:30:00,False,0.0,0.09591406100133734,0.03143325275649386,0.3
EIA Crude Oil Stocks Change,2019-06-19 10:30:00,True,1.3037809647979193,1.1552077510713572,0.32960028762571913,3.283
Fed Interest Rate Decision,2019-06-19 14:00:00,False,0.24163568773234678,0.09291953168555502,0.07750917382884254,0.0
Durable Goods Orders MoM,2019-06-26 08:30:00,False,0.03391555027979654,0.03391555027979654,0.04013026487259601,2.6999999999999997
EIA Crude Oil Stocks Change,2019-06-26 10:30:00,True,0.8774890313871129,0.809853214104938,0.32960028762571913,0.5659999999999998
EIA Crude Oil Stocks Change,2019-07-03 10:30:00,True,0.7374890254609335,0.7549157303370782,0.32960028762571913,9.824
Non Farm Payrolls,2019-07-05 08:30:00,False,0.017614937466968485,0.6164142303628063,0.08281613584210563,88.0
EIA Crude Oil Stocks Change,2019-07-10 10:30:00,True,0.40383644623927645,0.16837851490150096,0.34297744772743105,1.996
Inflation Rate MoM,2019-07-11 08:30:00,False,0.01651800462503801,0.06608293408227184,0.05520987623228041,0.1
Retail Sales MoM,2019-07-16 08:30:00,False,0.0,0.3859060402684511,0.02897365702028535,0.30000000000000004
EIA Crude Oil Stocks Change,2019-07-17 10:30:00,True,0.08655011251515364,0.5885407651030005,0.37355004308554074,6.805000000000001
EIA Crude Oil Stocks Change,2019-07-24 10:30:00,True,0.34934497816594384,0.31446540880503093,0.34297744772743105,0.895
Durable Goods Orders MoM,2019-07-25 08:30:00,False,0.03522367030643892,0.1937643121366909,0.0360928689018539,3.0
EIA Crude Oil Stocks Change,2019-07-31 10:30:00,True,0.1880984952120495,0.22229822161423146,0.34812648606638363,8.247
Fed Interest Rate Decision,2019-07-31 14:00:00,False,0.1879057055005115,0.35872907413734345,0.07750917382884254,0.25
Non Farm Payrolls,2019-08-02 08:30:00,False,0.0903342366757078,0.2529815684857256,0.08281613584210563,29.0
EIA Crude Oil Stocks Change,2019-08-07 10:30:00,True,1.951032899770473,1.4337602752819727,0.34812648606638363,5.651
Inflation Rate MoM,2019-08-13 08:30:00,False,0.12844036697247757,0.0,0.05520987623228041,0.19999999999999998
EIA Crude Oil Stocks Change,2019-08-14 10:30:00,True,0.07259528130671351,0.27228172082047297,0.3747685351851009,5.16
Retail Sales MoM,2019-08-15 08:30:00,False,0.12769062385990568,0.1824484583105169,0.024470694873701897,0.0
EIA Crude Oil Stocks Change,2019-08-21 10:30:00,True,0.21104467112204967,0.9502023579095533,0.34812648606638363,3.4690000000000003
Durable Goods Orders MoM,2019-08-26 08:30:00,False,0.03642987249543902,0.05465476407360382,0.03456961029311773,0.6000000000000001
EIA Crude Oil Stocks Change,2019-08-28 10:30:00,True,0.265816055289737,0.2127282396738122,0.34812648606638363,0.5880000000000001
EIA Crude Oil Stocks Change,2019-09-05 11:00:00,True,1.1413520632133425,0.9306409130816401,0.3335308338651115,7.539
Non Farm Payrolls,2019-09-06 08:30:00,False,0.10803024846957557,0.10803024846957557,0.08281613584210563,1.0
EIA Crude Oil Stocks Change,2019-09-11 10:30:00,True,0.0864752680733261,0.5191209551825526,0.3335308338651115,2.085
Inflation Rate MoM,2019-09-12 08:30:00,False,0.07280669821623434,0.29122679286493736,0.05520987623228041,0.19999999999999998
Retail Sales MoM,2019-09-13 08:30:00,False,0.0,0.10845986984816028,0.024470694873701897,0.6000000000000001
EIA Crude Oil Stocks Change,2019-09-18 10:30:00,True,0.10334137099551355,0.9126915791286399,0.3335308338651115,4.416
Fed Interest Rate Decision,2019-09-18 14:00:00,False,0.08610297916307415,0.7749268124677163,0.07750917382884254,0.25
EIA Crude Oil Stocks Change,2019-09-25 10:30:00,True,0.10733452593918116,0.2504024324807737,0.3016976079281197,1.307
Durable Goods Orders MoM,2019-09-27 08:30:00,False,0.16304347826086285,0.28975009054689715,0.03456961029311773,3.0
EIA Crude Oil Stocks Change,2019-10-02 10:30:00,True,0.6539611360239189,1.4197646179712273,0.3016976079281197,0.845
Non Farm Payrolls,2019-10-04 08:30:00,False,0.4752851711026616,0.7793195210036185,0.08545720697604804,23.0
EIA Crude Oil Stocks Change,2019-10-09 10:30:00,True,0.16933207902162992,0.05644402634054777,0.3335308338651115,1.687
Inflation Rate MoM,2019-10-10 08:30:00,False,0.056571751838584074,0.3017160098057639,0.05908937451646648,0.0
Retail Sales MoM,2019-10-16 08:30:00,False,0.037671877943107966,0.20719532868714738,0.02010288161052884,0.3
EIA Crude Oil Stocks Change,2019-10-17 11:00:00,True,0.03765769158349844,0.39533132530120646,0.3016976079281197,0.04899999999999993
EIA Crude Oil Stocks Change,2019-10-23 10:30:00,True,1.007879787428985,0.8612790910756806,0.2929848645265683,7.049
Durable Goods Orders MoM,2019-10-24 08:30:00,False,0.017905102954338423,0.08950948800572352,0.03582677140093897,1.1
EIA Crude Oil Stocks Change,2019-10-30 10:30:00,True,0.5971769815417993,0.343891402714928,0.2929848645265683,2.193
Fed Interest Rate Decision,2019-10-30 14:00:00,False,0.0,0.3291278113000543,0.07750917382884254,0.25
Non Farm Payrolls,2019-11-01 08:30:00,False,0.09152480322166787,0.36603221083455867,0.09082088020783588,91.0
EIA Crude Oil Stocks Change,2019-11-06 10:30:00,True,0.5548812207386862,0.052020114444253744,0.3347493259646717,4.187
Inflation Rate MoM,2019-11-13 08:30:00,False,0.017692852087753026,0.12382805589952288,0.0646892250274092,0.3
EIA Crude Oil Stocks Change,2019-11-14 11:00:00,True,0.3126085446335528,0.4341785342132685,0.37659071220261015,6.28
Retail Sales MoM,2019-11-15 08:30:00,False,0.017670966601882162,0.4947870648524369,0.023440863043829193,0.5
EIA Crude Oil Stocks Change,2019-11-20 10:30:00,True,0.28699551569506115,0.897021887334051,0.3309767613997483,0.6759999999999999
Durable Goods Orders MoM,2019-11-27 08:30:00,False,0.06841115101761441,0.03420557550880113,0.03456961029311773,0.5999999999999999
EIA Crude Oil Stocks Change,2019-11-27 10:30:00,True,0.2741603838245315,0.44551062371486977,0.29980203016430695,1.797
EIA Crude Oil Stocks Change,2019-12-04 10:30:00,True,0.17193947730399145,0.18910091112257077,0.29980203016430695,3.306
Non Farm Payrolls,2019-12-06 08:30:00,False,0.20775623268698848,0.13852813852813559,0.09092951994868784,24.0
Inflation Rate MoM,2019-12-11 08:30:00,False,0.01694340901390226,0.03388681802779248,0.05097190132764135,0.2
EIA Crude Oil Stocks Change,2019-12-11 10:30:00,True,0.4737732656514402,1.556420233463038,0.28057794975979633,2.093
Fed Interest Rate Decision,2019-12-11 14:00:00,False,0.0511508951406669,0.06820119352088516,0.07386991836774956,0.0
Retail Sales MoM,2019-12-13 08:30:00,False,0.050242840395245576,0.23442732752846715,0.01837200819126915,0.09999999999999998
EIA Crude Oil Stocks Change,2019-12-18 10:30:00,True,0.6295559973492422,0.4802119556217903,0.28057794975979633,2.11
Durable Goods Orders MoM,2019-12-23 08:30:00,False,0.016553550736629716,0.14900662251656194,0.03456961029311773,1.3
EIA Crude Oil Stocks Change,2019-12-27 11:00:00,True,0.32515038205170355,0.21134774833360845,0.28057794975979633,0.639
EIA Crude Oil Stocks Change,2020-01-03 11:00:00,True,0.1738855516914313,0.09487666034154833,0.28057794975979633,2.1860000000000004
EIA Crude Oil Stocks Change,2020-01-08 10:30:00,True,0.8241758241758323,0.7754442649434521,0.28057794975979633,7.890999999999999
Non Farm Payrolls,2020-01-10 08:30:00,False,0.05045408678103117,0.21867115222876798,0.09875256058130569,92.0
Inflation Rate MoM,2020-01-14 08:30:00,False,0.13630942238881974,0.10223206679160875,0.05097190132764135,0.0
EIA Crude Oil Stocks Change,2020-01-15 10:30:00,True,0.5168849069607119,0.9134781109962101,0.28057794975979633,1.638
Retail Sales MoM,2020-01-16 08:30:00,False,0.03456619426200488,0.17286084701815285,0.01837200819126915,0.0
EIA Crude Oil Stocks Change,2020-01-23 11:00:00,True,0.4548762736535662,0.5276564774381353,0.29980203016430695,1.54
Durable Goods Orders MoM,2020-01-28 08:30:00,False,0.09359790340697166,0.22463496817672132,0.03456961029311773,3.5
EIA Crude Oil Stocks Change,2020-01-29 10:30:00,True,0.5068518866153616,0.15009380863039082,0.29980203016430695,0.887
Fed Interest Rate Decision,2020-01-29 14:00:00,False,0.05644402634054777,0.1128668171557605,0.06667221822268149,0.0
EIA Crude Oil Stocks Change,2020-02-05 10:30:00,True,0.291092567436442,0.1552493692994339,0.3188794633426282,0.7170000000000001
Non Farm Payrolls,2020-02-07 08:30:00,False,0.1191421763304255,0.09928514694201183,0.09875256058130569,13.0
EIA Crude Oil Stocks Change,2020-02-12 10:30:00,True,0.3096574414553971,0.7549361207897667,0.3188794633426282,0.3679999999999999
Inflation Rate MoM,2020-02-13 08:30:00,False,0.11721039265480597,0.019535065442465346,0.05097190132764135,0.0
Retail Sales MoM,2020-02-14 08:30:00,False,0.09587727708532533,0.38343558282207774,0.01837200819126915,0.09999999999999998
EIA Crude Oil Stocks Change,2020-02-20 11:00:00,True,0.293847566574833,0.18365472910927716,0.3188794633426282,4.965
EIA Crude Oil Stocks Change,2020-02-26 10:30:00,True,0.19992003198719377,0.7600000000000051,0.31113299304447495,1.591
Durable Goods Orders MoM,2020-02-27 08:30:00,False,0.14824227022448175,0.8257463476603716,0.03456961029311773,4.4
EIA Crude Oil Stocks Change,2020-03-04 10:30:00,True,0.4163197335553765,0.08328128253174921,0.31113299304447495,2.192
Non Farm Payrolls,2020-03-06 08:30:00,False,0.0,0.9530292716133463,0.09977752584562172,98.0
Inflation Rate MoM,2020-03-11 08:30:00,False,0.030211480362531754,0.06042296072508497,0.05097190132764135,0.1
EIA Crude Oil Stocks Change,2020-03-11 10:30:00,True,0.38655961938745925,0.23767082590611496,0.3188794633426282,1.4809999999999999
Retail Sales MoM,2020-03-17 08:30:00,False,0.17331022530329535,1.1095700416088776,0.023440863043829193,0.39999999999999997
EIA Crude Oil Stocks Change,2020-03-18 10:30:00,True,0.4493464052287559,1.4309076042518454,0.3558550007195814,4.4079999999999995
Durable Goods Orders MoM,2020-03-25 08:30:00,False,0.08561643835616256,1.24143835616438,0.03456961029311773,0.9
EIA Crude Oil Stocks Change,2020-03-25 10:30:00,True,0.5170185264971885,0.17211703958693073,0.3558550007195814,0.8200000000000001
EIA Crude Oil Stocks Change,2020-04-01 10:30:00,True,0.44182621502209063,1.4734774066797678,0.4014396764714179,2.3739999999999997
Non Farm Payrolls,2020-04-03 08:30:00,False,0.75976845151954,1.3391241404270757,0.09092951994868784,375.0
EIA Crude Oil Stocks Change,2020-04-08 10:30:00,True,0.4065040650406417,1.0564811052417638,0.4290729742887336,4.562999999999999
Retail Sales MoM,2020-04-15 08:30:00,False,0.05081300813007119,0.6605691056910519,0.023440863043829193,7.6
EIA Crude Oil Stocks Change,2020-04-15 10:30:00,True,0.5005005005005077,0.6503251625812857,0.4114118992980091,3.5009999999999994
EIA Crude Oil Stocks Change,2020-04-22 10:30:00,True,3.4782608695652075,9.71014492753623,0.4114118992980091,4.098000000000001
Durable Goods Orders MoM,2020-04-24 08:30:00,False,0.0,1.2338425381903693,0.03582677140093897,13.0
EIA Crude Oil Stocks Change,2020-04-29 10:30:00,True,0.8888888888888925,4.193138500635314,0.4114118992980091,4.4030000000000005
Fed Interest Rate Decision,2020-04-29 14:00:00,False,0.4524886877828072,0.9696186166774425,0.06667221822268149,0.0
EIA Crude Oil Stocks Change,2020-05-06 10:30:00,True,2.688860435339304,1.5364916773367452,0.4290729742887336,1.2319999999999993
Non Farm Payrolls,2020-05-08 08:30:00,False,0.9819324430479183,0.27494108405341827,0.09092951994868784,21130.0
Inflation Rate MoM,2020-05-12 08:30:00,False,0.15290519877675515,0.34390523500191,0.04141612467787837,0.4
EIA Crude Oil Stocks Change,2020-05-13 10:30:00,True,1.2260536398467443,0.8425890463423932,0.44558631012542327,0.4429999999999996
Retail Sales MoM,2020-05-15 08:30:00,False,0.03507541213609808,0.6313574184496658,0.02897365702028535,3.6999999999999993
EIA Crude Oil Stocks Change,2020-05-20 10:30:00,True,0.5085252766975822,0.38898862956314345,0.45211133944116105,1.896
Durable Goods Orders MoM,2020-05-28 08:30:00,False,0.09210930303961049,0.2149217070924172,0.03582677140093897,2.3999999999999986
EIA Crude Oil Stocks Change,2020-05-28 11:00:00,True,0.24434941967014479,0.42761148442272623,0.4643247696525032,3.0389999999999997
EIA Crude Oil Stocks Change,2020-06-03 10:30:00,True,0.2721829069134497,0.5443658138268994,0.45211133944116105,4.890000000000001
Non Farm Payrolls,2020-06-05 08:30:00,False,0.07722007722008015,0.6436663233779608,0.09977752584562172,12687.0
Inflation Rate MoM,2020-06-10 08:30:00,False,0.07826767545004211,0.4436325678496913,0.04701597518882109,0.8
EIA Crude Oil Stocks Change,2020-06-10 10:30:00,True,0.15768725361367222,0.31537450722734445,0.44558631012542327,0.33899999999999997
Fed Interest Rate Decision,2020-06-10 14:00:00,False,0.3562340966921135,0.6614093106079827,0.06667221822268149,0.0
Retail Sales MoM,2020-06-16 08:30:00,False,0.10493179433368087,0.8396746260823938,0.02897365702028535,22.7
EIA Crude Oil Stocks Change,2020-06-17 10:30:00,True,1.110817244115299,1.3492063492063628,0.44558631012542327,5.872
EIA Crude Oil Stocks Change,2020-06-24 10:30:00,True,0.7074279939363344,1.490651844365832,0.45211133944116105,0.9160000000000001
Durable Goods Orders MoM,2020-06-25 08:30:00,False,0.321629589922285,0.24122219244171375,0.03582677140093897,29.0
EIA Crude Oil Stocks Change,2020-07-01 10:30:00,True,0.0754716981132104,1.3333333333333361,0.45211133944116105,2.152
Non Farm Payrolls,2020-07-02 08:30:00,False,0.5745690731950959,0.49962528103920995,0.09977752584562172,301.0
EIA Crude Oil Stocks Change,2020-07-08 10:30:00,True,0.31980319803196916,0.2952755905511748,0.44558631012542327,4.081
Inflation Rate MoM,2020-07-14 08:30:00,False,0.10098459984852096,0.8076728924785469,0.04701597518882109,0.6
EIA Crude Oil Stocks Change,2020-07-15 10:30:00,True,0.3948667324777803,0.6910167818361155,0.4290729742887336,7.752
Retail Sales MoM,2020-07-16 08:30:00,False,0.02438429651304075,0.26822726164350025,0.03235241599778666,13.2
EIA Crude Oil Stocks Change,2020-07-22 10:30:00,True,0.3383276945384257,0.14499758337359878,0.4114118992980091,5.405
Durable Goods Orders MoM,2020-07-27 08:30:00,False,0.024021138601964954,0.2642325246216657,0.040074452423762306,8.1
EIA Crude Oil Stocks Change,2020-07-29 10:30:00,True,0.4114230396902268,0.09680542110357973,0.4114118992980091,4.535
Fed Interest Rate Decision,2020-07-29 14:00:00,False,0.12118274357732492,0.048461352071713155,0.07402461530624371,0.0
EIA Crude Oil Stocks Change,2020-08-05 10:30:00,True,0.13860013860014384,0.11552680221812446,0.41387138662280165,7.611000000000001
Non Farm Payrolls,2020-08-07 08:30:00,False,0.12068549360366197,0.9174311926605394,0.09977752584562172,3200.0
Inflation Rate MoM,2020-08-12 08:30:00,False,0.04739336492890052,0.6396588486140631,0.04701597518882109,0.3
EIA Crude Oil Stocks Change,2020-08-12 10:30:00,True,0.023529411764701202,0.023529411764701202,0.41387138662280165,4.498
Retail Sales MoM,2020-08-14 08:30:00,False,0.0,0.26084894474744946,0.03235241599778666,6.5
EIA Crude Oil Stocks Change,2020-08-19 10:30:00,True,0.2815579540122115,0.6101854024876743,0.41387138662280165,1.8419999999999996
Durable Goods Orders MoM,2020-08-26 08:30:00,False,0.09252833680316044,0.023132084200781892,0.040074452423762306,3.4000000000000004
EIA Crude Oil Stocks Change,2020-08-26 10:30:00,True,0.13761467889907147,0.13764624913969986,0.40896355236543425,2.0620000000000003
API Crude Oil Stock Change,2020-09-01 16:45:00,True,0.046522447080723714,0.16286644951140133,0.1750902275545902,2.574
EIA Crude Oil Stocks Change,2020-09-02 10:30:00,True,0.353773584905657,0.9672092474640333,0.40896355236543425,2.802
Non Farm Payrolls,2020-09-04 08:30:00,False,0.1443001443001327,0.40894876112581596,0.11358621240000052,334.0
EIA Crude Oil Stocks Change,2020-09-10 11:00:00,True,0.05319148936171045,0.5585106382978746,0.400685398759211,8.027000000000001
Inflation Rate MoM,2020-09-11 08:30:00,False,0.0,0.37746023186842964,0.0519825583837423,0.3
API Crude Oil Stock Change,2020-09-15 16:30:00,True,0.3918495297805605,0.33960292580981044,0.17474185861794986,0.9210000000000003
Retail Sales MoM,2020-09-16 08:30:00,False,0.0,0.12774655084311998,0.031187435284503566,0.09999999999999998
EIA Crude Oil Stocks Change,2020-09-16 10:30:00,True,0.3802281368821437,0.12677484787019339,0.37432015869171864,0.7610000000000001
Fed Interest Rate Decision,2020-09-16 14:00:00,False,0.0,0.5000000000000071,0.08188342496520543,0.0
API Crude Oil Stock Change,2020-09-22 16:30:00,True,0.1257229067136139,0.10055304172951016,0.1750902275545902,7.260999999999999
EIA Crude Oil Stocks Change,2020-09-23 10:30:00,True,0.17513134851138426,0.7759699624530542,0.3670008608939004,2.064
Durable Goods Orders MoM,2020-09-25 08:30:00,False,0.024956326428744725,0.049925112331492806,0.04051645275084256,10.2
API Crude Oil Stock Change,2020-09-29 16:30:00,True,0.41067761806980646,0.513215293815763,0.17474185861794986,0.709
EIA Crude Oil Stocks Change,2020-09-30 10:30:00,True,0.1014713343480445,0.5328596802841941,0.34605063972204136,3.208
Non Farm Payrolls,2020-10-02 08:30:00,False,0.13401232913429179,0.4556419190565577,0.11991383496704373,639.0
API Crude Oil Stock Change,2020-10-06 16:30:00,True,0.4976362279173818,0.8208955223880731,0.1750902275545902,1.2309999999999999
EIA Crude Oil Stocks Change,2020-10-07 10:30:00,True,0.050581689428434815,0.10113780025286033,0.3290654462851974,2.274
Inflation Rate MoM,2020-10-13 08:30:00,False,0.07455268389662309,0.521868787276344,0.0519825583837423,0.2
API Crude Oil Stock Change,2020-10-14 16:30:00,True,0.07309941520468113,0.2680311890838193,0.17543859649123056,4.338
EIA Crude Oil Stocks Change,2020-10-15 11:00:00,True,0.6033182503770789,0.5530417295123149,0.3006805760220903,3.336
Retail Sales MoM,2020-10-16 08:30:00,False,0.12245897624296904,0.024491795248604255,0.031187435284503566,0.09999999999999998
API Crude Oil Stock Change,2020-10-20 16:30:00,True,0.433212996389891,0.6499759268175157,0.1750902275545902,5.1819999999999995
EIA Crude Oil Stocks Change,2020-10-21 10:30:00,True,0.09751340809362812,0.39014874420872125,0.3006805760220903,2.797
Durable Goods Orders MoM,2020-10-27 08:30:00,False,0.02577984016498585,0.15467904098995172,0.04051645275084256,0.09999999999999998
EIA Crude Oil Stocks Change,2020-10-28 10:30:00,True,0.40203698740285626,0.643259179844532,0.2768704304628306,2.231
API Crude Oil Stock Change,2020-11-03 16:30:00,True,0.4750593824228021,0.5806281340723115,0.17543859649123056,2.613
EIA Crude Oil Stocks Change,2020-11-04 10:30:00,True,0.23449713392390908,0.599426635392244,0.2768704304628306,3.43
Fed Interest Rate Decision,2020-11-05 14:00:00,False,0.10333247222939587,0.49095607235141525,0.08188342496520543,0.0
Non Farm Payrolls,2020-11-06 08:30:00,False,0.26574541589156075,0.7175126229072442,0.12734891136897689,72.0
API Crude Oil Stock Change,2020-11-10 16:30:00,True,0.4110251450677024,0.9189842805320324,0.21557609862918864,6.677
Inflation Rate MoM,2020-11-12 08:30:00,False,0.12059816690787328,0.31355523396045,0.0646892250274092,0.1
EIA Crude Oil Stocks Change,2020-11-12 11:00:00,True,0.9754936949797852,0.6423982869379089,0.25826616329179725,7.085
Retail Sales MoM,2020-11-17 08:30:00,False,0.02444987775060638,0.41574957202250357,0.03482080319905148,1.1
API Crude Oil Stock Change,2020-11-17 16:30:00,True,0.5305039787798381,0.5063901615625774,0.26329698097047527,7.097
EIA Crude Oil Stocks Change,2020-11-18 10:30:00,True,0.1661129568106319,0.5695301376364547,0.2768704304628306,2.6279999999999997
API Crude Oil Stock Change,2020-11-24 16:30:00,True,0.48954161103693566,0.24482528377475946,0.26329698097047527,4.507000000000001
Durable Goods Orders MoM,2020-11-25 08:30:00,False,0.06603565925600074,0.44023772837332786,0.03582677140093897,1.2000000000000002
EIA Crude Oil Stocks Change,2020-11-25 10:30:00,True,0.17671747294013318,0.24298652529268702,0.25802754396806027,0.641
API Crude Oil Stock Change,2020-12-01 16:30:00,True,0.6285072951739485,0.3367003367003335,0.26329698097047527,6.071999999999999
EIA Crude Oil Stocks Change,2020-12-02 10:30:00,True,0.20049008687902942,0.6683002895967859,0.25802754396806027,1.604
Non Farm Payrolls,2020-12-04 08:30:00,False,0.0,0.3486598387448171,0.13915623671721222,141.0
API Crude Oil Stock Change,2020-12-08 16:30:00,True,0.3727252795439634,0.21925016443762646,0.3313649454771821,5.66
EIA Crude Oil Stocks Change,2020-12-09 10:30:00,True,0.9122502172024365,1.694547034542692,0.21749361040146925,0.7449999999999999
Inflation Rate MoM,2020-12-10 08:30:00,False,0.043252595155716105,0.0,0.0646892250274092,0.1
API Crude Oil Stock Change,2020-12-15 16:30:00,True,0.2735114664422524,0.16835016835016475,0.3218028203588836,4.641
Retail Sales MoM,2020-12-16 08:30:00,False,0.042025635637745584,0.21008403361344835,0.03482080319905148,0.19999999999999998
EIA Crude Oil Stocks Change,2020-12-16 10:30:00,True,0.2106149957877031,0.12636899747260988,0.21749361040146925,17.126
Fed Interest Rate Decision,2020-12-16 14:00:00,False,0.02092050209204605,0.25099351600084613,0.08936493900725426,0.0
API Crude Oil Stock Change,2020-12-22 16:30:00,True,0.23454157782515872,0.17061207080400573,0.32311837299310786,5.223
Durable Goods Orders MoM,2020-12-23 08:30:00,False,0.021267545725234187,0.10636034886195335,0.051232765875719885,1.2000000000000002
EIA Crude Oil Stocks Change,2020-12-23 10:30:00,True,0.39874081846800596,0.6297229219143518,0.2225560648558061,0.051000000000000156
API Crude Oil Stock Change,2020-12-29 16:30:00,True,0.5209418628881017,0.33347228011672303,0.32311837299310786,4.800000000000001
EIA Crude Oil Stocks Change,2020-12-30 10:30:00,True,0.0621504039776282,0.2900352185622404,0.2225560648558061,2.021
API Crude Oil Stock Change,2021-01-05 16:30:00,True,0.2799440111977616,0.35992801439712,0.38228740466226196,3.285
EIA Crude Oil Stocks Change,2021-01-06 10:30:00,True,0.6012024048096278,1.102204408817644,0.20555254133336626,3.9320000000000004
Non Farm Payrolls,2021-01-08 08:30:00,False,0.03875968992248668,0.13565891472868272,0.12734891136897689,265.0
API Crude Oil Stock Change,2021-01-12 16:30:00,True,0.26315789473684315,0.24440684339161978,0.38228740466226196,1.0570000000000002
Inflation Rate MoM,2021-01-13 08:30:00,False,0.0,0.18684603886396545,0.0646892250274092,0.2
EIA Crude Oil Stocks Change,2021-01-13 10:30:00,True,0.150602409638551,0.2259036144578399,0.20555254133336626,5.744
Retail Sales MoM,2021-01-15 08:30:00,False,0.0,0.11303692539562013,0.036373645039603025,1.4
API Crude Oil Stock Change,2021-01-20 16:30:00,True,0.3758691975192686,0.5450103364029302,0.38228740466226196,5.5409999999999995
EIA Crude Oil Stocks Change,2021-01-22 11:00:00,True,0.2856054836252964,0.13325718636969405,0.1886037799095813,2.08
API Crude Oil Stock Change,2021-01-26 16:30:00,True,0.4375951293759453,0.3233783526726302,0.374297238531616,1.9589999999999999
Durable Goods Orders MoM,2021-01-27 08:30:00,False,0.01901863826550992,0.13310515307092655,0.03582677140093897,0.29999999999999993
EIA Crude Oil Stocks Change,2021-01-27 10:30:00,True,0.6091757091185994,1.1041309727774573,0.20555254133336626,3.921
Fed Interest Rate Decision,2021-01-27 14:00:00,False,0.11363636363636795,0.03788596325062157,0.08188342496520543,0.0
API Crude Oil Stock Change,2021-02-02 16:30:00,True,0.2550555656768092,0.2549626661810246,0.3838593636499146,5.639
EIA Crude Oil Stocks Change,2021-02-03 10:30:00,True,0.4295686414891622,0.34001431639226504,0.2225560648558061,10.356
Non Farm Payrolls,2021-02-05 08:30:00,False,0.0705467372134149,0.21167754454049134,0.11991383496704373,277.0
API Crude Oil Stock Change,2021-02-09 16:30:00,True,0.034252440486377836,0.10275732145915786,0.3838593636499146,5.601
Inflation Rate MoM,2021-02-10 08:30:00,False,0.03411222923417367,0.06822445846835945,0.0519825583837423,0.09999999999999998
EIA Crude Oil Stocks Change,2021-02-10 10:30:00,True,0.3777472527472508,0.4121586810922239,0.2225560648558061,1.979
Retail Sales MoM,2021-02-17 08:30:00,False,0.016431153466970112,0.032862306933940225,0.03482080319905148,2.1
API Crude Oil Stock Change,2021-02-17 16:30:00,True,0.24489795918367116,0.5880431231623643,0.374297238531616,1.3250000000000002
EIA Crude Oil Stocks Change,2021-02-18 11:00:00,True,0.543926157903409,0.8900609856601271,0.26005130877460275,4.215
API Crude Oil Stock Change,2021-02-23 16:30:00,True,0.4684219027620726,1.0009686793671253,0.374297238531616,0.42799999999999994
EIA Crude Oil Stocks Change,2021-02-24 10:30:00,True,0.2719129878438813,0.8960000000000036,0.26005130877460275,2.0679999999999996
Durable Goods Orders MoM,2021-02-25 08:30:00,False,0.03166059838531443,0.23745448788981888,0.03456961029311773,0.09999999999999987
API Crude Oil Stock Change,2021-03-02 16:30:00,True,0.01677008217341123,0.1677008217340289,0.3838593636499146,2.8760000000000003
EIA Crude Oil Stocks Change,2021-03-03 10:30:00,True,0.13170892327956107,0.9385806026675454,0.27875923573458883,2.213
Non Farm Payrolls,2021-03-05 08:30:00,False,0.3215434083601408,0.15313935681471444,0.11358621240000052,16.0
API Crude Oil Stock Change,2021-03-09 16:30:00,True,0.03137254901961274,0.03135779241140799,0.3838593636499146,8.189
Inflation Rate MoM,2021-03-10 08:30:00,False,0.2324860508369586,0.27902650751820274,0.04532298004230831,0.10000000000000003
EIA Crude Oil Stocks Change,2021-03-10 10:30:00,True,0.34251907208469384,0.24914356898162035,0.25320506088389516,20.747
Retail Sales MoM,2021-03-16 08:30:00,False,0.046547711404191054,0.062053986968672446,0.02950803600630563,8.1
API Crude Oil Stock Change,2021-03-16 16:30:00,True,0.26266996291718436,0.30902348578492406,0.374297238531616,10.077
EIA Crude Oil Stocks Change,2021-03-17 10:30:00,True,0.21729008225981772,0.6985408258304918,0.27875923573458883,10.834
Fed Interest Rate Decision,2021-03-17 14:00:00,False,0.27963336958209195,0.5127408328154106,0.09471772569623502,0.0
API Crude Oil Stock Change,2021-03-23 16:30:00,True,0.12161223071577533,0.4170286707211032,0.374297238531616,0.09999999999999998
Durable Goods Orders MoM,2021-03-24 08:30:00,False,0.08414675193538246,0.4880511612251752,0.03456961029311773,2.7
EIA Crude Oil Stocks Change,2021-03-24 10:30:00,True,0.4515050167224014,0.3011040481766472,0.27875923573458883,2.668
API Crude Oil Stock Change,2021-03-30 16:30:00,True,0.0,0.13227513227512946,0.3263346453708625,2.527
EIA Crude Oil Stocks Change,2021-03-31 10:30:00,True,0.29688273132112764,0.5937654626422553,0.31406227785499513,1.805
API Crude Oil Stock Change,2021-04-06 16:30:00,True,0.36999663639421265,0.30272452068617506,0.276727738820007,5.235
EIA Crude Oil Stocks Change,2021-04-07 10:30:00,True,0.06775067750677363,0.28798915805522907,0.29124410747321205,0.5599999999999999
Inflation Rate MoM,2021-04-13 08:30:00,False,0.16619577862722523,0.14957620076449443,0.0519825583837423,0.09999999999999998
API Crude Oil Stock Change,2021-04-13 16:30:00,True,0.13242840589306126,0.033112582781450364,0.3249703237959871,0.46399999999999997
EIA Crude Oil Stocks Change,2021-04-14 10:30:00,True,0.6818181818181845,1.7697678194512036,0.29124410747321205,0.633
Retail Sales MoM,2021-04-15 08:30:00,False,0.031842063365711076,0.04777070063693317,0.02950803600630563,8.600000000000001
API Crude Oil Stock Change,2021-04-20 16:30:00,True,0.19166267369429393,0.3992972368631209,0.276727738820007,0.7480000000000002
EIA Crude Oil Stocks Change,2021-04-21 10:30:00,True,0.17773469058006047,0.5010505899466661,0.29124410747321205,2.914
Durable Goods Orders MoM,2021-04-26 08:30:00,False,0.13114754098360376,0.03278688524590676,0.03456961029311773,3.4
API Crude Oil Stock Change,2021-04-27 16:30:00,True,0.20572875454976333,0.22155404336129228,0.2683346805895478,0.061
EIA Crude Oil Stocks Change,2021-04-28 10:30:00,True,0.4235294117646996,0.7844367743959725,0.29124410747321205,0.06500000000000006
Fed Interest Rate Decision,2021-04-28 14:00:00,False,0.15639662183295952,0.046911649726350486,0.10848441793288191,0.0
API Crude Oil Stock Change,2021-05-04 16:30:00,True,0.1671732522796344,0.5015959872320995,0.26291392882701375,6.51
EIA Crude Oil Stocks Change,2021-05-05 10:30:00,True,0.3459687123946898,0.33102618116159926,0.29124410747321205,2.436
Non Farm Payrolls,2021-05-07 08:30:00,False,0.0,0.4968172643999273,0.11358621240000052,208.0
API Crude Oil Stock Change,2021-05-11 16:30:00,True,0.18345818682157217,0.07645259938839659,0.2588627642969968,5.438
Inflation Rate MoM,2021-05-12 08:30:00,False,0.2118644067796619,0.24213075060532172,0.0646892250274092,0.39999999999999997
EIA Crude Oil Stocks Change,2021-05-12 10:30:00,True,0.04520795660036338,0.10546933855656648,0.31970090170291077,5.173
Retail Sales MoM,2021-05-14 08:30:00,False,0.015499070055782558,0.3100294527980202,0.03320412881385798,9.7
API Crude Oil Stock Change,2021-05-18 16:30:00,True,0.015283509093674008,0.1986856182179576,0.2499767624302402,4.213
EIA Crude Oil Stocks Change,2021-05-19 10:30:00,True,0.11139401654996861,0.7955449482895784,0.31970090170291077,2.05
API Crude Oil Stock Change,2021-05-25 16:30:00,True,0.18220467658670594,0.16699559738879524,0.23971976850441495,1.899
EIA Crude Oil Stocks Change,2021-05-26 10:30:00,True,0.228693398383887,0.5183717030035118,0.31970090170291077,2.371
Durable Goods Orders MoM,2021-05-27 08:30:00,False,0.03042750646583907,0.045641259698769414,0.03582677140093897,0.6000000000000001
API Crude Oil Stock Change,2021-06-02 16:30:00,True,0.07279079924297155,0.08734895909157413,0.22013516618746104,1.6749999999999998
EIA Crude Oil Stocks Change,2021-06-03 11:00:00,True,0.028977108084627983,0.27524264812400073,0.29124410747321205,0.7810000000000001
Non Farm Payrolls,2021-06-04 08:30:00,False,0.1738878423416756,0.28972910328842943,0.11358621240000052,372.0
API Crude Oil Stock Change,2021-06-08 16:30:00,True,0.1993450092553048,0.2847785846504383,0.19869571412202863,1.7840000000000003
EIA Crude Oil Stocks Change,2021-06-09 10:30:00,True,0.3126332243853899,0.08527572484366441,0.29124410747321205,3.044
Inflation Rate MoM,2021-06-10 08:30:00,False,0.07133685261805844,0.3138821515194733,0.07367969105642871,0.4
Retail Sales MoM,2021-06-15 08:30:00,False,0.013927576601678435,0.23676880222841465,0.03320412881385798,1.7000000000000002
API Crude Oil Stock Change,2021-06-15 16:30:00,True,0.1383700013837118,0.24906600249066949,0.19550384147479938,0.8919999999999999
EIA Crude Oil Stocks Change,2021-06-16 10:30:00,True,0.26337676739672544,0.4713711354498869,0.29124410747321205,1.9509999999999996
Fed Interest Rate Decision,2021-06-16 14:00:00,False,0.0694444444444405,0.26381560677589244,0.10848441793288191,0.0
API Crude Oil Stock Change,2021-06-22 16:30:00,True,0.28786840301575567,0.28790786948177677,0.18756043025793306,4.912000000000001
EIA Crude Oil Stocks Change,2021-06-23 10:30:00,True,0.23028989433758024,0.10840108401083781,0.29124410747321205,3.4130000000000003
Durable Goods Orders MoM,2021-06-24 08:30:00,False,0.02754062241806117,0.2340630593418721,0.03582677140093897,3.5999999999999996
API Crude Oil Stock Change,2021-06-29 16:30:00,True,0.19096985404446948,0.2045826513911698,0.18756043025793306,2.739
EIA Crude Oil Stocks Change,2021-06-30 10:30:00,True,0.09499253630070997,0.3256886958881733,0.27875923573458883,2.928
Non Farm Payrolls,2021-07-02 08:30:00,False,0.2135896409024117,0.29372496662216135,0.11991383496704373,117.0
API Crude Oil Stock Change,2021-07-07 16:30:00,True,0.15256588072121977,0.027739251040236106,0.18721402043302082,4.228000000000001
EIA Crude Oil Stocks Change,2021-07-08 11:00:00,True,0.33468135545950234,0.46037946428571186,0.27875923573458883,2.6849999999999996
Inflation Rate MoM,2021-07-13 08:30:00,False,0.02686366689052521,0.3627082213863461,0.07367969105642871,0.09999999999999998
API Crude Oil Stock Change,2021-07-13 16:30:00,True,0.2390438247011854,0.18594766901314988,0.18283143170413907,3.6499999999999995
EIA Crude Oil Stocks Change,2021-07-14 11:30:00,True,0.1339943722363775,0.6432591798445509,0.28439785958250446,2.5069999999999997
Retail Sales MoM,2021-07-16 08:30:00,False,0.013943112102628438,0.23703290574456454,0.03320412881385798,1.2999999999999998
API Crude Oil Stock Change,2021-07-20 16:30:00,True,0.6221300548066978,0.9776329432676799,0.18283143170413907,0.08800000000000008
EIA Crude Oil Stocks Change,2021-07-21 10:30:00,True,0.1875360646278065,0.6781128264319707,0.26764487762030337,3.431
Durable Goods Orders MoM,2021-07-27 08:30:00,False,0.06951202558044121,0.12512164604477047,0.03582677140093897,1.1
API Crude Oil Stock Change,2021-07-27 16:30:00,True,0.16722408026754507,0.12541806020065382,0.18283143170413907,4.239
EIA Crude Oil Stocks Change,2021-07-28 10:30:00,True,0.41742034228467667,0.11132758140829153,0.24683333086715284,5.036
Fed Interest Rate Decision,2021-07-28 14:00:00,False,0.09681881051174714,0.08298755186722306,0.10848441793288191,0.0
API Crude Oil Stock Change,2021-08-03 16:30:00,True,0.18442332245707965,0.12765957446808993,0.18283143170413907,1.8279999999999998
EIA Crude Oil Stocks Change,2021-08-04 10:30:00,True,0.6074631183106765,0.21695111368239178,0.24683333086715284,0.9870000000000005
Non Farm Payrolls,2021-08-06 08:30:00,False,0.41720615738741484,0.4892790329543869,0.11991383496704373,68.0
API Crude Oil Stock Change,2021-08-10 16:30:00,True,0.0,0.05842827928718413,0.18283143170413907,0.17100000000000004
Inflation Rate MoM,2021-08-11 08:30:00,False,0.31315240083506374,0.9096331643304494,0.07207177541714639,0.4
EIA Crude Oil Stocks Change,2021-08-11 10:30:00,True,0.05908419497783167,0.11816838995568432,0.24683333086715284,4.896
Retail Sales MoM,2021-08-17 08:30:00,False,0.07492881762325365,0.35976615200121287,0.03320412881385798,1.0
API Crude Oil Stock Change,2021-08-17 16:30:00,True,0.4042521335529424,0.3145596165368603,0.1747143784271255,0.44299999999999995
EIA Crude Oil Stocks Change,2021-08-18 10:30:00,True,0.25648762824381666,0.13582855418050618,0.2294916463607336,0.6079999999999999
API Crude Oil Stock Change,2021-08-24 16:30:00,True,0.088744268599323,0.029572674848455174,0.18283143170413907,1.204
Durable Goods Orders MoM,2021-08-25 08:30:00,False,0.029385836027029124,0.014692918013525002,0.051232765875719885,1.1
EIA Crude Oil Stocks Change,2021-08-25 10:30:00,True,0.35682426404994777,0.7135424409097726,0.24338876129069845,0.5510000000000002
API Crude Oil Stock Change,2021-08-31 16:30:00,True,0.014575134820004542,0.1166010785599742,0.18283143170413907,1.211
EIA Crude Oil Stocks Change,2021-09-01 10:30:00,True,0.4444444444444402,0.237037037037032,0.24338876129069845,0.10899999999999999
Non Farm Payrolls,2021-09-03 08:30:00,False,0.1280956447480834,0.014230823964694614,0.12734891136897689,303.0
API Crude Oil Stock Change,2021-09-08 16:30:00,True,0.0,0.028822596915976398,0.1747143784271255,0.21300000000000008
EIA Crude Oil Stocks Change,2021-09-09 11:00:00,True,0.07169486664754396,0.18640665328361838,0.25993219782027105,2.5569999999999995
Inflation Rate MoM,2021-09-14 08:30:00,False,0.16953941791467156,0.22605255721954873,0.07367969105642871,0.09999999999999998
API Crude Oil Stock Change,2021-09-14 16:30:00,True,0.09934714731763751,0.3264263411864945,0.1747143784271255,1.021
EIA Crude Oil Stocks Change,2021-09-15 10:30:00,True,0.24762690879076465,0.49532195927352696,0.24338876129069845,2.015
Retail Sales MoM,2021-09-16 08:30:00,False,0.12480931909583057,0.04160310636527685,0.03320412881385798,1.0
API Crude Oil Stock Change,2021-09-21 16:30:00,True,0.028296547821160187,0.22646850672327895,0.1747143784271255,3.0370000000000004
EIA Crude Oil Stocks Change,2021-09-22 10:30:00,True,0.19504040122596902,0.37604456824511984,0.23895840156417245,3.9819999999999998
Fed Interest Rate Decision,2021-09-22 14:00:00,False,0.0694927032661531,0.19457956914524052,0.10848441793288191,0.0
Durable Goods Orders MoM,2021-09-27 08:30:00,False,0.0530222693531366,0.039761431411532315,0.04884812882065759,0.19999999999999996
API Crude Oil Stock Change,2021-09-28 16:30:00,True,0.3205128205128137,0.8278808919749026,0.16719866627358973,3.7749999999999995
EIA Crude Oil Stocks Change,2021-09-29 10:30:00,True,0.1731947775113182,0.7460698108180153,0.23895840156417245,1.829
API Crude Oil Stock Change,2021-10-05 16:30:00,True,0.10113780025284234,0.11379441143002074,0.1747143784271255,4.427
EIA Crude Oil Stocks Change,2021-10-06 10:30:00,True,0.18029620090148174,0.5536955961885045,0.2294916463607336,4.996
Non Farm Payrolls,2021-10-08 08:30:00,False,0.012656625743583236,0.2151898734177237,0.13105398694118758,134.0
Inflation Rate MoM,2021-10-13 08:30:00,False,0.14988758431177185,0.31222680154864496,0.07367969105642871,0.0
API Crude Oil Stock Change,2021-10-13 16:30:00,True,0.13671389510315615,0.16159105034182156,0.16719866627358973,0.8109999999999999
EIA Crude Oil Stocks Change,2021-10-14 11:00:00,True,0.36913990402362146,0.48000000000000076,0.2294916463607336,1.6440000000000001
Retail Sales MoM,2021-10-15 08:30:00,False,0.03667481662591826,0.0,0.03482080319905148,1.1
API Crude Oil Stock Change,2021-10-19 16:30:00,True,0.012161011796187664,0.26750972762645775,0.15986956650042708,2.98
EIA Crude Oil Stocks Change,2021-10-20 10:30:00,True,0.9042033235581559,1.344578902334671,0.2294916463607336,4.231
API Crude Oil Stock Change,2021-10-26 16:30:00,True,0.16548463356974064,0.16546507505023114,0.1454679410524658,1.6440000000000001
Durable Goods Orders MoM,2021-10-27 08:30:00,False,0.011933174224349781,0.31029955841986523,0.042341433869225516,2.4000000000000004
EIA Crude Oil Stocks Change,2021-10-27 10:30:00,True,0.16702457647337912,0.8946677800310152,0.2294916463607336,2.3449999999999998
API Crude Oil Stock Change,2021-11-02 16:30:00,True,0.08387251377904767,0.3594967046135376,0.1454679410524658,0.7510000000000001
EIA Crude Oil Stocks Change,2021-11-03 10:30:00,True,0.0733227422705637,0.2566923359002664,0.2294916463607336,2.0420000000000003
Fed Interest Rate Decision,2021-11-03 14:00:00,False,0.2474634991338813,0.5320465231378456,0.10848441793288191,0.0
Non Farm Payrolls,2021-11-05 08:30:00,False,0.025100401606438543,0.03765532822894582,0.13105398694118758,138.0
API Crude Oil Stock Change,2021-11-09 16:30:00,True,0.14250089063057186,0.4275026718916987,0.1454679410524658,1.694
Inflation Rate MoM,2021-11-10 08:30:00,False,0.08336310587113632,0.4406335596046261,0.0764101796733326,0.19999999999999996
EIA Crude Oil Stocks Change,2021-11-10 10:30:00,True,0.1194743130227103,0.14335204873968502,0.2294916463607336,1.166
Retail Sales MoM,2021-11-16 08:30:00,False,0.0613572217449959,0.1227144434899918,0.03482080319905148,0.5999999999999999
API Crude Oil Stock Change,2021-11-16 16:30:00,True,0.02476780185758021,0.02476780185758021,0.14043544600714183,4.035
EIA Crude Oil Stocks Change,2021-11-17 10:30:00,True,0.2790461694571269,0.0,0.21266514778177464,0.397
API Crude Oil Stock Change,2021-11-23 16:30:00,True,0.4191540708751407,0.20327785541862103,0.14043544600714183,1.605
Durable Goods Orders MoM,2021-11-24 08:30:00,False,0.0,0.15296367112811288,0.042341433869225516,0.6000000000000001
EIA Crude Oil Stocks Change,2021-11-24 10:30:00,True,0.1274372371606911,0.19120458891012299,0.23895840156417245,1.62
API Crude Oil Stock Change,2021-11-30 16:30:00,True,0.2388772767990606,0.11940298507462432,0.14043544600714183,3.974
EIA Crude Oil Stocks Change,2021-12-01 10:30:00,True,0.4969307220111128,0.42366691015340574,0.21266514778177464,2.254
Non Farm Payrolls,2021-12-03 08:30:00,False,0.043911007025741994,0.26346604215457675,0.12439056917587268,4.0
API Crude Oil Stock Change,2021-12-07 16:30:00,True,0.013931457230433429,0.13935340022297732,0.1475333856758958,2.84
EIA Crude Oil Stocks Change,2021-12-08 10:30:00,True,0.34746351633078526,0.09724923589885132,0.21266514778177464,0.795
Inflation Rate MoM,2021-12-10 08:30:00,False,0.18151354370286993,0.6283161128176328,0.08081539066058921,0.20000000000000007
API Crude Oil Stock Change,2021-12-14 16:30:00,True,0.028401022436802075,0.24144297684988172,0.13960739286686402,0.4889999999999999
Retail Sales MoM,2021-12-15 08:30:00,False,0.042869391254645804,0.15723270440251494,0.03587511438100817,1.0
EIA Crude Oil Stocks Change,2021-12-15 10:30:00,True,0.34443168771526245,0.4878748744439711,0.22133365500836683,1.8419999999999999
Fed Interest Rate Decision,2021-12-15 14:00:00,False,0.1277683134582672,0.7804739605505849,0.10848441793288191,0.0
API Crude Oil Stock Change,2021-12-21 16:30:00,True,0.083963056255231,0.11196641007697453,0.11892584767799924,1.818
EIA Crude Oil Stocks Change,2021-12-22 10:30:00,True,0.01397624039132202,0.2515723270440347,0.25205726851729066,1.8339999999999996
Durable Goods Orders MoM,2021-12-23 08:30:00,False,0.0,0.20511418022698139,0.03104405242557675,1.5
API Crude Oil Stock Change,2021-12-28 16:30:00,True,0.06571165724799206,0.013140604467812242,0.10024247378523993,0.43699999999999983
EIA Crude Oil Stocks Change,2021-12-29 10:30:00,True,0.15785319652723567,1.447368421052624,0.22133365500836683,1.572
API Crude Oil Stock Change,2022-01-04 16:30:00,True,0.03896103896104044,0.11686793922865758,0.09404570795848025,0.3089999999999997
EIA Crude Oil Stocks Change,2022-01-05 10:30:00,True,0.5871840694409088,0.2808271636456457,0.22133365500836683,0.29300000000000015
Non Farm Payrolls,2022-01-07 08:30:00,False,0.08717310087174021,0.07473841554559327,0.12439056917587268,151.0
API Crude Oil Stock Change,2022-01-11 16:30:00,True,0.08601622020151534,0.08604794099568923,0.08635366242727699,4.482
Inflation Rate MoM,2022-01-12 08:30:00,False,0.06102025872589353,0.3540039062499903,0.09217385285982864,0.4
EIA Crude Oil Stocks Change,2022-01-12 10:30:00,True,0.42636131075647987,0.6946983546618006,0.25205726851729066,0.2400000000000002
Retail Sales MoM,2022-01-14 08:30:00,False,0.06087168249330066,0.3652745647144909,0.03587511438100817,0.2
API Crude Oil Stock Change,2022-01-19 16:30:00,True,0.0935781962802647,0.3158633598502693,0.08498963822837316,0.29000000000000004
EIA Crude Oil Stocks Change,2022-01-20 11:00:00,True,0.09274287039183664,0.23177656738902377,0.25205726851729066,3.615
API Crude Oil Stock Change,2022-01-25 16:30:00,True,0.08218856404838251,0.011743981209619383,0.08498963822837316,1.8039999999999998
EIA Crude Oil Stocks Change,2022-01-26 10:30:00,True,0.04599816007360425,0.2184912603495998,0.22133365500836683,1.2429999999999999
Fed Interest Rate Decision,2022-01-26 14:00:00,False,0.12611786287548662,0.18338108882521098,0.11740955360684643,0.0
Durable Goods Orders MoM,2022-01-27 08:30:00,False,0.07956353716754648,0.15910898965791634,0.03104405242557675,3.7
API Crude Oil Stock Change,2022-02-01 16:30:00,True,0.0,0.011317338162070072,0.08498963822837316,2.705
EIA Crude Oil Stocks Change,2022-02-02 10:30:00,True,0.364257256687544,0.3756402959590353,0.22133365500836683,0.8519999999999999
Non Farm Payrolls,2022-02-04 08:30:00,False,0.0,0.08695652173912859,0.11991383496704373,360.0
API Crude Oil Stock Change,2022-02-08 16:30:00,True,0.21212459528861444,0.25678240482304787,0.08391778501713934,2.3200000000000003
EIA Crude Oil Stocks Change,2022-02-09 10:30:00,True,0.6911158176346055,0.6020738097892812,0.22133365500836683,1.415
Inflation Rate MoM,2022-02-10 08:30:00,False,0.022053148086885015,0.33083370092634684,0.09217385285982864,0.09999999999999998
API Crude Oil Stock Change,2022-02-15 16:30:00,True,0.1631321370310013,0.06525285481240052,0.08391778501713934,0.256
Retail Sales MoM,2022-02-16 08:30:00,False,0.03221649484536204,0.1503597894962953,0.03935022613183192,4.5
EIA Crude Oil Stocks Change,2022-02-16 10:30:00,True,0.07449978714347318,0.3298574164715921,0.22133365500836683,3.184
API Crude Oil Stock Change,2022-02-23 16:30:00,True,0.21689621516103313,0.11927998265018373,0.08498963822837316,1.843
EIA Crude Oil Stocks Change,2022-02-24 11:00:00,True,0.05139274334463682,0.3390875462392237,0.1876683010637254,0.679
Durable Goods Orders MoM,2022-02-25 08:30:00,False,0.12961762799741258,0.05400734499891679,0.03104405242557675,0.3999999999999999
API Crude Oil Stock Change,2022-03-01 16:30:00,True,0.13283992788689683,0.69286256643888,0.08979720824089002,3.187
EIA Crude Oil Stocks Change,2022-03-02 10:30:00,True,0.5365402405180505,0.18501387604069255,0.1876683010637254,1.7669999999999995
Non Farm Payrolls,2022-03-04 08:30:00,False,0.0714732422049607,0.7057352152939004,0.11991383496704373,81.0
API Crude Oil Stock Change,2022-03-08 16:30:00,True,0.20067426553218815,0.04009623095428801,0.08979720824089002,5.2669999999999995
EIA Crude Oil Stocks Change,2022-03-09 10:30:00,True,0.705722302525294,0.017002465357485532,0.1876683010637254,1.94
Inflation Rate MoM,2022-03-10 08:30:00,False,0.2737548569409997,0.7684154742978313,0.08081539066058921,0.20000000000000007
API Crude Oil Stock Change,2022-03-15 16:30:00,True,0.11565555672379291,0.02103049421662485,0.09735799826655353,4.678
Retail Sales MoM,2022-03-16 08:30:00,False,0.14431501907019953,0.41237113402062436,0.03587511438100817,4.5
EIA Crude Oil Stocks Change,2022-03-16 10:30:00,True,0.08361204013379232,0.34489966555183765,0.22967118517930432,0.488
Fed Interest Rate Decision,2022-03-16 14:00:00,False,0.04175365344468294,0.04174058228111452,0.11740955360684643,0.25
API Crude Oil Stock Change,2022-03-22 16:30:00,True,0.04591789879694844,0.21116415717958498,0.09735799826655353,3.729
EIA Crude Oil Stocks Change,2022-03-23 10:30:00,True,0.21997360316761988,0.9504532253806198,0.22967118517930432,4.231
Durable Goods Orders MoM,2022-03-24 08:30:00,False,0.05237430167597964,0.06110868616325395,0.03104405242557675,2.1
API Crude Oil Stock Change,2022-03-29 16:30:00,True,0.20948390782707946,0.2570938868786995,0.08979720824089002,2.7220000000000004
EIA Crude Oil Stocks Change,2022-03-30 10:30:00,True,0.05546311702716589,0.2126479289940734,0.2495098863123734,1.486
Non Farm Payrolls,2022-04-01 08:30:00,False,0.010126582278486193,0.5060728744939271,0.10392929723770108,260.0
API Crude Oil Stock Change,2022-04-05 16:30:00,True,0.04958349861165921,0.08927685745462098,0.08979720824089002,0.944
EIA Crude Oil Stocks Change,2022-04-06 10:30:00,True,0.30276394179119276,1.1139339456712922,0.19349908982049951,1.3929999999999998
Inflation Rate MoM,2022-04-12 08:30:00,False,0.19431376559623412,0.4601697515083225,0.08081539066058921,0.3999999999999999
API Crude Oil Stock Change,2022-04-12 16:30:00,True,0.06949960285940546,0.07942023230417779,0.08979720824089002,0.2869999999999999
EIA Crude Oil Stocks Change,2022-04-13 10:30:00,True,0.8145240431795999,0.29429075927015613,0.19349908982049951,1.5579999999999998
Retail Sales MoM,2022-04-14 08:30:00,False,0.009724788485855408,0.009722897423423341,0.03587511438100817,0.20000000000000007
API Crude Oil Stock Change,2022-04-19 16:30:00,True,0.10782199568711963,0.27445598902176155,0.08498963822837316,5.224
EIA Crude Oil Stocks Change,2022-04-20 10:30:00,True,0.9927265578926727,1.3465696874385735,0.2495098863123734,6.911
Durable Goods Orders MoM,2022-04-26 08:30:00,False,0.23011505752876835,0.25017512258581004,0.03104405242557675,2.7
API Crude Oil Stock Change,2022-04-26 16:30:00,True,0.1666176614721177,0.4215273012449826,0.08979720824089002,6.496
EIA Crude Oil Stocks Change,2022-04-27 10:30:00,True,0.009983028850958486,0.8987417615338583,0.2909050556241598,10.02
API Crude Oil Stock Change,2022-05-03 16:30:00,True,0.22401870069153987,0.6818624586012106,0.08979720824089002,5.947
EIA Crude Oil Stocks Change,2022-05-04 10:30:00,True,0.32925682031984416,0.07523039307880224,0.2909050556241598,1.521
Fed Interest Rate Decision,2022-05-04 14:00:00,False,0.018544274455271424,0.1390949554896195,0.10848441793288191,0.5
Non Farm Payrolls,2022-05-06 08:30:00,False,0.22854008593107233,0.27419797093501247,0.10392929723770108,37.0
API Crude Oil Stock Change,2022-05-10 16:30:00,True,0.04009623095429656,0.3107457898957521,0.10070009598369217,3.0220000000000002
Inflation Rate MoM,2022-05-11 08:30:00,False,0.3476245654692926,0.8399304885113,0.09217385285982864,1.0
EIA Crude Oil Stocks Change,2022-05-11 10:30:00,True,0.08621515470830866,0.9100488552543374,0.3160103810555185,1.7590000000000001
Retail Sales MoM,2022-05-17 08:30:00,False,0.026329647182728753,0.46503465824339835,0.03364595349073006,0.4999999999999999
API Crude Oil Stock Change,2022-05-17 16:30:00,True,0.053557082924218756,1.0178571428571435,0.08979720824089002,0.08500000000000019
EIA Crude Oil Stocks Change,2022-05-18 10:30:00,True,0.3085019508211627,0.74403411668632,0.3160103810555185,7.104
API Crude Oil Stock Change,2022-05-24 16:30:00,True,0.24558850281971623,0.18193395797324535,0.08498963822837316,1.755
Durable Goods Orders MoM,2022-05-25 08:30:00,False,0.027009993697656366,0.09004141905275916,0.04201745003064704,0.0
EIA Crude Oil Stocks Change,2022-05-25 10:30:00,True,0.1353790613718463,0.2979145978152914,0.30563294630617777,2.657
API Crude Oil Stock Change,2022-06-01 16:30:00,True,0.01742463843874893,0.07843137254902258,0.08979720824089002,0.6339999999999999
EIA Crude Oil Stocks Change,2022-06-02 11:00:00,True,0.37427104186612636,1.1753438969179821,0.2613687724794063,0.3310000000000002
Non Farm Payrolls,2022-06-03 08:30:00,False,0.18760126204485278,0.11088365745480183,0.10392929723770108,111.0
API Crude Oil Stock Change,2022-06-07 16:30:00,True,0.016704251231947072,0.14198613547147892,0.08979720824089002,0.619
EIA Crude Oil Stocks Change,2022-06-08 10:30:00,True,0.16694490818030286,0.37537537537537774,0.2613687724794063,3.151
Inflation Rate MoM,2022-06-10 08:30:00,False,0.13885485583598928,0.46553413917020026,0.09217385285982864,0.39999999999999997
API Crude Oil Stock Change,2022-06-14 16:30:00,True,0.04221546774738024,0.27008777852801585,0.08979720824089002,3.159
Retail Sales MoM,2022-06-15 08:30:00,False,0.016903313049366323,0.4562737642585604,0.03202927910553656,0.49999999999999994
EIA Crude Oil Stocks Change,2022-06-15 10:30:00,True,0.03388681802778045,0.3132672932012569,0.2613687724794063,3.339
Fed Interest Rate Decision,2022-06-15 14:00:00,False,0.05962013457116718,0.7153197649663658,0.10007564137057151,0.5
API Crude Oil Stock Change,2022-06-22 16:30:00,True,0.09506607091928351,0.998288648031956,0.08979720824089002,2.169
Durable Goods Orders MoM,2022-06-27 08:30:00,False,0.08347245409014023,0.12058250626101052,0.03104405242557675,0.30000000000000004
API Crude Oil Stock Change,2022-06-28 16:30:00,True,0.21476510067113636,0.29532844102380373,0.09432213359977411,5.713
EIA Crude Oil Stocks Change,2022-06-29 10:30:00,True,0.14069644741469978,0.914526908195561,0.2613687724794063,2.525
API Crude Oil Stock Change,2022-07-06 16:30:00,True,0.2948652770716747,0.1728520589730427,0.10144403330320156,2.699
EIA Crude Oil Stocks Change,2022-07-07 11:00:00,True,0.24173274028234382,0.2127248114484615,0.19345925567396138,1.719
Non Farm Payrolls,2022-07-08 08:30:00,False,0.3434739941118688,0.3434739941118688,0.10392929723770108,116.0
API Crude Oil Stock Change,2022-07-12 16:30:00,True,0.15673981191221678,0.22983702465524328,0.11173877620545627,5.758
Inflation Rate MoM,2022-07-13 08:30:00,False,0.7866680467860524,1.9770210123175618,0.11079138337819712,0.10000000000000009
EIA Crude Oil Stocks Change,2022-07-13 10:30:00,True,0.5033029254482583,1.0587002096435962,0.19345925567396138,8.389
Retail Sales MoM,2022-07-15 08:30:00,False,0.051403310373185115,0.7710496555978206,0.029085855274219915,0.9
API Crude Oil Stock Change,2022-07-19 16:30:00,True,0.029812183245554146,0.22856007154922967,0.12424774230534487,4.428999999999999
EIA Crude Oil Stocks Change,2022-07-20 10:30:00,True,0.14160008091433252,0.22249190938511215,0.23085317172498185,1.897
API Crude Oil Stock Change,2022-07-26 16:30:00,True,0.06301197227473458,0.30449391012180416,0.12424774230534487,2.981
Durable Goods Orders MoM,2022-07-27 08:30:00,False,0.1666840295864117,0.03125000000000118,0.03104405242557675,1.3
EIA Crude Oil Stocks Change,2022-07-27 10:30:00,True,0.820361800588979,0.9360538493899879,0.23085317172498185,0.591
Fed Interest Rate Decision,2022-07-27 14:00:00,False,0.08193363375665537,0.08193363375665537,0.10007564137057151,0.75
API Crude Oil Stock Change,2022-08-02 16:30:00,True,0.1698333510243038,0.45647558386412607,0.11173877620545627,3.408
EIA Crude Oil Stocks Change,2022-08-03 10:30:00,True,0.14903129657228079,0.9051219252475715,0.23085317172498185,3.8939999999999997
Non Farm Payrolls,2022-08-05 08:30:00,False,0.5516154452324608,0.25880499606166757,0.12439056917587268,148.0
API Crude Oil Stock Change,2022-08-09 16:30:00,True,0.12133245091550787,0.07721155967349788,0.11173877620545627,2.092
Inflation Rate MoM,2022-08-10 08:30:00,False,0.4702720859926119,1.712942230183611,0.12972651137193128,1.1
EIA Crude Oil Stocks Change,2022-08-10 10:30:00,True,0.3624830086089637,0.3511156416355058,0.19345925567396138,4.393999999999999
API Crude Oil Stock Change,2022-08-16 16:30:00,True,0.10359116022098204,0.2073732718894088,0.11173877620545627,2.273
Retail Sales MoM,2022-08-17 08:30:00,False,0.034678071899203716,0.011559357299740048,0.03202927910553656,0.7000000000000001
EIA Crude Oil Stocks Change,2022-08-17 10:30:00,True,1.1689933038247657,0.03407929115074536,0.23085317172498185,5.7330000000000005
Durable Goods Orders MoM,2022-08-24 08:30:00,False,0.010589854918993027,0.30717085054548465,0.04201745003064704,1.6
EIA Crude Oil Stocks Change,2022-08-24 10:30:00,True,0.1378286683630147,0.900805426027972,0.2722483410367683,6.123
API Crude Oil Stock Change,2022-08-30 16:30:00,True,0.3794037940379342,0.021682567215954057,0.10570657795405083,4.999
EIA Crude Oil Stocks Change,2022-08-31 10:30:00,True,0.3209029545202966,0.09957955299845477,0.23085317172498185,1.799
Non Farm Payrolls,2022-09-02 08:30:00,False,0.6240072611753996,0.9534619750283808,0.12439056917587268,226.0
API Crude Oil Stock Change,2022-09-07 16:30:00,True,0.1099975556098795,0.15882712278557784,0.10570657795405083,1.326
EIA Crude Oil Stocks Change,2022-09-08 11:00:00,True,0.6624111766831231,0.3854957234068102,0.23085317172498185,3.076
Inflation Rate MoM,2022-09-13 08:30:00,False,0.9665093279388619,1.7532029669588698,0.14437122007388056,0.1
API Crude Oil Stock Change,2022-09-13 16:30:00,True,0.0456725279744143,0.022844089091942913,0.10570657795405083,3.845
EIA Crude Oil Stocks Change,2022-09-14 10:30:00,True,0.2489814395654129,0.7809847198641902,0.2722483410367683,8.011
Retail Sales MoM,2022-09-15 08:30:00,False,0.022977941176466014,0.022980581408705066,0.03344728337228288,0.4
API Crude Oil Stock Change,2022-09-20 16:30:00,True,0.05941064638782933,0.13068789354876967,0.10570657795405083,3.714
EIA Crude Oil Stocks Change,2022-09-21 10:30:00,True,0.09480919649205771,1.1969661057122434,0.27587269067830283,0.28100000000000014
Fed Interest Rate Decision,2022-09-21 14:00:00,False,0.35919540229884717,0.3950203495331727,0.09146089483741064,0.75
Durable Goods Orders MoM,2022-09-27 08:30:00,False,0.08987032995248835,0.19252984212553675,0.03104405242557675,0.30000000000000004
API Crude Oil Stock Change,2022-09-27 16:30:00,True,0.22918258212376724,0.45859872611464897,0.09932861557013278,0.702
EIA Crude Oil Stocks Change,2022-09-28 10:30:00,True,0.41136873597606366,0.6856145599601061,0.27587269067830283,0.6989999999999998
API Crude Oil Stock Change,2022-10-04 16:30:00,True,0.06949270326615968,0.0,0.10570657795405083,2.184
EIA Crude Oil Stocks Change,2022-10-05 10:30:00,True,0.4513366508505967,1.2267098715426483,0.27874169519328784,2.267
Non Farm Payrolls,2022-10-07 08:30:00,False,0.06688963210702595,0.46822742474916573,0.13105398694118758,65.0
Inflation Rate MoM,2022-10-13 08:30:00,False,0.8136603254641392,1.3295128939828043,0.15804168146949854,0.1
EIA Crude Oil Stocks Change,2022-10-13 11:00:00,True,0.1827318410232944,0.9135548703894159,0.27874169519328784,3.106
Retail Sales MoM,2022-10-14 08:30:00,False,0.0457508864234316,0.37748798901852926,0.03344728337228288,0.2
API Crude Oil Stock Change,2022-10-18 16:30:00,True,0.0,0.3150369562583365,0.10570657795405083,5.503
EIA Crude Oil Stocks Change,2022-10-19 10:30:00,True,0.1919155571548648,0.8518296340731779,0.24535708992387836,8.5
API Crude Oil Stock Change,2022-10-25 16:30:00,True,0.0,0.04709206498705704,0.09932861557013278,1.47
EIA Crude Oil Stocks Change,2022-10-26 10:30:00,True,0.09231479344564769,1.4195037507212807,0.24535708992387836,2.754
Durable Goods Orders MoM,2022-10-27 08:30:00,False,0.2600045218177752,0.3504408772326501,0.04201745003064704,0.39999999999999997
API Crude Oil Stock Change,2022-11-01 16:30:00,True,0.14730878186968324,0.1926782273603102,0.08227938709272159,4.252999999999999
EIA Crude Oil Stocks Change,2022-11-02 10:30:00,True,0.07916760913821239,0.5202442886224765,0.2168241487186043,2.221
Fed Interest Rate Decision,2022-11-02 14:00:00,False,0.30096979155056325,0.21181716833890493,0.09146089483741064,0.75
Non Farm Payrolls,2022-11-04 08:30:00,False,0.2302379125095864,0.5808855765015356,0.10763437280991181,115.0
API Crude Oil Stock Change,2022-11-08 16:30:00,True,0.16819914779099088,0.6618059450364592,0.08227938709272159,7.630000000000001
EIA Crude Oil Stocks Change,2022-11-09 10:30:00,True,0.1260744985673346,0.42406876790831466,0.2168241487186043,4.4750000000000005
Inflation Rate MoM,2022-11-10 08:30:00,False,1.3668224299065441,1.5420560747663639,0.16786759827094838,0.19999999999999996
Retail Sales MoM,2022-11-16 08:30:00,False,0.1276546361842862,0.20888940466520464,0.03344728337228288,1.0
EIA Crude Oil Stocks Change,2022-11-16 10:30:00,True,0.49376910416177017,0.3290633446938549,0.1873236990890796,4.365
API Crude Oil Stock Change,2022-11-22 16:30:00,True,0.16025641025640464,0.024657872025639283,0.09932861557013278,3.635
Durable Goods Orders MoM,2022-11-23 08:30:00,False,0.025477707006364356,0.6879857306663169,0.052698285514558116,0.10000000000000003
EIA Crude Oil Stocks Change,2022-11-23 10:30:00,True,0.02572016460906666,0.6815843621399191,0.2168241487186043,4.345000000000001
API Crude Oil Stock Change,2022-11-29 16:30:00,True,0.038095238095239535,0.17771007870017844,0.10679435791543077,2.332
EIA Crude Oil Stocks Change,2022-11-30 10:30:00,True,0.4843517138599113,0.07450639513225167,0.1873236990890796,0.9329999999999998
Non Farm Payrolls,2022-12-02 08:30:00,False,0.7809640024405132,0.7564665690580653,0.10763437280991181,84.0
API Crude Oil Stock Change,2022-12-06 16:30:00,True,0.08078632018311872,0.08073196986006766,0.09932861557013278,3.9659999999999997
EIA Crude Oil Stocks Change,2022-12-07 10:30:00,True,0.2006957452501893,0.8964409954508987,0.2168241487186043,9.275
Inflation Rate MoM,2022-12-13 08:30:00,False,0.8663868958982003,1.0288344388790995,0.17552648080877076,0.10000000000000003
API Crude Oil Stock Change,2022-12-13 16:30:00,True,0.14606293984862492,0.19920318725098468,0.09932861557013278,2.5130000000000003
EIA Crude Oil Stocks Change,2022-12-14 10:30:00,True,0.6790284669626483,0.11752415774354062,0.22121424276626656,1.592
Fed Interest Rate Decision,2022-12-14 14:00:00,False,0.0905679906844448,0.11644455945140277,0.10007564137057151,0.5
Retail Sales MoM,2022-12-15 08:30:00,False,0.18153526970954428,0.03889537145079883,0.03567644426256099,1.4000000000000001
API Crude Oil Stock Change,2022-12-20 16:30:00,True,0.15795708832434455,0.09215376513955686,0.10679435791543077,7.986
EIA Crude Oil Stocks Change,2022-12-21 10:30:00,True,0.5267891558524948,0.12848515996403512,0.24535708992387836,11.888
Durable Goods Orders MoM,2022-12-23 08:30:00,False,0.16381048387096203,0.2268716914544903,0.04201745003064704,1.2999999999999998
EIA Crude Oil Stocks Change,2022-12-29 11:00:00,True,0.16767702824712427,0.9156564353881785,0.28494219704285473,4.3740000000000006
EIA Crude Oil Stocks Change,2023-01-05 11:00:00,True,0.6402397493529477,1.5114379084967313,0.2248385924078011,0.43599999999999994
Non Farm Payrolls,2023-01-06 08:30:00,False,0.35364526659413104,1.4281828073993432,0.10763437280991181,56.0
API Crude Oil Stock Change,2023-01-10 16:30:00,True,0.36086607858860736,0.32081272557145984,0.11566500326269369,5.673
EIA Crude Oil Stocks Change,2023-01-11 10:30:00,True,0.5640823822642094,0.24927840461820747,0.28494219704285473,3.937
Inflation Rate MoM,2023-01-12 08:30:00,False,0.1785258862535075,0.16568952332399908,0.187913654649552,0.1
Retail Sales MoM,2023-01-18 08:30:00,False,0.06099048548426099,0.26839087471025846,0.03567644426256099,0.19999999999999996
API Crude Oil Stock Change,2023-01-18 16:30:00,True,0.02515723270439751,0.20125786163521583,0.13369769538206638,16.615000000000002
EIA Crude Oil Stocks Change,2023-01-19 11:00:00,True,0.03732271709380585,0.14930944382230973,0.28494219704285473,19.555
API Crude Oil Stock Change,2023-01-24 16:30:00,True,0.012481278082864334,0.17471608635966626,0.11566500326269369,6.015000000000001
EIA Crude Oil Stocks Change,2023-01-25 10:30:00,True,0.024999999999995023,1.0623672040994803,0.28494219704285473,7.436999999999999
Durable Goods Orders MoM,2023-01-26 08:30:00,False,0.012301636117592453,0.2705694256548996,0.052698285514558116,4.2
API Crude Oil Stock Change,2023-01-31 16:30:00,True,0.012639029322536533,0.11373688866420978,0.10679435791543077,4.378
EIA Crude Oil Stocks Change,2023-02-01 10:30:00,True,0.330284552845535,0.10163892770931052,0.2248385924078011,0.15700000000000003
Fed Interest Rate Decision,2023-02-01 14:00:00,False,0.026184865147957884,0.2747971735147785,0.10007564137057151,0.25
Non Farm Payrolls,2023-02-03 08:30:00,False,0.5529225908372664,0.19744636040543068,0.1509917435448795,75.0
API Crude Oil Stock Change,2023-02-07 16:30:00,True,0.03879477563688237,0.1810188776829591,0.09218874020205038,4.18
EIA Crude Oil Stocks Change,2023-02-08 10:30:00,True,0.12865045670913228,0.6432522835456066,0.2248385924078011,1.6829999999999998
Inflation Rate MoM,2023-02-14 08:30:00,False,0.31633556877135266,0.3036053130929727,0.187913654649552,0.4
API Crude Oil Stock Change,2023-02-14 16:30:00,True,0.16424510423248218,0.18953752843063643,0.09218874020205038,2.5050000000000003
Retail Sales MoM,2023-02-15 08:30:00,False,0.15311981625622628,0.0,0.039772103940282036,2.9000000000000004
EIA Crude Oil Stocks Change,2023-02-15 10:30:00,True,0.7014411427113852,0.2295625557964451,0.2248385924078011,1.2570000000000001
API Crude Oil Stock Change,2023-02-22 16:30:00,True,0.013531799729370927,0.0676589986468354,0.10679435791543077,9.274
EIA Crude Oil Stocks Change,2023-02-23 11:00:00,True,0.14544492926087457,0.35700119000396147,0.2248385924078011,14.200000000000001
Durable Goods Orders MoM,2023-02-27 08:30:00,False,0.026295030239279545,0.026291573550671778,0.052698285514558116,9.1
API Crude Oil Stock Change,2023-02-28 16:30:00,True,0.0520426749935028,0.07806401249024496,0.09218874020205038,9.455
EIA Crude Oil Stocks Change,2023-03-01 10:30:00,True,0.28705636743214885,0.9523809523809389,0.19630565120252705,7.19
API Crude Oil Stock Change,2023-03-07 16:30:00,True,0.051759834368519726,0.15529959880935723,0.0751395117246392,6.511
EIA Crude Oil Stocks Change,2023-03-08 10:30:00,True,0.5344805110155271,0.5084082909659765,0.19630565120252705,0.77
Non Farm Payrolls,2023-03-10 08:30:00,False,0.19978689397976251,1.3052743740010708,0.18074455219326419,299.0
Inflation Rate MoM,2023-03-14 08:30:00,False,0.20416496529196362,0.24493128316776788,0.20308908618794802,0.09999999999999998
API Crude Oil Stock Change,2023-03-14 16:30:00,True,0.08393956351427291,0.04195804195804355,0.0644516748269945,4.39
Retail Sales MoM,2023-03-15 08:30:00,False,0.14230823964708772,1.223676721684689,0.0443101388390387,3.5
EIA Crude Oil Stocks Change,2023-03-15 10:30:00,True,0.33508158508159086,0.4224941724941816,0.24387605634116907,2.8819999999999997
API Crude Oil Stock Change,2023-03-21 16:30:00,True,0.07193209610129674,0.043171679378329456,0.0644516748269945,2.6029999999999998
EIA Crude Oil Stocks Change,2023-03-22 10:30:00,True,0.6487889273356443,0.8794694348327559,0.24387605634116907,3.115
Fed Interest Rate Decision,2023-03-22 14:00:00,False,0.5963367883004224,0.1704061346208528,0.10007564137057151,0.25
Durable Goods Orders MoM,2023-03-24 08:30:00,False,0.0741509713777419,0.1631321370310153,0.052698285514558116,5.6
API Crude Oil Stock Change,2023-03-28 16:30:00,True,0.08169934640523187,0.23154453827295246,0.0644516748269945,3.075
EIA Crude Oil Stocks Change,2023-03-29 10:30:00,True,0.28320971004719314,0.8361429534726966,0.24387605634116907,1.025
API Crude Oil Stock Change,2023-04-04 16:30:00,True,0.13637490701710814,0.23552745754307391,0.07071239968372821,4.276
EIA Crude Oil Stocks Change,2023-04-05 10:30:00,True,0.3363647689049586,0.4982561036372767,0.285133038739671,5.16
API Crude Oil Stock Change,2023-04-11 16:30:00,True,0.12272950417281359,0.012271444348988718,0.07635920814220773,3.0460000000000003
Inflation Rate MoM,2023-04-12 08:30:00,False,0.5643479327689777,0.613421666053245,0.19923936544409887,0.2
EIA Crude Oil Stocks Change,2023-04-12 10:30:00,True,0.06049606775559244,0.024201355275890634,0.3086704601388419,3.1559999999999997
Retail Sales MoM,2023-04-14 08:30:00,False,0.060664887163306425,0.20626061635525564,0.0443101388390387,0.2
API Crude Oil Stock Change,2023-04-18 16:30:00,True,0.024727992087055183,0.04946209966612098,0.07635920814220773,2.841
EIA Crude Oil Stocks Change,2023-04-19 10:30:00,True,0.07553820974441403,0.05036514731806378,0.3086704601388419,1.685
API Crude Oil Stock Change,2023-04-25 16:30:00,True,0.06481721545242047,0.02593360995851949,0.07635920814220773,1.0079999999999998
Durable Goods Orders MoM,2023-04-26 08:30:00,False,0.0,0.026154047338820482,0.052698285514558116,1.9
EIA Crude Oil Stocks Change,2023-04-26 10:30:00,True,0.3162055335968312,0.6455012514820302,0.3086704601388419,3.0950000000000006
API Crude Oil Stock Change,2023-05-02 16:30:00,True,0.041911148365466805,0.08381058807096281,0.07635920814220773,5.083
EIA Crude Oil Stocks Change,2023-05-03 10:30:00,True,0.17366136034730875,0.5353783822891109,0.3232450432211831,3.954
Fed Interest Rate Decision,2023-05-03 14:00:00,False,0.37840197933343783,0.27648428405121905,0.10848441793288191,0.25
Non Farm Payrolls,2023-05-05 08:30:00,False,0.08498583569403409,0.01416631250884106,0.19369407801230765,15.0
API Crude Oil Stock Change,2023-05-09 16:30:00,True,0.01360544217687771,0.05441436539245278,0.07635920814220773,2.339
Inflation Rate MoM,2023-05-10 08:30:00,False,0.24573378839591375,0.4641004641004493,0.20801468603581275,0.30000000000000004
EIA Crude Oil Stocks Change,2023-05-10 10:30:00,True,0.6620689655172468,0.4000551800248201,0.30163095051449,0.363
Retail Sales MoM,2023-05-16 08:30:00,False,0.028066236317724154,0.15436429974740307,0.04857709839830836,1.5
API Crude Oil Stock Change,2023-05-16 16:30:00,True,0.01417032733456868,0.0425170068027227,0.06837465577685861,4.918
EIA Crude Oil Stocks Change,2023-05-17 10:30:00,True,0.3203788828527705,0.8356545961002706,0.3232450432211831,3.871
API Crude Oil Stock Change,2023-05-23 16:30:00,True,0.15031429352281966,0.587511955185144,0.05842994522296163,3.165
EIA Crude Oil Stocks Change,2023-05-24 10:30:00,True,0.8382909680908662,0.44612680816547023,0.31829220822480087,4.265
Durable Goods Orders MoM,2023-05-26 08:30:00,False,0.027552004408334798,0.17906336088153646,0.04140090407090935,4.3
API Crude Oil Stock Change,2023-05-31 16:30:00,True,0.11747430249632643,0.6901615271659308,0.05842994522296163,5.579000000000001
EIA Crude Oil Stocks Change,2023-06-01 11:00:00,True,0.13060513713539895,1.0158177332752907,0.3253317178491527,11.07
Non Farm Payrolls,2023-06-02 08:30:00,False,0.06993006993006595,0.4895104895104816,0.18074455219326419,104.0
API Crude Oil Stock Change,2023-06-06 16:30:00,True,0.055944055944064694,0.013987970345490146,0.06837465577685861,3.702
EIA Crude Oil Stocks Change,2023-06-07 10:30:00,True,0.13753266400771358,0.3026551107442549,0.31829220822480087,3.466
Inflation Rate MoM,2023-06-13 08:30:00,False,0.30594405594404683,0.05828354946817172,0.22494937684393868,0.2
API Crude Oil Stock Change,2023-06-13 16:30:00,True,0.0,0.18788842318253426,0.060380635698242584,0.41900000000000004
EIA Crude Oil Stocks Change,2023-06-14 10:30:00,True,0.543711546716262,0.05722460658081836,0.30163095051449,0.059
Fed Interest Rate Decision,2023-06-14 14:00:00,False,0.0,0.8276462901118156,0.10848441793288191,0.0
Retail Sales MoM,2023-06-15 08:30:00,False,0.04340905802344254,0.28935185185185597,0.04857709839830836,0.5
API Crude Oil Stock Change,2023-06-21 16:30:00,True,0.013777900248009253,0.19291718340910344,0.05399336546878375,1.457
EIA Crude Oil Stocks Change,2023-06-22 11:00:00,True,0.1558515160102004,0.991360997025921,0.31829220822480087,7.59
Durable Goods Orders MoM,2023-06-27 08:30:00,False,0.21926618915362006,0.17543859649121393,0.04088006885150438,2.2
API Crude Oil Stock Change,2023-06-27 16:30:00,True,0.044254314795694256,0.04427390791027322,0.05190125468101126,0.22100000000000009
EIA Crude Oil Stocks Change,2023-06-28 10:30:00,True,0.4135282823807431,0.9892219105270954,0.30163095051449,2.074
EIA Crude Oil Stocks Change,2023-07-06 11:00:00,True,0.3247211633488691,0.16941973739941346,0.30163095051449,8.62
Non Farm Payrolls,2023-07-07 08:30:00,False,0.2778935667639334,0.08336807002918198,0.18074455219326419,81.0
API Crude Oil Stock Change,2023-07-11 16:30:00,True,0.013365410318084612,0.053454496859537674,0.04800707458210699,4.582
Inflation Rate MoM,2023-07-12 08:30:00,False,0.21265284423180597,0.27914395852717494,0.2597443226684567,0.19999999999999998
EIA Crude Oil Stocks Change,2023-07-12 10:30:00,True,0.10577813037154343,0.4365079365079531,0.31829220822480087,1.991
Retail Sales MoM,2023-07-18 08:30:00,False,0.026896180742329235,0.2823719241629796,0.04857709839830836,0.0
API Crude Oil Stock Change,2023-07-18 16:30:00,True,0.07936507936506358,0.026448029621787914,0.04800707458210699,5.276
EIA Crude Oil Stocks Change,2023-07-19 10:30:00,True,0.23495627202714084,0.8351820435860637,0.31829220822480087,8.386
API Crude Oil Stock Change,2023-07-25 16:30:00,True,0.13817359628187342,0.26381909547737914,0.05190125468101126,1.1720000000000002
EIA Crude Oil Stocks Change,2023-07-26 10:30:00,True,0.12575452716297073,0.3395799270532137,0.30163095051449,1.64
Fed Interest Rate Decision,2023-07-26 14:00:00,False,0.12669453946534182,0.07604562737641071,0.10007564137057151,0.25
Durable Goods Orders MoM,2023-07-27 08:30:00,False,0.15084852294155193,0.7416719044626064,0.052698285514558116,1.0
API Crude Oil Stock Change,2023-08-01 16:30:00,True,0.19588638589617602,0.599975511203618,0.05399336546878375,2.219
EIA Crude Oil Stocks Change,2023-08-02 10:30:00,True,0.5448916408668703,1.102030708271422,0.30163095051449,0.767
Non Farm Payrolls,2023-08-04 08:30:00,False,0.18332925934979918,0.06110975311661131,0.19369407801230765,15.0
API Crude Oil Stock Change,2023-08-08 16:30:00,True,0.0603791812582987,0.048315013890556875,0.060380635698242584,15.167
EIA Crude Oil Stocks Change,2023-08-09 10:30:00,True,0.11907597046915254,0.5954507562224604,0.30163095051449,17.616
Inflation Rate MoM,2023-08-10 08:30:00,False,0.28598665395614264,0.07149666348903988,0.2597443226684567,0.0
Retail Sales MoM,2023-08-15 08:30:00,False,0.012292562999374193,0.2581438229871026,0.04857709839830836,0.10000000000000003
API Crude Oil Stock Change,2023-08-15 16:30:00,True,0.024706609017907374,0.1358863495985169,0.0581616186011817,6.117
EIA Crude Oil Stocks Change,2023-08-16 10:30:00,True,0.16099071207429777,0.3592220983525233,0.30163095051449,8.171
API Crude Oil Stock Change,2023-08-22 16:30:00,True,0.07519739315704006,0.2130592806116076,0.0581616186011817,3.2950000000000004
EIA Crude Oil Stocks Change,2023-08-23 10:30:00,True,0.5108556832694837,0.7280623323540595,0.29970762182201216,3.11
Durable Goods Orders MoM,2023-08-24 08:30:00,False,0.037998733375555586,0.3673676209779479,0.052698285514558116,8.4
API Crude Oil Stock Change,2023-08-29 16:30:00,True,0.07388252678241877,0.14776505356483755,0.06259819835535958,0.48199999999999976
EIA Crude Oil Stocks Change,2023-08-30 10:30:00,True,0.20802741067058456,0.06119202056051544,0.29970762182201216,2.868
Non Farm Payrolls,2023-09-01 08:30:00,False,0.059326056003793495,0.2610346464167049,0.185465260697326,13.0
API Crude Oil Stock Change,2023-09-06 16:30:00,True,0.022831050228322183,0.06847751654873575,0.06837465577685861,10.057
EIA Crude Oil Stocks Change,2023-09-07 11:00:00,True,0.10282188963784235,0.2741917057008967,0.259082991037167,8.52
API Crude Oil Stock Change,2023-09-12 16:30:00,True,0.04499437570304415,0.07874901563731285,0.06259819835535958,3.521
Inflation Rate MoM,2023-09-13 08:30:00,False,0.04482797265494369,0.06724949562878534,0.2597443226684567,0.39999999999999997
EIA Crude Oil Stocks Change,2023-09-13 10:30:00,True,0.326650146429383,0.65330029285875,0.22149184134886268,4.3950000000000005
Retail Sales MoM,2023-09-14 08:30:00,False,0.055561729081005845,0.08889876652961251,0.04457997222343707,0.3
API Crude Oil Stock Change,2023-09-19 16:30:00,True,0.011009578333155473,0.011009578333155473,0.0581616186011817,3.8409999999999997
EIA Crude Oil Stocks Change,2023-09-20 10:30:00,True,0.12173528109783026,0.21029330381848116,0.22149184134886268,6.154
Fed Interest Rate Decision,2023-09-20 14:00:00,False,0.14439631234032596,0.34429142603287677,0.10007564137057151,0.0
API Crude Oil Stock Change,2023-09-26 16:30:00,True,0.0441306266549054,0.011032656663730269,0.05046921582355442,3.6
Durable Goods Orders MoM,2023-09-27 08:30:00,False,0.021701388888884572,0.2712673611111111,0.052698285514558116,5.1
EIA Crude Oil Stocks Change,2023-09-27 10:30:00,True,0.07556131260793736,0.2158894645941309,0.19084438550894667,1.8149999999999997
API Crude Oil Stock Change,2023-10-03 16:30:00,True,0.01117568171659043,0.16759776536313484,0.0446243452493692,1.6780000000000002
EIA Crude Oil Stocks Change,2023-10-04 10:30:00,True,0.2428587949577816,0.06936416184971361,0.19084438550894667,1.724
Non Farm Payrolls,2023-10-06 08:30:00,False,0.32858707557502254,0.048679566751863516,0.1557124520489413,57.0
API Crude Oil Stock Change,2023-10-11 16:30:00,True,0.0716674629718135,0.5733397037744912,0.04419247072529983,5.51
Inflation Rate MoM,2023-10-12 08:30:00,False,0.035335689045937736,0.04711980209683856,0.2597443226684567,0.3
EIA Crude Oil Stocks Change,2023-10-12 11:00:00,True,0.1889912591542601,0.5079140089770762,0.22149184134886268,2.716
Retail Sales MoM,2023-10-17 08:30:00,False,0.22237827715355538,0.16385767790262237,0.04457997222343707,0.5
API Crude Oil Stock Change,2023-10-17 16:30:00,True,0.023266635644497713,0.38394415357765943,0.0446243452493692,14.206999999999999
EIA Crude Oil Stocks Change,2023-10-18 10:30:00,True,0.6922011998154064,0.5654281098546148,0.19850933491242234,10.476
API Crude Oil Stock Change,2023-10-24 16:30:00,True,0.19131890469928353,0.20327633624297706,0.04419247072529983,5.933
EIA Crude Oil Stocks Change,2023-10-25 10:30:00,True,0.36014405762304585,0.18005041411594225,0.22149184134886268,4.7299999999999995
Durable Goods Orders MoM,2023-10-26 08:30:00,False,0.07249879168680795,0.44696786663445826,0.04518651752576761,1.8
API Crude Oil Stock Change,2023-10-31 16:30:00,True,0.04918839153960435,0.02458814851241212,0.0446243452493692,4.269
EIA Crude Oil Stocks Change,2023-11-01 10:30:00,True,0.012078753472630637,0.06038647342994826,0.22149184134886268,0.1100000000000001
Fed Interest Rate Decision,2023-11-01 14:00:00,False,0.13570194917345108,0.5306676539553336,0.10848441793288191,0.0
Non Farm Payrolls,2023-11-03 08:30:00,False,0.3369434416365838,0.3008785654110001,0.185465260697326,117.0
Inflation Rate MoM,2023-11-14 08:30:00,False,0.6546014632268067,1.039794608472385,0.2597443226684567,0.30000000000000004
API Crude Oil Stock Change,2023-11-14 16:30:00,True,0.012786088735444198,0.012784454103816309,0.04709138362132425,10.5
Retail Sales MoM,2023-11-15 08:30:00,False,0.07709109597841741,0.4110996916752407,0.04857709839830836,1.2
EIA Crude Oil Stocks Change,2023-11-15 10:30:00,True,0.3753559409785038,0.4400724825265198,0.19850933491242234,12.076
API Crude Oil Stock Change,2023-11-21 16:30:00,True,0.03855050115649824,0.08993961197480815,0.04709138362132425,0.13200000000000012
Durable Goods Orders MoM,2023-11-22 08:30:00,False,0.013410218586550764,0.040236051502147444,0.0624365466813938,7.1
EIA Crude Oil Stocks Change,2023-11-22 10:30:00,True,0.12121212121212581,0.1481481481481474,0.19850933491242234,2.4320000000000004
API Crude Oil Stock Change,2023-11-28 16:30:00,True,0.013090718680462254,0.11783189316575467,0.0446243452493692,11.047
EIA Crude Oil Stocks Change,2023-11-29 10:30:00,True,0.3551696921862616,0.5129554123372361,0.19850933491242234,9.634
API Crude Oil Stock Change,2023-12-05 16:30:00,True,0.0690035881866014,0.510697032436169,0.04419247072529983,1.45
EIA Crude Oil Stocks Change,2023-12-06 10:30:00,True,0.19782393669634107,0.5510809665112344,0.22149184134886268,2.963
Non Farm Payrolls,2023-12-08 08:30:00,False,0.11272368606453191,0.11275546159266849,0.19369407801230765,30.0
Inflation Rate MoM,2023-12-12 08:30:00,False,0.042396834369702,0.381571509327318,0.2798707554485712,0.0
API Crude Oil Stock Change,2023-12-12 16:30:00,True,0.15988372093023173,0.07267441860464703,0.04419247072529983,2.094
EIA Crude Oil Stocks Change,2023-12-13 10:30:00,True,0.34717199479243327,0.27488425925925597,0.20292567368346281,3.9819999999999998
Fed Interest Rate Decision,2023-12-13 14:00:00,False,0.27377521613832523,0.12962696240816535,0.11987711325592729,0.0
Retail Sales MoM,2023-12-14 08:30:00,False,0.0,0.1266357112705831,0.04857709839830836,0.1
API Crude Oil Stock Change,2023-12-19 16:30:00,True,0.09430149535229339,0.14818806412501606,0.0446243452493692,0.1160000000000001
EIA Crude Oil Stocks Change,2023-12-20 10:30:00,True,0.25340090690850586,0.5066666666666606,0.22149184134886268,1.9760000000000004
Durable Goods Orders MoM,2023-12-22 08:30:00,False,0.06716818914561681,0.2821063944116174,0.0624365466813938,7.3
EIA Crude Oil Stocks Change,2023-12-28 11:00:00,True,0.6692160611854615,0.5874316939890609,0.22149184134886268,5.6129999999999995
API Crude Oil Stock Change,2024-01-03 16:30:00,True,0.35621317988764345,0.013700506918763004,0.04709138362132425,4.804
EIA Crude Oil Stocks Change,2024-01-04 11:00:00,True,0.35996123494393617,0.6505190311418669,0.22149184134886268,3.389
Non Farm Payrolls,2024-01-05 08:30:00,False,0.09577233547680007,0.12313585989875962,0.19369407801230765,3.0
API Crude Oil Stock Change,2024-01-09 16:30:00,True,0.013848497438015379,0.09697977279023715,0.054783786398951526,6.218
EIA Crude Oil Stocks Change,2024-01-10 10:30:00,True,0.573770491803281,0.7511608850040934,0.23890753349246122,4.828
Inflation Rate MoM,2024-01-11 08:30:00,False,0.260953165773929,0.05495260337957417,0.2798707554485712,0.1
Retail Sales MoM,2024-01-17 08:30:00,False,0.24001129464916235,0.028232636928283483,0.04857709839830836,0.10000000000000003
API Crude Oil Stock Change,2024-01-17 16:30:00,True,0.027483853236218252,0.10992030777685943,0.054783786398951526,2.815
EIA Crude Oil Stocks Change,2024-01-18 11:00:00,True,0.3690036900368949,0.3006696733633987,0.24812985093314371,1.651
API Crude Oil Stock Change,2024-01-23 16:30:00,True,0.026845637583887274,0.05368406925243865,0.04709138362132425,3.483
EIA Crude Oil Stocks Change,2024-01-24 10:30:00,True,0.468164794007483,0.5083612040133719,0.29002552666894443,0.3420000000000001
Durable Goods Orders MoM,2024-01-25 08:30:00,False,0.013157894736848839,0.09210526315788575,0.06983349041621238,4.4
API Crude Oil Stock Change,2024-01-30 16:30:00,True,0.1287166945552948,0.154440154440142,0.04456250117897477,5.807
EIA Crude Oil Stocks Change,2024-01-31 10:30:00,True,0.06541933795629615,0.3532644249640327,0.29002552666894443,9.016
Fed Interest Rate Decision,2024-01-31 14:00:00,False,0.10542962572482643,0.05270786664910562,0.12640620117041423,0.0
Non Farm Payrolls,2024-02-02 08:30:00,False,0.13653741125067492,0.4095004095004056,0.19369407801230765,153.0
API Crude Oil Stock Change,2024-02-06 16:30:00,True,0.04082743603701842,0.02722199537225537,0.04456250117897477,4.633
EIA Crude Oil Stocks Change,2024-02-07 10:30:00,True,0.17641471027275812,0.1764386536373638,0.29002552666894443,0.661
Inflation Rate MoM,2024-02-13 08:30:00,False,0.012874983906276704,0.5922492596884356,0.2798707554485712,0.0
API Crude Oil Stock Change,2024-02-13 16:30:00,True,0.07717041800643379,0.19292604501608446,0.04247903134596191,1.9260000000000002
EIA Crude Oil Stocks Change,2024-02-14 10:30:00,True,0.4475131057409466,1.125463614272919,0.29002552666894443,2.961
Retail Sales MoM,2024-02-15 08:30:00,False,0.07872982548222318,0.07871949619522733,0.04857709839830836,0.5
API Crude Oil Stock Change,2024-02-21 16:30:00,True,0.0769033581133072,0.012818869375709401,0.04456250117897477,4.2219999999999995
EIA Crude Oil Stocks Change,2024-02-22 11:00:00,True,0.29423052321863113,0.3964194373401564,0.29002552666894443,8.139000000000001
Durable Goods Orders MoM,2024-02-27 08:30:00,False,0.05161290322581452,0.038709677419356305,0.05977124541079823,4.2
EIA Crude Oil Stocks Change,2024-02-28 10:30:00,True,0.22730142694783761,0.3155768745266347,0.31044033482400707,0.7709999999999999
API Crude Oil Stock Change,2024-03-05 16:30:00,True,0.03839754255727779,0.012800819252420511,0.04456250117897477,5.828000000000001
EIA Crude Oil Stocks Change,2024-03-06 10:30:00,True,0.28836509528584475,0.6018808777429517,0.31044033482400707,2.0829999999999997
Non Farm Payrolls,2024-03-08 08:30:00,False,0.21669853409815387,0.3059273422562076,0.19369407801230765,29.0
Inflation Rate MoM,2024-03-12 08:30:00,False,0.2179766636748323,0.012822156686743053,0.2798707554485712,0.10000000000000003
API Crude Oil Stock Change,2024-03-12 16:30:00,True,0.16713808176908646,0.3343191462003409,0.04247903134596191,0.022999999999999965
EIA Crude Oil Stocks Change,2024-03-13 10:30:00,True,0.16399646776839874,0.16395510152605583,0.2912978092522379,0.028999999999999915
Retail Sales MoM,2024-03-14 08:30:00,False,0.037276341948311545,0.012425447316109735,0.05348251972709548,1.9000000000000001
API Crude Oil Stock Change,2024-03-19 16:30:00,True,0.0725601644697089,0.21770682148041462,0.04456250117897477,5.598
EIA Crude Oil Stocks Change,2024-03-20 10:30:00,True,0.11045655375550957,0.6134969325153374,0.2912978092522379,1.549
Fed Interest Rate Decision,2024-03-20 14:00:00,False,0.024706609017907374,0.1358695652173906,0.12640620117041423,0.0
Durable Goods Orders MoM,2024-03-26 08:30:00,False,0.036567528035088885,0.0731350560701951,0.05199360245089708,8.0
EIA Crude Oil Stocks Change,2024-03-27 10:30:00,True,0.02462750892746709,0.32015761605714216,0.2912978092522379,0.677
API Crude Oil Stock Change,2024-04-02 16:30:00,True,0.035178236397749925,0.21106941838648288,0.04665950909725487,11.337
EIA Crude Oil Stocks Change,2024-04-03 10:30:00,True,0.08149010477300045,0.17466231951559325,0.2912978092522379,4.676
Non Farm Payrolls,2024-04-05 08:30:00,False,0.06926806742092158,0.023086690522925352,0.2082427140389582,70.0
API Crude Oil Stock Change,2024-04-09 16:30:00,True,0.035165865666394486,0.03516998827667191,0.04665950909725487,4.7010000000000005
Inflation Rate MoM,2024-04-10 08:30:00,False,0.19801980198018346,0.46582042622569664,0.27346990986503583,0.10000000000000003
EIA Crude Oil Stocks Change,2024-04-10 10:30:00,True,0.09387467730579475,0.16431924882629173,0.2912978092522379,0.8439999999999999
Retail Sales MoM,2024-04-15 08:30:00,False,0.0,0.08237232289949774,0.04857709839830836,0.6000000000000001
EIA Crude Oil Stocks Change,2024-04-17 10:30:00,True,0.17878426698449518,0.3813609820045375,0.27088300109717534,4.241
API Crude Oil Stock Change,2024-04-23 16:30:00,True,0.03600144005760367,0.023998080153582936,0.045007913788311385,2.29
Durable Goods Orders MoM,2024-04-24 08:30:00,False,0.03614893360645998,0.13254608989034755,0.04480581830068506,1.8
EIA Crude Oil Stocks Change,2024-04-24 10:30:00,True,0.012035142616446162,0.1323387872954757,0.24035116692817174,1.1349999999999998
EIA Crude Oil Stocks Change,2024-05-01 10:30:00,True,0.48000000000000076,1.0339734121122468,0.24035116692817174,4.0680000000000005
Fed Interest Rate Decision,2024-05-01 14:00:00,False,0.025274864147600176,0.26545316647704936,0.11577374430015652,0.0
Non Farm Payrolls,2024-05-03 08:30:00,False,0.1386438114444157,0.1638517771615952,0.2082427140389582,72.0
API Crude Oil Stock Change,2024-05-07 16:30:00,True,0.22918258212376724,0.3819223424570301,0.045007913788311385,6.335999999999999
EIA Crude Oil Stocks Change,2024-05-08 10:30:00,True,0.2821959979476823,0.6030279702335115,0.24035116692817174,8.695
API Crude Oil Stock Change,2024-05-14 16:30:00,True,0.14062899514190672,0.3196522183863956,0.045007913788311385,1.859
Inflation Rate MoM,2024-05-15 08:30:00,False,0.2315112540193014,0.19295086184719026,0.27346990986503583,0.0
EIA Crude Oil Stocks Change,2024-05-15 10:30:00,True,0.14237639140564254,0.29765756438463054,0.2677984524280941,0.01200000000000001
API Crude Oil Stock Change,2024-05-21 16:30:00,True,0.17813971243160778,0.39455262822958903,0.05909598986310288,0.0040000000000000036
EIA Crude Oil Stocks Change,2024-05-22 10:30:00,True,0.05141388174808002,0.3470883146934002,0.24035116692817174,0.041999999999999815
Durable Goods Orders MoM,2024-05-24 08:30:00,False,0.09121709669011362,0.4429967426710142,0.037283130705322236,1.6
API Crude Oil Stock Change,2024-05-29 16:30:00,True,0.0632591093117373,0.4049095280273227,0.05909598986310288,4.38
EIA Crude Oil Stocks Change,2024-05-30 11:00:00,True,0.03807106598984916,0.21570866641289393,0.24035116692817174,3.775
API Crude Oil Stock Change,2024-06-04 16:30:00,True,0.21816198527406133,0.5454049631851727,0.06613134874916934,4.59
EIA Crude Oil Stocks Change,2024-06-05 10:30:00,True,0.040738728951658254,0.2173027298655393,0.2030428469661664,1.8559999999999999
Non Farm Payrolls,2024-06-07 08:30:00,False,0.14475588893275357,0.36851803106080694,0.2082427140389582,20.0
API Crude Oil Stock Change,2024-06-11 16:30:00,True,0.17985611510791438,0.5267214799588856,0.07078187632815515,5.802
Inflation Rate MoM,2024-06-12 08:30:00,False,0.16489091831557007,0.32978183663114014,0.2533434770849214,0.19999999999999998
EIA Crude Oil Stocks Change,2024-06-12 10:30:00,True,0.6441834028040989,0.8713221366334104,0.17759948862862665,2.7830000000000004
Fed Interest Rate Decision,2024-06-12 14:00:00,False,0.06346788525005986,0.3174200101574403,0.10112421811828678,0.0
Retail Sales MoM,2024-06-18 08:30:00,False,0.07524454477048917,0.11286681715574266,0.04857709839830836,0.4
EIA Crude Oil Stocks Change,2024-06-20 11:00:00,True,0.16007880802857982,0.036941263391191886,0.17759948862862665,5.73
API Crude Oil Stock Change,2024-06-25 16:30:00,True,0.21042208194083636,0.012377769525937759,0.07473176129150805,5.263999999999999
EIA Crude Oil Stocks Change,2024-06-26 10:30:00,True,0.4806507271382802,0.8505917159763285,0.17020558902057842,0.45299999999999985
Durable Goods Orders MoM,2024-06-27 08:30:00,False,0.024573043371416664,0.18429782528566863,0.04480581830068506,0.30000000000000004
API Crude Oil Stock Change,2024-07-02 16:30:00,True,0.3492292870905492,0.0,0.0770368880598705,1.064
EIA Crude Oil Stocks Change,2024-07-03 10:30:00,True,0.24041351123933508,0.4689190813995438,0.17020558902057842,4.4910000000000005
Non Farm Payrolls,2024-07-05 08:30:00,False,0.10729613733905988,0.05960896518837789,0.19369407801230765,28.0
API Crude Oil Stock Change,2024-07-09 16:30:00,True,0.07349338559529921,0.04899559039687194,0.0857359566793636,8.913
EIA Crude Oil Stocks Change,2024-07-10 10:30:00,True,0.024506800637171942,0.47788261242494867,0.17020558902057842,9.157
Inflation Rate MoM,2024-07-11 08:30:00,False,0.21884498480243988,0.2553501945525389,0.2533434770849214,0.1
Retail Sales MoM,2024-07-16 08:30:00,False,0.03727171077152583,0.06211180124223249,0.05348251972709548,0.3
EIA Crude Oil Stocks Change,2024-07-17 10:30:00,True,0.0,0.049401012720768495,0.1620376378984893,4.243
API Crude Oil Stock Change,2024-07-23 16:30:00,True,0.10349288486416339,0.2328589909443814,0.0770368880598705,1.9700000000000002
EIA Crude Oil Stocks Change,2024-07-24 10:30:00,True,0.4003099173553748,0.025823111684952903,0.1620376378984893,2.8200000000000003
Durable Goods Orders MoM,2024-07-25 08:30:00,False,0.052424639580611075,0.27530152071315384,0.037283130705322236,0.19999999999999998
EIA Crude Oil Stocks Change,2024-07-31 10:30:00,True,0.1683719725424109,0.6217616580310932,0.1620376378984893,2.141
Fed Interest Rate Decision,2024-07-31 14:00:00,False,0.14111610006414294,0.06414368184733439,0.10112421811828678,0.0
Non Farm Payrolls,2024-08-02 08:30:00,False,0.2923199574807319,0.8904837852206298,0.19155807666478086,4.0
API Crude Oil Stock Change,2024-08-06 16:30:00,True,0.25991792065663166,0.06839945280437368,0.0770368880598705,5.345
EIA Crude Oil Stocks Change,2024-08-07 10:30:00,True,0.36256210554585205,1.0069817400644467,0.1620376378984893,3.036
API Crude Oil Stock Change,2024-08-13 16:30:00,True,0.08921743563600229,0.21672616012238874,0.0770368880598705,2.18
Inflation Rate MoM,2024-08-14 08:30:00,False,0.10202780257619985,0.3188368830506313,0.23862252120760757,0.30000000000000004
EIA Crude Oil Stocks Change,2024-08-14 10:30:00,True,0.2558199027884405,0.601330603889456,0.1620376378984893,1.7280000000000002
Retail Sales MoM,2024-08-15 08:30:00,False,0.07840062720502061,0.10453416960668797,0.05348251972709548,0.5
API Crude Oil Stock Change,2024-08-20 16:30:00,True,0.027311211252233004,0.12291723572794785,0.08319392682121804,2.4050000000000002
EIA Crude Oil Stocks Change,2024-08-21 10:30:00,True,0.3259098316132467,0.40738728951656317,0.1620376378984893,4.077
Durable Goods Orders MoM,2024-08-26 08:30:00,False,0.06496881496882975,0.15592515592516185,0.037283130705322236,11.9
API Crude Oil Stock Change,2024-08-27 16:30:00,True,0.1452720549392491,0.13204806549583298,0.08319392682121804,3.347
EIA Crude Oil Stocks Change,2024-08-28 10:30:00,True,0.16150740242259803,0.5248284214775946,0.1620376378984893,1.649
API Crude Oil Stock Change,2024-09-04 16:30:00,True,0.10167029774873987,0.18881626724765385,0.09635516025008284,2.5
EIA Crude Oil Stocks Change,2024-09-05 11:00:00,True,0.0850340136054454,0.5672954190894989,0.16079310522558893,0.2540000000000001
Non Farm Payrolls,2024-09-06 08:30:00,False,0.1722405626525112,0.2727142241997958,0.19155807666478086,71.0
API Crude Oil Stock Change,2024-09-10 16:30:00,True,0.07544892108042427,0.030175015087501537,0.09544386669237108,8.1
Inflation Rate MoM,2024-09-11 08:30:00,False,0.10408921933084488,0.08920606601249223,0.22517811941087063,0.0
EIA Crude Oil Stocks Change,2024-09-11 10:30:00,True,0.9439616421935804,1.1838753184474842,0.16079310522558893,7.873
Retail Sales MoM,2024-09-17 08:30:00,False,0.01424704373841132,0.3276353276353333,0.058113308122156135,1.3
API Crude Oil Stock Change,2024-09-17 16:30:00,True,0.04208754208754368,0.28046557285093654,0.09544386669237108,2.69
EIA Crude Oil Stocks Change,2024-09-18 10:30:00,True,0.4312823461759591,0.3592470182497485,0.16493968748250448,0.9329999999999999
Fed Interest Rate Decision,2024-09-18 14:00:00,False,0.9916642713423365,0.6610145135795282,0.11577374430015652,0.25
API Crude Oil Stock Change,2024-09-24 16:30:00,True,0.11196641007697453,0.08397480755773586,0.09544386669237108,3.06
EIA Crude Oil Stocks Change,2024-09-25 10:30:00,True,0.16999575010623363,0.3115705990652866,0.17357811976345305,0.22999999999999998
Durable Goods Orders MoM,2024-09-26 08:30:00,False,0.014740566037722442,0.3095518867924436,0.04480581830068506,12.4
API Crude Oil Stock Change,2024-10-01 16:30:00,True,0.1700680272108908,0.17001983564749865,0.10258159130645163,2.2390000000000003
EIA Crude Oil Stocks Change,2024-10-02 10:30:00,True,0.2499305748403119,0.5831713412940874,0.1743900085453644,3.1710000000000003
Non Farm Payrolls,2024-10-04 08:30:00,False,0.28386050283859654,0.013513513513520429,0.17778491100115518,19.0
API Crude Oil Stock Change,2024-10-08 16:30:00,True,0.40567951318458034,0.13526308670365011,0.10772964747056896,3.408
EIA Crude Oil Stocks Change,2024-10-09 10:30:00,True,0.3199777406789148,0.5007650577270822,0.20520463067278435,1.8889999999999998
Inflation Rate MoM,2024-10-10 08:30:00,False,0.026983270372363758,0.013487995683848281,0.2184108242386361,0.1
API Crude Oil Stock Change,2024-10-16 16:30:00,True,0.07087172218284502,0.08504606661942209,0.10772964747056896,8.600000000000001
Retail Sales MoM,2024-10-17 08:30:00,False,0.3265190232822317,0.5678591709256186,0.058113308122156135,0.19999999999999998
EIA Crude Oil Stocks Change,2024-10-17 11:00:00,True,0.3256867742848906,0.08490165558228707,0.24517204303982348,3.51
API Crude Oil Stock Change,2024-10-22 16:30:00,True,0.0279994400112141,0.16792611251048187,0.10772964747056896,2.2800000000000002
EIA Crude Oil Stocks Change,2024-10-23 10:30:00,True,0.37889419028909654,0.6738733679629425,0.24517204303982348,2.8920000000000003
Durable Goods Orders MoM,2024-10-25 08:30:00,False,0.08473379466177414,0.2824060999717634,0.037283130705322236,0.19999999999999996
API Crude Oil Stock Change,2024-10-29 16:30:00,True,0.07426110203474998,0.20786933927245815,0.10772964747056896,0.6569999999999998
EIA Crude Oil Stocks Change,2024-10-30 10:30:00,True,0.014649868151194134,0.16114854966305217,0.24517204303982348,3.1740000000000004
Non Farm Payrolls,2024-11-01 08:30:00,False,0.140607424072003,0.1124859392575904,0.17778491100115518,110.0
API Crude Oil Stock Change,2024-11-05 16:30:00,True,0.18013024802548905,0.2633402633402798,0.10772964747056896,2.373
EIA Crude Oil Stocks Change,2024-11-06 10:30:00,True,0.3895381190873694,0.6957005704744678,0.24517204303982348,2.315
Fed Interest Rate Decision,2024-11-07 14:00:00,False,0.01377410468320264,0.17906336088153646,0.12640620117041423,0.25
Inflation Rate MoM,2024-11-13 08:30:00,False,0.10233918128653972,0.233849751534634,0.21531475395331912,0.0
API Crude Oil Stock Change,2024-11-13 16:30:00,True,0.029403116730388465,0.05879758929882705,0.12629770260944062,2.132
EIA Crude Oil Stocks Change,2024-11-14 11:00:00,True,0.23249055507121594,0.0,0.25287523881437624,0.29899999999999993
Retail Sales MoM,2024-11-15 08:30:00,False,0.10235414534289719,0.35087719298246944,0.06082768632378371,0.5
API Crude Oil Stock Change,2024-11-19 16:30:00,True,0.17291066282421405,0.12966431349950067,0.10772964747056896,1.577
EIA Crude Oil Stocks Change,2024-11-20 10:30:00,True,0.5046863734679082,0.08651766402305416,0.25287523881437624,1.689
API Crude Oil Stock Change,2024-11-26 16:30:00,True,0.07275902211873858,0.18920098966672927,0.10772964747056896,4.503
Durable Goods Orders MoM,2024-11-27 08:30:00,False,0.10121457489877556,0.028918449971075795,0.037283130705322236,0.9
EIA Crude Oil Stocks Change,2024-11-27 10:30:00,True,0.014509576320378867,0.2901494269548859,0.28789882173367765,1.645
API Crude Oil Stock Change,2024-12-03 16:30:00,True,0.07146941109204855,0.014297969688291256,0.10258159130645163,3.8749999999999996
EIA Crude Oil Stocks Change,2024-12-04 10:30:00,True,0.40120361083247874,0.04300458715596493,0.25287523881437624,0.8440000000000001
Non Farm Payrolls,2024-12-06 08:30:00,False,0.014775413711570486,0.32496307237813715,0.17778491100115518,164.0
API Crude Oil Stock Change,2024-12-10 16:30:00,True,0.043878894251866515,0.19019751280176983,0.10258159130645163,2.532
Inflation Rate MoM,2024-12-11 08:30:00,False,0.057578810997541446,0.04318410824816631,0.20840890476188478,0.09999999999999998
EIA Crude Oil Stocks Change,2024-12-11 10:30:00,True,0.0431778929188272,0.48913825348871154,0.28789882173367765,3.9730000000000003
Retail Sales MoM,2024-12-17 08:30:00,False,0.02877697841726046,0.12945914844649514,0.06811751512737507,0.0
API Crude Oil Stock Change,2024-12-17 16:30:00,True,0.20074562661313533,0.18643338591710232,0.09544386669237108,2.349
EIA Crude Oil Stocks Change,2024-12-18 10:30:00,True,0.0,0.2985499004833576,0.25287523881437624,0.2749999999999999
Fed Interest Rate Decision,2024-12-18 14:00:00,False,0.25662959794695267,0.09980039920158708,0.11577374430015652,0.25
Durable Goods Orders MoM,2024-12-23 09:30:00,False,0.043265070666283725,0.25955299206920346,0.04480581830068506,1.2000000000000002
EIA Crude Oil Stocks Change,2024-12-27 13:00:00,True,0.07114399544678024,0.3415397751529943,0.25287523881437624,1.0659999999999998
API Crude Oil Stock Change,2024-12-31 16:30:00,True,0.05571806658309827,0.041788549937298955,0.09544386669237108,0.20000000000000018
EIA Crude Oil Stocks Change,2025-01-02 11:00:00,True,0.21774632553077133,0.0952640174197161,0.25287523881437624,1.487
API Crude Oil Stock Change,2025-01-07 16:30:00,True,0.12119579854563588,0.24235896054935618,0.08233317835821327,1.192
EIA Crude Oil Stocks Change,2025-01-08 10:30:00,True,0.06740361283364404,0.026961445133453787,0.25287523881437624,0.578
Non Farm Payrolls,2025-01-10 08:30:00,False,0.10420737267161428,0.28660760812923247,0.1584982257926324,52.0
API Crude Oil Stock Change,2025-01-14 16:30:00,True,0.17992545945251326,0.231303006939099,0.08233317835821327,0.5220000000000002
Inflation Rate MoM,2025-01-15 08:30:00,False,0.12823800974608143,0.2565418163160632,0.20109238363607354,0.0
EIA Crude Oil Stocks Change,2025-01-15 10:30:00,True,0.18977732793522983,0.025306845501703177,0.24121056495576393,0.6410000000000001
Retail Sales MoM,2025-01-16 08:30:00,False,0.012769761205471991,0.25539522410931276,0.06082768632378371,0.20000000000000007
EIA Crude Oil Stocks Change,2025-01-23 12:00:00,True,0.013370771493503015,0.05348308597405006,0.24121056495576393,0.13800000000000012
Durable Goods Orders MoM,2025-01-28 08:30:00,False,0.13495276653170624,0.10794764539198258,0.04063190202091965,2.6
API Crude Oil Stock Change,2025-01-28 16:30:00,True,0.10825439783492896,0.04059539918809355,0.09544386669237108,2.7
EIA Crude Oil Stocks Change,2025-01-29 10:30:00,True,0.06817562039814175,0.09543285616906257,0.22511844030099365,4.2170000000000005
Fed Interest Rate Decision,2025-01-29 14:00:00,False,0.0,0.15089163237311307,0.11577374430015652,0.0
API Crude Oil Stock Change,2025-02-04 16:30:00,True,0.11017766147913274,0.06888001102079784,0.09544386669237108,0.31000000000000005
EIA Crude Oil Stocks Change,2025-02-05 10:30:00,True,0.1116538729937369,0.13954786491765883,0.20376182673300058,0.863
Non Farm Payrolls,2025-02-07 08:30:00,False,0.014064697608988616,0.014066676044457892,0.1426816565023783,137.0
API Crude Oil Stock Change,2025-02-11 16:30:00,True,0.08201202843083963,0.02732987154959828,0.09544386669237108,2.2250000000000005
Inflation Rate MoM,2025-02-12 08:30:00,False,0.12401818933442084,0.0551267916207363,0.20109238363607354,0.10000000000000003
EIA Crude Oil Stocks Change,2025-02-12 10:30:00,True,0.11098779134294992,0.18030513176145585,0.17988653902073173,5.664
Retail Sales MoM,2025-02-14 08:30:00,False,0.08333333333333649,0.4306153632448786,0.058113308122156135,0.7999999999999999
API Crude Oil Stock Change,2025-02-19 16:30:00,True,0.12467100706469512,0.06925207756232293,0.09184116308978975,6.842999999999999
EIA Crude Oil Stocks Change,2025-02-20 12:00:00,True,0.09627286480540145,0.27506532801540756,0.17988653902073173,1.0700000000000003
API Crude Oil Stock Change,2025-02-25 16:30:00,True,0.04336513443191838,0.11564035848512938,0.10496234779183441,1.04
EIA Crude Oil Stocks Change,2025-02-26 10:30:00,True,0.05799623024502254,0.2899811512251745,0.17988653902073173,2.093
Durable Goods Orders MoM,2025-02-27 08:30:00,False,0.07216048491845455,0.14427932477275185,0.04743898694604912,3.8
API Crude Oil Stock Change,2025-03-04 16:30:00,True,0.354505169867053,0.14768867227884883,0.09184116308978975,0.34
EIA Crude Oil Stocks Change,2025-03-05 10:30:00,True,0.015103458692048205,0.6040471156750313,0.14082481154998527,3.2319999999999998
Non Farm Payrolls,2025-03-07 08:30:00,False,0.10422870756403722,0.3423637987496126,0.13962561775820936,35.0
API Crude Oil Stock Change,2025-03-11 16:30:00,True,0.10515247108308157,0.030048076923070946,0.0951332131328843,3.555
Inflation Rate MoM,2025-03-12 08:30:00,False,0.134148159189154,0.05960363582179445,0.18145536014787678,0.2
EIA Crude Oil Stocks Change,2025-03-12 10:30:00,True,0.23738872403560324,0.1780679626057346,0.1113208321683434,1.6139999999999999
Retail Sales MoM,2025-03-17 08:30:00,False,0.0,0.014768867227891178,0.058113308122156135,1.7999999999999998
API Crude Oil Stock Change,2025-03-18 16:30:00,True,0.20992652571600023,0.10496326285798947,0.10670343445900526,3.077
EIA Crude Oil Stocks Change,2025-03-19 10:30:00,True,0.22471910112360402,0.014979029358905206,0.1113208321683434,0.34799999999999986
Fed Interest Rate Decision,2025-03-19 14:00:00,False,0.04478280340349476,0.20904882783335907,0.0979988082046356,0.0
API Crude Oil Stock Change,2025-03-25 16:30:00,True,0.07232749891510397,0.11574074074073826,0.10921602965703085,7.093
Durable Goods Orders MoM,2025-03-26 08:30:00,False,0.02874389192296065,0.02874802357339404,0.0520187714032128,4.3
EIA Crude Oil Stocks Change,2025-03-26 10:30:00,True,0.057200057200066136,0.0,0.1113208321683434,3.345
EIA Crude Oil Stocks Change,2025-04-02 10:30:00,True,0.11231222799382042,0.36516853932582993,0.10363032807417569,1.3410000000000002
Non Farm Payrolls,2025-04-04 08:30:00,False,0.04825478526620739,0.4502331564560237,0.1375906113475453,18.0
EIA Crude Oil Stocks Change,2025-04-09 10:30:00,True,0.45936395759716964,0.035360678925040884,0.10363032807417569,3.965
Inflation Rate MoM,2025-04-10 08:30:00,False,0.01643925694559447,0.39454216669405706,0.149519538752362,0.1
API Crude Oil Stock Change,2025-04-15 16:30:00,True,0.048820179007313315,0.14646053702196307,0.10670343445900526,0.623
Retail Sales MoM,2025-04-16 08:30:00,False,0.13035685188203586,0.29330291673456044,0.04948539355222419,1.1
EIA Crude Oil Stocks Change,2025-04-16 10:30:00,True,0.14523156365982945,0.12903225806451338,0.10363032807417569,2.153
EIA Crude Oil Stocks Change,2025-04-23 10:30:00,True,0.4182754182754265,0.691651922148946,0.1113208321683434,1.2149999999999999
Durable Goods Orders MoM,2025-04-24 08:30:00,False,0.0,0.3333333333333347,0.04743898694604912,1.1
API Crude Oil Stock Change,2025-04-29 16:30:00,True,0.06639004149377452,0.1659751037344422,0.0935822497569606,4.955
EIA Crude Oil Stocks Change,2025-04-30 10:30:00,True,0.31884544386641667,0.10068803490518924,0.1113208321683434,0.14600000000000002
Non Farm Payrolls,2025-05-02 08:30:00,False,0.5973715651134909,0.7335380416240186,0.12463054865760342,55.0
API Crude Oil Stock Change,2025-05-06 16:30:00,True,0.033898305084751064,0.1355472721111579,0.0781365652327948,6.26
EIA Crude Oil Stocks Change,2025-05-07 10:30:00,True,0.18669382213170302,0.3733242830476818,0.1113208321683434,0.9960000000000002
Fed Interest Rate Decision,2025-05-07 14:00:00,False,0.0,0.4467353951890122,0.0979988082046356,0.0
Inflation Rate MoM,2025-05-13 08:30:00,False,0.03188775510203447,0.19138755980860836,0.1311930844676177,0.4
API Crude Oil Stock Change,2025-05-13 16:30:00,True,0.06282393591958402,0.047125353440141425,0.0781365652327948,2.0900000000000003
EIA Crude Oil Stocks Change,2025-05-14 10:30:00,True,0.2683504340962931,0.3157063930544638,0.1113208321683434,1.032
Retail Sales MoM,2025-05-15 08:30:00,False,0.0,0.2619086593550443,0.04948539355222419,1.7
API Crude Oil Stock Change,2025-05-20 16:30:00,True,0.016046213093706692,0.08019246190858743,0.0781365652327948,6.1370000000000005
EIA Crude Oil Stocks Change,2025-05-21 10:30:00,True,0.6552661019658043,0.7829977628635265,0.11198305049377866,5.304
Durable Goods Orders MoM,2025-05-27 08:30:00,False,0.06548788474132146,0.3110674525212915,0.04743898694604912,15.399999999999999
API Crude Oil Stock Change,2025-05-28 16:30:00,True,0.0647773279352213,0.21052631578947784,0.0773855252747891,1.499
EIA Crude Oil Stocks Change,2025-05-29 12:00:00,True,0.1309114711176539,0.0,0.11198305049377866,0.7280000000000001
API Crude Oil Stock Change,2025-06-03 18:00:00,True,0.0315656565656615,0.06315124723713159,0.07254326051692128,3.336
EIA Crude Oil Stocks Change,2025-06-04 10:30:00,True,0.18817625842873537,0.6271558482282825,0.12161184955573714,1.895
Non Farm Payrolls,2025-06-06 08:30:00,False,0.14222503160555675,0.37926675094817003,0.1375906113475453,17.0
API Crude Oil Stock Change,2025-06-10 16:30:00,True,0.09244992295840103,0.26194144838212896,0.07254326051692128,4.0
Inflation Rate MoM,2025-06-11 08:30:00,False,0.07564296520425322,0.12101043715020163,0.12612809954025114,0.0
EIA Crude Oil Stocks Change,2025-06-11 10:30:00,True,0.07523322299129005,0.09029345372460838,0.13807151738874168,2.3040000000000003
Retail Sales MoM,2025-06-17 08:30:00,False,0.11156045181982749,0.7110987172336938,0.04034269998587704,0.6
API Crude Oil Stock Change,2025-06-17 16:30:00,True,0.0409836065573786,0.3687517071838241,0.07254326051692128,0.22999999999999998
EIA Crude Oil Stocks Change,2025-06-18 10:30:00,True,0.3326403326403255,0.3049203049203033,0.13807151738874168,1.3440000000000003
Fed Interest Rate Decision,2025-06-18 14:00:00,False,0.013676148796505902,0.3419504855696895,0.0979988082046356,0.0
API Crude Oil Stock Change,2025-06-24 16:30:00,True,0.09233610341643933,0.2000307739652403,0.07189845500357625,9.533
EIA Crude Oil Stocks Change,2025-06-25 10:30:00,True,0.4299754299754317,0.0614533722537902,0.13807151738874168,10.723
Durable Goods Orders MoM,2025-06-26 08:30:00,False,0.061265124827679644,0.4136029411764645,0.0520187714032128,15.1
API Crude Oil Stock Change,2025-07-01 16:30:00,True,0.18262060569166086,0.2130573733069557,0.07716976367297179,2.0170000000000003
EIA Crude Oil Stocks Change,2025-07-02 10:30:00,True,0.19817073170731014,0.0,0.16596269289576623,3.8360000000000003
Non Farm Payrolls,2025-07-03 08:30:00,False,0.1336501336501387,0.13363028953229905,0.13962561775820936,34.0
API Crude Oil Stock Change,2025-07-08 16:30:00,True,0.01464343242054606,0.24890190336749884,0.08717406592363948,3.48
EIA Crude Oil Stocks Change,2025-07-09 10:30:00,True,0.07371369600471349,0.41273584905660543,0.16596269289576623,5.845000000000001
Inflation Rate MoM,2025-07-15 08:30:00,False,0.05979073243648168,0.13448894202032785,0.11405370433263286,0.19999999999999998
API Crude Oil Stock Change,2025-07-15 16:30:00,True,0.015001500150022676,0.25502550255025763,0.07716976367297179,9.1
EIA Crude Oil Stocks Change,2025-07-16 10:30:00,True,0.25812329183115956,0.24293956878226022,0.16596269289576623,7.970000000000001
Retail Sales MoM,2025-07-17 08:30:00,False,0.02982403817476293,0.029837386244959005,0.04948539355222419,1.0
EIA Crude Oil Stocks Change,2025-07-23 10:30:00,True,0.030797659377881155,0.15396458814471797,0.18743504028021918,2.259
Durable Goods Orders MoM,2025-07-25 08:30:00,False,0.030129557095504706,0.10548523206752168,0.0520187714032128,27.3
API Crude Oil Stock Change,2025-07-29 16:30:00,True,0.028818443804049323,0.3746397694524569,0.07716976367297179,1.923
EIA Crude Oil Stocks Change,2025-07-30 10:30:00,True,0.23034840195795653,0.028789405498770723,0.18743504028021918,1.169
Fed Interest Rate Decision,2025-07-30 14:00:00,False,0.07104290991758619,0.44046604148906265,0.0979988082046356,0.0
Non Farm Payrolls,2025-08-01 08:30:00,False,0.028872527789802257,0.028860028860023118,0.1375906113475453,96.0
API Crude Oil Stock Change,2025-08-05 16:30:00,True,0.030693677102532582,0.04604758250192039,0.06935877020443924,3.339
EIA Crude Oil Stocks Change,2025-08-06 10:30:00,True,0.22824102251978953,0.4108963628062856,0.19317349506802275,8.798
Inflation Rate MoM,2025-08-12 08:30:00,False,0.04719949653870538,0.2517702596380749,0.1032142003086923,0.09999999999999998
API Crude Oil Stock Change,2025-08-12 16:30:00,True,0.04751346214761029,0.0,0.06558368471449791,3.4000000000000004
EIA Crude Oil Stocks Change,2025-08-13 10:30:00,True,0.20638196539133602,0.9047619047619052,0.2114449164154571,2.229
Retail Sales MoM,2025-08-15 08:30:00,False,0.0,0.07862871520680022,0.046419035514658695,0.4
API Crude Oil Stock Change,2025-08-19 16:30:00,True,0.0,0.01613163413453462,0.06380063192740265,2.7
EIA Crude Oil Stocks Change,2025-08-20 10:30:00,True,0.048007681228998456,0.25604096655465464,0.21555053325747003,4.336
Durable Goods Orders MoM,2025-08-26 08:30:00,False,0.0157010519704789,0.031402103940968956,0.04743898694604912,5.4
API Crude Oil Stock Change,2025-08-26 16:30:00,True,0.03157063930543966,0.06312135079690571,0.05582205746344866,0.7
EIA Crude Oil Stocks Change,2025-08-27 10:30:00,True,0.031397174254310864,0.031402103940968956,0.21555053325747003,4.014
API Crude Oil Stock Change,2025-09-03 16:30:00,True,0.09385265133740384,0.046933667083856594,0.0481668205774618,2.426
EIA Crude Oil Stocks Change,2025-09-04 12:00:00,True,0.07880220646178765,0.03151591553735129,0.20227634854932308,0.5919999999999999
Non Farm Payrolls,2025-09-05 08:30:00,False,0.0,0.20713830465263774,0.13509377245040682,4.0
EIA Crude Oil Stocks Change,2025-09-10 10:30:00,True,0.2526448760461023,0.5052099778970639,0.19317349506802275,3.515
Inflation Rate MoM,2025-09-11 08:30:00,False,0.047694753577108326,0.063593004769474,0.10218349193136979,0.09999999999999998
Retail Sales MoM,2025-09-16 08:30:00,False,0.0,0.21895527056615666,0.046419035514658695,0.39999999999999997
API Crude Oil Stock Change,2025-09-16 16:30:00,True,0.04648280136347524,0.0,0.0481668205774618,2.85
EIA Crude Oil Stocks Change,2025-09-17 10:30:00,True,0.2016754576481689,0.26381129733085307,0.20227634854932308,5.439
Fed Interest Rate Decision,2025-09-17 14:00:00,False,0.07770007770007328,0.4974351002642518,0.0979988082046356,0.25
EIA Crude Oil Stocks Change,2025-09-24 10:30:00,True,0.1087463103930517,0.12426219322770782,0.20402871151975246,10.085
Durable Goods Orders MoM,2025-09-25 08:30:00,False,0.17035775127770428,0.13934045517882554,0.04743898694604912,2.2
EIA Crude Oil Stocks Change,2025-10-01 10:30:00,True,0.25848142164781357,0.04846526655896791,0.19992309467773953,2.107
API Crude Oil Stock Change,2025-10-07 16:30:00,True,0.08061915511124984,0.09675858732462873,0.0481668205774618,5.9239999999999995
EIA Crude Oil Stocks Change,2025-10-08 10:30:00,True,0.09609224855860854,0.20819987187699465,0.20402871151975246,0.45799999999999996
EIA Crude Oil Stocks Change,2025-10-16 12:00:00,True,0.08671522719390265,0.31222896790980004,0.19992309467773953,3.5949999999999998
API Crude Oil Stock Change,2025-10-16 13:00:00,True,0.17448961786772696,0.2966323503751556,0.0481668205774618,2.6599999999999997
EIA Crude Oil Stocks Change,2025-10-22 10:30:00,True,0.03412386964681116,0.06823609689525614,0.19317349506802275,2.324
Inflation Rate MoM,2025-10-24 08:30:00,False,0.08047642040881563,0.5473277527366328,0.10218349193136979,0.0
API Crude Oil Stock Change,2025-10-28 16:30:00,True,0.10006671114076429,0.31687791861240444,0.0481668205774618,0.08000000000000007
EIA Crude Oil Stocks Change,2025-10-29 10:30:00,True,0.3637566137566236,0.2976190476190472,0.19317349506802275,0.7609999999999999
Fed Interest Rate Decision,2025-10-29 14:00:00,False,0.032976092333063686,0.1813984168865426,0.08413403419225904,0.25
API Crude Oil Stock Change,2025-11-04 16:30:00,True,0.033134526176280855,0.08283631544068448,0.0481668205774618,1.6
EIA Crude Oil Stocks Change,2025-11-05 10:30:00,True,0.06645622196377994,0.3156146179401955,0.19317349506802275,7.457999999999999
API Crude Oil Stock Change,2025-11-12 16:30:00,True,0.034234851078403156,0.06848142441362634,0.046998131755542766,4.8
EIA Crude Oil Stocks Change,2025-11-13 12:00:00,True,0.1355472721111579,0.27100271002709453,0.15954386477319463,3.202
EIA Crude Oil Stocks Change,2025-11-19 10:30:00,True,0.03393857118615837,0.4072628542338402,0.16186176526994664,7.013
Non Farm Payrolls,2025-11-20 08:30:00,False,0.10045203415368353,0.15067805123053124,0.13509377245040682,54.0
Retail Sales MoM,2025-11-25 08:30:00,False,0.08614748449344789,0.31007751937984446,0.046419035514658695,0.19999999999999996
Durable Goods Orders MoM,2025-11-26 08:30:00,False,0.01727414061150114,0.12091898428053253,0.0520187714032128,2.7
EIA Crude Oil Stocks Change,2025-11-26 10:30:00,True,0.08616232982940593,0.15509219369292332,0.12214679125210481,2.926
EIA Crude Oil Stocks Change,2025-12-03 10:30:00,True,0.16897600540723456,0.15202702702702076,0.12214679125210481,3.574
API Crude Oil Stock Change,2025-12-09 16:30:00,True,0.06852835360630315,0.1027749229188117,0.04373320396042692,0.78
EIA Crude Oil Stocks Change,2025-12-10 10:30:00,True,0.05184929139301959,0.10368066355623841,0.12214679125210481,2.8739999999999997
Fed Interest Rate Decision,2025-12-10 14:00:00,False,0.1028101439342054,0.29134532990574413,0.07437149380882974,0.25
Non Farm Payrolls,2025-12-16 08:30:00,False,0.07167174341515704,0.2329749103942571,0.1231869098573353,155.0
API Crude Oil Stock Change,2025-12-16 16:30:00,True,0.018168604651159177,0.07267441860464961,0.04373320396042692,2.5999999999999996
EIA Crude Oil Stocks Change,2025-12-17 10:30:00,True,0.2491990032039882,0.7119971520113894,0.10241927947583013,0.712
Durable Goods Orders MoM,2025-12-23 08:30:00,False,0.03442340791737697,0.1721466689619458,0.04743898694604912,2.2
EIA Crude Oil Stocks Change,2025-12-31 10:30:00,True,0.06885866758479299,0.08605851979346689,0.10241927947583013,1.3050000000000002
API Crude Oil Stock Change,2026-01-06 16:30:00,True,0.0,0.05266853932584469,0.04373320396042692,0.5
EIA Crude Oil Stocks Change,2026-01-07 10:30:00,True,0.05323868677906147,0.30157885400035783,0.10241927947583013,3.034
Non Farm Payrolls,2026-01-09 08:30:00,False,0.034387895460790956,0.03439972480220696,0.11000991170179589,4.0
Inflation Rate MoM,2026-01-13 08:30:00,False,0.11543535620052818,0.01649076517150068,0.10218349193136979,
API Crude Oil Stock Change,2026-01-13 16:30:00,True,0.09826400262037713,0.03275466754011795,0.037609228817890875,0.7999999999999998
Retail Sales MoM,2026-01-14 08:30:00,False,0.01614465611883293,0.2745034716615561,0.05626044335940036,0.5
EIA Crude Oil Stocks Change,2026-01-14 10:30:00,True,0.04852798447104681,0.42057586541571984,0.0914037378762556,1.6309999999999998
EIA Crude Oil Stocks Change,2026-01-22 12:00:00,True,0.16812373907194741,0.11768661735037035,0.0914037378762556,2.291
Durable Goods Orders MoM,2026-01-26 08:30:00,False,0.23037683067303039,0.08227743952608896,0.04743898694604912,5.800000000000001
API Crude Oil Stock Change,2026-01-27 16:30:00,True,0.016010246557793803,0.016010246557793803,0.04373320396042692,1.59
EIA Crude Oil Stocks Change,2026-01-28 10:30:00,True,0.07941550190596754,0.15880578053041355,0.0914037378762556,1.8519999999999999
Fed Interest Rate Decision,2026-01-28 14:00:00,False,0.04753604816986395,0.09508716323295589,0.07437149380882974,0.0
API Crude Oil Stock Change,2026-02-03 16:30:00,True,0.0781738586616702,0.3283302063789882,0.037609228817890875,0.947
EIA Crude Oil Stocks Change,2026-02-04 10:30:00,True,0.0,0.20485345099275537,0.0864387785116543,0.29499999999999993
Retail Sales MoM,2026-02-10 08:30:00,False,0.07741136398822906,0.0,0.03727402635991869,0.19999999999999996
Non Farm Payrolls,2026-02-11 08:30:00,False,0.06110601894285372,0.19859456156430716,0.10576242245154854,22.0
EIA Crude Oil Stocks Change,2026-02-11 10:30:00,True,0.19993848046754148,0.21528525296017312,0.08278891586768673,4.255
Inflation Rate MoM,2026-02-13 08:30:00,False,0.1910523801942325,0.27065753860849323,0.10218349193136979,0.0
Durable Goods Orders MoM,2026-02-18 08:30:00,False,0.0,0.047007207771860134,0.04743898694604912,7.4
EIA Crude Oil Stocks Change,2026-02-19 12:00:00,True,0.18020723832405816,0.04503152206544752,0.0864387785116543,6.43
API Crude Oil Stock Change,2026-02-24 16:30:00,True,0.03017956843216542,0.28666264333131825,0.04373320396042692,2.459
EIA Crude Oil Stocks Change,2026-02-25 10:30:00,True,0.27468335113689424,0.1373626373626209,0.0914037378762556,10.814
API Crude Oil Stock Change,2026-03-03 16:30:00,True,0.026816840976127677,0.6300268096514731,0.037609228817890875,9.21
EIA Crude Oil Stocks Change,2026-03-04 10:30:00,True,0.13502565487443766,0.3106009453072302,0.10241927947583013,13.689
Retail Sales MoM,2026-03-06 08:30:00,False,0.3241115869892362,0.7293354943274019,0.03727402635991869,0.3
API Crude Oil Stock Change,2026-03-10 16:30:00,True,0.046141423462904646,0.08071025020178414,0.033684688627342,4.199999999999999
Inflation Rate MoM,2026-03-11 08:30:00,False,0.08065445327801955,0.6106694319621926,0.1032142003086923,0.09999999999999998
EIA Crude Oil Stocks Change,2026-03-11 10:30:00,True,0.24210283606178667,0.6805074971164976,0.10241927947583013,2.375
Durable Goods Orders MoM,2026-03-13 08:30:00,False,0.010651896037484987,1.6829995739241568,0.04743898694604912,2.1
API Crude Oil Stock Change,2026-03-17 16:50:00,True,0.021003990758239888,0.010503098414022588,0.033684688627342,1.1
EIA Crude Oil Stocks Change,2026-03-18 10:30:00,True,0.10196798205364387,0.10193679918451432,0.10241927947583013,3.424
Fed Interest Rate Decision,2026-03-18 14:00:00,False,0.29405587061541816,0.3152253861510951,0.07437149380882974,0.0
API Crude Oil Stock Change,2026-03-24 16:30:00,True,0.1802613789995455,0.28169014084507044,0.03235258274086025,7.8999999999999995
EIA Crude Oil Stocks Change,2026-03-25 10:30:00,True,0.07899785577247848,0.18070928393945854,0.09903011530612621,5.656
API Crude Oil Stock Change,2026-03-31 16:30:00,True,0.03937783028154365,0.2164715143166377,0.033684688627342,3.5999999999999996
Retail Sales MoM,2026-04-01 08:30:00,False,0.05025125628140418,0.3919204100090449,0.05626044335940036,0.6
EIA Crude Oil Stocks Change,2026-04-01 10:30:00,True,0.06068574896328742,0.08093070308549571,0.0914037378762556,6.126
Durable Goods Orders MoM,2026-04-07 08:30:00,False,0.026155187445511017,0.6188981868898256,0.0399162993506863,0.0
EIA Crude Oil Stocks Change,2026-04-08 10:30:00,True,0.22248119504184102,1.4627941488233998,0.0864387785116543,4.7509999999999994
Inflation Rate MoM,2026-04-10 08:30:00,False,0.08195881569511146,0.02049390306384899,0.10218349193136979,0.6000000000000001
API Crude Oil Stock Change,2026-04-14 16:30:00,True,0.03250623036080499,0.48764629388816955,0.036806340679973404,5.019
EIA Crude Oil Stocks Change,2026-04-15 10:30:00,True,0.40793825799337413,1.1019283746556474,0.0940651559415249,2.881
Retail Sales MoM,2026-04-21 08:30:00,False,0.011463945890181262,0.33249254758083724,0.043763799114857865,0.7
API Crude Oil Stock Change,2026-04-21 16:30:00,True,0.16664815020553903,0.5889543282586968,0.036806340679973404,7.1
EIA Crude Oil Stocks Change,2026-04-22 10:30:00,True,0.19721704831818432,0.5696757230499518,0.11849681846404075,0.2869999999999999
API Crude Oil Stock Change,2026-04-28 16:30:00,True,0.060234916173077274,0.020072260136487375,0.04275962687222415,4.7
Durable Goods Orders MoM,2026-04-29 08:30:00,False,0.5012048192771046,0.15423173317911204,0.03970700213637185,1.7
EIA Crude Oil Stocks Change,2026-04-29 10:30:00,True,0.4488158899923595,0.2673286232575913,0.11849681846404075,2.125
Fed Interest Rate Decision,2026-04-29 14:00:00,False,0.08445153420287456,0.5069470521967765,0.07437149380882974,0.0
EIA Crude Oil Stocks Change,2026-05-06 10:30:00,True,0.6274181742131071,0.6587890829237639,0.13528646349279777,2.933
Non Farm Payrolls,2026-05-08 08:30:00,False,0.0630517023959671,0.12620950778292445,0.10576242245154854,123.0
Inflation Rate MoM,2026-05-12 08:30:00,False,0.029539188656952677,0.36438841835730207,0.10218349193136979,0.30000000000000004
API Crude Oil Stock Change,2026-05-12 16:34:00,True,0.02932551319648205,0.17598748533438288,0.04275962687222415,6.449999999999999
EIA Crude Oil Stocks Change,2026-05-13 10:30:00,True,0.02897710808461425,0.5988023952095852,0.15157469697319254,0.21300000000000008
Retail Sales MoM,2026-05-14 08:30:00,False,0.15928322548531268,0.11941486715096483,0.03727402635991869,1.1
API Crude Oil Stock Change,2026-05-19 16:55:00,True,0.01921414160823348,0.09606147934679013,0.04275962687222415,1.2119999999999997
EIA Crude Oil Stocks Change,2026-05-20 10:30:00,True,0.41824337781318627,0.22910648470963638,0.15157469697319254,1.4060000000000001
Durable Goods Orders MoM,2026-05-28 08:30:00,False,0.16474464579900217,0.41735310269082426,0.0478448551234474,2.2
EIA Crude Oil Stocks Change,2026-05-28 12:00:00,True,0.10025621031525389,0.011138338159952235,0.168549872239591,3.763000000000001
API Crude Oil Stock Change,2026-06-02 16:30:00,True,0.032082130253450046,0.0,0.04275962687222415,0.8000000000000003
EIA Crude Oil Stocks Change,2026-06-03 10:30:00,True,0.02101061035822673,0.4203446826397706,0.15157469697319254,0.673
Non Farm Payrolls,2026-06-05 08:30:00,False,0.10770059235326714,0.18309100700052505,0.10421804011782576,94.0
API Crude Oil Stock Change,2026-06-09 16:30:00,True,0.0,0.29391815509835534,0.036806340679973404,3.35
Inflation Rate MoM,2026-06-10 08:30:00,False,0.011142061281342748,0.6242336417344645,0.09199330913565565,0.09999999999999998
EIA Crude Oil Stocks Change,2026-06-10 10:30:00,True,0.21174635016159338,0.49035996879527216,0.15157469697319254,3.974
API Crude Oil Stock Change,2026-06-16 16:30:00,True,0.07839038411286654,0.15669887699138751,0.033684688627342,4.619
Retail Sales MoM,2026-06-17 08:30:00,False,0.039515279241308134,0.06586747464101853,0.043761483526465,0.09999999999999998
EIA Crude Oil Stocks Change,2026-06-17 10:30:00,True,0.24817136886102104,0.26126714565643744,0.15157469697319254,2.628
Fed Interest Rate Decision,2026-06-17 14:00:00,False,0.13217023526303004,0.21147237642082556,0.07437149380882974,0.0
EIA Crude Oil Stocks Change,2026-06-24 10:30:00,True,0.14247043738423468,0.3847798204360781,0.1741654886980028,3.763
Durable Goods Orders MoM,2026-06-25 08:30:00,False,0.07151029748283345,0.7866132723112087,0.0478448551234474,13.0
API Crude Oil Stock Change,2026-06-30 16:30:00,True,0.0,0.04280821917808381,0.033684688627342,3.3349999999999995
EIA Crude Oil Stocks Change,2026-07-01 10:30:00,True,0.014536996656498203,0.188980956534394,0.1741654886980028,0.9880000000000004
Non Farm Payrolls,2026-07-02 08:30:00,False,0.04455666122085421,0.0,0.10421804011782576,19.0
EIA Crude Oil Stocks Change,2026-07-08 10:30:00,True,0.0,0.13243279035890415,0.1741654886980028,1.375
Inflation Rate MoM,2026-07-14 08:30:00,False,0.22480329711501512,0.6120409692730389,0.0813066344865655,0.6
API Crude Oil Stock Change,2026-07-14 16:30:00,True,0.1375859912445271,0.012507817385872566,0.03282037826854292,2.301
EIA Crude Oil Stocks Change,2026-07-15 10:30:00,True,0.16354258397282107,0.33975084937711847,0.16133883785414643,5.598000000000001
Retail Sales MoM,2026-07-16 08:30:00,False,0.04972032318210846,0.16161113873694113,0.044883267761356156,0.8
API Crude Oil Stock Change,2026-07-21 16:40:00,True,0.07109004739335077,0.10662243809975527,0.03282037826854292,0.936
EIA Crude Oil Stocks Change,2026-07-22 10:30:00,True,0.13775685914361674,0.6891798759476322,0.1718749111484396,0.44300000000000006
Durable Goods Orders MoM,2026-07-27 08:30:00,False,0.0,0.17838030681413447,0.05684488220414536,6.5
API Crude Oil Stock Change,2026-07-28 16:50:00,True,0.17674536043428932,2.019691996970455,0.033370540719604075,5.103
EIA Crude Oil Stocks Change,2026-07-29 10:30:00,True,0.047053287848495766,0.200000000000002,0.1718749111484396,3.311
Fed Interest Rate Decision,2026-07-29 14:00:00,False,0.01182033096925639,0.05910864168341075,0.08107580595147393,0.0
API Crude Oil Stock Change,2026-08-04 16:30:00,True,0.2785515320334179,0.15913008884762014,0.03594203032117432,5.295999999999999
EIA Crude Oil Stocks Change,2026-08-05 10:30:00,True,0.05334755934914916,0.3468516542155885,0.15300651067852789,5.667
Non Farm Payrolls,2026-08-07 08:30:00,False,0.4264667872835336,0.8659687217267696,0.10421804011782576,60.0
