instrument,release,n,pearson_r,pearson_p,spearman_r,spearman_p,passes_alpha,hit_rate,rule_accuracy,rule_ci_lo,rule_ci_hi,tradeable_possible,provenance_verified,perm_p,control_spearman_r,control_spearman_p
CL,ADP Employment Change,101,0.32220184284229036,0.0010166683221566298,0.15410599883517764,0.12388354624039936,False,0.53,0.53,0.43288856967879374,0.6248918204277839,False,True,,,
CL,API Crude Oil Stock Change,262,-0.4714049512449473,6.702088130162542e-16,-0.5117642212431344,6.842097049649076e-19,True,0.31225296442687744,0.6877470355731226,0.6281955570644426,0.741682423054236,True,False,0.000999000999000999,,
CL,Average Hourly Earnings MoM,100,-0.09589545610000604,0.3425760235287367,-0.15062751463468524,0.13468327196748694,False,0.3979591836734694,0.6020408163265306,0.5030495272059645,0.6933341482759303,False,True,,,
CL,Average Hourly Earnings YoY,80,-0.10927831822434203,0.3345820741633333,-0.17218806955329402,0.12668892216617147,False,0.3974358974358974,0.6025641025641026,0.4916185828871782,0.7038813535778085,False,True,,,
CL,Average Weekly Hours,100,-0.061579381531085206,0.5427698557807942,-0.05523568927624404,0.5851832308968521,False,0.46938775510204084,0.5306122448979591,0.4325246720221616,0.6263904306224068,False,True,,,
CL,Balance of Trade,104,-0.05956690164904554,0.5480682304282839,-0.07907841427109712,0.4249003407652787,False,0.5,0.5,0.40474447238758343,0.5952555276124165,False,True,,,
CL,Building Permits,57,-0.04689133569863328,0.729065244667617,0.04932590095929479,0.7155788287740223,False,0.43859649122807015,0.5614035087719298,0.4327800945131579,0.6822730310278037,False,True,,,
CL,Business Inventories MoM,103,0.049119065016761984,0.622212004759551,0.057769186838290215,0.5621693217863138,False,0.49019607843137253,0.5098039215686274,0.4142102142587605,0.6046859727576536,False,True,,,
CL,CB Consumer Confidence,103,0.07539185156187603,0.44911945845373563,0.09712139351059665,0.3290869220779274,False,0.53,0.53,0.43288856967879374,0.6248918204277839,False,True,,,
CL,CB Leading Index MoM,100,0.14561918128563103,0.14828896018129442,0.1187998799879988,0.23910091057328134,False,0.52,0.52,0.4231657776301876,0.6153544824408641,False,True,,,
CL,CPI,38,-0.45941453472907895,0.003713080887993237,-0.4822190611664296,0.002170598086345867,False,0.39473684210526316,0.6052631578947368,0.44717867992453986,0.7440192425460459,True,True,,,
CL,Capacity Utilization,101,-0.1170291828077647,0.2438170555117902,-0.10471875037111557,0.2973285248421428,False,0.41836734693877553,0.5816326530612245,0.48269880397872866,0.6744081364067871,False,True,,,
CL,Chicago PMI,102,-0.038224939097284485,0.7028808756454947,-0.04059360872617659,0.6854116270446413,False,0.54,0.54,0.4426486032113423,0.6343919169307612,False,True,,,
CL,Construction Spending MoM,101,0.04847698764243153,0.6302274571242052,0.16297029702970295,0.10345057029172626,False,0.5,0.5,0.4038315303442626,0.5961684696557374,False,True,,,
CL,Consumer Credit Change,103,0.06379524823101855,0.522041265420265,-0.01581008133534653,0.8740577249873333,False,0.47474747474747475,0.5252525252525253,0.427793082355566,0.6208254422866205,False,True,,,
CL,Continuing Jobless Claims,507,0.034341665000245394,0.44036405728276184,0.07883685268954652,0.0761422037704141,False,0.5131313131313131,0.5131313131313131,0.469168219794904,0.556892164261157,False,True,,,
CL,Core Inflation Rate MoM,99,-0.27036667634017314,0.0067986055532916175,-0.3684724799010513,0.00017498989323542124,False,0.30303030303030304,0.696969696969697,0.6004873885336595,0.7787371036753965,True,True,,,
CL,Core Inflation Rate YoY,100,-0.23088883140945518,0.02082283812657406,-0.35345934593459344,0.0003093665205701371,False,0.32,0.6799999999999999,0.5833738138720235,0.7633085267674424,True,True,,,
CL,Core PCE Price Index MoM,100,-0.09185027179621866,0.36341450753553994,-0.16120660428096642,0.10908993357388506,False,0.4897959183673469,0.5102040816326531,0.41273047098073423,0.6069078965674553,False,True,,,
CL,Core PCE Price Index YoY,91,-0.19170612002458315,0.06869761565841433,-0.11117260380962388,0.2941252885148936,False,0.38202247191011235,0.6179775280898876,0.5141411985991992,0.7120508525204386,True,True,,,
CL,Core PPI MoM,102,0.07490376181065912,0.4543277818647912,0.021899853265981598,0.8270567362951394,False,0.5,0.5,0.4038315303442626,0.5961684696557374,False,True,,,
CL,Durable Goods Orders Ex Transp MoM,102,0.20949573128924165,0.03458050023262896,-0.04450639238681149,0.65691755455436,False,0.4411764705882353,0.5588235294117647,0.462070448320427,0.6513066737780577,False,True,,,
CL,Durable Goods Orders MoM,103,0.0627901024635069,0.5286324317553379,0.1402934586829504,0.15752422933019466,False,0.5242718446601942,0.5242718446601942,0.4286982092033799,0.6181001035031775,False,True,,,
CL,EIA Crude Oil Stocks Change,524,0.024580421961007834,0.5745162422105441,-0.12664694277241503,0.0036859463064513507,False,0.5153846153846153,0.5153846153846153,0.4724747308084631,0.5580688615905905,False,False,,,
CL,EIA Distillate Stocks Change,309,-0.1813677403795882,0.001365586941680336,-0.17795928975653744,0.0016856366297252324,False,0.4262295081967213,0.5737704918032787,0.5176920251364778,0.6280138013143135,False,False,,,
CL,EIA Gasoline Stocks Change,516,-0.044017093603374025,0.3183108770556216,-0.07027182747502056,0.11085334783632445,False,0.47265625,0.52734375,0.48405627981769284,0.5702239636972724,False,False,,,
CL,EIA Natural Gas Stocks Change,516,-0.02026826752462561,0.6459920733714742,-0.059612911234347365,0.17635495989700753,False,0.492,0.508,0.4642858166316636,0.5515921939208948,False,False,,,
CL,Existing Home Sales,103,0.1021639638930415,0.3044737480558112,0.1393582612181621,0.16033912653746754,False,0.5151515151515151,0.5151515151515151,0.4179933827002808,0.6111777320850311,False,True,,,
CL,Existing Home Sales MoM,48,0.08875972055747239,0.5485584856158662,0.17500814346975938,0.234148820022321,False,0.5555555555555556,0.5555555555555556,0.411761344903146,0.6906106996783098,False,True,,,
CL,Export Prices MoM,100,-0.035447190752278666,0.7262446023885685,-0.01083711622301974,0.9147796209051052,False,0.5306122448979592,0.5306122448979592,0.4325246720221616,0.6263904306224068,False,True,,,
CL,Factory Orders MoM,104,-0.0630070272180909,0.5251584780837613,-0.018750716821566808,0.8501508116073678,False,0.5,0.5,0.40474447238758343,0.5952555276124165,False,True,,,
CL,Fed Interest Rate Decision,33,-0.37399703028107467,0.03202451210200016,-0.11795426267376423,0.5132684135750003,False,,,,,False,True,,,
CL,Goods Trade Balance Adv,36,-0.26426297305444585,0.11936292131044039,-0.06306306306306307,0.7148212057699707,False,0.5142857142857142,0.5142857142857142,0.35568804592484693,0.6700576400075463,False,True,,,
CL,House Price Index MoM,57,-0.09648116019980976,0.4752598552612223,-0.06040964480165932,0.6553180463848146,False,0.4642857142857143,0.5357142857142857,0.4070418193278418,0.6598014709045182,False,True,,,
CL,Housing Starts,99,-0.02947035359705861,0.7721489121539322,-0.028948759891170836,0.7760747324488403,False,0.4329896907216495,0.5670103092783505,0.4677158455418069,0.6611993858699364,False,True,,,
CL,IBD/TIPP Economic Optimism,28,,,,,False,,,,,False,True,,,
CL,ISM Manufacturing Employment,51,-0.023841825992051747,0.868104098269627,-0.07131221719457012,0.6189919198199435,False,0.47058823529411764,0.5294117647058824,0.3952330420712258,0.6594700979329444,False,True,,,
CL,ISM Manufacturing PMI,104,0.2818241629637342,0.003751823535775305,0.27997439453750134,0.003995929314041051,False,0.6213592233009708,0.6213592233009708,0.5249187199773719,0.7090728435554152,False,True,,,
CL,ISM Manufacturing Prices,101,0.1437476914080314,0.15153681951468959,0.1021083284799068,0.30960010592872533,False,0.53,0.53,0.43288856967879374,0.6248918204277839,False,True,,,
CL,ISM Non-Manufacturing Business Activity,49,0.04623221953071919,0.7524277677823404,0.06346938775510204,0.6648305067034974,False,0.5416666666666666,0.5416666666666666,0.4029107454256628,0.6742475770994771,False,True,,,
CL,ISM Non-Manufacturing PMI,63,0.0036000843874872037,0.9776600345189008,0.026570019323381763,0.8362392235152363,False,0.5081967213114754,0.5081967213114754,0.38602618488383267,0.6293960467895399,False,True,,,
CL,Import Prices MoM,100,-0.16971816612879045,0.0913893383679918,-0.04586872447882775,0.6504342194868137,False,0.5306122448979592,0.5306122448979592,0.4325246720221616,0.6263904306224068,False,True,,,
CL,Industrial Production MoM,101,-0.10039634104823714,0.31782452828153623,-0.03948793812659419,0.6950122897777935,False,0.46938775510204084,0.5306122448979591,0.4325246720221616,0.6263904306224068,False,True,,,
CL,Inflation Rate MoM,99,-0.31018199365079546,0.0017809451793202008,-0.33789734075448363,0.0006250049808897337,False,0.3939393939393939,0.6060606060606061,0.5075800287026935,0.6966177747944906,False,True,,,
CL,Inflation Rate YoY,100,-0.30029972118339304,0.002400318439212693,-0.30773477347734773,0.001841896236772622,False,0.35,0.65,0.552544432945526,0.7363575175873623,True,True,,,
CL,Initial Jobless Claims,523,0.04355807639719119,0.32011258913885077,-0.07859462799646928,0.07251457217556054,False,0.44901960784313727,0.5509803921568628,0.5075910615678176,0.5936074678758002,False,True,,,
CL,JOLTs Job Openings,100,-0.0029705958976881893,0.9765993734241997,-0.052097834961267124,0.6067080484328912,False,0.4845360824742268,0.5154639175257731,0.4173312640173833,0.6124184047699422,False,True,,,
CL,Manufacturing Payrolls,100,-0.07059270505994948,0.48522522420214603,-0.0690551126769165,0.4948060482795196,False,0.45918367346938777,0.5408163265306123,0.44248041590107046,0.6360730542916875,False,True,,,
CL,Manufacturing Production MoM,64,-0.2625866587980914,0.036061904585250264,-0.24125457875457873,0.054798660011252234,False,0.4126984126984127,0.5873015873015873,0.46415317694583047,0.7004153437564391,False,True,,,
CL,Michigan Consumer Expectations Final,45,0.22866944719883966,0.13081540111277723,0.2757666591304641,0.06671688277381525,False,0.6511627906976745,0.6511627906976745,0.5017178198934141,0.775814100050897,True,True,,,
CL,Michigan Consumer Expectations Prel,70,0.07856106475884392,0.517985151688205,0.12915868392309404,0.28658959110181365,False,0.5735294117647058,0.5735294117647058,0.4551678231383615,0.68402756854637,False,True,,,
CL,Michigan Consumer Sentiment Final,102,0.01868959907624818,0.8520953052118888,0.15605668214735166,0.11728233091245882,False,0.5408163265306123,0.5408163265306123,0.44248041590107046,0.6360730542916875,False,True,,,
CL,Michigan Consumer Sentiment Prel,103,0.03526135895716528,0.7236339838143517,0.02771569312243623,0.7810859736362434,False,0.5151515151515151,0.5151515151515151,0.4179933827002808,0.6111777320850311,False,True,,,
CL,Michigan Current Conditions Final,47,0.07086867338222527,0.6359533147495111,0.04498149861239592,0.7640049816570391,False,0.4782608695652174,0.5217391304347826,0.3813741306972722,0.6587531056888597,False,True,,,
CL,Michigan Current Conditions Prel,72,0.18024750434555006,0.129741381876565,0.15870923138038884,0.1829980083224713,False,0.5428571428571428,0.5428571428571428,0.42698259202847233,0.6542725740486636,False,True,,,
CL,Monthly Budget Statement,99,0.2502445539131136,0.012483875838831402,0.08755720470006184,0.3888110007493361,False,0.5151515151515151,0.5151515151515151,0.4179933827002808,0.6111777320850311,False,True,,,
CL,NAHB Housing Market Index,103,0.25047417377891046,0.010715978243877641,0.19714009576945044,0.045937269863586705,False,0.5148514851485149,0.5148514851485149,0.418639265935981,0.6099753683288778,False,True,,,
CL,NFIB Business Optimism Index,65,-0.021396510898717025,0.8656579172972725,0.052272727272727276,0.6792096291924286,False,0.46153846153846156,0.5384615384615384,0.4185339926376882,0.6540966587971129,False,True,,,
CL,NY Empire State Manufacturing Index,101,0.02753128896564097,0.784627347234493,-0.03911519062805407,0.6977508086104073,False,0.46938775510204084,0.5306122448979591,0.4325246720221616,0.6263904306224068,False,True,,,
CL,Net Long-term TIC Flows,43,-0.01071575986314923,0.9456270338592918,0.11303658406515696,0.47047489317717706,False,0.6341463414634146,0.6341463414634146,0.48120701084363826,0.7641016898287242,True,True,,,
CL,New Home Sales,99,0.021495631617923894,0.8327414220718247,-0.03016734901095333,0.7669118819842099,False,0.4791666666666667,0.5208333333333333,0.42203767704561446,0.6180258401262589,False,True,,,
CL,New Home Sales MoM,46,-0.08607038456222059,0.5695261064354591,-0.029787234042553193,0.844210636087786,False,0.5555555555555556,0.5555555555555556,0.411761344903146,0.6906106996783098,False,True,,,
CL,Non Defense Goods Orders Ex Air,28,,,,,False,,,,,False,True,,,
CL,Non Farm Payrolls,100,0.03393818156548267,0.73746552177665,0.015961644049408922,0.8747564860204267,False,0.4387755102040816,0.5612244897959184,0.46251002106890016,0.6553201842202367,False,True,,,
CL,Nonfarm Payrolls Private,100,0.03362028669673095,0.7398365067431535,0.000372038319948629,0.997068891214443,False,0.46938775510204084,0.5306122448979591,0.4325246720221616,0.6263904306224068,False,True,,,
CL,PCE Price Index MoM,29,,,,,False,,,,,False,True,,,
CL,PCE Price Index YoY,26,,,,,False,,,,,False,True,,,
CL,PPI MoM,102,0.09682970026354612,0.3329660545311177,0.06574479574582186,0.5114913157037,False,0.51,0.51,0.4134801193183753,0.6057800107171506,False,True,,,
CL,PPI YoY,101,0.1639861656395595,0.10128823170205857,0.09757162950428529,0.33169981993566167,False,0.5050505050505051,0.5050505050505051,0.4082317028206707,0.6014920021077665,False,True,,,
CL,Pending Home Sales MoM,103,0.12009406966133732,0.22692202789668744,0.14532054894671226,0.14302185288749872,False,0.5204081632653061,0.5204081632653061,0.4226080629859068,0.6166686721104722,False,True,,,
CL,Personal Income MoM,85,-0.06694364352785805,0.542700098297781,-0.020539478891582308,0.8519895608533604,False,0.40963855421686746,0.5903614457831325,0.4828576852132005,0.6898708732816519,False,True,,,
CL,Personal Spending MoM,100,0.46931745126476726,8.41583404552628e-07,0.08793305710527756,0.38432116544520634,False,0.5204081632653061,0.5204081632653061,0.4226080629859068,0.6166686721104722,False,True,,,
CL,Philadelphia Fed Manufacturing Index,103,0.17303509979055695,0.08048260077521181,0.12620399557053785,0.20398314346345245,False,0.52,0.52,0.4231657776301876,0.6153544824408641,False,True,,,
CL,Retail Sales Ex Autos MoM,103,-0.010756825683439112,0.9141221114211519,0.26259719720599217,0.0073678022849849355,False,0.5922330097087378,0.5922330097087378,0.49567612541689554,0.6821574628680227,False,True,,,
CL,Retail Sales MoM,103,0.1395988202458133,0.1596115035740205,0.20041295084127753,0.04237799843577706,False,0.6116504854368932,0.6116504854368932,0.5151342340494734,0.7001380044006907,False,True,,,
CL,Richmond Fed Manufacturing Index,63,0.046953452872177365,0.7147977646708377,0.09379800307219663,0.4646543359147226,False,0.6290322580645161,0.6290322580645161,0.5045796412053332,0.7384283401812066,True,True,,,
CL,S&P/Case-Shiller Home Price YoY,103,0.09424295608496909,0.3436906105956071,-0.012421473443746433,0.9008952826499272,False,0.5,0.5,0.40474447238758343,0.5952555276124165,False,True,,,
CL,Total Vehicle Sales,39,0.06922035839152169,0.6754212052777792,0.12551242487859113,0.4464534516355339,False,0.5405405405405406,0.5405405405405406,0.38384046888765,0.6896143019871721,False,True,,,
CL,Unemployment Rate,100,-0.03975297612905899,0.694550589665086,0.00576659395920375,0.9545918744776458,False,0.4897959183673469,0.5102040816326531,0.41273047098073423,0.6069078965674553,False,True,,,
CL,Wholesale Inventories MoM,103,-0.03591959389362597,0.7186890763095763,-0.027868766937588406,0.7799075123239096,False,0.49504950495049505,0.504950495049505,0.4090648919102948,0.6004733195113248,False,True,,,
CL,Wholesale Inventories MoM Adv,41,0.18628545625544332,0.24354849445913765,0.20923344947735195,0.18921572049039861,False,0.575,0.575,0.4219506853856714,0.7149060744291074,True,True,,,
ES,ADP Employment Change,101,0.07676027264686826,0.4454898691432542,0.22941825689746922,0.021010368723306208,False,0.5656565656565656,0.5656565656565656,0.46737456651295606,0.6590335975567292,False,True,,,
ES,API Crude Oil Stock Change,262,-0.026529861864945894,0.6690550246440241,-0.07208260197594998,0.2449540544204537,False,0.4291497975708502,0.5708502024291497,0.5085044618245531,0.6310259019530196,False,False,,,
ES,Average Hourly Earnings MoM,103,0.016277653678836487,0.8703650600566637,-0.31569872160962964,0.0011606265816839019,False,0.37254901960784315,0.6274509803921569,0.5306001919764467,0.7150502392369369,True,True,,,
ES,Average Hourly Earnings YoY,83,0.027176460149867628,0.8073241396953253,-0.23901179631417654,0.029546069086292127,False,0.40963855421686746,0.5903614457831325,0.4828576852132005,0.6898708732816519,False,True,,,
ES,Average Weekly Hours,103,0.08005402500420829,0.4214920247024308,0.1115955717611914,0.26175243278281185,False,0.5686274509803921,0.5686274509803921,0.47174977730153655,0.6605235318133623,False,True,,,
ES,Balance of Trade,104,-0.09597107981929513,0.33248178410746276,-0.1685644099131407,0.08717112722444373,False,0.45098039215686275,0.5490196078431373,0.4524271345069759,0.6420538005750946,False,True,,,
ES,Building Permits,57,0.08065819337123294,0.5508827249367355,0.14979258491055225,0.2660765835963809,False,0.375,0.625,0.49405365905438414,0.7398978567588761,True,True,,,
ES,Business Inventories MoM,103,0.03934846790803574,0.6931214693501858,0.14179848273150894,0.15307187367553726,False,0.6039603960396039,0.6039603960396039,0.5064566738236587,0.6938457660303523,False,True,,,
ES,CB Consumer Confidence,103,0.30787736171132546,0.00155777667852325,0.30814344589868686,0.0015424577313468211,False,0.6237623762376238,0.6237623762376238,0.5263864018145208,0.7120688837259685,True,True,,,
ES,CB Leading Index MoM,100,0.0019969874879653374,0.9842676768742431,0.025394539453945392,0.8019740692826384,False,0.5252525252525253,0.5252525252525253,0.4277930823555662,0.6208254422866207,False,True,,,
ES,CPI,38,-0.5106336779124372,0.0010541625603977482,-0.5931721194879089,8.68277777319054e-05,False,0.2894736842105263,0.7105263157894737,0.5524286232040918,0.8299672217370797,True,True,,,
ES,Capacity Utilization,101,-0.09972179220157613,0.32110344108846756,-0.050693069306930696,0.6146538727307645,False,0.54,0.54,0.4426486032113423,0.6343919169307612,False,True,,,
ES,Chicago PMI,103,0.11827145757004584,0.23410277942733324,0.19464701489258887,0.04881199131931772,False,0.5980392156862745,0.5980392156862745,0.5010067361716212,0.6879551339925202,False,True,,,
ES,Construction Spending MoM,101,-0.019891695981236,0.8434830212971028,-0.0016191030867792663,0.9871791426084305,False,0.504950495049505,0.504950495049505,0.4090648919102948,0.6004733195113248,False,True,,,
ES,Consumer Credit Change,103,0.139508666462831,0.1598839044807979,0.043141368173144255,0.6652362506520054,False,0.45454545454545453,0.5454545454545454,0.44750694627283594,0.6400063980831001,False,True,,,
ES,Continuing Jobless Claims,507,0.025655149719100226,0.5643872058681255,0.016232757004982678,0.7153881195574998,False,0.5308641975308642,0.5308641975308642,0.4864276917606428,0.5748166138400211,False,True,,,
ES,Core Inflation Rate MoM,99,-0.3491024670103974,0.0003978313909885587,-0.5139393939393939,5.306324492253003e-08,True,0.35353535353535354,0.6464646464646464,0.5484359722175611,0.7335514707071216,True,True,0.000999000999000999,,
ES,Core Inflation Rate YoY,100,-0.3382767072540739,0.0005767796359331408,-0.5124632463246324,5.023676034968167e-08,True,0.34,0.6599999999999999,0.5627772885238507,0.7453847920445635,True,True,0.000999000999000999,,
ES,Core PCE Price Index MoM,100,-0.22930060900946236,0.021742053206124674,-0.33518852441952374,0.000652210155070823,False,0.42857142857142855,0.5714285714285714,0.47258436298076056,0.6648842098565658,False,True,,,
ES,Core PCE Price Index YoY,91,-0.18021850997045846,0.08737019634025119,-0.20115544336615634,0.05588047754120134,False,0.3595505617977528,0.6404494382022472,0.5368541183532118,0.7324221329796903,True,True,,,
ES,Core PPI MoM,102,-0.2040118172131398,0.03971425822970326,-0.27586928414790257,0.005008561993821663,False,0.38144329896907214,0.6185567010309279,0.5191274393510319,0.7089533546851294,False,True,,,
ES,Core PPI YoY,101,-0.18681693585741277,0.06139752325118556,-0.2072223196478992,0.03759320482393249,False,0.4375,0.5625,0.462758826252479,0.6574317252631412,False,True,,,
ES,Durable Goods Orders Ex Transp MoM,102,0.1440456618235809,0.14862515816070276,0.03891796539513236,0.6977532106241231,False,0.53125,0.53125,0.4321560201215823,0.6279392556362279,False,True,,,
ES,Durable Goods Orders MoM,103,-0.059815477274163455,0.5483797067651771,0.04070592841441572,0.6830919607458756,False,0.5154639175257731,0.5154639175257731,0.4173312640173832,0.6124184047699421,False,True,,,
ES,EIA Crude Oil Stocks Change,524,-0.038745890368374586,0.376076668008741,-0.03690514278881284,0.39919093027935215,False,0.5616438356164384,0.5616438356164384,0.5183210975782565,0.6040466700527506,False,False,,,
ES,EIA Distillate Stocks Change,309,-0.07059582138482286,0.21591029254847605,-0.08541880223162747,0.13408663451069233,False,0.48859934853420195,0.511400651465798,0.4556901813673885,0.5668293371888451,False,False,,,
ES,EIA Gasoline Stocks Change,516,-0.016847300957227484,0.7026126127969946,-0.037458947452726606,0.3958044186502477,False,0.4246031746031746,0.5753968253968254,0.5318335190809368,0.6178194851779453,False,False,,,
ES,EIA Natural Gas Stocks Change,516,-0.006124031300762605,0.8896278071610972,0.03304260553279803,0.45387652890484337,False,0.49500998003992014,0.5049900199600799,0.46133873208371534,0.5485653673372437,False,False,,,
ES,Existing Home Sales MoM,48,0.03261736983497078,0.8258076904975848,0.005861919235779418,0.9684579968947363,False,0.5106382978723404,0.5106382978723404,0.372424537452109,0.6472444496926403,False,True,,,
ES,Export Prices MoM,100,-0.02114000736415016,0.8346312526036435,-0.09491118596062117,0.34757583158074584,False,0.4631578947368421,0.5368421052631579,0.4370969126596531,0.6337235718150938,False,True,,,
ES,Factory Orders MoM,104,-0.17284375190345744,0.0793286729835425,-0.17319961591806254,0.07870282566267864,False,0.47572815533980584,0.5242718446601942,0.42869820920338,0.6181001035031775,False,True,,,
ES,Fed Interest Rate Decision,33,-0.1357760281582006,0.45121042179349613,-0.14814493704859671,0.4106399187617319,False,,,,,False,True,,,
ES,Goods Trade Balance Adv,36,0.0914875139852142,0.5956491061018726,0.07953667953667955,0.6447197878273412,False,0.5714285714285714,0.5714285714285714,0.4085741114037501,0.7201543182582167,True,True,,,
ES,House Price Index MoM,57,0.05596385337360104,0.6792539245465672,0.07376677269662496,0.5855249875570888,False,0.48148148148148145,0.5185185185185186,0.38851700195251737,0.646060272561557,False,True,,,
ES,Housing Starts,99,0.08956423887157544,0.37798847668514934,0.07061311828763124,0.4873459638916132,False,0.3541666666666667,0.6458333333333333,0.5462430233987596,0.734201596804354,True,True,,,
ES,IBD/TIPP Economic Optimism,28,,,,,False,,,,,False,True,,,
ES,ISM Manufacturing Employment,51,-0.039908303074629295,0.7809758925682104,0.0351131221719457,0.8067532701230011,False,0.43137254901960786,0.5686274509803921,0.4326530210622609,0.69498763894747,False,True,,,
ES,ISM Manufacturing PMI,104,0.3385427686009842,0.0004395240755459751,0.2629894377467193,0.006992217258632317,False,0.6057692307692307,0.6057692307692307,0.5096921459400212,0.6943110290931647,False,True,,,
ES,ISM Manufacturing Prices,101,0.07202442018891599,0.4741414019950982,0.06081537565521258,0.5457512738438967,False,0.5346534653465347,0.5346534653465347,0.4378967072304616,0.6288707727208755,False,True,,,
ES,ISM Non-Manufacturing Business Activity,49,0.08321859098013239,0.5697094081256944,0.15715889458303184,0.280841284485687,False,0.5217391304347826,0.5217391304347826,0.38137413069727216,0.6587531056888596,False,True,,,
ES,ISM Non-Manufacturing PMI,63,0.09780813907934272,0.4456940648123427,0.1848687055080095,0.1469186008757662,False,0.5333333333333333,0.5333333333333333,0.4089342702436931,0.6537209396117314,False,True,,,
ES,Import Prices MoM,100,-0.15773128366011452,0.11704218059118136,-0.1907225159459068,0.05733697912864097,False,0.4421052631578947,0.5578947368421052,0.45771096957419677,0.6535783631718342,False,True,,,
ES,Industrial Production MoM,101,-0.15224137660731593,0.12855207086450612,-0.07776354105998835,0.43954742151988285,False,0.5,0.5,0.4038315303442626,0.5961684696557374,False,True,,,
ES,Inflation Rate MoM,99,-0.43765816307694,5.898249635539494e-06,-0.5553246753246753,2.4375378748515914e-09,True,0.32323232323232326,0.6767676767676767,0.5795296789116788,0.7607999935836276,True,True,0.000999000999000999,,
ES,Inflation Rate YoY,100,-0.4332334278914934,6.725201991106031e-06,-0.5235523552355235,2.281276366780206e-08,True,0.31,0.69,0.5937394427816385,0.7722030278933534,True,True,0.000999000999000999,,
ES,Initial Jobless Claims,523,0.17141999244528683,8.146183951943872e-05,-0.03169246760287905,0.4695394034169938,False,0.48804780876494025,0.5119521912350598,0.46830144011548536,0.5554214078059437,False,True,,,
ES,JOLTs Job Openings,100,-0.09207662318127845,0.36222825513029866,-0.1114674811510602,0.26954737463749995,False,0.5204081632653061,0.5204081632653061,0.4226080629859068,0.6166686721104722,False,True,,,
ES,Manufacturing Payrolls,103,0.08214173104574415,0.40944614151252423,0.03837367658041559,0.7003565965189541,False,0.38235294117647056,0.6176470588235294,0.520697553674308,0.7060566905226615,False,True,,,
ES,Michigan Consumer Expectations Final,45,0.16688097283934306,0.27322108476495105,0.14176548089591567,0.35292329864492183,False,0.5777777777777777,0.5777777777777777,0.43300788705934923,0.7103129753546886,True,True,,,
ES,Michigan Consumer Expectations Prel,70,0.19057328714213537,0.11404693676540857,0.2074184235849882,0.08490083062012536,False,0.5428571428571428,0.5428571428571428,0.42698259202847233,0.6542725740486636,False,True,,,
ES,Michigan Consumer Sentiment Final,103,0.12010195945139687,0.2268912837588767,0.13341314142831728,0.17911486029216134,False,0.5148514851485149,0.5148514851485149,0.418639265935981,0.6099753683288778,False,True,,,
ES,Michigan Consumer Sentiment Prel,103,0.17855094000825525,0.07115156479491642,0.19837016210517067,0.044571509335293844,False,0.5145631067961165,0.5145631067961165,0.41926957084070865,0.6088094167832259,False,True,,,
ES,Michigan Current Conditions Final,48,0.18455640033902215,0.20920312789429954,0.22448979591836735,0.12503793795337584,False,0.6041666666666666,0.6041666666666666,0.463104084893048,0.7297917214198023,True,True,,,
ES,Michigan Current Conditions Prel,72,0.17888591248630178,0.1327132150695943,0.24303813750080394,0.0396757792874219,False,0.5416666666666666,0.5416666666666666,0.4273986728339544,0.6517137294477934,False,True,,,
ES,NAHB Housing Market Index,103,0.18877951380047106,0.05616803852002164,0.11534068444405395,0.24597927883014653,False,0.5445544554455446,0.5445544554455446,0.4475799808665162,0.6382639219280601,False,True,,,
ES,NFIB Business Optimism Index,65,0.0898257511151573,0.4767205749648832,-0.04645570652046773,0.7132691114713346,False,0.423728813559322,0.576271186440678,0.44934482797131137,0.6938727256730357,False,True,,,
ES,NY Empire State Manufacturing Index,101,0.12159379366558301,0.22578342327607867,0.09643262766545696,0.3374021679907703,False,0.5257731958762887,0.5257731958762887,0.42732770347454624,0.6222550778376628,False,True,,,
ES,Net Long-term TIC Flows,43,0.12846624875864063,0.41164847149751854,0.07976433834216343,0.6111389315724207,False,0.5128205128205128,0.5128205128205128,0.3619936288121113,0.661348246732866,False,True,,,
ES,New Home Sales,99,0.08581137136340714,0.39837441349003466,-0.028794063079777363,0.7772401601054257,False,0.48484848484848486,0.5151515151515151,0.41799338270028086,0.6111777320850311,False,True,,,
ES,New Home Sales MoM,46,0.21509089994569483,0.15113495260569312,0.3053345667591736,0.039069756428608375,False,0.5434782608695652,0.5434782608695652,0.4018018105665846,0.6784526622056792,False,True,,,
ES,Non Defense Goods Orders Ex Air,28,,,,,False,,,,,False,True,,,
ES,Non Farm Payrolls,103,0.18217538042969028,0.06551052678595706,0.06904845582743926,0.4882839546127723,False,0.35294117647058826,0.6470588235294117,0.5505227800266637,0.7329200252195481,True,True,,,
ES,Nonfarm Payrolls Private,103,0.18293935781362836,0.06436911025496121,0.10104116329130607,0.30984720554665673,False,0.37254901960784315,0.6274509803921569,0.5306001919764467,0.7150502392369369,True,True,,,
ES,PCE Price Index MoM,29,,,,,False,,,,,False,True,,,
ES,PCE Price Index YoY,26,,,,,False,,,,,False,True,,,
ES,PPI MoM,102,-0.15330724969404547,0.12396206740814308,-0.26091800020228295,0.008079893459497296,False,0.3711340206185567,0.6288659793814433,0.529537661201299,0.718376245359746,True,True,,,
ES,PPI YoY,101,-0.1832382833139039,0.0666298735524354,-0.298095405013758,0.0024643750515847746,False,0.3541666666666667,0.6458333333333333,0.5462430233987596,0.734201596804354,True,True,,,
ES,Pending Home Sales MoM,103,0.22835864788307306,0.02033830678924052,0.13760419985234257,0.16571948518370988,False,0.53,0.53,0.43288856967879374,0.6248918204277839,False,True,,,
ES,Personal Income MoM,85,-0.045693861156660534,0.6779544909443455,0.0787766269298417,0.473592680888155,False,0.4642857142857143,0.5357142857142857,0.4298471593522587,0.6384577171881494,False,True,,,
ES,Personal Spending MoM,100,0.09548398181195744,0.34466066092949416,0.009426970978053164,0.9258347931009944,False,0.4897959183673469,0.5102040816326531,0.41273047098073423,0.6069078965674553,False,True,,,
ES,Philadelphia Fed Manufacturing Index,103,-0.12282276019522873,0.2164630726072411,0.006765439149895684,0.9459253301349739,False,0.51,0.51,0.4134801193183753,0.6057800107171506,False,True,,,
ES,Retail Sales Ex Autos MoM,103,0.2072697050990911,0.03566238947517353,0.31871149138120597,0.0010340418007316096,False,0.64,0.64,0.5423540244927844,0.7272877960045779,True,True,,,
ES,Retail Sales MoM,103,0.36839329308432484,0.0001288109977959343,0.3240601421376982,0.0008398845757048729,False,0.64,0.64,0.5423540244927844,0.7272877960045779,True,True,,,
ES,Richmond Fed Manufacturing Index,63,0.1714534389433198,0.17908054629108866,0.09754224270353304,0.44693778184174354,False,0.5079365079365079,0.5079365079365079,0.38762886272283603,0.6273319118864612,False,True,,,
ES,S&P/Case-Shiller Home Price YoY,103,0.013299822619915191,0.8939268404088544,-0.0987389892823866,0.32105662108363464,False,0.5104166666666666,0.5104166666666666,0.41196037087654813,0.6080713877093885,False,True,,,
ES,Total Vehicle Sales,38,-0.016350345433590745,0.9223850941983293,-0.018054491738702265,0.9143239675169045,False,0.5526315789473685,0.5526315789473685,0.3970629711857062,0.6985359900495866,False,True,,,
ES,Unemployment Rate,103,-0.17985061326593793,0.06908528456457516,-0.033541273118657476,0.7366092064353367,False,0.5882352941176471,0.5882352941176471,0.4912175874788258,0.6788480956689014,False,True,,,
ES,Wholesale Inventories MoM,103,-0.039246555459268244,0.6938766115696963,-0.09739489522470676,0.3277202345563407,False,0.5196078431372549,0.5196078431372549,0.4237112724891159,0.6140811015437124,False,True,,,
ES,Wholesale Inventories MoM Adv,41,-0.01563893196260657,0.9226890238948602,0.08745644599303137,0.5866340918040511,False,0.55,0.55,0.39829091795587246,0.6929469219206468,False,True,,,
GC,ADP Employment Change,101,-0.21717953581462532,0.029141366758585804,-0.215970343537152,0.030073070930297437,False,0.42424242424242425,0.5757575757575757,0.4773666401156489,0.668488933810911,False,True,,,
GC,API Crude Oil Stock Change,262,-0.05867712340320044,0.3441249886599838,-0.09865497063594385,0.11113249733553787,False,0.46774193548387094,0.532258064516129,0.4701402123486087,0.5933918211569514,False,False,,,
GC,Average Hourly Earnings MoM,100,-0.024652935652195153,0.8076437499067086,-0.06843084308430843,0.49872412647607006,False,0.41,0.5900000000000001,0.49201430051118533,0.6813268698085477,False,True,,,
GC,Average Hourly Earnings YoY,80,-0.04392993233213347,0.6988123679116153,-0.11865916549460856,0.29448874677824033,False,0.4125,0.5875,0.47804040343345977,0.6889414238942322,False,True,,,
GC,Average Weekly Hours,100,-0.16064920145850753,0.11033626227322511,-0.13699369936993697,0.17410513813390951,False,0.45,0.55,0.45244602995194905,0.6438546202256804,False,True,,,
GC,Balance of Trade,104,-0.08095798655639906,0.4139419225363009,-0.1308652512536008,0.18545610713822758,False,0.44660194174757284,0.5533980582524272,0.45719211140745375,0.6457641765469726,False,True,,,
GC,Building Permits,57,-0.12412635844119872,0.3576061646012572,-0.18476446665095386,0.16884765250626807,False,0.4727272727272727,0.5272727272727273,0.3979154435234906,0.6530690164140153,False,True,,,
GC,Business Inventories MoM,103,0.13166682556621048,0.1849245325870271,0.13205640732768087,0.18361671254082218,False,0.5294117647058824,0.5294117647058824,0.43324770608773316,0.6234408549615094,False,True,,,
GC,CB Consumer Confidence,103,-0.2364345232292999,0.016196393417946167,-0.24809998682071785,0.011509096593711089,False,0.4019607843137255,0.5980392156862745,0.5010067361716211,0.6879551339925201,False,True,,,
GC,CB Leading Index MoM,100,-0.2520243271583798,0.011421567641025442,-0.10244347367642852,0.3104747506570158,False,0.4845360824742268,0.5154639175257731,0.4173312640173833,0.6124184047699422,False,True,,,
GC,Capacity Utilization,101,-0.11149915591614179,0.26696873788783054,-0.06414676761793826,0.5239297592708212,False,0.43564356435643564,0.5643564356435644,0.4670564676304422,0.6569402808506122,False,True,,,
GC,Chicago PMI,102,0.02947306257810353,0.7687130789507737,0.11263153728279739,0.2597027365860236,False,0.5196078431372549,0.5196078431372549,0.4237112724891159,0.6140811015437124,False,True,,,
GC,Construction Spending MoM,101,-0.16330772528658413,0.1027283617924603,-0.16902737332556786,0.09107749772636066,False,0.43564356435643564,0.5643564356435644,0.4670564676304422,0.6569402808506122,False,True,,,
GC,Consumer Credit Change,103,-0.1389625165740976,0.16154151117569296,-0.20699502804475753,0.03591308700014529,False,0.4020618556701031,0.5979381443298969,0.49843653498299323,0.6899780340034009,False,True,,,
GC,Continuing Jobless Claims,507,-0.016523622677403316,0.7105155332805927,0.054098567908419375,0.22398376589478058,False,0.5209580838323353,0.5209580838323353,0.4772211760253519,0.5643760415426761,False,True,,,
GC,Core Inflation Rate MoM,99,-0.274860413967281,0.0058991287700747436,-0.3419666048237477,0.0005314697951744305,False,0.41414141414141414,0.5858585858585859,0.4873979779398563,0.6779050058435783,False,True,,,
GC,Core Inflation Rate YoY,100,-0.23945289128895508,0.016420108260449574,-0.3264206420642064,0.0009182507461414252,False,0.42,0.5800000000000001,0.48206486700760776,0.6720161732765995,False,True,,,
GC,Core PCE Price Index MoM,100,-0.02493599731581658,0.8054785065187772,-0.0703030303030303,0.48702260829579647,False,0.42424242424242425,0.5757575757575757,0.4773666401156489,0.668488933810911,False,True,,,
GC,Core PCE Price Index YoY,91,-0.09104604235832822,0.39072569071553787,-0.08025163242554548,0.4495354548809825,False,0.4444444444444444,0.5555555555555556,0.4527192645359286,0.6538434437326546,False,True,,,
GC,Core PPI MoM,102,-0.26072682640418177,0.008128090007613787,-0.2799814533138065,0.004371113233252484,False,0.40594059405940597,0.594059405940594,0.49654987457930255,0.6846761424314691,False,True,,,
GC,Core PPI YoY,101,-0.27425470468436697,0.005514343187618872,-0.3188468258590565,0.0011550914017781778,False,0.41,0.5900000000000001,0.49201430051118533,0.6813268698085477,False,True,,,
GC,Durable Goods Orders Ex Transp MoM,102,0.02545285497520895,0.7995463900019685,-0.07642026338556185,0.44521773942843346,False,0.35294117647058826,0.6470588235294117,0.5505227800266637,0.7329200252195481,True,True,,,
GC,Durable Goods Orders MoM,103,-0.19785795407589943,0.04513606454469982,-0.27703949391556476,0.004611282464669797,False,0.32038834951456313,0.6796116504854368,0.5844380253524124,0.7618694886761128,True,True,,,
GC,EIA Crude Oil Stocks Change,524,0.02024546670155958,0.6438084384007614,0.058624362697308426,0.18027109038895703,False,0.5038910505836576,0.5038910505836576,0.46079895278269634,0.5469254190918451,False,False,,,
GC,EIA Distillate Stocks Change,309,0.019664131367241353,0.7306235018008226,0.004888941312367556,0.931790793662285,False,0.487012987012987,0.512987012987013,0.4573508663734849,0.5683031952455435,False,False,,,
GC,EIA Gasoline Stocks Change,516,0.023732495018224845,0.5906688706821218,0.013769678569221254,0.7550076938394847,False,0.5138339920948617,0.5138339920948617,0.47034516993440734,0.557114346661857,False,False,,,
GC,EIA Natural Gas Stocks Change,516,0.0068770864748491315,0.8761588550751157,0.005206974939359375,0.9060726628550044,False,0.49502982107355864,0.5049701789264414,0.46140530853674344,0.5484597092374853,False,False,,,
GC,Existing Home Sales,103,-0.03618411341329959,0.7167051568206815,-0.04193208276589202,0.674079666775569,False,0.5294117647058824,0.5294117647058824,0.43324770608773316,0.6234408549615094,False,True,,,
GC,Existing Home Sales MoM,48,0.03038369118862161,0.8375699373939224,0.025727312201476338,0.8622000889737554,False,0.5,0.5,0.3638933049972204,0.6361066950027796,False,True,,,
GC,Export Prices MoM,100,-0.04805509079442273,0.6349411921068294,-0.011881223766101377,0.906604416486937,False,0.5204081632653061,0.5204081632653061,0.4226080629859068,0.6166686721104722,False,True,,,
GC,Factory Orders MoM,104,-0.38900864343969144,4.4816271203377524e-05,-0.3053139478138136,0.0016238898218557526,False,0.39215686274509803,0.607843137254902,0.5108332390538617,0.6970248181266937,False,True,,,
GC,Fed Interest Rate Decision,33,-0.27999113159680566,0.11452884089766746,-0.08249777300099581,0.6480882092913333,False,,,,,False,True,,,
GC,Goods Trade Balance Adv,36,0.1287701423312535,0.4541717542633719,0.11402831402831404,0.5078498267201461,False,0.5142857142857142,0.5142857142857142,0.35568804592484693,0.6700576400075463,False,True,,,
GC,House Price Index MoM,57,-0.10196229483215052,0.4504206016638562,-0.09100337049520353,0.5007959808236822,False,0.5535714285714286,0.5535714285714286,0.42413214787019315,0.6761327874783472,False,True,,,
GC,Housing Starts,99,-0.05867582383619764,0.5640071075588562,-0.05116280508003766,0.6150150038032641,False,0.4536082474226804,0.5463917525773196,0.4474409242724182,0.6418080820895581,False,True,,,
GC,IBD/TIPP Economic Optimism,28,,,,,False,,,,,False,True,,,
GC,ISM Manufacturing PMI,104,-0.3686942949404398,0.00011758574043422585,-0.42379174223834426,7.3686109306108595e-06,True,0.34615384615384615,0.6538461538461539,0.558408942964794,0.7383229479925675,True,True,0.000999000999000999,0.13929618768328444,0.44704770858495824
GC,ISM Manufacturing Prices,101,0.011523390147078063,0.9089437663370514,0.026977285963890506,0.7888591074526583,False,0.504950495049505,0.504950495049505,0.4090648919102948,0.6004733195113248,False,True,,,
GC,ISM Non-Manufacturing Business Activity,49,-0.4466146937405553,0.0012963409472779468,-0.418469387755102,0.0027687368361150357,False,0.3541666666666667,0.6458333333333333,0.5043905700701559,0.7656635587678347,True,True,,,
GC,Import Prices MoM,100,0.029079881872853514,0.7739565076204677,-0.006618681724247384,0.9478910404934078,False,0.46938775510204084,0.5306122448979591,0.4325246720221616,0.6263904306224068,False,True,,,
GC,Industrial Production MoM,101,-0.09025447272403572,0.3694043541136381,-0.08799068142108328,0.3815809270552918,False,0.5247524752475248,0.5247524752475248,0.428249843605253,0.619441213502845,False,True,,,
GC,Inflation Rate MoM,99,-0.3306232176643747,0.0008305801294464875,-0.39880024737167596,4.340093878914269e-05,True,0.36363636363636365,0.6363636363636364,0.5381589889275586,0.7243810441402493,True,True,0.000999000999000999,,
GC,Initial Jobless Claims,523,0.02208470666238942,0.6143229109886397,0.2512961782882283,5.644882360958651e-09,True,0.5717054263565892,0.5717054263565892,0.5286349310093988,0.6137161622789641,False,True,0.000999000999000999,,
GC,JOLTs Job Openings,100,-0.10575008651636206,0.2950327096454755,-0.10010831115649965,0.32169088575962956,False,0.4387755102040816,0.5612244897959184,0.46251002106890016,0.6553201842202367,False,True,,,
GC,Manufacturing Payrolls,100,-0.061692270062308,0.5420289716781631,-0.291017101710171,0.0033093353997561154,False,0.43,0.5700000000000001,0.4721538954694099,0.6626670147792714,False,True,,,
GC,Manufacturing Production MoM,64,-0.08344033217734075,0.5121388799310301,-0.14496336996336995,0.2530803949945837,False,0.515625,0.515625,0.39581601475908024,0.6336644833716111,False,True,,,
GC,Michigan Consumer Expectations Final,45,0.06254470910513188,0.6831590593892238,0.08787878787878786,0.5659458948116304,False,0.6,0.6,0.45451854587026114,0.729751134376359,True,True,,,
GC,Michigan Consumer Expectations Prel,70,-0.20795676479477654,0.08407718341337268,-0.2260344676756189,0.059901368686350986,False,0.3333333333333333,0.6666666666666667,0.5492647542589735,0.7664894930035273,True,True,,,
GC,Michigan Consumer Sentiment Final,102,-0.11962003839163328,0.23110428901954727,-0.022159959966274696,0.8250352280734974,False,0.5,0.5,0.4038315303442626,0.5961684696557374,False,True,,,
GC,Michigan Consumer Sentiment Prel,103,-0.33384553295973635,0.0005684459640869124,-0.31865307736238635,0.0010363714507169212,False,0.3137254901960784,0.6862745098039216,0.590857300297116,0.7681702530147524,True,True,,,
GC,Michigan Current Conditions Final,47,0.005982791549067726,0.9681634319339454,0.035268270120259015,0.8139374956291402,False,0.44680851063829785,0.5531914893617021,0.4124545983507584,0.6858903373729885,False,True,,,
GC,Michigan Current Conditions Prel,72,-0.25114785447692484,0.0333371785444676,-0.23606019679722173,0.04590227435474269,False,0.3380281690140845,0.6619718309859155,0.5461661813997795,0.7611501157684725,True,True,,,
GC,Monthly Budget Statement,99,0.162335649260512,0.1084116028657863,0.043784786641929495,0.6669580004756436,False,0.5408163265306123,0.5408163265306123,0.44248041590107046,0.6360730542916875,False,True,,,
GC,NAHB Housing Market Index,103,-0.03549051818507109,0.721911151911503,-0.10699380573738085,0.2820580050919104,False,0.45544554455445546,0.5445544554455446,0.44757998086651596,0.6382639219280599,False,True,,,
GC,NFIB Business Optimism Index,65,-0.1750600111383693,0.16307896044785328,-0.1780672233878884,0.1558587960268392,False,0.4032258064516129,0.5967741935483871,0.47250467697523435,0.7097513090646705,False,True,,,
GC,Net Long-term TIC Flows,43,0.12613569331603158,0.4202539955392572,0.007399577167019027,0.9624390582088547,False,0.5238095238095238,0.5238095238095238,0.37722464128149835,0.6664039877231809,False,True,,,
GC,New Home Sales,99,0.010094634618728365,0.9210054811465984,-0.03265306122448979,0.748321633405241,False,0.5,0.5,0.4028918256032012,0.5971081743967988,False,True,,,
GC,New Home Sales MoM,46,0.1473607021201528,0.32842441037391423,0.08060437866173295,0.5943740763716334,False,0.4666666666666667,0.5333333333333333,0.39077454736985306,0.6706486793790203,False,True,,,
GC,Non Defense Goods Orders Ex Air,28,,,,,False,,,,,False,True,,,
GC,Non Farm Payrolls,100,-0.2342626030537518,0.018980322006624972,-0.5296009600960095,1.4653404549285671e-08,True,0.35,0.65,0.552544432945526,0.7363575175873623,True,True,0.000999000999000999,,
GC,Nonfarm Payrolls Private,100,-0.23033087180681944,0.021141894069501174,-0.49437743774377435,1.716622195535818e-07,True,0.36,0.64,0.5423540244927845,0.727287796004578,True,True,0.000999000999000999,,
GC,PCE Price Index MoM,29,,,,,False,,,,,False,True,,,
GC,PCE Price Index YoY,26,,,,,False,,,,,False,True,,,
GC,PPI MoM,102,-0.23054373735970823,0.019744002436657145,-0.2646578192942081,0.007186406238538978,False,0.40594059405940597,0.594059405940594,0.49654987457930255,0.6846761424314691,False,True,,,
GC,PPI YoY,101,-0.2935651652589589,0.002887080186804264,-0.30355270821199765,0.0020296957396983297,False,0.44,0.56,0.4622810464941731,0.6532797337189823,False,True,,,
GC,Pending Home Sales MoM,103,-0.08542184048111058,0.39093317211236966,-0.08907096023645131,0.37093714956719337,False,0.47,0.53,0.43288856967879386,0.6248918204277839,False,True,,,
GC,Personal Income MoM,85,-0.039917370380505225,0.7168173814330216,-0.05317568888020324,0.6288551089310467,False,0.4523809523809524,0.5476190476190477,0.4414303701139003,0.6496427986066438,False,True,,,
GC,Personal Spending MoM,100,0.3201878390010244,0.001163965570394153,-0.1976117611761176,0.04875216418141059,False,0.45454545454545453,0.5454545454545454,0.44750694627283594,0.6400063980831001,False,True,,,
GC,Philadelphia Fed Manufacturing Index,103,-0.11778574913238107,0.23604285497360064,-0.1612924482713175,0.10360168330440915,False,0.4215686274509804,0.5784313725490196,0.48146538689959606,0.6697041092317169,False,True,,,
GC,Retail Sales Ex Autos MoM,103,-0.21113810377402809,0.03228505358523005,-0.1149233405087203,0.2477037500526753,False,0.4174757281553398,0.5825242718446602,0.4860016272500036,0.6731126359522916,False,True,,,
GC,Retail Sales MoM,103,-0.15920830017802473,0.10820099482154716,-0.12274304792865616,0.21676367568092952,False,0.4563106796116505,0.5436893203883495,0.4476593463034453,0.6365776165683581,False,True,,,
GC,Richmond Fed Manufacturing Index,63,-0.1648498186235285,0.1966666161207765,-0.23473502304147467,0.0640533692763197,False,0.3548387096774194,0.6451612903225806,0.5208113075483554,0.752572671511502,True,True,,,
GC,S&P/Case-Shiller Home Price YoY,103,-0.16247587612528636,0.10105905870230408,-0.24303694592101216,0.013373632026837574,False,0.43137254901960786,0.5686274509803921,0.47174977730153644,0.6605235318133622,False,True,,,
GC,Total Vehicle Sales,39,-0.06568390858276231,0.691161381575045,0.0054655870445344135,0.973656832140351,False,0.47368421052631576,0.5263157894736843,0.3725897138116807,0.6752097668059658,False,True,,,
GC,Unemployment Rate,100,0.21112567462072812,0.034984084191297136,0.13647764776477647,0.1757483605804488,False,0.57,0.57,0.4721538954694098,0.6626670147792713,False,True,,,
GC,Wholesale Inventories MoM,103,0.044829852063924015,0.6529650751162615,0.13313087940701837,0.18004472349079773,False,0.5353535353535354,0.5353535353535354,0.4376308917006006,0.6304350427984607,False,True,,,
GC,Wholesale Inventories MoM Adv,41,0.11283159867164451,0.4824422949554917,0.042859009579397256,0.7901876988787296,False,0.5128205128205128,0.5128205128205128,0.3619936288121113,0.661348246732866,False,True,,,
HG,ADP Employment Change,101,0.15895263155401412,0.11235826231077714,-0.12372743156668607,0.21768376228041986,False,0.39,0.61,0.5120301704353077,0.699831259955477,False,True,,,
HG,API Crude Oil Stock Change,262,-0.05751876606825884,0.3537506204230308,-0.06262285264520119,0.3125987147233781,False,0.4767932489451477,0.5232067510548524,0.4597566030438166,0.5859165964700059,False,False,,,
HG,Average Hourly Earnings MoM,100,-0.02943648496833954,0.7712601509788973,-0.15135913591359135,0.13277798518603945,False,0.48,0.52,0.4231657776301877,0.6153544824408642,False,True,,,
HG,Average Hourly Earnings YoY,80,-0.03519781498258929,0.7565912951942387,-0.1602203469292077,0.1556979746506519,False,0.5,0.5,0.39297415083723214,0.6070258491627679,False,True,,,
HG,Average Weekly Hours,100,-0.02268790414938594,0.8227141664040598,-0.00027602760276027597,0.9978253107446653,False,0.54,0.54,0.4426486032113423,0.6343919169307612,False,True,,,
HG,Balance of Trade,104,-0.1364377954498817,0.16726397540593424,-0.0919605229369397,0.3531733558472294,False,0.48484848484848486,0.5151515151515151,0.41799338270028086,0.6111777320850311,False,True,,,
HG,Building Permits,57,0.049186152093126476,0.7163506907447801,0.05567889031860003,0.680799243835308,False,0.5272727272727272,0.5272727272727272,0.3979154435234905,0.653069016414015,False,True,,,
HG,Business Inventories MoM,103,0.17869077409366713,0.07092688208453092,0.0881374174966118,0.37599216598292706,False,0.44,0.56,0.4622810464941731,0.6532797337189823,False,True,,,
HG,CB Consumer Confidence,103,0.10026809690848443,0.3135825630646527,0.1502328339849756,0.12984851314633322,False,0.5980392156862745,0.5980392156862745,0.5010067361716212,0.6879551339925202,False,True,,,
HG,CB Leading Index MoM,100,-0.1319243222946085,0.19074319339232856,-0.1332389227689444,0.1863218799300029,False,0.4329896907216495,0.5670103092783505,0.4677158455418069,0.6611993858699364,False,True,,,
HG,Capacity Utilization,101,-0.04549853958370046,0.6514151027305956,0.04540742042765255,0.652067796484326,False,0.5208333333333334,0.5208333333333334,0.4220376770456145,0.618025840126259,False,True,,,
HG,Chicago PMI,102,0.10381677871887904,0.2990909635185437,0.19277789723050628,0.052232100383678856,False,0.6122448979591837,0.6122448979591837,0.5132867257141289,0.7027353173159552,False,True,,,
HG,Consumer Credit Change,103,-0.15853891687602623,0.10971149176966494,-0.1289777313258235,0.1941373405166194,False,0.34831460674157305,0.651685393258427,0.548293179638881,0.7425251718006534,True,True,,,
HG,Core Inflation Rate MoM,99,-0.2682279603084672,0.007267803339614509,-0.27030303030303027,0.006812171943402003,False,0.4489795918367347,0.5510204081632653,0.4524754605581003,0.6457163771828471,False,True,,,
HG,Core Inflation Rate YoY,100,-0.23749293250145204,0.017349448764014938,-0.2878367836783678,0.0036854535432617767,False,0.41414141414141414,0.5858585858585859,0.4873979779398563,0.6779050058435783,False,True,,,
HG,Core PCE Price Index MoM,100,-0.19735473777456125,0.04905218319494843,-0.23075907590759073,0.02089666462842789,False,0.44,0.56,0.4622810464941731,0.6532797337189823,False,True,,,
HG,Core PCE Price Index YoY,91,-0.1642143747751617,0.11984380447398955,-0.11436534480012742,0.28039133450975506,False,0.45054945054945056,0.5494505494505495,0.44729289371051195,0.6476023146903223,False,True,,,
HG,Core PPI MoM,102,-0.041380168891770035,0.6796465411614794,-0.06210382869398378,0.5352006867472575,False,0.5050505050505051,0.5050505050505051,0.4082317028206707,0.6014920021077665,False,True,,,
HG,Core PPI YoY,101,-0.03353686557654071,0.739179757877627,-0.06648883505209428,0.508856829296436,False,0.5102040816326531,0.5102040816326531,0.4127304709807342,0.6069078965674553,False,True,,,
HG,Durable Goods Orders Ex Transp MoM,102,-0.0073832499637458355,0.9412895560490998,-0.029103924819078076,0.7715300349842951,False,0.42424242424242425,0.5757575757575757,0.4773666401156489,0.668488933810911,False,True,,,
HG,Durable Goods Orders MoM,103,-0.16642577582459436,0.09292565444492834,-0.18486342819974702,0.061565985037690486,False,0.38,0.62,0.522097552931935,0.7090240074943756,False,True,,,
HG,EIA Crude Oil Stocks Change,524,-0.0904202097518998,0.038535745107049546,-0.03464196694067492,0.4287487356379558,False,0.4645669291338583,0.5354330708661417,0.4919590237779693,0.5783752552834002,False,False,,,
HG,EIA Distillate Stocks Change,309,-0.054644183816971295,0.338375697417069,-0.06026211041783953,0.29097827971865675,False,0.47854785478547857,0.5214521452145214,0.4652894737509271,0.5770776824015937,False,False,,,
HG,EIA Gasoline Stocks Change,516,-0.013264976330119223,0.7637158685228903,-0.01866558358748408,0.6722886013322348,False,0.5169660678642715,0.5169660678642715,0.47324642105323333,0.5604275169780274,False,False,,,
HG,EIA Natural Gas Stocks Change,516,0.014846391061482144,0.7365346883052658,0.05713893401255125,0.19502434476654185,False,0.5213849287169042,0.5213849287169042,0.4772049453252453,0.5652328893096509,False,False,,,
HG,Existing Home Sales,103,0.07497046499460595,0.45166542611348637,0.10104144071953233,0.3098458702670566,False,0.4752475247524752,0.5247524752475248,0.428249843605253,0.6194412135028449,False,True,,,
HG,Existing Home Sales MoM,48,0.09797571374137728,0.5076511344567561,0.12804298862152944,0.3857766786510963,False,0.5869565217391305,0.5869565217391305,0.4433949777658458,0.7171139677786819,True,True,,,
HG,Export Prices MoM,100,0.06525036350984223,0.5189350141890051,0.06940730585530944,0.4926027609570888,False,0.5444444444444444,0.5444444444444444,0.44184633566857406,0.6434038309462924,False,True,,,
HG,Factory Orders MoM,104,-0.23975668372821127,0.014231623643519728,-0.1859589226439172,0.058755741373792136,False,0.47474747474747475,0.5252525252525253,0.427793082355566,0.6208254422866205,False,True,,,
HG,Fed Interest Rate Decision,33,-0.07359813369981212,0.683978718843273,-0.07301930546471118,0.6863377563333309,False,,,,,False,True,,,
HG,Goods Trade Balance Adv,36,0.5077427937390273,0.0015717846267718633,0.39279279279279283,0.017801983522913043,False,0.6285714285714286,0.6285714285714286,0.4633693683981063,0.7683418049934342,True,True,,,
HG,House Price Index MoM,57,-0.1376672916635141,0.3071544790397376,-0.08173450868550688,0.5455621419901999,False,0.44642857142857145,0.5535714285714286,0.42413214787019304,0.676132787478347,False,True,,,
HG,Housing Starts,99,0.11539064748536751,0.2553941351677009,0.1202424394655391,0.23581606041113815,False,0.46808510638297873,0.5319148936170213,0.43178263745870227,0.6295410597981543,False,True,,,
HG,IBD/TIPP Economic Optimism,28,,,,,False,,,,,False,True,,,
HG,ISM Manufacturing Employment,51,-0.08353162238051523,0.5600506467413807,-0.09728506787330317,0.4970464720371319,False,0.45098039215686275,0.5490196078431373,0.4138470854734202,0.6773248145335304,False,True,,,
HG,ISM Manufacturing PMI,104,0.1409565470318569,0.15350979590969066,0.10229382268217221,0.3014627767555237,False,0.5631067961165048,0.5631067961165048,0.466759917452737,0.6549156955843124,False,True,,,
HG,ISM Manufacturing Prices,101,0.024253247241225837,0.8097538484855771,0.033302271403610945,0.7409394636741726,False,0.55,0.55,0.4524460299519491,0.6438546202256804,False,True,,,
HG,ISM Non-Manufacturing Business Activity,49,-0.014769530015417172,0.9197702096203554,-0.03673844288953992,0.8021119624567457,False,0.5217391304347826,0.5217391304347826,0.38137413069727216,0.6587531056888596,False,True,,,
HG,ISM Non-Manufacturing PMI,63,-0.06361923042252421,0.6203513624197978,-0.1109404254554687,0.38670656328523845,False,0.4166666666666667,0.5833333333333333,0.4572808101974486,0.6993572144411129,False,True,,,
HG,Import Prices MoM,100,0.030478571180417583,0.7633963899228879,0.019463583217966714,0.8475800865818915,False,0.4666666666666667,0.5333333333333333,0.4310218745160155,0.6329157504451343,False,True,,,
HG,Inflation Rate MoM,99,-0.323201611162141,0.001102339622030505,-0.3286332714904143,0.0008966965070899379,False,0.40816326530612246,0.5918367346938775,0.4928537159112164,0.6838915920224888,False,True,,,
HG,Inflation Rate YoY,100,-0.27472824128995477,0.005671721692184313,-0.2356435643564356,0.018267646516658534,False,0.43434343434343436,0.5656565656565656,0.46737456651295606,0.6590335975567292,False,True,,,
HG,Initial Jobless Claims,523,0.06946709709639298,0.11256415057207007,0.06262476600940645,0.15267248944122583,False,0.49700598802395207,0.5029940119760479,0.4593565326019151,0.5465859270506601,False,True,,,
HG,JOLTs Job Openings,100,-0.16193370076209196,0.10748068522241658,-0.12224789228101524,0.2256426122507394,False,0.4583333333333333,0.5416666666666667,0.44231552915449257,0.6378115051892543,False,True,,,
HG,Manufacturing Payrolls,100,-0.000743337264553513,0.9941436464125946,-0.012601260126012601,0.9009722591534021,False,0.46,0.54,0.44264860321134236,0.6343919169307612,False,True,,,
HG,Michigan Consumer Expectations Final,45,0.175472710282271,0.24892872026708096,0.11607760472715667,0.44765365361121984,False,0.5813953488372093,0.5813953488372093,0.43328577383622974,0.7161544907491686,True,True,,,
HG,Michigan Consumer Expectations Prel,70,0.07783556497676734,0.5218695847333067,0.06811898538756195,0.5752653301106871,False,0.5303030303030303,0.5303030303030303,0.41157685723928233,0.6456957150614486,False,True,,,
HG,Michigan Consumer Sentiment Final,102,0.04264118089410698,0.670442463508103,0.02298551601503104,0.8186267631973365,False,0.45,0.55,0.45244602995194905,0.6438546202256804,False,True,,,
HG,Michigan Consumer Sentiment Prel,103,-0.03934918162022822,0.6931161820038703,0.004316629753606416,0.9654826797736809,False,0.4536082474226804,0.5463917525773196,0.4474409242724182,0.6418080820895581,False,True,,,
HG,Michigan Current Conditions Final,47,0.06682827412618057,0.6553703335239182,0.06955566479735772,0.642237597684794,False,0.5111111111111111,0.5111111111111111,0.37004464641514134,0.6504297625011498,False,True,,,
HG,Michigan Current Conditions Prel,72,0.09207520470563481,0.44174695729819313,0.13838015191608982,0.24636179976545172,False,0.5294117647058824,0.5294117647058824,0.4124092208609364,0.6432689358129562,False,True,,,
HG,Monthly Budget Statement,99,0.014957876895590645,0.8831738226624911,-0.017193394800648014,0.8658659121352895,False,0.48936170212765956,0.5106382978723405,0.4111688614883291,0.6092723709306231,False,True,,,
HG,NAHB Housing Market Index,103,0.053221895659610635,0.5933900542945407,-0.01736967254730846,0.8617517832971411,False,0.46938775510204084,0.5306122448979591,0.4325246720221616,0.6263904306224068,False,True,,,
HG,NFIB Business Optimism Index,65,0.061331653328764224,0.6274390400683728,-0.045438651042717215,0.7192841295237099,False,0.41379310344827586,0.5862068965517242,0.45798408167910565,0.7037197362839035,False,True,,,
HG,NY Empire State Manufacturing Index,101,0.0232064044541215,0.8178201870220582,-0.0341269496334111,0.7347594602588565,False,0.4631578947368421,0.5368421052631579,0.4370969126596531,0.6337235718150938,False,True,,,
HG,Net Long-term TIC Flows,43,0.19850271108698228,0.20193588196986037,0.23318731154723538,0.13235340203721507,False,0.631578947368421,0.631578947368421,0.472839595533472,0.76615780755476,True,True,,,
HG,New Home Sales,99,0.05308272945230401,0.6017909301041751,-0.04007433541866846,0.6937074000456304,False,0.47959183673469385,0.5204081632653061,0.4226080629859069,0.6166686721104722,False,True,,,
HG,New Home Sales MoM,46,0.12336327771910838,0.41404786051732756,0.11230342275670675,0.45743778912855776,False,0.5555555555555556,0.5555555555555556,0.411761344903146,0.6906106996783098,False,True,,,
HG,Non Defense Goods Orders Ex Air,28,,,,,False,,,,,False,True,,,
HG,Non Farm Payrolls,100,0.10193141837690277,0.3129122051224748,-0.09418541854185418,0.3512916378811595,False,0.38,0.62,0.522097552931935,0.7090240074943756,False,True,,,
HG,Nonfarm Payrolls Private,100,0.10281880898827467,0.3086959611413933,-0.05735373537353734,0.5708545281403645,False,0.39,0.61,0.5120301704353077,0.699831259955477,False,True,,,
HG,PCE Price Index MoM,29,,,,,False,,,,,False,True,,,
HG,PCE Price Index YoY,26,,,,,False,,,,,False,True,,,
HG,PPI MoM,102,0.0019824891154713465,0.9842225331482162,-0.02852716159165512,0.7759373503398785,False,0.494949494949495,0.505050505050505,0.40823170282067067,0.6014920021077665,False,True,,,
HG,PPI YoY,101,-0.03527996984475829,0.7261472744191418,-0.05984927023434836,0.5521615157739896,False,0.5,0.5,0.4028918256032012,0.5971081743967988,False,True,,,
HG,Pending Home Sales MoM,103,0.06783613600439282,0.49596999777520184,0.007446314870417709,0.9404927356810068,False,0.43564356435643564,0.5643564356435644,0.4670564676304422,0.6569402808506122,False,True,,,
HG,Personal Income MoM,85,0.029157139472148198,0.7910929139255871,0.08782489740082079,0.42413802576473963,False,0.5058823529411764,0.5058823529411764,0.40166435806203304,0.6095916480105142,False,True,,,
HG,Personal Spending MoM,100,0.19241256543042976,0.05512412156687487,-0.13678967896789676,0.17475342856380732,False,0.44,0.56,0.4622810464941731,0.6532797337189823,False,True,,,
HG,Philadelphia Fed Manufacturing Index,103,-0.11091628156110879,0.2646855289120769,-0.09537774673140283,0.3378852967339549,False,0.5154639175257731,0.5154639175257731,0.4173312640173832,0.6124184047699421,False,True,,,
HG,Retail Sales Ex Autos MoM,103,0.07825456052457117,0.4320371588981291,0.26639714922799074,0.00652865472051165,False,0.5957446808510638,0.5957446808510638,0.4946729927617103,0.689298099008859,False,True,,,
HG,Retail Sales MoM,103,0.16750921108954597,0.09078765484469596,0.2171782763914105,0.027553094439523435,False,0.6063829787234043,0.6063829787234043,0.5053112567595219,0.6991010674299998,False,True,,,
HG,S&P/Case-Shiller Home Price YoY,103,-0.11271043499743892,0.2569866963890888,-0.11170539911259501,0.26128029713132894,False,0.43137254901960786,0.5686274509803921,0.47174977730153644,0.6605235318133622,False,True,,,
HG,Unemployment Rate,100,-0.12062967171601954,0.2318910232905181,-0.14687068706870685,0.14479598324739254,False,0.48,0.52,0.4231657776301877,0.6153544824408642,False,True,,,
HG,Wholesale Inventories MoM,103,-0.060893978180640566,0.541178705405535,-0.06706791363271522,0.5008731999934906,False,0.4444444444444444,0.5555555555555556,0.4574214280430705,0.6495393261697401,False,True,,,
HG,Wholesale Inventories MoM Adv,41,0.016664272341551944,0.9176370646331132,0.08013937282229966,0.6184307391755876,False,0.55,0.55,0.39829091795587246,0.6929469219206468,False,True,,,
NG,ADP Employment Change,89,0.13803771971495105,0.19704325211271576,0.1925867917398773,0.07058426504869592,False,0.6091954022988506,0.6091954022988506,0.504133895486985,0.7050217064406077,False,True,,,
NG,API Crude Oil Stock Change,262,-0.03752562220696254,0.5453690515580163,-0.053841953482731596,0.3854103073106977,False,0.46473029045643155,0.5352697095435685,0.47224088133029385,0.5971918041379157,False,False,,,
NG,Average Hourly Earnings MoM,88,0.037997189179148946,0.7252315354280662,-0.033118035284545246,0.7593635710731608,False,0.5232558139534884,0.5232558139534884,0.41897826791647297,0.6255446066274829,False,True,,,
NG,Average Hourly Earnings YoY,80,0.050051888361305044,0.6592792834380318,-0.07743833473137388,0.4947617649424747,False,0.46153846153846156,0.5384615384615384,0.4286364393790021,0.6446760367953679,False,True,,,
NG,Average Weekly Hours,88,0.0253955153250271,0.8143153594863475,-0.05659488471498402,0.6004621003173574,False,0.40963855421686746,0.5903614457831325,0.4828576852132005,0.6898708732816519,False,True,,,
NG,Balance of Trade,92,0.09534232644454053,0.3659690729419562,0.11652961992605952,0.26863807589903316,False,0.5909090909090909,0.5909090909090909,0.4864808525875053,0.6877324080154581,False,True,,,
NG,Building Permits,45,0.0612708205689056,0.6892838729420575,0.131927519517085,0.3876551695369242,False,0.36585365853658536,0.6341463414634146,0.48120701084363826,0.7641016898287242,True,True,,,
NG,Business Inventories MoM,91,0.030378269752036315,0.7749928759200972,-0.014142604598140122,0.8941510853827547,False,0.4772727272727273,0.5227272727272727,0.41961959492047307,0.6239337202302677,False,True,,,
NG,CB Consumer Confidence,91,0.07288286536204375,0.4923594439385047,0.07909564053948594,0.4561129969170583,False,0.5581395348837209,0.5581395348837209,0.4529345699272528,0.6583726164326366,False,True,,,
NG,CB Leading Index MoM,88,0.09224529389077409,0.3926678219202651,0.10104879411691668,0.3488775538045737,False,0.5119047619047619,0.5119047619047619,0.4068518288762964,0.6159164633038396,False,True,,,
NG,CPI,38,-0.10487745129117858,0.5308930908545836,-0.10680089746247902,0.5233424519807378,False,0.4444444444444444,0.5555555555555556,0.3958106175219248,0.7045873126297026,False,True,,,
NG,Capacity Utilization,89,0.01614195055037229,0.8806542705681554,-0.014453770069681711,0.8930578291115838,False,0.46511627906976744,0.5348837209302326,0.4302430271939165,0.6365412846220171,False,True,,,
NG,Construction Spending MoM,89,0.06123467584013482,0.5686399566677658,0.08547983453459583,0.4257562945570334,False,0.5348837209302325,0.5348837209302325,0.43024302719391644,0.636541284622017,False,True,,,
NG,Consumer Credit Change,91,-0.1824152434745059,0.0835182068949025,-0.15376896011293603,0.14559868621380415,False,0.39285714285714285,0.6071428571428572,0.5002180658756822,0.704696563745542,False,True,,,
NG,Continuing Jobless Claims,456,0.04867746850788482,0.2996295043148356,0.0010586744865540192,0.9820131704733918,False,0.5147392290249433,0.5147392290249433,0.46816808607652927,0.5610558087340202,False,True,,,
NG,Core Inflation Rate MoM,87,-0.013056218135225802,0.9044641395747717,-0.07250259720160956,0.504544077396909,False,0.4166666666666667,0.5833333333333333,0.47652642984365545,0.6828516154172967,False,True,,,
NG,Core Inflation Rate YoY,88,-0.009520561814739413,0.929848241103778,-0.0479561825332821,0.6572653120941809,False,0.47058823529411764,0.5294117647058824,0.4243417304776207,0.6319382998851164,False,True,,,
NG,Core PCE Price Index MoM,88,-0.08115859100610041,0.45223718329113527,-0.14135009952703714,0.1889712269995386,False,0.4588235294117647,0.5411764705882354,0.4357633606755509,0.6430286818322812,False,True,,,
NG,Core PCE Price Index YoY,87,-0.1758611660190751,0.10324446672504063,-0.13009641498871016,0.22974367730437523,False,0.4642857142857143,0.5357142857142857,0.4298471593522587,0.6384577171881494,False,True,,,
NG,Core PPI MoM,90,0.195864807558693,0.06429533856748397,0.16845978451942567,0.11247283402180876,False,0.5747126436781609,0.5747126436781609,0.46983887415509906,0.6732675903216748,False,True,,,
NG,Core PPI YoY,90,0.2395219793735573,0.022981169239254338,0.21617016375590703,0.040720280022827064,False,0.5977011494252874,0.5977011494252874,0.49264741198606377,0.6944918107912561,False,True,,,
NG,Durable Goods Orders Ex Transp MoM,91,-0.01457418369747211,0.8909405306690946,0.08002898562328771,0.4507981782571413,False,0.5393258426966292,0.5393258426966292,0.43629456159015195,0.6391027887830607,False,True,,,
NG,Durable Goods Orders MoM,91,0.04637893868056683,0.6624407298206046,0.07439908583864449,0.4833759225334148,False,0.5280898876404494,0.5280898876404494,0.4253754742716865,0.6284797759948939,False,True,,,
NG,EIA Crude Oil Stocks Change,473,-0.0980523191631272,0.03300730955879593,-0.06665069252378317,0.1478042058152074,False,0.4605263157894737,0.5394736842105263,0.4935855992756186,0.5847022525683282,False,False,,,
NG,EIA Distillate Stocks Change,309,-0.08939366601707724,0.11684153842417942,-0.09668220904122023,0.08977100222692441,False,0.47194719471947194,0.528052805280528,0.4718436463503195,0.5835595578491307,False,False,,,
NG,EIA Gasoline Stocks Change,467,0.021972081927264332,0.6357813353134383,-0.03568717720984166,0.4416649564662943,False,0.5444444444444444,0.5444444444444444,0.4982479339133694,0.5898885710762385,False,False,,,
NG,Existing Home Sales,91,0.05213898706981724,0.6235448042179232,0.02373027122886124,0.823321916481435,False,0.4772727272727273,0.5227272727272727,0.41961959492047307,0.6239337202302677,False,True,,,
NG,Existing Home Sales MoM,36,0.05250119045289049,0.7610518847097719,0.034622562656158935,0.8411177345150476,False,0.4411764705882353,0.5588235294117647,0.39453899252608493,0.7111651775684877,True,True,,,
NG,Export Prices MoM,88,-0.09200838659658366,0.3938897117447153,-0.06625211588170564,0.5396859619633793,False,0.4567901234567901,0.5432098765432098,0.4352401589421342,0.6472666731792371,False,True,,,
NG,Factory Orders MoM,92,0.09622078716954026,0.36154868530376894,0.12558037382910686,0.23295387987585608,False,0.4888888888888889,0.5111111111111111,0.40951745782988713,0.6117950838238294,False,True,,,
NG,Fed Interest Rate Decision,33,0.11044014924016264,0.5406409274311635,0.5030608881294765,0.0028452282197899545,False,,,,,False,True,,,
NG,Goods Trade Balance Adv,34,0.022031662358431806,0.9015724231445132,0.147440794499618,0.405338459532931,False,0.5454545454545454,0.5454545454545454,0.3798593853263406,0.7015706148930878,False,True,,,
NG,House Price Index MoM,47,0.25541375285921764,0.08314072279845017,0.19530527289546717,0.1883077900945767,False,0.5434782608695652,0.5434782608695652,0.4018018105665846,0.6784526622056792,False,True,,,
NG,Housing Starts,87,-0.0516911150556402,0.6344398001266712,-0.05420775408473304,0.618011821102815,False,0.5853658536585366,0.5853658536585366,0.4772569583190023,0.6858343986085307,False,True,,,
NG,ISM Manufacturing Employment,39,-0.007821309280128481,0.9623095465197433,-0.07105263157894738,0.6673187449511045,False,0.5,0.5,0.3484992836116624,0.6515007163883376,False,True,,,
NG,ISM Manufacturing PMI,92,0.05043565785437357,0.6330405950627945,0.051200641170040494,0.6278871957971273,False,0.5393258426966292,0.5393258426966292,0.43629456159015195,0.6391027887830607,False,True,,,
NG,ISM Manufacturing Prices,89,0.08988002548957427,0.4022346778399652,-0.0011236146343922176,0.9916620101510459,False,0.4418604651162791,0.5581395348837209,0.4529345699272527,0.6583726164326364,False,True,,,
NG,ISM Non-Manufacturing Business Activity,38,0.022759468789445812,0.8921141711806778,0.11171900645584856,0.5042791560233562,False,0.6216216216216216,0.6216216216216216,0.4610043043554111,0.7593600082690548,True,True,,,
NG,ISM Non-Manufacturing PMI,51,-0.19180457510786192,0.1775431945760002,-0.10063348416289593,0.48228199666129323,False,0.52,0.52,0.38511744887073723,0.6520286471626846,False,True,,,
NG,Import Prices MoM,88,-0.018741724119891803,0.8624043548713419,-0.0654770313034565,0.5444499854550423,False,0.4567901234567901,0.5432098765432098,0.4352401589421342,0.6472666731792371,False,True,,,
NG,Industrial Production MoM,89,-0.025705130620175626,0.8110179030070428,-0.0225744394727891,0.8336809732569823,False,0.46511627906976744,0.5348837209302326,0.4302430271939165,0.6365412846220171,False,True,,,
NG,Inflation Rate MoM,87,-0.053658947454556793,0.6215787032821708,-0.04317713744862067,0.6913012161043053,False,0.47619047619047616,0.5238095238095238,0.4183210564933705,0.6272155278669016,False,True,,,
NG,Inflation Rate YoY,88,-0.03215630848236007,0.7661483788034291,1.7611524984679435e-05,0.9998700657054294,False,0.49411764705882355,0.5058823529411764,0.40166435806203316,0.6095916480105144,False,True,,,
NG,Initial Jobless Claims,471,0.051488137995845104,0.2647674232218691,0.08370613341030668,0.06952475472959495,False,0.5504385964912281,0.5504385964912281,0.5045486340532814,0.5954858433028727,False,True,,,
NG,JOLTs Job Openings,88,-0.01703288257247109,0.8748434062140334,0.05494795795219984,0.6111225086724086,False,0.4588235294117647,0.5411764705882354,0.4357633606755509,0.6430286818322812,False,True,,,
NG,Manufacturing Payrolls,88,0.056069122751401246,0.6038563328195514,-0.15482967679025764,0.14976405317684374,False,0.5116279069767442,0.5116279069767442,0.4077672083303301,0.6144942289416477,False,True,,,
NG,Manufacturing Production MoM,64,-0.1846654329433745,0.14406950466303278,-0.2279330120686429,0.07007103428885686,False,0.3709677419354839,0.6290322580645161,0.5045796412053332,0.7384283401812067,True,True,,,
NG,Michigan Consumer Expectations Final,45,0.1641780897907443,0.2811758900765919,0.10685111989459814,0.4847940310085364,False,0.5227272727272727,0.5227272727272727,0.3793546555748737,0.6624500897072563,False,True,,,
NG,Michigan Consumer Expectations Prel,70,-0.08108401823000165,0.504591655608357,-0.01772373370658735,0.8842144467887685,False,0.4927536231884058,0.5072463768115942,0.3920526756006729,0.6216757699324791,False,True,,,
NG,Michigan Consumer Sentiment Prel,91,-0.006584705691379186,0.9506055042061787,0.017104634495938843,0.8721532947243101,False,0.4666666666666667,0.5333333333333333,0.4310218745160155,0.6329157504451343,False,True,,,
NG,Michigan Current Conditions Final,47,0.021208632389013285,0.8874752507317848,-0.08279370952821462,0.5800770486057583,False,0.34782608695652173,0.6521739130434783,0.5077005883865724,0.773190066316351,True,True,,,
NG,Michigan Current Conditions Prel,72,0.11422323945938317,0.33938292438522566,0.1334812528136858,0.2636463417168103,False,0.5352112676056338,0.5352112676056338,0.42039236911918804,0.6464155215695624,False,True,,,
NG,Monthly Budget Statement,87,0.18817029690072715,0.0809191469732679,0.18225478689487512,0.09111328180305502,False,0.4578313253012048,0.5421686746987953,0.4355004304289606,0.6451062302019706,False,True,,,
NG,NAHB Housing Market Index,91,0.11403695260248754,0.28178385661979066,-0.029177085161928722,0.7836677628471963,False,0.4772727272727273,0.5227272727272727,0.41961959492047307,0.6239337202302677,False,True,,,
NG,NFIB Business Optimism Index,55,-0.04610277002143007,0.738204596961726,0.0025617896862860042,0.9851902132248959,False,0.5882352941176471,0.5882352941176471,0.4516533720324963,0.7124560479800148,True,True,,,
NG,NY Empire State Manufacturing Index,89,-0.10836597739414129,0.3120877415165763,-0.1570136037949641,0.1417095224638905,False,0.4050632911392405,0.5949367088607596,0.48473153988906903,0.696337217387891,False,True,,,
NG,Net Long-term TIC Flows,38,-0.12605332507239228,0.45078724298650635,-0.0347370966202643,0.8359762566149749,False,0.5,0.5,0.3315412563702928,0.6684587436297071,False,True,,,
NG,New Home Sales,87,-0.0005366783246601005,0.9960637330651402,-0.017606692748682373,0.8714148994214779,False,0.5180722891566265,0.5180722891566265,0.412177570897311,0.6223681408016595,False,True,,,
NG,New Home Sales MoM,34,0.31308435137078305,0.0713995869986694,0.26844919786096255,0.12475968652219459,False,0.6060606060606061,0.6060606060606061,0.43683440816134356,0.7531689256839895,True,True,,,
NG,Non Farm Payrolls,88,0.017675775165812126,0.8701599085051049,-0.121174497088707,0.2607524953531968,False,0.4883720930232558,0.5116279069767442,0.4077672083303301,0.6144942289416477,False,True,,,
NG,Nonfarm Payrolls Private,88,0.020841320855648316,0.8471669853050461,-0.08863763445206924,0.41151873430919605,False,0.47674418604651164,0.5232558139534884,0.41897826791647286,0.6255446066274828,False,True,,,
NG,PCE Price Index MoM,28,,,,,False,,,,,False,True,,,
NG,PCE Price Index YoY,26,,,,,False,,,,,False,True,,,
NG,PPI MoM,90,0.13918281266778731,0.19076308698540895,0.14149304842924054,0.18343235778765454,False,0.5977011494252874,0.5977011494252874,0.49264741198606377,0.6944918107912561,False,True,,,
NG,PPI YoY,90,0.19426560323286815,0.06654651856874944,0.21353605034050432,0.043296768848164635,False,0.6091954022988506,0.6091954022988506,0.504133895486985,0.7050217064406077,False,True,,,
NG,Pending Home Sales MoM,91,0.03370165189197119,0.7511380617366833,0.022393883960475373,0.8331234571379195,False,0.47674418604651164,0.5232558139534884,0.41897826791647286,0.6255446066274828,False,True,,,
NG,Personal Income MoM,85,0.058138503331241,0.5971374051180649,0.12679552074965286,0.24753290474819947,False,0.573170731707317,0.573170731707317,0.4652120802607826,0.6745805113913885,False,True,,,
NG,Personal Spending MoM,88,0.10644526822864349,0.3236056102024098,-0.21480777023813508,0.04445342236279957,False,0.4235294117647059,0.5764705882352941,0.470363502050286,0.6759645768928306,False,True,,,
NG,Philadelphia Fed Manufacturing Index,91,0.10119624188408427,0.3398514633324103,0.08880536400814112,0.4025397749870276,False,0.5113636363636364,0.5113636363636364,0.4086553039583115,0.6131213536170589,False,True,,,
NG,Retail Sales Ex Autos MoM,91,0.13700498553398496,0.19532256669006973,0.0139260691499732,0.8957625573164205,False,0.4878048780487805,0.5121951219512195,0.40590772385810114,0.6173910414172608,False,True,,,
NG,Retail Sales MoM,91,0.05570622450655605,0.5999551632722631,0.0017367752143559255,0.9869641372255136,False,0.4634146341463415,0.5365853658536586,0.4294472560078726,0.640449039818213,False,True,,,
NG,Richmond Fed Manufacturing Index,51,0.297023287904453,0.034292988819064465,0.2869295686157126,0.041207799504182546,False,0.5918367346938775,0.5918367346938775,0.45247319388661844,0.7178476148221729,True,True,,,
NG,S&P/Case-Shiller Home Price YoY,91,0.325622916185505,0.0016348699645786493,0.3095397356266922,0.0028293316149789463,False,0.5333333333333333,0.5333333333333333,0.43102187451601554,0.6329157504451343,False,True,,,
NG,Total Vehicle Sales,27,,,,,False,,,,,False,True,,,
NG,Unemployment Rate,88,-0.037791782322965234,0.7266582262331885,-0.09883457272899118,0.3595937233041366,False,0.4069767441860465,0.5930232558139534,0.4873827309332478,0.690708767242575,False,True,,,
NG,Wholesale Inventories MoM,91,-0.004676444202238004,0.9649092040092053,0.012279220884195982,0.9080318896337138,False,0.5227272727272727,0.5227272727272727,0.419619594920473,0.6239337202302677,False,True,,,
NG,Wholesale Inventories MoM Adv,38,-0.07937004874840156,0.6357322513048143,-0.12266112266112267,0.46316054947930707,False,0.32432432432432434,0.6756756756756757,0.5146366723815708,0.8036673347426577,True,True,,,
NQ,ADP Employment Change,101,-0.016740571810148555,0.8680324901789508,0.16871483652672278,0.09168585701984022,False,0.5612244897959183,0.5612244897959183,0.46251002106890005,0.6553201842202366,False,True,,,
NQ,Average Hourly Earnings MoM,103,0.00756898349450336,0.9395142657002782,-0.2896806220621183,0.0029977301128954505,False,0.3883495145631068,0.6116504854368932,0.5151342340494736,0.7001380044006907,False,True,,,
NQ,Average Hourly Earnings YoY,83,0.012108660110843673,0.9134831921942993,-0.1830947483313043,0.09755726390786976,False,0.40963855421686746,0.5903614457831325,0.4828576852132005,0.6898708732816519,False,True,,,
NQ,Balance of Trade,104,-0.089749794912857,0.36491469997169446,-0.15255521177851275,0.12209854208101234,False,0.44660194174757284,0.5533980582524272,0.45719211140745375,0.6457641765469726,False,True,,,
NQ,Building Permits,56,0.011403641125760323,0.9335215768320665,0.04272043745727957,0.7545672400351495,False,0.35714285714285715,0.6428571428571428,0.5119388779830791,0.7554342829463614,True,True,,,
NQ,Business Inventories MoM,103,-0.021726085330558993,0.8275612528489794,0.06998198831436982,0.4824088120503235,False,0.5728155339805825,0.5728155339805825,0.47636299762231815,0.6640319404973541,False,True,,,
NQ,CB Consumer Confidence,103,0.28011420579778523,0.004160103562882318,0.2647717787637833,0.006876626124117402,False,0.6019417475728155,0.6019417475728155,0.5053868568356795,0.6911660565318617,False,True,,,
NQ,CB Leading Index MoM,100,-0.015188565392882356,0.8807766780299715,-0.03507950795079508,0.7289734542105085,False,0.46,0.54,0.44264860321134236,0.6343919169307612,False,True,,,
NQ,CPI,38,-0.5345992644674754,0.0005450850934906342,-0.6071780282306597,5.300382587160507e-05,True,0.2894736842105263,0.7105263157894737,0.5524286232040918,0.8299672217370797,True,True,0.000999000999000999,,
NQ,Capacity Utilization,101,-0.03449215923401226,0.732028006842025,-0.023389633080955152,0.816406940125825,False,0.5247524752475248,0.5247524752475248,0.428249843605253,0.619441213502845,False,True,,,
NQ,Chicago PMI,103,0.13084752032932137,0.1876970543556757,0.12763036506611608,0.19887623123037004,False,0.49514563106796117,0.5048543689320388,0.40987543920771663,0.5994842233335949,False,True,,,
NQ,Construction Spending MoM,101,-0.048539280395455825,0.6297874321112633,-0.07094933022714035,0.48078169917751745,False,0.46534653465346537,0.5346534653465347,0.4378967072304615,0.6288707727208754,False,True,,,
NQ,Consumer Credit Change,103,0.0880905347906634,0.37624712969757307,-0.0020208232658261217,0.9838368929160968,False,0.4563106796116505,0.5436893203883495,0.4476593463034453,0.6365776165683581,False,True,,,
NQ,Continuing Jobless Claims,507,0.026506725142762876,0.5515264148385333,0.026313328791705847,0.5544345118491713,False,0.5248508946322068,0.5248508946322068,0.4811865995573853,0.568138489313759,False,True,,,
NQ,Core Inflation Rate MoM,99,-0.3947889354471755,5.260383947411168e-05,-0.551638837353123,3.262617405290896e-09,True,0.3333333333333333,0.6666666666666667,0.5691204267283991,0.7517618359100329,True,True,0.000999000999000999,,
NQ,Core Inflation Rate YoY,100,-0.38415969883077256,7.952644501969603e-05,-0.5509870987098708,2.8516993336955192e-09,True,0.32,0.6799999999999999,0.5833738138720235,0.7633085267674424,True,True,0.000999000999000999,,
NQ,Core PCE Price Index MoM,100,-0.2393860093114972,0.016451096966253718,-0.31773177317731766,0.0012762202343765967,False,0.42,0.5800000000000001,0.48206486700760776,0.6720161732765995,False,True,,,
NQ,Core PCE Price Index YoY,91,-0.17335802713363957,0.10031313499242726,-0.16534480012740885,0.11728161699660476,False,0.38461538461538464,0.6153846153846154,0.5126876687408712,0.7087344841944087,False,True,,,
NQ,Core PPI MoM,102,-0.25662893695793704,0.00922395920665448,-0.3049468336262297,0.0018305064463056875,False,0.34,0.6599999999999999,0.5627772885238507,0.7453847920445635,True,True,,,
NQ,Durable Goods Orders Ex Transp MoM,102,0.11436861405468333,0.252378650157143,0.040095899938366195,0.6890689467169621,False,0.5490196078431373,0.5490196078431373,0.45242713450697597,0.6420538005750948,False,True,,,
NQ,Durable Goods Orders MoM,103,-0.06780373104903806,0.49617631242626475,0.0201313535122787,0.8400434440407907,False,0.5145631067961165,0.5145631067961165,0.41926957084070865,0.6088094167832259,False,True,,,
NQ,EIA Crude Oil Stocks Change,524,-0.0347981137879953,0.4266695199450934,-0.011827995104161668,0.7870694460821906,False,0.5468451242829828,0.5468451242829828,0.5039948714498852,0.5890122356777812,False,False,,,
NQ,EIA Distillate Stocks Change,309,-0.0655514473497916,0.25061566737885727,-0.06948967099295941,0.22320907543267163,False,0.4707792207792208,0.5292207792207793,0.4734598429831294,0.5842617956596843,False,False,,,
NQ,EIA Gasoline Stocks Change,516,0.007958127480832083,0.8568869488097671,-0.007519369654811591,0.8646991784180589,False,0.45436893203883494,0.5456310679611651,0.5024484195893852,0.5881380191016665,False,False,,,
NQ,EIA Natural Gas Stocks Change,516,0.016770312950213615,0.7039074548682426,0.062418311386078486,0.15683006043551379,False,0.5263157894736842,0.5263157894736842,0.48307332783386814,0.5691670633714216,False,False,,,
NQ,Existing Home Sales MoM,48,0.02437535408959081,0.8693767544905957,-0.006404689535388623,0.9655391233101188,False,0.4791666666666667,0.5208333333333333,0.3832923230032036,0.6552868382593663,False,True,,,
NQ,Export Prices MoM,100,-0.03600497429849862,0.722111402334372,-0.09611761176117611,0.3414538307637425,False,0.4444444444444444,0.5555555555555556,0.4574214280430705,0.6495393261697401,False,True,,,
NQ,Factory Orders MoM,104,-0.24418722909712526,0.012487094548808735,-0.23972047370105626,0.014246712559458176,False,0.4230769230769231,0.5769230769230769,0.48089808905940723,0.6674678564192735,False,True,,,
NQ,Fed Interest Rate Decision,33,-0.11676636145489624,0.517549569539878,-0.16710187212116598,0.35264446426079454,False,,,,,False,True,,,
NQ,Goods Trade Balance Adv,36,0.0875293092684151,0.6117215666486677,0.03680823680823681,0.831227649447116,False,0.5,0.5,0.34474325406334705,0.655256745936653,False,True,,,
NQ,House Price Index MoM,57,0.05744191555010059,0.6712597158989364,0.06332641949701841,0.6397974819159122,False,0.5714285714285714,0.5714285714285714,0.44137620727852633,0.6923103731861939,False,True,,,
NQ,Housing Starts,98,0.05755618658060626,0.5734801105219519,0.062499601527583847,0.5409519015438541,False,0.37755102040816324,0.6224489795918368,0.5235658620282422,0.7120945485500314,True,True,,,
NQ,IBD/TIPP Economic Optimism,28,,,,,False,,,,,False,True,,,
NQ,ISM Manufacturing Employment,51,-0.10663740705863507,0.4563978338071655,-0.056289592760180994,0.6948116914794318,False,0.43137254901960786,0.5686274509803921,0.4326530210622609,0.69498763894747,False,True,,,
NQ,ISM Manufacturing PMI,104,0.2864995009188081,0.0031932936130247545,0.20280593193214555,0.03894814037511501,False,0.5673076923076923,0.5673076923076923,0.4713702127976779,0.6584499894961678,False,True,,,
NQ,ISM Manufacturing Prices,101,0.09464262838641821,0.3464882476796956,0.09157833430401864,0.36239505424126955,False,0.504950495049505,0.504950495049505,0.4090648919102948,0.6004733195113248,False,True,,,
NQ,ISM Non-Manufacturing Business Activity,49,0.08087886027742672,0.5806448626444426,0.13959183673469386,0.3387630356101311,False,0.4897959183673469,0.5102040816326531,0.37467563737502574,0.6442488969259512,False,True,,,
NQ,Import Prices MoM,100,-0.16846439744451513,0.09384377043625426,-0.2083408340834083,0.037516482871262476,False,0.46464646464646464,0.5353535353535354,0.43763089170060054,0.6304350427984606,False,True,,,
NQ,Industrial Production MoM,101,-0.05551400407281836,0.5813664441035318,-0.04124635993011066,0.6821467300349384,False,0.5148514851485149,0.5148514851485149,0.418639265935981,0.6099753683288778,False,True,,,
NQ,Inflation Rate MoM,99,-0.4724285390755894,7.929863328433451e-07,-0.5859740259740259,1.869512154766741e-10,True,0.2828282828282828,0.7171717171717171,0.6216388443922471,0.7964804675305581,True,True,0.000999000999000999,,
NQ,Inflation Rate YoY,100,-0.47123556380602194,7.484627112402811e-07,-0.5585598559855984,1.5531414953774047e-09,True,0.29,0.71,0.6146110882208207,0.7898516425252229,True,True,0.000999000999000999,,
NQ,Initial Jobless Claims,523,0.12032153904369858,0.005867630749371736,-0.019964459292242172,0.6487322710618051,False,0.4816955684007707,0.5183044315992293,0.4753403447925877,0.5609995431015175,False,True,,,
NQ,JOLTs Job Openings,100,-0.16154355166383774,0.10834186670232408,-0.13336933693369335,0.18588736616593166,False,0.5252525252525253,0.5252525252525253,0.4277930823555662,0.6208254422866207,False,True,,,
NQ,Manufacturing Payrolls,103,0.0369877492410292,0.7106894089363984,-0.03862627948864385,0.6984791151246549,False,0.4368932038834951,0.5631067961165048,0.46675991745273704,0.6549156955843124,False,True,,,
NQ,Manufacturing Production MoM,64,-0.1881300545085071,0.13656488001333847,-0.2130952380952381,0.09090530838775758,False,0.375,0.625,0.5025037868112634,0.7333401982342674,True,True,,,
NQ,Michigan Consumer Expectations Final,45,0.14267431259463875,0.34981366286934756,0.13017127799736494,0.39405995524141607,False,0.5777777777777777,0.5777777777777777,0.43300788705934923,0.7103129753546886,True,True,,,
NQ,Michigan Consumer Expectations Prel,70,0.19615704438685622,0.10363712730981783,0.2167964307584638,0.0714360929092009,False,0.5285714285714286,0.5285714285714286,0.4132188746572597,0.640951236060831,False,True,,,
NQ,Michigan Consumer Sentiment Final,103,0.15668748164852797,0.11397490296499939,0.1575143873830339,0.11205512485372594,False,0.5436893203883495,0.5436893203883495,0.44765934630344534,0.6365776165683581,False,True,,,
NQ,Michigan Consumer Sentiment Prel,103,0.15203168943017345,0.12526382676266623,0.1757237622457497,0.0758187797385472,False,0.5631067961165048,0.5631067961165048,0.466759917452737,0.6549156955843124,False,True,,,
NQ,Michigan Current Conditions Final,48,0.2102346001323751,0.1515040231534949,0.21710811984368214,0.1382699913783274,False,0.6041666666666666,0.6041666666666666,0.463104084893048,0.7297917214198023,True,True,,,
NQ,Michigan Current Conditions Prel,72,0.17066429442465897,0.1517637806570742,0.204096726477587,0.08549410955428019,False,0.5277777777777778,0.5277777777777778,0.41400670487510227,0.638734896646063,False,True,,,
NQ,Monthly Budget Statement,99,-0.09622074587004222,0.34342176471796565,-0.06632034632034631,0.5142611153162256,False,0.5252525252525253,0.5252525252525253,0.4277930823555662,0.6208254422866207,False,True,,,
NQ,NAHB Housing Market Index,103,0.006820947777688409,0.9454823398686661,0.054825813820673905,0.5822888369321854,False,0.5196078431372549,0.5196078431372549,0.4237112724891159,0.6140811015437124,False,True,,,
NQ,NFIB Business Optimism Index,65,0.052014373052300326,0.6807094463102706,-0.08627622377622378,0.4943790841914014,False,0.4,0.6,0.47855999345420075,0.7102797002762822,True,True,,,
NQ,NY Empire State Manufacturing Index,101,0.00702869948305594,0.9443853517717296,0.01615627438984842,0.8725991104892986,False,0.5102040816326531,0.5102040816326531,0.4127304709807342,0.6069078965674553,False,True,,,
NQ,Net Long-term TIC Flows,43,0.24595861005225975,0.11186537308650797,0.19012382965871336,0.22202406019366724,False,0.5476190476190477,0.5476190476190477,0.39949119031460484,0.6877660676947535,False,True,,,
NQ,New Home Sales,99,0.03845385711205599,0.7055111055554734,-0.01910946196660482,0.8510811820812746,False,0.47474747474747475,0.5252525252525253,0.427793082355566,0.6208254422866205,False,True,,,
NQ,New Home Sales MoM,46,0.2051712219306718,0.17136045141201198,0.34665433240826393,0.018269008097470594,False,0.6304347826086957,0.6304347826086957,0.48600096420027483,0.7547624541165167,True,True,,,
NQ,Non Defense Goods Orders Ex Air,28,,,,,False,,,,,False,True,,,
NQ,Non Farm Payrolls,103,-0.019860435603611705,0.8421679900857516,-0.06921319685454465,0.48724441081572567,False,0.4077669902912621,0.5922330097087378,0.49567612541689554,0.6821574628680227,False,True,,,
NQ,Nonfarm Payrolls Private,103,-0.01768582536757435,0.8592611079436784,-0.022964899178491413,0.8178942389999498,False,0.4077669902912621,0.5922330097087378,0.49567612541689554,0.6821574628680227,False,True,,,
NQ,PCE Price Index MoM,29,,,,,False,,,,,False,True,,,
NQ,PCE Price Index YoY,26,,,,,False,,,,,False,True,,,
NQ,PPI MoM,102,-0.18857142296603285,0.05768659057497591,-0.2704035329286099,0.005983449973183265,False,0.34,0.6599999999999999,0.5627772885238507,0.7453847920445635,True,True,,,
NQ,PPI YoY,101,-0.2360256748665772,0.01749297925533613,-0.3225868450416853,0.001001791150993055,False,0.35353535353535354,0.6464646464646464,0.5484359722175611,0.7335514707071216,True,True,,,
NQ,Personal Income MoM,85,-0.04803262862597421,0.6624491689834494,0.10103576314246629,0.35753681095725903,False,0.4588235294117647,0.5411764705882354,0.4357633606755509,0.6430286818322812,False,True,,,
NQ,Personal Spending MoM,100,0.080869942210159,0.4238015903855388,-0.02557455745574557,0.8005993376277675,False,0.55,0.55,0.4524460299519491,0.6438546202256804,False,True,,,
NQ,Philadelphia Fed Manufacturing Index,103,-0.08878013495225266,0.3725074569194846,-0.003360716952949963,0.9731232477556934,False,0.5436893203883495,0.5436893203883495,0.44765934630344534,0.6365776165683581,False,True,,,
NQ,Retail Sales Ex Autos MoM,103,0.2007325930074394,0.042043049963899126,0.30763739401660595,0.0015717102539870838,False,0.6176470588235294,0.6176470588235294,0.520697553674308,0.7060566905226616,False,True,,,
NQ,Retail Sales MoM,103,0.29690807829929694,0.002322934570536413,0.3008939946404253,0.0020125416564921762,False,0.6274509803921569,0.6274509803921569,0.5306001919764467,0.7150502392369369,True,True,,,
NQ,Richmond Fed Manufacturing Index,63,0.13527363594591982,0.2904803304482352,0.0538594470046083,0.675040706296838,False,0.5079365079365079,0.5079365079365079,0.38762886272283603,0.6273319118864612,False,True,,,
NQ,S&P/Case-Shiller Home Price YoY,103,0.021419907877655464,0.8299545225848366,-0.09594517418617932,0.3350058861179664,False,0.5098039215686274,0.5098039215686274,0.41421021425876053,0.6046859727576537,False,True,,,
NQ,Total Vehicle Sales,38,0.02669639918637767,0.8735913013679164,0.08283181967392493,0.621021083923114,False,0.6052631578947368,0.6052631578947368,0.44717867992453975,0.7440192425460458,True,True,,,
NQ,Unemployment Rate,103,0.01789546931420228,0.8576102761794241,0.011828405746167026,0.9056047170083337,False,0.5728155339805825,0.5728155339805825,0.47636299762231815,0.6640319404973541,False,True,,,
NQ,Wholesale Inventories MoM,103,-0.018426923286434176,0.8534281295822262,-0.07848262531300795,0.4306923933564532,False,0.5048543689320388,0.5048543689320388,0.40987543920771663,0.5994842233335949,False,True,,,
NQ,Wholesale Inventories MoM Adv,41,-0.01779393989237798,0.912074779822878,0.07874564459930315,0.6245683425844459,False,0.5365853658536586,0.5365853658536586,0.3874647126440115,0.6794376602666329,False,True,,,
RTY,ADP Employment Change,65,0.2095739962567313,0.09383257711352651,0.18328434533814122,0.14389867955607555,False,0.6031746031746031,0.6031746031746031,0.4798091850879103,0.7146808848329536,True,True,,,
RTY,API Crude Oil Stock Change,251,0.023559645595116013,0.7103072787148781,0.005350909147487576,0.932776733527261,False,0.49173553719008267,0.5082644628099173,0.44564221597108933,0.5706284326784863,False,False,,,
RTY,Average Hourly Earnings MoM,67,-0.28931818216258054,0.017566431326506267,-0.2729268098012611,0.025445637267178012,False,0.417910447761194,0.582089552238806,0.46269931500226846,0.6925769904668495,False,True,,,
RTY,Average Hourly Earnings YoY,66,-0.29550543666119616,0.016001033069831045,-0.2665066277006576,0.030539050336032512,False,0.3939393939393939,0.6060606060606061,0.48548400797583036,0.7149699950767288,True,True,,,
RTY,Average Weekly Hours,67,-0.08234188325941225,0.5076894519318303,-0.018836299784499962,0.8797441188270159,False,0.4626865671641791,0.5373134328358209,0.41916457601961943,0.6514155628299796,False,True,,,
RTY,Balance of Trade,68,-0.23386971504418233,0.05492164208522545,-0.23579035767454284,0.052902306057898106,False,0.44776119402985076,0.5522388059701493,0.4335761279779409,0.6652360664114978,False,True,,,
RTY,Business Inventories MoM,67,0.27630472114059534,0.023614277532160135,0.24052198898555358,0.0499265038693513,False,0.5970149253731343,0.5970149253731343,0.47741328878337824,0.7060950722255793,False,True,,,
RTY,CB Consumer Confidence,67,0.1611579025488848,0.19262790229052795,0.144983637959933,0.2417570787464183,False,0.582089552238806,0.582089552238806,0.4626993150022685,0.6925769904668495,False,True,,,
RTY,CB Leading Index MoM,64,-0.08143363099377067,0.5223722937120626,-0.07976190476190474,0.5309750308542646,False,0.47619047619047616,0.5238095238095238,0.40270356434027965,0.642178759487612,False,True,,,
RTY,CPI,38,-0.5325463921678529,0.0005778780405331442,-0.5901083269504322,9.64344512139714e-05,False,0.2631578947368421,0.736842105263158,0.5799115380865107,0.850283787472307,True,True,,,
RTY,Capacity Utilization,65,-0.005534377420915183,0.965100390491041,-0.04379418481669667,0.7290456007639403,False,0.47619047619047616,0.5238095238095238,0.40270356434027965,0.642178759487612,False,True,,,
RTY,Chicago PMI,67,0.13241244820717946,0.2854493997646172,0.23453587676590315,0.056085584359313975,False,0.5970149253731343,0.5970149253731343,0.47741328878337824,0.7060950722255793,False,True,,,
RTY,Construction Spending MoM,65,0.015321218014946947,0.9035849626805935,0.01569055944055944,0.901272207076842,False,0.6153846153846154,0.6153846153846154,0.4938420280316936,0.7240499262727097,True,True,,,
RTY,Continuing Jobless Claims,353,0.07270498364072076,0.1728944947722783,-0.009229600551049667,0.8628109355411283,False,0.484149855907781,0.515850144092219,0.4633832169315867,0.5679699761514614,False,True,,,
RTY,Core Inflation Rate MoM,64,-0.4026483669192708,0.0009719642828246633,-0.6182692307692307,5.217897417517326e-08,True,0.265625,0.734375,0.6151712626846528,0.8270362092757175,True,True,0.000999000999000999,,
RTY,Core Inflation Rate YoY,65,-0.4184730725120787,0.000522320872668314,-0.6314248251748251,1.70644809796933e-08,True,0.26153846153846155,0.7384615384615385,0.620491973010312,0.8298180658854548,True,True,0.000999000999000999,,
RTY,Core PCE Price Index MoM,64,-0.407178240946824,0.0008402477473931892,-0.3837454212454212,0.0017466319391832956,False,0.484375,0.515625,0.39581601475908024,0.6336644833716111,False,True,,,
RTY,Core PCE Price Index YoY,64,-0.24432650458842786,0.05169236090170639,-0.24413919413919413,0.05187755926488965,False,0.34375,0.65625,0.5340364020700143,0.7607685792368992,True,True,,,
RTY,Core PPI MoM,66,-0.3747719577002197,0.0019330600913176042,-0.4344640434192674,0.0002674230465870766,False,0.3333333333333333,0.6666666666666667,0.546563438848341,0.7684357088056804,True,True,,,
RTY,Core PPI YoY,66,-0.3196495918286211,0.008889996169900917,-0.3680826636050517,0.0023602215202561186,False,0.36363636363636365,0.6363636363636364,0.5157964062791414,0.7419301690741489,True,True,,,
RTY,Durable Goods Orders Ex Transp MoM,67,0.22393284658383272,0.06850283074030472,0.18234425524358822,0.13970867815903645,False,0.546875,0.546875,0.42573597217312237,0.6627055222189517,False,True,,,
RTY,Durable Goods Orders MoM,67,0.13718779533292186,0.26827572483670314,0.1996647644963169,0.10524784856114223,False,0.59375,0.59375,0.4714520812577419,0.7054309075264062,False,True,,,
RTY,EIA Crude Oil Stocks Change,370,0.05078632650061888,0.32994839019296185,-0.013215069773182764,0.7999993882644698,False,0.47554347826086957,0.5244565217391304,0.4734435349870001,0.5749641924810456,False,False,,,
RTY,EIA Distillate Stocks Change,309,-0.12683234275019453,0.025781703050494032,-0.15065388599815202,0.007985617380848135,False,0.46405228758169936,0.5359477124183006,0.4799708370080995,0.591033218045112,False,False,,,
RTY,EIA Gasoline Stocks Change,364,-0.05938018389713636,0.2584751976265878,-0.06683753776423976,0.20329639329994914,False,0.5041551246537396,0.5041551246537396,0.4528073821910004,0.5554153675197432,False,False,,,
RTY,EIA Natural Gas Stocks Change,369,0.032931584479580486,0.5282891085125458,0.05925956532715514,0.25617635100668873,False,0.5315068493150685,0.5315068493150685,0.4802522700735254,0.5821051451515041,False,False,,,
RTY,Existing Home Sales,67,-0.011894892621811369,0.9238899295912951,0.03276398754888659,0.7923898903590795,False,0.5373134328358209,0.5373134328358209,0.41916457601961943,0.6514155628299796,False,True,,,
RTY,Export Prices MoM,64,0.001268076370328334,0.9920654331939831,-0.14528388278388274,0.25202138289548004,False,0.40625,0.59375,0.47145208125774185,0.7054309075264062,False,True,,,
RTY,Factory Orders MoM,68,-0.19745943990937304,0.10651889993382596,-0.184563117914265,0.13188589395610986,False,0.4411764705882353,0.5588235294117647,0.4408186530189526,0.6705376603288327,False,True,,,
RTY,Fed Interest Rate Decision,33,-0.32441278413242236,0.06548613416139999,-0.1386664695123121,0.44154156690161145,False,,,,,False,True,,,
RTY,House Price Index MoM,25,,,,,False,,,,,False,True,,,
RTY,Housing Starts,64,0.11668994266205629,0.3584812536871186,0.0699175824175824,0.5830129489625424,False,0.5079365079365079,0.5079365079365079,0.38762886272283603,0.6273319118864612,False,True,,,
RTY,ISM Manufacturing PMI,68,0.210687000753453,0.08460411696480821,0.17460014505477722,0.15442883633303164,False,0.6029411764705882,0.6029411764705882,0.4841605501386553,0.7107129982199688,True,True,,,
RTY,ISM Manufacturing Prices,65,0.06935434262405801,0.5830295135686882,0.04842657342657343,0.7016627854444107,False,0.49230769230769234,0.5076923076923077,0.3891645248463965,0.6253616054405635,False,True,,,
RTY,ISM Non-Manufacturing PMI,27,,,,,False,,,,,False,True,,,
RTY,Import Prices MoM,64,-0.05951904080921727,0.6403694628594053,-0.2070054945054945,0.10074859023191124,False,0.421875,0.578125,0.4561003153727987,0.6913021752806581,False,True,,,
RTY,Industrial Production MoM,65,-0.04193552598204675,0.7401302714287765,-0.18935958654524782,0.13085258915448894,False,0.3968253968253968,0.6031746031746033,0.4798091850879104,0.7146808848329536,True,True,,,
RTY,Inflation Rate MoM,64,-0.4329603831696047,0.0003524850875059726,-0.6316849816849816,2.1793403260841488e-08,True,0.1875,0.8125,0.7002563943294854,0.8893535682843418,True,True,0.000999000999000999,,
RTY,Inflation Rate YoY,65,-0.40701620234038594,0.0007661335159257612,-0.6095716783216782,7.075935383897588e-08,True,0.2153846153846154,0.7846153846153846,0.6703343975137057,0.8671324231038225,True,True,0.000999000999000999,,
RTY,Initial Jobless Claims,367,0.17099903759075066,0.0010056123561552068,-0.04885858738412475,0.3506339123205527,False,0.46111111111111114,0.5388888888888889,0.4872560821312748,0.5897005134436677,False,True,,,
RTY,JOLTs Job Openings,65,-0.10512574670398987,0.4046087696360106,-0.08929195804195804,0.479354407752283,False,0.5076923076923077,0.5076923076923077,0.3891645248463966,0.6253616054405636,False,True,,,
RTY,Manufacturing Payrolls,67,-0.017932003819554527,0.8854775119504047,-0.1183254848750898,0.3402533744719462,False,0.417910447761194,0.582089552238806,0.46269931500226846,0.6925769904668495,False,True,,,
RTY,Manufacturing Production MoM,63,-0.10121125275622611,0.4299469739897854,-0.24973898018047627,0.04838770305184716,False,0.3770491803278688,0.6229508196721312,0.49747857838878407,0.7338548967118048,True,True,,,
RTY,Michigan Consumer Expectations Prel,54,0.3688749028968083,0.006055407547737334,0.4027063083666857,0.0025362008745894392,False,0.6296296296296297,0.6296296296296297,0.4962746734914342,0.745766248107085,True,True,,,
RTY,Michigan Consumer Sentiment Final,67,-0.02171471537689391,0.8615368140203328,-0.010375927847394047,0.9335855389827941,False,0.47761194029850745,0.5223880597014925,0.40485194923407464,0.6374961340756847,False,True,,,
RTY,Michigan Consumer Sentiment Prel,67,0.22609333253743796,0.06580821984925696,0.26466597493814353,0.030435837410120646,False,0.6268656716417911,0.6268656716417911,0.5071540718782748,0.7328184002103622,True,True,,,
RTY,Michigan Current Conditions Final,30,0.23068087957361738,0.22003799742635322,0.2560622914349277,0.17199733110615528,False,0.5666666666666667,0.5666666666666667,0.3919730699701486,0.726225144267025,True,True,,,
RTY,Michigan Current Conditions Prel,55,0.2667594432009252,0.048983375957056194,0.31082251082251083,0.020904251861953292,False,0.6363636363636364,0.6363636363636364,0.5042276149673347,0.7506946847201942,True,True,,,
RTY,Monthly Budget Statement,64,-0.22653158613095925,0.07185847626951422,-0.07284798534798534,0.5672822732094118,False,0.49206349206349204,0.5079365079365079,0.38762886272283603,0.6273319118864613,False,True,,,
RTY,NAHB Housing Market Index,67,0.1265242531006186,0.30760365281519786,0.0974539069359087,0.43271575656398803,False,0.582089552238806,0.582089552238806,0.4626993150022685,0.6925769904668495,False,True,,,
RTY,NFIB Business Optimism Index,33,0.06707293195508113,0.7107373064275211,0.018885267885773886,0.9169204609132183,False,0.41935483870967744,0.5806451612903225,0.4076626249156218,0.7358445693575268,True,True,,,
RTY,NY Empire State Manufacturing Index,66,0.014051028305837635,0.9108428004050778,0.10255714434818915,0.4125452463644203,False,0.5606060606060606,0.5606060606060606,0.44082635377259055,0.6737187908288716,False,True,,,
RTY,New Home Sales,64,-0.0364372394262147,0.7749948112146696,-0.1310897435897436,0.3018321357971556,False,0.46875,0.53125,0.4107208704876294,0.6482401257737532,False,True,,,
RTY,Non Defense Goods Orders Ex Air,28,,,,,False,,,,,False,True,,,
RTY,Non Farm Payrolls,67,0.010409583196080065,0.9333706061030038,-0.060978529810838865,0.623996461270466,False,0.417910447761194,0.582089552238806,0.46269931500226846,0.6925769904668495,False,True,,,
RTY,Nonfarm Payrolls Private,67,0.025360488571073158,0.8385795455958364,-0.040386303775241446,0.7455690093235378,False,0.43283582089552236,0.5671641791044777,0.4480873648806667,0.6789568850486116,False,True,,,
RTY,PPI MoM,66,-0.31775360359455695,0.009325704879326671,-0.4232752322304561,0.00039859256316169026,False,0.25757575757575757,0.7424242424242424,0.6256690145066895,0.8325115638991596,True,True,,,
RTY,PPI YoY,66,-0.3067459001983015,0.012241253561033479,-0.3825696691368334,0.001523542074462474,False,0.2727272727272727,0.7272727272727273,0.6095777421932569,0.8199665500622266,True,True,,,
RTY,Pending Home Sales MoM,67,0.07578721068960481,0.5421609753555455,0.13371112730260115,0.2807086910525786,False,0.5384615384615384,0.5384615384615384,0.4185339926376882,0.654096658797113,False,True,,,
RTY,Personal Income MoM,64,0.11972670118502698,0.34602307022533246,0.10476190476190475,0.41002621263436,False,0.375,0.625,0.5025037868112634,0.7333401982342674,True,True,,,
RTY,Personal Spending MoM,64,-0.21257961027963376,0.09170833971768477,-0.16694139194139193,0.18734200427410644,False,0.484375,0.515625,0.39581601475908024,0.6336644833716111,False,True,,,
RTY,Philadelphia Fed Manufacturing Index,67,-0.07158158568092343,0.5648630494013915,-0.02673796791443851,0.8299393536279304,False,0.4626865671641791,0.5373134328358209,0.41916457601961943,0.6514155628299796,False,True,,,
RTY,Retail Sales Ex Autos MoM,67,0.07277925260456788,0.5583527547319672,0.14398595258999125,0.24504642679792782,False,0.5522388059701493,0.5522388059701493,0.433576127977941,0.6652360664114979,False,True,,,
RTY,Richmond Fed Manufacturing Index,27,,,,,False,,,,,False,True,,,
RTY,S&P/Case-Shiller Home Price YoY,67,0.03265014791303413,0.793095196372214,0.02326602282704127,0.8517531800237147,False,0.42424242424242425,0.5757575757575757,0.4556065322133406,0.6875748985384873,False,True,,,
RTY,Unemployment Rate,67,0.029384397900983045,0.813396792746109,0.04034639636044378,0.7458119334419442,False,0.582089552238806,0.582089552238806,0.4626993150022685,0.6925769904668495,False,True,,,
RTY,Wholesale Inventories MoM,67,-0.1588333093718452,0.19920934526584694,-0.2116290206720409,0.08557972129141411,False,0.43283582089552236,0.5671641791044777,0.4480873648806667,0.6789568850486116,False,True,,,
SI,ADP Employment Change,101,-0.21406013863031711,0.031596240419785,-0.2051370163076076,0.03960167606338658,False,0.35051546391752575,0.6494845360824743,0.5504910712774913,0.7370890603333208,True,True,,,
SI,API Crude Oil Stock Change,262,0.06665128097290805,0.2824273715911936,-0.009554878398897794,0.8776702685662799,False,0.497737556561086,0.502262443438914,0.4368692843860873,0.5675782939441594,False,False,,,
SI,Average Hourly Earnings MoM,100,-0.06406181492662587,0.526593318529588,-0.12174017401740174,0.22759018148375576,False,0.4,0.6,0.5020025867680467,0.6905987135872123,False,True,,,
SI,Average Hourly Earnings YoY,80,-0.08327931605590506,0.46268865050688773,-0.1732067510548523,0.12442454366836363,False,0.3875,0.6125,0.5029365720818126,0.711754348768077,True,True,,,
SI,Average Weekly Hours,100,-0.12432176891762553,0.2178091188150025,-0.08597659765976598,0.3950288277982827,False,0.5,0.5,0.4038315303442626,0.5961684696557374,False,True,,,
SI,Balance of Trade,104,0.03915322631154869,0.6931295201119646,-0.049728472514006104,0.6161502077779232,False,0.4752475247524752,0.5247524752475248,0.428249843605253,0.6194412135028449,False,True,,,
SI,Building Permits,57,-0.037856273813978956,0.7798021839032044,-0.08696638796915673,0.5200580084247267,False,0.49056603773584906,0.5094339622641509,0.3788352911180829,0.6387575015497262,False,True,,,
SI,Business Inventories MoM,103,0.20193197103547142,0.04080585125010492,0.19605258851929663,0.04717349444672272,False,0.5408163265306123,0.5408163265306123,0.44248041590107046,0.6360730542916875,False,True,,,
SI,CB Consumer Confidence,103,-0.11325092887442068,0.25469771864261687,-0.08251555475683114,0.40731070930165963,False,0.4444444444444444,0.5555555555555556,0.4574214280430705,0.6495393261697401,False,True,,,
SI,CB Leading Index MoM,100,-0.23328436764786406,0.0194995303142211,-0.18936693669366933,0.05916401017347393,False,0.42424242424242425,0.5757575757575757,0.4773666401156489,0.668488933810911,False,True,,,
SI,CPI,38,-0.6242833982400469,2.807848630345837e-05,-0.5848561111719007,0.00011515875118496133,False,0.32432432432432434,0.6756756756756757,0.5146366723815708,0.8036673347426577,True,True,,,
SI,Capacity Utilization,101,-0.06977862522332456,0.48806892050729445,-0.027654493610889466,0.783687093597171,False,0.46875,0.53125,0.4321560201215823,0.6279392556362279,False,True,,,
SI,Chicago PMI,102,0.047568435616161024,0.6349540385846084,0.08207566907886502,0.41216343517700244,False,0.48484848484848486,0.5151515151515151,0.41799338270028086,0.6111777320850311,False,True,,,
SI,Construction Spending MoM,101,-0.15241576770429952,0.12810981530595486,-0.1540110386170034,0.12411810847744646,False,0.43157894736842106,0.5684210526315789,0.46808208984889377,0.6634416670327792,False,True,,,
SI,Consumer Credit Change,103,-0.12075441425644326,0.22435898262642687,-0.17465325626487432,0.07764898624400068,False,0.4020618556701031,0.5979381443298969,0.49843653498299323,0.6899780340034009,False,True,,,
SI,Continuing Jobless Claims,507,-0.04359162034543214,0.32729313904791313,0.03107534111057652,0.4850806166264226,False,0.5121457489878543,0.5121457489878543,0.46814385494698874,0.5559602042617051,False,True,,,
SI,Core Inflation Rate MoM,99,-0.25764619701319846,0.010035273263084525,-0.3308760776515017,0.0008225054734764871,False,0.3854166666666667,0.6145833333333333,0.5146070303350878,0.7057423141102157,False,True,,,
SI,Core Inflation Rate YoY,100,-0.23182056940721807,0.02029925574324786,-0.3183596563044306,0.001246623303828016,False,0.41237113402061853,0.5876288659793815,0.48815469661918853,0.6804267598423219,False,True,,,
SI,Core PCE Price Index MoM,100,-0.0772254477012397,0.4450539177134656,-0.10306061524383392,0.3075535137439334,False,0.4489795918367347,0.5510204081632653,0.4524754605581003,0.6457163771828471,False,True,,,
SI,Core PCE Price Index YoY,91,-0.1677159397114651,0.11204478266586261,-0.14661628689512174,0.16550195934319367,False,0.43820224719101125,0.5617977528089888,0.45828207589949255,0.6601994746869844,False,True,,,
SI,Core PPI MoM,102,-0.21887061204658306,0.027097402193740905,-0.23432720199489968,0.017762751290913415,False,0.44554455445544555,0.5544554455445545,0.4572998310233083,0.6476204946145069,False,True,,,
SI,Core PPI YoY,101,-0.2492134071065709,0.011964998585227581,-0.2950029120559115,0.0027463579720216095,False,0.43,0.5700000000000001,0.4721538954694099,0.6626670147792714,False,True,,,
SI,Durable Goods Orders Ex Transp MoM,102,0.023675002649700256,0.8132836634308741,-0.04901921978950609,0.6246557734589179,False,0.43434343434343436,0.5656565656565656,0.46737456651295606,0.6590335975567292,False,True,,,
SI,Durable Goods Orders MoM,103,-0.17723861114145112,0.07328831427005048,-0.31447179842605727,0.0012161016818826272,False,0.3333333333333333,0.6666666666666667,0.5691204267283991,0.7517618359100329,True,True,,,
SI,EIA Crude Oil Stocks Change,524,0.014149148542306757,0.7465956512663872,0.0425270591995073,0.33124775406799156,False,0.5282258064516129,0.5282258064516129,0.4842451655797999,0.5717725966641745,False,False,,,
SI,EIA Distillate Stocks Change,309,-0.0145235388298225,0.7992798442169571,-0.038679224188108624,0.498141640437035,False,0.5033557046979866,0.5033557046979866,0.4469078170262252,0.5597181779838777,False,False,,,
SI,EIA Gasoline Stocks Change,516,-0.004050296127920733,0.9268710158910215,0.008707246352911594,0.8435812940715088,False,0.4918032786885246,0.5081967213114754,0.46395047327160277,0.552314930663951,False,False,,,
SI,EIA Natural Gas Stocks Change,516,-0.023007347008826267,0.6020686374193162,0.018210016299610783,0.6798388142249165,False,0.5224489795918368,0.5224489795918368,0.47821992766465726,0.5663287824668417,False,False,,,
SI,Existing Home Sales,103,0.05485681448161392,0.5820752159799348,0.00259195396002497,0.9792697317062529,False,0.51,0.51,0.4134801193183753,0.6057800107171506,False,True,,,
SI,Existing Home Sales MoM,48,0.11544644095833298,0.434584438689701,0.07485005566303057,0.6131254678941616,False,0.5434782608695652,0.5434782608695652,0.4018018105665846,0.6784526622056792,False,True,,,
SI,Export Prices MoM,100,-0.0914851235653996,0.36533319781823276,-0.016393639363936393,0.8713954941535211,False,0.5151515151515151,0.5151515151515151,0.4179933827002808,0.6111777320850311,False,True,,,
SI,Factory Orders MoM,104,-0.33452887933291936,0.0005187785400238727,-0.309469512082377,0.001390116821799889,False,0.4117647058823529,0.5882352941176471,0.4912175874788258,0.6788480956689013,False,True,,,
SI,Fed Interest Rate Decision,33,-0.35437083867333763,0.043030971633663616,-0.15762340458488133,0.3809982226764953,False,,,,,False,True,,,
SI,Goods Trade Balance Adv,36,0.0593869378046897,0.7308084562366282,0.051354656133113075,0.7661230810195074,False,0.5294117647058824,0.5294117647058824,0.3673671297658811,0.6854849552814053,False,True,,,
SI,House Price Index MoM,57,-0.07958658041503795,0.5562045992682784,0.006611463111172529,0.9610706311102478,False,0.5454545454545454,0.5454545454545454,0.41522690238938087,0.6697471975064622,False,True,,,
SI,Housing Starts,99,-0.030749190563198196,0.7625480872764965,-0.031628424823925874,0.7559679707850114,False,0.4574468085106383,0.5425531914893618,0.4421544766393688,0.6396104530364399,False,True,,,
SI,IBD/TIPP Economic Optimism,28,,,,,False,,,,,False,True,,,
SI,ISM Manufacturing Employment,51,-0.16866071472622976,0.2367629897906067,-0.18552455942665538,0.19243373763806823,False,0.4489795918367347,0.5510204081632653,0.41315108216414775,0.6814715893407363,False,True,,,
SI,ISM Manufacturing PMI,104,-0.1991244275651164,0.04271593258632787,-0.24396281632659306,0.01257074862521571,False,0.4387755102040816,0.5612244897959184,0.46251002106890016,0.6553201842202367,False,True,,,
SI,ISM Manufacturing Prices,101,0.042833501358367776,0.6706118344056142,0.04321931494792803,0.6678192373230606,False,0.4631578947368421,0.5368421052631579,0.4370969126596531,0.6337235718150938,False,True,,,
SI,ISM Non-Manufacturing Business Activity,49,-0.40529133186982663,0.0038659352335529544,-0.29199724492269064,0.04176855182680666,False,0.3617021276595745,0.6382978723404256,0.4953589653144963,0.7603378675672456,True,True,,,
SI,Import Prices MoM,100,6.268581652093646e-05,0.9995061279093079,-0.02886288628862886,0.775598577671578,False,0.46464646464646464,0.5353535353535354,0.43763089170060054,0.6304350427984606,False,True,,,
SI,Industrial Production MoM,101,-0.0799681790735706,0.4266478361263456,-0.07320170086387084,0.4669272298913278,False,0.4791666666666667,0.5208333333333333,0.42203767704561446,0.6180258401262589,False,True,,,
SI,Inflation Rate MoM,99,-0.3370725516007613,0.0006457104497682575,-0.4117799849416393,2.2898020171429804e-05,True,0.34375,0.65625,0.5568803111602251,0.7435960676288254,True,True,0.000999000999000999,,
SI,Inflation Rate YoY,100,-0.27926062329452606,0.004897427635483933,-0.31537132161072967,0.0013932877805628056,False,0.36082474226804123,0.6391752577319587,0.5399919511887663,0.7277550678971623,True,True,,,
SI,Initial Jobless Claims,523,-0.029390669359179906,0.5024259568135487,0.22226802310042035,2.816909664053476e-07,True,0.5647058823529412,0.5647058823529412,0.5213511328237279,0.6070931545470177,False,True,0.000999000999000999,,
SI,JOLTs Job Openings,100,-0.05554001679655695,0.5831143477169971,-0.14919998770277898,0.13846064736323094,False,0.3978494623655914,0.6021505376344086,0.5005311961893752,0.6956657656389831,False,True,,,
SI,Manufacturing Payrolls,100,-0.09522208683365972,0.34599163075896455,-0.2832403240324032,0.004296718473052281,False,0.4,0.6,0.5020025867680467,0.6905987135872123,False,True,,,
SI,Manufacturing Production MoM,64,-0.11898965557327927,0.34902175317738265,-0.17148221090370686,0.1754558707609313,False,0.45901639344262296,0.540983606557377,0.4172404812796995,0.6598706770871634,False,True,,,
SI,Michigan Consumer Expectations Final,45,0.1748974203087209,0.25050823396232347,0.14425041969175778,0.34446080642714216,False,0.5853658536585366,0.5853658536585366,0.43367103130610396,0.7224345054853992,True,True,,,
SI,Michigan Consumer Expectations Prel,70,-0.11087935948876021,0.3608210908875311,-0.10233575365234886,0.39922723504755653,False,0.463768115942029,0.536231884057971,0.4197840683378935,0.6488581593278675,False,True,,,
SI,Michigan Consumer Sentiment Final,102,0.022949024006878593,0.8189097875540534,0.059227755914312875,0.5543071831405497,False,0.5319148936170213,0.5319148936170213,0.43178263745870216,0.6295410597981543,False,True,,,
SI,Michigan Consumer Sentiment Prel,103,-0.2607405445299597,0.007811438669375815,-0.2146416735545848,0.029463199877896355,False,0.42574257425742573,0.5742574257425743,0.47685014526744596,0.6662230260568476,False,True,,,
SI,Michigan Current Conditions Final,47,0.03156105286699341,0.8332012205197765,0.0026603436425431826,0.9858404490330516,False,0.5348837209302325,0.5348837209302325,0.3891564046911177,0.6748894229883385,False,True,,,
SI,Michigan Current Conditions Prel,72,-0.20473312098633642,0.084502366447556,-0.1658306000385877,0.16387617482409125,False,0.4788732394366197,0.5211267605633803,0.4068599735003444,0.6332247609129058,False,True,,,
SI,Monthly Budget Statement,99,0.14699358792980874,0.14653158260018784,0.12103270096706599,0.2327289695709693,False,0.5393258426966292,0.5393258426966292,0.43629456159015195,0.6391027887830607,False,True,,,
SI,NAHB Housing Market Index,103,-0.044430819370236505,0.6558568935054353,-0.052917723892771495,0.5955060425916135,False,0.44329896907216493,0.5567010309278351,0.45755805318635734,0.6515240657005025,False,True,,,
SI,NFIB Business Optimism Index,65,-0.09193611659837195,0.4663838074674464,-0.08230562200422888,0.5145295519933534,False,0.39655172413793105,0.603448275862069,0.4749321594802377,0.7191124220753733,True,True,,,
SI,NY Empire State Manufacturing Index,101,-0.03937208524962176,0.6958630254918796,-0.18183088913160333,0.06878425194748741,False,0.35714285714285715,0.6428571428571428,0.5442524878282416,0.7306846578464109,True,True,,,
SI,Net Long-term TIC Flows,43,0.09231238036210189,0.5560257944996231,0.12732215822610252,0.41586035288655576,False,0.525,0.525,0.3749736210343269,0.6706452989039329,False,True,,,
SI,New Home Sales,99,0.016253158344774553,0.8731382184604818,-0.01544222462043443,0.879418936298815,False,0.5257731958762887,0.5257731958762887,0.42732770347454624,0.6222550778376628,False,True,,,
SI,Non Defense Goods Orders Ex Air,28,,,,,False,,,,,False,True,,,
SI,Non Farm Payrolls,100,-0.175409438333877,0.08088008560277882,-0.46892289228922884,8.620542695922561e-07,True,0.34,0.6599999999999999,0.5627772885238507,0.7453847920445635,True,True,0.000999000999000999,,
SI,Nonfarm Payrolls Private,100,-0.17540637655439417,0.08088546770917454,-0.44746474647464746,3.0477645326796003e-06,True,0.33,0.6699999999999999,0.5730534379274765,0.7543687726764634,True,True,0.000999000999000999,,
SI,PCE Price Index MoM,29,,,,,False,,,,,False,True,,,
SI,PCE Price Index YoY,26,,,,,False,,,,,False,True,,,
SI,PPI MoM,102,-0.17084023999150286,0.08601894299944786,-0.2420286003471849,0.014254020743599747,False,0.40594059405940597,0.594059405940594,0.49654987457930255,0.6846761424314691,False,True,,,
SI,PPI YoY,101,-0.26105396954362897,0.008369390501960427,-0.31360512521840417,0.0014059524403094437,False,0.42,0.5800000000000001,0.48206486700760776,0.6720161732765995,False,True,,,
SI,Pending Home Sales MoM,103,-0.05395827500089593,0.5882814881840188,-0.09086116572579057,0.3613603500978825,False,0.42,0.5800000000000001,0.48206486700760776,0.6720161732765995,False,True,,,
SI,Personal Income MoM,85,-0.015692584188283967,0.8866494835536225,-0.06281024037521986,0.5679508143515797,False,0.4642857142857143,0.5357142857142857,0.4298471593522587,0.6384577171881494,False,True,,,
SI,Personal Spending MoM,100,0.5687655715442335,6.682352030205785e-10,-0.12552092865621647,0.2133684601283316,False,0.45918367346938777,0.5408163265306123,0.44248041590107046,0.6360730542916875,False,True,,,
SI,Philadelphia Fed Manufacturing Index,103,-0.0860863815633365,0.3872444573898423,-0.11663664719061635,0.24067725922636565,False,0.43137254901960786,0.5686274509803921,0.47174977730153644,0.6605235318133622,False,True,,,
SI,Retail Sales Ex Autos MoM,103,-0.21221750240537993,0.0313923334896839,-0.05736298313892581,0.564926160242176,False,0.45544554455445546,0.5445544554455446,0.44757998086651596,0.6382639219280599,False,True,,,
SI,Retail Sales MoM,103,-0.08879695928374688,0.3724165037329003,-0.03685266894939031,0.7116993461248718,False,0.49504950495049505,0.504950495049505,0.4090648919102948,0.6004733195113248,False,True,,,
SI,Richmond Fed Manufacturing Index,63,-0.1839733633695467,0.1489207335599274,-0.16522657450076805,0.19563127112806275,False,0.4032258064516129,0.5967741935483871,0.47250467697523435,0.7097513090646705,False,True,,,
SI,S&P/Case-Shiller Home Price YoY,103,-0.05442007562600845,0.5850880373335584,-0.08294252672079903,0.40487969345872715,False,0.46,0.54,0.44264860321134236,0.6343919169307612,False,True,,,
SI,Total Vehicle Sales,39,-0.0478108827416015,0.7725586104999244,-0.004052686983823148,0.9804652295513357,False,0.5882352941176471,0.5882352941176471,0.42221593875112395,0.7363403163907352,True,True,,,
SI,Unemployment Rate,100,0.16644788893811943,0.09790022953837951,0.15168316831683165,0.13194073547096605,False,0.56,0.56,0.46228104649417306,0.6532797337189822,False,True,,,
SI,Wholesale Inventories MoM,103,-0.01132582191691651,0.9095982046049633,0.05919164819894396,0.5525660993524767,False,0.5360824742268041,0.5360824742268041,0.43736420744376897,0.6320516863933237,False,True,,,
SI,Wholesale Inventories MoM Adv,41,0.08178285754187005,0.6112260336676325,0.06666667299535091,0.6787752362878691,False,0.5675675675675675,0.5675675675675675,0.4091418108665923,0.713282807258111,True,True,,,
