title,et,session,jump_pct,res_pct,pred,instrument,ride_outcome,ride_exit_s,ride_pnl_usd,ride_net_stressed_usd,cdir_accel_bands,vdir_accel_bands,cdir_accel_osc,vdir_accel_osc,cdir_ad_line,vdir_ad_line,cdir_adx,vdir_adx,cdir_alligator,vdir_alligator,cdir_alma,vdir_alma,cdir_anchored_vwap,vdir_anchored_vwap,cdir_apo,vdir_apo,cdir_aroon,vdir_aroon,cdir_aroon_osc,vdir_aroon_osc,cdir_asi,vdir_asi,cdir_atr_norm,vdir_atr_norm,cdir_autocorr,vdir_autocorr,cdir_awesome_osc,vdir_awesome_osc,cdir_balance_of_power,vdir_balance_of_power,cdir_bandpass,vdir_bandpass,cdir_bbi,vdir_bbi,cdir_bias,vdir_bias,cdir_bollinger,vdir_bollinger,cdir_breaker,vdir_breaker,cdir_bw_mfi,vdir_bw_mfi,cdir_cci,vdir_cci,cdir_center_of_gravity,vdir_center_of_gravity,cdir_chaikin_osc,vdir_chaikin_osc,cdir_chaikin_vol,vdir_chaikin_vol,cdir_chande_kroll,vdir_chande_kroll,cdir_chandelier,vdir_chandelier,cdir_choppiness,vdir_choppiness,cdir_cisd,vdir_cisd,cdir_cmf,vdir_cmf,cdir_cmo,vdir_cmo,cdir_cmo_chande_dmi,vdir_cmo_chande_dmi,cdir_cointegration,vdir_cointegration,cdir_coppock,vdir_coppock,cdir_cpr,vdir_cpr,cdir_cyber_cycle,vdir_cyber_cycle,cdir_dema,vdir_dema,cdir_demand_index,vdir_demand_index,cdir_demarker,vdir_demarker,cdir_derivative_osc,vdir_derivative_osc,cdir_dfa,vdir_dfa,cdir_di_cross,vdir_di_cross,cdir_disparity,vdir_disparity,cdir_dma,vdir_dma,cdir_donchian,vdir_donchian,cdir_dpo,vdir_dpo,cdir_efficiency_ratio,vdir_efficiency_ratio,cdir_elder_impulse,vdir_elder_impulse,cdir_elder_ray,vdir_elder_ray,cdir_elliott_wave_osc,vdir_elliott_wave_osc,cdir_ema_trend,vdir_ema_trend,cdir_emd,vdir_emd,cdir_eom,vdir_eom,cdir_ergodic_osc,vdir_ergodic_osc,cdir_evwma,vdir_evwma,cdir_expma,vdir_expma,cdir_fisher,vdir_fisher,cdir_force_index,vdir_force_index,cdir_fractals,vdir_fractals,cdir_frama,vdir_frama,cdir_fvg,vdir_fvg,cdir_garch_ewma,vdir_garch_ewma,cdir_garman_klass,vdir_garman_klass,cdir_gator,vdir_gator,cdir_gmma,vdir_gmma,cdir_hilbert_cycle,vdir_hilbert_cycle,cdir_hist_vol,vdir_hist_vol,cdir_hma,vdir_hma,cdir_hurst_exp,vdir_hurst_exp,cdir_ichimoku_chikou,vdir_ichimoku_chikou,cdir_ichimoku_cloud,vdir_ichimoku_cloud,cdir_ichimoku_tk_cross,vdir_ichimoku_tk_cross,cdir_ifvg,vdir_ifvg,cdir_jma,vdir_jma,cdir_kalman,vdir_kalman,cdir_kama,vdir_kama,cdir_kdj,vdir_kdj,cdir_keltner,vdir_keltner,cdir_klinger,vdir_klinger,cdir_kst,vdir_kst,cdir_laguerre_rsi,vdir_laguerre_rsi,cdir_linreg_channel,vdir_linreg_channel,cdir_linreg_r2,vdir_linreg_r2,cdir_linreg_slope,vdir_linreg_slope,cdir_lsma,vdir_lsma,cdir_ma_displaced,vdir_ma_displaced,cdir_ma_envelope,vdir_ma_envelope,cdir_macd,vdir_macd,cdir_mama_fama,vdir_mama_fama,cdir_mass_index,vdir_mass_index,cdir_mcginley,vdir_mcginley,cdir_mfi,vdir_mfi,cdir_momentum,vdir_momentum,cdir_nvi,vdir_nvi,cdir_obv,vdir_obv,cdir_order_block,vdir_order_block,cdir_ou_halflife,vdir_ou_halflife,cdir_parkinson,vdir_parkinson,cdir_pca_factor,vdir_pca_factor,cdir_pgo,vdir_pgo,cdir_pivot_camarilla,vdir_pivot_camarilla,cdir_pivot_demark,vdir_pivot_demark,cdir_pivot_fib,vdir_pivot_fib,cdir_pivot_floor,vdir_pivot_floor,cdir_pivot_woodie,vdir_pivot_woodie,cdir_ppo,vdir_ppo,cdir_proj_bands,vdir_proj_bands,cdir_psar,vdir_psar,cdir_psy,vdir_psy,cdir_pvi,vdir_pvi,cdir_pvt,vdir_pvt,cdir_qqe,vdir_qqe,cdir_rma,vdir_rma,cdir_rmi,vdir_rmi,cdir_roc,vdir_roc,cdir_rogers_satchell,vdir_rogers_satchell,cdir_rolling_beta,vdir_rolling_beta,cdir_rolling_corr,vdir_rolling_corr,cdir_roofing,vdir_roofing,cdir_rsi,vdir_rsi,cdir_rsi_connors,vdir_rsi_connors,cdir_rsi_cutler,vdir_rsi_cutler,cdir_rvgi,vdir_rvgi,cdir_rvi_dorsey,vdir_rvi_dorsey,cdir_schaff_trend_cycle,vdir_schaff_trend_cycle,cdir_sine_wma,vdir_sine_wma,cdir_sinewave,vdir_sinewave,cdir_sma_trend,vdir_sma_trend,cdir_smi,vdir_smi,cdir_starc,vdir_starc,cdir_stddev,vdir_stddev,cdir_stoch_rsi,vdir_stoch_rsi,cdir_stochastic,vdir_stochastic,cdir_structure_trend,vdir_structure_trend,cdir_super_smoother,vdir_super_smoother,cdir_supertrend,vdir_supertrend,cdir_t3,vdir_t3,cdir_td_combo,vdir_td_combo,cdir_td_rei,vdir_td_rei,cdir_td_sequential,vdir_td_sequential,cdir_tema,vdir_tema,cdir_tma,vdir_tma,cdir_trend_intensity,vdir_trend_intensity,cdir_trix,vdir_trix,cdir_tsi,vdir_tsi,cdir_ttm_squeeze,vdir_ttm_squeeze,cdir_tvi,vdir_tvi,cdir_twiggs_mf,vdir_twiggs_mf,cdir_ulcer,vdir_ulcer,cdir_ultimate_osc,vdir_ultimate_osc,cdir_vidya,vdir_vidya,cdir_vol_osc,vdir_vol_osc,cdir_vol_ratio,vdir_vol_ratio,cdir_volume_ratio_asia,vdir_volume_ratio_asia,cdir_vortex,vdir_vortex,cdir_vwap,vdir_vwap,cdir_vwma,vdir_vwma,cdir_vzo,vdir_vzo,cdir_wavetrend,vdir_wavetrend,cdir_williams_r,vdir_williams_r,cdir_wma,vdir_wma,cdir_wvad,vdir_wvad,cdir_yang_zhang,vdir_yang_zhang,cdir_zlema,vdir_zlema,cdir_zscore,vdir_zscore
MU,2010-06-28 16:01:06,AMC,0.11668611435239205,0.09332711152589827,,ES,stopped_pre,-67.0,-53.549999999995634,-106.04999999999563,0,0,-1,1,-1,1,0,2,0,0,-1,1,-1,1,-1,1,0,0,-1,1,-1,1,0,0,0,2,-1,1,0,0,-1,1,-1,1,-1,1,0,0,0,0,-1,1,-1,1,-1,1,-1,1,0,0,0,1,0,1,0,0,-1,1,-1,1,-1,1,-1,1,0,0,-1,1,-1,1,-1,1,-1,1,-1,1,-1,1,-1,1,0,2,-1,1,-1,1,-1,1,-1,1,-1,1,-1,1,-1,1,-1,1,-1,1,-1,1,-1,1,-1,1,-1,1,-1,1,-1,1,-1,1,-1,1,-1,1,-1,1,-1,1,0,0,0,0,0,0,-1,1,0,0,0,0,-1,1,0,2,-1,1,-1,1,-1,1,0,0,-1,1,-1,1,-1,1,1,-1,-1,1,-1,1,-1,1,1,-1,0,0,0,0,-1,1,0,0,-1,1,-1,0,-1,1,-1,1,0,0,-1,1,-1,1,-1,1,-1,1,-1,1,1,-1,0,0,0,0,0,0,-1,1,-1,1,-1,1,-1,1,-1,1,-1,1,-1,1,0,0,-1,1,-1,1,-1,1,-1,1,-1,1,-1,1,1,-1,-1,1,0,0,0,0,0,0,-1,1,-1,1,-1,1,-1,1,-1,1,-1,1,1,-1,0,0,-1,1,0,0,1,-1,0,2,0,0,1,-1,1,-1,-1,1,-1,1,-1,1,-1,1,0,0,1,-1,0,0,-1,1,0,0,1,-1,-1,1,-1,1,0,0,-1,1,-1,1,0,0,-1,1,-1,1,1,-1,0,0,-1,1,-1,1,-1,1,-1,1,-1,1,-1,1,1,-1,-1,1,-1,1,0,0,-1,1,-1,1
AMD,2011-01-20 21:37:15,AMC,0.019619383951343928,0.0980776775205963,,ES,timed,900.0,87.5,35.0,0,0,-1,1,1,-1,-1,0,1,-1,-1,1,-1,1,1,-1,0,0,-1,1,1,-1,0,0,0,0,1,-1,0,0,1,-1,-1,1,-1,1,0,0,1,-1,0,0,0,0,1,-1,1,-1,0,2,0,-1,0,0,0,0,0,0,1,-1,1,-1,1,-1,0,0,1,-1,-1,1,1,-1,0,0,1,-1,0,0,1,-1,0,2,-1,1,1,-1,1,-1,1,-1,0,0,0,0,-1,1,-1,1,1,-1,0,0,1,-1,-1,1,-1,1,1,-1,-1,1,-1,1,1,-1,0,0,1,-1,0,0,0,0,0,0,0,0,0,0,0,0,0,0,0,0,0,2,-1,1,0,0,0,0,1,-1,-1,1,1,-1,-1,1,1,-1,1,-1,-1,1,1,-1,1,-1,0,0,0,0,1,-1,0,0,1,-1,1,0,1,-1,1,-1,0,0,-1,1,1,-1,1,-1,1,-1,1,-1,0,0,0,0,0,0,0,0,1,-1,0,0,-1,1,-1,1,-1,1,-1,1,1,-1,0,0,1,-1,1,-1,-1,1,1,-1,1,-1,-1,1,1,-1,1,-1,0,0,0,0,0,0,1,-1,1,-1,-1,1,1,-1,1,-1,-1,1,-1,1,0,0,1,-1,0,0,-1,1,0,0,0,2,-1,1,1,-1,1,-1,-1,1,1,-1,1,-1,0,0,1,-1,0,0,0,0,0,0,1,-1,1,-1,1,-1,0,0,1,-1,0,0,0,2,-1,1,1,-1,-1,1,0,0,1,-1,1,-1,-1,1,1,-1,1,-1,1,-1,1,-1,1,-1,1,-1,0,0,0,0,1,-1
INTC,2011-01-31 10:08:06,intraday,0.058788947677836566,0.09798157946306094,,ES,stopped_post,509.0,-63.762499999995725,-116.26249999999573,0,0,-1,1,1,-1,-1,0,-1,1,1,-1,1,-1,-1,1,-1,1,-1,1,1,-1,0,0,0,0,-1,1,0,0,1,-1,1,-1,1,-1,0,0,-1,1,0,0,0,0,1,-1,1,-1,0,0,0,-1,0,0,0,2,0,0,1,-1,1,-1,0,0,0,0,-1,1,1,-1,-1,1,0,0,1,-1,-1,1,1,-1,0,2,-1,1,1,-1,1,-1,1,-1,-1,1,0,0,1,-1,1,-1,-1,1,0,0,-1,1,-1,1,1,-1,-1,1,-1,1,1,-1,-1,1,0,0,-1,1,-1,1,0,0,0,0,0,0,-1,1,0,0,0,0,1,-1,0,2,0,0,-1,1,-1,1,-1,1,1,-1,1,-1,-1,1,1,-1,1,-1,1,-1,1,-1,1,-1,0,0,0,0,1,-1,0,0,1,-1,1,0,1,-1,-1,1,0,2,1,-1,-1,1,1,-1,1,-1,1,-1,1,-1,0,0,0,0,0,0,1,-1,0,0,1,-1,1,-1,1,-1,1,-1,1,-1,0,0,-1,1,1,-1,-1,1,-1,1,-1,1,-1,1,-1,1,1,-1,0,0,0,0,0,0,1,-1,1,-1,-1,1,1,-1,1,-1,1,-1,-1,1,0,0,1,-1,0,0,-1,1,0,0,0,0,-1,1,1,-1,-1,1,1,-1,1,-1,1,-1,0,0,-1,1,0,0,1,-1,0,0,1,-1,1,-1,1,-1,0,0,1,-1,1,-1,0,0,1,-1,-1,1,1,-1,0,0,1,-1,1,-1,1,-1,0,0,1,-1,-1,1,1,-1,0,0,-1,1,0,0,1,-1,1,-1
GOOGL,2011-04-14 16:02:40,AMC,0.019083969465648856,0.13358778625954199,,ES,stopped_pre,-82.0,-65.57500000000118,-118.07500000000118,0,0,1,-1,-1,1,0,2,-1,1,-1,1,1,-1,-1,1,0,0,1,-1,-1,1,0,0,0,0,-1,1,0,0,1,-1,-1,1,-1,1,0,0,1,-1,1,-1,0,0,1,-1,-1,1,0,2,0,1,0,0,0,2,0,0,1,-1,-1,1,0,0,0,0,-1,1,0,0,-1,1,-1,1,-1,1,1,-1,1,-1,0,0,-1,1,-1,1,-1,1,-1,1,-1,1,0,0,0,0,-1,1,-1,1,0,0,-1,1,-1,1,1,-1,-1,1,1,-1,1,-1,-1,1,0,0,-1,1,0,0,0,0,0,0,0,0,0,0,0,0,0,0,0,0,0,0,-1,1,0,0,-1,1,1,-1,-1,1,-1,1,-1,1,1,-1,-1,1,1,-1,-1,1,-1,1,0,0,0,0,-1,1,0,0,-1,1,-1,0,-1,1,-1,1,0,0,-1,1,-1,1,0,0,-1,1,-1,1,1,-1,0,0,0,0,0,0,-1,1,0,0,-1,1,0,0,1,-1,1,-1,-1,1,0,0,-1,1,-1,1,1,-1,-1,1,-1,1,0,0,-1,1,0,0,0,0,0,0,0,0,-1,1,-1,1,-1,1,-1,1,-1,1,-1,1,1,-1,-1,1,1,-1,0,0,-1,1,0,0,0,0,1,-1,-1,1,-1,1,-1,1,1,-1,-1,1,0,0,1,-1,0,0,0,0,-1,1,-1,1,-1,1,-1,1,0,0,-1,1,1,-1,0,2,-1,1,1,-1,-1,1,0,0,-1,1,-1,1,1,-1,-1,1,-1,1,-1,1,-1,1,-1,1,1,-1,0,0,0,0,-1,1
AVGO,2011-05-24 16:09:38,AMC,0.019051247856734618,0.01904761904761905,,ES,timed,321.0,12.5,-40.0,0,2,-1,1,-1,1,-1,0,-1,1,-1,1,-1,1,-1,1,-1,1,-1,1,-1,1,0,0,0,0,-1,1,0,0,-1,1,-1,1,-1,1,0,0,1,-1,0,0,-1,1,-1,1,-1,1,0,0,0,1,0,1,0,0,-1,1,-1,1,1,-1,1,-1,0,0,-1,1,-1,1,-1,1,-1,1,-1,1,1,-1,-1,1,0,2,-1,1,-1,1,-1,1,-1,1,-1,1,-1,1,-1,1,-1,1,-1,1,-1,1,-1,1,-1,1,-1,1,-1,1,-1,1,-1,1,-1,1,0,0,-1,1,-1,1,0,0,0,0,0,0,-1,1,0,0,0,0,-1,1,0,0,-1,1,-1,1,-1,1,0,0,-1,1,-1,1,-1,1,1,-1,-1,1,-1,1,-1,1,1,-1,0,2,0,0,-1,1,-1,1,-1,1,-1,0,-1,1,-1,1,0,0,-1,1,1,-1,-1,1,1,-1,-1,1,1,-1,0,2,0,0,0,0,-1,1,-1,1,-1,1,0,0,-1,1,-1,1,-1,1,0,0,-1,1,1,-1,-1,1,-1,1,-1,1,-1,1,1,-1,-1,1,0,0,0,0,0,0,-1,1,1,-1,1,-1,1,-1,-1,1,1,-1,1,-1,-1,1,-1,1,0,0,1,-1,0,2,0,0,1,-1,1,-1,-1,1,-1,1,-1,1,-1,1,0,0,1,-1,0,0,-1,1,-1,1,1,-1,-1,1,-1,1,0,0,-1,1,-1,1,0,0,-1,1,-1,1,1,-1,0,0,1,-1,-1,1,-1,1,-1,1,1,-1,1,-1,1,-1,-1,1,-1,1,0,0,-1,1,-1,1
MU,2012-09-27 16:00:51,AMC,0.01734304543877905,0.017346053772766695,,ES,timed,848.0,25.0,-27.5,0,0,1,-1,-1,1,0,2,-1,1,-1,1,1,-1,-1,1,-1,1,-1,1,-1,1,0,0,0,0,-1,1,0,0,-1,1,-1,1,-1,1,0,0,0,0,0,0,0,0,-1,1,-1,1,0,0,0,1,0,1,0,0,0,0,-1,1,-1,1,-1,1,0,0,-1,1,1,-1,-1,1,-1,1,-1,1,1,-1,-1,1,0,2,-1,1,-1,1,-1,1,-1,1,-1,1,-1,1,0,0,1,-1,-1,1,-1,1,-1,1,-1,1,-1,1,-1,1,-1,1,1,-1,-1,1,0,0,-1,1,0,0,0,0,0,0,-1,1,-1,1,0,0,0,0,0,0,0,2,-1,1,-1,1,-1,1,0,0,-1,1,-1,1,-1,1,-1,1,-1,1,-1,1,-1,1,1,-1,0,0,0,0,-1,1,0,0,-1,1,-1,0,-1,1,-1,1,0,0,-1,1,1,-1,-1,1,1,-1,-1,1,-1,1,0,0,0,0,0,0,-1,1,1,-1,1,-1,1,-1,1,-1,1,-1,-1,1,0,0,-1,1,-1,1,-1,1,-1,1,-1,1,-1,1,1,-1,-1,1,0,0,0,0,0,0,-1,1,-1,1,-1,1,-1,1,1,-1,1,-1,1,-1,-1,1,-1,1,-1,1,1,-1,0,0,0,0,-1,1,1,-1,-1,1,-1,1,-1,1,-1,1,0,0,0,0,0,0,-1,1,-1,1,1,-1,-1,1,-1,1,0,0,-1,1,-1,1,0,0,-1,1,-1,1,1,-1,0,0,-1,1,-1,1,1,-1,-1,1,-1,1,-1,1,1,-1,-1,1,-1,1,0,0,0,0,-1,1
INTC,2012-10-16 16:11:34,AMC,0.06894174422612892,0.0,,ES,stopped_post,92.0,-72.51250000000482,-125.01250000000482,0,0,-1,1,1,-1,1,0,1,-1,-1,1,1,-1,1,-1,1,-1,1,-1,-1,1,0,0,0,0,1,-1,0,0,-1,1,-1,1,-1,1,0,0,0,0,0,0,0,0,0,0,-1,1,0,0,0,-1,0,0,0,0,-1,1,1,-1,1,-1,1,-1,0,0,1,-1,1,-1,-1,1,0,0,1,-1,1,-1,-1,1,0,2,1,-1,-1,1,-1,1,1,-1,1,-1,0,0,-1,1,-1,1,1,-1,1,-1,1,-1,1,-1,-1,1,1,-1,1,-1,-1,1,1,-1,1,-1,1,-1,0,0,0,0,0,0,0,0,1,-1,0,0,0,0,-1,1,0,2,1,-1,1,-1,1,-1,0,0,-1,1,1,-1,1,-1,1,-1,1,-1,-1,1,-1,1,1,-1,0,0,0,0,1,-1,0,0,1,-1,1,0,-1,1,1,-1,0,0,1,-1,1,-1,-1,1,1,-1,1,-1,-1,1,0,0,0,0,0,0,-1,1,1,-1,1,-1,1,-1,1,-1,1,-1,-1,1,0,0,1,-1,-1,1,1,-1,1,-1,-1,1,1,-1,-1,1,-1,1,0,0,0,0,0,0,-1,1,1,-1,-1,1,1,-1,-1,1,1,-1,-1,1,1,-1,1,-1,1,-1,1,-1,0,0,0,0,1,-1,-1,1,1,-1,-1,1,1,-1,-1,1,0,0,1,-1,0,0,0,0,1,-1,-1,1,1,-1,-1,1,0,0,1,-1,1,-1,0,2,-1,1,1,-1,-1,1,0,0,1,-1,1,-1,1,-1,0,0,1,-1,1,-1,-1,1,0,0,1,-1,0,0,0,0,1,-1
GOOGL,2012-10-18 12:30:00,intraday,0.017140898183064794,0.2570694087403599,,ES,stopped_post,132.0,-72.91249999999536,-125.41249999999536,0,0,-1,1,-1,1,1,0,0,0,-1,1,1,-1,1,-1,-1,1,-1,1,-1,1,0,0,0,2,-1,1,0,0,-1,1,-1,1,-1,1,0,0,0,0,0,0,-1,1,-1,1,-1,1,0,0,0,1,0,0,0,0,-1,1,-1,1,-1,1,0,0,0,0,-1,1,1,-1,-1,1,-1,1,-1,1,-1,1,-1,1,0,0,1,-1,-1,1,-1,1,-1,1,-1,1,-1,1,0,0,0,0,-1,1,0,0,1,-1,-1,1,-1,1,1,-1,1,-1,-1,1,-1,1,0,0,-1,1,0,0,0,0,0,0,0,0,0,0,0,0,0,2,-1,1,0,2,0,0,1,-1,-1,1,-1,1,-1,1,-1,1,-1,1,-1,1,-1,1,-1,1,-1,1,1,-1,0,0,0,0,-1,1,-1,1,-1,1,-1,0,-1,1,-1,1,0,0,-1,1,-1,1,-1,1,1,-1,-1,1,1,-1,0,0,0,0,0,0,-1,1,0,0,1,-1,0,0,1,-1,1,-1,-1,1,0,0,-1,1,1,-1,1,-1,-1,1,-1,1,1,-1,-1,1,-1,1,0,0,0,0,0,0,-1,1,-1,1,-1,1,-1,1,-1,1,-1,1,1,-1,0,0,-1,1,1,-1,1,-1,0,0,0,2,1,-1,1,-1,1,-1,-1,1,1,-1,-1,1,0,0,1,-1,0,0,-1,1,0,0,-1,1,-1,1,-1,1,0,0,-1,1,-1,1,0,0,-1,1,1,-1,-1,1,0,0,-1,1,-1,1,1,-1,0,0,-1,1,-1,1,1,-1,0,0,-1,1,0,0,-1,1,-1,1
MSFT,2012-10-18 16:02:09,AMC,0.0,0.10323468685478321,,ES,stopped_post,580.0,-72.64999999999873,-125.14999999999873,0,0,-1,1,-1,1,1,0,1,-1,-1,1,-1,1,1,-1,0,0,1,-1,-1,1,0,0,0,0,1,-1,0,0,-1,1,-1,1,-1,1,0,0,1,-1,0,0,0,0,-1,1,-1,1,0,2,0,1,0,0,0,2,-1,1,-1,1,0,0,1,-1,0,0,1,-1,0,0,-1,1,0,0,-1,1,1,-1,-1,1,0,2,1,-1,-1,1,-1,1,-1,1,1,-1,0,0,-1,1,-1,1,1,-1,0,0,1,-1,1,-1,-1,1,1,-1,1,-1,-1,1,1,-1,0,0,-1,1,0,0,0,0,0,0,0,0,1,-1,0,0,0,0,-1,1,0,0,1,-1,1,-1,1,-1,1,-1,-1,1,-1,1,1,-1,-1,1,-1,1,-1,1,-1,1,-1,1,0,0,0,2,-1,1,-1,1,-1,1,-1,0,-1,1,1,-1,0,0,-1,1,1,-1,-1,1,-1,1,-1,1,1,-1,0,0,0,0,0,0,-1,1,-1,1,-1,1,0,0,-1,1,-1,1,-1,1,0,0,-1,1,1,-1,1,-1,1,-1,-1,1,1,-1,1,-1,-1,1,0,0,0,0,0,0,-1,1,-1,1,-1,1,0,0,-1,1,-1,1,1,-1,0,0,1,-1,1,-1,-1,1,0,0,0,2,1,-1,-1,1,1,-1,-1,1,1,-1,-1,1,0,0,0,0,0,0,-1,1,0,0,-1,1,-1,1,-1,1,0,2,1,-1,-1,1,0,0,-1,1,1,-1,-1,1,0,0,1,-1,1,-1,-1,1,0,0,-1,1,1,-1,-1,1,0,0,1,-1,0,0,-1,1,-1,1
NFLX,2012-10-23 16:09:46,AMC,0.017774617845716316,0.16,,ES,timed,314.0,-12.5,-65.0,0,0,-1,1,-1,1,0,2,-1,1,-1,1,-1,1,-1,1,0,0,-1,1,-1,1,0,0,0,0,-1,1,0,0,-1,1,-1,1,-1,1,0,0,1,-1,0,0,-1,1,-1,1,-1,1,0,0,0,1,0,1,0,0,-1,1,-1,1,-1,1,-1,1,0,0,-1,1,-1,1,-1,1,-1,1,-1,1,-1,1,-1,1,0,0,-1,1,-1,1,-1,1,-1,1,-1,1,-1,1,-1,1,-1,1,-1,1,-1,1,-1,1,-1,1,-1,1,-1,1,-1,1,-1,1,-1,1,-1,1,-1,1,-1,1,0,0,0,0,0,0,-1,1,0,0,0,0,-1,1,0,0,-1,1,-1,1,0,0,-1,1,-1,1,-1,1,-1,1,1,-1,-1,1,-1,1,1,-1,1,-1,0,0,0,2,-1,1,0,0,-1,1,-1,0,-1,1,-1,1,0,0,-1,1,-1,1,-1,1,1,-1,-1,1,1,-1,0,0,0,0,0,0,-1,1,-1,1,-1,1,-1,1,-1,1,-1,1,-1,1,0,0,-1,1,-1,1,-1,1,-1,1,-1,1,-1,1,1,-1,-1,1,0,0,0,0,0,0,-1,1,-1,1,-1,1,-1,1,-1,1,-1,1,1,-1,-1,1,-1,1,-1,1,1,-1,0,0,0,0,1,-1,1,-1,1,-1,-1,1,-1,1,-1,1,0,0,1,-1,0,0,-1,1,-1,1,1,-1,1,-1,-1,1,0,0,-1,1,-1,1,0,0,-1,1,-1,1,1,-1,0,0,1,-1,-1,1,-1,1,-1,1,1,-1,-1,1,1,-1,-1,1,-1,1,0,0,0,0,-1,1
TSLA,2012-11-05 06:33:57,BMO,0.017784101013693758,0.05335230304108127,,ES,timed,893.0,-25.0,-77.5,0,2,-1,1,-1,1,-1,0,0,0,-1,1,-1,1,-1,1,-1,1,-1,1,-1,1,0,0,0,2,-1,1,0,0,-1,1,-1,1,-1,1,0,-1,1,-1,0,0,-1,1,-1,1,-1,1,0,0,0,1,0,1,0,0,-1,1,-1,1,1,-1,1,-1,0,0,-1,1,-1,1,-1,1,-1,1,-1,1,1,-1,-1,1,0,2,-1,1,-1,1,-1,1,-1,1,-1,1,-1,1,-1,1,-1,1,-1,1,0,0,1,-1,-1,1,-1,1,-1,1,-1,1,-1,1,-1,1,0,0,-1,1,-1,1,0,0,0,0,0,0,-1,1,0,0,0,0,-1,1,0,0,-1,1,-1,1,-1,1,1,-1,-1,1,-1,1,-1,1,1,-1,-1,1,-1,1,-1,1,1,-1,0,2,0,0,-1,1,-1,1,-1,1,-1,0,-1,1,-1,1,0,0,-1,1,1,-1,-1,1,-1,1,-1,1,0,0,0,0,0,0,0,0,1,-1,-1,1,-1,1,0,0,-1,1,-1,1,-1,1,0,0,-1,1,1,-1,-1,1,-1,1,-1,1,0,0,1,-1,-1,1,0,0,0,0,0,0,-1,1,1,-1,1,-1,1,-1,-1,1,1,-1,1,-1,-1,1,-1,1,0,0,1,-1,0,2,0,0,1,-1,1,-1,-1,1,-1,1,-1,1,-1,1,0,0,1,-1,0,0,-1,1,-1,1,-1,1,-1,1,-1,1,0,0,-1,1,0,0,0,0,1,-1,-1,1,-1,1,0,0,1,-1,-1,1,-1,1,0,0,1,-1,1,-1,1,-1,-1,1,-1,1,0,0,-1,1,1,-1
MU,2013-10-10 16:00:43,AMC,0.014823599169878446,0.5187490736623684,,ES,timed,-1.0,87.5,35.0,0,0,1,-1,-1,1,0,2,-1,1,1,-1,1,-1,-1,1,-1,1,-1,1,1,-1,0,0,0,0,-1,1,0,0,-1,1,1,-1,1,-1,0,0,-1,1,0,0,0,0,-1,1,-1,1,0,0,0,-1,0,0,0,0,1,-1,1,-1,1,-1,1,-1,0,0,-1,1,1,-1,-1,1,0,0,1,-1,1,-1,1,-1,0,0,1,-1,1,-1,-1,1,1,-1,-1,1,0,0,1,-1,1,-1,-1,1,1,-1,-1,1,1,-1,1,-1,1,-1,1,-1,1,-1,1,-1,0,0,1,-1,0,0,0,0,0,0,0,0,1,-1,0,0,0,0,0,0,0,0,-1,1,1,-1,-1,1,-1,1,1,-1,1,-1,-1,1,1,-1,1,-1,1,-1,-1,1,1,-1,0,0,0,2,-1,1,0,0,1,-1,1,0,-1,1,-1,1,0,0,1,-1,-1,1,1,-1,1,-1,1,-1,1,-1,0,0,0,0,0,0,1,-1,1,-1,1,-1,1,-1,1,-1,1,-1,-1,1,0,0,-1,1,-1,1,1,-1,-1,1,-1,1,1,-1,-1,1,-1,1,0,0,0,0,0,0,-1,1,1,-1,1,-1,1,-1,1,-1,1,-1,1,-1,0,0,-1,1,1,-1,1,-1,0,0,0,2,1,-1,1,-1,-1,1,1,-1,1,-1,1,-1,0,0,-1,1,0,0,0,0,0,0,-1,1,-1,1,-1,1,0,2,1,-1,-1,1,0,0,-1,1,1,-1,-1,1,0,0,1,-1,1,-1,1,-1,0,0,1,-1,-1,1,1,-1,0,0,1,-1,0,0,0,0,1,-1
NVDA,2014-05-06 09:29:49,BMO,0.0,0.1734258271077908,,ES,stopped_post,123.0,-93.70000000000118,-146.20000000000118,0,0,-1,1,-1,1,0,2,0,0,1,-1,-1,1,1,-1,0,0,1,-1,1,-1,0,0,0,0,1,-1,0,0,-1,1,1,-1,1,-1,0,0,0,0,0,0,0,0,-1,1,-1,1,0,2,0,-1,0,0,0,2,0,0,-1,1,-1,1,0,0,0,0,1,-1,0,0,1,-1,1,-1,-1,1,0,0,-1,1,0,2,1,-1,1,-1,-1,1,1,-1,1,-1,0,0,1,-1,1,-1,1,-1,0,0,1,-1,1,-1,1,-1,1,-1,-1,1,1,-1,-1,1,0,0,1,-1,0,0,0,0,0,0,0,0,0,0,0,0,0,0,0,0,0,0,1,-1,0,0,1,-1,-1,1,1,-1,1,-1,1,-1,-1,1,1,-1,1,-1,-1,1,-1,1,0,0,0,2,-1,1,1,-1,1,-1,1,0,-1,1,1,-1,0,0,1,-1,-1,1,-1,1,1,-1,-1,1,-1,1,0,0,0,0,0,0,1,-1,0,0,-1,1,0,0,1,-1,-1,1,-1,1,0,0,-1,1,-1,1,-1,1,-1,1,-1,1,0,0,1,-1,-1,1,0,0,0,0,0,0,-1,1,1,-1,-1,1,-1,1,1,-1,1,-1,-1,1,1,-1,-1,1,0,0,-1,1,0,0,0,2,1,-1,0,0,-1,1,1,-1,1,-1,-1,1,0,0,1,-1,0,0,0,0,1,-1,1,-1,1,-1,1,-1,0,0,1,-1,-1,1,0,0,-1,1,-1,1,-1,1,0,0,1,-1,0,0,-1,1,1,-1,-1,1,1,-1,0,0,1,-1,-1,1,0,0,1,-1,1,-1
GOOGL,2015-04-23 16:00:24,AMC,0.03559563360227812,0.023730422401518746,,ES,timed,23.0,-37.5,-90.0,0,2,-1,1,-1,1,-1,0,-1,1,-1,1,1,-1,-1,1,-1,1,-1,1,-1,1,0,0,0,2,-1,1,0,0,-1,1,-1,1,-1,1,0,0,0,0,0,0,-1,1,-1,1,-1,1,0,2,0,1,0,1,0,0,-1,1,-1,1,1,-1,-1,1,0,0,-1,1,1,-1,-1,1,-1,1,-1,1,1,-1,-1,1,0,0,-1,1,-1,1,-1,1,-1,1,-1,1,-1,1,0,0,0,0,-1,1,-1,1,-1,1,-1,1,-1,1,-1,1,-1,1,-1,1,-1,1,0,0,-1,1,0,0,0,0,0,0,-1,1,-1,1,0,0,0,0,0,0,0,0,-1,1,-1,1,-1,1,-1,1,-1,1,-1,1,-1,1,1,-1,-1,1,-1,1,-1,1,1,-1,0,2,0,0,-1,1,0,0,-1,1,-1,0,-1,1,-1,1,0,0,-1,1,1,-1,-1,1,-1,1,-1,1,1,-1,0,2,0,0,0,0,-1,1,1,-1,1,-1,1,-1,1,-1,1,-1,-1,1,0,0,-1,1,1,-1,1,-1,-1,1,-1,1,-1,1,1,-1,-1,1,0,0,0,0,0,0,-1,1,1,-1,-1,1,1,-1,-1,1,-1,1,1,-1,-1,1,-1,1,0,0,1,-1,0,0,0,0,1,-1,1,-1,-1,1,-1,1,-1,1,-1,1,0,0,1,-1,0,0,0,0,-1,1,1,-1,-1,1,-1,1,0,0,-1,1,-1,1,0,0,-1,1,-1,1,1,-1,0,0,1,-1,-1,1,1,-1,-1,1,1,-1,1,-1,1,-1,-1,1,-1,1,0,0,-1,1,-1,1
AVGO,2015-05-28 07:24:11,BMO,0.02361553902467824,0.03541912632821724,,ES,timed,898.0,-62.5,-115.0,0,0,-1,1,-1,1,0,2,-1,1,-1,1,1,-1,-1,1,0,0,1,-1,-1,1,0,0,0,0,-1,1,0,0,-1,1,-1,1,-1,1,0,0,1,-1,0,0,-1,1,-1,1,-1,1,0,0,0,1,0,1,0,0,-1,1,1,-1,1,-1,1,-1,0,0,-1,1,1,-1,-1,1,-1,1,-1,1,1,-1,-1,1,0,0,-1,1,-1,1,-1,1,-1,1,-1,1,-1,1,-1,1,-1,1,-1,1,-1,1,0,0,-1,1,-1,1,-1,1,-1,1,-1,1,-1,1,0,0,-1,1,0,0,0,0,0,0,0,0,-1,1,0,0,0,0,-1,1,0,2,-1,1,-1,1,1,-1,0,0,-1,1,-1,1,-1,1,1,-1,-1,1,-1,1,-1,1,1,-1,0,0,0,0,-1,1,-1,1,-1,1,-1,0,-1,1,-1,1,0,0,-1,1,1,-1,-1,1,1,-1,-1,1,1,-1,0,0,0,0,0,0,-1,1,0,0,1,-1,0,0,1,-1,1,-1,-1,1,0,0,-1,1,1,-1,-1,1,-1,1,-1,1,0,0,-1,1,-1,1,0,0,0,0,0,0,-1,1,-1,1,1,-1,1,-1,-1,1,-1,1,1,-1,0,0,-1,1,0,0,1,-1,0,0,0,0,1,-1,1,-1,-1,1,-1,1,-1,1,-1,1,0,0,1,-1,0,0,-1,1,0,0,1,-1,-1,1,-1,1,0,0,-1,1,0,0,0,0,-1,1,-1,1,-1,1,0,0,-1,1,-1,1,1,-1,0,0,-1,1,-1,1,1,-1,-1,1,1,-1,0,0,-1,1,-1,1
GOOGL,2015-07-16 16:00:31,AMC,0.02361553902467824,0.047225501770956316,,ES,timed,18.0,0.0,-52.5,0,0,1,-1,1,-1,0,2,1,-1,1,-1,1,-1,1,-1,0,0,-1,1,1,-1,0,0,0,0,1,-1,0,0,1,-1,1,-1,1,-1,0,0,0,0,0,0,0,0,1,-1,1,-1,0,2,0,-1,0,0,0,2,0,0,-1,1,1,-1,1,-1,0,0,-1,1,1,-1,1,-1,1,-1,1,-1,0,0,1,-1,0,2,1,-1,1,-1,-1,1,1,-1,1,-1,1,-1,1,-1,0,0,1,-1,1,-1,1,-1,1,-1,1,-1,1,-1,1,-1,1,-1,1,-1,0,0,1,-1,0,0,0,0,0,0,0,0,1,-1,0,0,0,2,0,0,0,2,1,-1,1,-1,-1,1,-1,1,1,-1,1,-1,1,-1,-1,1,1,-1,-1,1,-1,1,-1,1,0,0,0,2,1,-1,0,0,1,-1,1,0,-1,1,1,-1,0,0,1,-1,1,-1,1,-1,-1,1,1,-1,-1,1,0,0,0,0,0,0,1,-1,1,-1,1,-1,1,-1,1,-1,1,-1,-1,1,0,0,-1,1,-1,1,1,-1,1,-1,1,-1,1,-1,1,-1,1,-1,0,0,0,0,0,0,1,-1,1,-1,1,-1,1,-1,-1,1,1,-1,-1,1,1,-1,-1,1,1,-1,-1,1,0,0,0,2,-1,1,-1,1,-1,1,1,-1,1,-1,1,-1,0,0,-1,1,0,0,0,0,1,-1,-1,1,-1,1,-1,1,0,2,1,-1,-1,1,0,2,1,-1,1,-1,-1,1,0,0,1,-1,1,-1,1,-1,1,-1,1,-1,1,-1,-1,1,1,-1,-1,1,0,0,0,0,1,-1
AVGO,2015-12-02 16:05:08,AMC,0.02403557264751833,0.14421343588510996,,ES,timed,591.0,187.5,135.0,0,0,1,-1,-1,1,0,2,-1,1,1,-1,-1,1,-1,1,0,0,-1,1,1,-1,0,0,0,2,-1,1,0,0,1,-1,1,-1,1,-1,0,0,1,-1,0,0,0,0,1,-1,-1,1,0,0,0,-1,0,0,0,0,1,-1,-1,1,-1,1,1,-1,0,0,-1,1,-1,1,1,-1,0,0,1,-1,1,-1,1,-1,0,2,1,-1,1,-1,1,-1,1,-1,-1,1,0,0,1,-1,1,-1,-1,1,0,0,-1,1,-1,1,1,-1,1,-1,-1,1,1,-1,1,-1,0,0,1,-1,0,0,0,0,0,0,0,0,-1,1,0,0,0,0,1,-1,0,0,-1,1,-1,1,-1,1,0,0,1,-1,1,-1,-1,1,1,-1,1,-1,1,-1,1,-1,1,-1,0,0,0,0,1,-1,0,0,1,-1,1,0,1,-1,-1,1,0,0,1,-1,1,-1,1,-1,-1,1,1,-1,1,-1,0,0,0,0,0,0,1,-1,-1,1,-1,1,-1,1,-1,1,-1,1,1,-1,0,0,1,-1,0,0,-1,1,1,-1,1,-1,-1,1,-1,1,1,-1,0,0,0,0,0,0,1,-1,1,-1,-1,1,-1,1,1,-1,-1,1,-1,1,0,0,-1,1,-1,1,-1,1,0,0,0,0,-1,1,1,-1,-1,1,1,-1,-1,1,1,-1,0,0,1,-1,0,0,0,0,0,0,1,-1,-1,1,1,-1,0,0,1,-1,-1,1,0,2,-1,1,-1,1,1,-1,0,0,1,-1,-1,1,-1,1,0,0,-1,1,-1,1,1,-1,0,0,1,-1,0,0,0,0,1,-1
MU,2015-12-22 16:03:43,AMC,0.0,0.19692307692307692,,ES,timed,676.0,250.0,197.5,0,0,1,-1,1,-1,1,0,-1,1,1,-1,1,-1,-1,1,0,0,-1,1,1,-1,0,0,0,2,-1,1,0,0,1,-1,1,-1,1,-1,0,0,0,0,1,-1,0,0,1,-1,1,-1,0,0,0,-1,0,-1,0,0,0,0,1,-1,1,-1,-1,1,0,0,-1,1,1,-1,1,-1,0,0,1,-1,1,-1,1,-1,0,0,1,-1,1,-1,1,-1,1,-1,-1,1,1,-1,1,-1,1,-1,-1,1,0,0,-1,1,1,-1,1,-1,-1,1,-1,1,1,-1,1,-1,0,0,1,-1,0,0,0,0,0,0,0,0,-1,1,0,0,0,0,1,-1,0,0,-1,1,-1,1,-1,1,1,-1,1,-1,1,-1,1,-1,1,-1,1,-1,1,-1,1,-1,-1,1,0,0,0,2,1,-1,0,0,-1,1,1,0,1,-1,-1,1,0,0,1,-1,1,-1,1,-1,-1,1,1,-1,0,0,0,0,0,0,0,0,1,-1,1,-1,1,-1,1,-1,1,-1,1,-1,1,-1,0,0,1,-1,-1,1,1,-1,1,-1,1,-1,0,0,-1,1,1,-1,0,0,0,0,0,0,1,-1,-1,1,1,-1,1,-1,1,-1,-1,1,-1,1,0,0,-1,1,0,0,1,-1,0,0,0,0,-1,1,1,-1,-1,1,1,-1,-1,1,1,-1,0,0,-1,1,0,0,0,0,0,0,-1,1,-1,1,1,-1,0,0,1,-1,1,-1,0,2,1,-1,-1,1,1,-1,0,0,-1,1,1,-1,1,-1,0,0,1,-1,-1,1,1,-1,0,0,-1,1,0,0,0,0,1,-1
INTC,2016-01-14 16:46:53,AMC,0.013071895424836603,0.10457516339869283,,ES,timed,786.0,-25.0,-77.5,0,0,1,-1,1,-1,0,2,-1,1,-1,1,1,-1,-1,1,0,0,-1,1,1,-1,0,2,0,2,-1,1,0,0,1,-1,-1,1,-1,1,0,0,0,0,1,-1,0,0,1,-1,1,-1,0,2,0,1,0,0,0,0,0,0,1,-1,-1,1,-1,1,0,0,-1,1,1,-1,1,-1,0,0,1,-1,1,-1,1,-1,0,0,1,-1,-1,1,1,-1,-1,1,-1,1,0,0,0,0,1,-1,-1,1,-1,1,0,0,1,-1,-1,1,-1,1,-1,1,-1,1,1,-1,0,0,-1,1,-1,1,0,0,0,2,0,0,-1,1,0,0,0,0,-1,1,0,0,-1,1,-1,1,-1,1,-1,1,-1,1,-1,1,-1,1,-1,1,-1,1,1,-1,-1,1,1,-1,0,0,0,0,-1,1,0,0,-1,1,-1,0,1,-1,-1,1,0,0,-1,1,1,-1,-1,1,1,-1,1,-1,1,-1,0,0,0,2,0,0,-1,1,1,-1,1,-1,0,0,1,-1,1,-1,1,-1,0,0,-1,1,0,0,-1,1,1,-1,-1,1,-1,1,-1,1,1,-1,0,2,0,0,0,0,1,-1,-1,1,1,-1,-1,1,1,-1,-1,1,-1,1,-1,1,1,-1,-1,1,1,-1,0,0,0,2,1,-1,-1,1,-1,1,-1,1,-1,1,-1,1,0,0,0,0,0,0,1,-1,-1,1,1,-1,1,-1,-1,1,0,0,1,-1,1,-1,0,0,1,-1,-1,1,-1,1,0,2,-1,1,-1,1,1,-1,-1,1,1,-1,-1,1,-1,1,-1,1,1,-1,0,2,0,0,-1,1
NFLX,2016-01-19 16:13:20,AMC,0.04005875283749499,0.13354700854700854,,ES,stopped_pre,-198.0,-93.73749999999745,-146.23749999999745,0,0,1,-1,-1,1,-1,0,-1,1,1,-1,-1,1,-1,1,0,0,-1,1,1,-1,0,0,0,0,-1,1,0,0,1,-1,1,-1,1,-1,0,0,0,0,1,-1,0,0,-1,1,-1,1,0,0,0,-1,0,1,0,0,1,-1,-1,1,-1,1,-1,1,0,0,-1,1,-1,1,-1,1,0,0,-1,1,1,-1,-1,1,0,0,-1,1,-1,1,-1,1,-1,1,-1,1,0,0,1,-1,1,-1,-1,1,0,0,0,0,-1,1,1,-1,-1,1,1,-1,1,-1,-1,1,0,0,1,-1,0,0,0,0,0,0,0,0,0,0,0,0,0,2,0,0,0,0,-1,1,1,-1,-1,1,-1,1,1,-1,-1,1,1,-1,-1,1,-1,1,1,-1,-1,1,-1,1,0,0,0,0,-1,1,0,0,-1,1,-1,0,-1,1,-1,1,0,0,-1,1,-1,1,-1,1,-1,1,-1,1,0,0,0,0,0,0,0,0,-1,1,-1,1,-1,1,0,0,-1,1,-1,1,-1,1,0,0,-1,1,-1,1,1,-1,-1,1,-1,1,1,-1,-1,1,-1,1,0,0,0,0,0,0,-1,1,-1,1,1,-1,-1,1,1,-1,1,-1,1,-1,0,0,-1,1,0,0,1,-1,0,0,0,0,1,-1,-1,1,-1,1,1,-1,-1,1,1,-1,0,0,-1,1,0,0,0,0,0,0,-1,1,-1,1,-1,1,0,0,-1,1,-1,1,0,0,1,-1,1,-1,-1,1,0,0,1,-1,-1,1,-1,1,0,0,-1,1,-1,1,-1,1,-1,1,-1,1,0,0,0,0,-1,1
AAPL,2016-01-26 16:31:06,AMC,0.11867088607594937,0.26371308016877637,,ES,,,,,0,0,1,-1,-1,1,0,2,1,-1,1,-1,1,-1,1,-1,0,0,1,-1,1,-1,0,0,0,0,1,-1,0,0,1,-1,1,-1,1,-1,0,0,0,0,0,0,1,-1,1,-1,1,-1,0,2,0,-1,0,0,0,2,1,-1,-1,1,1,-1,-1,1,0,0,1,-1,1,-1,1,-1,1,-1,1,-1,1,-1,1,-1,0,0,1,-1,1,-1,-1,1,1,-1,1,-1,1,-1,1,-1,1,-1,1,-1,1,-1,1,-1,1,-1,1,-1,1,-1,1,-1,1,-1,1,-1,1,-1,1,-1,0,0,0,0,0,0,1,-1,1,-1,0,0,0,2,0,0,0,2,1,-1,1,-1,1,-1,-1,1,1,-1,1,-1,1,-1,1,-1,1,-1,1,-1,-1,1,1,-1,0,0,0,2,1,-1,0,0,1,-1,1,0,1,-1,1,-1,0,0,1,-1,1,-1,1,-1,1,-1,1,-1,0,0,0,0,0,0,0,0,1,-1,1,-1,1,-1,1,-1,1,-1,1,-1,1,-1,0,0,1,-1,1,-1,1,-1,-1,1,-1,1,1,-1,1,-1,1,-1,0,0,0,0,0,0,1,-1,1,-1,1,-1,1,-1,-1,1,1,-1,-1,1,1,-1,1,-1,0,0,1,-1,0,0,0,2,-1,1,-1,1,1,-1,1,-1,1,-1,1,-1,0,0,-1,1,0,0,0,0,1,-1,-1,1,-1,1,1,-1,0,2,1,-1,-1,1,0,2,1,-1,1,-1,-1,1,0,0,-1,1,1,-1,1,-1,1,-1,1,-1,1,-1,-1,1,1,-1,1,-1,0,0,0,0,1,-1
META,2016-01-27 16:07:50,AMC,0.03998933617701946,0.13329778725673155,,ES,timed,429.0,50.0,-2.5,0,0,1,-1,-1,1,0,2,1,-1,-1,1,-1,1,1,-1,0,0,1,-1,-1,1,0,0,0,2,1,-1,0,0,-1,1,-1,1,-1,1,0,0,1,-1,0,0,0,0,1,-1,-1,1,0,2,0,1,0,0,0,0,0,0,-1,1,-1,1,-1,1,0,0,-1,1,-1,1,1,-1,0,0,1,-1,-1,1,-1,1,0,0,-1,1,-1,1,-1,1,0,0,1,-1,0,0,-1,1,0,0,1,-1,-1,1,1,-1,-1,1,-1,1,-1,1,-1,1,1,-1,1,-1,0,0,1,-1,0,0,0,0,0,0,0,0,0,0,0,0,0,0,-1,1,0,0,1,-1,0,0,1,-1,0,0,-1,1,-1,1,1,-1,-1,1,-1,1,-1,1,-1,1,-1,1,0,0,0,2,-1,1,-1,1,1,-1,-1,0,-1,1,1,-1,0,0,-1,1,-1,1,-1,1,1,-1,1,-1,1,-1,0,0,0,0,0,0,-1,1,0,0,-1,1,0,0,-1,1,-1,1,-1,1,0,0,-1,1,-1,1,-1,1,1,-1,1,-1,0,0,1,-1,0,0,0,0,0,0,0,0,-1,1,1,-1,-1,1,-1,1,-1,1,1,-1,-1,1,0,0,-1,1,0,0,-1,1,0,0,0,2,1,-1,-1,1,-1,1,-1,1,1,-1,-1,1,0,0,-1,1,0,0,0,0,0,0,1,-1,-1,1,-1,1,0,2,1,-1,-1,1,0,2,-1,1,1,-1,1,-1,0,0,1,-1,-1,1,-1,1,0,0,1,-1,1,-1,-1,1,0,0,1,-1,0,0,0,0,-1,1
MSFT,2016-01-28 16:07:06,AMC,0.13285505513484788,0.03986181238373638,,ES,stopped_pre,-132.0,-94.24999999999955,-146.74999999999955,0,0,-1,1,-1,1,0,2,-1,1,-1,1,1,-1,-1,1,0,0,-1,1,-1,1,0,0,0,0,-1,1,0,0,-1,1,-1,1,-1,1,0,-1,0,0,0,0,-1,1,-1,1,-1,1,0,0,0,1,0,1,0,0,-1,1,-1,1,-1,1,-1,1,0,0,-1,1,0,0,-1,1,-1,1,-1,1,-1,1,-1,1,0,0,-1,1,-1,1,-1,1,-1,1,-1,1,-1,1,-1,1,-1,1,-1,1,-1,1,-1,1,1,-1,-1,1,-1,1,-1,1,-1,1,-1,1,-1,1,-1,1,0,0,0,0,0,0,0,0,-1,1,0,0,0,0,-1,1,0,2,-1,1,-1,1,-1,1,1,-1,-1,1,-1,1,-1,1,-1,1,-1,1,-1,1,-1,1,1,-1,0,0,0,2,-1,1,-1,1,-1,1,-1,0,-1,1,-1,1,0,0,-1,1,-1,1,-1,1,1,-1,-1,1,1,-1,0,0,0,0,0,0,-1,1,0,0,1,-1,0,0,-1,1,1,-1,-1,1,0,0,-1,1,1,-1,-1,1,-1,1,-1,1,-1,1,-1,1,-1,1,0,0,0,0,0,0,-1,1,-1,1,1,-1,-1,1,-1,1,-1,1,-1,1,-1,1,-1,1,0,0,-1,1,0,0,0,2,1,-1,1,-1,1,-1,-1,1,-1,1,-1,1,0,0,1,-1,0,0,-1,1,-1,1,-1,1,-1,1,-1,1,0,2,-1,1,-1,1,0,2,-1,1,-1,1,1,-1,0,0,1,-1,-1,1,1,-1,-1,1,1,-1,-1,1,1,-1,-1,1,-1,1,0,0,-1,1,1,-1
GOOGL,2016-02-01 16:01:27,AMC,0.1034928848641656,0.0517464424320828,,ES,stopped_pre,-99.0,-96.64999999999964,-149.14999999999964,0,0,-1,1,-1,1,-1,0,-1,1,-1,1,1,-1,-1,1,-1,1,-1,1,-1,1,0,0,0,0,-1,1,0,0,-1,1,-1,1,-1,1,0,0,0,0,0,0,-1,1,-1,1,-1,1,0,2,0,1,0,1,0,0,-1,1,-1,1,1,-1,-1,1,0,0,-1,1,1,-1,-1,1,-1,1,-1,1,1,-1,-1,1,0,0,-1,1,-1,1,-1,1,-1,1,-1,1,-1,1,0,0,0,0,-1,1,0,0,1,-1,-1,1,-1,1,-1,1,-1,1,-1,1,-1,1,-1,1,-1,1,0,0,0,0,0,0,0,0,0,0,0,0,0,0,-1,1,0,0,-1,1,-1,1,-1,1,-1,1,-1,1,-1,1,-1,1,1,-1,-1,1,-1,1,-1,1,1,-1,0,2,0,0,-1,1,-1,1,-1,1,-1,0,-1,1,-1,1,0,0,-1,1,-1,1,-1,1,-1,1,-1,1,0,0,0,0,0,0,0,0,-1,1,1,-1,1,-1,1,-1,1,-1,1,-1,-1,1,0,0,-1,1,1,-1,1,-1,-1,1,-1,1,0,0,1,-1,-1,1,0,0,0,0,0,0,-1,1,-1,1,-1,1,1,-1,-1,1,-1,1,1,-1,-1,1,-1,1,0,0,1,-1,0,2,0,0,1,-1,1,-1,-1,1,-1,1,-1,1,-1,1,0,0,1,-1,0,0,-1,1,-1,1,-1,1,-1,1,-1,1,0,0,-1,1,-1,1,0,0,1,-1,-1,1,-1,1,0,0,1,-1,-1,1,1,-1,-1,1,1,-1,-1,1,1,-1,-1,1,-1,1,0,0,-1,1,-1,1
TSLA,2016-02-10 16:44:07,AMC,0.02712600027126,0.040694519804666304,,ES,stopped_post,7.0,-92.22499999999627,-144.72499999999627,0,0,-1,1,1,-1,0,2,-1,1,-1,1,-1,1,-1,1,0,0,1,-1,-1,1,0,2,0,0,-1,1,0,0,-1,1,-1,1,-1,1,0,0,-1,1,0,0,-1,1,-1,1,1,-1,0,2,0,1,0,0,0,0,-1,1,1,-1,-1,1,-1,1,0,0,-1,1,0,0,1,-1,0,0,1,-1,0,0,-1,1,0,0,-1,1,-1,1,1,-1,-1,1,-1,1,-1,1,-1,1,0,0,-1,1,-1,1,0,0,-1,1,-1,1,-1,1,-1,1,-1,1,-1,1,0,0,-1,1,0,0,0,0,0,2,0,0,-1,1,0,0,0,0,-1,1,0,0,-1,1,-1,1,-1,1,0,0,-1,1,-1,1,-1,1,1,-1,-1,1,-1,1,1,-1,1,-1,0,0,0,2,-1,1,0,0,-1,1,-1,0,-1,1,-1,1,0,0,-1,1,1,-1,-1,1,-1,1,1,-1,1,-1,0,0,0,2,0,0,-1,1,0,0,1,-1,0,0,1,-1,1,-1,-1,1,0,0,-1,1,-1,1,-1,1,1,-1,-1,1,-1,1,1,-1,-1,1,0,2,0,0,0,0,-1,1,-1,1,1,-1,-1,1,-1,1,-1,1,-1,1,-1,1,-1,1,-1,1,1,-1,0,0,0,2,1,-1,1,-1,1,-1,-1,1,-1,1,-1,1,0,0,1,-1,0,0,0,0,-1,1,1,-1,1,-1,-1,1,0,2,1,-1,1,-1,0,0,-1,1,-1,1,-1,1,0,2,1,-1,-1,1,-1,1,-1,1,1,-1,-1,1,1,-1,-1,1,1,-1,0,2,0,0,-1,1
AVGO,2016-03-03 16:07:38,AMC,0.0,0.050238633509168545,,ES,timed,441.0,37.5,-15.0,0,0,-1,1,1,-1,1,0,1,-1,-1,1,1,-1,1,-1,1,-1,1,-1,-1,1,0,0,0,0,1,-1,0,0,-1,1,-1,1,-1,1,0,0,1,-1,0,0,0,0,1,-1,1,-1,0,0,0,1,0,0,0,2,-1,1,1,-1,-1,1,0,0,0,0,1,-1,1,-1,-1,1,0,0,-1,1,-1,1,-1,1,0,0,1,-1,-1,1,-1,1,-1,1,1,-1,0,0,-1,1,-1,1,1,-1,0,0,1,-1,-1,1,-1,1,1,-1,1,-1,-1,1,-1,1,0,0,-1,1,0,0,0,0,0,0,0,0,1,-1,0,0,0,0,-1,1,0,2,1,-1,1,-1,1,-1,0,0,-1,1,-1,1,1,-1,1,-1,-1,1,-1,1,-1,1,1,-1,0,0,0,0,1,-1,-1,1,1,-1,-1,0,-1,1,1,-1,0,0,-1,1,-1,1,0,0,1,-1,-1,1,1,-1,0,0,0,0,0,0,-1,1,0,0,1,-1,1,-1,1,-1,1,-1,-1,1,0,0,-1,1,-1,1,1,-1,-1,1,-1,1,1,-1,-1,1,-1,1,0,0,0,0,0,0,-1,1,1,-1,1,-1,-1,1,-1,1,1,-1,1,-1,0,0,1,-1,1,-1,1,-1,0,0,0,2,1,-1,-1,1,1,-1,-1,1,1,-1,-1,1,0,0,1,-1,0,0,-1,1,0,0,-1,1,-1,1,-1,1,0,2,-1,1,1,-1,0,0,1,-1,1,-1,1,-1,0,0,-1,1,-1,1,1,-1,0,0,-1,1,1,-1,-1,1,0,0,-1,1,0,0,-1,1,-1,1
MU,2016-03-30 16:01:23,AMC,0.0,0.0729483282674772,,ES,timed,816.0,-50.0,-102.5,0,0,1,-1,-1,1,-1,0,-1,1,-1,1,-1,1,-1,1,-1,1,-1,1,-1,1,0,0,0,2,-1,1,0,0,-1,1,-1,1,-1,1,0,-1,-1,1,0,0,-1,1,-1,1,-1,1,0,0,0,1,0,1,0,2,-1,1,-1,1,-1,1,-1,1,0,0,-1,1,1,-1,-1,1,-1,1,-1,1,1,-1,1,-1,0,2,-1,1,-1,1,-1,1,-1,1,-1,1,0,0,-1,1,-1,1,-1,1,-1,1,-1,1,-1,1,-1,1,-1,1,-1,1,-1,1,-1,1,-1,1,-1,1,0,0,0,0,0,0,0,0,-1,1,0,0,0,0,0,0,0,0,-1,1,-1,1,-1,1,1,-1,-1,1,-1,1,-1,1,-1,1,-1,1,1,-1,-1,1,1,-1,0,2,0,0,-1,1,-1,1,-1,1,-1,0,-1,1,-1,1,0,0,-1,1,-1,1,-1,1,1,-1,-1,1,1,-1,0,0,0,0,0,0,-1,1,0,0,1,-1,1,-1,1,-1,1,-1,-1,1,0,0,-1,1,-1,1,-1,1,-1,1,1,-1,0,0,1,-1,-1,1,0,0,0,0,0,0,-1,1,-1,1,1,-1,-1,1,-1,1,-1,1,1,-1,-1,1,-1,1,0,0,1,-1,0,0,0,0,1,-1,1,-1,-1,1,-1,1,-1,1,-1,1,0,0,-1,1,0,0,-1,1,-1,1,1,-1,-1,1,-1,1,0,0,-1,1,-1,1,0,0,-1,1,-1,1,1,-1,0,0,1,-1,-1,1,-1,1,-1,1,-1,1,-1,1,1,-1,-1,1,-1,1,0,0,-1,1,1,-1
NFLX,2016-04-18 16:11:43,AMC,0.011983223487118035,0.0,,ES,timed,196.0,37.5,-15.0,0,0,-1,1,-1,1,0,2,0,0,-1,1,1,-1,-1,1,0,0,1,-1,-1,1,0,0,0,0,-1,1,0,0,-1,1,-1,1,-1,1,0,-1,1,-1,1,-1,-1,1,-1,1,-1,1,0,0,0,1,0,1,0,0,-1,1,1,-1,-1,1,-1,1,0,0,-1,1,1,-1,-1,1,-1,1,-1,1,0,0,-1,1,0,2,-1,1,-1,1,-1,1,-1,1,-1,1,0,0,-1,1,-1,1,-1,1,0,0,1,-1,-1,1,-1,1,-1,1,1,-1,-1,1,-1,1,0,0,-1,1,0,0,0,0,0,0,0,0,0,0,0,0,0,0,-1,1,0,2,-1,1,-1,1,-1,1,1,-1,-1,1,-1,1,-1,1,1,-1,-1,1,-1,1,-1,1,1,-1,0,0,0,0,-1,1,-1,1,-1,1,-1,0,-1,1,-1,1,0,0,-1,1,-1,1,-1,1,-1,1,-1,1,1,-1,0,0,0,0,0,0,-1,1,1,-1,1,-1,1,-1,1,-1,1,-1,-1,1,0,0,-1,1,-1,1,1,-1,-1,1,-1,1,0,0,-1,1,-1,1,0,0,0,0,0,0,-1,1,-1,1,1,-1,-1,1,1,-1,-1,1,1,-1,0,0,-1,1,0,0,1,-1,0,0,0,0,1,-1,1,-1,1,-1,-1,1,1,-1,-1,1,0,0,1,-1,0,0,-1,1,0,0,-1,1,-1,1,-1,1,0,0,-1,1,1,-1,0,0,-1,1,-1,1,-1,1,0,0,1,-1,-1,1,1,-1,0,0,-1,1,-1,1,1,-1,0,0,-1,1,0,0,-1,1,1,-1
INTC,2016-04-19 16:09:01,AMC,0.023869196801527628,0.03580379520229145,,ES,timed,358.0,-62.5,-115.0,0,0,1,-1,1,-1,0,2,0,0,-1,1,1,-1,1,-1,0,0,1,-1,-1,1,0,0,0,0,1,-1,0,0,1,-1,1,-1,1,-1,0,0,1,-1,0,0,1,-1,1,-1,1,-1,0,0,0,-1,0,0,0,0,0,0,1,-1,1,-1,1,-1,0,0,1,-1,1,-1,1,-1,1,-1,1,-1,1,-1,1,-1,0,0,1,-1,1,-1,1,-1,1,-1,1,-1,1,-1,0,0,0,0,1,-1,1,-1,0,0,-1,1,1,-1,1,-1,1,-1,1,-1,1,-1,1,-1,1,-1,1,-1,0,0,0,0,0,0,1,-1,0,0,0,0,1,-1,0,2,1,-1,1,-1,0,0,0,0,1,-1,1,-1,1,-1,1,-1,1,-1,1,-1,1,-1,-1,1,0,0,0,0,1,-1,1,-1,1,-1,1,0,1,-1,1,-1,0,0,1,-1,-1,1,1,-1,-1,1,1,-1,1,-1,0,0,0,0,0,0,1,-1,0,0,1,-1,1,-1,1,-1,1,-1,1,-1,0,0,1,-1,-1,1,1,-1,1,-1,1,-1,1,-1,-1,1,1,-1,0,0,0,0,0,0,1,-1,1,-1,-1,1,1,-1,1,-1,-1,1,-1,1,0,0,1,-1,1,-1,-1,1,0,0,0,0,1,-1,1,-1,-1,1,1,-1,1,-1,1,-1,0,0,-1,1,0,0,1,-1,0,0,-1,1,1,-1,1,-1,0,0,1,-1,1,-1,0,0,1,-1,1,-1,1,-1,0,0,1,-1,1,-1,1,-1,1,-1,1,-1,1,-1,1,-1,1,-1,1,-1,0,0,1,-1,1,-1
GOOGL,2016-04-21 16:01:58,AMC,0.023946360153256702,0.3951622560172435,,ES,stopped_post,412.0,-104.26250000000437,-156.76250000000437,0,0,-1,1,1,-1,0,2,1,-1,1,-1,-1,1,1,-1,1,-1,1,-1,-1,1,0,0,0,2,1,-1,0,0,-1,1,1,-1,1,-1,0,0,-1,1,0,0,0,0,-1,1,1,-1,0,0,0,-1,0,0,0,0,0,0,1,-1,1,-1,1,-1,0,0,1,-1,-1,1,-1,1,0,0,1,-1,1,-1,-1,1,0,2,1,-1,-1,1,1,-1,-1,1,1,-1,0,0,-1,1,-1,1,1,-1,1,-1,0,0,1,-1,-1,1,1,-1,1,-1,-1,1,-1,1,0,0,-1,1,0,0,0,0,0,0,0,0,1,-1,0,0,0,0,-1,1,0,2,1,-1,1,-1,1,-1,0,0,-1,1,1,-1,-1,1,-1,1,1,-1,-1,1,1,-1,1,-1,0,0,0,0,-1,1,0,0,1,-1,1,0,-1,1,1,-1,0,0,1,-1,1,-1,0,0,1,-1,1,-1,0,0,0,0,0,0,0,0,-1,1,-1,1,-1,1,-1,1,-1,1,-1,1,-1,1,0,0,-1,1,-1,1,-1,1,1,-1,-1,1,0,0,1,-1,-1,1,0,0,0,0,0,0,-1,1,1,-1,-1,1,1,-1,1,-1,1,-1,1,-1,0,0,-1,1,0,0,-1,1,0,0,0,0,-1,1,-1,1,1,-1,-1,1,1,-1,-1,1,0,0,1,-1,0,0,0,0,0,0,-1,1,1,-1,1,-1,0,0,1,-1,1,-1,0,0,-1,1,1,-1,1,-1,0,0,-1,1,1,-1,-1,1,0,0,-1,1,1,-1,-1,1,0,0,-1,1,0,0,0,0,1,-1
MSFT,2016-04-21 16:07:06,AMC,0.0599592277251469,0.2038858239385944,,ES,stopped_pre,-282.0,-104.37500000000455,-156.87500000000455,0,0,1,-1,-1,1,0,2,1,-1,1,-1,-1,1,1,-1,1,-1,1,-1,1,-1,0,0,0,2,1,-1,0,0,1,-1,1,-1,1,-1,0,1,-1,1,0,0,1,-1,1,-1,-1,1,0,0,0,-1,0,-1,0,0,1,-1,-1,1,1,-1,-1,1,0,0,1,-1,-1,1,1,-1,1,-1,1,-1,1,-1,1,-1,0,0,1,-1,1,-1,1,-1,1,-1,1,-1,1,-1,1,-1,0,0,1,-1,1,-1,0,0,1,-1,1,-1,1,-1,1,-1,1,-1,1,-1,1,-1,1,-1,1,-1,0,0,0,0,0,0,1,-1,0,0,0,0,0,0,0,2,1,-1,1,-1,1,-1,1,-1,1,-1,1,-1,1,-1,1,-1,1,-1,1,-1,1,-1,1,-1,0,2,0,2,1,-1,1,-1,1,-1,1,0,1,-1,1,-1,0,0,1,-1,-1,1,1,-1,1,-1,1,-1,-1,1,0,0,0,0,0,0,1,-1,-1,1,-1,1,-1,1,-1,1,-1,1,1,-1,0,0,1,-1,-1,1,-1,1,1,-1,1,-1,0,0,-1,1,1,-1,0,0,0,0,0,0,1,-1,-1,1,-1,1,1,-1,1,-1,1,-1,1,-1,1,-1,-1,1,0,0,1,-1,0,2,0,0,-1,1,-1,1,1,-1,1,-1,1,-1,1,-1,0,0,-1,1,0,0,1,-1,1,-1,-1,1,1,-1,1,-1,0,0,-1,1,-1,1,0,0,1,-1,1,-1,1,-1,0,0,-1,1,1,-1,-1,1,1,-1,1,-1,1,-1,-1,1,1,-1,1,-1,0,0,1,-1,-1,1
AAPL,2016-04-26 16:31:09,AMC,0.011990407673860911,0.0,,ES,,,,,0,0,-1,1,1,-1,1,0,1,-1,1,-1,1,-1,1,-1,1,-1,1,-1,1,-1,0,0,0,2,1,-1,0,0,-1,1,1,-1,1,-1,0,0,0,0,0,0,0,0,-1,1,1,-1,0,0,0,-1,0,-1,0,0,0,0,1,-1,1,-1,0,0,0,0,1,-1,1,-1,-1,1,0,0,1,-1,-1,1,-1,1,0,0,1,-1,1,-1,-1,1,1,-1,1,-1,0,0,1,-1,-1,1,1,-1,1,-1,1,-1,1,-1,-1,1,1,-1,1,-1,-1,1,1,-1,0,0,1,-1,0,0,0,0,0,0,0,0,1,-1,0,0,0,0,-1,1,0,0,1,-1,1,-1,1,-1,1,-1,1,-1,1,-1,1,-1,-1,1,1,-1,-1,1,1,-1,1,-1,0,0,0,0,-1,1,0,0,1,-1,1,0,-1,1,1,-1,0,0,1,-1,1,-1,0,0,1,-1,1,-1,-1,1,0,0,0,0,0,0,1,-1,1,-1,1,-1,1,-1,1,-1,1,-1,-1,1,0,0,1,-1,-1,1,1,-1,1,-1,-1,1,1,-1,-1,1,0,0,0,0,0,0,0,0,-1,1,1,-1,1,-1,1,-1,-1,1,1,-1,1,-1,1,-1,1,-1,1,-1,-1,1,0,0,0,0,-1,1,1,-1,1,-1,1,-1,1,-1,-1,1,0,0,1,-1,0,0,0,0,1,-1,-1,1,1,-1,-1,1,0,0,1,-1,1,-1,0,0,1,-1,1,-1,-1,1,0,0,-1,1,1,-1,1,-1,1,-1,1,-1,1,-1,1,-1,1,-1,1,-1,0,0,0,0,1,-1
AMZN,2016-04-28 16:08:22,AMC,0.024116724948751958,0.03617508742312794,,ES,timed,397.0,62.5,10.0,0,0,1,-1,1,-1,1,0,-1,1,1,-1,-1,1,-1,1,0,0,-1,1,1,-1,0,0,0,2,1,-1,0,0,1,-1,1,-1,1,-1,0,0,1,-1,0,0,1,-1,1,-1,1,-1,0,0,0,-1,0,-1,0,0,1,-1,1,-1,1,-1,-1,1,0,0,-1,1,-1,1,1,-1,1,-1,1,-1,1,-1,1,-1,0,2,1,-1,1,-1,1,-1,1,-1,1,-1,1,-1,1,-1,0,0,1,-1,0,0,-1,1,-1,1,1,-1,1,-1,-1,1,1,-1,1,-1,0,0,1,-1,1,-1,0,0,0,0,0,0,0,0,0,0,0,0,1,-1,0,0,1,-1,0,0,-1,1,-1,1,1,-1,1,-1,1,-1,1,-1,1,-1,1,-1,1,-1,-1,1,0,2,0,2,1,-1,1,-1,1,-1,1,0,1,-1,1,-1,0,0,1,-1,1,-1,1,-1,-1,1,1,-1,1,-1,0,0,0,0,0,0,1,-1,-1,1,-1,1,-1,1,-1,1,-1,1,1,-1,0,0,1,-1,-1,1,-1,1,1,-1,1,-1,0,0,1,-1,1,-1,0,0,0,0,0,0,1,-1,1,-1,-1,1,1,-1,1,-1,1,-1,-1,1,0,0,-1,1,0,0,-1,1,0,2,0,0,-1,1,-1,1,1,-1,1,-1,1,-1,1,-1,0,0,-1,1,0,0,1,-1,0,0,1,-1,1,-1,1,-1,0,0,1,-1,1,-1,0,2,1,-1,1,-1,1,-1,0,0,-1,1,1,-1,-1,1,0,0,1,-1,1,-1,-1,1,0,0,1,-1,0,0,1,-1,1,-1
TSLA,2016-05-04 16:11:22,AMC,0.0,0.012214486380847685,,ES,timed,217.0,25.0,-27.5,0,0,1,-1,1,-1,0,2,-1,1,1,-1,1,-1,1,-1,-1,1,-1,1,1,-1,0,0,0,2,1,-1,0,0,1,-1,1,-1,1,-1,0,0,-1,1,0,0,0,0,1,-1,1,-1,0,0,0,-1,0,-1,0,0,1,-1,1,-1,1,-1,0,0,0,0,-1,1,-1,1,1,-1,0,0,1,-1,0,0,1,-1,0,2,1,-1,1,-1,-1,1,1,-1,1,-1,0,0,1,-1,1,-1,1,-1,1,-1,0,0,1,-1,1,-1,1,-1,1,-1,1,-1,1,-1,0,0,1,-1,0,0,0,0,0,0,0,0,1,-1,0,0,0,0,0,0,0,2,1,-1,1,-1,-1,1,-1,1,1,-1,1,-1,1,-1,-1,1,1,-1,1,-1,-1,1,-1,1,0,0,0,2,1,-1,0,0,1,-1,1,0,1,-1,1,-1,0,0,1,-1,1,-1,1,-1,1,-1,1,-1,1,-1,0,0,0,0,0,0,1,-1,-1,1,-1,1,-1,1,-1,1,-1,1,1,-1,0,0,1,-1,-1,1,1,-1,1,-1,1,-1,1,-1,1,-1,1,-1,0,0,0,0,0,0,1,-1,1,-1,1,-1,1,-1,1,-1,-1,1,1,-1,1,-1,-1,1,1,-1,-1,1,0,0,0,0,-1,1,-1,1,-1,1,1,-1,-1,1,1,-1,0,0,-1,1,0,0,0,0,0,0,-1,1,-1,1,1,-1,0,0,1,-1,1,-1,0,0,1,-1,1,-1,-1,1,0,0,-1,1,1,-1,1,-1,0,0,-1,1,1,-1,-1,1,1,-1,1,-1,0,0,0,0,1,-1
NVDA,2016-05-12 16:39:07,AMC,0.012135922330097087,0.012135922330097087,,ES,timed,891.0,-12.5,-65.0,0,0,1,-1,-1,1,-1,0,-1,1,1,-1,-1,1,-1,1,0,0,1,-1,0,0,0,0,0,0,-1,1,0,0,-1,1,1,-1,1,-1,0,0,0,0,0,0,0,0,1,-1,1,-1,0,2,0,-1,0,0,0,0,0,0,1,-1,-1,1,-1,1,0,0,-1,1,-1,1,1,-1,0,0,1,-1,-1,1,1,-1,0,0,-1,1,0,0,-1,1,0,0,-1,1,0,0,1,-1,-1,1,-1,1,-1,1,-1,1,1,-1,1,-1,-1,1,-1,1,1,-1,1,-1,0,0,-1,1,0,0,0,0,0,0,0,0,-1,1,0,0,0,0,1,-1,0,0,-1,1,-1,1,-1,1,0,0,1,-1,-1,1,-1,1,1,-1,-1,1,-1,1,1,-1,1,-1,0,0,0,0,-1,1,1,-1,-1,1,-1,0,1,-1,-1,1,0,0,-1,1,1,-1,-1,1,-1,1,1,-1,0,0,0,0,0,0,0,0,0,0,0,0,-1,1,0,0,-1,1,-1,1,1,-1,0,0,1,-1,-1,1,1,-1,-1,1,-1,1,-1,1,-1,1,-1,1,0,0,0,0,0,0,1,-1,-1,1,-1,1,-1,1,-1,1,1,-1,-1,1,-1,1,-1,1,0,0,-1,1,0,0,0,2,1,-1,0,0,-1,1,1,-1,-1,1,1,-1,0,0,-1,1,0,0,1,-1,-1,1,1,-1,1,-1,1,-1,0,2,1,-1,1,-1,0,0,1,-1,-1,1,-1,1,0,2,-1,1,-1,1,-1,1,-1,1,1,-1,-1,1,0,0,0,0,1,-1,0,0,1,-1,-1,1
AVGO,2016-06-02 16:07:32,AMC,0.011884953648680769,0.011883541295306001,,ES,timed,447.0,-12.5,-65.0,0,2,1,-1,1,-1,0,2,1,-1,1,-1,1,-1,1,-1,0,0,1,-1,1,-1,0,0,0,2,1,-1,0,0,1,-1,1,-1,1,-1,0,1,0,0,0,0,1,-1,1,-1,1,-1,0,0,0,-1,0,-1,0,0,1,-1,1,-1,-1,1,-1,1,0,0,1,-1,1,-1,1,-1,1,-1,1,-1,-1,1,1,-1,0,2,1,-1,1,-1,1,-1,1,-1,1,-1,1,-1,1,-1,0,0,1,-1,1,-1,1,-1,1,-1,1,-1,1,-1,1,-1,1,-1,1,-1,1,-1,1,-1,1,-1,0,0,0,0,0,0,1,-1,0,0,0,0,1,-1,0,0,1,-1,1,-1,1,-1,0,0,1,-1,1,-1,1,-1,-1,1,1,-1,1,-1,1,-1,-1,1,0,2,0,0,1,-1,1,-1,1,-1,1,0,1,-1,1,-1,0,0,1,-1,-1,1,1,-1,1,-1,1,-1,0,0,0,0,0,0,0,0,1,-1,1,-1,1,-1,1,-1,1,-1,1,-1,1,-1,0,0,1,-1,0,0,-1,1,1,-1,1,-1,1,-1,-1,1,1,-1,0,0,0,0,0,0,1,-1,-1,1,-1,1,-1,1,1,-1,1,-1,-1,1,1,-1,1,-1,1,-1,-1,1,0,2,0,0,-1,1,-1,1,-1,1,1,-1,1,-1,1,-1,0,0,-1,1,0,0,1,-1,1,-1,-1,1,1,-1,1,-1,0,0,1,-1,1,-1,0,2,1,-1,1,-1,1,-1,0,0,-1,1,1,-1,1,-1,1,-1,-1,1,1,-1,-1,1,1,-1,1,-1,0,0,1,-1,-1,1
MU,2016-06-30 16:00:31,AMC,0.15544661006815735,0.1434720229555237,,ES,timed,868.0,112.5,60.0,0,0,1,-1,1,-1,0,2,-1,1,1,-1,1,-1,-1,1,0,0,-1,1,1,-1,0,0,0,2,-1,1,0,0,1,-1,1,-1,1,-1,0,0,1,-1,1,-1,0,0,1,-1,1,-1,0,0,0,-1,0,-1,0,0,1,-1,1,-1,1,-1,1,-1,0,0,-1,1,1,-1,1,-1,0,0,1,-1,1,-1,1,-1,0,0,1,-1,1,-1,-1,1,1,-1,1,-1,1,-1,1,-1,1,-1,-1,1,0,0,-1,1,1,-1,1,-1,1,-1,-1,1,1,-1,1,-1,0,0,1,-1,0,0,0,0,0,0,0,0,0,0,0,0,0,0,0,0,0,2,1,-1,1,-1,-1,1,1,-1,1,-1,1,-1,1,-1,1,-1,1,-1,1,-1,-1,1,1,-1,0,0,0,0,1,-1,0,0,1,-1,1,0,1,-1,1,-1,0,0,1,-1,1,-1,1,-1,-1,1,1,-1,-1,1,0,0,0,0,0,0,1,-1,1,-1,1,-1,1,-1,1,-1,1,-1,1,-1,0,0,1,-1,-1,1,1,-1,1,-1,1,-1,1,-1,-1,1,1,-1,0,0,0,0,0,0,1,-1,1,-1,-1,1,1,-1,1,-1,-1,1,1,-1,0,0,-1,1,1,-1,1,-1,0,0,0,0,-1,1,-1,1,-1,1,1,-1,-1,1,1,-1,0,0,-1,1,0,0,0,0,0,0,1,-1,-1,1,1,-1,0,0,1,-1,1,-1,0,0,1,-1,1,-1,1,-1,0,0,-1,1,-1,1,1,-1,0,0,1,-1,-1,1,-1,1,0,0,-1,1,0,0,0,0,1,-1
NFLX,2016-07-18 16:05:15,AMC,0.0,0.0578904712284358,,ES,timed,584.0,-37.5,-90.0,0,0,-1,1,-1,1,0,2,-1,1,-1,1,1,-1,-1,1,0,0,-1,1,-1,1,0,0,0,0,-1,1,0,0,-1,1,-1,1,-1,1,0,-1,-1,1,0,0,-1,1,-1,1,-1,1,0,0,0,1,0,1,0,0,-1,1,-1,1,-1,1,1,-1,0,0,-1,1,1,-1,-1,1,-1,1,-1,1,-1,1,-1,1,0,2,-1,1,-1,1,-1,1,-1,1,-1,1,-1,1,-1,1,0,0,-1,1,-1,1,-1,1,-1,1,-1,1,-1,1,-1,1,-1,1,-1,1,-1,1,-1,1,0,0,0,0,0,0,0,0,-1,1,0,0,0,0,-1,1,0,2,-1,1,-1,1,-1,1,1,-1,-1,1,-1,1,-1,1,-1,1,-1,1,-1,1,-1,1,-1,1,0,2,0,0,-1,1,-1,1,-1,1,-1,0,-1,1,-1,1,0,0,-1,1,1,-1,-1,1,1,-1,-1,1,1,-1,0,0,0,0,0,0,-1,1,1,-1,1,-1,1,-1,1,-1,1,-1,-1,1,0,0,-1,1,-1,1,-1,1,-1,1,-1,1,0,0,-1,1,-1,1,0,0,0,0,0,0,-1,1,-1,1,-1,1,-1,1,-1,1,1,-1,1,-1,-1,1,-1,1,0,0,1,-1,0,0,0,0,1,-1,1,-1,-1,1,-1,1,-1,1,-1,1,0,0,1,-1,0,0,-1,1,-1,1,-1,1,-1,1,-1,1,0,0,-1,1,-1,1,0,0,-1,1,-1,1,1,-1,0,0,-1,1,-1,1,1,-1,-1,1,-1,1,-1,1,1,-1,-1,1,-1,1,0,0,-1,1,1,-1
MSFT,2016-07-19 16:06:56,AMC,0.011576753878212548,0.06945248292626462,,ES,timed,483.0,-50.0,-102.5,0,2,1,-1,1,-1,1,0,1,-1,1,-1,1,-1,1,-1,1,-1,1,-1,1,-1,0,0,0,0,1,-1,0,0,1,-1,1,-1,1,-1,0,1,-1,1,1,-1,1,-1,1,-1,1,-1,0,0,0,-1,0,-1,0,0,1,-1,1,-1,-1,1,-1,1,0,0,1,-1,1,-1,1,-1,1,-1,1,-1,-1,1,1,-1,0,2,1,-1,1,-1,1,-1,1,-1,1,-1,1,-1,1,-1,1,-1,1,-1,1,-1,1,-1,1,-1,1,-1,1,-1,1,-1,1,-1,1,-1,1,-1,1,-1,1,-1,0,0,0,0,0,0,1,-1,0,0,0,0,1,-1,0,2,1,-1,1,-1,1,-1,1,-1,1,-1,1,-1,1,-1,-1,1,1,-1,1,-1,1,-1,-1,1,0,2,0,0,1,-1,1,-1,1,-1,1,0,1,-1,1,-1,0,0,1,-1,-1,1,1,-1,-1,1,1,-1,-1,1,0,0,0,0,0,0,1,-1,0,0,1,-1,0,0,1,-1,1,-1,1,-1,0,0,1,-1,0,0,1,-1,1,-1,1,-1,1,-1,-1,1,1,-1,0,0,0,0,0,0,1,-1,-1,1,-1,1,-1,1,1,-1,-1,1,-1,1,1,-1,1,-1,1,-1,-1,1,0,2,0,0,-1,1,1,-1,1,-1,1,-1,1,-1,1,-1,0,0,-1,1,0,0,1,-1,1,-1,-1,1,1,-1,1,-1,0,0,1,-1,1,-1,0,0,-1,1,1,-1,1,-1,0,0,-1,1,1,-1,1,-1,1,-1,-1,1,-1,1,1,-1,1,-1,1,-1,0,0,1,-1,-1,1
INTC,2016-07-20 16:07:55,AMC,0.023073373327180433,0.03461005999077065,,ES,timed,424.0,37.5,-15.0,0,0,-1,1,-1,1,-1,0,0,0,-1,1,1,-1,-1,1,-1,1,-1,1,1,-1,0,0,0,0,-1,1,0,0,-1,1,-1,1,-1,1,0,0,-1,1,0,0,-1,1,-1,1,-1,1,0,0,0,1,0,1,0,0,0,0,-1,1,-1,1,-1,1,0,0,-1,1,1,-1,-1,1,-1,1,-1,1,1,-1,-1,1,0,2,-1,1,-1,1,-1,1,-1,1,-1,1,-1,1,0,0,0,0,-1,1,-1,1,1,-1,-1,1,-1,1,-1,1,-1,1,-1,1,-1,1,-1,1,-1,1,-1,1,0,0,0,0,0,0,-1,1,0,0,0,0,-1,1,0,2,-1,1,0,0,0,0,1,-1,-1,1,-1,1,-1,1,1,-1,-1,1,1,-1,-1,1,1,-1,0,0,0,0,-1,1,-1,1,-1,1,-1,0,-1,1,-1,1,0,0,-1,1,-1,1,-1,1,1,-1,-1,1,1,-1,0,0,0,0,0,0,-1,1,1,-1,1,-1,1,-1,1,-1,1,-1,-1,1,0,0,-1,1,-1,1,-1,1,-1,1,-1,1,-1,1,1,-1,-1,1,0,0,0,0,0,0,-1,1,-1,1,-1,1,-1,1,-1,1,-1,1,1,-1,0,0,-1,1,-1,1,1,-1,0,0,0,0,1,-1,-1,1,1,-1,-1,1,-1,1,-1,1,0,0,1,-1,0,0,-1,1,0,0,-1,1,-1,1,-1,1,0,0,1,-1,-1,1,0,0,-1,1,-1,1,1,-1,0,0,1,-1,-1,1,1,-1,0,0,-1,1,-1,1,-1,1,0,0,-1,1,0,0,-1,1,-1,1
AAPL,2016-07-26 16:30:55,AMC,0.034670056627759155,0.13868022651103662,,ES,,,,,0,0,1,-1,1,-1,0,2,1,-1,-1,1,1,-1,1,-1,0,0,1,-1,-1,1,0,0,0,0,1,-1,0,0,1,-1,1,-1,-1,1,0,0,1,-1,1,-1,0,0,1,-1,1,-1,0,2,0,-1,0,0,0,0,0,0,1,-1,0,0,-1,1,0,0,1,-1,0,0,1,-1,0,0,1,-1,1,-1,1,-1,0,2,1,-1,1,-1,-1,1,1,-1,1,-1,0,0,0,0,-1,1,1,-1,1,-1,0,0,-1,1,1,-1,1,-1,1,-1,1,-1,-1,1,1,-1,1,-1,0,0,0,0,0,0,1,-1,1,-1,0,0,0,0,0,0,0,2,-1,1,1,-1,1,-1,1,-1,-1,1,1,-1,1,-1,1,-1,1,-1,1,-1,1,-1,-1,1,0,0,0,2,1,-1,0,0,1,-1,1,0,1,-1,1,-1,0,0,1,-1,1,-1,1,-1,1,-1,1,-1,1,-1,0,0,0,0,0,0,1,-1,0,0,1,-1,0,0,1,-1,-1,1,1,-1,0,0,1,-1,1,-1,1,-1,-1,1,-1,1,1,-1,1,-1,1,-1,0,0,0,0,0,0,1,-1,1,-1,-1,1,0,0,-1,1,1,-1,-1,1,1,-1,1,-1,1,-1,-1,1,0,0,0,0,1,-1,1,-1,1,-1,1,-1,1,-1,1,-1,0,0,-1,1,0,0,0,0,1,-1,-1,1,-1,1,1,-1,0,2,-1,1,1,-1,0,0,1,-1,1,-1,-1,1,0,0,-1,1,0,0,1,-1,0,0,1,-1,1,-1,1,-1,1,-1,1,-1,0,0,0,0,1,-1
META,2016-07-27 16:13:39,AMC,0.01156871818602499,0.034706154558074964,,ES,timed,80.0,-37.5,-90.0,0,0,1,-1,1,-1,0,2,-1,1,1,-1,1,-1,-1,1,-1,1,-1,1,1,-1,0,0,0,2,-1,1,0,0,-1,1,1,-1,1,-1,0,0,0,0,0,0,1,-1,-1,1,1,-1,0,0,0,-1,0,0,0,2,1,-1,1,-1,1,-1,1,-1,0,0,-1,1,0,0,1,-1,0,0,1,-1,0,0,1,-1,0,2,-1,1,1,-1,1,-1,1,-1,-1,1,1,-1,1,-1,1,-1,-1,1,0,0,-1,1,1,-1,1,-1,1,-1,-1,1,1,-1,1,-1,0,0,1,-1,1,-1,0,0,0,0,0,0,-1,1,0,0,0,0,1,-1,0,2,-1,1,-1,1,-1,1,-1,1,1,-1,1,-1,1,-1,1,-1,1,-1,1,-1,1,-1,1,-1,0,0,0,2,1,-1,1,-1,1,-1,1,0,1,-1,-1,1,0,2,1,-1,1,-1,1,-1,-1,1,1,-1,0,0,0,0,0,0,0,0,1,-1,-1,1,-1,1,0,0,-1,1,-1,1,1,-1,0,0,1,-1,-1,1,1,-1,1,-1,1,-1,-1,1,-1,1,1,-1,0,0,0,0,0,0,1,-1,1,-1,-1,1,1,-1,1,-1,-1,1,-1,1,0,0,1,-1,0,0,1,-1,0,0,0,2,-1,1,-1,1,-1,1,1,-1,-1,1,1,-1,0,0,1,-1,0,0,1,-1,0,0,1,-1,1,-1,1,-1,0,2,1,-1,1,-1,0,2,-1,1,-1,1,-1,1,0,0,-1,1,0,0,1,-1,0,0,1,-1,-1,1,-1,1,0,0,-1,1,0,0,1,-1,1,-1
GOOGL,2016-07-28 16:01:07,AMC,0.046194710705624205,0.011550011550011549,,ES,stopped_post,27.0,-108.30000000000837,-160.80000000000837,0,0,-1,1,-1,1,1,0,1,-1,-1,1,1,-1,1,-1,0,0,1,-1,1,-1,0,0,0,0,1,-1,0,0,-1,1,-1,1,-1,1,0,0,1,-1,0,0,0,0,-1,1,-1,1,0,0,0,1,0,1,0,0,0,0,-1,1,-1,1,-1,1,0,0,1,-1,1,-1,-1,1,-1,1,1,-1,0,0,-1,1,0,2,1,-1,-1,1,-1,1,-1,1,1,-1,-1,1,-1,1,0,0,1,-1,0,0,1,-1,-1,1,-1,1,-1,1,1,-1,-1,1,-1,1,0,0,-1,1,-1,1,0,0,0,0,0,0,0,0,0,0,0,0,-1,1,0,2,1,-1,1,-1,1,-1,1,-1,-1,1,-1,1,-1,1,1,-1,-1,1,-1,1,-1,1,1,-1,0,0,0,2,-1,1,-1,1,-1,1,-1,0,-1,1,-1,1,0,0,-1,1,1,-1,-1,1,-1,1,1,-1,1,-1,0,0,0,0,0,0,-1,1,0,0,1,-1,0,0,1,-1,1,-1,-1,1,0,0,-1,1,-1,1,1,-1,-1,1,-1,1,1,-1,1,-1,-1,1,0,0,0,0,0,0,-1,1,-1,1,1,-1,-1,1,-1,1,1,-1,1,-1,0,0,1,-1,1,-1,1,-1,0,0,0,0,1,-1,1,-1,1,-1,-1,1,-1,1,-1,1,0,0,1,-1,0,0,-1,1,0,0,-1,1,-1,1,-1,1,0,0,1,-1,-1,1,0,0,-1,1,1,-1,1,-1,0,0,1,-1,-1,1,1,-1,0,0,1,-1,1,-1,1,-1,0,0,1,-1,0,0,-1,1,-1,1
AMZN,2016-07-28 16:09:16,AMC,0.011550011550011549,0.034646033029218155,,ES,timed,343.0,-37.5,-90.0,0,0,-1,1,-1,1,-1,0,-1,1,1,-1,1,-1,-1,1,-1,1,-1,1,1,-1,0,0,0,0,-1,1,0,0,-1,1,-1,1,1,-1,0,0,-1,1,-1,1,0,0,-1,1,-1,1,0,0,0,-1,0,0,0,0,1,-1,-1,1,-1,1,-1,1,0,0,-1,1,1,-1,-1,1,0,0,-1,1,-1,1,-1,1,0,2,-1,1,-1,1,-1,1,-1,1,-1,1,0,0,0,0,0,0,-1,1,0,0,-1,1,-1,1,1,-1,-1,1,-1,1,1,-1,-1,1,0,0,1,-1,0,0,0,0,0,0,0,0,0,0,0,0,0,0,0,0,0,2,-1,1,0,0,-1,1,0,0,1,-1,-1,1,-1,1,-1,1,-1,1,-1,1,-1,1,1,-1,0,0,0,0,-1,1,0,0,-1,1,-1,0,-1,1,-1,1,0,2,-1,1,-1,1,-1,1,1,-1,-1,1,1,-1,0,0,0,0,0,0,-1,1,0,0,1,-1,0,0,1,-1,1,-1,-1,1,0,0,-1,1,-1,1,1,-1,-1,1,-1,1,0,0,1,-1,-1,1,0,0,0,0,0,0,-1,1,-1,1,-1,1,-1,1,1,-1,-1,1,1,-1,0,0,-1,1,0,0,-1,1,0,0,0,0,1,-1,0,0,1,-1,1,-1,-1,1,-1,1,0,0,-1,1,0,0,0,0,0,0,-1,1,-1,1,-1,1,0,0,-1,1,-1,1,0,0,-1,1,-1,1,1,-1,0,0,-1,1,-1,1,1,-1,-1,1,-1,1,-1,1,0,0,-1,1,-1,1,0,0,0,0,-1,1
TSLA,2016-08-03 16:05:57,AMC,0.011596892032935173,0.06958135219761104,,ES,timed,542.0,50.0,-2.5,0,0,1,-1,1,-1,1,0,1,-1,1,-1,1,-1,1,-1,0,0,1,-1,1,-1,0,0,0,0,1,-1,0,0,1,-1,1,-1,1,-1,0,0,0,0,0,0,1,-1,1,-1,1,-1,0,0,0,-1,0,-1,0,0,1,-1,1,-1,1,-1,-1,1,0,0,1,-1,1,-1,1,-1,1,-1,1,-1,-1,1,1,-1,0,2,1,-1,1,-1,1,-1,1,-1,1,-1,1,-1,1,-1,0,0,1,-1,1,-1,1,-1,1,-1,1,-1,1,-1,1,-1,1,-1,1,-1,1,-1,1,-1,0,0,0,0,0,0,0,0,1,-1,0,0,0,0,1,-1,0,2,1,-1,1,-1,1,-1,0,0,1,-1,1,-1,1,-1,1,-1,1,-1,-1,1,1,-1,-1,1,0,2,0,0,1,-1,1,-1,1,-1,1,0,1,-1,1,-1,0,0,1,-1,-1,1,1,-1,-1,1,1,-1,0,0,0,0,0,0,0,0,1,-1,1,-1,1,-1,0,0,1,-1,1,-1,1,-1,0,0,1,-1,1,-1,1,-1,1,-1,1,-1,1,-1,-1,1,1,-1,0,0,0,0,0,0,1,-1,1,-1,-1,1,-1,1,1,-1,1,-1,-1,1,1,-1,1,-1,1,-1,-1,1,0,0,0,0,-1,1,-1,1,1,-1,1,-1,1,-1,1,-1,0,0,-1,1,0,0,1,-1,1,-1,-1,1,1,-1,1,-1,0,0,1,-1,1,-1,0,2,1,-1,1,-1,1,-1,0,0,-1,1,1,-1,1,-1,1,-1,1,-1,-1,1,-1,1,1,-1,1,-1,0,0,1,-1,1,-1
AVGO,2016-09-01 16:10:57,AMC,0.02306539038173221,0.03460207612456747,,ES,timed,242.0,-12.5,-65.0,0,0,-1,1,1,-1,-1,0,1,-1,-1,1,1,-1,1,-1,0,0,1,-1,-1,1,0,0,0,0,1,-1,0,0,-1,1,-1,1,-1,1,0,0,1,-1,1,-1,0,0,-1,1,1,-1,0,0,0,-1,0,0,0,2,-1,1,1,-1,1,-1,1,-1,0,0,1,-1,-1,1,-1,1,0,0,-1,1,0,0,-1,1,0,0,-1,1,-1,1,-1,1,-1,1,1,-1,0,0,-1,1,-1,1,1,-1,0,0,1,-1,1,-1,-1,1,1,-1,1,-1,-1,1,-1,1,0,0,-1,1,0,0,0,0,0,0,0,0,1,-1,0,0,0,2,-1,1,0,2,1,-1,1,-1,1,-1,1,-1,-1,1,-1,1,-1,1,-1,1,-1,1,-1,1,-1,1,1,-1,0,0,0,0,0,0,-1,1,1,-1,-1,0,-1,1,1,-1,0,0,-1,1,-1,1,-1,1,1,-1,-1,1,1,-1,0,0,0,0,0,0,-1,1,-1,1,1,-1,0,0,-1,1,-1,1,-1,1,0,0,-1,1,0,0,1,-1,-1,1,-1,1,1,-1,1,-1,-1,1,0,0,0,0,0,0,-1,1,1,-1,-1,1,1,-1,-1,1,1,-1,1,-1,0,0,1,-1,1,-1,1,-1,0,0,0,2,1,-1,-1,1,1,-1,-1,1,1,-1,-1,1,0,0,1,-1,0,0,0,0,0,0,-1,1,1,-1,-1,1,0,0,-1,1,1,-1,0,0,1,-1,1,-1,-1,1,0,0,1,-1,1,-1,1,-1,0,0,-1,1,1,-1,-1,1,0,0,1,-1,0,0,-1,1,-1,1
MU,2016-10-04 16:01:21,AMC,0.011669973159061734,0.11669973159061733,,ES,timed,818.0,112.5,60.0,0,0,-1,1,-1,1,0,2,0,0,-1,1,-1,1,1,-1,0,0,-1,1,-1,1,0,0,0,2,-1,1,0,0,-1,1,-1,1,-1,1,0,0,1,-1,0,0,0,0,1,-1,1,-1,0,0,0,-1,0,0,0,0,0,0,-1,1,-1,1,1,-1,0,0,-1,1,-1,1,-1,1,0,0,1,-1,-1,1,-1,1,0,0,-1,1,-1,1,-1,1,-1,1,-1,1,0,0,0,0,-1,1,1,-1,0,0,1,-1,-1,1,-1,1,1,-1,1,-1,1,-1,-1,1,0,0,-1,1,0,0,0,0,0,0,0,0,1,-1,0,0,0,0,0,0,0,0,0,0,1,-1,-1,1,0,0,-1,1,-1,1,-1,1,1,-1,-1,1,-1,1,-1,1,-1,1,0,0,0,0,-1,1,-1,1,-1,1,-1,0,-1,1,-1,1,0,0,-1,1,-1,1,-1,1,1,-1,-1,1,1,-1,0,0,0,0,0,0,-1,1,-1,1,-1,1,-1,1,-1,1,-1,1,-1,1,0,0,-1,1,-1,1,-1,1,-1,1,-1,1,1,-1,1,-1,0,0,0,0,0,0,0,0,-1,1,1,-1,-1,1,-1,1,-1,1,1,-1,1,-1,0,0,-1,1,0,0,-1,1,0,0,0,2,1,-1,-1,1,-1,1,-1,1,-1,1,-1,1,0,0,1,-1,0,0,-1,1,0,0,-1,1,-1,1,-1,1,0,0,1,-1,-1,1,0,0,1,-1,1,-1,1,-1,0,0,1,-1,-1,1,-1,1,0,0,-1,1,-1,1,-1,1,0,0,-1,1,0,0,-1,1,-1,1
INTC,2016-10-18 16:09:22,AMC,0.035194744251525106,0.0703977472720873,,ES,stopped_pre,-7.0,-106.61250000000564,-159.11250000000564,0,0,-1,1,-1,1,-1,0,-1,1,-1,1,-1,1,-1,1,-1,1,-1,1,-1,1,0,0,0,0,-1,1,0,0,-1,1,-1,1,-1,1,0,-1,1,-1,-1,1,-1,1,-1,1,-1,1,0,0,0,1,0,1,0,0,-1,1,-1,1,-1,1,-1,1,0,0,-1,1,1,-1,-1,1,-1,1,-1,1,-1,1,-1,1,0,2,-1,1,-1,1,1,-1,-1,1,-1,1,0,0,-1,1,-1,1,-1,1,-1,1,-1,1,-1,1,-1,1,-1,1,-1,1,-1,1,-1,1,-1,1,-1,1,-1,1,0,0,0,0,0,0,-1,1,0,0,0,0,-1,1,0,2,-1,1,-1,1,-1,1,1,-1,-1,1,-1,1,-1,1,1,-1,-1,1,-1,1,1,-1,1,-1,0,2,0,2,-1,1,0,0,-1,1,-1,0,-1,1,-1,1,0,0,-1,1,-1,1,-1,1,-1,1,-1,1,1,-1,0,0,0,0,0,0,-1,1,0,0,1,-1,1,-1,1,-1,1,-1,-1,1,0,0,-1,1,-1,1,-1,1,-1,1,-1,1,-1,1,1,-1,-1,1,0,0,0,0,0,0,-1,1,-1,1,1,-1,-1,1,1,-1,-1,1,-1,1,-1,1,-1,1,-1,1,1,-1,0,0,0,0,1,-1,1,-1,-1,1,-1,1,-1,1,-1,1,0,0,1,-1,0,0,0,0,-1,1,1,-1,1,-1,-1,1,0,0,-1,1,-1,1,0,0,-1,1,-1,1,1,-1,0,0,1,-1,-1,1,-1,1,-1,1,-1,1,-1,1,1,-1,-1,1,-1,1,0,0,0,0,1,-1
MSFT,2016-10-20 16:06:32,AMC,0.023405500292568753,0.0702247191011236,,ES,timed,507.0,12.5,-40.0,0,0,-1,1,-1,1,-1,0,1,-1,-1,1,1,-1,1,-1,0,0,1,-1,1,-1,0,0,0,2,1,-1,0,0,-1,1,-1,1,-1,1,0,0,0,0,0,0,0,0,-1,1,-1,1,0,0,0,-1,0,0,0,0,0,0,-1,1,1,-1,-1,1,0,0,1,-1,-1,1,-1,1,0,0,-1,1,-1,1,-1,1,0,2,-1,1,-1,1,1,-1,0,0,1,-1,0,0,-1,1,0,0,1,-1,0,0,0,0,1,-1,-1,1,1,-1,1,-1,-1,1,-1,1,0,0,-1,1,0,0,0,0,0,0,0,0,0,0,0,0,0,0,0,0,0,2,1,-1,0,0,1,-1,1,-1,-1,1,-1,1,-1,1,-1,1,-1,1,-1,1,1,-1,-1,1,0,0,0,0,1,-1,0,0,1,-1,-1,0,-1,1,1,-1,0,0,-1,1,-1,1,-1,1,-1,1,-1,1,0,0,0,0,0,0,0,0,-1,1,-1,1,-1,1,0,0,-1,1,-1,1,-1,1,0,0,-1,1,-1,1,1,-1,-1,1,-1,1,-1,1,1,-1,-1,1,0,0,0,0,0,0,-1,1,-1,1,1,-1,1,-1,-1,1,-1,1,1,-1,0,0,1,-1,-1,1,1,-1,0,0,0,0,-1,1,-1,1,1,-1,-1,1,-1,1,-1,1,0,0,1,-1,0,0,0,0,0,0,1,-1,1,-1,-1,1,0,0,-1,1,-1,1,0,0,-1,1,-1,1,1,-1,0,0,-1,1,0,0,1,-1,1,-1,-1,1,1,-1,-1,1,0,0,-1,1,0,0,0,0,-1,1
AAPL,2016-10-25 16:32:39,AMC,0.03506721215663355,0.15195791934541203,,ES,,,,,0,0,1,-1,1,-1,1,0,1,-1,1,-1,-1,1,1,-1,0,0,1,-1,1,-1,0,0,0,0,1,-1,0,0,1,-1,1,-1,1,-1,0,0,1,-1,0,0,1,-1,1,-1,1,-1,0,0,0,-1,0,-1,0,0,1,-1,1,-1,1,-1,1,-1,0,0,1,-1,-1,1,1,-1,1,-1,1,-1,-1,1,1,-1,0,2,1,-1,1,-1,1,-1,1,-1,1,-1,1,-1,1,-1,-1,1,1,-1,1,-1,0,0,1,-1,1,-1,1,-1,1,-1,-1,1,1,-1,1,-1,1,-1,0,0,0,0,0,0,1,-1,1,-1,0,0,0,0,1,-1,0,2,1,-1,1,-1,1,-1,-1,1,1,-1,1,-1,1,-1,1,-1,1,-1,1,-1,1,-1,-1,1,0,2,0,0,1,-1,1,-1,1,-1,1,0,1,-1,1,-1,0,0,1,-1,1,-1,1,-1,-1,1,1,-1,1,-1,0,0,0,0,0,0,1,-1,-1,1,-1,1,-1,1,-1,1,-1,1,1,-1,0,0,1,-1,0,0,1,-1,1,-1,1,-1,0,0,-1,1,1,-1,0,0,0,0,0,0,1,-1,1,-1,-1,1,-1,1,1,-1,1,-1,-1,1,1,-1,1,-1,0,0,-1,1,0,0,0,0,-1,1,-1,1,-1,1,1,-1,1,-1,1,-1,0,0,-1,1,0,0,1,-1,1,-1,-1,1,1,-1,1,-1,0,0,1,-1,1,-1,0,2,1,-1,1,-1,-1,1,0,0,-1,1,1,-1,-1,1,1,-1,-1,1,1,-1,-1,1,1,-1,1,-1,0,0,1,-1,1,-1
TSLA,2016-10-26 16:32:32,AMC,0.011716461628588167,0.023430178069353328,,ES,,,,,0,0,1,-1,-1,1,0,2,1,-1,-1,1,1,-1,1,-1,0,0,1,-1,-1,1,0,0,0,0,1,-1,0,0,1,-1,-1,1,-1,1,0,0,1,-1,0,0,0,0,1,-1,-1,1,0,0,0,-1,0,0,0,0,-1,1,-1,1,1,-1,-1,1,0,0,1,-1,-1,1,1,-1,-1,1,1,-1,1,-1,1,-1,0,0,-1,1,-1,1,1,-1,-1,1,-1,1,0,0,-1,1,-1,1,1,-1,0,0,0,0,1,-1,-1,1,-1,1,1,-1,-1,1,-1,1,0,0,-1,1,0,0,0,0,0,0,0,0,1,-1,0,0,0,0,0,0,0,2,-1,1,-1,1,1,-1,-1,1,-1,1,-1,1,-1,1,1,-1,-1,1,1,-1,1,-1,1,-1,0,0,0,0,1,-1,0,0,1,-1,-1,0,1,-1,1,-1,0,0,-1,1,1,-1,0,0,-1,1,1,-1,-1,1,0,0,0,0,0,0,-1,1,0,0,-1,1,0,0,-1,1,-1,1,1,-1,0,0,1,-1,-1,1,1,-1,-1,1,1,-1,0,0,1,-1,-1,1,0,0,0,0,0,0,1,-1,-1,1,1,-1,1,-1,1,-1,-1,1,-1,1,-1,1,1,-1,0,0,-1,1,0,0,0,0,1,-1,-1,1,-1,1,-1,1,-1,1,-1,1,0,0,-1,1,0,0,0,0,-1,1,-1,1,1,-1,1,-1,0,0,1,-1,-1,1,0,2,1,-1,-1,1,1,-1,0,0,-1,1,1,-1,1,-1,0,0,1,-1,1,-1,-1,1,0,0,1,-1,0,0,0,0,-1,1
GOOGL,2016-10-27 16:01:30,AMC,0.04702010109321735,0.07053015163982602,,ES,stopped_post,26.0,-106.36250000000018,-158.86250000000018,0,0,-1,1,1,-1,0,2,-1,1,1,-1,-1,1,-1,1,-1,1,-1,1,1,-1,0,0,0,0,-1,1,0,0,-1,1,-1,1,1,-1,0,0,-1,1,-1,1,0,0,-1,1,1,-1,0,0,0,-1,0,0,0,2,0,0,1,-1,-1,1,-1,1,0,0,-1,1,-1,1,-1,1,1,-1,1,-1,-1,1,-1,1,0,0,-1,1,-1,1,-1,1,-1,1,-1,1,0,0,0,0,0,0,-1,1,-1,1,-1,1,-1,1,-1,1,-1,1,-1,1,1,-1,1,-1,-1,1,-1,1,0,0,0,0,0,0,0,0,-1,1,0,0,0,0,0,0,0,2,-1,1,-1,1,-1,1,1,-1,1,-1,-1,1,-1,1,-1,1,-1,1,1,-1,-1,1,1,-1,0,0,0,0,-1,1,0,0,-1,1,-1,0,-1,1,-1,1,0,0,-1,1,-1,1,-1,1,-1,1,1,-1,0,0,0,0,0,0,0,0,-1,1,0,0,-1,1,0,0,-1,1,-1,1,-1,1,0,0,-1,1,-1,1,1,-1,-1,1,-1,1,-1,1,1,-1,0,0,0,0,0,0,0,0,-1,1,-1,1,1,-1,-1,1,1,-1,1,-1,1,-1,-1,1,-1,1,-1,1,1,-1,0,0,0,0,1,-1,-1,1,-1,1,1,-1,-1,1,-1,1,0,0,1,-1,0,0,1,-1,-1,1,1,-1,-1,1,-1,1,0,0,1,-1,1,-1,0,0,1,-1,-1,1,1,-1,0,0,1,-1,-1,1,-1,1,-1,1,1,-1,-1,1,-1,1,-1,1,1,-1,0,0,0,0,-1,1
AMZN,2016-10-27 16:11:45,AMC,0.0,0.047047753469771816,,ES,stopped_post,142.0,-106.28750000000764,-158.78750000000764,0,0,-1,1,-1,1,0,2,-1,1,-1,1,-1,1,-1,1,-1,1,-1,1,-1,1,0,0,0,0,-1,1,0,0,-1,1,-1,1,-1,1,0,0,0,0,-1,1,-1,1,-1,1,-1,1,0,0,0,1,0,1,0,0,0,0,-1,1,-1,1,-1,1,0,0,-1,1,-1,1,-1,1,-1,1,-1,1,1,-1,-1,1,0,0,-1,1,-1,1,-1,1,-1,1,-1,1,-1,1,0,0,0,0,-1,1,-1,1,0,0,-1,1,-1,1,-1,1,-1,1,-1,1,-1,1,-1,1,-1,1,-1,1,0,0,0,0,0,0,-1,1,0,0,0,0,-1,1,0,2,-1,1,-1,1,-1,1,0,0,-1,1,-1,1,-1,1,-1,1,-1,1,-1,1,-1,1,1,-1,0,0,0,0,-1,1,-1,1,-1,1,-1,0,-1,1,-1,1,0,0,-1,1,-1,1,-1,1,-1,1,-1,1,0,0,0,0,0,0,0,0,-1,1,-1,1,-1,1,-1,1,-1,1,-1,1,-1,1,0,0,-1,1,-1,1,1,-1,-1,1,-1,1,-1,1,1,-1,-1,1,0,0,0,0,0,0,-1,1,-1,1,-1,1,-1,1,1,-1,-1,1,1,-1,-1,1,-1,1,-1,1,1,-1,0,0,0,0,-1,1,1,-1,-1,1,-1,1,-1,1,-1,1,0,0,1,-1,0,0,-1,1,-1,1,1,-1,-1,1,-1,1,0,0,-1,1,-1,1,0,0,-1,1,-1,1,1,-1,0,0,-1,1,-1,1,-1,1,-1,1,-1,1,1,-1,1,-1,-1,1,-1,1,0,0,-1,1,-1,1
META,2016-11-02 16:11:08,AMC,0.0,0.02390057361376673,,ES,timed,231.0,150.0,97.5,0,2,-1,1,-1,1,-1,0,-1,1,-1,1,-1,1,-1,1,-1,1,-1,1,-1,1,0,0,0,2,-1,1,0,0,-1,1,-1,1,-1,1,0,-1,-1,1,1,-1,-1,1,-1,1,-1,1,0,0,0,1,0,1,0,0,-1,1,-1,1,1,-1,1,-1,0,0,-1,1,-1,1,-1,1,-1,1,-1,1,1,-1,-1,1,0,0,-1,1,-1,1,-1,1,-1,1,-1,1,-1,1,-1,1,-1,1,-1,1,-1,1,-1,1,-1,1,-1,1,-1,1,-1,1,1,-1,-1,1,0,0,-1,1,1,-1,0,0,0,0,-1,1,-1,1,0,0,0,0,-1,1,0,2,-1,1,-1,1,-1,1,1,-1,-1,1,-1,1,-1,1,-1,1,-1,1,-1,1,-1,1,1,-1,0,2,0,0,-1,1,-1,1,-1,1,-1,0,-1,1,-1,1,0,2,-1,1,-1,1,-1,1,-1,1,-1,1,-1,1,0,2,0,0,0,0,-1,1,0,0,-1,1,-1,1,-1,1,-1,1,-1,1,0,0,1,-1,-1,1,-1,1,-1,1,-1,1,-1,1,1,-1,-1,1,0,0,0,0,0,0,-1,1,1,-1,1,-1,1,-1,-1,1,-1,1,1,-1,-1,1,-1,1,-1,1,1,-1,0,2,0,0,1,-1,1,-1,1,-1,-1,1,-1,1,-1,1,0,0,-1,1,0,0,-1,1,-1,1,1,-1,-1,1,-1,1,0,0,-1,1,-1,1,0,0,-1,1,-1,1,-1,1,0,0,1,-1,-1,1,-1,1,-1,1,1,-1,1,-1,1,-1,-1,1,-1,1,0,0,-1,1,1,-1
MU,2016-12-21 16:00:39,AMC,0.011057054400707651,0.06634232640424591,,ES,timed,860.0,-62.5,-115.0,0,0,-1,1,1,-1,0,2,0,0,-1,1,-1,1,-1,1,0,0,-1,1,-1,1,0,0,0,0,-1,1,0,0,-1,1,-1,1,-1,1,0,0,0,0,0,0,0,0,1,-1,1,-1,0,0,0,-1,0,0,0,2,0,0,1,-1,0,0,1,-1,0,0,1,-1,-1,1,1,-1,0,0,-1,1,-1,1,1,-1,0,2,-1,1,-1,1,1,-1,1,-1,-1,1,0,0,-1,1,-1,1,1,-1,-1,1,0,0,1,-1,-1,1,-1,1,-1,1,-1,1,-1,1,0,0,1,-1,0,0,0,0,0,0,0,0,-1,1,0,0,0,0,0,0,0,0,-1,1,-1,1,1,-1,1,-1,-1,1,-1,1,-1,1,1,-1,-1,1,-1,1,1,-1,1,-1,0,0,0,0,-1,1,0,0,1,-1,-1,0,1,-1,1,-1,0,0,-1,1,-1,1,-1,1,-1,1,-1,1,-1,1,0,0,0,0,0,0,-1,1,-1,1,-1,1,-1,1,-1,1,-1,1,1,-1,0,0,1,-1,1,-1,-1,1,-1,1,1,-1,-1,1,-1,1,1,-1,0,0,0,0,0,0,1,-1,-1,1,1,-1,0,0,-1,1,-1,1,-1,1,-1,1,-1,1,-1,1,1,-1,0,0,0,0,-1,1,-1,1,-1,1,-1,1,-1,1,-1,1,0,0,1,-1,0,0,0,0,-1,1,1,-1,1,-1,1,-1,0,0,1,-1,1,-1,0,2,1,-1,-1,1,-1,1,0,0,-1,1,0,0,-1,1,-1,1,-1,1,-1,1,-1,1,-1,1,1,-1,0,0,0,0,-1,1
NFLX,2017-01-18 16:08:16,AMC,0.011029006286533584,0.033083370092633436,,ES,timed,403.0,-50.0,-102.5,0,0,-1,1,-1,1,1,0,1,-1,1,-1,1,-1,1,-1,1,-1,1,-1,1,-1,0,0,0,0,1,-1,0,0,1,-1,1,-1,1,-1,0,0,-1,1,0,0,1,-1,1,-1,-1,1,0,0,0,-1,0,-1,0,2,1,-1,-1,1,1,-1,1,-1,0,0,1,-1,1,-1,-1,1,1,-1,1,-1,-1,1,-1,1,0,2,1,-1,1,-1,-1,1,1,-1,1,-1,0,0,1,-1,1,-1,1,-1,1,-1,1,-1,1,-1,-1,1,1,-1,1,-1,-1,1,-1,1,1,-1,1,-1,0,0,0,0,0,0,0,0,1,-1,0,0,0,0,0,0,0,2,1,-1,1,-1,1,-1,-1,1,1,-1,1,-1,1,-1,1,-1,1,-1,-1,1,-1,1,-1,1,0,0,0,0,1,-1,0,0,1,-1,1,0,-1,1,1,-1,0,0,1,-1,-1,1,1,-1,1,-1,1,-1,-1,1,0,0,0,0,0,0,1,-1,0,0,1,-1,1,-1,1,-1,1,-1,-1,1,0,0,1,-1,1,-1,1,-1,-1,1,-1,1,1,-1,-1,1,1,-1,0,0,0,0,0,0,-1,1,1,-1,1,-1,1,-1,1,-1,1,-1,-1,1,1,-1,1,-1,1,-1,1,-1,0,0,0,2,1,-1,-1,1,1,-1,1,-1,1,-1,1,-1,0,0,-1,1,0,0,1,-1,1,-1,-1,1,-1,1,-1,1,0,2,1,-1,-1,1,0,0,1,-1,1,-1,1,-1,0,0,1,-1,1,-1,1,-1,1,-1,1,-1,1,-1,-1,1,1,-1,1,-1,0,0,0,0,1,-1
GOOGL,2017-01-26 16:03:43,AMC,0.032701111837802485,0.010899182561307902,0.02977099687776741,ES,timed,676.0,75.0,22.5,0,0,1,-1,1,-1,0,2,0,0,-1,1,-1,1,-1,1,0,0,-1,1,1,-1,0,0,0,2,1,-1,0,0,1,-1,1,-1,0,0,0,0,1,-1,-1,1,0,0,1,-1,1,-1,0,0,0,-1,0,0,0,2,0,0,-1,1,1,-1,-1,1,0,0,1,-1,0,0,1,-1,1,-1,1,-1,-1,1,1,-1,0,2,1,-1,1,-1,1,-1,1,-1,-1,1,0,0,0,0,-1,1,1,-1,0,0,1,-1,1,-1,1,-1,1,-1,-1,1,-1,1,1,-1,0,0,1,-1,1,-1,0,0,0,0,0,0,0,0,0,0,0,0,0,0,0,2,-1,1,-1,1,0,0,1,-1,-1,1,1,-1,1,-1,1,-1,1,-1,-1,1,1,-1,-1,1,0,0,0,2,1,-1,1,-1,1,-1,1,0,1,-1,1,-1,0,0,1,-1,1,-1,1,-1,-1,1,1,-1,1,-1,0,0,0,0,0,0,1,-1,-1,1,-1,1,0,0,1,-1,-1,1,1,-1,0,0,1,-1,0,0,1,-1,1,-1,1,-1,0,0,1,-1,1,-1,0,0,0,0,0,0,1,-1,1,-1,1,-1,1,-1,1,-1,1,-1,-1,1,0,0,1,-1,0,0,-1,1,0,0,0,0,1,-1,1,-1,-1,1,1,-1,1,-1,1,-1,0,0,-1,1,0,0,1,-1,0,0,1,-1,1,-1,1,-1,0,0,1,-1,-1,1,0,2,1,-1,-1,1,1,-1,0,0,1,-1,1,-1,-1,1,0,0,1,-1,1,-1,1,-1,0,0,1,-1,0,0,1,-1,1,-1
MSFT,2017-01-26 16:07:02,AMC,0.010900370612600827,0.010900370612600827,,ES,timed,477.0,37.5,-15.0,0,0,1,-1,1,-1,0,2,1,-1,1,-1,-1,1,1,-1,0,0,-1,1,1,-1,0,0,0,2,1,-1,0,0,1,-1,1,-1,1,-1,0,0,0,0,0,0,1,-1,1,-1,1,-1,0,0,0,-1,0,-1,0,0,1,-1,1,-1,1,-1,1,-1,0,0,1,-1,0,0,1,-1,1,-1,1,-1,-1,1,1,-1,0,2,1,-1,1,-1,1,-1,1,-1,1,-1,1,-1,1,-1,1,-1,1,-1,0,0,1,-1,1,-1,1,-1,1,-1,1,-1,1,-1,1,-1,1,-1,1,-1,0,0,0,0,0,0,1,-1,1,-1,0,0,0,0,1,-1,0,0,-1,1,1,-1,1,-1,1,-1,1,-1,1,-1,1,-1,-1,1,1,-1,1,-1,1,-1,-1,1,0,2,0,0,1,-1,1,-1,1,-1,1,0,1,-1,1,-1,0,0,1,-1,-1,1,1,-1,-1,1,1,-1,1,-1,0,0,0,0,0,0,1,-1,0,0,-1,1,0,0,1,-1,-1,1,1,-1,0,0,1,-1,1,-1,1,-1,1,-1,1,-1,0,0,1,-1,1,-1,0,0,0,0,0,0,1,-1,1,-1,1,-1,1,-1,-1,1,1,-1,-1,1,0,0,1,-1,0,0,-1,1,0,0,0,0,-1,1,-1,1,1,-1,1,-1,1,-1,1,-1,0,0,-1,1,0,0,1,-1,0,0,1,-1,1,-1,1,-1,0,0,1,-1,1,-1,0,2,1,-1,1,-1,1,-1,0,0,1,-1,1,-1,-1,1,0,0,1,-1,1,-1,-1,1,1,-1,1,-1,0,0,1,-1,1,-1
INTC,2017-01-26 16:09:46,AMC,0.021803117845851958,0.032701111837802485,,ES,timed,313.0,25.0,-27.5,0,0,1,-1,1,-1,0,2,1,-1,-1,1,-1,1,1,-1,1,-1,1,-1,-1,1,0,0,0,2,1,-1,0,0,1,-1,1,-1,-1,1,0,0,1,-1,0,0,1,-1,1,-1,1,-1,0,0,0,-1,0,-1,0,0,0,0,1,-1,1,-1,1,-1,0,0,1,-1,0,0,1,-1,0,0,1,-1,1,-1,1,-1,0,2,1,-1,1,-1,1,-1,1,-1,1,-1,0,0,0,0,-1,1,1,-1,1,-1,1,-1,1,-1,1,-1,1,-1,1,-1,-1,1,-1,1,1,-1,1,-1,0,0,0,0,0,0,1,-1,1,-1,0,0,0,0,0,0,0,2,-1,1,-1,1,1,-1,1,-1,-1,1,1,-1,1,-1,1,-1,1,-1,1,-1,1,-1,-1,1,0,0,0,0,1,-1,0,0,1,-1,1,0,1,-1,1,-1,0,0,1,-1,-1,1,1,-1,-1,1,1,-1,1,-1,0,0,0,0,0,0,1,-1,0,0,-1,1,0,0,1,-1,-1,1,1,-1,0,0,1,-1,1,-1,1,-1,1,-1,1,-1,0,0,1,-1,1,-1,0,0,0,0,0,0,1,-1,1,-1,-1,1,1,-1,1,-1,1,-1,-1,1,0,0,1,-1,0,0,-1,1,0,0,0,0,1,-1,1,-1,1,-1,-1,1,1,-1,1,-1,0,0,-1,1,0,0,0,0,0,0,1,-1,1,-1,1,-1,0,0,1,-1,1,-1,0,2,1,-1,1,-1,1,-1,0,0,1,-1,1,-1,-1,1,1,-1,1,-1,1,-1,1,-1,1,-1,1,-1,0,0,0,0,1,-1
AAPL,2017-01-31 16:31:02,AMC,0.010984182776801405,0.0,,ES,,,,,0,0,-1,1,1,-1,1,0,1,-1,-1,1,1,-1,1,-1,0,0,1,-1,-1,1,0,0,0,0,1,-1,0,0,-1,1,-1,1,-1,1,0,0,0,0,0,0,0,0,-1,1,1,-1,0,2,0,-1,0,-1,0,0,-1,1,1,-1,-1,1,1,-1,0,0,1,-1,1,-1,-1,1,0,0,1,-1,-1,1,-1,1,0,0,1,-1,-1,1,-1,1,1,-1,1,-1,-1,1,-1,1,-1,1,1,-1,0,0,1,-1,-1,1,-1,1,1,-1,1,-1,-1,1,1,-1,1,-1,-1,1,-1,1,0,0,0,0,0,0,1,-1,0,0,0,0,-1,1,0,2,1,-1,1,-1,1,-1,1,-1,-1,1,-1,1,-1,1,-1,1,-1,1,-1,1,1,-1,-1,1,0,0,0,0,-1,1,0,0,1,-1,-1,0,-1,1,1,-1,0,0,-1,1,-1,1,-1,1,1,-1,1,-1,0,0,0,0,0,0,0,0,-1,1,0,0,1,-1,0,0,1,-1,1,-1,-1,1,0,0,1,-1,1,-1,1,-1,1,-1,-1,1,1,-1,1,-1,-1,1,0,0,0,0,0,0,-1,1,1,-1,1,-1,1,-1,-1,1,-1,1,1,-1,0,0,-1,1,1,-1,1,-1,0,0,0,0,1,-1,1,-1,1,-1,-1,1,1,-1,-1,1,0,0,1,-1,0,0,-1,1,0,0,-1,1,1,-1,-1,1,0,0,1,-1,1,-1,0,0,-1,1,1,-1,-1,1,0,0,-1,1,-1,1,1,-1,0,0,1,-1,1,-1,1,-1,0,0,1,-1,0,0,0,0,-1,1
META,2017-02-01 16:04:53,AMC,0.0,0.06590509666080843,,ES,timed,606.0,25.0,-27.5,0,0,-1,1,-1,1,0,2,0,0,-1,1,-1,1,-1,1,0,0,-1,1,-1,1,0,0,0,2,-1,1,0,0,1,-1,-1,1,-1,1,0,0,0,0,0,0,0,0,-1,1,-1,1,0,0,0,1,0,0,0,0,-1,1,-1,1,-1,1,-1,1,0,0,-1,1,1,-1,-1,1,-1,1,-1,1,-1,1,-1,1,0,0,-1,1,-1,1,-1,1,-1,1,-1,1,0,0,0,0,-1,1,-1,1,0,0,1,-1,-1,1,-1,1,-1,1,1,-1,-1,1,-1,1,0,0,-1,1,0,0,0,0,0,0,0,0,0,0,0,0,0,0,0,0,0,0,-1,1,1,-1,-1,1,-1,1,-1,1,-1,1,-1,1,-1,1,-1,1,-1,1,-1,1,1,-1,0,0,0,0,-1,1,0,0,-1,1,-1,0,-1,1,-1,1,0,0,-1,1,-1,1,1,-1,1,-1,-1,1,1,-1,0,0,0,0,0,0,-1,1,0,0,1,-1,0,0,1,-1,1,-1,-1,1,0,0,-1,1,-1,1,1,-1,-1,1,-1,1,0,0,-1,1,-1,1,0,0,0,0,0,0,-1,1,-1,1,-1,1,-1,1,-1,1,-1,1,1,-1,0,0,-1,1,0,0,1,-1,0,0,0,0,-1,1,1,-1,1,-1,-1,1,-1,1,-1,1,0,0,1,-1,0,0,-1,1,0,0,-1,1,-1,1,-1,1,0,0,-1,1,-1,1,0,0,-1,1,-1,1,1,-1,0,0,-1,1,-1,1,-1,1,0,0,-1,1,-1,1,1,-1,-1,1,-1,1,0,0,-1,1,-1,1
AMZN,2017-02-02 16:09:02,AMC,0.0,0.06590509666080843,,ES,timed,357.0,-12.5,-65.0,0,0,-1,1,1,-1,0,2,1,-1,-1,1,1,-1,1,-1,0,0,1,-1,-1,1,0,0,0,0,1,-1,0,0,-1,1,-1,1,-1,1,0,0,-1,1,0,0,0,0,-1,1,1,-1,0,0,0,1,0,0,0,2,0,0,1,-1,-1,1,-1,1,0,0,-1,1,1,-1,-1,1,-1,1,-1,1,-1,1,-1,1,0,0,-1,1,-1,1,-1,1,-1,1,-1,1,0,0,-1,1,1,-1,1,-1,0,0,1,-1,-1,1,-1,1,-1,1,1,-1,1,-1,-1,1,0,0,-1,1,0,0,0,0,0,0,0,0,1,-1,0,0,0,0,-1,1,0,2,0,0,1,-1,1,-1,0,0,-1,1,-1,1,1,-1,-1,1,-1,1,-1,1,-1,1,-1,1,0,0,0,2,-1,1,-1,1,-1,1,-1,0,-1,1,-1,1,0,0,-1,1,-1,1,0,0,1,-1,-1,1,0,0,0,0,0,0,0,0,-1,1,1,-1,1,-1,0,0,1,-1,1,-1,-1,1,0,0,-1,1,-1,1,1,-1,-1,1,-1,1,1,-1,1,-1,-1,1,0,0,0,0,0,0,-1,1,-1,1,-1,1,-1,1,-1,1,1,-1,1,-1,0,0,-1,1,1,-1,-1,1,0,0,0,2,-1,1,-1,1,-1,1,-1,1,1,-1,-1,1,0,0,-1,1,0,0,-1,1,0,0,-1,1,-1,1,-1,1,0,2,-1,1,1,-1,0,0,1,-1,1,-1,1,-1,0,0,-1,1,-1,1,1,-1,0,0,-1,1,1,-1,-1,1,0,0,-1,1,0,0,-1,1,-1,1
AVGO,2017-03-01 16:11:56,AMC,0.020892092343048157,0.010446046171524078,,ES,timed,183.0,-75.0,-127.5,0,0,-1,1,-1,1,-1,0,-1,1,1,-1,1,-1,-1,1,-1,1,-1,1,1,-1,0,0,0,0,-1,1,0,0,1,-1,-1,1,1,-1,0,0,0,0,1,-1,0,0,-1,1,-1,1,0,0,0,-1,0,1,0,0,0,0,-1,1,1,-1,1,-1,0,0,-1,1,1,-1,-1,1,0,0,-1,1,1,-1,1,-1,0,2,-1,1,-1,1,-1,1,-1,1,-1,1,0,0,0,0,-1,1,-1,1,-1,1,-1,1,-1,1,1,-1,-1,1,-1,1,1,-1,-1,1,0,0,1,-1,0,0,0,0,0,0,-1,1,-1,1,0,0,0,0,0,0,0,0,-1,1,-1,1,-1,1,0,0,1,-1,-1,1,1,-1,-1,1,-1,1,-1,1,-1,1,1,-1,0,0,0,0,-1,1,0,0,-1,1,-1,0,-1,1,-1,1,0,2,-1,1,1,-1,-1,1,-1,1,-1,1,0,0,0,0,0,0,0,0,-1,1,1,-1,1,-1,1,-1,1,-1,1,-1,-1,1,0,0,-1,1,-1,1,1,-1,-1,1,-1,1,-1,1,1,-1,-1,1,0,0,0,0,0,0,-1,1,-1,1,1,-1,1,-1,1,-1,-1,1,1,-1,-1,1,-1,1,0,0,1,-1,0,0,0,0,1,-1,-1,1,-1,1,1,-1,-1,1,-1,1,0,0,-1,1,0,0,0,0,-1,1,1,-1,-1,1,-1,1,0,0,-1,1,-1,1,0,0,-1,1,-1,1,-1,1,0,0,1,-1,-1,1,1,-1,-1,1,1,-1,-1,1,-1,1,-1,1,-1,1,0,0,0,0,-1,1
MU,2017-03-23 16:01:50,AMC,0.021358393848782572,0.021358393848782572,0.01324678616447009,ES,stopped_pre,-98.0,-117.14999999999236,-169.64999999999236,0,0,-1,1,1,-1,0,2,-1,1,1,-1,-1,1,-1,1,0,0,1,-1,1,-1,0,0,0,2,-1,1,0,0,-1,1,1,-1,1,-1,0,0,0,0,0,0,0,0,-1,1,-1,1,0,0,0,-1,0,0,0,0,1,-1,1,-1,-1,1,-1,1,0,0,-1,1,0,0,1,-1,1,-1,1,-1,-1,1,1,-1,0,2,-1,1,1,-1,1,-1,0,0,-1,1,0,0,1,-1,-1,1,-1,1,-1,1,-1,1,-1,1,1,-1,-1,1,-1,1,-1,1,1,-1,0,0,-1,1,-1,1,0,0,0,0,0,0,-1,1,0,0,0,0,1,-1,0,0,-1,1,-1,1,1,-1,0,0,1,-1,-1,1,-1,1,-1,1,-1,1,1,-1,1,-1,-1,1,0,0,0,2,1,-1,1,-1,1,-1,1,0,1,-1,-1,1,0,0,1,-1,1,-1,1,-1,-1,1,1,-1,1,-1,0,0,0,0,0,0,1,-1,-1,1,-1,1,0,0,-1,1,-1,1,1,-1,0,0,1,-1,0,0,-1,1,1,-1,1,-1,-1,1,-1,1,1,-1,0,0,0,0,0,0,1,-1,-1,1,-1,1,-1,1,-1,1,1,-1,-1,1,0,0,1,-1,-1,1,-1,1,0,0,0,2,1,-1,0,0,1,-1,1,-1,-1,1,1,-1,0,0,-1,1,0,0,1,-1,0,0,1,-1,1,-1,1,-1,0,2,1,-1,1,-1,0,2,-1,1,-1,1,1,-1,0,0,1,-1,-1,1,-1,1,-1,1,1,-1,-1,1,0,0,0,0,1,-1,0,0,1,-1,1,-1
GOOGL,2017-04-27 16:02:04,AMC,0.0,0.0838750262109457,0.032701111837802485,ES,timed,775.0,112.5,60.0,0,0,1,-1,-1,1,0,2,-1,1,-1,1,1,-1,-1,1,-1,1,-1,1,-1,1,0,0,0,0,-1,1,0,0,1,-1,-1,1,-1,1,0,0,1,-1,-1,1,0,0,1,-1,1,-1,0,0,0,-1,0,0,0,0,0,0,-1,1,-1,1,-1,1,0,0,-1,1,-1,1,1,-1,-1,1,-1,1,0,0,1,-1,0,2,1,-1,-1,1,-1,1,-1,1,-1,1,0,0,-1,1,0,0,-1,1,-1,1,0,0,-1,1,1,-1,-1,1,-1,1,1,-1,1,-1,0,0,-1,1,1,-1,0,0,0,0,0,0,-1,1,0,0,0,0,-1,1,0,2,-1,1,-1,1,-1,1,1,-1,-1,1,-1,1,-1,1,1,-1,-1,1,1,-1,-1,1,1,-1,0,0,0,2,-1,1,-1,1,-1,1,-1,0,1,-1,-1,1,0,0,-1,1,-1,1,-1,1,1,-1,-1,1,0,0,0,0,0,0,0,0,-1,1,0,0,-1,1,0,0,-1,1,-1,1,1,-1,0,0,-1,1,-1,1,-1,1,1,-1,1,-1,-1,1,-1,1,0,0,0,0,0,0,0,0,1,-1,-1,1,-1,1,-1,1,1,-1,-1,1,-1,1,-1,1,1,-1,-1,1,-1,1,0,0,0,0,1,-1,-1,1,-1,1,-1,1,-1,1,-1,1,0,0,-1,1,0,0,0,0,-1,1,1,-1,-1,1,1,-1,0,2,-1,1,-1,1,0,0,-1,1,-1,1,-1,1,0,0,-1,1,-1,1,1,-1,-1,1,-1,1,-1,1,-1,1,-1,1,-1,1,0,0,-1,1,-1,1
AMZN,2017-04-27 16:06:06,AMC,0.010476689366160294,0.010477787091366304,,ES,timed,533.0,75.0,22.5,0,0,1,-1,-1,1,0,2,-1,1,1,-1,1,-1,-1,1,0,0,1,-1,-1,1,0,0,0,0,-1,1,0,0,1,-1,1,-1,1,-1,0,0,-1,1,0,0,1,-1,1,-1,-1,1,0,0,0,-1,0,0,0,0,0,0,-1,1,1,-1,1,-1,0,0,1,-1,-1,1,1,-1,1,-1,1,-1,1,-1,1,-1,0,2,1,-1,1,-1,1,-1,1,-1,1,-1,0,0,1,-1,0,0,-1,1,0,0,-1,1,-1,1,1,-1,-1,1,-1,1,1,-1,1,-1,0,0,1,-1,1,-1,0,0,0,0,0,0,0,0,0,0,0,0,1,-1,0,2,-1,1,-1,1,0,0,1,-1,1,-1,1,-1,1,-1,1,-1,1,-1,1,-1,1,-1,1,-1,0,0,0,2,1,-1,1,-1,1,-1,1,0,1,-1,1,-1,0,0,1,-1,1,-1,1,-1,1,-1,1,-1,1,-1,0,0,0,0,0,0,1,-1,0,0,-1,1,0,0,-1,1,-1,1,1,-1,0,0,1,-1,-1,1,-1,1,1,-1,1,-1,0,0,1,-1,1,-1,0,0,0,0,0,0,1,-1,1,-1,-1,1,1,-1,1,-1,-1,1,-1,1,0,0,1,-1,0,0,1,-1,0,0,0,0,1,-1,1,-1,-1,1,1,-1,-1,1,1,-1,0,0,-1,1,0,0,1,-1,0,0,1,-1,1,-1,1,-1,0,2,1,-1,-1,1,0,0,-1,1,1,-1,1,-1,0,0,-1,1,1,-1,1,-1,0,0,1,-1,1,-1,1,-1,0,0,1,-1,0,0,1,-1,1,-1
INTC,2017-04-27 16:06:45,AMC,0.010476689366160294,0.010477787091366304,,ES,timed,494.0,62.5,10.0,0,0,1,-1,-1,1,0,2,-1,1,1,-1,1,-1,-1,1,0,0,1,-1,-1,1,0,0,0,0,-1,1,0,0,1,-1,1,-1,1,-1,0,0,-1,1,0,0,1,-1,1,-1,-1,1,0,0,0,-1,0,0,0,0,0,0,-1,1,1,-1,1,-1,0,0,1,-1,-1,1,1,-1,1,-1,1,-1,1,-1,1,-1,0,2,1,-1,1,-1,1,-1,1,-1,1,-1,0,0,1,-1,0,0,-1,1,0,0,-1,1,-1,1,1,-1,-1,1,-1,1,1,-1,1,-1,0,0,1,-1,1,-1,0,0,0,0,0,0,0,0,0,0,0,0,1,-1,0,2,-1,1,-1,1,0,0,1,-1,1,-1,1,-1,1,-1,1,-1,1,-1,1,-1,1,-1,1,-1,0,0,0,2,1,-1,1,-1,1,-1,1,0,1,-1,1,-1,0,0,1,-1,1,-1,1,-1,1,-1,1,-1,1,-1,0,0,0,0,0,0,1,-1,0,0,-1,1,0,0,-1,1,-1,1,1,-1,0,0,1,-1,-1,1,-1,1,1,-1,1,-1,0,0,1,-1,1,-1,0,0,0,0,0,0,1,-1,1,-1,-1,1,1,-1,1,-1,-1,1,-1,1,0,0,1,-1,0,0,1,-1,0,0,0,0,1,-1,1,-1,-1,1,1,-1,-1,1,1,-1,0,0,-1,1,0,0,1,-1,0,0,1,-1,1,-1,1,-1,0,2,1,-1,-1,1,0,0,-1,1,1,-1,1,-1,0,0,-1,1,1,-1,1,-1,0,0,1,-1,1,-1,1,-1,0,0,1,-1,0,0,1,-1,1,-1
MSFT,2017-04-27 16:08:56,AMC,0.020955574182732608,0.010476689366160294,,ES,timed,363.0,37.5,-15.0,0,0,1,-1,-1,1,0,2,0,0,1,-1,1,-1,1,-1,0,0,1,-1,1,-1,0,0,0,0,1,-1,0,0,1,-1,1,-1,1,-1,0,0,0,0,0,0,0,0,1,-1,-1,1,0,0,0,-1,0,0,0,0,0,0,-1,1,1,-1,0,0,0,0,1,-1,-1,1,1,-1,1,-1,1,-1,-1,1,1,-1,0,2,1,-1,1,-1,1,-1,1,-1,1,-1,0,0,1,-1,0,0,1,-1,0,0,0,0,1,-1,1,-1,-1,1,-1,1,-1,1,1,-1,0,0,1,-1,1,-1,0,0,0,0,-1,1,0,0,0,0,0,0,1,-1,0,2,1,-1,-1,1,1,-1,-1,1,1,-1,1,-1,1,-1,-1,1,1,-1,1,-1,1,-1,-1,1,0,0,0,2,1,-1,1,-1,1,-1,1,0,1,-1,1,-1,0,0,1,-1,1,-1,1,-1,1,-1,1,-1,1,-1,0,0,0,0,0,0,1,-1,0,0,-1,1,0,0,-1,1,-1,1,1,-1,0,0,1,-1,-1,1,-1,1,1,-1,1,-1,0,0,1,-1,1,-1,0,0,0,0,0,0,1,-1,1,-1,1,-1,1,-1,1,-1,-1,1,-1,1,0,0,1,-1,0,0,1,-1,0,0,0,0,1,-1,1,-1,-1,1,1,-1,-1,1,1,-1,0,0,-1,1,0,0,1,-1,0,0,1,-1,1,-1,1,-1,0,2,1,-1,-1,1,0,2,-1,1,1,-1,1,-1,0,0,-1,1,1,-1,1,-1,0,0,1,-1,1,-1,1,-1,0,0,1,-1,0,0,1,-1,1,-1
AAPL,2017-05-02 16:31:37,AMC,0.020962163295252068,0.010482180293501047,,ES,,,,,0,0,-1,1,1,-1,-1,0,1,-1,-1,1,1,-1,1,-1,1,-1,1,-1,-1,1,0,0,0,0,1,-1,0,0,-1,1,-1,1,-1,1,0,-1,1,-1,0,0,-1,1,-1,1,1,-1,0,0,0,-1,0,0,0,0,-1,1,1,-1,-1,1,-1,1,0,0,1,-1,1,-1,-1,1,0,0,-1,1,-1,1,-1,1,0,2,-1,1,-1,1,-1,1,-1,1,1,-1,0,0,-1,1,-1,1,1,-1,0,0,1,-1,-1,1,-1,1,-1,1,1,-1,-1,1,-1,1,0,0,-1,1,0,0,0,0,0,0,0,0,1,-1,0,0,0,0,-1,1,0,0,1,-1,1,-1,1,-1,1,-1,-1,1,-1,1,-1,1,1,-1,-1,1,-1,1,-1,1,-1,1,0,0,0,2,-1,1,-1,1,-1,1,-1,0,-1,1,1,-1,0,0,-1,1,1,-1,-1,1,1,-1,-1,1,1,-1,0,0,0,0,0,0,-1,1,0,0,-1,1,0,0,1,-1,1,-1,-1,1,0,0,-1,1,1,-1,1,-1,1,-1,-1,1,1,-1,-1,1,-1,1,0,0,0,0,0,0,-1,1,-1,1,1,-1,-1,1,-1,1,-1,1,1,-1,0,0,1,-1,0,0,1,-1,0,0,0,2,1,-1,-1,1,1,-1,-1,1,1,-1,-1,1,0,0,-1,1,0,0,-1,1,0,0,-1,1,-1,1,-1,1,0,2,-1,1,1,-1,0,0,-1,1,1,-1,1,-1,0,0,1,-1,-1,1,1,-1,0,0,-1,1,1,-1,-1,1,0,0,1,-1,0,0,-1,1,1,-1
META,2017-05-03 16:13:45,AMC,0.052460392403735186,0.0,,ES,timed,74.0,-50.0,-102.5,0,0,-1,1,-1,1,0,2,0,0,-1,1,1,-1,1,-1,0,0,-1,1,0,0,0,0,0,0,1,-1,0,0,1,-1,-1,1,-1,1,0,0,0,0,1,-1,0,0,1,-1,-1,1,0,2,0,-1,0,0,0,0,-1,1,-1,1,-1,1,1,-1,0,0,-1,1,0,0,-1,1,-1,1,-1,1,1,-1,-1,1,0,2,-1,1,-1,1,-1,1,-1,1,-1,1,0,0,-1,1,-1,1,1,-1,0,0,1,-1,-1,1,-1,1,1,-1,1,-1,1,-1,-1,1,0,0,-1,1,0,0,0,0,0,0,1,-1,1,-1,0,0,0,0,0,0,0,2,1,-1,1,-1,-1,1,0,0,-1,1,-1,1,-1,1,1,-1,-1,1,-1,1,-1,1,-1,1,0,0,0,0,-1,1,0,0,-1,1,-1,0,-1,1,-1,1,0,0,-1,1,-1,1,1,-1,1,-1,-1,1,1,-1,0,0,0,0,0,0,-1,1,0,0,1,-1,0,0,-1,1,0,0,-1,1,0,0,-1,1,1,-1,-1,1,-1,1,-1,1,1,-1,1,-1,0,0,0,0,0,0,0,0,-1,1,-1,1,-1,1,-1,1,-1,1,-1,1,1,-1,0,0,-1,1,1,-1,-1,1,0,0,0,0,1,-1,-1,1,1,-1,-1,1,-1,1,-1,1,0,0,1,-1,0,0,-1,1,0,0,-1,1,-1,1,-1,1,0,0,-1,1,-1,1,0,0,-1,1,1,-1,-1,1,0,0,1,-1,-1,1,1,-1,0,0,-1,1,1,-1,-1,1,0,0,-1,1,0,0,-1,1,-1,1
AVGO,2017-06-01 16:12:57,AMC,0.0,0.0,,ES,timed,122.0,37.5,-15.0,0,0,-1,1,-1,1,1,0,1,-1,-1,1,1,-1,1,-1,1,-1,1,-1,-1,1,0,0,0,0,1,-1,0,0,1,-1,1,-1,-1,1,0,0,0,0,0,0,0,0,1,-1,-1,1,0,2,0,-1,0,-1,0,0,0,0,1,-1,1,-1,1,-1,0,0,1,-1,1,-1,1,-1,0,0,1,-1,-1,1,-1,1,0,2,1,-1,1,-1,1,-1,1,-1,1,-1,0,0,0,0,0,0,1,-1,1,-1,1,-1,1,-1,-1,1,1,-1,1,-1,-1,1,1,-1,0,0,-1,1,0,0,0,0,0,0,1,-1,1,-1,0,0,0,0,0,0,0,0,1,-1,1,-1,1,-1,0,0,-1,1,1,-1,1,-1,1,-1,1,-1,-1,1,1,-1,-1,1,0,0,0,0,1,-1,0,0,1,-1,1,0,1,-1,1,-1,0,2,1,-1,1,-1,1,-1,-1,1,1,-1,0,0,0,0,0,0,0,0,1,-1,1,-1,1,-1,1,-1,1,-1,1,-1,1,-1,0,0,0,0,1,-1,1,-1,1,-1,1,-1,1,-1,-1,1,1,-1,0,0,0,0,0,0,1,-1,1,-1,-1,1,1,-1,-1,1,1,-1,-1,1,1,-1,1,-1,1,-1,1,-1,0,0,0,0,-1,1,1,-1,1,-1,-1,1,1,-1,1,-1,0,0,0,0,0,0,0,0,1,-1,-1,1,1,-1,1,-1,0,0,1,-1,1,-1,0,0,-1,1,1,-1,-1,1,0,0,-1,1,1,-1,1,-1,1,-1,1,-1,-1,1,1,-1,1,-1,1,-1,0,0,0,0,1,-1
MU,2017-06-29 16:01:25,AMC,0.05167958656330749,0.07234394377842084,0.014823599169878446,ES,timed,814.0,87.5,35.0,0,0,1,-1,-1,1,0,2,-1,1,-1,1,-1,1,-1,1,-1,1,-1,1,-1,1,0,0,0,2,-1,1,0,0,1,-1,-1,1,-1,1,0,0,0,0,-1,1,0,0,1,-1,-1,1,0,0,0,1,0,1,0,0,0,0,-1,1,-1,1,-1,1,0,0,-1,1,-1,1,-1,1,-1,1,-1,1,1,-1,1,-1,0,0,-1,1,-1,1,-1,1,-1,1,-1,1,0,0,0,0,0,0,-1,1,0,0,0,0,-1,1,-1,1,-1,1,-1,1,1,-1,-1,1,-1,1,-1,1,0,0,0,0,0,0,0,0,0,0,0,0,0,0,0,0,0,2,1,-1,-1,1,-1,1,-1,1,-1,1,-1,1,-1,1,-1,1,-1,1,-1,1,-1,1,1,-1,0,0,0,0,-1,1,0,0,-1,1,-1,0,-1,1,-1,1,0,0,-1,1,-1,1,-1,1,1,-1,-1,1,0,0,0,0,0,0,0,0,-1,1,-1,1,-1,1,-1,1,-1,1,-1,1,-1,1,0,0,-1,1,-1,1,-1,1,-1,1,-1,1,0,0,-1,1,0,0,0,0,0,0,0,0,-1,1,-1,1,-1,1,-1,1,-1,1,1,-1,1,-1,-1,1,-1,1,0,0,1,-1,0,0,0,0,-1,1,-1,1,1,-1,-1,1,-1,1,-1,1,0,0,1,-1,0,0,0,0,-1,1,-1,1,-1,1,-1,1,0,0,-1,1,-1,1,0,0,-1,1,-1,1,1,-1,0,0,1,-1,-1,1,-1,1,-1,1,-1,1,-1,1,-1,1,-1,1,-1,1,0,0,0,0,-1,1
MSFT,2017-07-20 16:08:03,AMC,0.010114291493880854,0.030339805825242715,,ES,timed,416.0,-50.0,-102.5,0,0,1,-1,1,-1,-1,0,-1,1,1,-1,1,-1,-1,1,-1,1,-1,1,0,0,0,0,0,2,-1,1,0,0,-1,1,-1,1,1,-1,0,0,1,-1,0,0,0,0,-1,1,1,-1,0,0,0,-1,0,0,0,0,0,0,1,-1,-1,1,-1,1,0,0,-1,1,1,-1,1,-1,0,0,1,-1,1,-1,1,-1,0,2,-1,1,-1,1,-1,1,-1,1,-1,1,0,0,0,0,-1,1,-1,1,-1,1,-1,1,-1,1,1,-1,-1,1,-1,1,1,-1,1,-1,0,0,-1,1,0,0,0,0,0,0,0,0,-1,1,0,0,0,0,0,0,0,0,-1,1,-1,1,-1,1,-1,1,1,-1,-1,1,-1,1,1,-1,-1,1,1,-1,-1,1,-1,1,0,0,0,0,-1,1,0,0,-1,1,-1,0,1,-1,-1,1,0,0,-1,1,1,-1,-1,1,-1,1,1,-1,0,0,0,0,0,0,0,0,-1,1,0,0,1,-1,0,0,1,-1,1,-1,1,-1,0,0,1,-1,-1,1,-1,1,1,-1,-1,1,-1,1,1,-1,0,0,0,0,0,0,0,0,1,-1,-1,1,-1,1,-1,1,1,-1,-1,1,-1,1,-1,1,-1,1,-1,1,-1,1,0,0,0,0,1,-1,-1,1,-1,1,1,-1,-1,1,1,-1,0,0,1,-1,0,0,0,0,-1,1,1,-1,-1,1,-1,1,0,0,1,-1,1,-1,0,0,-1,1,-1,1,1,-1,0,0,-1,1,-1,1,1,-1,-1,1,-1,1,-1,1,-1,1,-1,1,1,-1,0,0,0,0,-1,1
GOOGL,2017-07-24 16:01:31,AMC,0.0202552157180474,0.07088607594936709,0.028323735995529592,ES,timed,808.0,-25.0,-77.5,0,0,-1,1,-1,1,-1,0,0,0,-1,1,1,-1,-1,1,0,0,-1,1,-1,1,0,0,0,0,-1,1,0,0,-1,1,-1,1,-1,1,0,-1,0,0,-1,1,-1,1,-1,1,-1,1,0,0,0,1,0,1,0,0,-1,1,-1,1,-1,1,-1,1,0,0,-1,1,1,-1,-1,1,-1,1,-1,1,-1,1,-1,1,0,2,-1,1,-1,1,-1,1,-1,1,-1,1,-1,1,-1,1,0,0,-1,1,0,0,1,-1,-1,1,-1,1,-1,1,-1,1,-1,1,-1,1,0,0,-1,1,0,0,0,0,0,0,0,0,0,0,0,0,0,0,-1,1,0,2,-1,1,-1,1,-1,1,0,0,-1,1,-1,1,-1,1,1,-1,-1,1,-1,1,-1,1,1,-1,0,2,0,0,-1,1,-1,1,-1,1,-1,0,-1,1,-1,1,0,0,-1,1,-1,1,-1,1,1,-1,-1,1,1,-1,0,0,0,0,0,0,-1,1,1,-1,1,-1,0,0,1,-1,1,-1,-1,1,0,0,-1,1,1,-1,-1,1,-1,1,-1,1,0,0,1,-1,-1,1,0,0,0,0,0,0,-1,1,-1,1,-1,1,-1,1,-1,1,-1,1,1,-1,0,0,-1,1,0,0,1,-1,0,2,0,0,1,-1,1,-1,1,-1,-1,1,-1,1,-1,1,0,0,1,-1,0,0,-1,1,0,0,-1,1,-1,1,-1,1,0,0,-1,1,-1,1,0,0,-1,1,-1,1,1,-1,0,0,1,-1,-1,1,1,-1,-1,1,-1,1,-1,1,1,-1,-1,1,-1,1,0,0,-1,1,1,-1
META,2017-07-26 16:07:54,AMC,0.0303060915243964,0.020206102242877347,,ES,timed,425.0,-100.0,-152.5,0,0,1,-1,1,-1,1,0,0,0,1,-1,-1,1,1,-1,0,0,1,-1,1,-1,0,0,0,0,1,-1,0,0,1,-1,1,-1,1,-1,0,0,-1,1,0,0,1,-1,1,-1,1,-1,0,0,0,-1,0,-1,0,0,1,-1,1,-1,-1,1,-1,1,0,0,1,-1,1,-1,1,-1,1,-1,1,-1,-1,1,1,-1,0,2,1,-1,1,-1,1,-1,1,-1,1,-1,1,-1,1,-1,1,-1,1,-1,0,0,0,0,1,-1,1,-1,1,-1,-1,1,1,-1,1,-1,1,-1,1,-1,0,0,0,0,0,0,0,0,0,0,0,0,0,0,1,-1,0,0,1,-1,1,-1,1,-1,-1,1,1,-1,1,-1,1,-1,-1,1,1,-1,1,-1,1,-1,-1,1,0,2,0,2,1,-1,1,-1,1,-1,1,0,1,-1,1,-1,0,0,1,-1,-1,1,1,-1,-1,1,1,-1,-1,1,0,0,0,0,0,0,1,-1,0,0,1,-1,0,0,1,-1,1,-1,1,-1,0,0,1,-1,-1,1,1,-1,1,-1,1,-1,0,0,1,-1,1,-1,0,0,0,0,0,0,1,-1,1,-1,-1,1,-1,1,1,-1,-1,1,-1,1,0,0,1,-1,0,0,-1,1,0,2,0,0,-1,1,-1,1,-1,1,1,-1,1,-1,1,-1,0,0,-1,1,0,0,1,-1,0,0,1,-1,1,-1,1,-1,0,0,1,-1,1,-1,0,2,1,-1,1,-1,1,-1,0,0,-1,1,1,-1,-1,1,0,0,-1,1,1,-1,-1,1,0,0,1,-1,0,0,1,-1,1,-1
INTC,2017-07-27 16:06:34,AMC,0.020247013565499086,0.06073489219556636,0.02347128506435403,ES,timed,505.0,100.0,47.5,0,0,1,-1,1,-1,1,0,1,-1,1,-1,1,-1,1,-1,1,-1,1,-1,-1,1,0,0,0,2,1,-1,0,0,1,-1,1,-1,1,-1,0,0,0,0,0,0,1,-1,1,-1,1,-1,0,0,0,-1,0,-1,0,0,0,0,1,-1,1,-1,1,-1,0,0,1,-1,-1,1,1,-1,1,-1,1,-1,-1,1,1,-1,0,0,1,-1,1,-1,-1,1,1,-1,1,-1,0,0,1,-1,0,0,1,-1,1,-1,1,-1,1,-1,1,-1,1,-1,1,-1,1,-1,1,-1,1,-1,1,-1,1,-1,0,0,0,0,0,0,1,-1,0,0,0,0,1,-1,0,0,1,-1,1,-1,1,-1,1,-1,1,-1,1,-1,1,-1,1,-1,1,-1,1,-1,-1,1,1,-1,0,0,0,0,1,-1,0,0,1,-1,1,0,1,-1,1,-1,0,0,1,-1,1,-1,1,-1,-1,1,1,-1,0,0,0,0,0,0,0,0,1,-1,-1,1,-1,1,-1,1,-1,1,-1,1,1,-1,0,0,1,-1,0,0,1,-1,1,-1,1,-1,1,-1,-1,1,1,-1,0,0,0,0,0,0,1,-1,1,-1,-1,1,1,-1,1,-1,1,-1,1,-1,1,-1,1,-1,1,-1,-1,1,0,0,0,0,1,-1,1,-1,1,-1,1,-1,1,-1,1,-1,0,0,-1,1,0,0,0,0,1,-1,-1,1,-1,1,1,-1,0,0,1,-1,1,-1,0,0,1,-1,1,-1,1,-1,0,0,-1,1,1,-1,1,-1,1,-1,-1,1,-1,1,1,-1,1,-1,1,-1,0,0,1,-1,1,-1
AMZN,2017-07-27 16:07:05,AMC,0.030376670716889428,0.09113001215066828,,ES,stopped_pre,-21.0,-123.55000000000018,-176.05000000000018,0,0,1,-1,1,-1,1,0,1,-1,-1,1,1,-1,1,-1,1,-1,1,-1,-1,1,0,0,0,2,1,-1,0,0,1,-1,1,-1,1,-1,0,0,1,-1,0,0,1,-1,1,-1,1,-1,0,0,0,-1,0,-1,0,0,0,0,1,-1,1,-1,1,-1,0,0,1,-1,-1,1,1,-1,0,0,1,-1,1,-1,1,-1,0,2,1,-1,1,-1,-1,1,1,-1,1,-1,0,0,0,0,-1,1,1,-1,1,-1,1,-1,-1,1,-1,1,1,-1,1,-1,-1,1,1,-1,0,0,1,-1,1,-1,0,0,0,0,0,0,1,-1,0,0,0,0,0,0,0,0,1,-1,1,-1,1,-1,1,-1,-1,1,1,-1,1,-1,1,-1,1,-1,1,-1,1,-1,-1,1,0,0,0,0,1,-1,-1,1,1,-1,1,0,1,-1,1,-1,0,0,1,-1,1,-1,1,-1,-1,1,1,-1,1,-1,0,0,0,0,0,0,1,-1,-1,1,-1,1,-1,1,-1,1,-1,1,1,-1,0,0,1,-1,0,0,1,-1,1,-1,1,-1,1,-1,-1,1,1,-1,0,0,0,0,0,0,1,-1,1,-1,-1,1,1,-1,-1,1,1,-1,-1,1,1,-1,1,-1,1,-1,1,-1,0,0,0,0,-1,1,1,-1,1,-1,1,-1,1,-1,1,-1,0,0,1,-1,0,0,-1,1,1,-1,-1,1,-1,1,-1,1,0,0,1,-1,1,-1,0,0,1,-1,1,-1,1,-1,0,0,-1,1,1,-1,1,-1,0,0,1,-1,-1,1,1,-1,1,-1,1,-1,0,0,0,0,1,-1
AAPL,2017-08-01 16:30:15,AMC,0.020224491859642025,0.09102862344492768,,ES,,,,,0,0,-1,1,-1,1,0,2,-1,1,-1,1,-1,1,-1,1,0,0,-1,1,1,-1,0,0,0,0,-1,1,0,0,-1,1,-1,1,-1,1,0,0,-1,1,0,0,-1,1,-1,1,-1,1,0,0,0,1,0,1,0,0,0,0,-1,1,-1,1,-1,1,0,0,-1,1,0,0,-1,1,-1,1,1,-1,1,-1,-1,1,0,2,-1,1,-1,1,-1,1,-1,1,-1,1,0,0,-1,1,1,-1,-1,1,-1,1,0,0,-1,1,-1,1,-1,1,-1,1,1,-1,-1,1,0,0,-1,1,0,0,0,0,0,0,0,0,-1,1,0,0,0,0,-1,1,0,2,-1,1,-1,1,-1,1,1,-1,-1,1,-1,1,-1,1,-1,1,-1,1,-1,1,-1,1,1,-1,0,0,0,0,-1,1,-1,1,-1,1,-1,0,-1,1,-1,1,0,0,-1,1,-1,1,-1,1,1,-1,1,-1,-1,1,0,0,0,0,0,0,-1,1,0,0,1,-1,0,0,1,-1,0,0,-1,1,0,0,-1,1,1,-1,-1,1,-1,1,-1,1,-1,1,-1,1,-1,1,0,0,0,0,0,0,-1,1,-1,1,1,-1,1,-1,-1,1,1,-1,1,-1,0,0,-1,1,-1,1,1,-1,0,0,0,0,-1,1,-1,1,1,-1,-1,1,-1,1,-1,1,0,0,1,-1,0,0,-1,1,0,0,1,-1,-1,1,-1,1,0,0,1,-1,-1,1,0,0,-1,1,-1,1,1,-1,0,0,-1,1,-1,1,-1,1,0,0,1,-1,-1,1,-1,1,-1,1,1,-1,0,0,-1,1,-1,1
AVGO,2017-08-24 16:08:36,AMC,0.01024380249948781,0.06146281499692685,0.019971670099891387,ES,timed,383.0,37.5,-15.0,0,0,1,-1,-1,1,1,0,-1,1,1,-1,-1,1,1,-1,0,0,1,-1,-1,1,0,0,0,2,1,-1,0,0,1,-1,1,-1,1,-1,0,1,0,0,0,0,1,-1,1,-1,-1,1,0,0,0,-1,0,-1,0,0,0,0,-1,1,1,-1,-1,1,0,0,1,-1,-1,1,1,-1,1,-1,-1,1,1,-1,1,-1,0,0,1,-1,1,-1,1,-1,1,-1,1,-1,1,-1,1,-1,0,0,1,-1,0,0,-1,1,1,-1,1,-1,1,-1,-1,1,1,-1,1,-1,0,0,1,-1,1,-1,0,0,0,0,0,0,0,0,0,0,0,0,1,-1,0,2,1,-1,1,-1,1,-1,-1,1,1,-1,1,-1,1,-1,1,-1,1,-1,1,-1,1,-1,1,-1,0,0,0,2,1,-1,1,-1,1,-1,1,0,1,-1,-1,1,0,0,1,-1,1,-1,1,-1,1,-1,-1,1,-1,1,0,0,0,0,0,0,1,-1,0,0,1,-1,0,0,-1,1,-1,1,1,-1,0,0,1,-1,-1,1,-1,1,1,-1,1,-1,0,0,1,-1,1,-1,0,0,0,0,0,0,1,-1,1,-1,-1,1,1,-1,1,-1,-1,1,-1,1,0,0,1,-1,0,0,-1,1,0,0,0,0,-1,1,1,-1,-1,1,1,-1,1,-1,1,-1,0,0,-1,1,0,0,1,-1,0,0,1,-1,1,-1,1,-1,0,0,-1,1,-1,1,0,2,1,-1,1,-1,1,-1,0,0,-1,1,1,-1,-1,1,0,0,-1,1,1,-1,1,-1,0,0,1,-1,0,0,1,-1,-1,1
MU,2017-09-26 16:00:30,AMC,0.01002004008016032,0.03006012024048096,0.016083322304328747,ES,timed,869.0,37.5,-15.0,0,2,-1,1,-1,1,-1,0,-1,1,-1,1,-1,1,-1,1,0,0,-1,1,-1,1,0,0,0,0,-1,1,0,0,-1,1,-1,1,-1,1,0,0,-1,1,1,-1,-1,1,-1,1,-1,1,0,0,0,1,0,1,0,0,-1,1,-1,1,-1,1,-1,1,0,0,-1,1,1,-1,-1,1,-1,1,-1,1,1,-1,-1,1,0,2,-1,1,-1,1,-1,1,-1,1,-1,1,0,0,-1,1,-1,1,-1,1,-1,1,-1,1,-1,1,-1,1,-1,1,-1,1,-1,1,-1,1,-1,1,-1,1,0,0,0,0,0,0,-1,1,-1,1,0,0,0,0,-1,1,0,2,-1,1,-1,1,-1,1,0,0,-1,1,-1,1,-1,1,1,-1,-1,1,-1,1,-1,1,1,-1,0,2,0,0,-1,1,-1,1,-1,1,-1,0,-1,1,-1,1,0,0,-1,1,-1,1,-1,1,-1,1,-1,1,1,-1,0,0,0,0,0,0,-1,1,0,0,1,-1,0,0,1,-1,1,-1,-1,1,0,0,-1,1,-1,1,1,-1,-1,1,-1,1,-1,1,1,-1,-1,1,0,0,0,0,0,0,-1,1,-1,1,-1,1,1,-1,-1,1,-1,1,1,-1,-1,1,-1,1,0,0,1,-1,0,0,0,0,-1,1,1,-1,-1,1,-1,1,-1,1,-1,1,0,0,1,-1,0,0,-1,1,-1,1,-1,1,-1,1,-1,1,0,0,-1,1,-1,1,0,0,-1,1,-1,1,1,-1,0,0,1,-1,-1,1,-1,1,-1,1,-1,1,-1,1,1,-1,-1,1,-1,1,0,0,-1,1,-1,1
GOOGL,2017-10-26 16:02:01,AMC,0.009780907668231613,0.28367406827741365,0.023946360153256702,ES,stopped_pre,-155.0,-128.02500000000236,-180.52500000000236,0,0,1,-1,1,-1,0,2,1,-1,-1,1,-1,1,1,-1,1,-1,1,-1,-1,1,0,0,0,0,1,-1,0,0,1,-1,1,-1,-1,1,0,0,-1,1,0,0,0,0,1,-1,1,-1,0,0,0,-1,0,-1,0,0,0,0,1,-1,1,-1,1,-1,0,0,1,-1,1,-1,1,-1,1,-1,1,-1,1,-1,1,-1,0,2,1,-1,1,-1,1,-1,1,-1,1,-1,0,0,0,0,0,0,1,-1,1,-1,1,-1,1,-1,1,-1,1,-1,1,-1,-1,1,1,-1,1,-1,1,-1,0,0,0,0,0,0,0,0,1,-1,0,0,0,0,0,0,0,2,1,-1,1,-1,1,-1,0,0,-1,1,1,-1,1,-1,1,-1,1,-1,-1,1,1,-1,-1,1,0,2,0,0,1,-1,0,0,1,-1,1,0,1,-1,1,-1,0,0,1,-1,1,-1,1,-1,-1,1,1,-1,-1,1,0,0,0,0,0,0,1,-1,0,0,1,-1,0,0,1,-1,1,-1,1,-1,0,0,1,-1,-1,1,1,-1,1,-1,1,-1,0,0,-1,1,1,-1,0,0,0,0,0,0,1,-1,1,-1,-1,1,1,-1,-1,1,1,-1,-1,1,1,-1,1,-1,0,0,-1,1,0,0,0,0,1,-1,1,-1,1,-1,1,-1,1,-1,1,-1,0,0,-1,1,0,0,0,0,1,-1,-1,1,1,-1,1,-1,0,0,1,-1,1,-1,0,2,1,-1,1,-1,1,-1,0,0,1,-1,1,-1,-1,1,1,-1,1,-1,1,-1,1,-1,1,-1,1,-1,0,0,0,0,1,-1
MSFT,2017-10-26 16:04:05,AMC,0.0,0.1465845793022574,0.01626616403047258,ES,stopped_pre,-245.0,-127.96249999998963,-180.46249999998963,0,0,-1,1,-1,1,0,2,1,-1,-1,1,-1,1,1,-1,1,-1,1,-1,-1,1,0,0,0,0,1,-1,0,0,-1,1,-1,1,-1,1,0,0,-1,1,0,0,0,0,-1,1,-1,1,0,0,0,1,0,0,0,2,-1,1,1,-1,-1,1,-1,1,0,0,1,-1,1,-1,-1,1,0,0,-1,1,1,-1,-1,1,0,2,-1,1,-1,1,1,-1,-1,1,1,-1,0,0,-1,1,-1,1,1,-1,0,0,1,-1,1,-1,-1,1,-1,1,1,-1,-1,1,-1,1,0,0,-1,1,0,0,0,0,0,0,0,0,1,-1,0,0,0,0,0,0,0,2,0,0,0,0,1,-1,1,-1,-1,1,-1,1,-1,1,-1,1,-1,1,-1,1,1,-1,-1,1,0,0,0,0,1,-1,0,0,-1,1,-1,0,-1,1,1,-1,0,0,-1,1,-1,1,-1,1,-1,1,-1,1,1,-1,0,0,0,0,0,0,-1,1,0,0,1,-1,0,0,1,-1,1,-1,-1,1,0,0,-1,1,-1,1,-1,1,-1,1,-1,1,-1,1,1,-1,-1,1,0,0,0,0,0,0,-1,1,-1,1,1,-1,-1,1,-1,1,1,-1,-1,1,0,0,1,-1,-1,1,1,-1,0,0,0,0,1,-1,1,-1,1,-1,-1,1,1,-1,-1,1,0,0,1,-1,0,0,0,0,0,0,-1,1,1,-1,1,-1,0,0,-1,1,1,-1,0,0,-1,1,-1,1,1,-1,0,0,1,-1,1,-1,-1,1,0,0,-1,1,1,-1,1,-1,0,0,-1,1,0,0,0,0,-1,1
INTC,2017-10-26 16:07:05,AMC,0.04883766360617309,0.0586051963274077,0.023073373327180433,ES,timed,474.0,262.5,210.0,0,2,-1,1,-1,1,-1,0,1,-1,-1,1,-1,1,-1,1,0,0,-1,1,-1,1,0,0,0,0,-1,1,0,0,-1,1,-1,1,-1,1,0,-1,1,-1,0,0,-1,1,-1,1,-1,1,0,0,0,1,0,1,0,0,-1,1,-1,1,1,-1,1,-1,0,0,-1,1,0,0,-1,1,-1,1,-1,1,1,-1,-1,1,0,2,-1,1,-1,1,-1,1,-1,1,-1,1,-1,1,-1,1,-1,1,-1,1,-1,1,1,-1,-1,1,-1,1,-1,1,-1,1,-1,1,-1,1,-1,1,-1,1,-1,1,0,0,0,0,0,0,-1,1,0,0,0,0,-1,1,0,0,-1,1,-1,1,0,0,1,-1,-1,1,-1,1,-1,1,1,-1,-1,1,-1,1,-1,1,1,-1,0,2,0,0,-1,1,-1,1,-1,1,-1,0,-1,1,-1,1,0,0,-1,1,1,-1,-1,1,-1,1,-1,1,1,-1,0,0,0,0,0,0,1,-1,0,0,1,-1,0,0,1,-1,-1,1,-1,1,0,0,-1,1,1,-1,-1,1,-1,1,-1,1,-1,1,1,-1,-1,1,0,0,0,0,0,0,-1,1,1,-1,1,-1,1,-1,-1,1,1,-1,1,-1,0,0,-1,1,-1,1,1,-1,0,2,0,0,1,-1,1,-1,1,-1,-1,1,-1,1,-1,1,0,0,1,-1,0,0,-1,1,0,0,1,-1,-1,1,-1,1,0,0,-1,1,-1,1,0,0,1,-1,-1,1,1,-1,0,0,1,-1,-1,1,-1,1,-1,1,1,-1,-1,1,1,-1,-1,1,-1,1,0,0,-1,1,1,-1
AMZN,2017-10-26 16:09:54,AMC,0.009760858955588092,0.009761811792268645,,ES,timed,305.0,150.0,97.5,0,0,-1,1,-1,1,-1,0,0,0,1,-1,-1,1,-1,1,0,0,-1,1,1,-1,0,0,0,0,-1,1,0,0,-1,1,1,-1,1,-1,0,0,-1,1,1,-1,-1,1,-1,1,-1,1,0,0,0,-1,0,0,0,0,0,0,-1,1,-1,1,-1,1,0,0,-1,1,1,-1,-1,1,0,0,-1,1,-1,1,-1,1,0,2,-1,1,-1,1,-1,1,0,0,-1,1,0,0,0,0,0,0,-1,1,-1,1,0,0,1,-1,-1,1,1,-1,-1,1,-1,1,-1,1,0,0,1,-1,-1,1,0,0,0,0,0,0,-1,1,0,0,0,0,0,0,0,2,1,-1,-1,1,0,0,1,-1,1,-1,-1,1,1,-1,-1,1,-1,1,-1,1,-1,1,1,-1,0,0,0,0,-1,1,0,0,-1,1,-1,0,-1,1,-1,1,0,2,-1,1,1,-1,-1,1,-1,1,-1,1,0,0,0,0,0,0,0,0,-1,1,0,0,1,-1,0,0,1,-1,1,-1,-1,1,0,0,-1,1,1,-1,1,-1,-1,1,-1,1,-1,1,1,-1,-1,1,0,0,0,0,0,0,-1,1,-1,1,-1,1,-1,1,-1,1,-1,1,1,-1,0,0,-1,1,-1,1,1,-1,0,0,0,0,1,-1,0,0,1,-1,1,-1,-1,1,-1,1,0,0,1,-1,0,0,0,0,0,0,1,-1,-1,1,-1,1,0,0,-1,1,-1,1,0,0,-1,1,-1,1,1,-1,0,0,1,-1,-1,1,-1,1,0,0,1,-1,-1,1,0,0,-1,1,-1,1,0,0,0,0,-1,1
META,2017-11-01 16:11:06,AMC,0.009709680551509855,0.009709680551509855,,ES,timed,233.0,-37.5,-90.0,0,0,-1,1,1,-1,0,2,-1,1,-1,1,-1,1,-1,1,0,0,-1,1,1,-1,0,0,0,0,-1,1,0,0,-1,1,-1,1,-1,1,0,0,1,-1,0,0,-1,1,-1,1,1,-1,0,0,0,1,0,1,0,2,0,0,1,-1,-1,1,-1,1,0,0,-1,1,1,-1,-1,1,0,0,1,-1,1,-1,1,-1,0,2,-1,1,-1,1,1,-1,-1,1,-1,1,0,0,0,0,-1,1,-1,1,-1,1,0,0,-1,1,-1,1,-1,1,-1,1,-1,1,1,-1,0,0,-1,1,0,0,0,0,0,0,0,0,-1,1,0,0,0,0,0,0,0,2,-1,1,-1,1,-1,1,-1,1,-1,1,-1,1,-1,1,-1,1,-1,1,-1,1,1,-1,-1,1,0,0,0,2,-1,1,-1,1,-1,1,-1,0,1,-1,-1,1,0,0,-1,1,1,-1,0,0,-1,1,1,-1,1,-1,0,0,0,0,0,0,-1,1,0,0,1,-1,0,0,1,-1,1,-1,1,-1,0,0,-1,1,-1,1,-1,1,1,-1,1,-1,-1,1,1,-1,-1,1,0,0,0,0,0,0,-1,1,-1,1,1,-1,-1,1,1,-1,-1,1,1,-1,-1,1,1,-1,0,0,-1,1,0,0,0,2,1,-1,-1,1,-1,1,-1,1,-1,1,-1,1,0,0,1,-1,0,0,0,0,-1,1,1,-1,-1,1,-1,1,0,2,1,-1,1,-1,0,2,-1,1,-1,1,-1,1,0,0,1,-1,-1,1,-1,1,-1,1,1,-1,-1,1,-1,1,-1,1,1,-1,0,0,0,0,-1,1
AAPL,2017-11-02 16:30:16,AMC,0.009702144173862424,0.048510720869312116,,ES,,,,,0,0,-1,1,1,-1,0,2,0,0,1,-1,1,-1,-1,1,0,0,-1,1,1,-1,0,0,0,2,-1,1,0,0,-1,1,-1,1,1,-1,0,0,-1,1,0,0,0,0,-1,1,1,-1,0,0,0,-1,0,0,0,0,0,0,1,-1,-1,1,1,-1,0,0,-1,1,1,-1,-1,1,-1,1,1,-1,1,-1,-1,1,0,2,-1,1,-1,1,-1,1,-1,1,-1,1,-1,1,0,0,1,-1,-1,1,0,0,1,-1,-1,1,-1,1,-1,1,1,-1,-1,1,1,-1,0,0,-1,1,-1,1,0,0,0,0,0,0,0,0,0,0,0,0,0,0,0,0,-1,1,1,-1,-1,1,-1,1,1,-1,-1,1,1,-1,-1,1,-1,1,1,-1,-1,1,1,-1,0,0,0,2,-1,1,-1,1,-1,1,-1,0,-1,1,-1,1,0,0,-1,1,-1,1,-1,1,1,-1,1,-1,0,0,0,0,0,0,0,0,-1,1,1,-1,1,-1,0,0,1,-1,1,-1,-1,1,0,0,-1,1,1,-1,1,-1,-1,1,-1,1,1,-1,-1,1,-1,1,0,0,0,0,0,0,-1,1,-1,1,1,-1,-1,1,-1,1,1,-1,1,-1,0,0,-1,1,1,-1,-1,1,0,0,0,0,-1,1,-1,1,-1,1,-1,1,-1,1,-1,1,0,0,1,-1,0,0,0,0,0,0,-1,1,-1,1,-1,1,0,0,-1,1,1,-1,0,0,1,-1,1,-1,-1,1,0,0,-1,1,-1,1,1,-1,0,0,1,-1,-1,1,-1,1,0,0,1,-1,0,0,-1,1,-1,1
AVGO,2017-12-06 16:10:33,AMC,0.028533384059349437,0.05706134094151213,0.019051247856734618,ES,timed,266.0,25.0,-27.5,0,0,1,-1,-1,1,-1,0,-1,1,-1,1,1,-1,-1,1,-1,1,-1,1,-1,1,0,0,0,0,-1,1,0,0,1,-1,-1,1,-1,1,0,0,0,0,0,0,0,0,-1,1,-1,1,0,0,0,-1,0,1,0,0,0,0,-1,1,0,0,-1,1,0,0,-1,1,0,0,1,-1,-1,1,-1,1,-1,1,1,-1,0,2,-1,1,-1,1,1,-1,-1,1,-1,1,0,0,-1,1,-1,1,-1,1,-1,1,-1,1,-1,1,-1,1,-1,1,-1,1,-1,1,-1,1,0,0,-1,1,-1,1,0,0,0,0,0,0,-1,1,0,0,0,0,0,0,0,2,-1,1,-1,1,-1,1,-1,1,-1,1,-1,1,-1,1,-1,1,-1,1,1,-1,1,-1,-1,1,0,0,0,0,1,-1,0,0,-1,1,-1,0,1,-1,-1,1,0,0,-1,1,1,-1,-1,1,-1,1,-1,1,1,-1,0,0,0,0,0,0,-1,1,0,0,-1,1,0,0,-1,1,-1,1,1,-1,0,0,1,-1,-1,1,-1,1,-1,1,1,-1,-1,1,-1,1,-1,1,0,0,0,0,0,0,1,-1,-1,1,-1,1,0,0,1,-1,-1,1,-1,1,-1,1,1,-1,-1,1,-1,1,0,0,0,0,1,-1,-1,1,-1,1,-1,1,-1,1,-1,1,0,0,-1,1,0,0,0,0,-1,1,1,-1,1,-1,1,-1,0,0,1,-1,-1,1,0,2,-1,1,-1,1,-1,1,0,0,-1,1,-1,1,1,-1,-1,1,-1,1,-1,1,-1,1,-1,1,-1,1,0,0,-1,1,-1,1
MU,2017-12-19 16:01:11,AMC,0.018611576400521124,0.1023541453428864,0.014823599169878446,ES,timed,828.0,-75.0,-127.5,0,0,1,-1,-1,1,0,2,-1,1,-1,1,-1,1,-1,1,-1,1,-1,1,-1,1,0,0,0,0,-1,1,0,0,1,-1,-1,1,-1,1,0,0,0,0,0,0,0,0,1,-1,-1,1,0,0,0,-1,0,1,0,0,0,0,-1,1,-1,1,-1,1,0,0,-1,1,-1,1,-1,1,-1,1,-1,1,-1,1,1,-1,0,0,1,-1,-1,1,-1,1,-1,1,-1,1,0,0,-1,1,1,-1,-1,1,-1,1,1,-1,-1,1,1,-1,-1,1,-1,1,1,-1,1,-1,0,0,-1,1,0,0,0,0,0,0,0,0,-1,1,0,0,0,0,0,0,0,0,-1,1,-1,1,-1,1,-1,1,-1,1,-1,1,-1,1,-1,1,-1,1,-1,1,-1,1,-1,1,0,0,0,0,-1,1,0,0,-1,1,-1,0,-1,1,-1,1,0,0,-1,1,-1,1,-1,1,-1,1,-1,1,1,-1,0,0,0,0,0,0,-1,1,-1,1,-1,1,-1,1,-1,1,-1,1,-1,1,0,0,1,-1,1,-1,-1,1,1,-1,-1,1,-1,1,-1,1,-1,1,0,0,0,0,0,0,-1,1,-1,1,-1,1,-1,1,-1,1,-1,1,1,-1,-1,1,-1,1,-1,1,-1,1,0,0,0,0,1,-1,-1,1,-1,1,-1,1,-1,1,-1,1,0,0,-1,1,0,0,-1,1,-1,1,-1,1,-1,1,-1,1,0,0,-1,1,-1,1,0,0,-1,1,-1,1,1,-1,0,0,1,-1,-1,1,-1,1,0,0,-1,1,-1,1,-1,1,-1,1,1,-1,0,0,0,0,-1,1
NFLX,2018-01-22 16:09:34,AMC,0.008818342151675486,0.017635129177321223,,ES,timed,325.0,-25.0,-77.5,0,2,1,-1,1,-1,1,0,1,-1,1,-1,1,-1,1,-1,1,-1,1,-1,1,-1,0,0,0,0,1,-1,0,0,1,-1,1,-1,1,-1,0,0,0,0,0,0,1,-1,1,-1,1,-1,0,0,0,-1,0,-1,0,0,0,0,1,-1,1,-1,-1,1,0,0,1,-1,1,-1,1,-1,1,-1,1,-1,-1,1,1,-1,0,2,1,-1,1,-1,1,-1,1,-1,1,-1,1,-1,0,0,0,0,1,-1,1,-1,1,-1,1,-1,1,-1,1,-1,1,-1,1,-1,1,-1,0,0,1,-1,1,-1,0,0,0,0,1,-1,1,-1,0,0,0,0,1,-1,0,0,1,-1,1,-1,1,-1,0,0,1,-1,1,-1,1,-1,-1,1,1,-1,1,-1,1,-1,-1,1,0,2,0,0,1,-1,1,-1,1,-1,1,0,1,-1,1,-1,0,0,1,-1,-1,1,1,-1,1,-1,1,-1,0,0,0,2,0,0,0,0,1,-1,1,-1,1,-1,1,-1,1,-1,1,-1,1,-1,0,0,1,-1,0,0,1,-1,1,-1,1,-1,1,-1,-1,1,1,-1,0,0,0,0,0,0,1,-1,-1,1,1,-1,-1,1,-1,1,-1,1,-1,1,1,-1,1,-1,1,-1,-1,1,0,2,0,0,1,-1,-1,1,1,-1,1,-1,1,-1,1,-1,0,0,-1,1,0,0,0,0,1,-1,-1,1,1,-1,1,-1,0,0,1,-1,1,-1,0,0,1,-1,1,-1,1,-1,0,0,-1,1,1,-1,1,-1,1,-1,-1,1,-1,1,-1,1,1,-1,1,-1,0,0,1,-1,1,-1
INTC,2018-01-25 16:06:34,AMC,0.0,0.06161429451632779,0.02347128506435403,ES,timed,505.0,75.0,22.5,0,0,1,-1,-1,1,1,0,1,-1,1,-1,-1,1,1,-1,1,-1,1,-1,1,-1,0,0,0,0,1,-1,0,0,-1,1,1,-1,1,-1,0,0,-1,1,-1,1,1,-1,1,-1,-1,1,0,0,0,-1,0,-1,0,2,0,0,-1,1,1,-1,1,-1,0,0,1,-1,0,0,1,-1,1,-1,1,-1,1,-1,1,-1,0,0,1,-1,1,-1,-1,1,1,-1,1,-1,0,0,1,-1,0,0,1,-1,1,-1,1,-1,-1,1,1,-1,1,-1,1,-1,1,-1,1,-1,0,0,1,-1,1,-1,0,0,0,0,0,0,1,-1,0,0,0,0,0,0,0,0,1,-1,1,-1,1,-1,0,0,1,-1,1,-1,1,-1,1,-1,1,-1,1,-1,-1,1,1,-1,0,0,0,0,1,-1,0,0,1,-1,1,0,-1,1,1,-1,0,0,1,-1,1,-1,1,-1,-1,1,1,-1,-1,1,0,0,0,0,0,0,1,-1,0,0,1,-1,0,0,1,-1,1,-1,-1,1,0,0,1,-1,0,0,1,-1,1,-1,-1,1,1,-1,-1,1,1,-1,0,0,0,0,0,0,-1,1,1,-1,1,-1,1,-1,-1,1,1,-1,1,-1,1,-1,-1,1,0,0,1,-1,0,0,0,2,1,-1,1,-1,1,-1,1,-1,1,-1,1,-1,0,0,-1,1,0,0,0,0,1,-1,-1,1,-1,1,1,-1,0,2,1,-1,-1,1,0,0,-1,1,1,-1,1,-1,0,0,-1,1,1,-1,-1,1,1,-1,1,-1,1,-1,1,-1,1,-1,1,-1,0,0,1,-1,1,-1
AMD,2018-01-30 16:06:35,AMC,0.0,0.07078393204742524,,ES,stopped_post,166.0,-141.33750000000873,-193.83750000000873,0,0,-1,1,1,-1,0,2,0,0,1,-1,-1,1,-1,1,-1,1,-1,1,1,-1,0,0,0,0,-1,1,0,0,-1,1,1,-1,1,-1,0,0,-1,1,0,0,-1,1,-1,1,-1,1,0,0,0,-1,0,-1,0,0,0,0,1,-1,-1,1,0,0,0,0,-1,1,-1,1,-1,1,0,0,-1,1,1,-1,-1,1,0,2,-1,1,-1,1,-1,1,1,-1,-1,1,0,0,1,-1,1,-1,-1,1,1,-1,0,0,-1,1,-1,1,1,-1,-1,1,1,-1,1,-1,0,0,1,-1,-1,1,0,0,0,0,0,0,0,0,0,0,0,0,0,0,0,2,0,0,1,-1,-1,1,1,-1,1,-1,1,-1,1,-1,-1,1,1,-1,-1,1,-1,1,-1,1,0,0,0,0,-1,1,0,0,-1,1,-1,0,-1,1,-1,1,0,0,1,-1,-1,1,1,-1,1,-1,-1,1,1,-1,0,0,0,0,0,0,-1,1,-1,1,-1,1,-1,1,-1,1,-1,1,-1,1,0,0,-1,1,-1,1,-1,1,-1,1,-1,1,1,-1,-1,1,-1,1,0,0,0,0,0,0,-1,1,1,-1,-1,1,-1,1,-1,1,-1,1,1,-1,0,0,-1,1,1,-1,-1,1,0,0,0,0,1,-1,1,-1,-1,1,1,-1,-1,1,-1,1,0,0,1,-1,0,0,0,0,0,0,-1,1,-1,1,-1,1,0,0,-1,1,1,-1,0,0,1,-1,1,-1,1,-1,0,0,-1,1,-1,1,-1,1,0,0,-1,1,-1,1,1,-1,0,0,-1,1,0,0,0,0,-1,1
AVGO,2018-01-31 08:25:56,BMO,0.008812902088657794,0.04406451044328897,0.019971670099891387,ES,timed,899.0,-37.5,-90.0,0,0,-1,1,-1,1,0,2,-1,1,-1,1,1,-1,-1,1,0,0,-1,1,-1,1,0,0,0,2,-1,1,0,0,1,-1,-1,1,-1,1,0,0,-1,1,0,0,0,0,-1,1,-1,1,0,0,0,1,0,1,0,2,0,0,1,-1,-1,1,-1,1,0,0,-1,1,1,-1,-1,1,-1,1,-1,1,-1,1,1,-1,0,0,-1,1,-1,1,-1,1,-1,1,-1,1,0,0,-1,1,-1,1,-1,1,0,0,0,0,-1,1,-1,1,-1,1,1,-1,-1,1,-1,1,0,0,-1,1,0,0,0,0,0,0,0,0,0,0,0,0,0,0,-1,1,0,0,-1,1,1,-1,-1,1,0,0,-1,1,-1,1,-1,1,-1,1,-1,1,1,-1,-1,1,-1,1,0,2,0,0,1,-1,0,0,-1,1,-1,0,-1,1,-1,1,0,0,-1,1,-1,1,0,0,1,-1,-1,1,1,-1,0,0,0,0,0,0,-1,1,0,0,1,-1,0,0,1,-1,1,-1,-1,1,0,0,-1,1,-1,1,1,-1,-1,1,-1,1,0,0,-1,1,-1,1,0,0,0,0,0,0,-1,1,-1,1,-1,1,-1,1,1,-1,-1,1,1,-1,0,0,-1,1,0,0,-1,1,0,0,0,0,-1,1,-1,1,1,-1,-1,1,-1,1,-1,1,0,0,1,-1,0,0,0,0,0,0,-1,1,-1,1,-1,1,0,0,-1,1,1,-1,0,2,1,-1,-1,1,-1,1,0,0,1,-1,-1,1,1,-1,0,0,1,-1,-1,1,-1,1,-1,1,-1,1,0,0,-1,1,-1,1
MSFT,2018-01-31 16:05:57,AMC,0.0,0.03537631555673477,0.011576753878212548,ES,timed,542.0,112.5,60.0,0,0,-1,1,-1,1,1,0,0,0,-1,1,-1,1,1,-1,0,0,1,-1,-1,1,0,0,0,0,1,-1,0,0,-1,1,-1,1,-1,1,0,0,0,0,0,0,0,0,-1,1,-1,1,0,0,0,1,0,1,0,0,0,0,-1,1,1,-1,1,-1,0,0,-1,1,-1,1,-1,1,0,0,-1,1,1,-1,-1,1,0,2,1,-1,-1,1,-1,1,-1,1,-1,1,0,0,0,0,-1,1,-1,1,0,0,1,-1,-1,1,-1,1,1,-1,1,-1,1,-1,-1,1,-1,1,-1,1,-1,1,0,0,0,0,0,0,1,-1,0,0,0,0,0,0,0,0,1,-1,1,-1,-1,1,-1,1,1,-1,-1,1,-1,1,-1,1,-1,1,-1,1,-1,1,1,-1,0,0,0,0,-1,1,0,0,-1,1,-1,0,-1,1,-1,1,0,0,-1,1,-1,1,-1,1,-1,1,-1,1,-1,1,0,0,0,0,0,0,-1,1,0,0,-1,1,0,0,-1,1,-1,1,-1,1,0,0,-1,1,-1,1,1,-1,-1,1,-1,1,1,-1,-1,1,-1,1,0,0,0,0,0,0,-1,1,-1,1,-1,1,1,-1,-1,1,-1,1,1,-1,0,0,-1,1,0,0,1,-1,0,0,0,2,1,-1,1,-1,-1,1,-1,1,-1,1,-1,1,0,0,1,-1,0,0,-1,1,0,0,-1,1,-1,1,-1,1,0,0,-1,1,-1,1,0,0,-1,1,-1,1,1,-1,0,0,1,-1,-1,1,-1,1,0,0,1,-1,-1,1,1,-1,0,0,-1,1,0,0,-1,1,-1,1
META,2018-01-31 16:10:19,AMC,0.01768346595932803,0.03536693191865606,,ES,timed,280.0,137.5,85.0,0,0,1,-1,-1,1,1,0,1,-1,-1,1,-1,1,1,-1,0,0,-1,1,-1,1,0,0,0,0,1,-1,0,0,1,-1,-1,1,0,0,0,0,0,0,-1,1,0,0,1,-1,-1,1,0,0,0,-1,0,1,0,2,0,0,-1,1,-1,1,1,-1,0,0,-1,1,-1,1,-1,1,0,0,-1,1,1,-1,1,-1,0,2,1,-1,1,-1,-1,1,-1,1,-1,1,0,0,0,0,-1,1,1,-1,1,-1,1,-1,-1,1,1,-1,1,-1,1,-1,1,-1,1,-1,0,0,1,-1,0,0,0,0,0,0,0,0,1,-1,0,0,0,0,0,0,0,0,1,-1,1,-1,-1,1,1,-1,1,-1,1,-1,1,-1,-1,1,1,-1,-1,1,-1,1,-1,1,0,0,0,0,1,-1,0,0,-1,1,-1,0,-1,1,1,-1,0,0,1,-1,-1,1,-1,1,-1,1,-1,1,-1,1,0,0,0,0,0,0,1,-1,0,0,-1,1,0,0,-1,1,-1,1,-1,1,0,0,1,-1,0,0,1,-1,1,-1,-1,1,1,-1,1,-1,1,-1,0,0,0,0,0,0,-1,1,1,-1,-1,1,-1,1,1,-1,-1,1,1,-1,0,0,-1,1,0,0,-1,1,0,0,0,2,1,-1,-1,1,-1,1,1,-1,-1,1,1,-1,0,0,-1,1,0,0,0,0,0,0,-1,1,-1,1,-1,1,0,0,-1,1,-1,1,0,2,-1,1,1,-1,-1,1,0,0,1,-1,-1,1,-1,1,0,0,-1,1,1,-1,-1,1,1,-1,-1,1,0,0,0,0,-1,1
GOOGL,2018-02-01 16:01:32,AMC,0.017710085893916587,0.044279135671271695,0.02378094958896747,ES,timed,807.0,137.5,85.0,0,0,1,-1,-1,1,1,0,0,0,-1,1,-1,1,1,-1,0,0,1,-1,-1,1,0,0,0,2,1,-1,0,0,1,-1,1,-1,-1,1,0,0,0,0,0,0,0,0,1,-1,-1,1,0,2,0,-1,0,-1,0,0,0,0,1,-1,1,-1,1,-1,0,0,1,-1,-1,1,1,-1,1,-1,1,-1,-1,1,1,-1,0,0,1,-1,1,-1,1,-1,1,-1,1,-1,1,-1,0,0,0,0,1,-1,0,0,-1,1,1,-1,1,-1,1,-1,-1,1,-1,1,1,-1,0,0,-1,1,-1,1,0,0,0,0,0,0,0,0,0,0,0,0,0,0,0,0,0,0,-1,1,1,-1,-1,1,-1,1,1,-1,-1,1,1,-1,1,-1,-1,1,1,-1,-1,1,0,0,0,0,1,-1,0,0,1,-1,1,0,1,-1,1,-1,0,0,1,-1,1,-1,1,-1,1,-1,1,-1,0,0,0,0,0,0,0,0,1,-1,-1,1,-1,1,0,0,-1,1,-1,1,1,-1,0,0,1,-1,1,-1,-1,1,1,-1,1,-1,-1,1,1,-1,1,-1,0,0,0,0,0,0,1,-1,1,-1,-1,1,1,-1,1,-1,1,-1,-1,1,0,0,1,-1,-1,1,-1,1,0,0,0,0,1,-1,1,-1,1,-1,-1,1,1,-1,1,-1,0,0,-1,1,0,0,0,0,0,0,1,-1,1,-1,1,-1,0,0,1,-1,1,-1,0,2,-1,1,1,-1,-1,1,0,0,-1,1,1,-1,-1,1,0,0,1,-1,1,-1,1,-1,0,0,1,-1,0,0,0,0,1,-1
AAPL,2018-02-01 16:30:17,AMC,0.10630758327427356,0.10630758327427356,0.020593327577447047,ES,,,,,0,0,-1,1,-1,1,0,2,1,-1,-1,1,-1,1,1,-1,0,0,1,-1,-1,1,0,0,0,2,1,-1,0,0,-1,1,-1,1,-1,1,0,0,1,-1,0,0,0,0,-1,1,-1,1,0,2,0,-1,0,0,0,0,-1,1,1,-1,-1,1,1,-1,0,0,1,-1,-1,1,-1,1,0,0,1,-1,1,-1,-1,1,0,0,1,-1,-1,1,-1,1,-1,1,1,-1,-1,1,-1,1,-1,1,1,-1,0,0,1,-1,1,-1,-1,1,1,-1,1,-1,-1,1,-1,1,-1,1,-1,1,0,0,0,0,0,0,0,0,1,-1,0,0,0,0,-1,1,0,0,1,-1,1,-1,1,-1,0,0,-1,1,-1,1,-1,1,-1,1,-1,1,-1,1,-1,1,1,-1,0,0,0,0,-1,1,0,0,-1,1,-1,0,-1,1,1,-1,0,0,-1,1,-1,1,-1,1,1,-1,1,-1,0,0,0,0,0,0,0,0,-1,1,-1,1,-1,1,0,0,-1,1,-1,1,-1,1,0,0,-1,1,-1,1,-1,1,1,-1,-1,1,0,0,1,-1,-1,1,0,0,0,0,0,0,-1,1,-1,1,-1,1,-1,1,-1,1,-1,1,1,-1,0,0,-1,1,0,0,-1,1,0,0,0,2,1,-1,1,-1,1,-1,-1,1,1,-1,-1,1,0,0,1,-1,0,0,0,0,0,0,1,-1,1,-1,-1,1,0,0,1,-1,1,-1,0,0,-1,1,1,-1,-1,1,0,2,-1,1,1,-1,-1,1,0,0,1,-1,1,-1,1,-1,0,0,1,-1,0,0,0,0,-1,1
TSLA,2018-02-07 16:11:19,AMC,0.028042624789680313,0.3084977096382163,,ES,stopped_post,44.0,-133.77499999999145,-186.27499999999145,0,2,-1,1,-1,1,-1,0,-1,1,-1,1,-1,1,-1,1,-1,1,-1,1,1,-1,0,0,0,2,-1,1,-1,1,-1,1,-1,1,-1,1,0,0,0,0,0,0,-1,1,-1,1,-1,1,0,2,0,1,0,1,0,0,0,0,-1,1,1,-1,1,-1,0,0,-1,1,1,-1,-1,1,-1,1,-1,1,1,-1,-1,1,0,0,-1,1,-1,1,-1,1,-1,1,-1,1,-1,1,0,0,0,0,-1,1,-1,1,-1,1,-1,1,-1,1,-1,1,-1,1,-1,1,-1,1,-1,1,-1,1,0,0,0,0,0,0,0,0,-1,1,0,0,0,0,0,0,0,0,-1,1,-1,1,-1,1,1,-1,-1,1,-1,1,-1,1,1,-1,-1,1,-1,1,-1,1,1,-1,0,2,0,0,-1,1,0,0,-1,1,-1,0,-1,1,-1,1,0,0,-1,1,1,-1,-1,1,1,-1,-1,1,0,0,0,2,0,0,0,0,-1,1,0,0,1,-1,0,0,1,-1,1,-1,-1,1,0,0,-1,1,-1,1,-1,1,-1,1,-1,1,-1,1,1,-1,-1,1,0,0,0,0,0,0,-1,1,1,-1,1,-1,1,-1,-1,1,-1,1,1,-1,-1,1,-1,1,-1,1,1,-1,0,2,0,0,-1,1,1,-1,-1,1,-1,1,-1,1,-1,1,0,0,1,-1,0,0,0,0,-1,1,1,-1,-1,1,-1,1,0,0,-1,1,-1,1,0,0,-1,1,-1,1,-1,1,0,0,1,-1,-1,1,-1,1,-1,1,-1,1,1,-1,1,-1,-1,1,-1,1,0,0,0,0,-1,1
AMD,2018-02-27 16:31:08,AMC,0.0,0.027290093695988355,,ES,,,,,0,0,1,-1,-1,1,-1,0,-1,1,1,-1,-1,1,-1,1,-1,1,-1,1,1,-1,0,0,0,0,-1,1,0,0,1,-1,1,-1,1,-1,0,0,1,-1,0,0,0,0,1,-1,1,-1,0,0,0,-1,0,-1,0,0,1,-1,-1,1,1,-1,1,-1,0,0,-1,1,-1,1,1,-1,0,0,-1,1,1,-1,1,-1,0,0,-1,1,1,-1,1,-1,1,-1,-1,1,0,0,1,-1,1,-1,-1,1,0,0,-1,1,1,-1,1,-1,1,-1,-1,1,1,-1,-1,1,1,-1,1,-1,1,-1,0,0,0,0,0,0,-1,1,0,0,0,0,1,-1,0,2,-1,1,-1,1,-1,1,1,-1,1,-1,1,-1,1,-1,1,-1,1,-1,1,-1,1,-1,1,-1,0,0,0,0,-1,1,0,0,1,-1,1,0,1,-1,-1,1,0,0,1,-1,1,-1,1,-1,-1,1,1,-1,-1,1,0,0,0,0,0,0,1,-1,-1,1,-1,1,-1,1,-1,1,-1,1,1,-1,0,0,1,-1,0,0,-1,1,-1,1,1,-1,-1,1,-1,1,1,-1,0,0,0,0,0,0,1,-1,1,-1,-1,1,1,-1,1,-1,1,-1,-1,1,0,0,-1,1,-1,1,1,-1,0,0,0,0,-1,1,-1,1,-1,1,1,-1,1,-1,1,-1,0,0,-1,1,0,0,1,-1,0,0,1,-1,-1,1,1,-1,0,0,1,-1,-1,1,0,2,1,-1,-1,1,-1,1,0,0,1,-1,1,-1,-1,1,0,0,1,-1,-1,1,-1,1,0,0,-1,1,0,0,1,-1,1,-1
AVGO,2018-03-15 16:08:03,AMC,0.018148820326678763,0.09982757055994193,0.019051247856734618,ES,timed,416.0,37.5,-15.0,0,0,1,-1,-1,1,0,2,-1,1,1,-1,-1,1,1,-1,0,0,1,-1,-1,1,0,0,0,0,1,-1,0,0,1,-1,1,-1,1,-1,0,0,1,-1,-1,1,1,-1,1,-1,-1,1,0,0,0,-1,0,-1,0,0,0,0,-1,1,1,-1,1,-1,0,0,-1,1,-1,1,1,-1,0,0,-1,1,1,-1,1,-1,0,0,1,-1,1,-1,-1,1,1,-1,1,-1,0,0,1,-1,0,0,1,-1,1,-1,1,-1,1,-1,1,-1,1,-1,1,-1,1,-1,1,-1,0,0,1,-1,1,-1,0,0,0,0,0,0,1,-1,0,0,0,0,0,0,0,2,1,-1,1,-1,0,0,0,0,1,-1,1,-1,1,-1,1,-1,1,-1,1,-1,-1,1,1,-1,0,0,0,2,1,-1,0,0,1,-1,1,0,1,-1,1,-1,0,0,1,-1,-1,1,1,-1,1,-1,-1,1,0,0,0,0,0,0,0,0,1,-1,0,0,-1,1,0,0,-1,1,-1,1,1,-1,0,0,1,-1,-1,1,1,-1,1,-1,1,-1,1,-1,1,-1,1,-1,0,0,0,0,0,0,1,-1,1,-1,-1,1,1,-1,1,-1,-1,1,1,-1,1,-1,-1,1,1,-1,1,-1,0,0,0,0,-1,1,-1,1,-1,1,1,-1,1,-1,1,-1,0,0,-1,1,0,0,0,0,1,-1,-1,1,-1,1,1,-1,0,0,-1,1,-1,1,0,0,1,-1,1,-1,1,-1,0,0,1,-1,1,-1,-1,1,1,-1,-1,1,1,-1,-1,1,1,-1,-1,1,0,0,0,0,1,-1
MU,2018-03-22 16:01:31,AMC,0.009445546424860677,0.1511144692104269,0.016083322304328747,ES,stopped_post,650.0,-132.28750000000673,-184.78750000000673,0,0,1,-1,-1,1,-1,0,-1,1,-1,1,-1,1,-1,1,0,0,-1,1,-1,1,0,0,0,0,-1,1,0,0,1,-1,-1,1,-1,1,0,0,0,0,0,0,0,0,1,-1,-1,1,0,0,0,1,0,1,0,0,0,0,-1,1,-1,1,-1,1,0,0,-1,1,-1,1,1,-1,-1,1,-1,1,-1,1,1,-1,0,0,-1,1,-1,1,-1,1,-1,1,-1,1,0,0,-1,1,-1,1,-1,1,-1,1,-1,1,-1,1,1,-1,-1,1,-1,1,-1,1,-1,1,-1,1,-1,1,0,0,0,0,0,0,0,0,-1,1,0,0,0,0,0,0,0,2,-1,1,-1,1,-1,1,1,-1,-1,1,-1,1,-1,1,-1,1,-1,1,-1,1,-1,1,1,-1,0,0,0,0,-1,1,0,0,-1,1,-1,0,1,-1,-1,1,0,0,-1,1,-1,1,-1,1,-1,1,1,-1,0,0,0,0,0,0,0,0,-1,1,-1,1,-1,1,-1,1,-1,1,-1,1,1,-1,0,0,1,-1,0,0,-1,1,-1,1,1,-1,-1,1,1,-1,1,-1,0,0,0,0,0,0,1,-1,-1,1,-1,1,-1,1,1,-1,1,-1,-1,1,-1,1,-1,1,-1,1,-1,1,0,0,0,0,1,-1,-1,1,-1,1,-1,1,-1,1,-1,1,0,0,-1,1,0,0,-1,1,-1,1,1,-1,-1,1,1,-1,0,0,-1,1,-1,1,0,0,1,-1,-1,1,1,-1,0,0,-1,1,-1,1,-1,1,-1,1,-1,1,-1,1,-1,1,-1,1,-1,1,0,0,-1,1,-1,1
GOOGL,2018-04-23 16:01:28,AMC,0.037460198539052254,0.046820863376720666,0.02361553902467824,ES,timed,811.0,75.0,22.5,0,0,-1,1,1,-1,1,0,1,-1,1,-1,-1,1,1,-1,0,0,1,-1,1,-1,0,0,0,0,1,-1,0,0,1,-1,1,-1,1,-1,0,0,0,0,0,0,0,0,1,-1,1,-1,0,0,0,-1,0,-1,0,0,0,0,1,-1,1,-1,1,-1,0,0,1,-1,-1,1,-1,1,1,-1,1,-1,-1,1,-1,1,0,0,1,-1,1,-1,1,-1,1,-1,1,-1,0,0,1,-1,1,-1,1,-1,1,-1,1,-1,1,-1,-1,1,1,-1,1,-1,-1,1,1,-1,1,-1,1,-1,0,0,0,0,0,0,0,0,1,-1,0,0,0,0,1,-1,0,0,1,-1,1,-1,1,-1,1,-1,1,-1,1,-1,1,-1,1,-1,1,-1,-1,1,1,-1,1,-1,0,0,0,0,1,-1,0,0,1,-1,1,0,1,-1,1,-1,0,0,1,-1,1,-1,1,-1,1,-1,1,-1,1,-1,0,0,0,0,0,0,1,-1,-1,1,-1,1,-1,1,-1,1,-1,1,1,-1,0,0,1,-1,-1,1,-1,1,1,-1,1,-1,1,-1,-1,1,1,-1,0,0,0,0,0,0,-1,1,1,-1,1,-1,-1,1,1,-1,1,-1,-1,1,1,-1,1,-1,0,0,-1,1,0,0,0,0,1,-1,-1,1,1,-1,1,-1,1,-1,1,-1,0,0,0,0,0,0,0,0,1,-1,-1,1,1,-1,1,-1,0,0,1,-1,1,-1,0,2,1,-1,1,-1,-1,1,0,0,1,-1,1,-1,-1,1,1,-1,1,-1,1,-1,-1,1,1,-1,1,-1,0,0,1,-1,1,-1
MSFT,2018-04-26 16:04:03,AMC,0.009354536950420954,0.15902712815715622,0.011238562245406689,ES,timed,656.0,437.5,385.0,0,0,1,-1,1,-1,0,2,-1,1,-1,1,1,-1,-1,1,0,0,-1,1,-1,1,0,0,0,0,-1,1,0,0,1,-1,-1,1,-1,1,0,0,-1,1,0,0,0,0,1,-1,1,-1,0,0,0,-1,0,0,0,0,0,0,1,-1,-1,1,-1,1,0,0,-1,1,1,-1,1,-1,0,0,-1,1,-1,1,1,-1,0,0,-1,1,1,-1,1,-1,-1,1,-1,1,0,0,-1,1,-1,1,-1,1,-1,1,-1,1,-1,1,1,-1,-1,1,-1,1,1,-1,-1,1,0,0,-1,1,0,0,0,0,0,0,0,0,-1,1,0,0,0,0,1,-1,0,0,-1,1,-1,1,-1,1,1,-1,-1,1,-1,1,-1,1,1,-1,-1,1,-1,1,-1,1,-1,1,0,0,0,0,1,-1,1,-1,-1,1,-1,0,1,-1,-1,1,0,0,-1,1,-1,1,0,0,1,-1,-1,1,0,0,0,0,0,0,0,0,1,-1,1,-1,1,-1,1,-1,1,-1,1,-1,1,-1,0,0,-1,1,0,0,-1,1,-1,1,1,-1,-1,1,-1,1,-1,1,0,0,0,0,0,0,1,-1,-1,1,-1,1,-1,1,-1,1,1,-1,-1,1,-1,1,-1,1,0,0,-1,1,0,0,0,0,1,-1,-1,1,-1,1,1,-1,-1,1,1,-1,0,0,-1,1,0,0,1,-1,-1,1,1,-1,1,-1,1,-1,0,0,-1,1,1,-1,0,2,1,-1,-1,1,1,-1,0,0,1,-1,-1,1,1,-1,-1,1,-1,1,-1,1,-1,1,-1,1,-1,1,0,0,0,0,-1,1
INTC,2018-04-26 16:05:22,AMC,0.04677706052951633,0.14968659369445225,0.023073373327180433,ES,timed,577.0,487.5,435.0,0,0,1,-1,1,-1,0,2,-1,1,-1,1,1,-1,-1,1,0,0,-1,1,-1,1,0,0,0,0,-1,1,0,0,1,-1,-1,1,-1,1,0,0,-1,1,0,0,0,0,1,-1,1,-1,0,0,0,-1,0,0,0,0,0,0,1,-1,-1,1,-1,1,0,0,-1,1,1,-1,1,-1,0,0,-1,1,-1,1,1,-1,0,0,-1,1,1,-1,1,-1,-1,1,-1,1,0,0,-1,1,0,0,-1,1,-1,1,-1,1,-1,1,1,-1,-1,1,-1,1,1,-1,-1,1,0,0,-1,1,0,0,0,0,0,0,0,0,-1,1,0,0,0,0,1,-1,0,0,-1,1,-1,1,-1,1,1,-1,-1,1,-1,1,-1,1,1,-1,-1,1,1,-1,1,-1,-1,1,0,0,0,0,1,-1,1,-1,-1,1,-1,0,1,-1,-1,1,0,0,-1,1,1,-1,-1,1,1,-1,-1,1,0,0,0,0,0,0,0,0,1,-1,1,-1,1,-1,1,-1,1,-1,1,-1,1,-1,0,0,-1,1,0,0,-1,1,-1,1,1,-1,-1,1,-1,1,1,-1,0,0,0,0,0,0,1,-1,-1,1,-1,1,-1,1,-1,1,1,-1,-1,1,-1,1,-1,1,0,0,1,-1,0,0,0,0,1,-1,1,-1,-1,1,1,-1,-1,1,1,-1,0,0,1,-1,0,0,1,-1,-1,1,1,-1,1,-1,1,-1,0,0,-1,1,1,-1,0,2,1,-1,-1,1,1,-1,0,0,-1,1,-1,1,1,-1,0,0,-1,1,-1,1,1,-1,-1,1,-1,1,0,0,1,-1,-1,1
AAPL,2018-05-01 16:30:17,AMC,0.16968325791855204,0.16971525551574582,0.020962163295252068,ES,,,,,0,0,-1,1,-1,1,1,0,1,-1,-1,1,1,-1,1,-1,1,-1,1,-1,-1,1,0,0,0,2,1,-1,0,0,1,-1,-1,1,-1,1,0,0,1,-1,0,0,0,0,1,-1,-1,1,0,2,0,-1,0,0,0,0,-1,1,1,-1,1,-1,-1,1,0,0,1,-1,-1,1,-1,1,0,0,1,-1,1,-1,-1,1,0,0,1,-1,-1,1,-1,1,-1,1,1,-1,0,0,-1,1,-1,1,1,-1,0,0,1,-1,1,-1,-1,1,1,-1,1,-1,-1,1,-1,1,0,0,-1,1,-1,1,0,0,0,0,0,0,1,-1,0,0,0,0,-1,1,0,0,1,-1,1,-1,1,-1,1,-1,-1,1,-1,1,-1,1,1,-1,-1,1,-1,1,-1,1,1,-1,0,0,0,0,1,-1,-1,1,-1,1,-1,0,-1,1,1,-1,0,0,-1,1,1,-1,-1,1,1,-1,-1,1,1,-1,0,0,0,0,0,0,-1,1,0,0,-1,1,0,0,-1,1,-1,1,-1,1,0,0,-1,1,-1,1,1,-1,-1,1,-1,1,1,-1,-1,1,-1,1,0,0,0,0,0,0,-1,1,1,-1,1,-1,1,-1,1,-1,1,-1,1,-1,0,0,1,-1,1,-1,1,-1,0,0,0,2,1,-1,1,-1,1,-1,-1,1,1,-1,-1,1,0,0,1,-1,0,0,-1,1,0,0,-1,1,-1,1,-1,1,0,0,-1,1,1,-1,0,0,1,-1,1,-1,-1,1,0,0,-1,1,1,-1,1,-1,0,0,-1,1,1,-1,1,-1,0,0,1,-1,0,0,-1,1,-1,1
TSLA,2018-05-02 16:12:38,AMC,0.009511128019783146,0.0,,ES,timed,141.0,-37.5,-90.0,0,0,-1,1,-1,1,-1,0,-1,1,-1,1,-1,1,-1,1,-1,1,-1,1,-1,1,0,0,0,0,-1,1,0,0,-1,1,-1,1,-1,1,0,0,0,0,0,0,-1,1,-1,1,-1,1,0,2,0,1,0,1,0,0,-1,1,-1,1,-1,1,-1,1,0,0,-1,1,-1,1,1,-1,-1,1,-1,1,-1,1,-1,1,0,2,-1,1,-1,1,1,-1,-1,1,-1,1,-1,1,-1,1,-1,1,-1,1,-1,1,-1,1,-1,1,-1,1,-1,1,-1,1,-1,1,-1,1,-1,1,-1,1,0,0,0,0,0,0,-1,1,-1,1,0,0,0,0,0,0,0,2,-1,1,-1,1,-1,1,1,-1,-1,1,-1,1,-1,1,1,-1,-1,1,-1,1,1,-1,1,-1,0,0,0,0,-1,1,0,0,-1,1,-1,0,1,-1,-1,1,0,0,-1,1,-1,1,-1,1,1,-1,-1,1,0,0,0,0,0,0,0,0,-1,1,-1,1,-1,1,-1,1,-1,1,-1,1,1,-1,0,0,-1,1,1,-1,-1,1,-1,1,-1,1,-1,1,1,-1,-1,1,0,0,0,0,0,0,-1,1,-1,1,-1,1,-1,1,1,-1,1,-1,-1,1,-1,1,1,-1,-1,1,1,-1,0,0,0,2,1,-1,1,-1,-1,1,-1,1,-1,1,-1,1,0,0,1,-1,0,0,0,0,-1,1,1,-1,1,-1,-1,1,0,0,-1,1,-1,1,0,0,-1,1,-1,1,-1,1,0,0,1,-1,-1,1,-1,1,-1,1,-1,1,-1,1,1,-1,-1,1,-1,1,0,0,0,0,-1,1
AVGO,2018-06-07 16:05:05,AMC,0.009011444534558889,0.10812759055685708,0.018600034091706692,ES,timed,595.0,75.0,22.5,0,0,-1,1,-1,1,0,2,1,-1,1,-1,-1,1,-1,1,0,0,-1,1,1,-1,0,0,0,2,-1,1,0,0,1,-1,-1,1,-1,1,0,0,0,0,0,0,0,0,-1,1,-1,1,0,0,0,-1,0,0,0,0,0,0,-1,1,1,-1,-1,1,0,0,-1,1,0,0,-1,1,-1,1,1,-1,1,-1,-1,1,0,2,1,-1,1,-1,1,-1,0,0,-1,1,0,0,0,0,1,-1,-1,1,0,0,1,-1,1,-1,-1,1,-1,1,1,-1,-1,1,1,-1,0,0,-1,1,-1,1,0,0,0,0,0,0,0,0,0,0,0,0,0,0,0,2,-1,1,1,-1,1,-1,0,0,-1,1,-1,1,1,-1,-1,1,-1,1,1,-1,-1,1,-1,1,0,0,0,2,1,-1,0,0,-1,1,-1,0,-1,1,1,-1,0,0,-1,1,1,-1,1,-1,1,-1,1,-1,0,0,0,0,0,0,0,0,1,-1,0,0,1,-1,0,0,1,-1,1,-1,-1,1,0,0,1,-1,-1,1,-1,1,1,-1,1,-1,0,0,-1,1,-1,1,0,0,0,0,0,0,-1,1,-1,1,1,-1,1,-1,1,-1,-1,1,-1,1,-1,1,1,-1,1,-1,1,-1,0,0,0,0,1,-1,1,-1,1,-1,-1,1,1,-1,-1,1,0,0,1,-1,0,0,0,0,-1,1,-1,1,-1,1,-1,1,0,0,1,-1,-1,1,0,0,-1,1,1,-1,1,-1,0,0,1,-1,1,-1,-1,1,0,0,1,-1,-1,1,1,-1,-1,1,-1,1,0,0,-1,1,-1,1
MU,2018-06-20 16:06:34,AMC,0.018040772145047807,0.009019572472264814,0.014823599169878446,ES,timed,506.0,12.5,-40.0,0,0,1,-1,1,-1,-1,0,-1,1,1,-1,-1,1,-1,1,-1,1,-1,1,1,-1,0,0,0,0,-1,1,0,0,-1,1,1,-1,1,-1,0,0,1,-1,0,0,0,0,1,-1,1,-1,0,2,0,-1,0,0,0,0,1,-1,1,-1,-1,1,-1,1,0,0,-1,1,1,-1,-1,1,0,0,1,-1,-1,1,1,-1,0,0,-1,1,1,-1,-1,1,-1,1,-1,1,0,0,1,-1,1,-1,-1,1,0,0,-1,1,-1,1,1,-1,1,-1,-1,1,1,-1,1,-1,1,-1,1,-1,0,0,0,0,0,0,-1,1,-1,1,0,0,0,0,0,0,0,0,-1,1,-1,1,-1,1,-1,1,1,-1,1,-1,1,-1,-1,1,1,-1,1,-1,-1,1,-1,1,0,0,0,0,-1,1,0,0,-1,1,1,0,-1,1,-1,1,0,0,1,-1,1,-1,1,-1,1,-1,1,-1,1,-1,0,0,0,0,0,0,1,-1,0,0,1,-1,1,-1,1,-1,1,-1,-1,1,0,0,-1,1,1,-1,-1,1,1,-1,1,-1,-1,1,1,-1,1,-1,0,0,0,0,0,0,-1,1,-1,1,-1,1,-1,1,1,-1,1,-1,1,-1,0,0,-1,1,-1,1,1,-1,0,0,0,0,-1,1,-1,1,-1,1,1,-1,-1,1,1,-1,0,0,1,-1,0,0,0,0,0,0,-1,1,-1,1,-1,1,0,0,1,-1,1,-1,0,0,1,-1,-1,1,1,-1,0,0,-1,1,-1,1,-1,1,0,0,-1,1,-1,1,-1,1,0,0,1,-1,0,0,0,0,1,-1
NFLX,2018-07-16 16:13:49,AMC,0.0,0.008939746111210442,,ES,timed,71.0,-25.0,-77.5,0,0,-1,1,-1,1,0,2,1,-1,-1,1,-1,1,1,-1,0,0,-1,1,-1,1,0,0,0,0,-1,1,0,0,-1,1,-1,1,-1,1,0,0,-1,1,0,0,-1,1,-1,1,-1,1,0,0,0,1,0,1,0,0,0,0,-1,1,-1,1,-1,1,0,0,1,-1,-1,1,-1,1,-1,1,1,-1,-1,1,-1,1,0,2,-1,1,-1,1,-1,1,-1,1,-1,1,0,0,-1,1,0,0,-1,1,0,0,1,-1,-1,1,-1,1,-1,1,1,-1,-1,1,1,-1,0,0,-1,1,-1,1,0,0,0,0,0,0,0,0,0,0,0,0,0,0,0,0,-1,1,0,0,0,0,1,-1,-1,1,-1,1,-1,1,-1,1,-1,1,-1,1,1,-1,-1,1,0,0,0,2,1,-1,-1,1,-1,1,-1,0,-1,1,1,-1,0,2,-1,1,1,-1,-1,1,1,-1,1,-1,0,0,0,0,0,0,0,0,-1,1,-1,1,-1,1,-1,1,-1,1,-1,1,-1,1,0,0,-1,1,-1,1,-1,1,1,-1,-1,1,0,0,-1,1,-1,1,0,0,0,0,0,0,-1,1,-1,1,-1,1,-1,1,-1,1,-1,1,1,-1,0,0,1,-1,-1,1,-1,1,0,0,0,0,1,-1,1,-1,1,-1,-1,1,-1,1,-1,1,0,0,1,-1,0,0,-1,1,0,0,-1,1,-1,1,-1,1,0,0,1,-1,-1,1,0,0,-1,1,-1,1,-1,1,0,0,-1,1,-1,1,-1,1,0,0,1,-1,1,-1,1,-1,0,0,1,-1,0,0,0,0,-1,1
MSFT,2018-07-19 16:02:35,AMC,0.0,0.02674035118994563,0.010900370612600827,ES,timed,745.0,0.0,-52.5,0,0,1,-1,-1,1,-1,0,-1,1,1,-1,-1,1,-1,1,-1,1,-1,1,-1,1,0,0,0,0,-1,1,0,0,-1,1,-1,1,1,-1,0,0,-1,1,0,0,0,0,-1,1,-1,1,0,2,0,-1,0,1,0,0,0,0,-1,1,-1,1,-1,1,0,0,-1,1,-1,1,-1,1,0,0,-1,1,-1,1,-1,1,0,0,-1,1,-1,1,-1,1,-1,1,-1,1,0,0,0,0,1,-1,-1,1,-1,1,-1,1,-1,1,1,-1,-1,1,-1,1,1,-1,-1,1,0,0,-1,1,0,0,0,0,0,0,0,0,-1,1,0,0,0,0,0,0,0,2,-1,1,-1,1,-1,1,-1,1,1,-1,-1,1,-1,1,-1,1,-1,1,1,-1,-1,1,1,-1,0,0,0,0,-1,1,0,0,-1,1,-1,0,-1,1,-1,1,0,0,-1,1,-1,1,-1,1,1,-1,-1,1,0,0,0,0,0,0,0,0,-1,1,-1,1,-1,1,-1,1,-1,1,-1,1,-1,1,0,0,1,-1,-1,1,-1,1,-1,1,-1,1,-1,1,1,-1,-1,1,0,0,0,0,0,0,-1,1,-1,1,-1,1,-1,1,1,-1,1,-1,1,-1,-1,1,-1,1,-1,1,-1,1,0,0,0,0,-1,1,-1,1,-1,1,1,-1,-1,1,-1,1,0,0,-1,1,0,0,0,0,-1,1,1,-1,-1,1,-1,1,0,0,1,-1,-1,1,0,0,-1,1,-1,1,1,-1,0,0,-1,1,-1,1,-1,1,-1,1,-1,1,-1,1,-1,1,-1,1,-1,1,0,0,0,0,-1,1
GOOGL,2018-07-23 16:02:07,AMC,0.044515669515669515,0.12465497284302378,0.02378094958896747,ES,timed,773.0,225.0,172.5,0,0,-1,1,-1,1,0,2,1,-1,-1,1,1,-1,-1,1,0,0,1,-1,1,-1,0,0,0,0,-1,1,0,0,-1,1,-1,1,-1,1,0,0,1,-1,0,0,0,0,-1,1,-1,1,0,0,0,-1,0,1,0,0,0,0,-1,1,-1,1,-1,1,0,0,1,-1,1,-1,-1,1,-1,1,-1,1,-1,1,-1,1,0,2,-1,1,-1,1,1,-1,-1,1,-1,1,0,0,-1,1,0,0,-1,1,-1,1,0,0,-1,1,-1,1,-1,1,-1,1,-1,1,1,-1,0,0,-1,1,0,0,0,0,0,0,0,0,-1,1,0,0,0,0,-1,1,0,2,-1,1,-1,1,0,0,1,-1,-1,1,-1,1,-1,1,-1,1,-1,1,-1,1,1,-1,-1,1,0,0,0,2,-1,1,0,0,-1,1,-1,0,-1,1,-1,1,0,0,-1,1,1,-1,-1,1,-1,1,-1,1,1,-1,0,0,0,0,0,0,-1,1,1,-1,1,-1,1,-1,1,-1,1,-1,-1,1,0,0,-1,1,-1,1,1,-1,1,-1,-1,1,0,0,-1,1,-1,1,0,0,0,0,0,0,-1,1,-1,1,1,-1,-1,1,-1,1,-1,1,1,-1,0,0,1,-1,0,0,1,-1,0,0,0,0,1,-1,-1,1,1,-1,-1,1,1,-1,-1,1,0,0,1,-1,0,0,0,0,0,0,1,-1,1,-1,-1,1,0,2,-1,1,-1,1,0,0,-1,1,-1,1,1,-1,0,0,1,-1,-1,1,1,-1,-1,1,-1,1,-1,1,-1,1,0,0,1,-1,0,0,0,0,-1,1
META,2018-07-25 16:08:39,AMC,0.03518029903254178,0.05277044854881266,0.01462609207267651,ES,stopped_pre,-158.0,-142.2749999999951,-194.7749999999951,0,0,-1,1,1,-1,1,0,1,-1,-1,1,1,-1,1,-1,0,0,1,-1,0,0,0,0,0,2,1,-1,0,0,-1,1,1,-1,0,0,0,0,0,0,-1,1,0,0,-1,1,1,-1,0,2,0,-1,0,-1,0,0,0,0,1,-1,1,-1,1,-1,0,0,1,-1,1,-1,-1,1,0,0,1,-1,1,-1,-1,1,0,2,1,-1,-1,1,-1,1,1,-1,1,-1,0,0,0,0,-1,1,1,-1,1,-1,1,-1,1,-1,-1,1,1,-1,1,-1,-1,1,1,-1,0,0,-1,1,0,0,0,0,0,0,0,0,1,-1,0,0,0,0,-1,1,0,0,1,-1,1,-1,1,-1,0,0,-1,1,1,-1,1,-1,-1,1,1,-1,-1,1,-1,1,1,-1,0,0,0,0,-1,1,-1,1,1,-1,1,0,-1,1,1,-1,0,0,1,-1,1,-1,-1,1,-1,1,-1,1,0,0,0,0,0,0,0,0,-1,1,1,-1,1,-1,1,-1,1,-1,1,-1,-1,1,0,0,-1,1,1,-1,1,-1,1,-1,-1,1,1,-1,-1,1,-1,1,0,0,0,0,0,0,-1,1,1,-1,-1,1,1,-1,-1,1,1,-1,1,-1,0,0,1,-1,1,-1,1,-1,0,0,0,0,1,-1,-1,1,-1,1,-1,1,1,-1,-1,1,0,0,1,-1,0,0,-1,1,0,0,-1,1,-1,1,-1,1,0,0,-1,1,1,-1,0,0,-1,1,1,-1,1,-1,0,0,1,-1,1,-1,1,-1,1,-1,-1,1,1,-1,-1,1,0,0,1,-1,0,0,-1,1,1,-1
AMD,2018-07-25 16:41:54,AMC,0.0,0.061543871988746265,,ES,timed,899.0,62.5,10.0,0,0,1,-1,-1,1,0,2,-1,1,1,-1,1,-1,-1,1,-1,1,-1,1,1,-1,0,0,0,2,-1,1,0,0,1,-1,1,-1,1,-1,0,0,0,0,0,0,0,0,1,-1,1,-1,0,2,0,-1,0,1,0,0,1,-1,-1,1,1,-1,-1,1,0,0,-1,1,1,-1,-1,1,0,0,1,-1,1,-1,1,-1,0,0,1,-1,1,-1,-1,1,1,-1,-1,1,1,-1,1,-1,1,-1,-1,1,1,-1,1,-1,1,-1,1,-1,1,-1,1,-1,1,-1,-1,1,1,-1,1,-1,1,-1,0,0,0,0,0,0,0,0,0,0,0,2,1,-1,0,0,-1,1,1,-1,-1,1,0,0,1,-1,1,-1,1,-1,1,-1,1,-1,1,-1,-1,1,-1,1,0,0,0,0,1,-1,0,0,1,-1,1,0,1,-1,-1,1,0,0,1,-1,-1,1,1,-1,-1,1,1,-1,1,-1,0,0,0,0,0,0,1,-1,1,-1,1,-1,1,-1,1,-1,1,-1,1,-1,0,0,1,-1,1,-1,1,-1,-1,1,1,-1,1,-1,1,-1,1,-1,0,0,0,0,0,0,1,-1,1,-1,-1,1,1,-1,1,-1,1,-1,1,-1,0,0,-1,1,1,-1,1,-1,0,0,0,2,-1,1,-1,1,-1,1,1,-1,-1,1,1,-1,0,0,-1,1,0,0,0,0,0,0,-1,1,-1,1,-1,1,0,0,1,-1,-1,1,0,2,1,-1,1,-1,-1,1,0,2,-1,1,1,-1,1,-1,0,0,1,-1,-1,1,-1,1,0,0,-1,1,0,0,0,0,1,-1
INTC,2018-07-26 16:05:14,AMC,0.0,0.0440257110152329,0.02347128506435403,ES,stopped_pre,-248.0,-141.9499999999971,-194.4499999999971,0,0,1,-1,-1,1,0,2,-1,1,-1,1,-1,1,-1,1,0,0,-1,1,-1,1,0,0,0,0,1,-1,0,0,1,-1,-1,1,-1,1,0,0,1,-1,0,0,0,0,1,-1,-1,1,0,0,0,-1,0,0,0,0,-1,1,-1,1,-1,1,-1,1,0,0,1,-1,1,-1,1,-1,0,0,-1,1,0,0,1,-1,0,2,-1,1,-1,1,1,-1,-1,1,-1,1,0,0,-1,1,-1,1,-1,1,-1,1,0,0,1,-1,-1,1,-1,1,-1,1,1,-1,-1,1,0,0,-1,1,1,-1,0,0,0,0,0,0,-1,1,0,0,0,0,0,0,0,2,-1,1,-1,1,1,-1,-1,1,-1,1,-1,1,-1,1,-1,1,-1,1,-1,1,-1,1,-1,1,0,0,0,2,-1,1,-1,1,-1,1,-1,0,1,-1,1,-1,0,0,-1,1,-1,1,-1,1,-1,1,-1,1,1,-1,0,0,0,0,0,0,-1,1,0,0,1,-1,0,0,1,-1,1,-1,1,-1,0,0,1,-1,-1,1,-1,1,-1,1,1,-1,-1,1,-1,1,-1,1,0,0,0,0,0,0,1,-1,-1,1,1,-1,-1,1,1,-1,1,-1,-1,1,-1,1,1,-1,-1,1,1,-1,0,0,0,2,1,-1,-1,1,-1,1,-1,1,-1,1,-1,1,0,0,-1,1,0,0,0,0,-1,1,1,-1,-1,1,-1,1,0,2,-1,1,-1,1,0,0,-1,1,-1,1,1,-1,0,0,1,-1,1,-1,-1,1,-1,1,1,-1,1,-1,-1,1,-1,1,-1,1,0,0,-1,1,-1,1
AMZN,2018-07-26 16:14:07,AMC,0.03517101908027785,0.1055223355610271,,ES,timed,53.0,87.5,35.0,0,0,1,-1,1,-1,0,2,0,0,1,-1,1,-1,1,-1,0,0,1,-1,1,-1,0,0,0,0,1,-1,0,0,1,-1,1,-1,1,-1,0,1,0,0,-1,1,1,-1,1,-1,1,-1,0,0,0,-1,0,-1,0,0,1,-1,1,-1,1,-1,1,-1,0,0,1,-1,1,-1,1,-1,1,-1,1,-1,-1,1,1,-1,0,0,-1,1,1,-1,1,-1,1,-1,1,-1,0,0,1,-1,0,0,1,-1,1,-1,1,-1,1,-1,1,-1,1,-1,1,-1,1,-1,1,-1,1,-1,1,-1,1,-1,0,0,0,0,0,0,1,-1,0,0,0,0,1,-1,0,2,1,-1,1,-1,0,0,-1,1,1,-1,1,-1,1,-1,-1,1,1,-1,1,-1,1,-1,-1,1,0,2,0,0,1,-1,1,-1,1,-1,1,0,1,-1,1,-1,0,2,1,-1,-1,1,1,-1,1,-1,-1,1,1,-1,0,0,0,0,0,0,1,-1,0,0,1,-1,0,0,1,-1,1,-1,1,-1,0,0,1,-1,1,-1,1,-1,1,-1,1,-1,0,0,-1,1,1,-1,0,0,0,0,0,0,1,-1,1,-1,1,-1,1,-1,1,-1,1,-1,-1,1,1,-1,1,-1,0,0,-1,1,0,0,0,0,-1,1,-1,1,1,-1,1,-1,1,-1,1,-1,0,0,1,-1,0,0,1,-1,1,-1,-1,1,1,-1,1,-1,0,0,-1,1,1,-1,0,0,1,-1,1,-1,-1,1,0,0,-1,1,1,-1,1,-1,1,-1,1,-1,1,-1,-1,1,1,-1,1,-1,0,0,1,-1,-1,1
AAPL,2018-07-31 16:30:20,AMC,0.02655807365439094,0.05311614730878188,0.02781610996150561,ES,,,,,0,0,1,-1,1,-1,1,0,1,-1,-1,1,1,-1,1,-1,1,-1,1,-1,-1,1,0,0,0,0,1,-1,0,0,1,-1,1,-1,-1,1,0,0,0,0,0,0,0,0,1,-1,1,-1,0,2,0,-1,0,-1,0,0,0,0,1,-1,-1,1,-1,1,0,0,1,-1,1,-1,1,-1,0,0,1,-1,-1,1,1,-1,0,2,1,-1,1,-1,1,-1,1,-1,1,-1,1,-1,0,0,0,0,1,-1,1,-1,1,-1,1,-1,1,-1,1,-1,1,-1,-1,1,1,-1,1,-1,1,-1,0,0,0,0,0,0,0,0,1,-1,0,0,0,0,0,0,0,0,1,-1,1,-1,1,-1,0,0,-1,1,1,-1,1,-1,-1,1,1,-1,1,-1,1,-1,-1,1,0,2,0,0,1,-1,0,0,1,-1,1,0,1,-1,1,-1,0,0,1,-1,1,-1,1,-1,1,-1,1,-1,0,0,0,0,0,0,0,0,1,-1,1,-1,1,-1,1,-1,1,-1,1,-1,1,-1,0,0,1,-1,-1,1,1,-1,1,-1,1,-1,1,-1,-1,1,1,-1,0,0,0,0,0,0,1,-1,1,-1,-1,1,-1,1,-1,1,1,-1,-1,1,1,-1,1,-1,0,0,-1,1,0,0,0,0,1,-1,-1,1,1,-1,1,-1,1,-1,1,-1,0,0,1,-1,0,0,0,0,1,-1,-1,1,1,-1,1,-1,0,0,1,-1,1,-1,0,2,1,-1,1,-1,-1,1,0,2,1,-1,1,-1,1,-1,1,-1,1,-1,1,-1,-1,1,1,-1,1,-1,0,0,0,0,1,-1
TSLA,2018-08-01 16:32:05,AMC,0.017779358165170237,0.053338074495510715,,ES,,,,,0,0,1,-1,-1,1,-1,0,-1,1,1,-1,-1,1,-1,1,0,0,-1,1,-1,1,0,0,0,0,-1,1,0,0,1,-1,-1,1,1,-1,0,0,-1,1,0,0,0,0,1,-1,-1,1,0,0,0,-1,0,1,0,0,0,0,-1,1,-1,1,1,-1,0,0,-1,1,-1,1,1,-1,0,0,-1,1,1,-1,1,-1,0,0,-1,1,1,-1,-1,1,-1,1,-1,1,0,0,0,0,0,0,-1,1,-1,1,-1,1,-1,1,1,-1,-1,1,-1,1,1,-1,-1,1,0,0,1,-1,0,0,0,0,0,0,0,0,-1,1,0,0,0,0,1,-1,0,0,-1,1,-1,1,-1,1,-1,1,1,-1,-1,1,1,-1,1,-1,-1,1,1,-1,-1,1,1,-1,0,0,0,0,-1,1,0,0,-1,1,-1,0,1,-1,-1,1,0,0,-1,1,-1,1,-1,1,1,-1,-1,1,0,0,0,0,0,0,0,0,1,-1,0,0,-1,1,0,0,-1,1,-1,1,1,-1,0,0,1,-1,1,-1,-1,1,-1,1,1,-1,-1,1,1,-1,1,-1,0,0,0,0,0,0,1,-1,-1,1,-1,1,-1,1,1,-1,-1,1,-1,1,-1,1,-1,1,0,0,-1,1,0,0,0,0,-1,1,1,-1,-1,1,1,-1,-1,1,1,-1,0,0,-1,1,0,0,0,0,-1,1,1,-1,-1,1,-1,1,0,0,-1,1,-1,1,0,0,1,-1,-1,1,-1,1,0,0,1,-1,-1,1,-1,1,-1,1,-1,1,-1,1,1,-1,-1,1,-1,1,0,0,0,0,-1,1
MU,2018-09-20 16:00:24,AMC,0.008512087163772556,0.09364092959904657,0.016083322304328747,ES,timed,875.0,162.5,110.0,0,0,-1,1,1,-1,-1,0,-1,1,1,-1,1,-1,-1,1,-1,1,-1,1,1,-1,0,0,0,0,-1,1,0,0,-1,1,-1,1,1,-1,0,0,0,0,1,-1,-1,1,-1,1,1,-1,0,2,0,1,0,1,0,0,1,-1,1,-1,-1,1,-1,1,0,0,-1,1,1,-1,-1,1,0,0,-1,1,1,-1,-1,1,0,0,-1,1,-1,1,-1,1,-1,1,-1,1,0,0,0,0,0,0,-1,1,-1,1,-1,1,-1,1,-1,1,-1,1,-1,1,-1,1,-1,1,-1,1,-1,1,-1,1,0,0,0,0,-1,1,-1,1,0,0,0,0,0,0,0,0,-1,1,-1,1,-1,1,-1,1,1,-1,-1,1,-1,1,-1,1,-1,1,-1,1,-1,1,1,-1,0,2,0,0,-1,1,0,0,-1,1,-1,0,-1,1,-1,1,0,0,-1,1,-1,1,0,0,1,-1,-1,1,1,-1,0,0,0,0,0,0,-1,1,1,-1,1,-1,1,-1,1,-1,1,-1,-1,1,0,0,-1,1,-1,1,1,-1,-1,1,-1,1,0,0,1,-1,-1,1,0,0,0,0,0,0,-1,1,-1,1,1,-1,-1,1,1,-1,1,-1,1,-1,-1,1,-1,1,0,0,1,-1,0,0,0,0,1,-1,-1,1,-1,1,-1,1,-1,1,-1,1,0,0,1,-1,0,0,0,0,-1,1,1,-1,-1,1,-1,1,0,0,-1,1,1,-1,0,0,-1,1,-1,1,-1,1,0,0,-1,1,-1,1,1,-1,-1,1,-1,1,1,-1,-1,1,-1,1,-1,1,0,0,0,0,-1,1
MSFT,2018-10-24 16:03:06,AMC,0.1592058437909721,0.04682524817381532,0.01050733105324084,ES,stopped_pre,-256.0,-132.87499999999,-185.37499999999,0,2,-1,1,-1,1,-1,0,-1,1,-1,1,-1,1,-1,1,0,0,-1,1,-1,1,0,0,0,2,-1,1,0,0,-1,1,-1,1,-1,1,0,0,0,0,0,0,-1,1,-1,1,-1,1,0,0,0,1,0,1,0,0,-1,1,-1,1,1,-1,1,-1,0,0,-1,1,-1,1,-1,1,-1,1,-1,1,1,-1,-1,1,0,0,-1,1,-1,1,-1,1,-1,1,-1,1,-1,1,-1,1,0,0,-1,1,-1,1,-1,1,-1,1,-1,1,-1,1,-1,1,-1,1,-1,1,-1,1,-1,1,-1,1,0,0,0,0,-1,1,-1,1,0,0,0,0,-1,1,0,0,-1,1,-1,1,-1,1,0,0,-1,1,-1,1,-1,1,1,-1,-1,1,-1,1,-1,1,1,-1,0,2,0,0,-1,1,-1,1,-1,1,-1,0,-1,1,-1,1,0,0,-1,1,1,-1,-1,1,-1,1,-1,1,0,0,0,2,0,0,0,0,1,-1,-1,1,-1,1,-1,1,-1,1,-1,1,-1,1,0,0,-1,1,1,-1,-1,1,-1,1,-1,1,-1,1,1,-1,-1,1,0,0,0,0,0,0,-1,1,1,-1,1,-1,1,-1,-1,1,1,-1,1,-1,-1,1,-1,1,-1,1,1,-1,0,2,0,0,1,-1,1,-1,-1,1,-1,1,-1,1,-1,1,0,0,1,-1,0,0,-1,1,-1,1,1,-1,-1,1,-1,1,0,0,-1,1,-1,1,0,0,1,-1,-1,1,1,-1,0,0,1,-1,-1,1,-1,1,-1,1,1,-1,1,-1,1,-1,-1,1,-1,1,0,0,-1,1,-1,1
AMD,2018-10-24 16:32:31,AMC,0.046869141357330335,0.11248593925759282,,ES,,,,,0,0,1,-1,1,-1,-1,0,-1,1,1,-1,-1,1,-1,1,0,0,-1,1,1,-1,0,0,0,0,-1,1,0,0,-1,1,1,-1,1,-1,0,0,0,0,0,0,0,0,-1,1,1,-1,0,2,0,-1,0,-1,0,0,1,-1,-1,1,1,-1,-1,1,0,0,1,-1,-1,1,1,-1,1,-1,-1,1,1,-1,-1,1,0,0,-1,1,-1,1,1,-1,1,-1,-1,1,0,0,1,-1,-1,1,-1,1,-1,1,-1,1,1,-1,1,-1,-1,1,-1,1,-1,1,1,-1,0,0,1,-1,0,0,0,0,0,0,0,0,-1,1,0,0,0,0,1,-1,0,0,-1,1,-1,1,1,-1,1,-1,1,-1,-1,1,1,-1,-1,1,-1,1,1,-1,1,-1,1,-1,0,0,0,0,-1,1,0,0,1,-1,1,0,1,-1,1,-1,0,0,-1,1,-1,1,-1,1,-1,1,1,-1,1,-1,0,0,0,0,0,0,-1,1,-1,1,-1,1,-1,1,-1,1,-1,1,1,-1,0,0,-1,1,-1,1,-1,1,1,-1,1,-1,-1,1,-1,1,-1,1,0,0,0,0,0,0,1,-1,-1,1,1,-1,1,-1,1,-1,-1,1,-1,1,0,0,1,-1,-1,1,1,-1,0,0,0,0,-1,1,-1,1,-1,1,-1,1,1,-1,1,-1,0,0,-1,1,0,0,1,-1,0,0,1,-1,1,-1,1,-1,0,0,1,-1,-1,1,0,2,-1,1,-1,1,-1,1,0,2,-1,1,1,-1,-1,1,0,0,1,-1,-1,1,-1,1,0,0,1,-1,0,0,1,-1,1,-1
GOOGL,2018-10-25 16:01:30,AMC,0.17556828682313808,0.5821474773609314,0.023946360153256702,ES,stopped_pre,-21.0,-135.287500000004,-187.787500000004,0,0,-1,1,-1,1,-1,0,-1,1,-1,1,1,-1,-1,1,-1,1,-1,1,-1,1,0,0,0,0,-1,1,0,0,-1,1,-1,1,-1,1,0,0,1,-1,0,0,-1,1,-1,1,-1,1,0,0,0,1,0,1,0,0,-1,1,-1,1,-1,1,-1,1,0,0,-1,1,1,-1,-1,1,-1,1,-1,1,1,-1,-1,1,0,2,-1,1,-1,1,-1,1,-1,1,-1,1,0,0,0,0,0,0,-1,1,-1,1,-1,1,-1,1,1,-1,-1,1,-1,1,1,-1,-1,1,0,0,-1,1,0,0,0,0,0,0,-1,1,-1,1,0,0,0,0,-1,1,0,0,-1,1,-1,1,-1,1,0,0,-1,1,-1,1,-1,1,-1,1,-1,1,-1,1,-1,1,1,-1,0,0,0,0,-1,1,0,0,-1,1,-1,0,-1,1,-1,1,0,0,-1,1,-1,1,-1,1,-1,1,-1,1,1,-1,0,0,0,0,0,0,-1,1,1,-1,1,-1,0,0,1,-1,1,-1,-1,1,0,0,-1,1,-1,1,-1,1,-1,1,-1,1,-1,1,1,-1,-1,1,0,0,0,0,0,0,-1,1,-1,1,-1,1,-1,1,1,-1,-1,1,1,-1,-1,1,-1,1,0,0,1,-1,0,0,0,0,1,-1,-1,1,-1,1,-1,1,-1,1,-1,1,0,0,1,-1,0,0,0,0,-1,1,1,-1,-1,1,-1,1,0,0,-1,1,-1,1,0,0,-1,1,-1,1,1,-1,0,0,1,-1,-1,1,1,-1,-1,1,1,-1,1,-1,-1,1,-1,1,-1,1,0,0,-1,1,-1,1
INTC,2018-10-25 16:08:45,AMC,0.03715745471435206,0.18578727357176034,0.023073373327180433,ES,stopped_pre,-262.0,-134.95000000000346,-187.45000000000346,0,0,-1,1,1,-1,-1,0,-1,1,-1,1,1,-1,-1,1,-1,1,-1,1,-1,1,0,0,0,2,-1,1,0,0,-1,1,-1,1,-1,1,0,0,1,-1,-1,1,-1,1,-1,1,1,-1,0,0,0,1,0,1,0,0,0,0,1,-1,-1,1,-1,1,0,0,-1,1,1,-1,-1,1,-1,1,-1,1,1,-1,1,-1,0,2,-1,1,-1,1,1,-1,-1,1,-1,1,0,0,-1,1,-1,1,-1,1,-1,1,-1,1,-1,1,-1,1,-1,1,-1,1,-1,1,-1,1,0,0,-1,1,-1,1,0,0,0,0,0,0,-1,1,0,0,0,0,0,0,0,0,-1,1,-1,1,-1,1,1,-1,-1,1,-1,1,-1,1,-1,1,-1,1,-1,1,1,-1,-1,1,0,0,0,0,-1,1,0,0,-1,1,-1,0,-1,1,-1,1,0,0,-1,1,-1,1,-1,1,-1,1,-1,1,1,-1,0,0,0,0,0,0,-1,1,1,-1,1,-1,0,0,1,-1,1,-1,-1,1,0,0,-1,1,-1,1,-1,1,-1,1,1,-1,-1,1,1,-1,-1,1,0,0,0,0,0,0,-1,1,-1,1,1,-1,-1,1,-1,1,-1,1,-1,1,-1,1,-1,1,0,0,-1,1,0,0,0,0,-1,1,-1,1,-1,1,-1,1,-1,1,-1,1,0,0,1,-1,0,0,-1,1,-1,1,1,-1,-1,1,1,-1,0,0,-1,1,1,-1,0,0,-1,1,-1,1,1,-1,0,0,1,-1,-1,1,1,-1,-1,1,1,-1,-1,1,-1,1,-1,1,-1,1,0,0,-1,1,-1,1
META,2018-10-30 16:14:19,AMC,0.027930360301647892,0.14896192160878877,0.01768346595932803,ES,timed,40.0,37.5,-15.0,0,0,-1,1,-1,1,1,0,1,-1,-1,1,1,-1,1,-1,1,-1,1,-1,-1,1,0,0,0,0,1,-1,0,0,-1,1,-1,1,-1,1,0,0,1,-1,1,-1,0,0,1,-1,-1,1,0,0,0,1,0,0,0,0,-1,1,-1,1,-1,1,1,-1,0,0,1,-1,1,-1,-1,1,-1,1,-1,1,1,-1,-1,1,0,0,1,-1,-1,1,-1,1,0,0,1,-1,0,0,-1,1,-1,1,1,-1,1,-1,1,-1,1,-1,-1,1,1,-1,1,-1,-1,1,-1,1,0,0,-1,1,0,0,0,2,0,0,0,0,1,-1,0,0,0,0,-1,1,0,2,1,-1,1,-1,1,-1,0,0,-1,1,1,-1,1,-1,-1,1,1,-1,-1,1,-1,1,1,-1,0,0,0,2,1,-1,-1,1,1,-1,-1,0,-1,1,1,-1,0,0,1,-1,-1,1,-1,1,1,-1,-1,1,-1,1,0,0,0,0,0,0,-1,1,0,0,1,-1,0,0,1,-1,1,-1,-1,1,0,0,-1,1,1,-1,1,-1,-1,1,-1,1,1,-1,-1,1,0,0,0,0,0,0,0,0,-1,1,1,-1,-1,1,-1,1,-1,1,1,-1,1,-1,0,0,-1,1,1,-1,-1,1,0,0,0,2,1,-1,-1,1,1,-1,-1,1,1,-1,-1,1,0,0,1,-1,0,0,-1,1,0,0,-1,1,-1,1,-1,1,0,2,-1,1,1,-1,0,0,1,-1,1,-1,-1,1,0,0,-1,1,-1,1,1,-1,1,-1,-1,1,1,-1,-1,1,0,0,-1,1,0,0,-1,1,-1,1
AAPL,2018-11-01 16:30:21,AMC,0.2100073046018992,0.2282688093498904,0.02655807365439094,ES,,,,,0,0,1,-1,-1,1,0,2,-1,1,-1,1,1,-1,1,-1,0,0,-1,1,-1,1,0,0,0,2,-1,1,0,0,1,-1,-1,1,-1,1,0,0,0,0,0,0,0,0,1,-1,-1,1,0,2,0,-1,0,0,0,0,0,0,-1,1,1,-1,-1,1,0,0,-1,1,1,-1,-1,1,-1,1,-1,1,1,-1,1,-1,0,2,-1,1,1,-1,-1,1,-1,1,-1,1,0,0,0,0,-1,1,-1,1,1,-1,1,-1,1,-1,1,-1,-1,1,1,-1,1,-1,1,-1,0,0,-1,1,0,0,0,0,0,0,0,0,1,-1,0,0,0,0,0,0,0,2,-1,1,1,-1,-1,1,0,0,-1,1,1,-1,1,-1,1,-1,1,-1,-1,1,-1,1,-1,1,0,0,0,2,1,-1,0,0,-1,1,-1,0,-1,1,1,-1,0,0,1,-1,1,-1,1,-1,1,-1,-1,1,1,-1,0,0,0,0,0,0,1,-1,1,-1,1,-1,1,-1,1,-1,1,-1,-1,1,0,0,1,-1,-1,1,1,-1,1,-1,-1,1,1,-1,1,-1,1,-1,0,0,0,0,0,0,1,-1,1,-1,-1,1,1,-1,1,-1,-1,1,1,-1,0,0,1,-1,1,-1,1,-1,0,0,0,2,1,-1,1,-1,-1,1,1,-1,1,-1,1,-1,0,0,-1,1,0,0,0,0,0,0,-1,1,-1,1,-1,1,0,0,-1,1,-1,1,0,2,1,-1,1,-1,-1,1,0,0,-1,1,1,-1,1,-1,0,0,-1,1,1,-1,1,-1,0,0,1,-1,0,0,0,0,-1,1
MU,2018-12-18 16:00:39,AMC,0.10789602746444336,0.6964198136341344,0.014823599169878446,ES,stopped_pre,-268.0,-127.92500000000473,-180.42500000000473,0,2,-1,1,1,-1,1,0,1,-1,1,-1,-1,1,1,-1,1,-1,1,-1,1,-1,0,0,0,2,1,-1,0,0,1,-1,1,-1,1,-1,0,0,1,-1,0,0,0,0,1,-1,1,-1,0,0,0,-1,0,-1,0,0,0,0,1,-1,-1,1,-1,1,0,0,1,-1,-1,1,1,-1,1,-1,1,-1,-1,1,1,-1,0,0,1,-1,1,-1,1,-1,1,-1,1,-1,1,-1,0,0,1,-1,1,-1,1,-1,1,-1,1,-1,1,-1,1,-1,1,-1,-1,1,1,-1,0,0,1,-1,0,0,0,0,0,0,0,0,1,-1,0,0,0,0,0,0,0,0,1,-1,1,-1,1,-1,-1,1,-1,1,1,-1,1,-1,1,-1,1,-1,-1,1,1,-1,-1,1,0,2,0,0,1,-1,0,0,1,-1,1,0,1,-1,1,-1,0,0,1,-1,1,-1,1,-1,-1,1,1,-1,0,0,0,0,0,0,0,0,1,-1,0,0,1,-1,0,0,-1,1,-1,1,1,-1,0,0,-1,1,0,0,1,-1,1,-1,1,-1,1,-1,-1,1,1,-1,0,0,0,0,0,0,1,-1,-1,1,1,-1,-1,1,1,-1,-1,1,-1,1,1,-1,1,-1,0,0,-1,1,0,0,0,0,1,-1,-1,1,1,-1,1,-1,1,-1,1,-1,0,0,1,-1,0,0,0,0,1,-1,-1,1,1,-1,1,-1,0,0,1,-1,1,-1,0,2,1,-1,1,-1,-1,1,0,0,-1,1,1,-1,-1,1,1,-1,1,-1,-1,1,-1,1,1,-1,1,-1,0,0,0,0,1,-1
AAPL,2019-01-02 16:30:03,AMC,0.10956175298804782,0.8462763839107925,0.030614065141075047,ES,,,,,0,0,-1,1,1,-1,1,0,1,-1,1,-1,1,-1,1,-1,0,0,1,-1,1,-1,0,2,0,0,1,-1,0,0,-1,1,1,-1,1,-1,0,0,1,-1,0,0,0,0,-1,1,1,-1,0,2,0,-1,0,-1,0,2,1,-1,1,-1,-1,1,1,-1,0,0,1,-1,1,-1,-1,1,0,0,1,-1,1,-1,-1,1,0,2,1,-1,1,-1,-1,1,1,-1,1,-1,0,0,0,0,1,-1,1,-1,1,-1,1,-1,1,-1,-1,1,1,-1,1,-1,1,-1,1,-1,0,0,1,-1,0,0,0,2,0,2,0,0,1,-1,0,0,0,2,0,0,0,0,1,-1,1,-1,1,-1,0,0,1,-1,1,-1,1,-1,-1,1,1,-1,-1,1,-1,1,-1,1,0,0,0,0,-1,1,-1,1,1,-1,1,0,-1,1,1,-1,0,0,1,-1,-1,1,1,-1,1,-1,1,-1,0,0,0,0,0,2,0,0,1,-1,1,-1,1,-1,0,0,1,-1,1,-1,-1,1,0,0,-1,1,-1,1,-1,1,1,-1,1,-1,1,-1,-1,1,-1,1,0,2,0,0,0,0,-1,1,1,-1,1,-1,-1,1,-1,1,1,-1,-1,1,1,-1,1,-1,0,0,1,-1,0,0,0,2,-1,1,-1,1,1,-1,1,-1,1,-1,-1,1,0,0,1,-1,0,0,0,0,1,-1,-1,1,-1,1,1,-1,0,0,1,-1,1,-1,0,2,1,-1,1,-1,-1,1,0,2,-1,1,0,0,1,-1,1,-1,1,-1,1,-1,-1,1,1,-1,1,-1,0,2,-1,1,1,-1
NFLX,2019-01-02 19:40:08,AMC,0.02018978396931153,0.0,,ES,timed,900.0,50.0,-2.5,0,0,-1,1,1,-1,0,2,-1,1,-1,1,-1,1,-1,1,0,0,-1,1,-1,1,0,0,0,2,-1,1,0,0,-1,1,-1,1,-1,1,0,-1,-1,1,0,0,-1,1,-1,1,1,-1,0,2,0,1,0,1,0,0,-1,1,1,-1,-1,1,-1,1,0,0,-1,1,-1,1,-1,1,0,0,-1,1,1,-1,-1,1,0,0,-1,1,-1,1,-1,1,-1,1,-1,1,-1,1,-1,1,-1,1,-1,1,-1,1,1,-1,-1,1,-1,1,-1,1,-1,1,-1,1,-1,1,0,0,-1,1,-1,1,0,2,0,0,0,0,-1,1,0,0,0,2,-1,1,0,0,-1,1,0,0,-1,1,1,-1,-1,1,-1,1,-1,1,-1,1,-1,1,-1,1,-1,1,1,-1,0,0,0,0,-1,1,-1,1,-1,1,-1,0,-1,1,-1,1,0,0,-1,1,-1,1,-1,1,1,-1,-1,1,1,-1,0,0,0,0,0,0,-1,1,0,0,-1,1,-1,1,-1,1,-1,1,-1,1,0,0,-1,1,1,-1,-1,1,-1,1,-1,1,-1,1,-1,1,-1,1,0,0,0,0,0,0,-1,1,-1,1,1,-1,1,-1,-1,1,-1,1,1,-1,0,0,-1,1,-1,1,1,-1,0,0,0,2,1,-1,1,-1,-1,1,-1,1,-1,1,-1,1,0,0,-1,1,0,0,-1,1,0,0,-1,1,-1,1,-1,1,0,0,-1,1,1,-1,0,2,1,-1,-1,1,-1,1,0,0,-1,1,-1,1,-1,1,0,0,1,-1,-1,1,1,-1,0,0,-1,1,0,0,-1,1,1,-1
NFLX,2019-01-17 16:08:07,AMC,0.0,0.132890365448505,0.011506114886825809,ES,stopped_post,12.0,-131.76249999999072,-184.26249999999072,0,0,1,-1,1,-1,0,2,1,-1,1,-1,1,-1,1,-1,0,0,1,-1,-1,1,0,0,0,2,1,-1,0,0,1,-1,1,-1,1,-1,0,0,1,-1,0,0,0,0,1,-1,1,-1,0,0,0,-1,0,0,0,0,0,0,1,-1,1,-1,-1,1,0,0,1,-1,1,-1,1,-1,1,-1,1,-1,1,-1,1,-1,0,0,1,-1,1,-1,1,-1,1,-1,1,-1,1,-1,0,0,-1,1,1,-1,1,-1,1,-1,-1,1,1,-1,1,-1,1,-1,-1,1,1,-1,0,0,1,-1,0,0,0,2,0,0,1,-1,1,-1,0,0,0,2,0,0,0,0,1,-1,1,-1,1,-1,1,-1,1,-1,1,-1,1,-1,1,-1,1,-1,1,-1,1,-1,-1,1,0,0,0,0,1,-1,0,0,1,-1,1,0,1,-1,1,-1,0,0,1,-1,1,-1,1,-1,1,-1,1,-1,0,0,0,0,0,0,0,0,1,-1,1,-1,1,-1,1,-1,1,-1,1,-1,1,-1,0,0,1,-1,0,0,1,-1,1,-1,1,-1,1,-1,1,-1,1,-1,0,0,0,0,0,0,1,-1,1,-1,1,-1,1,-1,-1,1,1,-1,-1,1,0,0,1,-1,1,-1,1,-1,0,0,0,0,-1,1,1,-1,-1,1,1,-1,1,-1,1,-1,0,0,-1,1,-1,1,1,-1,0,0,-1,1,1,-1,1,-1,0,0,1,-1,1,-1,0,2,1,-1,1,-1,1,-1,0,0,1,-1,1,-1,1,-1,1,-1,1,-1,1,-1,1,-1,1,-1,1,-1,0,0,1,-1,1,-1
INTC,2019-01-24 16:06:44,AMC,0.02847380410022779,0.02847380410022779,0.02347128506435403,ES,stopped_pre,-229.0,-137.5,-190.0,0,0,1,-1,-1,1,1,0,1,-1,-1,1,1,-1,1,-1,1,-1,1,-1,-1,1,0,0,0,2,1,-1,0,0,1,-1,-1,1,-1,1,0,0,1,-1,0,0,0,0,1,-1,-1,1,0,0,0,-1,0,0,0,0,-1,1,-1,1,1,-1,1,-1,0,0,1,-1,1,-1,1,-1,0,0,-1,1,1,-1,1,-1,0,2,1,-1,-1,1,1,-1,-1,1,1,-1,0,0,-1,1,-1,1,1,-1,0,0,1,-1,1,-1,-1,1,-1,1,1,-1,-1,1,-1,1,0,0,-1,1,0,0,0,0,0,0,0,0,1,-1,0,0,0,0,0,0,0,2,1,-1,1,-1,1,-1,1,-1,-1,1,-1,1,-1,1,1,-1,-1,1,-1,1,1,-1,1,-1,0,0,0,0,1,-1,0,0,1,-1,1,0,1,-1,1,-1,0,0,-1,1,-1,1,1,-1,1,-1,-1,1,0,0,0,0,0,0,0,0,-1,1,0,0,1,-1,0,0,1,-1,1,-1,1,-1,0,0,-1,1,0,0,-1,1,-1,1,-1,1,1,-1,-1,1,1,-1,0,0,0,0,0,0,1,-1,-1,1,1,-1,1,-1,-1,1,-1,1,-1,1,1,-1,1,-1,1,-1,-1,1,0,0,0,0,1,-1,-1,1,1,-1,-1,1,1,-1,-1,1,0,0,1,-1,0,0,0,0,1,-1,-1,1,1,-1,1,-1,0,0,-1,1,-1,1,0,2,-1,1,1,-1,1,-1,0,0,1,-1,1,-1,1,-1,0,0,1,-1,1,-1,-1,1,0,0,-1,1,0,0,0,0,1,-1
NVDA,2019-01-28 09:04:54,BMO,0.009449116507606539,0.20788056316734382,,ES,stopped_pre,-101.0,-137.5,-190.0,0,0,1,-1,-1,1,0,2,-1,1,1,-1,-1,1,-1,1,1,-1,1,-1,1,-1,0,0,0,2,1,-1,0,0,1,-1,1,-1,1,-1,0,0,-1,1,0,0,1,-1,1,-1,-1,1,0,0,0,-1,0,-1,0,0,1,-1,1,-1,1,-1,0,0,0,0,1,-1,-1,1,1,-1,1,-1,1,-1,1,-1,1,-1,0,2,1,-1,1,-1,1,-1,1,-1,1,-1,0,0,1,-1,1,-1,1,-1,0,0,-1,1,1,-1,1,-1,1,-1,-1,1,1,-1,1,-1,0,0,1,-1,1,-1,0,0,0,0,0,0,0,0,0,0,0,2,1,-1,0,2,1,-1,0,0,1,-1,-1,1,1,-1,1,-1,1,-1,1,-1,1,-1,1,-1,1,-1,1,-1,0,0,0,2,-1,1,1,-1,1,-1,1,0,1,-1,1,-1,0,0,1,-1,-1,1,1,-1,1,-1,1,-1,0,0,0,0,0,0,0,0,1,-1,-1,1,-1,1,-1,1,-1,1,-1,1,1,-1,0,0,1,-1,-1,1,-1,1,1,-1,1,-1,0,0,1,-1,1,-1,0,0,0,0,0,0,1,-1,1,-1,1,-1,1,-1,1,-1,1,-1,-1,1,0,0,1,-1,0,0,1,-1,0,0,0,2,-1,1,1,-1,-1,1,1,-1,-1,1,1,-1,0,0,-1,1,0,0,1,-1,0,0,1,-1,1,-1,1,-1,0,0,1,-1,1,-1,0,0,1,-1,-1,1,1,-1,0,0,1,-1,1,-1,-1,1,0,0,1,-1,1,-1,1,-1,0,0,-1,1,0,0,1,-1,1,-1
AAPL,2019-01-29 16:30:18,AMC,0.05676979846721544,0.17039000378644453,0.034670056627759155,ES,,,,,0,2,1,-1,1,-1,1,0,0,0,1,-1,1,-1,1,-1,1,-1,1,-1,1,-1,0,0,0,2,1,-1,0,0,1,-1,1,-1,1,-1,0,1,-1,1,0,0,1,-1,1,-1,1,-1,0,0,0,-1,0,-1,0,0,1,-1,1,-1,1,-1,-1,1,0,0,1,-1,1,-1,1,-1,1,-1,1,-1,-1,1,1,-1,0,2,1,-1,1,-1,1,-1,1,-1,1,-1,1,-1,1,-1,1,-1,1,-1,1,-1,-1,1,1,-1,1,-1,1,-1,1,-1,1,-1,1,-1,1,-1,1,-1,1,-1,0,0,0,0,0,0,1,-1,0,0,0,0,1,-1,0,2,1,-1,1,-1,1,-1,1,-1,1,-1,1,-1,1,-1,-1,1,1,-1,-1,1,1,-1,-1,1,0,2,0,0,1,-1,1,-1,1,-1,1,0,1,-1,1,-1,0,0,1,-1,1,-1,1,-1,-1,1,1,-1,-1,1,0,0,0,0,0,0,1,-1,0,0,1,-1,0,0,1,-1,1,-1,1,-1,0,0,1,-1,1,-1,1,-1,1,-1,1,-1,0,0,-1,1,1,-1,0,0,0,0,0,0,1,-1,-1,1,-1,1,-1,1,1,-1,1,-1,-1,1,0,0,1,-1,0,0,1,-1,0,2,0,0,-1,1,-1,1,-1,1,1,-1,1,-1,1,-1,0,0,-1,1,0,0,1,-1,0,0,-1,1,1,-1,1,-1,0,0,1,-1,1,-1,0,2,1,-1,1,-1,-1,1,0,0,1,-1,1,-1,1,-1,1,-1,-1,1,1,-1,-1,1,1,-1,1,-1,0,0,1,-1,-1,1
MSFT,2019-01-30 16:03:36,AMC,0.04671587405400355,0.20554984583761562,0.010900370612600827,ES,stopped_pre,-63.0,-133.91249999999673,-186.41249999999673,0,0,1,-1,1,-1,0,2,-1,1,-1,1,1,-1,-1,1,0,0,1,-1,-1,1,0,0,0,2,-1,1,0,0,-1,1,-1,1,1,-1,0,0,0,0,0,0,0,0,-1,1,1,-1,0,0,0,-1,0,0,0,0,0,0,1,-1,1,-1,-1,1,0,0,1,-1,1,-1,1,-1,0,0,-1,1,1,-1,1,-1,0,0,-1,1,-1,1,1,-1,1,-1,-1,1,0,0,-1,1,-1,1,-1,1,-1,1,0,0,1,-1,1,-1,-1,1,-1,1,1,-1,1,-1,0,0,-1,1,1,-1,0,0,0,0,-1,1,-1,1,0,0,0,0,1,-1,0,0,-1,1,-1,1,1,-1,1,-1,1,-1,-1,1,-1,1,1,-1,-1,1,1,-1,1,-1,-1,1,0,0,0,2,-1,1,0,0,1,-1,1,0,1,-1,-1,1,0,0,-1,1,1,-1,-1,1,1,-1,-1,1,0,0,0,0,0,0,0,0,-1,1,1,-1,1,-1,1,-1,1,-1,1,-1,1,-1,0,0,1,-1,1,-1,1,-1,1,-1,1,-1,0,0,-1,1,-1,1,0,0,0,0,0,0,1,-1,-1,1,-1,1,1,-1,1,-1,-1,1,-1,1,-1,1,-1,1,0,0,1,-1,0,0,0,0,1,-1,1,-1,-1,1,1,-1,-1,1,1,-1,0,0,1,-1,0,0,0,0,-1,1,1,-1,1,-1,1,-1,0,0,-1,1,1,-1,0,0,-1,1,-1,1,1,-1,0,0,1,-1,1,-1,1,-1,-1,1,-1,1,-1,1,1,-1,-1,1,1,-1,0,0,1,-1,1,-1
AMZN,2019-01-31 16:30:02,AMC,0.05543237250554324,0.15701487023182784,0.011013350458085922,ES,,,,,0,0,1,-1,-1,1,0,2,1,-1,-1,1,1,-1,1,-1,1,-1,1,-1,-1,1,0,0,0,2,1,-1,0,0,1,-1,1,-1,1,-1,0,0,0,0,0,0,1,-1,1,-1,-1,1,0,2,0,-1,0,-1,0,0,0,0,-1,1,1,-1,-1,1,0,0,1,-1,1,-1,1,-1,0,0,-1,1,1,-1,1,-1,0,2,1,-1,1,-1,-1,1,1,-1,1,-1,0,0,1,-1,1,-1,1,-1,1,-1,1,-1,1,-1,1,-1,1,-1,1,-1,1,-1,-1,1,0,0,1,-1,1,-1,0,0,0,0,0,0,1,-1,0,0,0,0,0,0,0,0,1,-1,1,-1,1,-1,0,0,1,-1,1,-1,1,-1,1,-1,1,-1,1,-1,-1,1,1,-1,0,0,0,2,1,-1,0,0,1,-1,1,0,-1,1,1,-1,0,0,1,-1,1,-1,-1,1,1,-1,-1,1,0,0,0,0,0,0,0,0,1,-1,1,-1,1,-1,1,-1,1,-1,1,-1,-1,1,0,0,1,-1,-1,1,-1,1,-1,1,-1,1,1,-1,-1,1,1,-1,0,0,0,0,0,0,-1,1,1,-1,-1,1,1,-1,1,-1,1,-1,1,-1,1,-1,-1,1,1,-1,-1,1,0,0,0,2,-1,1,1,-1,1,-1,1,-1,1,-1,1,-1,0,0,-1,1,0,0,-1,1,1,-1,-1,1,-1,1,-1,1,0,0,-1,1,-1,1,0,0,1,-1,1,-1,-1,1,0,0,-1,1,1,-1,1,-1,1,-1,-1,1,1,-1,1,-1,1,-1,-1,1,0,0,0,0,1,-1
GOOGL,2019-02-04 16:01:19,AMC,0.01836210062431142,0.027545679919199338,0.028323735995529592,ES,timed,820.0,12.5,-40.0,0,2,1,-1,1,-1,0,2,0,0,1,-1,1,-1,1,-1,1,-1,1,-1,1,-1,0,0,0,0,1,-1,0,0,1,-1,1,-1,1,-1,0,1,0,0,0,0,1,-1,1,-1,1,-1,0,0,0,-1,0,-1,0,0,1,-1,1,-1,1,-1,-1,1,0,0,1,-1,1,-1,1,-1,1,-1,1,-1,-1,1,1,-1,0,0,1,-1,1,-1,1,-1,1,-1,1,-1,1,-1,1,-1,1,-1,1,-1,1,-1,0,0,1,-1,1,-1,1,-1,1,-1,1,-1,1,-1,1,-1,1,-1,0,0,0,0,0,0,0,0,1,-1,0,0,0,0,1,-1,0,2,1,-1,1,-1,1,-1,1,-1,1,-1,1,-1,1,-1,-1,1,1,-1,1,-1,1,-1,-1,1,0,2,0,0,1,-1,1,-1,1,-1,1,0,1,-1,1,-1,0,0,1,-1,-1,1,1,-1,1,-1,1,-1,0,0,0,0,0,0,0,0,1,-1,1,-1,1,-1,1,-1,1,-1,1,-1,1,-1,0,0,1,-1,0,0,1,-1,1,-1,1,-1,1,-1,-1,1,1,-1,0,0,0,0,0,0,1,-1,-1,1,-1,1,1,-1,-1,1,1,-1,-1,1,1,-1,1,-1,1,-1,-1,1,0,2,0,0,-1,1,-1,1,1,-1,1,-1,1,-1,1,-1,0,0,-1,1,0,0,1,-1,1,-1,-1,1,1,-1,1,-1,0,0,1,-1,1,-1,0,2,1,-1,1,-1,1,-1,0,0,-1,1,1,-1,1,-1,1,-1,-1,1,1,-1,-1,1,1,-1,1,-1,0,0,1,-1,-1,1
MU,2019-03-20 16:00:37,AMC,0.03534193320374625,0.141367732814985,0.016083322304328747,ES,stopped_post,59.0,-141.47499999999127,-193.97499999999127,0,0,-1,1,-1,1,-1,0,-1,1,-1,1,-1,1,-1,1,0,0,-1,1,1,-1,0,0,0,2,-1,1,0,0,-1,1,-1,1,-1,1,0,0,1,-1,0,0,-1,1,-1,1,-1,1,0,0,0,1,0,1,0,0,0,0,1,-1,-1,1,-1,1,0,0,1,-1,-1,1,-1,1,-1,1,-1,1,1,-1,-1,1,0,2,-1,1,-1,1,1,-1,-1,1,-1,1,0,0,-1,1,0,0,-1,1,-1,1,-1,1,1,-1,-1,1,-1,1,-1,1,-1,1,-1,1,0,0,-1,1,0,0,0,0,0,0,0,0,-1,1,0,0,0,0,0,0,0,0,-1,1,-1,1,-1,1,0,0,-1,1,-1,1,-1,1,1,-1,-1,1,-1,1,1,-1,1,-1,0,0,0,2,-1,1,0,0,-1,1,-1,0,1,-1,-1,1,0,0,-1,1,1,-1,-1,1,-1,1,-1,1,0,0,0,0,0,0,0,0,-1,1,0,0,-1,1,0,0,-1,1,-1,1,1,-1,0,0,-1,1,0,0,-1,1,-1,1,-1,1,-1,1,1,-1,-1,1,0,0,0,0,0,0,-1,1,-1,1,1,-1,-1,1,-1,1,-1,1,-1,1,-1,1,1,-1,0,0,1,-1,0,0,0,2,-1,1,1,-1,1,-1,-1,1,-1,1,-1,1,0,0,1,-1,0,0,0,0,-1,1,1,-1,1,-1,1,-1,0,0,-1,1,1,-1,0,0,-1,1,-1,1,1,-1,0,0,-1,1,-1,1,-1,1,-1,1,-1,1,-1,1,1,-1,-1,1,1,-1,0,0,0,0,-1,1
NFLX,2019-04-16 16:07:16,AMC,0.008589589417625838,0.03436130916587922,0.011029006286533584,ES,timed,463.0,100.0,47.5,0,0,1,-1,1,-1,0,2,0,0,-1,1,-1,1,1,-1,1,-1,1,-1,-1,1,0,0,0,0,1,-1,0,0,1,-1,-1,1,-1,1,0,0,-1,1,0,0,0,0,1,-1,1,-1,0,0,0,-1,0,0,0,0,-1,1,1,-1,1,-1,1,-1,0,0,1,-1,0,0,1,-1,0,0,1,-1,1,-1,1,-1,0,0,1,-1,-1,1,1,-1,0,0,1,-1,0,0,-1,1,-1,1,1,-1,-1,1,-1,1,1,-1,1,-1,-1,1,-1,1,-1,1,1,-1,0,0,-1,1,1,-1,0,0,0,0,0,0,0,0,0,0,0,0,0,0,0,0,1,-1,1,-1,1,-1,1,-1,-1,1,-1,1,1,-1,1,-1,-1,1,1,-1,1,-1,1,-1,0,0,0,0,1,-1,0,0,1,-1,1,0,1,-1,1,-1,0,0,-1,1,1,-1,1,-1,-1,1,1,-1,1,-1,0,0,0,0,0,0,-1,1,0,0,-1,1,0,0,1,-1,-1,1,1,-1,0,0,1,-1,0,0,-1,1,1,-1,1,-1,-1,1,1,-1,1,-1,0,0,0,0,0,0,1,-1,-1,1,-1,1,1,-1,-1,1,1,-1,-1,1,0,0,1,-1,-1,1,-1,1,0,0,0,0,1,-1,-1,1,1,-1,-1,1,1,-1,-1,1,0,0,-1,1,0,0,0,0,0,0,1,-1,1,-1,1,-1,0,0,1,-1,1,-1,0,2,1,-1,1,-1,1,-1,0,0,-1,1,1,-1,-1,1,0,0,-1,1,1,-1,-1,1,0,0,1,-1,0,0,0,0,1,-1
MSFT,2019-04-24 16:04:03,AMC,0.03410059676044331,0.11935208866155159,0.011238562245406689,ES,timed,656.0,-37.5,-90.0,0,0,-1,1,-1,1,-1,0,-1,1,-1,1,-1,1,-1,1,0,0,-1,1,-1,1,0,0,0,2,-1,1,0,0,-1,1,-1,1,-1,1,0,0,1,-1,0,0,-1,1,-1,1,-1,1,0,0,0,1,0,1,0,0,-1,1,-1,1,1,-1,1,-1,0,0,-1,1,1,-1,-1,1,-1,1,-1,1,1,-1,-1,1,0,0,-1,1,-1,1,-1,1,-1,1,-1,1,-1,1,-1,1,0,0,-1,1,-1,1,-1,1,-1,1,-1,1,-1,1,-1,1,-1,1,-1,1,-1,1,-1,1,-1,1,0,0,0,0,0,0,-1,1,0,0,0,0,-1,1,0,0,-1,1,-1,1,-1,1,-1,1,-1,1,-1,1,-1,1,1,-1,-1,1,-1,1,-1,1,1,-1,0,2,0,0,-1,1,-1,1,-1,1,-1,0,-1,1,-1,1,0,2,-1,1,-1,1,-1,1,1,-1,-1,1,0,0,0,0,0,0,0,0,-1,1,0,0,1,-1,0,0,1,-1,1,-1,-1,1,0,0,-1,1,1,-1,-1,1,-1,1,-1,1,-1,1,1,-1,-1,1,0,0,0,0,0,0,-1,1,1,-1,-1,1,1,-1,-1,1,-1,1,1,-1,-1,1,-1,1,0,0,1,-1,0,2,0,0,1,-1,1,-1,-1,1,-1,1,-1,1,-1,1,0,0,1,-1,0,0,-1,1,-1,1,1,-1,-1,1,-1,1,0,0,-1,1,-1,1,0,0,-1,1,-1,1,1,-1,0,0,1,-1,-1,1,-1,1,-1,1,-1,1,-1,1,1,-1,-1,1,-1,1,0,0,-1,1,-1,1
META,2019-04-24 16:09:20,AMC,0.0,0.15342652574156154,0.02280691313048796,ES,timed,339.0,-87.5,-140.0,0,0,1,-1,-1,1,-1,0,-1,1,1,-1,-1,1,-1,1,0,0,-1,1,1,-1,0,0,0,2,-1,1,0,0,-1,1,1,-1,1,-1,0,0,-1,1,0,0,0,0,-1,1,1,-1,0,0,0,-1,0,1,0,0,0,0,-1,1,-1,1,-1,1,0,0,-1,1,1,-1,-1,1,0,0,-1,1,1,-1,1,-1,0,2,-1,1,1,-1,-1,1,-1,1,-1,1,0,0,1,-1,0,0,-1,1,-1,1,-1,1,-1,1,1,-1,1,-1,-1,1,1,-1,-1,1,0,0,1,-1,1,-1,0,0,0,0,-1,1,-1,1,0,0,0,0,0,0,0,0,-1,1,-1,1,-1,1,1,-1,1,-1,-1,1,1,-1,1,-1,-1,1,1,-1,-1,1,-1,1,0,0,0,0,-1,1,0,0,-1,1,-1,0,-1,1,-1,1,0,2,1,-1,-1,1,-1,1,1,-1,-1,1,-1,1,0,0,0,0,0,0,1,-1,0,0,1,-1,0,0,1,-1,1,-1,-1,1,0,0,-1,1,0,0,-1,1,-1,1,1,-1,-1,1,1,-1,-1,1,0,0,0,0,0,0,-1,1,-1,1,-1,1,-1,1,1,-1,-1,1,1,-1,-1,1,-1,1,0,0,-1,1,0,0,0,0,-1,1,0,0,-1,1,1,-1,-1,1,1,-1,0,0,1,-1,0,0,0,0,-1,1,1,-1,-1,1,-1,1,0,0,-1,1,-1,1,0,0,-1,1,-1,1,1,-1,0,0,1,-1,-1,1,-1,1,0,0,-1,1,-1,1,0,0,0,0,-1,1,0,0,0,0,-1,1
INTC,2019-04-25 16:05:00,AMC,0.00853825136612022,0.008538980445734779,0.023869196801527628,ES,timed,599.0,-125.0,-177.5,0,2,-1,1,-1,1,-1,0,0,0,-1,1,1,-1,-1,1,0,0,-1,1,-1,1,0,0,0,2,-1,1,0,0,-1,1,-1,1,-1,1,0,-1,1,-1,0,0,-1,1,-1,1,-1,1,0,0,0,1,0,1,0,0,-1,1,-1,1,1,-1,1,-1,0,0,-1,1,-1,1,-1,1,-1,1,-1,1,1,-1,-1,1,0,0,-1,1,-1,1,-1,1,-1,1,-1,1,-1,1,-1,1,-1,1,-1,1,-1,1,0,0,-1,1,-1,1,-1,1,-1,1,-1,1,-1,1,-1,1,-1,1,-1,1,0,0,0,0,0,0,-1,1,0,0,0,0,-1,1,0,0,-1,1,-1,1,-1,1,1,-1,-1,1,-1,1,-1,1,1,-1,-1,1,-1,1,-1,1,1,-1,0,2,0,0,-1,1,-1,1,-1,1,-1,0,-1,1,-1,1,0,0,-1,1,1,-1,-1,1,1,-1,-1,1,1,-1,0,0,0,0,0,0,1,-1,-1,1,-1,1,-1,1,-1,1,-1,1,-1,1,0,0,-1,1,1,-1,-1,1,-1,1,-1,1,-1,1,1,-1,-1,1,0,0,0,0,0,0,-1,1,1,-1,1,-1,1,-1,-1,1,1,-1,1,-1,0,0,-1,1,-1,1,1,-1,0,2,0,0,1,-1,1,-1,1,-1,-1,1,-1,1,-1,1,0,0,1,-1,0,0,-1,1,0,0,-1,1,-1,1,-1,1,0,0,-1,1,-1,1,0,0,1,-1,-1,1,1,-1,0,0,1,-1,-1,1,1,-1,-1,1,1,-1,-1,1,1,-1,-1,1,-1,1,0,0,-1,1,1,-1
AMZN,2019-04-25 16:10:54,AMC,0.008541168431841476,0.0,0.011550011550011549,ES,timed,245.0,-112.5,-165.0,0,2,-1,1,-1,1,-1,0,-1,1,-1,1,1,-1,-1,1,-1,1,-1,1,1,-1,0,0,0,2,-1,1,0,0,-1,1,-1,1,-1,1,0,0,1,-1,0,0,-1,1,-1,1,-1,1,0,0,0,1,0,1,0,0,0,0,-1,1,-1,1,1,-1,0,0,-1,1,-1,1,-1,1,-1,1,-1,1,1,-1,-1,1,0,2,-1,1,-1,1,-1,1,-1,1,-1,1,-1,1,0,0,0,0,-1,1,-1,1,-1,1,-1,1,-1,1,-1,1,-1,1,-1,1,-1,1,-1,1,1,-1,0,0,0,0,0,0,0,0,-1,1,0,0,0,0,0,0,0,0,-1,1,-1,1,-1,1,1,-1,-1,1,-1,1,-1,1,1,-1,-1,1,-1,1,-1,1,1,-1,0,2,0,0,-1,1,0,0,-1,1,-1,0,-1,1,-1,1,0,2,-1,1,-1,1,-1,1,-1,1,-1,1,-1,1,0,0,0,0,0,0,-1,1,-1,1,-1,1,-1,1,-1,1,-1,1,-1,1,0,0,-1,1,1,-1,-1,1,-1,1,-1,1,-1,1,1,-1,-1,1,0,0,0,0,0,0,-1,1,-1,1,1,-1,1,-1,1,-1,-1,1,1,-1,-1,1,-1,1,-1,1,1,-1,0,0,0,0,-1,1,1,-1,-1,1,-1,1,-1,1,-1,1,0,0,1,-1,0,0,0,0,-1,1,1,-1,-1,1,-1,1,0,0,-1,1,-1,1,0,0,-1,1,-1,1,1,-1,0,0,1,-1,-1,1,1,-1,-1,1,1,-1,-1,1,1,-1,-1,1,-1,1,0,0,-1,1,-1,1
GOOGL,2019-04-29 16:01:22,AMC,0.02546905509805586,0.07641365257259297,0.023946360153256702,ES,stopped_post,487.0,-147.29999999999563,-199.79999999999563,0,0,-1,1,1,-1,-1,0,-1,1,1,-1,1,-1,-1,1,0,0,-1,1,1,-1,0,0,0,0,-1,1,0,0,-1,1,-1,1,1,-1,0,0,1,-1,1,-1,0,0,-1,1,-1,1,0,0,0,-1,0,1,0,0,0,0,-1,1,-1,1,-1,1,0,0,-1,1,1,-1,-1,1,0,0,-1,1,1,-1,-1,1,0,2,-1,1,-1,1,-1,1,-1,1,-1,1,0,0,0,0,1,-1,-1,1,-1,1,-1,1,-1,1,1,-1,-1,1,-1,1,1,-1,1,-1,0,0,1,-1,-1,1,0,0,0,0,0,0,-1,1,0,0,0,0,0,0,0,2,-1,1,-1,1,-1,1,1,-1,1,-1,-1,1,1,-1,-1,1,-1,1,-1,1,-1,1,1,-1,0,0,0,0,-1,1,0,0,-1,1,-1,0,-1,1,-1,1,0,2,-1,1,-1,1,-1,1,1,-1,-1,1,1,-1,0,0,0,0,0,0,-1,1,1,-1,1,-1,1,-1,1,-1,1,-1,-1,1,0,0,-1,1,-1,1,-1,1,1,-1,-1,1,-1,1,1,-1,-1,1,0,0,0,0,0,0,-1,1,-1,1,-1,1,-1,1,-1,1,-1,1,1,-1,-1,1,-1,1,-1,1,1,-1,0,0,0,0,-1,1,-1,1,-1,1,1,-1,-1,1,-1,1,0,0,1,-1,0,0,0,0,-1,1,1,-1,-1,1,-1,1,0,0,-1,1,-1,1,0,0,-1,1,-1,1,1,-1,0,0,-1,1,-1,1,1,-1,-1,1,-1,1,-1,1,-1,1,-1,1,-1,1,0,0,0,0,-1,1
AAPL,2019-04-30 16:30:16,AMC,0.1609896627690222,0.12709710218607015,0.034868634392196354,ES,,,,,0,0,-1,1,-1,1,1,0,1,-1,1,-1,1,-1,1,-1,1,-1,1,-1,1,-1,0,0,0,2,1,-1,0,0,-1,1,1,-1,1,-1,0,0,1,-1,0,0,0,0,-1,1,1,-1,0,2,0,-1,0,-1,0,0,0,0,-1,1,-1,1,1,-1,0,0,1,-1,1,-1,-1,1,0,0,-1,1,1,-1,-1,1,0,0,1,-1,1,-1,1,-1,1,-1,1,-1,1,-1,0,0,1,-1,1,-1,1,-1,1,-1,1,-1,-1,1,1,-1,1,-1,-1,1,-1,1,0,0,1,-1,0,0,0,0,0,0,0,0,1,-1,0,0,0,0,-1,1,0,0,1,-1,1,-1,1,-1,1,-1,1,-1,1,-1,1,-1,-1,1,1,-1,1,-1,1,-1,1,-1,0,0,0,0,1,-1,0,0,1,-1,1,0,-1,1,1,-1,0,0,1,-1,1,-1,1,-1,1,-1,-1,1,0,0,0,0,0,0,0,0,1,-1,1,-1,1,-1,1,-1,1,-1,1,-1,-1,1,0,0,1,-1,-1,1,1,-1,-1,1,1,-1,1,-1,-1,1,1,-1,0,0,0,0,0,0,-1,1,1,-1,1,-1,-1,1,1,-1,1,-1,1,-1,1,-1,1,-1,1,-1,-1,1,0,0,0,0,-1,1,1,-1,1,-1,1,-1,1,-1,-1,1,0,0,1,-1,0,0,0,0,1,-1,-1,1,1,-1,1,-1,0,0,-1,1,-1,1,0,2,1,-1,1,-1,-1,1,0,2,-1,1,1,-1,1,-1,1,-1,1,-1,1,-1,1,-1,1,-1,-1,1,0,0,0,0,1,-1
MU,2019-06-25 16:01:09,AMC,0.017105713308244952,0.008552856654122476,0.01734304543877905,ES,timed,830.0,0.0,-52.5,0,0,1,-1,-1,1,0,2,-1,1,1,-1,-1,1,-1,1,-1,1,-1,1,1,-1,0,0,0,0,-1,1,0,0,-1,1,-1,1,1,-1,0,0,-1,1,1,-1,0,0,-1,1,-1,1,0,0,0,-1,0,1,0,0,0,0,-1,1,-1,1,1,-1,0,0,-1,1,-1,1,-1,1,0,0,1,-1,-1,1,-1,1,0,0,-1,1,-1,1,-1,1,-1,1,-1,1,0,0,0,0,-1,1,-1,1,-1,1,-1,1,-1,1,1,-1,-1,1,-1,1,1,-1,1,-1,-1,1,-1,1,0,0,0,0,0,0,-1,1,-1,1,0,0,0,0,0,0,0,0,-1,1,-1,1,-1,1,-1,1,1,-1,-1,1,-1,1,-1,1,-1,1,1,-1,-1,1,1,-1,0,0,0,0,-1,1,0,0,-1,1,-1,0,-1,1,-1,1,0,0,-1,1,-1,1,-1,1,-1,1,1,-1,-1,1,0,0,0,0,0,0,-1,1,-1,1,-1,1,-1,1,-1,1,-1,1,-1,1,0,0,-1,1,-1,1,-1,1,-1,1,-1,1,-1,1,1,-1,-1,1,0,0,0,0,0,0,-1,1,-1,1,1,-1,-1,1,1,-1,-1,1,1,-1,-1,1,-1,1,-1,1,1,-1,0,0,0,0,-1,1,-1,1,-1,1,1,-1,-1,1,1,-1,0,0,-1,1,0,0,0,0,-1,1,1,-1,-1,1,-1,1,0,0,1,-1,-1,1,0,0,-1,1,-1,1,1,-1,0,0,1,-1,-1,1,-1,1,-1,1,1,-1,-1,1,-1,1,-1,1,-1,1,0,0,0,0,-1,1
NFLX,2019-07-17 16:40:15,AMC,0.008380824673147838,0.05028494803888703,0.009923674219104535,ES,timed,900.0,-50.0,-102.5,0,2,-1,1,-1,1,-1,0,-1,1,-1,1,-1,1,-1,1,-1,1,-1,1,-1,1,0,0,0,2,-1,1,0,0,-1,1,-1,1,-1,1,0,0,0,0,-1,1,-1,1,-1,1,-1,1,0,0,0,1,0,1,0,0,-1,1,1,-1,1,-1,1,-1,0,0,-1,1,-1,1,-1,1,-1,1,-1,1,1,-1,-1,1,0,0,-1,1,-1,1,-1,1,-1,1,-1,1,-1,1,0,0,-1,1,-1,1,-1,1,-1,1,-1,1,-1,1,-1,1,-1,1,-1,1,-1,1,-1,1,-1,1,0,0,0,0,0,0,0,0,-1,1,0,0,0,0,-1,1,0,0,-1,1,-1,1,-1,1,0,0,-1,1,-1,1,-1,1,1,-1,-1,1,1,-1,-1,1,1,-1,0,2,0,0,-1,1,-1,1,-1,1,-1,0,-1,1,-1,1,0,0,-1,1,1,-1,-1,1,-1,1,-1,1,0,0,0,2,0,0,0,0,-1,1,-1,1,-1,1,-1,1,-1,1,-1,1,-1,1,0,0,-1,1,1,-1,-1,1,-1,1,-1,1,-1,1,1,-1,-1,1,0,0,0,0,0,0,-1,1,1,-1,1,-1,1,-1,-1,1,1,-1,1,-1,-1,1,-1,1,-1,1,1,-1,0,2,0,0,1,-1,1,-1,-1,1,-1,1,-1,1,-1,1,0,0,1,-1,0,0,0,0,-1,1,1,-1,-1,1,-1,1,0,0,-1,1,-1,1,0,0,-1,1,-1,1,-1,1,0,0,1,-1,-1,1,-1,1,-1,1,-1,1,1,-1,1,-1,-1,1,1,-1,0,0,-1,1,-1,1
MSFT,2019-07-18 16:03:33,AMC,0.06673896721448236,0.10845082172353383,0.011576753878212548,ES,timed,686.0,25.0,-27.5,0,0,1,-1,1,-1,1,0,-1,1,1,-1,1,-1,-1,1,0,0,1,-1,1,-1,0,0,0,2,1,-1,0,0,1,-1,1,-1,1,-1,0,0,1,-1,0,0,1,-1,1,-1,1,-1,0,0,0,-1,0,-1,0,0,1,-1,1,-1,1,-1,-1,1,0,0,-1,1,1,-1,1,-1,0,0,1,-1,1,-1,1,-1,0,0,1,-1,1,-1,1,-1,1,-1,1,-1,1,-1,1,-1,1,-1,1,-1,0,0,-1,1,1,-1,1,-1,1,-1,-1,1,1,-1,1,-1,1,-1,1,-1,1,-1,0,0,0,0,0,0,0,0,0,0,0,0,1,-1,0,0,1,-1,1,-1,0,0,-1,1,1,-1,1,-1,1,-1,1,-1,1,-1,1,-1,1,-1,1,-1,0,0,0,2,1,-1,1,-1,1,-1,1,0,1,-1,1,-1,0,0,1,-1,1,-1,1,-1,1,-1,1,-1,-1,1,0,0,0,0,0,0,1,-1,1,-1,1,-1,0,0,1,-1,1,-1,1,-1,0,0,1,-1,1,-1,1,-1,1,-1,1,-1,1,-1,1,-1,1,-1,0,0,0,0,0,0,1,-1,1,-1,-1,1,1,-1,1,-1,1,-1,-1,1,0,0,-1,1,1,-1,1,-1,0,2,0,0,-1,1,-1,1,1,-1,1,-1,1,-1,1,-1,0,0,-1,1,0,0,1,-1,0,0,1,-1,1,-1,1,-1,0,0,1,-1,1,-1,0,0,1,-1,1,-1,1,-1,0,0,-1,1,1,-1,1,-1,0,0,-1,1,-1,1,-1,1,0,0,1,-1,0,0,0,0,1,-1
TSLA,2019-07-24 16:56:43,AMC,0.0,0.008281573498964802,0.014747909896879203,ES,timed,196.0,-37.5,-90.0,0,0,1,-1,-1,1,-1,0,-1,1,-1,1,1,-1,-1,1,0,0,-1,1,0,0,0,2,0,2,-1,1,0,0,-1,1,-1,1,-1,1,0,0,0,0,-1,1,-1,1,-1,1,-1,1,0,2,0,1,0,1,0,0,-1,1,-1,1,-1,1,-1,1,0,0,-1,1,1,-1,-1,1,-1,1,-1,1,-1,1,-1,1,0,2,-1,1,-1,1,-1,1,-1,1,-1,1,0,0,0,0,0,0,-1,1,-1,1,-1,1,-1,1,-1,1,-1,1,-1,1,-1,1,-1,1,0,0,-1,1,0,0,0,0,0,2,0,0,-1,1,0,0,0,2,0,0,0,2,-1,1,-1,1,-1,1,0,0,-1,1,-1,1,-1,1,1,-1,-1,1,1,-1,-1,1,1,-1,0,2,0,0,-1,1,-1,1,-1,1,-1,0,-1,1,-1,1,0,0,-1,1,-1,1,-1,1,1,-1,-1,1,0,0,0,0,0,2,0,0,-1,1,1,-1,1,-1,1,-1,1,-1,1,-1,-1,1,0,0,-1,1,1,-1,1,-1,-1,1,-1,1,0,0,1,-1,-1,1,0,2,0,0,0,0,-1,1,-1,1,-1,1,1,-1,-1,1,-1,1,1,-1,-1,1,-1,1,0,0,1,-1,0,0,0,2,-1,1,1,-1,-1,1,-1,1,-1,1,-1,1,0,0,1,-1,0,0,0,0,-1,1,1,-1,-1,1,-1,1,0,0,-1,1,-1,1,0,0,-1,1,-1,1,-1,1,0,2,1,-1,-1,1,1,-1,-1,1,-1,1,-1,1,1,-1,-1,1,-1,1,0,2,0,0,-1,1
GOOGL,2019-07-25 16:01:22,AMC,0.05819753907549052,0.03325850170449821,0.02470770762565628,ES,timed,817.0,125.0,72.5,0,0,1,-1,-1,1,0,2,1,-1,-1,1,-1,1,1,-1,0,0,-1,1,-1,1,0,0,0,0,1,-1,0,0,1,-1,-1,1,-1,1,0,-1,1,-1,1,-1,-1,1,1,-1,-1,1,0,0,0,1,0,1,0,0,-1,1,-1,1,-1,1,-1,1,0,0,1,-1,-1,1,1,-1,0,0,-1,1,-1,1,1,-1,0,2,-1,1,-1,1,-1,1,-1,1,-1,1,0,0,-1,1,-1,1,1,-1,0,0,1,-1,1,-1,-1,1,-1,1,1,-1,-1,1,-1,1,-1,1,-1,1,-1,1,0,0,0,0,1,-1,0,0,0,0,0,0,0,0,0,0,-1,1,-1,1,0,0,1,-1,-1,1,-1,1,-1,1,1,-1,-1,1,-1,1,-1,1,-1,1,0,0,0,2,1,-1,-1,1,-1,1,-1,0,-1,1,1,-1,0,0,-1,1,-1,1,-1,1,1,-1,-1,1,1,-1,0,0,0,0,0,0,-1,1,-1,1,-1,1,0,0,-1,1,-1,1,-1,1,0,0,-1,1,0,0,-1,1,-1,1,-1,1,0,0,1,-1,-1,1,0,0,0,0,0,0,1,-1,-1,1,1,-1,-1,1,1,-1,-1,1,-1,1,0,0,1,-1,-1,1,1,-1,0,0,0,0,1,-1,1,-1,-1,1,-1,1,-1,1,-1,1,0,0,1,-1,0,0,0,0,0,0,-1,1,-1,1,-1,1,0,0,-1,1,-1,1,0,0,-1,1,-1,1,1,-1,0,0,-1,1,-1,1,-1,1,0,0,-1,1,1,-1,1,-1,0,0,-1,1,0,0,0,0,1,-1
INTC,2019-07-25 16:10:16,AMC,0.008308408109006314,0.1163177135260884,0.02347128506435403,ES,timed,283.0,-50.0,-102.5,0,0,1,-1,1,-1,0,2,0,0,1,-1,-1,1,1,-1,0,0,-1,1,-1,1,0,0,0,0,-1,1,0,0,1,-1,1,-1,-1,1,0,0,-1,1,0,0,0,0,1,-1,1,-1,0,0,0,-1,0,0,0,0,0,0,1,-1,1,-1,1,-1,0,0,-1,1,-1,1,1,-1,1,-1,-1,1,-1,1,1,-1,0,2,1,-1,1,-1,-1,1,1,-1,1,-1,0,0,1,-1,0,0,1,-1,1,-1,0,0,-1,1,1,-1,1,-1,1,-1,1,-1,1,-1,0,0,1,-1,-1,1,0,0,0,0,0,0,1,-1,0,0,0,0,0,0,0,2,1,-1,1,-1,-1,1,1,-1,1,-1,1,-1,1,-1,1,-1,1,-1,1,-1,-1,1,-1,1,0,0,0,2,-1,1,0,0,1,-1,1,0,1,-1,-1,1,0,2,1,-1,1,-1,-1,1,1,-1,-1,1,0,0,0,0,0,0,0,0,1,-1,-1,1,-1,1,0,0,-1,1,-1,1,1,-1,0,0,1,-1,1,-1,-1,1,1,-1,1,-1,1,-1,1,-1,1,-1,0,0,0,0,0,0,1,-1,1,-1,-1,1,1,-1,-1,1,-1,1,1,-1,1,-1,-1,1,1,-1,1,-1,0,0,0,0,1,-1,1,-1,-1,1,1,-1,-1,1,1,-1,0,0,-1,1,0,0,0,0,1,-1,-1,1,-1,1,-1,1,0,0,1,-1,1,-1,0,0,1,-1,1,-1,1,-1,0,0,-1,1,-1,1,-1,1,1,-1,-1,1,1,-1,1,-1,0,0,1,-1,0,0,0,0,1,-1
AMZN,2019-07-25 16:33:27,AMC,0.0,0.01663616702711695,0.011013350458085922,ES,,,,,0,0,-1,1,1,-1,0,2,1,-1,-1,1,-1,1,1,-1,0,0,1,-1,-1,1,0,0,0,0,1,-1,0,0,-1,1,-1,1,-1,1,0,0,1,-1,0,0,0,0,-1,1,1,-1,0,2,0,-1,0,0,0,0,-1,1,1,-1,-1,1,1,-1,0,0,1,-1,-1,1,1,-1,0,0,-1,1,-1,1,-1,1,0,2,-1,1,-1,1,1,-1,-1,1,-1,1,0,0,-1,1,-1,1,1,-1,0,0,1,-1,-1,1,-1,1,-1,1,1,-1,-1,1,-1,1,0,0,-1,1,-1,1,0,0,0,0,1,-1,1,-1,0,0,0,0,0,0,0,2,1,-1,1,-1,1,-1,1,-1,-1,1,-1,1,-1,1,1,-1,-1,1,-1,1,1,-1,-1,1,0,0,0,0,1,-1,0,0,-1,1,-1,0,-1,1,1,-1,0,0,-1,1,-1,1,-1,1,1,-1,-1,1,1,-1,0,0,0,0,0,0,-1,1,-1,1,-1,1,0,0,-1,1,-1,1,-1,1,0,0,-1,1,-1,1,-1,1,1,-1,1,-1,0,0,1,-1,-1,1,0,0,0,0,0,0,1,-1,-1,1,1,-1,-1,1,-1,1,-1,1,-1,1,0,0,1,-1,0,0,-1,1,0,0,0,0,1,-1,-1,1,-1,1,-1,1,1,-1,-1,1,0,0,-1,1,0,0,0,0,0,0,-1,1,1,-1,1,-1,0,0,1,-1,1,-1,0,2,-1,1,-1,1,-1,1,0,0,-1,1,0,0,-1,1,-1,1,-1,1,1,-1,-1,1,0,0,1,-1,0,0,0,0,-1,1
AAPL,2019-07-30 16:30:36,AMC,0.049809065249875474,0.07470119521912351,0.03506721215663355,ES,,,,,0,0,-1,1,1,-1,0,2,1,-1,-1,1,1,-1,-1,1,0,0,1,-1,-1,1,0,0,0,2,-1,1,0,0,-1,1,-1,1,-1,1,0,0,0,0,0,0,0,0,-1,1,-1,1,0,2,0,-1,0,1,0,0,-1,1,1,-1,-1,1,1,-1,0,0,-1,1,-1,1,-1,1,0,0,-1,1,1,-1,-1,1,0,2,-1,1,-1,1,-1,1,-1,1,-1,1,0,0,-1,1,0,0,-1,1,-1,1,1,-1,-1,1,-1,1,-1,1,-1,1,-1,1,1,-1,-1,1,-1,1,-1,1,0,0,0,0,0,0,-1,1,0,0,0,0,-1,1,0,2,-1,1,0,0,1,-1,1,-1,-1,1,-1,1,-1,1,1,-1,-1,1,-1,1,-1,1,1,-1,0,0,0,2,-1,1,-1,1,-1,1,-1,0,-1,1,-1,1,0,0,-1,1,-1,1,-1,1,1,-1,-1,1,1,-1,0,0,0,0,0,0,-1,1,-1,1,-1,1,-1,1,-1,1,-1,1,-1,1,0,0,1,-1,1,-1,-1,1,1,-1,-1,1,-1,1,-1,1,-1,1,0,0,0,0,0,0,-1,1,-1,1,-1,1,-1,1,-1,1,-1,1,1,-1,0,0,-1,1,-1,1,1,-1,0,0,0,0,1,-1,1,-1,1,-1,-1,1,1,-1,-1,1,0,0,1,-1,0,0,-1,1,0,0,-1,1,-1,1,-1,1,0,0,-1,1,1,-1,0,0,-1,1,-1,1,-1,1,0,2,1,-1,-1,1,1,-1,0,0,-1,1,-1,1,1,-1,0,0,1,-1,0,0,-1,1,-1,1
MU,2019-09-26 16:00:32,AMC,0.041949828005705174,0.0,0.017224379373512,ES,timed,867.0,87.5,35.0,0,0,-1,1,-1,1,-1,0,-1,1,-1,1,1,-1,-1,1,-1,1,-1,1,1,-1,0,0,0,2,-1,1,0,0,1,-1,-1,1,-1,1,0,0,1,-1,-1,1,-1,1,-1,1,-1,1,0,0,0,1,0,1,0,0,0,0,-1,1,-1,1,1,-1,0,0,-1,1,1,-1,-1,1,-1,1,-1,1,1,-1,-1,1,0,2,-1,1,-1,1,-1,1,-1,1,-1,1,-1,1,-1,1,-1,1,-1,1,-1,1,0,0,-1,1,-1,1,-1,1,-1,1,-1,1,-1,1,-1,1,-1,1,-1,1,0,0,0,0,0,0,-1,1,0,0,0,0,-1,1,0,0,-1,1,-1,1,-1,1,1,-1,-1,1,-1,1,-1,1,-1,1,-1,1,-1,1,-1,1,-1,1,0,0,0,0,-1,1,-1,1,-1,1,-1,0,-1,1,-1,1,0,0,-1,1,-1,1,-1,1,-1,1,-1,1,1,-1,0,0,0,0,0,0,-1,1,0,0,-1,1,0,0,1,-1,1,-1,-1,1,0,0,-1,1,-1,1,1,-1,-1,1,-1,1,0,0,-1,1,-1,1,0,0,0,0,0,0,-1,1,-1,1,1,-1,-1,1,-1,1,-1,1,1,-1,-1,1,-1,1,0,0,1,-1,0,0,0,0,-1,1,-1,1,1,-1,-1,1,-1,1,-1,1,0,0,1,-1,0,0,-1,1,-1,1,-1,1,-1,1,-1,1,0,0,-1,1,-1,1,0,2,-1,1,-1,1,1,-1,0,0,-1,1,-1,1,1,-1,-1,1,-1,1,-1,1,-1,1,-1,1,-1,1,0,0,-1,1,-1,1
NFLX,2019-10-16 16:39:04,AMC,0.0,0.00835561497326203,0.008818342151675486,ES,timed,899.0,-37.5,-90.0,0,0,-1,1,-1,1,0,2,1,-1,-1,1,1,-1,1,-1,0,0,1,-1,0,0,0,0,0,0,1,-1,0,0,1,-1,1,-1,1,-1,0,0,0,0,0,0,1,-1,1,-1,-1,1,0,0,0,-1,0,-1,0,2,0,0,1,-1,1,-1,1,-1,0,0,1,-1,1,-1,1,-1,0,0,1,-1,-1,1,-1,1,0,0,-1,1,1,-1,-1,1,1,-1,1,-1,0,0,0,0,0,0,1,-1,1,-1,1,-1,1,-1,-1,1,1,-1,1,-1,1,-1,1,-1,0,0,1,-1,0,0,0,0,0,0,0,0,1,-1,0,0,0,2,0,0,0,0,1,-1,1,-1,1,-1,0,0,-1,1,1,-1,1,-1,1,-1,1,-1,-1,1,1,-1,-1,1,0,0,0,0,1,-1,0,0,1,-1,1,0,1,-1,1,-1,0,0,1,-1,-1,1,1,-1,1,-1,1,-1,-1,1,0,0,0,0,0,0,1,-1,0,0,1,-1,0,0,1,-1,1,-1,1,-1,0,0,-1,1,-1,1,-1,1,1,-1,1,-1,1,-1,-1,1,1,-1,0,0,0,0,0,0,1,-1,1,-1,-1,1,1,-1,1,-1,1,-1,-1,1,1,-1,1,-1,1,-1,-1,1,0,0,0,2,1,-1,1,-1,1,-1,1,-1,1,-1,1,-1,0,0,1,-1,0,0,0,0,1,-1,-1,1,1,-1,1,-1,0,2,1,-1,1,-1,0,2,-1,1,1,-1,-1,1,0,0,-1,1,1,-1,1,-1,1,-1,1,-1,1,-1,1,-1,1,-1,1,-1,0,0,0,0,1,-1
MSFT,2019-10-23 16:06:06,AMC,0.016638935108153077,0.02496047924120143,0.01626616403047258,ES,timed,533.0,100.0,47.5,0,0,1,-1,-1,1,1,0,1,-1,1,-1,1,-1,1,-1,1,-1,1,-1,1,-1,0,0,0,0,1,-1,0,0,1,-1,1,-1,1,-1,0,0,0,0,0,0,1,-1,1,-1,-1,1,0,0,0,-1,0,-1,0,0,0,0,1,-1,1,-1,1,-1,0,0,1,-1,1,-1,1,-1,1,-1,1,-1,-1,1,-1,1,0,2,1,-1,1,-1,1,-1,1,-1,1,-1,1,-1,1,-1,0,0,1,-1,1,-1,1,-1,1,-1,1,-1,1,-1,1,-1,1,-1,1,-1,1,-1,1,-1,1,-1,0,0,0,0,0,0,1,-1,0,0,0,0,1,-1,0,0,1,-1,1,-1,1,-1,0,0,1,-1,1,-1,1,-1,1,-1,1,-1,1,-1,1,-1,-1,1,0,0,0,0,1,-1,0,0,1,-1,1,0,1,-1,1,-1,0,0,1,-1,-1,1,1,-1,1,-1,1,-1,-1,1,0,2,0,0,0,0,1,-1,1,-1,1,-1,0,0,1,-1,1,-1,1,-1,0,0,1,-1,1,-1,1,-1,1,-1,-1,1,1,-1,-1,1,1,-1,0,0,0,0,0,0,1,-1,-1,1,-1,1,-1,1,1,-1,1,-1,-1,1,1,-1,1,-1,1,-1,-1,1,0,0,0,0,-1,1,1,-1,1,-1,1,-1,1,-1,1,-1,0,0,-1,1,0,0,1,-1,1,-1,-1,1,1,-1,-1,1,0,0,1,-1,1,-1,0,0,1,-1,1,-1,1,-1,0,0,-1,1,1,-1,1,-1,1,-1,-1,1,-1,1,1,-1,1,-1,1,-1,0,0,1,-1,1,-1
INTC,2019-10-24 16:08:49,AMC,0.02495840266222962,0.016638935108153077,0.023073373327180433,ES,timed,370.0,-87.5,-140.0,0,0,-1,1,1,-1,0,2,1,-1,-1,1,1,-1,1,-1,0,0,1,-1,-1,1,0,0,0,0,1,-1,0,0,-1,1,-1,1,-1,1,0,0,1,-1,0,0,0,0,-1,1,1,-1,0,0,0,1,0,1,0,2,-1,1,1,-1,-1,1,-1,1,0,0,1,-1,1,-1,-1,1,0,0,-1,1,0,0,-1,1,0,2,-1,1,-1,1,-1,1,-1,1,-1,1,0,0,-1,1,-1,1,1,-1,0,0,1,-1,-1,1,-1,1,-1,1,1,-1,-1,1,-1,1,-1,1,-1,1,0,0,0,0,0,0,0,0,0,0,0,0,0,0,0,0,0,2,-1,1,0,0,1,-1,1,-1,-1,1,-1,1,-1,1,-1,1,-1,1,1,-1,1,-1,-1,1,0,2,0,0,-1,1,0,0,-1,1,-1,0,-1,1,1,-1,0,2,-1,1,-1,1,-1,1,-1,1,-1,1,1,-1,0,0,0,0,0,0,-1,1,0,0,1,-1,0,0,1,-1,1,-1,-1,1,0,0,-1,1,0,0,1,-1,-1,1,-1,1,0,0,1,-1,-1,1,0,0,0,0,0,0,-1,1,-1,1,1,-1,-1,1,-1,1,1,-1,-1,1,0,0,-1,1,0,0,1,-1,0,0,0,0,1,-1,1,-1,1,-1,-1,1,-1,1,-1,1,0,0,1,-1,0,0,-1,1,0,0,-1,1,1,-1,-1,1,0,0,1,-1,1,-1,0,0,-1,1,-1,1,1,-1,0,0,-1,1,1,-1,1,-1,0,0,-1,1,1,-1,1,-1,0,0,-1,1,0,0,0,0,-1,1
AMZN,2019-10-24 19:53:55,AMC,0.0,0.008330556481172943,0.010476689366160294,ES,timed,887.0,25.0,-27.5,0,2,-1,1,-1,1,-1,0,-1,1,-1,1,-1,1,-1,1,-1,1,-1,1,-1,1,0,0,0,0,-1,1,0,0,-1,1,-1,1,-1,1,0,0,1,-1,0,0,-1,1,-1,1,-1,1,0,0,0,1,0,1,0,0,0,0,-1,1,1,-1,-1,1,0,0,-1,1,0,0,-1,1,-1,1,-1,1,1,-1,-1,1,0,2,-1,1,-1,1,-1,1,-1,1,-1,1,-1,1,0,0,-1,1,-1,1,-1,1,-1,1,-1,1,-1,1,-1,1,-1,1,-1,1,-1,1,-1,1,-1,1,-1,1,0,0,0,0,-1,1,-1,1,0,0,0,0,-1,1,0,0,-1,1,-1,1,-1,1,0,0,-1,1,-1,1,-1,1,1,-1,-1,1,-1,1,-1,1,1,-1,0,2,0,0,-1,1,-1,1,-1,1,-1,0,-1,1,-1,1,0,2,-1,1,-1,1,-1,1,1,-1,-1,1,1,-1,0,0,0,0,0,0,-1,1,0,0,-1,1,0,0,1,-1,-1,1,-1,1,0,0,-1,1,1,-1,-1,1,-1,1,-1,1,-1,1,1,-1,-1,1,0,0,0,0,0,0,-1,1,1,-1,1,-1,1,-1,1,-1,-1,1,1,-1,-1,1,-1,1,-1,1,1,-1,0,2,0,0,1,-1,1,-1,1,-1,-1,1,-1,1,-1,1,0,0,1,-1,0,0,-1,1,-1,1,1,-1,-1,1,-1,1,0,0,-1,1,-1,1,0,0,-1,1,-1,1,1,-1,0,0,1,-1,-1,1,-1,1,-1,1,-1,1,1,-1,1,-1,-1,1,-1,1,0,0,-1,1,-1,1
GOOGL,2019-10-28 16:03:38,AMC,0.0,0.0411522633744856,0.02546905509805586,ES,timed,681.0,-75.0,-127.5,0,0,-1,1,1,-1,-1,0,-1,1,-1,1,1,-1,-1,1,-1,1,-1,1,-1,1,0,0,0,0,-1,1,0,0,-1,1,-1,1,-1,1,0,0,0,0,1,-1,0,0,-1,1,1,-1,0,0,0,-1,0,0,0,0,0,0,-1,1,-1,1,-1,1,0,0,-1,1,1,-1,-1,1,-1,1,-1,1,1,-1,-1,1,0,2,-1,1,-1,1,-1,1,-1,1,-1,1,0,0,0,0,-1,1,-1,1,-1,1,-1,1,-1,1,-1,1,-1,1,-1,1,-1,1,-1,1,0,0,-1,1,0,0,0,0,0,0,-1,1,-1,1,0,0,0,0,0,0,0,2,-1,1,-1,1,-1,1,-1,1,-1,1,-1,1,-1,1,-1,1,-1,1,-1,1,-1,1,1,-1,0,0,0,0,-1,1,-1,1,-1,1,-1,0,-1,1,-1,1,0,0,-1,1,-1,1,-1,1,1,-1,1,-1,1,-1,0,0,0,0,0,0,-1,1,1,-1,1,-1,1,-1,1,-1,1,-1,-1,1,0,0,-1,1,-1,1,-1,1,-1,1,1,-1,-1,1,1,-1,-1,1,0,0,0,0,0,0,-1,1,-1,1,-1,1,-1,1,1,-1,-1,1,1,-1,-1,1,-1,1,0,0,-1,1,0,0,0,0,1,-1,-1,1,-1,1,-1,1,-1,1,-1,1,0,0,1,-1,0,0,0,0,-1,1,1,-1,-1,1,-1,1,0,2,1,-1,-1,1,0,0,-1,1,-1,1,1,-1,0,0,-1,1,-1,1,1,-1,-1,1,-1,1,-1,1,-1,1,-1,1,-1,1,0,0,-1,1,-1,1
META,2019-10-30 16:13:02,AMC,0.00820411846747067,0.11485765854458939,0.01768346595932803,ES,timed,117.0,100.0,47.5,0,0,1,-1,-1,1,0,2,1,-1,1,-1,1,-1,1,-1,1,-1,1,-1,1,-1,0,0,0,0,1,-1,0,0,1,-1,1,-1,1,-1,0,0,0,0,0,0,1,-1,1,-1,-1,1,0,0,0,-1,0,-1,0,0,1,-1,-1,1,1,-1,1,-1,0,0,1,-1,1,-1,1,-1,0,0,1,-1,-1,1,1,-1,0,0,1,-1,1,-1,1,-1,1,-1,1,-1,1,-1,1,-1,0,0,1,-1,1,-1,0,0,1,-1,1,-1,1,-1,1,-1,1,-1,1,-1,0,0,1,-1,0,0,0,0,0,0,0,0,1,-1,0,0,0,0,1,-1,0,0,1,-1,1,-1,1,-1,1,-1,1,-1,1,-1,1,-1,1,-1,1,-1,1,-1,1,-1,-1,1,0,0,0,0,1,-1,1,-1,1,-1,1,0,1,-1,1,-1,0,0,1,-1,-1,1,1,-1,1,-1,1,-1,0,0,0,0,0,0,0,0,1,-1,1,-1,1,-1,1,-1,1,-1,1,-1,1,-1,0,0,1,-1,1,-1,1,-1,1,-1,1,-1,1,-1,-1,1,1,-1,0,0,0,0,0,0,1,-1,1,-1,-1,1,1,-1,-1,1,1,-1,-1,1,1,-1,1,-1,1,-1,-1,1,0,0,0,0,-1,1,1,-1,1,-1,1,-1,1,-1,1,-1,0,0,-1,1,0,0,1,-1,1,-1,-1,1,1,-1,1,-1,0,0,1,-1,-1,1,0,0,-1,1,1,-1,-1,1,0,0,-1,1,1,-1,1,-1,1,-1,-1,1,1,-1,1,-1,1,-1,1,-1,0,0,1,-1,1,-1
AAPL,2019-10-30 16:30:40,AMC,0.049216635222705266,0.08201427048306405,0.04243813870325451,ES,,,,,0,0,1,-1,1,-1,1,0,1,-1,1,-1,1,-1,1,-1,1,-1,1,-1,1,-1,0,0,0,0,1,-1,0,0,1,-1,1,-1,1,-1,0,0,0,0,0,0,1,-1,1,-1,1,-1,0,2,0,-1,0,-1,0,0,1,-1,-1,1,-1,1,-1,1,0,0,1,-1,1,-1,1,-1,1,-1,1,-1,-1,1,1,-1,0,0,1,-1,1,-1,1,-1,1,-1,1,-1,1,-1,1,-1,1,-1,1,-1,1,-1,1,-1,1,-1,1,-1,1,-1,1,-1,1,-1,1,-1,1,-1,1,-1,0,0,0,0,0,0,0,0,1,-1,0,0,0,2,1,-1,0,0,1,-1,1,-1,1,-1,0,0,1,-1,1,-1,1,-1,-1,1,1,-1,1,-1,1,-1,-1,1,0,0,0,0,1,-1,1,-1,1,-1,1,0,1,-1,1,-1,0,0,1,-1,-1,1,1,-1,1,-1,1,-1,0,0,0,0,0,0,0,0,1,-1,1,-1,1,-1,1,-1,1,-1,1,-1,1,-1,0,0,1,-1,1,-1,1,-1,1,-1,1,-1,1,-1,-1,1,1,-1,0,0,0,0,0,0,1,-1,1,-1,-1,1,-1,1,1,-1,1,-1,-1,1,1,-1,1,-1,1,-1,-1,1,0,0,0,0,-1,1,-1,1,1,-1,1,-1,1,-1,1,-1,0,0,-1,1,0,0,1,-1,1,-1,-1,1,1,-1,1,-1,0,0,1,-1,-1,1,0,2,1,-1,1,-1,-1,1,0,0,-1,1,1,-1,1,-1,1,-1,-1,1,1,-1,-1,1,1,-1,1,-1,0,0,1,-1,1,-1
AVGO,2019-12-12 16:39:14,AMC,0.007888923950773116,0.0,0.018148820326678763,ES,timed,900.0,-25.0,-77.5,0,0,1,-1,1,-1,0,2,0,0,1,-1,1,-1,1,-1,0,0,-1,1,1,-1,0,0,0,2,1,-1,0,0,1,-1,1,-1,1,-1,0,0,-1,1,0,0,1,-1,1,-1,-1,1,0,0,0,-1,0,-1,0,0,0,0,-1,1,1,-1,1,-1,0,0,1,-1,1,-1,1,-1,0,0,-1,1,-1,1,1,-1,0,0,1,-1,1,-1,1,-1,1,-1,-1,1,1,-1,1,-1,0,0,-1,1,1,-1,0,0,1,-1,1,-1,1,-1,1,-1,-1,1,-1,1,0,0,1,-1,1,-1,0,0,0,0,0,0,0,0,0,0,0,0,1,-1,0,0,-1,1,0,0,-1,1,0,0,1,-1,1,-1,1,-1,1,-1,1,-1,1,-1,1,-1,-1,1,0,0,0,0,1,-1,1,-1,1,-1,1,0,1,-1,1,-1,0,0,1,-1,1,-1,1,-1,-1,1,-1,1,0,0,0,0,0,0,0,0,1,-1,1,-1,1,-1,1,-1,1,-1,1,-1,1,-1,0,0,1,-1,0,0,1,-1,1,-1,1,-1,1,-1,1,-1,1,-1,0,0,0,0,0,0,1,-1,1,-1,1,-1,1,-1,1,-1,-1,1,-1,1,0,0,1,-1,1,-1,-1,1,0,0,0,2,-1,1,1,-1,-1,1,1,-1,-1,1,1,-1,0,0,-1,1,0,0,1,-1,0,0,-1,1,1,-1,1,-1,0,0,-1,1,-1,1,0,2,-1,1,1,-1,-1,1,0,0,1,-1,1,-1,1,-1,0,0,-1,1,1,-1,1,-1,0,0,-1,1,0,0,1,-1,1,-1
NFLX,2019-12-16 16:09:23,AMC,0.00781983109164842,0.08601814200813263,0.008703965784650661,ES,timed,336.0,25.0,-27.5,0,0,1,-1,-1,1,0,2,-1,1,1,-1,1,-1,-1,1,-1,1,-1,1,1,-1,0,0,0,2,-1,1,0,0,1,-1,1,-1,1,-1,0,0,0,0,0,0,0,0,1,-1,-1,1,0,0,0,-1,0,0,0,0,1,-1,-1,1,0,0,0,0,0,0,-1,1,1,-1,1,-1,0,0,-1,1,0,0,1,-1,0,2,-1,1,1,-1,-1,1,1,-1,-1,1,0,0,1,-1,-1,1,-1,1,0,0,-1,1,-1,1,1,-1,1,-1,-1,1,1,-1,1,-1,0,0,1,-1,0,0,0,0,0,0,0,0,-1,1,0,0,0,0,1,-1,0,2,-1,1,-1,1,-1,1,-1,1,1,-1,1,-1,1,-1,1,-1,1,-1,-1,1,1,-1,1,-1,0,0,0,2,-1,1,1,-1,1,-1,1,0,1,-1,-1,1,0,0,1,-1,-1,1,1,-1,1,-1,-1,1,1,-1,0,0,0,0,0,0,1,-1,1,-1,1,-1,1,-1,1,-1,1,-1,1,-1,0,0,-1,1,-1,1,-1,1,1,-1,1,-1,-1,1,-1,1,1,-1,0,0,0,0,0,0,1,-1,1,-1,1,-1,0,0,1,-1,-1,1,-1,1,0,0,-1,1,-1,1,-1,1,0,0,0,0,1,-1,1,-1,-1,1,1,-1,-1,1,1,-1,0,0,-1,1,0,0,1,-1,0,0,1,-1,1,-1,1,-1,0,0,-1,1,-1,1,0,0,1,-1,-1,1,-1,1,0,0,1,-1,1,-1,1,-1,0,0,-1,1,-1,1,1,-1,0,0,1,-1,0,0,1,-1,1,-1
MU,2019-12-18 16:00:40,AMC,0.007820442637053258,0.09384531164463908,0.01734304543877905,ES,timed,859.0,62.5,10.0,0,0,1,-1,-1,1,0,2,0,0,-1,1,-1,1,-1,1,0,0,1,-1,-1,1,0,0,0,0,-1,1,0,0,-1,1,-1,1,-1,1,0,-1,0,0,0,0,0,0,-1,1,-1,1,0,0,0,1,0,1,0,0,-1,1,1,-1,-1,1,-1,1,0,0,-1,1,1,-1,-1,1,-1,1,-1,1,-1,1,-1,1,0,2,-1,1,-1,1,-1,1,-1,1,-1,1,-1,1,-1,1,-1,1,-1,1,-1,1,0,0,-1,1,-1,1,-1,1,-1,1,-1,1,-1,1,0,0,-1,1,0,0,0,0,0,0,-1,1,-1,1,0,0,0,0,-1,1,0,2,-1,1,-1,1,0,0,1,-1,-1,1,-1,1,-1,1,-1,1,-1,1,-1,1,1,-1,-1,1,0,2,0,2,-1,1,0,0,-1,1,-1,0,-1,1,1,-1,0,0,-1,1,-1,1,-1,1,1,-1,-1,1,1,-1,0,0,0,0,0,0,-1,1,1,-1,1,-1,0,0,1,-1,1,-1,-1,1,0,0,-1,1,-1,1,-1,1,-1,1,-1,1,-1,1,-1,1,-1,1,0,0,0,0,0,0,-1,1,-1,1,1,-1,-1,1,-1,1,-1,1,1,-1,0,0,-1,1,0,0,-1,1,0,2,0,0,1,-1,1,-1,1,-1,-1,1,-1,1,-1,1,0,0,1,-1,0,0,0,0,0,0,1,-1,1,-1,-1,1,0,0,-1,1,1,-1,0,0,-1,1,-1,1,1,-1,0,0,1,-1,-1,1,-1,1,0,0,1,-1,-1,1,1,-1,0,0,-1,1,0,0,0,0,1,-1
NFLX,2020-01-21 16:03:07,AMC,0.03762793497892836,0.03762793497892836,0.008589589417625838,ES,timed,712.0,-37.5,-90.0,0,0,1,-1,-1,1,-1,0,-1,1,-1,1,-1,1,-1,1,0,0,-1,1,-1,1,0,0,0,0,-1,1,0,0,1,-1,-1,1,-1,1,0,0,0,0,1,-1,0,0,1,-1,1,-1,0,0,0,-1,0,0,0,0,0,0,1,-1,-1,1,-1,1,0,0,-1,1,1,-1,1,-1,0,0,1,-1,-1,1,1,-1,0,2,-1,1,-1,1,-1,1,-1,1,-1,1,0,0,-1,1,-1,1,-1,1,-1,1,-1,1,-1,1,1,-1,-1,1,-1,1,1,-1,-1,1,0,0,-1,1,1,-1,0,0,0,0,0,0,-1,1,0,0,0,0,1,-1,0,0,-1,1,-1,1,-1,1,1,-1,-1,1,-1,1,-1,1,1,-1,-1,1,1,-1,1,-1,-1,1,0,0,0,0,-1,1,0,0,-1,1,-1,0,1,-1,-1,1,0,0,-1,1,-1,1,-1,1,1,-1,1,-1,1,-1,0,0,0,0,0,0,-1,1,1,-1,1,-1,0,0,1,-1,1,-1,1,-1,0,0,1,-1,-1,1,-1,1,-1,1,1,-1,-1,1,1,-1,-1,1,0,0,0,0,0,0,1,-1,-1,1,-1,1,-1,1,1,-1,-1,1,-1,1,-1,1,-1,1,-1,1,-1,1,0,0,0,0,1,-1,-1,1,-1,1,-1,1,-1,1,1,-1,0,0,-1,1,0,0,0,0,-1,1,1,-1,-1,1,1,-1,0,0,1,-1,-1,1,0,0,-1,1,-1,1,1,-1,0,0,-1,1,-1,1,-1,1,-1,1,1,-1,-1,1,-1,1,-1,1,-1,1,0,0,0,0,-1,1
INTC,2020-01-23 16:07:34,AMC,0.00751653638003608,0.015034202811395924,0.02347128506435403,ES,timed,445.0,12.5,-40.0,0,0,-1,1,-1,1,0,2,1,-1,1,-1,1,-1,1,-1,0,0,1,-1,1,-1,0,0,0,2,1,-1,0,0,1,-1,1,-1,1,-1,0,0,1,-1,0,0,1,-1,1,-1,-1,1,0,0,0,-1,0,-1,0,0,1,-1,-1,1,1,-1,1,-1,0,0,1,-1,1,-1,1,-1,1,-1,1,-1,1,-1,1,-1,0,2,1,-1,1,-1,1,-1,1,-1,1,-1,1,-1,1,-1,1,-1,1,-1,1,-1,1,-1,-1,1,1,-1,1,-1,1,-1,1,-1,1,-1,0,0,1,-1,-1,1,0,0,0,0,0,0,1,-1,0,0,0,0,1,-1,0,2,1,-1,1,-1,1,-1,1,-1,1,-1,1,-1,1,-1,1,-1,1,-1,1,-1,1,-1,1,-1,0,0,0,2,1,-1,1,-1,1,-1,1,0,1,-1,1,-1,0,0,1,-1,1,-1,1,-1,1,-1,1,-1,1,-1,0,0,0,0,0,0,1,-1,1,-1,1,-1,0,0,1,-1,1,-1,1,-1,0,0,1,-1,0,0,-1,1,1,-1,1,-1,1,-1,1,-1,1,-1,0,0,0,0,0,0,1,-1,1,-1,1,-1,1,-1,-1,1,1,-1,-1,1,1,-1,1,-1,1,-1,-1,1,0,0,0,0,-1,1,-1,1,1,-1,1,-1,1,-1,1,-1,0,0,1,-1,0,0,1,-1,1,-1,-1,1,1,-1,1,-1,0,0,1,-1,-1,1,0,0,1,-1,1,-1,1,-1,0,0,-1,1,1,-1,1,-1,1,-1,1,-1,1,-1,-1,1,1,-1,1,-1,0,0,1,-1,1,-1
AAPL,2020-01-28 16:30:40,AMC,0.08391821788220934,0.1373102448699367,0.049216635222705266,ES,,,,,0,0,1,-1,-1,1,0,2,-1,1,-1,1,1,-1,-1,1,0,0,-1,1,-1,1,0,0,0,0,1,-1,0,0,1,-1,-1,1,-1,1,0,0,-1,1,0,0,0,0,1,-1,-1,1,0,2,0,-1,0,0,0,0,0,0,-1,1,1,-1,1,-1,0,0,1,-1,1,-1,1,-1,-1,1,-1,1,1,-1,1,-1,0,0,-1,1,-1,1,1,-1,-1,1,-1,1,0,0,-1,1,-1,1,-1,1,-1,1,-1,1,1,-1,1,-1,-1,1,-1,1,1,-1,-1,1,0,0,-1,1,1,-1,0,0,0,0,0,0,-1,1,0,0,0,0,0,0,0,2,-1,1,-1,1,1,-1,1,-1,-1,1,-1,1,-1,1,1,-1,-1,1,1,-1,1,-1,1,-1,0,0,0,2,1,-1,0,0,-1,1,-1,0,1,-1,-1,1,0,0,-1,1,-1,1,-1,1,1,-1,-1,1,-1,1,0,0,0,0,0,0,-1,1,1,-1,1,-1,1,-1,1,-1,1,-1,1,-1,0,0,1,-1,1,-1,-1,1,-1,1,1,-1,-1,1,1,-1,1,-1,0,0,0,0,0,0,1,-1,-1,1,1,-1,1,-1,1,-1,1,-1,-1,1,-1,1,1,-1,0,0,1,-1,0,0,0,2,-1,1,-1,1,-1,1,-1,1,-1,1,1,-1,0,0,-1,1,0,0,0,0,-1,1,1,-1,1,-1,1,-1,0,0,-1,1,-1,1,0,2,-1,1,-1,1,-1,1,0,0,1,-1,1,-1,1,-1,0,0,-1,1,1,-1,-1,1,-1,1,-1,1,0,0,0,0,-1,1
MSFT,2020-01-29 16:03:50,AMC,0.03819709702062643,0.17570664629488159,0.016638935108153077,ES,timed,669.0,-75.0,-127.5,0,0,-1,1,-1,1,-1,0,-1,1,-1,1,-1,1,-1,1,-1,1,-1,1,-1,1,0,0,0,0,-1,1,0,0,-1,1,-1,1,-1,1,0,0,0,0,-1,1,-1,1,-1,1,-1,1,0,2,0,1,0,1,0,0,-1,1,-1,1,-1,1,-1,1,0,0,-1,1,0,0,-1,1,-1,1,-1,1,-1,1,-1,1,0,0,-1,1,-1,1,-1,1,-1,1,-1,1,-1,1,-1,1,0,0,-1,1,-1,1,-1,1,-1,1,-1,1,-1,1,-1,1,-1,1,-1,1,-1,1,-1,1,0,0,0,0,0,0,-1,1,-1,1,0,0,0,0,-1,1,0,2,-1,1,-1,1,-1,1,0,0,-1,1,-1,1,-1,1,1,-1,-1,1,-1,1,-1,1,1,-1,0,0,0,0,-1,1,-1,1,-1,1,-1,0,-1,1,-1,1,0,0,-1,1,-1,1,-1,1,1,-1,-1,1,1,-1,0,0,0,0,0,0,-1,1,-1,1,-1,1,0,0,1,-1,-1,1,-1,1,0,0,-1,1,1,-1,-1,1,-1,1,-1,1,-1,1,1,-1,-1,1,0,0,0,0,0,0,-1,1,-1,1,-1,1,-1,1,1,-1,-1,1,1,-1,-1,1,-1,1,-1,1,1,-1,0,0,0,0,1,-1,1,-1,-1,1,-1,1,-1,1,-1,1,0,0,1,-1,0,0,-1,1,-1,1,1,-1,-1,1,-1,1,0,0,-1,1,-1,1,0,0,-1,1,-1,1,1,-1,0,0,1,-1,-1,1,-1,1,-1,1,1,-1,-1,1,1,-1,-1,1,-1,1,0,0,-1,1,-1,1
META,2020-01-29 16:10:08,AMC,0.022923511882020325,0.12988997555012224,0.01462609207267651,ES,stopped_pre,-264.0,-163.72499999999945,-216.22499999999945,0,0,1,-1,1,-1,-1,0,-1,1,1,-1,-1,1,-1,1,-1,1,-1,1,1,-1,0,0,0,0,-1,1,0,0,-1,1,1,-1,1,-1,0,0,-1,1,0,0,0,0,-1,1,1,-1,0,0,0,-1,0,0,0,0,1,-1,1,-1,-1,1,-1,1,0,0,-1,1,0,0,-1,1,0,0,-1,1,-1,1,1,-1,0,2,-1,1,1,-1,-1,1,-1,1,-1,1,0,0,1,-1,1,-1,-1,1,-1,1,0,0,-1,1,1,-1,-1,1,-1,1,1,-1,1,-1,0,0,1,-1,0,0,0,0,0,0,0,0,-1,1,0,0,0,2,0,0,0,2,-1,1,-1,1,-1,1,0,0,1,-1,-1,1,-1,1,-1,1,-1,1,1,-1,-1,1,-1,1,0,0,0,0,-1,1,0,0,-1,1,-1,0,1,-1,-1,1,0,0,1,-1,-1,1,1,-1,1,-1,-1,1,0,0,0,0,0,0,0,0,1,-1,0,0,-1,1,0,0,1,-1,-1,1,1,-1,0,0,1,-1,-1,1,-1,1,-1,1,-1,1,-1,1,1,-1,-1,1,0,0,0,0,0,0,1,-1,-1,1,-1,1,-1,1,1,-1,-1,1,-1,1,-1,1,-1,1,-1,1,-1,1,0,0,0,0,-1,1,1,-1,-1,1,1,-1,-1,1,1,-1,0,0,-1,1,0,0,0,0,-1,1,1,-1,-1,1,-1,1,0,0,-1,1,1,-1,0,0,1,-1,-1,1,-1,1,0,0,1,-1,-1,1,-1,1,0,0,-1,1,-1,1,1,-1,0,0,-1,1,0,0,0,0,-1,1
AMZN,2020-01-30 16:46:49,AMC,0.0,0.09109542245502164,0.010118774160874193,ES,timed,790.0,62.5,10.0,0,0,-1,1,1,-1,1,0,1,-1,-1,1,1,-1,1,-1,1,-1,1,-1,-1,1,0,2,0,2,1,-1,0,0,1,-1,1,-1,-1,1,0,0,0,0,-1,1,0,0,1,-1,1,-1,0,2,0,-1,0,0,0,0,0,0,1,-1,1,-1,-1,1,0,0,1,-1,1,-1,-1,1,0,0,1,-1,-1,1,-1,1,0,0,1,-1,1,-1,-1,1,1,-1,1,-1,0,0,0,0,0,0,1,-1,1,-1,1,-1,1,-1,-1,1,1,-1,1,-1,-1,1,1,-1,1,-1,1,-1,0,0,0,2,0,2,0,0,1,-1,0,0,0,2,-1,1,0,0,1,-1,1,-1,1,-1,0,0,-1,1,1,-1,1,-1,1,-1,1,-1,-1,1,-1,1,-1,1,0,0,0,0,1,-1,-1,1,1,-1,1,0,-1,1,1,-1,0,0,1,-1,1,-1,1,-1,1,-1,1,-1,0,0,0,0,0,2,0,0,1,-1,1,-1,1,-1,1,-1,1,-1,1,-1,-1,1,0,0,1,-1,-1,1,1,-1,1,-1,-1,1,1,-1,-1,1,-1,1,0,2,0,0,0,0,-1,1,1,-1,-1,1,-1,1,1,-1,1,-1,1,-1,1,-1,1,-1,1,-1,-1,1,0,0,0,2,1,-1,-1,1,1,-1,1,-1,1,-1,-1,1,0,0,-1,1,0,0,-1,1,1,-1,-1,1,-1,1,-1,1,0,0,1,-1,1,-1,0,2,1,-1,1,-1,-1,1,0,2,-1,1,1,-1,1,-1,1,-1,1,-1,1,-1,-1,1,1,-1,1,-1,0,2,-1,1,1,-1
GOOGL,2020-02-03 16:02:04,AMC,0.007707129094412332,0.030826140567200986,0.02470770762565628,ES,stopped_pre,-51.0,-162.34999999999218,-214.84999999999218,0,0,1,-1,1,-1,-1,0,-1,1,1,-1,-1,1,-1,1,-1,1,-1,1,-1,1,0,0,0,0,-1,1,0,0,1,-1,-1,1,1,-1,0,0,0,0,-1,1,0,0,-1,1,1,-1,0,0,0,-1,0,1,0,0,0,0,-1,1,-1,1,-1,1,0,0,-1,1,1,-1,-1,1,0,0,-1,1,1,-1,1,-1,0,0,-1,1,-1,1,-1,1,-1,1,-1,1,0,0,0,0,1,-1,-1,1,-1,1,-1,1,-1,1,1,-1,-1,1,-1,1,1,-1,1,-1,-1,1,1,-1,0,0,0,0,0,0,0,0,-1,1,0,0,0,0,0,0,0,0,-1,1,-1,1,-1,1,1,-1,1,-1,-1,1,1,-1,-1,1,-1,1,1,-1,-1,1,-1,1,0,0,0,0,-1,1,0,0,-1,1,-1,0,-1,1,-1,1,0,0,-1,1,-1,1,-1,1,1,-1,-1,1,0,0,0,0,0,0,0,0,-1,1,0,0,1,-1,0,0,1,-1,1,-1,-1,1,0,0,1,-1,1,-1,-1,1,-1,1,1,-1,-1,1,1,-1,-1,1,0,0,0,0,0,0,-1,1,-1,1,-1,1,1,-1,1,-1,-1,1,1,-1,-1,1,-1,1,0,0,1,-1,0,0,0,0,-1,1,-1,1,-1,1,1,-1,-1,1,1,-1,0,0,-1,1,0,0,0,0,-1,1,1,-1,-1,1,-1,1,0,0,-1,1,-1,1,0,0,1,-1,-1,1,1,-1,0,0,1,-1,-1,1,-1,1,-1,1,-1,1,-1,1,-1,1,-1,1,-1,1,0,0,0,0,-1,1
MU,2020-03-25 16:00:49,AMC,0.36488951956213256,0.060808756460930376,0.017224379373512,ES,stopped_pre,-295.0,-124.23750000000382,-176.73750000000382,0,2,-1,1,-1,1,-1,0,-1,1,1,-1,1,-1,-1,1,-1,1,-1,1,1,-1,0,0,0,2,-1,1,0,0,-1,1,-1,1,1,-1,0,0,-1,1,1,-1,-1,1,-1,1,-1,1,0,0,0,-1,0,1,0,0,0,0,-1,1,1,-1,1,-1,0,0,-1,1,1,-1,-1,1,-1,1,-1,1,1,-1,-1,1,0,2,-1,1,-1,1,-1,1,-1,1,-1,1,-1,1,0,0,0,0,-1,1,-1,1,-1,1,-1,1,-1,1,-1,1,-1,1,1,-1,-1,1,-1,1,1,-1,-1,1,0,0,0,0,-1,1,-1,1,0,0,0,0,0,0,0,0,-1,1,-1,1,-1,1,-1,1,1,-1,-1,1,1,-1,1,-1,-1,1,-1,1,-1,1,1,-1,0,2,0,0,-1,1,0,0,-1,1,-1,0,-1,1,-1,1,0,0,-1,1,1,-1,-1,1,-1,1,-1,1,0,0,0,2,0,0,0,0,-1,1,1,-1,1,-1,1,-1,1,-1,1,-1,-1,1,0,0,-1,1,1,-1,-1,1,-1,1,-1,1,-1,1,1,-1,-1,1,0,0,0,0,0,0,-1,1,1,-1,-1,1,1,-1,-1,1,-1,1,1,-1,-1,1,-1,1,0,0,1,-1,0,2,0,0,-1,1,-1,1,1,-1,-1,1,-1,1,-1,1,0,0,1,-1,0,0,0,0,-1,1,1,-1,-1,1,-1,1,0,0,-1,1,-1,1,0,0,-1,1,-1,1,1,-1,0,0,1,-1,-1,1,1,-1,-1,1,-1,1,1,-1,-1,1,-1,1,-1,1,0,0,0,0,-1,1
NFLX,2020-04-21 16:02:36,AMC,0.07323995239403094,0.10069571585499817,0.008703965784650661,ES,stopped_pre,-163.0,-136.57499999999345,-189.07499999999345,0,0,-1,1,-1,1,-1,0,-1,1,1,-1,-1,1,-1,1,-1,1,-1,1,1,-1,0,0,0,2,-1,1,-1,1,-1,1,1,-1,1,-1,0,0,-1,1,0,0,0,0,-1,1,-1,1,0,0,0,-1,0,1,0,0,1,-1,-1,1,-1,1,-1,1,0,0,-1,1,-1,1,-1,1,0,0,-1,1,1,-1,-1,1,0,0,-1,1,-1,1,-1,1,-1,1,-1,1,0,0,1,-1,1,-1,-1,1,-1,1,0,0,-1,1,1,-1,-1,1,-1,1,1,-1,1,-1,0,0,1,-1,-1,1,0,0,0,0,-1,1,-1,1,0,0,0,2,0,0,0,0,-1,1,-1,1,-1,1,1,-1,1,-1,-1,1,1,-1,-1,1,-1,1,1,-1,-1,1,-1,1,0,0,0,0,-1,1,0,0,-1,1,-1,0,-1,1,-1,1,0,0,-1,1,-1,1,-1,1,-1,1,-1,1,0,0,0,0,0,0,0,0,-1,1,-1,1,-1,1,-1,1,-1,1,-1,1,-1,1,0,0,-1,1,1,-1,1,-1,1,-1,-1,1,-1,1,1,-1,-1,1,0,0,0,0,0,0,-1,1,-1,1,-1,1,-1,1,1,-1,-1,1,1,-1,-1,1,-1,1,0,0,1,-1,0,0,0,0,-1,1,-1,1,-1,1,1,-1,-1,1,1,-1,0,0,-1,1,0,0,0,0,-1,1,-1,1,-1,1,-1,1,0,0,-1,1,-1,1,0,0,1,-1,1,-1,1,-1,0,0,-1,1,-1,1,-1,1,-1,1,1,-1,-1,1,-1,1,-1,1,-1,1,0,0,0,0,-1,1
INTC,2020-04-23 16:07:24,AMC,0.09868125953171258,0.1794365691727974,0.023073373327180433,ES,stopped_post,101.0,-139.28750000000036,-191.78750000000036,0,0,-1,1,-1,1,0,2,-1,1,-1,1,-1,1,-1,1,0,0,-1,1,-1,1,0,0,0,0,-1,1,-1,1,-1,1,-1,1,-1,1,0,0,1,-1,0,0,-1,1,-1,1,-1,1,0,2,0,1,0,1,0,0,-1,1,-1,1,-1,1,1,-1,0,0,-1,1,1,-1,-1,1,-1,1,-1,1,-1,1,-1,1,0,2,-1,1,-1,1,-1,1,-1,1,-1,1,-1,1,-1,1,0,0,-1,1,-1,1,-1,1,-1,1,-1,1,-1,1,-1,1,-1,1,-1,1,-1,1,-1,1,-1,1,0,0,0,0,0,0,-1,1,0,0,0,0,-1,1,0,2,-1,1,-1,1,-1,1,1,-1,-1,1,-1,1,-1,1,1,-1,-1,1,-1,1,-1,1,1,-1,0,0,0,0,-1,1,-1,1,-1,1,-1,0,-1,1,-1,1,0,0,-1,1,1,-1,-1,1,1,-1,-1,1,1,-1,0,0,0,0,0,0,-1,1,0,0,-1,1,0,0,1,-1,1,-1,-1,1,0,0,-1,1,1,-1,-1,1,-1,1,-1,1,-1,1,1,-1,-1,1,0,0,0,0,0,0,-1,1,-1,1,-1,1,1,-1,-1,1,-1,1,1,-1,-1,1,-1,1,-1,1,1,-1,0,0,0,0,1,-1,1,-1,-1,1,-1,1,-1,1,-1,1,0,0,1,-1,0,0,-1,1,-1,1,1,-1,-1,1,-1,1,0,0,-1,1,-1,1,0,0,-1,1,-1,1,1,-1,0,0,1,-1,-1,1,-1,1,-1,1,1,-1,-1,1,1,-1,-1,1,-1,1,0,0,-1,1,-1,1
GOOGL,2020-04-28 16:01:47,AMC,0.034995625546806644,0.14871839734056513,0.023946360153256702,ES,stopped_pre,-191.0,-150.0,-202.5,0,2,-1,1,-1,1,-1,0,-1,1,1,-1,-1,1,-1,1,-1,1,-1,1,1,-1,0,0,0,2,-1,1,0,0,-1,1,-1,1,1,-1,0,0,-1,1,0,0,-1,1,-1,1,-1,1,0,0,0,-1,0,1,0,0,0,0,-1,1,1,-1,1,-1,0,0,-1,1,-1,1,-1,1,-1,1,-1,1,1,-1,-1,1,0,0,-1,1,-1,1,-1,1,-1,1,-1,1,-1,1,0,0,0,0,-1,1,-1,1,-1,1,-1,1,-1,1,-1,1,-1,1,1,-1,-1,1,-1,1,1,-1,0,0,0,0,0,0,-1,1,-1,1,0,0,0,0,0,0,0,0,-1,1,-1,1,-1,1,-1,1,1,-1,-1,1,1,-1,1,-1,-1,1,-1,1,-1,1,1,-1,0,2,0,0,-1,1,0,0,-1,1,-1,0,-1,1,-1,1,0,0,-1,1,1,-1,-1,1,1,-1,-1,1,0,0,0,0,0,0,0,0,-1,1,0,0,-1,1,0,0,-1,1,-1,1,-1,1,0,0,-1,1,1,-1,-1,1,-1,1,-1,1,-1,1,1,-1,-1,1,0,0,0,0,0,0,-1,1,-1,1,-1,1,1,-1,-1,1,1,-1,1,-1,-1,1,-1,1,-1,1,1,-1,0,0,0,0,-1,1,-1,1,-1,1,-1,1,-1,1,-1,1,0,0,1,-1,0,0,0,0,-1,1,1,-1,-1,1,-1,1,0,0,-1,1,-1,1,0,0,-1,1,-1,1,1,-1,0,0,1,-1,-1,1,-1,1,-1,1,-1,1,1,-1,-1,1,-1,1,-1,1,0,0,0,0,-1,1
MSFT,2020-04-29 16:03:54,AMC,0.07665445873434971,0.4684439144876927,0.018797254645442844,ES,tp,634.0,585.8999999999924,533.3999999999924,0,2,-1,1,-1,1,-1,0,-1,1,-1,1,1,-1,-1,1,0,0,-1,1,1,-1,0,0,0,0,-1,1,-1,1,-1,1,-1,1,-1,1,0,0,0,0,1,-1,-1,1,-1,1,-1,1,0,0,0,1,0,1,0,0,0,0,-1,1,1,-1,1,-1,0,0,-1,1,1,-1,-1,1,-1,1,-1,1,1,-1,-1,1,0,2,-1,1,-1,1,-1,1,-1,1,-1,1,-1,1,0,0,0,0,-1,1,-1,1,-1,1,-1,1,-1,1,-1,1,-1,1,-1,1,-1,1,-1,1,-1,1,0,0,0,0,0,0,-1,1,-1,1,0,0,0,0,0,0,0,0,-1,1,-1,1,-1,1,1,-1,-1,1,-1,1,-1,1,1,-1,-1,1,-1,1,-1,1,1,-1,0,2,0,0,-1,1,0,0,-1,1,-1,0,-1,1,-1,1,0,0,-1,1,1,-1,-1,1,1,-1,-1,1,1,-1,0,0,0,0,0,0,-1,1,1,-1,1,-1,1,-1,1,-1,1,-1,-1,1,0,0,-1,1,1,-1,-1,1,-1,1,-1,1,0,0,1,-1,-1,1,0,0,0,0,0,0,-1,1,1,-1,-1,1,1,-1,-1,1,1,-1,1,-1,-1,1,-1,1,0,0,1,-1,0,2,0,0,1,-1,1,-1,1,-1,-1,1,-1,1,-1,1,0,0,1,-1,0,0,0,0,-1,1,-1,1,-1,1,-1,1,0,0,-1,1,-1,1,0,0,-1,1,-1,1,1,-1,0,0,1,-1,-1,1,1,-1,-1,1,1,-1,1,-1,1,-1,-1,1,-1,1,0,0,-1,1,-1,1
META,2020-04-29 16:10:26,AMC,0.034048348655090224,0.6043581886278515,0.01768346595932803,ES,timed,273.0,387.5,335.0,0,0,1,-1,-1,1,-1,0,-1,1,-1,1,1,-1,-1,1,-1,1,-1,1,-1,1,0,0,0,0,-1,1,-1,1,1,-1,-1,1,1,-1,0,0,0,0,0,0,0,0,1,-1,-1,1,0,2,0,-1,0,1,0,0,0,0,-1,1,-1,1,1,-1,0,0,-1,1,1,-1,1,-1,0,0,1,-1,-1,1,1,-1,0,0,-1,1,1,-1,-1,1,-1,1,-1,1,0,0,0,0,0,0,-1,1,-1,1,-1,1,-1,1,1,-1,-1,1,-1,1,1,-1,1,-1,0,0,1,-1,0,0,0,0,0,0,0,0,-1,1,0,0,0,0,0,0,0,0,-1,1,-1,1,-1,1,0,0,1,-1,-1,1,1,-1,1,-1,-1,1,1,-1,-1,1,1,-1,0,0,0,0,-1,1,0,0,-1,1,-1,0,1,-1,-1,1,0,0,-1,1,1,-1,0,0,1,-1,1,-1,1,-1,0,0,0,0,0,0,1,-1,1,-1,1,-1,1,-1,1,-1,1,-1,1,-1,0,0,1,-1,-1,1,-1,1,1,-1,1,-1,-1,1,-1,1,1,-1,0,0,0,0,0,0,1,-1,-1,1,1,-1,-1,1,1,-1,-1,1,-1,1,-1,1,-1,1,0,0,1,-1,0,0,0,0,-1,1,-1,1,-1,1,1,-1,-1,1,1,-1,0,0,-1,1,0,0,0,0,-1,1,1,-1,-1,1,-1,1,0,0,1,-1,-1,1,0,2,-1,1,-1,1,-1,1,0,0,-1,1,-1,1,1,-1,-1,1,1,-1,-1,1,-1,1,-1,1,-1,1,0,0,0,0,-1,1
TSLA,2020-04-29 16:56:22,AMC,0.06773346880027092,0.0762001524003048,0.011716461628588167,ES,timed,217.0,450.0,397.5,0,0,-1,1,-1,1,1,0,1,-1,-1,1,1,-1,1,-1,0,0,1,-1,1,-1,0,0,0,2,1,-1,1,-1,-1,1,-1,1,-1,1,0,0,0,0,-1,1,0,0,-1,1,-1,1,0,2,0,1,0,-1,0,0,0,0,1,-1,1,-1,1,-1,0,0,1,-1,1,-1,-1,1,0,0,1,-1,1,-1,-1,1,0,0,1,-1,-1,1,-1,1,-1,1,1,-1,-1,1,-1,1,0,0,1,-1,1,-1,1,-1,-1,1,-1,1,1,-1,1,-1,-1,1,1,-1,-1,1,-1,1,-1,1,0,0,0,2,0,0,1,-1,0,0,0,2,-1,1,0,0,1,-1,1,-1,1,-1,0,0,-1,1,1,-1,-1,1,-1,1,1,-1,-1,1,-1,1,-1,1,0,0,0,2,-1,1,-1,1,1,-1,-1,0,-1,1,1,-1,0,0,-1,1,1,-1,-1,1,1,-1,1,-1,1,-1,0,0,0,2,0,0,-1,1,1,-1,1,-1,1,-1,1,-1,1,-1,-1,1,0,0,-1,1,-1,1,-1,1,1,-1,-1,1,1,-1,1,-1,-1,1,0,2,0,0,0,0,-1,1,1,-1,1,-1,1,-1,-1,1,1,-1,1,-1,0,0,1,-1,1,-1,-1,1,0,0,0,2,1,-1,-1,1,1,-1,-1,1,1,-1,-1,1,0,0,1,-1,0,0,0,0,0,0,-1,1,-1,1,-1,1,0,0,1,-1,1,-1,0,0,-1,1,-1,1,-1,1,0,0,-1,1,1,-1,1,-1,0,0,1,-1,1,-1,-1,1,0,0,1,-1,0,2,-1,1,-1,1
AAPL,2020-04-30 16:30:41,AMC,0.09494217158639738,0.40548701578811147,0.04951285023629037,ES,,,,,0,0,1,-1,-1,1,-1,0,-1,1,1,-1,-1,1,-1,1,0,0,-1,1,1,-1,0,0,0,0,-1,1,1,-1,1,-1,1,-1,1,-1,0,0,1,-1,0,0,0,0,1,-1,1,-1,0,2,0,-1,0,1,0,0,1,-1,-1,1,1,-1,-1,1,0,0,-1,1,-1,1,1,-1,0,0,-1,1,-1,1,1,-1,0,2,-1,1,1,-1,1,-1,-1,1,-1,1,0,0,1,-1,1,-1,-1,1,0,0,-1,1,1,-1,1,-1,-1,1,-1,1,1,-1,-1,1,0,0,1,-1,0,0,0,0,0,0,0,0,-1,1,0,0,0,0,0,0,0,0,1,-1,0,0,-1,1,-1,1,1,-1,1,-1,1,-1,-1,1,1,-1,1,-1,-1,1,-1,1,0,0,0,0,1,-1,0,0,-1,1,0,0,1,-1,-1,1,0,0,1,-1,1,-1,1,-1,1,-1,-1,1,0,0,0,0,0,0,0,0,1,-1,-1,1,-1,1,-1,1,-1,1,-1,1,1,-1,0,0,1,-1,1,-1,-1,1,-1,1,1,-1,0,0,-1,1,1,-1,0,0,0,0,0,0,1,-1,1,-1,1,-1,1,-1,1,-1,1,-1,1,-1,0,0,1,-1,0,0,1,-1,0,0,0,0,-1,1,-1,1,-1,1,1,-1,-1,1,1,-1,0,0,-1,1,0,0,0,0,0,0,-1,1,-1,1,1,-1,0,0,-1,1,-1,1,0,2,1,-1,-1,1,-1,1,0,0,1,-1,-1,1,-1,1,-1,1,-1,1,-1,1,-1,1,0,0,-1,1,0,0,0,0,0,0
AMZN,2020-04-30 16:42:20,AMC,0.09514747859181732,0.25084335265115476,0.009760858955588092,ES,stopped_pre,-273.0,-144.67500000000655,-197.17500000000655,0,0,-1,1,1,-1,0,2,0,0,1,-1,-1,1,-1,1,0,0,-1,1,1,-1,0,0,0,0,-1,1,1,-1,-1,1,-1,1,-1,1,0,0,-1,1,-1,1,0,0,-1,1,-1,1,0,0,0,-1,0,0,0,0,0,0,1,-1,1,-1,-1,1,0,0,1,-1,-1,1,-1,1,-1,1,-1,1,1,-1,-1,1,0,0,-1,1,-1,1,1,-1,-1,1,-1,1,0,0,-1,1,0,0,-1,1,-1,1,0,0,-1,1,-1,1,-1,1,-1,1,-1,1,-1,1,0,0,-1,1,-1,1,0,0,0,0,0,0,-1,1,0,0,0,0,0,0,0,0,-1,1,-1,1,-1,1,0,0,-1,1,-1,1,-1,1,-1,1,-1,1,1,-1,1,-1,1,-1,0,0,0,2,-1,1,0,0,-1,1,-1,0,-1,1,-1,1,0,0,-1,1,1,-1,-1,1,1,-1,1,-1,0,0,0,0,0,0,0,0,-1,1,-1,1,-1,1,-1,1,-1,1,-1,1,-1,1,0,0,-1,1,1,-1,-1,1,-1,1,1,-1,0,0,-1,1,-1,1,0,0,0,0,0,0,-1,1,-1,1,1,-1,1,-1,1,-1,1,-1,-1,1,-1,1,1,-1,0,0,-1,1,0,0,0,2,-1,1,-1,1,1,-1,-1,1,-1,1,-1,1,0,0,1,-1,0,0,-1,1,-1,1,1,-1,1,-1,-1,1,0,0,1,-1,1,-1,0,2,-1,1,-1,1,-1,1,0,0,1,-1,1,-1,-1,1,-1,1,-1,1,-1,1,-1,1,-1,1,1,-1,0,0,0,0,-1,1
MU,2020-06-29 16:02:05,AMC,0.02461841457410143,0.03282724661469019,0.01734304543877905,ES,tp,-106.0,606.7000000000007,554.2000000000007,0,0,1,-1,1,-1,0,2,-1,1,1,-1,1,-1,1,-1,0,0,1,-1,1,-1,0,0,0,0,1,-1,1,-1,1,-1,1,-1,1,-1,0,0,0,0,0,0,1,-1,1,-1,1,-1,0,0,0,-1,0,-1,0,0,1,-1,1,-1,1,-1,1,-1,0,0,1,-1,1,-1,1,-1,1,-1,1,-1,1,-1,1,-1,0,0,1,-1,1,-1,1,-1,1,-1,1,-1,0,0,1,-1,0,0,1,-1,1,-1,1,-1,1,-1,1,-1,1,-1,1,-1,1,-1,1,-1,1,-1,1,-1,1,-1,0,0,0,0,0,0,1,-1,0,0,0,0,1,-1,0,0,1,-1,1,-1,0,0,0,0,1,-1,1,-1,1,-1,-1,1,1,-1,1,-1,-1,1,-1,1,0,2,0,2,1,-1,0,0,1,-1,1,0,1,-1,1,-1,0,0,1,-1,1,-1,1,-1,-1,1,1,-1,-1,1,0,0,0,0,0,0,1,-1,1,-1,1,-1,1,-1,1,-1,1,-1,1,-1,0,0,1,-1,1,-1,1,-1,1,-1,1,-1,0,0,1,-1,1,-1,0,0,0,0,0,0,1,-1,1,-1,-1,1,1,-1,1,-1,1,-1,-1,1,1,-1,1,-1,0,0,-1,1,0,0,0,0,-1,1,-1,1,-1,1,1,-1,1,-1,1,-1,0,0,-1,1,0,0,1,-1,1,-1,-1,1,-1,1,1,-1,0,0,1,-1,1,-1,0,0,1,-1,1,-1,1,-1,0,0,1,-1,1,-1,1,-1,1,-1,-1,1,1,-1,-1,1,1,-1,1,-1,0,0,1,-1,1,-1
NFLX,2020-07-16 16:57:23,AMC,0.007821666014861166,0.08603832616347282,0.008818342151675486,ES,timed,156.0,-50.0,-102.5,0,0,1,-1,1,-1,-1,0,-1,1,1,-1,-1,1,-1,1,0,0,1,-1,1,-1,0,2,0,0,-1,1,1,-1,1,-1,1,-1,1,-1,0,0,1,-1,0,0,0,0,-1,1,1,-1,0,2,0,-1,0,0,0,0,0,0,1,-1,0,0,1,-1,0,0,-1,1,-1,1,1,-1,0,0,1,-1,-1,1,1,-1,0,0,-1,1,1,-1,1,-1,-1,1,1,-1,0,0,1,-1,-1,1,1,-1,-1,1,-1,1,-1,1,1,-1,-1,1,-1,1,-1,1,-1,1,0,0,1,-1,0,0,0,2,0,2,0,0,-1,1,0,0,0,2,1,-1,0,0,0,0,-1,1,1,-1,-1,1,1,-1,-1,1,-1,1,-1,1,-1,1,1,-1,1,-1,-1,1,0,0,0,0,1,-1,1,-1,1,-1,1,0,1,-1,-1,1,0,0,1,-1,-1,1,1,-1,-1,1,1,-1,0,0,0,0,0,2,0,0,1,-1,0,0,-1,1,0,0,-1,1,-1,1,1,-1,0,0,-1,1,0,0,-1,1,1,-1,1,-1,-1,1,-1,1,1,-1,0,2,0,0,0,0,1,-1,-1,1,1,-1,0,0,1,-1,-1,1,-1,1,0,0,1,-1,-1,1,-1,1,0,0,0,2,1,-1,-1,1,1,-1,1,-1,-1,1,1,-1,0,0,-1,1,0,0,1,-1,0,0,1,-1,1,-1,1,-1,0,2,1,-1,1,-1,0,2,1,-1,-1,1,-1,1,0,2,1,-1,-1,1,-1,1,-1,1,1,-1,-1,1,-1,1,0,0,1,-1,0,2,1,-1,1,-1
MSFT,2020-07-22 16:03:04,AMC,0.022958597994949106,0.02295684113865932,0.020955574182732608,ES,stopped_pre,-60.0,-163.4499999999889,-215.9499999999889,0,0,-1,1,1,-1,1,0,1,-1,1,-1,1,-1,1,-1,1,-1,1,-1,1,-1,0,0,0,0,1,-1,0,0,-1,1,1,-1,1,-1,0,0,1,-1,0,0,0,0,-1,1,-1,1,0,0,0,-1,0,-1,0,0,1,-1,1,-1,1,-1,1,-1,0,0,1,-1,1,-1,-1,1,1,-1,1,-1,-1,1,-1,1,0,0,1,-1,1,-1,-1,1,1,-1,1,-1,0,0,1,-1,1,-1,1,-1,1,-1,1,-1,1,-1,-1,1,1,-1,1,-1,-1,1,1,-1,0,0,1,-1,0,0,0,0,0,0,0,0,1,-1,0,0,0,0,1,-1,0,2,1,-1,1,-1,1,-1,1,-1,1,-1,1,-1,1,-1,-1,1,1,-1,1,-1,1,-1,1,-1,0,0,0,0,1,-1,0,0,1,-1,1,0,-1,1,1,-1,0,0,1,-1,1,-1,1,-1,1,-1,1,-1,-1,1,0,0,0,0,0,0,1,-1,0,0,1,-1,0,0,1,-1,1,-1,-1,1,0,0,-1,1,0,0,1,-1,1,-1,-1,1,1,-1,-1,1,1,-1,0,0,0,0,0,0,-1,1,1,-1,1,-1,1,-1,-1,1,1,-1,1,-1,1,-1,1,-1,1,-1,1,-1,0,0,0,0,-1,1,1,-1,1,-1,1,-1,1,-1,1,-1,0,0,1,-1,0,0,0,0,1,-1,-1,1,1,-1,1,-1,0,0,1,-1,1,-1,0,0,-1,1,1,-1,1,-1,0,0,1,-1,1,-1,1,-1,1,-1,1,-1,1,-1,1,-1,1,-1,1,-1,0,0,1,-1,1,-1
TSLA,2020-07-22 16:54:41,AMC,0.007653451706719731,0.00765286599831637,0.014747909896879203,ES,timed,318.0,12.5,-40.0,0,0,-1,1,1,-1,0,2,0,0,-1,1,1,-1,1,-1,0,0,1,-1,1,-1,0,2,0,2,-1,1,0,0,-1,1,-1,1,-1,1,0,0,0,0,0,0,0,0,-1,1,1,-1,0,2,0,1,0,0,0,0,0,0,1,-1,1,-1,1,-1,0,0,-1,1,1,-1,-1,1,-1,1,-1,1,1,-1,-1,1,0,0,-1,1,-1,1,-1,1,-1,1,-1,1,-1,1,-1,1,1,-1,-1,1,0,0,-1,1,-1,1,-1,1,1,-1,1,-1,1,-1,-1,1,0,0,-1,1,0,0,0,0,0,2,0,0,0,0,0,0,0,0,-1,1,0,2,1,-1,0,0,1,-1,1,-1,-1,1,-1,1,-1,1,-1,1,-1,1,1,-1,-1,1,1,-1,0,0,0,0,-1,1,-1,1,-1,1,-1,0,-1,1,-1,1,0,0,-1,1,-1,1,-1,1,1,-1,-1,1,-1,1,0,0,0,2,0,0,-1,1,0,0,1,-1,0,0,1,-1,1,-1,-1,1,0,0,-1,1,1,-1,1,-1,1,-1,-1,1,0,0,-1,1,-1,1,0,2,0,0,0,0,-1,1,-1,1,-1,1,1,-1,1,-1,-1,1,1,-1,0,0,-1,1,0,0,1,-1,0,0,0,2,1,-1,1,-1,-1,1,-1,1,-1,1,-1,1,0,0,1,-1,0,0,-1,1,0,0,-1,1,-1,1,-1,1,0,2,-1,1,1,-1,0,0,-1,1,1,-1,-1,1,0,2,-1,1,-1,1,1,-1,-1,1,-1,1,-1,1,1,-1,0,0,1,-1,0,2,-1,1,-1,1
INTC,2020-07-23 16:07:41,AMC,0.046511627906976744,0.046511627906976744,0.02347128506435403,ES,stopped_pre,-221.0,-161.32500000001073,-213.82500000001073,0,0,1,-1,1,-1,0,2,0,0,1,-1,-1,1,1,-1,0,0,1,-1,1,-1,0,0,0,2,1,-1,0,0,1,-1,1,-1,1,-1,0,0,-1,1,0,0,0,0,1,-1,1,-1,0,2,0,-1,0,-1,0,0,0,0,-1,1,1,-1,1,-1,0,0,1,-1,-1,1,1,-1,1,-1,1,-1,1,-1,1,-1,0,0,1,-1,1,-1,1,-1,1,-1,1,-1,1,-1,1,-1,0,0,1,-1,1,-1,0,0,1,-1,1,-1,1,-1,1,-1,1,-1,1,-1,0,0,1,-1,1,-1,0,0,0,0,0,0,1,-1,0,0,0,0,1,-1,0,2,1,-1,1,-1,1,-1,0,0,1,-1,1,-1,1,-1,-1,1,1,-1,1,-1,1,-1,-1,1,0,0,0,2,1,-1,1,-1,1,-1,1,0,1,-1,1,-1,0,0,1,-1,1,-1,1,-1,1,-1,1,-1,-1,1,0,0,0,0,0,0,1,-1,-1,1,-1,1,-1,1,-1,1,-1,1,1,-1,0,0,1,-1,1,-1,-1,1,1,-1,1,-1,0,0,1,-1,1,-1,0,0,0,0,0,0,1,-1,1,-1,1,-1,1,-1,1,-1,1,-1,-1,1,0,0,1,-1,0,0,-1,1,0,0,0,0,-1,1,-1,1,-1,1,1,-1,1,-1,1,-1,0,0,-1,1,0,0,1,-1,0,0,1,-1,1,-1,1,-1,0,0,1,-1,-1,1,0,0,1,-1,1,-1,1,-1,0,0,-1,1,1,-1,-1,1,1,-1,1,-1,1,-1,-1,1,1,-1,1,-1,0,0,1,-1,1,-1
GOOGL,2020-07-30 18:40:20,AMC,0.007656967840735069,0.030627871362940276,0.02470770762565628,ES,timed,892.0,0.0,-52.5,0,0,-1,1,-1,1,0,2,-1,1,-1,1,1,-1,-1,1,-1,1,-1,1,-1,1,0,2,0,2,-1,1,0,0,-1,1,-1,1,-1,1,0,0,0,0,0,0,-1,1,-1,1,-1,1,0,0,0,-1,0,0,0,0,0,0,-1,1,-1,1,-1,1,0,0,-1,1,1,-1,-1,1,-1,1,-1,1,-1,1,-1,1,0,0,-1,1,-1,1,-1,1,-1,1,-1,1,0,0,0,0,-1,1,-1,1,0,0,-1,1,1,-1,-1,1,1,-1,1,-1,-1,1,-1,1,0,0,-1,1,1,-1,0,0,0,2,0,0,0,0,0,0,0,0,0,0,0,0,-1,1,0,0,-1,1,0,0,-1,1,-1,1,-1,1,-1,1,-1,1,1,-1,-1,1,1,-1,0,0,0,0,-1,1,-1,1,-1,1,-1,0,-1,1,-1,1,0,0,-1,1,-1,1,-1,1,1,-1,-1,1,0,0,0,0,0,2,0,0,-1,1,1,-1,1,-1,1,-1,1,-1,1,-1,-1,1,0,0,-1,1,0,0,1,-1,-1,1,-1,1,0,0,1,-1,-1,1,0,2,0,0,0,0,-1,1,-1,1,-1,1,-1,1,1,-1,-1,1,1,-1,-1,1,-1,1,0,0,-1,1,0,0,0,2,-1,1,-1,1,-1,1,-1,1,-1,1,-1,1,0,0,1,-1,0,0,0,0,-1,1,-1,1,-1,1,-1,1,0,0,-1,1,-1,1,0,0,-1,1,-1,1,-1,1,0,0,1,-1,-1,1,1,-1,-1,1,-1,1,-1,1,-1,1,-1,1,-1,1,0,2,-1,1,-1,1
AAPL,2020-07-30 18:55:04,AMC,0.00765872711955273,0.03063490847821092,0.049809065249875474,ES,timed,898.0,37.5,-15.0,0,0,1,-1,1,-1,0,2,0,0,1,-1,1,-1,-1,1,0,0,-1,1,1,-1,0,2,0,2,1,-1,0,0,-1,1,1,-1,1,-1,0,0,-1,1,0,0,0,0,1,-1,1,-1,0,2,0,-1,0,-1,0,0,0,0,-1,1,1,-1,1,-1,0,0,1,-1,1,-1,-1,1,0,0,1,-1,1,-1,1,-1,0,0,1,-1,1,-1,1,-1,1,-1,1,-1,0,0,1,-1,1,-1,1,-1,1,-1,-1,1,1,-1,1,-1,1,-1,1,-1,1,-1,1,-1,0,0,1,-1,0,0,0,2,0,2,0,0,0,0,0,0,0,0,0,0,0,0,1,-1,-1,1,1,-1,1,-1,1,-1,1,-1,1,-1,1,-1,1,-1,1,-1,1,-1,1,-1,0,0,0,0,1,-1,0,0,1,-1,1,0,1,-1,-1,1,0,0,1,-1,1,-1,-1,1,1,-1,1,-1,-1,1,0,0,0,0,0,0,1,-1,1,-1,1,-1,1,-1,1,-1,1,-1,1,-1,0,0,1,-1,0,0,1,-1,1,-1,1,-1,1,-1,1,-1,0,0,0,2,0,0,0,0,1,-1,1,-1,1,-1,1,-1,-1,1,1,-1,1,-1,0,0,-1,1,0,0,1,-1,0,0,0,2,1,-1,0,0,1,-1,1,-1,-1,1,1,-1,0,0,1,-1,0,0,1,-1,0,0,1,-1,1,-1,1,-1,0,0,1,-1,-1,1,0,2,1,-1,1,-1,-1,1,0,0,-1,1,1,-1,1,-1,0,0,1,-1,1,-1,0,0,0,0,-1,1,0,2,1,-1,1,-1
AMZN,2020-07-30 19:05:15,AMC,0.007656967840735069,0.10720575848074125,0.010118774160874193,ES,timed,900.0,87.5,35.0,0,0,1,-1,1,-1,0,2,-1,1,1,-1,1,-1,-1,1,0,0,1,-1,1,-1,0,2,0,2,1,-1,0,0,1,-1,1,-1,1,-1,0,0,-1,1,1,-1,0,0,1,-1,1,-1,0,2,0,-1,0,0,0,0,1,-1,-1,1,-1,1,1,-1,0,0,-1,1,1,-1,1,-1,0,0,1,-1,-1,1,1,-1,0,0,1,-1,1,-1,1,-1,1,-1,1,-1,0,0,1,-1,1,-1,1,-1,1,-1,0,0,-1,1,1,-1,1,-1,1,-1,1,-1,1,-1,0,0,1,-1,0,0,0,2,0,2,0,0,0,0,0,0,0,2,0,0,0,0,1,-1,0,0,0,0,1,-1,1,-1,1,-1,1,-1,1,-1,1,-1,1,-1,-1,1,1,-1,0,0,0,2,-1,1,1,-1,1,-1,1,0,1,-1,-1,1,0,0,1,-1,1,-1,0,0,1,-1,1,-1,-1,1,0,0,0,2,0,0,1,-1,1,-1,1,-1,1,-1,1,-1,1,-1,1,-1,0,0,-1,1,-1,1,1,-1,1,-1,1,-1,1,-1,-1,1,1,-1,0,2,0,0,0,0,1,-1,1,-1,1,-1,-1,1,-1,1,-1,1,0,0,1,-1,-1,1,1,-1,1,-1,0,0,0,2,-1,1,-1,1,-1,1,1,-1,-1,1,1,-1,0,0,-1,1,0,0,1,-1,1,-1,1,-1,1,-1,1,-1,0,2,1,-1,1,-1,0,2,1,-1,1,-1,-1,1,0,0,1,-1,-1,1,1,-1,1,-1,1,-1,-1,1,-1,1,1,-1,1,-1,0,2,0,0,1,-1
META,2020-07-30 19:18:23,AMC,0.007649938800489595,0.007650524060898172,0.020303488920674177,ES,timed,900.0,100.0,47.5,0,0,1,-1,-1,1,0,2,1,-1,1,-1,1,-1,1,-1,0,0,1,-1,1,-1,0,0,0,2,1,-1,0,0,-1,1,1,-1,1,-1,0,0,-1,1,0,0,1,-1,1,-1,-1,1,0,0,0,-1,0,0,0,0,1,-1,1,-1,1,-1,1,-1,0,0,1,-1,1,-1,1,-1,0,0,1,-1,1,-1,1,-1,0,2,1,-1,1,-1,1,-1,1,-1,1,-1,0,0,1,-1,0,0,1,-1,1,-1,0,0,1,-1,1,-1,1,-1,1,-1,1,-1,1,-1,0,0,1,-1,0,0,0,2,0,0,0,0,1,-1,0,0,0,2,1,-1,0,0,1,-1,0,0,-1,1,0,0,1,-1,1,-1,1,-1,1,-1,1,-1,1,-1,1,-1,1,-1,0,0,0,0,1,-1,1,-1,1,-1,1,0,1,-1,1,-1,0,0,1,-1,-1,1,-1,1,1,-1,1,-1,-1,1,0,0,0,0,0,0,1,-1,1,-1,1,-1,1,-1,1,-1,1,-1,1,-1,0,0,-1,1,0,0,1,-1,-1,1,-1,1,1,-1,1,-1,1,-1,0,0,0,0,0,0,1,-1,1,-1,1,-1,1,-1,-1,1,1,-1,-1,1,1,-1,-1,1,1,-1,-1,1,0,0,0,2,1,-1,1,-1,1,-1,1,-1,1,-1,1,-1,0,0,-1,1,0,0,1,-1,1,-1,1,-1,1,-1,1,-1,0,2,1,-1,1,-1,0,0,-1,1,1,-1,1,-1,0,0,1,-1,1,-1,1,-1,1,-1,1,-1,1,-1,1,-1,1,-1,-1,1,0,0,1,-1,1,-1
MU,2020-09-29 16:00:38,AMC,0.0827129859387924,0.30829385668095344,0.01769190879191343,ES,timed,861.0,337.5,285.0,0,0,-1,1,1,-1,0,2,0,0,1,-1,-1,1,-1,1,0,0,-1,1,1,-1,0,0,0,0,1,-1,0,0,1,-1,1,-1,1,-1,0,0,-1,1,1,-1,0,0,1,-1,1,-1,0,0,0,-1,0,0,0,0,0,0,1,-1,1,-1,1,-1,0,0,1,-1,-1,1,1,-1,0,0,1,-1,1,-1,1,-1,0,2,-1,1,1,-1,1,-1,1,-1,1,-1,0,0,1,-1,1,-1,1,-1,0,0,0,0,1,-1,-1,1,1,-1,-1,1,-1,1,1,-1,0,0,1,-1,-1,1,0,0,0,0,0,0,-1,1,0,0,0,0,0,0,0,0,0,0,-1,1,1,-1,1,-1,1,-1,1,-1,-1,1,1,-1,1,-1,-1,1,1,-1,1,-1,0,0,0,0,1,-1,0,0,1,-1,1,0,1,-1,-1,1,0,0,1,-1,1,-1,1,-1,1,-1,1,-1,0,0,0,0,0,0,0,0,1,-1,-1,1,-1,1,0,0,-1,1,-1,1,1,-1,0,0,-1,1,1,-1,-1,1,1,-1,1,-1,-1,1,-1,1,1,-1,0,0,0,0,0,0,1,-1,1,-1,1,-1,1,-1,-1,1,1,-1,-1,1,0,0,1,-1,0,0,1,-1,0,0,0,0,1,-1,1,-1,-1,1,1,-1,-1,1,1,-1,0,0,1,-1,0,0,1,-1,0,0,1,-1,1,-1,1,-1,0,0,1,-1,1,-1,0,2,-1,1,-1,1,1,-1,0,0,1,-1,1,-1,-1,1,0,0,1,-1,1,-1,1,-1,0,0,-1,1,0,0,0,0,1,-1
NFLX,2020-10-20 16:07:02,AMC,0.04371584699453552,0.22586520947176686,0.008703965784650661,ES,timed,477.0,150.0,97.5,0,2,-1,1,-1,1,0,2,-1,1,-1,1,-1,1,-1,1,-1,1,-1,1,-1,1,0,0,0,0,-1,1,0,0,-1,1,-1,1,-1,1,0,-1,0,0,0,0,-1,1,-1,1,-1,1,0,0,0,1,0,1,0,0,-1,1,-1,1,1,-1,1,-1,0,0,-1,1,-1,1,-1,1,-1,1,-1,1,1,-1,-1,1,0,0,-1,1,-1,1,-1,1,-1,1,-1,1,-1,1,-1,1,0,0,-1,1,-1,1,0,0,-1,1,-1,1,-1,1,-1,1,-1,1,-1,1,-1,1,-1,1,-1,1,0,0,0,0,0,0,-1,1,0,0,0,0,-1,1,0,0,-1,1,-1,1,-1,1,-1,1,-1,1,-1,1,-1,1,1,-1,-1,1,-1,1,-1,1,1,-1,0,0,0,0,-1,1,-1,1,-1,1,-1,0,-1,1,-1,1,0,0,-1,1,1,-1,-1,1,-1,1,-1,1,0,0,0,0,0,0,0,0,-1,1,0,0,-1,1,0,0,-1,1,-1,1,-1,1,0,0,-1,1,-1,1,-1,1,-1,1,-1,1,-1,1,1,-1,-1,1,0,0,0,0,0,0,-1,1,-1,1,1,-1,1,-1,-1,1,-1,1,1,-1,0,0,-1,1,-1,1,1,-1,0,2,0,0,1,-1,1,-1,1,-1,-1,1,-1,1,-1,1,0,0,1,-1,0,0,-1,1,0,0,1,-1,-1,1,-1,1,0,0,-1,1,-1,1,0,0,-1,1,-1,1,1,-1,0,0,1,-1,-1,1,-1,1,-1,1,1,-1,-1,1,1,-1,-1,1,-1,1,0,0,-1,1,1,-1
TSLA,2020-10-21 16:38:49,AMC,0.02184200946487077,0.072811999417504,0.011716461628588167,ES,stopped_post,363.0,-171.73749999999472,-224.23749999999472,0,0,-1,1,1,-1,0,2,0,0,1,-1,-1,1,-1,1,0,0,1,-1,1,-1,0,0,0,2,1,-1,0,0,-1,1,1,-1,1,-1,0,0,1,-1,1,-1,0,0,-1,1,1,-1,0,2,0,-1,0,-1,0,0,1,-1,-1,1,1,-1,1,-1,0,0,1,-1,-1,1,1,-1,1,-1,-1,1,1,-1,-1,1,0,0,-1,1,1,-1,1,-1,1,-1,1,-1,0,0,1,-1,1,-1,1,-1,0,0,-1,1,1,-1,1,-1,1,-1,-1,1,-1,1,1,-1,0,0,1,-1,0,0,0,0,0,0,0,0,-1,1,0,0,0,0,1,-1,0,0,1,-1,-1,1,1,-1,-1,1,1,-1,1,-1,1,-1,-1,1,1,-1,1,-1,1,-1,-1,1,0,0,0,0,1,-1,0,0,1,-1,1,0,1,-1,1,-1,0,0,1,-1,-1,1,-1,1,-1,1,-1,1,-1,1,0,0,0,0,0,0,1,-1,-1,1,-1,1,0,0,-1,1,-1,1,1,-1,0,0,1,-1,1,-1,1,-1,1,-1,1,-1,0,0,-1,1,-1,1,0,0,0,0,0,0,1,-1,1,-1,-1,1,1,-1,-1,1,-1,1,-1,1,0,0,-1,1,-1,1,-1,1,0,0,0,0,1,-1,1,-1,1,-1,1,-1,-1,1,1,-1,0,0,1,-1,0,0,1,-1,0,0,1,-1,1,-1,1,-1,0,0,-1,1,-1,1,0,2,1,-1,1,-1,-1,1,0,0,1,-1,1,-1,-1,1,0,0,-1,1,1,-1,1,-1,1,-1,-1,1,0,0,1,-1,1,-1
INTC,2020-10-22 16:07:11,AMC,0.014516948537417435,0.10886921178690666,0.023869196801527628,ES,timed,468.0,100.0,47.5,0,0,1,-1,1,-1,0,2,-1,1,-1,1,1,-1,-1,1,-1,1,-1,1,-1,1,0,0,0,2,-1,1,0,0,-1,1,-1,1,1,-1,0,0,0,0,0,0,0,0,-1,1,1,-1,0,0,0,-1,0,0,0,0,0,0,1,-1,-1,1,-1,1,0,0,-1,1,1,-1,-1,1,-1,1,1,-1,-1,1,-1,1,0,2,1,-1,-1,1,-1,1,-1,1,-1,1,0,0,0,0,-1,1,-1,1,0,0,1,-1,-1,1,1,-1,-1,1,-1,1,1,-1,1,-1,0,0,-1,1,1,-1,0,0,0,0,0,0,0,0,0,0,0,0,0,0,0,0,-1,1,0,0,-1,1,-1,1,-1,1,-1,1,-1,1,1,-1,-1,1,1,-1,-1,1,-1,1,0,0,0,0,-1,1,0,0,-1,1,-1,0,-1,1,-1,1,0,2,-1,1,1,-1,-1,1,-1,1,1,-1,0,0,0,0,0,0,0,0,-1,1,1,-1,1,-1,1,-1,1,-1,1,-1,-1,1,0,0,1,-1,0,0,1,-1,1,-1,-1,1,0,0,-1,1,-1,1,0,0,0,0,0,0,-1,1,-1,1,-1,1,-1,1,1,-1,1,-1,1,-1,-1,1,-1,1,0,0,1,-1,0,0,0,0,1,-1,-1,1,-1,1,-1,1,-1,1,-1,1,0,0,1,-1,0,0,0,0,-1,1,-1,1,-1,1,-1,1,0,0,1,-1,1,-1,0,0,-1,1,-1,1,1,-1,0,0,-1,1,-1,1,1,-1,-1,1,1,-1,-1,1,-1,1,-1,1,1,-1,0,0,0,0,-1,1
AMD,2020-10-27 06:34:50,BMO,0.014684287812041116,0.007342143906020558,,ES,timed,900.0,150.0,97.5,0,0,-1,1,1,-1,0,2,1,-1,1,-1,1,-1,1,-1,0,0,1,-1,1,-1,0,2,0,0,1,-1,0,0,-1,1,1,-1,1,-1,0,0,1,-1,0,0,0,0,-1,1,1,-1,0,2,0,-1,0,-1,0,0,1,-1,1,-1,1,-1,1,-1,0,0,1,-1,1,-1,-1,1,0,0,1,-1,1,-1,-1,1,0,2,1,-1,1,-1,-1,1,1,-1,1,-1,0,0,1,-1,-1,1,1,-1,1,-1,1,-1,1,-1,-1,1,1,-1,1,-1,-1,1,1,-1,1,-1,1,-1,0,0,0,2,0,2,0,0,1,-1,0,0,0,2,0,0,0,0,1,-1,1,-1,1,-1,-1,1,1,-1,1,-1,1,-1,1,-1,1,-1,-1,1,-1,1,1,-1,0,0,0,0,1,-1,-1,1,1,-1,1,0,-1,1,1,-1,0,0,1,-1,1,-1,0,0,1,-1,1,-1,1,-1,0,0,0,2,0,0,1,-1,0,0,1,-1,0,0,1,-1,1,-1,-1,1,0,0,-1,1,0,0,1,-1,1,-1,-1,1,1,-1,-1,1,1,-1,0,0,0,0,0,0,-1,1,1,-1,1,-1,1,-1,-1,1,1,-1,1,-1,1,-1,1,-1,1,-1,-1,1,0,0,0,2,-1,1,-1,1,1,-1,1,-1,1,-1,1,-1,0,0,-1,1,0,0,-1,1,1,-1,-1,1,-1,1,-1,1,0,0,1,-1,1,-1,0,2,1,-1,1,-1,-1,1,0,0,-1,1,1,-1,1,-1,1,-1,1,-1,1,-1,-1,1,1,-1,1,-1,0,0,0,0,1,-1
MSFT,2020-10-27 16:12:57,AMC,0.022192632046160673,0.17014351235389852,0.02195708608884086,ES,stopped_pre,-220.0,-169.1624999999931,-221.6624999999931,0,0,1,-1,-1,1,0,2,-1,1,-1,1,-1,1,-1,1,-1,1,-1,1,-1,1,0,0,0,2,-1,1,0,0,1,-1,-1,1,-1,1,0,0,1,-1,0,0,0,0,1,-1,-1,1,0,0,0,1,0,1,0,0,0,0,1,-1,-1,1,-1,1,0,0,-1,1,-1,1,-1,1,-1,1,-1,1,1,-1,1,-1,0,2,-1,1,-1,1,-1,1,-1,1,-1,1,0,0,-1,1,-1,1,-1,1,-1,1,-1,1,1,-1,-1,1,-1,1,-1,1,-1,1,-1,1,0,0,-1,1,1,-1,0,0,0,0,0,0,-1,1,0,0,0,0,0,0,0,0,-1,1,-1,1,-1,1,-1,1,-1,1,-1,1,-1,1,-1,1,-1,1,-1,1,-1,1,-1,1,0,0,0,0,-1,1,-1,1,-1,1,-1,0,-1,1,-1,1,0,0,-1,1,-1,1,-1,1,-1,1,-1,1,1,-1,0,0,0,0,0,0,-1,1,0,0,-1,1,0,0,-1,1,-1,1,-1,1,0,0,-1,1,1,-1,-1,1,-1,1,1,-1,-1,1,-1,1,-1,1,0,0,0,0,0,0,1,-1,-1,1,-1,1,-1,1,1,-1,-1,1,-1,1,-1,1,-1,1,-1,1,-1,1,0,0,0,2,-1,1,-1,1,-1,1,-1,1,-1,1,-1,1,0,0,1,-1,0,0,0,0,-1,1,1,-1,-1,1,-1,1,0,0,-1,1,-1,1,0,0,1,-1,-1,1,-1,1,0,0,1,-1,0,0,-1,1,-1,1,-1,1,-1,1,-1,1,-1,1,-1,1,0,0,-1,1,-1,1
GOOGL,2020-10-29 16:01:25,AMC,0.20459195271652647,0.37884527958781633,0.023946360153256702,ES,stopped_pre,-142.0,-165.625,-218.125,0,0,-1,1,-1,1,0,2,1,-1,-1,1,1,-1,1,-1,0,0,1,-1,-1,1,0,0,0,0,1,-1,0,0,-1,1,-1,1,-1,1,0,0,1,-1,1,-1,0,0,-1,1,-1,1,0,0,0,1,0,1,0,0,-1,1,-1,1,-1,1,1,-1,0,0,1,-1,1,-1,1,-1,0,0,-1,1,-1,1,-1,1,0,0,-1,1,-1,1,1,-1,-1,1,-1,1,0,0,-1,1,-1,1,1,-1,0,0,1,-1,1,-1,-1,1,-1,1,1,-1,-1,1,-1,1,-1,1,-1,1,-1,1,0,0,0,0,0,0,0,0,0,0,0,0,0,0,0,2,-1,1,-1,1,1,-1,1,-1,-1,1,-1,1,-1,1,-1,1,-1,1,-1,1,1,-1,-1,1,0,0,0,0,1,-1,0,0,-1,1,-1,0,-1,1,-1,1,0,0,-1,1,-1,1,-1,1,1,-1,-1,1,1,-1,0,0,0,0,0,0,-1,1,0,0,1,-1,0,0,1,-1,1,-1,-1,1,0,0,-1,1,1,-1,1,-1,-1,1,-1,1,0,0,1,-1,-1,1,0,0,0,0,0,0,1,-1,-1,1,1,-1,-1,1,-1,1,-1,1,-1,1,0,0,1,-1,0,0,1,-1,0,0,0,0,1,-1,1,-1,1,-1,-1,1,1,-1,-1,1,0,0,-1,1,0,0,0,0,0,0,1,-1,1,-1,1,-1,0,0,-1,1,-1,1,0,0,-1,1,-1,1,1,-1,0,0,-1,1,-1,1,1,-1,0,0,-1,1,1,-1,1,-1,0,0,-1,1,0,0,0,0,-1,1
META,2020-10-29 16:07:58,AMC,0.0075551526140828044,1.0350559081293442,0.01768346595932803,ES,stopped_post,249.0,-165.1249999999891,-217.6249999999891,0,0,-1,1,-1,1,0,2,-1,1,1,-1,1,-1,-1,1,0,0,-1,1,1,-1,0,0,0,0,-1,1,0,0,-1,1,-1,1,-1,1,0,0,-1,1,0,0,-1,1,-1,1,-1,1,0,0,0,-1,0,1,0,0,0,0,-1,1,-1,1,-1,1,0,0,-1,1,1,-1,-1,1,-1,1,-1,1,1,-1,-1,1,0,0,-1,1,-1,1,-1,1,-1,1,-1,1,0,0,0,0,0,0,-1,1,-1,1,0,0,-1,1,-1,1,-1,1,-1,1,1,-1,-1,1,-1,1,-1,1,-1,1,0,0,0,0,0,0,-1,1,0,0,0,0,0,0,0,0,-1,1,-1,1,-1,1,1,-1,1,-1,-1,1,-1,1,-1,1,-1,1,-1,1,-1,1,1,-1,0,0,0,0,-1,1,-1,1,-1,1,-1,0,-1,1,-1,1,0,2,-1,1,1,-1,-1,1,1,-1,-1,1,0,0,0,0,0,0,0,0,-1,1,0,0,1,-1,0,0,1,-1,1,-1,-1,1,0,0,-1,1,-1,1,-1,1,-1,1,-1,1,-1,1,1,-1,-1,1,0,0,0,0,0,0,-1,1,-1,1,1,-1,-1,1,-1,1,-1,1,1,-1,-1,1,-1,1,0,0,1,-1,0,0,0,0,-1,1,-1,1,1,-1,-1,1,-1,1,-1,1,0,0,1,-1,0,0,-1,1,0,0,1,-1,-1,1,-1,1,0,0,-1,1,-1,1,0,0,-1,1,-1,1,1,-1,0,0,1,-1,-1,1,1,-1,-1,1,1,-1,-1,1,-1,1,-1,1,-1,1,0,0,-1,1,-1,1
AAPL,2020-10-29 16:30:32,AMC,0.10628606134224113,0.35676332169424624,0.04951285023629037,ES,,,,,0,0,-1,1,-1,1,-1,0,-1,1,-1,1,-1,1,-1,1,-1,1,-1,1,-1,1,0,0,0,0,-1,1,0,0,-1,1,-1,1,-1,1,0,0,1,-1,0,0,-1,1,-1,1,-1,1,0,0,0,1,0,1,0,0,-1,1,-1,1,-1,1,-1,1,0,0,-1,1,-1,1,-1,1,-1,1,-1,1,-1,1,-1,1,0,0,-1,1,-1,1,-1,1,-1,1,-1,1,-1,1,-1,1,0,0,-1,1,-1,1,-1,1,-1,1,-1,1,-1,1,-1,1,-1,1,-1,1,-1,1,-1,1,-1,1,0,0,0,0,-1,1,-1,1,0,0,0,0,-1,1,0,0,-1,1,-1,1,-1,1,1,-1,-1,1,-1,1,-1,1,-1,1,-1,1,1,-1,-1,1,1,-1,0,2,0,0,-1,1,-1,1,-1,1,-1,0,-1,1,-1,1,0,0,-1,1,1,-1,-1,1,1,-1,-1,1,0,0,0,0,0,0,0,0,-1,1,0,0,1,-1,0,0,-1,1,-1,1,-1,1,0,0,-1,1,-1,1,-1,1,-1,1,1,-1,-1,1,1,-1,-1,1,0,0,0,0,0,0,-1,1,-1,1,-1,1,-1,1,1,-1,-1,1,1,-1,-1,1,1,-1,0,0,1,-1,0,0,0,0,1,-1,-1,1,1,-1,-1,1,-1,1,-1,1,0,0,1,-1,0,0,-1,1,-1,1,1,-1,-1,1,-1,1,0,0,-1,1,-1,1,0,0,-1,1,-1,1,-1,1,0,0,1,-1,-1,1,-1,1,-1,1,1,-1,-1,1,-1,1,-1,1,-1,1,0,0,-1,1,-1,1
AMZN,2020-10-29 16:42:03,AMC,0.022848438690022847,0.2132358540857513,0.009760858955588092,ES,stopped_pre,-195.0,-163.737500000002,-216.237500000002,0,2,-1,1,-1,1,-1,0,-1,1,-1,1,-1,1,-1,1,-1,1,-1,1,-1,1,0,0,0,0,-1,1,0,0,-1,1,-1,1,-1,1,0,0,1,-1,0,0,-1,1,-1,1,-1,1,0,0,0,1,0,1,0,0,-1,1,-1,1,1,-1,1,-1,0,0,-1,1,-1,1,-1,1,-1,1,-1,1,1,-1,-1,1,0,0,-1,1,-1,1,-1,1,-1,1,-1,1,-1,1,0,0,-1,1,-1,1,-1,1,-1,1,-1,1,-1,1,-1,1,-1,1,-1,1,-1,1,-1,1,-1,1,-1,1,0,0,0,0,-1,1,-1,1,0,0,0,0,-1,1,0,0,-1,1,-1,1,-1,1,1,-1,-1,1,-1,1,-1,1,1,-1,-1,1,1,-1,-1,1,1,-1,0,2,0,0,-1,1,-1,1,-1,1,-1,0,-1,1,-1,1,0,0,-1,1,1,-1,-1,1,-1,1,-1,1,-1,1,0,2,0,0,0,0,-1,1,-1,1,-1,1,0,0,-1,1,-1,1,-1,1,0,0,-1,1,1,-1,-1,1,-1,1,-1,1,-1,1,1,-1,-1,1,0,0,0,0,0,0,-1,1,1,-1,-1,1,1,-1,-1,1,1,-1,1,-1,-1,1,-1,1,-1,1,1,-1,0,2,0,0,1,-1,1,-1,1,-1,-1,1,-1,1,-1,1,0,0,1,-1,0,0,-1,1,-1,1,1,-1,-1,1,-1,1,0,0,-1,1,-1,1,0,0,-1,1,-1,1,-1,1,0,0,1,-1,-1,1,-1,1,-1,1,1,-1,1,-1,1,-1,-1,1,-1,1,0,0,-1,1,-1,1
MU,2021-01-07 16:00:45,AMC,0.00658718134510243,0.07904617614122918,0.018040772145047807,ES,stopped_post,217.0,-189.86250000000382,-242.36250000000382,0,0,-1,1,1,-1,0,2,1,-1,1,-1,1,-1,1,-1,1,-1,1,-1,1,-1,0,0,0,2,1,-1,0,0,1,-1,1,-1,1,-1,0,0,0,0,0,0,1,-1,1,-1,1,-1,0,0,0,-1,0,-1,0,0,1,-1,1,-1,1,-1,-1,1,0,0,1,-1,1,-1,1,-1,1,-1,1,-1,1,-1,1,-1,0,0,1,-1,1,-1,1,-1,1,-1,1,-1,1,-1,1,-1,1,-1,1,-1,1,-1,1,-1,1,-1,1,-1,1,-1,1,-1,1,-1,1,-1,1,-1,1,-1,0,0,0,0,0,0,0,0,1,-1,0,0,0,0,1,-1,0,2,1,-1,1,-1,1,-1,0,0,1,-1,1,-1,1,-1,1,-1,1,-1,1,-1,1,-1,-1,1,0,0,0,0,1,-1,1,-1,1,-1,1,0,1,-1,1,-1,0,0,1,-1,1,-1,1,-1,1,-1,1,-1,1,-1,0,0,0,0,0,0,1,-1,1,-1,1,-1,1,-1,1,-1,1,-1,1,-1,0,0,1,-1,0,0,1,-1,1,-1,1,-1,1,-1,-1,1,1,-1,0,0,0,0,0,0,1,-1,1,-1,1,-1,1,-1,-1,1,1,-1,-1,1,1,-1,1,-1,1,-1,-1,1,0,0,0,0,-1,1,1,-1,1,-1,1,-1,1,-1,1,-1,0,0,1,-1,0,0,1,-1,1,-1,-1,1,1,-1,1,-1,0,0,1,-1,1,-1,0,2,1,-1,1,-1,1,-1,0,0,1,-1,1,-1,1,-1,1,-1,1,-1,1,-1,1,-1,1,-1,1,-1,0,0,1,-1,1,-1
NFLX,2021-01-19 16:02:11,AMC,0.0,0.019787612954290615,0.008818342151675486,ES,stopped_pre,-112.0,-189.63750000000346,-242.13750000000346,0,0,1,-1,-1,1,0,2,-1,1,-1,1,1,-1,-1,1,0,0,1,-1,-1,1,0,0,0,0,1,-1,0,0,-1,1,-1,1,-1,1,0,0,1,-1,0,0,0,0,1,-1,-1,1,0,0,0,-1,0,0,0,2,0,0,-1,1,-1,1,-1,1,0,0,-1,1,1,-1,-1,1,-1,1,1,-1,-1,1,-1,1,0,2,1,-1,-1,1,-1,1,-1,1,-1,1,0,0,-1,1,-1,1,1,-1,0,0,-1,1,-1,1,-1,1,-1,1,1,-1,1,-1,1,-1,0,0,-1,1,0,0,0,0,0,0,0,0,0,0,0,0,0,0,0,0,0,2,1,-1,1,-1,-1,1,-1,1,-1,1,-1,1,-1,1,-1,1,-1,1,-1,1,-1,1,-1,1,0,0,0,2,-1,1,-1,1,-1,1,-1,0,-1,1,-1,1,0,2,-1,1,-1,1,-1,1,1,-1,1,-1,1,-1,0,0,0,0,0,0,-1,1,0,0,1,-1,0,0,1,-1,1,-1,-1,1,0,0,1,-1,-1,1,1,-1,1,-1,-1,1,0,0,-1,1,-1,1,0,0,0,0,0,0,-1,1,-1,1,-1,1,-1,1,-1,1,1,-1,1,-1,0,0,-1,1,0,0,-1,1,0,0,0,0,-1,1,-1,1,1,-1,-1,1,1,-1,-1,1,0,0,-1,1,0,0,-1,1,0,0,-1,1,-1,1,-1,1,0,2,-1,1,-1,1,0,0,-1,1,-1,1,1,-1,0,0,-1,1,-1,1,1,-1,0,0,1,-1,1,-1,-1,1,0,0,-1,1,0,0,0,0,-1,1
INTC,2021-01-21 16:04:38,AMC,0.01950331556364582,0.06501527859046875,0.02347128506435403,ES,timed,621.0,-112.5,-165.0,0,0,-1,1,-1,1,0,2,-1,1,-1,1,1,-1,-1,1,0,0,-1,1,-1,1,0,0,0,2,-1,1,0,0,-1,1,-1,1,-1,1,0,-1,1,-1,1,-1,-1,1,-1,1,-1,1,0,0,0,1,0,1,0,0,-1,1,-1,1,-1,1,1,-1,0,0,-1,1,1,-1,-1,1,-1,1,-1,1,-1,1,-1,1,0,2,-1,1,-1,1,-1,1,-1,1,-1,1,-1,1,-1,1,-1,1,-1,1,-1,1,0,0,-1,1,-1,1,-1,1,-1,1,-1,1,-1,1,-1,1,-1,1,0,0,0,0,0,0,0,0,-1,1,0,0,0,0,-1,1,0,2,-1,1,-1,1,-1,1,0,0,-1,1,-1,1,-1,1,1,-1,-1,1,-1,1,-1,1,1,-1,0,2,0,0,-1,1,-1,1,-1,1,-1,0,-1,1,-1,1,0,0,-1,1,-1,1,-1,1,-1,1,-1,1,0,0,0,0,0,0,0,0,-1,1,0,0,1,-1,0,0,1,-1,1,-1,-1,1,0,0,-1,1,1,-1,-1,1,-1,1,-1,1,0,0,1,-1,-1,1,0,0,0,0,0,0,-1,1,-1,1,-1,1,1,-1,-1,1,-1,1,1,-1,0,0,-1,1,0,0,1,-1,0,2,0,0,1,-1,1,-1,-1,1,-1,1,-1,1,-1,1,0,0,1,-1,0,0,-1,1,0,0,1,-1,-1,1,-1,1,0,0,-1,1,-1,1,0,0,-1,1,-1,1,1,-1,0,0,1,-1,-1,1,1,-1,0,0,1,-1,-1,1,1,-1,-1,1,-1,1,0,0,-1,1,1,-1
MSFT,2021-01-26 16:04:05,AMC,0.05198518422249659,0.07797777633374489,0.022192632046160673,ES,timed,654.0,462.5,410.0,0,0,-1,1,-1,1,-1,0,-1,1,-1,1,-1,1,-1,1,-1,1,-1,1,-1,1,0,0,0,0,-1,1,0,0,-1,1,-1,1,-1,1,0,0,1,-1,0,0,-1,1,-1,1,1,-1,0,0,0,1,0,1,0,0,-1,1,-1,1,1,-1,-1,1,0,0,-1,1,1,-1,-1,1,-1,1,-1,1,1,-1,-1,1,0,0,-1,1,-1,1,-1,1,-1,1,-1,1,-1,1,0,0,0,0,-1,1,-1,1,-1,1,-1,1,-1,1,-1,1,-1,1,-1,1,-1,1,0,0,-1,1,0,0,0,0,0,0,-1,1,-1,1,0,0,0,0,-1,1,0,0,-1,1,-1,1,-1,1,0,0,-1,1,-1,1,-1,1,-1,1,-1,1,-1,1,-1,1,1,-1,0,2,0,0,-1,1,-1,1,-1,1,-1,0,-1,1,-1,1,0,0,-1,1,-1,1,-1,1,1,-1,-1,1,1,-1,0,2,0,0,0,0,-1,1,0,0,1,-1,0,0,1,-1,1,-1,-1,1,0,0,-1,1,1,-1,-1,1,-1,1,-1,1,-1,1,1,-1,-1,1,0,0,0,0,0,0,-1,1,1,-1,-1,1,1,-1,-1,1,1,-1,1,-1,-1,1,-1,1,0,0,1,-1,0,0,0,0,1,-1,1,-1,-1,1,-1,1,-1,1,-1,1,0,0,1,-1,0,0,-1,1,-1,1,1,-1,-1,1,-1,1,0,0,-1,1,-1,1,0,0,-1,1,-1,1,1,-1,0,0,1,-1,-1,1,-1,1,-1,1,1,-1,1,-1,1,-1,-1,1,-1,1,0,0,-1,1,-1,1
AMD,2021-01-26 16:14:58,AMC,0.0,0.05842259006815968,,ES,timed,1.0,-62.5,-115.0,0,2,1,-1,1,-1,1,0,0,0,1,-1,1,-1,1,-1,0,0,1,-1,-1,1,0,0,0,0,1,-1,0,0,1,-1,1,-1,1,-1,0,0,1,-1,-1,1,1,-1,1,-1,1,-1,0,0,0,-1,0,-1,0,0,0,0,1,-1,-1,1,-1,1,0,0,1,-1,1,-1,1,-1,1,-1,1,-1,-1,1,1,-1,0,2,1,-1,1,-1,1,-1,1,-1,1,-1,1,-1,1,-1,0,0,1,-1,0,0,0,0,1,-1,1,-1,1,-1,1,-1,1,-1,1,-1,1,-1,1,-1,1,-1,0,0,0,0,0,0,1,-1,0,0,0,0,1,-1,0,0,1,-1,1,-1,1,-1,1,-1,1,-1,1,-1,1,-1,-1,1,1,-1,1,-1,1,-1,-1,1,0,2,0,0,1,-1,1,-1,1,-1,1,0,1,-1,1,-1,0,0,1,-1,1,-1,1,-1,1,-1,1,-1,-1,1,0,0,0,0,0,0,1,-1,1,-1,1,-1,1,-1,1,-1,1,-1,1,-1,0,0,1,-1,1,-1,-1,1,1,-1,1,-1,0,0,-1,1,1,-1,0,0,0,0,0,0,1,-1,1,-1,-1,1,-1,1,1,-1,1,-1,-1,1,0,0,1,-1,0,0,-1,1,0,2,0,0,-1,1,-1,1,-1,1,1,-1,1,-1,1,-1,-1,1,-1,1,-1,1,1,-1,0,0,1,-1,1,-1,1,-1,0,0,1,-1,1,-1,0,2,-1,1,1,-1,-1,1,0,0,-1,1,1,-1,1,-1,0,0,-1,1,1,-1,-1,1,1,-1,1,-1,0,0,1,-1,1,-1
META,2021-01-27 16:08:08,AMC,0.1004016064257028,0.12048999263672268,0.01462609207267651,ES,stopped_pre,-289.0,-187.32500000000982,-239.82500000000982,0,0,1,-1,1,-1,1,0,1,-1,-1,1,-1,1,1,-1,1,-1,1,-1,-1,1,0,0,0,2,1,-1,0,0,1,-1,-1,1,-1,1,0,0,1,-1,0,0,0,0,1,-1,1,-1,0,0,0,-1,0,0,0,0,-1,1,1,-1,1,-1,1,-1,0,0,1,-1,-1,1,1,-1,0,0,1,-1,1,-1,1,-1,0,2,1,-1,-1,1,1,-1,1,-1,1,-1,0,0,-1,1,-1,1,1,-1,1,-1,0,0,-1,1,-1,1,-1,1,1,-1,-1,1,1,-1,0,0,-1,1,1,-1,0,0,0,0,0,0,1,-1,0,0,0,0,0,0,0,0,1,-1,0,0,1,-1,1,-1,-1,1,1,-1,-1,1,1,-1,1,-1,1,-1,1,-1,1,-1,0,0,0,0,1,-1,0,0,1,-1,1,0,1,-1,1,-1,0,0,-1,1,1,-1,1,-1,1,-1,1,-1,1,-1,0,0,0,0,0,0,-1,1,-1,1,-1,1,-1,1,-1,1,-1,1,1,-1,0,0,-1,1,1,-1,-1,1,1,-1,1,-1,0,0,-1,1,-1,1,0,0,0,0,0,0,1,-1,1,-1,1,-1,1,-1,-1,1,1,-1,-1,1,1,-1,1,-1,0,0,1,-1,0,0,0,0,1,-1,-1,1,1,-1,-1,1,1,-1,-1,1,0,0,1,-1,0,0,0,0,1,-1,1,-1,1,-1,1,-1,0,0,1,-1,1,-1,0,2,1,-1,-1,1,1,-1,0,0,-1,1,1,-1,-1,1,0,0,-1,1,1,-1,-1,1,0,0,1,-1,0,0,0,0,1,-1
AAPL,2021-01-27 16:30:35,AMC,0.07387508394895903,0.5987621097954791,0.049809065249875474,ES,,,,,0,2,-1,1,1,-1,-1,0,-1,1,-1,1,-1,1,-1,1,0,0,-1,1,-1,1,0,0,0,2,-1,1,0,0,-1,1,-1,1,-1,1,0,0,0,0,-1,1,-1,1,-1,1,-1,1,0,0,0,-1,0,1,0,0,0,0,1,-1,1,-1,-1,1,0,0,-1,1,-1,1,-1,1,-1,1,-1,1,1,-1,-1,1,0,0,-1,1,-1,1,-1,1,-1,1,-1,1,-1,1,0,0,0,0,-1,1,-1,1,-1,1,-1,1,-1,1,-1,1,-1,1,1,-1,-1,1,0,0,-1,1,-1,1,0,0,0,0,-1,1,-1,1,0,0,0,0,0,0,0,0,-1,1,-1,1,-1,1,0,0,-1,1,-1,1,-1,1,-1,1,-1,1,-1,1,-1,1,1,-1,0,0,0,0,-1,1,-1,1,-1,1,-1,0,-1,1,-1,1,0,0,-1,1,1,-1,-1,1,-1,1,-1,1,0,0,0,0,0,0,0,0,-1,1,-1,1,-1,1,-1,1,-1,1,-1,1,-1,1,0,0,-1,1,1,-1,-1,1,-1,1,-1,1,-1,1,1,-1,-1,1,0,0,0,0,0,0,-1,1,-1,1,-1,1,1,-1,1,-1,1,-1,1,-1,-1,1,-1,1,-1,1,1,-1,0,2,0,0,-1,1,1,-1,-1,1,-1,1,-1,1,-1,1,0,0,1,-1,0,0,-1,1,-1,1,1,-1,-1,1,-1,1,0,0,-1,1,1,-1,0,0,-1,1,-1,1,-1,1,0,0,-1,1,-1,1,-1,1,0,0,-1,1,-1,1,1,-1,-1,1,1,-1,0,0,-1,1,-1,1
GOOGL,2021-02-02 16:01:27,AMC,0.09831552729894476,0.20973979157108213,0.02470770762565628,ES,stopped_pre,-146.0,-191.17499999999836,-243.67499999999836,0,2,-1,1,-1,1,-1,0,-1,1,-1,1,1,-1,-1,1,-1,1,-1,1,-1,1,0,0,0,2,-1,1,0,0,-1,1,-1,1,-1,1,0,-1,-1,1,0,0,-1,1,-1,1,-1,1,0,0,0,1,0,1,0,0,-1,1,-1,1,-1,1,1,-1,0,0,-1,1,1,-1,-1,1,-1,1,-1,1,-1,1,-1,1,0,0,-1,1,-1,1,1,-1,-1,1,-1,1,-1,1,-1,1,-1,1,-1,1,-1,1,-1,1,-1,1,-1,1,-1,1,-1,1,-1,1,-1,1,-1,1,-1,1,-1,1,0,0,0,0,0,0,-1,1,0,0,0,0,-1,1,0,0,-1,1,-1,1,-1,1,1,-1,-1,1,-1,1,-1,1,-1,1,-1,1,-1,1,-1,1,-1,1,0,2,0,0,-1,1,-1,1,-1,1,-1,0,-1,1,-1,1,0,0,-1,1,-1,1,-1,1,-1,1,-1,1,1,-1,0,0,0,0,0,0,-1,1,1,-1,1,-1,1,-1,1,-1,1,-1,-1,1,0,0,-1,1,1,-1,-1,1,-1,1,-1,1,-1,1,1,-1,-1,1,0,0,0,0,0,0,-1,1,1,-1,1,-1,1,-1,-1,1,1,-1,-1,1,-1,1,1,-1,-1,1,1,-1,0,2,0,0,1,-1,1,-1,-1,1,-1,1,-1,1,-1,1,0,0,1,-1,0,0,-1,1,-1,1,1,-1,-1,1,-1,1,0,0,-1,1,-1,1,0,0,-1,1,-1,1,1,-1,0,0,1,-1,-1,1,1,-1,-1,1,1,-1,-1,1,1,-1,-1,1,-1,1,0,0,-1,1,1,-1
AMZN,2021-02-02 16:30:08,AMC,0.065359477124183,0.006534239414532148,0.010118774160874193,ES,,,,,0,0,1,-1,-1,1,-1,0,-1,1,1,-1,1,-1,-1,1,0,0,-1,1,1,-1,0,0,0,0,-1,1,0,0,1,-1,1,-1,1,-1,0,0,-1,1,0,0,1,-1,1,-1,-1,1,0,2,0,-1,0,-1,0,0,1,-1,-1,1,1,-1,-1,1,0,0,1,-1,1,-1,1,-1,1,-1,-1,1,1,-1,1,-1,0,2,-1,1,1,-1,1,-1,1,-1,1,-1,0,0,1,-1,0,0,-1,1,0,0,-1,1,1,-1,1,-1,1,-1,-1,1,1,-1,-1,1,0,0,1,-1,0,0,0,0,0,0,0,0,0,0,0,0,0,0,1,-1,0,0,-1,1,-1,1,1,-1,1,-1,1,-1,1,-1,1,-1,1,-1,1,-1,1,-1,1,-1,-1,1,0,0,0,0,1,-1,1,-1,1,-1,1,0,1,-1,1,-1,0,2,1,-1,1,-1,1,-1,1,-1,-1,1,0,0,0,0,0,0,0,0,1,-1,1,-1,1,-1,1,-1,1,-1,1,-1,1,-1,0,0,1,-1,1,-1,-1,1,-1,1,1,-1,0,0,1,-1,1,-1,0,0,0,0,0,0,1,-1,1,-1,-1,1,-1,1,1,-1,1,-1,-1,1,0,0,1,-1,-1,1,-1,1,0,0,0,0,-1,1,-1,1,1,-1,1,-1,1,-1,1,-1,0,0,-1,1,0,0,1,-1,0,0,1,-1,1,-1,1,-1,0,0,-1,1,-1,1,0,2,1,-1,1,-1,-1,1,0,2,1,-1,1,-1,1,-1,0,0,-1,1,1,-1,-1,1,0,0,-1,1,0,0,1,-1,1,-1
MU,2021-03-31 16:00:40,AMC,0.06299609424215699,0.10708661417322834,0.01769190879191343,ES,stopped_pre,-42.0,-198.4625000000051,-250.9625000000051,0,0,1,-1,-1,1,-1,0,-1,1,-1,1,1,-1,-1,1,0,0,-1,1,-1,1,0,0,0,2,-1,1,0,0,1,-1,-1,1,-1,1,0,0,1,-1,0,0,0,0,1,-1,1,-1,0,0,0,1,0,0,0,0,0,0,-1,1,-1,1,-1,1,0,0,-1,1,1,-1,1,-1,-1,1,-1,1,-1,1,1,-1,0,2,-1,1,-1,1,1,-1,-1,1,-1,1,0,0,-1,1,-1,1,-1,1,-1,1,-1,1,-1,1,1,-1,-1,1,-1,1,1,-1,-1,1,0,0,-1,1,1,-1,0,0,0,0,0,0,-1,1,0,0,0,0,0,0,0,2,-1,1,-1,1,-1,1,1,-1,-1,1,-1,1,-1,1,-1,1,-1,1,-1,1,1,-1,1,-1,0,0,0,2,1,-1,0,0,-1,1,-1,0,1,-1,-1,1,0,2,-1,1,-1,1,0,0,-1,1,-1,1,1,-1,0,0,0,0,0,0,-1,1,1,-1,1,-1,1,-1,1,-1,1,-1,1,-1,0,0,1,-1,-1,1,-1,1,-1,1,1,-1,-1,1,-1,1,1,-1,0,0,0,0,0,0,1,-1,-1,1,1,-1,-1,1,1,-1,-1,1,-1,1,-1,1,-1,1,-1,1,1,-1,0,0,0,0,-1,1,1,-1,-1,1,-1,1,-1,1,-1,1,0,0,1,-1,0,0,0,0,-1,1,1,-1,1,-1,1,-1,0,0,-1,1,-1,1,0,0,1,-1,-1,1,1,-1,0,0,-1,1,1,-1,1,-1,-1,1,-1,1,-1,1,1,-1,-1,1,-1,1,0,0,0,0,-1,1
NFLX,2021-04-20 16:06:16,AMC,0.01212709192335678,0.054575222848826634,0.008703965784650661,ES,timed,523.0,-112.5,-165.0,0,0,-1,1,-1,1,0,2,0,0,-1,1,-1,1,1,-1,0,0,-1,1,-1,1,0,0,0,2,1,-1,0,0,-1,1,-1,1,-1,1,0,-1,1,-1,0,0,-1,1,-1,1,-1,1,0,0,0,1,0,1,0,0,-1,1,-1,1,-1,1,1,-1,0,0,-1,1,-1,1,-1,1,-1,1,-1,1,-1,1,-1,1,0,0,-1,1,-1,1,-1,1,-1,1,-1,1,-1,1,-1,1,-1,1,-1,1,0,0,1,-1,-1,1,-1,1,-1,1,1,-1,-1,1,-1,1,-1,1,-1,1,0,0,0,0,0,0,0,0,0,0,0,0,0,0,-1,1,0,0,-1,1,1,-1,-1,1,1,-1,-1,1,-1,1,-1,1,-1,1,-1,1,-1,1,-1,1,1,-1,0,0,0,0,-1,1,-1,1,-1,1,-1,0,-1,1,-1,1,0,2,-1,1,1,-1,-1,1,-1,1,-1,1,1,-1,0,0,0,0,0,0,-1,1,-1,1,-1,1,-1,1,-1,1,-1,1,-1,1,0,0,-1,1,-1,1,1,-1,-1,1,-1,1,0,0,-1,1,-1,1,0,0,0,0,0,0,-1,1,-1,1,1,-1,-1,1,-1,1,-1,1,1,-1,0,0,-1,1,0,0,1,-1,0,2,0,0,1,-1,1,-1,-1,1,-1,1,-1,1,-1,1,0,0,1,-1,0,0,-1,1,0,0,-1,1,-1,1,-1,1,0,0,-1,1,-1,1,0,0,-1,1,-1,1,1,-1,0,0,1,-1,-1,1,-1,1,0,0,1,-1,-1,1,1,-1,0,0,-1,1,0,0,-1,1,1,-1
INTC,2021-04-22 16:05:36,AMC,0.018180716320223018,0.054538843776511935,0.023073373327180433,ES,stopped_pre,-166.0,-206.46249999999782,-258.9624999999978,0,0,-1,1,-1,1,0,2,-1,1,-1,1,-1,1,-1,1,0,0,-1,1,-1,1,0,0,0,0,-1,1,0,0,-1,1,-1,1,-1,1,0,0,0,0,0,0,0,0,-1,1,-1,1,0,0,0,1,0,0,0,0,0,0,-1,1,-1,1,-1,1,0,0,-1,1,-1,1,-1,1,0,0,1,-1,-1,1,-1,1,0,0,-1,1,-1,1,-1,1,-1,1,-1,1,0,0,-1,1,-1,1,-1,1,-1,1,1,-1,-1,1,-1,1,-1,1,-1,1,1,-1,-1,1,0,0,-1,1,0,0,0,0,0,0,-1,1,-1,1,0,0,0,0,0,0,0,2,-1,1,0,0,-1,1,1,-1,-1,1,-1,1,-1,1,-1,1,-1,1,-1,1,-1,1,-1,1,0,0,0,0,-1,1,0,0,-1,1,-1,0,-1,1,-1,1,0,0,-1,1,-1,1,1,-1,1,-1,1,-1,0,0,0,0,0,0,0,0,-1,1,-1,1,-1,1,0,0,-1,1,-1,1,-1,1,0,0,-1,1,-1,1,-1,1,-1,1,-1,1,-1,1,-1,1,-1,1,0,0,0,0,0,0,-1,1,-1,1,-1,1,-1,1,1,-1,1,-1,1,-1,0,0,-1,1,-1,1,-1,1,0,0,0,0,-1,1,-1,1,-1,1,-1,1,1,-1,-1,1,0,0,1,-1,0,0,-1,1,0,0,1,-1,-1,1,-1,1,0,0,-1,1,-1,1,0,0,-1,1,-1,1,1,-1,0,0,1,-1,-1,1,-1,1,0,0,1,-1,-1,1,-1,1,0,0,1,-1,0,0,-1,1,-1,1
TSLA,2021-04-26 16:53:31,AMC,0.005979788315493632,0.0,0.014747909896879203,ES,timed,388.0,87.5,35.0,0,0,-1,1,1,-1,0,2,1,-1,-1,1,-1,1,1,-1,0,0,-1,1,1,-1,0,2,0,0,1,-1,0,0,-1,1,-1,1,-1,1,0,0,-1,1,0,0,0,0,1,-1,-1,1,0,0,0,-1,0,0,0,0,0,0,-1,1,1,-1,1,-1,0,0,1,-1,1,-1,1,-1,0,0,1,-1,-1,1,1,-1,0,0,-1,1,-1,1,1,-1,1,-1,1,-1,0,0,-1,1,-1,1,1,-1,0,0,0,0,-1,1,-1,1,1,-1,-1,1,-1,1,1,-1,0,0,-1,1,-1,1,0,2,0,2,1,-1,0,0,0,0,0,2,0,0,0,2,1,-1,0,0,1,-1,0,0,-1,1,1,-1,1,-1,1,-1,1,-1,-1,1,1,-1,1,-1,0,0,0,0,1,-1,0,0,1,-1,1,0,1,-1,1,-1,0,0,-1,1,1,-1,0,0,1,-1,1,-1,0,0,0,0,0,2,0,0,-1,1,1,-1,1,-1,1,-1,1,-1,1,-1,1,-1,0,0,-1,1,0,0,-1,1,1,-1,1,-1,-1,1,1,-1,1,-1,0,2,0,0,0,0,1,-1,1,-1,1,-1,1,-1,-1,1,-1,1,-1,1,1,-1,1,-1,0,0,1,-1,0,0,0,2,-1,1,-1,1,1,-1,-1,1,-1,1,-1,1,0,0,-1,1,0,0,0,0,1,-1,1,-1,1,-1,1,-1,0,2,-1,1,-1,1,0,2,1,-1,-1,1,-1,1,0,0,-1,1,-1,1,-1,1,0,0,1,-1,1,-1,-1,1,0,0,-1,1,0,2,0,0,1,-1
GOOGL,2021-04-27 16:01:33,AMC,0.0,0.01794043774668102,0.02546905509805586,ES,stopped_pre,-100.0,-209.0624999999818,-261.5624999999818,0,0,-1,1,-1,1,-1,0,1,-1,-1,1,1,-1,1,-1,0,0,-1,1,-1,1,0,0,0,0,1,-1,0,0,-1,1,-1,1,-1,1,0,0,-1,1,-1,1,-1,1,-1,1,-1,1,0,0,0,-1,0,0,0,0,-1,1,-1,1,-1,1,-1,1,0,0,-1,1,1,-1,-1,1,-1,1,-1,1,1,-1,-1,1,0,2,-1,1,-1,1,-1,1,-1,1,-1,1,0,0,-1,1,-1,1,1,-1,0,0,1,-1,-1,1,-1,1,-1,1,1,-1,-1,1,-1,1,-1,1,-1,1,-1,1,0,0,0,0,0,0,0,0,0,0,0,0,-1,1,0,2,-1,1,1,-1,0,0,0,0,-1,1,-1,1,-1,1,-1,1,-1,1,-1,1,-1,1,-1,1,0,0,0,0,-1,1,-1,1,-1,1,-1,0,-1,1,-1,1,0,0,-1,1,-1,1,-1,1,1,-1,-1,1,1,-1,0,0,0,0,0,0,-1,1,0,0,1,-1,0,0,1,-1,1,-1,-1,1,0,0,-1,1,0,0,-1,1,-1,1,-1,1,0,0,1,-1,-1,1,0,0,0,0,0,0,-1,1,-1,1,-1,1,-1,1,-1,1,1,-1,1,-1,0,0,-1,1,0,0,1,-1,0,0,0,0,1,-1,-1,1,1,-1,-1,1,-1,1,-1,1,0,0,1,-1,0,0,-1,1,0,0,-1,1,-1,1,-1,1,0,0,-1,1,-1,1,0,0,-1,1,-1,1,1,-1,0,0,-1,1,-1,1,1,-1,0,0,-1,1,-1,1,-1,1,0,0,-1,1,0,0,-1,1,-1,1
MSFT,2021-04-27 16:04:57,AMC,0.04782972617481765,0.05978715771852207,0.02257561502055489,ES,timed,602.0,137.5,85.0,0,0,-1,1,-1,1,-1,0,0,0,-1,1,1,-1,-1,1,0,0,-1,1,-1,1,0,0,0,0,-1,1,0,0,-1,1,-1,1,-1,1,0,0,-1,1,0,0,-1,1,-1,1,-1,1,0,0,0,1,0,1,0,2,-1,1,-1,1,-1,1,-1,1,0,0,-1,1,1,-1,-1,1,-1,1,-1,1,1,-1,-1,1,0,2,-1,1,-1,1,-1,1,-1,1,-1,1,0,0,-1,1,1,-1,-1,1,0,0,0,0,-1,1,-1,1,-1,1,1,-1,-1,1,-1,1,0,0,-1,1,-1,1,0,0,0,0,1,-1,0,0,0,0,0,0,-1,1,0,2,-1,1,1,-1,-1,1,0,0,-1,1,-1,1,-1,1,-1,1,-1,1,-1,1,-1,1,1,-1,0,0,0,0,-1,1,-1,1,-1,1,-1,0,-1,1,-1,1,0,0,-1,1,-1,1,-1,1,1,-1,-1,1,-1,1,0,0,0,0,0,0,-1,1,0,0,1,-1,0,0,1,-1,1,-1,-1,1,0,0,-1,1,0,0,-1,1,-1,1,-1,1,0,0,-1,1,-1,1,0,0,0,0,0,0,-1,1,-1,1,-1,1,-1,1,1,-1,1,-1,1,-1,0,0,-1,1,0,0,-1,1,0,0,0,0,1,-1,-1,1,1,-1,-1,1,-1,1,-1,1,0,0,1,-1,0,0,-1,1,0,0,-1,1,-1,1,-1,1,0,0,-1,1,-1,1,0,0,-1,1,-1,1,1,-1,0,0,-1,1,-1,1,1,-1,0,0,-1,1,-1,1,-1,1,-1,1,-1,1,0,0,-1,1,-1,1
AMD,2021-04-27 16:12:09,AMC,0.023923444976076555,0.017943656917279744,,ES,timed,170.0,-100.0,-152.5,0,0,1,-1,-1,1,-1,0,-1,1,1,-1,1,-1,-1,1,-1,1,-1,1,1,-1,0,0,0,0,-1,1,0,0,-1,1,-1,1,-1,1,0,0,0,0,0,0,0,0,-1,1,-1,1,0,0,0,-1,0,0,0,0,0,0,-1,1,-1,1,-1,1,0,0,-1,1,1,-1,-1,1,-1,1,-1,1,1,-1,1,-1,0,2,-1,1,-1,1,-1,1,1,-1,-1,1,0,0,0,0,0,0,-1,1,-1,1,-1,1,-1,1,-1,1,-1,1,-1,1,-1,1,-1,1,0,0,-1,1,0,0,0,0,0,0,0,0,-1,1,0,0,0,0,0,0,0,2,-1,1,-1,1,-1,1,0,0,-1,1,-1,1,-1,1,1,-1,-1,1,1,-1,-1,1,-1,1,0,0,0,0,-1,1,0,0,-1,1,-1,0,-1,1,-1,1,0,2,-1,1,-1,1,-1,1,1,-1,-1,1,1,-1,0,0,0,0,0,0,-1,1,0,0,1,-1,0,0,1,-1,1,-1,-1,1,0,0,1,-1,-1,1,-1,1,-1,1,-1,1,0,0,-1,1,-1,1,0,0,0,0,0,0,-1,1,-1,1,-1,1,-1,1,-1,1,1,-1,1,-1,-1,1,-1,1,0,0,1,-1,0,0,0,0,1,-1,1,-1,1,-1,-1,1,-1,1,-1,1,0,0,-1,1,0,0,0,0,-1,1,-1,1,-1,1,-1,1,0,0,-1,1,-1,1,0,0,-1,1,-1,1,-1,1,0,0,1,-1,-1,1,1,-1,0,0,-1,1,-1,1,1,-1,-1,1,-1,1,0,0,0,0,-1,1
META,2021-04-28 16:09:19,AMC,0.0,0.11959576630987262,0.01768346595932803,ES,timed,340.0,12.5,-40.0,0,0,1,-1,1,-1,0,2,-1,1,-1,1,-1,1,-1,1,-1,1,-1,1,-1,1,0,0,0,2,-1,1,0,0,1,-1,1,-1,1,-1,0,0,0,0,0,0,0,0,1,-1,1,-1,0,0,0,-1,0,0,0,0,0,0,1,-1,-1,1,-1,1,0,0,-1,1,0,0,1,-1,0,0,-1,1,-1,1,1,-1,0,0,-1,1,1,-1,1,-1,-1,1,-1,1,0,0,1,-1,0,0,-1,1,-1,1,0,0,-1,1,1,-1,1,-1,-1,1,1,-1,1,-1,-1,1,1,-1,1,-1,0,0,0,0,0,0,-1,1,0,0,0,0,1,-1,0,0,-1,1,-1,1,-1,1,-1,1,1,-1,-1,1,1,-1,1,-1,-1,1,1,-1,-1,1,1,-1,0,0,0,0,1,-1,0,0,-1,1,-1,0,1,-1,-1,1,0,0,1,-1,1,-1,1,-1,1,-1,-1,1,0,0,0,0,0,0,0,0,1,-1,-1,1,-1,1,0,0,-1,1,-1,1,1,-1,0,0,1,-1,-1,1,-1,1,1,-1,1,-1,-1,1,-1,1,1,-1,0,0,0,0,0,0,1,-1,-1,1,-1,1,-1,1,1,-1,-1,1,-1,1,0,0,-1,1,-1,1,1,-1,0,0,0,0,-1,1,1,-1,-1,1,1,-1,-1,1,1,-1,0,0,-1,1,0,0,1,-1,0,0,1,-1,-1,1,1,-1,0,0,1,-1,1,-1,0,2,-1,1,-1,1,-1,1,0,0,-1,1,-1,1,-1,1,0,0,1,-1,-1,1,1,-1,0,0,1,-1,0,0,0,0,-1,1
AAPL,2021-04-28 16:30:33,AMC,0.11966016513102788,0.12562062571035473,0.053289431858545455,ES,,,,,0,0,1,-1,1,-1,0,2,1,-1,-1,1,-1,1,-1,1,0,0,1,-1,-1,1,0,0,0,2,1,-1,0,0,-1,1,-1,1,-1,1,0,0,1,-1,0,0,0,0,-1,1,1,-1,0,0,0,-1,0,0,0,0,0,0,1,-1,1,-1,1,-1,0,0,1,-1,0,0,1,-1,0,0,1,-1,1,-1,-1,1,0,2,1,-1,-1,1,1,-1,1,-1,1,-1,0,0,-1,1,-1,1,1,-1,-1,1,0,0,-1,1,-1,1,1,-1,-1,1,-1,1,1,-1,0,0,-1,1,0,0,0,0,0,0,0,0,-1,1,0,0,0,0,0,0,0,0,-1,1,-1,1,1,-1,1,-1,-1,1,-1,1,1,-1,-1,1,-1,1,1,-1,1,-1,-1,1,0,0,0,0,1,-1,0,0,1,-1,1,0,1,-1,-1,1,0,0,-1,1,1,-1,0,0,1,-1,1,-1,0,0,0,0,0,0,0,0,-1,1,-1,1,-1,1,0,0,1,-1,-1,1,1,-1,0,0,1,-1,-1,1,-1,1,1,-1,1,-1,-1,1,-1,1,-1,1,0,0,0,0,0,0,1,-1,-1,1,-1,1,1,-1,1,-1,-1,1,-1,1,-1,1,1,-1,-1,1,1,-1,0,0,0,0,1,-1,-1,1,1,-1,-1,1,1,-1,-1,1,0,0,-1,1,0,0,0,0,-1,1,1,-1,1,-1,1,-1,0,0,1,-1,1,-1,0,2,-1,1,-1,1,-1,1,0,0,-1,1,1,-1,-1,1,0,0,1,-1,1,-1,-1,1,-1,1,1,-1,0,0,0,0,1,-1
AMZN,2021-04-29 16:31:31,AMC,0.0,0.011904761904761904,0.010476689366160294,ES,,,,,0,0,-1,1,-1,1,0,2,-1,1,-1,1,1,-1,-1,1,0,0,-1,1,-1,1,0,0,0,2,-1,1,0,0,-1,1,-1,1,-1,1,0,-1,1,-1,0,0,-1,1,-1,1,-1,1,0,2,0,1,0,1,0,0,-1,1,1,-1,-1,1,1,-1,0,0,-1,1,1,-1,-1,1,-1,1,1,-1,-1,1,-1,1,0,0,-1,1,-1,1,-1,1,-1,1,-1,1,-1,1,-1,1,0,0,-1,1,-1,1,1,-1,-1,1,-1,1,-1,1,-1,1,-1,1,-1,1,-1,1,-1,1,-1,1,0,0,0,0,0,0,-1,1,0,0,0,0,-1,1,0,2,-1,1,-1,1,-1,1,-1,1,-1,1,-1,1,-1,1,1,-1,-1,1,-1,1,-1,1,1,-1,0,0,0,2,-1,1,-1,1,-1,1,-1,0,-1,1,-1,1,0,0,-1,1,-1,1,-1,1,1,-1,-1,1,0,0,0,0,0,0,0,0,-1,1,0,0,1,-1,0,0,1,-1,1,-1,-1,1,0,0,-1,1,1,-1,-1,1,1,-1,-1,1,0,0,-1,1,-1,1,0,0,0,0,0,0,-1,1,-1,1,1,-1,-1,1,-1,1,-1,1,1,-1,-1,1,-1,1,0,0,1,-1,0,0,0,2,1,-1,1,-1,-1,1,-1,1,-1,1,-1,1,1,-1,1,-1,1,-1,-1,1,-1,1,1,-1,-1,1,-1,1,0,0,1,-1,1,-1,0,0,-1,1,-1,1,-1,1,0,2,1,-1,-1,1,1,-1,0,0,-1,1,-1,1,1,-1,-1,1,1,-1,0,0,-1,1,1,-1
MU,2021-06-30 16:00:41,AMC,0.12247754578327306,0.09915427238261884,0.018040772145047807,ES,stopped_pre,-100.0,-214.6624999999858,-267.1624999999858,0,0,-1,1,1,-1,0,2,0,0,1,-1,1,-1,1,-1,1,-1,1,-1,1,-1,0,0,0,2,1,-1,0,0,1,-1,1,-1,1,-1,0,0,0,0,0,0,1,-1,1,-1,1,-1,0,0,0,-1,0,-1,0,0,1,-1,1,-1,1,-1,-1,1,0,0,1,-1,1,-1,1,-1,1,-1,1,-1,0,0,1,-1,0,2,1,-1,1,-1,1,-1,1,-1,1,-1,1,-1,1,-1,0,0,1,-1,1,-1,1,-1,1,-1,1,-1,1,-1,1,-1,1,-1,1,-1,0,0,1,-1,1,-1,0,0,0,0,0,0,1,-1,0,0,0,0,1,-1,0,2,1,-1,1,-1,1,-1,1,-1,1,-1,1,-1,1,-1,1,-1,1,-1,-1,1,1,-1,1,-1,0,2,0,0,1,-1,1,-1,1,-1,1,0,1,-1,1,-1,0,2,1,-1,1,-1,1,-1,-1,1,1,-1,0,0,0,0,0,0,0,0,1,-1,0,0,1,-1,1,-1,1,-1,1,-1,1,-1,0,0,1,-1,-1,1,1,-1,1,-1,-1,1,1,-1,-1,1,1,-1,0,0,0,0,0,0,1,-1,1,-1,1,-1,1,-1,1,-1,1,-1,1,-1,1,-1,1,-1,1,-1,-1,1,0,0,0,0,-1,1,-1,1,1,-1,1,-1,1,-1,1,-1,0,0,1,-1,0,0,1,-1,1,-1,-1,1,1,-1,1,-1,0,0,1,-1,1,-1,0,0,1,-1,1,-1,1,-1,0,0,-1,1,1,-1,1,-1,1,-1,-1,1,1,-1,-1,1,1,-1,1,-1,0,0,1,-1,1,-1
NFLX,2021-07-20 16:04:07,AMC,0.0057947499565393756,0.11588828369451848,0.008818342151675486,ES,timed,900.0,175.0,122.5,0,2,-1,1,-1,1,0,2,-1,1,-1,1,1,-1,-1,1,-1,1,-1,1,-1,1,0,0,0,0,-1,1,0,0,-1,1,-1,1,-1,1,0,-1,1,-1,0,0,-1,1,-1,1,-1,1,0,0,0,1,0,1,0,0,-1,1,-1,1,-1,1,1,-1,0,0,-1,1,1,-1,-1,1,-1,1,-1,1,-1,1,-1,1,0,2,-1,1,-1,1,-1,1,-1,1,-1,1,0,0,-1,1,-1,1,-1,1,-1,1,-1,1,-1,1,-1,1,-1,1,-1,1,-1,1,-1,1,-1,1,-1,1,-1,1,0,0,0,0,0,0,-1,1,0,0,0,0,-1,1,0,0,-1,1,-1,1,-1,1,1,-1,-1,1,-1,1,-1,1,1,-1,-1,1,-1,1,-1,1,1,-1,0,2,0,0,-1,1,-1,1,-1,1,-1,0,-1,1,-1,1,0,2,-1,1,-1,1,-1,1,-1,1,-1,1,0,0,0,0,0,0,0,0,-1,1,1,-1,1,-1,1,-1,1,-1,1,-1,-1,1,0,0,-1,1,-1,1,-1,1,-1,1,-1,1,0,0,1,-1,-1,1,0,0,0,0,0,0,-1,1,-1,1,-1,1,-1,1,-1,1,-1,1,1,-1,-1,1,-1,1,0,0,1,-1,0,2,0,0,1,-1,1,-1,-1,1,-1,1,-1,1,-1,1,0,0,1,-1,0,0,-1,1,-1,1,1,-1,-1,1,-1,1,0,0,-1,1,-1,1,0,0,-1,1,-1,1,1,-1,0,0,1,-1,-1,1,1,-1,-1,1,1,-1,-1,1,1,-1,-1,1,-1,1,0,0,-1,1,1,-1
INTC,2021-07-22 16:05:35,AMC,0.005730987449137487,0.05730987449137486,0.022438245586516196,ES,timed,899.0,200.0,147.5,0,0,1,-1,1,-1,0,2,0,0,1,-1,1,-1,1,-1,1,-1,1,-1,1,-1,0,0,0,0,1,-1,0,0,1,-1,1,-1,1,-1,0,0,-1,1,0,0,0,0,1,-1,1,-1,0,0,0,-1,0,-1,0,2,1,-1,1,-1,1,-1,1,-1,0,0,1,-1,1,-1,1,-1,1,-1,1,-1,1,-1,1,-1,0,2,1,-1,1,-1,1,-1,1,-1,1,-1,1,-1,1,-1,-1,1,1,-1,1,-1,0,0,1,-1,1,-1,1,-1,1,-1,1,-1,1,-1,0,0,1,-1,0,0,0,0,0,0,0,0,1,-1,0,0,0,0,1,-1,0,0,1,-1,1,-1,1,-1,0,0,1,-1,1,-1,1,-1,1,-1,1,-1,1,-1,1,-1,-1,1,0,0,0,0,1,-1,1,-1,1,-1,1,0,1,-1,1,-1,0,0,1,-1,1,-1,1,-1,1,-1,1,-1,-1,1,0,0,0,0,0,0,1,-1,0,0,1,-1,1,-1,1,-1,1,-1,1,-1,0,0,1,-1,-1,1,-1,1,1,-1,1,-1,1,-1,1,-1,1,-1,0,0,0,0,0,0,1,-1,1,-1,1,-1,1,-1,-1,1,1,-1,-1,1,1,-1,1,-1,1,-1,-1,1,0,0,0,0,-1,1,1,-1,1,-1,1,-1,1,-1,1,-1,0,0,1,-1,0,0,1,-1,1,-1,1,-1,1,-1,1,-1,0,0,1,-1,1,-1,0,0,1,-1,1,-1,1,-1,0,0,-1,1,1,-1,1,-1,1,-1,-1,1,1,-1,1,-1,1,-1,1,-1,0,0,1,-1,1,-1
TSLA,2021-07-26 16:25:13,AMC,0.005661552397667441,0.028309364737855284,0.011716461628588167,ES,timed,894.0,25.0,-27.5,0,0,-1,1,1,-1,1,0,1,-1,-1,1,1,-1,1,-1,0,0,1,-1,-1,1,0,0,0,0,1,-1,0,0,1,-1,1,-1,-1,1,0,0,0,0,0,0,1,-1,1,-1,1,-1,0,2,0,-1,0,-1,0,2,0,0,1,-1,1,-1,1,-1,0,0,1,-1,1,-1,-1,1,0,0,1,-1,-1,1,-1,1,0,2,1,-1,1,-1,-1,1,1,-1,1,-1,0,0,0,0,0,0,1,-1,1,-1,1,-1,1,-1,-1,1,1,-1,1,-1,1,-1,1,-1,0,0,1,-1,1,-1,0,0,0,0,0,0,1,-1,0,0,0,2,-1,1,0,2,1,-1,1,-1,1,-1,0,0,-1,1,1,-1,1,-1,1,-1,1,-1,-1,1,-1,1,-1,1,0,0,0,2,1,-1,0,0,1,-1,1,0,-1,1,1,-1,0,0,1,-1,1,-1,1,-1,-1,1,1,-1,1,-1,0,0,0,0,0,0,1,-1,1,-1,1,-1,1,-1,1,-1,1,-1,-1,1,0,0,1,-1,-1,1,1,-1,1,-1,1,-1,1,-1,-1,1,0,0,0,0,0,0,0,0,-1,1,1,-1,-1,1,1,-1,1,-1,1,-1,1,-1,1,-1,-1,1,1,-1,-1,1,0,0,0,2,1,-1,1,-1,1,-1,-1,1,1,-1,-1,1,0,0,1,-1,0,0,0,0,1,-1,-1,1,-1,1,1,-1,0,2,1,-1,1,-1,0,2,1,-1,1,-1,-1,1,0,0,-1,1,1,-1,1,-1,0,0,-1,1,1,-1,1,-1,1,-1,1,-1,0,0,-1,1,1,-1
AAPL,2021-07-27 16:35:44,AMC,0.011389521640091117,0.1366742596810934,0.05676979846721544,ES,timed,896.0,-62.5,-115.0,0,0,1,-1,1,-1,0,2,-1,1,1,-1,1,-1,-1,1,0,0,1,-1,1,-1,0,0,0,2,-1,1,0,0,-1,1,1,-1,1,-1,0,0,0,0,0,0,1,-1,1,-1,1,-1,0,2,0,-1,0,0,0,2,1,-1,-1,1,1,-1,1,-1,0,0,1,-1,-1,1,1,-1,0,0,1,-1,1,-1,1,-1,0,0,1,-1,1,-1,-1,1,1,-1,1,-1,1,-1,1,-1,1,-1,-1,1,1,-1,0,0,-1,1,1,-1,-1,1,1,-1,1,-1,1,-1,1,-1,1,-1,0,0,0,0,0,0,0,0,0,0,0,0,0,2,1,-1,0,2,1,-1,0,0,-1,1,1,-1,1,-1,1,-1,1,-1,1,-1,1,-1,-1,1,1,-1,1,-1,0,0,0,0,1,-1,1,-1,1,-1,1,0,1,-1,-1,1,0,0,1,-1,-1,1,1,-1,-1,1,1,-1,1,-1,0,0,0,0,0,0,1,-1,-1,1,-1,1,-1,1,-1,1,-1,1,1,-1,0,0,-1,1,-1,1,1,-1,1,-1,1,-1,1,-1,1,-1,1,-1,0,0,0,0,0,0,1,-1,1,-1,-1,1,1,-1,-1,1,-1,1,1,-1,0,0,-1,1,1,-1,1,-1,0,0,0,2,-1,1,-1,1,-1,1,1,-1,-1,1,1,-1,0,0,1,-1,0,0,0,0,0,0,-1,1,1,-1,1,-1,0,2,1,-1,-1,1,0,2,1,-1,1,-1,-1,1,0,2,-1,1,1,-1,1,-1,0,0,1,-1,1,-1,-1,1,0,0,1,-1,0,0,1,-1,1,-1
GOOGL,2021-07-27 16:36:42,AMC,0.0056954094999430455,0.11390818999886092,0.02470770762565628,ES,timed,900.0,0.0,-52.5,0,0,1,-1,-1,1,0,2,-1,1,1,-1,1,-1,1,-1,1,-1,1,-1,-1,1,0,0,0,2,-1,1,0,0,-1,1,1,-1,1,-1,0,0,1,-1,0,0,1,-1,1,-1,-1,1,0,0,0,-1,0,0,0,0,0,0,1,-1,-1,1,1,-1,0,0,1,-1,-1,1,1,-1,0,0,-1,1,1,-1,1,-1,0,0,1,-1,1,-1,-1,1,-1,1,1,-1,1,-1,1,-1,-1,1,-1,1,1,-1,0,0,-1,1,1,-1,-1,1,1,-1,1,-1,-1,1,0,0,1,-1,0,0,0,0,0,0,0,0,0,0,0,0,0,0,1,-1,0,2,-1,1,-1,1,1,-1,1,-1,1,-1,1,-1,1,-1,1,-1,1,-1,-1,1,1,-1,1,-1,0,0,0,0,1,-1,1,-1,1,-1,1,0,1,-1,1,-1,0,0,1,-1,1,-1,1,-1,-1,1,-1,1,1,-1,0,0,0,0,0,0,1,-1,-1,1,-1,1,-1,1,-1,1,-1,1,1,-1,0,0,1,-1,-1,1,1,-1,-1,1,1,-1,1,-1,1,-1,1,-1,0,0,0,0,0,0,1,-1,1,-1,-1,1,-1,1,-1,1,-1,1,-1,1,0,0,-1,1,1,-1,1,-1,0,0,0,2,1,-1,-1,1,-1,1,1,-1,-1,1,1,-1,0,0,-1,1,0,0,1,-1,0,0,-1,1,1,-1,1,-1,0,2,-1,1,-1,1,0,2,1,-1,1,-1,-1,1,0,0,1,-1,1,-1,1,-1,0,0,-1,1,1,-1,-1,1,0,0,1,-1,0,0,1,-1,1,-1
AMD,2021-07-27 16:39:42,AMC,0.028483536515893814,0.10255241567912489,0.007342143906020558,ES,stopped_post,74.0,-225.0,-277.5,0,0,1,-1,-1,1,0,2,0,0,1,-1,1,-1,1,-1,1,-1,1,-1,1,-1,0,0,0,2,1,-1,0,0,1,-1,1,-1,1,-1,0,1,1,-1,-1,1,1,-1,1,-1,-1,1,0,0,0,-1,0,0,0,0,1,-1,1,-1,1,-1,1,-1,0,0,1,-1,-1,1,1,-1,0,0,-1,1,1,-1,1,-1,0,0,1,-1,1,-1,-1,1,1,-1,1,-1,0,0,1,-1,1,-1,1,-1,1,-1,-1,1,1,-1,1,-1,1,-1,1,-1,1,-1,-1,1,0,0,1,-1,0,0,0,0,0,0,0,0,1,-1,0,0,0,0,1,-1,0,2,1,-1,0,0,0,0,0,0,1,-1,1,-1,1,-1,1,-1,1,-1,-1,1,1,-1,1,-1,0,0,0,2,1,-1,1,-1,1,-1,1,0,1,-1,1,-1,0,0,1,-1,1,-1,1,-1,-1,1,-1,1,-1,1,0,0,0,0,0,0,1,-1,-1,1,-1,1,-1,1,-1,1,-1,1,1,-1,0,0,-1,1,0,0,1,-1,-1,1,1,-1,1,-1,1,-1,1,-1,0,0,0,0,0,0,1,-1,1,-1,1,-1,1,-1,-1,1,1,-1,-1,1,0,0,1,-1,1,-1,-1,1,0,0,0,2,-1,1,1,-1,1,-1,1,-1,-1,1,1,-1,0,0,1,-1,0,0,1,-1,0,0,-1,1,1,-1,1,-1,0,2,-1,1,1,-1,0,2,-1,1,1,-1,-1,1,0,0,1,-1,1,-1,1,-1,0,0,-1,1,1,-1,1,-1,0,0,1,-1,0,0,1,-1,-1,1
MSFT,2021-07-27 16:41:19,AMC,0.005700604264051989,0.045607434011743914,0.022958597994949106,ES,stopped_post,191.0,-219.46250000000873,-271.96250000000873,0,0,1,-1,1,-1,0,2,0,0,1,-1,1,-1,1,-1,1,-1,1,-1,-1,1,0,0,0,2,1,-1,0,0,1,-1,1,-1,1,-1,0,0,1,-1,0,0,1,-1,1,-1,1,-1,0,0,0,-1,0,0,0,0,0,0,1,-1,1,-1,1,-1,0,0,1,-1,-1,1,1,-1,0,0,-1,1,1,-1,1,-1,0,0,1,-1,1,-1,1,-1,1,-1,1,-1,0,0,1,-1,0,0,1,-1,1,-1,-1,1,1,-1,1,-1,1,-1,1,-1,1,-1,-1,1,0,0,1,-1,0,0,0,0,0,0,0,0,1,-1,0,0,0,0,1,-1,0,2,1,-1,0,0,0,0,0,0,1,-1,1,-1,1,-1,1,-1,1,-1,-1,1,1,-1,1,-1,0,0,0,0,1,-1,1,-1,1,-1,1,0,1,-1,1,-1,0,0,1,-1,1,-1,1,-1,-1,1,-1,1,-1,1,0,0,0,0,0,0,1,-1,-1,1,-1,1,-1,1,-1,1,-1,1,1,-1,0,0,-1,1,-1,1,1,-1,-1,1,1,-1,1,-1,1,-1,1,-1,0,0,0,0,0,0,1,-1,1,-1,-1,1,1,-1,1,-1,1,-1,-1,1,0,0,1,-1,1,-1,1,-1,0,0,0,2,-1,1,1,-1,1,-1,1,-1,-1,1,1,-1,0,0,1,-1,0,0,1,-1,0,0,-1,1,1,-1,1,-1,0,2,-1,1,1,-1,0,2,1,-1,1,-1,-1,1,0,0,-1,1,1,-1,1,-1,0,0,-1,1,1,-1,1,-1,1,-1,1,-1,0,0,1,-1,1,-1
META,2021-07-28 16:08:06,AMC,0.022769966414299538,0.011384983207149769,0.01462609207267651,ES,timed,900.0,-25.0,-77.5,0,0,-1,1,-1,1,-1,0,-1,1,1,-1,-1,1,-1,1,-1,1,-1,1,1,-1,0,0,0,2,-1,1,0,0,-1,1,-1,1,-1,1,0,0,0,0,1,-1,-1,1,-1,1,-1,1,0,0,0,1,0,1,0,0,0,0,-1,1,-1,1,1,-1,0,0,-1,1,1,-1,-1,1,-1,1,-1,1,1,-1,-1,1,0,0,-1,1,-1,1,-1,1,-1,1,-1,1,-1,1,0,0,0,0,-1,1,-1,1,-1,1,-1,1,-1,1,-1,1,-1,1,1,-1,-1,1,-1,1,-1,1,-1,1,0,0,0,0,-1,1,-1,1,0,0,0,0,0,0,0,0,-1,1,-1,1,-1,1,1,-1,-1,1,-1,1,-1,1,1,-1,-1,1,-1,1,-1,1,1,-1,0,2,0,0,-1,1,0,0,-1,1,-1,0,-1,1,-1,1,0,0,-1,1,-1,1,-1,1,1,-1,-1,1,1,-1,0,0,0,0,0,0,-1,1,0,0,1,-1,0,0,1,-1,1,-1,-1,1,0,0,-1,1,1,-1,-1,1,-1,1,-1,1,-1,1,1,-1,-1,1,0,0,0,0,0,0,-1,1,-1,1,1,-1,1,-1,-1,1,-1,1,1,-1,-1,1,-1,1,0,0,1,-1,0,0,0,0,-1,1,1,-1,-1,1,-1,1,-1,1,-1,1,0,0,1,-1,0,0,0,0,-1,1,1,-1,-1,1,-1,1,0,0,-1,1,-1,1,0,0,-1,1,-1,1,1,-1,0,0,1,-1,-1,1,-1,1,-1,1,1,-1,1,-1,1,-1,-1,1,-1,1,0,0,-1,1,-1,1
AMZN,2021-07-29 16:34:52,AMC,0.005683109797681291,0.05114798817913162,0.010118774160874193,ES,stopped_pre,-67.0,-220.24999999998727,-272.74999999998727,0,0,-1,1,-1,1,-1,0,-1,1,-1,1,-1,1,-1,1,0,0,-1,1,-1,1,0,0,0,2,-1,1,0,0,-1,1,-1,1,-1,1,0,-1,0,0,0,0,-1,1,-1,1,-1,1,0,2,0,1,0,1,0,0,-1,1,-1,1,-1,1,1,-1,0,0,-1,1,1,-1,-1,1,-1,1,-1,1,-1,1,-1,1,0,2,-1,1,-1,1,1,-1,-1,1,-1,1,-1,1,-1,1,-1,1,-1,1,-1,1,-1,1,-1,1,-1,1,-1,1,-1,1,-1,1,-1,1,0,0,-1,1,-1,1,0,0,0,2,0,0,-1,1,0,0,0,2,0,0,0,2,-1,1,-1,1,-1,1,1,-1,-1,1,-1,1,-1,1,-1,1,-1,1,1,-1,1,-1,-1,1,0,0,0,2,-1,1,0,0,-1,1,-1,0,1,-1,-1,1,0,0,-1,1,1,-1,-1,1,1,-1,-1,1,0,0,0,0,0,2,0,0,-1,1,1,-1,1,-1,1,-1,1,-1,1,-1,1,-1,0,0,-1,1,1,-1,-1,1,-1,1,-1,1,-1,1,1,-1,-1,1,0,2,0,0,0,0,1,-1,1,-1,1,-1,-1,1,-1,1,-1,1,-1,1,-1,1,1,-1,-1,1,-1,1,0,0,0,2,1,-1,1,-1,-1,1,-1,1,-1,1,-1,1,0,0,1,-1,0,0,0,0,-1,1,1,-1,1,-1,-1,1,0,0,-1,1,-1,1,0,2,1,-1,-1,1,-1,1,0,0,1,-1,-1,1,-1,1,-1,1,1,-1,-1,1,1,-1,-1,1,-1,1,0,2,0,0,1,-1
NVDA,2021-08-18 16:21:07,AMC,0.03415300546448088,0.1935336976320583,,ES,stopped_post,823.0,-219.662500000004,-272.162500000004,0,0,1,-1,-1,1,-1,0,-1,1,-1,1,-1,1,-1,1,-1,1,-1,1,-1,1,0,0,0,2,-1,1,0,0,-1,1,-1,1,1,-1,0,0,0,0,0,0,0,0,-1,1,-1,1,0,2,0,-1,0,1,0,2,0,0,-1,1,-1,1,-1,1,0,0,-1,1,-1,1,1,-1,0,0,-1,1,-1,1,1,-1,0,0,-1,1,-1,1,1,-1,-1,1,-1,1,0,0,0,0,1,-1,-1,1,-1,1,-1,1,1,-1,1,-1,-1,1,-1,1,1,-1,-1,1,0,0,-1,1,0,0,0,0,0,0,0,0,-1,1,0,0,0,2,1,-1,0,0,-1,1,-1,1,-1,1,0,0,1,-1,-1,1,-1,1,-1,1,-1,1,1,-1,1,-1,-1,1,0,0,0,0,-1,1,1,-1,-1,1,-1,0,1,-1,-1,1,0,0,-1,1,-1,1,-1,1,-1,1,-1,1,-1,1,0,0,0,0,0,0,-1,1,-1,1,-1,1,-1,1,-1,1,-1,1,1,-1,0,0,-1,1,0,0,-1,1,-1,1,1,-1,-1,1,1,-1,-1,1,0,0,0,0,0,0,1,-1,-1,1,-1,1,-1,1,1,-1,-1,1,-1,1,-1,1,-1,1,-1,1,-1,1,0,0,0,2,-1,1,-1,1,-1,1,1,-1,-1,1,1,-1,0,0,1,-1,0,0,1,-1,-1,1,1,-1,1,-1,1,-1,0,0,-1,1,-1,1,0,2,-1,1,-1,1,-1,1,0,0,1,-1,-1,1,-1,1,-1,1,-1,1,-1,1,-1,1,-1,1,-1,1,0,0,1,-1,-1,1
AVGO,2021-09-02 16:18:04,AMC,0.011024142872891633,0.0055120714364458165,0.015016886987679766,ES,timed,898.0,112.5,60.0,0,0,-1,1,1,-1,1,0,1,-1,-1,1,-1,1,1,-1,0,0,1,-1,1,-1,0,0,0,0,1,-1,0,0,-1,1,-1,1,-1,1,0,0,0,0,0,0,0,0,-1,1,1,-1,0,2,0,-1,0,1,0,0,0,0,1,-1,-1,1,1,-1,0,0,1,-1,1,-1,-1,1,0,0,1,-1,-1,1,-1,1,0,0,1,-1,-1,1,-1,1,-1,1,1,-1,-1,1,-1,1,0,0,1,-1,0,0,1,-1,-1,1,-1,1,1,-1,1,-1,-1,1,1,-1,0,0,-1,1,0,0,0,0,0,0,0,0,1,-1,0,0,0,0,-1,1,0,0,1,-1,1,-1,1,-1,0,0,-1,1,-1,1,-1,1,1,-1,-1,1,-1,1,-1,1,1,-1,0,0,0,2,-1,1,-1,1,1,-1,-1,0,-1,1,-1,1,0,0,-1,1,1,-1,-1,1,-1,1,1,-1,0,0,0,0,0,0,0,0,-1,1,1,-1,1,-1,0,0,1,-1,1,-1,-1,1,0,0,-1,1,1,-1,1,-1,1,-1,-1,1,1,-1,1,-1,-1,1,0,0,0,0,0,0,-1,1,1,-1,1,-1,-1,1,-1,1,-1,1,1,-1,0,0,1,-1,1,-1,-1,1,0,0,0,0,1,-1,1,-1,1,-1,-1,1,1,-1,-1,1,0,0,1,-1,0,0,-1,1,0,0,-1,1,-1,1,-1,1,0,0,1,-1,1,-1,0,0,-1,1,1,-1,-1,1,0,2,-1,1,0,0,-1,1,0,0,1,-1,1,-1,1,-1,0,0,1,-1,0,0,-1,1,-1,1
MU,2021-09-28 16:01:35,AMC,0.05749108888122341,0.1379786133149362,0.018326174272784466,ES,timed,897.0,-37.5,-90.0,0,0,1,-1,-1,1,-1,0,-1,1,-1,1,-1,1,-1,1,0,0,-1,1,-1,1,0,0,0,0,-1,1,0,0,-1,1,-1,1,-1,1,0,0,0,0,1,-1,0,0,-1,1,-1,1,0,0,0,1,0,1,0,0,-1,1,-1,1,-1,1,-1,1,0,0,-1,1,-1,1,-1,1,-1,1,-1,1,-1,1,-1,1,0,2,-1,1,-1,1,-1,1,-1,1,-1,1,-1,1,-1,1,-1,1,-1,1,-1,1,-1,1,-1,1,-1,1,-1,1,-1,1,1,-1,-1,1,0,0,-1,1,1,-1,0,0,0,0,0,0,-1,1,0,0,0,0,0,0,0,0,-1,1,-1,1,-1,1,1,-1,-1,1,-1,1,-1,1,-1,1,-1,1,-1,1,-1,1,1,-1,0,2,0,0,-1,1,-1,1,-1,1,-1,0,-1,1,-1,1,0,0,-1,1,-1,1,-1,1,1,-1,-1,1,-1,1,0,0,0,0,0,0,-1,1,-1,1,-1,1,-1,1,-1,1,-1,1,-1,1,0,0,-1,1,1,-1,-1,1,-1,1,-1,1,-1,1,1,-1,-1,1,0,0,0,0,0,0,-1,1,-1,1,-1,1,1,-1,1,-1,-1,1,1,-1,-1,1,-1,1,0,0,1,-1,0,0,0,0,1,-1,1,-1,-1,1,-1,1,-1,1,-1,1,0,0,-1,1,0,0,-1,1,-1,1,1,-1,-1,1,-1,1,0,0,-1,1,-1,1,0,0,-1,1,-1,1,1,-1,0,0,1,-1,-1,1,-1,1,-1,1,-1,1,-1,1,1,-1,-1,1,-1,1,0,0,-1,1,-1,1
NFLX,2021-10-19 16:02:05,AMC,0.02215943715029638,0.07201817073846324,0.008703965784650661,ES,timed,900.0,350.0,297.5,0,0,1,-1,1,-1,0,2,0,0,-1,1,1,-1,1,-1,1,-1,1,-1,-1,1,0,0,0,2,1,-1,0,0,1,-1,1,-1,1,-1,0,0,0,0,0,0,1,-1,1,-1,1,-1,0,0,0,-1,0,0,0,0,-1,1,1,-1,1,-1,1,-1,0,0,1,-1,1,-1,1,-1,1,-1,1,-1,1,-1,1,-1,0,0,1,-1,1,-1,1,-1,1,-1,1,-1,1,-1,0,0,0,0,1,-1,1,-1,0,0,1,-1,1,-1,1,-1,1,-1,1,-1,1,-1,0,0,1,-1,1,-1,0,0,0,0,0,0,1,-1,0,0,0,0,0,0,0,0,1,-1,0,0,1,-1,1,-1,-1,1,1,-1,1,-1,1,-1,1,-1,1,-1,1,-1,-1,1,0,0,0,0,1,-1,1,-1,1,-1,1,0,1,-1,1,-1,0,0,1,-1,1,-1,1,-1,1,-1,1,-1,0,0,0,0,0,0,0,0,1,-1,1,-1,1,-1,1,-1,1,-1,1,-1,1,-1,0,0,1,-1,0,0,-1,1,1,-1,1,-1,1,-1,1,-1,1,-1,0,0,0,0,0,0,1,-1,1,-1,-1,1,1,-1,1,-1,-1,1,-1,1,0,0,1,-1,1,-1,-1,1,0,0,0,0,1,-1,1,-1,-1,1,1,-1,1,-1,1,-1,0,0,-1,1,0,0,1,-1,0,0,-1,1,1,-1,1,-1,0,0,1,-1,1,-1,0,2,1,-1,1,-1,1,-1,0,0,1,-1,1,-1,1,-1,0,0,1,-1,1,-1,1,-1,0,0,1,-1,0,0,1,-1,1,-1
INTC,2021-10-21 16:09:46,AMC,0.01651436749972476,0.18165804249697237,0.021803117845851958,ES,stopped_post,486.0,-226.98749999999563,-279.48749999999563,0,0,-1,1,-1,1,1,0,1,-1,-1,1,1,-1,1,-1,1,-1,1,-1,1,-1,0,0,0,0,1,-1,0,0,1,-1,1,-1,-1,1,0,0,0,0,0,0,0,0,1,-1,-1,1,0,0,0,-1,0,-1,0,0,0,0,-1,1,1,-1,1,-1,0,0,1,-1,1,-1,1,-1,0,0,-1,1,-1,1,-1,1,0,2,1,-1,1,-1,1,-1,1,-1,1,-1,1,-1,0,0,0,0,1,-1,1,-1,1,-1,1,-1,-1,1,1,-1,1,-1,-1,1,-1,1,1,-1,1,-1,-1,1,0,0,0,0,0,0,1,-1,0,0,0,0,0,0,0,2,1,-1,1,-1,1,-1,0,0,-1,1,1,-1,1,-1,1,-1,1,-1,-1,1,1,-1,-1,1,0,0,0,0,1,-1,0,0,1,-1,1,0,1,-1,1,-1,0,0,1,-1,1,-1,1,-1,1,-1,-1,1,0,0,0,0,0,0,0,0,1,-1,1,-1,1,-1,1,-1,1,-1,1,-1,1,-1,0,0,1,-1,1,-1,1,-1,-1,1,-1,1,1,-1,-1,1,1,-1,0,0,0,0,0,0,1,-1,1,-1,1,-1,1,-1,-1,1,1,-1,-1,1,1,-1,1,-1,1,-1,-1,1,0,0,0,0,-1,1,1,-1,1,-1,-1,1,1,-1,1,-1,0,0,-1,1,0,0,0,0,1,-1,-1,1,1,-1,1,-1,0,0,-1,1,-1,1,0,0,1,-1,1,-1,-1,1,0,0,1,-1,1,-1,1,-1,1,-1,-1,1,1,-1,1,-1,1,-1,-1,1,0,0,0,0,1,-1
META,2021-10-25 16:08:12,AMC,0.005482756730083886,0.07127974558613882,0.01768346595932803,ES,stopped_pre,-182.0,-227.91250000000218,-280.4125000000022,0,0,1,-1,1,-1,0,2,-1,1,-1,1,1,-1,1,-1,0,0,1,-1,-1,1,0,0,0,2,1,-1,0,0,1,-1,1,-1,-1,1,0,0,1,-1,0,0,0,0,1,-1,1,-1,0,0,0,-1,0,-1,0,0,0,0,1,-1,1,-1,1,-1,0,0,1,-1,1,-1,1,-1,1,-1,1,-1,1,-1,1,-1,0,2,1,-1,1,-1,1,-1,1,-1,1,-1,0,0,0,0,0,0,1,-1,0,0,0,0,-1,1,1,-1,-1,1,1,-1,1,-1,1,-1,0,0,1,-1,1,-1,0,0,0,0,0,0,0,0,0,0,0,0,0,0,0,2,1,-1,0,0,0,0,0,0,-1,1,1,-1,1,-1,1,-1,1,-1,1,-1,1,-1,-1,1,0,0,0,2,1,-1,1,-1,1,-1,1,0,1,-1,1,-1,0,2,1,-1,1,-1,1,-1,1,-1,1,-1,0,0,0,0,0,0,0,0,1,-1,1,-1,1,-1,1,-1,1,-1,1,-1,1,-1,0,0,1,-1,-1,1,1,-1,1,-1,1,-1,0,0,1,-1,1,-1,0,0,0,0,0,0,1,-1,1,-1,-1,1,1,-1,1,-1,-1,1,-1,1,0,0,1,-1,0,0,-1,1,0,0,0,0,1,-1,1,-1,-1,1,1,-1,1,-1,1,-1,0,0,-1,1,0,0,0,0,0,0,1,-1,1,-1,1,-1,0,0,1,-1,1,-1,0,0,1,-1,1,-1,1,-1,0,0,-1,1,1,-1,1,-1,0,0,1,-1,-1,1,1,-1,0,0,1,-1,0,0,1,-1,1,-1
GOOGL,2021-10-26 16:01:30,AMC,0.021903405979629833,0.00547555166182993,0.023946360153256702,ES,stopped_pre,-95.0,-228.4375000000182,-280.9375000000182,0,0,-1,1,-1,1,0,2,0,0,-1,1,-1,1,-1,1,0,0,-1,1,-1,1,0,0,0,0,-1,1,0,0,-1,1,-1,1,-1,1,0,0,-1,1,0,0,-1,1,-1,1,-1,1,0,0,0,1,0,1,0,0,0,0,-1,1,-1,1,-1,1,0,0,-1,1,1,-1,-1,1,-1,1,-1,1,-1,1,-1,1,0,0,-1,1,-1,1,-1,1,-1,1,-1,1,-1,1,-1,1,0,0,-1,1,-1,1,-1,1,-1,1,-1,1,-1,1,-1,1,-1,1,-1,1,-1,1,-1,1,-1,1,0,0,0,0,0,0,-1,1,0,0,0,0,-1,1,0,0,-1,1,-1,1,0,0,0,0,-1,1,-1,1,-1,1,1,-1,-1,1,-1,1,-1,1,1,-1,0,2,0,0,-1,1,-1,1,-1,1,-1,0,-1,1,-1,1,0,0,-1,1,1,-1,-1,1,1,-1,-1,1,1,-1,0,0,0,0,0,0,-1,1,0,0,1,-1,0,0,1,-1,1,-1,-1,1,0,0,-1,1,-1,1,-1,1,-1,1,-1,1,0,0,1,-1,-1,1,0,0,0,0,0,0,-1,1,-1,1,-1,1,-1,1,1,-1,-1,1,1,-1,-1,1,-1,1,0,0,1,-1,0,0,0,0,1,-1,1,-1,1,-1,-1,1,-1,1,-1,1,0,0,1,-1,0,0,-1,1,0,0,1,-1,-1,1,-1,1,0,0,-1,1,-1,1,0,0,-1,1,-1,1,1,-1,0,0,-1,1,-1,1,-1,1,-1,1,-1,1,-1,1,1,-1,-1,1,-1,1,0,0,-1,1,-1,1
MSFT,2021-10-26 16:04:14,AMC,0.03286590709903593,0.06572821383578901,0.02257561502055489,ES,stopped_pre,-88.0,-228.40000000001055,-280.90000000001055,0,2,-1,1,-1,1,-1,0,-1,1,-1,1,-1,1,-1,1,0,0,-1,1,-1,1,0,0,0,0,-1,1,0,0,-1,1,-1,1,-1,1,0,0,1,-1,0,0,-1,1,-1,1,-1,1,0,0,0,1,0,1,0,0,-1,1,-1,1,1,-1,-1,1,0,0,-1,1,1,-1,-1,1,-1,1,-1,1,1,-1,-1,1,0,2,-1,1,-1,1,-1,1,-1,1,-1,1,-1,1,-1,1,0,0,-1,1,-1,1,-1,1,-1,1,-1,1,-1,1,-1,1,-1,1,-1,1,-1,1,-1,1,0,0,0,0,0,0,0,0,-1,1,0,0,0,0,-1,1,0,0,-1,1,-1,1,-1,1,-1,1,-1,1,-1,1,-1,1,1,-1,-1,1,-1,1,-1,1,1,-1,0,2,0,0,-1,1,-1,1,-1,1,-1,0,-1,1,-1,1,0,0,-1,1,-1,1,-1,1,1,-1,-1,1,1,-1,0,0,0,0,0,0,-1,1,0,0,1,-1,0,0,1,-1,1,-1,-1,1,0,0,-1,1,1,-1,-1,1,-1,1,-1,1,-1,1,1,-1,-1,1,0,0,0,0,0,0,-1,1,-1,1,1,-1,1,-1,-1,1,1,-1,1,-1,-1,1,-1,1,0,0,1,-1,0,2,0,0,1,-1,1,-1,-1,1,-1,1,-1,1,-1,1,0,0,1,-1,0,0,-1,1,-1,1,1,-1,-1,1,-1,1,0,0,-1,1,-1,1,0,0,-1,1,-1,1,1,-1,0,0,1,-1,-1,1,-1,1,-1,1,1,-1,-1,1,1,-1,-1,1,-1,1,0,0,-1,1,-1,1
AMD,2021-10-26 16:17:33,AMC,0.02190220664731972,0.021901007446342532,0.014684287812041116,ES,timed,898.0,-75.0,-127.5,0,0,1,-1,-1,1,-1,0,-1,1,-1,1,-1,1,-1,1,0,0,-1,1,-1,1,0,0,0,0,-1,1,0,0,1,-1,-1,1,-1,1,0,0,1,-1,0,0,0,0,1,-1,-1,1,0,2,0,-1,0,1,0,0,0,0,-1,1,-1,1,-1,1,0,0,-1,1,1,-1,1,-1,0,0,-1,1,-1,1,1,-1,0,0,-1,1,1,-1,1,-1,-1,1,-1,1,0,0,0,0,0,0,-1,1,-1,1,-1,1,1,-1,1,-1,-1,1,-1,1,1,-1,-1,1,0,0,1,-1,0,0,0,0,0,0,0,0,-1,1,0,0,0,0,1,-1,0,0,-1,1,-1,1,-1,1,0,0,1,-1,-1,1,-1,1,1,-1,-1,1,1,-1,1,-1,-1,1,0,0,0,0,1,-1,0,0,-1,1,-1,0,1,-1,-1,1,0,0,-1,1,1,-1,1,-1,1,-1,-1,1,0,0,0,0,0,0,0,0,1,-1,0,0,1,-1,0,0,1,-1,1,-1,1,-1,0,0,1,-1,1,-1,-1,1,-1,1,1,-1,-1,1,-1,1,1,-1,0,0,0,0,0,0,1,-1,-1,1,-1,1,-1,1,1,-1,-1,1,-1,1,0,0,1,-1,0,0,-1,1,0,0,0,0,-1,1,1,-1,1,-1,1,-1,-1,1,1,-1,0,0,-1,1,0,0,0,0,0,0,1,-1,-1,1,1,-1,0,0,-1,1,-1,1,0,2,-1,1,-1,1,-1,1,0,2,1,-1,-1,1,-1,1,0,0,-1,1,-1,1,1,-1,0,0,-1,1,0,0,0,0,-1,1
AMZN,2021-10-28 16:07:09,AMC,0.010912265386294194,0.04910519423832388,0.009760858955588092,ES,stopped_pre,-49.0,-237.5,-290.0,0,0,1,-1,1,-1,1,0,1,-1,-1,1,1,-1,1,-1,0,0,1,-1,-1,1,0,0,0,2,1,-1,0,0,1,-1,-1,1,-1,1,0,0,0,0,0,0,0,0,1,-1,1,-1,0,0,0,-1,0,-1,0,0,-1,1,1,-1,1,-1,1,-1,0,0,1,-1,1,-1,1,-1,0,0,1,-1,-1,1,1,-1,0,2,1,-1,1,-1,1,-1,1,-1,1,-1,0,0,0,0,-1,1,1,-1,1,-1,1,-1,1,-1,-1,1,1,-1,1,-1,-1,1,1,-1,1,-1,-1,1,0,0,0,0,0,0,0,0,1,-1,0,0,0,0,0,0,0,0,1,-1,1,-1,1,-1,0,0,-1,1,1,-1,-1,1,1,-1,1,-1,1,-1,1,-1,-1,1,0,0,0,0,1,-1,0,0,1,-1,1,0,1,-1,1,-1,0,0,1,-1,-1,1,1,-1,1,-1,1,-1,-1,1,0,0,0,0,0,0,1,-1,1,-1,1,-1,1,-1,1,-1,1,-1,1,-1,0,0,1,-1,-1,1,-1,1,1,-1,1,-1,1,-1,-1,1,1,-1,0,0,0,0,0,0,1,-1,1,-1,1,-1,1,-1,1,-1,1,-1,-1,1,1,-1,1,-1,1,-1,-1,1,0,0,0,0,-1,1,1,-1,1,-1,-1,1,1,-1,1,-1,0,0,-1,1,0,0,0,0,1,-1,-1,1,1,-1,1,-1,0,0,1,-1,1,-1,0,2,1,-1,1,-1,1,-1,0,0,-1,1,1,-1,1,-1,0,0,-1,1,1,-1,1,-1,1,-1,1,-1,0,0,0,0,1,-1
AAPL,2021-10-28 16:30:23,AMC,0.14724327861700387,0.1363363690898184,0.053289431858545455,ES,stopped_pre,-23.0,-229.19999999999163,-281.69999999999163,0,0,-1,1,-1,1,0,2,1,-1,1,-1,1,-1,1,-1,0,0,-1,1,1,-1,0,2,0,2,-1,1,0,0,-1,1,1,-1,0,0,0,0,0,0,0,0,0,0,1,-1,-1,1,0,2,0,-1,0,0,0,2,0,0,-1,1,1,-1,-1,1,0,0,1,-1,1,-1,-1,1,-1,1,1,-1,1,-1,1,-1,0,0,1,-1,1,-1,-1,1,1,-1,-1,1,1,-1,1,-1,-1,1,-1,1,1,-1,0,0,1,-1,1,-1,-1,1,1,-1,-1,1,1,-1,0,0,1,-1,0,0,0,0,0,2,0,0,1,-1,0,0,0,2,0,0,0,0,-1,1,1,-1,-1,1,-1,1,-1,1,1,-1,-1,1,1,-1,1,-1,-1,1,1,-1,-1,1,0,0,0,0,1,-1,-1,1,1,-1,1,0,-1,1,1,-1,0,0,1,-1,1,-1,1,-1,1,-1,1,-1,0,0,0,0,0,2,0,0,1,-1,1,-1,1,-1,1,-1,1,-1,1,-1,-1,1,0,0,-1,1,0,0,-1,1,-1,1,-1,1,1,-1,1,-1,1,-1,0,2,0,0,0,0,-1,1,1,-1,1,-1,1,-1,-1,1,1,-1,1,-1,1,-1,1,-1,1,-1,1,-1,0,0,0,2,1,-1,1,-1,-1,1,1,-1,1,-1,1,-1,0,0,1,-1,0,0,0,0,1,-1,-1,1,-1,1,-1,1,0,2,1,-1,-1,1,0,2,1,-1,1,-1,-1,1,0,2,-1,1,1,-1,1,-1,0,0,1,-1,1,-1,1,-1,1,-1,1,-1,0,2,-1,1,1,-1
NVDA,2021-11-17 16:20:59,AMC,0.021345856235658253,0.0,,ES,timed,899.0,50.0,-2.5,0,0,1,-1,-1,1,-1,0,-1,1,1,-1,-1,1,-1,1,-1,1,-1,1,-1,1,0,0,0,2,-1,1,0,0,1,-1,1,-1,1,-1,0,0,0,0,0,0,0,0,1,-1,-1,1,0,0,0,-1,0,1,0,0,0,0,-1,1,-1,1,0,0,0,0,-1,1,-1,1,1,-1,0,0,-1,1,1,-1,1,-1,0,0,-1,1,1,-1,-1,1,-1,1,-1,1,0,0,1,-1,-1,1,-1,1,-1,1,-1,1,1,-1,1,-1,-1,1,-1,1,1,-1,-1,1,-1,1,1,-1,1,-1,0,0,0,2,0,0,-1,1,0,0,0,0,1,-1,0,0,-1,1,-1,1,-1,1,1,-1,1,-1,-1,1,1,-1,1,-1,-1,1,1,-1,-1,1,1,-1,0,0,0,0,-1,1,0,0,-1,1,1,0,1,-1,-1,1,0,0,1,-1,-1,1,0,0,1,-1,-1,1,0,0,0,0,0,0,0,0,1,-1,0,0,-1,1,0,0,-1,1,-1,1,1,-1,0,0,1,-1,-1,1,-1,1,-1,1,1,-1,-1,1,-1,1,0,0,0,2,0,0,0,0,1,-1,-1,1,-1,1,-1,1,1,-1,-1,1,-1,1,0,0,-1,1,-1,1,-1,1,0,0,0,0,-1,1,1,-1,1,-1,1,-1,1,-1,1,-1,0,0,-1,1,0,0,0,0,0,0,1,-1,-1,1,1,-1,0,0,-1,1,-1,1,0,0,1,-1,-1,1,-1,1,0,0,1,-1,-1,1,-1,1,-1,1,-1,1,-1,1,1,-1,0,0,-1,1,0,2,0,0,1,-1
AVGO,2021-12-09 16:26:54,AMC,0.03215261775896255,0.04287245444801715,0.011884953648680769,ES,timed,900.0,112.5,60.0,0,0,1,-1,-1,1,-1,0,-1,1,-1,1,-1,1,-1,1,0,0,-1,1,-1,1,0,2,0,2,-1,1,0,0,1,-1,-1,1,-1,1,0,0,0,0,0,0,0,0,1,-1,-1,1,0,2,0,-1,0,1,0,0,-1,1,-1,1,1,-1,-1,1,0,0,-1,1,-1,1,1,-1,0,0,-1,1,1,-1,1,-1,0,0,-1,1,1,-1,1,-1,-1,1,-1,1,0,0,-1,1,1,-1,-1,1,-1,1,-1,1,-1,1,1,-1,-1,1,-1,1,-1,1,-1,1,0,0,-1,1,0,0,0,2,0,2,0,0,-1,1,0,0,0,2,0,0,0,0,-1,1,-1,1,-1,1,0,0,-1,1,-1,1,-1,1,1,-1,-1,1,1,-1,1,-1,1,-1,0,0,0,2,1,-1,1,-1,-1,1,-1,0,1,-1,-1,1,0,0,-1,1,1,-1,1,-1,-1,1,1,-1,-1,1,0,0,0,2,0,0,1,-1,-1,1,-1,1,-1,1,-1,1,-1,1,1,-1,0,0,1,-1,-1,1,-1,1,-1,1,1,-1,-1,1,1,-1,1,-1,0,2,0,0,0,0,1,-1,-1,1,-1,1,1,-1,1,-1,-1,1,-1,1,-1,1,-1,1,-1,1,1,-1,0,0,0,2,1,-1,1,-1,-1,1,-1,1,-1,1,1,-1,0,0,1,-1,0,0,1,-1,0,0,1,-1,1,-1,1,-1,0,0,1,-1,1,-1,0,2,-1,1,-1,1,-1,1,0,2,1,-1,0,0,-1,1,-1,1,-1,1,-1,1,1,-1,-1,1,-1,1,0,2,1,-1,-1,1
MU,2021-12-20 16:00:41,AMC,0.03290375651220181,0.21934634788330776,0.018611576400521124,ES,timed,900.0,550.0,497.5,0,0,1,-1,1,-1,0,2,1,-1,-1,1,1,-1,1,-1,1,-1,1,-1,-1,1,0,0,0,2,1,-1,0,0,1,-1,1,-1,-1,1,0,0,1,-1,1,-1,1,-1,1,-1,1,-1,0,0,0,-1,0,-1,0,0,0,0,1,-1,1,-1,1,-1,0,0,1,-1,-1,1,1,-1,1,-1,-1,1,-1,1,1,-1,0,2,1,-1,1,-1,1,-1,1,-1,1,-1,1,-1,0,0,1,-1,1,-1,1,-1,1,-1,1,-1,1,-1,1,-1,1,-1,-1,1,1,-1,0,0,1,-1,1,-1,0,0,0,0,1,-1,1,-1,0,0,0,0,0,0,0,2,1,-1,1,-1,1,-1,1,-1,-1,1,1,-1,1,-1,1,-1,1,-1,1,-1,1,-1,-1,1,0,0,0,0,1,-1,0,0,1,-1,1,0,1,-1,1,-1,0,0,1,-1,1,-1,1,-1,-1,1,-1,1,-1,1,0,0,0,0,0,0,1,-1,0,0,-1,1,-1,1,-1,1,-1,1,1,-1,0,0,1,-1,-1,1,1,-1,1,-1,1,-1,1,-1,-1,1,1,-1,0,0,0,0,0,0,1,-1,1,-1,-1,1,1,-1,-1,1,-1,1,-1,1,1,-1,1,-1,1,-1,-1,1,0,0,0,0,1,-1,1,-1,1,-1,1,-1,1,-1,1,-1,0,0,-1,1,0,0,0,0,1,-1,-1,1,1,-1,1,-1,0,0,-1,1,1,-1,0,2,1,-1,1,-1,1,-1,0,0,-1,1,1,-1,1,-1,1,-1,-1,1,1,-1,1,-1,1,-1,1,-1,0,0,0,0,1,-1
NFLX,2022-01-20 16:01:51,AMC,0.10618677695188063,0.1676633320292852,0.008818342151675486,ES,stopped_post,5.0,-223.6750000000029,-276.1750000000029,0,2,-1,1,-1,1,-1,0,-1,1,-1,1,-1,1,-1,1,-1,1,-1,1,-1,1,0,0,0,0,-1,1,-1,1,-1,1,-1,1,-1,1,0,-1,0,0,1,-1,-1,1,-1,1,-1,1,0,0,0,1,0,1,0,0,-1,1,-1,1,1,-1,1,-1,0,0,-1,1,-1,1,-1,1,-1,1,-1,1,1,-1,-1,1,0,2,-1,1,-1,1,-1,1,-1,1,-1,1,-1,1,-1,1,-1,1,-1,1,-1,1,-1,1,-1,1,-1,1,-1,1,-1,1,-1,1,-1,1,-1,1,-1,1,-1,1,0,0,0,0,-1,1,-1,1,0,0,0,0,-1,1,0,0,-1,1,-1,1,-1,1,0,0,-1,1,-1,1,-1,1,1,-1,-1,1,-1,1,-1,1,1,-1,0,2,0,0,-1,1,-1,1,-1,1,-1,0,-1,1,-1,1,0,0,-1,1,1,-1,-1,1,-1,1,-1,1,0,0,0,2,0,0,0,0,-1,1,-1,1,-1,1,-1,1,-1,1,-1,1,-1,1,0,0,-1,1,1,-1,-1,1,-1,1,-1,1,-1,1,1,-1,-1,1,0,0,0,0,0,0,-1,1,1,-1,1,-1,1,-1,-1,1,1,-1,1,-1,-1,1,-1,1,-1,1,1,-1,0,2,0,0,1,-1,1,-1,-1,1,-1,1,-1,1,-1,1,0,0,1,-1,0,0,-1,1,-1,1,1,-1,-1,1,-1,1,0,0,-1,1,-1,1,0,0,-1,1,-1,1,1,-1,0,0,1,-1,-1,1,-1,1,-1,1,1,-1,1,-1,1,-1,-1,1,-1,1,0,0,-1,1,1,-1
MSFT,2022-01-25 16:03:05,AMC,0.017285088730122147,0.17860229302298786,0.022958597994949106,ES,stopped_pre,-193.0,-217.5000000000182,-270.0000000000182,0,0,1,-1,1,-1,0,2,-1,1,-1,1,1,-1,-1,1,0,0,-1,1,-1,1,0,0,0,0,-1,1,-1,1,-1,1,-1,1,1,-1,0,0,0,0,0,0,0,0,-1,1,1,-1,0,0,0,-1,0,1,0,0,0,0,1,-1,-1,1,-1,1,0,0,-1,1,1,-1,-1,1,-1,1,-1,1,1,-1,-1,1,0,0,-1,1,-1,1,-1,1,-1,1,-1,1,-1,1,0,0,0,0,-1,1,-1,1,-1,1,-1,1,1,-1,-1,1,-1,1,1,-1,-1,1,0,0,-1,1,0,0,0,0,0,0,-1,1,-1,1,0,0,0,0,0,0,0,0,-1,1,-1,1,-1,1,0,0,1,-1,-1,1,-1,1,-1,1,-1,1,-1,1,-1,1,1,-1,0,0,0,0,-1,1,0,0,-1,1,-1,0,-1,1,-1,1,0,0,-1,1,-1,1,-1,1,1,-1,-1,1,1,-1,0,0,0,0,0,0,-1,1,0,0,1,-1,0,0,1,-1,1,-1,-1,1,0,0,-1,1,-1,1,-1,1,-1,1,-1,1,-1,1,1,-1,-1,1,0,0,0,0,0,0,-1,1,-1,1,-1,1,-1,1,1,-1,-1,1,1,-1,-1,1,-1,1,0,0,-1,1,0,0,0,0,-1,1,-1,1,-1,1,-1,1,-1,1,-1,1,0,0,-1,1,0,0,1,-1,-1,1,1,-1,-1,1,-1,1,0,0,-1,1,1,-1,0,0,1,-1,-1,1,1,-1,0,0,1,-1,-1,1,1,-1,-1,1,-1,1,-1,1,-1,1,-1,1,-1,1,0,0,0,0,-1,1
INTC,2022-01-26 16:08:32,AMC,0.0173120203127705,0.005771006463527239,0.02102506570567552,ES,stopped_pre,-131.0,-216.88749999998436,-269.38749999998436,0,0,-1,1,-1,1,0,2,1,-1,-1,1,-1,1,1,-1,1,-1,1,-1,1,-1,0,0,0,2,1,-1,1,-1,1,-1,1,-1,-1,1,0,0,1,-1,0,0,0,0,1,-1,-1,1,0,2,0,-1,0,0,0,0,0,0,-1,1,1,-1,1,-1,0,0,1,-1,-1,1,1,-1,1,-1,-1,1,-1,1,1,-1,0,0,1,-1,1,-1,1,-1,1,-1,1,-1,0,0,0,0,-1,1,1,-1,0,0,1,-1,1,-1,-1,1,1,-1,1,-1,-1,1,1,-1,0,0,1,-1,0,0,0,0,0,0,0,0,0,0,0,0,0,0,0,0,0,0,1,-1,0,0,1,-1,0,0,-1,1,1,-1,1,-1,-1,1,1,-1,1,-1,1,-1,-1,1,0,0,0,2,1,-1,0,0,1,-1,1,0,1,-1,1,-1,0,0,1,-1,1,-1,1,-1,-1,1,-1,1,0,0,0,0,0,0,0,0,1,-1,0,0,1,-1,0,0,-1,1,-1,1,1,-1,0,0,1,-1,0,0,-1,1,1,-1,1,-1,0,0,1,-1,1,-1,0,0,0,0,0,0,1,-1,1,-1,1,-1,1,-1,-1,1,-1,1,-1,1,1,-1,1,-1,0,0,1,-1,0,0,0,2,1,-1,1,-1,1,-1,1,-1,1,-1,1,-1,0,0,1,-1,0,0,0,0,1,-1,1,-1,1,-1,1,-1,0,2,-1,1,-1,1,0,2,-1,1,1,-1,1,-1,0,0,1,-1,1,-1,-1,1,1,-1,1,-1,1,-1,1,-1,1,-1,1,-1,0,0,0,0,1,-1
TSLA,2022-01-26 16:26:43,AMC,0.05193006750908776,0.0346200450060585,0.011656676830761669,ES,stopped_post,550.0,-216.64999999998145,-269.14999999998145,0,0,1,-1,-1,1,0,2,-1,1,1,-1,-1,1,-1,1,0,0,-1,1,1,-1,0,2,0,0,-1,1,-1,1,1,-1,1,-1,1,-1,0,0,1,-1,0,0,0,0,1,-1,-1,1,0,2,0,-1,0,0,0,2,0,0,-1,1,-1,1,1,-1,0,0,-1,1,-1,1,1,-1,1,-1,-1,1,-1,1,1,-1,0,0,1,-1,1,-1,-1,1,-1,1,-1,1,0,0,1,-1,-1,1,-1,1,0,0,0,0,1,-1,1,-1,-1,1,-1,1,1,-1,-1,1,0,0,1,-1,0,0,0,2,0,2,0,0,0,0,0,0,0,2,0,0,0,0,-1,1,1,-1,-1,1,0,0,1,-1,1,-1,1,-1,1,-1,1,-1,-1,1,-1,1,-1,1,0,0,0,0,1,-1,0,0,-1,1,1,0,-1,1,-1,1,0,0,1,-1,-1,1,1,-1,-1,1,-1,1,0,0,0,0,0,2,0,0,1,-1,0,0,-1,1,0,0,-1,1,-1,1,-1,1,0,0,-1,1,-1,1,-1,1,-1,1,-1,1,0,0,1,-1,1,-1,0,2,0,0,0,0,1,-1,1,-1,1,-1,-1,1,1,-1,-1,1,1,-1,0,0,1,-1,0,0,-1,1,0,0,0,2,1,-1,1,-1,-1,1,1,-1,1,-1,1,-1,0,0,-1,1,0,0,0,0,0,0,-1,1,-1,1,-1,1,0,2,-1,1,-1,1,0,2,1,-1,-1,1,-1,1,0,2,1,-1,-1,1,-1,1,0,0,-1,1,-1,1,1,-1,0,0,-1,1,0,2,0,0,1,-1
AAPL,2022-01-27 16:30:36,AMC,0.1850459723587579,0.43948418435205,0.05676979846721544,ES,stopped_pre,-12.0,-216.13750000001346,-268.63750000001346,0,0,-1,1,-1,1,0,2,1,-1,-1,1,-1,1,1,-1,1,-1,1,-1,-1,1,0,0,0,2,1,-1,-1,1,-1,1,-1,1,-1,1,0,0,-1,1,0,0,0,0,-1,1,-1,1,0,2,0,-1,0,0,0,0,-1,1,1,-1,-1,1,1,-1,0,0,1,-1,0,0,-1,1,0,0,-1,1,0,0,-1,1,0,0,-1,1,-1,1,1,-1,-1,1,1,-1,0,0,-1,1,-1,1,1,-1,0,0,0,0,-1,1,-1,1,-1,1,1,-1,-1,1,1,-1,0,0,1,-1,-1,1,0,0,0,2,0,0,0,0,0,0,0,0,0,0,0,0,1,-1,-1,1,1,-1,1,-1,-1,1,-1,1,-1,1,-1,1,-1,1,1,-1,1,-1,1,-1,0,0,0,2,1,-1,0,0,-1,1,-1,0,-1,1,1,-1,0,0,-1,1,1,-1,-1,1,-1,1,-1,1,-1,1,0,0,0,0,0,0,-1,1,0,0,1,-1,0,0,-1,1,1,-1,-1,1,0,0,-1,1,-1,1,1,-1,1,-1,1,-1,0,0,-1,1,-1,1,0,2,0,0,0,0,-1,1,-1,1,-1,1,-1,1,-1,1,-1,1,-1,1,-1,1,-1,1,0,0,1,-1,0,0,0,2,-1,1,-1,1,-1,1,-1,1,-1,1,-1,1,0,0,1,-1,0,0,-1,1,0,0,-1,1,1,-1,1,-1,0,2,-1,1,1,-1,0,2,-1,1,-1,1,-1,1,0,0,1,-1,-1,1,-1,1,0,0,-1,1,1,-1,-1,1,0,0,1,-1,0,2,0,0,-1,1
GOOGL,2022-02-01 16:01:29,AMC,0.011021105416873313,0.14328226606414637,0.02378094958896747,ES,stopped_pre,-94.0,-226.949999999988,-279.449999999988,0,0,1,-1,1,-1,1,0,1,-1,1,-1,1,-1,1,-1,0,0,1,-1,1,-1,0,0,0,0,1,-1,0,0,1,-1,1,-1,1,-1,0,0,0,0,-1,1,1,-1,1,-1,1,-1,0,0,0,-1,0,-1,0,0,1,-1,1,-1,-1,1,-1,1,0,0,1,-1,1,-1,1,-1,1,-1,1,-1,-1,1,1,-1,0,0,1,-1,1,-1,1,-1,1,-1,1,-1,1,-1,1,-1,0,0,1,-1,1,-1,1,-1,1,-1,1,-1,1,-1,1,-1,1,-1,1,-1,0,0,1,-1,1,-1,0,0,0,0,0,0,1,-1,0,0,0,0,1,-1,0,2,1,-1,1,-1,1,-1,0,0,1,-1,1,-1,1,-1,-1,1,1,-1,1,-1,1,-1,-1,1,0,0,0,0,1,-1,1,-1,1,-1,1,0,1,-1,1,-1,0,0,1,-1,-1,1,1,-1,1,-1,1,-1,0,0,0,0,0,0,0,0,1,-1,1,-1,1,-1,1,-1,1,-1,1,-1,1,-1,0,0,1,-1,1,-1,1,-1,1,-1,1,-1,1,-1,-1,1,1,-1,0,0,0,0,0,0,1,-1,1,-1,1,-1,-1,1,1,-1,1,-1,-1,1,1,-1,1,-1,1,-1,-1,1,0,0,0,0,-1,1,-1,1,1,-1,1,-1,1,-1,1,-1,0,0,-1,1,0,0,1,-1,1,-1,-1,1,1,-1,1,-1,0,0,1,-1,1,-1,0,2,1,-1,1,-1,1,-1,0,0,-1,1,1,-1,1,-1,1,-1,-1,1,1,-1,-1,1,1,-1,1,-1,0,0,1,-1,1,-1
AMD,2022-02-01 16:17:06,AMC,0.01650982334489021,0.15958617653532908,0.017151835881692522,ES,timed,900.0,462.5,410.0,0,0,1,-1,-1,1,1,0,1,-1,1,-1,1,-1,1,-1,0,0,1,-1,1,-1,0,0,0,0,1,-1,0,0,1,-1,1,-1,1,-1,0,0,0,0,-1,1,1,-1,1,-1,1,-1,0,2,0,-1,0,0,0,0,1,-1,-1,1,1,-1,-1,1,0,0,1,-1,1,-1,-1,1,0,0,-1,1,-1,1,1,-1,0,0,1,-1,1,-1,-1,1,1,-1,1,-1,1,-1,1,-1,0,0,1,-1,1,-1,1,-1,1,-1,1,-1,1,-1,1,-1,1,-1,-1,1,1,-1,1,-1,1,-1,0,0,0,0,0,0,1,-1,0,0,0,0,0,0,0,2,1,-1,1,-1,1,-1,0,0,1,-1,1,-1,1,-1,1,-1,1,-1,1,-1,-1,1,-1,1,0,0,0,2,1,-1,0,0,1,-1,1,0,-1,1,1,-1,0,0,1,-1,1,-1,1,-1,1,-1,-1,1,0,0,0,0,0,0,0,0,1,-1,1,-1,1,-1,1,-1,1,-1,1,-1,-1,1,0,0,1,-1,1,-1,1,-1,-1,1,-1,1,1,-1,-1,1,1,-1,0,0,0,0,0,0,-1,1,1,-1,1,-1,1,-1,-1,1,1,-1,1,-1,1,-1,-1,1,1,-1,-1,1,0,0,0,2,1,-1,-1,1,1,-1,1,-1,1,-1,1,-1,0,0,-1,1,0,0,0,0,1,-1,-1,1,-1,1,-1,1,0,2,-1,1,-1,1,0,0,1,-1,1,-1,-1,1,0,0,-1,1,1,-1,1,-1,1,-1,-1,1,1,-1,-1,1,1,-1,-1,1,0,0,0,0,1,-1
META,2022-02-02 16:08:34,AMC,0.126158740606659,0.3345765686704695,0.01462609207267651,ES,stopped_pre,-210.0,-228.774999999996,-281.274999999996,0,0,-1,1,-1,1,0,2,0,0,-1,1,1,-1,-1,1,0,0,1,-1,1,-1,0,0,0,0,-1,1,0,0,-1,1,-1,1,-1,1,0,0,0,0,-1,1,-1,1,-1,1,-1,1,0,2,0,1,0,0,0,0,0,0,-1,1,-1,1,-1,1,0,0,-1,1,1,-1,-1,1,-1,1,-1,1,-1,1,-1,1,0,2,-1,1,-1,1,-1,1,-1,1,-1,1,0,0,-1,1,0,0,-1,1,0,0,-1,1,-1,1,-1,1,-1,1,-1,1,-1,1,-1,1,0,0,-1,1,-1,1,0,0,0,0,1,-1,0,0,0,0,0,0,-1,1,0,2,-1,1,-1,1,1,-1,1,-1,-1,1,-1,1,-1,1,-1,1,-1,1,-1,1,-1,1,1,-1,0,2,0,0,-1,1,-1,1,-1,1,-1,0,-1,1,-1,1,0,0,-1,1,1,-1,1,-1,1,-1,-1,1,1,-1,0,0,0,0,0,0,-1,1,0,0,1,-1,1,-1,1,-1,1,-1,-1,1,0,0,-1,1,-1,1,1,-1,-1,1,-1,1,0,0,-1,1,-1,1,0,0,0,0,0,0,-1,1,-1,1,1,-1,-1,1,-1,1,-1,1,1,-1,-1,1,-1,1,0,0,1,-1,0,0,0,0,-1,1,1,-1,1,-1,-1,1,-1,1,-1,1,0,0,1,-1,0,0,-1,1,-1,1,-1,1,-1,1,-1,1,0,0,-1,1,-1,1,0,0,-1,1,-1,1,1,-1,0,0,1,-1,-1,1,1,-1,-1,1,-1,1,-1,1,1,-1,-1,1,-1,1,0,0,-1,1,-1,1
AMZN,2022-02-03 16:11:33,AMC,0.027796308650211255,0.3502529604714516,0.010118774160874193,ES,stopped_pre,-124.0,-224.9499999999898,-277.4499999999898,0,2,1,-1,1,-1,1,0,0,0,-1,1,-1,1,1,-1,0,0,1,-1,-1,1,0,0,0,0,1,-1,0,0,1,-1,1,-1,1,-1,0,0,-1,1,0,0,1,-1,1,-1,1,-1,0,0,0,-1,0,-1,0,0,0,0,1,-1,-1,1,1,-1,0,0,1,-1,-1,1,1,-1,1,-1,-1,1,-1,1,1,-1,0,2,1,-1,1,-1,1,-1,1,-1,1,-1,1,-1,0,0,0,0,1,-1,1,-1,-1,1,1,-1,1,-1,1,-1,1,-1,1,-1,1,-1,1,-1,1,-1,1,-1,0,0,0,0,0,0,1,-1,0,0,0,0,1,-1,0,0,1,-1,1,-1,1,-1,1,-1,1,-1,1,-1,1,-1,-1,1,1,-1,1,-1,1,-1,-1,1,0,2,0,0,1,-1,1,-1,1,-1,1,0,1,-1,1,-1,0,2,1,-1,-1,1,1,-1,1,-1,-1,1,0,0,0,0,0,0,0,0,1,-1,-1,1,-1,1,-1,1,-1,1,-1,1,1,-1,0,0,1,-1,-1,1,-1,1,1,-1,1,-1,0,0,-1,1,1,-1,0,0,0,0,0,0,1,-1,1,-1,-1,1,-1,1,1,-1,-1,1,-1,1,0,0,1,-1,0,0,-1,1,0,2,0,0,-1,1,-1,1,-1,1,1,-1,1,-1,1,-1,0,0,-1,1,0,0,1,-1,0,0,1,-1,1,-1,1,-1,0,0,-1,1,1,-1,0,2,-1,1,1,-1,-1,1,0,0,1,-1,1,-1,-1,1,0,0,-1,1,1,-1,-1,1,1,-1,1,-1,0,0,1,-1,1,-1
NVDA,2022-02-16 16:21:16,AMC,0.08397715821296607,0.0447878177135819,,ES,timed,900.0,62.5,10.0,0,0,1,-1,-1,1,-1,0,-1,1,1,-1,1,-1,-1,1,-1,1,-1,1,1,-1,0,2,0,0,-1,1,0,0,1,-1,-1,1,1,-1,0,0,0,0,0,0,0,0,-1,1,-1,1,0,2,0,1,0,1,0,2,0,0,1,-1,-1,1,1,-1,0,0,-1,1,1,-1,-1,1,0,0,-1,1,-1,1,1,-1,0,0,-1,1,1,-1,1,-1,-1,1,-1,1,0,0,0,0,1,-1,-1,1,-1,1,-1,1,-1,1,1,-1,-1,1,-1,1,1,-1,-1,1,0,0,1,-1,0,0,0,2,0,2,0,0,-1,1,0,0,0,2,1,-1,0,0,-1,1,-1,1,-1,1,1,-1,1,-1,-1,1,-1,1,-1,1,-1,1,1,-1,1,-1,1,-1,0,0,0,0,-1,1,0,0,-1,1,-1,0,1,-1,-1,1,0,0,-1,1,-1,1,0,0,1,-1,-1,1,-1,1,0,0,0,2,0,0,1,-1,1,-1,1,-1,1,-1,1,-1,1,-1,1,-1,0,0,-1,1,-1,1,1,-1,-1,1,-1,1,0,0,1,-1,0,0,0,2,0,0,0,0,1,-1,-1,1,1,-1,-1,1,1,-1,-1,1,1,-1,-1,1,-1,1,0,0,1,-1,0,0,0,2,-1,1,0,0,-1,1,1,-1,-1,1,1,-1,0,0,1,-1,0,0,0,0,-1,1,1,-1,-1,1,-1,1,0,0,-1,1,1,-1,0,2,1,-1,-1,1,-1,1,0,2,1,-1,-1,1,1,-1,-1,1,1,-1,-1,1,0,0,-1,1,-1,1,0,2,0,0,-1,1
AVGO,2022-03-03 16:18:22,AMC,0.005727704908643107,0.04009393436050175,0.015016886987679766,ES,timed,900.0,-100.0,-152.5,0,0,-1,1,1,-1,0,2,1,-1,1,-1,-1,1,1,-1,1,-1,1,-1,1,-1,0,2,0,2,1,-1,0,0,1,-1,1,-1,1,-1,0,0,0,0,0,0,0,0,1,-1,1,-1,0,2,0,-1,0,-1,0,0,1,-1,1,-1,1,-1,-1,1,0,0,1,-1,0,0,1,-1,1,-1,1,-1,-1,1,1,-1,0,0,1,-1,1,-1,1,-1,1,-1,1,-1,0,0,0,0,1,-1,1,-1,1,-1,0,0,1,-1,1,-1,1,-1,1,-1,1,-1,1,-1,0,0,1,-1,0,0,0,0,0,2,0,0,1,-1,0,0,0,0,0,0,0,0,1,-1,1,-1,1,-1,1,-1,1,-1,1,-1,1,-1,-1,1,1,-1,-1,1,1,-1,-1,1,0,0,0,0,1,-1,0,0,1,-1,1,0,1,-1,1,-1,0,0,1,-1,-1,1,1,-1,-1,1,1,-1,0,0,0,0,0,2,0,0,1,-1,0,0,-1,1,0,0,1,-1,-1,1,1,-1,0,0,1,-1,1,-1,-1,1,1,-1,1,-1,0,0,-1,1,1,-1,0,2,0,0,0,0,1,-1,1,-1,1,-1,-1,1,1,-1,1,-1,-1,1,1,-1,1,-1,0,0,-1,1,0,0,0,0,-1,1,-1,1,1,-1,1,-1,1,-1,1,-1,0,0,-1,1,0,0,0,0,1,-1,-1,1,1,-1,1,-1,0,0,1,-1,1,-1,0,2,1,-1,1,-1,-1,1,0,2,-1,1,1,-1,-1,1,1,-1,1,-1,1,-1,-1,1,1,-1,1,-1,0,2,1,-1,1,-1
MU,2022-03-29 16:00:37,AMC,0.03241841365895829,0.1404797925221526,0.019984985124651848,ES,timed,900.0,-50.0,-102.5,0,0,-1,1,1,-1,0,2,0,0,-1,1,1,-1,-1,1,-1,1,-1,1,1,-1,0,0,0,2,-1,1,0,0,-1,1,-1,1,-1,1,0,0,1,-1,0,0,-1,1,-1,1,1,-1,0,0,0,-1,0,1,0,0,0,0,1,-1,-1,1,-1,1,0,0,-1,1,1,-1,-1,1,-1,1,-1,1,-1,1,-1,1,0,2,-1,1,-1,1,-1,1,-1,1,-1,1,-1,1,-1,1,-1,1,-1,1,0,0,0,0,-1,1,-1,1,-1,1,1,-1,-1,1,-1,1,-1,1,-1,1,-1,1,0,0,0,0,0,0,0,0,0,0,0,0,-1,1,0,0,-1,1,0,0,-1,1,0,0,-1,1,-1,1,-1,1,-1,1,-1,1,-1,1,-1,1,1,-1,0,2,0,0,-1,1,-1,1,-1,1,-1,0,-1,1,-1,1,0,0,-1,1,1,-1,-1,1,1,-1,-1,1,-1,1,0,0,0,0,0,0,-1,1,1,-1,1,-1,1,-1,1,-1,1,-1,-1,1,0,0,-1,1,-1,1,-1,1,-1,1,-1,1,0,0,-1,1,-1,1,0,0,0,0,0,0,-1,1,-1,1,1,-1,-1,1,1,-1,-1,1,1,-1,0,0,-1,1,0,0,1,-1,0,0,0,0,1,-1,-1,1,-1,1,-1,1,-1,1,-1,1,0,0,1,-1,0,0,-1,1,0,0,-1,1,-1,1,-1,1,0,0,-1,1,1,-1,0,0,1,-1,-1,1,1,-1,0,0,-1,1,-1,1,1,-1,0,0,-1,1,-1,1,-1,1,-1,1,-1,1,0,0,-1,1,-1,1
NFLX,2022-04-19 16:03:19,AMC,0.07310352583928471,0.1012202665467019,0.009923674219104535,ES,stopped_pre,-176.0,-222.69999999998618,-275.1999999999862,0,0,-1,1,-1,1,-1,0,1,-1,1,-1,1,-1,-1,1,0,0,-1,1,1,-1,0,0,0,0,-1,1,0,0,-1,1,-1,1,-1,1,0,0,0,0,0,0,0,0,-1,1,-1,1,0,0,0,-1,0,1,0,0,0,0,-1,1,-1,1,0,0,0,0,-1,1,1,-1,-1,1,-1,1,-1,1,-1,1,-1,1,0,2,-1,1,-1,1,-1,1,-1,1,-1,1,0,0,-1,1,0,0,-1,1,0,0,0,0,-1,1,-1,1,-1,1,1,-1,-1,1,-1,1,0,0,-1,1,-1,1,0,0,0,0,0,0,0,0,0,0,0,0,-1,1,0,2,-1,1,0,0,0,0,-1,1,-1,1,-1,1,-1,1,-1,1,-1,1,-1,1,-1,1,-1,1,0,2,0,2,1,-1,-1,1,-1,1,-1,0,-1,1,1,-1,0,2,-1,1,-1,1,1,-1,-1,1,-1,1,0,0,0,0,0,0,0,0,-1,1,1,-1,1,-1,1,-1,1,-1,1,-1,-1,1,0,0,-1,1,0,0,1,-1,-1,1,-1,1,0,0,-1,1,-1,1,0,0,0,0,0,0,-1,1,-1,1,1,-1,-1,1,-1,1,-1,1,-1,1,-1,1,1,-1,0,0,1,-1,0,0,0,0,-1,1,-1,1,1,-1,-1,1,-1,1,-1,1,0,0,1,-1,0,0,-1,1,-1,1,-1,1,-1,1,-1,1,0,0,-1,1,-1,1,0,0,-1,1,-1,1,1,-1,0,0,-1,1,-1,1,1,-1,-1,1,-1,1,-1,1,-1,1,-1,1,-1,1,0,0,-1,1,-1,1
TSLA,2022-04-20 16:12:16,AMC,0.022388895108026417,0.06716668532407925,0.011716461628588167,ES,timed,898.0,-125.0,-177.5,0,0,1,-1,1,-1,0,2,-1,1,1,-1,1,-1,-1,1,0,0,-1,1,1,-1,0,0,0,0,-1,1,0,0,1,-1,1,-1,1,-1,0,0,-1,1,0,0,0,0,1,-1,1,-1,0,0,0,-1,0,0,0,0,1,-1,-1,1,1,-1,1,-1,0,0,-1,1,1,-1,1,-1,0,0,-1,1,1,-1,1,-1,0,0,1,-1,1,-1,1,-1,1,-1,1,-1,1,-1,1,-1,-1,1,-1,1,0,0,-1,1,1,-1,1,-1,1,-1,-1,1,1,-1,1,-1,0,0,1,-1,0,0,0,0,0,0,0,0,0,0,0,0,0,0,1,-1,0,0,1,-1,1,-1,-1,1,-1,1,1,-1,1,-1,1,-1,1,-1,1,-1,1,-1,-1,1,-1,1,0,0,0,0,1,-1,0,0,1,-1,1,0,1,-1,1,-1,0,0,1,-1,-1,1,1,-1,1,-1,-1,1,1,-1,0,0,0,0,0,0,1,-1,0,0,1,-1,1,-1,1,-1,1,-1,1,-1,0,0,1,-1,0,0,-1,1,1,-1,1,-1,0,0,1,-1,1,-1,0,0,0,0,0,0,1,-1,1,-1,1,-1,1,-1,1,-1,-1,1,-1,1,0,0,1,-1,0,0,-1,1,0,0,0,0,-1,1,1,-1,-1,1,1,-1,-1,1,1,-1,0,0,-1,1,0,0,0,0,0,0,-1,1,-1,1,1,-1,0,0,-1,1,1,-1,0,2,1,-1,1,-1,-1,1,0,0,1,-1,1,-1,1,-1,0,0,-1,1,1,-1,1,-1,0,0,-1,1,0,0,0,0,1,-1
GOOGL,2022-04-26 16:01:32,AMC,0.006001680470531749,0.15003300726159755,0.02361553902467824,ES,stopped_pre,-133.0,-208.88749999999163,-261.38749999999163,0,0,-1,1,-1,1,0,2,0,0,-1,1,-1,1,-1,1,0,0,-1,1,1,-1,0,0,0,2,-1,1,0,0,-1,1,-1,1,-1,1,0,0,-1,1,0,0,-1,1,-1,1,-1,1,0,0,0,1,0,0,0,2,0,0,-1,1,-1,1,-1,1,0,0,-1,1,-1,1,-1,1,0,0,1,-1,1,-1,-1,1,0,0,1,-1,-1,1,1,-1,-1,1,-1,1,0,0,-1,1,-1,1,-1,1,-1,1,-1,1,1,-1,-1,1,-1,1,-1,1,-1,1,-1,1,-1,1,-1,1,0,0,0,0,0,0,0,0,-1,1,0,0,0,0,0,0,0,0,-1,1,-1,1,-1,1,-1,1,-1,1,-1,1,-1,1,-1,1,-1,1,1,-1,1,-1,-1,1,0,0,0,2,-1,1,0,0,-1,1,-1,0,-1,1,-1,1,0,0,-1,1,1,-1,-1,1,-1,1,-1,1,0,0,0,0,0,0,0,0,-1,1,-1,1,-1,1,-1,1,-1,1,-1,1,-1,1,0,0,-1,1,-1,1,-1,1,-1,1,1,-1,-1,1,-1,1,-1,1,0,0,0,0,0,0,-1,1,-1,1,1,-1,-1,1,-1,1,-1,1,1,-1,-1,1,-1,1,-1,1,1,-1,0,0,0,2,-1,1,1,-1,-1,1,-1,1,-1,1,-1,1,0,0,-1,1,0,0,0,0,-1,1,1,-1,1,-1,1,-1,0,2,-1,1,-1,1,0,0,-1,1,-1,1,1,-1,0,0,-1,1,-1,1,-1,1,-1,1,1,-1,-1,1,1,-1,-1,1,-1,1,0,0,0,0,-1,1
MSFT,2022-04-26 16:03:59,AMC,0.23950661637027723,0.35331456973471465,0.02257561502055489,ES,stopped_pre,-278.0,-208.849999999984,-261.349999999984,0,0,-1,1,-1,1,0,2,-1,1,-1,1,-1,1,-1,1,0,0,-1,1,1,-1,0,0,0,2,-1,1,0,0,-1,1,-1,1,-1,1,0,0,-1,1,-1,1,-1,1,-1,1,-1,1,0,0,0,1,0,1,0,0,0,0,-1,1,-1,1,-1,1,0,0,-1,1,-1,1,-1,1,-1,1,1,-1,-1,1,-1,1,0,0,-1,1,-1,1,1,-1,-1,1,-1,1,0,0,-1,1,0,0,-1,1,-1,1,-1,1,-1,1,-1,1,-1,1,-1,1,-1,1,-1,1,-1,1,-1,1,0,0,0,0,0,0,0,0,-1,1,0,0,0,0,-1,1,0,0,-1,1,-1,1,-1,1,0,0,-1,1,-1,1,-1,1,1,-1,-1,1,1,-1,1,-1,1,-1,0,0,0,0,-1,1,0,0,-1,1,-1,0,-1,1,-1,1,0,0,-1,1,1,-1,-1,1,-1,1,1,-1,0,0,0,0,0,0,0,0,-1,1,-1,1,-1,1,-1,1,-1,1,-1,1,-1,1,0,0,-1,1,-1,1,-1,1,-1,1,1,-1,-1,1,1,-1,-1,1,0,0,0,0,0,0,-1,1,-1,1,1,-1,-1,1,-1,1,-1,1,1,-1,-1,1,-1,1,-1,1,1,-1,0,0,0,0,-1,1,1,-1,-1,1,-1,1,-1,1,-1,1,0,0,1,-1,0,0,0,0,-1,1,1,-1,1,-1,-1,1,0,0,1,-1,-1,1,0,0,-1,1,-1,1,1,-1,0,0,1,-1,-1,1,-1,1,-1,1,1,-1,-1,1,1,-1,-1,1,-1,1,0,0,0,0,-1,1
META,2022-04-27 16:07:54,AMC,0.10734092671000059,0.08348738744111157,0.01768346595932803,ES,tp,-113.0,835.8999999999924,783.3999999999924,0,0,-1,1,-1,1,0,2,-1,1,-1,1,-1,1,-1,1,0,0,-1,1,-1,1,0,0,0,2,-1,1,-1,1,-1,1,-1,1,-1,1,0,0,-1,1,0,0,0,0,-1,1,-1,1,0,0,0,1,0,0,0,0,-1,1,-1,1,-1,1,-1,1,0,0,-1,1,-1,1,-1,1,0,0,1,-1,-1,1,-1,1,0,0,1,-1,-1,1,-1,1,-1,1,-1,1,0,0,-1,1,0,0,-1,1,-1,1,-1,1,-1,1,-1,1,-1,1,-1,1,-1,1,1,-1,0,0,-1,1,0,0,0,0,0,0,0,0,-1,1,0,0,0,0,-1,1,0,2,-1,1,-1,1,-1,1,1,-1,-1,1,-1,1,-1,1,-1,1,-1,1,-1,1,-1,1,1,-1,0,0,0,0,-1,1,0,0,-1,1,-1,0,-1,1,-1,1,0,0,-1,1,1,-1,1,-1,1,-1,1,-1,0,0,0,0,0,0,0,0,-1,1,0,0,-1,1,0,0,-1,1,-1,1,-1,1,0,0,-1,1,0,0,-1,1,1,-1,-1,1,-1,1,-1,1,-1,1,0,0,0,0,0,0,-1,1,-1,1,-1,1,-1,1,-1,1,1,-1,1,-1,-1,1,1,-1,-1,1,-1,1,0,0,0,0,-1,1,-1,1,-1,1,-1,1,-1,1,-1,1,0,0,1,-1,0,0,0,0,-1,1,1,-1,-1,1,-1,1,0,0,1,-1,-1,1,0,0,-1,1,-1,1,1,-1,0,0,1,-1,-1,1,-1,1,-1,1,1,-1,-1,1,-1,1,-1,1,-1,1,0,0,-1,1,-1,1
INTC,2022-04-28 16:09:32,AMC,0.07039361764533349,0.011732957878681215,0.020247013565499086,ES,stopped_post,5.0,-213.22500000001128,-265.7250000000113,0,0,-1,1,1,-1,-1,0,-1,1,-1,1,1,-1,-1,1,-1,1,-1,1,1,-1,0,0,0,2,-1,1,0,0,-1,1,-1,1,-1,1,0,0,0,0,0,0,-1,1,-1,1,1,-1,0,0,0,-1,0,1,0,0,0,0,1,-1,-1,1,1,-1,0,0,-1,1,1,-1,-1,1,-1,1,1,-1,1,-1,-1,1,0,2,-1,1,-1,1,-1,1,-1,1,-1,1,-1,1,-1,1,0,0,-1,1,-1,1,-1,1,-1,1,-1,1,-1,1,-1,1,-1,1,-1,1,-1,1,-1,1,-1,1,0,0,0,0,0,0,-1,1,0,0,0,0,-1,1,0,0,-1,1,-1,1,-1,1,-1,1,-1,1,-1,1,-1,1,-1,1,-1,1,1,-1,-1,1,-1,1,0,2,0,0,-1,1,-1,1,-1,1,-1,0,-1,1,-1,1,0,2,-1,1,1,-1,-1,1,-1,1,1,-1,1,-1,0,0,0,0,0,0,-1,1,1,-1,1,-1,1,-1,1,-1,1,-1,-1,1,0,0,-1,1,1,-1,1,-1,-1,1,-1,1,-1,1,1,-1,-1,1,0,0,0,0,0,0,-1,1,-1,1,1,-1,-1,1,-1,1,-1,1,-1,1,-1,1,-1,1,0,0,1,-1,0,0,0,0,-1,1,-1,1,-1,1,-1,1,-1,1,-1,1,0,0,1,-1,0,0,-1,1,-1,1,1,-1,-1,1,-1,1,0,0,1,-1,1,-1,0,0,-1,1,-1,1,1,-1,0,0,1,-1,-1,1,1,-1,-1,1,1,-1,-1,1,-1,1,-1,1,1,-1,0,0,-1,1,-1,1
AMZN,2022-04-28 16:27:13,AMC,0.07038123167155425,0.2580796527655581,0.010476689366160294,ES,tp,174.0,852.3000000000138,799.8000000000138,0,0,1,-1,-1,1,-1,0,-1,1,1,-1,1,-1,-1,1,0,0,-1,1,-1,1,0,0,0,2,-1,1,0,0,1,-1,-1,1,1,-1,0,0,1,-1,0,0,0,0,1,-1,-1,1,0,2,0,-1,0,1,0,2,0,0,-1,1,-1,1,-1,1,0,0,-1,1,1,-1,1,-1,0,0,-1,1,-1,1,1,-1,0,2,-1,1,1,-1,1,-1,-1,1,-1,1,0,0,0,0,-1,1,-1,1,-1,1,-1,1,1,-1,1,-1,-1,1,-1,1,1,-1,-1,1,0,0,-1,1,0,0,0,0,0,0,0,0,-1,1,0,0,0,2,1,-1,0,0,-1,1,-1,1,-1,1,1,-1,1,-1,-1,1,-1,1,-1,1,-1,1,-1,1,1,-1,-1,1,0,0,0,0,-1,1,1,-1,-1,1,-1,0,1,-1,-1,1,0,0,-1,1,-1,1,-1,1,-1,1,-1,1,1,-1,0,0,0,0,0,0,1,-1,1,-1,1,-1,1,-1,1,-1,1,-1,1,-1,0,0,-1,1,0,0,-1,1,-1,1,-1,1,-1,1,1,-1,-1,1,0,0,0,0,0,0,1,-1,-1,1,-1,1,-1,1,-1,1,-1,1,-1,1,-1,1,-1,1,-1,1,1,-1,0,0,0,2,1,-1,-1,1,-1,1,1,-1,-1,1,1,-1,0,0,1,-1,0,0,1,-1,-1,1,1,-1,1,-1,1,-1,0,0,-1,1,-1,1,0,2,1,-1,-1,1,-1,1,0,0,-1,1,-1,1,1,-1,-1,1,-1,1,-1,1,-1,1,-1,1,-1,1,0,0,1,-1,-1,1
AAPL,2022-04-28 16:32:12,AMC,0.07011393514460999,0.36809815950920244,0.06532244120808724,ES,tp,-125.0,852.5000000000091,800.0000000000091,0,0,1,-1,-1,1,0,2,-1,1,-1,1,1,-1,-1,1,0,0,-1,1,1,-1,0,0,0,2,-1,1,0,0,1,-1,1,-1,1,-1,0,0,0,0,0,0,0,0,1,-1,1,-1,0,2,0,-1,0,0,0,0,0,0,-1,1,1,-1,-1,1,0,0,1,-1,1,-1,1,-1,0,0,1,-1,1,-1,1,-1,0,2,-1,1,1,-1,1,-1,1,-1,-1,1,1,-1,0,0,0,0,-1,1,-1,1,-1,1,1,-1,1,-1,-1,1,-1,1,1,-1,-1,1,0,0,1,-1,0,0,0,0,0,0,0,0,-1,1,0,0,0,2,1,-1,0,0,-1,1,-1,1,-1,1,0,0,1,-1,-1,1,-1,1,1,-1,-1,1,-1,1,1,-1,-1,1,0,0,0,2,1,-1,1,-1,1,-1,1,0,1,-1,-1,1,0,0,1,-1,-1,1,1,-1,-1,1,-1,1,0,0,0,0,0,0,0,0,1,-1,1,-1,1,-1,1,-1,1,-1,1,-1,1,-1,0,0,-1,1,1,-1,-1,1,-1,1,1,-1,-1,1,-1,1,1,-1,0,0,0,0,0,0,1,-1,-1,1,-1,1,1,-1,1,-1,-1,1,-1,1,0,0,1,-1,-1,1,1,-1,0,0,0,2,-1,1,1,-1,-1,1,1,-1,-1,1,1,-1,0,0,-1,1,0,0,1,-1,0,0,1,-1,1,-1,1,-1,0,0,-1,1,-1,1,0,2,1,-1,-1,1,-1,1,0,2,1,-1,-1,1,1,-1,0,0,1,-1,-1,1,1,-1,0,0,-1,1,0,0,1,-1,1,-1
AMD,2022-05-03 16:11:17,AMC,0.03588731383455949,0.19736842105263158,0.01650982334489021,ES,stopped_pre,-185.0,-209.07499999998436,-261.57499999998436,0,0,1,-1,1,-1,0,2,1,-1,1,-1,1,-1,1,-1,1,-1,1,-1,1,-1,0,0,0,2,1,-1,0,0,-1,1,1,-1,1,-1,0,1,1,-1,0,0,1,-1,1,-1,1,-1,0,2,0,-1,0,-1,0,0,1,-1,1,-1,-1,1,-1,1,0,0,1,-1,1,-1,1,-1,1,-1,-1,1,-1,1,1,-1,0,0,1,-1,1,-1,1,-1,1,-1,1,-1,1,-1,1,-1,1,-1,1,-1,1,-1,0,0,1,-1,1,-1,1,-1,1,-1,1,-1,1,-1,1,-1,1,-1,1,-1,0,0,0,0,0,0,1,-1,0,0,0,0,1,-1,0,0,1,-1,1,-1,1,-1,-1,1,1,-1,1,-1,1,-1,-1,1,1,-1,1,-1,1,-1,-1,1,0,0,0,0,1,-1,1,-1,1,-1,1,0,1,-1,1,-1,0,0,1,-1,-1,1,1,-1,1,-1,-1,1,-1,1,0,0,0,0,0,0,1,-1,0,0,1,-1,1,-1,1,-1,1,-1,1,-1,0,0,1,-1,0,0,-1,1,1,-1,1,-1,0,0,1,-1,1,-1,0,0,0,0,0,0,1,-1,1,-1,-1,1,-1,1,1,-1,1,-1,-1,1,1,-1,1,-1,0,0,-1,1,0,0,0,0,-1,1,-1,1,1,-1,1,-1,1,-1,1,-1,0,0,-1,1,0,0,1,-1,1,-1,1,-1,1,-1,1,-1,0,0,-1,1,1,-1,0,2,1,-1,1,-1,-1,1,0,0,1,-1,1,-1,1,-1,1,-1,-1,1,1,-1,-1,1,1,-1,1,-1,0,0,1,-1,-1,1
NVDA,2022-05-25 16:22:25,AMC,0.08194138039710054,0.056725072482037064,,ES,stopped_pre,-104.0,-198.64999999999782,-251.14999999999782,0,0,1,-1,-1,1,0,2,-1,1,1,-1,1,-1,-1,1,0,0,1,-1,1,-1,0,2,0,2,-1,1,0,0,-1,1,-1,1,1,-1,0,0,0,0,0,0,0,0,1,-1,-1,1,0,0,0,-1,0,0,0,0,0,0,1,-1,-1,1,1,-1,0,0,-1,1,1,-1,1,-1,0,0,1,-1,1,-1,1,-1,0,0,-1,1,-1,1,-1,1,-1,1,-1,1,0,0,0,0,0,0,-1,1,-1,1,-1,1,-1,1,1,-1,-1,1,-1,1,1,-1,-1,1,0,0,-1,1,1,-1,0,0,0,2,0,0,-1,1,0,0,0,2,0,0,0,0,1,-1,-1,1,-1,1,0,0,1,-1,-1,1,-1,1,-1,1,-1,1,-1,1,-1,1,-1,1,0,0,0,0,-1,1,1,-1,-1,1,-1,0,1,-1,-1,1,0,0,-1,1,-1,1,-1,1,1,-1,-1,1,0,0,0,0,0,2,0,0,-1,1,0,0,1,-1,1,-1,1,-1,1,-1,1,-1,0,0,-1,1,-1,1,-1,1,-1,1,1,-1,0,0,-1,1,-1,1,0,2,0,0,0,0,1,-1,-1,1,-1,1,-1,1,-1,1,1,-1,1,-1,-1,1,-1,1,0,0,-1,1,0,0,0,0,1,-1,-1,1,-1,1,1,-1,-1,1,1,-1,0,0,1,-1,0,0,1,-1,-1,1,1,-1,1,-1,1,-1,0,0,-1,1,1,-1,0,0,1,-1,-1,1,-1,1,0,0,-1,1,-1,1,1,-1,-1,1,1,-1,-1,1,-1,1,-1,1,1,-1,0,2,0,0,-1,1
AVGO,2022-05-26 07:28:34,BMO,0.09986892203982273,0.049931344401448,0.011884953648680769,ES,timed,900.0,-25.0,-77.5,0,2,-1,1,1,-1,1,0,1,-1,1,-1,1,-1,1,-1,1,-1,1,-1,1,-1,0,0,0,2,1,-1,0,0,1,-1,1,-1,1,-1,0,1,0,0,-1,1,1,-1,1,-1,1,-1,0,0,0,-1,0,-1,0,0,1,-1,1,-1,-1,1,-1,1,0,0,1,-1,1,-1,1,-1,1,-1,1,-1,-1,1,1,-1,0,2,1,-1,1,-1,1,-1,1,-1,1,-1,1,-1,1,-1,0,0,1,-1,1,-1,1,-1,1,-1,1,-1,1,-1,1,-1,1,-1,1,-1,1,-1,1,-1,1,-1,0,0,0,0,0,0,1,-1,0,0,0,0,1,-1,0,0,1,-1,1,-1,1,-1,0,0,1,-1,1,-1,1,-1,1,-1,1,-1,1,-1,1,-1,-1,1,0,2,0,0,1,-1,1,-1,1,-1,1,0,1,-1,1,-1,0,2,1,-1,-1,1,1,-1,1,-1,1,-1,0,0,0,2,0,0,0,0,1,-1,1,-1,1,-1,1,-1,1,-1,1,-1,1,-1,0,0,1,-1,1,-1,1,-1,1,-1,1,-1,1,-1,-1,1,1,-1,0,0,0,0,0,0,1,-1,-1,1,1,-1,-1,1,1,-1,-1,1,-1,1,1,-1,1,-1,1,-1,-1,1,0,2,0,0,-1,1,-1,1,1,-1,1,-1,1,-1,1,-1,0,0,-1,1,0,0,1,-1,1,-1,-1,1,1,-1,1,-1,0,0,1,-1,1,-1,0,2,1,-1,1,-1,1,-1,0,0,-1,1,1,-1,1,-1,1,-1,-1,1,-1,1,-1,1,1,-1,1,-1,0,0,1,-1,-1,1
MU,2022-06-30 16:00:27,AMC,0.0923604697189603,0.2638870563398865,0.021358393848782572,ES,tp,-41.0,754.1500000000042,701.6500000000042,0,0,-1,1,1,-1,0,2,0,0,-1,1,-1,1,-1,1,0,0,-1,1,-1,1,0,0,0,2,-1,1,0,0,-1,1,-1,1,-1,1,0,-1,1,-1,-1,1,-1,1,-1,1,-1,1,0,0,0,1,0,1,0,0,-1,1,1,-1,-1,1,-1,1,0,0,-1,1,-1,1,-1,1,-1,1,-1,1,-1,1,-1,1,0,0,-1,1,-1,1,-1,1,-1,1,-1,1,0,0,-1,1,0,0,-1,1,-1,1,1,-1,-1,1,-1,1,-1,1,-1,1,-1,1,-1,1,-1,1,-1,1,-1,1,0,0,0,0,0,0,-1,1,0,0,0,0,-1,1,0,0,-1,1,-1,1,-1,1,1,-1,-1,1,-1,1,-1,1,-1,1,-1,1,-1,1,-1,1,1,-1,0,0,0,0,-1,1,-1,1,-1,1,-1,0,-1,1,-1,1,0,0,-1,1,-1,1,-1,1,-1,1,-1,1,0,0,0,0,0,0,0,0,-1,1,-1,1,-1,1,-1,1,-1,1,-1,1,-1,1,0,0,-1,1,-1,1,-1,1,-1,1,-1,1,-1,1,-1,1,-1,1,0,0,0,0,0,0,-1,1,-1,1,-1,1,1,-1,-1,1,-1,1,1,-1,0,0,-1,1,-1,1,1,-1,0,0,0,0,1,-1,1,-1,-1,1,-1,1,-1,1,-1,1,0,0,1,-1,0,0,-1,1,0,0,-1,1,-1,1,-1,1,0,0,-1,1,1,-1,0,0,-1,1,-1,1,1,-1,0,0,-1,1,-1,1,-1,1,0,0,1,-1,-1,1,1,-1,-1,1,-1,1,0,0,-1,1,1,-1
NFLX,2022-07-19 16:02:32,AMC,0.038092819503523584,0.15872008126468162,0.011029006286533584,ES,timed,900.0,250.0,197.5,0,0,-1,1,1,-1,0,2,0,0,1,-1,1,-1,1,-1,0,0,1,-1,1,-1,0,0,0,2,1,-1,0,0,-1,1,1,-1,1,-1,0,0,-1,1,0,0,0,0,-1,1,1,-1,0,0,0,-1,0,-1,0,0,1,-1,1,-1,1,-1,-1,1,0,0,1,-1,1,-1,-1,1,1,-1,1,-1,1,-1,-1,1,0,0,1,-1,1,-1,-1,1,1,-1,1,-1,0,0,1,-1,1,-1,1,-1,1,-1,1,-1,1,-1,1,-1,1,-1,1,-1,1,-1,1,-1,0,0,1,-1,1,-1,0,0,0,0,0,0,1,-1,0,0,0,0,0,0,0,2,1,-1,1,-1,1,-1,-1,1,1,-1,1,-1,1,-1,1,-1,1,-1,1,-1,1,-1,-1,1,0,0,0,2,-1,1,1,-1,1,-1,1,0,-1,1,1,-1,0,0,1,-1,1,-1,1,-1,1,-1,1,-1,-1,1,0,0,0,0,0,0,1,-1,1,-1,1,-1,1,-1,1,-1,1,-1,-1,1,0,0,1,-1,1,-1,1,-1,1,-1,-1,1,1,-1,1,-1,-1,1,0,0,0,0,0,0,-1,1,1,-1,-1,1,1,-1,-1,1,1,-1,1,-1,1,-1,-1,1,1,-1,-1,1,0,0,0,0,1,-1,-1,1,1,-1,1,-1,1,-1,1,-1,0,0,1,-1,0,0,1,-1,1,-1,-1,1,-1,1,-1,1,0,0,1,-1,1,-1,0,0,1,-1,1,-1,1,-1,0,0,-1,1,1,-1,1,-1,1,-1,-1,1,1,-1,-1,1,1,-1,1,-1,0,0,0,0,1,-1
TSLA,2022-07-20 16:43:32,AMC,0.031601567437744914,0.025282851905694962,0.014747909896879203,ES,timed,892.0,-37.5,-90.0,0,0,1,-1,1,-1,-1,0,-1,1,1,-1,1,-1,-1,1,0,0,-1,1,1,-1,0,2,0,0,-1,1,0,0,-1,1,-1,1,-1,1,0,0,0,0,0,0,0,0,-1,1,1,-1,0,2,0,1,0,0,0,0,0,0,-1,1,-1,1,-1,1,0,0,-1,1,1,-1,1,-1,0,0,-1,1,1,-1,1,-1,0,0,-1,1,-1,1,1,-1,-1,1,-1,1,0,0,0,0,1,-1,-1,1,-1,1,-1,1,-1,1,-1,1,-1,1,-1,1,1,-1,-1,1,0,0,-1,1,0,0,0,2,0,2,0,0,-1,1,0,0,0,0,1,-1,0,0,-1,1,-1,1,-1,1,1,-1,-1,1,-1,1,-1,1,-1,1,-1,1,1,-1,1,-1,1,-1,0,0,0,2,-1,1,0,0,-1,1,-1,0,1,-1,-1,1,0,0,-1,1,-1,1,-1,1,1,-1,-1,1,-1,1,0,0,0,2,0,0,-1,1,0,0,1,-1,0,0,1,-1,1,-1,1,-1,0,0,1,-1,-1,1,-1,1,-1,1,1,-1,-1,1,1,-1,0,0,0,2,0,0,0,0,1,-1,-1,1,1,-1,-1,1,-1,1,-1,1,-1,1,-1,1,-1,1,0,0,1,-1,0,0,0,2,1,-1,-1,1,-1,1,-1,1,-1,1,1,-1,0,0,-1,1,0,0,1,-1,-1,1,1,-1,1,-1,-1,1,0,2,-1,1,-1,1,0,2,1,-1,-1,1,-1,1,0,2,1,-1,-1,1,1,-1,-1,1,-1,1,-1,1,-1,1,-1,1,-1,1,0,2,1,-1,-1,1
GOOGL,2022-07-26 16:02:00,AMC,0.1335622972715131,0.038163083577153034,0.022759472502154036,ES,stopped_pre,-260.0,-196.35000000000673,-248.85000000000673,0,0,1,-1,-1,1,0,2,0,0,1,-1,-1,1,1,-1,0,0,1,-1,-1,1,0,0,0,2,1,-1,0,0,1,-1,1,-1,1,-1,0,0,-1,1,0,0,1,-1,1,-1,-1,1,0,0,0,-1,0,-1,0,0,0,0,-1,1,1,-1,-1,1,0,0,1,-1,-1,1,1,-1,1,-1,1,-1,1,-1,1,-1,0,2,1,-1,1,-1,1,-1,1,-1,1,-1,1,-1,1,-1,0,0,1,-1,1,-1,0,0,1,-1,1,-1,1,-1,1,-1,1,-1,1,-1,1,-1,1,-1,1,-1,0,0,0,0,0,0,1,-1,0,0,0,0,1,-1,0,2,1,-1,1,-1,0,0,0,0,1,-1,1,-1,1,-1,1,-1,1,-1,1,-1,-1,1,-1,1,0,2,0,2,1,-1,0,0,1,-1,1,0,1,-1,1,-1,0,0,1,-1,1,-1,1,-1,1,-1,1,-1,-1,1,0,0,0,0,0,0,1,-1,-1,1,-1,1,-1,1,-1,1,-1,1,1,-1,0,0,1,-1,1,-1,-1,1,1,-1,1,-1,0,0,1,-1,1,-1,0,0,0,0,0,0,1,-1,1,-1,-1,1,1,-1,1,-1,1,-1,-1,1,0,0,1,-1,0,0,-1,1,0,2,0,0,-1,1,-1,1,-1,1,1,-1,1,-1,1,-1,0,0,-1,1,0,0,1,-1,0,0,-1,1,1,-1,1,-1,0,0,1,-1,-1,1,0,2,-1,1,1,-1,1,-1,0,0,-1,1,1,-1,-1,1,1,-1,1,-1,1,-1,-1,1,1,-1,1,-1,0,0,1,-1,1,-1
MSFT,2022-07-26 16:02:59,AMC,0.1335622972715131,0.038163083577153034,0.022958597994949106,ES,stopped_pre,-150.0,-196.17499999999382,-248.67499999999382,0,0,1,-1,-1,1,0,2,0,0,1,-1,-1,1,1,-1,0,0,1,-1,-1,1,0,0,0,2,1,-1,0,0,1,-1,1,-1,1,-1,0,0,-1,1,0,0,1,-1,1,-1,-1,1,0,0,0,-1,0,-1,0,0,0,0,-1,1,1,-1,-1,1,0,0,1,-1,-1,1,1,-1,1,-1,1,-1,1,-1,1,-1,0,2,1,-1,1,-1,1,-1,1,-1,1,-1,1,-1,1,-1,0,0,1,-1,1,-1,0,0,1,-1,1,-1,1,-1,1,-1,1,-1,1,-1,1,-1,1,-1,1,-1,0,0,0,0,0,0,1,-1,0,0,0,0,1,-1,0,2,1,-1,1,-1,0,0,0,0,1,-1,1,-1,1,-1,1,-1,1,-1,1,-1,-1,1,-1,1,0,2,0,2,1,-1,0,0,1,-1,1,0,1,-1,1,-1,0,0,1,-1,1,-1,1,-1,1,-1,1,-1,-1,1,0,0,0,0,0,0,1,-1,-1,1,-1,1,-1,1,-1,1,-1,1,1,-1,0,0,1,-1,1,-1,-1,1,1,-1,1,-1,0,0,1,-1,1,-1,0,0,0,0,0,0,1,-1,1,-1,-1,1,1,-1,1,-1,1,-1,-1,1,0,0,1,-1,0,0,-1,1,0,2,0,0,-1,1,-1,1,-1,1,1,-1,1,-1,1,-1,0,0,-1,1,0,0,1,-1,0,0,-1,1,1,-1,1,-1,0,0,1,-1,-1,1,0,2,-1,1,1,-1,1,-1,0,0,-1,1,1,-1,-1,1,1,-1,1,-1,1,-1,-1,1,1,-1,1,-1,0,0,1,-1,1,-1
META,2022-07-27 16:07:22,AMC,0.08088098052634853,0.09954582218627511,0.020226716186813785,ES,stopped_post,9.0,-200.98749999999654,-253.48749999999654,0,2,-1,1,-1,1,0,2,-1,1,-1,1,1,-1,-1,1,0,0,-1,1,-1,1,0,0,0,2,-1,1,0,0,-1,1,-1,1,-1,1,0,-1,-1,1,0,0,-1,1,-1,1,-1,1,0,0,0,1,0,1,0,0,-1,1,-1,1,1,-1,-1,1,0,0,-1,1,1,-1,-1,1,-1,1,-1,1,1,-1,-1,1,0,0,-1,1,-1,1,-1,1,-1,1,-1,1,-1,1,-1,1,0,0,-1,1,0,0,0,0,-1,1,-1,1,-1,1,-1,1,-1,1,-1,1,-1,1,-1,1,-1,1,0,0,0,0,0,0,0,0,0,0,0,2,-1,1,0,0,-1,1,-1,1,-1,1,0,0,-1,1,-1,1,-1,1,1,-1,-1,1,-1,1,-1,1,1,-1,0,2,0,0,-1,1,-1,1,-1,1,-1,0,-1,1,-1,1,0,0,-1,1,1,-1,-1,1,-1,1,-1,1,1,-1,0,0,0,0,0,0,-1,1,1,-1,1,-1,1,-1,1,-1,1,-1,-1,1,0,0,-1,1,1,-1,1,-1,-1,1,-1,1,0,0,1,-1,-1,1,0,0,0,0,0,0,-1,1,-1,1,1,-1,1,-1,-1,1,-1,1,1,-1,-1,1,-1,1,0,0,1,-1,0,2,0,0,1,-1,1,-1,-1,1,-1,1,-1,1,-1,1,0,0,1,-1,0,0,-1,1,-1,1,-1,1,-1,1,-1,1,0,0,-1,1,-1,1,0,0,1,-1,-1,1,1,-1,0,0,1,-1,-1,1,1,-1,-1,1,1,-1,-1,1,1,-1,-1,1,-1,1,0,0,-1,1,1,-1
INTC,2022-07-28 16:06:34,AMC,0.07952043063371667,0.08563738683631025,0.02102506570567552,ES,timed,900.0,262.5,210.0,0,0,1,-1,-1,1,0,2,-1,1,-1,1,1,-1,-1,1,0,0,1,-1,-1,1,0,0,0,0,-1,1,0,0,-1,1,-1,1,-1,1,0,0,-1,1,0,0,0,0,-1,1,-1,1,0,0,0,-1,0,0,0,2,0,0,-1,1,1,-1,-1,1,0,0,1,-1,1,-1,1,-1,-1,1,-1,1,1,-1,-1,1,0,2,1,-1,-1,1,1,-1,-1,1,-1,1,0,0,-1,1,0,0,-1,1,-1,1,0,0,1,-1,-1,1,-1,1,-1,1,1,-1,-1,1,0,0,-1,1,0,0,0,0,0,0,-1,1,-1,1,0,0,0,0,0,0,0,2,-1,1,-1,1,1,-1,0,0,-1,1,-1,1,-1,1,-1,1,-1,1,-1,1,1,-1,-1,1,0,0,0,2,-1,1,0,0,-1,1,-1,0,1,-1,1,-1,0,0,-1,1,1,-1,-1,1,1,-1,-1,1,0,0,0,0,0,0,0,0,-1,1,1,-1,1,-1,1,-1,1,-1,1,-1,1,-1,0,0,-1,1,-1,1,1,-1,-1,1,-1,1,0,0,-1,1,-1,1,0,0,0,0,0,0,1,-1,-1,1,-1,1,1,-1,1,-1,-1,1,1,-1,-1,1,-1,1,0,0,-1,1,0,0,0,0,1,-1,-1,1,-1,1,-1,1,-1,1,-1,1,0,0,-1,1,0,0,0,0,-1,1,1,-1,1,-1,1,-1,0,2,-1,1,-1,1,0,0,-1,1,-1,1,1,-1,0,0,1,-1,1,-1,1,-1,-1,1,1,-1,-1,1,-1,1,-1,1,-1,1,0,0,0,0,-1,1
AMZN,2022-07-28 16:09:30,AMC,0.04285014691478942,0.04896859888596437,0.010694477376227245,ES,stopped_pre,-10.0,-204.31249999999181,-256.8124999999918,0,2,1,-1,-1,1,0,2,0,0,1,-1,1,-1,1,-1,1,-1,1,-1,1,-1,0,0,0,0,1,-1,0,0,1,-1,1,-1,1,-1,0,1,0,0,0,0,1,-1,1,-1,-1,1,0,0,0,-1,0,-1,0,0,1,-1,-1,1,1,-1,-1,1,0,0,1,-1,1,-1,1,-1,1,-1,-1,1,-1,1,1,-1,0,2,1,-1,1,-1,1,-1,1,-1,1,-1,1,-1,1,-1,0,0,1,-1,1,-1,0,0,1,-1,1,-1,1,-1,1,-1,1,-1,1,-1,1,-1,1,-1,1,-1,0,0,0,0,0,0,1,-1,0,0,0,0,1,-1,0,2,1,-1,1,-1,1,-1,0,0,1,-1,1,-1,1,-1,1,-1,1,-1,-1,1,1,-1,-1,1,0,2,0,0,1,-1,1,-1,1,-1,1,0,1,-1,1,-1,0,2,1,-1,1,-1,1,-1,1,-1,-1,1,0,0,0,0,0,0,0,0,1,-1,1,-1,1,-1,1,-1,1,-1,1,-1,1,-1,0,0,1,-1,-1,1,1,-1,1,-1,1,-1,1,-1,-1,1,1,-1,0,0,0,0,0,0,1,-1,1,-1,-1,1,1,-1,1,-1,1,-1,-1,1,0,0,1,-1,1,-1,-1,1,0,2,0,0,-1,1,-1,1,-1,1,1,-1,1,-1,1,-1,0,0,-1,1,0,0,1,-1,0,0,1,-1,1,-1,1,-1,0,0,-1,1,-1,1,0,0,1,-1,1,-1,1,-1,0,0,1,-1,1,-1,1,-1,1,-1,-1,1,1,-1,-1,1,1,-1,1,-1,0,0,1,-1,-1,1
AAPL,2022-07-28 16:31:44,AMC,0.1341790680653818,0.1463771651622347,0.07011393514460999,ES,stopped_pre,-104.0,-204.16250000000673,-256.66250000000673,0,0,-1,1,-1,1,1,0,1,-1,-1,1,1,-1,1,-1,0,0,1,-1,1,-1,0,0,0,0,1,-1,0,0,1,-1,-1,1,-1,1,0,0,0,0,0,0,0,0,-1,1,-1,1,0,2,0,-1,0,0,0,0,0,0,-1,1,1,-1,1,-1,0,0,1,-1,1,-1,-1,1,0,0,-1,1,1,-1,-1,1,0,2,1,-1,1,-1,1,-1,-1,1,1,-1,0,0,-1,1,-1,1,1,-1,1,-1,1,-1,1,-1,-1,1,1,-1,1,-1,-1,1,1,-1,-1,1,1,-1,-1,1,0,0,0,2,0,0,1,-1,0,0,0,2,-1,1,0,2,1,-1,1,-1,1,-1,0,0,-1,1,1,-1,1,-1,-1,1,1,-1,1,-1,-1,1,1,-1,0,0,0,2,1,-1,-1,1,-1,1,-1,0,-1,1,1,-1,0,0,1,-1,-1,1,1,-1,1,-1,1,-1,0,0,0,0,0,2,0,0,1,-1,1,-1,1,-1,1,-1,1,-1,1,-1,-1,1,0,0,-1,1,1,-1,-1,1,1,-1,-1,1,1,-1,1,-1,1,-1,0,2,0,0,0,0,-1,1,1,-1,1,-1,1,-1,1,-1,1,-1,-1,1,1,-1,1,-1,1,-1,1,-1,0,0,0,2,1,-1,1,-1,1,-1,-1,1,1,-1,-1,1,0,0,1,-1,0,0,-1,1,1,-1,-1,1,-1,1,-1,1,0,2,1,-1,-1,1,0,2,-1,1,1,-1,-1,1,0,2,-1,1,0,0,1,-1,1,-1,1,-1,1,-1,1,-1,0,0,-1,1,0,2,-1,1,-1,1
AMD,2022-08-02 16:08:05,AMC,0.03056608387333415,0.042792517422667806,0.01806460364811707,ES,stopped_pre,-12.0,-204.7125000000051,-257.2125000000051,0,0,1,-1,-1,1,0,2,-1,1,1,-1,-1,1,-1,1,-1,1,-1,1,-1,1,0,0,0,0,-1,1,0,0,-1,1,-1,1,1,-1,0,0,0,0,0,0,0,0,-1,1,-1,1,0,2,0,1,0,1,0,0,0,0,-1,1,1,-1,1,-1,0,0,-1,1,-1,1,-1,1,0,0,1,-1,-1,1,-1,1,0,0,-1,1,-1,1,-1,1,-1,1,-1,1,-1,1,0,0,0,0,-1,1,-1,1,-1,1,-1,1,1,-1,-1,1,-1,1,1,-1,1,-1,0,0,-1,1,0,0,0,2,0,0,0,0,-1,1,0,0,0,2,0,0,0,0,-1,1,-1,1,-1,1,0,0,1,-1,-1,1,1,-1,-1,1,-1,1,1,-1,-1,1,1,-1,0,0,0,0,-1,1,0,0,-1,1,-1,0,-1,1,-1,1,0,0,-1,1,1,-1,-1,1,1,-1,1,-1,0,0,0,0,0,0,0,0,-1,1,0,0,-1,1,-1,1,-1,1,-1,1,-1,1,0,0,1,-1,1,-1,-1,1,1,-1,-1,1,-1,1,1,-1,-1,1,0,0,0,0,0,0,-1,1,-1,1,1,-1,1,-1,1,-1,1,-1,1,-1,-1,1,-1,1,-1,1,1,-1,0,0,0,0,1,-1,1,-1,-1,1,1,-1,-1,1,-1,1,0,0,0,0,0,0,0,0,-1,1,1,-1,-1,1,-1,1,0,0,1,-1,-1,1,0,0,-1,1,-1,1,1,-1,0,2,-1,1,-1,1,-1,1,-1,1,1,-1,-1,1,1,-1,-1,1,-1,1,0,0,0,0,-1,1
NVDA,2022-08-08 09:16:50,BMO,0.04203951714611735,0.16216216216216214,,ES,timed,900.0,200.0,147.5,0,0,-1,1,-1,1,-1,0,-1,1,1,-1,1,-1,-1,1,0,0,-1,1,1,-1,0,0,0,0,-1,1,0,0,-1,1,-1,1,1,-1,0,0,-1,1,0,0,0,0,-1,1,-1,1,0,0,0,-1,0,1,0,0,1,-1,-1,1,-1,1,-1,1,0,0,-1,1,1,-1,-1,1,-1,1,-1,1,1,-1,-1,1,0,0,-1,1,-1,1,-1,1,-1,1,-1,1,-1,1,0,0,0,0,-1,1,-1,1,-1,1,-1,1,1,-1,-1,1,-1,1,1,-1,-1,1,0,0,1,-1,0,0,0,0,0,0,0,0,-1,1,0,0,0,0,0,0,0,0,-1,1,-1,1,-1,1,-1,1,1,-1,-1,1,-1,1,-1,1,-1,1,1,-1,-1,1,1,-1,0,2,0,0,-1,1,0,0,-1,1,-1,0,-1,1,-1,1,0,2,-1,1,-1,1,-1,1,-1,1,-1,1,1,-1,0,0,0,0,0,0,-1,1,1,-1,1,-1,1,-1,1,-1,1,-1,-1,1,0,0,-1,1,-1,1,-1,1,-1,1,-1,1,0,0,1,-1,-1,1,0,0,0,0,0,0,-1,1,-1,1,1,-1,1,-1,1,-1,-1,1,1,-1,-1,1,-1,1,0,0,1,-1,0,0,0,0,-1,1,-1,1,-1,1,1,-1,-1,1,-1,1,0,0,-1,1,0,0,0,0,-1,1,-1,1,-1,1,-1,1,0,0,-1,1,-1,1,0,0,-1,1,-1,1,1,-1,0,0,1,-1,-1,1,1,-1,-1,1,-1,1,-1,1,-1,1,-1,1,-1,1,0,0,0,0,-1,1
NVDA,2022-08-24 16:24:34,AMC,0.006027727546714889,0.018083182640144666,0.027749430850069565,ES,stopped_pre,-208.0,-207.36249999999927,-259.8624999999993,0,0,1,-1,1,-1,0,2,0,0,-1,1,1,-1,1,-1,0,0,-1,1,-1,1,0,2,0,2,1,-1,0,0,1,-1,1,-1,1,-1,0,0,0,0,0,0,1,-1,1,-1,1,-1,0,2,0,-1,0,-1,0,0,0,0,1,-1,1,-1,1,-1,0,0,1,-1,1,-1,1,-1,0,0,1,-1,-1,1,1,-1,0,0,1,-1,1,-1,1,-1,1,-1,1,-1,1,-1,0,0,0,0,1,-1,1,-1,0,0,1,-1,1,-1,1,-1,1,-1,1,-1,-1,1,0,0,1,-1,1,-1,0,0,0,0,0,0,1,-1,0,0,0,2,0,0,0,0,-1,1,0,0,1,-1,-1,1,-1,1,1,-1,1,-1,-1,1,1,-1,1,-1,1,-1,-1,1,0,0,0,0,1,-1,0,0,1,-1,1,0,1,-1,1,-1,0,0,1,-1,-1,1,1,-1,1,-1,1,-1,0,0,0,0,0,0,0,0,1,-1,1,-1,1,-1,0,0,1,-1,1,-1,1,-1,0,0,1,-1,1,-1,-1,1,1,-1,1,-1,1,-1,1,-1,1,-1,0,0,0,0,0,0,1,-1,1,-1,-1,1,1,-1,-1,1,1,-1,-1,1,0,0,1,-1,0,0,-1,1,0,0,0,2,1,-1,1,-1,1,-1,1,-1,-1,1,1,-1,0,0,-1,1,0,0,1,-1,0,0,1,-1,1,-1,1,-1,0,0,1,-1,1,-1,0,2,1,-1,1,-1,-1,1,0,2,1,-1,1,-1,1,-1,0,0,1,-1,1,-1,1,-1,0,0,1,-1,0,0,1,-1,1,-1
AVGO,2022-09-01 16:26:00,AMC,0.0189000189000189,0.018901209677419355,0.015016886987679766,ES,timed,894.0,50.0,-2.5,0,0,1,-1,-1,1,1,0,1,-1,1,-1,1,-1,1,-1,0,0,1,-1,-1,1,0,2,0,2,1,-1,-1,1,1,-1,1,-1,1,-1,0,0,-1,1,0,0,0,0,1,-1,1,-1,0,0,0,-1,0,0,0,0,0,0,1,-1,-1,1,1,-1,0,0,-1,1,0,0,-1,1,0,0,1,-1,-1,1,-1,1,0,0,1,-1,1,-1,-1,1,1,-1,1,-1,0,0,1,-1,0,0,1,-1,1,-1,1,-1,1,-1,1,-1,1,-1,1,-1,1,-1,1,-1,0,0,1,-1,1,-1,0,0,0,2,0,0,1,-1,0,0,0,2,0,0,0,0,1,-1,1,-1,-1,1,0,0,1,-1,1,-1,1,-1,1,-1,1,-1,-1,1,-1,1,1,-1,0,0,0,0,-1,1,0,0,1,-1,1,0,-1,1,1,-1,0,0,1,-1,-1,1,1,-1,1,-1,-1,1,0,0,0,0,0,2,0,0,1,-1,1,-1,1,-1,0,0,1,-1,1,-1,-1,1,0,0,1,-1,-1,1,1,-1,-1,1,-1,1,1,-1,1,-1,1,-1,0,2,0,0,0,0,-1,1,1,-1,-1,1,-1,1,1,-1,1,-1,1,-1,1,-1,-1,1,1,-1,1,-1,0,0,0,2,-1,1,1,-1,1,-1,1,-1,-1,1,1,-1,0,0,-1,1,0,0,0,0,1,-1,-1,1,-1,1,-1,1,0,0,-1,1,1,-1,0,0,1,-1,1,-1,-1,1,0,0,-1,1,-1,1,1,-1,1,-1,1,-1,1,-1,1,-1,1,-1,-1,1,0,2,0,0,1,-1
MU,2022-09-29 16:00:31,AMC,0.11628702373623367,0.047886167738404706,0.022988404211442,ES,timed,896.0,350.0,297.5,0,0,-1,1,1,-1,0,2,1,-1,1,-1,-1,1,1,-1,0,0,1,-1,1,-1,0,0,0,0,1,-1,-1,1,1,-1,1,-1,1,-1,0,0,-1,1,0,0,0,0,1,-1,1,-1,0,0,0,-1,0,0,0,2,0,0,1,-1,0,0,1,-1,0,0,1,-1,-1,1,-1,1,0,0,1,-1,-1,1,-1,1,0,0,1,-1,1,-1,-1,1,1,-1,1,-1,0,0,1,-1,-1,1,1,-1,1,-1,1,-1,-1,1,-1,1,1,-1,1,-1,-1,1,1,-1,0,0,1,-1,0,0,0,0,0,0,0,0,1,-1,0,0,0,0,-1,1,0,2,1,-1,1,-1,1,-1,0,0,1,-1,1,-1,1,-1,-1,1,1,-1,-1,1,-1,1,1,-1,0,0,0,2,1,-1,0,0,1,-1,1,0,-1,1,1,-1,0,0,1,-1,1,-1,1,-1,-1,1,1,-1,1,-1,0,0,0,0,0,0,1,-1,-1,1,-1,1,0,0,-1,1,-1,1,-1,1,0,0,1,-1,1,-1,1,-1,1,-1,-1,1,1,-1,1,-1,-1,1,0,0,0,0,0,0,-1,1,1,-1,1,-1,0,0,-1,1,1,-1,1,-1,1,-1,1,-1,1,-1,1,-1,0,0,0,2,1,-1,1,-1,1,-1,1,-1,1,-1,-1,1,0,0,-1,1,0,0,-1,1,1,-1,-1,1,-1,1,-1,1,0,0,1,-1,1,-1,0,2,1,-1,1,-1,1,-1,0,0,-1,1,-1,1,-1,1,1,-1,1,-1,1,-1,1,-1,1,-1,1,-1,0,0,-1,1,1,-1
AMD,2022-10-06 16:20:03,AMC,0.026657780739753414,0.006664889362836577,0.019619383951343928,ES,stopped_pre,-125.0,-187.78749999999036,-240.28749999999036,0,0,-1,1,-1,1,0,2,-1,1,-1,1,-1,1,-1,1,0,0,-1,1,-1,1,0,2,0,0,-1,1,-1,1,-1,1,-1,1,-1,1,0,0,1,-1,0,0,0,0,-1,1,-1,1,0,2,0,1,0,1,0,0,-1,1,-1,1,-1,1,-1,1,0,0,-1,1,-1,1,-1,1,-1,1,1,-1,-1,1,-1,1,0,0,-1,1,-1,1,1,-1,-1,1,-1,1,-1,1,-1,1,0,0,-1,1,-1,1,-1,1,-1,1,-1,1,-1,1,-1,1,-1,1,-1,1,0,0,-1,1,0,0,0,0,0,0,-1,1,-1,1,0,0,0,0,0,0,0,2,-1,1,-1,1,-1,1,0,0,-1,1,-1,1,-1,1,1,-1,-1,1,1,-1,1,-1,1,-1,0,0,0,2,-1,1,0,0,-1,1,-1,0,-1,1,-1,1,0,0,-1,1,1,-1,-1,1,-1,1,1,-1,1,-1,0,0,0,0,0,0,-1,1,-1,1,-1,1,-1,1,-1,1,-1,1,-1,1,0,0,1,-1,-1,1,-1,1,-1,1,-1,1,-1,1,-1,1,-1,1,0,2,0,0,0,0,-1,1,-1,1,1,-1,-1,1,1,-1,-1,1,1,-1,-1,1,-1,1,-1,1,-1,1,0,0,0,0,1,-1,1,-1,1,-1,-1,1,-1,1,-1,1,0,0,1,-1,0,0,-1,1,-1,1,1,-1,-1,1,-1,1,0,0,1,-1,-1,1,0,2,-1,1,-1,1,-1,1,0,2,-1,1,1,-1,-1,1,-1,1,1,-1,-1,1,1,-1,-1,1,-1,1,0,0,-1,1,-1,1
NFLX,2022-10-18 16:06:07,AMC,0.013347570742124932,0.22690870261612384,0.011506114886825809,ES,tp,1.0,746.550000000002,694.050000000002,0,0,1,-1,1,-1,0,2,0,0,1,-1,-1,1,1,-1,0,0,1,-1,1,-1,0,0,0,2,1,-1,-1,1,1,-1,1,-1,1,-1,0,0,1,-1,0,0,1,-1,1,-1,1,-1,0,0,0,-1,0,0,0,0,0,0,1,-1,1,-1,-1,1,0,0,-1,1,1,-1,1,-1,1,-1,-1,1,1,-1,1,-1,0,0,1,-1,1,-1,-1,1,1,-1,1,-1,0,0,1,-1,-1,1,1,-1,1,-1,1,-1,1,-1,1,-1,1,-1,1,-1,1,-1,1,-1,0,0,1,-1,0,0,0,0,0,0,0,0,1,-1,0,0,0,0,0,0,0,0,1,-1,1,-1,0,0,1,-1,1,-1,1,-1,1,-1,1,-1,1,-1,1,-1,-1,1,1,-1,0,0,0,2,1,-1,0,0,1,-1,1,0,1,-1,1,-1,0,0,1,-1,1,-1,1,-1,1,-1,-1,1,1,-1,0,0,0,0,0,0,1,-1,0,0,1,-1,0,0,1,-1,1,-1,1,-1,0,0,1,-1,-1,1,1,-1,1,-1,1,-1,1,-1,1,-1,1,-1,0,0,0,0,0,0,-1,1,1,-1,1,-1,1,-1,1,-1,-1,1,1,-1,1,-1,-1,1,0,0,-1,1,0,0,0,2,-1,1,1,-1,-1,1,1,-1,1,-1,1,-1,0,0,-1,1,0,0,0,0,1,-1,-1,1,-1,1,-1,1,0,2,-1,1,1,-1,0,0,1,-1,1,-1,1,-1,0,0,-1,1,1,-1,-1,1,1,-1,-1,1,1,-1,1,-1,1,-1,1,-1,0,0,0,0,1,-1
GOOGL,2022-10-25 16:01:23,AMC,0.12928248222365868,0.43312431314241384,0.02361553902467824,ES,stopped_pre,-20.0,-193.46250000000964,-245.96250000000964,0,0,-1,1,-1,1,-1,0,1,-1,-1,1,1,-1,1,-1,-1,1,-1,1,1,-1,0,0,0,0,-1,1,-1,1,-1,1,-1,1,-1,1,0,0,-1,1,-1,1,-1,1,-1,1,-1,1,0,0,0,1,0,0,0,0,0,0,-1,1,-1,1,-1,1,0,0,-1,1,1,-1,-1,1,-1,1,1,-1,1,-1,-1,1,0,2,-1,1,-1,1,-1,1,-1,1,-1,1,0,0,0,0,-1,1,-1,1,0,0,1,-1,-1,1,-1,1,-1,1,1,-1,-1,1,-1,1,0,0,-1,1,0,0,0,0,0,0,0,0,0,0,0,0,0,0,-1,1,0,0,-1,1,1,-1,-1,1,-1,1,-1,1,-1,1,-1,1,-1,1,-1,1,-1,1,-1,1,-1,1,0,0,0,0,-1,1,-1,1,-1,1,-1,0,-1,1,-1,1,0,0,-1,1,-1,1,-1,1,1,-1,1,-1,0,0,0,0,0,0,0,0,-1,1,1,-1,1,-1,1,-1,1,-1,1,-1,-1,1,0,0,-1,1,0,0,1,-1,-1,1,-1,1,0,0,-1,1,-1,1,0,0,0,0,0,0,-1,1,-1,1,1,-1,-1,1,-1,1,1,-1,1,-1,0,0,-1,1,1,-1,1,-1,0,0,0,2,-1,1,-1,1,-1,1,-1,1,-1,1,-1,1,0,0,1,-1,0,0,-1,1,0,0,-1,1,-1,1,-1,1,0,0,1,-1,-1,1,0,0,-1,1,-1,1,1,-1,0,0,-1,1,-1,1,1,-1,0,0,1,-1,-1,1,-1,1,0,0,-1,1,0,0,-1,1,-1,1
MSFT,2022-10-25 16:02:59,AMC,0.15532975211960393,0.36893203883495146,0.02318204914375893,ES,stopped_pre,-113.0,-193.425000000002,-245.925000000002,0,0,-1,1,-1,1,-1,0,0,0,1,-1,1,-1,1,-1,-1,1,-1,1,1,-1,0,0,0,0,-1,1,-1,1,-1,1,-1,1,-1,1,0,0,-1,1,-1,1,-1,1,-1,1,-1,1,0,0,0,1,0,0,0,0,0,0,-1,1,-1,1,-1,1,0,0,-1,1,1,-1,-1,1,-1,1,1,-1,1,-1,-1,1,0,0,-1,1,-1,1,-1,1,-1,1,-1,1,0,0,0,0,0,0,-1,1,0,0,1,-1,-1,1,-1,1,-1,1,1,-1,-1,1,-1,1,0,0,-1,1,0,0,0,0,0,0,0,0,0,0,0,0,0,0,-1,1,0,0,-1,1,1,-1,-1,1,-1,1,-1,1,-1,1,-1,1,-1,1,-1,1,-1,1,-1,1,1,-1,0,0,0,0,-1,1,-1,1,-1,1,-1,0,-1,1,-1,1,0,0,-1,1,-1,1,-1,1,1,-1,1,-1,0,0,0,0,0,0,0,0,-1,1,1,-1,1,-1,1,-1,1,-1,1,-1,-1,1,0,0,-1,1,-1,1,1,-1,-1,1,-1,1,0,0,-1,1,-1,1,0,0,0,0,0,0,-1,1,-1,1,-1,1,-1,1,-1,1,1,-1,1,-1,0,0,-1,1,1,-1,1,-1,0,0,0,0,-1,1,-1,1,-1,1,-1,1,-1,1,-1,1,0,0,1,-1,0,0,-1,1,0,0,-1,1,-1,1,-1,1,0,0,1,-1,-1,1,0,0,-1,1,-1,1,1,-1,0,0,1,-1,-1,1,1,-1,0,0,1,-1,-1,1,-1,1,0,0,-1,1,0,0,-1,1,-1,1
META,2022-10-26 16:19:09,AMC,0.0519716754368869,0.0,0.022769966414299538,ES,timed,900.0,12.5,-40.0,0,0,-1,1,1,-1,0,2,0,0,1,-1,-1,1,1,-1,0,0,1,-1,1,-1,0,0,0,2,-1,1,1,-1,-1,1,1,-1,1,-1,0,0,0,0,0,0,0,0,-1,1,1,-1,0,0,0,-1,0,0,0,0,1,-1,1,-1,1,-1,1,-1,0,0,1,-1,1,-1,1,-1,1,-1,1,-1,-1,1,-1,1,0,2,1,-1,1,-1,1,-1,1,-1,1,-1,0,0,1,-1,1,-1,-1,1,1,-1,1,-1,1,-1,1,-1,1,-1,1,-1,1,-1,1,-1,0,0,1,-1,0,0,0,0,0,0,0,0,1,-1,0,0,0,0,1,-1,0,2,-1,1,1,-1,1,-1,0,0,1,-1,1,-1,1,-1,-1,1,1,-1,1,-1,1,-1,-1,1,0,0,0,2,1,-1,1,-1,1,-1,1,0,1,-1,1,-1,0,2,1,-1,1,-1,1,-1,-1,1,1,-1,0,0,0,0,0,0,0,0,1,-1,0,0,1,-1,0,0,1,-1,1,-1,1,-1,0,0,-1,1,1,-1,-1,1,1,-1,-1,1,0,0,1,-1,1,-1,0,0,0,0,0,0,-1,1,1,-1,1,-1,1,-1,1,-1,1,-1,1,-1,0,0,-1,1,0,0,-1,1,0,0,0,0,1,-1,1,-1,1,-1,1,-1,1,-1,1,-1,0,0,1,-1,0,0,0,0,1,-1,-1,1,1,-1,1,-1,0,0,1,-1,1,-1,0,0,-1,1,1,-1,-1,1,0,0,1,-1,1,-1,-1,1,0,0,1,-1,1,-1,1,-1,1,-1,1,-1,0,0,1,-1,1,-1
INTC,2022-10-27 16:02:53,AMC,0.30255196001052354,0.7169166008945014,0.021803117845851958,ES,stopped_pre,-110.0,-190.8625000000029,-243.3625000000029,0,2,-1,1,-1,1,-1,0,-1,1,-1,1,-1,1,-1,1,-1,1,-1,1,-1,1,0,0,0,0,-1,1,0,0,-1,1,-1,1,-1,1,0,-1,0,0,0,0,-1,1,-1,1,-1,1,0,0,0,1,0,1,0,0,-1,1,-1,1,1,-1,1,-1,0,0,-1,1,-1,1,-1,1,-1,1,-1,1,1,-1,-1,1,0,0,-1,1,-1,1,-1,1,-1,1,-1,1,-1,1,-1,1,0,0,-1,1,-1,1,0,0,-1,1,-1,1,-1,1,-1,1,-1,1,-1,1,-1,1,-1,1,0,0,0,0,0,0,-1,1,-1,1,0,0,0,0,-1,1,0,0,-1,1,-1,1,-1,1,0,0,-1,1,-1,1,-1,1,1,-1,-1,1,-1,1,-1,1,1,-1,0,2,0,0,-1,1,-1,1,-1,1,-1,0,-1,1,-1,1,0,0,-1,1,1,-1,-1,1,-1,1,-1,1,0,0,0,0,0,0,0,0,-1,1,-1,1,-1,1,-1,1,-1,1,-1,1,-1,1,0,0,-1,1,1,-1,-1,1,-1,1,-1,1,-1,1,1,-1,-1,1,0,0,0,0,0,0,-1,1,1,-1,-1,1,1,-1,-1,1,1,-1,1,-1,-1,1,-1,1,-1,1,1,-1,0,2,0,0,1,-1,1,-1,-1,1,-1,1,-1,1,-1,1,0,0,1,-1,0,0,-1,1,-1,1,1,-1,-1,1,-1,1,0,0,-1,1,-1,1,0,0,1,-1,-1,1,1,-1,0,0,1,-1,-1,1,-1,1,-1,1,1,-1,1,-1,1,-1,-1,1,-1,1,0,0,-1,1,1,-1
AMZN,2022-10-27 16:09:35,AMC,0.0396694214876033,0.3570483998942079,0.010912265386294194,ES,stopped_pre,-155.0,-189.34999999999036,-241.84999999999036,0,2,-1,1,-1,1,-1,0,-1,1,-1,1,-1,1,-1,1,-1,1,-1,1,-1,1,0,0,0,0,-1,1,0,0,-1,1,-1,1,-1,1,0,-1,0,0,-1,1,-1,1,-1,1,-1,1,0,0,0,1,0,1,0,0,-1,1,-1,1,1,-1,1,-1,0,0,-1,1,-1,1,-1,1,-1,1,1,-1,1,-1,-1,1,0,0,-1,1,-1,1,-1,1,-1,1,-1,1,-1,1,-1,1,0,0,-1,1,-1,1,-1,1,-1,1,-1,1,-1,1,-1,1,-1,1,-1,1,-1,1,-1,1,-1,1,0,0,0,0,0,0,-1,1,0,0,0,0,-1,1,0,0,-1,1,-1,1,-1,1,0,0,-1,1,-1,1,-1,1,-1,1,-1,1,-1,1,-1,1,-1,1,0,2,0,0,-1,1,-1,1,-1,1,-1,0,-1,1,-1,1,0,2,-1,1,-1,1,-1,1,-1,1,1,-1,0,0,0,2,0,0,0,0,1,-1,-1,1,-1,1,-1,1,-1,1,-1,1,-1,1,0,0,-1,1,-1,1,-1,1,-1,1,-1,1,-1,1,1,-1,-1,1,0,0,0,0,0,0,-1,1,1,-1,-1,1,1,-1,-1,1,-1,1,-1,1,-1,1,-1,1,-1,1,1,-1,0,2,0,0,1,-1,1,-1,-1,1,-1,1,-1,1,-1,1,0,0,1,-1,0,0,-1,1,-1,1,1,-1,-1,1,-1,1,0,0,1,-1,-1,1,0,0,-1,1,-1,1,1,-1,0,0,1,-1,-1,1,-1,1,-1,1,1,-1,1,-1,1,-1,-1,1,-1,1,0,0,-1,1,1,-1
AAPL,2022-10-27 16:30:22,AMC,0.33134526176275675,0.48376408217362493,0.07199450954678452,ES,tp,-14.0,753.8000000000011,701.3000000000011,0,0,1,-1,-1,1,-1,0,-1,1,-1,1,-1,1,-1,1,-1,1,-1,1,1,-1,0,0,0,0,-1,1,0,0,-1,1,-1,1,-1,1,0,0,0,0,0,0,-1,1,-1,1,-1,1,0,2,0,1,0,1,0,0,0,0,-1,1,1,-1,1,-1,0,0,-1,1,-1,1,-1,1,0,0,-1,1,1,-1,-1,1,0,2,-1,1,-1,1,1,-1,-1,1,-1,1,-1,1,0,0,0,0,-1,1,-1,1,-1,1,-1,1,-1,1,-1,1,-1,1,1,-1,-1,1,-1,1,-1,1,-1,1,0,0,0,0,0,0,-1,1,0,0,0,2,0,0,0,0,-1,1,-1,1,-1,1,0,0,-1,1,-1,1,-1,1,1,-1,-1,1,1,-1,1,-1,1,-1,0,0,0,0,-1,1,0,0,-1,1,-1,0,1,-1,-1,1,0,0,-1,1,-1,1,-1,1,-1,1,-1,1,0,0,0,0,0,0,0,0,-1,1,-1,1,-1,1,-1,1,-1,1,-1,1,1,-1,0,0,-1,1,-1,1,-1,1,-1,1,-1,1,-1,1,1,-1,-1,1,0,0,0,0,0,0,1,-1,1,-1,1,-1,1,-1,-1,1,-1,1,1,-1,-1,1,-1,1,-1,1,1,-1,0,0,0,2,-1,1,1,-1,1,-1,-1,1,-1,1,-1,1,0,0,1,-1,0,0,0,0,-1,1,1,-1,-1,1,-1,1,0,0,-1,1,-1,1,0,0,1,-1,-1,1,-1,1,0,2,1,-1,-1,1,-1,1,-1,1,-1,1,1,-1,1,-1,-1,1,-1,1,0,0,0,0,-1,1
AMD,2022-11-01 16:17:39,AMC,0.0064804614088523095,0.0712896953985742,0.020760795299331822,ES,timed,900.0,125.0,72.5,0,2,-1,1,-1,1,-1,0,-1,1,-1,1,-1,1,-1,1,-1,1,-1,1,-1,1,0,0,0,0,-1,1,0,0,-1,1,-1,1,-1,1,0,0,-1,1,1,-1,-1,1,-1,1,-1,1,0,2,0,1,0,1,0,0,-1,1,-1,1,1,-1,1,-1,0,0,-1,1,-1,1,-1,1,-1,1,-1,1,1,-1,-1,1,0,0,-1,1,-1,1,-1,1,-1,1,-1,1,-1,1,-1,1,-1,1,-1,1,-1,1,-1,1,-1,1,-1,1,-1,1,-1,1,-1,1,-1,1,-1,1,-1,1,-1,1,0,0,0,0,0,0,-1,1,0,0,0,0,-1,1,0,0,-1,1,-1,1,-1,1,-1,1,-1,1,-1,1,-1,1,1,-1,-1,1,1,-1,-1,1,1,-1,0,2,0,0,-1,1,-1,1,-1,1,-1,0,-1,1,-1,1,0,0,-1,1,-1,1,-1,1,-1,1,-1,1,1,-1,0,0,0,0,0,0,-1,1,-1,1,-1,1,-1,1,-1,1,-1,1,-1,1,0,0,-1,1,1,-1,-1,1,-1,1,-1,1,-1,1,1,-1,-1,1,0,0,0,0,0,0,-1,1,1,-1,1,-1,1,-1,-1,1,1,-1,1,-1,-1,1,-1,1,-1,1,1,-1,0,2,0,0,1,-1,1,-1,1,-1,-1,1,-1,1,-1,1,0,0,1,-1,0,0,-1,1,-1,1,1,-1,-1,1,-1,1,0,0,-1,1,-1,1,0,0,-1,1,-1,1,-1,1,0,2,1,-1,-1,1,-1,1,-1,1,1,-1,1,-1,1,-1,-1,1,-1,1,0,0,-1,1,-1,1
NVDA,2022-11-16 16:21:18,AMC,0.03767187794311547,0.15697601406505085,0.021345856235658253,ES,stopped_pre,-63.0,-198.83749999999054,-251.33749999999054,0,0,1,-1,1,-1,1,0,1,-1,-1,1,-1,1,1,-1,0,0,1,-1,-1,1,0,0,0,0,1,-1,1,-1,1,-1,1,-1,1,-1,0,0,1,-1,0,0,1,-1,1,-1,1,-1,0,2,0,-1,0,-1,0,0,0,0,1,-1,1,-1,-1,1,0,0,1,-1,-1,1,1,-1,1,-1,1,-1,-1,1,1,-1,0,0,1,-1,1,-1,1,-1,1,-1,1,-1,1,-1,0,0,0,0,1,-1,1,-1,1,-1,1,-1,1,-1,1,-1,1,-1,-1,1,1,-1,1,-1,1,-1,1,-1,0,0,0,0,1,-1,1,-1,0,0,0,2,0,0,0,0,1,-1,1,-1,1,-1,1,-1,-1,1,1,-1,1,-1,-1,1,1,-1,-1,1,1,-1,-1,1,0,0,0,0,1,-1,0,0,1,-1,1,0,1,-1,1,-1,0,0,1,-1,1,-1,1,-1,1,-1,1,-1,0,0,0,0,0,0,0,0,1,-1,0,0,-1,1,0,0,-1,1,-1,1,1,-1,0,0,1,-1,1,-1,1,-1,1,-1,1,-1,1,-1,-1,1,1,-1,0,0,0,0,0,0,1,-1,1,-1,-1,1,-1,1,1,-1,1,-1,-1,1,1,-1,1,-1,0,0,-1,1,0,0,0,0,1,-1,1,-1,1,-1,1,-1,1,-1,1,-1,0,0,-1,1,0,0,0,0,1,-1,-1,1,1,-1,1,-1,0,0,1,-1,1,-1,0,2,1,-1,1,-1,-1,1,0,0,1,-1,1,-1,-1,1,1,-1,1,-1,-1,1,1,-1,1,-1,1,-1,0,0,1,-1,1,-1
AVGO,2022-12-08 16:21:25,AMC,0.0,0.02520478890989288,0.018148820326678763,ES,timed,894.0,87.5,35.0,0,0,-1,1,-1,1,0,2,1,-1,1,-1,1,-1,1,-1,0,0,1,-1,1,-1,0,0,0,2,1,-1,0,0,-1,1,1,-1,1,-1,0,0,0,0,0,0,0,0,-1,1,-1,1,0,2,0,-1,0,-1,0,2,0,0,-1,1,-1,1,1,-1,0,0,1,-1,1,-1,-1,1,0,0,1,-1,-1,1,-1,1,0,2,-1,1,-1,1,-1,1,1,-1,1,-1,0,0,1,-1,0,0,1,-1,1,-1,0,0,-1,1,-1,1,1,-1,1,-1,-1,1,1,-1,0,0,-1,1,0,0,0,0,0,2,0,0,1,-1,0,0,0,2,0,0,0,0,1,-1,1,-1,1,-1,1,-1,1,-1,1,-1,1,-1,-1,1,1,-1,-1,1,-1,1,-1,1,0,0,0,2,-1,1,0,0,1,-1,1,0,-1,1,1,-1,0,0,1,-1,-1,1,0,0,1,-1,-1,1,1,-1,0,0,0,2,0,0,-1,1,1,-1,1,-1,1,-1,1,-1,1,-1,-1,1,0,0,-1,1,0,0,-1,1,-1,1,1,-1,1,-1,1,-1,1,-1,0,0,0,0,0,0,-1,1,1,-1,1,-1,-1,1,-1,1,1,-1,1,-1,1,-1,-1,1,1,-1,1,-1,0,0,0,2,-1,1,0,0,1,-1,-1,1,1,-1,-1,1,0,0,1,-1,0,0,0,0,1,-1,-1,1,1,-1,-1,1,0,2,1,-1,-1,1,0,2,-1,1,1,-1,-1,1,0,2,1,-1,-1,1,1,-1,1,-1,1,-1,1,-1,0,0,1,-1,1,-1,0,0,-1,1,1,-1
MU,2022-12-21 16:00:43,AMC,0.012799180852425445,0.12799180852425446,0.02461841457410143,ES,timed,899.0,387.5,335.0,0,0,-1,1,-1,1,0,2,0,0,1,-1,1,-1,-1,1,0,0,-1,1,1,-1,0,0,0,2,-1,1,0,0,-1,1,1,-1,1,-1,0,0,-1,1,0,0,0,0,-1,1,-1,1,0,0,0,-1,0,0,0,0,0,0,-1,1,-1,1,-1,1,0,0,-1,1,1,-1,-1,1,0,0,-1,1,-1,1,-1,1,0,2,-1,1,1,-1,-1,1,1,-1,-1,1,0,0,1,-1,1,-1,-1,1,0,0,0,0,-1,1,1,-1,1,-1,-1,1,-1,1,1,-1,0,0,-1,1,-1,1,0,0,0,0,-1,1,-1,1,0,0,0,0,0,0,0,2,1,-1,-1,1,0,0,0,0,1,-1,1,-1,-1,1,-1,1,1,-1,-1,1,-1,1,-1,1,0,0,0,0,-1,1,0,0,-1,1,1,0,-1,1,-1,1,0,0,1,-1,-1,1,-1,1,1,-1,-1,1,0,0,0,0,0,0,0,0,1,-1,1,-1,1,-1,1,-1,1,-1,1,-1,-1,1,0,0,-1,1,0,0,-1,1,-1,1,-1,1,-1,1,1,-1,1,-1,0,0,0,0,0,0,-1,1,1,-1,-1,1,-1,1,-1,1,1,-1,1,-1,-1,1,-1,1,-1,1,-1,1,0,0,0,0,1,-1,1,-1,1,-1,1,-1,-1,1,1,-1,0,0,1,-1,0,0,0,0,-1,1,1,-1,-1,1,-1,1,0,0,-1,1,-1,1,0,0,-1,1,-1,1,1,-1,0,0,-1,1,-1,1,1,-1,0,0,-1,1,-1,1,1,-1,0,0,-1,1,0,0,0,0,1,-1
NFLX,2023-01-19 16:51:04,AMC,0.0063763310591085885,0.08926863482752025,0.011983223487118035,ES,timed,535.0,-37.5,-90.0,0,0,-1,1,1,-1,0,2,1,-1,-1,1,1,-1,1,-1,0,0,1,-1,-1,1,0,2,0,0,1,-1,0,0,-1,1,-1,1,-1,1,0,0,0,0,1,-1,0,0,-1,1,-1,1,0,0,0,-1,0,0,0,0,0,0,1,-1,1,-1,1,-1,0,0,1,-1,-1,1,1,-1,0,0,-1,1,-1,1,-1,1,0,0,1,-1,-1,1,1,-1,0,0,1,-1,0,0,-1,1,1,-1,1,-1,0,0,0,0,1,-1,-1,1,-1,1,-1,1,-1,1,1,-1,0,0,-1,1,0,0,0,2,0,2,0,0,0,0,0,0,0,2,0,0,0,2,1,-1,0,0,1,-1,-1,1,-1,1,1,-1,1,-1,-1,1,1,-1,1,-1,1,-1,1,-1,0,0,0,0,1,-1,0,0,1,-1,1,0,1,-1,1,-1,0,0,1,-1,1,-1,0,0,1,-1,-1,1,0,0,0,0,0,2,0,0,-1,1,0,0,-1,1,-1,1,-1,1,-1,1,1,-1,0,0,-1,1,0,0,-1,1,1,-1,-1,1,-1,1,1,-1,-1,1,0,2,0,0,0,0,1,-1,1,-1,-1,1,1,-1,-1,1,-1,1,-1,1,1,-1,1,-1,0,0,1,-1,0,0,0,2,-1,1,-1,1,1,-1,-1,1,1,-1,-1,1,0,0,1,-1,0,0,0,0,1,-1,1,-1,1,-1,1,-1,0,0,1,-1,1,-1,0,2,-1,1,-1,1,-1,1,0,0,1,-1,1,-1,1,-1,1,-1,-1,1,1,-1,-1,1,0,0,1,-1,0,2,0,0,1,-1
MSFT,2023-01-24 16:28:00,AMC,0.012373940481346286,0.03712411830219032,0.023405500292568753,ES,timed,895.0,37.5,-15.0,0,0,-1,1,-1,1,0,2,1,-1,-1,1,1,-1,1,-1,0,0,1,-1,-1,1,0,0,0,2,1,-1,0,0,1,-1,-1,1,-1,1,0,0,0,0,-1,1,0,0,1,-1,1,-1,0,2,0,-1,0,-1,0,0,0,0,-1,1,-1,1,1,-1,0,0,-1,1,1,-1,-1,1,0,0,1,-1,-1,1,-1,1,0,2,1,-1,-1,1,-1,1,-1,1,1,-1,0,0,-1,1,0,0,1,-1,1,-1,1,-1,-1,1,-1,1,1,-1,1,-1,1,-1,1,-1,0,0,-1,1,-1,1,0,0,0,0,0,0,1,-1,0,0,0,2,0,0,0,0,1,-1,1,-1,1,-1,1,-1,-1,1,1,-1,1,-1,1,-1,1,-1,-1,1,-1,1,1,-1,0,0,0,0,-1,1,0,0,-1,1,-1,0,-1,1,1,-1,0,0,1,-1,-1,1,0,0,-1,1,1,-1,1,-1,0,0,0,2,0,0,-1,1,0,0,1,-1,0,0,1,-1,1,-1,-1,1,0,0,1,-1,-1,1,1,-1,-1,1,-1,1,1,-1,1,-1,1,-1,0,0,0,0,0,0,-1,1,1,-1,-1,1,-1,1,-1,1,1,-1,1,-1,0,0,-1,1,1,-1,-1,1,0,0,0,2,-1,1,-1,1,-1,1,-1,1,1,-1,-1,1,0,0,1,-1,0,0,-1,1,0,0,-1,1,-1,1,-1,1,0,0,1,-1,-1,1,0,0,-1,1,1,-1,-1,1,0,2,-1,1,-1,1,1,-1,0,0,1,-1,1,-1,-1,1,0,0,-1,1,0,0,-1,1,-1,1
TSLA,2023-01-25 16:41:18,AMC,0.012408487405385284,0.03102121851346321,0.017779358165170237,ES,timed,896.0,75.0,22.5,0,0,-1,1,1,-1,0,2,1,-1,-1,1,1,-1,1,-1,0,0,-1,1,-1,1,0,2,0,0,-1,1,0,0,-1,1,-1,1,-1,1,0,0,0,0,0,0,0,0,-1,1,1,-1,0,2,0,-1,0,0,0,0,-1,1,1,-1,1,-1,1,-1,0,0,1,-1,1,-1,-1,1,-1,1,1,-1,-1,1,-1,1,0,0,1,-1,-1,1,1,-1,1,-1,-1,1,0,0,-1,1,0,0,-1,1,0,0,1,-1,1,-1,-1,1,-1,1,1,-1,-1,1,1,-1,0,0,-1,1,0,0,0,0,0,2,0,0,1,-1,0,0,0,2,0,0,0,2,-1,1,-1,1,-1,1,0,0,-1,1,-1,1,-1,1,-1,1,-1,1,-1,1,1,-1,-1,1,0,0,0,0,1,-1,-1,1,1,-1,1,0,1,-1,1,-1,0,0,-1,1,1,-1,-1,1,-1,1,1,-1,-1,1,0,0,0,2,0,0,-1,1,1,-1,1,-1,0,0,1,-1,1,-1,1,-1,0,0,-1,1,-1,1,1,-1,1,-1,-1,1,0,0,1,-1,-1,1,0,2,0,0,0,0,-1,1,-1,1,-1,1,1,-1,1,-1,-1,1,1,-1,-1,1,1,-1,1,-1,1,-1,0,0,0,2,1,-1,1,-1,1,-1,-1,1,1,-1,-1,1,0,0,1,-1,0,0,0,0,-1,1,-1,1,1,-1,1,-1,0,2,1,-1,-1,1,0,2,-1,1,-1,1,-1,1,0,2,1,-1,1,-1,1,-1,0,0,-1,1,1,-1,1,-1,-1,1,1,-1,0,2,0,0,1,-1
INTC,2023-01-26 16:06:30,AMC,0.006139112284363681,0.04297378599054577,0.022438245586516196,ES,stopped_post,675.0,-203.712500000006,-256.212500000006,0,0,1,-1,-1,1,0,2,1,-1,1,-1,1,-1,1,-1,0,0,1,-1,-1,1,0,0,0,2,1,-1,0,0,1,-1,1,-1,1,-1,0,0,0,0,0,0,1,-1,1,-1,-1,1,0,0,0,-1,0,-1,0,0,0,0,1,-1,1,-1,1,-1,0,0,1,-1,1,-1,1,-1,1,-1,1,-1,-1,1,1,-1,0,0,1,-1,1,-1,1,-1,1,-1,1,-1,0,0,0,0,0,0,1,-1,1,-1,1,-1,1,-1,1,-1,1,-1,1,-1,1,-1,1,-1,1,-1,1,-1,1,-1,0,0,0,0,1,-1,1,-1,0,0,0,0,1,-1,0,2,1,-1,1,-1,1,-1,0,0,1,-1,1,-1,1,-1,1,-1,1,-1,-1,1,1,-1,-1,1,0,0,0,0,1,-1,1,-1,1,-1,1,0,1,-1,1,-1,0,0,1,-1,1,-1,1,-1,1,-1,1,-1,0,0,0,0,0,0,0,0,1,-1,1,-1,1,-1,1,-1,1,-1,1,-1,1,-1,0,0,1,-1,1,-1,1,-1,1,-1,1,-1,1,-1,-1,1,1,-1,0,0,0,0,0,0,1,-1,1,-1,-1,1,-1,1,1,-1,1,-1,-1,1,1,-1,1,-1,1,-1,-1,1,0,0,0,0,1,-1,1,-1,1,-1,1,-1,1,-1,1,-1,0,0,-1,1,0,0,1,-1,1,-1,-1,1,1,-1,1,-1,0,0,1,-1,1,-1,0,2,1,-1,1,-1,1,-1,0,0,-1,1,1,-1,1,-1,1,-1,-1,1,1,-1,1,-1,1,-1,1,-1,0,0,1,-1,1,-1
AMD,2023-01-31 16:55:24,AMC,0.012245147860160411,0.00612294881214793,0.019619383951343928,ES,timed,275.0,100.0,47.5,0,0,-1,1,1,-1,0,2,-1,1,-1,1,1,-1,-1,1,-1,1,-1,1,-1,1,0,2,0,0,-1,1,0,0,-1,1,-1,1,-1,1,0,-1,0,0,0,0,-1,1,-1,1,1,-1,0,2,0,1,0,0,0,0,-1,1,1,-1,-1,1,-1,1,0,0,-1,1,1,-1,-1,1,-1,1,1,-1,1,-1,-1,1,0,2,-1,1,-1,1,-1,1,-1,1,-1,1,-1,1,-1,1,0,0,-1,1,0,0,-1,1,-1,1,-1,1,-1,1,1,-1,-1,1,-1,1,-1,1,-1,1,-1,1,0,2,0,2,-1,1,0,0,0,0,0,2,-1,1,0,0,-1,1,0,0,-1,1,0,0,-1,1,-1,1,-1,1,-1,1,-1,1,-1,1,-1,1,1,-1,0,0,0,0,-1,1,-1,1,-1,1,-1,0,-1,1,-1,1,0,0,-1,1,-1,1,-1,1,-1,1,-1,1,-1,1,0,0,0,2,0,0,-1,1,1,-1,1,-1,1,-1,1,-1,1,-1,-1,1,0,0,-1,1,1,-1,1,-1,-1,1,-1,1,0,0,1,-1,-1,1,0,2,0,0,0,0,-1,1,-1,1,-1,1,1,-1,1,-1,-1,1,1,-1,-1,1,-1,1,0,0,1,-1,0,0,0,2,1,-1,1,-1,-1,1,-1,1,1,-1,-1,1,0,0,1,-1,0,0,-1,1,-1,1,-1,1,-1,1,-1,1,0,0,-1,1,1,-1,0,0,1,-1,-1,1,-1,1,0,0,1,-1,-1,1,1,-1,-1,1,-1,1,1,-1,1,-1,-1,1,-1,1,0,2,-1,1,1,-1
META,2023-02-01 16:22:15,AMC,0.012064909211558183,0.0542953667953668,0.022846739148159934,ES,stopped_post,264.0,-212.5,-265.0,0,0,1,-1,1,-1,0,2,1,-1,1,-1,1,-1,1,-1,0,0,1,-1,1,-1,0,2,0,2,1,-1,0,0,-1,1,1,-1,1,-1,0,0,0,0,1,-1,0,0,-1,1,1,-1,0,2,0,-1,0,-1,0,0,1,-1,1,-1,-1,1,1,-1,0,0,1,-1,1,-1,1,-1,0,0,1,-1,-1,1,1,-1,0,0,1,-1,1,-1,1,-1,1,-1,1,-1,0,0,0,0,1,-1,1,-1,1,-1,-1,1,1,-1,1,-1,1,-1,1,-1,-1,1,1,-1,0,0,1,-1,0,0,0,2,0,2,0,0,1,-1,0,0,0,2,0,0,0,0,1,-1,0,0,1,-1,0,0,1,-1,1,-1,1,-1,1,-1,1,-1,1,-1,1,-1,-1,1,0,0,0,0,1,-1,0,0,1,-1,1,0,1,-1,1,-1,0,0,1,-1,1,-1,1,-1,1,-1,1,-1,1,-1,0,0,0,2,0,0,1,-1,1,-1,1,-1,1,-1,1,-1,1,-1,1,-1,0,0,1,-1,1,-1,1,-1,1,-1,1,-1,1,-1,1,-1,1,-1,0,2,0,0,0,0,1,-1,1,-1,1,-1,-1,1,1,-1,1,-1,-1,1,0,0,1,-1,1,-1,-1,1,0,0,0,2,-1,1,-1,1,1,-1,1,-1,1,-1,1,-1,0,0,1,-1,0,0,1,-1,0,0,1,-1,1,-1,1,-1,0,0,1,-1,1,-1,0,2,1,-1,1,-1,-1,1,0,2,-1,1,1,-1,1,-1,0,0,1,-1,1,-1,-1,1,1,-1,1,-1,0,2,1,-1,1,-1
GOOGL,2023-02-02 16:01:29,AMC,0.05368326871458396,0.4592627937492545,0.02378094958896747,ES,tp,99.0,837.6499999999851,785.1499999999851,0,0,1,-1,1,-1,0,2,1,-1,1,-1,1,-1,1,-1,0,0,1,-1,1,-1,0,0,0,0,1,-1,0,0,1,-1,1,-1,1,-1,0,0,1,-1,0,0,1,-1,1,-1,1,-1,0,0,0,-1,0,-1,0,0,1,-1,1,-1,1,-1,1,-1,0,0,1,-1,1,-1,1,-1,1,-1,1,-1,-1,1,1,-1,0,2,1,-1,1,-1,1,-1,1,-1,1,-1,1,-1,1,-1,1,-1,1,-1,1,-1,1,-1,1,-1,1,-1,1,-1,1,-1,1,-1,1,-1,0,0,1,-1,0,0,0,0,0,0,1,-1,1,-1,0,0,0,0,1,-1,0,0,1,-1,1,-1,1,-1,0,0,1,-1,1,-1,1,-1,-1,1,1,-1,1,-1,1,-1,-1,1,0,0,0,0,1,-1,0,0,1,-1,1,0,1,-1,1,-1,0,0,1,-1,1,-1,1,-1,1,-1,1,-1,-1,1,0,0,0,0,0,0,1,-1,1,-1,1,-1,1,-1,1,-1,1,-1,1,-1,0,0,1,-1,1,-1,-1,1,1,-1,1,-1,1,-1,-1,1,1,-1,0,0,0,0,0,0,1,-1,1,-1,1,-1,-1,1,1,-1,1,-1,-1,1,1,-1,1,-1,0,0,-1,1,0,0,0,0,-1,1,-1,1,1,-1,1,-1,1,-1,1,-1,0,0,-1,1,0,0,1,-1,1,-1,-1,1,1,-1,1,-1,0,0,1,-1,1,-1,0,2,-1,1,1,-1,1,-1,0,0,-1,1,1,-1,1,-1,1,-1,-1,1,1,-1,-1,1,1,-1,1,-1,0,0,1,-1,1,-1
AMZN,2023-02-02 16:08:48,AMC,0.06579734417992583,0.18543997128671413,0.011231138468152872,ES,stopped_pre,-283.0,-209.60000000000036,-262.10000000000036,0,2,1,-1,1,-1,0,2,1,-1,1,-1,1,-1,1,-1,1,-1,1,-1,1,-1,0,0,0,0,1,-1,0,0,1,-1,1,-1,1,-1,0,1,-1,1,0,0,1,-1,1,-1,1,-1,0,0,0,-1,0,-1,0,0,1,-1,1,-1,-1,1,-1,1,0,0,1,-1,1,-1,1,-1,1,-1,1,-1,-1,1,1,-1,0,2,1,-1,1,-1,1,-1,1,-1,1,-1,1,-1,1,-1,1,-1,1,-1,1,-1,1,-1,1,-1,1,-1,1,-1,1,-1,-1,1,1,-1,1,-1,1,-1,0,0,0,0,0,0,1,-1,1,-1,0,0,0,0,1,-1,0,0,1,-1,1,-1,1,-1,1,-1,1,-1,1,-1,1,-1,-1,1,1,-1,-1,1,1,-1,-1,1,0,2,0,0,1,-1,1,-1,1,-1,1,0,1,-1,1,-1,0,0,1,-1,1,-1,1,-1,1,-1,1,-1,1,-1,0,0,0,0,0,0,1,-1,1,-1,1,-1,1,-1,1,-1,1,-1,1,-1,0,0,1,-1,1,-1,-1,1,1,-1,1,-1,1,-1,-1,1,1,-1,0,0,0,0,0,0,1,-1,1,-1,-1,1,-1,1,-1,1,1,-1,-1,1,1,-1,1,-1,0,0,-1,1,0,2,0,0,-1,1,-1,1,1,-1,1,-1,1,-1,1,-1,0,0,-1,1,0,0,1,-1,1,-1,-1,1,1,-1,1,-1,0,0,1,-1,1,-1,0,2,-1,1,1,-1,1,-1,0,0,-1,1,1,-1,1,-1,1,-1,1,-1,1,-1,-1,1,1,-1,1,-1,0,0,1,-1,-1,1
AAPL,2023-02-02 16:30:33,AMC,0.4549808429118774,0.28735632183908044,0.07387508394895903,ES,stopped_pre,-33.0,-208.7750000000142,-261.2750000000142,0,0,1,-1,-1,1,0,2,-1,1,1,-1,-1,1,-1,1,-1,1,-1,1,1,-1,0,0,0,0,-1,1,0,0,1,-1,1,-1,1,-1,0,0,1,-1,0,0,0,0,-1,1,-1,1,0,2,0,-1,0,1,0,0,1,-1,-1,1,1,-1,1,-1,0,0,-1,1,1,-1,-1,1,0,0,-1,1,-1,1,1,-1,0,2,1,-1,1,-1,-1,1,-1,1,-1,1,0,0,1,-1,1,-1,-1,1,0,0,-1,1,1,-1,1,-1,-1,1,-1,1,1,-1,-1,1,1,-1,1,-1,1,-1,0,0,0,0,-1,1,-1,1,0,0,0,0,0,0,0,0,-1,1,-1,1,-1,1,1,-1,1,-1,1,-1,1,-1,1,-1,1,-1,1,-1,-1,1,-1,1,0,0,0,0,-1,1,0,0,-1,1,1,0,1,-1,-1,1,0,0,1,-1,-1,1,1,-1,1,-1,-1,1,1,-1,0,0,0,0,0,0,1,-1,0,0,1,-1,1,-1,1,-1,1,-1,1,-1,0,0,1,-1,0,0,-1,1,-1,1,1,-1,-1,1,1,-1,1,-1,0,2,0,0,0,0,-1,1,-1,1,-1,1,1,-1,1,-1,-1,1,1,-1,0,0,-1,1,-1,1,-1,1,0,0,0,0,-1,1,1,-1,-1,1,1,-1,-1,1,1,-1,0,0,1,-1,0,0,0,0,0,0,1,-1,-1,1,-1,1,0,0,-1,1,-1,1,0,2,-1,1,-1,1,-1,1,0,0,-1,1,-1,1,-1,1,-1,1,-1,1,-1,1,1,-1,0,0,-1,1,0,2,0,0,1,-1
NVDA,2023-02-22 16:52:26,AMC,0.018718412678604857,0.0,0.027749430850069565,ES,timed,453.0,375.0,322.5,0,0,1,-1,1,-1,1,0,1,-1,1,-1,-1,1,1,-1,0,0,1,-1,1,-1,0,2,0,2,1,-1,0,0,1,-1,1,-1,1,-1,0,0,1,-1,1,-1,1,-1,1,-1,1,-1,0,2,0,-1,0,0,0,0,1,-1,1,-1,1,-1,-1,1,0,0,1,-1,-1,1,-1,1,1,-1,1,-1,-1,1,1,-1,0,0,1,-1,1,-1,-1,1,1,-1,1,-1,1,-1,1,-1,1,-1,1,-1,1,-1,-1,1,1,-1,1,-1,1,-1,1,-1,1,-1,1,-1,1,-1,1,-1,0,0,0,2,0,2,0,0,1,-1,0,0,0,2,1,-1,0,0,1,-1,1,-1,1,-1,1,-1,1,-1,1,-1,1,-1,-1,1,1,-1,-1,1,1,-1,-1,1,0,0,0,0,1,-1,1,-1,1,-1,1,0,1,-1,1,-1,0,0,1,-1,1,-1,1,-1,1,-1,1,-1,-1,1,0,0,0,2,0,0,1,-1,0,0,-1,1,-1,1,-1,1,-1,1,1,-1,0,0,1,-1,1,-1,-1,1,1,-1,1,-1,1,-1,-1,1,1,-1,0,2,0,0,0,0,1,-1,1,-1,1,-1,1,-1,1,-1,1,-1,1,-1,1,-1,1,-1,0,0,-1,1,0,0,0,2,-1,1,-1,1,1,-1,1,-1,1,-1,1,-1,0,0,-1,1,0,0,0,0,1,-1,-1,1,-1,1,1,-1,0,0,1,-1,1,-1,0,2,1,-1,1,-1,-1,1,0,0,-1,1,1,-1,-1,1,1,-1,1,-1,1,-1,-1,1,1,-1,1,-1,0,2,0,0,1,-1
AVGO,2023-03-02 16:16:43,AMC,0.018821757952192736,0.037645877776383486,0.015016886987679766,ES,timed,895.0,-25.0,-77.5,0,0,-1,1,1,-1,0,2,0,0,-1,1,1,-1,-1,1,0,0,-1,1,-1,1,0,0,0,2,-1,1,0,0,-1,1,-1,1,-1,1,0,0,0,0,0,0,0,0,-1,1,1,-1,0,2,0,-1,0,0,0,0,-1,1,1,-1,-1,1,-1,1,0,0,1,-1,1,-1,-1,1,-1,1,1,-1,-1,1,-1,1,0,0,-1,1,-1,1,-1,1,-1,1,-1,1,-1,1,-1,1,-1,1,-1,1,0,0,1,-1,-1,1,-1,1,-1,1,1,-1,-1,1,1,-1,-1,1,-1,1,0,0,0,0,0,0,0,0,0,0,0,0,0,0,0,0,0,0,-1,1,0,0,0,0,0,0,-1,1,-1,1,-1,1,-1,1,-1,1,-1,1,1,-1,-1,1,0,0,0,0,1,-1,-1,1,-1,1,-1,0,-1,1,-1,1,0,0,-1,1,-1,1,-1,1,-1,1,1,-1,1,-1,0,0,0,0,0,0,-1,1,1,-1,1,-1,1,-1,1,-1,1,-1,-1,1,0,0,-1,1,-1,1,1,-1,1,-1,1,-1,0,0,-1,1,-1,1,0,0,0,0,0,0,-1,1,-1,1,1,-1,-1,1,-1,1,-1,1,1,-1,-1,1,1,-1,0,0,1,-1,0,0,0,2,1,-1,-1,1,1,-1,-1,1,-1,1,-1,1,0,0,1,-1,0,0,-1,1,-1,1,-1,1,-1,1,-1,1,0,0,1,-1,1,-1,0,2,-1,1,-1,1,-1,1,0,2,1,-1,0,0,1,-1,-1,1,1,-1,-1,1,-1,1,-1,1,1,-1,0,0,-1,1,-1,1
MU,2023-03-28 16:01:45,AMC,0.07493911197152314,0.03747189607794155,0.022988404211442,ES,timed,899.0,287.5,235.0,0,0,1,-1,1,-1,0,2,1,-1,-1,1,1,-1,1,-1,1,-1,1,-1,-1,1,0,0,0,2,1,-1,0,0,1,-1,1,-1,-1,1,0,0,1,-1,-1,1,0,0,1,-1,1,-1,0,0,0,-1,0,-1,0,0,0,0,1,-1,1,-1,1,-1,0,0,1,-1,-1,1,1,-1,0,0,1,-1,1,-1,1,-1,0,2,1,-1,1,-1,1,-1,1,-1,1,-1,1,-1,0,0,0,0,1,-1,1,-1,0,0,1,-1,1,-1,1,-1,1,-1,-1,1,1,-1,0,0,1,-1,1,-1,0,0,0,0,1,-1,1,-1,0,0,0,0,0,0,0,2,1,-1,1,-1,1,-1,1,-1,-1,1,1,-1,1,-1,1,-1,1,-1,-1,1,1,-1,-1,1,0,0,0,0,1,-1,0,0,1,-1,1,0,1,-1,1,-1,0,0,1,-1,1,-1,1,-1,1,-1,1,-1,-1,1,0,0,0,0,0,0,1,-1,-1,1,-1,1,-1,1,-1,1,-1,1,1,-1,0,0,1,-1,1,-1,-1,1,1,-1,1,-1,1,-1,-1,1,1,-1,0,0,0,0,0,0,1,-1,1,-1,-1,1,1,-1,-1,1,1,-1,-1,1,1,-1,1,-1,1,-1,-1,1,0,0,0,0,-1,1,1,-1,1,-1,1,-1,1,-1,1,-1,0,0,-1,1,0,0,0,0,1,-1,-1,1,1,-1,1,-1,0,0,-1,1,-1,1,0,2,1,-1,1,-1,1,-1,0,0,1,-1,1,-1,1,-1,1,-1,1,-1,1,-1,1,-1,1,-1,1,-1,0,0,0,0,1,-1
NFLX,2023-04-18 16:03:44,AMC,0.023934897079942556,0.005984082340973012,0.011506114886825809,ES,stopped_pre,-218.0,-209.0874999999869,-261.5874999999869,0,0,1,-1,1,-1,0,2,1,-1,1,-1,1,-1,1,-1,0,0,1,-1,-1,1,0,0,0,0,1,-1,0,0,1,-1,1,-1,1,-1,0,0,1,-1,0,0,1,-1,1,-1,1,-1,0,0,0,-1,0,-1,0,0,0,0,1,-1,1,-1,1,-1,0,0,1,-1,1,-1,1,-1,1,-1,1,-1,-1,1,1,-1,0,0,1,-1,1,-1,1,-1,1,-1,1,-1,1,-1,1,-1,0,0,1,-1,1,-1,0,0,1,-1,1,-1,1,-1,1,-1,1,-1,1,-1,1,-1,1,-1,1,-1,0,0,0,0,0,0,1,-1,0,0,0,0,1,-1,0,0,1,-1,1,-1,0,0,1,-1,1,-1,1,-1,1,-1,1,-1,1,-1,1,-1,1,-1,-1,1,0,0,0,0,1,-1,1,-1,1,-1,1,0,1,-1,1,-1,0,0,1,-1,1,-1,1,-1,1,-1,1,-1,-1,1,0,0,0,0,0,0,1,-1,0,0,1,-1,1,-1,1,-1,1,-1,1,-1,0,0,1,-1,-1,1,1,-1,1,-1,1,-1,1,-1,-1,1,1,-1,0,0,0,0,0,0,1,-1,1,-1,1,-1,1,-1,1,-1,1,-1,-1,1,1,-1,1,-1,1,-1,-1,1,0,0,0,0,-1,1,-1,1,-1,1,1,-1,1,-1,1,-1,0,0,-1,1,0,0,1,-1,1,-1,-1,1,1,-1,1,-1,0,0,1,-1,1,-1,0,2,1,-1,1,-1,1,-1,0,0,-1,1,1,-1,1,-1,1,-1,1,-1,1,-1,-1,1,1,-1,1,-1,0,0,1,-1,1,-1
GOOGL,2023-04-20 16:24:04,AMC,0.012033694344163657,0.018050541516245487,0.023946360153256702,ES,timed,896.0,-25.0,-77.5,0,0,-1,1,1,-1,1,0,1,-1,1,-1,1,-1,1,-1,0,0,1,-1,0,0,0,2,0,2,1,-1,0,0,1,-1,1,-1,1,-1,0,0,0,0,0,0,0,0,1,-1,1,-1,0,2,0,1,0,-1,0,0,0,0,1,-1,-1,1,1,-1,0,0,-1,1,-1,1,-1,1,0,0,1,-1,-1,1,-1,1,0,2,1,-1,-1,1,-1,1,1,-1,1,-1,0,0,1,-1,-1,1,1,-1,1,-1,1,-1,-1,1,-1,1,1,-1,1,-1,1,-1,1,-1,0,0,-1,1,0,0,0,0,0,2,0,0,1,-1,0,0,0,0,0,0,0,0,1,-1,1,-1,1,-1,0,0,1,-1,1,-1,1,-1,-1,1,1,-1,-1,1,-1,1,-1,1,0,0,0,0,-1,1,0,0,1,-1,-1,0,-1,1,1,-1,0,0,1,-1,-1,1,-1,1,-1,1,-1,1,0,0,0,0,0,2,0,0,-1,1,-1,1,-1,1,-1,1,-1,1,-1,1,-1,1,0,0,-1,1,1,-1,1,-1,1,-1,-1,1,1,-1,1,-1,1,-1,0,2,0,0,0,0,-1,1,1,-1,-1,1,-1,1,-1,1,-1,1,1,-1,0,0,-1,1,0,0,-1,1,0,0,0,2,-1,1,-1,1,1,-1,1,-1,1,-1,-1,1,0,0,-1,1,0,0,-1,1,0,0,-1,1,-1,1,-1,1,0,0,-1,1,1,-1,0,0,1,-1,1,-1,-1,1,0,2,-1,1,-1,1,1,-1,0,0,1,-1,1,-1,-1,1,0,0,1,-1,0,2,-1,1,-1,1
GOOGL,2023-04-25 16:01:48,AMC,0.11600219793638195,0.26253129006654863,0.02378094958896747,ES,timed,900.0,575.0,522.5,0,0,1,-1,1,-1,-1,0,-1,1,-1,1,-1,1,-1,1,-1,1,-1,1,-1,1,0,0,0,0,-1,1,0,0,-1,1,-1,1,-1,1,0,0,0,0,0,0,0,0,-1,1,1,-1,0,2,0,-1,0,1,0,2,-1,1,1,-1,-1,1,-1,1,0,0,-1,1,-1,1,-1,1,-1,1,1,-1,-1,1,1,-1,0,2,-1,1,-1,1,-1,1,-1,1,-1,1,0,0,-1,1,-1,1,-1,1,-1,1,-1,1,-1,1,1,-1,-1,1,-1,1,1,-1,-1,1,0,0,-1,1,-1,1,0,0,0,0,0,0,-1,1,0,0,0,0,-1,1,0,2,-1,1,-1,1,-1,1,0,0,-1,1,-1,1,-1,1,-1,1,-1,1,-1,1,-1,1,1,-1,0,0,0,0,-1,1,0,0,-1,1,-1,0,-1,1,-1,1,0,0,-1,1,-1,1,-1,1,-1,1,1,-1,0,0,0,0,0,0,0,0,-1,1,-1,1,-1,1,-1,1,-1,1,-1,1,-1,1,0,0,1,-1,-1,1,-1,1,-1,1,-1,1,-1,1,1,-1,-1,1,0,0,0,0,0,0,-1,1,-1,1,-1,1,-1,1,-1,1,-1,1,1,-1,-1,1,-1,1,-1,1,-1,1,0,0,0,0,-1,1,-1,1,-1,1,-1,1,-1,1,-1,1,0,0,1,-1,0,0,0,0,-1,1,1,-1,-1,1,-1,1,0,2,-1,1,1,-1,0,0,1,-1,-1,1,1,-1,0,0,-1,1,-1,1,-1,1,-1,1,-1,1,-1,1,-1,1,-1,1,-1,1,0,0,-1,1,-1,1
MSFT,2023-04-25 16:03:03,AMC,0.1036648576132691,0.13414634146341464,0.02318204914375893,ES,timed,900.0,537.5,485.0,0,0,-1,1,-1,1,-1,0,-1,1,-1,1,-1,1,-1,1,-1,1,-1,1,-1,1,0,0,0,0,-1,1,0,0,-1,1,-1,1,-1,1,0,0,0,0,1,-1,-1,1,-1,1,-1,1,0,2,0,1,0,1,0,2,-1,1,1,-1,-1,1,-1,1,0,0,-1,1,-1,1,-1,1,-1,1,-1,1,1,-1,-1,1,0,0,-1,1,-1,1,-1,1,-1,1,-1,1,-1,1,-1,1,-1,1,-1,1,-1,1,-1,1,-1,1,-1,1,-1,1,-1,1,-1,1,-1,1,0,0,-1,1,-1,1,0,0,0,0,0,0,-1,1,0,0,0,0,0,0,0,2,-1,1,-1,1,-1,1,0,0,-1,1,-1,1,-1,1,-1,1,-1,1,-1,1,-1,1,1,-1,0,0,0,0,-1,1,-1,1,-1,1,-1,0,-1,1,-1,1,0,0,-1,1,-1,1,-1,1,-1,1,-1,1,0,0,0,0,0,0,0,0,-1,1,-1,1,-1,1,-1,1,-1,1,-1,1,-1,1,0,0,1,-1,-1,1,-1,1,-1,1,-1,1,-1,1,1,-1,-1,1,0,0,0,0,0,0,-1,1,-1,1,-1,1,-1,1,-1,1,-1,1,1,-1,-1,1,-1,1,-1,1,-1,1,0,0,0,0,1,-1,-1,1,-1,1,-1,1,-1,1,-1,1,0,0,1,-1,0,0,-1,1,-1,1,1,-1,-1,1,-1,1,0,2,-1,1,1,-1,0,2,-1,1,-1,1,1,-1,0,0,-1,1,-1,1,-1,1,-1,1,-1,1,-1,1,-1,1,-1,1,-1,1,0,0,-1,1,-1,1
META,2023-04-26 16:18:04,AMC,0.03675344563552833,0.08575278696557638,0.022769966414299538,ES,timed,898.0,125.0,72.5,0,0,1,-1,-1,1,1,0,1,-1,-1,1,-1,1,1,-1,1,-1,1,-1,-1,1,0,0,0,2,1,-1,0,0,1,-1,1,-1,1,-1,0,0,0,0,0,0,1,-1,1,-1,-1,1,0,0,0,-1,0,-1,0,0,0,0,-1,1,1,-1,-1,1,0,0,1,-1,-1,1,1,-1,1,-1,-1,1,1,-1,1,-1,0,2,1,-1,1,-1,1,-1,1,-1,1,-1,1,-1,0,0,0,0,1,-1,1,-1,1,-1,1,-1,1,-1,1,-1,1,-1,1,-1,1,-1,0,0,1,-1,1,-1,0,0,0,0,1,-1,1,-1,0,0,0,0,1,-1,0,0,1,-1,1,-1,1,-1,1,-1,1,-1,1,-1,1,-1,1,-1,1,-1,1,-1,1,-1,-1,1,0,2,0,0,1,-1,1,-1,1,-1,1,0,1,-1,1,-1,0,0,1,-1,-1,1,1,-1,-1,1,-1,1,0,0,0,0,0,0,0,0,1,-1,-1,1,-1,1,-1,1,-1,1,-1,1,1,-1,0,0,1,-1,0,0,1,-1,1,-1,1,-1,0,0,-1,1,1,-1,0,0,0,0,0,0,1,-1,1,-1,-1,1,1,-1,1,-1,-1,1,-1,1,1,-1,1,-1,0,0,1,-1,0,0,0,0,1,-1,1,-1,1,-1,1,-1,1,-1,1,-1,0,0,-1,1,0,0,1,-1,1,-1,-1,1,1,-1,1,-1,0,0,-1,1,-1,1,0,2,1,-1,1,-1,-1,1,0,0,-1,1,1,-1,-1,1,1,-1,1,-1,-1,1,1,-1,1,-1,-1,1,0,0,1,-1,1,-1
INTC,2023-04-27 16:09:04,AMC,0.02403268445085316,0.06609385327164573,0.021803117845851958,ES,stopped_post,320.0,-208.0500000000029,-260.5500000000029,0,0,1,-1,1,-1,0,2,-1,1,1,-1,1,-1,1,-1,0,0,1,-1,-1,1,0,0,0,0,1,-1,0,0,1,-1,1,-1,1,-1,0,0,0,0,0,0,1,-1,1,-1,1,-1,0,0,0,-1,0,-1,0,0,0,0,1,-1,1,-1,-1,1,0,0,1,-1,1,-1,1,-1,1,-1,1,-1,1,-1,1,-1,0,0,1,-1,1,-1,1,-1,1,-1,1,-1,0,0,1,-1,0,0,1,-1,1,-1,0,0,1,-1,1,-1,1,-1,1,-1,1,-1,1,-1,1,-1,1,-1,1,-1,0,0,0,0,0,0,1,-1,0,0,0,0,1,-1,0,2,1,-1,1,-1,0,0,0,0,1,-1,1,-1,1,-1,1,-1,1,-1,1,-1,1,-1,1,-1,0,0,0,0,1,-1,1,-1,1,-1,1,0,1,-1,1,-1,0,2,1,-1,1,-1,1,-1,-1,1,1,-1,0,0,0,0,0,0,0,0,1,-1,1,-1,1,-1,1,-1,1,-1,1,-1,1,-1,0,0,1,-1,-1,1,1,-1,1,-1,1,-1,1,-1,-1,1,1,-1,0,0,0,0,0,0,1,-1,1,-1,-1,1,1,-1,1,-1,-1,1,1,-1,1,-1,1,-1,1,-1,-1,1,0,0,0,0,1,-1,1,-1,-1,1,1,-1,1,-1,1,-1,0,0,-1,1,0,0,1,-1,1,-1,-1,1,1,-1,1,-1,0,0,1,-1,1,-1,0,0,1,-1,1,-1,1,-1,0,0,-1,1,1,-1,1,-1,1,-1,1,-1,1,-1,1,-1,1,-1,1,-1,0,0,1,-1,1,-1
AMZN,2023-04-27 16:10:37,AMC,0.006009615384615385,0.07211538461538462,0.011550011550011549,ES,stopped_post,227.0,-208.06250000000546,-260.56250000000546,0,0,1,-1,1,-1,0,2,0,0,1,-1,1,-1,1,-1,0,0,1,-1,1,-1,0,0,0,0,1,-1,0,0,1,-1,1,-1,1,-1,0,0,0,0,0,0,1,-1,1,-1,1,-1,0,0,0,-1,0,-1,0,0,0,0,1,-1,1,-1,-1,1,0,0,1,-1,1,-1,1,-1,1,-1,1,-1,1,-1,1,-1,0,2,1,-1,1,-1,1,-1,1,-1,1,-1,1,-1,1,-1,0,0,1,-1,1,-1,0,0,1,-1,1,-1,1,-1,1,-1,1,-1,1,-1,0,0,1,-1,1,-1,0,0,0,0,0,0,1,-1,0,0,0,0,1,-1,0,2,1,-1,1,-1,0,0,0,0,1,-1,1,-1,1,-1,1,-1,1,-1,1,-1,1,-1,-1,1,0,2,0,0,1,-1,1,-1,1,-1,1,0,1,-1,1,-1,0,2,1,-1,1,-1,1,-1,-1,1,1,-1,0,0,0,0,0,0,0,0,1,-1,1,-1,1,-1,1,-1,1,-1,1,-1,1,-1,0,0,1,-1,-1,1,1,-1,1,-1,1,-1,1,-1,-1,1,1,-1,0,0,0,0,0,0,1,-1,1,-1,1,-1,1,-1,1,-1,-1,1,-1,1,1,-1,1,-1,1,-1,-1,1,0,0,0,0,-1,1,1,-1,-1,1,1,-1,1,-1,1,-1,0,0,-1,1,0,0,1,-1,1,-1,-1,1,1,-1,1,-1,0,0,1,-1,1,-1,0,0,1,-1,1,-1,1,-1,0,0,-1,1,1,-1,1,-1,1,-1,1,-1,1,-1,1,-1,1,-1,1,-1,0,0,1,-1,1,-1
AMD,2023-05-02 16:17:31,AMC,0.00604266118798719,0.030211480362537763,0.01806460364811707,ES,timed,900.0,-75.0,-127.5,0,0,-1,1,-1,1,0,2,0,0,1,-1,1,-1,-1,1,0,0,1,-1,1,-1,0,2,0,2,-1,1,0,0,-1,1,-1,1,0,0,0,0,0,0,0,0,-1,1,-1,1,-1,1,0,2,0,-1,0,0,0,0,0,0,-1,1,-1,1,1,-1,0,0,-1,1,-1,1,-1,1,-1,1,-1,1,1,-1,-1,1,0,0,-1,1,-1,1,-1,1,-1,1,1,-1,-1,1,0,0,0,0,-1,1,0,0,-1,1,-1,1,-1,1,-1,1,-1,1,-1,1,-1,1,0,0,-1,1,0,0,0,0,0,0,0,0,0,0,0,0,0,2,0,0,0,2,1,-1,0,0,1,-1,1,-1,1,-1,-1,1,-1,1,-1,1,-1,1,1,-1,-1,1,1,-1,0,0,0,0,-1,1,1,-1,-1,1,-1,0,-1,1,1,-1,0,0,-1,1,-1,1,-1,1,1,-1,-1,1,-1,1,0,0,0,0,0,0,-1,1,-1,1,-1,1,-1,1,-1,1,-1,1,-1,1,0,0,-1,1,1,-1,-1,1,-1,1,-1,1,0,0,-1,1,-1,1,0,0,0,0,0,0,-1,1,-1,1,1,-1,-1,1,1,-1,1,-1,1,-1,0,0,-1,1,0,0,-1,1,0,0,0,2,-1,1,-1,1,1,-1,-1,1,1,-1,-1,1,0,0,1,-1,0,0,0,0,0,0,1,-1,-1,1,-1,1,0,2,-1,1,-1,1,0,0,-1,1,1,-1,-1,1,0,2,1,-1,-1,1,1,-1,0,0,-1,1,-1,1,-1,1,0,0,-1,1,0,0,-1,1,-1,1
AAPL,2023-05-04 16:30:43,AMC,0.10429447852760736,0.006134969325153374,0.07889665091558418,ES,timed,897.0,125.0,72.5,0,0,1,-1,-1,1,0,2,-1,1,-1,1,-1,1,-1,1,0,0,-1,1,-1,1,0,2,0,2,-1,1,0,0,-1,1,-1,1,-1,1,0,0,1,-1,0,0,-1,1,1,-1,-1,1,0,2,0,1,0,0,0,2,-1,1,-1,1,-1,1,-1,1,0,0,-1,1,-1,1,1,-1,-1,1,-1,1,-1,1,1,-1,0,0,-1,1,-1,1,1,-1,-1,1,-1,1,0,0,-1,1,-1,1,-1,1,-1,1,-1,1,1,-1,-1,1,-1,1,-1,1,-1,1,-1,1,-1,1,-1,1,-1,1,0,2,0,2,0,0,-1,1,0,0,0,2,0,0,0,0,-1,1,-1,1,-1,1,-1,1,-1,1,-1,1,-1,1,-1,1,-1,1,1,-1,1,-1,1,-1,0,0,0,2,1,-1,0,0,-1,1,-1,0,1,-1,-1,1,0,0,-1,1,-1,1,-1,1,-1,1,-1,1,1,-1,0,0,0,2,0,0,-1,1,-1,1,-1,1,-1,1,-1,1,-1,1,1,-1,0,0,-1,1,-1,1,-1,1,-1,1,1,-1,-1,1,-1,1,1,-1,0,2,0,0,0,0,1,-1,-1,1,-1,1,-1,1,-1,1,-1,1,-1,1,-1,1,1,-1,-1,1,-1,1,0,0,0,2,-1,1,1,-1,-1,1,-1,1,-1,1,-1,1,0,0,1,-1,0,0,0,0,-1,1,1,-1,1,-1,1,-1,0,2,-1,1,-1,1,0,2,-1,1,-1,1,-1,1,0,0,-1,1,-1,1,-1,1,-1,1,-1,1,-1,1,1,-1,-1,1,-1,1,0,2,0,0,-1,1
NVDA,2023-05-24 16:22:18,AMC,0.03014954172696575,0.00602990834539315,0.021345856235658253,ES,tp,-17.0,826.299999999992,773.799999999992,0,0,1,-1,1,-1,0,2,0,0,1,-1,1,-1,1,-1,1,-1,1,-1,1,-1,0,0,0,0,1,-1,0,0,1,-1,1,-1,1,-1,0,1,1,-1,0,0,1,-1,1,-1,1,-1,0,2,0,-1,0,-1,0,0,1,-1,1,-1,1,-1,-1,1,0,0,1,-1,-1,1,1,-1,0,0,1,-1,-1,1,1,-1,0,2,1,-1,1,-1,1,-1,1,-1,1,-1,1,-1,1,-1,1,-1,1,-1,0,0,-1,1,1,-1,1,-1,1,-1,1,-1,1,-1,1,-1,1,-1,1,-1,1,-1,0,0,0,2,0,0,0,0,0,0,0,2,1,-1,0,0,1,-1,1,-1,1,-1,-1,1,1,-1,1,-1,1,-1,-1,1,1,-1,-1,1,1,-1,-1,1,0,0,0,0,1,-1,1,-1,1,-1,1,0,1,-1,1,-1,0,0,1,-1,1,-1,1,-1,1,-1,1,-1,-1,1,0,0,0,2,0,0,1,-1,-1,1,-1,1,-1,1,-1,1,-1,1,1,-1,0,0,1,-1,1,-1,1,-1,1,-1,1,-1,1,-1,1,-1,1,-1,0,0,0,0,0,0,1,-1,1,-1,-1,1,-1,1,1,-1,1,-1,-1,1,0,0,1,-1,1,-1,-1,1,0,0,0,2,-1,1,-1,1,-1,1,1,-1,-1,1,1,-1,0,0,-1,1,0,0,1,-1,0,0,1,-1,1,-1,1,-1,0,0,1,-1,1,-1,0,2,1,-1,1,-1,-1,1,0,2,-1,1,1,-1,1,-1,0,0,1,-1,1,-1,-1,1,0,0,1,-1,0,2,1,-1,-1,1
AVGO,2023-06-01 16:17:30,AMC,0.02363507445048452,0.00590876861262113,0.018148820326678763,ES,timed,899.0,-37.5,-90.0,0,0,1,-1,1,-1,1,0,1,-1,1,-1,1,-1,1,-1,1,-1,1,-1,1,-1,0,0,0,2,1,-1,0,0,1,-1,1,-1,1,-1,0,0,0,0,0,0,1,-1,1,-1,1,-1,0,2,0,-1,0,-1,0,0,1,-1,1,-1,-1,1,-1,1,0,0,1,-1,1,-1,1,-1,1,-1,1,-1,-1,1,1,-1,0,0,1,-1,1,-1,1,-1,1,-1,1,-1,1,-1,0,0,1,-1,1,-1,1,-1,1,-1,1,-1,1,-1,1,-1,1,-1,1,-1,1,-1,0,0,1,-1,0,0,0,0,0,0,1,-1,1,-1,0,0,0,0,0,0,0,0,1,-1,1,-1,1,-1,-1,1,1,-1,1,-1,1,-1,-1,1,1,-1,1,-1,1,-1,-1,1,0,0,0,0,1,-1,0,0,1,-1,1,0,1,-1,1,-1,0,0,1,-1,-1,1,1,-1,-1,1,1,-1,0,0,0,0,0,0,0,0,1,-1,1,-1,1,-1,1,-1,1,-1,1,-1,1,-1,0,0,1,-1,-1,1,1,-1,1,-1,1,-1,0,0,-1,1,1,-1,0,0,0,0,0,0,1,-1,1,-1,1,-1,-1,1,1,-1,-1,1,-1,1,1,-1,1,-1,0,0,-1,1,0,0,0,0,-1,1,-1,1,-1,1,1,-1,1,-1,1,-1,0,0,-1,1,0,0,0,0,1,-1,1,-1,1,-1,1,-1,0,0,1,-1,1,-1,0,2,1,-1,1,-1,-1,1,0,2,-1,1,1,-1,1,-1,1,-1,-1,1,1,-1,-1,1,1,-1,1,-1,0,0,1,-1,1,-1
MU,2023-06-28 16:00:29,AMC,0.039586043092235484,0.05655149013176497,0.02461841457410143,ES,timed,899.0,662.5,610.0,0,0,1,-1,1,-1,0,2,1,-1,-1,1,-1,1,1,-1,0,0,1,-1,-1,1,0,0,0,0,1,-1,0,0,1,-1,-1,1,-1,1,0,0,1,-1,1,-1,0,0,1,-1,1,-1,0,0,0,-1,0,0,0,0,0,0,1,-1,1,-1,1,-1,0,0,1,-1,1,-1,1,-1,0,0,1,-1,0,0,1,-1,0,0,-1,1,-1,1,1,-1,-1,1,1,-1,0,0,-1,1,-1,1,1,-1,0,0,1,-1,1,-1,-1,1,-1,1,1,-1,1,-1,-1,1,0,0,1,-1,1,-1,0,0,0,0,1,-1,1,-1,0,0,0,0,0,0,0,0,1,-1,1,-1,1,-1,1,-1,-1,1,-1,1,1,-1,1,-1,-1,1,1,-1,1,-1,1,-1,0,0,0,0,1,-1,0,0,1,-1,1,0,1,-1,1,-1,0,0,-1,1,1,-1,1,-1,1,-1,1,-1,1,-1,0,0,0,0,0,0,-1,1,0,0,1,-1,0,0,1,-1,1,-1,1,-1,0,0,1,-1,0,0,-1,1,1,-1,1,-1,0,0,-1,1,1,-1,0,0,0,0,0,0,1,-1,1,-1,1,-1,1,-1,1,-1,-1,1,-1,1,1,-1,1,-1,0,0,-1,1,0,0,0,0,1,-1,-1,1,1,-1,-1,1,1,-1,-1,1,0,0,-1,1,0,0,0,0,1,-1,1,-1,1,-1,1,-1,0,0,1,-1,1,-1,0,2,1,-1,1,-1,1,-1,0,0,1,-1,1,-1,-1,1,0,0,1,-1,1,-1,-1,1,0,0,1,-1,0,0,0,0,1,-1
NFLX,2023-07-19 16:04:02,AMC,0.005440400413470431,0.0,0.011983223487118035,ES,stopped_pre,-230.0,-229.88749999999527,-282.38749999999527,0,0,-1,1,1,-1,-1,0,-1,1,-1,1,-1,1,-1,1,0,0,-1,1,1,-1,0,0,0,2,-1,1,0,0,-1,1,-1,1,-1,1,0,0,0,0,0,0,-1,1,-1,1,1,-1,0,0,0,1,0,0,0,0,0,0,1,-1,-1,1,-1,1,0,0,-1,1,1,-1,-1,1,-1,1,1,-1,-1,1,-1,1,0,0,-1,1,-1,1,-1,1,-1,1,-1,1,0,0,-1,1,0,0,-1,1,-1,1,-1,1,-1,1,-1,1,-1,1,-1,1,-1,1,-1,1,0,0,-1,1,-1,1,0,0,0,0,0,0,-1,1,0,0,0,0,0,0,0,0,-1,1,-1,1,0,0,1,-1,-1,1,-1,1,-1,1,-1,1,-1,1,1,-1,1,-1,1,-1,0,0,0,0,-1,1,0,0,-1,1,-1,0,-1,1,-1,1,0,0,-1,1,-1,1,-1,1,1,-1,1,-1,-1,1,0,0,0,0,0,0,-1,1,0,0,1,-1,1,-1,1,-1,1,-1,-1,1,0,0,-1,1,0,0,-1,1,-1,1,-1,1,0,0,1,-1,-1,1,0,0,0,0,0,0,-1,1,-1,1,1,-1,-1,1,-1,1,1,-1,1,-1,-1,1,-1,1,0,0,1,-1,0,0,0,2,-1,1,-1,1,-1,1,-1,1,-1,1,-1,1,0,0,1,-1,0,0,-1,1,-1,1,1,-1,-1,1,-1,1,0,2,1,-1,1,-1,0,0,-1,1,-1,1,1,-1,0,0,1,-1,-1,1,-1,1,-1,1,1,-1,-1,1,-1,1,-1,1,-1,1,0,0,0,0,-1,1
TSLA,2023-07-19 16:46:20,AMC,0.00544010445000544,0.03808280289429302,0.01509392278527776,ES,timed,818.0,0.0,-52.5,0,0,1,-1,-1,1,-1,0,-1,1,-1,1,-1,1,-1,1,0,0,1,-1,-1,1,0,2,0,2,1,-1,0,0,1,-1,1,-1,1,-1,0,0,1,-1,0,0,1,-1,1,-1,-1,1,0,2,0,-1,0,0,0,2,0,0,-1,1,1,-1,1,-1,0,0,1,-1,1,-1,1,-1,1,-1,-1,1,0,0,1,-1,0,0,-1,1,1,-1,1,-1,1,-1,1,-1,0,0,0,0,0,0,1,-1,0,0,-1,1,1,-1,1,-1,-1,1,-1,1,1,-1,-1,1,0,0,1,-1,0,0,0,2,0,2,0,0,0,0,0,0,0,2,1,-1,0,0,1,-1,-1,1,0,0,0,0,1,-1,1,-1,-1,1,1,-1,1,-1,1,-1,1,-1,1,-1,0,0,0,2,1,-1,1,-1,1,-1,1,0,1,-1,-1,1,0,0,1,-1,-1,1,1,-1,1,-1,1,-1,1,-1,0,0,0,2,0,0,1,-1,0,0,1,-1,1,-1,1,-1,1,-1,1,-1,0,0,1,-1,-1,1,-1,1,1,-1,1,-1,-1,1,1,-1,1,-1,0,2,0,0,0,0,1,-1,1,-1,-1,1,1,-1,1,-1,-1,1,-1,1,0,0,1,-1,-1,1,-1,1,0,0,0,2,1,-1,1,-1,1,-1,1,-1,-1,1,1,-1,0,0,-1,1,0,0,0,0,0,0,1,-1,1,-1,1,-1,0,2,-1,1,-1,1,0,2,-1,1,-1,1,-1,1,0,2,1,-1,1,-1,-1,1,0,0,-1,1,1,-1,1,-1,0,0,-1,1,0,2,1,-1,1,-1
GOOGL,2023-07-25 16:01:21,AMC,0.08161932745674175,0.17412123190771575,0.023946360153256702,ES,stopped_pre,-18.0,-229.82499999998254,-282.32499999998254,0,0,1,-1,-1,1,0,2,-1,1,-1,1,1,-1,-1,1,-1,1,-1,1,-1,1,0,0,0,2,-1,1,0,0,1,-1,-1,1,-1,1,0,0,1,-1,1,-1,-1,1,-1,1,-1,1,0,0,0,1,0,1,0,2,0,0,-1,1,-1,1,-1,1,0,0,-1,1,1,-1,1,-1,-1,1,-1,1,-1,1,1,-1,0,2,-1,1,-1,1,-1,1,-1,1,-1,1,0,0,-1,1,-1,1,-1,1,-1,1,-1,1,-1,1,-1,1,-1,1,-1,1,1,-1,-1,1,0,0,-1,1,1,-1,0,0,0,0,0,0,-1,1,0,0,0,0,-1,1,0,2,-1,1,-1,1,-1,1,1,-1,-1,1,-1,1,-1,1,-1,1,-1,1,-1,1,-1,1,-1,1,0,0,0,0,-1,1,-1,1,-1,1,-1,0,-1,1,-1,1,0,0,-1,1,-1,1,-1,1,1,-1,-1,1,1,-1,0,0,0,0,0,0,-1,1,1,-1,1,-1,1,-1,1,-1,1,-1,-1,1,0,0,-1,1,-1,1,-1,1,-1,1,1,-1,-1,1,-1,1,-1,1,0,0,0,0,0,0,1,-1,-1,1,1,-1,-1,1,1,-1,-1,1,1,-1,-1,1,-1,1,-1,1,-1,1,0,0,0,0,-1,1,1,-1,-1,1,-1,1,-1,1,-1,1,0,0,1,-1,0,0,-1,1,-1,1,1,-1,-1,1,1,-1,0,0,-1,1,-1,1,0,0,-1,1,-1,1,1,-1,0,0,1,-1,-1,1,1,-1,-1,1,1,-1,-1,1,1,-1,-1,1,-1,1,0,0,-1,1,-1,1
MSFT,2023-07-25 16:02:47,AMC,0.059805360735062256,0.09786331756646549,0.023405500292568753,ES,stopped_pre,-97.0,-229.81249999998,-282.31249999998,0,0,1,-1,-1,1,0,2,-1,1,-1,1,1,-1,-1,1,-1,1,-1,1,-1,1,0,0,0,2,-1,1,0,0,-1,1,-1,1,-1,1,0,-1,1,-1,0,0,-1,1,-1,1,-1,1,0,0,0,1,0,1,0,0,-1,1,-1,1,-1,1,-1,1,0,0,-1,1,1,-1,-1,1,-1,1,-1,1,-1,1,1,-1,0,0,-1,1,-1,1,-1,1,-1,1,-1,1,-1,1,-1,1,-1,1,-1,1,-1,1,-1,1,-1,1,-1,1,-1,1,-1,1,-1,1,-1,1,-1,1,-1,1,-1,1,0,0,0,0,0,0,-1,1,0,0,0,0,-1,1,0,2,-1,1,-1,1,-1,1,1,-1,-1,1,-1,1,-1,1,-1,1,-1,1,-1,1,-1,1,-1,1,0,0,0,0,-1,1,-1,1,-1,1,-1,0,-1,1,-1,1,0,0,-1,1,-1,1,-1,1,1,-1,-1,1,1,-1,0,0,0,0,0,0,-1,1,1,-1,1,-1,1,-1,1,-1,1,-1,-1,1,0,0,-1,1,-1,1,-1,1,-1,1,1,-1,-1,1,1,-1,-1,1,0,0,0,0,0,0,-1,1,-1,1,1,-1,-1,1,-1,1,-1,1,1,-1,-1,1,-1,1,-1,1,-1,1,0,0,0,0,1,-1,1,-1,-1,1,-1,1,-1,1,-1,1,0,0,-1,1,0,0,-1,1,-1,1,1,-1,-1,1,-1,1,0,0,-1,1,-1,1,0,0,-1,1,-1,1,1,-1,0,0,1,-1,-1,1,1,-1,-1,1,1,-1,-1,1,1,-1,-1,1,-1,1,0,0,-1,1,1,-1
META,2023-07-26 16:06:51,AMC,0.03257682701704854,0.11944836572917797,0.022846739148159934,ES,timed,898.0,162.5,110.0,0,0,1,-1,1,-1,0,2,1,-1,1,-1,1,-1,1,-1,1,-1,1,-1,-1,1,0,0,0,2,1,-1,0,0,1,-1,1,-1,1,-1,0,0,0,0,0,0,1,-1,1,-1,1,-1,0,0,0,-1,0,-1,0,0,0,0,1,-1,1,-1,-1,1,0,0,1,-1,1,-1,1,-1,1,-1,1,-1,1,-1,1,-1,0,0,1,-1,1,-1,1,-1,1,-1,1,-1,1,-1,1,-1,0,0,1,-1,1,-1,1,-1,-1,1,1,-1,1,-1,1,-1,1,-1,1,-1,1,-1,1,-1,1,-1,0,0,0,0,0,0,1,-1,0,0,0,0,0,0,0,0,1,-1,1,-1,1,-1,-1,1,1,-1,1,-1,1,-1,1,-1,1,-1,1,-1,-1,1,-1,1,0,0,0,2,1,-1,0,0,1,-1,1,0,1,-1,1,-1,0,0,1,-1,1,-1,1,-1,1,-1,1,-1,0,0,0,0,0,0,0,0,1,-1,0,0,-1,1,0,0,1,-1,1,-1,1,-1,0,0,1,-1,0,0,1,-1,1,-1,1,-1,1,-1,1,-1,1,-1,0,2,0,0,0,0,1,-1,1,-1,-1,1,1,-1,1,-1,1,-1,-1,1,1,-1,-1,1,0,0,-1,1,0,0,0,0,-1,1,-1,1,1,-1,1,-1,1,-1,1,-1,0,0,-1,1,0,0,1,-1,1,-1,1,-1,1,-1,1,-1,0,0,1,-1,1,-1,0,0,1,-1,1,-1,1,-1,0,0,-1,1,1,-1,1,-1,1,-1,1,-1,1,-1,-1,1,1,-1,1,-1,0,0,1,-1,1,-1
INTC,2023-07-27 16:07:40,AMC,0.016420361247947456,0.016421260058021785,0.022438245586516196,ES,timed,897.0,62.5,10.0,0,0,1,-1,-1,1,0,2,0,0,1,-1,-1,1,1,-1,0,0,1,-1,1,-1,0,0,0,2,1,-1,0,0,1,-1,1,-1,1,-1,0,0,1,-1,0,0,1,-1,1,-1,-1,1,0,0,0,-1,0,-1,0,0,1,-1,-1,1,1,-1,1,-1,0,0,1,-1,-1,1,1,-1,1,-1,-1,1,-1,1,1,-1,0,0,1,-1,1,-1,1,-1,1,-1,1,-1,0,0,1,-1,1,-1,1,-1,0,0,-1,1,1,-1,1,-1,1,-1,-1,1,1,-1,-1,1,1,-1,1,-1,1,-1,0,0,0,0,-1,1,0,0,0,0,0,0,1,-1,0,2,1,-1,-1,1,1,-1,1,-1,1,-1,1,-1,1,-1,1,-1,1,-1,-1,1,1,-1,-1,1,0,2,0,0,1,-1,1,-1,1,-1,1,0,1,-1,1,-1,0,0,1,-1,-1,1,1,-1,1,-1,-1,1,1,-1,0,0,0,0,0,0,1,-1,-1,1,-1,1,-1,1,-1,1,-1,1,1,-1,0,0,1,-1,1,-1,-1,1,1,-1,1,-1,0,0,1,-1,1,-1,0,0,0,0,0,0,1,-1,1,-1,-1,1,-1,1,1,-1,1,-1,-1,1,0,0,1,-1,0,0,-1,1,0,0,0,0,-1,1,-1,1,-1,1,1,-1,1,-1,1,-1,0,0,-1,1,0,0,1,-1,0,0,1,-1,1,-1,1,-1,0,0,1,-1,-1,1,0,2,1,-1,1,-1,1,-1,0,0,-1,1,1,-1,-1,1,0,0,-1,1,1,-1,-1,1,0,0,1,-1,0,0,1,-1,1,-1
AMD,2023-08-01 16:16:57,AMC,0.0054350779933692046,0.021739130434782608,0.01650982334489021,ES,timed,892.0,175.0,122.5,0,0,1,-1,-1,1,-1,0,-1,1,-1,1,-1,1,-1,1,-1,1,-1,1,-1,1,0,0,0,2,-1,1,0,0,1,-1,-1,1,-1,1,0,0,0,0,0,0,0,0,-1,1,-1,1,0,2,0,1,0,1,0,0,-1,1,-1,1,-1,1,1,-1,0,0,-1,1,-1,1,-1,1,-1,1,-1,1,1,-1,-1,1,0,0,-1,1,-1,1,-1,1,-1,1,-1,1,-1,1,0,0,-1,1,-1,1,-1,1,-1,1,-1,1,-1,1,-1,1,-1,1,1,-1,-1,1,-1,1,-1,1,0,0,0,0,0,0,0,0,-1,1,0,0,0,0,0,0,0,2,-1,1,-1,1,-1,1,1,-1,-1,1,-1,1,-1,1,-1,1,-1,1,-1,1,-1,1,1,-1,0,0,0,0,-1,1,0,0,-1,1,-1,0,-1,1,-1,1,0,0,-1,1,1,-1,-1,1,1,-1,1,-1,1,-1,0,0,0,0,0,0,-1,1,-1,1,-1,1,-1,1,-1,1,-1,1,-1,1,0,0,-1,1,1,-1,-1,1,-1,1,-1,1,-1,1,1,-1,-1,1,0,0,0,0,0,0,-1,1,-1,1,-1,1,1,-1,1,-1,-1,1,1,-1,-1,1,-1,1,0,0,1,-1,0,0,0,0,1,-1,1,-1,-1,1,-1,1,-1,1,-1,1,0,0,-1,1,0,0,0,0,-1,1,1,-1,-1,1,-1,1,0,0,1,-1,-1,1,0,0,1,-1,-1,1,-1,1,0,2,1,-1,-1,1,-1,1,-1,1,-1,1,-1,1,1,-1,-1,1,-1,1,0,0,-1,1,-1,1
AMZN,2023-08-03 16:09:02,AMC,0.016540773005458455,0.06615944426066822,0.011231138468152872,ES,timed,900.0,275.0,222.5,0,0,1,-1,-1,1,0,2,0,0,1,-1,1,-1,1,-1,0,0,1,-1,1,-1,0,0,0,2,1,-1,0,0,1,-1,1,-1,1,-1,0,1,1,-1,0,0,1,-1,1,-1,-1,1,0,0,0,-1,0,-1,0,0,1,-1,-1,1,1,-1,1,-1,0,0,1,-1,-1,1,1,-1,1,-1,-1,1,1,-1,1,-1,0,0,1,-1,1,-1,1,-1,1,-1,1,-1,0,0,1,-1,1,-1,1,-1,1,-1,1,-1,1,-1,1,-1,1,-1,1,-1,1,-1,-1,1,0,0,1,-1,1,-1,0,0,0,0,-1,1,1,-1,0,0,0,0,1,-1,0,2,1,-1,1,-1,0,0,1,-1,1,-1,1,-1,1,-1,1,-1,1,-1,1,-1,1,-1,1,-1,0,2,0,0,1,-1,1,-1,1,-1,1,0,1,-1,1,-1,0,2,1,-1,-1,1,1,-1,1,-1,-1,1,-1,1,0,0,0,0,0,0,1,-1,0,0,-1,1,0,0,-1,1,-1,1,1,-1,0,0,1,-1,0,0,-1,1,-1,1,1,-1,0,0,1,-1,1,-1,0,0,0,0,0,0,1,-1,1,-1,-1,1,1,-1,1,-1,1,-1,-1,1,0,0,1,-1,0,0,1,-1,0,0,0,0,-1,1,1,-1,-1,1,1,-1,1,-1,1,-1,0,0,1,-1,0,0,1,-1,0,0,1,-1,1,-1,1,-1,0,0,-1,1,-1,1,0,0,-1,1,1,-1,1,-1,0,0,-1,1,1,-1,1,-1,0,0,-1,1,1,-1,1,-1,1,-1,-1,1,0,0,1,-1,-1,1
AAPL,2023-08-03 16:30:21,AMC,0.08816884333498651,0.275512453162883,0.08391821788220934,ES,stopped_post,25.0,-226.8750000000182,-279.3750000000182,0,0,1,-1,1,-1,1,0,1,-1,-1,1,1,-1,1,-1,1,-1,1,-1,-1,1,0,0,0,2,1,-1,0,0,1,-1,1,-1,1,-1,0,0,0,0,0,0,1,-1,1,-1,1,-1,0,2,0,-1,0,-1,0,0,0,0,1,-1,1,-1,1,-1,0,0,1,-1,-1,1,1,-1,0,0,1,-1,-1,1,1,-1,0,2,1,-1,1,-1,-1,1,1,-1,1,-1,1,-1,0,0,0,0,1,-1,1,-1,1,-1,1,-1,1,-1,1,-1,1,-1,1,-1,-1,1,0,0,1,-1,0,0,0,0,0,2,1,-1,1,-1,0,0,0,2,-1,1,0,0,1,-1,1,-1,1,-1,0,0,-1,1,1,-1,1,-1,1,-1,1,-1,-1,1,-1,1,-1,1,0,0,0,0,1,-1,0,0,1,-1,1,0,-1,1,1,-1,0,0,1,-1,1,-1,1,-1,1,-1,1,-1,0,0,0,0,0,2,0,0,1,-1,0,0,-1,1,0,0,-1,1,-1,1,-1,1,0,0,1,-1,0,0,-1,1,1,-1,1,-1,1,-1,-1,1,1,-1,0,2,0,0,0,0,1,-1,1,-1,-1,1,1,-1,-1,1,1,-1,-1,1,1,-1,-1,1,0,0,-1,1,0,0,0,2,-1,1,1,-1,1,-1,1,-1,1,-1,1,-1,0,0,-1,1,0,0,0,0,1,-1,-1,1,1,-1,1,-1,0,0,1,-1,1,-1,0,2,1,-1,1,-1,-1,1,0,2,1,-1,1,-1,1,-1,1,-1,1,-1,1,-1,1,-1,1,-1,1,-1,0,2,0,0,1,-1
NVDA,2023-08-23 16:21:42,AMC,0.05602554764972828,0.039217883354809795,0.025747698981312003,ES,tp,-38.0,889.5500000000084,837.0500000000084,0,0,-1,1,1,-1,0,2,0,0,-1,1,1,-1,-1,1,0,0,-1,1,-1,1,0,0,0,0,-1,1,0,0,-1,1,-1,1,-1,1,0,0,-1,1,0,0,0,0,-1,1,1,-1,0,2,0,-1,0,0,0,0,0,0,1,-1,-1,1,1,-1,0,0,1,-1,1,-1,1,-1,-1,1,1,-1,1,-1,-1,1,0,2,-1,1,-1,1,-1,1,1,-1,-1,1,0,0,-1,1,-1,1,-1,1,-1,1,0,0,-1,1,-1,1,-1,1,-1,1,1,-1,1,-1,0,0,-1,1,1,-1,0,0,0,0,0,0,-1,1,0,0,0,0,0,0,0,2,-1,1,0,0,1,-1,0,0,-1,1,-1,1,1,-1,-1,1,-1,1,1,-1,1,-1,1,-1,0,0,0,2,-1,1,0,0,1,-1,-1,0,1,-1,1,-1,0,0,-1,1,1,-1,-1,1,1,-1,1,-1,-1,1,0,0,0,0,0,0,-1,1,1,-1,1,-1,1,-1,1,-1,1,-1,1,-1,0,0,-1,1,1,-1,1,-1,1,-1,1,-1,0,0,-1,1,-1,1,0,0,0,0,0,0,-1,1,-1,1,-1,1,-1,1,-1,1,-1,1,1,-1,-1,1,-1,1,0,0,-1,1,0,0,0,0,1,-1,-1,1,1,-1,-1,1,1,-1,-1,1,0,0,1,-1,0,0,0,0,-1,1,1,-1,1,-1,1,-1,0,0,1,-1,1,-1,0,0,-1,1,1,-1,-1,1,0,2,1,-1,1,-1,1,-1,0,0,1,-1,1,-1,-1,1,-1,1,1,-1,0,0,0,0,-1,1
MU,2023-09-27 16:00:28,AMC,0.011586814205434216,0.13325608342989573,0.02851841411652986,ES,timed,900.0,362.5,310.0,0,0,1,-1,1,-1,0,2,-1,1,1,-1,1,-1,-1,1,0,0,-1,1,1,-1,0,0,0,0,-1,1,0,0,1,-1,1,-1,1,-1,0,0,0,0,-1,1,0,0,1,-1,1,-1,0,0,0,-1,0,-1,0,0,1,-1,-1,1,1,-1,-1,1,0,0,-1,1,-1,1,1,-1,0,0,1,-1,1,-1,1,-1,0,0,-1,1,1,-1,1,-1,1,-1,-1,1,1,-1,1,-1,1,-1,-1,1,0,0,-1,1,1,-1,1,-1,1,-1,-1,1,1,-1,1,-1,0,0,1,-1,1,-1,0,0,0,0,0,0,0,0,0,0,0,0,1,-1,0,0,-1,1,-1,1,-1,1,0,0,1,-1,1,-1,1,-1,1,-1,1,-1,1,-1,1,-1,-1,1,0,0,0,2,1,-1,1,-1,1,-1,1,0,1,-1,1,-1,0,0,1,-1,1,-1,1,-1,-1,1,1,-1,1,-1,0,0,0,0,0,0,1,-1,0,0,-1,1,0,0,-1,1,-1,1,1,-1,0,0,1,-1,1,-1,1,-1,1,-1,1,-1,1,-1,1,-1,1,-1,0,0,0,0,0,0,1,-1,1,-1,1,-1,1,-1,1,-1,-1,1,-1,1,0,0,1,-1,0,0,1,-1,0,0,0,0,-1,1,-1,1,1,-1,1,-1,1,-1,1,-1,0,0,-1,1,0,0,0,0,0,0,1,-1,1,-1,1,-1,0,0,1,-1,-1,1,0,2,1,-1,1,-1,1,-1,0,0,-1,1,1,-1,1,-1,0,0,1,-1,-1,1,-1,1,0,0,-1,1,0,0,1,-1,1,-1
NFLX,2023-10-18 16:01:28,AMC,0.011497556769186549,0.005748778384593274,0.011506114886825809,ES,timed,900.0,287.5,235.0,0,0,1,-1,-1,1,1,0,-1,1,1,-1,-1,1,-1,1,-1,1,-1,1,-1,1,0,0,0,2,-1,1,0,0,1,-1,1,-1,1,-1,0,0,0,0,0,0,0,0,1,-1,1,-1,0,0,0,-1,0,-1,0,0,0,0,-1,1,-1,1,-1,1,0,0,-1,1,-1,1,1,-1,0,0,-1,1,-1,1,1,-1,0,2,1,-1,1,-1,-1,1,1,-1,-1,1,0,0,1,-1,1,-1,-1,1,0,0,-1,1,-1,1,1,-1,-1,1,-1,1,1,-1,-1,1,0,0,1,-1,1,-1,0,0,0,0,0,0,-1,1,0,0,0,0,1,-1,0,0,-1,1,-1,1,-1,1,0,0,1,-1,1,-1,1,-1,1,-1,1,-1,1,-1,-1,1,-1,1,0,0,0,0,1,-1,0,0,-1,1,1,0,1,-1,-1,1,0,0,1,-1,-1,1,1,-1,1,-1,-1,1,1,-1,0,0,0,0,0,0,1,-1,-1,1,-1,1,-1,1,-1,1,-1,1,1,-1,0,0,1,-1,1,-1,-1,1,-1,1,1,-1,-1,1,-1,1,1,-1,0,0,0,0,0,0,1,-1,-1,1,-1,1,-1,1,1,-1,1,-1,-1,1,0,0,-1,1,-1,1,1,-1,0,0,0,0,-1,1,1,-1,-1,1,1,-1,1,-1,1,-1,0,0,-1,1,0,0,1,-1,0,0,1,-1,-1,1,1,-1,0,0,-1,1,-1,1,0,0,1,-1,-1,1,1,-1,0,0,-1,1,-1,1,-1,1,0,0,-1,1,-1,1,1,-1,0,0,-1,1,0,0,0,0,1,-1
TSLA,2023-10-18 16:15:00,AMC,0.005748117491521527,0.0,0.012408487405385284,ES,timed,900.0,62.5,10.0,0,0,1,-1,1,-1,1,0,1,-1,1,-1,-1,1,1,-1,0,0,1,-1,1,-1,0,0,0,2,1,-1,0,0,-1,1,1,-1,1,-1,0,0,1,-1,0,0,0,0,-1,1,1,-1,0,2,0,-1,0,-1,0,0,0,0,1,-1,1,-1,1,-1,0,0,1,-1,-1,1,1,-1,1,-1,-1,1,-1,1,1,-1,0,2,1,-1,1,-1,1,-1,1,-1,1,-1,1,-1,0,0,0,0,1,-1,1,-1,0,0,1,-1,1,-1,1,-1,1,-1,-1,1,1,-1,0,0,1,-1,0,0,0,0,0,0,0,0,1,-1,0,0,0,0,0,0,0,0,1,-1,1,-1,1,-1,0,0,1,-1,1,-1,1,-1,1,-1,1,-1,1,-1,1,-1,-1,1,0,2,0,0,1,-1,0,0,1,-1,1,0,1,-1,1,-1,0,0,1,-1,-1,1,1,-1,1,-1,-1,1,0,0,0,0,0,0,0,0,1,-1,-1,1,-1,1,-1,1,-1,1,-1,1,1,-1,0,0,1,-1,1,-1,-1,1,1,-1,1,-1,0,0,1,-1,-1,1,0,0,0,0,0,0,1,-1,1,-1,1,-1,-1,1,1,-1,1,-1,-1,1,1,-1,1,-1,0,0,-1,1,0,0,0,0,1,-1,1,-1,1,-1,1,-1,1,-1,1,-1,0,0,-1,1,0,0,0,0,1,-1,1,-1,1,-1,1,-1,0,0,-1,1,1,-1,0,2,1,-1,1,-1,-1,1,0,0,-1,1,1,-1,-1,1,1,-1,-1,1,1,-1,1,-1,1,-1,1,-1,0,0,0,0,1,-1
GOOGL,2023-10-24 16:01:23,AMC,0.15193128031321218,0.0701221293753287,0.02470770762565628,ES,stopped_pre,-102.0,-213.78749999998945,-266.28749999998945,0,0,-1,1,1,-1,0,2,0,0,1,-1,1,-1,-1,1,-1,1,-1,1,1,-1,0,0,0,0,-1,1,0,0,-1,1,1,-1,1,-1,0,0,1,-1,1,-1,0,0,-1,1,1,-1,0,0,0,-1,0,0,0,2,0,0,1,-1,-1,1,1,-1,0,0,-1,1,1,-1,-1,1,0,0,1,-1,-1,1,-1,1,0,0,-1,1,1,-1,-1,1,1,-1,1,-1,0,0,1,-1,1,-1,-1,1,1,-1,1,-1,-1,1,-1,1,1,-1,1,-1,1,-1,1,-1,0,0,1,-1,-1,1,0,0,0,0,0,0,0,0,0,0,0,0,0,0,0,2,0,0,1,-1,0,0,1,-1,1,-1,1,-1,1,-1,1,-1,1,-1,-1,1,-1,1,-1,1,0,0,0,2,-1,1,0,0,1,-1,1,0,-1,1,-1,1,0,0,1,-1,-1,1,-1,1,1,-1,-1,1,-1,1,0,0,0,0,0,0,1,-1,1,-1,1,-1,1,-1,1,-1,1,-1,-1,1,0,0,-1,1,-1,1,1,-1,1,-1,-1,1,1,-1,-1,1,1,-1,0,0,0,0,0,0,-1,1,1,-1,1,-1,-1,1,-1,1,-1,1,1,-1,1,-1,-1,1,1,-1,1,-1,0,0,0,0,1,-1,1,-1,1,-1,1,-1,1,-1,1,-1,0,0,-1,1,0,0,0,0,1,-1,-1,1,-1,1,-1,1,0,2,-1,1,1,-1,0,0,1,-1,1,-1,1,-1,0,0,1,-1,-1,1,1,-1,1,-1,1,-1,-1,1,1,-1,1,-1,1,-1,0,0,0,0,1,-1
MSFT,2023-10-24 16:03:29,AMC,0.09358366964964614,0.011697274535033338,0.028135703695802344,ES,stopped_pre,-209.0,-213.7000000000171,-266.2000000000171,0,0,-1,1,1,-1,0,2,0,0,-1,1,1,-1,-1,1,-1,1,-1,1,-1,1,0,0,0,0,-1,1,0,0,-1,1,-1,1,-1,1,0,0,1,-1,1,-1,0,0,-1,1,1,-1,0,0,0,-1,0,0,0,2,0,0,1,-1,-1,1,-1,1,0,0,-1,1,1,-1,-1,1,-1,1,-1,1,-1,1,-1,1,0,2,-1,1,-1,1,-1,1,1,-1,-1,1,0,0,0,0,-1,1,-1,1,0,0,1,-1,-1,1,-1,1,-1,1,1,-1,1,-1,1,-1,0,0,-1,1,1,-1,0,0,0,0,-1,1,0,0,0,0,0,0,0,0,0,2,-1,1,1,-1,0,0,1,-1,1,-1,-1,1,-1,1,1,-1,-1,1,1,-1,-1,1,1,-1,0,0,0,2,-1,1,-1,1,-1,1,-1,0,-1,1,-1,1,0,0,-1,1,-1,1,-1,1,1,-1,-1,1,-1,1,0,0,0,0,0,0,-1,1,1,-1,1,-1,1,-1,1,-1,1,-1,-1,1,0,0,-1,1,1,-1,1,-1,1,-1,-1,1,0,0,-1,1,-1,1,0,0,0,0,0,0,-1,1,-1,1,-1,1,-1,1,1,-1,-1,1,1,-1,0,0,-1,1,1,-1,1,-1,0,0,0,0,-1,1,1,-1,-1,1,-1,1,1,-1,-1,1,0,0,1,-1,0,0,0,0,0,0,-1,1,-1,1,-1,1,0,2,-1,1,1,-1,0,0,1,-1,1,-1,1,-1,0,0,-1,1,-1,1,1,-1,0,0,-1,1,-1,1,1,-1,-1,1,-1,1,0,0,-1,1,-1,1
META,2023-10-25 16:20:51,AMC,0.05925925925925926,0.10666666666666667,0.022923511882020325,ES,stopped_pre,-229.0,-210.80000000001746,-263.30000000001746,0,0,1,-1,1,-1,0,2,1,-1,-1,1,-1,1,1,-1,1,-1,1,-1,-1,1,0,0,0,2,1,-1,0,0,1,-1,1,-1,-1,1,0,0,0,0,-1,1,0,0,1,-1,1,-1,0,0,0,-1,0,-1,0,0,0,0,1,-1,1,-1,1,-1,0,0,1,-1,-1,1,1,-1,0,0,1,-1,1,-1,1,-1,0,0,1,-1,1,-1,1,-1,1,-1,1,-1,0,0,0,0,-1,1,1,-1,1,-1,0,0,1,-1,1,-1,1,-1,1,-1,-1,1,1,-1,0,0,1,-1,0,0,0,0,0,0,1,-1,1,-1,0,0,0,0,0,0,0,2,1,-1,1,-1,1,-1,1,-1,-1,1,1,-1,1,-1,1,-1,1,-1,-1,1,1,-1,-1,1,0,0,0,0,1,-1,0,0,1,-1,1,0,1,-1,1,-1,0,0,1,-1,1,-1,1,-1,-1,1,1,-1,1,-1,0,0,0,0,0,0,1,-1,-1,1,-1,1,-1,1,-1,1,-1,1,1,-1,0,0,1,-1,1,-1,1,-1,1,-1,1,-1,1,-1,-1,1,1,-1,0,0,0,0,0,0,1,-1,1,-1,-1,1,1,-1,-1,1,1,-1,-1,1,1,-1,1,-1,1,-1,-1,1,0,0,0,0,1,-1,1,-1,1,-1,-1,1,1,-1,1,-1,0,0,-1,1,0,0,0,0,1,-1,-1,1,1,-1,1,-1,0,0,1,-1,1,-1,0,2,-1,1,1,-1,-1,1,0,0,-1,1,1,-1,-1,1,0,0,-1,1,1,-1,1,-1,1,-1,1,-1,0,0,0,0,1,-1
INTC,2023-10-26 16:09:55,AMC,0.03603387183952916,0.03603387183952916,0.021803117845851958,ES,timed,899.0,125.0,72.5,0,0,1,-1,-1,1,1,0,-1,1,1,-1,-1,1,-1,1,0,0,0,0,1,-1,0,0,0,0,-1,1,0,0,-1,1,1,-1,1,-1,0,0,-1,1,-1,1,1,-1,1,-1,-1,1,0,0,0,-1,0,0,0,0,1,-1,-1,1,1,-1,1,-1,0,0,1,-1,-1,1,1,-1,0,0,-1,1,1,-1,1,-1,0,0,1,-1,1,-1,1,-1,1,-1,-1,1,0,0,1,-1,1,-1,-1,1,0,0,-1,1,1,-1,1,-1,1,-1,-1,1,1,-1,-1,1,0,0,1,-1,0,0,0,0,0,0,0,0,-1,1,0,0,0,0,1,-1,0,0,-1,1,-1,1,0,0,1,-1,1,-1,1,-1,1,-1,1,-1,1,-1,1,-1,1,-1,-1,1,0,0,0,2,-1,1,1,-1,1,-1,1,0,1,-1,-1,1,0,2,1,-1,-1,1,-1,1,-1,1,-1,1,-1,1,0,0,0,0,0,0,1,-1,0,0,-1,1,-1,1,-1,1,-1,1,1,-1,0,0,1,-1,0,0,-1,1,-1,1,1,-1,-1,1,1,-1,1,-1,0,0,0,0,0,0,1,-1,-1,1,1,-1,1,-1,1,-1,-1,1,-1,1,0,0,1,-1,-1,1,1,-1,0,0,0,2,-1,1,1,-1,-1,1,1,-1,-1,1,1,-1,0,0,1,-1,0,0,1,-1,0,0,1,-1,1,-1,1,-1,0,2,-1,1,-1,1,0,0,1,-1,-1,1,1,-1,0,0,1,-1,1,-1,-1,1,0,0,-1,1,-1,1,1,-1,0,0,-1,1,0,0,1,-1,1,-1
AMZN,2023-10-26 16:14:51,AMC,0.029994001199760045,0.041991601679664065,0.011550011550011549,ES,timed,899.0,87.5,35.0,0,0,1,-1,-1,1,1,0,0,0,1,-1,-1,1,-1,1,0,0,0,0,1,-1,0,0,0,0,1,-1,0,0,1,-1,1,-1,1,-1,0,0,-1,1,1,-1,0,0,1,-1,-1,1,0,0,0,-1,0,-1,0,0,0,0,-1,1,1,-1,1,-1,0,0,1,-1,-1,1,1,-1,1,-1,-1,1,1,-1,1,-1,0,0,1,-1,1,-1,1,-1,1,-1,1,-1,0,0,1,-1,1,-1,1,-1,0,0,-1,1,1,-1,1,-1,1,-1,-1,1,1,-1,-1,1,0,0,1,-1,-1,1,0,0,0,0,0,0,-1,1,0,0,0,0,1,-1,0,0,1,-1,-1,1,0,0,1,-1,1,-1,1,-1,1,-1,1,-1,1,-1,1,-1,1,-1,-1,1,0,0,0,2,1,-1,1,-1,1,-1,1,0,1,-1,-1,1,0,0,1,-1,-1,1,1,-1,-1,1,-1,1,-1,1,0,0,0,0,0,0,1,-1,0,0,-1,1,-1,1,-1,1,-1,1,1,-1,0,0,1,-1,1,-1,-1,1,-1,1,1,-1,-1,1,1,-1,1,-1,0,0,0,0,0,0,1,-1,1,-1,1,-1,1,-1,-1,1,1,-1,-1,1,0,0,1,-1,-1,1,-1,1,0,0,0,2,-1,1,1,-1,-1,1,1,-1,-1,1,1,-1,0,0,1,-1,0,0,1,-1,0,0,1,-1,1,-1,1,-1,0,2,-1,1,1,-1,0,2,1,-1,-1,1,-1,1,0,0,1,-1,1,-1,-1,1,0,0,-1,1,1,-1,1,-1,0,0,-1,1,0,0,1,-1,1,-1
AMD,2023-10-31 16:16:56,AMC,0.0,0.023785455194148777,0.015597055578465663,ES,timed,898.0,-137.5,-190.0,0,0,1,-1,-1,1,0,2,-1,1,-1,1,1,-1,-1,1,0,0,-1,1,-1,1,0,0,0,0,-1,1,0,0,-1,1,-1,1,-1,1,0,0,0,0,0,0,0,0,-1,1,-1,1,0,2,0,1,0,1,0,0,0,0,-1,1,1,-1,-1,1,0,0,-1,1,1,-1,-1,1,-1,1,-1,1,1,-1,-1,1,0,2,-1,1,-1,1,-1,1,-1,1,-1,1,-1,1,0,0,-1,1,-1,1,-1,1,-1,1,-1,1,-1,1,-1,1,-1,1,-1,1,-1,1,0,0,-1,1,0,0,0,0,0,0,0,0,-1,1,0,0,0,0,0,0,0,2,-1,1,-1,1,-1,1,0,0,-1,1,-1,1,-1,1,-1,1,-1,1,1,-1,-1,1,1,-1,0,0,0,0,-1,1,0,0,-1,1,-1,0,-1,1,-1,1,0,0,-1,1,1,-1,-1,1,-1,1,-1,1,0,0,0,0,0,0,0,0,-1,1,1,-1,1,-1,1,-1,1,-1,1,-1,-1,1,0,0,-1,1,1,-1,1,-1,-1,1,-1,1,0,0,-1,1,-1,1,0,0,0,0,0,0,-1,1,-1,1,1,-1,1,-1,-1,1,-1,1,1,-1,0,0,-1,1,0,0,1,-1,0,0,0,0,1,-1,1,-1,-1,1,-1,1,-1,1,-1,1,0,0,1,-1,0,0,-1,1,0,0,1,-1,-1,1,-1,1,0,0,-1,1,-1,1,0,0,1,-1,-1,1,-1,1,0,2,1,-1,-1,1,1,-1,0,0,1,-1,-1,1,1,-1,-1,1,-1,1,0,0,0,0,-1,1
AAPL,2023-11-02 16:30:32,AMC,0.051939058171745156,0.028855032317636198,0.08604353060859793,ES,stopped_post,81.0,-216.57500000001164,-269.07500000001164,0,0,1,-1,-1,1,0,2,-1,1,-1,1,1,-1,-1,1,-1,1,-1,1,-1,1,0,0,0,2,-1,1,0,0,-1,1,-1,1,-1,1,0,-1,1,-1,1,-1,-1,1,-1,1,-1,1,0,0,0,1,0,1,0,0,-1,1,-1,1,-1,1,-1,1,0,0,-1,1,1,-1,-1,1,-1,1,1,-1,-1,1,-1,1,0,2,-1,1,-1,1,-1,1,-1,1,-1,1,-1,1,-1,1,-1,1,-1,1,-1,1,-1,1,-1,1,-1,1,-1,1,-1,1,-1,1,1,-1,-1,1,-1,1,0,0,0,0,0,2,0,0,-1,1,0,0,0,0,0,0,0,0,-1,1,-1,1,-1,1,-1,1,-1,1,-1,1,-1,1,-1,1,-1,1,1,-1,-1,1,-1,1,0,2,0,0,-1,1,-1,1,-1,1,-1,0,-1,1,-1,1,0,0,-1,1,-1,1,-1,1,1,-1,-1,1,1,-1,0,0,0,0,0,0,-1,1,1,-1,1,-1,1,-1,1,-1,1,-1,-1,1,0,0,-1,1,-1,1,-1,1,-1,1,-1,1,0,0,-1,1,-1,1,0,2,0,0,0,0,-1,1,-1,1,1,-1,-1,1,-1,1,-1,1,1,-1,-1,1,1,-1,0,0,1,-1,0,0,0,2,1,-1,1,-1,-1,1,-1,1,-1,1,-1,1,0,0,-1,1,0,0,-1,1,-1,1,-1,1,-1,1,-1,1,0,2,-1,1,-1,1,0,2,-1,1,-1,1,-1,1,0,0,-1,1,-1,1,1,-1,-1,1,1,-1,-1,1,1,-1,-1,1,1,-1,0,2,-1,1,1,-1
NVDA,2023-11-21 16:22:00,AMC,0.044031041884528596,0.09906984424018933,0.03014954172696575,ES,stopped_pre,-64.0,-227.31250000001637,-279.81250000001637,0,0,1,-1,-1,1,0,2,-1,1,1,-1,-1,1,-1,1,-1,1,-1,1,-1,1,0,0,0,2,-1,1,0,0,1,-1,-1,1,-1,1,0,0,0,0,0,0,0,0,-1,1,-1,1,0,2,0,1,0,1,0,0,0,0,-1,1,1,-1,-1,1,0,0,-1,1,-1,1,-1,1,0,0,-1,1,-1,1,1,-1,0,0,-1,1,-1,1,-1,1,-1,1,-1,1,0,0,0,0,0,0,-1,1,-1,1,-1,1,-1,1,1,-1,-1,1,-1,1,1,-1,-1,1,0,0,-1,1,0,0,0,0,0,0,0,0,-1,1,0,0,0,0,0,0,0,2,-1,1,-1,1,-1,1,0,0,1,-1,-1,1,-1,1,-1,1,-1,1,-1,1,-1,1,1,-1,0,0,0,0,-1,1,0,0,-1,1,-1,0,-1,1,-1,1,0,0,-1,1,-1,1,1,-1,1,-1,-1,1,1,-1,0,0,0,0,0,0,-1,1,-1,1,-1,1,0,0,-1,1,-1,1,-1,1,0,0,-1,1,1,-1,-1,1,-1,1,-1,1,-1,1,1,-1,1,-1,0,0,0,0,0,0,-1,1,-1,1,-1,1,1,-1,1,-1,-1,1,1,-1,-1,1,-1,1,-1,1,1,-1,0,0,0,0,-1,1,1,-1,-1,1,-1,1,-1,1,1,-1,0,0,1,-1,0,0,0,0,-1,1,1,-1,-1,1,-1,1,0,0,-1,1,-1,1,0,2,-1,1,-1,1,-1,1,0,2,-1,1,-1,1,-1,1,-1,1,-1,1,-1,1,1,-1,-1,1,-1,1,0,0,0,0,-1,1
AVGO,2023-12-07 16:18:51,AMC,0.010900370612600827,0.04905166775670373,0.01848528913943575,ES,timed,899.0,-162.5,-215.0,0,0,-1,1,-1,1,0,2,-1,1,-1,1,1,-1,-1,1,0,0,-1,1,-1,1,0,0,0,0,-1,1,0,0,-1,1,-1,1,-1,1,0,0,1,-1,1,-1,-1,1,-1,1,-1,1,0,2,0,1,0,1,0,0,-1,1,-1,1,-1,1,1,-1,0,0,-1,1,1,-1,-1,1,-1,1,-1,1,1,-1,-1,1,0,2,-1,1,-1,1,-1,1,-1,1,-1,1,-1,1,-1,1,-1,1,-1,1,-1,1,-1,1,-1,1,-1,1,-1,1,-1,1,-1,1,-1,1,0,0,-1,1,0,0,0,0,0,0,0,0,-1,1,0,0,0,2,-1,1,0,2,-1,1,-1,1,-1,1,-1,1,-1,1,-1,1,-1,1,-1,1,-1,1,1,-1,-1,1,1,-1,0,0,0,0,-1,1,-1,1,-1,1,-1,0,-1,1,-1,1,0,0,-1,1,1,-1,-1,1,-1,1,-1,1,1,-1,0,0,0,0,0,0,-1,1,1,-1,1,-1,1,-1,1,-1,1,-1,-1,1,0,0,-1,1,-1,1,1,-1,-1,1,-1,1,-1,1,-1,1,-1,1,0,0,0,0,0,0,-1,1,-1,1,1,-1,1,-1,-1,1,-1,1,1,-1,0,0,1,-1,-1,1,-1,1,0,0,0,0,1,-1,-1,1,-1,1,-1,1,-1,1,-1,1,0,0,1,-1,0,0,-1,1,0,0,1,-1,-1,1,-1,1,0,0,-1,1,-1,1,0,2,-1,1,-1,1,-1,1,0,2,1,-1,-1,1,1,-1,0,0,1,-1,-1,1,-1,1,-1,1,-1,1,0,0,-1,1,-1,1
MU,2023-12-20 16:00:33,AMC,0.021053739670508973,0.047370914258645196,0.02461841457410143,ES,stopped_pre,-205.0,-238.01250000001346,-290.51250000001346,0,0,-1,1,-1,1,0,2,0,0,1,-1,-1,1,-1,1,1,-1,1,-1,1,-1,0,0,0,2,-1,1,0,0,-1,1,-1,1,-1,1,0,0,-1,1,0,0,0,0,-1,1,-1,1,0,0,0,-1,0,0,0,0,0,0,-1,1,-1,1,-1,1,0,0,1,-1,-1,1,1,-1,1,-1,-1,1,-1,1,-1,1,0,0,-1,1,-1,1,1,-1,-1,1,-1,1,0,0,-1,1,-1,1,-1,1,-1,1,0,0,-1,1,-1,1,-1,1,-1,1,-1,1,-1,1,0,0,-1,1,-1,1,0,0,0,0,0,0,-1,1,0,0,0,0,0,0,0,0,-1,1,-1,1,0,0,-1,1,-1,1,-1,1,-1,1,-1,1,-1,1,-1,1,1,-1,-1,1,0,0,0,2,-1,1,0,0,-1,1,-1,0,1,-1,-1,1,0,0,-1,1,1,-1,-1,1,-1,1,-1,1,1,-1,0,0,0,0,0,0,-1,1,-1,1,-1,1,-1,1,-1,1,-1,1,1,-1,0,0,-1,1,-1,1,-1,1,-1,1,1,-1,-1,1,-1,1,-1,1,0,0,0,0,0,0,-1,1,-1,1,1,-1,-1,1,-1,1,-1,1,1,-1,-1,1,1,-1,-1,1,-1,1,0,0,0,2,1,-1,-1,1,1,-1,-1,1,-1,1,-1,1,0,0,1,-1,0,0,0,0,-1,1,1,-1,1,-1,1,-1,0,0,1,-1,-1,1,0,2,-1,1,-1,1,1,-1,0,0,-1,1,-1,1,-1,1,-1,1,-1,1,-1,1,-1,1,-1,1,-1,1,0,0,0,0,-1,1
NFLX,2024-01-23 16:02:17,AMC,0.01021085413794864,0.03573798948282024,0.011497556769186549,ES,timed,900.0,137.5,85.0,0,0,1,-1,1,-1,0,2,1,-1,-1,1,1,-1,1,-1,0,0,1,-1,-1,1,0,0,0,0,1,-1,0,0,1,-1,1,-1,1,-1,0,0,1,-1,0,0,1,-1,1,-1,1,-1,0,0,0,-1,0,-1,0,0,0,0,1,-1,1,-1,1,-1,0,0,1,-1,1,-1,1,-1,1,-1,1,-1,1,-1,1,-1,0,0,1,-1,1,-1,1,-1,1,-1,1,-1,0,0,0,0,1,-1,1,-1,1,-1,0,0,1,-1,1,-1,1,-1,1,-1,1,-1,1,-1,1,-1,1,-1,1,-1,0,0,0,0,0,0,1,-1,0,0,0,0,1,-1,0,2,1,-1,1,-1,1,-1,0,0,1,-1,1,-1,1,-1,-1,1,1,-1,1,-1,1,-1,-1,1,0,0,0,0,1,-1,1,-1,1,-1,1,0,1,-1,1,-1,0,0,1,-1,1,-1,1,-1,-1,1,1,-1,-1,1,0,0,0,0,0,0,1,-1,1,-1,1,-1,1,-1,1,-1,1,-1,1,-1,0,0,1,-1,0,0,1,-1,1,-1,1,-1,1,-1,-1,1,1,-1,0,0,0,0,0,0,1,-1,1,-1,-1,1,1,-1,1,-1,1,-1,-1,1,0,0,1,-1,1,-1,-1,1,0,0,0,0,1,-1,1,-1,1,-1,1,-1,1,-1,1,-1,0,0,-1,1,0,0,1,-1,0,0,-1,1,1,-1,1,-1,0,0,1,-1,1,-1,0,0,1,-1,1,-1,1,-1,0,0,-1,1,1,-1,1,-1,1,-1,1,-1,1,-1,1,-1,1,-1,1,-1,0,0,1,-1,1,-1
INTC,2024-01-25 16:07:43,AMC,0.005079752108097125,0.010158988164778787,0.022438245586516196,ES,timed,898.0,-37.5,-90.0,0,2,1,-1,1,-1,1,0,1,-1,-1,1,1,-1,1,-1,1,-1,1,-1,-1,1,0,0,0,2,1,-1,0,0,1,-1,1,-1,1,-1,0,0,0,0,0,0,1,-1,1,-1,1,-1,0,0,0,-1,0,-1,0,0,0,0,1,-1,-1,1,-1,1,0,0,1,-1,1,-1,1,-1,1,-1,1,-1,-1,1,1,-1,0,0,1,-1,1,-1,1,-1,1,-1,1,-1,1,-1,0,0,0,0,1,-1,1,-1,1,-1,1,-1,1,-1,1,-1,1,-1,-1,1,1,-1,1,-1,1,-1,1,-1,0,0,0,0,1,-1,1,-1,0,0,0,0,1,-1,0,2,1,-1,1,-1,1,-1,1,-1,1,-1,1,-1,1,-1,-1,1,1,-1,1,-1,1,-1,-1,1,0,2,0,0,1,-1,1,-1,1,-1,1,0,1,-1,1,-1,0,0,1,-1,-1,1,1,-1,1,-1,1,-1,-1,1,0,0,0,0,0,0,1,-1,1,-1,1,-1,0,0,1,-1,1,-1,1,-1,0,0,1,-1,1,-1,1,-1,1,-1,1,-1,1,-1,-1,1,1,-1,0,0,0,0,0,0,1,-1,1,-1,-1,1,-1,1,1,-1,1,-1,-1,1,1,-1,1,-1,1,-1,-1,1,0,2,0,0,1,-1,1,-1,1,-1,1,-1,1,-1,1,-1,0,0,-1,1,0,0,1,-1,1,-1,-1,1,1,-1,1,-1,0,0,1,-1,1,-1,0,0,1,-1,1,-1,1,-1,0,0,-1,1,1,-1,1,-1,1,-1,-1,1,-1,1,1,-1,1,-1,1,-1,0,0,1,-1,1,-1
GOOGL,2024-01-30 16:01:26,AMC,0.04545684125460882,0.18181818181818182,0.02546905509805586,ES,stopped_post,53.0,-247.46249999998327,-299.96249999998327,0,0,-1,1,-1,1,0,2,1,-1,-1,1,1,-1,-1,1,-1,1,-1,1,-1,1,0,0,0,2,-1,1,0,0,-1,1,-1,1,-1,1,0,0,0,0,0,0,-1,1,-1,1,-1,1,0,0,0,1,0,1,0,0,-1,1,-1,1,-1,1,1,-1,0,0,1,-1,1,-1,-1,1,-1,1,-1,1,-1,1,-1,1,0,0,-1,1,-1,1,1,-1,-1,1,-1,1,-1,1,-1,1,-1,1,-1,1,-1,1,1,-1,1,-1,-1,1,-1,1,-1,1,-1,1,-1,1,-1,1,-1,1,-1,1,0,0,0,0,0,0,-1,1,0,0,0,0,0,0,0,0,-1,1,-1,1,-1,1,-1,1,-1,1,-1,1,-1,1,-1,1,-1,1,-1,1,1,-1,-1,1,0,0,0,2,-1,1,-1,1,-1,1,-1,0,-1,1,-1,1,0,0,-1,1,-1,1,-1,1,1,-1,-1,1,1,-1,0,0,0,0,0,0,-1,1,0,0,1,-1,0,0,1,-1,1,-1,-1,1,0,0,-1,1,-1,1,-1,1,-1,1,-1,1,0,0,-1,1,-1,1,0,0,0,0,0,0,-1,1,-1,1,-1,1,-1,1,-1,1,-1,1,-1,1,-1,1,1,-1,0,0,-1,1,0,0,0,0,1,-1,-1,1,1,-1,-1,1,-1,1,-1,1,0,0,1,-1,0,0,-1,1,-1,1,1,-1,1,-1,-1,1,0,0,-1,1,-1,1,0,0,-1,1,-1,1,1,-1,0,0,1,-1,-1,1,1,-1,-1,1,-1,1,-1,1,-1,1,-1,1,-1,1,0,0,0,0,-1,1
MSFT,2024-01-30 16:03:17,AMC,0.05563141657816214,0.04551661356395084,0.03286590709903593,ES,stopped_pre,-185.0,-247.51249999999345,-300.01249999999345,0,0,-1,1,-1,1,0,2,0,0,-1,1,-1,1,-1,1,0,0,-1,1,-1,1,0,0,0,2,-1,1,0,0,-1,1,-1,1,-1,1,0,0,-1,1,1,-1,-1,1,-1,1,-1,1,0,0,0,1,0,1,0,0,0,0,-1,1,-1,1,-1,1,0,0,-1,1,1,-1,-1,1,-1,1,-1,1,-1,1,-1,1,0,0,-1,1,-1,1,-1,1,-1,1,-1,1,-1,1,-1,1,-1,1,-1,1,-1,1,0,0,-1,1,-1,1,-1,1,-1,1,-1,1,-1,1,-1,1,-1,1,-1,1,0,0,0,0,-1,1,-1,1,0,0,0,0,-1,1,0,2,-1,1,-1,1,0,0,-1,1,-1,1,-1,1,-1,1,-1,1,-1,1,-1,1,-1,1,1,-1,0,0,0,2,-1,1,-1,1,-1,1,-1,0,-1,1,-1,1,0,0,-1,1,-1,1,-1,1,1,-1,-1,1,1,-1,0,0,0,0,0,0,-1,1,0,0,1,-1,0,0,1,-1,1,-1,-1,1,0,0,-1,1,1,-1,-1,1,-1,1,-1,1,0,0,1,-1,-1,1,0,0,0,0,0,0,-1,1,-1,1,-1,1,-1,1,-1,1,1,-1,1,-1,-1,1,-1,1,0,0,1,-1,0,0,0,0,1,-1,1,-1,1,-1,-1,1,-1,1,-1,1,0,0,1,-1,0,0,-1,1,-1,1,1,-1,-1,1,-1,1,0,0,-1,1,-1,1,0,0,-1,1,-1,1,1,-1,0,0,1,-1,-1,1,-1,1,-1,1,1,-1,-1,1,1,-1,-1,1,-1,1,0,0,-1,1,-1,1
AMD,2024-01-30 16:16:19,AMC,0.020234722784297856,0.0,0.014684287812041116,ES,timed,900.0,37.5,-15.0,0,0,1,-1,-1,1,-1,0,-1,1,1,-1,-1,1,-1,1,-1,1,-1,1,1,-1,0,0,0,0,-1,1,0,0,-1,1,-1,1,1,-1,0,0,0,0,0,0,0,0,-1,1,-1,1,0,0,0,1,0,1,0,0,0,0,-1,1,-1,1,-1,1,0,0,-1,1,0,0,-1,1,0,0,-1,1,-1,1,-1,1,0,0,-1,1,-1,1,-1,1,-1,1,-1,1,-1,1,0,0,0,0,-1,1,-1,1,-1,1,-1,1,1,-1,-1,1,-1,1,1,-1,-1,1,0,0,-1,1,-1,1,0,0,0,0,0,0,-1,1,0,0,0,0,0,0,0,0,-1,1,-1,1,-1,1,-1,1,1,-1,-1,1,-1,1,1,-1,-1,1,1,-1,-1,1,1,-1,0,2,0,0,-1,1,0,0,-1,1,-1,0,-1,1,-1,1,0,2,-1,1,-1,1,-1,1,1,-1,-1,1,1,-1,0,2,0,0,0,0,-1,1,0,0,-1,1,0,0,1,-1,-1,1,-1,1,0,0,-1,1,-1,1,-1,1,-1,1,-1,1,-1,1,1,-1,-1,1,0,0,0,0,0,0,-1,1,-1,1,1,-1,1,-1,1,-1,-1,1,1,-1,-1,1,-1,1,0,0,1,-1,0,0,0,0,1,-1,1,-1,-1,1,-1,1,-1,1,-1,1,0,0,-1,1,0,0,0,0,-1,1,1,-1,-1,1,-1,1,0,0,-1,1,-1,1,0,0,-1,1,-1,1,-1,1,0,0,1,-1,-1,1,-1,1,-1,1,-1,1,1,-1,1,-1,-1,1,-1,1,0,0,0,0,-1,1
AMZN,2024-02-01 16:06:02,AMC,0.05572441742654508,0.192492781520693,0.014045392277735002,ES,timed,900.0,737.5,685.0,0,0,1,-1,1,-1,0,2,0,0,1,-1,1,-1,1,-1,0,0,1,-1,-1,1,0,0,0,0,1,-1,0,0,1,-1,1,-1,1,-1,0,0,-1,1,0,0,1,-1,1,-1,1,-1,0,0,0,-1,0,-1,0,0,0,0,1,-1,1,-1,-1,1,0,0,1,-1,1,-1,1,-1,0,0,1,-1,1,-1,1,-1,0,0,1,-1,1,-1,1,-1,1,-1,1,-1,1,-1,1,-1,0,0,1,-1,1,-1,1,-1,-1,1,1,-1,1,-1,1,-1,1,-1,1,-1,0,0,1,-1,1,-1,0,0,0,0,0,0,1,-1,0,0,0,0,1,-1,0,0,1,-1,1,-1,0,0,0,0,1,-1,1,-1,1,-1,-1,1,1,-1,1,-1,1,-1,-1,1,0,0,0,2,1,-1,0,0,1,-1,1,0,1,-1,1,-1,0,2,1,-1,1,-1,1,-1,1,-1,1,-1,0,0,0,0,0,0,0,0,1,-1,1,-1,1,-1,1,-1,1,-1,1,-1,1,-1,0,0,1,-1,1,-1,1,-1,1,-1,1,-1,1,-1,1,-1,1,-1,0,0,0,0,0,0,1,-1,1,-1,-1,1,1,-1,1,-1,1,-1,-1,1,0,0,1,-1,1,-1,-1,1,0,0,0,0,-1,1,-1,1,-1,1,1,-1,1,-1,1,-1,0,0,-1,1,0,0,1,-1,0,0,-1,1,1,-1,1,-1,0,0,1,-1,1,-1,0,0,1,-1,1,-1,1,-1,0,0,1,-1,1,-1,1,-1,1,-1,1,-1,1,-1,-1,1,0,0,1,-1,0,0,1,-1,1,-1
META,2024-02-01 16:10:29,AMC,0.0303751328912064,0.1670547737167156,0.025426936091834107,ES,timed,899.0,525.0,472.5,0,0,1,-1,1,-1,1,0,1,-1,1,-1,1,-1,1,-1,0,0,1,-1,1,-1,0,0,0,0,1,-1,0,0,1,-1,1,-1,1,-1,0,0,0,0,0,0,1,-1,1,-1,1,-1,0,0,0,-1,0,-1,0,0,0,0,1,-1,1,-1,1,-1,0,0,1,-1,1,-1,1,-1,1,-1,1,-1,-1,1,1,-1,0,0,1,-1,1,-1,1,-1,1,-1,1,-1,1,-1,0,0,0,0,1,-1,1,-1,1,-1,1,-1,1,-1,1,-1,1,-1,-1,1,1,-1,0,0,1,-1,1,-1,0,0,0,0,1,-1,1,-1,0,0,0,0,0,0,0,0,1,-1,1,-1,1,-1,1,-1,1,-1,1,-1,1,-1,1,-1,1,-1,1,-1,1,-1,-1,1,0,0,0,0,1,-1,1,-1,1,-1,1,0,1,-1,1,-1,0,2,1,-1,1,-1,1,-1,1,-1,1,-1,-1,1,0,0,0,0,0,0,1,-1,1,-1,1,-1,1,-1,1,-1,1,-1,1,-1,0,0,1,-1,1,-1,1,-1,1,-1,1,-1,1,-1,-1,1,1,-1,0,0,0,0,0,0,1,-1,1,-1,1,-1,-1,1,1,-1,1,-1,-1,1,0,0,1,-1,1,-1,-1,1,0,0,0,0,-1,1,1,-1,-1,1,1,-1,1,-1,1,-1,0,0,-1,1,0,0,1,-1,0,0,-1,1,1,-1,1,-1,0,0,1,-1,1,-1,0,2,1,-1,1,-1,-1,1,0,0,-1,1,1,-1,1,-1,1,-1,1,-1,1,-1,1,-1,1,-1,1,-1,0,0,1,-1,1,-1
AAPL,2024-02-01 16:30:30,AMC,0.015152280418202938,0.11112233558945347,0.08391821788220934,ES,timed,900.0,475.0,422.5,0,0,-1,1,1,-1,1,0,1,-1,1,-1,1,-1,1,-1,0,0,1,-1,1,-1,0,0,0,2,1,-1,0,0,-1,1,1,-1,1,-1,0,0,0,0,-1,1,0,0,-1,1,1,-1,0,2,0,-1,0,-1,0,0,1,-1,1,-1,1,-1,1,-1,0,0,1,-1,1,-1,-1,1,0,0,1,-1,1,-1,-1,1,0,2,1,-1,1,-1,-1,1,1,-1,1,-1,0,0,0,0,0,0,1,-1,1,-1,1,-1,1,-1,-1,1,1,-1,1,-1,1,-1,1,-1,1,-1,1,-1,1,-1,0,0,0,0,0,0,1,-1,0,0,0,0,-1,1,0,0,1,-1,1,-1,1,-1,0,0,1,-1,1,-1,1,-1,1,-1,1,-1,-1,1,-1,1,1,-1,0,0,0,0,1,-1,0,0,1,-1,1,0,-1,1,1,-1,0,0,1,-1,1,-1,1,-1,1,-1,1,-1,0,0,0,2,0,0,0,0,1,-1,1,-1,1,-1,1,-1,1,-1,1,-1,-1,1,0,0,-1,1,-1,1,1,-1,1,-1,-1,1,1,-1,-1,1,1,-1,0,0,0,0,0,0,-1,1,-1,1,1,-1,-1,1,1,-1,1,-1,1,-1,1,-1,1,-1,1,-1,-1,1,0,0,0,0,-1,1,-1,1,1,-1,1,-1,1,-1,-1,1,0,0,1,-1,0,0,0,0,1,-1,-1,1,1,-1,1,-1,0,0,1,-1,1,-1,0,0,1,-1,1,-1,-1,1,0,0,-1,1,1,-1,1,-1,1,-1,1,-1,1,-1,-1,1,1,-1,1,-1,0,0,0,0,1,-1
NVDA,2024-02-21 16:22:09,AMC,0.06530038175607795,0.7082224119744839,0.03215127359572331,ES,tp,-79.0,998.7999999999829,946.2999999999829,0,0,-1,1,-1,1,1,0,0,0,1,-1,1,-1,1,-1,0,0,1,-1,1,-1,0,0,0,2,1,-1,0,0,1,-1,1,-1,1,-1,0,0,0,0,1,-1,0,0,1,-1,-1,1,0,2,0,-1,0,0,0,0,0,0,-1,1,1,-1,-1,1,0,0,-1,1,1,-1,-1,1,-1,1,-1,1,1,-1,-1,1,0,0,1,-1,1,-1,-1,1,-1,1,1,-1,0,0,1,-1,1,-1,1,-1,1,-1,1,-1,1,-1,1,-1,1,-1,1,-1,1,-1,1,-1,0,0,1,-1,1,-1,0,0,0,0,0,0,1,-1,0,0,0,2,0,0,0,0,1,-1,1,-1,1,-1,1,-1,1,-1,1,-1,1,-1,1,-1,1,-1,-1,1,-1,1,1,-1,0,0,0,0,-1,1,0,0,1,-1,1,0,-1,1,1,-1,0,0,1,-1,1,-1,-1,1,1,-1,-1,1,-1,1,0,0,0,0,0,0,1,-1,0,0,1,-1,0,0,1,-1,1,-1,-1,1,0,0,-1,1,1,-1,1,-1,-1,1,-1,1,1,-1,1,-1,0,0,0,0,0,0,0,0,-1,1,1,-1,1,-1,1,-1,1,-1,1,-1,1,-1,1,-1,-1,1,1,-1,-1,1,0,0,0,2,1,-1,1,-1,-1,1,1,-1,1,-1,1,-1,0,0,-1,1,0,0,0,0,1,-1,-1,1,-1,1,-1,1,0,0,-1,1,-1,1,0,0,-1,1,1,-1,-1,1,0,0,-1,1,1,-1,1,-1,0,0,-1,1,1,-1,1,-1,1,-1,-1,1,0,0,0,0,1,-1
AVGO,2024-03-07 16:18:09,AMC,0.04368295879240887,0.0339739856338575,0.018148820326678763,ES,stopped_pre,-132.0,-257.7624999999898,-310.2624999999898,0,0,-1,1,-1,1,-1,0,-1,1,-1,1,1,-1,-1,1,0,0,-1,1,-1,1,0,0,0,2,-1,1,0,0,-1,1,-1,1,-1,1,0,0,0,0,0,0,0,0,-1,1,-1,1,0,2,0,1,0,1,0,0,0,0,-1,1,1,-1,-1,1,0,0,-1,1,1,-1,-1,1,-1,1,-1,1,1,-1,-1,1,0,2,-1,1,-1,1,-1,1,-1,1,-1,1,-1,1,0,0,-1,1,-1,1,-1,1,-1,1,-1,1,-1,1,-1,1,-1,1,-1,1,-1,1,0,0,-1,1,0,0,0,0,0,0,-1,1,-1,1,0,0,0,0,0,0,0,0,-1,1,-1,1,-1,1,1,-1,1,-1,-1,1,-1,1,1,-1,-1,1,1,-1,-1,1,1,-1,0,0,0,0,-1,1,0,0,-1,1,-1,0,-1,1,-1,1,0,0,-1,1,1,-1,-1,1,1,-1,-1,1,0,0,0,0,0,0,0,0,-1,1,1,-1,1,-1,1,-1,1,-1,1,-1,-1,1,0,0,-1,1,1,-1,-1,1,-1,1,-1,1,-1,1,1,-1,-1,1,0,0,0,0,0,0,-1,1,-1,1,-1,1,1,-1,1,-1,-1,1,1,-1,-1,1,-1,1,-1,1,1,-1,0,0,0,0,1,-1,1,-1,1,-1,-1,1,-1,1,-1,1,0,0,1,-1,0,0,0,0,-1,1,1,-1,-1,1,-1,1,0,0,-1,1,-1,1,0,0,-1,1,-1,1,-1,1,0,2,1,-1,-1,1,1,-1,-1,1,1,-1,-1,1,1,-1,-1,1,-1,1,0,0,0,0,-1,1
MU,2024-03-20 16:00:45,AMC,0.03309692671394799,0.12765353883977115,0.022988404211442,ES,timed,900.0,650.0,597.5,0,0,1,-1,-1,1,0,2,-1,1,-1,1,1,-1,-1,1,-1,1,-1,1,-1,1,0,0,0,2,-1,1,0,0,1,-1,-1,1,1,-1,0,0,-1,1,1,-1,0,0,1,-1,-1,1,0,0,0,-1,0,0,0,0,0,0,-1,1,-1,1,-1,1,0,0,-1,1,1,-1,-1,1,-1,1,1,-1,-1,1,1,-1,0,0,-1,1,-1,1,-1,1,-1,1,-1,1,0,0,0,0,-1,1,-1,1,0,0,-1,1,-1,1,1,-1,-1,1,1,-1,1,-1,1,-1,0,0,-1,1,1,-1,0,0,0,0,0,0,0,0,0,0,0,0,0,0,0,0,-1,1,0,0,-1,1,0,0,1,-1,-1,1,-1,1,1,-1,-1,1,1,-1,-1,1,-1,1,0,0,0,0,-1,1,0,0,-1,1,-1,0,-1,1,-1,1,0,0,-1,1,-1,1,-1,1,1,-1,1,-1,0,0,0,0,0,0,0,0,-1,1,1,-1,1,-1,1,-1,1,-1,1,-1,-1,1,0,0,1,-1,0,0,1,-1,1,-1,1,-1,0,0,-1,1,-1,1,0,0,0,0,0,0,-1,1,-1,1,-1,1,-1,1,1,-1,1,-1,1,-1,-1,1,-1,1,0,0,-1,1,0,0,0,2,1,-1,-1,1,1,-1,1,-1,-1,1,1,-1,0,0,-1,1,0,0,0,0,-1,1,-1,1,-1,1,-1,1,0,0,1,-1,-1,1,0,0,-1,1,1,-1,1,-1,0,0,-1,1,-1,1,1,-1,-1,1,1,-1,-1,1,-1,1,-1,1,-1,1,0,0,0,0,-1,1
NFLX,2024-04-18 16:02:24,AMC,0.009894132779261898,0.08904279000742023,0.011263281527860066,ES,timed,898.0,100.0,47.5,0,0,-1,1,-1,1,0,2,1,-1,1,-1,-1,1,-1,1,0,0,-1,1,1,-1,0,0,0,2,-1,1,0,0,-1,1,-1,1,-1,1,0,0,1,-1,0,0,-1,1,-1,1,-1,1,0,0,0,-1,0,1,0,0,0,0,-1,1,-1,1,-1,1,0,0,-1,1,-1,1,-1,1,-1,1,-1,1,-1,1,-1,1,0,0,-1,1,-1,1,-1,1,-1,1,-1,1,0,0,0,0,0,0,-1,1,0,0,0,0,-1,1,-1,1,-1,1,1,-1,-1,1,-1,1,-1,1,-1,1,-1,1,0,0,0,0,0,0,0,0,0,0,0,0,-1,1,0,0,-1,1,0,0,0,0,1,-1,-1,1,-1,1,-1,1,-1,1,-1,1,-1,1,-1,1,1,-1,0,0,0,2,-1,1,-1,1,-1,1,-1,0,-1,1,-1,1,0,0,-1,1,1,-1,-1,1,-1,1,-1,1,0,0,0,0,0,0,0,0,-1,1,-1,1,-1,1,-1,1,-1,1,-1,1,-1,1,0,0,-1,1,0,0,1,-1,-1,1,-1,1,0,0,-1,1,-1,1,0,0,0,0,0,0,-1,1,-1,1,1,-1,-1,1,-1,1,1,-1,1,-1,0,0,-1,1,0,0,1,-1,0,0,0,0,-1,1,-1,1,1,-1,-1,1,-1,1,-1,1,0,0,1,-1,0,0,-1,1,0,0,-1,1,-1,1,-1,1,0,0,-1,1,-1,1,0,0,-1,1,-1,1,1,-1,0,0,1,-1,-1,1,-1,1,0,0,-1,1,-1,1,-1,1,0,0,-1,1,0,0,-1,1,-1,1
TSLA,2024-04-23 16:09:55,AMC,0.014682131845543973,0.08319874712474919,0.012062474516986724,ES,timed,894.0,225.0,172.5,0,0,1,-1,1,-1,0,2,-1,1,-1,1,1,-1,-1,1,0,0,1,-1,1,-1,0,0,0,0,1,-1,0,0,1,-1,1,-1,1,-1,0,0,-1,1,0,0,0,0,1,-1,1,-1,0,0,0,-1,0,0,0,0,0,0,1,-1,-1,1,-1,1,0,0,-1,1,1,-1,1,-1,0,0,1,-1,1,-1,1,-1,0,2,1,-1,1,-1,-1,1,0,0,-1,1,0,0,1,-1,-1,1,-1,1,0,0,-1,1,-1,1,1,-1,-1,1,-1,1,1,-1,1,-1,0,0,-1,1,0,0,0,0,0,0,0,0,-1,1,0,0,0,0,0,0,0,2,-1,1,-1,1,0,0,1,-1,1,-1,1,-1,1,-1,1,-1,1,-1,-1,1,-1,1,-1,1,0,0,0,2,-1,1,0,0,-1,1,-1,0,1,-1,-1,1,0,0,1,-1,1,-1,-1,1,1,-1,1,-1,-1,1,0,0,0,0,0,0,1,-1,1,-1,1,-1,1,-1,1,-1,1,-1,1,-1,0,0,1,-1,-1,1,-1,1,1,-1,1,-1,-1,1,1,-1,-1,1,0,0,0,0,0,0,1,-1,-1,1,1,-1,-1,1,1,-1,1,-1,-1,1,-1,1,-1,1,-1,1,1,-1,0,0,0,0,1,-1,0,0,-1,1,1,-1,-1,1,1,-1,0,0,-1,1,0,0,0,0,0,0,-1,1,-1,1,-1,1,0,2,1,-1,1,-1,0,0,-1,1,-1,1,1,-1,0,0,1,-1,1,-1,1,-1,0,0,1,-1,-1,1,0,0,0,0,1,-1,0,0,0,0,-1,1
META,2024-04-24 16:07:26,AMC,0.14240817128265568,0.28971274245028233,0.027930360301647892,ES,stopped_pre,-143.0,-255.34999999999854,-307.84999999999854,0,0,-1,1,-1,1,0,2,1,-1,1,-1,1,-1,1,-1,0,0,-1,1,1,-1,0,0,0,0,-1,1,0,0,-1,1,-1,1,-1,1,0,0,-1,1,0,0,0,0,-1,1,-1,1,0,0,0,-1,0,0,0,0,0,0,-1,1,-1,1,-1,1,0,0,1,-1,0,0,-1,1,-1,1,-1,1,-1,1,-1,1,0,0,-1,1,-1,1,-1,1,0,0,-1,1,0,0,0,0,1,-1,-1,1,0,0,1,-1,1,-1,-1,1,1,-1,1,-1,-1,1,-1,1,0,0,-1,1,-1,1,0,0,0,0,0,0,0,0,0,0,0,0,-1,1,0,0,-1,1,0,0,0,0,0,0,-1,1,-1,1,-1,1,-1,1,-1,1,-1,1,-1,1,-1,1,0,0,0,2,-1,1,-1,1,-1,1,-1,0,-1,1,-1,1,0,0,-1,1,-1,1,-1,1,1,-1,-1,1,0,0,0,0,0,0,0,0,-1,1,0,0,1,-1,0,0,1,-1,1,-1,-1,1,0,0,-1,1,1,-1,-1,1,-1,1,-1,1,1,-1,-1,1,-1,1,0,0,0,0,0,0,-1,1,-1,1,1,-1,-1,1,-1,1,1,-1,1,-1,0,0,-1,1,1,-1,-1,1,0,0,0,2,-1,1,0,0,1,-1,-1,1,1,-1,-1,1,0,0,1,-1,0,0,-1,1,0,0,-1,1,-1,1,-1,1,0,2,-1,1,-1,1,0,0,-1,1,1,-1,1,-1,0,0,-1,1,-1,1,1,-1,0,0,-1,1,1,-1,0,0,0,0,-1,1,0,0,-1,1,-1,1
GOOGL,2024-04-25 16:01:35,AMC,0.04419129922419719,0.6972404988706669,0.029085083467929172,ES,tp,64.0,1016.1999999999807,963.6999999999807,0,0,1,-1,1,-1,-1,0,-1,1,1,-1,1,-1,-1,1,0,0,-1,1,1,-1,0,0,0,0,-1,1,0,0,1,-1,1,-1,1,-1,0,0,-1,1,0,0,0,0,1,-1,1,-1,0,2,0,-1,0,0,0,2,1,-1,1,-1,1,-1,-1,1,0,0,-1,1,-1,1,1,-1,0,0,1,-1,1,-1,1,-1,0,0,-1,1,1,-1,-1,1,-1,1,-1,1,0,0,1,-1,-1,1,-1,1,-1,1,-1,1,1,-1,1,-1,-1,1,-1,1,1,-1,1,-1,1,-1,1,-1,0,0,0,0,0,0,0,0,-1,1,0,0,0,0,1,-1,0,0,-1,1,0,0,-1,1,0,0,1,-1,-1,1,1,-1,1,-1,-1,1,1,-1,-1,1,-1,1,0,0,0,0,1,-1,0,0,-1,1,1,0,1,-1,-1,1,0,0,1,-1,1,-1,1,-1,1,-1,1,-1,0,0,0,0,0,0,0,0,1,-1,0,0,-1,1,0,0,-1,1,-1,1,1,-1,0,0,-1,1,0,0,1,-1,1,-1,1,-1,0,0,-1,1,1,-1,0,0,0,0,0,0,1,-1,-1,1,-1,1,1,-1,1,-1,1,-1,1,-1,0,0,-1,1,0,0,1,-1,0,0,0,2,-1,1,1,-1,-1,1,1,-1,-1,1,1,-1,0,0,-1,1,0,0,0,0,0,0,-1,1,-1,1,-1,1,0,0,1,-1,1,-1,0,2,1,-1,-1,1,1,-1,0,0,-1,1,1,-1,1,-1,0,0,-1,1,-1,1,1,-1,0,0,-1,1,0,0,0,0,1,-1
MSFT,2024-04-25 16:03:19,AMC,0.21550668560513297,0.40652397511877353,0.033483251929739624,ES,tp,-36.0,1016.4000000000215,963.9000000000215,0,0,1,-1,1,-1,1,0,-1,1,1,-1,1,-1,-1,1,0,0,-1,1,-1,1,0,0,0,2,-1,1,0,0,1,-1,1,-1,1,-1,0,0,-1,1,0,0,1,-1,1,-1,1,-1,0,0,0,-1,0,0,0,0,0,0,1,-1,1,-1,-1,1,0,0,1,-1,-1,1,1,-1,0,0,1,-1,1,-1,1,-1,0,0,1,-1,1,-1,1,-1,1,-1,-1,1,1,-1,1,-1,1,-1,-1,1,0,0,0,0,1,-1,1,-1,1,-1,-1,1,1,-1,1,-1,1,-1,1,-1,0,0,0,0,0,0,0,0,0,0,0,0,0,0,1,-1,0,0,-1,1,0,0,-1,1,1,-1,1,-1,1,-1,1,-1,1,-1,1,-1,1,-1,1,-1,-1,1,0,0,0,2,1,-1,0,0,1,-1,1,0,1,-1,-1,1,0,0,1,-1,1,-1,1,-1,1,-1,1,-1,0,0,0,0,0,0,0,0,1,-1,0,0,-1,1,0,0,-1,1,-1,1,1,-1,0,0,1,-1,1,-1,-1,1,1,-1,1,-1,1,-1,-1,1,1,-1,0,0,0,0,0,0,1,-1,1,-1,-1,1,1,-1,1,-1,1,-1,-1,1,0,0,-1,1,0,0,-1,1,0,0,0,2,-1,1,1,-1,-1,1,1,-1,-1,1,1,-1,0,0,-1,1,0,0,0,0,0,0,-1,1,-1,1,1,-1,0,0,1,-1,1,-1,0,2,1,-1,1,-1,1,-1,0,0,1,-1,1,-1,1,-1,0,0,1,-1,-1,1,1,-1,0,0,-1,1,0,0,1,-1,1,-1
INTC,2024-04-25 16:09:45,AMC,0.019506485906563932,0.024383107383204917,0.021803117845851958,ES,timed,900.0,87.5,35.0,0,2,1,-1,1,-1,1,0,0,0,1,-1,1,-1,1,-1,1,-1,1,-1,1,-1,0,0,0,0,1,-1,0,0,1,-1,1,-1,1,-1,0,1,1,-1,0,0,1,-1,1,-1,1,-1,0,0,0,-1,0,-1,0,0,1,-1,1,-1,-1,1,-1,1,0,0,1,-1,1,-1,1,-1,1,-1,1,-1,-1,1,1,-1,0,0,1,-1,1,-1,1,-1,1,-1,1,-1,1,-1,1,-1,1,-1,1,-1,1,-1,1,-1,1,-1,1,-1,1,-1,1,-1,1,-1,1,-1,1,-1,1,-1,1,-1,0,0,0,0,0,0,1,-1,0,0,0,0,1,-1,0,0,1,-1,1,-1,1,-1,1,-1,1,-1,1,-1,1,-1,-1,1,1,-1,1,-1,1,-1,-1,1,0,2,0,0,1,-1,1,-1,1,-1,1,0,1,-1,1,-1,0,2,1,-1,-1,1,1,-1,1,-1,1,-1,-1,1,0,2,0,0,0,0,-1,1,1,-1,1,-1,1,-1,1,-1,1,-1,1,-1,0,0,1,-1,-1,1,1,-1,1,-1,1,-1,1,-1,-1,1,1,-1,0,0,0,0,0,0,1,-1,-1,1,-1,1,-1,1,1,-1,-1,1,-1,1,0,0,1,-1,1,-1,-1,1,0,2,0,0,-1,1,-1,1,-1,1,1,-1,1,-1,1,-1,0,0,-1,1,0,0,1,-1,0,0,-1,1,1,-1,1,-1,0,0,1,-1,1,-1,0,2,-1,1,1,-1,1,-1,0,0,-1,1,1,-1,1,-1,1,-1,-1,1,-1,1,-1,1,1,-1,1,-1,0,0,1,-1,-1,1
AMZN,2024-04-30 16:10:34,AMC,0.03455254454810208,0.12340803633132591,0.016540773005458455,ES,stopped_pre,-163.0,-253.42500000001564,-305.92500000001564,0,0,1,-1,-1,1,-1,0,-1,1,1,-1,-1,1,-1,1,0,0,-1,1,-1,1,0,0,0,0,-1,1,0,0,-1,1,-1,1,1,-1,0,0,0,0,0,0,0,0,-1,1,-1,1,0,0,0,-1,0,-1,0,0,0,0,-1,1,-1,1,1,-1,0,0,-1,1,-1,1,-1,1,0,0,-1,1,1,-1,1,-1,0,0,-1,1,-1,1,-1,1,-1,1,-1,1,0,0,0,0,1,-1,-1,1,-1,1,-1,1,-1,1,1,-1,-1,1,-1,1,1,-1,-1,1,0,0,-1,1,0,0,0,0,0,0,0,0,-1,1,0,0,0,0,0,0,0,0,-1,1,-1,1,-1,1,1,-1,1,-1,-1,1,1,-1,1,-1,-1,1,-1,1,-1,1,1,-1,0,0,0,0,-1,1,0,0,-1,1,-1,0,-1,1,-1,1,0,2,-1,1,1,-1,-1,1,-1,1,-1,1,0,0,0,0,0,0,0,0,-1,1,-1,1,-1,1,-1,1,-1,1,-1,1,-1,1,0,0,-1,1,1,-1,-1,1,-1,1,1,-1,-1,1,1,-1,-1,1,0,0,0,0,0,0,-1,1,-1,1,-1,1,1,-1,1,-1,-1,1,1,-1,-1,1,-1,1,-1,1,-1,1,0,0,0,0,-1,1,-1,1,-1,1,1,-1,-1,1,-1,1,0,0,1,-1,0,0,0,0,-1,1,1,-1,-1,1,-1,1,0,0,-1,1,-1,1,0,0,-1,1,-1,1,-1,1,0,0,1,-1,-1,1,-1,1,-1,1,1,-1,-1,1,-1,1,-1,1,-1,1,0,0,0,0,-1,1
AMD,2024-04-30 16:16:31,AMC,0.044462009682837665,0.0938642426637684,0.015597055578465663,ES,stopped_pre,-79.0,-253.18750000001273,-305.68750000001273,0,0,1,-1,-1,1,-1,0,-1,1,-1,1,-1,1,-1,1,0,0,-1,1,-1,1,0,0,0,0,-1,1,0,0,1,-1,-1,1,-1,1,0,0,0,0,0,0,0,0,-1,1,-1,1,0,0,0,-1,0,1,0,0,-1,1,-1,1,-1,1,-1,1,0,0,-1,1,-1,1,-1,1,-1,1,-1,1,1,-1,1,-1,0,2,-1,1,-1,1,1,-1,-1,1,-1,1,0,0,-1,1,-1,1,-1,1,-1,1,-1,1,-1,1,-1,1,-1,1,-1,1,-1,1,-1,1,0,0,-1,1,-1,1,0,0,0,0,0,0,-1,1,0,0,0,0,0,0,0,0,-1,1,-1,1,-1,1,0,0,-1,1,-1,1,-1,1,-1,1,-1,1,1,-1,-1,1,1,-1,0,2,0,0,-1,1,0,0,-1,1,-1,0,-1,1,-1,1,0,2,-1,1,1,-1,-1,1,-1,1,-1,1,0,0,0,2,0,0,0,0,-1,1,-1,1,-1,1,-1,1,-1,1,-1,1,-1,1,0,0,-1,1,1,-1,-1,1,-1,1,1,-1,-1,1,1,-1,1,-1,0,0,0,0,0,0,-1,1,1,-1,-1,1,-1,1,1,-1,1,-1,1,-1,-1,1,-1,1,-1,1,-1,1,0,0,0,0,1,-1,-1,1,-1,1,-1,1,-1,1,-1,1,0,0,1,-1,0,0,0,0,-1,1,1,-1,-1,1,-1,1,0,0,-1,1,-1,1,0,2,-1,1,-1,1,-1,1,0,0,1,-1,-1,1,-1,1,-1,1,1,-1,-1,1,-1,1,-1,1,-1,1,0,0,-1,1,-1,1
AAPL,2024-05-02 16:30:34,AMC,0.24550721791220662,0.3878823587175333,0.07889665091558418,ES,tp,-31.0,1018.1500000000142,965.6500000000142,0,0,-1,1,1,-1,0,2,0,0,1,-1,1,-1,1,-1,0,0,1,-1,-1,1,0,2,0,2,1,-1,0,0,1,-1,-1,1,1,-1,0,0,1,-1,-1,1,0,0,1,-1,1,-1,0,2,0,-1,0,0,0,0,1,-1,-1,1,-1,1,1,-1,0,0,-1,1,1,-1,-1,1,0,0,1,-1,-1,1,1,-1,0,0,1,-1,1,-1,-1,1,-1,1,-1,1,0,0,1,-1,-1,1,1,-1,1,-1,1,-1,-1,1,1,-1,1,-1,1,-1,1,-1,1,-1,0,0,1,-1,0,0,0,2,0,2,0,0,1,-1,0,0,0,2,0,0,0,0,1,-1,1,-1,-1,1,0,0,1,-1,1,-1,-1,1,1,-1,1,-1,-1,1,-1,1,1,-1,0,0,0,0,-1,1,0,0,-1,1,-1,0,-1,1,-1,1,0,0,1,-1,-1,1,-1,1,1,-1,-1,1,0,0,0,0,0,2,0,0,1,-1,0,0,1,-1,0,0,1,-1,1,-1,-1,1,0,0,-1,1,-1,1,-1,1,-1,1,-1,1,1,-1,1,-1,0,0,0,2,0,0,0,0,-1,1,1,-1,-1,1,-1,1,1,-1,-1,1,1,-1,0,0,-1,1,1,-1,-1,1,0,0,0,2,1,-1,1,-1,-1,1,1,-1,1,-1,1,-1,0,0,-1,1,0,0,1,-1,0,0,-1,1,-1,1,-1,1,0,2,-1,1,-1,1,0,2,1,-1,1,-1,-1,1,0,2,-1,1,-1,1,1,-1,0,0,1,-1,-1,1,1,-1,1,-1,-1,1,0,2,0,0,-1,1
NVDA,2024-05-22 16:21:29,AMC,0.14500210486926424,0.34144059869036486,0.03415300546448088,ES,stopped_pre,-82.0,-266.3625000000138,-318.8625000000138,0,0,-1,1,1,-1,1,0,1,-1,1,-1,1,-1,1,-1,0,0,1,-1,1,-1,0,0,0,0,1,-1,0,0,-1,1,1,-1,1,-1,0,0,0,0,0,0,0,0,-1,1,1,-1,0,2,0,-1,0,-1,0,0,1,-1,1,-1,-1,1,1,-1,0,0,1,-1,-1,1,-1,1,0,0,1,-1,-1,1,-1,1,0,0,1,-1,-1,1,-1,1,1,-1,1,-1,0,0,1,-1,-1,1,1,-1,1,-1,0,0,-1,1,-1,1,1,-1,1,-1,-1,1,1,-1,0,0,-1,1,-1,1,0,0,0,0,0,0,1,-1,0,0,0,0,0,0,0,0,1,-1,1,-1,1,-1,0,0,1,-1,1,-1,-1,1,-1,1,1,-1,-1,1,-1,1,1,-1,0,0,0,2,-1,1,0,0,1,-1,-1,0,-1,1,1,-1,0,0,1,-1,1,-1,-1,1,1,-1,1,-1,0,0,0,0,0,0,0,0,-1,1,-1,1,-1,1,0,0,-1,1,-1,1,-1,1,0,0,-1,1,-1,1,-1,1,1,-1,-1,1,1,-1,1,-1,-1,1,0,0,0,0,0,0,-1,1,1,-1,1,-1,-1,1,-1,1,1,-1,1,-1,0,0,-1,1,0,0,1,-1,0,0,0,2,1,-1,-1,1,1,-1,-1,1,1,-1,-1,1,0,0,1,-1,0,0,-1,1,0,0,-1,1,1,-1,-1,1,0,0,1,-1,1,-1,0,0,1,-1,1,-1,-1,1,0,2,-1,1,-1,1,1,-1,1,-1,1,-1,1,-1,-1,1,0,0,1,-1,0,0,-1,1,-1,1
AVGO,2024-06-12 16:19:05,AMC,0.009204289198766626,0.018409425625920472,0.01848528913943575,ES,timed,895.0,362.5,310.0,0,0,-1,1,-1,1,0,2,-1,1,-1,1,-1,1,-1,1,0,0,1,-1,-1,1,0,2,0,2,1,-1,0,0,1,-1,-1,1,-1,1,0,0,-1,1,0,0,0,0,1,-1,-1,1,0,2,0,-1,0,1,0,0,-1,1,-1,1,-1,1,-1,1,0,0,-1,1,1,-1,1,-1,0,0,-1,1,-1,1,1,-1,0,0,-1,1,-1,1,1,-1,-1,1,-1,1,0,0,-1,1,-1,1,-1,1,-1,1,0,0,-1,1,-1,1,-1,1,-1,1,-1,1,-1,1,0,0,-1,1,-1,1,0,2,0,2,0,0,-1,1,0,0,0,2,-1,1,0,0,1,-1,-1,1,-1,1,-1,1,-1,1,-1,1,-1,1,1,-1,-1,1,1,-1,-1,1,1,-1,0,0,0,0,1,-1,0,0,-1,1,-1,0,-1,1,-1,1,0,0,-1,1,1,-1,1,-1,-1,1,-1,1,1,-1,0,0,0,2,0,0,-1,1,1,-1,1,-1,1,-1,1,-1,1,-1,-1,1,0,0,-1,1,1,-1,-1,1,-1,1,-1,1,-1,1,-1,1,1,-1,0,2,0,0,0,0,1,-1,-1,1,-1,1,-1,1,-1,1,-1,1,-1,1,0,0,1,-1,-1,1,1,-1,0,0,0,2,1,-1,1,-1,-1,1,-1,1,1,-1,-1,1,0,0,1,-1,0,0,0,0,0,0,1,-1,-1,1,-1,1,0,0,-1,1,-1,1,0,2,-1,1,-1,1,-1,1,0,2,1,-1,-1,1,-1,1,0,0,1,-1,-1,1,1,-1,-1,1,-1,1,0,2,-1,1,-1,1
MU,2024-06-26 16:00:36,AMC,0.06766815536608473,0.11278534692772714,0.02461841457410143,ES,stopped_pre,-21.0,-277.1624999999858,-329.6624999999858,0,2,1,-1,1,-1,0,2,1,-1,1,-1,1,-1,1,-1,1,-1,1,-1,1,-1,0,0,0,2,1,-1,0,0,1,-1,1,-1,1,-1,0,1,1,-1,0,0,1,-1,1,-1,1,-1,0,0,0,-1,0,-1,0,0,1,-1,1,-1,1,-1,-1,1,0,0,1,-1,1,-1,1,-1,1,-1,1,-1,-1,1,1,-1,0,0,1,-1,1,-1,1,-1,1,-1,1,-1,1,-1,1,-1,1,-1,1,-1,1,-1,1,-1,1,-1,1,-1,1,-1,1,-1,1,-1,1,-1,1,-1,1,-1,1,-1,0,0,0,0,0,0,1,-1,0,0,0,0,1,-1,0,0,1,-1,1,-1,1,-1,1,-1,1,-1,1,-1,1,-1,-1,1,1,-1,1,-1,1,-1,-1,1,0,2,0,0,1,-1,1,-1,1,-1,1,0,1,-1,1,-1,0,0,1,-1,-1,1,1,-1,1,-1,1,-1,-1,1,0,2,0,0,0,0,-1,1,0,0,1,-1,0,0,1,-1,1,-1,1,-1,0,0,1,-1,1,-1,1,-1,1,-1,1,-1,1,-1,-1,1,1,-1,0,0,0,0,0,0,1,-1,-1,1,-1,1,-1,1,1,-1,-1,1,-1,1,1,-1,1,-1,1,-1,-1,1,0,2,0,0,-1,1,-1,1,1,-1,1,-1,1,-1,1,-1,0,0,-1,1,0,0,1,-1,1,-1,-1,1,1,-1,1,-1,0,0,1,-1,1,-1,0,0,-1,1,1,-1,1,-1,0,0,-1,1,1,-1,1,-1,1,-1,-1,1,-1,1,-1,1,1,-1,1,-1,0,0,1,-1,-1,1
NFLX,2024-07-18 16:01:22,AMC,0.008936151199678298,0.049146635689393266,0.011029006286533584,ES,stopped_pre,-263.0,-279.82499999998254,-332.32499999998254,0,0,-1,1,1,-1,1,0,1,-1,1,-1,-1,1,1,-1,1,-1,1,-1,1,-1,0,0,0,2,1,-1,0,0,-1,1,1,-1,1,-1,0,0,0,0,1,-1,0,0,-1,1,-1,1,0,0,0,-1,0,-1,0,0,0,0,1,-1,1,-1,1,-1,0,0,1,-1,-1,1,-1,1,1,-1,-1,1,1,-1,-1,1,0,0,1,-1,1,-1,1,-1,1,-1,1,-1,0,0,1,-1,-1,1,1,-1,1,-1,1,-1,1,-1,-1,1,1,-1,1,-1,-1,1,1,-1,0,0,1,-1,-1,1,0,0,0,0,0,0,1,-1,0,0,0,0,0,0,0,0,1,-1,1,-1,1,-1,1,-1,1,-1,1,-1,1,-1,-1,1,1,-1,-1,1,1,-1,-1,1,0,0,0,0,-1,1,1,-1,1,-1,1,0,-1,1,1,-1,0,0,1,-1,1,-1,1,-1,-1,1,-1,1,0,0,0,0,0,0,0,0,1,-1,-1,1,-1,1,-1,1,-1,1,-1,1,-1,1,0,0,-1,1,-1,1,1,-1,1,-1,-1,1,0,0,1,-1,1,-1,0,0,0,0,0,0,-1,1,1,-1,-1,1,1,-1,-1,1,-1,1,1,-1,1,-1,1,-1,0,0,-1,1,0,0,0,0,-1,1,1,-1,1,-1,1,-1,-1,1,1,-1,0,0,1,-1,0,0,1,-1,1,-1,-1,1,1,-1,-1,1,0,0,-1,1,1,-1,0,0,1,-1,1,-1,1,-1,0,0,1,-1,1,-1,-1,1,1,-1,-1,1,1,-1,1,-1,1,-1,1,-1,0,0,1,-1,1,-1
GOOGL,2024-07-23 16:01:54,AMC,0.06246932310026326,0.13386283521484985,0.032701111837802485,ES,timed,900.0,50.0,-2.5,0,2,-1,1,-1,1,-1,0,-1,1,-1,1,-1,1,-1,1,-1,1,-1,1,-1,1,0,0,0,0,-1,1,0,0,-1,1,-1,1,-1,1,0,-1,1,-1,0,0,-1,1,-1,1,-1,1,0,0,0,1,0,1,0,0,-1,1,-1,1,-1,1,1,-1,0,0,-1,1,0,0,-1,1,-1,1,-1,1,1,-1,-1,1,0,2,-1,1,-1,1,-1,1,-1,1,-1,1,-1,1,-1,1,0,0,-1,1,-1,1,-1,1,-1,1,-1,1,-1,1,-1,1,-1,1,-1,1,-1,1,-1,1,-1,1,0,0,0,0,0,0,-1,1,0,0,0,0,-1,1,0,0,-1,1,-1,1,-1,1,-1,1,-1,1,-1,1,-1,1,1,-1,-1,1,-1,1,-1,1,-1,1,0,2,0,0,-1,1,-1,1,-1,1,-1,0,-1,1,-1,1,0,2,-1,1,-1,1,-1,1,1,-1,-1,1,0,0,0,2,0,0,0,0,-1,1,0,0,-1,1,0,0,-1,1,-1,1,-1,1,0,0,-1,1,-1,1,-1,1,-1,1,-1,1,-1,1,1,-1,-1,1,0,0,0,0,0,0,-1,1,1,-1,-1,1,1,-1,-1,1,-1,1,1,-1,-1,1,1,-1,-1,1,1,-1,0,2,0,0,-1,1,1,-1,-1,1,-1,1,-1,1,-1,1,0,0,1,-1,0,0,-1,1,-1,1,1,-1,-1,1,-1,1,0,0,-1,1,-1,1,0,0,1,-1,-1,1,1,-1,0,0,1,-1,-1,1,-1,1,-1,1,1,-1,-1,1,1,-1,-1,1,-1,1,0,0,-1,1,1,-1
TSLA,2024-07-23 16:32:27,AMC,0.00892458723784025,0.049085229808121376,0.012408487405385284,ES,timed,896.0,100.0,47.5,0,0,1,-1,1,-1,0,2,0,0,1,-1,-1,1,1,-1,0,0,-1,1,1,-1,0,0,0,2,1,-1,0,0,1,-1,1,-1,1,-1,0,0,-1,1,-1,1,0,0,1,-1,1,-1,0,2,0,-1,0,0,0,0,0,0,-1,1,1,-1,1,-1,0,0,1,-1,1,-1,1,-1,1,-1,1,-1,-1,1,1,-1,0,0,1,-1,1,-1,1,-1,1,-1,1,-1,1,-1,0,0,0,0,1,-1,0,0,0,0,1,-1,1,-1,1,-1,-1,1,1,-1,1,-1,1,-1,1,-1,0,0,0,0,0,2,0,0,0,0,0,0,0,2,0,0,0,2,1,-1,0,0,-1,1,0,0,1,-1,1,-1,1,-1,-1,1,1,-1,1,-1,1,-1,-1,1,0,0,0,2,1,-1,1,-1,1,-1,1,0,1,-1,-1,1,0,0,1,-1,1,-1,1,-1,1,-1,1,-1,0,0,0,0,0,2,0,0,1,-1,0,0,1,-1,0,0,1,-1,1,-1,1,-1,0,0,-1,1,1,-1,-1,1,1,-1,1,-1,0,0,1,-1,1,-1,0,2,0,0,0,0,1,-1,1,-1,1,-1,1,-1,1,-1,1,-1,-1,1,0,0,1,-1,0,0,-1,1,0,0,0,0,-1,1,-1,1,1,-1,1,-1,1,-1,1,-1,0,0,-1,1,0,0,1,-1,0,0,1,-1,1,-1,1,-1,0,0,1,-1,-1,1,0,2,1,-1,1,-1,-1,1,0,2,1,-1,1,-1,-1,1,0,0,1,-1,1,-1,-1,1,0,0,-1,1,0,2,1,-1,1,-1
MSFT,2024-07-30 16:03:22,AMC,0.059794857642242766,0.23917943056897106,0.03410059676044331,ES,stopped_pre,-231.0,-273.9875000000211,-326.4875000000211,0,0,-1,1,1,-1,1,0,1,-1,-1,1,1,-1,1,-1,0,0,1,-1,-1,1,0,0,0,2,1,-1,0,0,-1,1,-1,1,-1,1,0,0,0,0,1,-1,0,0,-1,1,1,-1,0,0,0,-1,0,-1,0,0,-1,1,1,-1,1,-1,1,-1,0,0,1,-1,-1,1,1,-1,0,0,1,-1,1,-1,-1,1,0,2,1,-1,-1,1,1,-1,1,-1,1,-1,0,0,-1,1,-1,1,1,-1,1,-1,1,-1,1,-1,-1,1,1,-1,1,-1,-1,1,1,-1,0,0,-1,1,0,0,0,0,0,0,0,0,1,-1,0,0,0,0,0,0,0,0,1,-1,1,-1,1,-1,1,-1,-1,1,1,-1,-1,1,-1,1,1,-1,-1,1,1,-1,-1,1,0,0,0,0,1,-1,0,0,1,-1,1,0,-1,1,1,-1,0,2,-1,1,1,-1,1,-1,1,-1,1,-1,-1,1,0,0,0,0,0,0,-1,1,0,0,-1,1,0,0,-1,1,-1,1,-1,1,0,0,-1,1,0,0,1,-1,1,-1,-1,1,1,-1,-1,1,-1,1,0,0,0,0,0,0,-1,1,1,-1,1,-1,1,-1,-1,1,1,-1,1,-1,1,-1,1,-1,1,-1,-1,1,0,0,0,0,1,-1,1,-1,1,-1,-1,1,1,-1,-1,1,0,0,1,-1,0,0,0,0,1,-1,-1,1,1,-1,1,-1,0,0,1,-1,1,-1,0,0,1,-1,1,-1,1,-1,0,0,-1,1,1,-1,1,-1,0,0,1,-1,1,-1,1,-1,0,0,1,-1,0,0,0,0,1,-1
AMD,2024-07-30 16:17:15,AMC,0.08255744622299684,0.013759574370499473,0.01650982334489021,ES,timed,900.0,425.0,372.5,0,0,1,-1,-1,1,-1,0,-1,1,1,-1,-1,1,-1,1,0,0,-1,1,1,-1,0,0,0,0,-1,1,0,0,1,-1,-1,1,1,-1,0,0,0,0,-1,1,0,0,1,-1,-1,1,0,2,0,-1,0,1,0,0,0,0,-1,1,1,-1,-1,1,0,0,-1,1,-1,1,-1,1,0,0,-1,1,1,-1,1,-1,0,2,-1,1,-1,1,-1,1,-1,1,-1,1,0,0,0,0,0,0,-1,1,-1,1,-1,1,-1,1,1,-1,-1,1,-1,1,1,-1,-1,1,-1,1,1,-1,0,0,0,0,0,0,0,0,-1,1,0,0,0,0,0,0,0,0,-1,1,-1,1,-1,1,0,0,1,-1,-1,1,-1,1,1,-1,-1,1,1,-1,-1,1,-1,1,0,0,0,0,-1,1,0,0,-1,1,-1,0,-1,1,-1,1,0,2,-1,1,1,-1,1,-1,-1,1,-1,1,0,0,0,0,0,0,0,0,-1,1,-1,1,-1,1,-1,1,-1,1,-1,1,-1,1,0,0,-1,1,0,0,1,-1,-1,1,-1,1,-1,1,1,-1,1,-1,0,0,0,0,0,0,-1,1,-1,1,1,-1,1,-1,1,-1,1,-1,1,-1,-1,1,-1,1,0,0,1,-1,0,0,0,0,-1,1,-1,1,1,-1,1,-1,-1,1,1,-1,0,0,-1,1,0,0,0,0,-1,1,1,-1,-1,1,-1,1,0,0,-1,1,-1,1,0,0,1,-1,-1,1,-1,1,0,0,1,-1,-1,1,-1,1,-1,1,-1,1,-1,1,-1,1,-1,1,-1,1,0,0,0,0,-1,1
META,2024-07-31 16:11:20,AMC,0.03140280830828586,0.09420419881571863,0.02911822591302215,ES,stopped_pre,-271.0,-287.5,-340.0,0,0,1,-1,-1,1,0,2,0,0,1,-1,1,-1,1,-1,0,0,1,-1,1,-1,0,0,0,2,1,-1,0,0,1,-1,1,-1,1,-1,0,1,-1,1,0,0,1,-1,1,-1,-1,1,0,0,0,-1,0,-1,0,0,1,-1,-1,1,1,-1,1,-1,0,0,1,-1,1,-1,1,-1,1,-1,-1,1,-1,1,1,-1,0,0,1,-1,1,-1,1,-1,1,-1,1,-1,1,-1,1,-1,-1,1,1,-1,1,-1,0,0,1,-1,1,-1,1,-1,1,-1,1,-1,1,-1,1,-1,1,-1,0,0,0,0,0,0,0,0,1,-1,0,0,0,0,1,-1,0,0,1,-1,1,-1,1,-1,1,-1,1,-1,1,-1,1,-1,1,-1,1,-1,1,-1,1,-1,-1,1,0,0,0,2,1,-1,1,-1,1,-1,1,0,1,-1,1,-1,0,0,1,-1,-1,1,1,-1,1,-1,-1,1,1,-1,0,0,0,0,0,0,1,-1,1,-1,1,-1,1,-1,1,-1,1,-1,1,-1,0,0,1,-1,0,0,-1,1,1,-1,1,-1,0,0,1,-1,1,-1,0,0,0,0,0,0,1,-1,1,-1,-1,1,1,-1,1,-1,1,-1,-1,1,1,-1,1,-1,0,0,-1,1,0,2,0,0,-1,1,-1,1,-1,1,1,-1,1,-1,1,-1,0,0,-1,1,0,0,1,-1,0,0,1,-1,1,-1,1,-1,0,0,-1,1,-1,1,0,2,1,-1,1,-1,-1,1,0,0,-1,1,1,-1,1,-1,1,-1,-1,1,1,-1,-1,1,1,-1,-1,1,0,0,1,-1,-1,1
AMZN,2024-08-01 16:06:02,AMC,0.1692744075395736,0.10522463171378901,0.019694605847740652,ES,stopped_pre,-270.0,-273.54999999997744,-326.04999999997744,0,0,1,-1,1,-1,0,2,1,-1,1,-1,-1,1,1,-1,0,0,1,-1,-1,1,0,0,0,0,1,-1,1,-1,-1,1,1,-1,1,-1,0,0,0,0,0,0,0,0,1,-1,1,-1,0,0,0,-1,0,0,0,0,0,0,1,-1,1,-1,1,-1,0,0,1,-1,-1,1,1,-1,1,-1,1,-1,1,-1,-1,1,0,0,1,-1,1,-1,-1,1,1,-1,1,-1,0,0,1,-1,-1,1,1,-1,1,-1,1,-1,1,-1,1,-1,1,-1,1,-1,1,-1,1,-1,0,0,1,-1,0,0,0,0,0,0,0,0,1,-1,0,0,0,0,1,-1,0,0,1,-1,1,-1,1,-1,1,-1,1,-1,1,-1,1,-1,1,-1,1,-1,1,-1,1,-1,1,-1,0,0,0,0,1,-1,0,0,1,-1,1,0,1,-1,1,-1,0,0,1,-1,1,-1,-1,1,-1,1,1,-1,0,0,0,0,0,0,0,0,1,-1,-1,1,-1,1,-1,1,-1,1,-1,1,1,-1,0,0,-1,1,0,0,1,-1,1,-1,-1,1,1,-1,1,-1,-1,1,0,0,0,0,0,0,1,-1,1,-1,-1,1,1,-1,1,-1,1,-1,1,-1,1,-1,-1,1,1,-1,1,-1,0,0,0,0,-1,1,1,-1,1,-1,1,-1,1,-1,1,-1,0,0,-1,1,0,0,0,0,1,-1,-1,1,-1,1,-1,1,0,0,1,-1,1,-1,0,0,1,-1,1,-1,1,-1,0,0,-1,1,1,-1,-1,1,1,-1,1,-1,1,-1,1,-1,1,-1,1,-1,0,0,1,-1,1,-1
INTC,2024-08-01 16:08:44,AMC,0.06394445966931579,0.3379921439663835,0.02102506570567552,ES,timed,900.0,-100.0,-152.5,0,0,-1,1,1,-1,0,2,1,-1,-1,1,-1,1,1,-1,0,0,-1,1,-1,1,0,0,0,0,1,-1,1,-1,-1,1,-1,1,-1,1,0,0,-1,1,-1,1,-1,1,-1,1,1,-1,0,0,0,1,0,1,0,0,-1,1,1,-1,-1,1,-1,1,0,0,1,-1,-1,1,-1,1,0,0,1,-1,-1,1,-1,1,0,2,-1,1,-1,1,-1,1,-1,1,-1,1,-1,1,-1,1,0,0,1,-1,0,0,1,-1,-1,1,-1,1,-1,1,1,-1,-1,1,-1,1,-1,1,-1,1,-1,1,0,0,0,0,1,-1,0,0,0,0,0,0,-1,1,0,0,-1,1,0,0,-1,1,-1,1,-1,1,-1,1,-1,1,-1,1,-1,1,1,-1,-1,1,-1,1,0,0,0,2,-1,1,-1,1,-1,1,-1,0,-1,1,-1,1,0,2,-1,1,1,-1,-1,1,-1,1,1,-1,1,-1,0,0,0,0,0,0,-1,1,-1,1,-1,1,-1,1,-1,1,-1,1,-1,1,0,0,-1,1,-1,1,1,-1,1,-1,-1,1,0,0,1,-1,-1,1,0,0,0,0,0,0,-1,1,-1,1,1,-1,-1,1,-1,1,-1,1,1,-1,0,0,-1,1,0,0,-1,1,0,0,0,0,1,-1,1,-1,1,-1,-1,1,-1,1,-1,1,0,0,1,-1,0,0,-1,1,0,0,-1,1,-1,1,-1,1,0,0,1,-1,1,-1,0,0,-1,1,-1,1,1,-1,0,0,-1,1,-1,1,-1,1,0,0,1,-1,1,-1,1,-1,0,0,1,-1,0,0,-1,1,-1,1
AAPL,2024-08-01 16:30:26,AMC,0.03665353248419317,0.09162963302331974,0.08391821788220934,ES,timed,900.0,487.5,435.0,0,2,-1,1,-1,1,0,2,-1,1,-1,1,-1,1,-1,1,-1,1,-1,1,-1,1,0,0,0,0,-1,1,-1,1,-1,1,-1,1,-1,1,0,-1,0,0,1,-1,-1,1,-1,1,-1,1,0,2,0,1,0,1,0,0,-1,1,-1,1,1,-1,1,-1,0,0,-1,1,-1,1,-1,1,-1,1,-1,1,1,-1,-1,1,0,0,-1,1,-1,1,-1,1,-1,1,-1,1,-1,1,-1,1,-1,1,-1,1,-1,1,-1,1,-1,1,-1,1,-1,1,-1,1,-1,1,-1,1,-1,1,-1,1,-1,1,0,0,0,2,-1,1,-1,1,0,0,0,2,-1,1,0,0,-1,1,-1,1,-1,1,1,-1,-1,1,-1,1,-1,1,1,-1,-1,1,-1,1,-1,1,1,-1,0,2,0,0,-1,1,-1,1,-1,1,-1,0,-1,1,-1,1,0,0,-1,1,-1,1,-1,1,-1,1,-1,1,0,0,0,0,0,2,0,0,-1,1,-1,1,-1,1,-1,1,-1,1,-1,1,-1,1,0,0,-1,1,1,-1,-1,1,-1,1,-1,1,-1,1,1,-1,-1,1,0,2,0,0,0,0,-1,1,-1,1,1,-1,1,-1,-1,1,-1,1,1,-1,-1,1,-1,1,0,0,1,-1,0,2,0,0,1,-1,1,-1,-1,1,-1,1,-1,1,-1,1,0,0,1,-1,0,0,-1,1,-1,1,-1,1,-1,1,-1,1,0,0,-1,1,-1,1,0,0,-1,1,-1,1,-1,1,0,2,1,-1,-1,1,-1,1,-1,1,-1,1,-1,1,1,-1,-1,1,-1,1,0,2,-1,1,1,-1
NVDA,2024-08-28 16:21:16,AMC,0.022272707024811798,0.27619387027797576,0.035912441703798176,ES,stopped_pre,-68.0,-280.32499999999345,-332.82499999999345,0,0,1,-1,-1,1,-1,0,-1,1,1,-1,-1,1,-1,1,0,0,-1,1,1,-1,0,0,0,2,-1,1,0,0,1,-1,1,-1,1,-1,0,0,-1,1,0,0,0,0,1,-1,1,-1,0,2,0,-1,0,1,0,2,1,-1,-1,1,1,-1,1,-1,0,0,-1,1,-1,1,-1,1,0,0,-1,1,1,-1,1,-1,0,0,-1,1,1,-1,-1,1,-1,1,-1,1,0,0,1,-1,1,-1,-1,1,-1,1,-1,1,1,-1,1,-1,-1,1,-1,1,1,-1,-1,1,0,0,1,-1,0,0,0,0,0,0,0,0,-1,1,0,0,0,0,1,-1,0,0,-1,1,-1,1,-1,1,-1,1,1,-1,-1,1,1,-1,1,-1,-1,1,1,-1,-1,1,1,-1,0,0,0,0,-1,1,0,0,-1,1,-1,0,1,-1,-1,1,0,0,-1,1,1,-1,1,-1,1,-1,-1,1,0,0,0,0,0,0,0,0,1,-1,-1,1,-1,1,-1,1,-1,1,-1,1,1,-1,0,0,1,-1,0,0,-1,1,-1,1,-1,1,0,0,-1,1,1,-1,0,0,0,0,0,0,1,-1,-1,1,1,-1,1,-1,1,-1,-1,1,1,-1,0,0,1,-1,0,0,1,-1,0,0,0,0,-1,1,-1,1,1,-1,1,-1,-1,1,1,-1,0,0,-1,1,0,0,0,0,0,0,1,-1,-1,1,-1,1,0,0,-1,1,-1,1,0,2,1,-1,-1,1,-1,1,0,2,1,-1,1,-1,-1,1,-1,1,-1,1,-1,1,-1,1,0,0,-1,1,0,0,0,0,-1,1
AVGO,2024-09-05 16:21:56,AMC,0.02720471548401723,0.04987531172069825,0.018148820326678763,ES,timed,900.0,-50.0,-102.5,0,0,-1,1,1,-1,0,2,1,-1,-1,1,-1,1,1,-1,1,-1,1,-1,-1,1,0,0,0,2,1,-1,-1,1,-1,1,-1,1,-1,1,0,0,-1,1,0,0,0,0,-1,1,1,-1,0,0,0,-1,0,-1,0,0,-1,1,1,-1,1,-1,1,-1,0,0,1,-1,-1,1,1,-1,0,0,1,-1,1,-1,-1,1,0,0,1,-1,-1,1,-1,1,1,-1,1,-1,-1,1,-1,1,-1,1,1,-1,1,-1,0,0,1,-1,-1,1,1,-1,1,-1,-1,1,1,-1,-1,1,-1,1,0,0,0,0,0,0,0,0,1,-1,0,0,0,0,-1,1,0,0,1,-1,1,-1,1,-1,1,-1,-1,1,1,-1,-1,1,-1,1,1,-1,-1,1,1,-1,-1,1,0,0,0,0,-1,1,0,0,1,-1,-1,0,-1,1,1,-1,0,0,-1,1,1,-1,-1,1,-1,1,-1,1,-1,1,0,0,0,0,0,0,-1,1,0,0,-1,1,0,0,-1,1,-1,1,-1,1,0,0,-1,1,-1,1,1,-1,1,-1,1,-1,0,0,1,-1,-1,1,0,0,0,0,0,0,-1,1,1,-1,-1,1,1,-1,-1,1,-1,1,-1,1,0,0,1,-1,0,0,1,-1,0,0,0,0,1,-1,-1,1,1,-1,-1,1,1,-1,-1,1,0,0,-1,1,0,0,0,0,0,0,1,-1,1,-1,1,-1,0,0,-1,1,1,-1,0,2,-1,1,1,-1,-1,1,0,0,-1,1,1,-1,-1,1,1,-1,-1,1,1,-1,-1,1,0,0,1,-1,0,0,0,0,-1,1
MU,2024-09-25 16:00:27,AMC,0.004325633705337832,0.06488450558006749,0.02851841411652986,ES,timed,899.0,337.5,285.0,0,0,1,-1,1,-1,0,2,0,0,1,-1,-1,1,-1,1,0,0,1,-1,1,-1,0,0,0,0,1,-1,0,0,1,-1,1,-1,1,-1,0,0,1,-1,1,-1,1,-1,1,-1,1,-1,0,0,0,-1,0,-1,0,0,1,-1,1,-1,1,-1,1,-1,0,0,1,-1,0,0,1,-1,1,-1,1,-1,-1,1,1,-1,0,2,1,-1,1,-1,1,-1,1,-1,1,-1,0,0,1,-1,-1,1,1,-1,0,0,-1,1,1,-1,1,-1,1,-1,-1,1,1,-1,1,-1,0,0,1,-1,0,0,0,0,0,0,0,0,0,0,0,0,0,0,1,-1,0,0,0,0,-1,1,1,-1,1,-1,1,-1,1,-1,1,-1,1,-1,1,-1,1,-1,1,-1,-1,1,0,0,0,0,1,-1,1,-1,1,-1,1,0,1,-1,1,-1,0,0,1,-1,1,-1,1,-1,1,-1,1,-1,1,-1,0,0,0,0,0,0,1,-1,0,0,1,-1,0,0,-1,1,-1,1,1,-1,0,0,1,-1,1,-1,-1,1,1,-1,1,-1,0,0,1,-1,1,-1,0,0,0,0,0,0,1,-1,1,-1,-1,1,1,-1,1,-1,1,-1,-1,1,0,0,1,-1,0,0,-1,1,0,0,0,0,-1,1,1,-1,1,-1,1,-1,1,-1,1,-1,0,0,1,-1,0,0,1,-1,0,0,1,-1,1,-1,1,-1,0,0,1,-1,-1,1,0,2,1,-1,1,-1,1,-1,0,0,-1,1,1,-1,-1,1,0,0,1,-1,1,-1,1,-1,0,0,1,-1,0,0,1,-1,1,-1
NFLX,2024-10-17 16:01:18,AMC,0.012736149437486735,0.029717682020802376,0.010619930212241113,ES,timed,900.0,200.0,147.5,0,0,1,-1,-1,1,0,2,-1,1,-1,1,-1,1,-1,1,-1,1,-1,1,-1,1,0,0,0,0,-1,1,0,0,-1,1,-1,1,1,-1,0,0,1,-1,0,0,0,0,-1,1,-1,1,0,0,0,-1,0,0,0,0,0,0,-1,1,-1,1,-1,1,0,0,-1,1,1,-1,1,-1,0,0,-1,1,1,-1,1,-1,0,0,1,-1,-1,1,-1,1,-1,1,-1,1,0,0,-1,1,-1,1,-1,1,-1,1,-1,1,-1,1,1,-1,-1,1,-1,1,1,-1,-1,1,-1,1,-1,1,0,0,0,0,0,0,-1,1,-1,1,0,0,0,0,1,-1,0,0,-1,1,-1,1,-1,1,1,-1,1,-1,-1,1,-1,1,-1,1,-1,1,-1,1,1,-1,-1,1,0,0,0,2,-1,1,1,-1,-1,1,-1,0,1,-1,-1,1,0,0,-1,1,-1,1,-1,1,-1,1,-1,1,-1,1,0,0,0,0,0,0,-1,1,1,-1,1,-1,0,0,1,-1,1,-1,1,-1,0,0,1,-1,-1,1,-1,1,-1,1,-1,1,-1,1,1,-1,-1,1,0,0,0,0,0,0,1,-1,-1,1,-1,1,-1,1,1,-1,-1,1,-1,1,-1,1,-1,1,-1,1,-1,1,0,0,0,2,1,-1,-1,1,-1,1,-1,1,-1,1,-1,1,0,0,1,-1,0,0,0,0,-1,1,1,-1,1,-1,1,-1,0,2,-1,1,-1,1,0,0,-1,1,-1,1,1,-1,0,0,-1,1,-1,1,-1,1,-1,1,-1,1,-1,1,-1,1,-1,1,-1,1,0,0,1,-1,-1,1
TSLA,2024-10-23 16:09:26,AMC,0.01712475383166367,0.10274852298998202,0.012062474516986724,ES,timed,892.0,125.0,72.5,0,0,1,-1,-1,1,0,2,1,-1,1,-1,-1,1,1,-1,1,-1,1,-1,1,-1,0,0,0,0,1,-1,0,0,1,-1,1,-1,1,-1,0,1,1,-1,1,-1,1,-1,1,-1,-1,1,0,0,0,-1,0,0,0,0,1,-1,-1,1,1,-1,-1,1,0,0,1,-1,-1,1,1,-1,1,-1,1,-1,-1,1,1,-1,0,2,1,-1,1,-1,-1,1,1,-1,1,-1,0,0,1,-1,-1,1,1,-1,1,-1,1,-1,1,-1,1,-1,1,-1,1,-1,1,-1,1,-1,1,-1,1,-1,0,0,0,0,0,0,0,0,1,-1,0,0,0,0,0,0,0,0,1,-1,1,-1,1,-1,-1,1,1,-1,1,-1,1,-1,1,-1,1,-1,1,-1,-1,1,-1,1,0,0,0,2,1,-1,0,0,1,-1,1,0,1,-1,1,-1,0,0,1,-1,1,-1,1,-1,1,-1,1,-1,1,-1,0,0,0,0,0,0,1,-1,-1,1,-1,1,-1,1,-1,1,-1,1,1,-1,0,0,1,-1,1,-1,-1,1,1,-1,-1,1,1,-1,-1,1,1,-1,0,0,0,0,0,0,1,-1,1,-1,-1,1,1,-1,1,-1,1,-1,1,-1,1,-1,1,-1,1,-1,1,-1,0,0,0,2,-1,1,1,-1,1,-1,1,-1,1,-1,1,-1,0,0,-1,1,0,0,0,0,1,-1,-1,1,-1,1,-1,1,0,2,1,-1,-1,1,0,0,1,-1,1,-1,1,-1,0,0,-1,1,1,-1,-1,1,1,-1,1,-1,1,-1,1,-1,1,-1,-1,1,0,0,0,0,-1,1
GOOGL,2024-10-29 16:01:46,AMC,0.034045450676653335,0.06383522001872499,0.033848368692304565,ES,timed,900.0,400.0,347.5,0,2,-1,1,-1,1,-1,0,-1,1,-1,1,1,-1,-1,1,-1,1,-1,1,-1,1,0,0,0,0,-1,1,0,0,-1,1,-1,1,-1,1,0,-1,0,0,0,0,-1,1,-1,1,-1,1,0,0,0,1,0,1,0,0,-1,1,-1,1,1,-1,1,-1,0,0,-1,1,1,-1,-1,1,-1,1,-1,1,1,-1,-1,1,0,2,-1,1,-1,1,-1,1,-1,1,-1,1,-1,1,-1,1,-1,1,-1,1,-1,1,-1,1,-1,1,-1,1,-1,1,-1,1,-1,1,-1,1,0,0,-1,1,-1,1,0,0,0,0,-1,1,-1,1,0,0,0,0,-1,1,0,0,-1,1,-1,1,-1,1,1,-1,-1,1,-1,1,-1,1,-1,1,-1,1,-1,1,-1,1,1,-1,0,2,0,0,-1,1,-1,1,-1,1,-1,0,-1,1,-1,1,0,0,-1,1,-1,1,-1,1,-1,1,-1,1,1,-1,0,2,0,0,0,0,-1,1,1,-1,1,-1,0,0,1,-1,1,-1,-1,1,0,0,-1,1,1,-1,-1,1,-1,1,-1,1,0,0,1,-1,-1,1,0,0,0,0,0,0,-1,1,1,-1,1,-1,1,-1,-1,1,1,-1,1,-1,-1,1,-1,1,0,0,1,-1,0,2,0,0,1,-1,1,-1,-1,1,-1,1,-1,1,-1,1,0,0,1,-1,0,0,-1,1,-1,1,1,-1,-1,1,-1,1,0,0,-1,1,-1,1,0,0,-1,1,-1,1,1,-1,0,0,1,-1,-1,1,1,-1,-1,1,1,-1,1,-1,1,-1,-1,1,-1,1,0,0,-1,1,1,-1
AMD,2024-10-29 16:16:49,AMC,0.03826205254655216,0.046762742847425924,0.01806460364811707,ES,stopped_post,178.0,-294.0874999999778,-346.5874999999778,0,0,1,-1,1,-1,1,0,1,-1,1,-1,1,-1,1,-1,0,0,1,-1,1,-1,0,0,0,0,1,-1,0,0,1,-1,1,-1,1,-1,0,0,0,0,1,-1,0,0,1,-1,1,-1,0,0,0,-1,0,-1,0,0,1,-1,1,-1,1,-1,1,-1,0,0,1,-1,1,-1,1,-1,1,-1,1,-1,-1,1,1,-1,0,2,1,-1,1,-1,1,-1,1,-1,1,-1,0,0,0,0,0,0,1,-1,1,-1,0,0,1,-1,1,-1,1,-1,1,-1,-1,1,1,-1,1,-1,1,-1,1,-1,0,0,0,0,0,0,1,-1,0,0,0,0,0,0,0,0,1,-1,1,-1,1,-1,0,0,1,-1,1,-1,1,-1,1,-1,1,-1,1,-1,1,-1,-1,1,0,0,0,0,1,-1,1,-1,1,-1,1,0,1,-1,1,-1,0,2,1,-1,1,-1,1,-1,-1,1,1,-1,-1,1,0,0,0,0,0,0,1,-1,1,-1,1,-1,1,-1,1,-1,1,-1,1,-1,0,0,1,-1,1,-1,1,-1,1,-1,1,-1,1,-1,1,-1,1,-1,0,0,0,0,0,0,1,-1,1,-1,1,-1,1,-1,1,-1,1,-1,-1,1,0,0,1,-1,1,-1,-1,1,0,0,0,0,-1,1,-1,1,-1,1,1,-1,1,-1,1,-1,0,0,-1,1,0,0,1,-1,0,0,1,-1,1,-1,1,-1,0,0,1,-1,1,-1,0,0,1,-1,1,-1,-1,1,0,0,1,-1,1,-1,1,-1,0,0,1,-1,1,-1,-1,1,1,-1,1,-1,0,0,1,-1,1,-1
MSFT,2024-10-30 16:04:07,AMC,0.0,0.21766036447441423,0.036148846890534866,ES,stopped_pre,-200.0,-292.48750000001564,-344.98750000001564,0,0,-1,1,-1,1,-1,0,-1,1,1,-1,-1,1,-1,1,0,0,-1,1,1,-1,0,0,0,2,-1,1,0,0,-1,1,-1,1,-1,1,0,0,1,-1,0,0,-1,1,-1,1,-1,1,0,0,0,-1,0,1,0,0,1,-1,-1,1,-1,1,-1,1,0,0,-1,1,-1,1,-1,1,-1,1,-1,1,1,-1,-1,1,0,0,-1,1,-1,1,-1,1,-1,1,-1,1,-1,1,0,0,0,0,-1,1,-1,1,-1,1,-1,1,-1,1,-1,1,-1,1,-1,1,-1,1,-1,1,-1,1,-1,1,0,0,0,0,0,0,-1,1,0,0,0,0,-1,1,0,2,-1,1,-1,1,-1,1,-1,1,-1,1,-1,1,-1,1,-1,1,-1,1,-1,1,-1,1,1,-1,0,0,0,0,-1,1,-1,1,-1,1,-1,0,-1,1,-1,1,0,2,-1,1,-1,1,-1,1,-1,1,-1,1,0,0,0,0,0,0,0,0,-1,1,-1,1,-1,1,0,0,-1,1,-1,1,-1,1,0,0,-1,1,0,0,-1,1,-1,1,-1,1,-1,1,1,-1,-1,1,0,0,0,0,0,0,-1,1,-1,1,1,-1,-1,1,-1,1,1,-1,1,-1,-1,1,-1,1,-1,1,1,-1,0,0,0,0,-1,1,-1,1,-1,1,-1,1,-1,1,-1,1,0,0,1,-1,0,0,-1,1,-1,1,1,-1,-1,1,-1,1,0,0,-1,1,1,-1,0,0,-1,1,-1,1,1,-1,0,0,-1,1,-1,1,-1,1,-1,1,1,-1,1,-1,-1,1,-1,1,-1,1,0,0,-1,1,-1,1
META,2024-10-30 16:08:12,AMC,0.017094017094017096,0.07692636437454592,0.0303060915243964,ES,stopped_pre,-188.0,-292.837499999996,-345.337499999996,0,0,1,-1,1,-1,-1,0,-1,1,1,-1,-1,1,-1,1,-1,1,-1,1,1,-1,0,0,0,0,-1,1,0,0,-1,1,1,-1,1,-1,0,0,1,-1,-1,1,0,0,1,-1,1,-1,0,0,0,-1,0,-1,0,0,1,-1,1,-1,1,-1,1,-1,0,0,-1,1,-1,1,1,-1,0,0,1,-1,-1,1,1,-1,0,0,-1,1,1,-1,-1,1,1,-1,1,-1,0,0,1,-1,1,-1,-1,1,0,0,-1,1,1,-1,1,-1,1,-1,-1,1,1,-1,1,-1,0,0,1,-1,0,0,0,0,0,0,0,0,0,0,0,0,0,0,0,0,0,2,1,-1,0,0,-1,1,1,-1,1,-1,1,-1,1,-1,1,-1,1,-1,1,-1,-1,1,1,-1,0,2,0,0,-1,1,0,0,1,-1,1,0,1,-1,-1,1,0,2,1,-1,1,-1,1,-1,1,-1,1,-1,-1,1,0,0,0,0,0,0,1,-1,-1,1,-1,1,0,0,-1,1,-1,1,1,-1,0,0,1,-1,0,0,-1,1,1,-1,1,-1,0,0,-1,1,1,-1,0,0,0,0,0,0,1,-1,1,-1,-1,1,1,-1,1,-1,1,-1,1,-1,0,0,-1,1,0,0,1,-1,0,0,0,0,-1,1,-1,1,-1,1,1,-1,1,-1,1,-1,0,0,1,-1,0,0,0,0,0,0,1,-1,-1,1,1,-1,0,0,1,-1,1,-1,0,0,1,-1,1,-1,1,-1,0,0,-1,1,1,-1,-1,1,0,0,1,-1,-1,1,-1,1,0,0,1,-1,0,0,0,0,1,-1
INTC,2024-10-31 16:07:17,AMC,0.004350095702105447,0.07830172263789803,0.021803117845851958,ES,stopped_pre,-93.0,-287.48749999999745,-339.98749999999745,0,0,-1,1,-1,1,-1,0,-1,1,1,-1,-1,1,-1,1,0,0,-1,1,1,-1,0,0,0,2,-1,1,0,0,-1,1,-1,1,1,-1,0,0,-1,1,0,0,0,0,-1,1,-1,1,0,0,0,-1,0,1,0,0,0,0,-1,1,-1,1,-1,1,0,0,-1,1,-1,1,-1,1,-1,1,-1,1,-1,1,-1,1,0,2,-1,1,-1,1,-1,1,-1,1,-1,1,0,0,0,0,1,-1,-1,1,-1,1,-1,1,-1,1,1,-1,1,-1,-1,1,1,-1,-1,1,0,0,1,-1,-1,1,0,0,0,0,0,0,-1,1,0,0,0,0,0,0,0,0,-1,1,-1,1,-1,1,-1,1,1,-1,-1,1,-1,1,-1,1,-1,1,-1,1,-1,1,1,-1,0,2,0,0,-1,1,0,0,-1,1,-1,0,-1,1,-1,1,0,2,-1,1,-1,1,-1,1,-1,1,-1,1,-1,1,0,0,0,0,0,0,-1,1,-1,1,-1,1,-1,1,-1,1,-1,1,-1,1,0,0,1,-1,-1,1,-1,1,-1,1,-1,1,-1,1,1,-1,-1,1,0,0,0,0,0,0,-1,1,-1,1,1,-1,-1,1,-1,1,1,-1,1,-1,-1,1,-1,1,0,0,1,-1,0,0,0,0,-1,1,-1,1,-1,1,-1,1,-1,1,-1,1,0,0,1,-1,0,0,0,0,-1,1,1,-1,-1,1,-1,1,0,0,-1,1,-1,1,0,0,-1,1,-1,1,1,-1,0,0,1,-1,-1,1,-1,1,0,0,-1,1,-1,1,-1,1,-1,1,-1,1,0,0,0,0,-1,1
AMZN,2024-10-31 16:13:57,AMC,0.03916619522172418,0.11315171033162155,0.022848438690022847,ES,stopped_post,458.0,-287.5,-340.0,0,0,1,-1,-1,1,-1,0,-1,1,-1,1,-1,1,-1,1,0,0,-1,1,1,-1,0,0,0,2,-1,1,0,0,1,-1,-1,1,-1,1,0,0,0,0,0,0,0,0,1,-1,-1,1,0,0,0,-1,0,1,0,0,0,0,-1,1,-1,1,-1,1,0,0,-1,1,-1,1,-1,1,0,0,-1,1,-1,1,1,-1,0,2,-1,1,-1,1,-1,1,-1,1,-1,1,0,0,0,0,0,0,-1,1,-1,1,-1,1,-1,1,1,-1,1,-1,-1,1,-1,1,-1,1,0,0,-1,1,0,0,0,0,0,0,0,0,-1,1,0,0,0,0,0,0,0,0,-1,1,-1,1,-1,1,1,-1,-1,1,-1,1,-1,1,1,-1,-1,1,1,-1,-1,1,1,-1,0,0,0,0,-1,1,0,0,-1,1,-1,0,-1,1,-1,1,0,2,-1,1,-1,1,-1,1,-1,1,-1,1,0,0,0,0,0,0,0,0,-1,1,-1,1,-1,1,-1,1,-1,1,-1,1,-1,1,0,0,1,-1,0,0,-1,1,-1,1,-1,1,-1,1,-1,1,-1,1,0,0,0,0,0,0,1,-1,-1,1,-1,1,-1,1,1,-1,-1,1,1,-1,-1,1,-1,1,-1,1,-1,1,0,0,0,0,1,-1,1,-1,-1,1,-1,1,-1,1,1,-1,0,0,-1,1,0,0,0,0,-1,1,1,-1,-1,1,-1,1,0,0,-1,1,-1,1,0,0,-1,1,-1,1,-1,1,0,0,1,-1,-1,1,-1,1,0,0,-1,1,-1,1,1,-1,-1,1,-1,1,0,0,0,0,-1,1
AAPL,2024-10-31 16:30:25,AMC,0.0043491497412255905,0.1913792353529642,0.07889665091558418,ES,stopped_pre,-25.0,-287.3250000000098,-339.8250000000098,0,0,1,-1,1,-1,-1,0,-1,1,1,-1,-1,1,-1,1,0,0,1,-1,1,-1,0,0,0,2,-1,1,0,0,1,-1,1,-1,1,-1,0,0,0,0,1,-1,0,0,-1,1,-1,1,0,2,0,-1,0,0,0,2,0,0,-1,1,1,-1,1,-1,0,0,-1,1,-1,1,1,-1,0,0,-1,1,-1,1,1,-1,0,0,-1,1,1,-1,1,-1,1,-1,-1,1,0,0,1,-1,1,-1,-1,1,0,0,-1,1,1,-1,1,-1,-1,1,-1,1,1,-1,-1,1,0,0,1,-1,1,-1,0,0,0,2,-1,1,-1,1,0,0,0,2,1,-1,0,0,-1,1,-1,1,-1,1,1,-1,1,-1,1,-1,-1,1,-1,1,1,-1,1,-1,1,-1,-1,1,0,0,0,0,-1,1,1,-1,-1,1,1,0,1,-1,-1,1,0,0,1,-1,-1,1,1,-1,-1,1,-1,1,-1,1,0,0,0,2,0,0,1,-1,-1,1,-1,1,-1,1,-1,1,-1,1,1,-1,0,0,-1,1,0,0,-1,1,-1,1,-1,1,-1,1,1,-1,1,-1,0,2,0,0,0,0,1,-1,-1,1,-1,1,1,-1,1,-1,-1,1,-1,1,0,0,-1,1,-1,1,-1,1,0,0,0,2,-1,1,1,-1,-1,1,1,-1,-1,1,1,-1,0,0,1,-1,0,0,1,-1,0,0,1,-1,1,-1,1,-1,0,2,-1,1,-1,1,0,2,1,-1,-1,1,-1,1,0,2,1,-1,-1,1,-1,1,0,0,-1,1,-1,1,1,-1,0,0,-1,1,0,2,1,-1,1,-1
NVDA,2024-11-20 16:21:20,AMC,0.03800354699771979,0.14358108108108109,0.03415300546448088,ES,stopped_pre,-66.0,-297.0499999999902,-349.5499999999902,0,0,-1,1,1,-1,0,2,1,-1,1,-1,1,-1,1,-1,0,0,1,-1,1,-1,0,0,0,2,1,-1,0,0,-1,1,1,-1,1,-1,0,0,1,-1,0,0,0,0,-1,1,1,-1,0,2,0,-1,0,-1,0,2,0,0,1,-1,-1,1,1,-1,0,0,1,-1,1,-1,-1,1,-1,1,1,-1,-1,1,-1,1,0,0,1,-1,-1,1,-1,1,1,-1,1,-1,0,0,1,-1,1,-1,1,-1,1,-1,1,-1,1,-1,-1,1,1,-1,1,-1,-1,1,1,-1,0,0,1,-1,0,0,0,0,0,0,0,0,1,-1,0,0,0,0,0,0,0,0,1,-1,1,-1,1,-1,-1,1,1,-1,1,-1,1,-1,-1,1,1,-1,-1,1,-1,1,-1,1,0,0,0,0,-1,1,-1,1,1,-1,1,0,-1,1,1,-1,0,0,1,-1,-1,1,1,-1,1,-1,1,-1,-1,1,0,0,0,0,0,0,-1,1,0,0,1,-1,0,0,1,-1,1,-1,-1,1,0,0,1,-1,-1,1,1,-1,1,-1,-1,1,1,-1,-1,1,-1,1,0,0,0,0,0,0,-1,1,1,-1,-1,1,-1,1,-1,1,1,-1,1,-1,1,-1,-1,1,1,-1,1,-1,0,0,0,2,-1,1,-1,1,-1,1,-1,1,1,-1,-1,1,0,0,1,-1,0,0,-1,1,1,-1,-1,1,-1,1,-1,1,0,0,1,-1,1,-1,0,0,1,-1,1,-1,-1,1,0,2,-1,1,-1,1,1,-1,1,-1,1,-1,1,-1,-1,1,1,-1,1,-1,0,0,-1,1,1,-1
AVGO,2024-12-12 16:23:06,AMC,0.0,0.037114932574539156,0.01848528913943575,ES,timed,900.0,-25.0,-77.5,0,0,1,-1,-1,1,1,0,-1,1,1,-1,-1,1,-1,1,-1,1,-1,1,1,-1,0,0,0,2,-1,1,0,0,1,-1,1,-1,1,-1,0,0,1,-1,-1,1,0,0,1,-1,-1,1,0,0,0,-1,0,0,0,0,0,0,-1,1,1,-1,1,-1,0,0,-1,1,-1,1,1,-1,0,0,-1,1,1,-1,1,-1,0,2,1,-1,1,-1,1,-1,1,-1,-1,1,0,0,1,-1,0,0,-1,1,0,0,-1,1,1,-1,1,-1,-1,1,-1,1,1,-1,-1,1,0,0,1,-1,0,0,0,0,0,0,0,0,-1,1,0,0,0,0,1,-1,0,2,-1,1,-1,1,-1,1,1,-1,1,-1,1,-1,1,-1,-1,1,1,-1,1,-1,1,-1,1,-1,0,0,0,2,1,-1,1,-1,1,-1,1,0,1,-1,-1,1,0,0,1,-1,1,-1,1,-1,1,-1,-1,1,0,0,0,0,0,0,0,0,1,-1,-1,1,-1,1,0,0,-1,1,-1,1,1,-1,0,0,1,-1,-1,1,-1,1,-1,1,1,-1,-1,1,-1,1,1,-1,0,0,0,0,0,0,1,-1,1,-1,1,-1,1,-1,1,-1,-1,1,-1,1,0,0,-1,1,-1,1,-1,1,0,0,0,2,-1,1,1,-1,-1,1,1,-1,-1,1,1,-1,0,0,-1,1,0,0,1,-1,0,0,1,-1,1,-1,1,-1,0,0,-1,1,-1,1,0,2,1,-1,-1,1,-1,1,0,0,1,-1,1,-1,-1,1,0,0,1,-1,-1,1,1,-1,0,0,-1,1,0,0,1,-1,1,-1
MU,2024-12-18 16:00:20,AMC,0.0,0.09260428505282654,0.02461841457410143,ES,stopped_pre,-283.0,-298.4875000000102,-350.9875000000102,0,0,1,-1,1,-1,-1,0,-1,1,1,-1,-1,1,-1,1,0,0,-1,1,1,-1,0,0,0,0,-1,1,0,0,1,-1,1,-1,1,-1,0,0,0,0,0,0,0,0,1,-1,1,-1,0,0,0,-1,0,-1,0,0,1,-1,-1,1,1,-1,-1,1,0,0,1,-1,-1,1,1,-1,1,-1,1,-1,1,-1,1,-1,0,0,-1,1,1,-1,1,-1,1,-1,-1,1,1,-1,1,-1,1,-1,-1,1,0,0,-1,1,1,-1,1,-1,-1,1,-1,1,1,-1,1,-1,0,0,1,-1,0,0,0,0,0,0,0,0,-1,1,0,0,0,0,1,-1,0,0,-1,1,-1,1,-1,1,0,0,1,-1,1,-1,1,-1,-1,1,1,-1,1,-1,1,-1,-1,1,0,0,0,2,1,-1,1,-1,1,-1,1,0,1,-1,-1,1,0,0,1,-1,1,-1,1,-1,-1,1,1,-1,0,0,0,0,0,0,0,0,1,-1,-1,1,-1,1,-1,1,-1,1,-1,1,1,-1,0,0,1,-1,1,-1,-1,1,1,-1,1,-1,-1,1,-1,1,1,-1,0,0,0,0,0,0,1,-1,-1,1,1,-1,1,-1,1,-1,-1,1,-1,1,0,0,-1,1,-1,1,-1,1,0,0,0,0,-1,1,-1,1,-1,1,1,-1,1,-1,1,-1,0,0,-1,1,0,0,1,-1,0,0,1,-1,1,-1,1,-1,0,0,1,-1,1,-1,0,2,1,-1,1,-1,1,-1,0,0,-1,1,1,-1,-1,1,0,0,1,-1,-1,1,-1,1,0,0,-1,1,0,0,1,-1,1,-1
NFLX,2025-01-21 16:02:20,AMC,0.02051955513604465,0.06566527127965197,0.011029006286533584,ES,timed,894.0,75.0,22.5,0,0,1,-1,1,-1,0,2,1,-1,1,-1,1,-1,1,-1,1,-1,1,-1,1,-1,0,0,0,2,1,-1,0,0,1,-1,1,-1,1,-1,0,1,1,-1,0,0,1,-1,1,-1,1,-1,0,0,0,-1,0,-1,0,0,1,-1,1,-1,1,-1,-1,1,0,0,1,-1,1,-1,1,-1,1,-1,1,-1,1,-1,1,-1,0,2,1,-1,1,-1,1,-1,1,-1,1,-1,1,-1,1,-1,1,-1,1,-1,1,-1,1,-1,1,-1,1,-1,1,-1,1,-1,1,-1,1,-1,0,0,1,-1,1,-1,0,0,0,0,1,-1,1,-1,0,0,0,0,1,-1,0,2,1,-1,1,-1,1,-1,0,0,1,-1,1,-1,1,-1,1,-1,1,-1,1,-1,1,-1,-1,1,0,0,0,0,1,-1,1,-1,1,-1,1,0,1,-1,1,-1,0,0,1,-1,1,-1,1,-1,1,-1,1,-1,0,0,0,0,0,0,0,0,1,-1,1,-1,1,-1,1,-1,1,-1,1,-1,1,-1,0,0,1,-1,1,-1,1,-1,1,-1,1,-1,1,-1,-1,1,1,-1,0,0,0,0,0,0,1,-1,1,-1,1,-1,1,-1,1,-1,1,-1,-1,1,1,-1,1,-1,1,-1,-1,1,0,0,0,0,-1,1,-1,1,1,-1,1,-1,1,-1,1,-1,0,0,-1,1,0,0,1,-1,1,-1,-1,1,1,-1,1,-1,0,0,1,-1,1,-1,0,2,1,-1,1,-1,1,-1,0,0,1,-1,1,-1,1,-1,1,-1,1,-1,1,-1,-1,1,1,-1,1,-1,0,0,1,-1,-1,1
MSFT,2025-01-29 16:08:56,AMC,0.03715630418627694,0.31377730068948434,0.03410059676044331,ES,stopped_pre,-209.0,-302.8374999999869,-355.3374999999869,0,0,-1,1,-1,1,0,2,0,0,-1,1,-1,1,-1,1,0,0,-1,1,1,-1,0,0,0,0,-1,1,0,0,-1,1,-1,1,-1,1,0,0,1,-1,0,0,-1,1,-1,1,-1,1,0,0,0,-1,0,0,0,0,0,0,-1,1,-1,1,-1,1,0,0,-1,1,-1,1,-1,1,-1,1,-1,1,-1,1,-1,1,0,0,-1,1,-1,1,-1,1,-1,1,-1,1,0,0,-1,1,-1,1,-1,1,-1,1,0,0,-1,1,-1,1,-1,1,-1,1,-1,1,-1,1,0,0,-1,1,-1,1,0,0,0,0,0,0,-1,1,0,0,0,0,0,0,0,2,-1,1,-1,1,0,0,1,-1,-1,1,-1,1,-1,1,-1,1,-1,1,-1,1,-1,1,-1,1,0,0,0,0,-1,1,-1,1,-1,1,-1,0,-1,1,-1,1,0,0,-1,1,-1,1,-1,1,1,-1,-1,1,1,-1,0,0,0,0,0,0,-1,1,-1,1,-1,1,0,0,-1,1,-1,1,-1,1,0,0,-1,1,-1,1,-1,1,-1,1,-1,1,0,0,-1,1,-1,1,0,0,0,0,0,0,-1,1,-1,1,1,-1,-1,1,-1,1,-1,1,-1,1,-1,1,-1,1,0,0,-1,1,0,0,0,0,1,-1,-1,1,-1,1,-1,1,-1,1,-1,1,0,0,1,-1,0,0,-1,1,-1,1,1,-1,-1,1,-1,1,0,2,-1,1,-1,1,0,0,-1,1,-1,1,1,-1,0,0,1,-1,-1,1,-1,1,-1,1,1,-1,-1,1,-1,1,-1,1,-1,1,0,0,-1,1,-1,1
TSLA,2025-01-29 16:09:13,AMC,0.02888742159128425,0.25999752383310637,0.012408487405385284,ES,stopped_pre,-239.0,-302.87499999999454,-355.37499999999454,0,0,-1,1,-1,1,0,2,-1,1,-1,1,-1,1,-1,1,0,0,-1,1,-1,1,0,0,0,0,-1,1,0,0,-1,1,-1,1,-1,1,0,-1,1,-1,-1,1,-1,1,-1,1,-1,1,0,0,0,-1,0,1,0,0,-1,1,-1,1,-1,1,-1,1,0,0,-1,1,-1,1,-1,1,-1,1,-1,1,-1,1,-1,1,0,0,-1,1,-1,1,-1,1,-1,1,-1,1,0,0,-1,1,0,0,-1,1,-1,1,0,0,-1,1,-1,1,-1,1,-1,1,-1,1,-1,1,-1,1,-1,1,-1,1,0,0,0,0,0,0,-1,1,0,0,0,0,-1,1,0,2,-1,1,-1,1,0,0,0,0,-1,1,-1,1,-1,1,-1,1,-1,1,-1,1,-1,1,1,-1,0,0,0,0,-1,1,-1,1,-1,1,-1,0,-1,1,-1,1,0,0,-1,1,-1,1,-1,1,-1,1,-1,1,1,-1,0,0,0,0,0,0,-1,1,-1,1,-1,1,0,0,-1,1,-1,1,-1,1,0,0,-1,1,-1,1,-1,1,-1,1,-1,1,-1,1,1,-1,-1,1,0,0,0,0,0,0,-1,1,-1,1,-1,1,-1,1,-1,1,-1,1,1,-1,-1,1,-1,1,0,0,-1,1,0,0,0,0,1,-1,-1,1,-1,1,-1,1,-1,1,-1,1,0,0,1,-1,0,0,-1,1,-1,1,1,-1,-1,1,-1,1,0,0,-1,1,-1,1,0,0,-1,1,-1,1,1,-1,0,0,1,-1,-1,1,-1,1,-1,1,1,-1,-1,1,-1,1,-1,1,-1,1,0,0,-1,1,1,-1
META,2025-01-29 16:47:14,AMC,0.02469339040250226,0.09877356161000904,0.02911822591302215,ES,timed,765.0,175.0,122.5,0,0,-1,1,1,-1,0,2,1,-1,1,-1,1,-1,1,-1,1,-1,1,-1,1,-1,0,0,0,0,1,-1,0,0,-1,1,1,-1,1,-1,0,0,1,-1,0,0,0,0,-1,1,1,-1,0,0,0,-1,0,0,0,0,0,0,1,-1,-1,1,-1,1,0,0,1,-1,0,0,-1,1,0,0,-1,1,-1,1,-1,1,0,0,-1,1,1,-1,-1,1,1,-1,1,-1,0,0,1,-1,1,-1,1,-1,1,-1,0,0,-1,1,-1,1,1,-1,1,-1,-1,1,-1,1,1,-1,1,-1,0,0,0,0,0,0,0,0,1,-1,0,0,0,0,0,0,0,0,1,-1,1,-1,1,-1,0,0,1,-1,1,-1,1,-1,1,-1,1,-1,-1,1,-1,1,1,-1,0,0,0,2,-1,1,0,0,1,-1,1,0,-1,1,1,-1,0,0,1,-1,-1,1,1,-1,1,-1,-1,1,-1,1,0,0,0,0,0,0,1,-1,0,0,-1,1,0,0,1,-1,-1,1,-1,1,0,0,1,-1,-1,1,-1,1,-1,1,-1,1,1,-1,1,-1,1,-1,0,0,0,0,0,0,-1,1,1,-1,1,-1,-1,1,-1,1,1,-1,1,-1,0,0,-1,1,1,-1,1,-1,0,0,0,2,1,-1,1,-1,1,-1,-1,1,1,-1,-1,1,0,0,1,-1,0,0,0,0,0,0,-1,1,-1,1,-1,1,0,2,-1,1,1,-1,0,2,1,-1,1,-1,1,-1,0,0,1,-1,-1,1,1,-1,1,-1,-1,1,1,-1,1,-1,1,-1,1,-1,0,0,-1,1,1,-1
INTC,2025-01-30 16:13:45,AMC,0.004100545372534547,0.020502726862672734,0.02102506570567552,ES,stopped_pre,-129.0,-305.08749999999054,-357.58749999999054,0,0,1,-1,1,-1,0,2,1,-1,1,-1,1,-1,1,-1,1,-1,1,-1,1,-1,0,0,0,0,1,-1,0,0,-1,1,1,-1,1,-1,0,0,0,0,1,-1,0,0,1,-1,1,-1,0,2,0,-1,0,-1,0,0,1,-1,1,-1,1,-1,-1,1,0,0,1,-1,1,-1,1,-1,1,-1,1,-1,-1,1,1,-1,0,0,1,-1,1,-1,1,-1,1,-1,1,-1,1,-1,0,0,1,-1,1,-1,1,-1,0,0,1,-1,1,-1,1,-1,1,-1,1,-1,1,-1,0,0,1,-1,0,0,0,0,0,0,0,0,1,-1,0,0,0,0,1,-1,0,0,1,-1,1,-1,1,-1,-1,1,1,-1,1,-1,1,-1,1,-1,1,-1,-1,1,1,-1,-1,1,0,0,0,0,1,-1,0,0,1,-1,1,0,1,-1,1,-1,0,0,1,-1,-1,1,1,-1,1,-1,1,-1,1,-1,0,0,0,0,0,0,1,-1,0,0,1,-1,1,-1,1,-1,1,-1,1,-1,0,0,1,-1,0,0,1,-1,1,-1,1,-1,0,0,1,-1,1,-1,0,0,0,0,0,0,1,-1,1,-1,1,-1,1,-1,-1,1,1,-1,-1,1,1,-1,1,-1,1,-1,-1,1,0,0,0,2,-1,1,-1,1,1,-1,1,-1,1,-1,1,-1,0,0,-1,1,0,0,0,0,1,-1,1,-1,1,-1,1,-1,0,0,1,-1,1,-1,0,2,-1,1,1,-1,-1,1,0,2,-1,1,1,-1,1,-1,1,-1,-1,1,1,-1,-1,1,1,-1,1,-1,0,0,1,-1,1,-1
AAPL,2025-01-30 16:30:23,AMC,0.028707349081364828,0.03280705351650605,0.07387508394895903,ES,stopped_pre,-23.0,-304.7875000000204,-357.2875000000204,0,0,-1,1,-1,1,0,2,-1,1,-1,1,1,-1,-1,1,0,0,-1,1,-1,1,0,2,0,0,-1,1,0,0,1,-1,-1,1,-1,1,0,0,0,0,-1,1,0,0,-1,1,-1,1,0,2,0,-1,0,0,0,0,-1,1,-1,1,-1,1,-1,1,0,0,-1,1,1,-1,-1,1,0,0,1,-1,1,-1,-1,1,0,0,-1,1,-1,1,1,-1,-1,1,-1,1,0,0,0,0,0,0,-1,1,-1,1,1,-1,-1,1,-1,1,1,-1,-1,1,-1,1,-1,1,0,0,-1,1,0,0,0,0,0,2,0,0,-1,1,0,0,0,2,-1,1,0,0,-1,1,1,-1,-1,1,0,0,-1,1,-1,1,-1,1,-1,1,-1,1,-1,1,-1,1,1,-1,0,0,0,0,1,-1,0,0,-1,1,-1,0,-1,1,-1,1,0,0,-1,1,-1,1,-1,1,1,-1,-1,1,-1,1,0,0,0,2,0,0,-1,1,0,0,1,-1,0,0,1,-1,1,-1,-1,1,0,0,-1,1,0,0,-1,1,-1,1,-1,1,-1,1,-1,1,-1,1,0,2,0,0,0,0,-1,1,-1,1,-1,1,-1,1,1,-1,1,-1,1,-1,0,0,-1,1,0,0,-1,1,0,0,0,2,1,-1,1,-1,-1,1,-1,1,1,-1,-1,1,0,0,1,-1,0,0,0,0,0,0,1,-1,-1,1,-1,1,0,0,-1,1,-1,1,0,2,-1,1,-1,1,-1,1,0,2,-1,1,-1,1,1,-1,0,0,1,-1,-1,1,1,-1,-1,1,-1,1,0,2,-1,1,-1,1
GOOGL,2025-02-04 16:01:27,AMC,0.12782450931881906,0.16080484888467406,0.034045450676653335,ES,stopped_post,28.0,-303.13750000000255,-355.63750000000255,0,0,1,-1,1,-1,0,2,-1,1,1,-1,1,-1,1,-1,1,-1,1,-1,-1,1,0,0,0,2,1,-1,0,0,1,-1,1,-1,1,-1,0,0,-1,1,0,0,1,-1,1,-1,1,-1,0,0,0,-1,0,-1,0,0,0,0,1,-1,0,0,-1,1,0,0,-1,1,1,-1,1,-1,1,-1,1,-1,-1,1,1,-1,0,2,1,-1,1,-1,-1,1,1,-1,1,-1,1,-1,1,-1,0,0,1,-1,1,-1,-1,1,-1,1,1,-1,1,-1,1,-1,1,-1,1,-1,1,-1,1,-1,1,-1,0,0,0,0,0,0,1,-1,0,0,0,0,0,0,0,0,1,-1,1,-1,1,-1,-1,1,1,-1,1,-1,1,-1,1,-1,1,-1,1,-1,-1,1,1,-1,0,2,0,2,1,-1,1,-1,1,-1,1,0,1,-1,1,-1,0,0,1,-1,1,-1,1,-1,1,-1,1,-1,-1,1,0,0,0,0,0,0,1,-1,1,-1,1,-1,1,-1,1,-1,1,-1,1,-1,0,0,1,-1,0,0,1,-1,1,-1,1,-1,1,-1,1,-1,1,-1,0,0,0,0,0,0,1,-1,1,-1,-1,1,0,0,1,-1,1,-1,1,-1,1,-1,-1,1,1,-1,-1,1,0,0,0,2,-1,1,-1,1,1,-1,1,-1,1,-1,1,-1,0,0,-1,1,0,0,1,-1,1,-1,1,-1,1,-1,1,-1,0,0,1,-1,1,-1,0,0,1,-1,1,-1,1,-1,0,0,-1,1,1,-1,1,-1,1,-1,1,-1,1,-1,-1,1,1,-1,1,-1,0,0,1,-1,1,-1
AMD,2025-02-04 16:17:17,AMC,0.008260025606079378,0.07433716032047576,0.019619383951343928,ES,stopped_post,249.0,-302.70000000000437,-355.20000000000437,0,0,1,-1,-1,1,-1,0,-1,1,-1,1,1,-1,-1,1,0,0,-1,1,-1,1,0,0,0,2,-1,1,0,0,-1,1,-1,1,-1,1,0,0,0,0,-1,1,0,0,1,-1,-1,1,0,2,0,-1,0,1,0,0,0,0,-1,1,-1,1,-1,1,0,0,-1,1,1,-1,-1,1,-1,1,-1,1,-1,1,-1,1,0,0,-1,1,-1,1,-1,1,-1,1,-1,1,0,0,0,0,-1,1,-1,1,-1,1,0,0,-1,1,-1,1,-1,1,-1,1,1,-1,-1,1,0,0,-1,1,-1,1,0,0,0,0,0,0,-1,1,0,0,0,0,0,0,0,0,-1,1,-1,1,-1,1,0,0,-1,1,-1,1,-1,1,-1,1,-1,1,1,-1,-1,1,1,-1,0,0,0,0,-1,1,0,0,-1,1,-1,0,-1,1,-1,1,0,2,-1,1,1,-1,-1,1,1,-1,-1,1,0,0,0,0,0,0,0,0,-1,1,0,0,1,-1,0,0,1,-1,1,-1,-1,1,0,0,-1,1,-1,1,-1,1,-1,1,-1,1,-1,1,-1,1,-1,1,0,0,0,0,0,0,-1,1,-1,1,1,-1,1,-1,-1,1,-1,1,1,-1,-1,1,-1,1,0,0,1,-1,0,0,0,0,-1,1,-1,1,-1,1,-1,1,-1,1,-1,1,0,0,-1,1,0,0,-1,1,-1,1,1,-1,-1,1,-1,1,0,0,-1,1,-1,1,0,0,-1,1,-1,1,-1,1,0,0,1,-1,-1,1,1,-1,0,0,-1,1,-1,1,-1,1,-1,1,-1,1,0,0,0,0,-1,1
AMZN,2025-02-06 16:09:12,AMC,0.016414296852558578,0.09027492819039803,0.0234825818193874,ES,timed,900.0,225.0,172.5,0,0,-1,1,1,-1,-1,0,1,-1,1,-1,-1,1,1,-1,0,0,-1,1,1,-1,0,0,0,2,-1,1,0,0,-1,1,-1,1,-1,1,0,0,-1,1,-1,1,0,0,-1,1,1,-1,0,0,0,-1,0,-1,0,0,0,0,1,-1,-1,1,-1,1,0,0,-1,1,1,-1,-1,1,-1,1,1,-1,-1,1,-1,1,0,0,-1,1,-1,1,-1,1,1,-1,-1,1,0,0,-1,1,0,0,-1,1,0,0,1,-1,-1,1,-1,1,-1,1,1,-1,-1,1,-1,1,0,0,-1,1,-1,1,0,0,0,0,0,0,0,0,0,0,0,0,-1,1,0,0,1,-1,1,-1,0,0,-1,1,-1,1,-1,1,-1,1,-1,1,-1,1,1,-1,-1,1,1,-1,0,0,0,2,-1,1,-1,1,-1,1,-1,0,-1,1,1,-1,0,2,-1,1,1,-1,-1,1,-1,1,1,-1,0,0,0,0,0,0,0,0,-1,1,0,0,1,-1,0,0,1,-1,1,-1,-1,1,0,0,-1,1,-1,1,1,-1,-1,1,-1,1,0,0,-1,1,-1,1,0,0,0,0,0,0,-1,1,-1,1,1,-1,-1,1,-1,1,-1,1,1,-1,0,0,1,-1,0,0,-1,1,0,0,0,0,-1,1,1,-1,1,-1,-1,1,-1,1,-1,1,0,0,1,-1,0,0,-1,1,0,0,-1,1,-1,1,-1,1,0,0,1,-1,1,-1,0,0,1,-1,-1,1,1,-1,0,0,-1,1,-1,1,-1,1,0,0,1,-1,1,-1,1,-1,0,0,1,-1,0,0,-1,1,-1,1
NVDA,2025-02-26 16:21:32,AMC,0.36292341064575334,0.30035040881027864,0.035912441703798176,ES,stopped_pre,-85.0,-298.8875000000007,-351.3875000000007,0,0,-1,1,1,-1,0,2,1,-1,1,-1,-1,1,1,-1,0,0,1,-1,1,-1,0,0,0,2,1,-1,0,0,-1,1,1,-1,-1,1,0,0,0,0,0,0,0,0,1,-1,1,-1,0,2,0,-1,0,-1,0,0,0,0,1,-1,1,-1,1,-1,0,0,1,-1,0,0,-1,1,0,0,1,-1,1,-1,-1,1,0,0,1,-1,1,-1,1,-1,1,-1,1,-1,0,0,0,0,0,0,1,-1,1,-1,1,-1,1,-1,-1,1,1,-1,1,-1,-1,1,1,-1,0,0,1,-1,0,0,0,0,0,0,1,-1,1,-1,0,0,0,0,0,0,0,2,1,-1,1,-1,1,-1,-1,1,-1,1,1,-1,1,-1,1,-1,1,-1,-1,1,1,-1,1,-1,0,0,0,0,1,-1,0,0,1,-1,1,0,-1,1,1,-1,0,0,1,-1,1,-1,1,-1,1,-1,1,-1,0,0,0,0,0,0,0,0,1,-1,0,0,-1,1,0,0,1,-1,-1,1,-1,1,0,0,1,-1,1,-1,-1,1,1,-1,1,-1,1,-1,-1,1,1,-1,0,0,0,0,0,0,-1,1,1,-1,1,-1,1,-1,-1,1,1,-1,-1,1,1,-1,1,-1,1,-1,-1,1,0,0,0,0,-1,1,1,-1,1,-1,-1,1,1,-1,1,-1,0,0,-1,1,0,0,-1,1,1,-1,-1,1,1,-1,1,-1,0,0,1,-1,1,-1,0,2,1,-1,1,-1,-1,1,0,2,-1,1,1,-1,-1,1,1,-1,1,-1,1,-1,1,-1,1,-1,1,-1,0,0,0,0,1,-1
AVGO,2025-03-06 16:19:37,AMC,0.04765205337029977,0.14728178470868528,0.018148820326678763,ES,timed,900.0,175.0,122.5,0,0,1,-1,1,-1,0,2,1,-1,-1,1,-1,1,1,-1,0,0,1,-1,-1,1,0,2,0,2,1,-1,0,0,1,-1,-1,1,-1,1,0,0,0,0,0,0,0,0,1,-1,1,-1,0,2,0,-1,0,-1,0,0,0,0,1,-1,-1,1,-1,1,0,0,1,-1,-1,1,1,-1,0,0,1,-1,-1,1,1,-1,0,0,1,-1,1,-1,1,-1,1,-1,1,-1,1,-1,0,0,0,0,1,-1,1,-1,1,-1,1,-1,-1,1,1,-1,1,-1,-1,1,1,-1,1,-1,-1,1,0,0,0,2,0,2,0,0,1,-1,0,0,0,2,0,0,0,0,1,-1,1,-1,1,-1,1,-1,-1,1,1,-1,-1,1,1,-1,1,-1,1,-1,1,-1,-1,1,0,0,0,0,1,-1,0,0,1,-1,1,0,1,-1,1,-1,0,0,1,-1,-1,1,1,-1,-1,1,1,-1,0,0,0,0,0,2,0,0,1,-1,-1,1,-1,1,-1,1,-1,1,-1,1,1,-1,0,0,1,-1,1,-1,1,-1,1,-1,1,-1,1,-1,-1,1,1,-1,0,2,0,0,0,0,1,-1,1,-1,1,-1,-1,1,1,-1,1,-1,-1,1,1,-1,1,-1,1,-1,-1,1,0,0,0,0,-1,1,1,-1,1,-1,-1,1,1,-1,-1,1,0,0,-1,1,0,0,0,0,1,-1,-1,1,1,-1,1,-1,0,0,1,-1,1,-1,0,2,1,-1,1,-1,-1,1,0,2,-1,1,1,-1,-1,1,1,-1,-1,1,1,-1,1,-1,1,-1,1,-1,0,2,0,0,1,-1
MU,2025-03-20 16:00:55,AMC,0.03937352349286902,0.04812319538017325,0.022988404211442,ES,stopped_pre,-221.0,-286.0375000000204,-338.5375000000204,0,0,-1,1,1,-1,0,2,1,-1,1,-1,-1,1,1,-1,1,-1,1,-1,1,-1,0,0,0,2,1,-1,0,0,-1,1,-1,1,-1,1,0,0,0,0,1,-1,0,0,-1,1,1,-1,0,0,0,-1,0,0,0,0,0,0,1,-1,1,-1,1,-1,0,0,1,-1,-1,1,-1,1,0,0,1,-1,1,-1,-1,1,0,0,1,-1,-1,1,1,-1,0,0,1,-1,0,0,-1,1,1,-1,1,-1,0,0,1,-1,1,-1,-1,1,1,-1,1,-1,-1,1,-1,1,1,-1,-1,1,-1,1,0,0,0,0,0,0,1,-1,0,0,0,0,0,0,0,0,1,-1,1,-1,1,-1,1,-1,-1,1,-1,1,-1,1,-1,1,-1,1,-1,1,1,-1,-1,1,0,0,0,0,1,-1,0,0,1,-1,-1,0,-1,1,1,-1,0,0,-1,1,-1,1,-1,1,1,-1,1,-1,1,-1,0,0,0,0,0,0,-1,1,-1,1,-1,1,0,0,-1,1,-1,1,-1,1,0,0,-1,1,1,-1,-1,1,-1,1,-1,1,1,-1,1,-1,-1,1,0,0,0,0,0,0,-1,1,1,-1,1,-1,1,-1,-1,1,1,-1,1,-1,0,0,1,-1,0,0,1,-1,0,0,0,0,1,-1,-1,1,1,-1,-1,1,1,-1,-1,1,0,0,1,-1,0,0,-1,1,0,0,-1,1,1,-1,-1,1,0,0,1,-1,1,-1,0,0,1,-1,1,-1,1,-1,0,0,1,-1,1,-1,-1,1,0,0,-1,1,1,-1,-1,1,0,0,1,-1,0,0,0,0,-1,1
NFLX,2025-04-17 16:04:05,AMC,0.21157553246509003,0.042315106493018007,0.011263281527860066,ES,timed,897.0,425.0,372.5,0,0,1,-1,-1,1,0,2,-1,1,1,-1,-1,1,-1,1,0,0,-1,1,1,-1,0,0,0,2,-1,1,-1,1,1,-1,-1,1,-1,1,0,0,0,0,1,-1,0,0,1,-1,-1,1,0,0,0,-1,0,1,0,0,0,0,-1,1,-1,1,-1,1,0,0,-1,1,-1,1,-1,1,0,0,-1,1,-1,1,1,-1,0,2,-1,1,-1,1,-1,1,-1,1,-1,1,0,0,0,0,-1,1,-1,1,-1,1,-1,1,-1,1,1,-1,-1,1,-1,1,1,-1,-1,1,0,0,-1,1,1,-1,0,0,0,0,0,0,-1,1,0,0,0,0,0,0,0,2,-1,1,-1,1,-1,1,1,-1,1,-1,-1,1,-1,1,-1,1,-1,1,-1,1,-1,1,1,-1,0,0,0,0,-1,1,0,0,-1,1,-1,0,-1,1,-1,1,0,0,-1,1,-1,1,-1,1,-1,1,-1,1,0,0,0,0,0,0,0,0,-1,1,0,0,-1,1,0,0,-1,1,-1,1,-1,1,0,0,1,-1,1,-1,1,-1,-1,1,-1,1,-1,1,1,-1,-1,1,0,0,0,0,0,0,1,-1,-1,1,1,-1,-1,1,-1,1,-1,1,1,-1,-1,1,-1,1,-1,1,1,-1,0,0,0,0,1,-1,-1,1,-1,1,1,-1,-1,1,1,-1,0,0,1,-1,0,0,0,0,-1,1,1,-1,-1,1,-1,1,0,0,-1,1,-1,1,0,0,1,-1,-1,1,1,-1,0,0,1,-1,-1,1,-1,1,-1,1,-1,1,-1,1,-1,1,-1,1,-1,1,0,0,0,0,-1,1
TSLA,2025-04-22 16:10:12,AMC,0.023508392496121116,0.03291020216267043,0.013545309625464628,ES,stopped_post,102.0,-265.87500000000546,-318.37500000000546,0,0,-1,1,-1,1,1,0,1,-1,1,-1,1,-1,1,-1,1,-1,1,-1,1,-1,0,0,0,2,1,-1,-1,1,1,-1,1,-1,-1,1,0,0,0,0,0,0,0,0,1,-1,-1,1,0,0,0,-1,0,0,0,0,0,0,-1,1,1,-1,1,-1,0,0,1,-1,1,-1,1,-1,0,0,-1,1,1,-1,-1,1,0,2,1,-1,1,-1,1,-1,1,-1,1,-1,0,0,0,0,1,-1,1,-1,1,-1,1,-1,-1,1,-1,1,1,-1,1,-1,-1,1,1,-1,0,0,1,-1,-1,1,0,0,0,0,0,0,1,-1,0,0,0,0,0,0,0,0,1,-1,1,-1,1,-1,1,-1,-1,1,1,-1,1,-1,-1,1,1,-1,-1,1,1,-1,-1,1,0,0,0,0,1,-1,0,0,1,-1,1,0,1,-1,1,-1,0,2,1,-1,-1,1,1,-1,1,-1,-1,1,1,-1,0,0,0,0,0,0,1,-1,1,-1,1,-1,1,-1,1,-1,1,-1,1,-1,0,0,1,-1,-1,1,1,-1,-1,1,-1,1,1,-1,-1,1,1,-1,0,0,0,0,0,0,1,-1,1,-1,1,-1,1,-1,-1,1,-1,1,-1,1,1,-1,1,-1,1,-1,1,-1,0,0,0,0,-1,1,1,-1,1,-1,1,-1,1,-1,1,-1,0,0,1,-1,0,0,0,0,1,-1,-1,1,1,-1,1,-1,0,0,-1,1,-1,1,0,0,-1,1,1,-1,-1,1,0,0,-1,1,1,-1,1,-1,1,-1,-1,1,1,-1,1,-1,1,-1,-1,1,0,0,0,0,1,-1
GOOGL,2025-04-24 16:01:26,AMC,0.2539797723252755,0.1179245283018868,0.03452053811172999,ES,tp,21.0,1102.8999999999996,1050.3999999999996,0,0,-1,1,1,-1,1,0,1,-1,-1,1,1,-1,1,-1,1,-1,1,-1,-1,1,0,0,0,2,1,-1,1,-1,1,-1,1,-1,1,-1,0,0,0,0,1,-1,0,0,1,-1,1,-1,0,0,0,-1,0,-1,0,0,0,0,1,-1,1,-1,1,-1,0,0,1,-1,1,-1,1,-1,0,0,1,-1,1,-1,-1,1,0,0,1,-1,1,-1,1,-1,1,-1,1,-1,0,0,0,0,-1,1,1,-1,1,-1,1,-1,1,-1,-1,1,1,-1,1,-1,1,-1,-1,1,0,0,1,-1,1,-1,0,0,0,0,0,0,1,-1,0,0,0,0,0,0,0,0,1,-1,1,-1,1,-1,1,-1,-1,1,1,-1,1,-1,1,-1,1,-1,-1,1,1,-1,1,-1,0,0,0,0,1,-1,0,0,1,-1,1,0,1,-1,1,-1,0,0,1,-1,1,-1,1,-1,1,-1,1,-1,0,0,0,0,0,0,0,0,1,-1,1,-1,1,-1,1,-1,1,-1,1,-1,1,-1,0,0,-1,1,-1,1,1,-1,-1,1,-1,1,1,-1,-1,1,1,-1,0,0,0,0,0,0,1,-1,1,-1,-1,1,1,-1,1,-1,1,-1,-1,1,1,-1,1,-1,1,-1,1,-1,0,0,0,0,-1,1,1,-1,1,-1,1,-1,1,-1,1,-1,0,0,1,-1,0,0,0,0,1,-1,-1,1,1,-1,1,-1,0,0,1,-1,1,-1,0,0,1,-1,1,-1,1,-1,0,0,-1,1,1,-1,1,-1,1,-1,1,-1,1,-1,1,-1,1,-1,1,-1,0,0,0,0,1,-1
INTC,2025-04-24 16:05:05,AMC,0.022634676324128564,0.07243424328851465,0.020247013565499086,ES,tp,-198.0,1102.5500000000193,1050.0500000000193,0,0,-1,1,-1,1,-1,0,1,-1,-1,1,1,-1,1,-1,0,0,1,-1,-1,1,0,0,0,2,1,-1,1,-1,1,-1,-1,1,-1,1,0,0,0,0,0,0,0,0,1,-1,-1,1,0,0,0,1,0,0,0,0,-1,1,-1,1,1,-1,1,-1,0,0,1,-1,1,-1,-1,1,0,0,-1,1,1,-1,-1,1,0,0,-1,1,-1,1,-1,1,-1,1,1,-1,0,0,-1,1,-1,1,1,-1,0,0,1,-1,1,-1,-1,1,1,-1,1,-1,-1,1,-1,1,0,0,-1,1,-1,1,0,0,0,0,0,0,1,-1,0,0,0,0,-1,1,0,0,1,-1,1,-1,1,-1,1,-1,-1,1,-1,1,-1,1,1,-1,-1,1,-1,1,-1,1,1,-1,0,0,0,0,1,-1,-1,1,1,-1,-1,0,-1,1,1,-1,0,0,-1,1,-1,1,-1,1,1,-1,-1,1,0,0,0,0,0,0,0,0,-1,1,1,-1,1,-1,1,-1,1,-1,1,-1,-1,1,0,0,-1,1,0,0,1,-1,-1,1,-1,1,1,-1,-1,1,-1,1,0,0,0,0,0,0,-1,1,1,-1,1,-1,1,-1,-1,1,1,-1,-1,1,0,0,1,-1,1,-1,1,-1,0,0,0,2,1,-1,-1,1,1,-1,-1,1,1,-1,-1,1,0,0,1,-1,0,0,0,0,0,0,-1,1,1,-1,-1,1,0,0,-1,1,-1,1,0,0,-1,1,1,-1,1,-1,0,0,1,-1,1,-1,1,-1,0,0,1,-1,1,-1,-1,1,0,0,-1,1,0,0,0,0,-1,1
MSFT,2025-04-30 16:06:03,AMC,0.06683300659418998,0.02227965421976651,0.03562845047336012,ES,tp,-28.0,1117.7499999999782,1065.2499999999782,0,0,-1,1,-1,1,1,0,1,-1,-1,1,1,-1,1,-1,1,-1,1,-1,1,-1,0,0,0,0,1,-1,0,0,-1,1,1,-1,-1,1,0,0,1,-1,0,0,0,0,-1,1,-1,1,0,0,0,-1,0,-1,0,0,0,0,-1,1,1,-1,-1,1,0,0,1,-1,1,-1,1,-1,0,0,-1,1,1,-1,-1,1,0,2,1,-1,1,-1,1,-1,1,-1,1,-1,0,0,0,0,-1,1,1,-1,1,-1,1,-1,1,-1,-1,1,1,-1,1,-1,-1,1,-1,1,-1,1,-1,1,-1,1,0,0,0,0,0,0,1,-1,0,0,0,0,0,0,0,0,1,-1,1,-1,1,-1,1,-1,-1,1,1,-1,-1,1,1,-1,1,-1,-1,1,1,-1,1,-1,0,0,0,0,1,-1,0,0,1,-1,1,0,-1,1,1,-1,0,2,1,-1,-1,1,1,-1,1,-1,-1,1,0,0,0,0,0,0,0,0,1,-1,1,-1,1,-1,1,-1,1,-1,1,-1,-1,1,0,0,-1,1,1,-1,1,-1,-1,1,-1,1,1,-1,-1,1,-1,1,0,0,0,0,0,0,-1,1,1,-1,1,-1,1,-1,-1,1,1,-1,1,-1,1,-1,1,-1,1,-1,1,-1,0,0,0,0,1,-1,1,-1,1,-1,-1,1,1,-1,-1,1,0,0,-1,1,0,0,0,0,1,-1,-1,1,1,-1,1,-1,0,0,-1,1,-1,1,0,0,1,-1,1,-1,1,-1,0,0,-1,1,1,-1,1,-1,1,-1,-1,1,1,-1,1,-1,1,-1,-1,1,0,0,0,0,1,-1
META,2025-04-30 16:16:00,AMC,0.02675943270002676,0.25867451610025866,0.027930360301647892,ES,timed,900.0,587.5,535.0,0,0,-1,1,-1,1,1,0,1,-1,1,-1,1,-1,1,-1,1,-1,1,-1,1,-1,0,0,0,2,1,-1,0,0,1,-1,1,-1,1,-1,0,0,0,0,0,0,0,0,1,-1,-1,1,0,2,0,-1,0,-1,0,0,0,0,-1,1,1,-1,-1,1,0,0,1,-1,1,-1,-1,1,0,0,-1,1,-1,1,-1,1,0,2,1,-1,1,-1,1,-1,1,-1,1,-1,1,-1,0,0,0,0,1,-1,1,-1,1,-1,1,-1,-1,1,1,-1,1,-1,-1,1,-1,1,0,0,1,-1,0,0,0,0,0,0,0,0,1,-1,0,0,0,0,-1,1,0,0,1,-1,1,-1,1,-1,0,0,1,-1,1,-1,1,-1,1,-1,1,-1,1,-1,-1,1,-1,1,0,0,0,0,1,-1,-1,1,1,-1,1,0,-1,1,1,-1,0,2,1,-1,1,-1,1,-1,1,-1,-1,1,0,0,0,0,0,0,0,0,1,-1,1,-1,1,-1,1,-1,1,-1,1,-1,-1,1,0,0,1,-1,-1,1,1,-1,-1,1,-1,1,1,-1,-1,1,1,-1,0,0,0,0,0,0,-1,1,1,-1,1,-1,1,-1,-1,1,1,-1,1,-1,1,-1,1,-1,1,-1,-1,1,0,0,0,2,-1,1,1,-1,1,-1,1,-1,1,-1,1,-1,0,0,1,-1,0,0,0,0,1,-1,-1,1,1,-1,-1,1,0,0,-1,1,-1,1,0,0,1,-1,1,-1,-1,1,0,0,-1,1,1,-1,1,-1,1,-1,-1,1,1,-1,1,-1,1,-1,-1,1,0,0,0,0,1,-1
AMZN,2025-05-01 16:15:00,AMC,0.12033158035475533,0.16936310558452555,0.022848438690022847,ES,timed,900.0,612.5,560.0,0,0,1,-1,-1,1,-1,0,-1,1,1,-1,-1,1,-1,1,-1,1,-1,1,1,-1,0,0,0,2,-1,1,-1,1,-1,1,-1,1,1,-1,0,0,0,0,-1,1,0,0,-1,1,-1,1,0,2,0,1,0,1,0,0,0,0,-1,1,-1,1,1,-1,0,0,-1,1,0,0,-1,1,0,0,-1,1,1,-1,-1,1,0,2,-1,1,-1,1,-1,1,-1,1,-1,1,-1,1,0,0,0,0,-1,1,-1,1,-1,1,-1,1,1,-1,-1,1,-1,1,1,-1,-1,1,0,0,-1,1,0,0,0,0,0,0,0,0,-1,1,0,0,0,0,0,0,0,0,-1,1,-1,1,-1,1,-1,1,1,-1,-1,1,-1,1,1,-1,-1,1,1,-1,-1,1,1,-1,0,2,0,0,-1,1,0,0,-1,1,-1,0,-1,1,-1,1,0,2,-1,1,-1,1,-1,1,-1,1,-1,1,1,-1,0,2,0,0,0,0,-1,1,0,0,1,-1,0,0,1,-1,1,-1,-1,1,0,0,-1,1,-1,1,-1,1,-1,1,-1,1,-1,1,1,-1,-1,1,0,0,0,0,0,0,-1,1,1,-1,1,-1,1,-1,1,-1,-1,1,1,-1,-1,1,-1,1,-1,1,1,-1,0,0,0,0,-1,1,1,-1,-1,1,-1,1,-1,1,-1,1,0,0,1,-1,0,0,0,0,-1,1,1,-1,-1,1,-1,1,0,0,-1,1,-1,1,0,0,-1,1,-1,1,-1,1,0,0,1,-1,-1,1,-1,1,-1,1,1,-1,1,-1,1,-1,-1,1,-1,1,0,0,0,0,-1,1
AAPL,2025-05-01 16:30:21,AMC,0.008897984606486631,0.1379371718430186,0.07199450954678452,ES,stopped_pre,-19.0,-280.97499999998945,-333.47499999998945,0,0,1,-1,1,-1,1,0,0,0,1,-1,-1,1,-1,1,0,0,-1,1,-1,1,0,0,0,2,1,-1,1,-1,1,-1,1,-1,1,-1,0,0,0,0,-1,1,0,0,1,-1,1,-1,0,2,0,-1,0,-1,0,0,0,0,1,-1,-1,1,-1,1,0,0,1,-1,1,-1,1,-1,1,-1,-1,1,-1,1,1,-1,0,2,1,-1,1,-1,1,-1,1,-1,1,-1,1,-1,0,0,0,0,1,-1,0,0,-1,1,1,-1,1,-1,-1,1,-1,1,1,-1,-1,1,1,-1,1,-1,0,0,0,0,0,2,0,0,-1,1,0,0,0,2,0,0,0,0,-1,1,-1,1,-1,1,1,-1,1,-1,1,-1,1,-1,-1,1,1,-1,1,-1,1,-1,-1,1,0,0,0,0,1,-1,0,0,1,-1,1,0,1,-1,1,-1,0,0,1,-1,-1,1,1,-1,-1,1,1,-1,0,0,0,0,0,2,0,0,1,-1,0,0,1,-1,0,0,1,-1,1,-1,1,-1,0,0,1,-1,1,-1,-1,1,1,-1,1,-1,-1,1,1,-1,1,-1,0,0,0,0,0,0,1,-1,1,-1,-1,1,-1,1,1,-1,1,-1,-1,1,0,0,1,-1,-1,1,-1,1,0,0,0,2,-1,1,-1,1,-1,1,1,-1,-1,1,1,-1,0,0,-1,1,0,0,1,-1,0,0,1,-1,1,-1,1,-1,0,0,1,-1,1,-1,0,2,1,-1,-1,1,-1,1,0,2,1,-1,1,-1,-1,1,0,0,-1,1,1,-1,-1,1,0,0,1,-1,0,2,1,-1,1,-1
AMD,2025-05-06 16:16:45,AMC,0.01333274076707702,0.24442271798062395,0.01806460364811707,ES,stopped_post,656.0,-281.25,-333.75,0,0,1,-1,-1,1,-1,0,-1,1,1,-1,-1,1,-1,1,0,0,-1,1,1,-1,0,0,0,2,-1,1,0,0,1,-1,-1,1,1,-1,0,0,1,-1,1,-1,0,0,1,-1,-1,1,0,2,0,-1,0,1,0,0,0,0,-1,1,-1,1,1,-1,0,0,-1,1,-1,1,-1,1,0,0,-1,1,1,-1,1,-1,0,2,-1,1,-1,1,-1,1,-1,1,-1,1,0,0,0,0,-1,1,-1,1,-1,1,-1,1,-1,1,1,-1,-1,1,-1,1,1,-1,-1,1,0,0,1,-1,-1,1,0,0,0,0,0,0,-1,1,0,0,0,0,0,0,0,0,-1,1,-1,1,-1,1,-1,1,1,-1,-1,1,-1,1,-1,1,-1,1,1,-1,-1,1,1,-1,0,0,0,0,-1,1,0,0,-1,1,-1,0,1,-1,-1,1,0,0,-1,1,1,-1,1,-1,1,-1,-1,1,0,0,0,0,0,0,0,0,-1,1,-1,1,-1,1,-1,1,-1,1,-1,1,1,-1,0,0,-1,1,-1,1,-1,1,-1,1,-1,1,-1,1,1,-1,1,-1,0,0,0,0,0,0,1,-1,-1,1,1,-1,1,-1,-1,1,-1,1,1,-1,-1,1,-1,1,0,0,1,-1,0,0,0,0,-1,1,-1,1,-1,1,1,-1,-1,1,1,-1,0,0,-1,1,0,0,0,0,-1,1,1,-1,-1,1,-1,1,0,0,-1,1,-1,1,0,0,1,-1,-1,1,-1,1,0,2,1,-1,-1,1,-1,1,-1,1,1,-1,-1,1,-1,1,-1,1,-1,1,0,0,0,0,-1,1
NVDA,2025-05-28 16:21:30,AMC,0.2542372881355932,0.2796610169491526,0.03767187794311547,ES,stopped_pre,-90.0,-295.27499999999236,-347.77499999999236,0,0,-1,1,-1,1,-1,0,0,0,1,-1,-1,1,-1,1,0,0,-1,1,1,-1,0,0,0,2,-1,1,0,0,-1,1,1,-1,1,-1,0,0,0,0,0,0,0,0,-1,1,-1,1,0,2,0,-1,0,-1,0,0,1,-1,-1,1,1,-1,1,-1,0,0,1,-1,0,0,1,-1,1,-1,1,-1,1,-1,1,-1,0,0,-1,1,1,-1,1,-1,1,-1,1,-1,0,0,1,-1,1,-1,-1,1,0,0,-1,1,1,-1,1,-1,1,-1,-1,1,-1,1,-1,1,0,0,1,-1,0,0,0,0,0,0,0,0,-1,1,0,0,0,0,1,-1,0,0,-1,1,-1,1,1,-1,-1,1,1,-1,1,-1,1,-1,1,-1,1,-1,-1,1,1,-1,1,-1,0,0,0,0,1,-1,1,-1,1,-1,1,0,1,-1,1,-1,0,0,1,-1,1,-1,1,-1,1,-1,1,-1,0,0,0,0,0,0,0,0,1,-1,-1,1,-1,1,0,0,-1,1,-1,1,1,-1,0,0,1,-1,1,-1,-1,1,-1,1,1,-1,-1,1,-1,1,0,0,0,2,0,0,0,0,1,-1,1,-1,1,-1,-1,1,1,-1,1,-1,-1,1,0,0,1,-1,-1,1,-1,1,0,0,0,2,-1,1,-1,1,1,-1,1,-1,-1,1,1,-1,0,0,1,-1,0,0,1,-1,0,0,1,-1,1,-1,1,-1,0,0,1,-1,-1,1,0,2,1,-1,-1,1,-1,1,0,0,1,-1,1,-1,-1,1,0,0,1,-1,-1,1,-1,1,0,0,1,-1,0,0,1,-1,1,-1
AVGO,2025-06-05 16:27:02,AMC,0.008406186953597848,0.10087424344317418,0.01848528913943575,ES,timed,900.0,-187.5,-240.0,0,0,-1,1,-1,1,0,2,-1,1,1,-1,-1,1,-1,1,0,0,1,-1,1,-1,0,2,0,2,-1,1,0,0,-1,1,-1,1,1,-1,0,0,0,0,0,0,0,0,-1,1,-1,1,0,0,0,-1,0,0,0,0,1,-1,-1,1,1,-1,0,0,0,0,-1,1,-1,1,-1,1,-1,1,1,-1,1,-1,-1,1,0,0,-1,1,-1,1,-1,1,-1,1,-1,1,-1,1,0,0,0,0,-1,1,-1,1,-1,1,-1,1,-1,1,-1,1,-1,1,1,-1,1,-1,0,0,-1,1,1,-1,0,0,0,2,-1,1,-1,1,0,0,0,2,0,0,0,0,-1,1,-1,1,-1,1,-1,1,1,-1,-1,1,-1,1,-1,1,-1,1,-1,1,-1,1,1,-1,0,0,0,0,-1,1,0,0,-1,1,-1,0,-1,1,-1,1,0,0,-1,1,-1,1,-1,1,1,-1,-1,1,1,-1,0,0,0,2,0,0,-1,1,-1,1,-1,1,-1,1,-1,1,-1,1,-1,1,0,0,-1,1,-1,1,-1,1,-1,1,-1,1,-1,1,-1,1,-1,1,0,2,0,0,0,0,-1,1,-1,1,-1,1,1,-1,1,-1,-1,1,1,-1,-1,1,-1,1,-1,1,1,-1,0,0,0,2,-1,1,-1,1,-1,1,-1,1,-1,1,-1,1,0,0,1,-1,0,0,0,0,-1,1,1,-1,-1,1,-1,1,0,0,-1,1,-1,1,0,0,-1,1,-1,1,-1,1,0,0,-1,1,-1,1,-1,1,-1,1,1,-1,-1,1,-1,1,-1,1,-1,1,0,2,0,0,-1,1
MU,2025-06-25 16:03:10,AMC,0.012203555302444779,0.0,0.02461841457410143,ES,timed,900.0,100.0,47.5,0,0,1,-1,1,-1,0,2,0,0,1,-1,-1,1,-1,1,1,-1,1,-1,-1,1,0,0,0,0,-1,1,0,0,-1,1,1,-1,1,-1,0,0,0,0,0,0,0,0,1,-1,1,-1,0,0,0,-1,0,0,0,0,0,0,1,-1,-1,1,-1,1,0,0,1,-1,1,-1,1,-1,0,0,-1,1,-1,1,1,-1,0,0,-1,1,1,-1,1,-1,1,-1,1,-1,0,0,0,0,0,0,-1,1,0,0,-1,1,-1,1,1,-1,1,-1,-1,1,1,-1,1,-1,0,0,1,-1,0,0,0,0,0,0,0,0,0,0,0,0,0,0,0,0,0,0,1,-1,-1,1,1,-1,-1,1,1,-1,1,-1,1,-1,1,-1,1,-1,-1,1,1,-1,-1,1,0,0,0,0,1,-1,0,0,1,-1,1,0,1,-1,1,-1,0,0,1,-1,-1,1,1,-1,1,-1,-1,1,0,0,0,0,0,0,0,0,1,-1,0,0,1,-1,0,0,1,-1,1,-1,1,-1,0,0,-1,1,-1,1,-1,1,1,-1,1,-1,1,-1,1,-1,1,-1,0,0,0,0,0,0,1,-1,1,-1,1,-1,-1,1,-1,1,-1,1,-1,1,0,0,1,-1,0,0,1,-1,0,0,0,2,1,-1,1,-1,1,-1,1,-1,-1,1,1,-1,0,0,-1,1,0,0,1,-1,0,0,1,-1,1,-1,1,-1,0,0,-1,1,1,-1,0,0,1,-1,1,-1,1,-1,0,0,-1,1,-1,1,-1,1,0,0,-1,1,1,-1,1,-1,0,0,1,-1,0,0,0,0,1,-1
NFLX,2025-07-17 16:04:28,AMC,0.007886746322804526,0.02760361212981584,0.011497556769186549,ES,timed,898.0,50.0,-2.5,0,0,1,-1,1,-1,0,2,-1,1,1,-1,1,-1,1,-1,0,0,1,-1,1,-1,0,0,0,2,-1,1,0,0,1,-1,1,-1,1,-1,0,0,1,-1,0,0,0,0,1,-1,1,-1,0,0,0,-1,0,-1,0,2,1,-1,1,-1,1,-1,1,-1,0,0,1,-1,1,-1,1,-1,0,0,1,-1,1,-1,1,-1,0,2,1,-1,1,-1,1,-1,1,-1,1,-1,0,0,1,-1,-1,1,1,-1,1,-1,-1,1,1,-1,1,-1,1,-1,1,-1,1,-1,1,-1,0,0,1,-1,0,0,0,0,0,0,0,0,1,-1,0,0,0,0,1,-1,0,0,1,-1,1,-1,0,0,1,-1,1,-1,1,-1,1,-1,1,-1,1,-1,1,-1,1,-1,1,-1,0,0,0,2,1,-1,1,-1,1,-1,1,0,1,-1,1,-1,0,2,1,-1,1,-1,1,-1,1,-1,1,-1,1,-1,0,0,0,0,0,0,1,-1,1,-1,1,-1,1,-1,1,-1,1,-1,1,-1,0,0,1,-1,1,-1,1,-1,1,-1,1,-1,1,-1,1,-1,1,-1,0,0,0,0,0,0,1,-1,1,-1,-1,1,1,-1,1,-1,1,-1,-1,1,0,0,1,-1,1,-1,1,-1,0,0,0,0,-1,1,-1,1,-1,1,1,-1,1,-1,1,-1,0,0,0,0,0,0,1,-1,0,0,-1,1,1,-1,1,-1,0,2,1,-1,1,-1,0,0,1,-1,1,-1,1,-1,0,0,1,-1,1,-1,1,-1,0,0,1,-1,1,-1,-1,1,0,0,1,-1,0,0,1,-1,1,-1
GOOGL,2025-07-23 16:01:33,AMC,0.003910221318526629,0.12512708219285212,0.034995625546806644,ES,timed,900.0,462.5,410.0,0,0,1,-1,1,-1,0,2,1,-1,-1,1,1,-1,1,-1,0,0,1,-1,1,-1,0,0,0,0,1,-1,0,0,1,-1,1,-1,1,-1,0,0,1,-1,0,0,1,-1,1,-1,1,-1,0,0,0,-1,0,-1,0,0,0,0,1,-1,1,-1,1,-1,0,0,1,-1,1,-1,1,-1,1,-1,1,-1,1,-1,1,-1,0,2,1,-1,1,-1,1,-1,1,-1,1,-1,1,-1,0,0,-1,1,1,-1,1,-1,1,-1,1,-1,1,-1,1,-1,1,-1,-1,1,1,-1,0,0,1,-1,0,0,0,0,0,0,1,-1,1,-1,0,0,0,0,0,0,0,0,1,-1,1,-1,1,-1,0,0,-1,1,1,-1,1,-1,1,-1,1,-1,1,-1,1,-1,-1,1,0,2,0,0,1,-1,1,-1,1,-1,1,0,1,-1,1,-1,0,2,1,-1,1,-1,1,-1,1,-1,1,-1,0,0,0,0,0,0,0,0,1,-1,1,-1,1,-1,1,-1,1,-1,1,-1,1,-1,0,0,1,-1,-1,1,1,-1,1,-1,1,-1,1,-1,-1,1,1,-1,0,0,0,0,0,0,1,-1,1,-1,1,-1,1,-1,-1,1,1,-1,-1,1,1,-1,1,-1,1,-1,-1,1,0,0,0,0,1,-1,1,-1,1,-1,1,-1,1,-1,1,-1,0,0,-1,1,0,0,1,-1,0,0,1,-1,1,-1,1,-1,0,0,1,-1,1,-1,0,0,1,-1,1,-1,1,-1,0,0,-1,1,1,-1,1,-1,1,-1,-1,1,1,-1,1,-1,1,-1,1,-1,0,0,1,-1,1,-1
TSLA,2025-07-23 16:14:09,AMC,0.01952286127054781,0.09370607527721381,0.014682131845543973,ES,timed,897.0,50.0,-2.5,0,0,-1,1,1,-1,1,0,1,-1,-1,1,1,-1,1,-1,1,-1,1,-1,-1,1,0,0,0,0,1,-1,0,0,-1,1,1,-1,-1,1,0,0,0,0,1,-1,0,0,-1,1,1,-1,0,0,0,-1,0,1,0,0,0,0,1,-1,1,-1,1,-1,0,0,1,-1,1,-1,1,-1,0,0,1,-1,-1,1,-1,1,0,2,1,-1,1,-1,1,-1,-1,1,1,-1,0,0,0,0,-1,1,1,-1,1,-1,1,-1,1,-1,-1,1,1,-1,1,-1,-1,1,1,-1,0,0,-1,1,0,0,0,0,0,0,0,0,1,-1,0,0,0,0,0,0,0,2,1,-1,1,-1,1,-1,0,0,-1,1,1,-1,1,-1,-1,1,1,-1,-1,1,1,-1,1,-1,0,0,0,0,1,-1,0,0,1,-1,1,0,-1,1,1,-1,0,2,1,-1,1,-1,1,-1,-1,1,1,-1,0,0,0,0,0,0,0,0,1,-1,1,-1,1,-1,1,-1,1,-1,1,-1,-1,1,0,0,-1,1,-1,1,1,-1,1,-1,-1,1,1,-1,1,-1,-1,1,0,0,0,0,0,0,-1,1,1,-1,-1,1,1,-1,-1,1,-1,1,-1,1,1,-1,1,-1,1,-1,-1,1,0,0,0,0,1,-1,-1,1,1,-1,-1,1,1,-1,-1,1,0,0,1,-1,0,0,0,0,1,-1,-1,1,1,-1,-1,1,0,0,1,-1,1,-1,0,0,1,-1,1,-1,-1,1,0,0,-1,1,1,-1,1,-1,0,0,1,-1,1,-1,-1,1,1,-1,1,-1,0,0,0,0,1,-1
INTC,2025-07-24 16:04:12,AMC,0.0,0.05859375,0.02102506570567552,ES,timed,894.0,0.0,-52.5,0,0,1,-1,-1,1,-1,0,-1,1,-1,1,-1,1,-1,1,0,0,-1,1,-1,1,0,0,0,0,-1,1,0,0,1,-1,-1,1,-1,1,0,0,-1,1,0,0,0,0,1,-1,-1,1,0,0,0,-1,0,0,0,2,0,0,-1,1,-1,1,-1,1,0,0,-1,1,1,-1,1,-1,0,0,-1,1,-1,1,1,-1,0,2,-1,1,-1,1,1,-1,-1,1,-1,1,0,0,-1,1,-1,1,-1,1,-1,1,-1,1,-1,1,1,-1,-1,1,-1,1,-1,1,-1,1,0,0,-1,1,0,0,0,0,0,0,0,0,-1,1,0,0,0,0,0,0,0,0,-1,1,-1,1,-1,1,0,0,-1,1,-1,1,-1,1,1,-1,-1,1,-1,1,1,-1,1,-1,0,0,0,2,1,-1,0,0,-1,1,-1,0,1,-1,-1,1,0,2,-1,1,-1,1,-1,1,1,-1,-1,1,1,-1,0,0,0,0,0,0,-1,1,0,0,1,-1,0,0,1,-1,1,-1,1,-1,0,0,1,-1,0,0,-1,1,-1,1,1,-1,-1,1,1,-1,-1,1,0,0,0,0,0,0,1,-1,-1,1,-1,1,-1,1,1,-1,1,-1,-1,1,-1,1,-1,1,-1,1,1,-1,0,0,0,2,1,-1,1,-1,1,-1,-1,1,-1,1,1,-1,0,0,-1,1,0,0,0,0,-1,1,1,-1,1,-1,1,-1,0,2,-1,1,-1,1,0,2,-1,1,-1,1,1,-1,0,0,1,-1,-1,1,-1,1,-1,1,-1,1,-1,1,1,-1,-1,1,-1,1,0,0,0,0,-1,1
MSFT,2025-07-30 16:08:53,AMC,0.05056004978220287,0.08167075020417688,0.03715630418627694,ES,timed,900.0,850.0,797.5,0,2,1,-1,1,-1,1,0,1,-1,1,-1,1,-1,1,-1,1,-1,1,-1,1,-1,0,0,0,2,1,-1,0,0,1,-1,1,-1,1,-1,0,1,1,-1,1,-1,1,-1,1,-1,1,-1,0,0,0,-1,0,-1,0,0,1,-1,1,-1,-1,1,-1,1,0,0,1,-1,-1,1,1,-1,1,-1,1,-1,-1,1,1,-1,0,0,1,-1,1,-1,1,-1,1,-1,1,-1,1,-1,1,-1,1,-1,1,-1,1,-1,1,-1,1,-1,1,-1,1,-1,1,-1,1,-1,1,-1,1,-1,1,-1,0,0,0,0,0,0,0,0,1,-1,0,0,0,0,1,-1,0,0,1,-1,1,-1,1,-1,1,-1,1,-1,1,-1,1,-1,-1,1,1,-1,1,-1,1,-1,-1,1,0,2,0,0,1,-1,1,-1,1,-1,1,0,1,-1,1,-1,0,0,1,-1,1,-1,1,-1,1,-1,1,-1,-1,1,0,2,0,0,0,0,1,-1,0,0,1,-1,0,0,-1,1,-1,1,1,-1,0,0,1,-1,-1,1,1,-1,1,-1,1,-1,0,0,-1,1,1,-1,0,0,0,0,0,0,1,-1,-1,1,-1,1,-1,1,-1,1,-1,1,-1,1,1,-1,1,-1,0,0,-1,1,0,2,0,0,-1,1,1,-1,1,-1,1,-1,1,-1,1,-1,-1,1,-1,1,-1,1,1,-1,1,-1,1,-1,1,-1,1,-1,0,0,1,-1,1,-1,0,2,1,-1,1,-1,1,-1,0,0,-1,1,1,-1,1,-1,1,-1,-1,1,-1,1,1,-1,1,-1,1,-1,0,0,1,-1,-1,1
META,2025-07-30 16:13:01,AMC,0.0583158385817588,0.03498950314905528,0.027344896500837323,ES,timed,900.0,150.0,97.5,0,2,1,-1,1,-1,1,0,1,-1,1,-1,1,-1,1,-1,1,-1,1,-1,1,-1,0,0,0,0,1,-1,0,0,1,-1,1,-1,1,-1,0,0,-1,1,0,0,1,-1,1,-1,1,-1,0,0,0,-1,0,-1,0,0,1,-1,1,-1,-1,1,-1,1,0,0,1,-1,1,-1,1,-1,1,-1,1,-1,-1,1,1,-1,0,0,1,-1,1,-1,1,-1,1,-1,1,-1,1,-1,0,0,0,0,1,-1,1,-1,1,-1,1,-1,1,-1,1,-1,1,-1,1,-1,1,-1,1,-1,1,-1,1,-1,0,0,0,0,1,-1,1,-1,0,0,0,0,1,-1,0,0,1,-1,1,-1,1,-1,-1,1,1,-1,1,-1,1,-1,-1,1,1,-1,1,-1,1,-1,-1,1,0,2,0,0,1,-1,1,-1,1,-1,1,0,1,-1,1,-1,0,2,1,-1,1,-1,1,-1,1,-1,1,-1,-1,1,0,2,0,0,0,0,1,-1,1,-1,1,-1,0,0,1,-1,1,-1,1,-1,0,0,1,-1,-1,1,1,-1,1,-1,1,-1,1,-1,-1,1,1,-1,0,0,0,0,0,0,1,-1,-1,1,1,-1,-1,1,1,-1,-1,1,-1,1,1,-1,1,-1,0,0,-1,1,0,2,0,0,-1,1,-1,1,1,-1,1,-1,1,-1,1,-1,0,0,-1,1,0,0,1,-1,1,-1,-1,1,1,-1,1,-1,0,0,1,-1,1,-1,0,2,1,-1,1,-1,-1,1,0,0,-1,1,1,-1,1,-1,1,-1,-1,1,-1,1,-1,1,1,-1,1,-1,0,0,1,-1,1,-1
AMZN,2025-07-31 16:13:17,AMC,0.027468215350808352,0.08632867681682624,0.0234825818193874,ES,stopped_post,251.0,-318.44999999998436,-370.94999999998436,0,0,-1,1,-1,1,1,0,-1,1,-1,1,-1,1,-1,1,0,0,1,-1,-1,1,0,0,0,2,-1,1,0,0,1,-1,-1,1,-1,1,0,0,0,0,-1,1,0,0,-1,1,-1,1,0,0,0,-1,0,1,0,0,-1,1,-1,1,1,-1,1,-1,0,0,1,-1,-1,1,1,-1,-1,1,1,-1,-1,1,1,-1,0,2,1,-1,-1,1,1,-1,-1,1,-1,1,0,0,-1,1,1,-1,-1,1,-1,1,0,0,1,-1,-1,1,-1,1,-1,1,-1,1,1,-1,0,0,-1,1,0,0,0,0,0,0,0,0,-1,1,0,0,0,0,0,0,0,2,-1,1,-1,1,1,-1,1,-1,-1,1,-1,1,-1,1,1,-1,-1,1,-1,1,1,-1,-1,1,0,0,0,2,1,-1,0,0,-1,1,-1,0,1,-1,-1,1,0,2,-1,1,-1,1,-1,1,-1,1,1,-1,0,0,0,0,0,0,0,0,-1,1,-1,1,-1,1,-1,1,-1,1,-1,1,1,-1,0,0,-1,1,0,0,-1,1,1,-1,1,-1,-1,1,-1,1,-1,1,0,0,0,0,0,0,1,-1,-1,1,-1,1,1,-1,1,-1,-1,1,-1,1,-1,1,1,-1,-1,1,-1,1,0,0,0,0,1,-1,-1,1,-1,1,-1,1,1,-1,-1,1,0,0,1,-1,0,0,0,0,-1,1,1,-1,1,-1,1,-1,0,0,1,-1,-1,1,0,2,-1,1,-1,1,-1,1,0,0,-1,1,1,-1,-1,1,-1,1,-1,1,-1,1,-1,1,-1,1,1,-1,0,0,0,0,-1,1
AAPL,2025-07-31 16:30:25,AMC,0.09032714134233986,0.09032714134233986,0.07011393514460999,ES,timed,900.0,387.5,335.0,0,0,1,-1,1,-1,0,2,-1,1,-1,1,-1,1,-1,1,-1,1,-1,1,-1,1,0,0,0,2,-1,1,0,0,1,-1,-1,1,-1,1,0,0,0,0,1,-1,0,0,1,-1,1,-1,0,2,0,-1,0,0,0,0,0,0,-1,1,-1,1,-1,1,0,0,-1,1,-1,1,1,-1,0,0,1,-1,1,-1,1,-1,0,0,-1,1,-1,1,-1,1,-1,1,-1,1,0,0,-1,1,-1,1,-1,1,-1,1,-1,1,-1,1,1,-1,-1,1,-1,1,1,-1,1,-1,0,0,-1,1,1,-1,0,0,0,2,0,0,-1,1,0,0,0,2,0,0,0,2,-1,1,-1,1,-1,1,1,-1,-1,1,-1,1,-1,1,1,-1,-1,1,-1,1,-1,1,-1,1,0,0,0,0,-1,1,1,-1,-1,1,-1,0,1,-1,-1,1,0,0,-1,1,-1,1,-1,1,-1,1,1,-1,0,0,0,0,0,2,0,0,-1,1,-1,1,-1,1,-1,1,-1,1,-1,1,1,-1,0,0,-1,1,0,0,-1,1,-1,1,-1,1,-1,1,-1,1,-1,1,0,2,0,0,0,0,1,-1,-1,1,-1,1,-1,1,1,-1,1,-1,-1,1,-1,1,-1,1,-1,1,-1,1,0,0,0,2,-1,1,-1,1,-1,1,-1,1,1,-1,-1,1,0,0,-1,1,0,0,1,-1,-1,1,1,-1,-1,1,-1,1,0,2,1,-1,-1,1,0,0,1,-1,-1,1,-1,1,0,2,-1,1,-1,1,-1,1,-1,1,1,-1,-1,1,-1,1,-1,1,-1,1,0,2,0,0,-1,1
AMD,2025-08-05 16:16:31,AMC,0.023694810836426824,0.1421632507996683,0.01650982334489021,ES,stopped_post,550.0,-316.4499999999862,-368.9499999999862,0,0,1,-1,-1,1,0,2,-1,1,1,-1,-1,1,-1,1,0,0,-1,1,-1,1,0,0,0,0,-1,1,0,0,1,-1,1,-1,1,-1,0,0,0,0,-1,1,0,0,1,-1,-1,1,0,2,0,-1,0,0,0,2,0,0,-1,1,1,-1,0,0,0,0,-1,1,-1,1,1,-1,0,0,1,-1,1,-1,1,-1,0,2,1,-1,1,-1,1,-1,1,-1,-1,1,1,-1,1,-1,0,0,-1,1,0,0,-1,1,1,-1,1,-1,1,-1,-1,1,1,-1,1,-1,0,0,1,-1,1,-1,0,0,0,0,0,0,-1,1,0,0,0,0,1,-1,0,2,-1,1,-1,1,-1,1,-1,1,1,-1,1,-1,1,-1,1,-1,1,-1,1,-1,1,-1,1,-1,0,0,0,2,1,-1,1,-1,1,-1,1,0,1,-1,-1,1,0,0,1,-1,1,-1,1,-1,1,-1,1,-1,0,0,0,0,0,0,0,0,1,-1,-1,1,-1,1,0,0,-1,1,-1,1,1,-1,0,0,1,-1,1,-1,-1,1,1,-1,1,-1,-1,1,-1,1,1,-1,0,0,0,0,0,0,1,-1,1,-1,-1,1,1,-1,1,-1,1,-1,-1,1,0,0,1,-1,-1,1,1,-1,0,0,0,0,-1,1,-1,1,-1,1,1,-1,-1,1,1,-1,0,0,1,-1,0,0,1,-1,0,0,1,-1,1,-1,1,-1,0,0,1,-1,-1,1,0,2,-1,1,-1,1,-1,1,0,0,1,-1,1,-1,-1,1,0,0,1,-1,-1,1,-1,1,0,0,-1,1,0,0,1,-1,1,-1
NVDA,2025-08-27 16:22:14,AMC,0.10834236186348861,0.22830166776303062,0.03783771247041763,ES,stopped_pre,-79.0,-324.7124999999869,-377.2124999999869,0,0,1,-1,-1,1,-1,0,-1,1,1,-1,1,-1,-1,1,0,0,-1,1,-1,1,0,0,0,2,-1,1,0,0,1,-1,-1,1,1,-1,0,0,-1,1,0,0,0,0,-1,1,-1,1,0,2,0,-1,0,1,0,2,0,0,-1,1,1,-1,-1,1,0,0,-1,1,1,-1,1,-1,0,0,-1,1,0,0,1,-1,0,2,-1,1,1,-1,1,-1,-1,1,-1,1,0,0,0,0,-1,1,-1,1,-1,1,-1,1,-1,1,1,-1,-1,1,-1,1,1,-1,-1,1,0,0,1,-1,0,0,0,0,0,0,0,0,-1,1,0,0,0,0,1,-1,0,0,-1,1,-1,1,-1,1,1,-1,1,-1,-1,1,-1,1,1,-1,-1,1,1,-1,-1,1,-1,1,0,0,0,0,1,-1,0,0,-1,1,-1,0,1,-1,-1,1,0,0,-1,1,-1,1,1,-1,1,-1,-1,1,0,0,0,0,0,0,0,0,1,-1,0,0,1,-1,1,-1,1,-1,1,-1,1,-1,0,0,1,-1,0,0,-1,1,-1,1,1,-1,-1,1,-1,1,1,-1,0,0,0,0,0,0,1,-1,-1,1,-1,1,1,-1,1,-1,-1,1,-1,1,0,0,1,-1,0,0,-1,1,0,0,0,0,-1,1,1,-1,-1,1,1,-1,-1,1,1,-1,0,0,-1,1,0,0,0,0,0,0,-1,1,-1,1,-1,1,0,0,-1,1,-1,1,0,2,-1,1,-1,1,-1,1,0,0,1,-1,-1,1,1,-1,-1,1,-1,1,-1,1,1,-1,0,0,-1,1,0,0,0,0,-1,1
AVGO,2025-09-04 16:19:50,AMC,0.011513662879950875,0.007675775253300584,0.018148820326678763,ES,timed,900.0,-50.0,-102.5,0,0,1,-1,1,-1,1,0,1,-1,1,-1,1,-1,1,-1,1,-1,1,-1,1,-1,0,0,0,2,1,-1,0,0,1,-1,1,-1,1,-1,0,0,0,0,0,0,1,-1,1,-1,1,-1,0,2,0,-1,0,-1,0,0,0,0,1,-1,1,-1,-1,1,0,0,1,-1,1,-1,1,-1,1,-1,1,-1,-1,1,1,-1,0,2,1,-1,1,-1,1,-1,1,-1,1,-1,1,-1,1,-1,0,0,1,-1,1,-1,1,-1,1,-1,1,-1,1,-1,1,-1,1,-1,1,-1,1,-1,1,-1,1,-1,0,0,0,0,0,0,1,-1,0,0,0,0,1,-1,0,0,1,-1,1,-1,1,-1,0,0,1,-1,1,-1,1,-1,-1,1,1,-1,-1,1,1,-1,-1,1,0,2,0,0,1,-1,1,-1,1,-1,1,0,1,-1,1,-1,0,0,1,-1,-1,1,1,-1,1,-1,1,-1,0,0,0,2,0,0,0,0,1,-1,1,-1,1,-1,1,-1,1,-1,1,-1,1,-1,0,0,1,-1,0,0,1,-1,1,-1,1,-1,1,-1,-1,1,1,-1,0,0,0,0,0,0,1,-1,-1,1,1,-1,-1,1,1,-1,1,-1,-1,1,1,-1,1,-1,1,-1,-1,1,0,0,0,0,1,-1,-1,1,1,-1,1,-1,1,-1,1,-1,0,0,-1,1,0,0,0,0,1,-1,-1,1,1,-1,1,-1,0,0,1,-1,1,-1,0,2,-1,1,1,-1,-1,1,0,0,-1,1,1,-1,1,-1,1,-1,1,-1,-1,1,-1,1,1,-1,1,-1,0,0,1,-1,1,-1
MU,2025-09-23 16:02:28,AMC,0.04095309009679821,0.011169024571854057,0.022988404211442,ES,timed,900.0,75.0,22.5,0,0,1,-1,1,-1,1,0,1,-1,-1,1,-1,1,1,-1,1,-1,1,-1,-1,1,0,0,0,2,1,-1,0,0,1,-1,1,-1,-1,1,0,0,-1,1,0,0,1,-1,1,-1,1,-1,0,0,0,-1,0,-1,0,0,0,0,1,-1,1,-1,1,-1,0,0,1,-1,-1,1,1,-1,0,0,1,-1,-1,1,1,-1,0,0,1,-1,1,-1,1,-1,1,-1,1,-1,1,-1,0,0,0,0,1,-1,1,-1,1,-1,1,-1,1,-1,1,-1,1,-1,-1,1,1,-1,0,0,1,-1,0,0,0,0,0,0,1,-1,1,-1,0,0,0,0,0,0,0,0,1,-1,1,-1,1,-1,1,-1,-1,1,1,-1,1,-1,1,-1,1,-1,-1,1,1,-1,-1,1,0,0,0,0,1,-1,0,0,1,-1,1,0,1,-1,1,-1,0,0,1,-1,1,-1,1,-1,1,-1,1,-1,-1,1,0,0,0,0,0,0,1,-1,-1,1,-1,1,0,0,-1,1,-1,1,1,-1,0,0,1,-1,1,-1,-1,1,1,-1,1,-1,1,-1,-1,1,1,-1,0,0,0,0,0,0,1,-1,1,-1,-1,1,1,-1,-1,1,1,-1,-1,1,1,-1,1,-1,0,0,-1,1,0,0,0,0,1,-1,1,-1,1,-1,1,-1,1,-1,1,-1,0,0,-1,1,0,0,0,0,1,-1,-1,1,1,-1,1,-1,0,0,1,-1,1,-1,0,0,1,-1,1,-1,1,-1,0,0,-1,1,1,-1,-1,1,1,-1,1,-1,-1,1,1,-1,1,-1,1,-1,0,0,0,0,1,-1
NFLX,2025-10-21 16:02:25,AMC,0.048000590776501866,0.00738470627330798,0.011263281527860066,ES,stopped_pre,-159.0,-339.0374999999949,-391.5374999999949,0,0,1,-1,1,-1,0,2,1,-1,-1,1,1,-1,1,-1,1,-1,1,-1,-1,1,0,0,0,0,1,-1,0,0,1,-1,-1,1,-1,1,0,0,1,-1,-1,1,0,0,1,-1,1,-1,0,0,0,-1,0,-1,0,0,-1,1,1,-1,1,-1,1,-1,0,0,1,-1,1,-1,1,-1,0,0,1,-1,-1,1,1,-1,0,0,1,-1,1,-1,1,-1,1,-1,1,-1,0,0,-1,1,-1,1,1,-1,1,-1,1,-1,1,-1,-1,1,1,-1,1,-1,-1,1,-1,1,0,0,-1,1,-1,1,0,0,0,0,0,0,1,-1,0,0,0,0,0,0,0,2,1,-1,1,-1,1,-1,1,-1,-1,1,1,-1,-1,1,1,-1,1,-1,-1,1,1,-1,1,-1,0,0,0,0,1,-1,0,0,1,-1,1,0,1,-1,1,-1,0,0,1,-1,1,-1,1,-1,1,-1,1,-1,0,0,0,0,0,0,0,0,1,-1,0,0,1,-1,0,0,1,-1,1,-1,1,-1,0,0,-1,1,1,-1,1,-1,1,-1,-1,1,1,-1,-1,1,1,-1,0,0,0,0,0,0,1,-1,1,-1,-1,1,1,-1,-1,1,1,-1,-1,1,1,-1,1,-1,0,0,-1,1,0,0,0,0,-1,1,1,-1,-1,1,-1,1,1,-1,-1,1,0,0,-1,1,0,0,0,0,1,-1,1,-1,1,-1,1,-1,0,0,1,-1,1,-1,0,2,1,-1,1,-1,1,-1,0,0,1,-1,1,-1,1,-1,1,-1,1,-1,1,-1,1,-1,1,-1,1,-1,0,0,0,0,1,-1
TSLA,2025-10-22 16:06:36,AMC,0.014837895986349135,0.05935158394539654,0.015903442838603822,ES,timed,899.0,-200.0,-252.5,0,0,-1,1,1,-1,0,2,1,-1,1,-1,-1,1,1,-1,-1,1,-1,1,1,-1,0,0,0,0,-1,1,0,0,1,-1,1,-1,1,-1,0,0,1,-1,0,0,0,0,-1,1,1,-1,0,0,0,-1,0,0,0,2,1,-1,1,-1,1,-1,1,-1,0,0,-1,1,-1,1,-1,1,0,0,1,-1,1,-1,-1,1,0,2,1,-1,1,-1,-1,1,1,-1,1,-1,0,0,1,-1,1,-1,1,-1,1,-1,1,-1,1,-1,1,-1,1,-1,1,-1,1,-1,1,-1,0,0,1,-1,1,-1,0,0,0,0,0,0,1,-1,0,0,0,0,0,0,0,2,1,-1,1,-1,-1,1,-1,1,1,-1,1,-1,1,-1,1,-1,1,-1,1,-1,-1,1,-1,1,0,0,0,2,-1,1,0,0,1,-1,1,0,-1,1,1,-1,0,0,1,-1,1,-1,1,-1,1,-1,1,-1,-1,1,0,0,0,0,0,0,1,-1,-1,1,-1,1,-1,1,-1,1,-1,1,-1,1,0,0,1,-1,1,-1,-1,1,1,-1,-1,1,1,-1,1,-1,0,0,0,0,0,0,0,0,-1,1,1,-1,1,-1,1,-1,1,-1,1,-1,1,-1,1,-1,1,-1,1,-1,1,-1,0,0,0,2,-1,1,1,-1,-1,1,1,-1,1,-1,1,-1,0,0,-1,1,0,0,0,0,1,-1,-1,1,-1,1,-1,1,0,2,1,-1,1,-1,0,0,-1,1,1,-1,1,-1,0,0,-1,1,1,-1,-1,1,1,-1,-1,1,1,-1,1,-1,1,-1,1,-1,0,0,0,0,1,-1
INTC,2025-10-23 16:10:22,AMC,0.0184481422720732,0.0036897645930189654,0.020247013565499086,ES,timed,898.0,-137.5,-190.0,0,0,1,-1,-1,1,0,2,-1,1,1,-1,1,-1,-1,1,0,0,-1,1,1,-1,0,0,0,2,-1,1,0,0,1,-1,1,-1,1,-1,0,0,0,0,1,-1,0,0,1,-1,-1,1,0,2,0,-1,0,0,0,2,1,-1,-1,1,1,-1,-1,1,0,0,-1,1,1,-1,1,-1,0,0,-1,1,-1,1,1,-1,0,2,1,-1,1,-1,1,-1,1,-1,-1,1,0,0,1,-1,1,-1,-1,1,0,0,-1,1,1,-1,1,-1,1,-1,-1,1,1,-1,-1,1,0,0,1,-1,0,0,0,0,0,0,0,0,-1,1,0,0,0,0,1,-1,0,0,-1,1,-1,1,-1,1,1,-1,1,-1,1,-1,1,-1,1,-1,1,-1,1,-1,1,-1,-1,1,0,0,0,2,1,-1,1,-1,1,-1,1,0,1,-1,-1,1,0,0,1,-1,-1,1,1,-1,1,-1,-1,1,0,0,0,0,0,0,0,0,1,-1,1,-1,1,-1,1,-1,1,-1,1,-1,1,-1,0,0,1,-1,1,-1,-1,1,-1,1,1,-1,-1,1,-1,1,1,-1,0,0,0,0,0,0,1,-1,1,-1,-1,1,1,-1,1,-1,1,-1,-1,1,0,0,1,-1,0,0,1,-1,0,0,0,0,-1,1,-1,1,-1,1,1,-1,-1,1,1,-1,0,0,-1,1,0,0,1,-1,0,0,1,-1,1,-1,1,-1,0,0,-1,1,-1,1,0,2,1,-1,-1,1,-1,1,0,0,1,-1,1,-1,1,-1,0,0,-1,1,-1,1,-1,1,0,0,-1,1,0,0,1,-1,1,-1
GOOGL,2025-10-29 16:01:48,AMC,0.0,0.18388981034109758,0.03452053811172999,ES,stopped_post,309.0,-346.1124999999811,-398.6124999999811,0,0,1,-1,-1,1,0,2,1,-1,-1,1,-1,1,1,-1,1,-1,1,-1,1,-1,0,0,0,0,1,-1,0,0,1,-1,1,-1,-1,1,0,0,1,-1,0,0,0,0,1,-1,-1,1,0,0,0,-1,0,-1,0,0,0,0,1,-1,1,-1,1,-1,0,0,1,-1,-1,1,1,-1,0,0,1,-1,-1,1,1,-1,0,0,1,-1,1,-1,1,-1,1,-1,1,-1,0,0,0,0,1,-1,1,-1,1,-1,1,-1,1,-1,-1,1,1,-1,1,-1,-1,1,1,-1,0,0,-1,1,0,0,0,0,0,0,1,-1,1,-1,0,0,0,0,0,0,0,2,1,-1,1,-1,1,-1,-1,1,-1,1,1,-1,1,-1,1,-1,1,-1,1,-1,1,-1,-1,1,0,0,0,0,1,-1,0,0,1,-1,1,0,1,-1,1,-1,0,0,1,-1,1,-1,1,-1,-1,1,1,-1,1,-1,0,0,0,0,0,0,1,-1,-1,1,-1,1,0,0,-1,1,-1,1,1,-1,0,0,1,-1,-1,1,-1,1,1,-1,1,-1,0,0,-1,1,1,-1,0,0,0,0,0,0,1,-1,1,-1,1,-1,1,-1,-1,1,-1,1,-1,1,1,-1,1,-1,0,0,-1,1,0,0,0,0,1,-1,1,-1,1,-1,-1,1,1,-1,1,-1,0,0,1,-1,0,0,0,0,1,-1,1,-1,1,-1,1,-1,0,0,-1,1,1,-1,0,2,-1,1,1,-1,1,-1,0,0,-1,1,1,-1,-1,1,1,-1,1,-1,1,-1,1,-1,1,-1,1,-1,0,0,0,0,1,-1
MSFT,2025-10-29 16:07:42,AMC,0.061476150869706724,0.0036162441688062778,0.037676700603451685,ES,stopped_pre,-288.0,-347.0874999999978,-399.5874999999978,0,0,1,-1,1,-1,1,0,1,-1,1,-1,1,-1,1,-1,1,-1,1,-1,1,-1,0,0,0,2,1,-1,0,0,1,-1,1,-1,1,-1,0,0,-1,1,0,0,1,-1,1,-1,1,-1,0,0,0,-1,0,-1,0,0,1,-1,1,-1,1,-1,-1,1,0,0,1,-1,1,-1,1,-1,1,-1,1,-1,-1,1,1,-1,0,0,1,-1,1,-1,1,-1,1,-1,1,-1,0,0,1,-1,0,0,1,-1,1,-1,1,-1,1,-1,1,-1,1,-1,1,-1,1,-1,1,-1,1,-1,1,-1,1,-1,0,0,0,0,0,0,1,-1,0,0,0,0,1,-1,0,0,1,-1,1,-1,1,-1,0,0,1,-1,1,-1,1,-1,1,-1,1,-1,1,-1,1,-1,1,-1,0,0,0,0,1,-1,1,-1,1,-1,1,0,1,-1,1,-1,0,0,1,-1,-1,1,1,-1,1,-1,1,-1,-1,1,0,0,0,0,0,0,1,-1,0,0,1,-1,0,0,1,-1,1,-1,1,-1,0,0,1,-1,1,-1,1,-1,1,-1,1,-1,0,0,-1,1,1,-1,0,0,0,0,0,0,1,-1,1,-1,1,-1,1,-1,1,-1,1,-1,-1,1,1,-1,1,-1,0,0,-1,1,0,0,0,0,-1,1,1,-1,1,-1,1,-1,1,-1,1,-1,0,0,-1,1,0,0,1,-1,1,-1,-1,1,1,-1,1,-1,0,0,1,-1,1,-1,0,0,-1,1,1,-1,1,-1,0,0,-1,1,1,-1,1,-1,1,-1,-1,1,1,-1,1,-1,1,-1,1,-1,0,0,1,-1,1,-1
META,2025-10-29 16:08:34,AMC,0.09407678112675037,0.0578954986249819,0.027930360301647892,ES,stopped_pre,-176.0,-346.38749999999163,-398.88749999999163,0,0,1,-1,1,-1,1,0,1,-1,1,-1,1,-1,1,-1,1,-1,1,-1,-1,1,0,0,0,2,1,-1,0,0,1,-1,1,-1,1,-1,0,0,-1,1,0,0,1,-1,1,-1,1,-1,0,0,0,-1,0,-1,0,0,0,0,1,-1,1,-1,-1,1,0,0,1,-1,0,0,1,-1,1,-1,1,-1,-1,1,1,-1,0,0,1,-1,1,-1,1,-1,1,-1,1,-1,1,-1,0,0,1,-1,1,-1,1,-1,1,-1,1,-1,1,-1,1,-1,1,-1,1,-1,1,-1,1,-1,1,-1,1,-1,0,0,0,0,0,0,1,-1,0,0,0,0,1,-1,0,0,1,-1,1,-1,1,-1,-1,1,1,-1,1,-1,1,-1,1,-1,1,-1,1,-1,1,-1,-1,1,0,0,0,0,1,-1,1,-1,1,-1,1,0,1,-1,1,-1,0,0,1,-1,1,-1,1,-1,1,-1,1,-1,-1,1,0,0,0,0,0,0,1,-1,0,0,-1,1,0,0,1,-1,1,-1,1,-1,0,0,1,-1,0,0,1,-1,1,-1,1,-1,1,-1,-1,1,1,-1,0,0,0,0,0,0,1,-1,1,-1,-1,1,1,-1,1,-1,1,-1,-1,1,1,-1,1,-1,0,0,1,-1,0,0,0,0,-1,1,1,-1,1,-1,1,-1,1,-1,1,-1,0,0,-1,1,0,0,1,-1,1,-1,-1,1,1,-1,1,-1,0,0,1,-1,1,-1,0,0,-1,1,1,-1,1,-1,0,0,-1,1,1,-1,1,-1,1,-1,-1,1,-1,1,1,-1,1,-1,1,-1,0,0,1,-1,1,-1
AMZN,2025-10-30 16:13:01,AMC,0.018181157048834586,0.025454545454545455,0.024116724948751958,ES,timed,900.0,287.5,235.0,0,0,1,-1,-1,1,1,0,1,-1,-1,1,-1,1,1,-1,0,0,1,-1,-1,1,0,0,0,0,1,-1,-1,1,1,-1,1,-1,-1,1,0,0,1,-1,1,-1,0,0,1,-1,-1,1,0,0,0,-1,0,-1,0,0,-1,1,-1,1,1,-1,1,-1,0,0,1,-1,-1,1,1,-1,1,-1,-1,1,-1,1,1,-1,0,0,1,-1,1,-1,1,-1,1,-1,1,-1,1,-1,0,0,0,0,1,-1,1,-1,1,-1,1,-1,1,-1,1,-1,1,-1,1,-1,1,-1,0,0,1,-1,0,0,0,0,0,0,0,0,1,-1,0,0,0,0,0,0,0,0,1,-1,1,-1,0,0,-1,1,-1,1,1,-1,1,-1,-1,1,1,-1,1,-1,1,-1,-1,1,0,2,0,0,1,-1,0,0,1,-1,1,0,1,-1,1,-1,0,0,1,-1,1,-1,1,-1,1,-1,-1,1,-1,1,0,0,0,0,0,0,1,-1,-1,1,-1,1,-1,1,-1,1,-1,1,1,-1,0,0,1,-1,0,0,-1,1,1,-1,1,-1,0,0,-1,1,1,-1,0,0,0,0,0,0,1,-1,1,-1,-1,1,1,-1,-1,1,1,-1,-1,1,0,0,1,-1,0,0,-1,1,0,0,0,0,1,-1,1,-1,-1,1,1,-1,1,-1,1,-1,0,0,-1,1,0,0,0,0,0,0,1,-1,1,-1,1,-1,0,0,-1,1,-1,1,0,2,1,-1,1,-1,-1,1,0,0,1,-1,1,-1,-1,1,0,0,-1,1,1,-1,1,-1,1,-1,1,-1,0,0,0,0,1,-1
AAPL,2025-10-30 16:30:35,AMC,0.20720491475517103,0.2689930934205743,0.07199450954678452,ES,stopped_pre,-35.0,-343.8250000000153,-396.3250000000153,0,0,-1,1,1,-1,1,0,1,-1,-1,1,-1,1,1,-1,1,-1,1,-1,-1,1,0,0,0,0,1,-1,1,-1,1,-1,-1,1,-1,1,0,0,1,-1,0,0,0,0,-1,1,1,-1,0,2,0,-1,0,0,0,0,-1,1,1,-1,1,-1,1,-1,0,0,1,-1,-1,1,-1,1,0,0,-1,1,-1,1,-1,1,0,0,1,-1,-1,1,1,-1,1,-1,1,-1,0,0,-1,1,-1,1,1,-1,1,-1,1,-1,1,-1,-1,1,1,-1,1,-1,-1,1,1,-1,0,0,-1,1,0,0,0,0,0,2,0,0,1,-1,0,0,0,2,-1,1,0,0,1,-1,1,-1,1,-1,1,-1,-1,1,1,-1,-1,1,1,-1,1,-1,-1,1,-1,1,1,-1,0,0,0,0,1,-1,0,0,1,-1,1,0,-1,1,1,-1,0,0,1,-1,1,-1,1,-1,1,-1,1,-1,0,0,0,0,0,2,0,0,-1,1,-1,1,-1,1,-1,1,-1,1,-1,1,-1,1,0,0,1,-1,0,0,-1,1,1,-1,1,-1,0,0,-1,1,1,-1,0,2,0,0,0,0,-1,1,1,-1,-1,1,1,-1,1,-1,1,-1,-1,1,1,-1,1,-1,0,0,-1,1,0,0,0,2,1,-1,1,-1,1,-1,-1,1,1,-1,-1,1,0,0,1,-1,0,0,0,0,1,-1,-1,1,1,-1,1,-1,0,0,1,-1,1,-1,0,2,1,-1,1,-1,-1,1,0,2,-1,1,1,-1,-1,1,1,-1,1,-1,1,-1,1,-1,0,0,1,-1,0,2,0,0,1,-1
AMD,2025-11-04 16:16:10,AMC,0.01837424665588711,0.05879542865542203,0.01806460364811707,ES,timed,900.0,-150.0,-202.5,0,0,-1,1,1,-1,0,2,-1,1,1,-1,-1,1,-1,1,0,0,-1,1,1,-1,0,0,0,2,-1,1,1,-1,-1,1,1,-1,1,-1,0,0,0,0,1,-1,0,0,-1,1,1,-1,0,2,0,-1,0,0,0,0,0,0,1,-1,1,-1,1,-1,0,0,1,-1,-1,1,-1,1,0,0,1,-1,-1,1,-1,1,0,2,1,-1,-1,1,1,-1,1,-1,-1,1,-1,1,0,0,1,-1,-1,1,-1,1,1,-1,-1,1,-1,1,-1,1,-1,1,-1,1,1,-1,0,0,1,-1,-1,1,0,0,0,0,0,0,-1,1,0,0,0,0,0,0,0,0,-1,1,-1,1,-1,1,1,-1,1,-1,-1,1,1,-1,-1,1,-1,1,-1,1,1,-1,-1,1,0,0,0,0,-1,1,0,0,-1,1,1,0,1,-1,-1,1,0,0,-1,1,-1,1,-1,1,-1,1,1,-1,0,0,0,0,0,0,0,0,-1,1,-1,1,-1,1,-1,1,-1,1,-1,1,1,-1,0,0,1,-1,0,0,1,-1,1,-1,1,-1,-1,1,-1,1,-1,1,0,0,0,0,0,0,-1,1,-1,1,1,-1,1,-1,1,-1,-1,1,-1,1,0,0,1,-1,-1,1,1,-1,0,0,0,2,1,-1,1,-1,-1,1,-1,1,-1,1,1,-1,0,0,1,-1,0,0,0,0,0,0,-1,1,1,-1,1,-1,0,0,1,-1,1,-1,0,2,-1,1,-1,1,-1,1,0,2,-1,1,1,-1,-1,1,-1,1,-1,1,-1,1,1,-1,-1,1,1,-1,0,0,0,0,1,-1
NVDA,2025-11-19 16:20:44,AMC,0.31503150315031503,0.4013352837477964,0.03800354699771979,ES,tp,18.0,1332.4999999999818,1279.9999999999818,0,0,1,-1,1,-1,0,2,-1,1,1,-1,1,-1,-1,1,0,0,-1,1,1,-1,0,0,0,2,-1,1,1,-1,1,-1,1,-1,1,-1,0,0,1,-1,0,0,0,0,1,-1,1,-1,0,2,0,-1,0,0,0,0,1,-1,1,-1,1,-1,1,-1,0,0,1,-1,1,-1,1,-1,0,0,1,-1,1,-1,1,-1,0,0,-1,1,1,-1,1,-1,1,-1,1,-1,0,0,1,-1,1,-1,-1,1,0,0,0,0,1,-1,1,-1,1,-1,-1,1,1,-1,1,-1,0,0,1,-1,0,0,0,0,0,0,0,0,0,0,0,0,0,0,1,-1,0,0,1,-1,0,0,-1,1,0,0,1,-1,1,-1,1,-1,1,-1,1,-1,1,-1,1,-1,-1,1,0,0,0,2,1,-1,1,-1,1,-1,1,0,1,-1,1,-1,0,0,1,-1,1,-1,1,-1,-1,1,1,-1,1,-1,0,0,0,0,0,0,1,-1,1,-1,1,-1,0,0,1,-1,1,-1,1,-1,0,0,1,-1,1,-1,1,-1,1,-1,1,-1,1,-1,-1,1,1,-1,0,0,0,0,0,0,1,-1,1,-1,1,-1,1,-1,1,-1,1,-1,-1,1,0,0,1,-1,0,0,-1,1,0,0,0,2,-1,1,-1,1,1,-1,1,-1,-1,1,1,-1,0,0,1,-1,0,0,0,0,0,0,1,-1,1,-1,1,-1,0,0,1,-1,1,-1,0,2,-1,1,-1,1,-1,1,0,0,-1,1,1,-1,1,-1,0,0,1,-1,1,-1,-1,1,0,0,1,-1,0,0,1,-1,1,-1
AVGO,2025-12-11 16:17:37,AMC,0.014448257178977785,0.01806097384770987,0.015016886987679766,ES,timed,898.0,450.0,397.5,0,2,1,-1,1,-1,1,0,1,-1,1,-1,1,-1,1,-1,1,-1,1,-1,1,-1,0,0,0,0,1,-1,0,0,1,-1,1,-1,1,-1,0,0,0,0,0,0,1,-1,1,-1,1,-1,0,2,0,-1,0,-1,0,0,1,-1,1,-1,-1,1,-1,1,0,0,1,-1,1,-1,1,-1,1,-1,1,-1,-1,1,1,-1,0,2,1,-1,1,-1,1,-1,1,-1,1,-1,1,-1,0,0,1,-1,1,-1,1,-1,1,-1,1,-1,1,-1,1,-1,1,-1,1,-1,1,-1,1,-1,1,-1,1,-1,0,0,0,0,0,0,1,-1,0,0,0,0,1,-1,0,0,1,-1,1,-1,1,-1,0,0,1,-1,1,-1,1,-1,-1,1,1,-1,-1,1,1,-1,-1,1,0,2,0,0,1,-1,1,-1,1,-1,1,0,1,-1,1,-1,0,0,1,-1,-1,1,1,-1,1,-1,1,-1,0,0,0,0,0,0,0,0,1,-1,1,-1,1,-1,1,-1,1,-1,1,-1,1,-1,0,0,1,-1,1,-1,1,-1,1,-1,1,-1,1,-1,-1,1,1,-1,0,0,0,0,0,0,1,-1,-1,1,1,-1,-1,1,1,-1,1,-1,-1,1,1,-1,1,-1,1,-1,-1,1,0,2,0,0,-1,1,-1,1,1,-1,1,-1,1,-1,1,-1,0,0,-1,1,0,0,0,0,1,-1,-1,1,1,-1,1,-1,0,0,1,-1,1,-1,0,2,1,-1,1,-1,-1,1,0,2,-1,1,1,-1,1,-1,1,-1,-1,1,1,-1,-1,1,1,-1,1,-1,0,0,1,-1,1,-1
MU,2025-12-17 16:03:26,AMC,0.0073708262696248255,0.14373640953820072,0.02461841457410143,ES,timed,894.0,862.5,810.0,0,2,-1,1,-1,1,-1,0,-1,1,-1,1,-1,1,-1,1,0,0,-1,1,-1,1,0,0,0,2,-1,1,0,0,-1,1,-1,1,-1,1,0,0,0,0,1,-1,-1,1,-1,1,-1,1,0,0,0,1,0,1,0,0,-1,1,-1,1,1,-1,-1,1,0,0,-1,1,-1,1,-1,1,-1,1,-1,1,1,-1,-1,1,0,2,-1,1,-1,1,-1,1,-1,1,-1,1,-1,1,-1,1,0,0,-1,1,-1,1,-1,1,-1,1,-1,1,-1,1,-1,1,-1,1,-1,1,0,0,-1,1,-1,1,0,0,0,0,-1,1,-1,1,0,0,0,0,-1,1,0,0,-1,1,-1,1,0,0,0,0,-1,1,-1,1,-1,1,1,-1,-1,1,-1,1,-1,1,1,-1,0,2,0,0,-1,1,-1,1,-1,1,-1,0,-1,1,-1,1,0,0,-1,1,-1,1,-1,1,-1,1,-1,1,0,0,0,0,0,0,0,0,-1,1,-1,1,-1,1,-1,1,-1,1,-1,1,-1,1,0,0,-1,1,-1,1,-1,1,-1,1,-1,1,-1,1,1,-1,-1,1,0,0,0,0,0,0,-1,1,-1,1,-1,1,1,-1,-1,1,-1,1,1,-1,-1,1,-1,1,-1,1,1,-1,0,2,0,0,1,-1,1,-1,1,-1,-1,1,-1,1,-1,1,0,0,1,-1,0,0,-1,1,-1,1,1,-1,-1,1,-1,1,0,0,-1,1,-1,1,0,0,1,-1,-1,1,1,-1,0,0,-1,1,-1,1,-1,1,-1,1,1,-1,-1,1,1,-1,-1,1,-1,1,0,0,-1,1,-1,1
NFLX,2026-01-20 16:07:54,AMC,0.0036584473549425628,0.058535157679081004,0.011497556769186549,ES,timed,900.0,187.5,135.0,0,0,1,-1,1,-1,0,2,0,0,-1,1,-1,1,1,-1,0,0,1,-1,-1,1,0,0,0,2,1,-1,-1,1,1,-1,1,-1,-1,1,0,0,-1,1,0,0,1,-1,1,-1,1,-1,0,0,0,-1,0,0,0,0,0,0,1,-1,1,-1,1,-1,0,0,1,-1,-1,1,1,-1,1,-1,1,-1,-1,1,1,-1,0,2,-1,1,1,-1,1,-1,1,-1,1,-1,0,0,0,0,0,0,1,-1,0,0,0,0,1,-1,1,-1,1,-1,1,-1,1,-1,1,-1,1,-1,1,-1,0,0,0,0,0,0,0,0,0,0,0,0,0,0,0,0,0,2,1,-1,0,0,0,0,0,0,-1,1,1,-1,1,-1,1,-1,1,-1,1,-1,1,-1,-1,1,0,0,0,0,1,-1,0,0,1,-1,1,0,1,-1,1,-1,0,0,1,-1,1,-1,1,-1,-1,1,1,-1,0,0,0,0,0,0,0,0,1,-1,-1,1,-1,1,-1,1,-1,1,-1,1,1,-1,0,0,1,-1,-1,1,-1,1,1,-1,1,-1,0,0,1,-1,1,-1,0,0,0,0,0,0,1,-1,1,-1,-1,1,1,-1,-1,1,-1,1,-1,1,0,0,1,-1,0,0,-1,1,0,0,0,0,1,-1,1,-1,1,-1,1,-1,1,-1,1,-1,0,0,1,-1,0,0,0,0,0,0,1,-1,1,-1,1,-1,0,0,1,-1,1,-1,0,2,-1,1,-1,1,1,-1,0,0,1,-1,1,-1,-1,1,1,-1,1,-1,1,-1,1,-1,1,-1,1,-1,0,0,1,-1,1,-1
INTC,2026-01-22 16:10:56,AMC,0.01079913606911447,0.0035997120230381566,0.01987674973603151,ES,timed,900.0,37.5,-15.0,0,0,-1,1,1,-1,0,2,1,-1,-1,1,-1,1,1,-1,1,-1,1,-1,-1,1,0,0,0,2,1,-1,0,0,-1,1,-1,1,-1,1,0,0,-1,1,1,-1,0,0,-1,1,1,-1,0,0,0,-1,0,0,0,2,-1,1,1,-1,0,0,-1,1,0,0,1,-1,1,-1,1,-1,0,0,1,-1,-1,1,-1,1,0,0,1,-1,-1,1,1,-1,-1,1,1,-1,-1,1,-1,1,-1,1,1,-1,-1,1,0,0,-1,1,-1,1,-1,1,1,-1,-1,1,1,-1,0,0,-1,1,0,0,0,0,0,0,0,0,0,0,0,0,0,0,-1,1,0,0,1,-1,0,0,1,-1,1,-1,-1,1,-1,1,-1,1,-1,1,-1,1,1,-1,1,-1,-1,1,0,0,0,0,-1,1,0,0,1,-1,-1,0,-1,1,1,-1,0,0,-1,1,-1,1,-1,1,1,-1,1,-1,1,-1,0,0,0,0,0,0,-1,1,0,0,1,-1,0,0,1,-1,1,-1,-1,1,0,0,-1,1,1,-1,-1,1,1,-1,-1,1,-1,1,1,-1,-1,1,0,0,0,0,0,0,-1,1,-1,1,1,-1,0,0,-1,1,-1,1,-1,1,0,0,1,-1,0,0,-1,1,0,0,0,2,1,-1,1,-1,1,-1,-1,1,1,-1,-1,1,0,0,-1,1,0,0,0,0,0,0,1,-1,1,-1,1,-1,0,0,1,-1,1,-1,0,2,1,-1,-1,1,-1,1,0,0,-1,1,-1,1,-1,1,0,0,1,-1,1,-1,1,-1,0,0,1,-1,0,0,0,0,-1,1
META,2026-01-28 16:04:20,AMC,0.0895126928998532,0.45116012603838446,0.02911822591302215,ES,stopped_pre,-264.0,-350.6249999999909,-403.1249999999909,0,0,1,-1,1,-1,0,2,1,-1,1,-1,-1,1,1,-1,0,0,1,-1,1,-1,0,0,0,0,1,-1,0,0,1,-1,1,-1,1,-1,0,0,0,0,0,0,1,-1,1,-1,1,-1,0,0,0,-1,0,-1,0,0,0,0,1,-1,1,-1,1,-1,0,0,1,-1,0,0,1,-1,1,-1,1,-1,1,-1,1,-1,0,2,-1,1,1,-1,1,-1,1,-1,1,-1,1,-1,0,0,0,0,1,-1,1,-1,0,0,1,-1,1,-1,1,-1,1,-1,1,-1,1,-1,0,0,1,-1,0,0,0,0,0,0,1,-1,1,-1,0,0,0,0,1,-1,0,2,1,-1,1,-1,0,0,0,0,1,-1,1,-1,1,-1,-1,1,1,-1,1,-1,1,-1,-1,1,0,0,0,0,1,-1,1,-1,1,-1,1,0,1,-1,1,-1,0,0,1,-1,-1,1,1,-1,-1,1,1,-1,1,-1,0,0,0,0,0,0,1,-1,-1,1,-1,1,0,0,-1,1,-1,1,1,-1,0,0,1,-1,1,-1,1,-1,1,-1,1,-1,1,-1,-1,1,1,-1,0,0,0,0,0,0,1,-1,1,-1,1,-1,-1,1,1,-1,1,-1,-1,1,0,0,1,-1,1,-1,-1,1,0,0,0,0,-1,1,-1,1,1,-1,1,-1,1,-1,1,-1,-1,1,-1,1,-1,1,1,-1,0,0,1,-1,1,-1,1,-1,0,0,1,-1,1,-1,0,2,1,-1,1,-1,1,-1,0,0,1,-1,1,-1,-1,1,0,0,-1,1,1,-1,-1,1,1,-1,1,-1,0,0,1,-1,1,-1
MSFT,2026-01-28 16:04:38,AMC,0.0895126928998532,0.45116012603838446,0.03819709702062643,ES,stopped_pre,-282.0,-350.53750000001855,-403.03750000001855,0,0,1,-1,1,-1,0,2,1,-1,1,-1,-1,1,1,-1,0,0,1,-1,1,-1,0,0,0,0,1,-1,0,0,1,-1,1,-1,1,-1,0,0,0,0,0,0,1,-1,1,-1,1,-1,0,0,0,-1,0,-1,0,0,0,0,1,-1,1,-1,1,-1,0,0,1,-1,0,0,1,-1,1,-1,1,-1,1,-1,1,-1,0,2,-1,1,1,-1,1,-1,1,-1,1,-1,1,-1,0,0,0,0,1,-1,1,-1,0,0,1,-1,1,-1,1,-1,1,-1,1,-1,1,-1,0,0,1,-1,0,0,0,0,0,0,1,-1,1,-1,0,0,0,0,1,-1,0,2,1,-1,1,-1,0,0,0,0,1,-1,1,-1,1,-1,-1,1,1,-1,1,-1,1,-1,-1,1,0,0,0,0,1,-1,1,-1,1,-1,1,0,1,-1,1,-1,0,0,1,-1,-1,1,1,-1,-1,1,1,-1,1,-1,0,0,0,0,0,0,1,-1,-1,1,-1,1,0,0,-1,1,-1,1,1,-1,0,0,1,-1,1,-1,1,-1,1,-1,1,-1,1,-1,-1,1,1,-1,0,0,0,0,0,0,1,-1,1,-1,1,-1,-1,1,1,-1,1,-1,-1,1,0,0,1,-1,1,-1,-1,1,0,0,0,0,-1,1,-1,1,1,-1,1,-1,1,-1,1,-1,-1,1,-1,1,-1,1,1,-1,0,0,1,-1,1,-1,1,-1,0,0,1,-1,1,-1,0,2,1,-1,1,-1,1,-1,0,0,1,-1,1,-1,-1,1,0,0,-1,1,1,-1,-1,1,1,-1,1,-1,0,0,1,-1,1,-1
TSLA,2026-01-28 16:11:04,AMC,0.07139797229758674,0.24989290304155365,0.014837895986349135,ES,tp,695.0,1400.0,1347.5,0,2,-1,1,-1,1,-1,0,0,0,1,-1,-1,1,-1,1,0,0,-1,1,1,-1,0,0,0,2,-1,1,0,0,-1,1,-1,1,1,-1,0,0,0,0,-1,1,-1,1,-1,1,-1,1,0,0,0,-1,0,1,0,0,0,0,-1,1,-1,1,-1,1,0,0,-1,1,-1,1,-1,1,-1,1,-1,1,1,-1,-1,1,0,2,-1,1,-1,1,-1,1,-1,1,-1,1,-1,1,0,0,0,0,-1,1,-1,1,-1,1,-1,1,-1,1,-1,1,-1,1,-1,1,-1,1,-1,1,-1,1,-1,1,0,0,0,0,0,0,-1,1,0,0,0,0,0,0,0,0,-1,1,-1,1,0,0,0,0,1,-1,-1,1,-1,1,-1,1,-1,1,-1,1,-1,1,1,-1,0,2,0,0,-1,1,-1,1,-1,1,-1,0,-1,1,-1,1,0,2,-1,1,-1,1,-1,1,-1,1,-1,1,0,0,0,0,0,0,0,0,-1,1,-1,1,-1,1,-1,1,-1,1,-1,1,-1,1,0,0,-1,1,-1,1,1,-1,-1,1,-1,1,-1,1,1,-1,-1,1,0,0,0,0,0,0,-1,1,-1,1,-1,1,1,-1,-1,1,-1,1,1,-1,-1,1,-1,1,0,0,1,-1,0,2,0,0,-1,1,-1,1,1,-1,-1,1,-1,1,-1,1,0,0,1,-1,0,0,-1,1,-1,1,1,-1,-1,1,-1,1,0,0,-1,1,-1,1,0,0,-1,1,-1,1,-1,1,0,0,1,-1,-1,1,-1,1,-1,1,1,-1,-1,1,-1,1,-1,1,-1,1,0,0,-1,1,-1,1
AAPL,2026-01-29 16:30:33,AMC,0.1323366357881183,0.028616397195593075,0.07387508394895903,ES,timed,900.0,137.5,85.0,0,0,-1,1,-1,1,0,2,0,0,-1,1,1,-1,1,-1,-1,1,-1,1,-1,1,0,2,0,2,-1,1,-1,1,-1,1,-1,1,-1,1,0,0,1,-1,-1,1,-1,1,-1,1,-1,1,0,2,0,1,0,0,0,0,-1,1,-1,1,-1,1,1,-1,0,0,-1,1,-1,1,-1,1,-1,1,-1,1,1,-1,-1,1,0,2,-1,1,-1,1,-1,1,-1,1,-1,1,-1,1,0,0,0,0,-1,1,0,0,1,-1,-1,1,-1,1,1,-1,1,-1,-1,1,-1,1,0,0,-1,1,0,0,0,0,0,2,0,0,0,0,0,0,0,2,-1,1,0,0,-1,1,1,-1,-1,1,-1,1,-1,1,-1,1,-1,1,-1,1,-1,1,-1,1,-1,1,1,-1,0,0,0,0,-1,1,-1,1,-1,1,-1,0,-1,1,-1,1,0,0,-1,1,-1,1,-1,1,1,-1,-1,1,0,0,0,0,0,2,0,0,-1,1,-1,1,-1,1,0,0,-1,1,-1,1,-1,1,0,0,-1,1,1,-1,1,-1,-1,1,-1,1,1,-1,-1,1,-1,1,0,2,0,0,0,0,-1,1,-1,1,-1,1,-1,1,-1,1,1,-1,1,-1,0,0,-1,1,1,-1,1,-1,0,0,0,2,1,-1,-1,1,-1,1,-1,1,1,-1,-1,1,0,0,1,-1,0,0,-1,1,0,0,-1,1,-1,1,-1,1,0,2,-1,1,-1,1,0,2,-1,1,-1,1,-1,1,0,2,1,-1,-1,1,1,-1,0,0,-1,1,-1,1,-1,1,0,0,-1,1,0,2,-1,1,-1,1
AMD,2026-02-03 16:16:18,AMC,0.028817405713050685,0.043227665706051875,0.01837424665588711,ES,stopped_post,94.0,-347.12500000000546,-399.62500000000546,0,0,-1,1,-1,1,1,0,1,-1,1,-1,-1,1,1,-1,0,0,1,-1,1,-1,0,0,0,2,1,-1,0,0,-1,1,1,-1,1,-1,0,0,0,0,0,0,0,0,-1,1,-1,1,0,2,0,-1,0,-1,0,2,0,0,-1,1,1,-1,1,-1,0,0,1,-1,-1,1,-1,1,0,0,-1,1,-1,1,-1,1,0,0,1,-1,1,-1,-1,1,1,-1,1,-1,0,0,0,0,1,-1,1,-1,1,-1,1,-1,1,-1,-1,1,1,-1,1,-1,-1,1,-1,1,0,0,1,-1,0,0,0,0,0,0,0,0,1,-1,0,0,0,2,-1,1,0,2,1,-1,1,-1,1,-1,0,0,-1,1,1,-1,1,-1,1,-1,1,-1,-1,1,-1,1,1,-1,0,0,0,0,1,-1,-1,1,1,-1,1,0,-1,1,1,-1,0,0,1,-1,-1,1,-1,1,1,-1,-1,1,1,-1,0,0,0,0,0,0,1,-1,-1,1,-1,1,-1,1,-1,1,-1,1,-1,1,0,0,-1,1,0,0,-1,1,-1,1,-1,1,1,-1,-1,1,0,0,0,0,0,0,0,0,-1,1,1,-1,1,-1,1,-1,-1,1,1,-1,1,-1,1,-1,1,-1,1,-1,1,-1,0,0,0,2,-1,1,1,-1,1,-1,-1,1,1,-1,-1,1,0,0,1,-1,0,0,-1,1,1,-1,-1,1,-1,1,-1,1,0,0,-1,1,-1,1,0,2,1,-1,1,-1,-1,1,0,2,-1,1,1,-1,-1,1,1,-1,-1,1,1,-1,1,-1,1,-1,-1,1,0,0,-1,1,1,-1
GOOGL,2026-02-04 16:01:37,AMC,0.047021376641226895,0.03255326075161862,0.034045450676653335,ES,stopped_post,91.0,-345.18750000002,-397.68750000002,0,2,-1,1,-1,1,0,2,0,0,-1,1,-1,1,-1,1,0,0,-1,1,-1,1,0,0,0,0,-1,1,-1,1,-1,1,-1,1,-1,1,0,-1,-1,1,0,0,-1,1,-1,1,-1,1,0,0,0,1,0,1,0,0,-1,1,-1,1,1,-1,1,-1,0,0,-1,1,-1,1,-1,1,-1,1,-1,1,1,-1,-1,1,0,2,-1,1,-1,1,-1,1,-1,1,-1,1,-1,1,-1,1,-1,1,-1,1,-1,1,0,0,-1,1,-1,1,-1,1,-1,1,-1,1,-1,1,-1,1,-1,1,-1,1,0,0,0,0,0,0,-1,1,0,0,0,0,-1,1,0,0,-1,1,-1,1,0,0,1,-1,-1,1,-1,1,-1,1,1,-1,-1,1,-1,1,-1,1,1,-1,0,2,0,0,-1,1,-1,1,-1,1,-1,0,-1,1,-1,1,0,0,-1,1,1,-1,-1,1,-1,1,-1,1,1,-1,0,0,0,0,0,0,1,-1,-1,1,-1,1,0,0,-1,1,-1,1,-1,1,0,0,-1,1,-1,1,-1,1,-1,1,-1,1,0,0,1,-1,-1,1,0,0,0,0,0,0,-1,1,1,-1,1,-1,1,-1,-1,1,1,-1,1,-1,0,0,-1,1,0,0,1,-1,0,2,0,0,1,-1,1,-1,1,-1,-1,1,-1,1,-1,1,0,0,1,-1,0,0,-1,1,0,0,-1,1,-1,1,-1,1,0,0,-1,1,-1,1,0,0,-1,1,-1,1,1,-1,0,0,1,-1,-1,1,-1,1,-1,1,1,-1,-1,1,1,-1,-1,1,-1,1,0,0,-1,1,1,-1
AMZN,2026-02-05 16:25:12,AMC,0.04409495112809583,0.22414933490115382,0.0234825818193874,ES,stopped_post,534.0,-340.099999999984,-392.599999999984,0,0,-1,1,-1,1,0,2,1,-1,-1,1,-1,1,-1,1,0,0,-1,1,-1,1,0,0,0,2,-1,1,1,-1,-1,1,-1,1,-1,1,0,0,-1,1,0,0,-1,1,-1,1,-1,1,0,2,0,1,0,1,0,0,-1,1,1,-1,1,-1,-1,1,0,0,1,-1,-1,1,-1,1,0,0,-1,1,-1,1,-1,1,0,0,-1,1,-1,1,1,-1,-1,1,-1,1,-1,1,-1,1,-1,1,-1,1,-1,1,0,0,-1,1,-1,1,-1,1,-1,1,-1,1,-1,1,0,0,-1,1,-1,1,0,0,0,0,0,0,-1,1,0,0,0,0,0,0,0,0,-1,1,-1,1,-1,1,1,-1,-1,1,-1,1,-1,1,-1,1,-1,1,1,-1,1,-1,1,-1,0,0,0,2,1,-1,0,0,-1,1,-1,0,-1,1,-1,1,0,0,-1,1,1,-1,-1,1,-1,1,-1,1,1,-1,0,0,0,0,0,0,-1,1,-1,1,-1,1,-1,1,-1,1,-1,1,-1,1,0,0,-1,1,-1,1,-1,1,-1,1,-1,1,-1,1,-1,1,-1,1,0,0,0,0,0,0,-1,1,-1,1,1,-1,1,-1,1,-1,-1,1,-1,1,-1,1,-1,1,-1,1,-1,1,0,0,0,0,1,-1,1,-1,-1,1,-1,1,-1,1,-1,1,0,0,1,-1,0,0,0,0,-1,1,1,-1,1,-1,-1,1,0,0,-1,1,-1,1,0,2,-1,1,-1,1,-1,1,0,0,1,-1,1,-1,-1,1,-1,1,1,-1,-1,1,1,-1,-1,1,-1,1,0,0,0,0,-1,1
NVDA,2026-02-25 16:31:25,AMC,0.1364697432214042,0.12570033041229708,0.04002153207191857,ES,timed,900.0,500.0,447.5,0,0,1,-1,-1,1,0,2,-1,1,-1,1,1,-1,-1,1,0,0,1,-1,-1,1,0,0,0,0,-1,1,-1,1,-1,1,-1,1,-1,1,0,0,1,-1,0,0,-1,1,-1,1,-1,1,0,0,0,1,0,0,0,2,0,0,-1,1,-1,1,-1,1,0,0,-1,1,1,-1,-1,1,-1,1,1,-1,-1,1,-1,1,0,0,-1,1,-1,1,-1,1,-1,1,-1,1,0,0,-1,1,-1,1,-1,1,0,0,0,0,-1,1,-1,1,-1,1,1,-1,-1,1,-1,1,-1,1,-1,1,0,0,0,0,0,0,0,0,0,0,0,0,0,0,-1,1,0,0,1,-1,-1,1,-1,1,0,0,-1,1,-1,1,-1,1,-1,1,-1,1,-1,1,-1,1,1,-1,0,0,0,0,-1,1,-1,1,-1,1,-1,0,-1,1,-1,1,0,0,-1,1,-1,1,-1,1,1,-1,-1,1,0,0,0,0,0,0,0,0,-1,1,1,-1,1,-1,1,-1,1,-1,1,-1,-1,1,0,0,-1,1,-1,1,1,-1,-1,1,-1,1,0,0,-1,1,-1,1,0,0,0,0,0,0,-1,1,-1,1,-1,1,-1,1,-1,1,1,-1,1,-1,0,0,-1,1,0,0,-1,1,0,0,0,2,1,-1,-1,1,-1,1,-1,1,1,-1,-1,1,0,0,1,-1,0,0,-1,1,0,0,-1,1,-1,1,-1,1,0,2,-1,1,-1,1,0,0,-1,1,-1,1,-1,1,0,0,1,-1,-1,1,1,-1,0,0,1,-1,-1,1,-1,1,-1,1,-1,1,0,0,-1,1,-1,1
AVGO,2026-03-04 16:16:10,AMC,0.01817719126040644,0.01817719126040644,0.014448257178977785,ES,timed,900.0,12.5,-40.0,0,0,1,-1,-1,1,-1,0,-1,1,1,-1,1,-1,-1,1,0,0,-1,1,1,-1,0,0,0,0,-1,1,-1,1,1,-1,1,-1,1,-1,0,0,-1,1,0,0,0,0,1,-1,-1,1,0,2,0,-1,0,-1,0,0,0,0,-1,1,-1,1,-1,1,0,0,-1,1,1,-1,1,-1,0,0,-1,1,-1,1,1,-1,0,2,-1,1,1,-1,1,-1,1,-1,-1,1,1,-1,1,-1,0,0,-1,1,0,0,-1,1,1,-1,1,-1,1,-1,-1,1,1,-1,-1,1,0,0,1,-1,1,-1,0,0,0,0,0,0,-1,1,0,0,0,0,1,-1,0,0,-1,1,-1,1,-1,1,0,0,1,-1,1,-1,1,-1,1,-1,1,-1,1,-1,-1,1,-1,1,0,0,0,0,1,-1,0,0,-1,1,1,0,1,-1,-1,1,0,0,1,-1,1,-1,1,-1,1,-1,-1,1,-1,1,0,0,0,0,0,0,1,-1,1,-1,1,-1,1,-1,1,-1,1,-1,1,-1,0,0,1,-1,1,-1,-1,1,-1,1,1,-1,-1,1,-1,1,1,-1,0,0,0,0,0,0,1,-1,-1,1,1,-1,-1,1,1,-1,1,-1,-1,1,0,0,1,-1,-1,1,1,-1,0,0,0,0,-1,1,1,-1,-1,1,1,-1,-1,1,1,-1,0,0,-1,1,0,0,1,-1,0,0,1,-1,-1,1,1,-1,0,0,-1,1,-1,1,0,0,1,-1,-1,1,-1,1,0,0,1,-1,-1,1,1,-1,0,0,1,-1,-1,1,1,-1,0,0,-1,1,0,0,0,0,1,-1
MU,2026-03-18 16:02:14,AMC,0.01872378669862193,0.20221689634511683,0.022988404211442,ES,stopped_pre,-161.0,-334.0375000000222,-386.5375000000222,0,0,1,-1,1,-1,-1,0,-1,1,-1,1,-1,1,-1,1,0,0,-1,1,-1,1,0,0,0,0,-1,1,0,0,1,-1,-1,1,-1,1,0,0,0,0,-1,1,0,0,1,-1,1,-1,0,0,0,1,0,1,0,2,-1,1,-1,1,-1,1,-1,1,0,0,-1,1,-1,1,1,-1,0,0,-1,1,-1,1,1,-1,0,0,-1,1,-1,1,1,-1,-1,1,-1,1,0,0,-1,1,0,0,-1,1,-1,1,-1,1,-1,1,1,-1,-1,1,-1,1,-1,1,-1,1,0,0,-1,1,0,0,0,2,0,0,0,0,-1,1,0,0,0,0,0,0,0,2,-1,1,-1,1,-1,1,0,0,-1,1,-1,1,-1,1,-1,1,-1,1,-1,1,1,-1,-1,1,0,0,0,0,1,-1,1,-1,-1,1,-1,0,1,-1,-1,1,0,0,-1,1,-1,1,1,-1,-1,1,-1,1,-1,1,0,0,0,0,0,0,-1,1,-1,1,-1,1,-1,1,-1,1,-1,1,1,-1,0,0,-1,1,-1,1,-1,1,-1,1,1,-1,-1,1,1,-1,1,-1,0,0,0,0,0,0,1,-1,-1,1,-1,1,-1,1,1,-1,-1,1,-1,1,-1,1,-1,1,-1,1,-1,1,0,0,0,2,1,-1,-1,1,-1,1,-1,1,-1,1,1,-1,0,0,1,-1,0,0,1,-1,-1,1,1,-1,1,-1,1,-1,0,0,-1,1,-1,1,0,2,1,-1,-1,1,1,-1,0,0,-1,1,-1,1,-1,1,-1,1,-1,1,-1,1,-1,1,-1,1,-1,1,0,0,0,0,-1,1
NFLX,2026-04-16 16:01:58,AMC,0.003532819896841659,0.021196919381049957,0.011263281527860066,ES,timed,900.0,-150.0,-202.5,0,0,-1,1,1,-1,0,2,1,-1,1,-1,1,-1,1,-1,1,-1,1,-1,0,0,0,0,0,0,1,-1,0,0,-1,1,1,-1,1,-1,0,0,-1,1,1,-1,0,0,1,-1,1,-1,0,0,0,-1,0,0,0,0,0,0,1,-1,1,-1,1,-1,0,0,1,-1,1,-1,-1,1,0,0,-1,1,-1,1,-1,1,0,0,1,-1,1,-1,1,-1,1,-1,1,-1,0,0,0,0,-1,1,1,-1,1,-1,1,-1,1,-1,-1,1,1,-1,1,-1,-1,1,1,-1,0,0,1,-1,0,0,0,0,0,0,0,0,1,-1,0,0,0,0,0,0,0,2,1,-1,1,-1,1,-1,-1,1,-1,1,1,-1,1,-1,1,-1,1,-1,1,-1,1,-1,-1,1,0,0,0,0,1,-1,0,0,1,-1,1,0,-1,1,1,-1,0,0,1,-1,-1,1,1,-1,1,-1,-1,1,1,-1,0,0,0,0,0,0,1,-1,0,0,1,-1,0,0,1,-1,1,-1,-1,1,0,0,1,-1,-1,1,-1,1,1,-1,-1,1,1,-1,-1,1,1,-1,0,0,0,0,0,0,-1,1,1,-1,-1,1,1,-1,-1,1,1,-1,1,-1,1,-1,1,-1,1,-1,1,-1,0,0,0,0,-1,1,1,-1,1,-1,1,-1,1,-1,-1,1,0,0,0,0,0,0,-1,1,1,-1,-1,1,1,-1,-1,1,0,2,-1,1,1,-1,0,0,-1,1,1,-1,1,-1,0,0,1,-1,1,-1,1,-1,1,-1,-1,1,1,-1,1,-1,1,-1,1,-1,0,0,0,0,1,-1
TSLA,2026-04-22 16:10:44,AMC,0.02440980576768839,0.09066183136899365,0.015981324909006403,ES,stopped_post,250.0,-358.52500000000873,-411.02500000000873,0,0,-1,1,-1,1,1,0,1,-1,1,-1,1,-1,1,-1,1,-1,1,-1,1,-1,0,0,0,2,1,-1,0,0,-1,1,1,-1,1,-1,0,0,-1,1,1,-1,0,0,1,-1,-1,1,0,0,0,-1,0,-1,0,2,0,0,-1,1,1,-1,1,-1,0,0,1,-1,1,-1,1,-1,0,0,-1,1,1,-1,-1,1,0,0,1,-1,1,-1,1,-1,1,-1,1,-1,0,0,0,0,1,-1,1,-1,1,-1,1,-1,1,-1,-1,1,1,-1,1,-1,-1,1,-1,1,0,0,1,-1,0,0,0,0,0,0,0,0,1,-1,0,0,0,0,0,0,0,2,1,-1,1,-1,1,-1,-1,1,1,-1,1,-1,1,-1,1,-1,1,-1,1,-1,1,-1,1,-1,0,0,0,0,1,-1,0,0,1,-1,1,0,1,-1,1,-1,0,0,1,-1,1,-1,1,-1,-1,1,-1,1,-1,1,0,0,0,0,0,0,1,-1,1,-1,1,-1,0,0,1,-1,1,-1,1,-1,0,0,1,-1,1,-1,1,-1,-1,1,-1,1,1,-1,-1,1,1,-1,0,0,0,0,0,0,-1,1,1,-1,1,-1,1,-1,-1,1,1,-1,1,-1,1,-1,1,-1,1,-1,1,-1,0,0,0,0,-1,1,1,-1,1,-1,1,-1,1,-1,1,-1,0,0,-1,1,0,0,0,0,1,-1,-1,1,1,-1,-1,1,0,0,-1,1,-1,1,0,0,-1,1,1,-1,-1,1,0,0,-1,1,1,-1,1,-1,1,-1,-1,1,1,-1,1,-1,1,-1,-1,1,0,0,0,0,1,-1
INTC,2026-04-23 16:07:02,AMC,0.010501995379122032,0.09451464977071446,0.019506485906563932,ES,stopped_post,122.0,-357.1875000000091,-409.6875000000091,0,0,1,-1,-1,1,0,2,1,-1,1,-1,1,-1,1,-1,0,0,1,-1,1,-1,0,0,0,2,1,-1,0,0,1,-1,1,-1,1,-1,0,0,0,0,0,0,1,-1,1,-1,-1,1,0,0,0,-1,0,-1,0,0,0,0,-1,1,1,-1,-1,1,0,0,1,-1,1,-1,1,-1,1,-1,-1,1,-1,1,1,-1,0,0,-1,1,1,-1,1,-1,1,-1,1,-1,1,-1,1,-1,1,-1,1,-1,1,-1,0,0,1,-1,1,-1,1,-1,1,-1,-1,1,-1,1,0,0,1,-1,1,-1,0,0,0,0,1,-1,1,-1,0,0,0,0,1,-1,0,0,1,-1,1,-1,1,-1,1,-1,1,-1,1,-1,1,-1,1,-1,1,-1,-1,1,1,-1,-1,1,0,0,0,0,1,-1,1,-1,1,-1,1,0,1,-1,1,-1,0,0,1,-1,-1,1,1,-1,-1,1,-1,1,0,0,0,0,0,0,0,0,1,-1,0,0,1,-1,0,0,1,-1,1,-1,1,-1,0,0,1,-1,1,-1,1,-1,-1,1,1,-1,1,-1,-1,1,1,-1,0,0,0,0,0,0,1,-1,1,-1,1,-1,1,-1,-1,1,1,-1,-1,1,0,0,1,-1,1,-1,-1,1,0,0,0,0,1,-1,-1,1,1,-1,1,-1,1,-1,1,-1,0,0,1,-1,0,0,1,-1,0,0,1,-1,1,-1,1,-1,0,0,-1,1,-1,1,0,2,1,-1,1,-1,1,-1,0,0,1,-1,1,-1,1,-1,0,0,-1,1,1,-1,-1,1,1,-1,-1,1,0,0,1,-1,1,-1
GOOGL,2026-04-29 16:01:35,AMC,0.2230586923184163,0.4670616939700244,0.03452053811172999,ES,stopped_pre,-22.0,-358.21249999999054,-410.71249999999054,0,0,1,-1,1,-1,0,2,-1,1,1,-1,1,-1,1,-1,1,-1,1,-1,1,-1,0,0,0,0,1,-1,0,0,1,-1,1,-1,1,-1,0,1,-1,1,1,-1,1,-1,1,-1,1,-1,0,0,0,-1,0,-1,0,0,1,-1,1,-1,1,-1,-1,1,0,0,1,-1,-1,1,1,-1,0,0,1,-1,1,-1,1,-1,0,0,1,-1,1,-1,1,-1,1,-1,1,-1,1,-1,1,-1,1,-1,1,-1,1,-1,0,0,1,-1,1,-1,1,-1,1,-1,1,-1,1,-1,1,-1,1,-1,1,-1,0,0,0,0,0,0,1,-1,0,0,0,0,1,-1,0,0,1,-1,1,-1,1,-1,1,-1,1,-1,1,-1,1,-1,-1,1,1,-1,1,-1,1,-1,1,-1,0,0,0,2,1,-1,1,-1,1,-1,1,0,1,-1,1,-1,0,0,1,-1,1,-1,1,-1,1,-1,1,-1,-1,1,0,0,0,0,0,0,1,-1,-1,1,-1,1,0,0,-1,1,-1,1,1,-1,0,0,1,-1,1,-1,1,-1,1,-1,1,-1,1,-1,1,-1,1,-1,0,0,0,0,0,0,1,-1,1,-1,-1,1,1,-1,1,-1,1,-1,-1,1,0,0,1,-1,1,-1,-1,1,0,0,0,2,-1,1,-1,1,-1,1,1,-1,1,-1,1,-1,0,0,-1,1,0,0,0,0,0,0,-1,1,1,-1,1,-1,0,2,1,-1,1,-1,0,2,1,-1,1,-1,1,-1,0,0,-1,1,1,-1,1,-1,1,-1,-1,1,1,-1,-1,1,0,0,1,-1,0,0,1,-1,-1,1
MSFT,2026-04-29 16:03:31,AMC,0.024359688195991092,0.6507290252983958,0.042456485537314986,ES,stopped_pre,-138.0,-358.199999999988,-410.699999999988,0,0,1,-1,1,-1,0,2,0,0,-1,1,1,-1,1,-1,1,-1,1,-1,-1,1,0,0,0,0,1,-1,0,0,1,-1,1,-1,1,-1,0,0,-1,1,0,0,1,-1,1,-1,1,-1,0,0,0,-1,0,0,0,0,0,0,1,-1,1,-1,1,-1,0,0,1,-1,-1,1,1,-1,0,0,1,-1,1,-1,1,-1,0,0,1,-1,1,-1,1,-1,1,-1,1,-1,0,0,0,0,1,-1,1,-1,1,-1,0,0,1,-1,1,-1,1,-1,1,-1,1,-1,1,-1,1,-1,1,-1,1,-1,0,0,0,0,1,-1,1,-1,0,0,0,0,1,-1,0,0,1,-1,1,-1,1,-1,1,-1,1,-1,1,-1,1,-1,-1,1,1,-1,1,-1,1,-1,-1,1,0,0,0,0,1,-1,1,-1,1,-1,1,0,1,-1,1,-1,0,0,1,-1,-1,1,1,-1,1,-1,1,-1,-1,1,0,0,0,0,0,0,1,-1,-1,1,-1,1,0,0,-1,1,-1,1,1,-1,0,0,1,-1,1,-1,1,-1,1,-1,1,-1,1,-1,-1,1,1,-1,0,0,0,0,0,0,1,-1,1,-1,-1,1,1,-1,1,-1,1,-1,-1,1,0,0,1,-1,1,-1,-1,1,0,0,0,2,1,-1,1,-1,1,-1,1,-1,1,-1,1,-1,0,0,-1,1,0,0,1,-1,0,0,-1,1,1,-1,1,-1,0,0,1,-1,1,-1,0,2,1,-1,1,-1,1,-1,0,0,-1,1,1,-1,1,-1,1,-1,1,-1,1,-1,1,-1,1,-1,1,-1,0,0,1,-1,1,-1
META,2026-04-29 16:05:41,AMC,0.07314524555903866,0.38311507383672333,0.0303060915243964,ES,stopped_pre,-281.0,-358.5500000000138,-411.0500000000138,0,2,1,-1,1,-1,0,2,1,-1,1,-1,1,-1,1,-1,1,-1,1,-1,1,-1,0,0,0,0,1,-1,0,0,1,-1,1,-1,1,-1,0,1,1,-1,0,0,1,-1,1,-1,1,-1,0,0,0,-1,0,-1,0,0,1,-1,1,-1,1,-1,-1,1,0,0,1,-1,-1,1,1,-1,1,-1,1,-1,1,-1,1,-1,0,0,1,-1,1,-1,1,-1,1,-1,1,-1,1,-1,1,-1,-1,1,1,-1,1,-1,0,0,1,-1,1,-1,1,-1,1,-1,1,-1,1,-1,1,-1,1,-1,0,0,0,0,0,0,1,-1,1,-1,0,0,0,0,1,-1,0,2,1,-1,1,-1,1,-1,1,-1,1,-1,1,-1,1,-1,1,-1,1,-1,1,-1,1,-1,1,-1,0,0,0,0,1,-1,1,-1,1,-1,1,0,1,-1,1,-1,0,0,1,-1,-1,1,1,-1,1,-1,1,-1,1,-1,0,0,0,0,0,0,1,-1,0,0,1,-1,0,0,-1,1,-1,1,1,-1,0,0,1,-1,1,-1,1,-1,1,-1,1,-1,1,-1,-1,1,1,-1,0,0,0,0,0,0,1,-1,1,-1,-1,1,1,-1,1,-1,1,-1,-1,1,0,0,1,-1,1,-1,-1,1,0,2,0,0,-1,1,-1,1,1,-1,1,-1,1,-1,1,-1,0,0,1,-1,0,0,1,-1,0,0,-1,1,1,-1,1,-1,0,0,1,-1,1,-1,0,2,1,-1,1,-1,1,-1,0,0,-1,1,1,-1,1,-1,1,-1,-1,1,1,-1,-1,1,1,-1,1,-1,0,0,1,-1,-1,1
AMZN,2026-04-29 16:18:55,AMC,0.05256702295426669,0.32590412111017664,0.024116724948751958,ES,stopped_pre,-263.0,-357.12499999999636,-409.62499999999636,0,0,-1,1,-1,1,0,2,1,-1,-1,1,-1,1,-1,1,0,0,-1,1,-1,1,0,0,0,0,1,-1,0,0,-1,1,-1,1,-1,1,0,-1,1,-1,1,-1,-1,1,-1,1,-1,1,0,2,0,1,0,1,0,0,-1,1,1,-1,-1,1,1,-1,0,0,1,-1,-1,1,-1,1,-1,1,-1,1,-1,1,-1,1,0,2,-1,1,-1,1,-1,1,-1,1,-1,1,-1,1,-1,1,-1,1,-1,1,0,0,1,-1,-1,1,-1,1,-1,1,1,-1,-1,1,1,-1,-1,1,-1,1,-1,1,0,0,0,0,0,0,0,0,0,0,0,0,-1,1,0,0,-1,1,-1,1,-1,1,1,-1,-1,1,-1,1,-1,1,1,-1,-1,1,-1,1,-1,1,1,-1,0,2,0,2,-1,1,-1,1,-1,1,-1,0,-1,1,-1,1,0,2,-1,1,1,-1,-1,1,-1,1,-1,1,1,-1,0,0,0,0,0,0,-1,1,-1,1,-1,1,-1,1,-1,1,-1,1,-1,1,0,0,-1,1,1,-1,1,-1,1,-1,-1,1,0,0,-1,1,-1,1,0,0,0,0,0,0,-1,1,-1,1,1,-1,-1,1,-1,1,1,-1,1,-1,0,0,-1,1,0,0,1,-1,0,2,0,0,1,-1,1,-1,1,-1,-1,1,-1,1,-1,1,0,0,1,-1,0,0,-1,1,0,0,-1,1,-1,1,-1,1,0,0,-1,1,1,-1,0,0,-1,1,-1,1,-1,1,0,0,1,-1,-1,1,-1,1,0,0,-1,1,1,-1,1,-1,0,0,1,-1,0,0,-1,1,1,-1
AAPL,2026-04-30 16:30:41,AMC,0.04138359140600752,0.07241878750258639,0.07889665091558418,ES,stopped_pre,-23.0,-362.51250000000255,-415.01250000000255,0,0,1,-1,1,-1,1,0,1,-1,1,-1,1,-1,1,-1,0,0,0,0,1,-1,0,0,0,0,1,-1,1,-1,1,-1,1,-1,1,-1,0,1,1,-1,0,0,1,-1,1,-1,-1,1,0,2,0,-1,0,-1,0,0,1,-1,1,-1,1,-1,-1,1,0,0,1,-1,1,-1,1,-1,1,-1,-1,1,-1,1,1,-1,0,2,1,-1,1,-1,1,-1,1,-1,1,-1,1,-1,1,-1,1,-1,1,-1,1,-1,1,-1,1,-1,1,-1,1,-1,1,-1,1,-1,-1,1,1,-1,1,-1,1,-1,0,0,0,2,1,-1,1,-1,0,0,0,2,1,-1,0,2,1,-1,1,-1,1,-1,0,0,1,-1,1,-1,1,-1,-1,1,1,-1,1,-1,1,-1,-1,1,0,0,0,0,1,-1,1,-1,1,-1,1,0,1,-1,1,-1,0,0,1,-1,1,-1,1,-1,1,-1,1,-1,-1,1,0,0,0,2,0,0,1,-1,1,-1,1,-1,1,-1,1,-1,1,-1,1,-1,0,0,1,-1,1,-1,1,-1,1,-1,1,-1,1,-1,-1,1,1,-1,0,2,0,0,0,0,1,-1,1,-1,1,-1,-1,1,1,-1,1,-1,-1,1,1,-1,1,-1,1,-1,-1,1,0,0,0,0,-1,1,-1,1,1,-1,1,-1,-1,1,1,-1,0,0,-1,1,0,0,1,-1,1,-1,1,-1,1,-1,1,-1,0,0,1,-1,1,-1,0,2,1,-1,1,-1,-1,1,0,2,1,-1,1,-1,1,-1,1,-1,1,-1,1,-1,-1,1,1,-1,1,-1,0,2,1,-1,-1,1
AMD,2026-05-05 16:16:06,AMC,0.0034300610550867805,0.1577828085339919,0.01899681530361552,ES,timed,900.0,525.0,472.5,0,0,1,-1,1,-1,-1,0,-1,1,1,-1,1,-1,-1,1,0,0,-1,1,1,-1,0,0,0,0,-1,1,0,0,1,-1,1,-1,1,-1,0,0,0,0,1,-1,0,0,-1,1,-1,1,0,2,0,-1,0,-1,0,0,0,0,1,-1,-1,1,-1,1,0,0,1,-1,1,-1,1,-1,0,0,-1,1,-1,1,1,-1,0,2,-1,1,1,-1,1,-1,1,-1,-1,1,0,0,1,-1,1,-1,-1,1,-1,1,-1,1,1,-1,1,-1,1,-1,-1,1,-1,1,-1,1,0,0,1,-1,-1,1,0,0,0,0,0,0,-1,1,0,0,0,0,0,0,0,0,-1,1,-1,1,-1,1,-1,1,1,-1,-1,1,1,-1,-1,1,-1,1,1,-1,1,-1,1,-1,0,0,0,0,1,-1,0,0,-1,1,1,0,1,-1,-1,1,0,0,-1,1,-1,1,1,-1,1,-1,-1,1,0,0,0,0,0,0,0,0,1,-1,1,-1,1,-1,1,-1,1,-1,1,-1,1,-1,0,0,1,-1,0,0,-1,1,1,-1,1,-1,-1,1,-1,1,0,0,0,0,0,0,0,0,1,-1,-1,1,1,-1,-1,1,1,-1,-1,1,-1,1,0,0,1,-1,0,0,-1,1,0,0,0,2,-1,1,1,-1,-1,1,1,-1,-1,1,1,-1,0,0,1,-1,0,0,1,-1,0,0,1,-1,1,-1,1,-1,0,0,-1,1,-1,1,0,2,-1,1,-1,1,-1,1,0,2,1,-1,1,-1,1,-1,0,0,-1,1,-1,1,1,-1,0,0,-1,1,0,0,1,-1,1,-1
NVDA,2026-05-20 16:21:19,AMC,0.10749076251259657,0.03023177695666779,0.04203951714611735,ES,stopped_pre,-295.0,-372.400000000016,-424.900000000016,0,0,-1,1,-1,1,0,2,-1,1,1,-1,1,-1,-1,1,-1,1,-1,1,-1,1,0,0,0,0,-1,1,1,-1,1,-1,-1,1,1,-1,0,0,0,0,0,0,0,0,-1,1,-1,1,0,2,0,-1,0,0,0,2,0,0,-1,1,-1,1,-1,1,0,0,-1,1,1,-1,-1,1,0,0,1,-1,-1,1,1,-1,0,2,-1,1,1,-1,-1,1,-1,1,-1,1,0,0,0,0,-1,1,-1,1,0,0,0,0,-1,1,1,-1,-1,1,1,-1,1,-1,-1,1,0,0,-1,1,1,-1,0,0,0,0,0,0,0,0,0,0,0,0,1,-1,0,2,-1,1,0,0,-1,1,-1,1,1,-1,-1,1,-1,1,1,-1,-1,1,-1,1,-1,1,-1,1,0,0,0,2,1,-1,0,0,-1,1,-1,0,-1,1,-1,1,0,0,-1,1,-1,1,1,-1,-1,1,1,-1,-1,1,0,0,0,0,0,0,1,-1,1,-1,1,-1,1,-1,1,-1,1,-1,-1,1,0,0,-1,1,1,-1,1,-1,-1,1,-1,1,0,0,-1,1,0,0,0,0,0,0,0,0,-1,1,-1,1,-1,1,-1,1,1,-1,1,-1,1,-1,-1,1,1,-1,0,0,-1,1,0,0,0,0,1,-1,1,-1,-1,1,1,-1,-1,1,1,-1,0,0,-1,1,0,0,0,0,-1,1,-1,1,-1,1,-1,1,0,2,1,-1,-1,1,0,2,-1,1,1,-1,-1,1,0,0,-1,1,-1,1,1,-1,0,0,1,-1,-1,1,1,-1,-1,1,1,-1,0,0,0,0,-1,1
AVGO,2026-06-03 16:21:35,AMC,0.0066109146200376825,0.1024657896476499,0.016298538752828273,ES,timed,900.0,62.5,10.0,0,2,-1,1,-1,1,-1,0,-1,1,-1,1,-1,1,-1,1,-1,1,-1,1,-1,1,0,0,0,2,-1,1,0,0,-1,1,-1,1,-1,1,0,-1,-1,1,1,-1,-1,1,-1,1,-1,1,0,0,0,1,0,1,0,0,-1,1,1,-1,1,-1,1,-1,0,0,-1,1,-1,1,-1,1,-1,1,-1,1,1,-1,-1,1,0,0,-1,1,-1,1,-1,1,-1,1,-1,1,-1,1,-1,1,-1,1,-1,1,-1,1,-1,1,-1,1,-1,1,-1,1,-1,1,-1,1,-1,1,-1,1,-1,1,0,0,0,0,0,0,0,0,-1,1,0,0,0,0,-1,1,0,0,-1,1,-1,1,-1,1,1,-1,-1,1,-1,1,-1,1,-1,1,-1,1,1,-1,-1,1,-1,1,0,2,0,0,-1,1,-1,1,-1,1,-1,0,-1,1,-1,1,0,0,-1,1,-1,1,-1,1,1,-1,-1,1,1,-1,0,2,0,0,0,0,1,-1,-1,1,-1,1,-1,1,-1,1,-1,1,-1,1,0,0,-1,1,-1,1,-1,1,-1,1,-1,1,-1,1,1,-1,-1,1,0,0,0,0,0,0,-1,1,1,-1,1,-1,1,-1,-1,1,-1,1,1,-1,-1,1,-1,1,-1,1,1,-1,0,2,0,0,1,-1,1,-1,-1,1,-1,1,-1,1,-1,1,0,0,1,-1,0,0,-1,1,-1,1,1,-1,-1,1,-1,1,0,0,-1,1,1,-1,0,0,1,-1,-1,1,-1,1,0,0,1,-1,-1,1,-1,1,-1,1,1,-1,1,-1,1,-1,-1,1,-1,1,0,0,-1,1,1,-1
MU,2026-06-24 16:02:01,AMC,0.010075905152146167,0.2485389937529388,0.021358393848782572,ES,tp,166.0,1484.2999999999847,1431.7999999999847,0,0,1,-1,1,-1,0,2,1,-1,-1,1,-1,1,1,-1,0,0,1,-1,-1,1,0,0,0,2,1,-1,1,-1,1,-1,1,-1,-1,1,0,0,1,-1,-1,1,0,0,1,-1,1,-1,0,0,0,-1,0,-1,0,0,0,0,1,-1,1,-1,1,-1,0,0,1,-1,-1,1,1,-1,0,0,1,-1,-1,1,1,-1,0,0,1,-1,1,-1,1,-1,1,-1,1,-1,1,-1,0,0,0,0,1,-1,1,-1,1,-1,1,-1,1,-1,1,-1,1,-1,-1,1,1,-1,0,0,1,-1,0,0,0,0,0,0,1,-1,1,-1,0,0,0,0,0,0,0,0,1,-1,1,-1,1,-1,1,-1,-1,1,1,-1,1,-1,-1,1,1,-1,-1,1,1,-1,-1,1,0,0,0,0,1,-1,0,0,1,-1,1,0,1,-1,1,-1,0,0,1,-1,1,-1,1,-1,-1,1,1,-1,0,0,0,0,0,0,0,0,1,-1,-1,1,-1,1,-1,1,-1,1,-1,1,1,-1,0,0,1,-1,-1,1,1,-1,1,-1,1,-1,0,0,-1,1,1,-1,0,0,0,0,0,0,1,-1,1,-1,-1,1,-1,1,1,-1,1,-1,-1,1,1,-1,1,-1,0,0,-1,1,0,0,0,0,1,-1,1,-1,-1,1,-1,1,1,-1,1,-1,0,0,-1,1,0,0,0,0,1,-1,1,-1,1,-1,1,-1,0,0,1,-1,1,-1,0,2,1,-1,1,-1,1,-1,0,0,-1,1,1,-1,-1,1,1,-1,1,-1,1,-1,1,-1,1,-1,1,-1,0,0,0,0,1,-1
NFLX,2026-07-16 16:03:19,AMC,0.003301201637396012,0.039613111940052154,0.011029006286533584,ES,timed,898.0,-137.5,-190.0,0,2,1,-1,1,-1,1,0,0,0,-1,1,-1,1,1,-1,0,0,1,-1,-1,1,0,0,0,0,1,-1,0,0,1,-1,1,-1,1,-1,0,0,-1,1,0,0,1,-1,1,-1,1,-1,0,0,0,-1,0,-1,0,0,0,0,1,-1,1,-1,1,-1,0,0,1,-1,-1,1,1,-1,1,-1,1,-1,-1,1,1,-1,0,2,1,-1,1,-1,1,-1,1,-1,1,-1,1,-1,0,0,0,0,1,-1,0,0,0,0,1,-1,1,-1,1,-1,1,-1,1,-1,1,-1,0,0,1,-1,1,-1,0,0,0,0,0,0,0,0,0,0,0,0,1,-1,0,0,1,-1,1,-1,0,0,1,-1,1,-1,1,-1,1,-1,-1,1,1,-1,1,-1,1,-1,-1,1,0,2,0,0,1,-1,1,-1,1,-1,1,0,1,-1,1,-1,0,0,1,-1,1,-1,1,-1,1,-1,1,-1,0,0,0,0,0,0,0,0,1,-1,-1,1,-1,1,-1,1,-1,1,-1,1,1,-1,0,0,1,-1,1,-1,-1,1,1,-1,1,-1,0,0,-1,1,1,-1,0,0,0,0,0,0,1,-1,1,-1,-1,1,1,-1,1,-1,1,-1,-1,1,0,0,1,-1,0,0,-1,1,0,2,0,0,-1,1,-1,1,-1,1,1,-1,1,-1,1,-1,0,0,-1,1,0,0,1,-1,0,0,1,-1,1,-1,1,-1,0,0,1,-1,1,-1,0,2,1,-1,1,-1,1,-1,0,0,-1,1,1,-1,-1,1,1,-1,1,-1,1,-1,-1,1,1,-1,1,-1,0,0,1,-1,1,-1
GOOGL,2026-07-22 16:01:36,AMC,0.02650849928758408,0.06627344423089668,0.034995625546806644,ES,stopped_post,237.0,-377.07500000001346,-429.57500000001346,0,0,-1,1,-1,1,0,2,1,-1,-1,1,-1,1,1,-1,0,0,1,-1,-1,1,0,0,0,0,1,-1,0,0,-1,1,-1,1,-1,1,0,0,1,-1,1,-1,0,0,-1,1,-1,1,0,0,0,-1,0,0,0,0,-1,1,-1,1,1,-1,-1,1,0,0,1,-1,1,-1,1,-1,0,0,-1,1,1,-1,-1,1,0,2,1,-1,-1,1,1,-1,-1,1,1,-1,0,0,-1,1,-1,1,1,-1,-1,1,1,-1,1,-1,-1,1,-1,1,-1,1,-1,1,-1,1,0,0,-1,1,0,0,0,0,0,0,0,0,0,0,0,0,0,0,0,0,0,2,-1,1,-1,1,1,-1,0,0,-1,1,-1,1,-1,1,-1,1,-1,1,-1,1,1,-1,-1,1,0,0,0,0,1,-1,0,0,1,-1,-1,0,1,-1,1,-1,0,0,-1,1,1,-1,-1,1,-1,1,-1,1,1,-1,0,0,0,0,0,0,-1,1,0,0,1,-1,0,0,1,-1,1,-1,1,-1,0,0,-1,1,-1,1,-1,1,-1,1,1,-1,-1,1,1,-1,-1,1,0,0,0,0,0,0,1,-1,-1,1,1,-1,1,-1,-1,1,-1,1,-1,1,-1,1,1,-1,-1,1,-1,1,0,0,0,0,1,-1,1,-1,1,-1,-1,1,1,-1,-1,1,0,0,1,-1,0,0,0,0,-1,1,1,-1,1,-1,1,-1,0,0,-1,1,-1,1,0,2,-1,1,-1,1,1,-1,0,0,1,-1,1,-1,-1,1,-1,1,1,-1,1,-1,1,-1,0,0,-1,1,0,0,0,0,-1,1
TSLA,2026-07-22 16:35:52,AMC,0.0033123550844650546,0.013248981484548374,0.01712475383166367,ES,timed,897.0,-75.0,-127.5,0,0,-1,1,-1,1,0,2,1,-1,1,-1,1,-1,1,-1,0,0,1,-1,1,-1,0,0,0,2,1,-1,0,0,-1,1,1,-1,1,-1,0,0,0,0,0,0,0,0,-1,1,-1,1,0,2,0,-1,0,-1,0,0,1,-1,1,-1,-1,1,1,-1,0,0,1,-1,1,-1,-1,1,0,0,-1,1,-1,1,-1,1,0,2,1,-1,-1,1,-1,1,1,-1,1,-1,-1,1,1,-1,1,-1,1,-1,1,-1,1,-1,-1,1,-1,1,1,-1,1,-1,-1,1,-1,1,0,0,-1,1,-1,1,0,0,0,2,0,0,1,-1,0,0,0,0,-1,1,0,2,1,-1,1,-1,1,-1,-1,1,1,-1,1,-1,-1,1,-1,1,1,-1,-1,1,-1,1,1,-1,0,0,0,2,-1,1,0,0,1,-1,1,0,-1,1,1,-1,0,0,1,-1,-1,1,-1,1,1,-1,1,-1,0,0,0,0,0,2,0,0,-1,1,0,0,1,-1,0,0,1,-1,1,-1,-1,1,0,0,1,-1,0,0,-1,1,1,-1,-1,1,1,-1,1,-1,-1,1,0,2,0,0,0,0,-1,1,1,-1,1,-1,-1,1,-1,1,1,-1,1,-1,0,0,-1,1,0,0,-1,1,0,0,0,0,-1,1,-1,1,-1,1,-1,1,1,-1,-1,1,0,0,1,-1,0,0,0,0,0,0,-1,1,1,-1,-1,1,0,0,1,-1,1,-1,0,0,-1,1,1,-1,-1,1,0,2,-1,1,-1,1,1,-1,1,-1,1,-1,1,-1,-1,1,0,0,1,-1,0,2,0,0,1,-1
INTC,2026-07-23 16:09:00,AMC,0.0,0.08723661253523017,0.01950490073510488,ES,timed,900.0,37.5,-15.0,0,2,1,-1,1,-1,1,0,1,-1,1,-1,1,-1,1,-1,0,0,1,-1,1,-1,0,0,0,2,1,-1,1,-1,1,-1,1,-1,1,-1,0,0,-1,1,0,0,1,-1,1,-1,1,-1,0,0,0,-1,0,-1,0,0,1,-1,1,-1,-1,1,-1,1,0,0,1,-1,-1,1,1,-1,1,-1,1,-1,-1,1,1,-1,0,2,1,-1,1,-1,1,-1,1,-1,1,-1,1,-1,0,0,1,-1,1,-1,1,-1,1,-1,1,-1,1,-1,1,-1,1,-1,1,-1,1,-1,1,-1,1,-1,1,-1,0,0,0,0,1,-1,1,-1,0,0,0,0,1,-1,0,0,1,-1,1,-1,1,-1,1,-1,1,-1,1,-1,1,-1,-1,1,1,-1,1,-1,1,-1,-1,1,0,2,0,0,1,-1,1,-1,1,-1,1,0,1,-1,1,-1,0,0,1,-1,1,-1,1,-1,-1,1,1,-1,-1,1,0,2,0,0,0,0,-1,1,-1,1,-1,1,-1,1,-1,1,-1,1,1,-1,0,0,1,-1,-1,1,1,-1,1,-1,1,-1,1,-1,-1,1,1,-1,0,0,0,0,0,0,1,-1,-1,1,-1,1,-1,1,1,-1,-1,1,-1,1,1,-1,1,-1,0,0,-1,1,0,2,0,0,-1,1,-1,1,-1,1,1,-1,1,-1,1,-1,-1,1,-1,1,-1,1,1,-1,1,-1,-1,1,1,-1,1,-1,0,0,1,-1,1,-1,0,2,-1,1,1,-1,-1,1,0,0,1,-1,1,-1,1,-1,1,-1,1,-1,1,-1,-1,1,1,-1,1,-1,0,0,1,-1,1,-1
META,2026-07-29 16:03:23,AMC,0.05104645227156713,0.1803702695344405,0.0303406122078014,ES,stopped_pre,-186.0,-367.5249999999778,-420.0249999999778,0,0,1,-1,-1,1,-1,0,-1,1,-1,1,-1,1,-1,1,-1,1,-1,1,-1,1,0,0,0,2,-1,1,-1,1,-1,1,-1,1,-1,1,0,-1,0,0,0,0,-1,1,-1,1,-1,1,0,0,0,1,0,1,0,0,-1,1,-1,1,-1,1,-1,1,0,0,-1,1,-1,1,1,-1,0,0,-1,1,-1,1,-1,1,0,0,-1,1,-1,1,1,-1,-1,1,-1,1,0,0,-1,1,0,0,-1,1,-1,1,-1,1,-1,1,-1,1,-1,1,-1,1,-1,1,-1,1,-1,1,-1,1,-1,1,0,0,0,0,0,0,-1,1,0,0,0,0,0,0,0,0,-1,1,-1,1,-1,1,0,0,-1,1,-1,1,-1,1,1,-1,-1,1,1,-1,1,-1,1,-1,0,0,0,0,-1,1,0,0,-1,1,-1,0,1,-1,-1,1,0,0,-1,1,-1,1,-1,1,-1,1,-1,1,0,0,0,0,0,0,0,0,-1,1,-1,1,-1,1,-1,1,-1,1,-1,1,1,-1,0,0,-1,1,-1,1,-1,1,-1,1,1,-1,-1,1,1,-1,-1,1,0,0,0,0,0,0,1,-1,1,-1,-1,1,1,-1,-1,1,1,-1,-1,1,-1,1,-1,1,-1,1,1,-1,0,0,0,2,-1,1,1,-1,-1,1,-1,1,-1,1,-1,1,0,0,1,-1,0,0,0,0,-1,1,1,-1,1,-1,1,-1,0,0,-1,1,-1,1,0,2,-1,1,-1,1,1,-1,0,0,1,-1,-1,1,-1,1,-1,1,1,-1,-1,1,1,-1,-1,1,-1,1,0,0,0,0,1,-1
MSFT,2026-07-29 16:04:53,AMC,0.044262853251617294,0.11235955056179776,0.03819709702062643,ES,stopped_pre,-276.0,-367.574999999988,-420.074999999988,0,0,-1,1,-1,1,-1,0,-1,1,-1,1,-1,1,-1,1,-1,1,-1,1,-1,1,0,0,0,2,-1,1,-1,1,-1,1,-1,1,-1,1,0,0,0,0,0,0,-1,1,-1,1,-1,1,0,2,0,1,0,1,0,0,-1,1,-1,1,-1,1,-1,1,0,0,-1,1,-1,1,1,-1,0,0,-1,1,-1,1,-1,1,0,0,-1,1,-1,1,1,-1,-1,1,-1,1,-1,1,-1,1,0,0,-1,1,-1,1,-1,1,-1,1,-1,1,-1,1,-1,1,-1,1,-1,1,-1,1,-1,1,-1,1,0,0,0,0,0,0,-1,1,0,0,0,2,0,0,0,0,-1,1,-1,1,-1,1,0,0,-1,1,-1,1,-1,1,1,-1,-1,1,-1,1,1,-1,1,-1,0,0,0,0,-1,1,0,0,-1,1,-1,0,1,-1,-1,1,0,0,-1,1,-1,1,-1,1,-1,1,-1,1,0,0,0,0,0,0,0,0,-1,1,-1,1,-1,1,-1,1,-1,1,-1,1,1,-1,0,0,-1,1,-1,1,-1,1,-1,1,1,-1,-1,1,1,-1,-1,1,0,0,0,0,0,0,1,-1,1,-1,-1,1,-1,1,-1,1,1,-1,1,-1,-1,1,-1,1,-1,1,1,-1,0,0,0,2,-1,1,1,-1,-1,1,-1,1,-1,1,-1,1,0,0,1,-1,0,0,0,0,-1,1,1,-1,1,-1,1,-1,0,0,-1,1,-1,1,0,2,-1,1,-1,1,1,-1,0,0,1,-1,-1,1,-1,1,-1,1,1,-1,-1,1,1,-1,-1,1,-1,1,0,0,0,0,-1,1
AMZN,2026-07-30 16:06:23,AMC,0.016691704223001168,0.0,0.025792470149780155,ES,timed,899.0,112.5,60.0,0,0,1,-1,1,-1,0,2,-1,1,1,-1,1,-1,-1,1,0,0,1,-1,-1,1,0,0,0,0,-1,1,-1,1,1,-1,1,-1,1,-1,0,0,1,-1,0,0,0,0,1,-1,1,-1,0,0,0,-1,0,0,0,0,0,0,1,-1,1,-1,1,-1,0,0,-1,1,1,-1,1,-1,0,0,1,-1,1,-1,1,-1,0,0,1,-1,1,-1,1,-1,1,-1,1,-1,0,0,1,-1,-1,1,1,-1,1,-1,-1,1,-1,1,1,-1,1,-1,1,-1,1,-1,1,-1,1,-1,1,-1,0,0,0,0,0,0,0,0,0,0,0,0,0,0,1,-1,0,0,0,0,0,0,0,0,-1,1,1,-1,1,-1,1,-1,1,-1,1,-1,1,-1,1,-1,1,-1,0,0,0,2,1,-1,1,-1,1,-1,1,0,1,-1,1,-1,0,2,1,-1,1,-1,1,-1,-1,1,1,-1,1,-1,0,0,0,0,0,0,1,-1,1,-1,1,-1,1,-1,1,-1,1,-1,1,-1,0,0,1,-1,0,0,1,-1,1,-1,1,-1,1,-1,1,-1,1,-1,0,0,0,0,0,0,1,-1,1,-1,-1,1,1,-1,1,-1,-1,1,-1,1,0,0,1,-1,0,0,1,-1,0,0,0,0,-1,1,1,-1,-1,1,1,-1,-1,1,1,-1,0,0,-1,1,0,0,0,0,0,0,-1,1,1,-1,1,-1,0,2,1,-1,1,-1,0,0,1,-1,1,-1,1,-1,0,0,-1,1,1,-1,1,-1,0,0,1,-1,-1,1,1,-1,0,0,1,-1,0,0,0,0,1,-1
AAPL,2026-07-30 16:30:28,AMC,0.1234897536880048,0.14018223690798037,0.07387508394895903,ES,stopped_post,10.0,-374.46249999998145,-426.96249999998145,0,0,-1,1,1,-1,1,0,1,-1,1,-1,1,-1,1,-1,0,0,1,-1,-1,1,0,0,0,0,1,-1,1,-1,1,-1,1,-1,1,-1,0,0,0,0,0,0,0,0,1,-1,1,-1,0,2,0,-1,0,0,0,0,0,0,-1,1,1,-1,1,-1,0,0,1,-1,1,-1,-1,1,0,0,1,-1,1,-1,-1,1,0,2,1,-1,1,-1,1,-1,1,-1,1,-1,0,0,0,0,0,0,1,-1,1,-1,1,-1,1,-1,-1,1,1,-1,1,-1,1,-1,1,-1,0,0,1,-1,0,0,0,0,0,2,0,0,1,-1,0,0,0,2,-1,1,0,2,1,-1,1,-1,1,-1,0,0,1,-1,1,-1,1,-1,1,-1,1,-1,-1,1,-1,1,-1,1,0,0,0,0,1,-1,0,0,1,-1,1,0,-1,1,1,-1,0,0,1,-1,1,-1,1,-1,1,-1,1,-1,1,-1,0,0,0,2,0,0,1,-1,1,-1,1,-1,1,-1,1,-1,1,-1,-1,1,0,0,1,-1,1,-1,1,-1,1,-1,-1,1,1,-1,-1,1,-1,1,0,2,0,0,0,0,-1,1,1,-1,-1,1,1,-1,1,-1,1,-1,-1,1,1,-1,1,-1,1,-1,-1,1,0,0,0,2,1,-1,-1,1,-1,1,1,-1,1,-1,1,-1,0,0,-1,1,0,0,0,0,1,-1,-1,1,-1,1,-1,1,0,0,1,-1,1,-1,0,2,1,-1,1,-1,-1,1,0,2,-1,1,1,-1,1,-1,1,-1,1,-1,1,-1,-1,1,1,-1,-1,1,0,2,-1,1,1,-1
AMD,2026-08-04 16:16:24,AMC,0.048282743747384685,0.016094247915794897,0.01837424665588711,ES,stopped_pre,-79.0,-388.66250000000946,-441.16250000000946,0,0,1,-1,-1,1,0,2,0,0,-1,1,1,-1,-1,1,0,0,-1,1,-1,1,0,0,0,0,1,-1,0,0,1,-1,-1,1,-1,1,0,0,1,-1,-1,1,0,0,1,-1,-1,1,0,2,0,-1,0,-1,0,0,0,0,-1,1,1,-1,-1,1,0,0,1,-1,1,-1,1,-1,0,0,-1,1,-1,1,1,-1,0,0,1,-1,1,-1,1,-1,1,-1,-1,1,0,0,-1,1,0,0,1,-1,-1,1,0,0,1,-1,1,-1,1,-1,-1,1,-1,1,-1,1,0,0,1,-1,-1,1,0,0,0,0,0,0,0,0,0,0,0,0,0,0,0,0,-1,1,-1,1,1,-1,-1,1,-1,1,-1,1,1,-1,1,-1,-1,1,1,-1,1,-1,1,-1,0,0,0,0,1,-1,0,0,1,-1,1,0,1,-1,1,-1,0,2,-1,1,-1,1,1,-1,1,-1,-1,1,0,0,0,0,0,0,0,0,1,-1,1,-1,1,-1,1,-1,1,-1,1,-1,1,-1,0,0,1,-1,-1,1,1,-1,-1,1,1,-1,0,0,1,-1,1,-1,0,0,0,0,0,0,1,-1,-1,1,-1,1,1,-1,1,-1,-1,1,-1,1,0,0,1,-1,0,0,-1,1,0,0,0,0,1,-1,1,-1,1,-1,-1,1,1,-1,1,-1,0,0,-1,1,0,0,0,0,0,0,1,-1,1,-1,1,-1,0,0,-1,1,-1,1,0,2,1,-1,1,-1,-1,1,0,2,1,-1,1,-1,1,-1,0,0,-1,1,1,-1,1,-1,0,0,-1,1,0,0,0,0,1,-1
