title,et,session,jump_pct,res_pct,pred,instrument,ride_outcome,ride_exit_s,ride_pnl_usd,ride_net_stressed_usd,cdir_accel_bands,vdir_accel_bands,cdir_accel_osc,vdir_accel_osc,cdir_ad_line,vdir_ad_line,cdir_adx,vdir_adx,cdir_alligator,vdir_alligator,cdir_alma,vdir_alma,cdir_anchored_vwap,vdir_anchored_vwap,cdir_apo,vdir_apo,cdir_aroon,vdir_aroon,cdir_aroon_osc,vdir_aroon_osc,cdir_asi,vdir_asi,cdir_atr_norm,vdir_atr_norm,cdir_autocorr,vdir_autocorr,cdir_awesome_osc,vdir_awesome_osc,cdir_balance_of_power,vdir_balance_of_power,cdir_bandpass,vdir_bandpass,cdir_bbi,vdir_bbi,cdir_bias,vdir_bias,cdir_bollinger,vdir_bollinger,cdir_breaker,vdir_breaker,cdir_bw_mfi,vdir_bw_mfi,cdir_cci,vdir_cci,cdir_center_of_gravity,vdir_center_of_gravity,cdir_chaikin_osc,vdir_chaikin_osc,cdir_chaikin_vol,vdir_chaikin_vol,cdir_chande_kroll,vdir_chande_kroll,cdir_chandelier,vdir_chandelier,cdir_choppiness,vdir_choppiness,cdir_cisd,vdir_cisd,cdir_cmf,vdir_cmf,cdir_cmo,vdir_cmo,cdir_cmo_chande_dmi,vdir_cmo_chande_dmi,cdir_cointegration,vdir_cointegration,cdir_coppock,vdir_coppock,cdir_cpr,vdir_cpr,cdir_cyber_cycle,vdir_cyber_cycle,cdir_dema,vdir_dema,cdir_demand_index,vdir_demand_index,cdir_demarker,vdir_demarker,cdir_derivative_osc,vdir_derivative_osc,cdir_dfa,vdir_dfa,cdir_di_cross,vdir_di_cross,cdir_disparity,vdir_disparity,cdir_dma,vdir_dma,cdir_donchian,vdir_donchian,cdir_dpo,vdir_dpo,cdir_efficiency_ratio,vdir_efficiency_ratio,cdir_elder_impulse,vdir_elder_impulse,cdir_elder_ray,vdir_elder_ray,cdir_elliott_wave_osc,vdir_elliott_wave_osc,cdir_ema_trend,vdir_ema_trend,cdir_emd,vdir_emd,cdir_eom,vdir_eom,cdir_ergodic_osc,vdir_ergodic_osc,cdir_evwma,vdir_evwma,cdir_expma,vdir_expma,cdir_fisher,vdir_fisher,cdir_force_index,vdir_force_index,cdir_fractals,vdir_fractals,cdir_frama,vdir_frama,cdir_fvg,vdir_fvg,cdir_garch_ewma,vdir_garch_ewma,cdir_garman_klass,vdir_garman_klass,cdir_gator,vdir_gator,cdir_gmma,vdir_gmma,cdir_hilbert_cycle,vdir_hilbert_cycle,cdir_hist_vol,vdir_hist_vol,cdir_hma,vdir_hma,cdir_hurst_exp,vdir_hurst_exp,cdir_ichimoku_chikou,vdir_ichimoku_chikou,cdir_ichimoku_cloud,vdir_ichimoku_cloud,cdir_ichimoku_tk_cross,vdir_ichimoku_tk_cross,cdir_ifvg,vdir_ifvg,cdir_jma,vdir_jma,cdir_kalman,vdir_kalman,cdir_kama,vdir_kama,cdir_kdj,vdir_kdj,cdir_keltner,vdir_keltner,cdir_klinger,vdir_klinger,cdir_kst,vdir_kst,cdir_laguerre_rsi,vdir_laguerre_rsi,cdir_linreg_channel,vdir_linreg_channel,cdir_linreg_r2,vdir_linreg_r2,cdir_linreg_slope,vdir_linreg_slope,cdir_lsma,vdir_lsma,cdir_ma_displaced,vdir_ma_displaced,cdir_ma_envelope,vdir_ma_envelope,cdir_macd,vdir_macd,cdir_mama_fama,vdir_mama_fama,cdir_mass_index,vdir_mass_index,cdir_mcginley,vdir_mcginley,cdir_mfi,vdir_mfi,cdir_momentum,vdir_momentum,cdir_nvi,vdir_nvi,cdir_obv,vdir_obv,cdir_order_block,vdir_order_block,cdir_ou_halflife,vdir_ou_halflife,cdir_parkinson,vdir_parkinson,cdir_pca_factor,vdir_pca_factor,cdir_pgo,vdir_pgo,cdir_pivot_camarilla,vdir_pivot_camarilla,cdir_pivot_demark,vdir_pivot_demark,cdir_pivot_fib,vdir_pivot_fib,cdir_pivot_floor,vdir_pivot_floor,cdir_pivot_woodie,vdir_pivot_woodie,cdir_ppo,vdir_ppo,cdir_proj_bands,vdir_proj_bands,cdir_psar,vdir_psar,cdir_psy,vdir_psy,cdir_pvi,vdir_pvi,cdir_pvt,vdir_pvt,cdir_qqe,vdir_qqe,cdir_rma,vdir_rma,cdir_rmi,vdir_rmi,cdir_roc,vdir_roc,cdir_rogers_satchell,vdir_rogers_satchell,cdir_rolling_beta,vdir_rolling_beta,cdir_rolling_corr,vdir_rolling_corr,cdir_roofing,vdir_roofing,cdir_rsi,vdir_rsi,cdir_rsi_connors,vdir_rsi_connors,cdir_rsi_cutler,vdir_rsi_cutler,cdir_rvgi,vdir_rvgi,cdir_rvi_dorsey,vdir_rvi_dorsey,cdir_schaff_trend_cycle,vdir_schaff_trend_cycle,cdir_sine_wma,vdir_sine_wma,cdir_sinewave,vdir_sinewave,cdir_sma_trend,vdir_sma_trend,cdir_smi,vdir_smi,cdir_starc,vdir_starc,cdir_stddev,vdir_stddev,cdir_stoch_rsi,vdir_stoch_rsi,cdir_stochastic,vdir_stochastic,cdir_structure_trend,vdir_structure_trend,cdir_super_smoother,vdir_super_smoother,cdir_supertrend,vdir_supertrend,cdir_t3,vdir_t3,cdir_td_combo,vdir_td_combo,cdir_td_rei,vdir_td_rei,cdir_td_sequential,vdir_td_sequential,cdir_tema,vdir_tema,cdir_tma,vdir_tma,cdir_trend_intensity,vdir_trend_intensity,cdir_trix,vdir_trix,cdir_tsi,vdir_tsi,cdir_ttm_squeeze,vdir_ttm_squeeze,cdir_tvi,vdir_tvi,cdir_twiggs_mf,vdir_twiggs_mf,cdir_ulcer,vdir_ulcer,cdir_ultimate_osc,vdir_ultimate_osc,cdir_vidya,vdir_vidya,cdir_vol_osc,vdir_vol_osc,cdir_vol_ratio,vdir_vol_ratio,cdir_volume_ratio_asia,vdir_volume_ratio_asia,cdir_vortex,vdir_vortex,cdir_vwap,vdir_vwap,cdir_vwma,vdir_vwma,cdir_vzo,vdir_vzo,cdir_wavetrend,vdir_wavetrend,cdir_williams_r,vdir_williams_r,cdir_wma,vdir_wma,cdir_wvad,vdir_wvad,cdir_yang_zhang,vdir_yang_zhang,cdir_zlema,vdir_zlema,cdir_zscore,vdir_zscore
MU,2010-06-28 16:01:06,AMC,0.10891763104152485,0.14976174268209666,,NQ,stopped_pre,-67.0,-36.70999999999822,-59.20999999999822,0,2,-1,1,-1,1,0,2,0,0,-1,1,-1,1,-1,1,0,0,-1,1,-1,1,0,0,0,2,-1,1,0,0,-1,1,-1,1,-1,1,0,0,1,-1,-1,1,-1,1,-1,1,-1,1,0,0,0,1,0,1,0,0,-1,1,-1,1,-1,1,-1,1,0,0,-1,1,-1,1,-1,1,-1,1,-1,1,-1,1,-1,1,0,0,-1,1,-1,1,-1,1,-1,1,-1,1,-1,1,-1,1,0,0,-1,1,-1,1,-1,1,-1,1,-1,1,-1,1,-1,1,-1,1,-1,1,-1,1,-1,1,-1,1,0,0,0,0,0,0,-1,1,0,0,0,0,-1,1,0,0,-1,1,-1,1,-1,1,0,0,-1,1,-1,1,-1,1,1,-1,-1,1,-1,1,-1,1,1,-1,0,2,0,0,-1,1,0,0,-1,1,-1,0,-1,1,-1,1,0,0,-1,1,-1,1,-1,1,1,-1,-1,1,1,-1,0,0,0,0,0,0,-1,1,-1,1,-1,1,-1,1,-1,1,-1,1,-1,1,0,0,-1,1,-1,1,-1,1,-1,1,-1,1,-1,1,1,-1,-1,1,0,0,0,0,0,0,-1,1,-1,1,-1,1,-1,1,-1,1,-1,1,1,-1,-1,1,-1,1,0,0,1,-1,0,2,0,0,1,-1,1,-1,-1,1,-1,1,-1,1,-1,1,0,0,1,-1,0,0,-1,1,0,0,1,-1,-1,1,-1,1,0,0,-1,1,-1,1,0,0,-1,1,-1,1,1,-1,0,0,-1,1,-1,1,-1,1,-1,1,1,-1,-1,1,1,-1,-1,1,-1,1,0,0,-1,1,-1,1
AMD,2011-01-20 21:37:15,AMC,0.010970927043335162,0.09872751206669592,,NQ,timed,879.0,70.0,47.5,0,0,1,-1,-1,1,0,2,0,0,-1,1,-1,1,-1,1,0,0,1,-1,0,0,0,2,0,0,1,-1,0,0,1,-1,-1,1,-1,1,0,0,0,0,-1,1,0,0,1,-1,-1,1,0,2,0,-1,0,0,0,0,0,0,-1,1,-1,1,0,0,0,0,-1,1,-1,1,1,-1,0,0,-1,1,-1,1,1,-1,0,0,-1,1,-1,1,-1,1,-1,1,1,-1,0,0,-1,1,0,0,1,-1,-1,1,0,0,-1,1,-1,1,-1,1,-1,1,-1,1,-1,1,0,0,-1,1,-1,1,0,2,0,2,0,0,-1,1,0,0,0,2,0,0,0,2,1,-1,0,0,1,-1,1,-1,-1,1,-1,1,1,-1,1,-1,-1,1,1,-1,-1,1,1,-1,0,0,0,2,1,-1,0,0,-1,1,-1,0,1,-1,1,-1,0,0,-1,1,-1,1,1,-1,-1,1,-1,1,1,-1,0,0,0,2,0,0,-1,1,-1,1,-1,1,-1,1,-1,1,-1,1,1,-1,0,0,1,-1,1,-1,-1,1,-1,1,1,-1,-1,1,1,-1,1,-1,0,2,0,0,0,0,1,-1,-1,1,-1,1,-1,1,-1,1,-1,1,-1,1,0,0,-1,1,-1,1,-1,1,0,0,0,2,-1,1,-1,1,-1,1,-1,1,1,-1,-1,1,0,0,-1,1,0,0,0,0,0,0,1,-1,1,-1,1,-1,0,0,-1,1,0,0,0,2,-1,1,-1,1,-1,1,0,2,1,-1,-1,1,-1,1,-1,1,-1,1,1,-1,-1,1,0,0,-1,1,0,2,0,0,-1,1
INTC,2011-01-31 10:08:06,intraday,0.06630566913471102,0.13261133826942204,,NQ,stopped_pre,-177.0,-45.25499999999738,-67.75499999999738,0,0,1,-1,1,-1,-1,0,-1,1,1,-1,-1,1,-1,1,-1,1,-1,1,1,-1,0,0,0,0,-1,1,0,0,1,-1,1,-1,1,-1,0,0,1,-1,0,0,0,0,1,-1,1,-1,0,0,0,-1,0,-1,0,0,1,-1,1,-1,1,-1,1,-1,0,0,-1,1,0,0,1,-1,0,0,1,-1,1,-1,1,-1,0,2,-1,1,1,-1,1,-1,1,-1,-1,1,0,0,1,-1,1,-1,-1,1,0,0,-1,1,1,-1,1,-1,1,-1,-1,1,1,-1,-1,1,0,0,1,-1,0,0,0,0,0,0,0,0,-1,1,0,0,0,0,1,-1,0,2,-1,1,-1,1,-1,1,-1,1,1,-1,1,-1,1,-1,1,-1,1,-1,1,-1,1,-1,1,-1,0,0,0,2,1,-1,1,-1,1,-1,1,0,1,-1,-1,1,0,2,1,-1,1,-1,1,-1,1,-1,1,-1,-1,1,0,0,0,0,0,0,1,-1,-1,1,-1,1,0,0,-1,1,-1,1,1,-1,0,0,-1,1,1,-1,-1,1,-1,1,1,-1,-1,1,-1,1,1,-1,0,0,0,0,0,0,1,-1,-1,1,-1,1,1,-1,1,-1,1,-1,-1,1,0,0,1,-1,-1,1,1,-1,0,0,0,0,-1,1,-1,1,-1,1,1,-1,-1,1,1,-1,0,0,-1,1,0,0,1,-1,0,0,1,-1,1,-1,1,-1,0,0,1,-1,1,-1,0,2,1,-1,-1,1,1,-1,0,0,-1,1,1,-1,-1,1,0,0,1,-1,-1,1,-1,1,0,0,-1,1,0,0,1,-1,1,-1
GOOGL,2011-04-14 16:02:40,AMC,0.05430650591940915,0.0,,NQ,stopped_pre,-145.0,-50.0,-72.5,0,0,1,-1,1,-1,0,2,0,0,-1,1,1,-1,-1,1,0,0,-1,1,-1,1,0,0,0,2,-1,1,0,0,1,-1,-1,1,-1,1,0,0,0,0,0,0,0,0,1,-1,1,-1,0,2,0,-1,0,0,0,0,-1,1,1,-1,-1,1,-1,1,0,0,-1,1,1,-1,-1,1,-1,1,-1,1,-1,1,1,-1,0,0,-1,1,-1,1,-1,1,-1,1,-1,1,0,0,-1,1,-1,1,-1,1,0,0,-1,1,1,-1,-1,1,-1,1,1,-1,-1,1,-1,1,0,0,-1,1,0,0,0,0,0,0,0,0,0,0,0,0,0,0,0,0,0,0,-1,1,0,0,-1,1,0,0,-1,1,-1,1,-1,1,-1,1,-1,1,1,-1,-1,1,-1,1,0,0,0,0,1,-1,0,0,-1,1,-1,0,-1,1,-1,1,0,0,-1,1,-1,1,-1,1,1,-1,-1,1,1,-1,0,0,0,0,0,0,-1,1,0,0,-1,1,0,0,1,-1,1,-1,-1,1,0,0,-1,1,-1,1,1,-1,-1,1,-1,1,0,0,-1,1,0,0,0,0,0,0,0,0,-1,1,-1,1,-1,1,-1,1,-1,1,-1,1,1,-1,-1,1,1,-1,0,0,-1,1,0,0,0,2,-1,1,0,0,1,-1,-1,1,-1,1,-1,1,0,0,-1,1,0,0,0,0,-1,1,-1,1,-1,1,-1,1,0,0,-1,1,1,-1,0,2,1,-1,1,-1,1,-1,0,0,-1,1,-1,1,1,-1,-1,1,-1,1,-1,1,0,0,-1,1,-1,1,0,0,-1,1,-1,1
AVGO,2011-05-24 16:09:38,AMC,0.0,0.02174858634188778,,NQ,timed,321.0,40.0,17.5,0,2,-1,1,-1,1,-1,0,-1,1,-1,1,-1,1,-1,1,-1,1,-1,1,-1,1,0,0,0,0,-1,1,0,0,-1,1,-1,1,-1,1,0,0,0,0,0,0,-1,1,-1,1,-1,1,0,0,0,1,0,1,0,0,-1,1,-1,1,1,-1,1,-1,0,0,-1,1,-1,1,-1,1,-1,1,-1,1,1,-1,-1,1,0,0,-1,1,-1,1,-1,1,-1,1,-1,1,-1,1,-1,1,-1,1,-1,1,-1,1,-1,1,-1,1,-1,1,-1,1,-1,1,-1,1,-1,1,-1,1,-1,1,-1,1,0,0,0,0,0,0,-1,1,0,0,0,0,-1,1,0,0,-1,1,-1,1,-1,1,0,0,-1,1,-1,1,-1,1,1,-1,-1,1,-1,1,-1,1,1,-1,0,2,0,0,-1,1,-1,1,-1,1,-1,0,-1,1,-1,1,0,0,-1,1,1,-1,-1,1,1,-1,-1,1,0,0,0,2,0,0,0,0,-1,1,-1,1,-1,1,-1,1,-1,1,-1,1,-1,1,0,0,-1,1,1,-1,-1,1,-1,1,-1,1,-1,1,1,-1,-1,1,0,0,0,0,0,0,-1,1,1,-1,1,-1,1,-1,-1,1,1,-1,1,-1,-1,1,-1,1,-1,1,1,-1,0,2,0,0,1,-1,1,-1,-1,1,-1,1,-1,1,-1,1,0,0,1,-1,0,0,-1,1,-1,1,1,-1,-1,1,-1,1,0,0,-1,1,-1,1,0,0,-1,1,-1,1,1,-1,0,0,1,-1,-1,1,-1,1,-1,1,1,-1,1,-1,1,-1,-1,1,-1,1,0,0,-1,1,-1,1
MU,2012-09-27 16:00:51,AMC,0.017760412041559363,0.026640618062339045,,NQ,timed,848.0,-40.0,-62.5,0,0,1,-1,-1,1,0,2,-1,1,-1,1,1,-1,-1,1,-1,1,-1,1,1,-1,0,0,0,2,-1,1,0,0,-1,1,-1,1,1,-1,0,0,-1,1,0,0,0,0,-1,1,-1,1,0,0,0,-1,0,1,0,0,0,0,-1,1,-1,1,-1,1,0,0,-1,1,1,-1,-1,1,-1,1,1,-1,-1,1,-1,1,0,2,-1,1,-1,1,-1,1,-1,1,-1,1,-1,1,0,0,1,-1,-1,1,-1,1,-1,1,-1,1,1,-1,-1,1,-1,1,1,-1,-1,1,-1,1,-1,1,0,0,0,0,0,0,-1,1,-1,1,0,0,0,0,0,0,0,2,-1,1,-1,1,-1,1,0,0,1,-1,-1,1,-1,1,-1,1,-1,1,1,-1,-1,1,1,-1,0,0,0,0,-1,1,0,0,-1,1,-1,0,-1,1,-1,1,0,0,-1,1,-1,1,-1,1,-1,1,1,-1,1,-1,0,0,0,0,0,0,-1,1,1,-1,1,-1,1,-1,1,-1,1,-1,-1,1,0,0,-1,1,0,0,1,-1,-1,1,-1,1,0,0,-1,1,-1,1,0,0,0,0,0,0,-1,1,-1,1,1,-1,-1,1,1,-1,1,-1,1,-1,0,0,-1,1,0,0,1,-1,0,0,0,0,-1,1,-1,1,-1,1,-1,1,-1,1,-1,1,0,0,1,-1,0,0,0,0,0,0,-1,1,-1,1,-1,1,0,0,-1,1,-1,1,0,0,-1,1,-1,1,1,-1,0,0,1,-1,-1,1,1,-1,0,0,1,-1,-1,1,-1,1,-1,1,-1,1,0,0,0,0,-1,1
INTC,2012-10-16 16:11:34,AMC,0.04512635379061372,0.21658695063622416,,NQ,stopped_pre,-34.0,-55.44499999999971,-77.94499999999971,0,0,1,-1,-1,1,1,0,1,-1,-1,1,1,-1,1,-1,1,-1,1,-1,-1,1,0,0,0,2,1,-1,0,0,-1,1,-1,1,-1,1,0,0,0,0,0,0,0,0,-1,1,-1,1,0,0,0,-1,0,1,0,0,0,0,-1,1,1,-1,-1,1,0,0,1,-1,1,-1,-1,1,0,0,1,-1,1,-1,-1,1,0,2,1,-1,-1,1,-1,1,-1,1,1,-1,0,0,-1,1,-1,1,1,-1,0,0,1,-1,-1,1,-1,1,1,-1,1,-1,-1,1,1,-1,0,0,-1,1,-1,1,0,0,0,0,0,0,1,-1,0,0,0,0,-1,1,0,2,1,-1,1,-1,1,-1,1,-1,-1,1,-1,1,-1,1,-1,1,-1,1,-1,1,-1,1,1,-1,0,0,0,0,1,-1,-1,1,1,-1,-1,0,-1,1,1,-1,0,0,-1,1,1,-1,-1,1,1,-1,1,-1,1,-1,0,0,0,0,0,0,-1,1,1,-1,1,-1,1,-1,1,-1,1,-1,-1,1,0,0,1,-1,0,0,1,-1,1,-1,-1,1,1,-1,-1,1,-1,1,0,0,0,0,0,0,-1,1,1,-1,1,-1,1,-1,-1,1,1,-1,1,-1,0,0,1,-1,1,-1,-1,1,0,0,0,0,1,-1,-1,1,1,-1,-1,1,1,-1,-1,1,0,0,1,-1,0,0,-1,1,0,0,-1,1,-1,1,-1,1,0,0,1,-1,-1,1,0,0,-1,1,1,-1,1,-1,0,0,1,-1,1,-1,1,-1,0,0,1,-1,1,-1,-1,1,0,0,-1,1,0,0,-1,1,-1,1
GOOGL,2012-10-18 12:30:00,intraday,0.02710027100271003,0.6865401987353207,,NQ,stopped_post,73.0,-55.349999999998545,-77.84999999999854,0,0,-1,1,-1,1,1,0,0,0,1,-1,1,-1,1,-1,-1,1,-1,1,1,-1,0,0,0,0,-1,1,0,0,-1,1,-1,1,1,-1,0,0,1,-1,0,0,0,0,-1,1,-1,1,0,0,0,-1,0,0,0,0,0,0,-1,1,-1,1,1,-1,0,0,-1,1,0,0,-1,1,-1,1,-1,1,-1,1,-1,1,0,2,1,-1,-1,1,-1,1,-1,1,-1,1,-1,1,0,0,0,0,-1,1,0,0,1,-1,-1,1,-1,1,1,-1,1,-1,1,-1,-1,1,-1,1,-1,1,0,0,0,0,0,2,0,0,1,-1,0,0,0,2,0,0,0,2,1,-1,1,-1,-1,1,1,-1,1,-1,-1,1,-1,1,-1,1,-1,1,-1,1,-1,1,1,-1,0,0,0,0,-1,1,0,0,-1,1,-1,0,-1,1,-1,1,0,0,-1,1,-1,1,-1,1,-1,1,-1,1,0,0,0,0,0,2,0,0,-1,1,0,0,-1,1,0,0,-1,1,-1,1,-1,1,0,0,-1,1,-1,1,1,-1,-1,1,-1,1,1,-1,-1,1,-1,1,0,2,0,0,0,0,-1,1,1,-1,-1,1,-1,1,1,-1,1,-1,1,-1,0,0,-1,1,1,-1,1,-1,0,0,0,2,1,-1,-1,1,1,-1,-1,1,1,-1,-1,1,0,0,1,-1,0,0,0,0,0,0,-1,1,-1,1,-1,1,0,0,-1,1,-1,1,0,0,-1,1,1,-1,-1,1,0,0,-1,1,-1,1,1,-1,0,0,-1,1,-1,1,-1,1,0,0,-1,1,0,0,0,0,-1,1
MSFT,2012-10-18 16:02:09,AMC,0.07306603342771029,0.13699881267695682,,NQ,stopped_pre,-98.0,-54.76999999999862,-77.26999999999862,0,0,-1,1,-1,1,0,2,1,-1,-1,1,-1,1,1,-1,0,0,-1,1,-1,1,0,0,0,2,1,-1,0,0,1,-1,-1,1,-1,1,0,0,1,-1,0,0,0,0,1,-1,-1,1,0,2,0,-1,0,0,0,2,0,0,-1,1,1,-1,1,-1,0,0,1,-1,-1,1,-1,1,0,0,-1,1,-1,1,1,-1,0,2,1,-1,1,-1,-1,1,0,0,1,-1,0,0,-1,1,-1,1,1,-1,1,-1,1,-1,-1,1,-1,1,1,-1,1,-1,1,-1,1,-1,0,0,1,-1,1,-1,0,0,0,0,0,0,1,-1,0,0,0,2,-1,1,0,0,1,-1,1,-1,-1,1,-1,1,-1,1,1,-1,1,-1,1,-1,1,-1,1,-1,-1,1,-1,1,0,0,0,2,1,-1,0,0,-1,1,0,0,-1,1,1,-1,0,0,1,-1,1,-1,1,-1,-1,1,-1,1,1,-1,0,0,0,0,0,0,1,-1,-1,1,-1,1,-1,1,-1,1,-1,1,-1,1,0,0,-1,1,-1,1,1,-1,1,-1,-1,1,1,-1,1,-1,1,-1,0,0,0,0,0,0,1,-1,1,-1,-1,1,1,-1,1,-1,-1,1,1,-1,1,-1,-1,1,1,-1,1,-1,0,0,0,2,-1,1,0,0,1,-1,-1,1,1,-1,1,-1,0,0,-1,1,0,0,-1,1,1,-1,-1,1,-1,1,-1,1,0,2,-1,1,-1,1,0,2,1,-1,1,-1,1,-1,0,0,1,-1,1,-1,-1,1,0,0,-1,1,1,-1,0,0,1,-1,-1,1,0,0,-1,1,0,0
NFLX,2012-10-23 16:09:46,AMC,0.028208744710860365,0.23509497837126198,,NQ,timed,313.0,-10.0,-32.5,0,0,-1,1,-1,1,0,2,-1,1,1,-1,-1,1,-1,1,1,-1,1,-1,1,-1,0,0,0,0,-1,1,0,0,-1,1,-1,1,-1,1,0,0,-1,1,0,0,0,0,-1,1,-1,1,0,2,0,1,0,0,0,0,0,0,-1,1,-1,1,-1,1,0,0,-1,1,-1,1,-1,1,-1,1,-1,1,-1,1,-1,1,0,0,-1,1,-1,1,1,-1,-1,1,-1,1,0,0,-1,1,0,0,-1,1,-1,1,-1,1,-1,1,-1,1,-1,1,-1,1,-1,1,-1,1,0,0,-1,1,-1,1,0,0,0,0,0,0,-1,1,0,0,0,0,0,0,0,0,-1,1,-1,1,0,0,0,0,-1,1,-1,1,-1,1,-1,1,-1,1,1,-1,1,-1,1,-1,0,0,0,2,-1,1,0,0,-1,1,-1,0,-1,1,-1,1,0,0,-1,1,-1,1,-1,1,-1,1,-1,1,1,-1,0,0,0,0,0,0,-1,1,-1,1,-1,1,-1,1,-1,1,-1,1,-1,1,0,0,-1,1,-1,1,-1,1,-1,1,-1,1,-1,1,1,-1,-1,1,0,0,0,0,0,0,-1,1,-1,1,1,-1,-1,1,-1,1,-1,1,1,-1,-1,1,-1,1,-1,1,1,-1,0,0,0,2,1,-1,-1,1,1,-1,-1,1,-1,1,-1,1,0,0,1,-1,0,0,0,0,-1,1,1,-1,1,-1,1,-1,0,0,-1,1,-1,1,0,0,1,-1,-1,1,-1,1,0,0,1,-1,-1,1,-1,1,-1,1,-1,1,-1,1,-1,1,-1,1,-1,1,0,0,0,0,-1,1
TSLA,2012-11-05 06:33:57,BMO,0.0,0.056726860168289685,,NQ,timed,884.0,-15.0,-37.5,0,2,-1,1,-1,1,-1,0,0,0,-1,1,-1,1,-1,1,-1,1,-1,1,-1,1,0,0,0,0,-1,1,0,0,-1,1,-1,1,-1,1,0,0,0,0,-1,1,-1,1,-1,1,-1,1,0,0,0,1,0,1,0,0,0,0,1,-1,1,-1,1,-1,0,0,-1,1,0,0,-1,1,-1,1,-1,1,1,-1,-1,1,0,2,-1,1,-1,1,-1,1,-1,1,-1,1,-1,1,0,0,0,0,-1,1,0,0,1,-1,-1,1,-1,1,-1,1,-1,1,-1,1,-1,1,-1,1,-1,1,-1,1,0,0,0,2,0,0,0,0,0,0,0,0,-1,1,0,0,-1,1,0,0,-1,1,1,-1,-1,1,-1,1,-1,1,1,-1,-1,1,-1,1,-1,1,1,-1,0,0,0,0,-1,1,-1,1,-1,1,-1,0,-1,1,-1,1,0,0,-1,1,1,-1,-1,1,1,-1,-1,1,0,0,0,0,0,0,0,0,1,-1,-1,1,-1,1,0,0,-1,1,-1,1,-1,1,0,0,-1,1,1,-1,-1,1,-1,1,-1,1,0,0,1,-1,-1,1,0,2,0,0,0,0,-1,1,-1,1,-1,1,1,-1,-1,1,-1,1,1,-1,0,0,-1,1,0,0,1,-1,0,2,0,0,1,-1,1,-1,1,-1,-1,1,-1,1,-1,1,0,0,1,-1,0,0,-1,1,0,0,-1,1,-1,1,-1,1,0,0,-1,1,0,0,0,0,-1,1,-1,1,1,-1,0,0,1,-1,-1,1,-1,1,0,0,-1,1,-1,1,1,-1,-1,1,1,-1,0,2,-1,1,-1,1
MU,2013-10-10 16:00:43,AMC,0.06247071685147587,0.5388099328439794,,NQ,stopped_pre,-30.0,-64.04499999999643,-86.54499999999643,0,0,1,-1,-1,1,0,2,-1,1,1,-1,1,-1,-1,1,-1,1,-1,1,1,-1,0,0,0,0,-1,1,0,0,1,-1,1,-1,1,-1,0,0,0,0,1,-1,0,0,1,-1,-1,1,0,0,0,-1,0,0,0,0,0,0,-1,1,1,-1,-1,1,0,0,-1,1,1,-1,-1,1,0,0,1,-1,1,-1,1,-1,0,0,1,-1,1,-1,-1,1,1,-1,-1,1,0,0,1,-1,-1,1,-1,1,1,-1,-1,1,1,-1,1,-1,1,-1,1,-1,1,-1,1,-1,0,0,1,-1,1,-1,0,0,0,0,0,0,0,0,0,0,0,0,1,-1,0,0,-1,1,0,0,-1,1,0,0,1,-1,1,-1,1,-1,1,-1,1,-1,1,-1,-1,1,-1,1,0,0,0,2,-1,1,0,0,1,-1,1,0,1,-1,-1,1,0,0,1,-1,-1,1,1,-1,-1,1,1,-1,1,-1,0,0,0,0,0,0,1,-1,1,-1,1,-1,1,-1,1,-1,1,-1,1,-1,0,0,1,-1,0,0,1,-1,-1,1,1,-1,1,-1,1,-1,-1,1,0,0,0,0,0,0,1,-1,1,-1,1,-1,1,-1,1,-1,1,-1,1,-1,0,0,-1,1,0,0,1,-1,0,0,0,2,-1,1,1,-1,-1,1,1,-1,-1,1,1,-1,0,0,-1,1,0,0,0,0,0,0,-1,1,-1,1,-1,1,0,2,1,-1,-1,1,0,0,1,-1,1,-1,-1,1,0,0,1,-1,-1,1,1,-1,0,0,1,-1,-1,1,1,-1,0,0,-1,1,0,0,0,0,1,-1
NVDA,2014-05-06 09:29:49,BMO,0.020884093282283328,0.20189362294625451,,NQ,stopped_post,118.0,-71.80000000000291,-94.30000000000291,0,0,-1,1,1,-1,0,2,1,-1,1,-1,-1,1,1,-1,1,-1,1,-1,1,-1,0,0,0,2,1,-1,0,0,-1,1,1,-1,1,-1,0,0,-1,1,0,0,1,-1,1,-1,1,-1,0,2,0,-1,0,-1,0,0,1,-1,1,-1,1,-1,1,-1,0,0,1,-1,1,-1,1,-1,1,-1,1,-1,1,-1,-1,1,0,0,1,-1,1,-1,1,-1,1,-1,1,-1,0,0,1,-1,1,-1,1,-1,1,-1,1,-1,1,-1,1,-1,1,-1,1,-1,1,-1,1,-1,1,-1,1,-1,1,-1,0,0,0,0,0,0,1,-1,0,0,0,0,0,0,0,0,1,-1,1,-1,1,-1,0,0,1,-1,1,-1,1,-1,1,-1,1,-1,1,-1,1,-1,1,-1,0,0,0,0,1,-1,1,-1,1,-1,1,0,1,-1,1,-1,0,0,1,-1,1,-1,-1,1,1,-1,1,-1,0,0,0,0,0,0,0,0,1,-1,0,0,1,-1,0,0,1,-1,1,-1,1,-1,0,0,1,-1,1,-1,-1,1,1,-1,-1,1,0,0,-1,1,1,-1,0,0,0,0,0,0,-1,1,1,-1,-1,1,1,-1,-1,1,1,-1,-1,1,1,-1,1,-1,0,0,1,-1,0,0,0,2,1,-1,-1,1,1,-1,1,-1,1,-1,1,-1,0,0,-1,1,0,0,1,-1,1,-1,-1,1,1,-1,1,-1,0,0,1,-1,1,-1,0,0,1,-1,1,-1,1,-1,0,0,-1,1,1,-1,-1,1,1,-1,-1,1,1,-1,-1,1,1,-1,1,-1,0,0,1,-1,1,-1
GOOGL,2015-04-23 16:00:24,AMC,0.08391138957261132,0.5425662825819443,,NQ,stopped_post,6.0,-89.41500000000815,-111.91500000000815,0,2,-1,1,-1,1,-1,0,-1,1,-1,1,1,-1,-1,1,-1,1,-1,1,-1,1,0,0,0,0,-1,1,0,0,-1,1,-1,1,-1,1,0,0,-1,1,0,0,-1,1,-1,1,-1,1,0,2,0,1,0,1,0,0,-1,1,-1,1,1,-1,1,-1,0,0,-1,1,1,-1,-1,1,-1,1,-1,1,1,-1,-1,1,0,0,-1,1,-1,1,-1,1,-1,1,-1,1,-1,1,-1,1,-1,1,-1,1,-1,1,-1,1,-1,1,-1,1,-1,1,-1,1,-1,1,-1,1,-1,1,-1,1,-1,1,0,0,0,0,-1,1,-1,1,0,0,0,0,-1,1,0,0,-1,1,-1,1,-1,1,0,0,-1,1,-1,1,-1,1,1,-1,-1,1,-1,1,-1,1,1,-1,0,2,0,0,-1,1,-1,1,-1,1,-1,0,-1,1,-1,1,0,0,-1,1,1,-1,-1,1,1,-1,-1,1,1,-1,0,2,0,0,0,0,-1,1,1,-1,1,-1,1,-1,1,-1,1,-1,-1,1,0,0,-1,1,1,-1,-1,1,-1,1,-1,1,-1,1,1,-1,-1,1,0,0,0,0,0,0,-1,1,1,-1,1,-1,1,-1,-1,1,1,-1,1,-1,-1,1,-1,1,0,0,1,-1,0,2,0,0,1,-1,1,-1,1,-1,-1,1,-1,1,-1,1,0,0,1,-1,0,0,-1,1,-1,1,1,-1,-1,1,-1,1,0,0,-1,1,-1,1,0,0,-1,1,-1,1,1,-1,0,0,1,-1,-1,1,1,-1,-1,1,1,-1,1,-1,1,-1,-1,1,-1,1,0,0,-1,1,-1,1
AVGO,2015-05-28 07:24:11,BMO,0.011022320198401764,0.005511160099200882,,NQ,timed,899.0,-40.0,-62.5,0,0,-1,1,1,-1,0,2,0,0,-1,1,1,-1,1,-1,0,0,1,-1,-1,1,0,0,0,2,-1,1,0,0,-1,1,-1,1,-1,1,0,0,0,0,0,0,0,0,-1,1,1,-1,0,2,0,1,0,1,0,0,-1,1,1,-1,1,-1,1,-1,0,0,-1,1,1,-1,-1,1,-1,1,-1,1,1,-1,-1,1,0,0,-1,1,-1,1,-1,1,-1,1,-1,1,-1,1,-1,1,-1,1,-1,1,0,0,0,0,-1,1,-1,1,-1,1,1,-1,1,-1,-1,1,0,0,-1,1,1,-1,0,0,0,0,0,0,0,0,0,0,0,0,-1,1,0,2,-1,1,1,-1,1,-1,1,-1,-1,1,-1,1,-1,1,-1,1,-1,1,-1,1,-1,1,1,-1,0,0,0,0,-1,1,-1,1,-1,1,-1,0,-1,1,-1,1,0,0,-1,1,1,-1,-1,1,-1,1,-1,1,0,0,0,0,0,0,0,0,-1,1,0,0,1,-1,0,0,1,-1,1,-1,-1,1,0,0,-1,1,-1,1,1,-1,-1,1,-1,1,0,0,-1,1,-1,1,0,0,0,0,0,0,-1,1,-1,1,1,-1,1,-1,-1,1,1,-1,1,-1,0,0,-1,1,0,0,1,-1,0,0,0,0,1,-1,1,-1,1,-1,-1,1,-1,1,-1,1,0,0,0,0,0,0,-1,1,0,0,-1,1,-1,1,-1,1,0,0,-1,1,0,0,0,0,-1,1,-1,1,-1,1,0,0,1,-1,-1,1,1,-1,0,0,-1,1,-1,1,1,-1,0,0,1,-1,0,0,-1,1,-1,1
GOOGL,2015-07-16 16:00:31,AMC,0.021809061665121858,0.6270447110141767,,NQ,timed,18.0,40.0,17.5,0,0,1,-1,-1,1,1,0,1,-1,-1,1,1,-1,1,-1,0,0,-1,1,-1,1,0,0,0,2,1,-1,0,0,1,-1,1,-1,-1,1,0,0,-1,1,0,0,0,0,1,-1,1,-1,0,2,0,-1,0,0,0,0,0,0,-1,1,0,0,1,-1,0,0,-1,1,1,-1,-1,1,-1,1,1,-1,1,-1,1,-1,0,2,1,-1,1,-1,-1,1,1,-1,1,-1,1,-1,0,0,0,0,1,-1,1,-1,1,-1,1,-1,1,-1,1,-1,1,-1,1,-1,1,-1,0,0,1,-1,0,0,0,2,0,0,1,-1,1,-1,0,0,0,2,-1,1,0,2,-1,1,1,-1,-1,1,0,0,-1,1,1,-1,1,-1,1,-1,1,-1,1,-1,-1,1,-1,1,0,0,0,2,1,-1,0,0,1,-1,1,0,-1,1,1,-1,0,0,1,-1,1,-1,1,-1,-1,1,1,-1,0,0,0,0,0,2,0,0,1,-1,1,-1,1,-1,1,-1,1,-1,1,-1,-1,1,0,0,1,-1,-1,1,1,-1,1,-1,1,-1,1,-1,1,-1,1,-1,0,0,0,0,0,0,1,-1,1,-1,-1,1,0,0,1,-1,-1,1,1,-1,1,-1,1,-1,1,-1,-1,1,0,0,0,2,1,-1,1,-1,1,-1,1,-1,1,-1,1,-1,0,0,-1,1,0,0,0,0,1,-1,-1,1,-1,1,-1,1,0,0,1,-1,-1,1,0,2,1,-1,1,-1,-1,1,0,2,-1,1,1,-1,1,-1,1,-1,1,-1,1,-1,1,-1,1,-1,-1,1,0,0,-1,1,1,-1
AVGO,2015-12-02 16:05:08,AMC,0.026632576968147435,0.0852242462980718,,NQ,timed,591.0,135.0,112.5,0,0,1,-1,-1,1,0,2,-1,1,1,-1,-1,1,-1,1,0,0,-1,1,1,-1,0,0,0,2,-1,1,0,0,1,-1,1,-1,1,-1,0,0,1,-1,0,0,0,0,-1,1,-1,1,0,0,0,-1,0,0,0,0,1,-1,-1,1,-1,1,1,-1,0,0,-1,1,-1,1,-1,1,0,0,1,-1,-1,1,1,-1,0,2,1,-1,1,-1,-1,1,1,-1,-1,1,0,0,1,-1,1,-1,-1,1,0,0,-1,1,-1,1,1,-1,1,-1,-1,1,1,-1,1,-1,0,0,1,-1,0,0,0,0,0,0,0,0,-1,1,0,0,0,0,1,-1,0,2,-1,1,-1,1,-1,1,-1,1,1,-1,1,-1,1,-1,1,-1,1,-1,1,-1,1,-1,1,-1,0,0,0,0,1,-1,0,0,1,-1,1,0,1,-1,-1,1,0,0,1,-1,1,-1,1,-1,-1,1,1,-1,1,-1,0,0,0,0,0,0,1,-1,-1,1,-1,1,-1,1,-1,1,-1,1,1,-1,0,0,1,-1,0,0,-1,1,1,-1,1,-1,-1,1,-1,1,1,-1,0,0,0,0,0,0,1,-1,1,-1,-1,1,-1,1,1,-1,-1,1,1,-1,0,0,1,-1,-1,1,-1,1,0,0,0,0,-1,1,1,-1,-1,1,1,-1,-1,1,1,-1,0,0,1,-1,0,0,0,0,0,0,1,-1,-1,1,1,-1,0,0,1,-1,-1,1,0,2,-1,1,-1,1,1,-1,0,0,1,-1,-1,1,-1,1,0,0,-1,1,-1,1,1,-1,0,0,1,-1,0,0,0,0,1,-1
MU,2015-12-22 16:03:43,AMC,0.010909289259804724,0.1363586778662594,,NQ,timed,676.0,195.0,172.5,0,0,1,-1,1,-1,1,0,-1,1,1,-1,1,-1,-1,1,0,0,-1,1,1,-1,0,0,0,0,-1,1,0,0,1,-1,1,-1,1,-1,0,0,0,0,1,-1,0,0,1,-1,1,-1,0,0,0,-1,0,-1,0,0,0,0,1,-1,1,-1,-1,1,0,0,-1,1,1,-1,1,-1,0,0,-1,1,1,-1,1,-1,0,0,1,-1,1,-1,1,-1,1,-1,-1,1,1,-1,1,-1,1,-1,-1,1,0,0,-1,1,1,-1,1,-1,1,-1,-1,1,1,-1,1,-1,0,0,1,-1,0,0,0,0,0,0,0,0,-1,1,0,0,0,0,1,-1,0,0,-1,1,-1,1,-1,1,1,-1,1,-1,1,-1,1,-1,1,-1,1,-1,1,-1,1,-1,-1,1,0,0,0,2,1,-1,0,0,1,-1,1,0,1,-1,-1,1,0,0,1,-1,1,-1,1,-1,1,-1,-1,1,1,-1,0,0,0,0,0,0,1,-1,0,0,1,-1,1,-1,1,-1,1,-1,1,-1,0,0,1,-1,0,0,1,-1,1,-1,1,-1,1,-1,-1,1,1,-1,0,0,0,0,0,0,1,-1,1,-1,1,-1,1,-1,1,-1,-1,1,-1,1,0,0,-1,1,0,0,1,-1,0,0,0,0,-1,1,-1,1,-1,1,1,-1,1,-1,1,-1,0,0,-1,1,0,0,0,0,0,0,-1,1,-1,1,1,-1,0,0,-1,1,1,-1,0,2,1,-1,1,-1,1,-1,0,0,1,-1,1,-1,1,-1,0,0,1,-1,-1,1,-1,1,0,0,-1,1,0,0,0,0,1,-1
INTC,2016-01-14 16:46:53,AMC,0.023519727171164816,0.07057163020465773,,NQ,timed,786.0,-80.0,-102.5,0,0,1,-1,1,-1,0,2,-1,1,-1,1,1,-1,-1,1,0,0,-1,1,1,-1,0,2,0,0,-1,1,0,0,1,-1,-1,1,-1,1,0,0,0,0,0,0,0,0,-1,1,1,-1,0,2,0,1,0,1,0,0,0,0,-1,1,-1,1,-1,1,0,0,-1,1,0,0,1,-1,0,0,-1,1,1,-1,1,-1,0,2,-1,1,-1,1,1,-1,-1,1,-1,1,0,0,0,0,0,0,-1,1,-1,1,-1,1,-1,1,-1,1,-1,1,-1,1,-1,1,1,-1,0,0,-1,1,-1,1,0,0,0,2,0,0,-1,1,0,0,0,2,0,0,0,0,-1,1,-1,1,-1,1,1,-1,-1,1,-1,1,-1,1,1,-1,-1,1,1,-1,-1,1,-1,1,0,0,0,0,-1,1,0,0,-1,1,-1,0,1,-1,-1,1,0,0,-1,1,1,-1,-1,1,1,-1,1,-1,0,0,0,0,0,2,0,0,-1,1,1,-1,1,-1,0,0,1,-1,1,-1,1,-1,0,0,-1,1,1,-1,-1,1,1,-1,1,-1,-1,1,1,-1,-1,1,0,2,0,0,0,0,1,-1,-1,1,1,-1,-1,1,1,-1,-1,1,-1,1,-1,1,-1,1,-1,1,1,-1,0,0,0,2,1,-1,1,-1,-1,1,-1,1,-1,1,-1,1,0,0,-1,1,0,0,1,-1,-1,1,1,-1,1,-1,-1,1,0,0,-1,1,-1,1,0,2,-1,1,-1,1,-1,1,0,2,1,-1,-1,1,1,-1,-1,1,-1,1,-1,1,1,-1,-1,1,-1,1,0,2,1,-1,-1,1
NFLX,2016-01-19 16:13:20,AMC,0.08450534194483009,0.14486630047685156,,NQ,stopped_pre,-196.0,-82.93999999999869,-105.43999999999869,0,0,1,-1,-1,1,0,2,-1,1,1,-1,-1,1,-1,1,0,0,-1,1,1,-1,0,0,0,0,-1,1,0,0,1,-1,1,-1,1,-1,0,0,-1,1,0,0,0,0,1,-1,-1,1,0,0,0,-1,0,0,0,0,1,-1,-1,1,-1,1,-1,1,0,0,-1,1,-1,1,-1,1,0,0,-1,1,-1,1,1,-1,0,0,1,-1,1,-1,-1,1,1,-1,-1,1,0,0,1,-1,1,-1,-1,1,1,-1,0,0,-1,1,1,-1,1,-1,1,-1,1,-1,1,-1,0,0,1,-1,1,-1,0,0,0,0,0,0,0,0,0,0,0,0,0,0,0,0,1,-1,1,-1,-1,1,1,-1,1,-1,1,-1,1,-1,1,-1,1,-1,1,-1,-1,1,1,-1,0,0,0,0,-1,1,0,0,-1,1,1,0,-1,1,-1,1,0,0,1,-1,-1,1,-1,1,-1,1,-1,1,1,-1,0,0,0,0,0,0,1,-1,-1,1,-1,1,0,0,-1,1,-1,1,-1,1,0,0,1,-1,-1,1,1,-1,-1,1,-1,1,1,-1,-1,1,1,-1,0,0,0,0,0,0,-1,1,1,-1,-1,1,-1,1,1,-1,1,-1,1,-1,1,-1,-1,1,1,-1,-1,1,0,0,0,0,1,-1,1,-1,-1,1,1,-1,-1,1,1,-1,0,0,-1,1,0,0,0,0,1,-1,-1,1,-1,1,-1,1,0,0,-1,1,-1,1,0,0,1,-1,1,-1,-1,1,0,0,1,-1,-1,1,-1,1,1,-1,-1,1,-1,1,1,-1,0,0,-1,1,0,0,0,0,1,-1
AAPL,2016-01-26 16:31:06,AMC,0.18309609591872897,0.34849379799173064,,NQ,,,,,0,0,1,-1,1,-1,0,2,1,-1,1,-1,1,-1,1,-1,1,-1,1,-1,1,-1,0,0,0,0,1,-1,0,0,1,-1,1,-1,1,-1,0,0,0,0,1,-1,1,-1,1,-1,1,-1,0,2,0,-1,0,-1,0,0,1,-1,1,-1,1,-1,-1,1,0,0,1,-1,1,-1,1,-1,1,-1,1,-1,0,0,1,-1,0,0,1,-1,1,-1,1,-1,1,-1,1,-1,1,-1,1,-1,1,-1,1,-1,1,-1,1,-1,1,-1,1,-1,1,-1,1,-1,1,-1,1,-1,1,-1,1,-1,0,0,0,2,0,0,0,0,1,-1,0,0,0,2,1,-1,0,0,1,-1,1,-1,1,-1,0,0,1,-1,1,-1,1,-1,1,-1,1,-1,1,-1,1,-1,-1,1,0,0,0,0,1,-1,0,0,1,-1,1,0,1,-1,1,-1,0,0,1,-1,1,-1,1,-1,-1,1,1,-1,-1,1,0,0,0,0,0,0,1,-1,1,-1,1,-1,0,0,1,-1,1,-1,1,-1,0,0,1,-1,1,-1,1,-1,1,-1,1,-1,1,-1,-1,1,1,-1,0,0,0,0,0,0,1,-1,1,-1,1,-1,1,-1,-1,1,1,-1,-1,1,1,-1,1,-1,0,0,-1,1,0,0,0,2,-1,1,-1,1,1,-1,1,-1,1,-1,1,-1,0,0,-1,1,0,0,0,0,1,-1,-1,1,-1,1,1,-1,0,0,1,-1,1,-1,0,2,1,-1,1,-1,-1,1,0,0,1,-1,1,-1,1,-1,1,-1,1,-1,1,-1,-1,1,1,-1,1,-1,0,0,1,-1,1,-1
META,2016-01-27 16:07:50,AMC,0.0424216714138537,0.38790229710891566,,NQ,timed,429.0,270.0,247.5,0,0,1,-1,-1,1,0,2,-1,1,-1,1,-1,1,-1,1,0,0,1,-1,-1,1,0,0,0,0,-1,1,0,0,-1,1,-1,1,-1,1,0,0,0,0,0,0,0,0,-1,1,-1,1,0,2,0,1,0,0,0,0,-1,1,-1,1,-1,1,-1,1,0,0,-1,1,-1,1,1,-1,0,0,-1,1,-1,1,-1,1,0,0,-1,1,-1,1,-1,1,-1,1,-1,1,-1,1,-1,1,0,0,-1,1,-1,1,1,-1,-1,1,-1,1,-1,1,-1,1,1,-1,1,-1,-1,1,-1,1,0,0,0,0,0,0,0,0,-1,1,0,0,0,0,-1,1,0,0,-1,1,-1,1,0,0,1,-1,-1,1,-1,1,-1,1,-1,1,-1,1,-1,1,-1,1,-1,1,0,0,0,2,-1,1,-1,1,-1,1,-1,0,-1,1,-1,1,0,0,-1,1,-1,1,-1,1,1,-1,-1,1,1,-1,0,0,0,0,0,0,-1,1,-1,1,-1,1,-1,1,-1,1,-1,1,-1,1,0,0,-1,1,-1,1,-1,1,1,-1,-1,1,-1,1,-1,1,-1,1,0,0,0,0,0,0,-1,1,-1,1,-1,1,-1,1,-1,1,-1,1,-1,1,0,0,-1,1,-1,1,1,-1,0,0,0,2,1,-1,1,-1,-1,1,-1,1,1,-1,-1,1,0,0,1,-1,0,0,0,0,0,0,1,-1,-1,1,-1,1,0,2,-1,1,-1,1,0,2,-1,1,-1,1,1,-1,0,0,-1,1,-1,1,-1,1,0,0,-1,1,-1,1,1,-1,0,0,-1,1,0,0,0,0,-1,1
MSFT,2016-01-28 16:07:06,AMC,0.22879161900174605,0.1384791378168463,,NQ,stopped_pre,-258.0,-83.33000000000538,-105.83000000000538,0,2,-1,1,-1,1,0,2,0,0,-1,1,1,-1,-1,1,-1,1,-1,1,-1,1,0,0,0,0,-1,1,0,0,-1,1,-1,1,-1,1,0,-1,1,-1,1,-1,-1,1,-1,1,-1,1,0,0,0,-1,0,1,0,0,-1,1,-1,1,-1,1,1,-1,0,0,-1,1,1,-1,-1,1,-1,1,-1,1,1,-1,-1,1,0,0,-1,1,-1,1,-1,1,-1,1,-1,1,-1,1,-1,1,-1,1,-1,1,-1,1,0,0,-1,1,-1,1,-1,1,-1,1,-1,1,-1,1,-1,1,-1,1,0,0,0,0,0,0,0,0,-1,1,0,0,0,0,-1,1,0,2,-1,1,-1,1,-1,1,1,-1,-1,1,-1,1,-1,1,-1,1,-1,1,-1,1,-1,1,-1,1,0,2,0,2,-1,1,-1,1,-1,1,-1,0,-1,1,-1,1,0,0,-1,1,-1,1,-1,1,1,-1,-1,1,1,-1,0,0,0,0,0,0,-1,1,0,0,1,-1,0,0,1,-1,1,-1,-1,1,0,0,-1,1,-1,1,-1,1,-1,1,-1,1,0,0,-1,1,-1,1,0,0,0,0,0,0,-1,1,1,-1,1,-1,1,-1,-1,1,-1,1,1,-1,-1,1,-1,1,0,0,-1,1,0,2,0,0,1,-1,-1,1,-1,1,-1,1,-1,1,-1,1,0,0,1,-1,0,0,-1,1,-1,1,-1,1,-1,1,-1,1,0,0,-1,1,-1,1,0,0,-1,1,-1,1,1,-1,0,0,1,-1,-1,1,1,-1,-1,1,1,-1,-1,1,-1,1,-1,1,-1,1,0,0,-1,1,1,-1
GOOGL,2016-02-01 16:01:27,AMC,0.33294392523364486,0.280390209708511,,NQ,tp,8.0,342.2600000000057,319.7600000000057,0,0,-1,1,-1,1,0,2,0,0,-1,1,1,-1,-1,1,-1,1,-1,1,1,-1,0,0,0,2,-1,1,0,0,-1,1,-1,1,-1,1,0,0,0,0,1,-1,-1,1,-1,1,-1,1,0,2,0,1,0,1,0,0,-1,1,-1,1,-1,1,-1,1,0,0,-1,1,1,-1,-1,1,-1,1,-1,1,-1,1,-1,1,0,0,-1,1,-1,1,-1,1,-1,1,-1,1,-1,1,0,0,0,0,-1,1,0,0,1,-1,-1,1,-1,1,-1,1,-1,1,1,-1,-1,1,-1,1,-1,1,-1,1,0,0,0,0,0,0,0,0,0,0,0,0,-1,1,0,0,-1,1,0,0,-1,1,-1,1,-1,1,-1,1,-1,1,1,-1,-1,1,-1,1,-1,1,1,-1,0,2,0,0,-1,1,-1,1,-1,1,-1,0,-1,1,-1,1,0,0,-1,1,-1,1,-1,1,1,-1,-1,1,0,0,0,0,0,0,0,0,-1,1,1,-1,1,-1,1,-1,1,-1,1,-1,-1,1,0,0,-1,1,-1,1,1,-1,-1,1,-1,1,0,0,1,-1,-1,1,0,0,0,0,0,0,-1,1,-1,1,-1,1,-1,1,-1,1,-1,1,1,-1,-1,1,-1,1,0,0,1,-1,0,0,0,0,1,-1,1,-1,-1,1,-1,1,-1,1,-1,1,0,0,1,-1,0,0,0,0,-1,1,-1,1,-1,1,-1,1,0,0,-1,1,-1,1,0,0,1,-1,-1,1,1,-1,0,0,1,-1,-1,1,1,-1,-1,1,-1,1,-1,1,1,-1,-1,1,-1,1,0,0,-1,1,-1,1
TSLA,2016-02-10 16:44:07,AMC,0.025244556642473964,0.03786444528587656,,NQ,stopped_pre,-170.0,-80.0,-102.5,0,0,-1,1,1,-1,1,0,1,-1,-1,1,-1,1,1,-1,0,0,1,-1,-1,1,0,2,0,2,1,-1,0,0,-1,1,1,-1,-1,1,0,0,0,0,0,0,0,0,-1,1,1,-1,0,2,0,-1,0,-1,0,0,0,0,1,-1,1,-1,1,-1,0,0,1,-1,1,-1,1,-1,0,0,-1,1,-1,1,-1,1,0,0,1,-1,-1,1,1,-1,1,-1,1,-1,-1,1,0,0,-1,1,1,-1,0,0,1,-1,1,-1,-1,1,1,-1,-1,1,-1,1,1,-1,0,0,-1,1,0,0,0,2,0,2,0,0,0,0,0,0,0,2,0,0,0,0,1,-1,0,0,1,-1,0,0,-1,1,1,-1,1,-1,-1,1,1,-1,-1,1,1,-1,1,-1,0,0,0,0,1,-1,0,0,1,-1,1,0,1,-1,1,-1,0,0,1,-1,1,-1,-1,1,-1,1,-1,1,0,0,0,0,0,2,0,0,-1,1,1,-1,1,-1,0,0,1,-1,1,-1,1,-1,0,0,1,-1,-1,1,-1,1,1,-1,1,-1,0,0,1,-1,-1,1,0,2,0,0,0,0,1,-1,1,-1,-1,1,1,-1,-1,1,-1,1,-1,1,1,-1,1,-1,0,0,1,-1,0,0,0,0,-1,1,1,-1,-1,1,-1,1,-1,1,-1,1,0,0,-1,1,0,0,0,0,1,-1,1,-1,1,-1,1,-1,0,0,-1,1,1,-1,0,2,1,-1,-1,1,-1,1,0,2,1,-1,1,-1,-1,1,1,-1,-1,1,1,-1,1,-1,1,-1,1,-1,0,2,0,0,1,-1
AVGO,2016-03-03 16:07:38,AMC,0.005786032517502748,0.05786032517502748,,NQ,timed,441.0,15.0,-7.5,0,0,-1,1,1,-1,-1,0,0,0,-1,1,1,-1,1,-1,1,-1,1,-1,-1,1,0,0,0,0,1,-1,0,0,-1,1,-1,1,-1,1,0,-1,1,-1,0,0,-1,1,-1,1,1,-1,0,0,0,1,0,0,0,2,-1,1,1,-1,-1,1,-1,1,0,0,-1,1,0,0,-1,1,0,0,1,-1,-1,1,-1,1,0,0,-1,1,-1,1,-1,1,-1,1,-1,1,0,0,-1,1,-1,1,1,-1,0,0,1,-1,-1,1,-1,1,-1,1,1,-1,-1,1,-1,1,0,0,-1,1,0,0,0,0,0,0,0,0,1,-1,0,0,0,0,-1,1,0,2,-1,1,1,-1,1,-1,1,-1,-1,1,-1,1,-1,1,-1,1,-1,1,1,-1,-1,1,-1,1,0,0,0,2,-1,1,-1,1,-1,1,-1,0,-1,1,-1,1,0,0,-1,1,1,-1,-1,1,-1,1,1,-1,1,-1,0,0,0,0,0,0,-1,1,-1,1,-1,1,0,0,-1,1,-1,1,-1,1,0,0,-1,1,-1,1,1,-1,-1,1,-1,1,0,0,1,-1,-1,1,0,0,0,0,0,0,-1,1,-1,1,-1,1,-1,1,-1,1,1,-1,1,-1,0,0,-1,1,1,-1,1,-1,0,0,0,2,1,-1,-1,1,1,-1,-1,1,1,-1,-1,1,0,0,-1,1,0,0,-1,1,0,0,-1,1,-1,1,-1,1,0,2,1,-1,1,-1,0,0,1,-1,1,-1,1,-1,0,0,1,-1,-1,1,1,-1,0,0,1,-1,1,-1,-1,1,0,0,1,-1,0,0,-1,1,1,-1
MU,2016-03-30 16:01:23,AMC,0.011157601115760111,0.011157601115760111,,NQ,stopped_post,77.0,-89.67000000000553,-112.17000000000553,0,0,-1,1,-1,1,-1,0,-1,1,-1,1,-1,1,-1,1,-1,1,-1,1,-1,1,0,0,0,2,-1,1,0,0,-1,1,-1,1,-1,1,0,0,1,-1,1,-1,-1,1,-1,1,-1,1,0,0,0,1,0,1,0,0,-1,1,-1,1,-1,1,-1,1,0,0,-1,1,1,-1,-1,1,-1,1,-1,1,1,-1,-1,1,0,0,-1,1,-1,1,-1,1,-1,1,-1,1,0,0,-1,1,-1,1,-1,1,-1,1,-1,1,-1,1,-1,1,-1,1,-1,1,-1,1,-1,1,-1,1,-1,1,-1,1,0,0,0,0,0,0,-1,1,0,0,0,0,-1,1,0,0,-1,1,-1,1,-1,1,1,-1,-1,1,-1,1,-1,1,-1,1,-1,1,-1,1,-1,1,1,-1,0,2,0,0,-1,1,-1,1,-1,1,-1,0,-1,1,-1,1,0,0,-1,1,-1,1,-1,1,1,-1,-1,1,1,-1,0,0,0,0,0,0,-1,1,0,0,1,-1,1,-1,1,-1,1,-1,-1,1,0,0,-1,1,1,-1,-1,1,-1,1,-1,1,0,0,1,-1,-1,1,0,0,0,0,0,0,-1,1,-1,1,-1,1,-1,1,-1,1,-1,1,1,-1,-1,1,-1,1,0,0,1,-1,0,0,0,0,1,-1,1,-1,-1,1,-1,1,-1,1,-1,1,0,0,1,-1,0,0,-1,1,-1,1,-1,1,-1,1,-1,1,0,0,-1,1,-1,1,0,0,-1,1,-1,1,1,-1,0,0,1,-1,-1,1,-1,1,-1,1,-1,1,1,-1,1,-1,-1,1,-1,1,0,0,-1,1,-1,1
NFLX,2016-04-18 16:11:43,AMC,0.027487630566245192,0.005497526113249038,,NQ,stopped_pre,-140.0,-90.9900000000016,-113.4900000000016,0,2,-1,1,-1,1,0,2,1,-1,-1,1,1,-1,1,-1,0,0,-1,1,-1,1,0,0,0,0,1,-1,0,0,-1,1,-1,1,-1,1,0,-1,1,-1,1,-1,-1,1,-1,1,-1,1,0,0,0,1,0,1,0,0,-1,1,1,-1,-1,1,1,-1,0,0,-1,1,1,-1,-1,1,0,0,1,-1,1,-1,-1,1,0,2,-1,1,-1,1,-1,1,-1,1,-1,1,-1,1,-1,1,-1,1,1,-1,0,0,1,-1,-1,1,-1,1,-1,1,1,-1,-1,1,-1,1,-1,1,-1,1,0,0,0,0,0,0,0,0,0,0,0,0,0,0,-1,1,0,2,-1,1,-1,1,0,0,1,-1,-1,1,-1,1,-1,1,-1,1,-1,1,-1,1,-1,1,-1,1,0,0,0,2,-1,1,-1,1,-1,1,-1,0,-1,1,-1,1,0,0,-1,1,1,-1,-1,1,-1,1,1,-1,1,-1,0,0,0,0,0,0,-1,1,1,-1,1,-1,1,-1,1,-1,1,-1,-1,1,0,0,-1,1,1,-1,1,-1,-1,1,-1,1,0,0,-1,1,-1,1,0,0,0,0,0,0,-1,1,-1,1,1,-1,-1,1,-1,1,1,-1,1,-1,0,0,-1,1,0,0,-1,1,0,2,0,0,1,-1,1,-1,1,-1,-1,1,-1,1,-1,1,0,0,1,-1,0,0,-1,1,0,0,-1,1,-1,1,-1,1,0,0,1,-1,1,-1,0,0,-1,1,-1,1,1,-1,0,0,-1,1,-1,1,1,-1,0,0,1,-1,1,-1,1,-1,0,0,-1,1,0,0,-1,1,1,-1
INTC,2016-04-19 16:09:01,AMC,0.011032048099729715,0.07170831264824315,,NQ,stopped_pre,-204.0,-90.69499999999607,-113.19499999999607,0,0,1,-1,1,-1,0,2,0,0,-1,1,-1,1,1,-1,0,0,1,-1,-1,1,0,0,0,2,1,-1,0,0,1,-1,1,-1,1,-1,0,0,1,-1,0,0,1,-1,1,-1,1,-1,0,0,0,-1,0,-1,0,0,0,0,1,-1,1,-1,1,-1,0,0,1,-1,-1,1,1,-1,1,-1,1,-1,1,-1,1,-1,0,0,1,-1,1,-1,1,-1,1,-1,1,-1,1,-1,0,0,0,0,1,-1,1,-1,0,0,-1,1,1,-1,1,-1,1,-1,1,-1,1,-1,0,0,1,-1,1,-1,0,0,0,0,0,0,1,-1,0,0,0,0,1,-1,0,0,1,-1,1,-1,0,0,-1,1,1,-1,1,-1,1,-1,1,-1,1,-1,1,-1,1,-1,-1,1,0,0,0,2,1,-1,1,-1,1,-1,1,0,1,-1,-1,1,0,0,1,-1,1,-1,1,-1,1,-1,1,-1,-1,1,0,0,0,0,0,0,1,-1,-1,1,-1,1,0,0,-1,1,-1,1,1,-1,0,0,1,-1,0,0,-1,1,1,-1,1,-1,1,-1,1,-1,1,-1,0,0,0,0,0,0,1,-1,1,-1,-1,1,1,-1,1,-1,1,-1,-1,1,0,0,1,-1,1,-1,-1,1,0,0,0,0,1,-1,1,-1,-1,1,1,-1,1,-1,1,-1,0,0,-1,1,0,0,1,-1,0,0,-1,1,1,-1,1,-1,0,0,1,-1,1,-1,0,0,-1,1,1,-1,1,-1,0,0,-1,1,1,-1,-1,1,0,0,-1,1,1,-1,1,-1,0,0,1,-1,0,0,1,-1,1,-1
GOOGL,2016-04-21 16:01:58,AMC,0.03303055326176713,1.1450591797412606,,NQ,stopped_post,20.0,-90.66000000000713,-113.16000000000713,0,0,-1,1,1,-1,0,2,1,-1,-1,1,1,-1,1,-1,1,-1,1,-1,-1,1,0,0,0,2,1,-1,0,0,-1,1,-1,1,0,0,0,0,0,0,0,0,0,0,-1,1,1,-1,0,0,0,-1,0,0,0,2,0,0,-1,1,1,-1,1,-1,0,0,1,-1,-1,1,1,-1,0,0,1,-1,1,-1,-1,1,0,2,1,-1,-1,1,1,-1,1,-1,1,-1,0,0,-1,1,1,-1,1,-1,1,-1,0,0,1,-1,-1,1,1,-1,1,-1,-1,1,-1,1,0,0,-1,1,0,0,0,0,0,0,0,0,1,-1,0,0,0,0,0,0,0,2,1,-1,1,-1,1,-1,1,-1,-1,1,1,-1,1,-1,-1,1,1,-1,-1,1,1,-1,-1,1,0,0,0,0,-1,1,0,0,1,-1,1,0,-1,1,1,-1,0,0,1,-1,1,-1,0,0,1,-1,1,-1,-1,1,0,0,0,0,0,0,-1,1,-1,1,-1,1,0,0,-1,1,-1,1,-1,1,0,0,-1,1,0,0,-1,1,-1,1,1,-1,1,-1,1,-1,0,0,0,0,0,0,0,0,-1,1,1,-1,-1,1,1,-1,1,-1,1,-1,1,-1,1,-1,-1,1,1,-1,1,-1,0,0,0,0,1,-1,-1,1,1,-1,-1,1,1,-1,-1,1,0,0,-1,1,0,0,0,0,0,0,-1,1,1,-1,1,-1,0,0,1,-1,-1,1,0,0,-1,1,1,-1,1,-1,0,0,-1,1,1,-1,1,-1,1,-1,1,-1,1,-1,-1,1,0,0,-1,1,0,0,0,0,1,-1
MSFT,2016-04-21 16:07:06,AMC,0.050016672224074694,0.09448643841707426,,NQ,stopped_pre,-291.0,-90.76999999999316,-113.26999999999316,0,2,1,-1,1,-1,0,2,1,-1,1,-1,1,-1,1,-1,1,-1,1,-1,1,-1,0,0,0,2,1,-1,0,0,1,-1,1,-1,1,-1,0,1,-1,1,0,0,1,-1,1,-1,1,-1,0,0,0,-1,0,-1,0,0,1,-1,1,-1,-1,1,-1,1,0,0,1,-1,0,0,1,-1,1,-1,1,-1,-1,1,1,-1,0,0,1,-1,1,-1,1,-1,1,-1,1,-1,1,-1,1,-1,0,0,1,-1,1,-1,1,-1,1,-1,1,-1,1,-1,1,-1,1,-1,1,-1,1,-1,1,-1,1,-1,0,0,0,0,0,0,1,-1,0,0,0,0,1,-1,0,0,1,-1,1,-1,1,-1,1,-1,1,-1,1,-1,1,-1,1,-1,1,-1,1,-1,1,-1,-1,1,0,2,0,0,1,-1,1,-1,1,-1,1,0,1,-1,1,-1,0,0,1,-1,-1,1,1,-1,1,-1,1,-1,0,0,0,2,0,0,0,0,1,-1,0,0,-1,1,0,0,1,-1,1,-1,1,-1,0,0,1,-1,-1,1,-1,1,1,-1,1,-1,1,-1,-1,1,1,-1,0,0,0,0,0,0,1,-1,-1,1,-1,1,-1,1,1,-1,-1,1,-1,1,1,-1,1,-1,1,-1,-1,1,0,2,0,0,-1,1,-1,1,1,-1,1,-1,1,-1,1,-1,0,0,-1,1,0,0,1,-1,1,-1,-1,1,1,-1,1,-1,0,0,1,-1,1,-1,0,0,1,-1,1,-1,1,-1,0,0,-1,1,1,-1,1,-1,1,-1,-1,1,-1,1,-1,1,1,-1,1,-1,0,0,1,-1,-1,1
AAPL,2016-04-26 16:31:09,AMC,0.016937669376693765,0.1354784081287045,,NQ,,,,,0,0,-1,1,1,-1,1,0,1,-1,1,-1,-1,1,1,-1,1,-1,1,-1,1,-1,0,0,0,2,1,-1,0,0,-1,1,1,-1,1,-1,0,0,1,-1,0,0,0,0,-1,1,-1,1,0,0,0,-1,0,-1,0,2,0,0,1,-1,0,0,-1,1,0,0,1,-1,-1,1,-1,1,0,0,1,-1,-1,1,-1,1,0,0,1,-1,1,-1,-1,1,1,-1,1,-1,0,0,0,0,-1,1,1,-1,1,-1,1,-1,1,-1,-1,1,1,-1,1,-1,-1,1,1,-1,0,0,1,-1,0,0,0,0,0,0,0,0,1,-1,0,0,0,0,-1,1,0,0,1,-1,1,-1,1,-1,0,0,-1,1,1,-1,1,-1,-1,1,1,-1,-1,1,1,-1,1,-1,0,0,0,0,-1,1,0,0,1,-1,1,0,-1,1,1,-1,0,0,1,-1,1,-1,1,-1,1,-1,1,-1,-1,1,0,0,0,0,0,0,1,-1,-1,1,-1,1,0,0,-1,1,-1,1,-1,1,0,0,1,-1,-1,1,1,-1,1,-1,-1,1,1,-1,-1,1,-1,1,0,0,0,0,0,0,-1,1,1,-1,1,-1,0,0,-1,1,1,-1,1,-1,1,-1,1,-1,1,-1,-1,1,0,0,0,0,-1,1,1,-1,1,-1,-1,1,1,-1,-1,1,0,0,1,-1,0,0,0,0,1,-1,-1,1,1,-1,-1,1,0,0,1,-1,1,-1,0,0,-1,1,1,-1,-1,1,0,0,-1,1,1,-1,-1,1,1,-1,1,-1,1,-1,1,-1,1,-1,1,-1,0,0,0,0,1,-1
AMZN,2016-04-28 16:08:22,AMC,0.017126220243192325,0.11988354170234629,,NQ,timed,397.0,70.0,47.5,0,2,1,-1,1,-1,1,0,-1,1,1,-1,-1,1,1,-1,0,0,1,-1,1,-1,0,0,0,2,1,-1,0,0,1,-1,1,-1,1,-1,0,1,0,0,-1,1,1,-1,1,-1,1,-1,0,0,0,-1,0,-1,0,0,1,-1,1,-1,1,-1,-1,1,0,0,1,-1,-1,1,1,-1,1,-1,1,-1,-1,1,1,-1,0,0,1,-1,1,-1,1,-1,1,-1,1,-1,1,-1,1,-1,0,0,1,-1,0,0,-1,1,1,-1,1,-1,1,-1,-1,1,1,-1,1,-1,1,-1,1,-1,1,-1,0,0,0,0,0,0,0,0,0,0,0,0,1,-1,0,0,1,-1,1,-1,0,0,1,-1,1,-1,1,-1,1,-1,1,-1,1,-1,1,-1,1,-1,1,-1,0,2,0,2,1,-1,1,-1,1,-1,1,0,1,-1,1,-1,0,0,1,-1,1,-1,1,-1,1,-1,1,-1,-1,1,0,0,0,0,0,0,-1,1,-1,1,-1,1,0,0,-1,1,-1,1,1,-1,0,0,1,-1,1,-1,-1,1,1,-1,1,-1,0,0,1,-1,1,-1,0,0,0,0,0,0,1,-1,-1,1,-1,1,-1,1,1,-1,1,-1,-1,1,0,0,1,-1,0,0,-1,1,0,2,0,0,-1,1,-1,1,1,-1,1,-1,1,-1,1,-1,0,0,-1,1,0,0,1,-1,0,0,1,-1,1,-1,1,-1,0,0,1,-1,1,-1,0,0,-1,1,1,-1,1,-1,0,0,1,-1,1,-1,-1,1,0,0,-1,1,1,-1,-1,1,0,0,1,-1,0,0,1,-1,-1,1
TSLA,2016-05-04 16:11:22,AMC,0.011607661056297156,0.046430644225188625,,NQ,timed,217.0,45.0,22.5,0,0,1,-1,1,-1,0,2,-1,1,1,-1,-1,1,-1,1,-1,1,-1,1,1,-1,0,0,0,2,-1,1,0,0,1,-1,1,-1,1,-1,0,0,-1,1,0,0,0,0,1,-1,1,-1,0,0,0,-1,0,0,0,0,1,-1,1,-1,1,-1,1,-1,0,0,-1,1,-1,1,-1,1,0,0,-1,1,1,-1,1,-1,0,2,1,-1,1,-1,-1,1,1,-1,1,-1,0,0,1,-1,1,-1,-1,1,1,-1,-1,1,1,-1,1,-1,1,-1,1,-1,1,-1,1,-1,0,0,1,-1,0,0,0,0,0,0,0,0,0,0,0,0,0,0,0,0,0,2,1,-1,1,-1,-1,1,1,-1,1,-1,1,-1,1,-1,1,-1,1,-1,1,-1,-1,1,1,-1,0,0,0,0,-1,1,0,0,1,-1,1,0,1,-1,-1,1,0,0,1,-1,-1,1,1,-1,1,-1,-1,1,1,-1,0,0,0,0,0,0,1,-1,-1,1,-1,1,-1,1,-1,1,-1,1,1,-1,0,0,1,-1,-1,1,-1,1,-1,1,1,-1,1,-1,-1,1,1,-1,0,0,0,0,0,0,1,-1,1,-1,-1,1,1,-1,1,-1,1,-1,1,-1,0,0,-1,1,1,-1,-1,1,0,0,0,0,-1,1,-1,1,-1,1,1,-1,-1,1,1,-1,0,0,-1,1,0,0,0,0,0,0,-1,1,-1,1,-1,1,0,0,-1,1,-1,1,0,0,1,-1,1,-1,-1,1,0,0,-1,1,-1,1,-1,1,0,0,1,-1,-1,1,-1,1,0,0,-1,1,0,0,0,0,1,-1
NVDA,2016-05-12 16:39:07,AMC,0.005764020981036371,0.005764353239566521,,NQ,timed,829.0,0.0,-22.5,0,0,1,-1,1,-1,-1,0,-1,1,1,-1,-1,1,-1,1,0,0,1,-1,1,-1,0,2,0,0,-1,1,0,0,1,-1,1,-1,1,-1,0,0,-1,1,-1,1,0,0,1,-1,1,-1,0,2,0,-1,0,0,0,0,0,0,1,-1,-1,1,-1,1,0,0,-1,1,-1,1,1,-1,0,0,1,-1,-1,1,1,-1,0,0,-1,1,1,-1,1,-1,1,-1,-1,1,0,0,1,-1,0,0,-1,1,-1,1,-1,1,-1,1,1,-1,-1,1,-1,1,1,-1,1,-1,0,0,1,-1,1,-1,0,0,0,0,0,0,-1,1,0,0,0,2,1,-1,0,0,-1,1,-1,1,-1,1,0,0,1,-1,-1,1,-1,1,1,-1,-1,1,1,-1,1,-1,-1,1,0,0,0,2,-1,1,1,-1,1,-1,1,0,1,-1,-1,1,0,0,1,-1,1,-1,-1,1,-1,1,1,-1,-1,1,0,0,0,0,0,0,1,-1,-1,1,-1,1,-1,1,-1,1,-1,1,1,-1,0,0,-1,1,1,-1,1,-1,1,-1,1,-1,-1,1,-1,1,1,-1,0,0,0,0,0,0,1,-1,-1,1,1,-1,-1,1,-1,1,1,-1,-1,1,0,0,-1,1,0,0,1,-1,0,0,0,2,-1,1,1,-1,1,-1,1,-1,-1,1,1,-1,0,0,-1,1,0,0,1,-1,0,0,1,-1,1,-1,1,-1,0,0,1,-1,1,-1,0,0,1,-1,-1,1,-1,1,0,2,-1,1,0,0,-1,1,-1,1,1,-1,-1,1,1,-1,0,0,1,-1,0,0,1,-1,1,-1
AVGO,2016-06-02 16:07:32,AMC,0.0055160240498648575,0.011032048099729715,,NQ,timed,447.0,5.0,-17.5,0,2,1,-1,1,-1,0,2,1,-1,1,-1,1,-1,1,-1,0,0,1,-1,1,-1,0,0,0,0,1,-1,0,0,1,-1,1,-1,1,-1,0,1,0,0,0,0,1,-1,1,-1,1,-1,0,0,0,-1,0,-1,0,0,1,-1,1,-1,-1,1,-1,1,0,0,1,-1,1,-1,1,-1,1,-1,1,-1,-1,1,1,-1,0,2,1,-1,1,-1,1,-1,1,-1,1,-1,1,-1,1,-1,0,0,1,-1,1,-1,1,-1,1,-1,1,-1,1,-1,1,-1,1,-1,1,-1,1,-1,1,-1,1,-1,0,0,0,0,0,0,1,-1,0,0,0,0,1,-1,0,0,1,-1,1,-1,1,-1,0,0,1,-1,1,-1,1,-1,-1,1,1,-1,1,-1,1,-1,-1,1,0,2,0,0,1,-1,1,-1,1,-1,1,0,1,-1,1,-1,0,0,1,-1,-1,1,1,-1,1,-1,1,-1,0,0,0,0,0,0,0,0,-1,1,1,-1,1,-1,1,-1,1,-1,1,-1,1,-1,0,0,1,-1,1,-1,1,-1,1,-1,1,-1,1,-1,-1,1,1,-1,0,0,0,0,0,0,1,-1,-1,1,-1,1,-1,1,1,-1,1,-1,-1,1,1,-1,1,-1,1,-1,-1,1,0,2,0,0,-1,1,-1,1,-1,1,1,-1,1,-1,1,-1,0,0,-1,1,0,0,1,-1,1,-1,-1,1,1,-1,1,-1,0,0,1,-1,1,-1,0,2,1,-1,1,-1,1,-1,0,0,-1,1,1,-1,1,-1,1,-1,-1,1,1,-1,-1,1,1,-1,1,-1,0,0,1,-1,-1,1
MU,2016-06-30 16:00:31,AMC,0.11339154099104205,0.18140589569160998,,NQ,timed,868.0,40.0,17.5,0,0,1,-1,1,-1,0,2,-1,1,1,-1,1,-1,-1,1,0,0,-1,1,1,-1,0,0,0,2,-1,1,0,0,1,-1,1,-1,1,-1,0,0,-1,1,1,-1,0,0,1,-1,1,-1,0,0,0,-1,0,0,0,0,1,-1,-1,1,-1,1,1,-1,0,0,-1,1,1,-1,1,-1,0,0,1,-1,-1,1,1,-1,0,0,1,-1,1,-1,-1,1,-1,1,-1,1,1,-1,1,-1,1,-1,-1,1,0,0,-1,1,-1,1,1,-1,1,-1,-1,1,1,-1,1,-1,1,-1,1,-1,0,0,0,0,0,0,0,0,-1,1,0,0,0,0,0,0,0,2,-1,1,0,0,-1,1,1,-1,1,-1,1,-1,1,-1,1,-1,1,-1,1,-1,-1,1,1,-1,0,0,0,0,-1,1,0,0,-1,1,1,0,1,-1,-1,1,0,0,1,-1,1,-1,1,-1,1,-1,1,-1,0,0,0,0,0,0,0,0,1,-1,1,-1,1,-1,1,-1,1,-1,1,-1,1,-1,0,0,1,-1,-1,1,1,-1,1,-1,1,-1,1,-1,-1,1,1,-1,0,0,0,0,0,0,1,-1,1,-1,-1,1,-1,1,1,-1,-1,1,1,-1,0,0,-1,1,0,0,-1,1,0,0,0,0,-1,1,1,-1,-1,1,1,-1,-1,1,1,-1,0,0,-1,1,0,0,0,0,0,0,1,-1,-1,1,-1,1,0,0,1,-1,-1,1,0,0,1,-1,1,-1,1,-1,0,0,-1,1,-1,1,1,-1,0,0,1,-1,-1,1,1,-1,0,0,-1,1,0,0,0,0,1,-1
NFLX,2016-07-18 16:05:15,AMC,0.021713169037020953,0.07599609162957334,,NQ,stopped_pre,-175.0,-92.25500000000466,-114.75500000000466,0,2,-1,1,-1,1,0,2,-1,1,-1,1,1,-1,-1,1,-1,1,-1,1,-1,1,0,0,0,2,-1,1,0,0,-1,1,-1,1,-1,1,0,-1,1,-1,0,0,-1,1,-1,1,-1,1,0,0,0,1,0,1,0,0,-1,1,-1,1,1,-1,1,-1,0,0,-1,1,1,-1,-1,1,-1,1,-1,1,1,-1,-1,1,0,0,-1,1,-1,1,-1,1,-1,1,-1,1,-1,1,-1,1,-1,1,-1,1,-1,1,-1,1,-1,1,-1,1,-1,1,-1,1,-1,1,-1,1,-1,1,-1,1,0,0,0,0,0,0,-1,1,-1,1,0,0,0,0,-1,1,0,2,-1,1,-1,1,-1,1,1,-1,-1,1,-1,1,-1,1,1,-1,-1,1,-1,1,-1,1,1,-1,0,2,0,0,-1,1,-1,1,-1,1,-1,0,-1,1,-1,1,0,0,-1,1,1,-1,-1,1,-1,1,-1,1,1,-1,0,0,0,0,0,0,-1,1,1,-1,1,-1,1,-1,1,-1,1,-1,-1,1,0,0,-1,1,1,-1,1,-1,-1,1,-1,1,-1,1,1,-1,-1,1,0,0,0,0,0,0,-1,1,1,-1,1,-1,1,-1,-1,1,-1,1,1,-1,-1,1,-1,1,0,0,1,-1,0,2,0,0,1,-1,1,-1,-1,1,-1,1,-1,1,-1,1,0,0,1,-1,0,0,-1,1,-1,1,1,-1,-1,1,-1,1,0,0,-1,1,-1,1,0,0,-1,1,-1,1,1,-1,0,0,1,-1,-1,1,1,-1,-1,1,1,-1,-1,1,1,-1,-1,1,-1,1,0,0,-1,1,1,-1
MSFT,2016-07-19 16:06:56,AMC,0.010848928668294006,0.059669107675617034,,NQ,timed,483.0,185.0,162.5,0,0,1,-1,1,-1,0,2,1,-1,1,-1,-1,1,1,-1,1,-1,1,-1,-1,1,0,0,0,0,1,-1,0,0,1,-1,1,-1,1,-1,0,0,1,-1,0,0,1,-1,1,-1,1,-1,0,0,0,-1,0,0,0,0,0,0,1,-1,1,-1,1,-1,0,0,1,-1,-1,1,1,-1,1,-1,1,-1,-1,1,1,-1,0,2,1,-1,1,-1,-1,1,-1,1,1,-1,0,0,1,-1,1,-1,1,-1,1,-1,0,0,1,-1,1,-1,1,-1,1,-1,1,-1,1,-1,1,-1,1,-1,1,-1,0,0,0,0,0,0,1,-1,0,0,0,0,0,0,0,2,1,-1,1,-1,1,-1,-1,1,1,-1,1,-1,1,-1,1,-1,1,-1,1,-1,-1,1,1,-1,0,0,0,2,1,-1,1,-1,1,-1,1,0,1,-1,1,-1,0,0,1,-1,1,-1,0,0,-1,1,1,-1,-1,1,0,0,0,0,0,0,1,-1,0,0,-1,1,0,0,-1,1,-1,1,1,-1,0,0,1,-1,-1,1,1,-1,1,-1,-1,1,1,-1,1,-1,1,-1,0,0,0,0,0,0,1,-1,1,-1,-1,1,1,-1,1,-1,1,-1,1,-1,1,-1,-1,1,0,0,1,-1,0,0,0,0,1,-1,-1,1,-1,1,1,-1,1,-1,1,-1,0,0,-1,1,0,0,1,-1,1,-1,-1,1,1,-1,1,-1,0,2,1,-1,1,-1,0,0,-1,1,1,-1,1,-1,0,0,1,-1,1,-1,-1,1,1,-1,1,-1,1,-1,-1,1,1,-1,1,-1,0,0,1,-1,1,-1
INTC,2016-07-20 16:07:55,AMC,0.021518102103394478,0.11297003604282102,,NQ,timed,424.0,70.0,47.5,0,2,-1,1,-1,1,-1,0,0,0,-1,1,1,-1,-1,1,0,0,-1,1,1,-1,0,0,0,2,-1,1,0,0,-1,1,-1,1,-1,1,0,-1,1,-1,0,0,-1,1,-1,1,-1,1,0,0,0,-1,0,1,0,0,0,0,-1,1,-1,1,1,-1,0,0,-1,1,1,-1,-1,1,-1,1,-1,1,1,-1,-1,1,0,0,-1,1,-1,1,-1,1,-1,1,-1,1,-1,1,-1,1,0,0,-1,1,0,0,1,-1,-1,1,-1,1,-1,1,-1,1,-1,1,-1,1,-1,1,-1,1,-1,1,0,0,0,0,0,0,-1,1,0,0,0,0,-1,1,0,0,-1,1,-1,1,-1,1,1,-1,-1,1,-1,1,-1,1,-1,1,-1,1,-1,1,-1,1,1,-1,0,0,0,0,-1,1,-1,1,-1,1,-1,0,-1,1,-1,1,0,0,-1,1,-1,1,-1,1,-1,1,-1,1,0,0,0,0,0,0,0,0,-1,1,1,-1,1,-1,1,-1,1,-1,1,-1,-1,1,0,0,-1,1,1,-1,1,-1,-1,1,-1,1,0,0,1,-1,-1,1,0,0,0,0,0,0,-1,1,-1,1,1,-1,1,-1,-1,1,-1,1,1,-1,0,0,-1,1,-1,1,1,-1,0,2,0,0,-1,1,-1,1,1,-1,-1,1,-1,1,-1,1,0,0,1,-1,0,0,-1,1,0,0,-1,1,-1,1,-1,1,0,0,-1,1,-1,1,0,0,-1,1,-1,1,1,-1,0,0,1,-1,-1,1,1,-1,0,0,1,-1,-1,1,-1,1,0,0,-1,1,0,0,-1,1,1,-1
AAPL,2016-07-26 16:30:55,AMC,0.4128907716231433,0.4824443848834093,,NQ,,,,,0,0,1,-1,1,-1,0,2,-1,1,-1,1,1,-1,-1,1,0,0,-1,1,1,-1,0,0,0,0,-1,1,0,0,1,-1,1,-1,0,0,0,0,0,0,0,0,0,0,1,-1,1,-1,0,2,0,-1,0,0,0,0,0,0,1,-1,-1,1,-1,1,0,0,-1,1,1,-1,1,-1,0,0,-1,1,-1,1,1,-1,0,2,-1,1,1,-1,-1,1,1,-1,-1,1,1,-1,1,-1,1,-1,-1,1,1,-1,0,0,1,-1,1,-1,-1,1,-1,1,-1,1,-1,1,0,0,-1,1,1,-1,0,0,0,0,0,0,0,0,0,0,0,0,1,-1,0,2,-1,1,0,0,-1,1,1,-1,1,-1,1,-1,1,-1,1,-1,1,-1,1,-1,-1,1,-1,1,0,0,0,2,1,-1,0,0,-1,1,0,0,1,-1,-1,1,0,0,1,-1,1,-1,1,-1,1,-1,-1,1,0,0,0,0,0,0,0,0,1,-1,0,0,1,-1,1,-1,1,-1,1,-1,1,-1,0,0,1,-1,1,-1,1,-1,-1,1,1,-1,0,0,1,-1,1,-1,0,0,0,0,0,0,1,-1,-1,1,1,-1,-1,1,-1,1,1,-1,-1,1,0,0,1,-1,0,0,1,-1,0,0,0,0,-1,1,1,-1,-1,1,1,-1,-1,1,1,-1,0,0,1,-1,0,0,0,0,0,0,-1,1,-1,1,1,-1,0,0,-1,1,1,-1,0,2,1,-1,1,-1,-1,1,0,0,1,-1,-1,1,1,-1,0,0,-1,1,1,-1,1,-1,0,0,1,-1,0,0,0,0,0,0
META,2016-07-27 16:13:39,AMC,0.0318606627017842,0.06903510169401518,,NQ,stopped_pre,-239.0,-94.22500000000582,-116.72500000000582,0,2,1,-1,1,-1,1,0,-1,1,1,-1,1,-1,1,-1,0,0,1,-1,1,-1,0,0,0,0,-1,1,0,0,1,-1,1,-1,1,-1,0,1,1,-1,-1,1,1,-1,1,-1,1,-1,0,0,0,-1,0,-1,0,0,1,-1,1,-1,1,-1,-1,1,0,0,1,-1,1,-1,1,-1,0,0,1,-1,1,-1,1,-1,0,2,1,-1,1,-1,1,-1,1,-1,1,-1,1,-1,1,-1,1,-1,1,-1,0,0,-1,1,1,-1,1,-1,1,-1,-1,1,1,-1,1,-1,1,-1,1,-1,1,-1,0,0,0,0,0,0,0,0,0,0,0,0,1,-1,0,0,1,-1,1,-1,0,0,0,0,1,-1,1,-1,1,-1,1,-1,1,-1,1,-1,1,-1,1,-1,0,2,0,2,1,-1,1,-1,1,-1,1,0,1,-1,1,-1,0,2,1,-1,1,-1,1,-1,-1,1,1,-1,-1,1,0,0,0,0,0,0,1,-1,1,-1,1,-1,1,-1,1,-1,1,-1,1,-1,0,0,1,-1,1,-1,1,-1,1,-1,1,-1,1,-1,1,-1,1,-1,0,0,0,0,0,0,1,-1,1,-1,-1,1,1,-1,1,-1,1,-1,-1,1,0,0,1,-1,1,-1,-1,1,0,2,0,0,-1,1,-1,1,-1,1,1,-1,1,-1,1,-1,0,0,-1,1,0,0,1,-1,0,0,1,-1,1,-1,1,-1,0,0,1,-1,1,-1,0,0,1,-1,1,-1,1,-1,0,0,1,-1,1,-1,1,-1,0,0,-1,1,-1,1,-1,1,0,0,1,-1,0,0,1,-1,-1,1
GOOGL,2016-07-28 16:01:07,AMC,0.24901981561937053,0.13245734873370774,,NQ,stopped_pre,-146.0,-94.36499999999796,-116.86499999999796,0,0,-1,1,1,-1,1,0,1,-1,-1,1,1,-1,1,-1,1,-1,1,-1,1,-1,0,0,0,0,1,-1,0,0,-1,1,1,-1,0,0,0,0,1,-1,-1,1,0,0,-1,1,1,-1,0,0,0,-1,0,-1,0,0,0,0,1,-1,1,-1,1,-1,0,0,1,-1,1,-1,-1,1,0,0,1,-1,-1,1,-1,1,0,0,1,-1,1,-1,1,-1,1,-1,1,-1,0,0,0,0,-1,1,1,-1,1,-1,1,-1,1,-1,-1,1,1,-1,1,-1,-1,1,-1,1,0,0,-1,1,0,0,0,0,0,0,0,0,1,-1,0,0,0,0,-1,1,0,2,1,-1,1,-1,1,-1,1,-1,-1,1,1,-1,1,-1,-1,1,1,-1,-1,1,1,-1,1,-1,0,0,0,0,1,-1,0,0,1,-1,1,0,-1,1,1,-1,0,0,1,-1,1,-1,1,-1,1,-1,1,-1,0,0,0,0,0,0,0,0,1,-1,0,0,1,-1,1,-1,1,-1,1,-1,-1,1,0,0,-1,1,1,-1,1,-1,-1,1,-1,1,1,-1,-1,1,-1,1,0,0,0,0,0,0,-1,1,1,-1,1,-1,1,-1,-1,1,1,-1,1,-1,1,-1,1,-1,1,-1,1,-1,0,0,0,0,-1,1,1,-1,1,-1,-1,1,1,-1,-1,1,0,0,-1,1,0,0,0,0,1,-1,-1,1,1,-1,-1,1,0,0,1,-1,1,-1,0,0,1,-1,1,-1,1,-1,0,0,-1,1,1,-1,1,-1,1,-1,1,-1,1,-1,1,-1,1,-1,1,-1,0,0,0,0,1,-1
AMZN,2016-07-28 16:09:16,AMC,0.03180324393088095,0.2014098690835851,,NQ,stopped_pre,-200.0,-94.4800000000032,-116.9800000000032,0,0,1,-1,-1,1,1,0,1,-1,1,-1,1,-1,1,-1,0,0,-1,1,1,-1,0,0,0,0,1,-1,0,0,1,-1,1,-1,1,-1,0,0,0,0,-1,1,1,-1,1,-1,-1,1,0,0,0,-1,0,-1,0,0,0,0,-1,1,1,-1,1,-1,0,0,-1,1,1,-1,1,-1,1,-1,-1,1,1,-1,-1,1,0,2,1,-1,1,-1,-1,1,1,-1,1,-1,0,0,1,-1,0,0,1,-1,1,-1,1,-1,1,-1,1,-1,1,-1,1,-1,1,-1,1,-1,0,0,1,-1,0,0,0,0,0,0,0,0,1,-1,0,0,0,0,0,0,0,2,1,-1,1,-1,0,0,0,0,1,-1,1,-1,1,-1,-1,1,1,-1,1,-1,-1,1,1,-1,0,2,0,2,1,-1,0,0,1,-1,1,0,1,-1,-1,1,0,2,1,-1,-1,1,1,-1,1,-1,-1,1,0,0,0,0,0,0,0,0,1,-1,1,-1,1,-1,1,-1,1,-1,1,-1,1,-1,0,0,-1,1,-1,1,-1,1,1,-1,1,-1,1,-1,1,-1,1,-1,0,0,0,0,0,0,1,-1,1,-1,-1,1,1,-1,1,-1,-1,1,-1,1,1,-1,-1,1,1,-1,1,-1,0,0,0,0,1,-1,1,-1,1,-1,1,-1,1,-1,1,-1,0,0,1,-1,0,0,1,-1,1,-1,-1,1,-1,1,-1,1,0,0,-1,1,-1,1,0,0,-1,1,1,-1,1,-1,0,0,-1,1,1,-1,1,-1,1,-1,-1,1,1,-1,1,-1,1,-1,-1,1,0,0,0,0,1,-1
TSLA,2016-08-03 16:05:57,AMC,0.010584250635055038,0.07938187976291279,,NQ,timed,542.0,40.0,17.5,0,2,1,-1,1,-1,1,0,1,-1,1,-1,1,-1,1,-1,0,0,1,-1,1,-1,0,0,0,0,1,-1,0,0,1,-1,1,-1,1,-1,0,1,-1,1,0,0,1,-1,1,-1,1,-1,0,0,0,-1,0,-1,0,0,1,-1,1,-1,1,-1,1,-1,0,0,1,-1,1,-1,1,-1,1,-1,1,-1,-1,1,1,-1,0,2,1,-1,1,-1,1,-1,1,-1,1,-1,1,-1,1,-1,1,-1,1,-1,1,-1,1,-1,1,-1,1,-1,1,-1,1,-1,1,-1,1,-1,1,-1,1,-1,1,-1,0,0,0,0,0,0,1,-1,0,0,0,0,1,-1,0,2,1,-1,1,-1,1,-1,-1,1,1,-1,1,-1,1,-1,1,-1,1,-1,1,-1,1,-1,-1,1,0,0,0,0,1,-1,1,-1,1,-1,1,0,1,-1,1,-1,0,0,1,-1,1,-1,1,-1,1,-1,1,-1,0,0,0,0,0,0,0,0,1,-1,1,-1,1,-1,0,0,1,-1,1,-1,1,-1,0,0,1,-1,1,-1,1,-1,1,-1,1,-1,1,-1,-1,1,1,-1,0,0,0,0,0,0,1,-1,1,-1,-1,1,-1,1,1,-1,1,-1,-1,1,1,-1,1,-1,1,-1,-1,1,0,2,0,0,-1,1,-1,1,1,-1,1,-1,1,-1,1,-1,0,0,-1,1,0,0,1,-1,1,-1,-1,1,1,-1,1,-1,0,0,1,-1,1,-1,0,0,1,-1,1,-1,1,-1,0,0,-1,1,1,-1,1,-1,1,-1,-1,1,1,-1,-1,1,1,-1,1,-1,0,0,1,-1,-1,1
AVGO,2016-09-01 16:10:57,AMC,0.020923785112726894,0.04184975936388366,,NQ,timed,242.0,-60.0,-82.5,0,0,-1,1,-1,1,0,2,1,-1,-1,1,1,-1,1,-1,1,-1,1,-1,-1,1,0,0,0,2,1,-1,0,0,-1,1,-1,1,-1,1,0,0,-1,1,0,0,0,0,-1,1,-1,1,0,0,0,-1,0,0,0,2,-1,1,1,-1,-1,1,-1,1,0,0,1,-1,0,0,-1,1,0,0,-1,1,-1,1,-1,1,0,0,-1,1,-1,1,-1,1,-1,1,1,-1,0,0,-1,1,-1,1,1,-1,0,0,1,-1,-1,1,-1,1,-1,1,1,-1,-1,1,-1,1,-1,1,-1,1,0,0,0,0,0,0,0,0,1,-1,0,0,0,0,-1,1,0,0,1,-1,1,-1,1,-1,0,0,-1,1,-1,1,-1,1,-1,1,-1,1,-1,1,-1,1,-1,1,0,0,0,0,-1,1,-1,1,-1,1,-1,0,-1,1,1,-1,0,0,-1,1,-1,1,-1,1,1,-1,-1,1,1,-1,0,0,0,0,0,0,-1,1,0,0,1,-1,0,0,1,-1,1,-1,-1,1,0,0,-1,1,-1,1,-1,1,-1,1,-1,1,1,-1,1,-1,-1,1,0,0,0,0,0,0,-1,1,-1,1,1,-1,-1,1,-1,1,-1,1,1,-1,0,0,1,-1,0,0,1,-1,0,0,0,2,1,-1,1,-1,1,-1,-1,1,1,-1,-1,1,0,0,1,-1,0,0,0,0,0,0,-1,1,1,-1,-1,1,0,0,-1,1,1,-1,0,0,-1,1,-1,1,-1,1,0,0,1,-1,1,-1,1,-1,0,0,1,-1,1,-1,1,-1,0,0,-1,1,0,0,0,0,-1,1
MU,2016-10-04 16:01:21,AMC,0.02060368806016277,0.09272137227630968,,NQ,timed,818.0,90.0,67.5,0,0,-1,1,-1,1,1,0,0,0,-1,1,-1,1,1,-1,0,0,1,-1,-1,1,0,0,0,2,1,-1,0,0,-1,1,-1,1,1,-1,0,0,1,-1,1,-1,0,0,1,-1,1,-1,0,0,0,-1,0,0,0,0,0,0,-1,1,-1,1,-1,1,0,0,-1,1,-1,1,-1,1,0,0,-1,1,-1,1,-1,1,0,0,1,-1,-1,1,-1,1,-1,1,1,-1,0,0,0,0,-1,1,1,-1,1,-1,1,-1,-1,1,-1,1,1,-1,1,-1,1,-1,-1,1,1,-1,-1,1,0,0,0,0,0,0,0,0,1,-1,0,0,0,0,0,0,0,0,1,-1,1,-1,-1,1,1,-1,1,-1,1,-1,-1,1,1,-1,1,-1,-1,1,-1,1,-1,1,0,0,0,2,-1,1,0,0,-1,1,-1,0,-1,1,1,-1,0,0,-1,1,-1,1,-1,1,1,-1,-1,1,1,-1,0,0,0,0,0,0,-1,1,-1,1,-1,1,0,0,-1,1,-1,1,-1,1,0,0,-1,1,1,-1,-1,1,-1,1,-1,1,1,-1,1,-1,1,-1,0,0,0,0,0,0,-1,1,1,-1,-1,1,-1,1,-1,1,-1,1,1,-1,0,0,-1,1,0,0,-1,1,0,0,0,2,1,-1,-1,1,1,-1,1,-1,-1,1,-1,1,0,0,1,-1,0,0,-1,1,0,0,-1,1,-1,1,-1,1,0,0,-1,1,-1,1,0,0,1,-1,1,-1,-1,1,0,0,1,-1,-1,1,-1,1,0,0,-1,1,1,-1,-1,1,0,0,1,-1,0,0,-1,1,-1,1
INTC,2016-10-18 16:09:22,AMC,0.010364842454394693,0.07255013732704566,,NQ,timed,337.0,-20.0,-42.5,0,2,-1,1,-1,1,-1,0,-1,1,-1,1,-1,1,-1,1,-1,1,-1,1,-1,1,0,0,0,0,-1,1,0,0,-1,1,-1,1,-1,1,0,-1,0,0,0,0,-1,1,-1,1,-1,1,0,0,0,1,0,1,0,0,-1,1,-1,1,1,-1,1,-1,0,0,-1,1,1,-1,-1,1,-1,1,-1,1,1,-1,-1,1,0,2,-1,1,-1,1,-1,1,-1,1,-1,1,-1,1,-1,1,0,0,-1,1,-1,1,-1,1,-1,1,-1,1,-1,1,-1,1,-1,1,-1,1,-1,1,-1,1,-1,1,0,0,0,0,0,0,-1,1,0,0,0,0,-1,1,0,0,-1,1,-1,1,-1,1,1,-1,-1,1,-1,1,-1,1,1,-1,-1,1,-1,1,-1,1,1,-1,0,2,0,0,-1,1,-1,1,-1,1,-1,0,-1,1,-1,1,0,2,-1,1,1,-1,-1,1,-1,1,-1,1,0,0,0,2,0,0,0,0,-1,1,1,-1,1,-1,1,-1,1,-1,1,-1,-1,1,0,0,-1,1,-1,1,-1,1,-1,1,-1,1,-1,1,1,-1,-1,1,0,0,0,0,0,0,-1,1,1,-1,1,-1,1,-1,-1,1,1,-1,1,-1,-1,1,-1,1,-1,1,1,-1,0,2,0,0,1,-1,1,-1,-1,1,-1,1,-1,1,-1,1,0,0,1,-1,0,0,-1,1,-1,1,1,-1,-1,1,-1,1,0,0,-1,1,-1,1,0,0,1,-1,-1,1,1,-1,0,0,1,-1,-1,1,-1,1,-1,1,1,-1,1,-1,1,-1,-1,1,-1,1,0,0,-1,1,1,-1
MSFT,2016-10-20 16:06:32,AMC,0.11370096645821488,0.16022327889187513,,NQ,timed,507.0,210.0,187.5,0,0,-1,1,1,-1,0,2,1,-1,1,-1,1,-1,1,-1,0,0,1,-1,1,-1,0,0,0,0,1,-1,0,0,-1,1,1,-1,1,-1,0,0,0,0,0,0,0,0,-1,1,-1,1,0,0,0,-1,0,-1,0,0,0,0,1,-1,1,-1,-1,1,0,0,1,-1,0,0,-1,1,1,-1,-1,1,-1,1,-1,1,0,0,-1,1,1,-1,1,-1,1,-1,1,-1,0,0,1,-1,1,-1,1,-1,1,-1,0,0,1,-1,-1,1,1,-1,1,-1,-1,1,1,-1,1,-1,1,-1,0,0,0,0,0,0,0,0,1,-1,0,0,0,0,0,0,0,0,1,-1,1,-1,1,-1,-1,1,1,-1,1,-1,1,-1,-1,1,1,-1,-1,1,1,-1,-1,1,0,0,0,0,1,-1,0,0,1,-1,1,0,-1,1,1,-1,0,0,1,-1,1,-1,-1,1,1,-1,-1,1,1,-1,0,0,0,0,0,0,1,-1,0,0,-1,1,0,0,-1,1,-1,1,-1,1,0,0,-1,1,0,0,1,-1,1,-1,-1,1,1,-1,1,-1,0,0,0,0,0,0,0,0,-1,1,1,-1,1,-1,1,-1,-1,1,-1,1,1,-1,1,-1,1,-1,1,-1,1,-1,0,0,0,0,1,-1,1,-1,1,-1,-1,1,-1,1,-1,1,0,0,1,-1,0,0,0,0,1,-1,1,-1,1,-1,1,-1,0,0,-1,1,1,-1,0,0,1,-1,1,-1,1,-1,0,0,1,-1,1,-1,1,-1,1,-1,-1,1,1,-1,1,-1,1,-1,1,-1,0,0,0,0,1,-1
AAPL,2016-10-25 16:32:39,AMC,0.11740084732785462,0.45426704777460186,,NQ,,,,,0,0,-1,1,1,-1,0,2,1,-1,1,-1,-1,1,1,-1,0,0,1,-1,1,-1,0,0,0,0,1,-1,0,0,-1,1,1,-1,1,-1,0,0,1,-1,1,-1,0,0,-1,1,1,-1,0,0,0,-1,0,0,0,0,1,-1,1,-1,1,-1,1,-1,0,0,1,-1,-1,1,-1,1,1,-1,1,-1,1,-1,-1,1,0,2,-1,1,1,-1,1,-1,1,-1,1,-1,0,0,1,-1,-1,1,1,-1,1,-1,1,-1,-1,1,-1,1,1,-1,1,-1,-1,1,1,-1,0,0,1,-1,0,0,0,0,0,0,0,0,1,-1,0,0,0,0,0,0,0,2,1,-1,1,-1,1,-1,1,-1,1,-1,1,-1,1,-1,-1,1,1,-1,-1,1,1,-1,-1,1,0,0,0,0,1,-1,0,0,1,-1,1,0,-1,1,1,-1,0,2,1,-1,1,-1,1,-1,1,-1,1,-1,-1,1,0,0,0,0,0,0,1,-1,-1,1,-1,1,0,0,-1,1,-1,1,-1,1,0,0,-1,1,1,-1,-1,1,1,-1,-1,1,1,-1,1,-1,-1,1,0,0,0,0,0,0,-1,1,1,-1,1,-1,1,-1,-1,1,1,-1,-1,1,1,-1,1,-1,0,0,-1,1,0,0,0,0,-1,1,1,-1,1,-1,1,-1,1,-1,-1,1,0,0,1,-1,0,0,0,0,1,-1,-1,1,1,-1,-1,1,0,0,1,-1,1,-1,0,0,1,-1,1,-1,-1,1,0,0,-1,1,1,-1,-1,1,1,-1,1,-1,1,-1,1,-1,1,-1,1,-1,0,0,0,0,1,-1
TSLA,2016-10-26 16:32:32,AMC,0.0051511873486838715,0.0,,NQ,,,,,0,0,1,-1,-1,1,0,2,-1,1,-1,1,-1,1,-1,1,0,0,-1,1,-1,1,0,0,0,2,-1,1,0,0,1,-1,-1,1,-1,1,0,0,1,-1,0,0,0,0,1,-1,-1,1,0,0,0,-1,0,0,0,0,-1,1,-1,1,-1,1,1,-1,0,0,1,-1,-1,1,1,-1,-1,1,-1,1,-1,1,1,-1,0,0,-1,1,-1,1,1,-1,-1,1,-1,1,0,0,-1,1,-1,1,-1,1,-1,1,-1,1,1,-1,1,-1,-1,1,-1,1,-1,1,-1,1,0,0,-1,1,0,0,0,0,0,0,0,0,-1,1,0,0,0,0,0,0,0,2,-1,1,-1,1,-1,1,1,-1,-1,1,-1,1,-1,1,1,-1,-1,1,1,-1,1,-1,1,-1,0,0,0,2,1,-1,0,0,-1,1,-1,0,1,-1,-1,1,0,0,-1,1,-1,1,1,-1,-1,1,-1,1,1,-1,0,0,0,0,0,0,-1,1,-1,1,-1,1,-1,1,-1,1,-1,1,1,-1,0,0,1,-1,-1,1,1,-1,-1,1,1,-1,-1,1,1,-1,1,-1,0,0,0,0,0,0,1,-1,-1,1,1,-1,-1,1,-1,1,-1,1,-1,1,-1,1,1,-1,0,0,1,-1,0,0,0,2,-1,1,-1,1,1,-1,-1,1,-1,1,-1,1,0,0,1,-1,0,0,0,0,-1,1,1,-1,1,-1,1,-1,0,0,-1,1,-1,1,0,2,-1,1,-1,1,-1,1,0,0,1,-1,-1,1,-1,1,-1,1,-1,1,1,-1,-1,1,-1,1,1,-1,0,0,0,0,-1,1
GOOGL,2016-10-27 16:01:30,AMC,0.2535706892982819,0.31049472158973296,,NQ,stopped_pre,-26.0,-96.56999999999243,-119.06999999999243,0,0,-1,1,1,-1,0,2,0,0,1,-1,-1,1,-1,1,-1,1,-1,1,1,-1,0,0,0,0,-1,1,0,0,-1,1,-1,1,1,-1,0,0,-1,1,0,0,0,0,-1,1,1,-1,0,0,0,-1,0,0,0,0,1,-1,1,-1,-1,1,1,-1,0,0,-1,1,-1,1,-1,1,0,0,1,-1,-1,1,-1,1,0,0,-1,1,-1,1,-1,1,-1,1,-1,1,0,0,0,0,0,0,-1,1,-1,1,-1,1,-1,1,-1,1,-1,1,-1,1,1,-1,-1,1,0,0,-1,1,-1,1,0,0,0,0,0,0,-1,1,0,0,0,0,0,0,0,0,1,-1,-1,1,-1,1,-1,1,1,-1,-1,1,-1,1,-1,1,-1,1,1,-1,-1,1,1,-1,0,0,0,0,-1,1,0,0,-1,1,-1,0,-1,1,-1,1,0,0,-1,1,-1,1,-1,1,-1,1,1,-1,0,0,0,0,0,0,0,0,-1,1,-1,1,-1,1,-1,1,-1,1,-1,1,-1,1,0,0,-1,1,-1,1,-1,1,-1,1,-1,1,-1,1,1,-1,-1,1,0,0,0,0,0,0,-1,1,-1,1,1,-1,-1,1,-1,1,1,-1,1,-1,0,0,-1,1,-1,1,1,-1,0,0,0,0,-1,1,-1,1,1,-1,-1,1,-1,1,-1,1,0,0,1,-1,0,0,0,0,0,0,1,-1,-1,1,-1,1,0,0,1,-1,1,-1,0,0,-1,1,-1,1,1,-1,0,0,-1,1,-1,1,-1,1,0,0,1,-1,-1,1,-1,1,0,0,1,-1,0,0,-1,1,-1,1
AMZN,2016-10-27 16:11:45,AMC,0.015592515592515593,0.24946728340522842,,NQ,stopped_pre,-182.0,-96.33499999999913,-118.83499999999913,0,0,-1,1,-1,1,-1,0,-1,1,-1,1,-1,1,-1,1,0,0,-1,1,-1,1,0,0,0,2,-1,1,0,0,-1,1,-1,1,-1,1,0,0,0,0,0,0,-1,1,-1,1,-1,1,0,0,0,-1,0,1,0,0,0,0,-1,1,-1,1,-1,1,0,0,-1,1,-1,1,-1,1,-1,1,-1,1,1,-1,-1,1,0,2,-1,1,-1,1,-1,1,-1,1,-1,1,-1,1,-1,1,-1,1,-1,1,-1,1,0,0,-1,1,-1,1,-1,1,-1,1,-1,1,-1,1,0,0,-1,1,-1,1,0,0,0,0,0,0,-1,1,0,0,0,0,-1,1,0,2,-1,1,-1,1,-1,1,0,0,-1,1,-1,1,-1,1,-1,1,-1,1,1,-1,-1,1,1,-1,0,2,0,0,-1,1,-1,1,-1,1,-1,0,-1,1,-1,1,0,2,-1,1,-1,1,-1,1,-1,1,-1,1,0,0,0,0,0,0,0,0,-1,1,-1,1,-1,1,-1,1,-1,1,-1,1,-1,1,0,0,-1,1,-1,1,-1,1,-1,1,-1,1,-1,1,1,-1,-1,1,0,0,0,0,0,0,-1,1,-1,1,-1,1,-1,1,1,-1,-1,1,1,-1,-1,1,-1,1,-1,1,-1,1,0,0,0,0,-1,1,-1,1,-1,1,-1,1,-1,1,-1,1,0,0,1,-1,0,0,-1,1,-1,1,1,-1,-1,1,-1,1,0,0,-1,1,-1,1,0,0,-1,1,-1,1,1,-1,0,0,1,-1,-1,1,-1,1,-1,1,1,-1,-1,1,-1,1,-1,1,-1,1,0,0,-1,1,-1,1
META,2016-11-02 16:11:08,AMC,0.02118531857422806,0.03177797786134209,,NQ,timed,231.0,165.0,142.5,0,2,-1,1,-1,1,-1,0,-1,1,-1,1,-1,1,-1,1,-1,1,-1,1,-1,1,0,0,0,2,-1,1,0,0,-1,1,-1,1,-1,1,0,-1,-1,1,0,0,-1,1,-1,1,-1,1,0,0,0,1,0,1,0,0,-1,1,-1,1,1,-1,1,-1,0,0,-1,1,-1,1,-1,1,-1,1,-1,1,1,-1,-1,1,0,0,-1,1,-1,1,-1,1,-1,1,-1,1,-1,1,-1,1,-1,1,-1,1,-1,1,-1,1,-1,1,-1,1,-1,1,-1,1,-1,1,-1,1,-1,1,-1,1,1,-1,0,0,0,0,-1,1,-1,1,0,0,0,0,-1,1,0,0,-1,1,-1,1,-1,1,1,-1,-1,1,-1,1,-1,1,-1,1,-1,1,1,-1,-1,1,-1,1,0,2,0,0,-1,1,-1,1,-1,1,-1,0,-1,1,-1,1,0,2,-1,1,-1,1,-1,1,1,-1,-1,1,-1,1,0,2,0,0,0,0,-1,1,-1,1,-1,1,-1,1,-1,1,-1,1,-1,1,0,0,-1,1,1,-1,-1,1,-1,1,-1,1,-1,1,1,-1,-1,1,0,0,0,0,0,0,-1,1,1,-1,1,-1,1,-1,-1,1,1,-1,1,-1,-1,1,-1,1,-1,1,1,-1,0,2,0,0,1,-1,1,-1,-1,1,-1,1,-1,1,-1,1,0,0,-1,1,0,0,-1,1,-1,1,1,-1,-1,1,-1,1,0,0,-1,1,-1,1,0,0,-1,1,-1,1,1,-1,0,0,1,-1,-1,1,-1,1,-1,1,1,-1,1,-1,1,-1,-1,1,-1,1,0,0,-1,1,1,-1
MU,2016-12-21 16:00:39,AMC,0.00505050505050505,0.03535353535353535,,NQ,stopped_post,300.0,-100.0,-122.5,0,0,-1,1,-1,1,0,2,1,-1,-1,1,1,-1,1,-1,0,0,1,-1,-1,1,0,0,0,2,1,-1,0,0,-1,1,-1,1,-1,1,0,0,1,-1,0,0,0,0,1,-1,-1,1,0,0,0,-1,0,-1,0,2,-1,1,1,-1,-1,1,-1,1,0,0,1,-1,0,0,1,-1,0,0,-1,1,-1,1,-1,1,0,0,-1,1,-1,1,1,-1,1,-1,1,-1,0,0,-1,1,-1,1,1,-1,-1,1,0,0,-1,1,-1,1,-1,1,-1,1,-1,1,-1,1,0,0,-1,1,0,0,0,0,0,0,0,0,0,0,0,0,0,0,0,0,0,0,-1,1,-1,1,1,-1,1,-1,-1,1,-1,1,-1,1,-1,1,-1,1,-1,1,1,-1,-1,1,0,0,0,0,-1,1,0,0,1,-1,-1,0,1,-1,1,-1,0,0,-1,1,-1,1,-1,1,1,-1,-1,1,1,-1,0,0,0,0,0,0,-1,1,0,0,-1,1,0,0,-1,1,-1,1,1,-1,0,0,1,-1,-1,1,-1,1,-1,1,1,-1,-1,1,1,-1,-1,1,0,0,0,0,0,0,1,-1,-1,1,1,-1,-1,1,-1,1,-1,1,-1,1,0,0,-1,1,-1,1,1,-1,0,0,0,0,1,-1,1,-1,1,-1,-1,1,1,-1,-1,1,0,0,1,-1,0,0,0,0,0,0,1,-1,1,-1,1,-1,0,0,-1,1,1,-1,0,2,1,-1,-1,1,1,-1,0,0,-1,1,-1,1,1,-1,0,0,-1,1,1,-1,1,-1,0,0,1,-1,0,0,0,0,-1,1
NFLX,2017-01-18 16:08:16,AMC,0.009894132779261898,0.029682398337785694,,NQ,timed,403.0,90.0,67.5,0,0,-1,1,-1,1,1,0,1,-1,-1,1,1,-1,1,-1,1,-1,1,-1,-1,1,0,0,0,0,1,-1,0,0,-1,1,-1,1,-1,1,0,0,1,-1,0,0,0,0,-1,1,-1,1,0,0,0,-1,0,0,0,0,-1,1,-1,1,1,-1,-1,1,0,0,1,-1,1,-1,-1,1,0,0,-1,1,1,-1,-1,1,0,2,1,-1,-1,1,1,-1,1,-1,1,-1,0,0,-1,1,1,-1,1,-1,1,-1,1,-1,1,-1,-1,1,1,-1,1,-1,-1,1,-1,1,0,0,-1,1,0,0,0,0,0,0,0,0,1,-1,0,0,0,0,0,0,0,0,1,-1,1,-1,1,-1,0,0,-1,1,1,-1,-1,1,-1,1,1,-1,-1,1,1,-1,1,-1,0,0,0,0,1,-1,0,0,1,-1,1,0,-1,1,1,-1,0,0,1,-1,-1,1,0,0,-1,1,-1,1,0,0,0,0,0,0,0,0,-1,1,0,0,1,-1,0,0,1,-1,1,-1,-1,1,0,0,-1,1,-1,1,1,-1,-1,1,-1,1,1,-1,-1,1,-1,1,0,0,0,0,0,0,-1,1,1,-1,-1,1,1,-1,-1,1,1,-1,1,-1,1,-1,1,-1,1,-1,1,-1,0,0,0,0,1,-1,-1,1,1,-1,-1,1,1,-1,-1,1,0,0,1,-1,0,0,-1,1,1,-1,-1,1,1,-1,-1,1,0,0,-1,1,-1,1,0,0,-1,1,1,-1,1,-1,0,0,-1,1,1,-1,1,-1,0,0,1,-1,1,-1,-1,1,0,0,-1,1,0,0,0,0,1,-1
GOOGL,2017-01-26 16:03:43,AMC,0.17462165308498254,0.11641443538998836,0.06910894774601023,NQ,stopped_pre,-1.0,-103.06500000000597,-125.56500000000597,0,0,1,-1,-1,1,0,2,0,0,-1,1,-1,1,-1,1,0,0,-1,1,-1,1,0,0,0,2,1,-1,0,0,1,-1,-1,1,-1,1,0,0,0,0,0,0,0,0,-1,1,-1,1,0,0,0,-1,0,0,0,0,0,0,-1,1,1,-1,-1,1,0,0,1,-1,0,0,1,-1,0,0,-1,1,-1,1,1,-1,0,2,1,-1,-1,1,1,-1,0,0,-1,1,0,0,-1,1,-1,1,1,-1,-1,1,1,-1,1,-1,-1,1,-1,1,-1,1,-1,1,-1,1,0,0,-1,1,1,-1,0,0,0,0,1,-1,-1,1,0,0,0,0,0,0,0,2,-1,1,-1,1,1,-1,1,-1,-1,1,-1,1,-1,1,-1,1,-1,1,-1,1,1,-1,1,-1,0,0,0,2,1,-1,0,0,-1,1,-1,0,1,-1,-1,1,0,0,-1,1,1,-1,-1,1,-1,1,-1,1,1,-1,0,0,0,0,0,0,-1,1,0,0,1,-1,0,0,1,-1,1,-1,1,-1,0,0,1,-1,-1,1,-1,1,-1,1,1,-1,-1,1,1,-1,-1,1,0,0,0,0,0,0,1,-1,-1,1,-1,1,1,-1,1,-1,1,-1,-1,1,-1,1,-1,1,-1,1,1,-1,0,0,0,0,-1,1,-1,1,-1,1,-1,1,1,-1,-1,1,0,0,1,-1,0,0,0,0,-1,1,1,-1,1,-1,1,-1,0,0,-1,1,-1,1,0,2,-1,1,-1,1,1,-1,0,0,-1,1,1,-1,-1,1,-1,1,-1,1,1,-1,-1,1,-1,1,-1,1,0,0,0,0,-1,1
MSFT,2017-01-26 16:07:02,AMC,0.08726003490401396,0.1308963979250497,,NQ,stopped_pre,-200.0,-103.06500000000597,-125.56500000000597,0,0,-1,1,-1,1,0,2,0,0,1,-1,-1,1,-1,1,0,0,-1,1,1,-1,0,0,0,0,-1,1,0,0,-1,1,1,-1,1,-1,0,0,0,0,0,0,0,0,-1,1,-1,1,0,0,0,-1,0,-1,0,2,0,0,-1,1,1,-1,-1,1,0,0,1,-1,0,0,1,-1,1,-1,-1,1,1,-1,-1,1,0,2,1,-1,1,-1,1,-1,1,-1,-1,1,0,0,1,-1,0,0,-1,1,0,0,0,0,1,-1,1,-1,1,-1,-1,1,-1,1,-1,1,0,0,1,-1,0,0,0,0,0,0,0,0,-1,1,0,0,0,0,1,-1,0,2,-1,1,-1,1,1,-1,1,-1,1,-1,1,-1,1,-1,-1,1,1,-1,1,-1,1,-1,-1,1,0,0,0,0,-1,1,0,0,1,-1,1,0,1,-1,1,-1,0,2,1,-1,-1,1,1,-1,-1,1,-1,1,1,-1,0,0,0,0,0,0,1,-1,0,0,1,-1,0,0,1,-1,1,-1,1,-1,0,0,1,-1,-1,1,-1,1,-1,1,1,-1,-1,1,-1,1,1,-1,0,0,0,0,0,0,-1,1,1,-1,1,-1,1,-1,-1,1,1,-1,-1,1,0,0,-1,1,-1,1,-1,1,0,0,0,0,-1,1,-1,1,-1,1,1,-1,1,-1,1,-1,0,0,-1,1,0,0,1,-1,0,0,1,-1,1,-1,1,-1,0,0,-1,1,-1,1,0,0,-1,1,-1,1,1,-1,0,0,-1,1,-1,1,-1,1,0,0,-1,1,1,-1,-1,1,0,0,1,-1,0,0,0,0,1,-1
INTC,2017-01-26 16:09:46,AMC,0.043699927166788055,0.019422189851905802,,NQ,stopped_pre,-275.0,-103.14000000000306,-125.64000000000306,0,2,-1,1,-1,1,0,2,0,0,-1,1,-1,1,-1,1,-1,1,-1,1,-1,1,0,0,0,0,-1,1,0,0,-1,1,-1,1,-1,1,0,-1,1,-1,0,0,-1,1,-1,1,-1,1,0,0,0,-1,0,1,0,0,-1,1,-1,1,-1,1,1,-1,0,0,-1,1,0,0,-1,1,-1,1,-1,1,1,-1,-1,1,0,2,-1,1,-1,1,-1,1,-1,1,-1,1,-1,1,-1,1,-1,1,-1,1,-1,1,0,0,-1,1,-1,1,-1,1,-1,1,-1,1,-1,1,-1,1,-1,1,0,0,0,0,0,0,0,0,-1,1,0,0,0,0,-1,1,0,2,-1,1,-1,1,-1,1,1,-1,-1,1,-1,1,-1,1,-1,1,-1,1,1,-1,-1,1,-1,1,0,2,0,2,-1,1,-1,1,-1,1,-1,0,-1,1,-1,1,0,2,-1,1,-1,1,-1,1,1,-1,-1,1,1,-1,0,0,0,0,0,0,-1,1,-1,1,-1,1,0,0,-1,1,-1,1,-1,1,0,0,-1,1,-1,1,-1,1,-1,1,-1,1,-1,1,-1,1,-1,1,0,0,0,0,0,0,-1,1,1,-1,1,-1,1,-1,-1,1,1,-1,-1,1,-1,1,-1,1,-1,1,-1,1,0,2,0,0,1,-1,-1,1,-1,1,-1,1,-1,1,-1,1,0,0,1,-1,0,0,-1,1,-1,1,1,-1,1,-1,-1,1,0,0,-1,1,-1,1,0,0,-1,1,-1,1,1,-1,0,0,1,-1,-1,1,-1,1,-1,1,-1,1,-1,1,-1,1,-1,1,-1,1,0,0,-1,1,1,-1
AAPL,2017-01-31 16:31:02,AMC,0.014621308119699777,0.043859649122807015,,NQ,,,,,0,0,-1,1,1,-1,1,0,1,-1,1,-1,1,-1,1,-1,0,0,1,-1,1,-1,0,0,0,0,1,-1,0,0,-1,1,1,-1,-1,1,0,0,-1,1,1,-1,0,0,1,-1,1,-1,0,2,0,-1,0,-1,0,0,0,0,1,-1,1,-1,-1,1,0,0,1,-1,0,0,-1,1,0,0,1,-1,-1,1,-1,1,0,0,1,-1,1,-1,1,-1,1,-1,1,-1,1,-1,0,0,1,-1,1,-1,1,-1,1,-1,1,-1,-1,1,1,-1,1,-1,-1,1,1,-1,0,0,1,-1,0,0,0,0,0,0,0,0,1,-1,0,0,0,0,0,0,0,0,1,-1,1,-1,1,-1,1,-1,-1,1,1,-1,1,-1,1,-1,1,-1,-1,1,1,-1,-1,1,0,0,0,0,1,-1,0,0,1,-1,1,0,-1,1,1,-1,0,0,1,-1,1,-1,1,-1,1,-1,1,-1,0,0,0,0,0,0,0,0,1,-1,0,0,1,-1,0,0,1,-1,1,-1,-1,1,0,0,1,-1,0,0,1,-1,1,-1,1,-1,1,-1,-1,1,1,-1,0,0,0,0,0,0,-1,1,-1,1,1,-1,1,-1,-1,1,1,-1,-1,1,1,-1,1,-1,1,-1,-1,1,0,0,0,0,1,-1,1,-1,1,-1,-1,1,1,-1,-1,1,0,0,1,-1,0,0,0,0,1,-1,-1,1,1,-1,1,-1,0,0,1,-1,1,-1,0,2,1,-1,1,-1,-1,1,0,0,-1,1,1,-1,1,-1,1,-1,-1,1,1,-1,1,-1,1,-1,1,-1,0,0,0,0,1,-1
META,2017-02-01 16:04:53,AMC,0.03396409509946628,0.0727802037845706,,NQ,timed,606.0,20.0,-2.5,0,0,-1,1,-1,1,0,2,-1,1,-1,1,1,-1,-1,1,0,0,-1,1,1,-1,0,0,0,2,-1,1,0,0,-1,1,-1,1,1,-1,0,0,-1,1,0,0,0,0,-1,1,-1,1,0,0,0,1,0,1,0,0,0,0,-1,1,-1,1,-1,1,0,0,-1,1,1,-1,-1,1,-1,1,-1,1,-1,1,-1,1,0,0,-1,1,-1,1,-1,1,-1,1,-1,1,0,0,0,0,-1,1,-1,1,0,0,0,0,-1,1,-1,1,-1,1,-1,1,1,-1,-1,1,0,0,-1,1,1,-1,0,0,0,0,0,0,0,0,0,0,0,0,0,0,0,0,-1,1,0,0,-1,1,0,0,1,-1,-1,1,-1,1,-1,1,-1,1,-1,1,-1,1,1,-1,0,0,0,0,-1,1,0,0,-1,1,-1,0,-1,1,-1,1,0,0,-1,1,-1,1,-1,1,1,-1,-1,1,1,-1,0,0,0,0,0,0,-1,1,1,-1,1,-1,1,-1,1,-1,1,-1,-1,1,0,0,-1,1,-1,1,-1,1,-1,1,-1,1,0,0,-1,1,-1,1,0,0,0,0,0,0,-1,1,-1,1,1,-1,-1,1,1,-1,-1,1,1,-1,-1,1,-1,1,0,0,1,-1,0,0,0,0,-1,1,-1,1,-1,1,-1,1,-1,1,-1,1,0,0,1,-1,0,0,0,0,-1,1,-1,1,-1,1,-1,1,0,0,-1,1,-1,1,0,0,-1,1,-1,1,1,-1,0,0,-1,1,-1,1,1,-1,0,0,-1,1,-1,1,-1,1,-1,1,-1,1,0,0,0,0,-1,1
AMZN,2017-02-02 16:09:02,AMC,0.0048716324840454035,0.034101427388317826,,NQ,timed,357.0,-40.0,-62.5,0,2,-1,1,-1,1,0,2,0,0,-1,1,-1,1,-1,1,0,0,-1,1,-1,1,0,0,0,0,-1,1,0,0,-1,1,-1,1,-1,1,0,-1,-1,1,0,0,-1,1,-1,1,-1,1,0,0,0,1,0,1,0,0,0,0,-1,1,-1,1,1,-1,0,0,-1,1,0,0,-1,1,-1,1,-1,1,1,-1,-1,1,0,0,-1,1,-1,1,-1,1,-1,1,-1,1,-1,1,-1,1,0,0,-1,1,-1,1,0,0,-1,1,-1,1,-1,1,-1,1,-1,1,-1,1,0,0,-1,1,-1,1,0,0,0,0,0,0,-1,1,0,0,0,0,-1,1,0,0,-1,1,-1,1,-1,1,1,-1,-1,1,-1,1,-1,1,-1,1,-1,1,-1,1,-1,1,1,-1,0,2,0,0,-1,1,-1,1,-1,1,-1,0,-1,1,-1,1,0,2,-1,1,1,-1,-1,1,1,-1,-1,1,0,0,0,0,0,0,0,0,-1,1,0,0,-1,1,0,0,-1,1,-1,1,-1,1,0,0,-1,1,-1,1,-1,1,-1,1,-1,1,0,0,1,-1,-1,1,0,0,0,0,0,0,-1,1,-1,1,1,-1,1,-1,-1,1,-1,1,1,-1,0,0,-1,1,0,0,1,-1,0,2,0,0,1,-1,1,-1,1,-1,-1,1,-1,1,-1,1,0,0,1,-1,0,0,-1,1,0,0,-1,1,-1,1,-1,1,0,0,-1,1,-1,1,0,0,-1,1,-1,1,1,-1,0,0,-1,1,-1,1,-1,1,-1,1,-1,1,-1,1,1,-1,-1,1,-1,1,0,0,-1,1,1,-1
AVGO,2017-03-01 16:11:56,AMC,0.013923051932983708,0.00464123271140815,,NQ,timed,183.0,-70.0,-92.5,0,2,-1,1,-1,1,-1,0,-1,1,1,-1,1,-1,-1,1,0,0,-1,1,1,-1,0,0,0,0,-1,1,0,0,-1,1,-1,1,1,-1,0,0,0,0,0,0,0,0,-1,1,-1,1,0,0,0,1,0,1,0,0,0,0,-1,1,1,-1,-1,1,0,0,-1,1,1,-1,-1,1,-1,1,-1,1,1,-1,-1,1,0,2,-1,1,-1,1,-1,1,-1,1,-1,1,-1,1,0,0,0,0,-1,1,-1,1,-1,1,-1,1,-1,1,-1,1,-1,1,1,-1,-1,1,0,0,1,-1,0,0,0,0,0,0,-1,1,-1,1,0,0,0,0,0,0,0,0,-1,1,-1,1,-1,1,0,0,1,-1,-1,1,-1,1,1,-1,-1,1,-1,1,-1,1,1,-1,0,2,0,0,-1,1,0,0,-1,1,-1,0,-1,1,-1,1,0,2,-1,1,1,-1,-1,1,-1,1,-1,1,1,-1,0,0,0,0,0,0,-1,1,1,-1,1,-1,1,-1,1,-1,1,-1,-1,1,0,0,-1,1,1,-1,1,-1,-1,1,-1,1,-1,1,1,-1,-1,1,0,0,0,0,0,0,-1,1,-1,1,1,-1,1,-1,-1,1,-1,1,1,-1,-1,1,-1,1,0,0,1,-1,0,0,0,0,1,-1,1,-1,1,-1,-1,1,-1,1,-1,1,0,0,1,-1,0,0,0,0,-1,1,1,-1,-1,1,-1,1,0,0,-1,1,-1,1,0,0,-1,1,-1,1,-1,1,0,0,1,-1,-1,1,1,-1,-1,1,1,-1,-1,1,1,-1,-1,1,-1,1,0,0,0,0,-1,1
MU,2017-03-23 16:01:50,AMC,0.014010835045768727,0.07939473192602278,0.019182050050861064,NQ,stopped_pre,-92.0,-107.12999999999738,-129.62999999999738,0,0,-1,1,-1,1,0,2,-1,1,1,-1,-1,1,-1,1,1,-1,1,-1,1,-1,0,0,0,0,-1,1,0,0,-1,1,1,-1,1,-1,0,0,0,0,0,0,0,0,-1,1,-1,1,0,0,0,-1,0,0,0,2,1,-1,1,-1,-1,1,1,-1,0,0,-1,1,0,0,1,-1,1,-1,1,-1,-1,1,1,-1,0,0,-1,1,1,-1,1,-1,-1,1,-1,1,0,0,1,-1,-1,1,-1,1,-1,1,-1,1,-1,1,1,-1,-1,1,-1,1,-1,1,-1,1,0,0,-1,1,0,0,0,0,0,0,0,0,-1,1,0,0,0,0,1,-1,0,0,-1,1,-1,1,1,-1,-1,1,1,-1,-1,1,-1,1,-1,1,-1,1,1,-1,1,-1,-1,1,0,0,0,2,1,-1,1,-1,1,-1,1,0,1,-1,-1,1,0,0,1,-1,-1,1,0,0,1,-1,1,-1,1,-1,0,0,0,0,0,0,1,-1,-1,1,-1,1,0,0,-1,1,-1,1,1,-1,0,0,-1,1,0,0,-1,1,-1,1,1,-1,-1,1,-1,1,0,0,0,0,0,0,0,0,1,-1,-1,1,1,-1,-1,1,1,-1,1,-1,-1,1,0,0,1,-1,-1,1,-1,1,0,0,0,2,1,-1,-1,1,1,-1,1,-1,-1,1,1,-1,0,0,-1,1,0,0,1,-1,0,0,1,-1,1,-1,1,-1,0,2,1,-1,1,-1,0,0,-1,1,-1,1,1,-1,0,0,1,-1,-1,1,-1,1,0,0,1,-1,-1,1,-1,1,0,0,1,-1,0,0,1,-1,1,-1
GOOGL,2017-04-27 16:02:04,AMC,0.16595649248710473,0.2825872432044496,0.08391138957261132,NQ,tp,62.0,445.30000000000655,422.80000000000655,0,0,-1,1,1,-1,0,2,0,0,-1,1,1,-1,1,-1,0,0,-1,1,-1,1,0,0,0,0,-1,1,0,0,-1,1,-1,1,1,-1,0,0,0,0,-1,1,0,0,-1,1,1,-1,0,0,0,-1,0,0,0,0,0,0,1,-1,0,0,1,-1,0,0,-1,1,1,-1,-1,1,0,0,1,-1,1,-1,-1,1,0,0,1,-1,-1,1,-1,1,-1,1,1,-1,0,0,1,-1,0,0,1,-1,1,-1,1,-1,-1,1,-1,1,1,-1,1,-1,1,-1,1,-1,0,0,1,-1,0,0,0,0,0,0,0,0,1,-1,0,0,0,0,0,0,0,2,1,-1,1,-1,-1,1,0,0,1,-1,1,-1,1,-1,-1,1,1,-1,1,-1,-1,1,-1,1,0,0,0,2,-1,1,-1,1,-1,1,-1,0,-1,1,-1,1,0,0,1,-1,1,-1,-1,1,1,-1,1,-1,0,0,0,0,0,0,0,0,-1,1,1,-1,1,-1,1,-1,1,-1,1,-1,-1,1,0,0,-1,1,-1,1,-1,1,1,-1,-1,1,1,-1,1,-1,-1,1,0,0,0,0,0,0,-1,1,1,-1,-1,1,0,0,-1,1,-1,1,1,-1,0,0,-1,1,1,-1,-1,1,0,0,0,0,-1,1,-1,1,-1,1,1,-1,-1,1,-1,1,0,0,-1,1,0,0,-1,1,0,0,-1,1,-1,1,-1,1,0,0,1,-1,1,-1,0,0,1,-1,1,-1,1,-1,0,0,1,-1,1,-1,1,-1,1,-1,1,-1,1,-1,-1,1,0,0,1,-1,0,0,0,0,-1,1
AMZN,2017-04-27 16:06:06,AMC,0.0,0.03578777847365125,,NQ,tp,-178.0,445.580000000009,423.080000000009,0,0,1,-1,1,-1,0,2,0,0,-1,1,1,-1,1,-1,0,0,1,-1,-1,1,0,0,0,0,1,-1,0,0,1,-1,-1,1,-1,1,0,0,1,-1,0,0,0,0,1,-1,1,-1,0,0,0,-1,0,1,0,0,0,0,1,-1,-1,1,1,-1,0,0,1,-1,1,-1,1,-1,0,0,1,-1,1,-1,1,-1,0,2,1,-1,-1,1,-1,1,-1,1,-1,1,0,0,-1,1,-1,1,1,-1,0,0,1,-1,-1,1,1,-1,-1,1,1,-1,1,-1,-1,1,0,0,1,-1,1,-1,0,0,0,0,0,0,1,-1,0,0,0,0,0,0,0,2,-1,1,1,-1,0,0,1,-1,-1,1,-1,1,1,-1,1,-1,-1,1,1,-1,-1,1,1,-1,0,0,0,2,1,-1,-1,1,1,-1,-1,0,1,-1,1,-1,0,0,-1,1,1,-1,1,-1,1,-1,1,-1,1,-1,0,0,0,0,0,0,-1,1,1,-1,1,-1,1,-1,1,-1,1,-1,1,-1,0,0,1,-1,-1,1,1,-1,-1,1,1,-1,1,-1,1,-1,1,-1,0,0,0,0,0,0,1,-1,-1,1,1,-1,-1,1,1,-1,1,-1,1,-1,0,0,1,-1,1,-1,1,-1,0,0,0,0,-1,1,-1,1,-1,1,-1,1,1,-1,-1,1,0,0,-1,1,0,0,0,0,0,0,-1,1,-1,1,1,-1,0,0,1,-1,1,-1,0,0,1,-1,1,-1,1,-1,0,0,1,-1,1,-1,1,-1,0,0,1,-1,1,-1,-1,1,0,0,1,-1,0,0,0,0,-1,1
INTC,2017-04-27 16:06:45,AMC,0.0,0.03578777847365125,,NQ,tp,-218.0,445.56000000000495,423.06000000000495,0,0,1,-1,1,-1,0,2,0,0,-1,1,1,-1,1,-1,0,0,1,-1,-1,1,0,0,0,0,1,-1,0,0,1,-1,-1,1,-1,1,0,0,1,-1,0,0,0,0,1,-1,1,-1,0,0,0,-1,0,1,0,0,0,0,1,-1,-1,1,1,-1,0,0,1,-1,1,-1,1,-1,0,0,1,-1,1,-1,1,-1,0,2,1,-1,-1,1,-1,1,-1,1,-1,1,0,0,-1,1,-1,1,1,-1,0,0,1,-1,-1,1,1,-1,-1,1,1,-1,1,-1,-1,1,0,0,1,-1,1,-1,0,0,0,0,0,0,1,-1,0,0,0,0,0,0,0,2,-1,1,1,-1,0,0,1,-1,-1,1,-1,1,1,-1,1,-1,-1,1,1,-1,-1,1,1,-1,0,0,0,2,1,-1,-1,1,1,-1,-1,0,1,-1,1,-1,0,0,-1,1,1,-1,1,-1,1,-1,1,-1,1,-1,0,0,0,0,0,0,-1,1,1,-1,1,-1,1,-1,1,-1,1,-1,1,-1,0,0,1,-1,-1,1,1,-1,-1,1,1,-1,1,-1,1,-1,1,-1,0,0,0,0,0,0,1,-1,-1,1,1,-1,-1,1,1,-1,1,-1,1,-1,0,0,1,-1,1,-1,1,-1,0,0,0,0,-1,1,-1,1,-1,1,-1,1,1,-1,-1,1,0,0,-1,1,0,0,0,0,0,0,-1,1,-1,1,1,-1,0,0,1,-1,1,-1,0,0,1,-1,1,-1,1,-1,0,0,1,-1,1,-1,1,-1,0,0,1,-1,1,-1,-1,1,0,0,1,-1,0,0,0,0,-1,1
MSFT,2017-04-27 16:08:56,AMC,0.040302718194438224,0.11195199498455063,,NQ,stopped_pre,-233.0,-111.93499999999403,-134.43499999999403,0,2,1,-1,1,-1,0,2,1,-1,1,-1,1,-1,1,-1,0,0,1,-1,1,-1,0,0,0,0,1,-1,0,0,1,-1,1,-1,1,-1,0,1,0,0,0,0,1,-1,1,-1,1,-1,0,0,0,-1,0,-1,0,0,1,-1,1,-1,1,-1,-1,1,0,0,1,-1,1,-1,1,-1,1,-1,1,-1,1,-1,1,-1,0,2,1,-1,1,-1,1,-1,1,-1,1,-1,1,-1,1,-1,1,-1,1,-1,1,-1,1,-1,1,-1,1,-1,1,-1,1,-1,1,-1,1,-1,1,-1,1,-1,1,-1,0,0,0,0,0,0,1,-1,0,0,0,0,1,-1,0,0,1,-1,1,-1,1,-1,0,0,1,-1,1,-1,1,-1,-1,1,1,-1,1,-1,1,-1,-1,1,0,2,0,0,1,-1,1,-1,1,-1,1,0,1,-1,1,-1,0,2,1,-1,1,-1,1,-1,1,-1,1,-1,0,0,0,2,0,0,0,0,-1,1,1,-1,1,-1,1,-1,1,-1,1,-1,1,-1,0,0,1,-1,0,0,1,-1,1,-1,1,-1,1,-1,-1,1,1,-1,0,0,0,0,0,0,1,-1,-1,1,-1,1,-1,1,1,-1,1,-1,-1,1,1,-1,1,-1,1,-1,-1,1,0,2,0,0,-1,1,-1,1,-1,1,1,-1,1,-1,1,-1,-1,1,-1,1,-1,1,1,-1,1,-1,-1,1,1,-1,1,-1,0,0,1,-1,1,-1,0,0,-1,1,1,-1,1,-1,0,0,-1,1,1,-1,1,-1,1,-1,-1,1,-1,1,-1,1,1,-1,1,-1,0,0,1,-1,-1,1
AAPL,2017-05-02 16:31:37,AMC,0.004438920454545455,0.146484375,,NQ,,,,,0,0,-1,1,1,-1,1,0,1,-1,-1,1,1,-1,1,-1,0,0,1,-1,-1,1,0,0,0,0,1,-1,0,0,1,-1,1,-1,-1,1,0,0,-1,1,0,0,0,0,1,-1,1,-1,0,2,0,-1,0,-1,0,2,-1,1,1,-1,1,-1,1,-1,0,0,1,-1,1,-1,-1,1,0,0,1,-1,1,-1,-1,1,0,2,1,-1,1,-1,-1,1,1,-1,1,-1,0,0,0,0,-1,1,1,-1,1,-1,1,-1,-1,1,-1,1,1,-1,1,-1,-1,1,1,-1,1,-1,1,-1,0,0,0,0,0,0,1,-1,1,-1,0,0,0,0,-1,1,0,2,1,-1,1,-1,1,-1,1,-1,-1,1,1,-1,1,-1,1,-1,1,-1,-1,1,-1,1,-1,1,0,0,0,0,1,-1,-1,1,1,-1,1,0,-1,1,1,-1,0,0,1,-1,1,-1,1,-1,-1,1,1,-1,0,0,0,0,0,0,0,0,1,-1,0,0,1,-1,1,-1,1,-1,1,-1,-1,1,0,0,-1,1,-1,1,1,-1,1,-1,-1,1,1,-1,-1,1,1,-1,0,0,0,0,0,0,-1,1,1,-1,-1,1,1,-1,1,-1,-1,1,1,-1,1,-1,1,-1,1,-1,-1,1,0,0,0,2,1,-1,1,-1,1,-1,1,-1,1,-1,-1,1,0,0,-1,1,0,0,-1,1,1,-1,-1,1,-1,1,-1,1,0,0,-1,1,1,-1,0,0,1,-1,1,-1,-1,1,0,2,1,-1,1,-1,1,-1,1,-1,1,-1,1,-1,1,-1,1,-1,1,-1,0,0,-1,1,1,-1
META,2017-05-03 16:13:45,AMC,0.06236357966947303,0.04009265858873842,,NQ,stopped_pre,-44.0,-112.34000000000378,-134.84000000000378,0,0,-1,1,1,-1,0,2,1,-1,-1,1,1,-1,1,-1,0,0,1,-1,1,-1,0,0,0,0,1,-1,0,0,-1,1,-1,1,-1,1,0,0,1,-1,-1,1,0,0,-1,1,1,-1,0,2,0,1,0,1,0,0,0,0,1,-1,-1,1,-1,1,0,0,-1,1,-1,1,-1,1,0,0,1,-1,1,-1,-1,1,0,2,-1,1,-1,1,-1,1,-1,1,-1,1,0,0,-1,1,0,0,1,-1,0,0,1,-1,-1,1,-1,1,-1,1,1,-1,-1,1,-1,1,0,0,-1,1,-1,1,0,0,0,0,0,0,0,0,0,0,0,0,-1,1,0,2,1,-1,1,-1,-1,1,1,-1,-1,1,-1,1,-1,1,-1,1,-1,1,-1,1,-1,1,-1,1,0,0,0,2,-1,1,-1,1,-1,1,-1,0,-1,1,-1,1,0,0,-1,1,-1,1,1,-1,1,-1,1,-1,0,0,0,0,0,0,0,0,-1,1,0,0,-1,1,0,0,-1,1,-1,1,-1,1,0,0,-1,1,-1,1,-1,1,-1,1,-1,1,0,0,-1,1,-1,1,0,0,0,0,0,0,-1,1,-1,1,1,-1,-1,1,-1,1,-1,1,1,-1,0,0,-1,1,1,-1,1,-1,0,0,0,0,1,-1,1,-1,1,-1,-1,1,-1,1,-1,1,0,0,1,-1,0,0,-1,1,0,0,-1,1,-1,1,-1,1,0,0,1,-1,1,-1,0,0,-1,1,-1,1,-1,1,0,0,1,-1,-1,1,1,-1,0,0,1,-1,-1,1,1,-1,0,0,1,-1,0,0,-1,1,-1,1
AVGO,2017-06-01 16:12:57,AMC,0.004293872643737387,0.004293688278231,,NQ,timed,122.0,50.0,27.5,0,0,1,-1,1,-1,1,0,1,-1,1,-1,1,-1,1,-1,1,-1,1,-1,1,-1,0,0,0,0,1,-1,0,0,1,-1,1,-1,1,-1,0,0,-1,1,0,0,1,-1,1,-1,1,-1,0,2,0,-1,0,-1,0,0,0,0,1,-1,1,-1,1,-1,0,0,1,-1,1,-1,1,-1,1,-1,1,-1,-1,1,1,-1,0,2,1,-1,1,-1,1,-1,1,-1,1,-1,1,-1,0,0,0,0,1,-1,1,-1,1,-1,1,-1,1,-1,1,-1,1,-1,1,-1,1,-1,0,0,1,-1,1,-1,0,0,0,0,1,-1,1,-1,0,0,0,0,0,0,0,2,1,-1,1,-1,1,-1,1,-1,1,-1,1,-1,1,-1,-1,1,1,-1,-1,1,1,-1,-1,1,0,0,0,0,1,-1,1,-1,1,-1,1,0,1,-1,1,-1,0,0,1,-1,1,-1,1,-1,1,-1,1,-1,-1,1,0,0,0,0,0,0,1,-1,0,0,1,-1,1,-1,1,-1,1,-1,1,-1,0,0,1,-1,1,-1,1,-1,1,-1,-1,1,1,-1,-1,1,1,-1,0,0,0,0,0,0,1,-1,1,-1,1,-1,1,-1,-1,1,1,-1,-1,1,1,-1,1,-1,1,-1,-1,1,0,0,0,0,1,-1,-1,1,1,-1,1,-1,1,-1,1,-1,0,0,-1,1,0,0,0,0,1,-1,-1,1,1,-1,1,-1,0,0,1,-1,1,-1,0,0,1,-1,1,-1,-1,1,0,0,-1,1,1,-1,1,-1,1,-1,1,-1,-1,1,-1,1,1,-1,1,-1,0,0,0,0,1,-1
MU,2017-06-29 16:01:25,AMC,0.004417546494676856,0.13253224951404843,0.017760412041559363,NQ,stopped_pre,-86.0,-113.21500000000015,-135.71500000000015,0,0,1,-1,1,-1,0,2,1,-1,-1,1,-1,1,1,-1,0,0,1,-1,-1,1,0,0,0,2,1,-1,0,0,1,-1,-1,1,-1,1,0,0,-1,1,-1,1,0,0,1,-1,1,-1,0,2,0,-1,0,0,0,0,0,0,-1,1,-1,1,1,-1,0,0,-1,1,-1,1,-1,1,-1,1,1,-1,-1,1,1,-1,0,0,1,-1,-1,1,-1,1,-1,1,1,-1,0,0,-1,1,0,0,1,-1,0,0,0,0,1,-1,-1,1,1,-1,1,-1,1,-1,-1,1,0,0,-1,1,0,0,0,0,0,0,0,0,1,-1,0,0,0,0,0,0,0,2,1,-1,1,-1,-1,1,1,-1,-1,1,-1,1,1,-1,1,-1,-1,1,-1,1,-1,1,1,-1,0,0,0,2,-1,1,0,0,-1,1,-1,0,-1,1,1,-1,0,0,-1,1,-1,1,-1,1,1,-1,-1,1,-1,1,0,0,0,0,0,0,-1,1,-1,1,-1,1,-1,1,-1,1,-1,1,-1,1,0,0,-1,1,0,0,-1,1,-1,1,-1,1,1,-1,1,-1,1,-1,0,0,0,0,0,0,-1,1,1,-1,1,-1,-1,1,-1,1,1,-1,1,-1,0,0,-1,1,1,-1,-1,1,0,0,0,2,-1,1,-1,1,-1,1,-1,1,1,-1,-1,1,0,0,-1,1,0,0,-1,1,0,0,-1,1,-1,1,-1,1,0,0,-1,1,-1,1,0,0,1,-1,1,-1,-1,1,0,0,1,-1,-1,1,-1,1,0,0,1,-1,1,-1,-1,1,0,0,-1,1,0,0,0,0,-1,1
MSFT,2017-07-20 16:08:03,AMC,0.08014172431246837,0.05061582588155897,,NQ,timed,416.0,-60.0,-82.5,0,0,1,-1,-1,1,0,2,-1,1,1,-1,1,-1,1,-1,0,0,-1,1,-1,1,0,0,0,2,-1,1,0,0,1,-1,1,-1,1,-1,0,0,0,0,0,0,1,-1,1,-1,1,-1,0,0,0,-1,0,-1,0,0,0,0,-1,1,-1,1,1,-1,0,0,-1,1,1,-1,1,-1,0,0,1,-1,-1,1,1,-1,0,0,1,-1,1,-1,-1,1,1,-1,1,-1,0,0,1,-1,0,0,-1,1,1,-1,0,0,1,-1,1,-1,1,-1,1,-1,1,-1,1,-1,0,0,1,-1,1,-1,0,0,0,0,0,0,1,-1,0,0,0,0,0,0,0,0,1,-1,1,-1,-1,1,-1,1,1,-1,1,-1,1,-1,1,-1,1,-1,1,-1,-1,1,1,-1,0,0,0,2,-1,1,0,0,1,-1,1,0,1,-1,1,-1,0,0,1,-1,-1,1,1,-1,1,-1,1,-1,0,0,0,0,0,0,0,0,1,-1,0,0,1,-1,1,-1,1,-1,1,-1,1,-1,0,0,1,-1,0,0,-1,1,1,-1,1,-1,1,-1,1,-1,1,-1,0,0,0,0,0,0,1,-1,1,-1,-1,1,-1,1,1,-1,1,-1,-1,1,0,0,-1,1,1,-1,1,-1,0,0,0,0,1,-1,1,-1,-1,1,1,-1,1,-1,1,-1,0,0,-1,1,0,0,0,0,0,0,-1,1,-1,1,-1,1,0,0,1,-1,-1,1,0,0,-1,1,1,-1,1,-1,0,0,-1,1,1,-1,1,-1,1,-1,1,-1,1,-1,1,-1,0,0,-1,1,0,0,0,0,1,-1
GOOGL,2017-07-24 16:01:31,AMC,0.1471825063078217,0.25651808242220353,0.12493394102985803,NQ,stopped_post,253.0,-118.8800000000083,-141.3800000000083,0,0,-1,1,-1,1,-1,0,0,0,-1,1,1,-1,-1,1,0,0,-1,1,0,0,0,0,0,0,-1,1,0,0,-1,1,-1,1,-1,1,0,0,0,0,0,0,-1,1,-1,1,-1,1,0,0,0,1,0,1,0,0,0,0,-1,1,-1,1,-1,1,0,0,-1,1,1,-1,-1,1,-1,1,-1,1,1,-1,-1,1,0,2,-1,1,-1,1,-1,1,-1,1,-1,1,-1,1,0,0,0,0,-1,1,0,0,1,-1,-1,1,-1,1,-1,1,1,-1,-1,1,-1,1,-1,1,-1,1,0,0,0,0,0,0,0,0,0,0,0,0,0,0,-1,1,0,2,-1,1,1,-1,0,0,0,0,-1,1,-1,1,-1,1,1,-1,-1,1,-1,1,-1,1,1,-1,0,2,0,0,-1,1,-1,1,-1,1,-1,0,-1,1,-1,1,0,0,-1,1,-1,1,-1,1,1,-1,-1,1,0,0,0,0,0,0,0,0,-1,1,1,-1,1,-1,1,-1,1,-1,1,-1,-1,1,0,0,-1,1,0,0,1,-1,-1,1,-1,1,0,0,-1,1,-1,1,0,0,0,0,0,0,-1,1,-1,1,1,-1,-1,1,-1,1,1,-1,1,-1,0,0,-1,1,0,0,1,-1,0,2,0,0,1,-1,1,-1,1,-1,-1,1,-1,1,-1,1,0,0,1,-1,0,0,-1,1,0,0,-1,1,-1,1,-1,1,0,0,-1,1,-1,1,0,0,-1,1,-1,1,1,-1,0,0,1,-1,-1,1,1,-1,0,0,-1,1,1,-1,1,-1,0,0,-1,1,0,0,-1,1,-1,1
META,2017-07-26 16:07:54,AMC,0.008413259296651524,0.15985865129779983,,NQ,stopped_pre,-162.0,-119.09999999999854,-141.59999999999854,0,2,1,-1,1,-1,1,0,0,0,1,-1,1,-1,1,-1,0,0,1,-1,1,-1,0,0,0,0,1,-1,0,0,1,-1,1,-1,1,-1,0,1,1,-1,0,0,1,-1,1,-1,1,-1,0,0,0,-1,0,-1,0,0,1,-1,1,-1,-1,1,-1,1,0,0,1,-1,1,-1,1,-1,1,-1,1,-1,-1,1,1,-1,0,2,1,-1,1,-1,1,-1,1,-1,1,-1,1,-1,1,-1,1,-1,1,-1,1,-1,0,0,1,-1,1,-1,1,-1,1,-1,1,-1,1,-1,1,-1,1,-1,1,-1,0,0,0,0,0,0,1,-1,0,0,0,0,1,-1,0,0,1,-1,1,-1,1,-1,-1,1,1,-1,1,-1,1,-1,-1,1,1,-1,1,-1,1,-1,-1,1,0,2,0,0,1,-1,1,-1,1,-1,1,0,1,-1,1,-1,0,0,1,-1,1,-1,1,-1,-1,1,1,-1,-1,1,0,0,0,0,0,0,-1,1,1,-1,1,-1,1,-1,1,-1,1,-1,1,-1,0,0,1,-1,-1,1,1,-1,1,-1,1,-1,1,-1,-1,1,1,-1,0,0,0,0,0,0,1,-1,-1,1,-1,1,-1,1,1,-1,1,-1,-1,1,0,0,1,-1,1,-1,-1,1,0,2,0,0,-1,1,-1,1,-1,1,1,-1,1,-1,1,-1,0,0,-1,1,0,0,1,-1,0,0,-1,1,1,-1,1,-1,0,0,1,-1,1,-1,0,2,1,-1,1,-1,1,-1,0,0,-1,1,1,-1,1,-1,0,0,-1,1,1,-1,-1,1,0,0,1,-1,0,0,1,-1,-1,1
INTC,2017-07-27 16:06:34,AMC,0.03812913065582105,0.07625503071383181,0.022518914637279647,NQ,tp,236.0,471.0399999999936,448.5399999999936,0,2,1,-1,1,-1,1,0,1,-1,1,-1,-1,1,1,-1,1,-1,1,-1,1,-1,0,0,0,2,1,-1,0,0,1,-1,1,-1,1,-1,0,0,0,0,0,0,1,-1,1,-1,1,-1,0,0,0,-1,0,-1,0,0,1,-1,1,-1,1,-1,-1,1,0,0,1,-1,-1,1,1,-1,1,-1,1,-1,-1,1,1,-1,0,2,1,-1,1,-1,1,-1,1,-1,1,-1,1,-1,1,-1,1,-1,1,-1,1,-1,1,-1,1,-1,1,-1,1,-1,1,-1,1,-1,1,-1,1,-1,1,-1,1,-1,0,0,0,0,0,0,1,-1,0,0,0,0,1,-1,0,2,1,-1,1,-1,1,-1,1,-1,1,-1,1,-1,1,-1,1,-1,1,-1,1,-1,1,-1,-1,1,0,0,0,0,1,-1,1,-1,1,-1,1,0,1,-1,1,-1,0,0,1,-1,1,-1,1,-1,1,-1,1,-1,-1,1,0,0,0,0,0,0,1,-1,-1,1,-1,1,-1,1,-1,1,-1,1,1,-1,0,0,1,-1,0,0,-1,1,1,-1,1,-1,1,-1,-1,1,1,-1,0,0,0,0,0,0,1,-1,1,-1,-1,1,-1,1,1,-1,1,-1,-1,1,1,-1,1,-1,1,-1,-1,1,0,0,0,0,-1,1,-1,1,1,-1,1,-1,1,-1,1,-1,0,0,-1,1,0,0,1,-1,1,-1,-1,1,1,-1,1,-1,0,0,1,-1,1,-1,0,2,1,-1,1,-1,1,-1,0,0,-1,1,1,-1,-1,1,1,-1,-1,1,-1,1,-1,1,1,-1,1,-1,0,0,1,-1,1,-1
AMZN,2017-07-27 16:07:05,AMC,0.03811621209554464,0.06352432981832042,,NQ,stopped_pre,-273.0,-118.11999999999898,-140.61999999999898,0,0,-1,1,1,-1,-1,0,1,-1,-1,1,-1,1,1,-1,0,0,-1,1,-1,1,0,0,0,0,1,-1,0,0,1,-1,-1,1,-1,1,0,0,1,-1,1,-1,0,0,1,-1,1,-1,0,0,0,-1,0,-1,0,0,0,0,1,-1,1,-1,-1,1,0,0,1,-1,-1,1,1,-1,0,0,1,-1,-1,1,-1,1,0,2,-1,1,-1,1,1,-1,1,-1,1,-1,0,0,-1,1,-1,1,1,-1,1,-1,1,-1,-1,1,-1,1,1,-1,1,-1,-1,1,-1,1,0,0,-1,1,1,-1,0,0,0,0,0,0,1,-1,0,0,0,0,0,0,0,0,1,-1,1,-1,0,0,1,-1,-1,1,1,-1,1,-1,1,-1,1,-1,1,-1,1,-1,1,-1,0,0,0,0,1,-1,0,0,1,-1,1,0,1,-1,1,-1,0,0,-1,1,1,-1,1,-1,1,-1,1,-1,1,-1,0,0,0,0,0,0,-1,1,-1,1,-1,1,-1,1,-1,1,-1,1,1,-1,0,0,-1,1,0,0,-1,1,-1,1,1,-1,1,-1,-1,1,-1,1,0,0,0,0,0,0,1,-1,1,-1,1,-1,1,-1,-1,1,1,-1,-1,1,1,-1,1,-1,1,-1,-1,1,0,0,0,0,1,-1,1,-1,1,-1,-1,1,1,-1,-1,1,0,0,-1,1,0,0,0,0,1,-1,-1,1,1,-1,1,-1,0,0,1,-1,1,-1,0,0,1,-1,1,-1,1,-1,0,0,1,-1,-1,1,-1,1,0,0,1,-1,1,-1,1,-1,0,0,1,-1,0,0,0,0,1,-1
AAPL,2017-08-01 16:30:15,AMC,0.3353995075146472,0.6580064527084395,,NQ,,,,,0,0,-1,1,-1,1,0,2,0,0,1,-1,-1,1,-1,1,0,0,-1,1,1,-1,0,0,0,2,-1,1,0,0,-1,1,-1,1,-1,1,0,0,-1,1,0,0,-1,1,-1,1,-1,1,0,0,0,-1,0,1,0,0,0,0,1,-1,-1,1,-1,1,0,0,-1,1,-1,1,-1,1,-1,1,1,-1,1,-1,-1,1,0,0,-1,1,-1,1,-1,1,-1,1,-1,1,0,0,0,0,1,-1,-1,1,-1,1,0,0,-1,1,-1,1,-1,1,-1,1,-1,1,1,-1,-1,1,-1,1,-1,1,0,0,0,0,0,0,-1,1,0,0,0,0,0,0,0,0,-1,1,-1,1,-1,1,-1,1,-1,1,-1,1,-1,1,-1,1,-1,1,-1,1,-1,1,-1,1,0,0,0,0,-1,1,-1,1,-1,1,-1,0,-1,1,-1,1,0,0,-1,1,-1,1,-1,1,1,-1,1,-1,1,-1,0,0,0,0,0,0,-1,1,0,0,-1,1,0,0,-1,1,-1,1,-1,1,0,0,-1,1,1,-1,-1,1,1,-1,-1,1,-1,1,-1,1,-1,1,0,0,0,0,0,0,-1,1,-1,1,1,-1,-1,1,-1,1,-1,1,1,-1,0,0,-1,1,-1,1,1,-1,0,0,0,0,-1,1,-1,1,1,-1,-1,1,-1,1,-1,1,0,0,1,-1,0,0,-1,1,0,0,-1,1,-1,1,-1,1,0,0,1,-1,1,-1,0,0,-1,1,-1,1,-1,1,0,0,-1,1,-1,1,-1,1,0,0,1,-1,-1,1,-1,1,-1,1,1,-1,0,0,-1,1,-1,1
AVGO,2017-08-24 16:08:36,AMC,0.008559445347941454,0.05991611743559017,0.008404176357952256,NQ,timed,383.0,-50.0,-72.5,0,0,1,-1,1,-1,0,2,-1,1,1,-1,1,-1,1,-1,0,0,1,-1,1,-1,0,0,0,2,1,-1,0,0,1,-1,1,-1,1,-1,0,1,-1,1,-1,1,1,-1,1,-1,1,-1,0,0,0,-1,0,-1,0,0,1,-1,1,-1,1,-1,-1,1,0,0,1,-1,-1,1,1,-1,0,0,1,-1,1,-1,1,-1,0,0,1,-1,1,-1,1,-1,1,-1,1,-1,1,-1,1,-1,0,0,1,-1,0,0,-1,1,1,-1,1,-1,1,-1,1,-1,1,-1,1,-1,1,-1,1,-1,1,-1,0,0,0,0,0,0,0,0,0,0,0,0,1,-1,0,2,1,-1,1,-1,1,-1,1,-1,1,-1,1,-1,1,-1,1,-1,1,-1,1,-1,1,-1,1,-1,0,0,0,2,1,-1,1,-1,1,-1,1,0,1,-1,1,-1,0,0,1,-1,1,-1,1,-1,1,-1,1,-1,0,0,0,0,0,0,0,0,1,-1,0,0,-1,1,0,0,-1,1,-1,1,1,-1,0,0,1,-1,1,-1,-1,1,1,-1,1,-1,1,-1,1,-1,1,-1,0,0,0,0,0,0,1,-1,1,-1,1,-1,-1,1,1,-1,1,-1,-1,1,0,0,1,-1,1,-1,-1,1,0,2,0,0,-1,1,-1,1,-1,1,1,-1,1,-1,1,-1,0,0,-1,1,0,0,1,-1,0,0,1,-1,1,-1,1,-1,0,0,1,-1,1,-1,0,2,1,-1,1,-1,1,-1,0,0,1,-1,1,-1,1,-1,0,0,1,-1,1,-1,-1,1,0,0,1,-1,0,0,1,-1,-1,1
MU,2017-09-26 16:00:30,AMC,0.008491847826086956,0.055197010869565216,0.015885623543664046,NQ,timed,869.0,120.0,97.5,0,2,-1,1,-1,1,-1,0,-1,1,-1,1,-1,1,-1,1,0,0,-1,1,-1,1,0,0,0,0,-1,1,0,0,-1,1,-1,1,-1,1,0,0,0,0,0,0,-1,1,-1,1,-1,1,0,0,0,1,0,1,0,0,0,0,-1,1,-1,1,-1,1,0,0,-1,1,0,0,-1,1,-1,1,-1,1,1,-1,-1,1,0,2,-1,1,-1,1,-1,1,-1,1,-1,1,0,0,0,0,0,0,-1,1,-1,1,-1,1,-1,1,-1,1,-1,1,-1,1,-1,1,-1,1,0,0,-1,1,-1,1,0,0,0,0,-1,1,-1,1,0,0,0,0,-1,1,0,0,-1,1,-1,1,-1,1,1,-1,-1,1,-1,1,-1,1,1,-1,-1,1,-1,1,-1,1,1,-1,0,2,0,0,-1,1,-1,1,-1,1,-1,0,-1,1,-1,1,0,2,-1,1,1,-1,-1,1,-1,1,-1,1,1,-1,0,0,0,0,0,0,-1,1,0,0,1,-1,0,0,1,-1,1,-1,-1,1,0,0,-1,1,-1,1,-1,1,-1,1,-1,1,-1,1,1,-1,-1,1,0,0,0,0,0,0,-1,1,-1,1,-1,1,1,-1,-1,1,-1,1,1,-1,-1,1,-1,1,-1,1,1,-1,0,0,0,0,1,-1,1,-1,-1,1,-1,1,-1,1,-1,1,0,0,1,-1,0,0,-1,1,-1,1,1,-1,-1,1,-1,1,0,0,-1,1,-1,1,0,0,-1,1,-1,1,1,-1,0,0,1,-1,-1,1,-1,1,-1,1,1,-1,-1,1,1,-1,-1,1,-1,1,0,0,-1,1,-1,1
GOOGL,2017-10-26 16:02:01,AMC,0.07442937479325173,0.7525636784651009,0.1471825063078217,NQ,stopped_pre,-171.0,-120.93500000000859,-143.43500000000859,0,0,1,-1,1,-1,0,2,1,-1,1,-1,-1,1,1,-1,1,-1,1,-1,-1,1,0,0,0,0,1,-1,0,0,1,-1,1,-1,1,-1,0,0,1,-1,0,0,0,0,1,-1,1,-1,0,0,0,-1,0,-1,0,0,0,0,1,-1,1,-1,1,-1,0,0,1,-1,-1,1,1,-1,1,-1,-1,1,1,-1,1,-1,0,2,1,-1,1,-1,1,-1,1,-1,1,-1,0,0,0,0,0,0,1,-1,1,-1,1,-1,1,-1,1,-1,1,-1,1,-1,1,-1,-1,1,0,0,1,-1,1,-1,0,0,0,0,0,0,1,-1,0,0,0,0,1,-1,0,2,1,-1,1,-1,1,-1,0,0,1,-1,1,-1,1,-1,1,-1,1,-1,-1,1,1,-1,-1,1,0,2,0,0,1,-1,0,0,1,-1,1,0,1,-1,1,-1,0,0,1,-1,1,-1,1,-1,1,-1,-1,1,-1,1,0,0,0,0,0,0,1,-1,0,0,1,-1,0,0,-1,1,-1,1,1,-1,0,0,1,-1,-1,1,-1,1,-1,1,1,-1,0,0,1,-1,1,-1,0,0,0,0,0,0,1,-1,1,-1,-1,1,1,-1,-1,1,1,-1,-1,1,1,-1,1,-1,0,0,-1,1,0,0,0,0,-1,1,-1,1,-1,1,1,-1,1,-1,1,-1,0,0,-1,1,0,0,0,0,1,-1,1,-1,1,-1,1,-1,0,0,1,-1,1,-1,0,2,1,-1,1,-1,1,-1,0,0,-1,1,1,-1,-1,1,1,-1,-1,1,1,-1,-1,1,1,-1,1,-1,0,0,1,-1,1,-1
MSFT,2017-10-26 16:04:05,AMC,0.0,0.3708893101458831,0.07660387887008932,NQ,tp,-12.0,483.2999999999993,460.7999999999993,0,0,-1,1,-1,1,0,2,1,-1,-1,1,-1,1,1,-1,1,-1,1,-1,-1,1,0,0,0,2,1,-1,0,0,-1,1,-1,1,-1,1,0,-1,-1,1,0,0,-1,1,-1,1,-1,1,0,0,0,1,0,1,0,0,-1,1,-1,1,-1,1,-1,1,0,0,1,-1,-1,1,1,-1,0,0,-1,1,-1,1,-1,1,0,2,-1,1,-1,1,1,-1,-1,1,-1,1,0,0,-1,1,-1,1,1,-1,-1,1,1,-1,-1,1,-1,1,-1,1,1,-1,-1,1,-1,1,-1,1,-1,1,-1,1,0,0,0,0,1,-1,0,0,0,0,0,0,0,0,0,2,-1,1,-1,1,1,-1,-1,1,-1,1,-1,1,-1,1,-1,1,-1,1,-1,1,1,-1,-1,1,0,0,0,2,-1,1,0,0,-1,1,-1,0,-1,1,-1,1,0,0,-1,1,-1,1,-1,1,-1,1,-1,1,1,-1,0,0,0,0,0,0,-1,1,-1,1,-1,1,0,0,-1,1,-1,1,-1,1,0,0,-1,1,-1,1,-1,1,-1,1,-1,1,-1,1,1,-1,-1,1,0,0,0,0,0,0,1,-1,-1,1,1,-1,-1,1,-1,1,-1,1,-1,1,0,0,1,-1,-1,1,1,-1,0,0,0,0,1,-1,1,-1,-1,1,-1,1,1,-1,-1,1,0,0,-1,1,0,0,0,0,0,0,1,-1,1,-1,-1,1,0,0,-1,1,-1,1,0,0,-1,1,-1,1,1,-1,0,0,-1,1,-1,1,-1,1,0,0,-1,1,1,-1,1,-1,0,0,-1,1,0,0,0,0,1,-1
INTC,2017-10-26 16:07:05,AMC,0.032950286255611846,0.2800774331727007,0.023519727171164816,NQ,tp,-26.0,483.68000000000393,461.18000000000393,0,0,-1,1,-1,1,0,2,1,-1,1,-1,-1,1,-1,1,0,0,1,-1,1,-1,0,0,0,2,-1,1,0,0,-1,1,1,-1,1,-1,0,0,-1,1,0,0,0,0,-1,1,-1,1,0,0,0,-1,0,-1,0,0,0,0,-1,1,1,-1,1,-1,0,0,-1,1,-1,1,-1,1,1,-1,1,-1,-1,1,-1,1,0,2,1,-1,1,-1,-1,1,1,-1,1,-1,0,0,1,-1,1,-1,-1,1,0,0,0,0,1,-1,-1,1,1,-1,-1,1,1,-1,1,-1,0,0,1,-1,-1,1,0,0,0,0,0,0,-1,1,0,0,0,0,0,0,0,2,1,-1,1,-1,0,0,1,-1,1,-1,1,-1,1,-1,-1,1,1,-1,1,-1,-1,1,-1,1,0,0,0,2,-1,1,0,0,1,-1,1,0,-1,1,-1,1,0,0,1,-1,-1,1,1,-1,1,-1,1,-1,-1,1,0,0,0,0,0,0,1,-1,0,0,-1,1,0,0,-1,1,-1,1,-1,1,0,0,1,-1,-1,1,-1,1,1,-1,-1,1,0,0,-1,1,1,-1,0,0,0,0,0,0,-1,1,1,-1,-1,1,1,-1,-1,1,1,-1,1,-1,1,-1,-1,1,0,0,-1,1,0,0,0,0,1,-1,1,-1,-1,1,1,-1,-1,1,1,-1,0,0,-1,1,0,0,1,-1,1,-1,1,-1,-1,1,-1,1,0,0,1,-1,-1,1,0,0,-1,1,1,-1,1,-1,0,0,1,-1,-1,1,-1,1,1,-1,1,-1,-1,1,1,-1,1,-1,-1,1,0,0,0,0,1,-1
AMZN,2017-10-26 16:09:54,AMC,0.020582060675914872,0.2593339645165274,,NQ,timed,305.0,375.0,352.5,0,2,1,-1,1,-1,0,2,0,0,1,-1,1,-1,1,-1,0,0,1,-1,1,-1,0,0,0,0,1,-1,0,0,1,-1,1,-1,1,-1,0,1,1,-1,1,-1,1,-1,1,-1,1,-1,0,0,0,-1,0,-1,0,0,1,-1,1,-1,1,-1,-1,1,0,0,1,-1,1,-1,1,-1,1,-1,1,-1,-1,1,1,-1,0,2,1,-1,1,-1,1,-1,1,-1,1,-1,1,-1,1,-1,1,-1,1,-1,1,-1,1,-1,1,-1,1,-1,1,-1,1,-1,1,-1,1,-1,1,-1,1,-1,1,-1,0,0,0,0,0,0,1,-1,0,0,0,0,1,-1,0,0,1,-1,1,-1,0,0,1,-1,1,-1,1,-1,1,-1,1,-1,1,-1,1,-1,1,-1,1,-1,0,2,0,2,1,-1,1,-1,1,-1,1,0,1,-1,1,-1,0,2,1,-1,1,-1,1,-1,1,-1,1,-1,-1,1,0,2,0,0,0,0,-1,1,0,0,1,-1,0,0,1,-1,1,-1,1,-1,0,0,1,-1,0,0,1,-1,1,-1,1,-1,0,0,1,-1,1,-1,0,0,0,0,0,0,1,-1,-1,1,-1,1,-1,1,1,-1,1,-1,-1,1,1,-1,1,-1,0,0,-1,1,0,2,0,0,-1,1,-1,1,-1,1,1,-1,1,-1,1,-1,0,0,-1,1,0,0,1,-1,1,-1,-1,1,1,-1,1,-1,0,0,1,-1,1,-1,0,0,1,-1,1,-1,1,-1,0,0,-1,1,1,-1,1,-1,1,-1,-1,1,1,-1,-1,1,1,-1,1,-1,0,0,1,-1,-1,1
META,2017-11-01 16:11:06,AMC,0.004002721850858584,0.09607301549177376,,NQ,stopped_pre,-133.0,-125.03500000000713,-147.53500000000713,0,0,1,-1,1,-1,0,2,1,-1,1,-1,-1,1,1,-1,0,0,1,-1,1,-1,0,0,0,0,1,-1,0,0,-1,1,1,-1,1,-1,0,1,1,-1,0,0,1,-1,1,-1,1,-1,0,0,0,-1,0,-1,0,0,1,-1,-1,1,1,-1,1,-1,0,0,1,-1,0,0,-1,1,1,-1,1,-1,1,-1,1,-1,0,2,1,-1,1,-1,1,-1,1,-1,1,-1,1,-1,1,-1,-1,1,1,-1,1,-1,1,-1,1,-1,1,-1,1,-1,1,-1,1,-1,1,-1,1,-1,1,-1,0,0,0,0,0,0,0,0,1,-1,0,0,0,0,1,-1,0,2,1,-1,1,-1,1,-1,1,-1,1,-1,1,-1,1,-1,-1,1,1,-1,1,-1,1,-1,1,-1,0,0,0,0,1,-1,1,-1,1,-1,1,0,1,-1,1,-1,0,0,1,-1,1,-1,1,-1,1,-1,1,-1,1,-1,0,0,0,0,0,0,1,-1,-1,1,-1,1,0,0,-1,1,-1,1,1,-1,0,0,1,-1,1,-1,-1,1,1,-1,1,-1,1,-1,1,-1,1,-1,0,0,0,0,0,0,1,-1,1,-1,1,-1,1,-1,-1,1,1,-1,1,-1,1,-1,1,-1,1,-1,1,-1,0,0,0,0,-1,1,1,-1,1,-1,1,-1,1,-1,1,-1,0,0,1,-1,0,0,1,-1,1,-1,-1,1,1,-1,1,-1,0,0,1,-1,1,-1,0,2,1,-1,1,-1,1,-1,0,0,-1,1,1,-1,-1,1,1,-1,-1,1,1,-1,1,-1,1,-1,1,-1,0,0,1,-1,-1,1
AAPL,2017-11-02 16:30:16,AMC,0.1202453004128422,0.4249859674444712,,NQ,,,,,0,0,-1,1,-1,1,-1,0,0,0,1,-1,1,-1,-1,1,0,0,-1,1,1,-1,0,0,0,0,-1,1,0,0,-1,1,-1,1,-1,1,0,0,0,0,0,0,-1,1,-1,1,-1,1,0,2,0,-1,0,0,0,0,0,0,-1,1,-1,1,-1,1,0,0,-1,1,0,0,-1,1,-1,1,1,-1,1,-1,-1,1,0,2,-1,1,-1,1,-1,1,-1,1,-1,1,0,0,0,0,1,-1,-1,1,0,0,1,-1,-1,1,-1,1,-1,1,1,-1,1,-1,-1,1,0,0,-1,1,-1,1,0,0,0,0,0,0,0,0,0,0,0,0,-1,1,0,2,-1,1,0,0,-1,1,-1,1,-1,1,-1,1,-1,1,-1,1,-1,1,-1,1,-1,1,1,-1,0,0,0,0,-1,1,-1,1,-1,1,-1,0,-1,1,-1,1,0,0,-1,1,-1,1,-1,1,-1,1,1,-1,-1,1,0,0,0,0,0,0,-1,1,0,0,1,-1,0,0,-1,1,1,-1,-1,1,0,0,-1,1,0,0,1,-1,-1,1,-1,1,0,0,-1,1,-1,1,0,0,0,0,0,0,-1,1,-1,1,1,-1,1,-1,-1,1,1,-1,1,-1,-1,1,-1,1,0,0,-1,1,0,0,0,2,-1,1,-1,1,1,-1,-1,1,1,-1,-1,1,0,0,1,-1,0,0,0,0,-1,1,-1,1,-1,1,-1,1,0,0,1,-1,-1,1,0,2,-1,1,1,-1,-1,1,0,0,1,-1,-1,1,1,-1,0,0,1,-1,-1,1,-1,1,-1,1,-1,1,0,0,-1,1,-1,1
AVGO,2017-12-06 16:10:33,AMC,0.04371150407311743,0.08345255126371007,0.008559445347941454,NQ,timed,266.0,25.0,2.5,0,0,-1,1,-1,1,-1,0,0,0,-1,1,1,-1,-1,1,0,0,-1,1,-1,1,0,0,0,0,-1,1,0,0,-1,1,-1,1,-1,1,0,0,-1,1,0,0,0,0,-1,1,-1,1,0,0,0,-1,0,1,0,0,-1,1,-1,1,1,-1,-1,1,0,0,-1,1,1,-1,-1,1,-1,1,-1,1,-1,1,-1,1,0,2,-1,1,-1,1,1,-1,-1,1,-1,1,0,0,-1,1,-1,1,-1,1,-1,1,-1,1,-1,1,-1,1,-1,1,-1,1,-1,1,-1,1,0,0,-1,1,-1,1,0,0,0,0,0,0,-1,1,0,0,0,0,0,0,0,2,-1,1,-1,1,1,-1,0,0,-1,1,-1,1,-1,1,-1,1,-1,1,1,-1,1,-1,-1,1,0,0,0,2,-1,1,0,0,-1,1,-1,0,-1,1,-1,1,0,0,-1,1,1,-1,-1,1,-1,1,-1,1,-1,1,0,0,0,0,0,0,-1,1,1,-1,1,-1,0,0,1,-1,1,-1,-1,1,0,0,1,-1,0,0,1,-1,-1,1,1,-1,-1,1,-1,1,-1,1,0,0,0,0,0,0,-1,1,-1,1,-1,1,1,-1,1,-1,-1,1,1,-1,-1,1,1,-1,0,0,-1,1,0,0,0,0,-1,1,-1,1,-1,1,-1,1,-1,1,-1,1,0,0,1,-1,0,0,0,0,-1,1,1,-1,1,-1,1,-1,0,0,1,-1,-1,1,0,2,-1,1,-1,1,-1,1,0,0,1,-1,1,-1,1,-1,-1,1,-1,1,-1,1,-1,1,-1,1,-1,1,0,0,0,0,-1,1
MU,2017-12-19 16:01:11,AMC,0.003845562221196739,0.007691124442393478,0.014010835045768727,NQ,timed,828.0,75.0,52.5,0,0,1,-1,-1,1,0,2,1,-1,1,-1,-1,1,1,-1,0,0,-1,1,-1,1,0,0,0,0,1,-1,0,0,1,-1,1,-1,1,-1,0,0,0,0,0,0,0,0,1,-1,1,-1,0,0,0,-1,0,0,0,0,0,0,-1,1,-1,1,1,-1,0,0,-1,1,-1,1,1,-1,1,-1,1,-1,1,-1,1,-1,0,0,1,-1,1,-1,-1,1,1,-1,1,-1,0,0,1,-1,0,0,1,-1,1,-1,1,-1,1,-1,1,-1,1,-1,1,-1,1,-1,1,-1,0,0,1,-1,0,0,0,0,0,0,0,0,1,-1,0,0,0,0,0,0,0,0,1,-1,1,-1,-1,1,-1,1,1,-1,1,-1,1,-1,1,-1,1,-1,1,-1,-1,1,1,-1,0,0,0,2,-1,1,0,0,1,-1,1,0,-1,1,1,-1,0,0,1,-1,1,-1,-1,1,1,-1,1,-1,-1,1,0,0,0,0,0,0,1,-1,-1,1,-1,1,-1,1,-1,1,-1,1,-1,1,0,0,-1,1,-1,1,-1,1,1,-1,-1,1,1,-1,1,-1,1,-1,0,0,0,0,0,0,1,-1,1,-1,-1,1,-1,1,-1,1,-1,1,1,-1,1,-1,1,-1,1,-1,1,-1,0,0,0,2,1,-1,1,-1,1,-1,1,-1,-1,1,1,-1,0,0,-1,1,0,0,0,0,1,-1,-1,1,-1,1,-1,1,0,2,1,-1,-1,1,0,0,-1,1,1,-1,-1,1,0,0,1,-1,-1,1,-1,1,1,-1,1,-1,1,-1,1,-1,1,-1,1,-1,0,0,0,0,1,-1
NFLX,2018-01-22 16:09:34,AMC,0.03248628356915969,0.17686976609875832,,NQ,timed,325.0,185.0,162.5,0,2,1,-1,1,-1,1,0,1,-1,-1,1,1,-1,1,-1,1,-1,1,-1,-1,1,0,0,0,0,1,-1,0,0,1,-1,1,-1,1,-1,0,0,0,0,0,0,1,-1,1,-1,1,-1,0,0,0,-1,0,-1,0,0,0,0,1,-1,-1,1,-1,1,0,0,1,-1,1,-1,1,-1,1,-1,1,-1,-1,1,1,-1,0,0,1,-1,1,-1,1,-1,1,-1,1,-1,1,-1,0,0,0,0,1,-1,1,-1,1,-1,1,-1,1,-1,1,-1,1,-1,1,-1,1,-1,0,0,1,-1,1,-1,0,0,0,0,1,-1,1,-1,0,0,0,0,1,-1,0,0,1,-1,1,-1,1,-1,0,0,1,-1,1,-1,1,-1,-1,1,1,-1,1,-1,1,-1,-1,1,0,2,0,0,1,-1,1,-1,1,-1,1,0,1,-1,1,-1,0,2,1,-1,1,-1,1,-1,1,-1,1,-1,0,0,0,2,0,0,0,0,1,-1,1,-1,1,-1,1,-1,1,-1,1,-1,1,-1,0,0,1,-1,0,0,1,-1,1,-1,1,-1,1,-1,-1,1,1,-1,0,0,0,0,0,0,1,-1,-1,1,-1,1,-1,1,1,-1,1,-1,-1,1,1,-1,1,-1,1,-1,-1,1,0,2,0,0,1,-1,-1,1,1,-1,1,-1,1,-1,1,-1,0,0,-1,1,0,0,0,0,1,-1,-1,1,1,-1,1,-1,0,0,1,-1,1,-1,0,0,1,-1,1,-1,1,-1,0,0,-1,1,1,-1,1,-1,1,-1,-1,1,-1,1,-1,1,1,-1,1,-1,0,0,1,-1,1,-1
INTC,2018-01-25 16:06:34,AMC,0.01443574289941896,0.14797170492276598,0.02823500671338833,NQ,timed,505.0,125.0,102.5,0,0,1,-1,-1,1,0,2,1,-1,1,-1,-1,1,1,-1,1,-1,1,-1,1,-1,0,0,0,2,1,-1,0,0,1,-1,1,-1,1,-1,0,0,1,-1,0,0,1,-1,1,-1,-1,1,0,0,0,-1,0,-1,0,0,0,0,1,-1,1,-1,1,-1,0,0,1,-1,-1,1,1,-1,1,-1,1,-1,1,-1,1,-1,0,0,1,-1,1,-1,1,-1,1,-1,1,-1,0,0,1,-1,-1,1,1,-1,1,-1,1,-1,1,-1,1,-1,1,-1,1,-1,-1,1,1,-1,0,0,1,-1,1,-1,0,0,0,0,0,0,1,-1,0,0,0,0,1,-1,0,0,1,-1,1,-1,1,-1,1,-1,1,-1,1,-1,1,-1,1,-1,1,-1,1,-1,1,-1,-1,1,0,0,0,0,1,-1,1,-1,1,-1,1,0,1,-1,1,-1,0,0,1,-1,1,-1,1,-1,-1,1,1,-1,1,-1,0,0,0,0,0,0,1,-1,0,0,-1,1,0,0,-1,1,-1,1,1,-1,0,0,-1,1,1,-1,-1,1,1,-1,1,-1,0,0,-1,1,1,-1,0,0,0,0,0,0,1,-1,1,-1,1,-1,1,-1,-1,1,1,-1,-1,1,1,-1,1,-1,0,0,-1,1,0,0,0,2,1,-1,1,-1,1,-1,1,-1,1,-1,1,-1,0,0,-1,1,0,0,1,-1,1,-1,-1,1,1,-1,1,-1,0,0,1,-1,1,-1,0,2,1,-1,1,-1,1,-1,0,0,1,-1,1,-1,-1,1,1,-1,1,-1,1,-1,1,-1,1,-1,1,-1,0,0,1,-1,1,-1
AMD,2018-01-30 16:06:35,AMC,0.003599323327214484,0.08638375985314761,,NQ,stopped_post,174.0,-138.94000000000233,-161.44000000000233,0,0,-1,1,1,-1,0,2,-1,1,1,-1,1,-1,-1,1,-1,1,-1,1,1,-1,0,0,0,0,-1,1,0,0,-1,1,1,-1,1,-1,0,0,-1,1,0,0,0,0,-1,1,1,-1,0,0,0,-1,0,0,0,0,0,0,1,-1,-1,1,1,-1,0,0,-1,1,-1,1,-1,1,0,0,-1,1,-1,1,-1,1,0,2,-1,1,1,-1,-1,1,1,-1,1,-1,0,0,1,-1,1,-1,-1,1,1,-1,0,0,-1,1,-1,1,1,-1,1,-1,-1,1,1,-1,0,0,1,-1,0,0,0,0,0,0,0,0,0,0,0,0,0,0,0,0,0,2,1,-1,1,-1,-1,1,-1,1,1,-1,1,-1,1,-1,1,-1,1,-1,-1,1,-1,1,1,-1,0,0,0,2,-1,1,0,0,1,-1,1,0,-1,1,1,-1,0,0,1,-1,-1,1,1,-1,-1,1,-1,1,-1,1,0,0,0,0,0,0,1,-1,0,0,-1,1,0,0,-1,1,-1,1,-1,1,0,0,1,-1,0,0,1,-1,1,-1,-1,1,1,-1,-1,1,1,-1,0,0,0,0,0,0,-1,1,1,-1,-1,1,-1,1,-1,1,-1,1,1,-1,1,-1,-1,1,1,-1,-1,1,0,0,0,0,-1,1,1,-1,-1,1,1,-1,-1,1,1,-1,0,0,-1,1,0,0,0,0,0,0,-1,1,-1,1,-1,1,0,2,-1,1,1,-1,0,0,1,-1,1,-1,1,-1,0,0,-1,1,-1,1,1,-1,0,0,-1,1,-1,1,1,-1,0,0,-1,1,0,0,0,0,1,-1
AVGO,2018-01-31 08:25:56,BMO,0.003584357862288971,0.0035844863431070324,0.009790882773171609,NQ,timed,900.0,5.0,-17.5,0,0,-1,1,-1,1,-1,0,1,-1,-1,1,1,-1,1,-1,0,0,1,-1,-1,1,0,0,0,2,1,-1,0,0,-1,1,-1,1,-1,1,0,-1,0,0,0,0,-1,1,-1,1,-1,1,0,0,0,1,0,1,0,0,-1,1,1,-1,-1,1,1,-1,0,0,-1,1,1,-1,-1,1,-1,1,1,-1,-1,1,-1,1,0,0,-1,1,-1,1,-1,1,-1,1,-1,1,0,0,-1,1,-1,1,1,-1,0,0,1,-1,-1,1,-1,1,-1,1,1,-1,-1,1,-1,1,-1,1,-1,1,-1,1,0,0,0,0,0,0,1,-1,0,0,0,0,-1,1,0,0,1,-1,1,-1,1,-1,1,-1,-1,1,-1,1,-1,1,-1,1,-1,1,-1,1,-1,1,-1,1,0,2,0,2,-1,1,-1,1,-1,1,-1,0,-1,1,-1,1,0,0,-1,1,-1,1,-1,1,-1,1,-1,1,0,0,0,0,0,0,0,0,-1,1,0,0,1,-1,0,0,1,-1,1,-1,-1,1,0,0,-1,1,-1,1,1,-1,-1,1,-1,1,0,0,1,-1,-1,1,0,0,0,0,0,0,-1,1,-1,1,1,-1,-1,1,-1,1,1,-1,1,-1,0,0,-1,1,1,-1,-1,1,0,0,0,2,1,-1,1,-1,-1,1,-1,1,1,-1,-1,1,0,0,1,-1,0,0,-1,1,0,0,-1,1,-1,1,-1,1,0,0,-1,1,1,-1,0,0,-1,1,-1,1,1,-1,0,0,-1,1,-1,1,1,-1,0,0,-1,1,1,-1,1,-1,0,0,1,-1,0,0,-1,1,1,-1
MSFT,2018-01-31 16:05:57,AMC,0.14358532557972575,0.498959006389547,0.07306603342771029,NQ,stopped_pre,-48.0,-139.23500000000786,-161.73500000000786,0,0,1,-1,1,-1,1,0,0,0,1,-1,1,-1,1,-1,0,0,1,-1,1,-1,0,0,0,0,-1,1,0,0,1,-1,1,-1,1,-1,0,0,0,0,0,0,0,0,1,-1,1,-1,0,0,0,-1,0,0,0,0,1,-1,1,-1,-1,1,1,-1,0,0,-1,1,1,-1,-1,1,1,-1,1,-1,-1,1,-1,1,0,2,1,-1,1,-1,-1,1,1,-1,1,-1,0,0,1,-1,1,-1,-1,1,1,-1,1,-1,-1,1,1,-1,1,-1,1,-1,1,-1,1,-1,0,0,1,-1,1,-1,0,0,0,0,0,0,1,-1,0,0,0,0,0,0,0,0,1,-1,1,-1,-1,1,1,-1,1,-1,1,-1,1,-1,-1,1,1,-1,1,-1,-1,1,1,-1,0,0,0,0,-1,1,0,0,1,-1,1,0,-1,1,-1,1,0,0,1,-1,1,-1,1,-1,-1,1,1,-1,-1,1,0,0,0,0,0,0,1,-1,0,0,1,-1,0,0,1,-1,1,-1,-1,1,0,0,1,-1,0,0,1,-1,1,-1,-1,1,1,-1,1,-1,1,-1,0,0,0,0,0,0,-1,1,1,-1,-1,1,-1,1,1,-1,1,-1,1,-1,1,-1,-1,1,0,0,1,-1,0,0,0,0,1,-1,1,-1,-1,1,1,-1,-1,1,1,-1,0,0,-1,1,0,0,0,0,1,-1,-1,1,-1,1,-1,1,0,0,1,-1,1,-1,0,0,1,-1,1,-1,1,-1,0,0,-1,1,-1,1,1,-1,1,-1,-1,1,1,-1,1,-1,1,-1,1,-1,0,0,0,0,1,-1
META,2018-01-31 16:10:19,AMC,0.10801468999783971,0.28083819399438326,,NQ,stopped_pre,-270.0,-139.1899999999987,-161.6899999999987,0,0,1,-1,1,-1,1,0,1,-1,1,-1,1,-1,1,-1,0,0,-1,1,1,-1,0,0,0,0,1,-1,0,0,1,-1,1,-1,1,-1,0,0,0,0,0,0,0,0,1,-1,1,-1,0,0,0,-1,0,0,0,0,0,0,1,-1,1,-1,-1,1,0,0,1,-1,1,-1,1,-1,1,-1,1,-1,1,-1,1,-1,0,2,1,-1,1,-1,1,-1,1,-1,1,-1,1,-1,1,-1,-1,1,1,-1,1,-1,1,-1,1,-1,1,-1,1,-1,1,-1,1,-1,1,-1,0,0,1,-1,0,0,0,0,0,0,1,-1,1,-1,0,0,0,0,1,-1,0,0,1,-1,1,-1,-1,1,1,-1,1,-1,1,-1,1,-1,1,-1,1,-1,1,-1,-1,1,-1,1,0,0,0,2,1,-1,0,0,1,-1,1,0,1,-1,1,-1,0,0,1,-1,1,-1,1,-1,-1,1,1,-1,1,-1,0,0,0,0,0,0,1,-1,0,0,1,-1,0,0,1,-1,1,-1,1,-1,0,0,1,-1,-1,1,1,-1,1,-1,1,-1,1,-1,1,-1,1,-1,0,0,0,0,0,0,1,-1,1,-1,1,-1,1,-1,1,-1,1,-1,-1,1,1,-1,1,-1,0,0,-1,1,0,0,0,0,-1,1,-1,1,-1,1,1,-1,1,-1,1,-1,0,0,-1,1,0,0,0,0,1,-1,-1,1,-1,1,1,-1,0,0,1,-1,-1,1,0,2,1,-1,1,-1,-1,1,0,0,1,-1,1,-1,1,-1,1,-1,1,-1,1,-1,-1,1,1,-1,1,-1,0,0,0,0,1,-1
GOOGL,2018-02-01 16:01:32,AMC,0.1735985533453888,0.014467069333429781,0.11554694794021651,NQ,stopped_post,191.0,-138.174999999992,-160.674999999992,0,0,1,-1,1,-1,1,0,0,0,-1,1,-1,1,-1,1,0,0,1,-1,-1,1,0,0,0,2,1,-1,0,0,1,-1,1,-1,-1,1,0,0,0,0,-1,1,0,0,1,-1,-1,1,0,0,0,-1,0,-1,0,0,-1,1,1,-1,1,-1,1,-1,0,0,1,-1,-1,1,1,-1,1,-1,1,-1,-1,1,1,-1,0,2,1,-1,1,-1,1,-1,1,-1,1,-1,1,-1,0,0,0,0,1,-1,0,0,-1,1,1,-1,1,-1,1,-1,-1,1,-1,1,1,-1,1,-1,-1,1,-1,1,0,0,0,0,0,0,0,0,0,0,0,0,0,0,0,0,-1,1,-1,1,1,-1,-1,1,-1,1,1,-1,-1,1,1,-1,1,-1,1,-1,1,-1,-1,1,0,0,0,0,1,-1,0,0,1,-1,1,0,1,-1,1,-1,0,0,1,-1,-1,1,1,-1,-1,1,1,-1,0,0,0,0,0,0,0,0,1,-1,-1,1,-1,1,-1,1,-1,1,-1,1,1,-1,0,0,1,-1,1,-1,-1,1,1,-1,1,-1,-1,1,1,-1,1,-1,0,0,0,0,0,0,1,-1,1,-1,-1,1,-1,1,1,-1,1,-1,-1,1,0,0,1,-1,-1,1,-1,1,0,0,0,0,1,-1,1,-1,-1,1,-1,1,1,-1,1,-1,0,0,1,-1,0,0,0,0,0,0,1,-1,1,-1,1,-1,0,0,1,-1,1,-1,0,2,-1,1,1,-1,-1,1,0,0,1,-1,1,-1,-1,1,0,0,1,-1,1,-1,1,-1,0,0,1,-1,0,0,0,0,1,-1
AAPL,2018-02-01 16:30:17,AMC,0.19547511312217195,0.050752220409642924,0.1188230738703484,NQ,,,,,0,0,-1,1,-1,1,0,2,-1,1,-1,1,-1,1,-1,1,0,0,-1,1,-1,1,0,0,0,0,-1,1,0,0,-1,1,-1,1,-1,1,0,0,0,0,0,0,-1,1,-1,1,-1,1,0,2,0,1,0,1,0,0,-1,1,1,-1,-1,1,-1,1,0,0,-1,1,-1,1,-1,1,0,0,-1,1,-1,1,-1,1,0,0,-1,1,-1,1,-1,1,-1,1,-1,1,0,0,-1,1,0,0,-1,1,-1,1,0,0,-1,1,-1,1,-1,1,-1,1,-1,1,-1,1,0,0,-1,1,0,0,0,0,0,0,0,0,-1,1,0,0,0,0,-1,1,0,0,-1,1,-1,1,-1,1,0,0,-1,1,-1,1,-1,1,-1,1,-1,1,-1,1,-1,1,1,-1,0,0,0,0,-1,1,-1,1,-1,1,-1,0,-1,1,-1,1,0,0,-1,1,-1,1,-1,1,-1,1,-1,1,1,-1,0,0,0,0,0,0,-1,1,-1,1,-1,1,-1,1,-1,1,-1,1,-1,1,0,0,-1,1,-1,1,-1,1,-1,1,-1,1,-1,1,-1,1,0,0,0,0,0,0,0,0,-1,1,-1,1,-1,1,-1,1,-1,1,-1,1,1,-1,0,0,-1,1,-1,1,1,-1,0,0,0,0,1,-1,1,-1,-1,1,-1,1,-1,1,-1,1,0,0,1,-1,0,0,-1,1,0,0,1,-1,-1,1,-1,1,0,0,-1,1,1,-1,0,0,-1,1,-1,1,-1,1,0,0,1,-1,-1,1,-1,1,0,0,-1,1,-1,1,1,-1,-1,1,-1,1,0,0,-1,1,-1,1
TSLA,2018-02-07 16:11:19,AMC,0.007607744684088402,0.4716981132075472,,NQ,stopped_post,54.0,-131.4600000000064,-153.9600000000064,0,2,-1,1,-1,1,-1,0,-1,1,-1,1,-1,1,-1,1,-1,1,-1,1,1,-1,0,0,0,2,-1,1,-1,1,-1,1,-1,1,-1,1,0,0,0,0,-1,1,-1,1,-1,1,-1,1,0,2,0,1,0,1,0,0,0,0,-1,1,-1,1,1,-1,0,0,-1,1,0,0,-1,1,-1,1,-1,1,1,-1,-1,1,0,2,-1,1,-1,1,-1,1,-1,1,-1,1,-1,1,0,0,0,0,-1,1,-1,1,-1,1,-1,1,-1,1,-1,1,-1,1,-1,1,-1,1,-1,1,-1,1,-1,1,0,0,0,0,0,0,-1,1,0,0,0,0,0,0,0,0,-1,1,-1,1,-1,1,0,0,-1,1,-1,1,-1,1,1,-1,-1,1,-1,1,-1,1,1,-1,0,0,0,0,-1,1,0,0,-1,1,-1,0,-1,1,-1,1,0,0,-1,1,1,-1,-1,1,1,-1,-1,1,0,0,0,2,0,0,0,0,-1,1,0,0,-1,1,0,0,1,-1,1,-1,-1,1,0,0,-1,1,-1,1,-1,1,-1,1,-1,1,-1,1,1,-1,-1,1,0,0,0,0,0,0,-1,1,1,-1,1,-1,1,-1,-1,1,-1,1,1,-1,-1,1,-1,1,-1,1,1,-1,0,0,0,0,-1,1,1,-1,-1,1,-1,1,-1,1,-1,1,0,0,1,-1,0,0,0,0,-1,1,1,-1,-1,1,-1,1,0,0,-1,1,-1,1,0,0,-1,1,-1,1,-1,1,0,0,1,-1,-1,1,-1,1,-1,1,-1,1,1,-1,1,-1,-1,1,-1,1,0,0,0,0,-1,1
AMD,2018-02-27 16:31:08,AMC,0.010844810758052272,0.04699587882293399,,NQ,,,,,0,0,1,-1,-1,1,0,2,-1,1,1,-1,-1,1,-1,1,0,0,-1,1,1,-1,0,0,0,0,-1,1,0,0,1,-1,1,-1,1,-1,0,0,0,0,1,-1,0,0,-1,1,1,-1,0,0,0,-1,0,0,0,0,0,0,-1,1,1,-1,1,-1,0,0,-1,1,-1,1,1,-1,0,0,1,-1,1,-1,1,-1,0,0,1,-1,1,-1,1,-1,1,-1,-1,1,0,0,1,-1,-1,1,-1,1,0,0,-1,1,1,-1,1,-1,-1,1,-1,1,1,-1,-1,1,0,0,1,-1,1,-1,0,0,0,0,0,0,-1,1,0,0,0,0,1,-1,0,2,-1,1,-1,1,-1,1,1,-1,1,-1,1,-1,1,-1,1,-1,1,-1,1,-1,1,-1,-1,1,0,0,0,2,-1,1,0,0,1,-1,1,0,1,-1,-1,1,0,0,1,-1,1,-1,1,-1,-1,1,1,-1,0,0,0,0,0,0,0,0,1,-1,-1,1,-1,1,-1,1,-1,1,-1,1,1,-1,0,0,1,-1,1,-1,-1,1,-1,1,1,-1,-1,1,-1,1,1,-1,0,0,0,0,0,0,1,-1,1,-1,-1,1,1,-1,1,-1,1,-1,-1,1,0,0,1,-1,-1,1,1,-1,0,0,0,2,-1,1,-1,1,-1,1,1,-1,-1,1,1,-1,0,0,1,-1,0,0,1,-1,0,0,1,-1,-1,1,1,-1,0,0,1,-1,-1,1,0,2,1,-1,-1,1,-1,1,0,0,-1,1,1,-1,-1,1,0,0,1,-1,-1,1,-1,1,0,0,-1,1,0,0,1,-1,1,-1
AVGO,2018-03-15 16:08:03,AMC,0.014149775372315966,0.10966463846044999,0.008559445347941454,NQ,timed,416.0,110.0,87.5,0,0,1,-1,1,-1,0,2,-1,1,1,-1,1,-1,1,-1,0,0,1,-1,1,-1,0,0,0,2,1,-1,0,0,1,-1,1,-1,1,-1,0,0,1,-1,-1,1,1,-1,1,-1,1,-1,0,0,0,-1,0,-1,0,0,1,-1,1,-1,1,-1,-1,1,0,0,-1,1,-1,1,1,-1,0,0,1,-1,1,-1,1,-1,0,0,1,-1,1,-1,-1,1,1,-1,1,-1,1,-1,1,-1,0,0,1,-1,1,-1,1,-1,1,-1,1,-1,1,-1,1,-1,1,-1,1,-1,1,-1,1,-1,1,-1,0,0,0,0,0,0,1,-1,0,0,0,0,0,0,0,2,1,-1,1,-1,0,0,0,0,1,-1,1,-1,1,-1,1,-1,1,-1,1,-1,-1,1,1,-1,0,0,0,2,1,-1,0,0,1,-1,1,0,1,-1,1,-1,0,0,1,-1,1,-1,1,-1,1,-1,1,-1,0,0,0,0,0,0,0,0,1,-1,0,0,1,-1,0,0,-1,1,-1,1,1,-1,0,0,1,-1,-1,1,1,-1,1,-1,1,-1,1,-1,1,-1,1,-1,0,0,0,0,0,0,1,-1,1,-1,1,-1,1,-1,1,-1,1,-1,-1,1,1,-1,1,-1,1,-1,1,-1,0,0,0,0,-1,1,-1,1,-1,1,1,-1,1,-1,1,-1,0,0,-1,1,0,0,0,0,0,0,-1,1,-1,1,1,-1,0,0,1,-1,1,-1,0,0,1,-1,1,-1,1,-1,0,0,-1,1,1,-1,1,-1,1,-1,1,-1,1,-1,-1,1,1,-1,1,-1,0,0,0,0,1,-1
MU,2018-03-22 16:01:31,AMC,0.0447878177135819,0.15676321289937295,0.012584218080764419,NQ,stopped_pre,-7.0,-134.0099999999984,-156.5099999999984,0,0,1,-1,-1,1,-1,0,-1,1,-1,1,-1,1,-1,1,0,0,-1,1,-1,1,0,0,0,0,-1,1,0,0,1,-1,-1,1,-1,1,0,0,0,0,0,0,-1,1,1,-1,-1,1,0,0,0,1,0,1,0,0,-1,1,-1,1,-1,1,-1,1,0,0,-1,1,-1,1,1,-1,-1,1,-1,1,-1,1,1,-1,0,0,-1,1,-1,1,-1,1,-1,1,-1,1,0,0,-1,1,-1,1,-1,1,-1,1,-1,1,-1,1,-1,1,-1,1,-1,1,-1,1,-1,1,-1,1,-1,1,0,0,0,0,0,0,0,0,-1,1,0,0,0,0,0,0,0,0,-1,1,-1,1,-1,1,0,0,-1,1,-1,1,-1,1,-1,1,-1,1,-1,1,-1,1,-1,1,0,0,0,0,-1,1,-1,1,-1,1,-1,0,1,-1,-1,1,0,0,-1,1,-1,1,-1,1,-1,1,-1,1,0,0,0,0,0,0,0,0,-1,1,-1,1,-1,1,-1,1,-1,1,-1,1,1,-1,0,0,-1,1,0,0,-1,1,-1,1,1,-1,-1,1,1,-1,-1,1,0,0,0,0,0,0,1,-1,-1,1,1,-1,-1,1,1,-1,-1,1,-1,1,-1,1,-1,1,-1,1,1,-1,0,0,0,0,-1,1,1,-1,-1,1,-1,1,-1,1,-1,1,0,0,-1,1,0,0,-1,1,-1,1,1,-1,-1,1,1,-1,0,0,-1,1,-1,1,0,0,1,-1,-1,1,1,-1,0,0,-1,1,-1,1,-1,1,-1,1,-1,1,-1,1,1,-1,-1,1,-1,1,0,0,-1,1,-1,1
GOOGL,2018-04-23 16:01:28,AMC,0.06388815814198204,0.20669698222405952,0.1471825063078217,NQ,tp,66.0,532.2600000000057,509.7600000000057,0,0,-1,1,1,-1,0,2,1,-1,1,-1,-1,1,1,-1,0,0,1,-1,1,-1,0,0,0,0,1,-1,0,0,1,-1,1,-1,1,-1,0,0,0,0,0,0,0,0,1,-1,1,-1,0,0,0,-1,0,0,0,0,0,0,1,-1,1,-1,1,-1,0,0,1,-1,-1,1,-1,1,1,-1,1,-1,-1,1,-1,1,0,0,1,-1,1,-1,1,-1,1,-1,1,-1,0,0,1,-1,1,-1,1,-1,1,-1,1,-1,1,-1,1,-1,1,-1,1,-1,-1,1,1,-1,0,0,1,-1,0,0,0,0,0,0,0,0,1,-1,0,0,0,0,1,-1,0,0,1,-1,1,-1,1,-1,0,0,1,-1,1,-1,1,-1,-1,1,1,-1,-1,1,1,-1,1,-1,0,0,0,0,1,-1,1,-1,1,-1,1,0,1,-1,1,-1,0,0,1,-1,1,-1,-1,1,-1,1,1,-1,1,-1,0,0,0,0,0,0,1,-1,-1,1,-1,1,-1,1,-1,1,-1,1,1,-1,0,0,1,-1,0,0,1,-1,1,-1,1,-1,0,0,1,-1,1,-1,0,0,0,0,0,0,-1,1,1,-1,1,-1,1,-1,1,-1,-1,1,-1,1,1,-1,1,-1,0,0,1,-1,0,0,0,0,1,-1,1,-1,1,-1,1,-1,1,-1,1,-1,0,0,1,-1,0,0,0,0,1,-1,-1,1,-1,1,1,-1,0,0,1,-1,1,-1,0,0,1,-1,1,-1,-1,1,0,0,1,-1,1,-1,-1,1,1,-1,1,-1,1,-1,1,-1,1,-1,1,-1,0,0,1,-1,1,-1
MSFT,2018-04-26 16:04:03,AMC,0.08932559178204555,0.38335566473127886,0.07660387887008932,NQ,stopped_pre,-242.0,-133.174999999992,-155.674999999992,0,0,1,-1,-1,1,0,2,-1,1,-1,1,1,-1,-1,1,-1,1,-1,1,-1,1,0,0,0,2,-1,1,0,0,1,-1,-1,1,-1,1,0,0,0,0,0,0,0,0,1,-1,1,-1,0,0,0,-1,0,0,0,0,0,0,-1,1,-1,1,-1,1,0,0,-1,1,1,-1,1,-1,0,0,-1,1,-1,1,1,-1,0,0,-1,1,-1,1,-1,1,-1,1,-1,1,0,0,0,0,-1,1,-1,1,-1,1,-1,1,-1,1,1,-1,-1,1,-1,1,1,-1,-1,1,0,0,-1,1,1,-1,0,0,0,0,0,0,-1,1,0,0,0,0,0,0,0,0,-1,1,-1,1,-1,1,1,-1,1,-1,-1,1,-1,1,1,-1,-1,1,1,-1,-1,1,1,-1,0,0,0,0,-1,1,0,0,-1,1,-1,0,1,-1,-1,1,0,0,-1,1,-1,1,-1,1,1,-1,-1,1,0,0,0,0,0,0,0,0,-1,1,1,-1,1,-1,1,-1,1,-1,1,-1,1,-1,0,0,1,-1,-1,1,-1,1,-1,1,1,-1,-1,1,-1,1,-1,1,0,0,0,0,0,0,1,-1,-1,1,-1,1,-1,1,1,-1,-1,1,-1,1,-1,1,-1,1,0,0,1,-1,0,0,0,0,1,-1,-1,1,-1,1,1,-1,-1,1,1,-1,0,0,-1,1,0,0,0,0,-1,1,1,-1,-1,1,1,-1,0,0,-1,1,-1,1,0,0,1,-1,-1,1,1,-1,0,0,-1,1,-1,1,1,-1,-1,1,-1,1,-1,1,-1,1,-1,1,-1,1,0,0,0,0,-1,1
INTC,2018-04-26 16:05:22,AMC,0.011155734047300312,0.27517477316674105,0.023519727171164816,NQ,tp,-230.0,532.1999999999935,509.69999999999345,0,0,1,-1,-1,1,0,2,-1,1,-1,1,1,-1,-1,1,-1,1,-1,1,-1,1,0,0,0,2,-1,1,0,0,1,-1,-1,1,-1,1,0,0,0,0,0,0,0,0,1,-1,-1,1,0,0,0,-1,0,1,0,0,0,0,-1,1,-1,1,-1,1,0,0,-1,1,1,-1,1,-1,-1,1,-1,1,-1,1,1,-1,0,2,-1,1,-1,1,-1,1,-1,1,-1,1,0,0,-1,1,-1,1,-1,1,-1,1,-1,1,-1,1,1,-1,-1,1,-1,1,1,-1,-1,1,0,0,-1,1,1,-1,0,0,0,0,0,0,-1,1,0,0,0,0,-1,1,0,0,-1,1,-1,1,-1,1,1,-1,-1,1,-1,1,-1,1,1,-1,-1,1,-1,1,-1,1,1,-1,0,0,0,0,-1,1,0,0,-1,1,-1,0,1,-1,-1,1,0,0,-1,1,-1,1,-1,1,1,-1,-1,1,0,0,0,0,0,0,0,0,-1,1,1,-1,1,-1,1,-1,1,-1,1,-1,1,-1,0,0,1,-1,-1,1,-1,1,-1,1,1,-1,-1,1,-1,1,1,-1,0,0,0,0,0,0,1,-1,-1,1,1,-1,-1,1,-1,1,-1,1,-1,1,-1,1,1,-1,0,0,-1,1,0,0,0,0,1,-1,-1,1,-1,1,-1,1,-1,1,-1,1,0,0,1,-1,0,0,-1,1,-1,1,1,-1,-1,1,1,-1,0,0,-1,1,-1,1,0,0,1,-1,-1,1,1,-1,0,0,1,-1,-1,1,1,-1,-1,1,1,-1,-1,1,-1,1,-1,1,-1,1,0,0,-1,1,-1,1
AAPL,2018-05-01 16:30:17,AMC,0.6912270213719923,0.5491631799163179,0.1202453004128422,NQ,,,,,0,0,-1,1,1,-1,1,0,1,-1,-1,1,1,-1,1,-1,1,-1,1,-1,-1,1,0,0,0,0,1,-1,0,0,1,-1,-1,1,-1,1,0,0,0,0,0,0,0,0,1,-1,1,-1,0,2,0,-1,0,-1,0,0,0,0,1,-1,1,-1,1,-1,0,0,1,-1,1,-1,-1,1,0,0,1,-1,1,-1,-1,1,0,0,1,-1,-1,1,-1,1,1,-1,1,-1,0,0,0,0,-1,1,1,-1,1,-1,1,-1,1,-1,-1,1,1,-1,1,-1,-1,1,1,-1,0,0,-1,1,-1,1,0,0,0,0,0,0,1,-1,0,0,0,2,-1,1,0,0,1,-1,1,-1,1,-1,1,-1,-1,1,1,-1,-1,1,-1,1,1,-1,-1,1,-1,1,1,-1,0,0,0,0,1,-1,-1,1,1,-1,1,0,-1,1,1,-1,0,0,1,-1,1,-1,-1,1,1,-1,1,-1,1,-1,0,0,0,0,0,0,-1,1,1,-1,1,-1,1,-1,1,-1,1,-1,-1,1,0,0,1,-1,-1,1,1,-1,1,-1,-1,1,1,-1,-1,1,-1,1,0,0,0,0,0,0,-1,1,1,-1,-1,1,1,-1,-1,1,1,-1,1,-1,1,-1,1,-1,1,-1,1,-1,0,0,0,2,1,-1,1,-1,1,-1,-1,1,1,-1,-1,1,0,0,1,-1,0,0,-1,1,1,-1,-1,1,-1,1,-1,1,0,0,1,-1,1,-1,0,0,-1,1,1,-1,-1,1,0,0,-1,1,1,-1,1,-1,1,-1,1,-1,1,-1,1,-1,0,0,1,-1,0,0,-1,1,1,-1
TSLA,2018-05-02 16:12:38,AMC,0.0338995819051565,0.0037666202116840557,,NQ,timed,141.0,-75.0,-97.5,0,0,-1,1,-1,1,-1,0,-1,1,-1,1,-1,1,-1,1,-1,1,-1,1,-1,1,0,0,0,0,-1,1,0,0,-1,1,-1,1,-1,1,0,0,1,-1,0,0,-1,1,-1,1,-1,1,0,2,0,1,0,1,0,0,-1,1,-1,1,-1,1,1,-1,0,0,-1,1,-1,1,-1,1,-1,1,-1,1,-1,1,-1,1,0,0,-1,1,-1,1,1,-1,-1,1,-1,1,-1,1,-1,1,-1,1,-1,1,-1,1,-1,1,-1,1,-1,1,-1,1,-1,1,-1,1,-1,1,-1,1,-1,1,0,0,0,0,0,0,-1,1,-1,1,0,0,0,0,0,0,0,2,-1,1,-1,1,-1,1,0,0,-1,1,-1,1,-1,1,1,-1,-1,1,1,-1,1,-1,1,-1,0,0,0,0,-1,1,0,0,-1,1,-1,0,-1,1,-1,1,0,0,-1,1,-1,1,-1,1,1,-1,-1,1,-1,1,0,0,0,0,0,0,-1,1,-1,1,-1,1,0,0,-1,1,-1,1,-1,1,0,0,-1,1,-1,1,-1,1,-1,1,-1,1,-1,1,1,-1,-1,1,0,0,0,0,0,0,-1,1,-1,1,-1,1,-1,1,1,-1,-1,1,-1,1,-1,1,-1,1,-1,1,1,-1,0,0,0,2,1,-1,1,-1,-1,1,-1,1,-1,1,-1,1,0,0,1,-1,0,0,0,0,-1,1,1,-1,1,-1,-1,1,0,0,-1,1,-1,1,0,0,-1,1,-1,1,-1,1,0,2,1,-1,-1,1,-1,1,-1,1,-1,1,1,-1,1,-1,-1,1,-1,1,0,0,0,0,-1,1
AVGO,2018-06-07 16:05:05,AMC,0.020938023450586266,0.08375793955468695,0.009790882773171609,NQ,timed,595.0,135.0,112.5,0,0,-1,1,-1,1,0,2,1,-1,-1,1,-1,1,-1,1,0,0,-1,1,-1,1,0,0,0,2,-1,1,0,0,1,-1,-1,1,-1,1,0,0,1,-1,0,0,0,0,-1,1,-1,1,0,2,0,-1,0,0,0,0,-1,1,-1,1,1,-1,-1,1,0,0,-1,1,-1,1,-1,1,-1,1,-1,1,0,0,-1,1,0,2,-1,1,-1,1,1,-1,-1,1,-1,1,0,0,-1,1,0,0,-1,1,0,0,1,-1,-1,1,-1,1,-1,1,1,-1,-1,1,1,-1,0,0,-1,1,0,0,0,0,0,0,0,0,0,0,0,0,0,0,0,0,0,2,-1,1,0,0,1,-1,0,0,-1,1,-1,1,-1,1,-1,1,-1,1,-1,1,-1,1,-1,1,0,0,0,2,1,-1,-1,1,-1,1,-1,0,-1,1,1,-1,0,0,-1,1,-1,1,1,-1,1,-1,-1,1,0,0,0,0,0,0,0,0,-1,1,-1,1,-1,1,-1,1,-1,1,-1,1,-1,1,0,0,1,-1,-1,1,-1,1,1,-1,1,-1,0,0,-1,1,-1,1,0,0,0,0,0,0,-1,1,-1,1,-1,1,1,-1,1,-1,-1,1,1,-1,-1,1,1,-1,0,0,1,-1,0,0,0,0,-1,1,1,-1,1,-1,-1,1,-1,1,-1,1,0,0,1,-1,0,0,-1,1,-1,1,-1,1,-1,1,-1,1,0,0,-1,1,-1,1,0,2,-1,1,-1,1,1,-1,0,0,-1,1,1,-1,-1,1,0,0,1,-1,-1,1,1,-1,-1,1,-1,1,0,0,-1,1,-1,1
MU,2018-06-20 16:06:34,AMC,0.02052264331645916,0.07182925160760706,0.014010835045768727,NQ,timed,506.0,90.0,67.5,0,0,1,-1,-1,1,-1,0,-1,1,1,-1,1,-1,-1,1,-1,1,-1,1,1,-1,0,0,0,0,-1,1,0,0,-1,1,1,-1,1,-1,0,0,1,-1,0,0,0,0,-1,1,-1,1,0,2,0,-1,0,1,0,0,1,-1,-1,1,-1,1,-1,1,0,0,-1,1,1,-1,-1,1,0,0,1,-1,-1,1,-1,1,0,0,-1,1,-1,1,-1,1,-1,1,-1,1,0,0,1,-1,1,-1,-1,1,-1,1,-1,1,-1,1,1,-1,-1,1,-1,1,1,-1,1,-1,0,0,-1,1,0,0,0,0,0,0,-1,1,-1,1,0,0,0,0,0,0,0,2,-1,1,-1,1,-1,1,-1,1,1,-1,-1,1,-1,1,-1,1,-1,1,1,-1,-1,1,-1,1,0,0,0,0,-1,1,0,0,-1,1,-1,0,-1,1,-1,1,0,0,-1,1,-1,1,1,-1,-1,1,1,-1,1,-1,0,0,0,0,0,0,-1,1,1,-1,1,-1,1,-1,1,-1,1,-1,-1,1,0,0,-1,1,1,-1,-1,1,-1,1,-1,1,-1,1,1,-1,-1,1,0,0,0,0,0,0,-1,1,-1,1,-1,1,-1,1,-1,1,1,-1,1,-1,-1,1,-1,1,-1,1,1,-1,0,0,0,0,1,-1,-1,1,-1,1,1,-1,-1,1,1,-1,0,0,1,-1,0,0,0,0,-1,1,1,-1,-1,1,-1,1,0,0,1,-1,-1,1,0,0,-1,1,-1,1,1,-1,0,0,1,-1,-1,1,1,-1,-1,1,-1,1,-1,1,-1,1,-1,1,-1,1,0,0,0,0,-1,1
NFLX,2018-07-16 16:13:49,AMC,0.044365572315882874,0.04095423364390294,,NQ,stopped_pre,-185.0,-146.71500000000378,-169.21500000000378,0,2,-1,1,-1,1,0,2,1,-1,-1,1,-1,1,-1,1,0,0,-1,1,-1,1,0,0,0,0,-1,1,0,0,-1,1,-1,1,-1,1,0,-1,0,0,0,0,-1,1,-1,1,-1,1,0,0,0,1,0,1,0,0,-1,1,-1,1,1,-1,1,-1,0,0,-1,1,-1,1,-1,1,-1,1,-1,1,1,-1,-1,1,0,0,-1,1,-1,1,-1,1,-1,1,-1,1,-1,1,-1,1,-1,1,-1,1,-1,1,0,0,-1,1,-1,1,-1,1,-1,1,-1,1,-1,1,-1,1,-1,1,-1,1,0,0,0,0,0,0,-1,1,0,0,0,0,-1,1,0,0,-1,1,-1,1,-1,1,0,0,-1,1,-1,1,-1,1,-1,1,-1,1,-1,1,-1,1,1,-1,0,2,0,0,-1,1,-1,1,-1,1,-1,0,-1,1,-1,1,0,2,-1,1,-1,1,-1,1,-1,1,-1,1,0,0,0,2,0,0,0,0,1,-1,-1,1,-1,1,-1,1,-1,1,-1,1,-1,1,0,0,-1,1,0,0,-1,1,-1,1,-1,1,-1,1,1,-1,-1,1,0,0,0,0,0,0,-1,1,1,-1,1,-1,1,-1,-1,1,-1,1,-1,1,-1,1,-1,1,-1,1,1,-1,0,2,0,0,1,-1,1,-1,1,-1,-1,1,-1,1,-1,1,0,0,1,-1,0,0,-1,1,-1,1,1,-1,-1,1,-1,1,0,0,-1,1,-1,1,0,0,1,-1,-1,1,1,-1,0,0,-1,1,-1,1,-1,1,-1,1,-1,1,-1,1,1,-1,-1,1,-1,1,0,0,-1,1,1,-1
MSFT,2018-07-19 16:02:35,AMC,0.027155465037338764,0.06788635823631241,0.08014172431246837,NQ,stopped_post,68.0,-147.29499999999462,-169.79499999999462,0,0,-1,1,-1,1,0,2,-1,1,1,-1,-1,1,-1,1,0,0,-1,1,1,-1,0,0,0,0,-1,1,0,0,-1,1,-1,1,1,-1,0,0,0,0,-1,1,0,0,-1,1,-1,1,0,0,0,-1,0,1,0,0,1,-1,-1,1,-1,1,-1,1,0,0,-1,1,-1,1,-1,1,-1,1,-1,1,-1,1,-1,1,0,0,-1,1,-1,1,-1,1,-1,1,-1,1,-1,1,0,0,0,0,-1,1,-1,1,0,0,-1,1,1,-1,-1,1,-1,1,1,-1,-1,1,0,0,-1,1,0,0,0,0,0,0,0,0,-1,1,0,0,0,0,0,0,0,0,-1,1,-1,1,-1,1,-1,1,1,-1,-1,1,-1,1,-1,1,-1,1,1,-1,-1,1,1,-1,0,0,0,0,-1,1,0,0,-1,1,-1,0,-1,1,-1,1,0,0,-1,1,-1,1,-1,1,1,-1,-1,1,0,0,0,0,0,0,0,0,-1,1,-1,1,-1,1,-1,1,-1,1,-1,1,-1,1,0,0,-1,1,-1,1,-1,1,-1,1,-1,1,-1,1,1,-1,-1,1,0,0,0,0,0,0,-1,1,-1,1,1,-1,-1,1,1,-1,-1,1,1,-1,0,0,-1,1,-1,1,1,-1,0,0,0,0,-1,1,-1,1,1,-1,1,-1,-1,1,-1,1,0,0,1,-1,0,0,0,0,0,0,1,-1,-1,1,-1,1,0,0,-1,1,-1,1,0,0,-1,1,-1,1,-1,1,0,0,-1,1,-1,1,-1,1,-1,1,-1,1,-1,1,-1,1,-1,1,-1,1,0,0,0,0,-1,1
GOOGL,2018-07-23 16:02:07,AMC,0.22687254503589324,0.5688937049202534,0.11554694794021651,NQ,tp,160.0,590.5999999999949,568.0999999999949,0,0,-1,1,-1,1,0,2,1,-1,1,-1,1,-1,1,-1,0,0,1,-1,1,-1,0,0,0,0,1,-1,0,0,-1,1,-1,1,-1,1,0,0,0,0,1,-1,0,0,-1,1,-1,1,0,0,0,-1,0,1,0,0,0,0,-1,1,1,-1,1,-1,0,0,1,-1,1,-1,-1,1,-1,1,1,-1,1,-1,-1,1,0,2,1,-1,-1,1,1,-1,-1,1,1,-1,0,0,-1,1,-1,1,1,-1,0,0,1,-1,1,-1,-1,1,-1,1,1,-1,-1,1,1,-1,0,0,-1,1,-1,1,0,0,0,0,0,0,0,0,0,0,0,0,0,0,0,2,-1,1,0,0,1,-1,-1,1,-1,1,-1,1,-1,1,-1,1,-1,1,-1,1,1,-1,-1,1,0,0,0,0,-1,1,0,0,1,-1,-1,0,-1,1,1,-1,0,0,-1,1,1,-1,-1,1,-1,1,1,-1,1,-1,0,0,0,0,0,0,-1,1,1,-1,1,-1,1,-1,1,-1,1,-1,-1,1,0,0,-1,1,-1,1,1,-1,1,-1,-1,1,0,0,-1,1,-1,1,0,0,0,0,0,0,-1,1,-1,1,1,-1,1,-1,-1,1,-1,1,-1,1,0,0,1,-1,0,0,-1,1,0,0,0,0,-1,1,-1,1,1,-1,-1,1,1,-1,-1,1,0,0,1,-1,0,0,0,0,0,0,1,-1,1,-1,-1,1,0,0,1,-1,-1,1,0,0,-1,1,1,-1,1,-1,0,0,-1,1,1,-1,1,-1,0,0,1,-1,1,-1,-1,1,0,0,1,-1,0,0,0,0,-1,1
META,2018-07-25 16:08:39,AMC,0.0501856870420556,0.17063133594298907,0.03291237890062524,NQ,stopped_pre,-211.0,-150.46500000000378,-172.96500000000378,0,0,-1,1,1,-1,1,0,1,-1,1,-1,1,-1,1,-1,1,-1,1,-1,-1,1,0,0,0,2,1,-1,0,0,1,-1,1,-1,1,-1,0,0,0,0,-1,1,1,-1,1,-1,1,-1,0,0,0,-1,0,-1,0,0,0,0,1,-1,1,-1,1,-1,0,0,1,-1,1,-1,1,-1,1,-1,1,-1,-1,1,-1,1,0,2,1,-1,1,-1,1,-1,1,-1,1,-1,1,-1,1,-1,0,0,1,-1,1,-1,1,-1,1,-1,-1,1,1,-1,1,-1,1,-1,1,-1,1,-1,1,-1,0,0,0,0,0,0,0,0,1,-1,0,0,0,0,0,0,0,0,1,-1,1,-1,1,-1,0,0,1,-1,1,-1,1,-1,1,-1,1,-1,-1,1,-1,1,1,-1,0,0,0,0,1,-1,0,0,1,-1,1,0,-1,1,1,-1,0,2,1,-1,1,-1,1,-1,-1,1,1,-1,0,0,0,2,0,0,0,0,1,-1,1,-1,1,-1,1,-1,1,-1,1,-1,-1,1,0,0,1,-1,-1,1,1,-1,1,-1,-1,1,1,-1,-1,1,1,-1,0,0,0,0,0,0,-1,1,1,-1,-1,1,1,-1,1,-1,1,-1,-1,1,1,-1,1,-1,1,-1,-1,1,0,0,0,0,-1,1,1,-1,1,-1,1,-1,1,-1,1,-1,0,0,-1,1,0,0,0,0,1,-1,-1,1,1,-1,-1,1,0,0,1,-1,1,-1,0,0,1,-1,1,-1,-1,1,0,0,-1,1,1,-1,1,-1,1,-1,1,-1,1,-1,1,-1,1,-1,1,-1,0,0,1,-1,1,-1
AMD,2018-07-25 16:41:54,AMC,0.013365410318096765,0.04009355162044771,,NQ,timed,894.0,65.0,42.5,0,0,1,-1,-1,1,-1,0,-1,1,1,-1,1,-1,-1,1,0,0,-1,1,1,-1,0,0,0,0,-1,1,0,0,1,-1,1,-1,1,-1,0,0,0,0,0,0,0,0,1,-1,1,-1,0,2,0,-1,0,-1,0,0,1,-1,-1,1,1,-1,-1,1,0,0,-1,1,1,-1,1,-1,0,0,1,-1,-1,1,1,-1,0,2,-1,1,1,-1,1,-1,-1,1,-1,1,1,-1,1,-1,1,-1,-1,1,0,0,-1,1,1,-1,1,-1,-1,1,-1,1,1,-1,-1,1,1,-1,1,-1,1,-1,0,0,0,0,0,0,-1,1,0,0,0,0,1,-1,0,0,-1,1,-1,1,-1,1,-1,1,1,-1,1,-1,1,-1,-1,1,1,-1,1,-1,-1,1,-1,1,0,0,0,0,1,-1,0,0,-1,1,1,0,1,-1,-1,1,0,0,1,-1,1,-1,1,-1,-1,1,1,-1,0,0,0,0,0,0,0,0,1,-1,1,-1,1,-1,1,-1,1,-1,1,-1,1,-1,0,0,-1,1,1,-1,1,-1,-1,1,1,-1,-1,1,-1,1,1,-1,0,0,0,0,0,0,1,-1,-1,1,-1,1,-1,1,1,-1,1,-1,1,-1,0,0,-1,1,0,0,-1,1,0,0,0,0,-1,1,-1,1,1,-1,1,-1,-1,1,1,-1,0,0,-1,1,0,0,0,0,0,0,1,-1,-1,1,-1,1,0,0,1,-1,-1,1,0,2,1,-1,-1,1,-1,1,0,2,1,-1,1,-1,1,-1,0,0,1,-1,-1,1,-1,1,0,0,-1,1,0,0,0,0,1,-1
INTC,2018-07-26 16:05:14,AMC,0.0,0.18496721035816377,0.022518914637279647,NQ,stopped_pre,-253.0,-148.29499999999825,-170.79499999999825,0,0,-1,1,-1,1,0,2,1,-1,-1,1,-1,1,1,-1,0,0,1,-1,-1,1,0,0,0,2,1,-1,0,0,-1,1,-1,1,-1,1,0,0,-1,1,0,0,0,0,-1,1,-1,1,0,0,0,1,0,0,0,0,-1,1,-1,1,-1,1,-1,1,0,0,1,-1,-1,1,1,-1,0,0,-1,1,-1,1,-1,1,0,0,-1,1,-1,1,-1,1,-1,1,-1,1,-1,1,-1,1,-1,1,1,-1,0,0,1,-1,1,-1,-1,1,-1,1,1,-1,1,-1,-1,1,-1,1,-1,1,1,-1,0,0,0,0,0,0,1,-1,0,0,0,0,-1,1,0,2,-1,1,0,0,1,-1,1,-1,-1,1,-1,1,-1,1,-1,1,-1,1,-1,1,-1,1,-1,1,0,0,0,0,-1,1,0,0,-1,1,-1,0,-1,1,1,-1,0,0,-1,1,1,-1,-1,1,1,-1,-1,1,1,-1,0,0,0,0,0,0,-1,1,0,0,-1,1,0,0,-1,1,-1,1,-1,1,0,0,1,-1,1,-1,-1,1,-1,1,1,-1,-1,1,1,-1,-1,1,0,0,0,0,0,0,1,-1,-1,1,1,-1,-1,1,1,-1,-1,1,-1,1,0,0,-1,1,-1,1,1,-1,0,0,0,0,1,-1,1,-1,1,-1,-1,1,1,-1,-1,1,0,0,1,-1,0,0,0,0,0,0,-1,1,-1,1,-1,1,0,0,-1,1,-1,1,0,0,-1,1,-1,1,1,-1,0,0,1,-1,1,-1,-1,1,0,0,1,-1,1,-1,1,-1,0,0,-1,1,0,0,-1,1,-1,1
AMZN,2018-07-26 16:14:07,AMC,0.05044390637610976,0.21859761224146626,,NQ,timed,53.0,10.0,-12.5,0,0,1,-1,1,-1,0,2,1,-1,-1,1,1,-1,1,-1,0,0,1,-1,1,-1,0,0,0,2,1,-1,0,0,1,-1,1,-1,-1,1,0,0,1,-1,-1,1,0,0,1,-1,1,-1,0,0,0,-1,0,-1,0,0,0,0,1,-1,1,-1,1,-1,0,0,1,-1,0,0,1,-1,1,-1,1,-1,-1,1,1,-1,0,2,-1,1,1,-1,1,-1,1,-1,1,-1,0,0,0,0,0,0,1,-1,1,-1,1,-1,1,-1,-1,1,1,-1,1,-1,1,-1,1,-1,0,0,1,-1,0,0,0,0,0,0,0,0,1,-1,0,0,0,0,0,0,0,0,1,-1,1,-1,0,0,0,0,-1,1,1,-1,1,-1,1,-1,1,-1,-1,1,1,-1,-1,1,0,2,0,0,1,-1,0,0,1,-1,1,0,1,-1,1,-1,0,2,1,-1,-1,1,1,-1,1,-1,1,-1,0,0,0,0,0,0,0,0,1,-1,0,0,1,-1,0,0,-1,1,-1,1,1,-1,0,0,1,-1,1,-1,-1,1,1,-1,1,-1,1,-1,-1,1,1,-1,0,0,0,0,0,0,1,-1,1,-1,1,-1,1,-1,-1,1,1,-1,-1,1,1,-1,1,-1,1,-1,-1,1,0,0,0,0,-1,1,1,-1,1,-1,1,-1,1,-1,1,-1,0,0,1,-1,0,0,0,0,1,-1,-1,1,1,-1,1,-1,0,0,1,-1,1,-1,0,0,1,-1,1,-1,-1,1,0,0,1,-1,1,-1,1,-1,1,-1,1,-1,1,-1,1,-1,1,-1,1,-1,0,0,0,0,1,-1
AAPL,2018-07-31 16:30:20,AMC,0.31316676990845893,0.3752022305600496,0.1516706981657856,NQ,,,,,0,0,1,-1,1,-1,1,0,1,-1,-1,1,1,-1,1,-1,1,-1,1,-1,1,-1,0,0,0,0,1,-1,0,0,1,-1,1,-1,-1,1,0,0,1,-1,0,0,0,0,1,-1,1,-1,0,2,0,-1,0,-1,0,0,0,0,1,-1,-1,1,1,-1,0,0,1,-1,1,-1,1,-1,0,0,1,-1,-1,1,1,-1,0,2,1,-1,1,-1,1,-1,1,-1,1,-1,1,-1,0,0,0,0,1,-1,1,-1,1,-1,1,-1,1,-1,1,-1,1,-1,-1,1,1,-1,0,0,1,-1,0,0,0,0,0,0,0,0,1,-1,0,0,0,0,0,0,0,0,1,-1,1,-1,1,-1,1,-1,-1,1,1,-1,1,-1,1,-1,1,-1,-1,1,1,-1,-1,1,0,2,0,0,1,-1,0,0,1,-1,1,0,1,-1,1,-1,0,0,1,-1,1,-1,1,-1,-1,1,1,-1,0,0,0,0,0,0,0,0,1,-1,1,-1,1,-1,0,0,1,-1,1,-1,1,-1,0,0,1,-1,0,0,1,-1,1,-1,1,-1,1,-1,-1,1,1,-1,0,2,0,0,0,0,1,-1,1,-1,1,-1,-1,1,-1,1,1,-1,-1,1,1,-1,1,-1,0,0,-1,1,0,0,0,0,1,-1,1,-1,1,-1,1,-1,1,-1,1,-1,0,0,1,-1,0,0,0,0,1,-1,1,-1,1,-1,1,-1,0,0,1,-1,1,-1,0,2,1,-1,1,-1,-1,1,0,2,1,-1,1,-1,1,-1,1,-1,1,-1,1,-1,1,-1,1,-1,1,-1,0,0,0,0,1,-1
TSLA,2018-08-01 16:32:05,AMC,0.030901287553648068,0.0480703200109875,,NQ,,,,,0,0,1,-1,1,-1,-1,0,-1,1,-1,1,1,-1,-1,1,0,0,-1,1,-1,1,0,0,0,0,-1,1,0,0,1,-1,-1,1,-1,1,0,0,0,0,0,0,0,0,1,-1,1,-1,0,0,0,-1,0,-1,0,0,-1,1,-1,1,-1,1,-1,1,0,0,-1,1,1,-1,1,-1,0,0,-1,1,-1,1,1,-1,0,0,-1,1,1,-1,-1,1,1,-1,-1,1,0,0,-1,1,0,0,-1,1,-1,1,-1,1,-1,1,1,-1,-1,1,-1,1,1,-1,-1,1,0,0,-1,1,0,0,0,0,0,0,0,0,-1,1,0,0,0,0,1,-1,0,0,-1,1,-1,1,-1,1,1,-1,-1,1,-1,1,-1,1,1,-1,-1,1,1,-1,-1,1,-1,1,0,0,0,0,1,-1,0,0,-1,1,-1,0,1,-1,-1,1,0,0,-1,1,-1,1,1,-1,1,-1,-1,1,0,0,0,0,0,0,0,0,1,-1,0,0,1,-1,0,0,1,-1,1,-1,1,-1,0,0,1,-1,0,0,1,-1,-1,1,1,-1,0,0,-1,1,1,-1,0,0,0,0,0,0,1,-1,-1,1,-1,1,-1,1,-1,1,-1,1,-1,1,-1,1,-1,1,0,0,1,-1,0,0,0,0,-1,1,1,-1,-1,1,1,-1,-1,1,1,-1,0,0,-1,1,0,0,0,0,-1,1,-1,1,-1,1,1,-1,0,0,-1,1,-1,1,0,0,1,-1,-1,1,-1,1,0,0,-1,1,-1,1,1,-1,-1,1,-1,1,-1,1,1,-1,-1,1,-1,1,0,0,0,0,-1,1
MU,2018-09-20 16:00:24,AMC,0.03289040915668991,0.12827259571109065,0.015885623543664046,NQ,timed,875.0,130.0,107.5,0,0,-1,1,1,-1,-1,0,-1,1,1,-1,1,-1,-1,1,-1,1,-1,1,1,-1,0,0,0,2,-1,1,0,0,-1,1,-1,1,1,-1,0,0,0,0,0,0,0,0,-1,1,1,-1,0,0,0,-1,0,1,0,0,1,-1,1,-1,-1,1,-1,1,0,0,-1,1,1,-1,-1,1,0,0,-1,1,1,-1,-1,1,0,2,-1,1,-1,1,-1,1,-1,1,-1,1,0,0,0,0,-1,1,-1,1,-1,1,-1,1,-1,1,1,-1,-1,1,-1,1,-1,1,-1,1,0,0,1,-1,-1,1,0,0,0,0,-1,1,-1,1,0,0,0,0,0,0,0,0,-1,1,-1,1,-1,1,0,0,1,-1,-1,1,-1,1,-1,1,-1,1,1,-1,-1,1,1,-1,0,0,0,0,-1,1,0,0,-1,1,-1,0,-1,1,-1,1,0,0,-1,1,-1,1,1,-1,1,-1,-1,1,0,0,0,0,0,0,0,0,-1,1,1,-1,1,-1,1,-1,1,-1,1,-1,-1,1,0,0,-1,1,-1,1,-1,1,-1,1,-1,1,0,0,1,-1,-1,1,0,0,0,0,0,0,-1,1,-1,1,1,-1,-1,1,1,-1,1,-1,1,-1,-1,1,-1,1,0,0,1,-1,0,0,0,0,1,-1,-1,1,-1,1,1,-1,-1,1,-1,1,0,0,1,-1,0,0,0,0,-1,1,1,-1,-1,1,-1,1,0,0,-1,1,1,-1,0,0,1,-1,-1,1,1,-1,0,0,1,-1,-1,1,1,-1,-1,1,-1,1,-1,1,-1,1,-1,1,-1,1,0,0,0,0,-1,1
MSFT,2018-10-24 16:03:06,AMC,0.20078122147994013,0.10221216324742644,0.07660387887008932,NQ,stopped_pre,-258.0,-136.09000000000378,-158.59000000000378,0,2,-1,1,-1,1,-1,0,-1,1,-1,1,-1,1,-1,1,-1,1,-1,1,-1,1,0,0,0,0,-1,1,-1,1,-1,1,-1,1,-1,1,0,0,0,0,0,0,-1,1,-1,1,-1,1,0,0,0,1,0,1,0,0,-1,1,-1,1,1,-1,1,-1,0,0,-1,1,-1,1,-1,1,-1,1,-1,1,1,-1,-1,1,0,0,-1,1,-1,1,-1,1,-1,1,-1,1,-1,1,0,0,0,0,-1,1,-1,1,-1,1,-1,1,-1,1,-1,1,-1,1,-1,1,-1,1,-1,1,-1,1,-1,1,0,0,0,0,-1,1,-1,1,0,0,0,0,-1,1,0,2,-1,1,-1,1,-1,1,0,0,-1,1,-1,1,-1,1,1,-1,-1,1,-1,1,-1,1,1,-1,0,2,0,0,-1,1,-1,1,-1,1,-1,0,-1,1,-1,1,0,0,-1,1,1,-1,-1,1,-1,1,-1,1,0,0,0,2,0,0,0,0,1,-1,-1,1,-1,1,-1,1,-1,1,-1,1,-1,1,0,0,-1,1,1,-1,-1,1,-1,1,-1,1,-1,1,1,-1,-1,1,0,0,0,0,0,0,-1,1,1,-1,-1,1,1,-1,-1,1,1,-1,1,-1,-1,1,-1,1,-1,1,1,-1,0,2,0,0,1,-1,1,-1,1,-1,-1,1,-1,1,-1,1,0,0,1,-1,0,0,-1,1,-1,1,1,-1,-1,1,-1,1,0,0,-1,1,-1,1,0,0,1,-1,-1,1,1,-1,0,0,1,-1,-1,1,-1,1,-1,1,1,-1,1,-1,1,-1,-1,1,-1,1,0,0,-1,1,-1,1
AMD,2018-10-24 16:32:31,AMC,0.058385637133265215,0.25544648396161,,NQ,,,,,0,0,1,-1,1,-1,0,2,0,0,1,-1,-1,1,-1,1,0,0,1,-1,1,-1,0,0,0,2,-1,1,1,-1,-1,1,1,-1,1,-1,0,0,1,-1,0,0,0,0,1,-1,1,-1,0,2,0,-1,0,-1,0,0,1,-1,1,-1,1,-1,1,-1,0,0,1,-1,-1,1,1,-1,1,-1,1,-1,-1,1,1,-1,0,2,1,-1,1,-1,1,-1,1,-1,1,-1,0,0,1,-1,0,0,-1,1,0,0,-1,1,1,-1,1,-1,1,-1,-1,1,1,-1,1,-1,0,0,1,-1,0,0,0,0,0,0,0,0,-1,1,0,0,0,0,1,-1,0,0,-1,1,-1,1,1,-1,0,0,1,-1,1,-1,1,-1,1,-1,1,-1,1,-1,1,-1,-1,1,0,0,0,0,-1,1,0,0,1,-1,1,0,1,-1,1,-1,0,0,1,-1,1,-1,1,-1,-1,1,1,-1,1,-1,0,0,0,0,0,0,1,-1,-1,1,-1,1,-1,1,-1,1,-1,1,1,-1,0,0,1,-1,1,-1,-1,1,1,-1,1,-1,-1,1,-1,1,1,-1,0,0,0,0,0,0,1,-1,1,-1,1,-1,1,-1,1,-1,-1,1,-1,1,0,0,1,-1,-1,1,1,-1,0,0,0,0,1,-1,1,-1,-1,1,1,-1,1,-1,1,-1,0,0,-1,1,0,0,1,-1,0,0,1,-1,1,-1,1,-1,0,0,1,-1,-1,1,0,2,-1,1,-1,1,-1,1,0,2,-1,1,1,-1,-1,1,0,0,1,-1,1,-1,1,-1,0,0,1,-1,0,0,1,-1,1,-1
GOOGL,2018-10-25 16:01:30,AMC,0.5052841333665445,1.3094687399921716,0.1471825063078217,NQ,stopped_pre,-90.0,-140.68999999999505,-163.18999999999505,0,0,-1,1,-1,1,0,2,-1,1,-1,1,1,-1,-1,1,-1,1,-1,1,-1,1,0,0,0,0,-1,1,-1,1,-1,1,-1,1,-1,1,0,0,1,-1,0,0,-1,1,-1,1,-1,1,0,0,0,1,0,1,0,0,-1,1,1,-1,-1,1,-1,1,0,0,-1,1,1,-1,-1,1,-1,1,-1,1,-1,1,-1,1,0,2,-1,1,-1,1,-1,1,-1,1,-1,1,0,0,-1,1,-1,1,-1,1,-1,1,-1,1,-1,1,-1,1,-1,1,-1,1,-1,1,-1,1,0,0,-1,1,0,0,0,0,0,0,-1,1,-1,1,0,0,0,0,-1,1,0,0,-1,1,-1,1,-1,1,0,0,-1,1,-1,1,-1,1,-1,1,-1,1,-1,1,-1,1,1,-1,0,2,0,0,-1,1,-1,1,-1,1,-1,0,-1,1,-1,1,0,0,-1,1,-1,1,-1,1,1,-1,-1,1,0,0,0,0,0,0,0,0,-1,1,1,-1,1,-1,0,0,1,-1,1,-1,-1,1,0,0,-1,1,0,0,-1,1,-1,1,-1,1,0,0,1,-1,-1,1,0,0,0,0,0,0,-1,1,-1,1,-1,1,-1,1,-1,1,-1,1,1,-1,-1,1,-1,1,0,0,1,-1,0,0,0,0,-1,1,-1,1,-1,1,-1,1,-1,1,-1,1,0,0,1,-1,0,0,-1,1,-1,1,1,-1,-1,1,-1,1,0,0,-1,1,1,-1,0,0,-1,1,-1,1,1,-1,0,0,1,-1,-1,1,1,-1,-1,1,-1,1,-1,1,-1,1,-1,1,-1,1,0,0,-1,1,-1,1
INTC,2018-10-25 16:08:45,AMC,0.13308873781518651,0.38130868016835134,0.021518102103394478,NQ,stopped_pre,-286.0,-139.42999999999302,-161.92999999999302,0,2,-1,1,-1,1,-1,0,-1,1,-1,1,-1,1,-1,1,-1,1,-1,1,-1,1,0,0,0,0,-1,1,-1,1,-1,1,-1,1,-1,1,0,-1,1,-1,0,0,-1,1,-1,1,-1,1,0,0,0,1,0,1,0,0,-1,1,-1,1,-1,1,1,-1,0,0,-1,1,1,-1,-1,1,-1,1,-1,1,1,-1,-1,1,0,2,-1,1,-1,1,-1,1,-1,1,-1,1,-1,1,-1,1,-1,1,-1,1,-1,1,-1,1,-1,1,-1,1,-1,1,-1,1,-1,1,-1,1,-1,1,-1,1,-1,1,0,0,0,0,0,0,-1,1,0,0,0,0,-1,1,0,0,-1,1,-1,1,-1,1,1,-1,-1,1,-1,1,-1,1,-1,1,-1,1,-1,1,-1,1,-1,1,0,2,0,0,-1,1,-1,1,-1,1,-1,0,-1,1,-1,1,0,2,-1,1,-1,1,-1,1,-1,1,-1,1,1,-1,0,2,0,0,0,0,1,-1,1,-1,1,-1,0,0,1,-1,1,-1,-1,1,0,0,-1,1,-1,1,-1,1,-1,1,-1,1,-1,1,1,-1,-1,1,0,0,0,0,0,0,-1,1,1,-1,1,-1,1,-1,-1,1,1,-1,1,-1,-1,1,-1,1,0,0,1,-1,0,2,0,0,1,-1,1,-1,-1,1,-1,1,-1,1,-1,1,0,0,1,-1,0,0,-1,1,-1,1,1,-1,-1,1,-1,1,0,0,-1,1,-1,1,0,0,-1,1,-1,1,1,-1,0,0,1,-1,-1,1,-1,1,-1,1,1,-1,1,-1,1,-1,-1,1,-1,1,0,0,-1,1,1,-1
META,2018-10-30 16:14:19,AMC,0.003668782331144293,0.39618488628026416,0.03396409509946628,NQ,timed,40.0,315.0,292.5,0,0,-1,1,-1,1,-1,0,0,0,-1,1,1,-1,1,-1,0,0,0,0,-1,1,0,0,0,2,1,-1,-1,1,-1,1,-1,1,-1,1,0,-1,1,-1,1,-1,-1,1,-1,1,-1,1,0,0,0,-1,0,1,0,0,-1,1,-1,1,-1,1,1,-1,0,0,-1,1,1,-1,-1,1,-1,1,-1,1,-1,1,-1,1,0,0,-1,1,-1,1,-1,1,-1,1,-1,1,-1,1,-1,1,-1,1,1,-1,0,0,1,-1,-1,1,-1,1,-1,1,1,-1,-1,1,-1,1,0,0,-1,1,0,0,0,0,0,0,0,0,0,0,0,0,0,0,-1,1,0,2,-1,1,0,0,0,0,1,-1,-1,1,-1,1,-1,1,-1,1,-1,1,-1,1,-1,1,1,-1,0,2,0,2,-1,1,-1,1,-1,1,-1,0,-1,1,1,-1,0,0,-1,1,-1,1,-1,1,-1,1,-1,1,1,-1,0,0,0,0,0,0,-1,1,0,0,1,-1,0,0,1,-1,1,-1,-1,1,0,0,1,-1,0,0,1,-1,-1,1,-1,1,0,0,-1,1,-1,1,0,0,0,0,0,0,-1,1,-1,1,1,-1,1,-1,-1,1,1,-1,1,-1,0,0,-1,1,0,0,-1,1,0,0,0,2,1,-1,-1,1,-1,1,-1,1,-1,1,-1,1,0,0,-1,1,0,0,-1,1,0,0,-1,1,-1,1,-1,1,0,2,-1,1,-1,1,0,0,-1,1,-1,1,-1,1,0,0,-1,1,-1,1,1,-1,0,0,-1,1,-1,1,-1,1,0,0,-1,1,0,0,-1,1,1,-1
AAPL,2018-11-01 16:30:21,AMC,0.6358177322500883,0.7312162209897912,0.18309609591872897,NQ,,,,,0,0,1,-1,-1,1,0,2,1,-1,-1,1,1,-1,1,-1,0,0,1,-1,-1,1,0,0,0,0,1,-1,0,0,1,-1,1,-1,-1,1,0,0,1,-1,0,0,1,-1,1,-1,1,-1,0,2,0,-1,0,0,0,0,0,0,1,-1,1,-1,1,-1,0,0,1,-1,1,-1,1,-1,0,0,1,-1,1,-1,1,-1,0,2,1,-1,1,-1,-1,1,1,-1,1,-1,0,0,0,0,1,-1,1,-1,1,-1,1,-1,1,-1,1,-1,1,-1,1,-1,1,-1,1,-1,0,0,1,-1,1,-1,0,0,0,0,1,-1,1,-1,0,0,0,0,0,0,0,2,1,-1,1,-1,1,-1,0,0,-1,1,1,-1,1,-1,1,-1,1,-1,-1,1,-1,1,-1,1,0,0,0,2,1,-1,0,0,1,-1,1,0,1,-1,1,-1,0,0,1,-1,1,-1,1,-1,1,-1,1,-1,0,0,0,0,0,0,0,0,1,-1,1,-1,1,-1,1,-1,1,-1,1,-1,1,-1,0,0,1,-1,-1,1,1,-1,1,-1,1,-1,1,-1,-1,1,1,-1,0,0,0,0,0,0,1,-1,1,-1,-1,1,1,-1,1,-1,-1,1,-1,1,1,-1,1,-1,1,-1,-1,1,0,0,0,2,1,-1,1,-1,1,-1,1,-1,1,-1,1,-1,0,0,-1,1,0,0,-1,1,1,-1,-1,1,-1,1,1,-1,0,2,1,-1,-1,1,0,2,1,-1,1,-1,-1,1,0,2,-1,1,1,-1,1,-1,1,-1,-1,1,1,-1,1,-1,1,-1,1,-1,0,0,-1,1,1,-1
MU,2018-12-18 16:00:39,AMC,0.1381904725346436,0.7753128118523068,0.017760412041559363,NQ,stopped_pre,-270.0,-135.0,-157.5,0,2,-1,1,1,-1,1,0,1,-1,1,-1,1,-1,1,-1,1,-1,1,-1,1,-1,0,0,0,2,1,-1,1,-1,1,-1,1,-1,1,-1,0,0,0,0,1,-1,0,0,1,-1,1,-1,0,0,0,-1,0,-1,0,0,0,0,1,-1,-1,1,-1,1,0,0,1,-1,1,-1,1,-1,1,-1,1,-1,-1,1,1,-1,0,0,1,-1,1,-1,1,-1,1,-1,1,-1,1,-1,0,0,1,-1,1,-1,1,-1,1,-1,1,-1,-1,1,1,-1,1,-1,-1,1,1,-1,0,0,1,-1,0,0,0,0,0,0,0,0,1,-1,0,0,0,0,0,0,0,0,1,-1,1,-1,1,-1,-1,1,1,-1,1,-1,1,-1,1,-1,1,-1,-1,1,1,-1,-1,1,0,0,0,0,1,-1,0,0,1,-1,1,0,1,-1,1,-1,0,0,1,-1,1,-1,1,-1,1,-1,1,-1,0,0,0,0,0,0,0,0,1,-1,0,0,1,-1,0,0,1,-1,1,-1,1,-1,0,0,-1,1,1,-1,1,-1,1,-1,1,-1,1,-1,-1,1,1,-1,0,0,0,0,0,0,1,-1,-1,1,1,-1,-1,1,1,-1,-1,1,-1,1,1,-1,1,-1,0,0,-1,1,0,0,0,0,1,-1,1,-1,1,-1,1,-1,1,-1,1,-1,0,0,-1,1,0,0,0,0,1,-1,-1,1,1,-1,1,-1,0,0,1,-1,1,-1,0,2,1,-1,1,-1,-1,1,0,0,-1,1,1,-1,1,-1,1,-1,1,-1,-1,1,1,-1,1,-1,1,-1,0,0,0,0,1,-1
AAPL,2019-01-02 16:30:03,AMC,0.0786503598253962,1.817111459968603,0.18928560452045046,NQ,,,,,0,0,-1,1,1,-1,0,2,1,-1,-1,1,1,-1,1,-1,0,0,1,-1,-1,1,0,2,0,0,1,-1,-1,1,-1,1,-1,1,-1,1,0,0,0,0,0,0,0,0,-1,1,1,-1,0,2,0,-1,0,0,0,0,-1,1,1,-1,-1,1,1,-1,0,0,1,-1,1,-1,-1,1,0,0,1,-1,1,-1,-1,1,0,0,1,-1,-1,1,-1,1,1,-1,1,-1,-1,1,-1,1,-1,1,1,-1,1,-1,1,-1,-1,1,-1,1,1,-1,1,-1,-1,1,1,-1,0,0,-1,1,0,0,0,2,0,2,0,0,1,-1,0,0,0,2,-1,1,0,0,1,-1,1,-1,1,-1,0,0,-1,1,1,-1,1,-1,-1,1,1,-1,-1,1,-1,1,1,-1,0,0,0,2,-1,1,-1,1,1,-1,-1,0,-1,1,1,-1,0,0,-1,1,-1,1,-1,1,1,-1,-1,1,0,0,0,0,0,2,0,0,-1,1,1,-1,1,-1,1,-1,1,-1,1,-1,-1,1,0,0,-1,1,1,-1,-1,1,1,-1,-1,1,0,0,1,-1,-1,1,0,2,0,0,0,0,-1,1,1,-1,-1,1,1,-1,-1,1,-1,1,1,-1,0,0,1,-1,0,0,-1,1,0,0,0,2,1,-1,1,-1,1,-1,-1,1,1,-1,-1,1,0,0,1,-1,0,0,0,0,0,0,-1,1,-1,1,-1,1,0,0,1,-1,1,-1,0,2,1,-1,1,-1,-1,1,0,2,-1,1,-1,1,1,-1,0,0,-1,1,1,-1,1,-1,0,0,1,-1,0,2,-1,1,-1,1
NFLX,2019-01-02 19:40:08,AMC,0.024081878386514148,0.004013968610765464,,NQ,timed,895.0,95.0,72.5,0,0,-1,1,1,-1,0,2,1,-1,-1,1,-1,1,-1,1,0,0,1,-1,-1,1,0,0,0,0,1,-1,-1,1,-1,1,-1,1,-1,1,0,-1,1,-1,0,0,-1,1,-1,1,1,-1,0,2,0,1,0,0,0,2,-1,1,1,-1,-1,1,1,-1,0,0,-1,1,-1,1,-1,1,0,0,-1,1,1,-1,-1,1,0,0,-1,1,-1,1,-1,1,-1,1,-1,1,-1,1,-1,1,-1,1,-1,1,-1,1,1,-1,-1,1,-1,1,-1,1,-1,1,-1,1,-1,1,0,0,-1,1,-1,1,0,2,0,0,0,0,0,0,0,0,0,2,-1,1,0,0,0,0,1,-1,-1,1,-1,1,-1,1,-1,1,-1,1,-1,1,-1,1,-1,1,-1,1,1,-1,0,0,0,0,-1,1,-1,1,-1,1,-1,0,-1,1,-1,1,0,0,-1,1,-1,1,-1,1,-1,1,-1,1,0,0,0,0,0,0,0,0,-1,1,-1,1,-1,1,-1,1,-1,1,-1,1,-1,1,0,0,-1,1,1,-1,-1,1,-1,1,-1,1,-1,1,-1,1,-1,1,0,0,0,0,0,0,-1,1,-1,1,1,-1,-1,1,-1,1,-1,1,1,-1,0,0,-1,1,-1,1,1,-1,0,0,0,2,1,-1,1,-1,-1,1,-1,1,1,-1,-1,1,0,0,-1,1,0,0,-1,1,0,0,-1,1,-1,1,-1,1,0,0,-1,1,1,-1,0,0,1,-1,-1,1,-1,1,0,0,-1,1,-1,1,-1,1,0,0,1,-1,-1,1,1,-1,0,0,-1,1,0,0,-1,1,1,-1
NFLX,2019-01-17 16:08:07,AMC,0.00744130669345537,0.10789493265867996,0.027848187638552777,NQ,timed,412.0,15.0,-7.5,0,0,-1,1,1,-1,0,2,1,-1,-1,1,1,-1,1,-1,0,0,-1,1,1,-1,0,0,0,0,1,-1,1,-1,1,-1,-1,1,-1,1,0,0,0,0,0,0,0,0,1,-1,1,-1,0,0,0,-1,0,1,0,0,0,0,1,-1,1,-1,1,-1,0,0,1,-1,1,-1,1,-1,-1,1,-1,1,1,-1,1,-1,0,0,1,-1,1,-1,1,-1,-1,1,-1,1,0,0,-1,1,1,-1,1,-1,1,-1,1,-1,-1,1,-1,1,-1,1,1,-1,-1,1,-1,1,0,0,1,-1,0,0,0,0,0,0,1,-1,1,-1,0,0,0,0,0,0,0,0,-1,1,0,0,0,0,1,-1,-1,1,1,-1,1,-1,-1,1,1,-1,1,-1,1,-1,1,-1,0,0,0,2,1,-1,-1,1,1,-1,1,0,1,-1,1,-1,0,0,-1,1,1,-1,1,-1,1,-1,-1,1,1,-1,0,0,0,0,0,0,1,-1,1,-1,1,-1,1,-1,1,-1,1,-1,1,-1,0,0,-1,1,1,-1,1,-1,-1,1,1,-1,1,-1,1,-1,1,-1,0,0,0,0,0,0,1,-1,1,-1,1,-1,1,-1,-1,1,1,-1,-1,1,0,0,1,-1,1,-1,-1,1,0,0,0,2,-1,1,-1,1,-1,1,-1,1,1,-1,1,-1,0,0,-1,1,0,0,0,0,0,0,-1,1,1,-1,1,-1,0,2,-1,1,1,-1,0,2,1,-1,1,-1,1,-1,0,0,-1,1,-1,1,1,-1,0,0,-1,1,1,-1,-1,1,1,-1,1,-1,0,0,0,0,1,-1
INTC,2019-01-24 16:06:44,AMC,0.022463496817671284,0.003743916136278547,0.022518914637279647,NQ,stopped_pre,-225.0,-133.8550000000032,-156.3550000000032,0,0,-1,1,-1,1,-1,0,1,-1,-1,1,1,-1,1,-1,1,-1,1,-1,-1,1,0,0,0,2,1,-1,-1,1,1,-1,-1,1,-1,1,0,0,1,-1,0,0,0,0,1,-1,-1,1,0,0,0,1,0,1,0,0,-1,1,-1,1,-1,1,-1,1,0,0,1,-1,1,-1,1,-1,0,0,-1,1,1,-1,-1,1,0,2,-1,1,-1,1,1,-1,-1,1,1,-1,0,0,-1,1,-1,1,1,-1,0,0,1,-1,1,-1,-1,1,-1,1,1,-1,-1,1,-1,1,0,0,-1,1,0,0,0,0,0,0,0,0,1,-1,0,0,0,0,0,0,0,2,1,-1,0,0,1,-1,1,-1,-1,1,-1,1,-1,1,-1,1,-1,1,-1,1,1,-1,1,-1,0,0,0,0,1,-1,0,0,-1,1,-1,0,-1,1,1,-1,0,0,-1,1,-1,1,-1,1,1,-1,-1,1,1,-1,0,0,0,0,0,0,-1,1,0,0,1,-1,0,0,1,-1,1,-1,-1,1,0,0,-1,1,1,-1,1,-1,-1,1,-1,1,0,0,-1,1,-1,1,0,0,0,0,0,0,1,-1,-1,1,1,-1,-1,1,-1,1,1,-1,-1,1,0,0,1,-1,0,0,1,-1,0,0,0,0,1,-1,1,-1,1,-1,-1,1,-1,1,-1,1,0,0,-1,1,0,0,0,0,0,0,-1,1,1,-1,1,-1,0,0,-1,1,-1,1,0,0,-1,1,-1,1,1,-1,0,0,1,-1,1,-1,1,-1,0,0,-1,1,1,-1,1,-1,0,0,-1,1,0,0,0,0,-1,1
NVDA,2019-01-28 09:04:54,BMO,0.0,0.46029919447640966,,NQ,stopped_pre,-228.0,-135.03500000000713,-157.53500000000713,0,2,1,-1,-1,1,0,2,1,-1,1,-1,-1,1,1,-1,1,-1,1,-1,1,-1,0,0,0,0,1,-1,1,-1,1,-1,1,-1,1,-1,0,1,-1,1,0,0,1,-1,1,-1,-1,1,0,0,0,-1,0,-1,0,0,1,-1,1,-1,1,-1,-1,1,0,0,1,-1,-1,1,1,-1,1,-1,1,-1,-1,1,1,-1,0,2,1,-1,1,-1,1,-1,1,-1,1,-1,1,-1,1,-1,1,-1,1,-1,0,0,0,0,1,-1,1,-1,1,-1,1,-1,1,-1,1,-1,1,-1,1,-1,1,-1,0,0,0,0,0,0,0,0,0,0,0,2,1,-1,0,2,1,-1,1,-1,1,-1,0,0,1,-1,1,-1,1,-1,-1,1,1,-1,1,-1,1,-1,-1,1,0,2,0,0,1,-1,1,-1,1,-1,1,0,1,-1,1,-1,0,0,1,-1,1,-1,1,-1,1,-1,1,-1,-1,1,0,0,0,0,0,0,1,-1,-1,1,-1,1,-1,1,-1,1,-1,1,1,-1,0,0,1,-1,0,0,-1,1,1,-1,1,-1,0,0,1,-1,1,-1,0,0,0,0,0,0,1,-1,1,-1,-1,1,-1,1,1,-1,1,-1,-1,1,1,-1,1,-1,0,0,-1,1,0,0,0,0,-1,1,1,-1,1,-1,1,-1,1,-1,1,-1,0,0,-1,1,0,0,1,-1,1,-1,1,-1,1,-1,1,-1,0,0,1,-1,1,-1,0,2,1,-1,1,-1,1,-1,0,0,1,-1,1,-1,-1,1,1,-1,1,-1,1,-1,1,-1,1,-1,1,-1,0,0,1,-1,-1,1
AAPL,2019-01-29 16:30:18,AMC,0.35019015702074785,0.43664834751185727,0.18309609591872897,NQ,,,,,0,0,1,-1,1,-1,0,2,-1,1,1,-1,-1,1,1,-1,0,0,-1,1,1,-1,0,0,0,2,1,-1,1,-1,1,-1,1,-1,1,-1,0,1,1,-1,0,0,1,-1,1,-1,1,-1,0,2,0,-1,0,-1,0,0,1,-1,-1,1,1,-1,-1,1,0,0,-1,1,-1,1,1,-1,1,-1,1,-1,1,-1,1,-1,0,2,1,-1,1,-1,1,-1,1,-1,1,-1,1,-1,1,-1,1,-1,1,-1,0,0,-1,1,1,-1,1,-1,1,-1,-1,1,1,-1,1,-1,0,0,1,-1,1,-1,0,0,0,0,0,0,0,0,0,0,0,0,1,-1,0,2,1,-1,1,-1,-1,1,1,-1,1,-1,1,-1,1,-1,-1,1,1,-1,1,-1,1,-1,-1,1,0,0,0,2,1,-1,1,-1,1,-1,1,0,1,-1,1,-1,0,0,1,-1,-1,1,1,-1,-1,1,1,-1,-1,1,0,0,0,0,0,0,1,-1,-1,1,-1,1,-1,1,-1,1,-1,1,1,-1,0,0,1,-1,1,-1,1,-1,1,-1,1,-1,0,0,1,-1,1,-1,0,0,0,0,0,0,1,-1,1,-1,-1,1,1,-1,1,-1,-1,1,-1,1,0,0,1,-1,0,0,1,-1,0,2,0,0,-1,1,-1,1,-1,1,1,-1,1,-1,1,-1,0,0,-1,1,0,0,1,-1,0,0,1,-1,1,-1,1,-1,0,0,1,-1,-1,1,0,2,1,-1,1,-1,-1,1,0,0,-1,1,-1,1,-1,1,0,0,-1,1,1,-1,-1,1,0,0,1,-1,0,0,1,-1,-1,1
MSFT,2019-01-30 16:03:36,AMC,0.07360518180479907,0.5668016194331984,0.08014172431246837,NQ,stopped_pre,-157.0,-136.2199999999939,-158.7199999999939,0,0,1,-1,1,-1,0,2,-1,1,-1,1,1,-1,-1,1,0,0,1,-1,-1,1,0,0,0,0,-1,1,-1,1,1,-1,1,-1,1,-1,0,0,1,-1,0,0,1,-1,1,-1,1,-1,0,0,0,-1,0,0,0,0,0,0,1,-1,1,-1,1,-1,0,0,1,-1,1,-1,1,-1,0,0,-1,1,1,-1,1,-1,0,0,1,-1,1,-1,1,-1,1,-1,1,-1,0,0,0,0,0,0,-1,1,0,0,1,-1,1,-1,1,-1,1,-1,-1,1,1,-1,1,-1,0,0,1,-1,1,-1,0,0,0,0,-1,1,0,0,0,0,0,0,1,-1,0,0,-1,1,-1,1,1,-1,-1,1,1,-1,1,-1,-1,1,1,-1,1,-1,1,-1,1,-1,-1,1,0,0,0,2,1,-1,1,-1,1,-1,1,0,1,-1,-1,1,0,0,1,-1,-1,1,-1,1,-1,1,-1,1,-1,1,0,0,0,0,0,0,1,-1,1,-1,1,-1,1,-1,1,-1,1,-1,1,-1,0,0,1,-1,1,-1,1,-1,1,-1,1,-1,1,-1,1,-1,1,-1,0,0,0,0,0,0,1,-1,1,-1,-1,1,1,-1,1,-1,-1,1,-1,1,0,0,-1,1,1,-1,1,-1,0,0,0,0,1,-1,1,-1,-1,1,1,-1,-1,1,1,-1,0,0,-1,1,0,0,1,-1,0,0,1,-1,1,-1,1,-1,0,0,-1,1,1,-1,0,2,1,-1,-1,1,1,-1,0,0,-1,1,1,-1,1,-1,0,0,1,-1,-1,1,1,-1,0,0,1,-1,0,0,1,-1,1,-1
AMZN,2019-01-31 16:30:02,AMC,0.07240081088908196,0.11564871702204554,0.0188541404595536,NQ,,,,,0,0,-1,1,1,-1,0,2,0,0,1,-1,1,-1,1,-1,0,0,1,-1,-1,1,0,0,0,2,1,-1,0,0,-1,1,1,-1,1,-1,0,0,0,0,0,0,0,0,-1,1,1,-1,0,2,0,-1,0,-1,0,0,0,0,1,-1,1,-1,1,-1,0,0,-1,1,1,-1,-1,1,0,0,-1,1,-1,1,-1,1,0,2,1,-1,-1,1,-1,1,1,-1,1,-1,0,0,1,-1,1,-1,1,-1,1,-1,1,-1,1,-1,-1,1,1,-1,1,-1,1,-1,1,-1,0,0,-1,1,1,-1,0,0,0,0,0,0,1,-1,0,0,0,0,0,0,0,0,1,-1,1,-1,-1,1,0,0,1,-1,1,-1,-1,1,-1,1,1,-1,1,-1,-1,1,-1,1,0,0,0,2,-1,1,0,0,1,-1,-1,0,-1,1,1,-1,0,2,1,-1,1,-1,-1,1,1,-1,-1,1,-1,1,0,0,0,0,0,0,-1,1,0,0,1,-1,1,-1,1,-1,1,-1,-1,1,0,0,-1,1,-1,1,-1,1,1,-1,-1,1,1,-1,-1,1,-1,1,0,0,0,0,0,0,-1,1,1,-1,-1,1,1,-1,1,-1,-1,1,1,-1,0,0,-1,1,0,0,-1,1,0,0,0,0,-1,1,1,-1,1,-1,1,-1,1,-1,-1,1,0,0,1,-1,0,0,0,0,0,0,-1,1,-1,1,-1,1,0,0,-1,1,1,-1,0,0,1,-1,1,-1,-1,1,0,0,-1,1,1,-1,1,-1,1,-1,-1,1,1,-1,1,-1,0,0,-1,1,0,0,0,0,-1,1
GOOGL,2019-02-04 16:01:19,AMC,0.007178750897343863,0.25125628140703515,0.15656949939746323,NQ,tp,47.0,556.3999999999942,533.8999999999942,0,2,1,-1,1,-1,0,2,0,0,1,-1,1,-1,1,-1,1,-1,1,-1,1,-1,0,0,0,0,1,-1,0,0,1,-1,1,-1,1,-1,0,1,1,-1,0,0,1,-1,1,-1,1,-1,0,0,0,-1,0,-1,0,0,1,-1,1,-1,1,-1,-1,1,0,0,1,-1,1,-1,1,-1,1,-1,1,-1,1,-1,1,-1,0,0,1,-1,1,-1,1,-1,1,-1,1,-1,1,-1,1,-1,1,-1,1,-1,0,0,-1,1,1,-1,1,-1,1,-1,-1,1,1,-1,1,-1,1,-1,1,-1,0,0,0,0,0,0,0,0,0,0,0,0,0,0,1,-1,0,2,1,-1,1,-1,1,-1,1,-1,1,-1,1,-1,1,-1,-1,1,1,-1,1,-1,1,-1,-1,1,0,2,0,0,1,-1,1,-1,1,-1,1,0,1,-1,1,-1,0,0,1,-1,-1,1,1,-1,1,-1,1,-1,-1,1,0,0,0,0,0,0,1,-1,1,-1,1,-1,1,-1,1,-1,1,-1,1,-1,0,0,1,-1,1,-1,1,-1,1,-1,1,-1,0,0,1,-1,1,-1,0,0,0,0,0,0,1,-1,1,-1,-1,1,1,-1,1,-1,1,-1,-1,1,0,0,1,-1,1,-1,-1,1,0,2,0,0,-1,1,-1,1,-1,1,1,-1,1,-1,1,-1,0,0,-1,1,0,0,1,-1,0,0,1,-1,1,-1,1,-1,0,0,1,-1,1,-1,0,2,1,-1,1,-1,1,-1,0,0,1,-1,1,-1,1,-1,0,0,-1,1,1,-1,-1,1,0,0,1,-1,0,0,1,-1,-1,1
MU,2019-03-20 16:00:37,AMC,0.03372226343832198,0.11128722220348701,0.019141527679009264,NQ,stopped_post,63.0,-148.25000000000728,-170.75000000000728,0,0,-1,1,-1,1,-1,0,1,-1,-1,1,1,-1,-1,1,1,-1,1,-1,-1,1,0,0,0,2,-1,1,0,0,-1,1,-1,1,-1,1,0,0,-1,1,0,0,0,0,-1,1,-1,1,0,0,0,-1,0,1,0,0,-1,1,1,-1,1,-1,1,-1,0,0,1,-1,1,-1,-1,1,-1,1,-1,1,1,-1,-1,1,0,2,-1,1,-1,1,1,-1,-1,1,-1,1,0,0,-1,1,-1,1,-1,1,-1,1,0,0,1,-1,-1,1,-1,1,-1,1,-1,1,-1,1,0,0,-1,1,-1,1,0,0,0,0,0,0,-1,1,0,0,0,0,0,0,0,0,-1,1,-1,1,1,-1,1,-1,-1,1,-1,1,-1,1,-1,1,-1,1,-1,1,1,-1,-1,1,0,0,0,0,1,-1,0,0,-1,1,-1,0,1,-1,1,-1,0,0,-1,1,-1,1,-1,1,-1,1,-1,1,1,-1,0,0,0,0,0,0,-1,1,1,-1,1,-1,1,-1,1,-1,1,-1,1,-1,0,0,-1,1,-1,1,1,-1,-1,1,-1,1,0,0,-1,1,-1,1,0,0,0,0,0,0,-1,1,-1,1,1,-1,1,-1,-1,1,-1,1,-1,1,-1,1,1,-1,0,0,-1,1,0,0,0,2,1,-1,1,-1,-1,1,-1,1,1,-1,-1,1,0,0,1,-1,0,0,0,0,-1,1,1,-1,1,-1,1,-1,0,0,-1,1,1,-1,0,0,-1,1,-1,1,-1,1,0,0,-1,1,1,-1,1,-1,-1,1,-1,1,-1,1,1,-1,-1,1,1,-1,0,0,0,0,-1,1
NFLX,2019-04-16 16:07:16,AMC,0.026077319251580938,0.09127359259379991,0.027487630566245192,NQ,timed,463.0,300.0,277.5,0,0,1,-1,1,-1,0,2,1,-1,-1,1,-1,1,1,-1,1,-1,1,-1,-1,1,0,0,0,0,1,-1,0,0,1,-1,-1,1,-1,1,0,0,1,-1,1,-1,0,0,1,-1,1,-1,0,0,0,-1,0,1,0,0,-1,1,1,-1,-1,1,-1,1,0,0,1,-1,1,-1,1,-1,0,0,1,-1,1,-1,1,-1,0,0,1,-1,-1,1,1,-1,-1,1,1,-1,0,0,-1,1,-1,1,1,-1,-1,1,0,0,-1,1,-1,1,-1,1,1,-1,-1,1,-1,1,1,-1,-1,1,1,-1,0,0,0,0,0,0,0,0,0,0,0,0,0,0,0,0,1,-1,-1,1,1,-1,1,-1,-1,1,-1,1,-1,1,1,-1,-1,1,-1,1,1,-1,1,-1,0,0,0,0,1,-1,0,0,1,-1,-1,0,1,-1,1,-1,0,0,-1,1,1,-1,-1,1,-1,1,1,-1,1,-1,0,0,0,0,0,0,-1,1,0,0,1,-1,1,-1,1,-1,1,-1,1,-1,0,0,-1,1,1,-1,-1,1,-1,1,1,-1,-1,1,1,-1,-1,1,0,0,0,0,0,0,1,-1,-1,1,1,-1,-1,1,-1,1,1,-1,-1,1,0,0,1,-1,-1,1,1,-1,0,0,0,0,1,-1,-1,1,1,-1,-1,1,-1,1,-1,1,0,0,-1,1,0,0,0,0,0,0,1,-1,1,-1,1,-1,0,0,1,-1,1,-1,0,0,1,-1,-1,1,1,-1,0,0,-1,1,1,-1,-1,1,0,0,1,-1,1,-1,-1,1,0,0,1,-1,0,0,0,0,-1,1
MSFT,2019-04-24 16:04:03,AMC,0.015980056889002524,0.22692406034262336,0.07687345305863372,NQ,tp,191.0,624.5999999999913,602.0999999999913,0,2,-1,1,-1,1,-1,0,-1,1,-1,1,-1,1,-1,1,0,0,-1,1,-1,1,0,0,0,2,-1,1,0,0,-1,1,-1,1,-1,1,0,-1,0,0,0,0,-1,1,-1,1,-1,1,0,0,0,1,0,1,0,0,-1,1,-1,1,1,-1,1,-1,0,0,-1,1,1,-1,-1,1,-1,1,-1,1,1,-1,-1,1,0,0,-1,1,-1,1,-1,1,-1,1,-1,1,-1,1,-1,1,-1,1,-1,1,-1,1,-1,1,-1,1,-1,1,-1,1,-1,1,-1,1,-1,1,-1,1,-1,1,-1,1,0,0,0,0,-1,1,-1,1,0,0,0,0,-1,1,0,0,-1,1,-1,1,-1,1,0,0,-1,1,-1,1,-1,1,1,-1,-1,1,-1,1,-1,1,1,-1,0,2,0,0,-1,1,-1,1,-1,1,-1,0,-1,1,-1,1,0,2,-1,1,1,-1,-1,1,-1,1,-1,1,0,0,0,2,0,0,0,0,-1,1,0,0,-1,1,0,0,1,-1,1,-1,-1,1,0,0,-1,1,1,-1,-1,1,-1,1,-1,1,-1,1,1,-1,-1,1,0,0,0,0,0,0,-1,1,1,-1,1,-1,1,-1,-1,1,1,-1,1,-1,-1,1,-1,1,-1,1,1,-1,0,2,0,0,1,-1,1,-1,-1,1,-1,1,-1,1,-1,1,0,0,1,-1,0,0,-1,1,-1,1,1,-1,-1,1,-1,1,0,0,-1,1,-1,1,0,0,-1,1,-1,1,1,-1,0,0,1,-1,-1,1,-1,1,-1,1,1,-1,-1,1,1,-1,-1,1,-1,1,0,0,-1,1,1,-1
META,2019-04-24 16:09:20,AMC,0.041438225168940454,0.08287380868900009,0.03291237890062524,NQ,stopped_pre,-254.0,-156.44000000000233,-178.94000000000233,0,0,1,-1,1,-1,1,0,-1,1,1,-1,-1,1,-1,1,0,0,-1,1,1,-1,0,0,0,0,-1,1,0,0,1,-1,1,-1,1,-1,0,0,0,0,0,0,0,0,1,-1,1,-1,0,0,0,-1,0,-1,0,0,0,0,1,-1,1,-1,-1,1,0,0,-1,1,1,-1,1,-1,0,0,-1,1,-1,1,1,-1,0,2,1,-1,1,-1,-1,1,1,-1,1,-1,0,0,1,-1,1,-1,-1,1,0,0,-1,1,1,-1,1,-1,1,-1,-1,1,1,-1,1,-1,0,0,1,-1,1,-1,0,0,0,0,0,0,0,0,0,0,0,0,0,0,0,0,1,-1,0,0,-1,1,1,-1,1,-1,1,-1,1,-1,1,-1,1,-1,1,-1,-1,1,1,-1,0,0,0,0,-1,1,0,0,1,-1,1,0,1,-1,-1,1,0,2,1,-1,-1,1,1,-1,1,-1,-1,1,-1,1,0,0,0,0,0,0,1,-1,0,0,1,-1,0,0,1,-1,1,-1,1,-1,0,0,1,-1,-1,1,-1,1,1,-1,1,-1,0,0,-1,1,1,-1,0,0,0,0,0,0,1,-1,1,-1,-1,1,1,-1,1,-1,-1,1,1,-1,0,0,-1,1,0,0,1,-1,0,2,0,0,-1,1,-1,1,-1,1,1,-1,1,-1,1,-1,0,0,-1,1,0,0,0,0,0,0,1,-1,-1,1,1,-1,0,0,-1,1,1,-1,0,0,1,-1,1,-1,1,-1,0,0,1,-1,-1,1,-1,1,0,0,1,-1,-1,1,-1,1,0,0,-1,1,0,0,0,0,1,-1
INTC,2019-04-25 16:05:00,AMC,0.06393453104021482,0.13105740953842218,0.022463496817671284,NQ,stopped_pre,-212.0,-156.63500000000568,-179.13500000000568,0,2,-1,1,-1,1,0,2,-1,1,-1,1,-1,1,-1,1,0,0,-1,1,-1,1,0,0,0,2,-1,1,0,0,-1,1,-1,1,-1,1,0,-1,-1,1,0,0,-1,1,-1,1,-1,1,0,0,0,1,0,1,0,0,-1,1,-1,1,1,-1,1,-1,0,0,-1,1,-1,1,-1,1,-1,1,-1,1,1,-1,-1,1,0,0,-1,1,-1,1,-1,1,-1,1,-1,1,-1,1,-1,1,-1,1,-1,1,-1,1,0,0,-1,1,-1,1,-1,1,-1,1,-1,1,-1,1,-1,1,-1,1,-1,1,0,0,0,0,-1,1,-1,1,0,0,0,0,-1,1,0,0,-1,1,-1,1,-1,1,1,-1,-1,1,-1,1,-1,1,1,-1,-1,1,-1,1,-1,1,1,-1,0,2,0,0,-1,1,-1,1,-1,1,-1,0,-1,1,-1,1,0,2,-1,1,1,-1,-1,1,1,-1,-1,1,1,-1,0,2,0,0,0,0,-1,1,-1,1,-1,1,0,0,-1,1,-1,1,-1,1,0,0,-1,1,1,-1,-1,1,-1,1,-1,1,-1,1,1,-1,-1,1,0,0,0,0,0,0,-1,1,1,-1,1,-1,1,-1,-1,1,-1,1,1,-1,0,0,-1,1,-1,1,1,-1,0,2,0,0,1,-1,1,-1,1,-1,-1,1,-1,1,-1,1,0,0,1,-1,0,0,-1,1,0,0,1,-1,-1,1,-1,1,0,0,-1,1,-1,1,0,0,1,-1,-1,1,1,-1,0,0,1,-1,-1,1,-1,1,-1,1,1,-1,-1,1,1,-1,-1,1,-1,1,0,0,-1,1,1,-1
AMZN,2019-04-25 16:10:54,AMC,0.028815675727595812,0.028816598360655737,0.020582060675914872,NQ,stopped_pre,-280.0,-156.38499999999112,-178.88499999999112,0,2,-1,1,-1,1,-1,0,-1,1,-1,1,-1,1,-1,1,-1,1,-1,1,1,-1,0,0,0,0,-1,1,0,0,-1,1,-1,1,-1,1,0,0,-1,1,-1,1,-1,1,-1,1,-1,1,0,0,0,-1,0,1,0,0,0,0,-1,1,-1,1,-1,1,0,0,-1,1,-1,1,-1,1,-1,1,-1,1,1,-1,-1,1,0,2,-1,1,-1,1,-1,1,-1,1,-1,1,0,0,0,0,-1,1,-1,1,-1,1,-1,1,-1,1,-1,1,-1,1,-1,1,-1,1,-1,1,-1,1,-1,1,-1,1,0,0,0,0,-1,1,-1,1,0,0,0,0,-1,1,0,0,-1,1,-1,1,-1,1,1,-1,-1,1,-1,1,-1,1,-1,1,-1,1,-1,1,-1,1,-1,1,0,2,0,0,-1,1,-1,1,-1,1,-1,0,-1,1,-1,1,0,2,-1,1,-1,1,-1,1,-1,1,-1,1,1,-1,0,0,0,0,0,0,-1,1,-1,1,-1,1,-1,1,-1,1,-1,1,-1,1,0,0,-1,1,1,-1,-1,1,-1,1,1,-1,-1,1,1,-1,-1,1,0,0,0,0,0,0,-1,1,-1,1,1,-1,-1,1,1,-1,-1,1,1,-1,-1,1,-1,1,-1,1,1,-1,0,0,0,0,1,-1,-1,1,-1,1,-1,1,-1,1,-1,1,0,0,1,-1,0,0,-1,1,-1,1,1,-1,-1,1,-1,1,0,0,-1,1,-1,1,0,0,-1,1,-1,1,1,-1,0,0,-1,1,-1,1,-1,1,-1,1,-1,1,1,-1,-1,1,-1,1,-1,1,0,0,-1,1,-1,1
GOOGL,2019-04-29 16:01:22,AMC,0.03818980332251289,0.5505696645662275,0.1471825063078217,NQ,stopped_post,39.0,-157.07000000000335,-179.57000000000335,0,0,-1,1,-1,1,-1,0,-1,1,1,-1,1,-1,-1,1,0,0,-1,1,1,-1,0,0,0,2,-1,1,0,0,-1,1,-1,1,1,-1,0,0,-1,1,1,-1,0,0,-1,1,-1,1,0,0,0,-1,0,1,0,0,0,0,-1,1,-1,1,1,-1,0,0,-1,1,1,-1,-1,1,-1,1,-1,1,1,-1,-1,1,0,0,-1,1,-1,1,-1,1,-1,1,-1,1,0,0,0,0,1,-1,-1,1,-1,1,-1,1,-1,1,-1,1,-1,1,-1,1,1,-1,1,-1,-1,1,1,-1,-1,1,0,0,0,0,-1,1,-1,1,0,0,0,0,0,0,0,0,-1,1,-1,1,-1,1,1,-1,1,-1,-1,1,1,-1,-1,1,-1,1,-1,1,-1,1,1,-1,0,0,0,0,-1,1,0,0,-1,1,-1,0,-1,1,-1,1,0,0,-1,1,-1,1,-1,1,1,-1,-1,1,-1,1,0,0,0,0,0,0,-1,1,1,-1,1,-1,1,-1,1,-1,1,-1,-1,1,0,0,-1,1,-1,1,-1,1,-1,1,-1,1,-1,1,1,-1,-1,1,0,0,0,0,0,0,-1,1,-1,1,1,-1,1,-1,-1,1,-1,1,1,-1,-1,1,-1,1,0,0,1,-1,0,0,0,0,-1,1,-1,1,-1,1,-1,1,-1,1,-1,1,0,0,1,-1,0,0,0,0,-1,1,1,-1,-1,1,-1,1,0,0,-1,1,-1,1,0,0,-1,1,-1,1,1,-1,0,0,-1,1,-1,1,1,-1,-1,1,-1,1,-1,1,-1,1,-1,1,-1,1,0,0,0,0,-1,1
AAPL,2019-04-30 16:30:16,AMC,0.5282028298866764,0.49622230759380204,0.18928560452045046,NQ,,,,,0,0,-1,1,1,-1,1,0,1,-1,1,-1,1,-1,1,-1,1,-1,1,-1,1,-1,0,0,0,2,1,-1,0,0,-1,1,1,-1,1,-1,0,0,0,0,0,0,0,0,-1,1,1,-1,0,2,0,-1,0,-1,0,0,0,0,1,-1,1,-1,-1,1,0,0,1,-1,0,0,1,-1,0,0,1,-1,-1,1,-1,1,0,0,1,-1,1,-1,1,-1,1,-1,1,-1,0,0,0,0,-1,1,1,-1,1,-1,1,-1,1,-1,-1,1,1,-1,1,-1,-1,1,1,-1,0,0,1,-1,-1,1,0,0,0,0,0,0,1,-1,0,0,0,0,0,0,0,0,1,-1,1,-1,1,-1,1,-1,-1,1,1,-1,1,-1,1,-1,1,-1,-1,1,1,-1,1,-1,0,0,0,0,1,-1,0,0,1,-1,1,0,-1,1,1,-1,0,0,1,-1,1,-1,1,-1,1,-1,1,-1,0,0,0,0,0,0,0,0,1,-1,0,0,1,-1,0,0,-1,1,-1,1,-1,1,0,0,-1,1,1,-1,1,-1,1,-1,-1,1,1,-1,-1,1,1,-1,0,0,0,0,0,0,-1,1,1,-1,1,-1,1,-1,1,-1,1,-1,-1,1,1,-1,1,-1,1,-1,-1,1,0,0,0,0,1,-1,1,-1,1,-1,-1,1,1,-1,-1,1,0,0,1,-1,0,0,0,0,1,-1,-1,1,1,-1,1,-1,0,0,1,-1,1,-1,0,0,1,-1,1,-1,-1,1,0,0,1,-1,1,-1,1,-1,1,-1,1,-1,1,-1,1,-1,1,-1,1,-1,0,0,0,0,1,-1
MU,2019-06-25 16:01:09,AMC,0.026220051784602277,0.04916259709612927,0.02052264331645916,NQ,timed,830.0,210.0,187.5,0,0,1,-1,-1,1,0,2,-1,1,1,-1,-1,1,-1,1,-1,1,-1,1,1,-1,0,0,0,0,-1,1,0,0,1,-1,1,-1,1,-1,0,0,1,-1,1,-1,0,0,-1,1,-1,1,0,0,0,-1,0,0,0,0,1,-1,-1,1,-1,1,-1,1,0,0,-1,1,-1,1,-1,1,1,-1,1,-1,-1,1,1,-1,0,0,-1,1,1,-1,-1,1,-1,1,-1,1,0,0,1,-1,-1,1,-1,1,-1,1,-1,1,-1,1,1,-1,-1,1,-1,1,1,-1,1,-1,-1,1,-1,1,0,0,0,0,0,0,0,0,-1,1,0,0,0,0,0,0,0,0,-1,1,-1,1,-1,1,-1,1,1,-1,-1,1,1,-1,-1,1,-1,1,1,-1,-1,1,-1,1,0,0,0,0,-1,1,0,0,-1,1,-1,0,-1,1,-1,1,0,0,-1,1,-1,1,-1,1,-1,1,1,-1,1,-1,0,0,0,0,0,0,1,-1,-1,1,-1,1,-1,1,-1,1,-1,1,-1,1,0,0,-1,1,-1,1,-1,1,1,-1,-1,1,-1,1,-1,1,-1,1,0,0,0,0,0,0,-1,1,-1,1,-1,1,-1,1,1,-1,1,-1,1,-1,-1,1,-1,1,-1,1,1,-1,0,0,0,0,1,-1,-1,1,-1,1,1,-1,-1,1,1,-1,0,0,1,-1,0,0,0,0,-1,1,1,-1,-1,1,-1,1,0,0,1,-1,-1,1,0,0,-1,1,-1,1,1,-1,0,0,1,-1,-1,1,-1,1,-1,1,1,-1,-1,1,-1,1,-1,1,1,-1,0,0,0,0,-1,1
NFLX,2019-07-17 16:40:15,AMC,0.003172790151659369,0.12056985119142051,0.026782474908913063,NQ,stopped_post,841.0,-157.63499999999112,-180.13499999999112,0,0,1,-1,-1,1,-1,0,-1,1,-1,1,-1,1,-1,1,-1,1,-1,1,-1,1,0,0,0,0,-1,1,0,0,1,-1,-1,1,-1,1,0,0,0,0,-1,1,0,0,-1,1,-1,1,0,2,0,1,0,1,0,0,0,0,-1,1,-1,1,1,-1,0,0,-1,1,-1,1,-1,1,0,0,-1,1,1,-1,1,-1,0,2,-1,1,-1,1,-1,1,-1,1,-1,1,-1,1,0,0,-1,1,-1,1,-1,1,-1,1,-1,1,1,-1,-1,1,-1,1,-1,1,-1,1,-1,1,-1,1,-1,1,0,0,0,0,0,0,-1,1,0,0,0,0,1,-1,0,0,-1,1,-1,1,-1,1,0,0,-1,1,-1,1,-1,1,1,-1,-1,1,1,-1,-1,1,1,-1,0,0,0,0,-1,1,0,0,-1,1,-1,0,1,-1,-1,1,0,2,-1,1,-1,1,-1,1,-1,1,-1,1,0,0,0,2,0,0,0,0,-1,1,-1,1,-1,1,-1,1,-1,1,-1,1,1,-1,0,0,-1,1,-1,1,-1,1,-1,1,-1,1,-1,1,1,-1,-1,1,0,0,0,0,0,0,1,-1,1,-1,-1,1,1,-1,1,-1,1,-1,1,-1,-1,1,-1,1,-1,1,1,-1,0,0,0,0,-1,1,1,-1,-1,1,-1,1,-1,1,-1,1,0,0,1,-1,0,0,0,0,-1,1,1,-1,-1,1,1,-1,0,0,-1,1,-1,1,0,2,-1,1,-1,1,-1,1,0,2,1,-1,-1,1,-1,1,-1,1,1,-1,1,-1,1,-1,-1,1,-1,1,0,0,0,0,-1,1
MSFT,2019-07-18 16:03:33,AMC,0.10094318791205326,0.17980505346834483,0.07360518180479907,NQ,stopped_pre,-51.0,-158.38999999999942,-180.88999999999942,0,2,1,-1,1,-1,0,2,-1,1,1,-1,1,-1,1,-1,0,0,1,-1,1,-1,0,0,0,2,1,-1,0,0,1,-1,1,-1,1,-1,0,1,-1,1,0,0,1,-1,1,-1,1,-1,0,0,0,-1,0,-1,0,0,1,-1,1,-1,1,-1,-1,1,0,0,1,-1,1,-1,1,-1,0,0,1,-1,1,-1,1,-1,0,0,1,-1,1,-1,1,-1,1,-1,1,-1,1,-1,1,-1,1,-1,1,-1,1,-1,-1,1,1,-1,1,-1,1,-1,1,-1,1,-1,1,-1,1,-1,1,-1,1,-1,0,0,0,0,0,0,1,-1,0,0,0,0,1,-1,0,0,1,-1,1,-1,0,0,-1,1,1,-1,1,-1,1,-1,1,-1,1,-1,1,-1,1,-1,1,-1,0,0,0,2,1,-1,1,-1,1,-1,1,0,1,-1,1,-1,0,0,1,-1,1,-1,1,-1,1,-1,1,-1,-1,1,0,0,0,0,0,0,1,-1,1,-1,1,-1,0,0,1,-1,1,-1,1,-1,0,0,1,-1,0,0,1,-1,1,-1,1,-1,1,-1,1,-1,1,-1,0,0,0,0,0,0,1,-1,1,-1,-1,1,1,-1,1,-1,1,-1,-1,1,0,0,-1,1,1,-1,-1,1,0,2,0,0,-1,1,-1,1,-1,1,1,-1,1,-1,1,-1,0,0,-1,1,0,0,1,-1,0,0,1,-1,1,-1,1,-1,0,0,1,-1,1,-1,0,0,-1,1,1,-1,1,-1,0,0,-1,1,1,-1,1,-1,0,0,-1,1,1,-1,-1,1,1,-1,1,-1,0,0,1,-1,-1,1
TSLA,2019-07-24 16:56:43,AMC,0.012487122654762275,0.0,0.011095955845676096,NQ,timed,196.0,-85.0,-107.5,0,2,-1,1,-1,1,-1,0,-1,1,-1,1,1,-1,-1,1,-1,1,-1,1,-1,1,0,0,0,2,-1,1,0,0,-1,1,-1,1,-1,1,0,-1,-1,1,0,0,-1,1,-1,1,-1,1,0,2,0,1,0,1,0,0,-1,1,-1,1,1,-1,1,-1,0,0,-1,1,1,-1,-1,1,-1,1,-1,1,1,-1,-1,1,0,0,-1,1,-1,1,-1,1,-1,1,-1,1,-1,1,-1,1,-1,1,-1,1,-1,1,0,0,-1,1,-1,1,-1,1,-1,1,-1,1,-1,1,-1,1,-1,1,-1,1,0,0,0,2,0,0,-1,1,0,0,0,2,-1,1,0,0,-1,1,-1,1,-1,1,0,0,-1,1,-1,1,-1,1,1,-1,-1,1,-1,1,-1,1,1,-1,0,2,0,0,-1,1,-1,1,-1,1,-1,0,-1,1,-1,1,0,0,-1,1,-1,1,-1,1,-1,1,-1,1,1,-1,0,0,0,2,0,0,-1,1,1,-1,1,-1,1,-1,1,-1,1,-1,-1,1,0,0,-1,1,1,-1,1,-1,-1,1,-1,1,0,0,1,-1,-1,1,0,2,0,0,0,0,-1,1,1,-1,1,-1,1,-1,-1,1,-1,1,1,-1,-1,1,-1,1,0,0,1,-1,0,2,0,2,1,-1,1,-1,-1,1,-1,1,-1,1,-1,1,0,0,1,-1,0,0,-1,1,-1,1,-1,1,-1,1,-1,1,0,0,-1,1,-1,1,0,2,-1,1,-1,1,-1,1,0,2,1,-1,-1,1,1,-1,-1,1,1,-1,-1,1,1,-1,-1,1,-1,1,0,2,-1,1,1,-1
GOOGL,2019-07-25 16:01:22,AMC,0.16354258397282675,0.42143665869920743,0.11554694794021651,NQ,stopped_post,1.0,-158.8800000000083,-181.3800000000083,0,0,-1,1,-1,1,0,2,1,-1,-1,1,-1,1,1,-1,0,0,-1,1,-1,1,0,0,0,0,1,-1,0,0,1,-1,-1,1,-1,1,0,-1,-1,1,0,0,-1,1,-1,1,-1,1,0,0,0,1,0,1,0,0,-1,1,-1,1,-1,1,1,-1,0,0,1,-1,-1,1,1,-1,0,0,-1,1,-1,1,-1,1,0,2,-1,1,-1,1,1,-1,-1,1,-1,1,0,0,-1,1,-1,1,1,-1,0,0,1,-1,1,-1,-1,1,-1,1,1,-1,-1,1,-1,1,-1,1,-1,1,1,-1,0,0,0,0,1,-1,0,0,0,0,0,0,0,0,0,0,-1,1,-1,1,0,0,1,-1,-1,1,-1,1,-1,1,1,-1,-1,1,-1,1,-1,1,-1,1,0,0,0,2,1,-1,-1,1,-1,1,-1,0,-1,1,1,-1,0,0,-1,1,-1,1,-1,1,1,-1,-1,1,1,-1,0,0,0,0,0,0,-1,1,-1,1,-1,1,-1,1,-1,1,-1,1,-1,1,0,0,-1,1,0,0,-1,1,-1,1,-1,1,0,0,1,-1,-1,1,0,0,0,0,0,0,1,-1,-1,1,1,-1,-1,1,1,-1,-1,1,-1,1,0,0,1,-1,0,0,1,-1,0,2,0,0,1,-1,1,-1,1,-1,-1,1,-1,1,-1,1,0,0,-1,1,0,0,-1,1,0,0,-1,1,-1,1,-1,1,0,0,-1,1,-1,1,0,0,-1,1,-1,1,1,-1,0,0,-1,1,-1,1,-1,1,0,0,-1,1,1,-1,1,-1,0,0,-1,1,0,0,-1,1,1,-1
INTC,2019-07-25 16:10:16,AMC,0.06574210312118461,0.015652881695520145,0.02299161199441805,NQ,timed,283.0,205.0,182.5,0,0,1,-1,1,-1,0,2,-1,1,1,-1,-1,1,1,-1,0,0,1,-1,-1,1,0,0,0,0,-1,1,0,0,1,-1,1,-1,1,-1,0,0,1,-1,-1,1,1,-1,1,-1,1,-1,0,0,0,-1,0,-1,0,0,0,0,1,-1,1,-1,1,-1,0,0,-1,1,-1,1,1,-1,1,-1,-1,1,-1,1,1,-1,0,2,-1,1,1,-1,-1,1,1,-1,1,-1,0,0,1,-1,0,0,1,-1,1,-1,-1,1,1,-1,1,-1,1,-1,1,-1,1,-1,1,-1,1,-1,1,-1,1,-1,0,0,0,0,-1,1,1,-1,0,0,0,0,0,0,0,2,1,-1,1,-1,0,0,1,-1,1,-1,1,-1,1,-1,1,-1,1,-1,1,-1,-1,1,1,-1,0,2,0,2,1,-1,0,0,1,-1,1,0,1,-1,-1,1,0,2,1,-1,-1,1,1,-1,1,-1,-1,1,0,0,0,0,0,0,0,0,1,-1,-1,1,-1,1,0,0,-1,1,-1,1,1,-1,0,0,1,-1,-1,1,-1,1,-1,1,1,-1,1,-1,1,-1,1,-1,0,0,0,0,0,0,1,-1,1,-1,-1,1,1,-1,1,-1,-1,1,1,-1,0,0,-1,1,1,-1,-1,1,0,0,0,0,-1,1,-1,1,1,-1,1,-1,1,-1,1,-1,0,0,-1,1,0,0,1,-1,0,0,-1,1,-1,1,1,-1,0,0,-1,1,1,-1,0,0,1,-1,1,-1,1,-1,0,0,-1,1,1,-1,-1,1,0,0,-1,1,1,-1,-1,1,0,0,1,-1,0,0,0,0,1,-1
AMZN,2019-07-25 16:33:27,AMC,0.009394375900294358,0.059499577239845926,0.02469886820175534,NQ,,,,,0,0,-1,1,1,-1,0,2,1,-1,-1,1,1,-1,1,-1,0,0,1,-1,-1,1,0,0,0,2,1,-1,0,0,1,-1,-1,1,-1,1,0,0,1,-1,0,0,0,0,1,-1,1,-1,0,2,0,-1,0,-1,0,0,-1,1,1,-1,1,-1,1,-1,0,0,1,-1,-1,1,1,-1,0,0,-1,1,1,-1,1,-1,0,2,1,-1,1,-1,1,-1,1,-1,1,-1,0,0,0,0,0,0,1,-1,1,-1,1,-1,1,-1,-1,1,1,-1,1,-1,-1,1,1,-1,0,0,-1,1,0,0,0,0,0,0,0,0,1,-1,0,0,0,0,0,0,0,0,1,-1,1,-1,1,-1,1,-1,-1,1,1,-1,1,-1,1,-1,1,-1,-1,1,1,-1,1,-1,0,0,0,0,1,-1,0,0,1,-1,1,0,1,-1,1,-1,0,2,1,-1,1,-1,1,-1,1,-1,1,-1,0,0,0,0,0,0,0,0,1,-1,-1,1,-1,1,0,0,-1,1,-1,1,1,-1,0,0,1,-1,0,0,1,-1,1,-1,1,-1,1,-1,-1,1,1,-1,0,0,0,0,0,0,1,-1,1,-1,1,-1,1,-1,-1,1,1,-1,-1,1,1,-1,1,-1,1,-1,-1,1,0,0,0,0,1,-1,-1,1,1,-1,-1,1,1,-1,-1,1,0,0,1,-1,0,0,0,0,1,-1,-1,1,1,-1,1,-1,0,0,1,-1,1,-1,0,2,1,-1,1,-1,-1,1,0,0,-1,1,1,-1,1,-1,1,-1,-1,1,1,-1,-1,1,1,-1,1,-1,0,0,0,0,1,-1
AAPL,2019-07-30 16:30:36,AMC,0.22299695342190398,0.23864849588645354,0.19547511312217195,NQ,,,,,0,0,-1,1,1,-1,0,2,0,0,-1,1,-1,1,-1,1,0,0,-1,1,-1,1,0,0,0,0,1,-1,0,0,-1,1,-1,1,-1,1,0,0,0,0,0,0,0,0,-1,1,1,-1,0,2,0,-1,0,1,0,2,-1,1,1,-1,-1,1,1,-1,0,0,1,-1,-1,1,-1,1,0,0,-1,1,1,-1,-1,1,0,2,-1,1,-1,1,1,-1,-1,1,-1,1,0,0,-1,1,-1,1,-1,1,-1,1,0,0,-1,1,-1,1,-1,1,-1,1,-1,1,1,-1,0,0,-1,1,0,0,0,0,0,0,0,0,-1,1,0,0,0,0,0,0,0,2,-1,1,-1,1,1,-1,1,-1,-1,1,-1,1,-1,1,-1,1,-1,1,-1,1,1,-1,-1,1,0,0,0,2,-1,1,0,0,-1,1,-1,0,-1,1,-1,1,0,0,-1,1,-1,1,-1,1,1,-1,-1,1,0,0,0,0,0,0,0,0,-1,1,-1,1,-1,1,-1,1,-1,1,-1,1,-1,1,0,0,1,-1,-1,1,-1,1,1,-1,1,-1,-1,1,-1,1,-1,1,0,0,0,0,0,0,-1,1,-1,1,1,-1,-1,1,-1,1,-1,1,-1,1,-1,1,-1,1,-1,1,1,-1,0,0,0,0,1,-1,1,-1,-1,1,-1,1,1,-1,-1,1,0,0,1,-1,0,0,0,0,0,0,1,-1,1,-1,-1,1,0,0,-1,1,1,-1,0,2,-1,1,-1,1,-1,1,0,0,1,-1,-1,1,-1,1,-1,1,-1,1,-1,1,1,-1,-1,1,1,-1,0,0,0,0,-1,1
MU,2019-09-26 16:00:32,AMC,0.051333055279283904,0.10266611055856781,0.020563165688310965,NQ,timed,867.0,15.0,-7.5,0,0,-1,1,1,-1,0,2,-1,1,-1,1,1,-1,-1,1,-1,1,-1,1,1,-1,0,0,0,2,-1,1,-1,1,1,-1,-1,1,-1,1,0,0,0,0,-1,1,-1,1,-1,1,1,-1,0,0,0,1,0,1,0,0,0,0,-1,1,-1,1,-1,1,0,0,-1,1,1,-1,-1,1,-1,1,-1,1,1,-1,-1,1,0,2,-1,1,-1,1,-1,1,-1,1,-1,1,0,0,-1,1,0,0,-1,1,0,0,0,0,-1,1,-1,1,-1,1,-1,1,-1,1,-1,1,-1,1,-1,1,-1,1,0,0,0,0,0,0,0,0,0,0,0,0,-1,1,0,0,-1,1,-1,1,-1,1,1,-1,-1,1,-1,1,-1,1,-1,1,-1,1,-1,1,-1,1,-1,1,0,0,0,0,-1,1,0,0,-1,1,-1,0,-1,1,-1,1,0,0,-1,1,-1,1,-1,1,1,-1,-1,1,1,-1,0,0,0,0,0,0,-1,1,0,0,1,-1,0,0,1,-1,1,-1,-1,1,0,0,-1,1,1,-1,1,-1,-1,1,-1,1,0,0,-1,1,-1,1,0,0,0,0,0,0,-1,1,-1,1,1,-1,-1,1,-1,1,-1,1,1,-1,-1,1,-1,1,0,0,1,-1,0,0,0,0,-1,1,-1,1,-1,1,-1,1,-1,1,-1,1,0,0,1,-1,0,0,-1,1,-1,1,-1,1,-1,1,-1,1,0,0,-1,1,-1,1,0,0,1,-1,-1,1,1,-1,0,0,-1,1,-1,1,1,-1,0,0,1,-1,-1,1,-1,1,-1,1,-1,1,0,0,-1,1,-1,1
NFLX,2019-10-16 16:39:04,AMC,0.0,0.015724259387382856,0.026077319251580938,NQ,timed,893.0,-15.0,-37.5,0,0,-1,1,1,-1,1,0,1,-1,1,-1,1,-1,1,-1,1,-1,1,-1,1,-1,0,0,0,0,1,-1,0,0,1,-1,1,-1,1,-1,0,0,0,0,-1,1,0,0,1,-1,1,-1,0,2,0,-1,0,-1,0,0,0,0,1,-1,-1,1,-1,1,0,0,1,-1,1,-1,1,-1,0,0,1,-1,-1,1,1,-1,0,2,1,-1,1,-1,1,-1,1,-1,1,-1,1,-1,0,0,0,0,1,-1,1,-1,1,-1,1,-1,1,-1,1,-1,1,-1,-1,1,1,-1,0,0,1,-1,0,0,0,0,0,0,0,0,1,-1,0,0,0,0,0,0,0,0,1,-1,1,-1,1,-1,1,-1,-1,1,1,-1,1,-1,1,-1,1,-1,-1,1,1,-1,-1,1,0,0,0,0,1,-1,0,0,1,-1,1,0,1,-1,1,-1,0,0,1,-1,1,-1,1,-1,1,-1,1,-1,-1,1,0,0,0,0,0,0,1,-1,0,0,1,-1,0,0,1,-1,1,-1,1,-1,0,0,1,-1,0,0,-1,1,1,-1,1,-1,1,-1,-1,1,1,-1,0,0,0,0,0,0,1,-1,1,-1,1,-1,-1,1,-1,1,1,-1,-1,1,1,-1,1,-1,1,-1,-1,1,0,0,0,0,1,-1,-1,1,1,-1,1,-1,1,-1,1,-1,0,0,-1,1,0,0,0,0,1,-1,-1,1,1,-1,1,-1,0,0,1,-1,1,-1,0,2,1,-1,1,-1,-1,1,0,2,1,-1,1,-1,1,-1,1,-1,1,-1,-1,1,-1,1,1,-1,1,-1,0,0,0,0,1,-1
MSFT,2019-10-23 16:06:06,AMC,0.018980734554427257,0.04112362394027585,0.07687345305863372,NQ,stopped_pre,-204.0,-157.96500000000378,-180.46500000000378,0,0,1,-1,1,-1,1,0,1,-1,1,-1,1,-1,1,-1,1,-1,1,-1,1,-1,0,0,0,2,1,-1,0,0,1,-1,1,-1,1,-1,0,1,1,-1,0,0,1,-1,1,-1,1,-1,0,0,0,-1,0,-1,0,0,1,-1,1,-1,1,-1,1,-1,0,0,1,-1,0,0,1,-1,1,-1,1,-1,1,-1,-1,1,0,2,1,-1,1,-1,-1,1,1,-1,1,-1,0,0,1,-1,1,-1,1,-1,1,-1,1,-1,1,-1,1,-1,1,-1,1,-1,1,-1,1,-1,1,-1,1,-1,1,-1,0,0,0,0,0,0,1,-1,0,0,0,0,0,0,0,2,1,-1,1,-1,1,-1,-1,1,1,-1,1,-1,1,-1,1,-1,1,-1,1,-1,-1,1,-1,1,0,0,0,0,1,-1,0,0,1,-1,1,0,1,-1,1,-1,0,0,1,-1,1,-1,1,-1,1,-1,1,-1,-1,1,0,0,0,0,0,0,1,-1,1,-1,1,-1,0,0,1,-1,1,-1,1,-1,0,0,1,-1,1,-1,1,-1,1,-1,-1,1,1,-1,-1,1,1,-1,0,0,0,0,0,0,-1,1,1,-1,-1,1,1,-1,1,-1,1,-1,1,-1,1,-1,1,-1,1,-1,-1,1,0,0,0,0,-1,1,1,-1,1,-1,1,-1,1,-1,1,-1,0,0,-1,1,0,0,0,0,1,-1,-1,1,-1,1,-1,1,0,0,1,-1,1,-1,0,0,1,-1,1,-1,1,-1,0,0,-1,1,1,-1,1,-1,1,-1,-1,1,1,-1,1,-1,1,-1,1,-1,0,0,0,0,-1,1
INTC,2019-10-24 16:08:49,AMC,0.0378000378000378,0.126000126000126,0.023519727171164816,NQ,stopped_post,316.0,-158.71499999999287,-181.21499999999287,0,2,-1,1,-1,1,-1,0,1,-1,-1,1,-1,1,-1,1,0,0,-1,1,-1,1,0,0,0,2,1,-1,0,0,-1,1,-1,1,-1,1,0,-1,1,-1,-1,1,-1,1,-1,1,1,-1,0,0,0,1,0,1,0,0,-1,1,1,-1,-1,1,1,-1,0,0,1,-1,1,-1,-1,1,-1,1,1,-1,-1,1,-1,1,0,2,-1,1,-1,1,-1,1,-1,1,-1,1,-1,1,-1,1,-1,1,1,-1,0,0,1,-1,-1,1,-1,1,-1,1,1,-1,-1,1,-1,1,-1,1,-1,1,-1,1,0,0,0,0,0,0,0,0,0,0,0,0,0,0,0,0,-1,1,-1,1,0,0,1,-1,-1,1,-1,1,-1,1,-1,1,-1,1,-1,1,-1,1,-1,1,0,2,0,2,-1,1,0,0,-1,1,-1,0,-1,1,1,-1,0,2,-1,1,-1,1,-1,1,1,-1,1,-1,1,-1,0,0,0,0,0,0,-1,1,1,-1,1,-1,1,-1,1,-1,1,-1,-1,1,0,0,-1,1,1,-1,-1,1,-1,1,-1,1,0,0,-1,1,-1,1,0,0,0,0,0,0,-1,1,-1,1,1,-1,-1,1,-1,1,-1,1,-1,1,0,0,-1,1,0,0,-1,1,0,2,0,0,1,-1,1,-1,1,-1,-1,1,-1,1,-1,1,0,0,1,-1,0,0,-1,1,0,0,-1,1,1,-1,-1,1,0,0,1,-1,1,-1,0,0,-1,1,-1,1,1,-1,0,0,1,-1,-1,1,-1,1,0,0,-1,1,1,-1,1,-1,0,0,1,-1,0,0,-1,1,1,-1
AMZN,2019-10-24 19:53:55,AMC,0.003156366391010668,0.01893760060600322,0.020582060675914872,NQ,timed,900.0,35.0,12.5,0,2,-1,1,-1,1,-1,0,-1,1,-1,1,-1,1,-1,1,0,0,-1,1,-1,1,0,0,0,0,-1,1,0,0,-1,1,-1,1,-1,1,0,0,0,0,0,0,-1,1,-1,1,-1,1,0,0,0,1,0,1,0,0,-1,1,-1,1,-1,1,-1,1,0,0,-1,1,1,-1,-1,1,-1,1,-1,1,1,-1,-1,1,0,2,-1,1,-1,1,-1,1,-1,1,-1,1,-1,1,0,0,-1,1,-1,1,-1,1,-1,1,-1,1,-1,1,-1,1,-1,1,-1,1,-1,1,0,0,-1,1,-1,1,0,0,0,0,-1,1,-1,1,0,0,0,0,-1,1,0,2,-1,1,-1,1,0,0,-1,1,-1,1,-1,1,-1,1,1,-1,-1,1,-1,1,-1,1,1,-1,0,2,0,0,-1,1,-1,1,-1,1,-1,0,-1,1,-1,1,0,2,-1,1,-1,1,-1,1,-1,1,-1,1,0,0,0,0,0,0,0,0,-1,1,0,0,1,-1,0,0,1,-1,1,-1,-1,1,0,0,-1,1,0,0,-1,1,-1,1,-1,1,-1,1,1,-1,-1,1,0,0,0,0,0,0,-1,1,-1,1,1,-1,1,-1,1,-1,1,-1,1,-1,-1,1,-1,1,-1,1,1,-1,0,2,0,0,-1,1,1,-1,-1,1,-1,1,-1,1,-1,1,0,0,1,-1,0,0,-1,1,-1,1,1,-1,-1,1,-1,1,0,0,-1,1,0,0,0,0,-1,1,-1,1,-1,1,0,0,-1,1,-1,1,-1,1,-1,1,-1,1,1,-1,1,-1,-1,1,-1,1,0,0,-1,1,-1,1
GOOGL,2019-10-28 16:03:38,AMC,0.1662971175166297,0.17861542251786156,0.1471825063078217,NQ,stopped_post,21.0,-162.33000000000175,-184.83000000000175,0,0,-1,1,1,-1,0,2,-1,1,-1,1,1,-1,-1,1,-1,1,-1,1,-1,1,0,0,0,2,-1,1,0,0,-1,1,-1,1,-1,1,0,0,0,0,1,-1,-1,1,-1,1,1,-1,0,0,0,-1,0,1,0,0,0,0,1,-1,-1,1,-1,1,0,0,-1,1,1,-1,-1,1,-1,1,-1,1,1,-1,-1,1,0,2,-1,1,-1,1,-1,1,-1,1,-1,1,0,0,0,0,-1,1,-1,1,-1,1,-1,1,-1,1,1,-1,-1,1,-1,1,-1,1,1,-1,0,0,-1,1,0,0,0,0,0,0,-1,1,-1,1,0,0,0,0,0,0,0,0,-1,1,-1,1,-1,1,1,-1,-1,1,-1,1,-1,1,-1,1,-1,1,1,-1,-1,1,1,-1,0,2,0,0,-1,1,0,0,-1,1,-1,0,-1,1,-1,1,0,0,-1,1,-1,1,-1,1,1,-1,-1,1,1,-1,0,0,0,0,0,0,-1,1,1,-1,1,-1,1,-1,1,-1,1,-1,-1,1,0,0,-1,1,-1,1,-1,1,-1,1,-1,1,0,0,1,-1,-1,1,0,0,0,0,0,0,-1,1,-1,1,-1,1,-1,1,1,-1,-1,1,1,-1,-1,1,-1,1,0,0,-1,1,0,0,0,0,1,-1,-1,1,-1,1,-1,1,-1,1,-1,1,0,0,1,-1,0,0,0,0,-1,1,-1,1,-1,1,-1,1,0,0,-1,1,1,-1,0,0,1,-1,-1,1,1,-1,0,0,1,-1,-1,1,1,-1,-1,1,-1,1,-1,1,-1,1,-1,1,-1,1,0,0,0,0,-1,1
META,2019-10-30 16:13:02,AMC,0.006164848036495901,0.10479918626514194,0.03396409509946628,NQ,timed,117.0,170.0,147.5,0,0,1,-1,-1,1,1,0,1,-1,1,-1,1,-1,1,-1,0,0,1,-1,-1,1,0,0,0,0,1,-1,0,0,1,-1,1,-1,1,-1,0,1,0,0,0,0,1,-1,1,-1,-1,1,0,0,0,-1,0,-1,0,0,0,0,-1,1,1,-1,-1,1,0,0,1,-1,1,-1,1,-1,0,0,1,-1,-1,1,1,-1,0,0,1,-1,1,-1,1,-1,1,-1,1,-1,1,-1,1,-1,0,0,1,-1,1,-1,-1,1,1,-1,1,-1,1,-1,1,-1,1,-1,1,-1,0,0,1,-1,1,-1,0,0,0,0,1,-1,1,-1,0,0,0,0,1,-1,0,0,1,-1,1,-1,1,-1,1,-1,1,-1,1,-1,1,-1,1,-1,1,-1,1,-1,1,-1,-1,1,0,0,0,0,1,-1,1,-1,1,-1,1,0,1,-1,1,-1,0,2,1,-1,1,-1,1,-1,1,-1,1,-1,-1,1,0,0,0,0,0,0,1,-1,1,-1,1,-1,1,-1,1,-1,1,-1,1,-1,0,0,1,-1,1,-1,1,-1,1,-1,1,-1,1,-1,-1,1,1,-1,0,0,0,0,0,0,1,-1,-1,1,-1,1,1,-1,1,-1,1,-1,-1,1,1,-1,1,-1,1,-1,1,-1,0,0,0,0,-1,1,1,-1,-1,1,1,-1,1,-1,1,-1,0,0,-1,1,0,0,1,-1,1,-1,-1,1,1,-1,1,-1,0,0,1,-1,-1,1,0,0,-1,1,1,-1,1,-1,0,0,-1,1,1,-1,1,-1,1,-1,-1,1,1,-1,1,-1,1,-1,1,-1,0,0,1,-1,-1,1
AAPL,2019-10-30 16:30:40,AMC,0.2342136891737804,0.12020342117429496,0.20923603327203796,NQ,,,,,0,0,1,-1,1,-1,1,0,1,-1,1,-1,1,-1,1,-1,0,0,1,-1,1,-1,0,0,0,2,1,-1,0,0,1,-1,1,-1,1,-1,0,0,0,0,1,-1,0,0,1,-1,1,-1,0,0,0,-1,0,-1,0,0,0,0,-1,1,-1,1,1,-1,0,0,1,-1,1,-1,1,-1,1,-1,1,-1,-1,1,1,-1,0,0,1,-1,1,-1,1,-1,1,-1,1,-1,1,-1,0,0,1,-1,1,-1,1,-1,1,-1,1,-1,1,-1,1,-1,1,-1,1,-1,1,-1,0,0,1,-1,0,0,0,0,0,0,0,0,1,-1,0,0,0,0,0,0,0,0,1,-1,1,-1,1,-1,0,0,-1,1,1,-1,1,-1,-1,1,1,-1,-1,1,1,-1,-1,1,0,0,0,0,1,-1,0,0,1,-1,1,0,1,-1,1,-1,0,2,1,-1,-1,1,1,-1,1,-1,1,-1,0,0,0,0,0,0,0,0,1,-1,1,-1,1,-1,1,-1,1,-1,1,-1,1,-1,0,0,1,-1,-1,1,1,-1,1,-1,1,-1,1,-1,-1,1,1,-1,0,0,0,0,0,0,1,-1,-1,1,1,-1,-1,1,1,-1,1,-1,-1,1,1,-1,1,-1,1,-1,-1,1,0,0,0,0,-1,1,-1,1,1,-1,1,-1,1,-1,1,-1,0,0,-1,1,0,0,0,0,1,-1,-1,1,1,-1,1,-1,0,0,1,-1,-1,1,0,2,1,-1,1,-1,-1,1,0,0,-1,1,1,-1,1,-1,1,-1,-1,1,1,-1,-1,1,1,-1,1,-1,0,0,0,0,1,-1
AVGO,2019-12-12 16:39:14,AMC,0.011805330106543103,0.005902490851139181,0.011022320198401764,NQ,timed,895.0,-25.0,-47.5,0,0,1,-1,1,-1,0,2,0,0,1,-1,1,-1,1,-1,0,0,-1,1,1,-1,0,0,0,2,1,-1,0,0,1,-1,1,-1,1,-1,0,0,0,0,0,0,1,-1,1,-1,1,-1,0,0,0,-1,0,-1,0,0,0,0,1,-1,1,-1,1,-1,0,0,1,-1,1,-1,1,-1,0,0,-1,1,1,-1,1,-1,0,0,1,-1,1,-1,1,-1,1,-1,1,-1,1,-1,1,-1,0,0,1,-1,1,-1,1,-1,1,-1,1,-1,1,-1,1,-1,-1,1,-1,1,0,0,1,-1,1,-1,0,0,0,0,0,0,1,-1,0,0,0,0,1,-1,0,0,-1,1,1,-1,1,-1,0,0,1,-1,1,-1,1,-1,1,-1,1,-1,1,-1,1,-1,-1,1,0,0,0,0,1,-1,0,0,1,-1,1,0,1,-1,1,-1,0,0,1,-1,-1,1,1,-1,1,-1,-1,1,-1,1,0,0,0,0,0,0,1,-1,1,-1,1,-1,1,-1,1,-1,1,-1,1,-1,0,0,1,-1,0,0,1,-1,1,-1,1,-1,1,-1,1,-1,1,-1,0,0,0,0,0,0,1,-1,1,-1,1,-1,1,-1,1,-1,-1,1,-1,1,0,0,1,-1,1,-1,-1,1,0,0,0,2,-1,1,-1,1,-1,1,1,-1,1,-1,1,-1,0,0,-1,1,-1,1,0,0,0,0,-1,1,1,-1,1,-1,0,0,-1,1,1,-1,0,2,1,-1,1,-1,-1,1,0,0,1,-1,1,-1,1,-1,0,0,-1,1,1,-1,-1,1,0,0,-1,1,0,0,1,-1,1,-1
NFLX,2019-12-16 16:09:23,AMC,0.011623514369569639,0.08427047917937988,0.025079598819047543,NQ,timed,336.0,25.0,2.5,0,0,1,-1,-1,1,0,2,-1,1,1,-1,1,-1,-1,1,-1,1,-1,1,-1,1,0,0,0,0,-1,1,0,0,-1,1,1,-1,1,-1,0,0,0,0,-1,1,0,0,1,-1,-1,1,0,0,0,-1,0,0,0,0,0,0,-1,1,-1,1,-1,1,0,0,-1,1,1,-1,1,-1,0,0,-1,1,-1,1,1,-1,0,2,-1,1,-1,1,-1,1,-1,1,-1,1,0,0,1,-1,0,0,-1,1,-1,1,0,0,1,-1,1,-1,-1,1,-1,1,1,-1,1,-1,0,0,-1,1,0,0,0,0,0,0,0,0,-1,1,0,0,0,0,0,0,0,2,-1,1,-1,1,-1,1,-1,1,1,-1,-1,1,-1,1,1,-1,-1,1,-1,1,1,-1,-1,1,0,0,0,2,-1,1,0,0,-1,1,-1,0,1,-1,-1,1,0,0,-1,1,-1,1,-1,1,1,-1,-1,1,0,0,0,0,0,0,0,0,-1,1,1,-1,1,-1,1,-1,1,-1,1,-1,1,-1,0,0,-1,1,-1,1,-1,1,1,-1,1,-1,-1,1,-1,1,1,-1,0,0,0,0,0,0,1,-1,-1,1,-1,1,-1,1,1,-1,-1,1,-1,1,-1,1,-1,1,-1,1,-1,1,0,0,0,0,1,-1,-1,1,-1,1,1,-1,-1,1,1,-1,0,0,1,-1,0,0,0,0,-1,1,1,-1,-1,1,1,-1,0,0,-1,1,-1,1,0,0,-1,1,-1,1,-1,1,0,0,1,-1,1,-1,1,-1,0,0,-1,1,-1,1,-1,1,0,0,-1,1,0,0,0,0,-1,1
MU,2019-12-18 16:00:40,AMC,0.002902757619738752,0.11030478955007257,0.02060368806016277,NQ,timed,859.0,65.0,42.5,0,2,-1,1,-1,1,-1,0,-1,1,-1,1,-1,1,-1,1,-1,1,-1,1,-1,1,0,0,0,2,-1,1,0,0,-1,1,-1,1,-1,1,0,-1,-1,1,1,-1,-1,1,-1,1,-1,1,0,0,0,1,0,1,0,0,-1,1,-1,1,-1,1,1,-1,0,0,-1,1,1,-1,-1,1,-1,1,-1,1,-1,1,-1,1,0,2,-1,1,-1,1,-1,1,-1,1,-1,1,-1,1,-1,1,-1,1,-1,1,-1,1,-1,1,-1,1,-1,1,-1,1,-1,1,-1,1,-1,1,-1,1,-1,1,0,0,0,0,0,0,0,0,-1,1,0,0,0,0,-1,1,0,2,-1,1,-1,1,-1,1,1,-1,-1,1,-1,1,-1,1,-1,1,-1,1,-1,1,1,-1,-1,1,0,2,0,2,-1,1,0,0,-1,1,-1,0,-1,1,-1,1,0,2,-1,1,-1,1,-1,1,1,-1,-1,1,1,-1,0,0,0,0,0,0,-1,1,1,-1,1,-1,0,0,1,-1,1,-1,-1,1,0,0,-1,1,1,-1,-1,1,-1,1,-1,1,-1,1,-1,1,-1,1,0,0,0,0,0,0,-1,1,-1,1,1,-1,1,-1,-1,1,-1,1,1,-1,-1,1,-1,1,-1,1,1,-1,0,2,0,0,1,-1,1,-1,-1,1,-1,1,-1,1,-1,1,0,0,-1,1,0,0,0,0,-1,1,1,-1,1,-1,-1,1,0,0,-1,1,-1,1,0,0,-1,1,-1,1,1,-1,0,0,1,-1,-1,1,-1,1,-1,1,1,-1,-1,1,1,-1,-1,1,-1,1,0,0,0,0,1,-1
NFLX,2020-01-21 16:03:07,AMC,0.04629503553824787,0.06263275420728719,0.024081878386514148,NQ,stopped_post,122.0,-183.55999999999767,-206.05999999999767,0,0,1,-1,-1,1,0,2,-1,1,-1,1,1,-1,-1,1,-1,1,-1,1,-1,1,0,0,0,2,-1,1,0,0,-1,1,-1,1,-1,1,0,0,1,-1,1,-1,0,0,1,-1,-1,1,0,0,0,-1,0,0,0,2,0,0,-1,1,-1,1,-1,1,0,0,-1,1,1,-1,-1,1,-1,1,1,-1,-1,1,1,-1,0,2,-1,1,-1,1,-1,1,-1,1,-1,1,0,0,-1,1,-1,1,-1,1,-1,1,-1,1,-1,1,1,-1,-1,1,-1,1,1,-1,1,-1,0,0,-1,1,1,-1,0,0,0,0,0,0,-1,1,0,0,0,0,0,0,0,0,-1,1,-1,1,-1,1,1,-1,-1,1,-1,1,-1,1,1,-1,-1,1,1,-1,-1,1,-1,1,0,0,0,0,-1,1,-1,1,-1,1,-1,0,-1,1,-1,1,0,0,-1,1,-1,1,-1,1,1,-1,1,-1,1,-1,0,0,0,0,0,0,-1,1,1,-1,1,-1,1,-1,1,-1,1,-1,-1,1,0,0,1,-1,-1,1,-1,1,1,-1,-1,1,0,0,-1,1,-1,1,0,0,0,0,0,0,1,-1,-1,1,-1,1,-1,1,1,-1,-1,1,-1,1,-1,1,-1,1,0,0,-1,1,0,0,0,2,1,-1,-1,1,-1,1,-1,1,-1,1,-1,1,0,0,1,-1,0,0,0,0,-1,1,-1,1,-1,1,-1,1,0,2,1,-1,-1,1,0,0,-1,1,-1,1,1,-1,0,0,-1,1,-1,1,1,-1,-1,1,1,-1,-1,1,-1,1,-1,1,-1,1,0,0,0,0,-1,1
INTC,2020-01-23 16:07:34,AMC,0.037841928857173746,0.0027029949183695534,0.02823500671338833,NQ,timed,445.0,90.0,67.5,0,2,1,-1,1,-1,0,2,0,0,1,-1,1,-1,1,-1,1,-1,1,-1,1,-1,0,0,0,0,1,-1,0,0,1,-1,1,-1,1,-1,0,1,1,-1,0,0,1,-1,1,-1,1,-1,0,0,0,-1,0,-1,0,0,1,-1,1,-1,1,-1,-1,1,0,0,1,-1,1,-1,1,-1,1,-1,1,-1,1,-1,1,-1,0,2,1,-1,1,-1,1,-1,1,-1,1,-1,1,-1,1,-1,1,-1,1,-1,1,-1,1,-1,1,-1,1,-1,1,-1,1,-1,1,-1,1,-1,1,-1,1,-1,1,-1,0,0,0,0,1,-1,1,-1,0,0,0,0,1,-1,0,2,1,-1,1,-1,1,-1,1,-1,1,-1,1,-1,1,-1,1,-1,1,-1,1,-1,1,-1,1,-1,0,2,0,2,1,-1,1,-1,1,-1,1,0,1,-1,1,-1,0,0,1,-1,1,-1,1,-1,1,-1,1,-1,-1,1,0,0,0,0,0,0,1,-1,1,-1,1,-1,1,-1,1,-1,1,-1,1,-1,0,0,1,-1,0,0,-1,1,1,-1,1,-1,1,-1,1,-1,1,-1,0,0,0,0,0,0,1,-1,-1,1,-1,1,1,-1,1,-1,1,-1,1,-1,1,-1,1,-1,1,-1,-1,1,0,2,0,0,-1,1,-1,1,1,-1,1,-1,1,-1,1,-1,0,0,-1,1,0,0,1,-1,1,-1,-1,1,1,-1,1,-1,0,0,1,-1,1,-1,0,0,1,-1,1,-1,1,-1,0,0,-1,1,1,-1,1,-1,1,-1,-1,1,1,-1,-1,1,1,-1,1,-1,0,0,1,-1,-1,1
AAPL,2020-01-28 16:30:40,AMC,0.1593143987254848,0.23342029383495813,0.22299695342190398,NQ,,,,,0,0,1,-1,-1,1,0,2,-1,1,-1,1,1,-1,-1,1,0,0,-1,1,-1,1,0,0,0,0,-1,1,1,-1,1,-1,1,-1,1,-1,0,0,-1,1,0,0,0,0,1,-1,-1,1,0,2,0,-1,0,0,0,2,0,0,-1,1,1,-1,1,-1,0,0,1,-1,1,-1,1,-1,0,0,-1,1,1,-1,1,-1,0,0,1,-1,1,-1,1,-1,1,-1,-1,1,0,0,0,0,1,-1,-1,1,0,0,-1,1,1,-1,1,-1,-1,1,-1,1,1,-1,-1,1,0,0,-1,1,0,0,0,0,0,0,0,0,-1,1,0,0,0,0,1,-1,0,2,-1,1,-1,1,-1,1,0,0,1,-1,1,-1,-1,1,1,-1,1,-1,1,-1,1,-1,1,-1,0,0,0,2,-1,1,1,-1,1,-1,1,0,1,-1,-1,1,0,0,1,-1,1,-1,-1,1,1,-1,-1,1,-1,1,0,0,0,0,0,0,1,-1,1,-1,1,-1,1,-1,1,-1,1,-1,1,-1,0,0,1,-1,0,0,-1,1,-1,1,1,-1,-1,1,-1,1,1,-1,0,0,0,0,0,0,1,-1,-1,1,-1,1,1,-1,1,-1,1,-1,-1,1,0,0,-1,1,0,0,1,-1,0,0,0,2,1,-1,1,-1,-1,1,1,-1,-1,1,1,-1,0,0,-1,1,0,0,1,-1,0,0,1,-1,1,-1,1,-1,0,2,-1,1,-1,1,0,2,-1,1,-1,1,-1,1,0,0,1,-1,1,-1,1,-1,0,0,-1,1,1,-1,1,-1,0,0,-1,1,0,0,1,-1,1,-1
MSFT,2020-01-29 16:03:50,AMC,0.14543658416113275,0.23874207623281468,0.07360518180479907,NQ,stopped_post,114.0,-182.2149999999965,-204.7149999999965,0,0,-1,1,-1,1,-1,0,-1,1,-1,1,-1,1,-1,1,-1,1,-1,1,-1,1,0,0,0,0,-1,1,0,0,-1,1,-1,1,-1,1,0,0,1,-1,-1,1,-1,1,-1,1,-1,1,0,0,0,1,0,1,0,0,-1,1,-1,1,-1,1,-1,1,0,0,-1,1,0,0,-1,1,-1,1,-1,1,-1,1,-1,1,0,0,-1,1,-1,1,-1,1,-1,1,-1,1,0,0,-1,1,-1,1,-1,1,-1,1,0,0,-1,1,-1,1,-1,1,-1,1,-1,1,-1,1,-1,1,-1,1,0,0,0,0,0,0,-1,1,-1,1,0,0,0,0,-1,1,0,2,-1,1,-1,1,-1,1,-1,1,-1,1,-1,1,-1,1,-1,1,-1,1,-1,1,-1,1,1,-1,0,0,0,0,-1,1,-1,1,-1,1,-1,0,-1,1,-1,1,0,0,-1,1,1,-1,-1,1,1,-1,-1,1,1,-1,0,0,0,0,0,0,-1,1,0,0,1,-1,0,0,1,-1,1,-1,-1,1,0,0,-1,1,1,-1,-1,1,-1,1,-1,1,-1,1,1,-1,-1,1,0,0,0,0,0,0,-1,1,-1,1,-1,1,-1,1,1,-1,-1,1,-1,1,-1,1,-1,1,-1,1,1,-1,0,0,0,0,1,-1,1,-1,-1,1,-1,1,-1,1,-1,1,0,0,1,-1,0,0,-1,1,-1,1,1,-1,-1,1,-1,1,0,0,-1,1,-1,1,0,0,-1,1,-1,1,1,-1,0,0,1,-1,-1,1,-1,1,-1,1,1,-1,-1,1,1,-1,-1,1,-1,1,0,0,-1,1,-1,1
META,2020-01-29 16:10:08,AMC,0.013747594171020073,0.01649620587264929,0.03291237890062524,NQ,stopped_pre,-296.0,-182.64500000001135,-205.14500000001135,0,0,1,-1,1,-1,1,0,-1,1,1,-1,1,-1,-1,1,-1,1,-1,1,1,-1,0,0,0,2,-1,1,0,0,1,-1,1,-1,1,-1,0,1,1,-1,0,0,1,-1,1,-1,-1,1,0,0,0,-1,0,-1,0,0,1,-1,-1,1,1,-1,-1,1,0,0,-1,1,1,-1,1,-1,0,0,-1,1,1,-1,1,-1,0,2,1,-1,1,-1,1,-1,1,-1,1,-1,1,-1,1,-1,1,-1,-1,1,0,0,0,0,1,-1,1,-1,1,-1,-1,1,1,-1,1,-1,1,-1,1,-1,1,-1,0,0,0,0,0,0,0,0,0,0,0,0,1,-1,0,2,-1,1,0,0,-1,1,-1,1,1,-1,1,-1,1,-1,1,-1,1,-1,1,-1,1,-1,1,-1,0,2,0,2,-1,1,0,0,1,-1,1,0,1,-1,-1,1,0,0,1,-1,-1,1,1,-1,1,-1,-1,1,-1,1,0,0,0,0,0,0,1,-1,0,0,1,-1,0,0,1,-1,1,-1,1,-1,0,0,1,-1,-1,1,-1,1,1,-1,1,-1,0,0,-1,1,1,-1,0,0,0,0,0,0,1,-1,1,-1,-1,1,1,-1,1,-1,1,-1,-1,1,0,0,-1,1,0,0,1,-1,0,2,0,0,-1,1,-1,1,-1,1,1,-1,1,-1,1,-1,0,0,-1,1,0,0,1,-1,0,0,1,-1,-1,1,1,-1,0,0,-1,1,-1,1,0,0,1,-1,1,-1,1,-1,0,0,1,-1,1,-1,1,-1,0,0,1,-1,-1,1,-1,1,0,0,-1,1,0,0,0,0,-1,1
AMZN,2020-01-30 16:46:49,AMC,0.008123036932741254,0.13808788887986354,0.0188541404595536,NQ,timed,790.0,70.0,47.5,0,0,-1,1,1,-1,1,0,1,-1,1,-1,1,-1,1,-1,1,-1,1,-1,-1,1,0,2,0,0,1,-1,1,-1,1,-1,1,-1,1,-1,0,0,0,0,0,0,0,0,1,-1,1,-1,0,2,0,-1,0,-1,0,0,0,0,1,-1,-1,1,-1,1,0,0,1,-1,1,-1,-1,1,0,0,1,-1,-1,1,-1,1,0,0,1,-1,1,-1,-1,1,1,-1,1,-1,1,-1,0,0,0,0,1,-1,1,-1,1,-1,1,-1,-1,1,1,-1,1,-1,1,-1,1,-1,1,-1,1,-1,0,0,0,0,0,2,0,0,1,-1,0,0,0,2,-1,1,0,0,1,-1,1,-1,1,-1,0,0,1,-1,1,-1,1,-1,-1,1,1,-1,-1,1,-1,1,-1,1,0,0,0,0,1,-1,-1,1,1,-1,1,0,-1,1,1,-1,0,0,1,-1,1,-1,1,-1,1,-1,1,-1,0,0,0,0,0,2,0,0,1,-1,1,-1,1,-1,1,-1,1,-1,1,-1,-1,1,0,0,1,-1,0,0,1,-1,1,-1,-1,1,1,-1,-1,1,1,-1,0,2,0,0,0,0,-1,1,-1,1,-1,1,-1,1,1,-1,1,-1,1,-1,1,-1,1,-1,1,-1,-1,1,0,0,0,2,-1,1,-1,1,1,-1,1,-1,1,-1,-1,1,0,0,-1,1,0,0,-1,1,1,-1,-1,1,-1,1,-1,1,0,0,1,-1,1,-1,0,2,1,-1,1,-1,-1,1,0,2,-1,1,1,-1,1,-1,1,-1,1,-1,1,-1,-1,1,1,-1,1,-1,0,2,-1,1,1,-1
GOOGL,2020-02-03 16:02:04,AMC,0.15887799265874103,0.2164087111354609,0.15536254514032422,NQ,stopped_pre,-52.0,-182.67500000001746,-205.17500000001746,0,0,1,-1,1,-1,1,0,-1,1,1,-1,1,-1,-1,1,-1,1,-1,1,1,-1,0,0,0,2,-1,1,-1,1,1,-1,1,-1,1,-1,0,0,0,0,-1,1,0,0,1,-1,1,-1,0,0,0,-1,0,-1,0,0,1,-1,-1,1,-1,1,1,-1,0,0,-1,1,1,-1,1,-1,0,0,-1,1,-1,1,1,-1,0,0,1,-1,1,-1,-1,1,1,-1,-1,1,0,0,1,-1,0,0,-1,1,0,0,-1,1,-1,1,1,-1,1,-1,-1,1,1,-1,1,-1,0,0,1,-1,1,-1,0,0,0,0,0,0,0,0,0,0,0,0,0,0,0,0,-1,1,0,0,-1,1,1,-1,1,-1,1,-1,1,-1,1,-1,1,-1,1,-1,-1,1,1,-1,0,0,0,0,-1,1,0,0,-1,1,1,0,1,-1,-1,1,0,0,1,-1,-1,1,1,-1,1,-1,-1,1,0,0,0,0,0,0,0,0,1,-1,1,-1,1,-1,1,-1,1,-1,1,-1,1,-1,0,0,1,-1,1,-1,-1,1,1,-1,1,-1,1,-1,-1,1,1,-1,0,0,0,0,0,0,1,-1,1,-1,1,-1,-1,1,1,-1,-1,1,-1,1,0,0,-1,1,1,-1,-1,1,0,0,0,0,-1,1,1,-1,-1,1,1,-1,1,-1,1,-1,0,0,-1,1,0,0,0,0,0,0,-1,1,-1,1,-1,1,0,0,-1,1,-1,1,0,0,1,-1,1,-1,1,-1,0,0,1,-1,-1,1,1,-1,0,0,-1,1,-1,1,1,-1,0,0,-1,1,0,0,0,0,1,-1
MU,2020-03-25 16:00:49,AMC,0.22444057349591318,0.1507487186358916,0.020563165688310965,NQ,stopped_pre,-278.0,-150.12000000000626,-172.62000000000626,0,2,-1,1,-1,1,-1,0,-1,1,1,-1,-1,1,-1,1,-1,1,-1,1,1,-1,0,0,0,2,-1,1,0,0,-1,1,-1,1,1,-1,0,0,-1,1,1,-1,-1,1,-1,1,-1,1,0,0,0,-1,0,1,0,0,0,0,-1,1,1,-1,1,-1,0,0,-1,1,1,-1,-1,1,-1,1,-1,1,1,-1,-1,1,0,2,-1,1,-1,1,-1,1,-1,1,-1,1,-1,1,0,0,0,0,-1,1,-1,1,-1,1,-1,1,1,-1,-1,1,-1,1,1,-1,-1,1,-1,1,1,-1,-1,1,0,0,0,0,-1,1,-1,1,0,0,0,0,0,0,0,0,-1,1,-1,1,-1,1,-1,1,1,-1,-1,1,1,-1,1,-1,-1,1,-1,1,-1,1,1,-1,0,2,0,0,-1,1,0,0,-1,1,-1,0,-1,1,-1,1,0,0,-1,1,1,-1,-1,1,-1,1,-1,1,1,-1,0,2,0,0,0,0,-1,1,0,0,1,-1,0,0,1,-1,1,-1,-1,1,0,0,-1,1,1,-1,-1,1,-1,1,-1,1,-1,1,1,-1,-1,1,0,0,0,0,0,0,-1,1,1,-1,-1,1,1,-1,-1,1,-1,1,1,-1,-1,1,-1,1,-1,1,1,-1,0,2,0,0,-1,1,-1,1,1,-1,-1,1,-1,1,-1,1,0,0,1,-1,0,0,0,0,-1,1,1,-1,-1,1,-1,1,0,0,-1,1,-1,1,0,0,-1,1,-1,1,1,-1,0,0,1,-1,-1,1,-1,1,-1,1,-1,1,1,-1,-1,1,-1,1,-1,1,0,0,0,0,-1,1
NFLX,2020-04-21 16:02:36,AMC,0.008900228439196606,0.0029667428130655355,0.025079598819047543,NQ,stopped_pre,-163.0,-168.11499999999796,-190.61499999999796,0,0,-1,1,-1,1,-1,0,-1,1,1,-1,-1,1,-1,1,-1,1,-1,1,1,-1,0,0,0,2,-1,1,-1,1,-1,1,1,-1,1,-1,0,0,-1,1,0,0,0,0,-1,1,-1,1,0,0,0,-1,0,1,0,0,0,0,-1,1,-1,1,-1,1,0,0,-1,1,-1,1,-1,1,0,0,-1,1,1,-1,-1,1,0,0,-1,1,-1,1,-1,1,-1,1,-1,1,0,0,1,-1,1,-1,-1,1,-1,1,0,0,-1,1,1,-1,-1,1,-1,1,1,-1,1,-1,0,0,1,-1,-1,1,0,0,0,0,-1,1,-1,1,0,0,0,0,0,0,0,0,-1,1,-1,1,-1,1,1,-1,1,-1,-1,1,1,-1,-1,1,-1,1,1,-1,-1,1,-1,1,0,0,0,0,-1,1,0,0,-1,1,-1,0,-1,1,-1,1,0,0,-1,1,-1,1,-1,1,1,-1,-1,1,0,0,0,0,0,0,0,0,-1,1,-1,1,-1,1,-1,1,-1,1,-1,1,-1,1,0,0,-1,1,1,-1,-1,1,-1,1,-1,1,-1,1,1,-1,-1,1,0,0,0,0,0,0,-1,1,-1,1,-1,1,-1,1,1,-1,-1,1,1,-1,-1,1,-1,1,-1,1,1,-1,0,0,0,0,-1,1,-1,1,-1,1,1,-1,-1,1,1,-1,0,0,1,-1,0,0,0,0,-1,1,-1,1,-1,1,-1,1,0,0,-1,1,-1,1,0,0,-1,1,-1,1,1,-1,0,0,-1,1,-1,1,-1,1,-1,1,-1,1,-1,1,-1,1,-1,1,-1,1,0,0,0,0,-1,1
INTC,2020-04-23 16:07:24,AMC,0.09573819954161711,0.24080306371126842,0.032950286255611846,NQ,stopped_post,41.0,-172.31500000001688,-194.81500000001688,0,0,-1,1,-1,1,0,2,-1,1,-1,1,-1,1,-1,1,0,0,-1,1,-1,1,0,0,0,0,-1,1,-1,1,-1,1,-1,1,-1,1,0,0,1,-1,0,0,-1,1,-1,1,-1,1,0,2,0,1,0,1,0,0,-1,1,-1,1,-1,1,-1,1,0,0,-1,1,1,-1,-1,1,-1,1,-1,1,1,-1,-1,1,0,0,-1,1,-1,1,-1,1,-1,1,-1,1,0,0,-1,1,-1,1,-1,1,-1,1,-1,1,-1,1,-1,1,-1,1,-1,1,-1,1,-1,1,-1,1,-1,1,-1,1,0,0,0,0,0,0,-1,1,0,0,0,0,-1,1,0,0,-1,1,-1,1,-1,1,1,-1,-1,1,-1,1,-1,1,1,-1,-1,1,-1,1,-1,1,1,-1,0,0,0,0,-1,1,-1,1,-1,1,-1,0,-1,1,-1,1,0,0,-1,1,-1,1,-1,1,-1,1,-1,1,1,-1,0,0,0,0,0,0,-1,1,0,0,-1,1,0,0,1,-1,1,-1,-1,1,0,0,-1,1,-1,1,-1,1,-1,1,-1,1,-1,1,1,-1,-1,1,0,0,0,0,0,0,-1,1,-1,1,1,-1,1,-1,-1,1,-1,1,1,-1,-1,1,-1,1,-1,1,1,-1,0,0,0,0,1,-1,1,-1,-1,1,-1,1,-1,1,-1,1,0,0,1,-1,0,0,-1,1,-1,1,1,-1,-1,1,-1,1,0,0,-1,1,-1,1,0,0,-1,1,-1,1,1,-1,0,0,1,-1,-1,1,-1,1,-1,1,1,-1,-1,1,1,-1,-1,1,-1,1,0,0,-1,1,-1,1
GOOGL,2020-04-28 16:01:47,AMC,0.06343165239454487,0.3632694248234107,0.15887799265874103,NQ,stopped_pre,-148.0,-173.43000000000757,-195.93000000000757,0,2,-1,1,-1,1,-1,0,-1,1,1,-1,-1,1,-1,1,-1,1,-1,1,1,-1,0,0,0,0,-1,1,0,0,-1,1,-1,1,1,-1,0,0,0,0,-1,1,-1,1,-1,1,-1,1,0,0,0,-1,0,1,0,0,0,0,-1,1,1,-1,1,-1,0,0,-1,1,-1,1,-1,1,-1,1,-1,1,1,-1,-1,1,0,0,-1,1,-1,1,-1,1,-1,1,-1,1,-1,1,0,0,0,0,-1,1,-1,1,-1,1,-1,1,-1,1,-1,1,-1,1,1,-1,-1,1,-1,1,1,-1,-1,1,0,0,0,0,-1,1,-1,1,0,0,0,0,0,0,0,0,-1,1,-1,1,-1,1,1,-1,1,-1,-1,1,1,-1,1,-1,-1,1,-1,1,-1,1,1,-1,0,2,0,0,-1,1,0,0,-1,1,-1,0,-1,1,-1,1,0,0,-1,1,1,-1,-1,1,1,-1,-1,1,0,0,0,2,0,0,0,0,-1,1,-1,1,-1,1,-1,1,-1,1,-1,1,-1,1,0,0,-1,1,1,-1,-1,1,-1,1,-1,1,-1,1,1,-1,-1,1,0,0,0,0,0,0,-1,1,1,-1,1,-1,1,-1,-1,1,-1,1,1,-1,-1,1,-1,1,-1,1,1,-1,0,2,0,0,-1,1,-1,1,-1,1,-1,1,-1,1,-1,1,0,0,1,-1,0,0,0,0,-1,1,1,-1,-1,1,-1,1,0,0,-1,1,-1,1,0,0,-1,1,-1,1,1,-1,0,0,1,-1,-1,1,-1,1,-1,1,-1,1,1,-1,-1,1,-1,1,-1,1,0,0,0,0,-1,1
MSFT,2020-04-29 16:03:54,AMC,0.21394237448250952,0.9029282658220814,0.07687345305863372,NQ,tp,-66.0,716.8600000000151,694.3600000000151,0,2,-1,1,-1,1,-1,0,-1,1,-1,1,1,-1,-1,1,0,0,-1,1,-1,1,0,0,0,2,-1,1,-1,1,-1,1,-1,1,-1,1,0,0,0,0,0,0,-1,1,-1,1,-1,1,0,0,0,1,0,1,0,0,0,0,-1,1,1,-1,-1,1,0,0,-1,1,1,-1,-1,1,-1,1,-1,1,1,-1,-1,1,0,2,-1,1,-1,1,-1,1,-1,1,-1,1,-1,1,0,0,0,0,-1,1,-1,1,-1,1,-1,1,-1,1,-1,1,-1,1,-1,1,-1,1,0,0,-1,1,-1,1,0,0,0,0,-1,1,-1,1,0,0,0,0,0,0,0,0,-1,1,-1,1,-1,1,0,0,-1,1,-1,1,-1,1,1,-1,-1,1,-1,1,-1,1,1,-1,0,2,0,0,-1,1,-1,1,-1,1,-1,0,-1,1,-1,1,0,0,-1,1,-1,1,-1,1,1,-1,-1,1,1,-1,0,0,0,0,0,0,-1,1,1,-1,1,-1,1,-1,1,-1,1,-1,-1,1,0,0,-1,1,-1,1,1,-1,-1,1,-1,1,0,0,1,-1,-1,1,0,0,0,0,0,0,-1,1,1,-1,-1,1,1,-1,-1,1,-1,1,1,-1,-1,1,-1,1,0,0,1,-1,0,2,0,0,1,-1,1,-1,-1,1,-1,1,-1,1,-1,1,0,0,1,-1,0,0,-1,1,-1,1,-1,1,-1,1,-1,1,0,0,-1,1,-1,1,0,0,-1,1,-1,1,1,-1,0,0,1,-1,-1,1,1,-1,-1,1,-1,1,-1,1,1,-1,-1,1,-1,1,0,0,-1,1,-1,1
META,2020-04-29 16:10:26,AMC,0.07219013771657042,1.0912422946631866,0.0318606627017842,NQ,stopped_pre,-297.0,-179.60500000001048,-202.10500000001048,0,0,1,-1,-1,1,1,0,-1,1,1,-1,1,-1,-1,1,-1,1,-1,1,1,-1,0,0,0,0,-1,1,-1,1,1,-1,1,-1,1,-1,0,0,0,0,-1,1,0,0,1,-1,-1,1,0,0,0,-1,0,0,0,0,0,0,-1,1,-1,1,1,-1,0,0,-1,1,1,-1,1,-1,0,0,1,-1,1,-1,1,-1,0,0,1,-1,1,-1,-1,1,1,-1,-1,1,0,0,1,-1,0,0,-1,1,0,0,-1,1,1,-1,1,-1,1,-1,-1,1,1,-1,1,-1,0,0,1,-1,1,-1,0,0,0,0,0,0,-1,1,0,0,0,0,0,0,0,0,-1,1,0,0,-1,1,1,-1,1,-1,1,-1,1,-1,1,-1,1,-1,1,-1,-1,1,-1,1,0,0,0,0,1,-1,0,0,-1,1,1,0,1,-1,-1,1,0,2,1,-1,-1,1,1,-1,-1,1,1,-1,0,0,0,0,0,0,0,0,1,-1,1,-1,1,-1,1,-1,1,-1,1,-1,1,-1,0,0,1,-1,1,-1,1,-1,1,-1,1,-1,1,-1,-1,1,1,-1,0,0,0,0,0,0,1,-1,1,-1,1,-1,-1,1,1,-1,1,-1,-1,1,0,0,-1,1,0,0,-1,1,0,0,0,0,1,-1,1,-1,-1,1,1,-1,1,-1,1,-1,0,0,-1,1,0,0,0,0,0,0,1,-1,-1,1,1,-1,0,0,1,-1,-1,1,0,0,1,-1,1,-1,-1,1,0,0,1,-1,-1,1,1,-1,0,0,1,-1,-1,1,1,-1,0,0,-1,1,0,0,0,0,1,-1
TSLA,2020-04-29 16:56:22,AMC,0.005491035883919501,0.23612750885478156,0.011607661056297156,NQ,timed,217.0,415.0,392.5,0,0,-1,1,1,-1,1,0,1,-1,1,-1,1,-1,1,-1,1,-1,1,-1,1,-1,0,2,0,2,1,-1,1,-1,-1,1,1,-1,-1,1,0,0,0,0,1,-1,0,0,-1,1,-1,1,0,2,0,-1,0,-1,0,0,0,0,1,-1,1,-1,1,-1,0,0,1,-1,1,-1,-1,1,0,0,1,-1,-1,1,-1,1,0,0,1,-1,-1,1,-1,1,1,-1,1,-1,0,0,0,0,-1,1,1,-1,1,-1,1,-1,1,-1,-1,1,1,-1,1,-1,-1,1,1,-1,0,0,-1,1,0,0,0,0,0,2,0,0,1,-1,0,0,0,2,-1,1,0,0,1,-1,1,-1,1,-1,-1,1,-1,1,1,-1,-1,1,-1,1,1,-1,-1,1,-1,1,1,-1,0,0,0,0,1,-1,-1,1,1,-1,1,0,-1,1,1,-1,0,0,1,-1,1,-1,-1,1,1,-1,1,-1,0,0,0,0,0,2,0,0,-1,1,1,-1,1,-1,1,-1,1,-1,1,-1,-1,1,0,0,-1,1,1,-1,1,-1,1,-1,-1,1,1,-1,-1,1,-1,1,0,2,0,0,0,0,-1,1,-1,1,1,-1,1,-1,-1,1,-1,1,1,-1,1,-1,1,-1,1,-1,1,-1,0,0,0,2,1,-1,1,-1,1,-1,-1,1,1,-1,-1,1,0,0,1,-1,0,0,0,0,1,-1,-1,1,-1,1,-1,1,0,0,1,-1,1,-1,0,2,-1,1,1,-1,-1,1,0,2,-1,1,1,-1,1,-1,1,-1,1,-1,1,-1,1,-1,1,-1,1,-1,0,2,-1,1,1,-1
AAPL,2020-04-30 16:30:41,AMC,0.21287919105907396,0.5708209748726845,0.20923603327203796,NQ,,,,,0,0,1,-1,1,-1,-1,0,-1,1,1,-1,-1,1,-1,1,0,0,-1,1,1,-1,0,0,0,0,-1,1,0,0,1,-1,1,-1,1,-1,0,0,1,-1,0,0,0,0,1,-1,1,-1,0,2,0,-1,0,-1,0,0,1,-1,-1,1,-1,1,-1,1,0,0,-1,1,-1,1,1,-1,0,0,-1,1,-1,1,1,-1,0,2,-1,1,1,-1,-1,1,-1,1,-1,1,1,-1,1,-1,1,-1,-1,1,0,0,-1,1,-1,1,1,-1,-1,1,-1,1,1,-1,-1,1,1,-1,1,-1,0,0,0,0,0,0,0,0,-1,1,0,0,0,0,0,0,0,0,-1,1,-1,1,-1,1,0,0,1,-1,1,-1,1,-1,-1,1,1,-1,1,-1,-1,1,-1,1,0,0,0,0,1,-1,0,0,-1,1,-1,0,1,-1,-1,1,0,2,1,-1,-1,1,1,-1,1,-1,-1,1,1,-1,0,0,0,0,0,0,1,-1,-1,1,-1,1,0,0,-1,1,-1,1,1,-1,0,0,1,-1,0,0,-1,1,-1,1,1,-1,-1,1,-1,1,1,-1,0,0,0,0,0,0,1,-1,-1,1,-1,1,-1,1,1,-1,1,-1,-1,1,0,0,1,-1,0,0,-1,1,0,0,0,0,-1,1,1,-1,-1,1,1,-1,-1,1,1,-1,0,0,-1,1,0,0,0,0,0,0,1,-1,-1,1,1,-1,0,0,-1,1,-1,1,0,0,1,-1,-1,1,-1,1,0,2,-1,1,-1,1,-1,1,-1,1,-1,1,-1,1,1,-1,0,0,-1,1,0,0,0,0,-1,1
AMZN,2020-04-30 16:42:20,AMC,0.10112927692566998,0.3595707624023821,0.017126220243192325,NQ,stopped_pre,-273.0,-178.3299999999872,-200.8299999999872,0,0,-1,1,1,-1,0,2,0,0,1,-1,-1,1,-1,1,0,0,-1,1,1,-1,0,0,0,0,-1,1,0,0,-1,1,-1,1,-1,1,0,0,0,0,-1,1,0,0,-1,1,1,-1,0,2,0,-1,0,-1,0,0,0,0,1,-1,1,-1,-1,1,0,0,1,-1,-1,1,-1,1,0,0,-1,1,1,-1,-1,1,0,2,-1,1,-1,1,1,-1,1,-1,-1,1,0,0,-1,1,0,0,-1,1,-1,1,0,0,1,-1,-1,1,-1,1,-1,1,-1,1,-1,1,0,0,-1,1,-1,1,0,0,0,0,0,0,-1,1,0,0,0,0,0,0,0,0,-1,1,-1,1,-1,1,1,-1,-1,1,-1,1,-1,1,-1,1,-1,1,-1,1,1,-1,-1,1,0,0,0,2,-1,1,0,0,-1,1,-1,0,1,-1,-1,1,0,0,-1,1,1,-1,-1,1,1,-1,1,-1,0,0,0,0,0,0,0,0,-1,1,-1,1,-1,1,0,0,-1,1,-1,1,1,-1,0,0,1,-1,0,0,-1,1,1,-1,1,-1,-1,1,-1,1,-1,1,0,0,0,0,0,0,-1,1,-1,1,1,-1,1,-1,1,-1,1,-1,-1,1,-1,1,1,-1,0,0,1,-1,0,0,0,2,-1,1,-1,1,1,-1,-1,1,-1,1,-1,1,0,0,1,-1,0,0,0,0,-1,1,1,-1,1,-1,1,-1,0,0,1,-1,1,-1,0,2,1,-1,-1,1,-1,1,0,0,1,-1,1,-1,-1,1,0,0,1,-1,-1,1,-1,1,-1,1,1,-1,0,0,0,0,-1,1
MU,2020-06-29 16:02:05,AMC,0.030092534543721947,0.020061186619188525,0.02060368806016277,NQ,tp,-42.0,794.2399999999907,771.7399999999907,0,0,1,-1,1,-1,0,2,0,0,1,-1,1,-1,1,-1,0,0,1,-1,1,-1,0,0,0,0,1,-1,1,-1,1,-1,1,-1,1,-1,0,1,1,-1,0,0,1,-1,1,-1,1,-1,0,0,0,-1,0,-1,0,0,1,-1,1,-1,1,-1,-1,1,0,0,1,-1,1,-1,1,-1,1,-1,1,-1,1,-1,1,-1,0,0,1,-1,1,-1,1,-1,1,-1,1,-1,1,-1,1,-1,0,0,1,-1,1,-1,1,-1,1,-1,1,-1,1,-1,1,-1,1,-1,1,-1,1,-1,1,-1,1,-1,0,0,0,0,0,0,1,-1,0,0,0,0,1,-1,0,0,1,-1,1,-1,0,0,1,-1,1,-1,1,-1,1,-1,-1,1,1,-1,1,-1,-1,1,-1,1,0,2,0,2,1,-1,0,0,1,-1,1,0,1,-1,1,-1,0,0,1,-1,1,-1,1,-1,1,-1,1,-1,-1,1,0,0,0,0,0,0,1,-1,1,-1,1,-1,1,-1,1,-1,1,-1,1,-1,0,0,1,-1,1,-1,1,-1,1,-1,1,-1,1,-1,-1,1,1,-1,0,0,0,0,0,0,1,-1,1,-1,-1,1,-1,1,1,-1,1,-1,1,-1,1,-1,1,-1,0,0,-1,1,0,2,0,0,-1,1,-1,1,1,-1,1,-1,1,-1,1,-1,0,0,-1,1,0,0,1,-1,1,-1,-1,1,-1,1,1,-1,0,0,1,-1,1,-1,0,0,1,-1,1,-1,1,-1,0,0,-1,1,1,-1,1,-1,1,-1,-1,1,1,-1,-1,1,1,-1,1,-1,0,0,1,-1,-1,1
NFLX,2020-07-16 16:57:23,AMC,0.011867745840355083,0.07358526395746298,0.024081878386514148,NQ,timed,155.0,-5.0,-27.5,0,0,1,-1,1,-1,-1,0,-1,1,1,-1,-1,1,-1,1,0,0,-1,1,1,-1,0,2,0,0,-1,1,1,-1,1,-1,1,-1,1,-1,0,0,1,-1,1,-1,0,0,1,-1,1,-1,0,2,0,-1,0,0,0,0,1,-1,1,-1,1,-1,1,-1,0,0,1,-1,-1,1,1,-1,1,-1,-1,1,1,-1,1,-1,0,0,-1,1,1,-1,1,-1,1,-1,1,-1,1,-1,0,0,1,-1,1,-1,-1,1,-1,1,1,-1,1,-1,-1,1,-1,1,-1,1,-1,1,0,0,1,-1,-1,1,0,2,0,2,0,0,-1,1,0,0,0,2,1,-1,0,0,-1,1,-1,1,1,-1,1,-1,1,-1,-1,1,-1,1,1,-1,-1,1,1,-1,1,-1,1,-1,0,0,0,2,1,-1,1,-1,1,-1,1,0,1,-1,-1,1,0,0,1,-1,1,-1,1,-1,-1,1,1,-1,1,-1,0,0,0,2,0,0,1,-1,-1,1,-1,1,-1,1,-1,1,-1,1,1,-1,0,0,1,-1,1,-1,-1,1,1,-1,1,-1,-1,1,-1,1,1,-1,0,2,0,0,0,0,1,-1,-1,1,1,-1,1,-1,1,-1,-1,1,-1,1,0,0,1,-1,-1,1,1,-1,0,0,0,2,-1,1,1,-1,1,-1,1,-1,-1,1,1,-1,0,0,1,-1,0,0,1,-1,0,0,1,-1,1,-1,1,-1,0,2,1,-1,1,-1,0,2,1,-1,-1,1,-1,1,0,2,1,-1,1,-1,-1,1,0,0,-1,1,-1,1,1,-1,0,0,1,-1,0,2,1,-1,1,-1
MSFT,2020-07-22 16:03:04,AMC,0.04847533528773574,0.17310621797534967,0.08014172431246837,NQ,stopped_pre,-133.0,-217.18000000000757,-239.68000000000757,0,0,-1,1,1,-1,0,2,1,-1,-1,1,1,-1,1,-1,1,-1,1,-1,-1,1,0,0,0,0,1,-1,1,-1,-1,1,1,-1,-1,1,0,0,0,0,-1,1,0,0,-1,1,-1,1,0,0,0,-1,0,-1,0,0,0,0,1,-1,1,-1,1,-1,0,0,1,-1,-1,1,-1,1,0,0,-1,1,1,-1,-1,1,0,0,1,-1,1,-1,1,-1,1,-1,1,-1,0,0,0,0,-1,1,1,-1,1,-1,1,-1,1,-1,-1,1,1,-1,1,-1,-1,1,1,-1,0,0,-1,1,0,0,0,0,0,0,0,0,1,-1,0,0,0,0,0,0,0,2,1,-1,1,-1,1,-1,0,0,-1,1,1,-1,-1,1,-1,1,1,-1,-1,1,1,-1,1,-1,0,0,0,0,1,-1,0,0,1,-1,1,0,-1,1,1,-1,0,0,1,-1,1,-1,1,-1,-1,1,1,-1,0,0,0,0,0,0,0,0,1,-1,0,0,-1,1,0,0,-1,1,-1,1,-1,1,0,0,-1,1,-1,1,1,-1,1,-1,-1,1,1,-1,-1,1,1,-1,0,0,0,0,0,0,-1,1,1,-1,-1,1,1,-1,-1,1,1,-1,-1,1,1,-1,1,-1,1,-1,1,-1,0,0,0,0,1,-1,-1,1,1,-1,-1,1,1,-1,-1,1,0,0,1,-1,0,0,0,0,1,-1,-1,1,1,-1,1,-1,0,0,1,-1,1,-1,0,0,-1,1,1,-1,1,-1,0,0,1,-1,1,-1,1,-1,1,-1,-1,1,1,-1,-1,1,1,-1,1,-1,0,0,0,0,1,-1
TSLA,2020-07-22 16:54:41,AMC,0.011527909067853273,0.08992391053723772,0.011095955845676096,NQ,timed,318.0,95.0,72.5,0,0,-1,1,-1,1,0,2,0,0,-1,1,1,-1,1,-1,0,0,1,-1,-1,1,0,0,0,2,1,-1,-1,1,-1,1,-1,1,-1,1,0,0,0,0,1,-1,0,0,-1,1,-1,1,0,2,0,1,0,-1,0,0,0,0,1,-1,-1,1,1,-1,0,0,-1,1,-1,1,-1,1,-1,1,-1,1,1,-1,-1,1,0,0,-1,1,-1,1,-1,1,1,-1,1,-1,-1,1,-1,1,-1,1,1,-1,0,0,-1,1,-1,1,-1,1,-1,1,1,-1,-1,1,-1,1,0,0,-1,1,0,0,0,0,0,2,0,0,0,0,0,0,0,0,0,0,0,0,1,-1,-1,1,1,-1,1,-1,-1,1,-1,1,-1,1,-1,1,-1,1,-1,1,-1,1,1,-1,0,0,0,2,-1,1,0,0,1,-1,-1,0,-1,1,1,-1,0,0,-1,1,-1,1,-1,1,1,-1,-1,1,0,0,0,0,0,0,0,0,-1,1,0,0,-1,1,0,0,-1,1,-1,1,-1,1,0,0,-1,1,0,0,-1,1,1,-1,1,-1,0,0,-1,1,-1,1,0,2,0,0,0,0,-1,1,-1,1,1,-1,1,-1,-1,1,-1,1,1,-1,0,0,-1,1,0,0,1,-1,0,0,0,2,1,-1,1,-1,-1,1,-1,1,1,-1,-1,1,0,0,-1,1,0,0,0,0,0,0,1,-1,1,-1,-1,1,0,0,-1,1,1,-1,0,0,-1,1,-1,1,-1,1,0,2,1,-1,-1,1,1,-1,-1,1,-1,1,-1,1,1,-1,0,0,1,-1,0,0,-1,1,-1,1
INTC,2020-07-23 16:07:41,AMC,0.05216236722306525,0.007113050075872534,0.03537516202782483,NQ,stopped_pre,-237.0,-211.1750000000029,-233.6750000000029,0,0,1,-1,-1,1,0,2,-1,1,-1,1,-1,1,1,-1,0,0,-1,1,-1,1,0,0,0,2,1,-1,-1,1,1,-1,1,-1,1,-1,0,0,0,0,0,0,0,0,1,-1,-1,1,0,0,0,-1,0,0,0,0,0,0,-1,1,-1,1,-1,1,0,0,-1,1,-1,1,1,-1,1,-1,1,-1,-1,1,1,-1,0,0,1,-1,1,-1,1,-1,1,-1,1,-1,1,-1,1,-1,-1,1,1,-1,0,0,0,0,-1,1,1,-1,1,-1,-1,1,-1,1,1,-1,0,0,1,-1,1,-1,0,0,0,0,0,0,0,0,0,0,0,0,1,-1,0,2,1,-1,1,-1,1,-1,1,-1,1,-1,1,-1,1,-1,1,-1,1,-1,1,-1,-1,1,-1,1,0,0,0,2,1,-1,0,0,-1,1,1,0,1,-1,1,-1,0,0,1,-1,1,-1,1,-1,1,-1,1,-1,1,-1,0,0,0,0,0,0,1,-1,-1,1,-1,1,-1,1,-1,1,-1,1,1,-1,0,0,1,-1,0,0,-1,1,1,-1,1,-1,0,0,1,-1,1,-1,0,0,0,0,0,0,1,-1,1,-1,-1,1,-1,1,1,-1,1,-1,-1,1,0,0,1,-1,0,0,1,-1,0,0,0,0,-1,1,1,-1,1,-1,1,-1,-1,1,1,-1,0,0,-1,1,0,0,0,0,0,0,-1,1,-1,1,1,-1,0,0,1,-1,-1,1,0,0,-1,1,1,-1,1,-1,0,0,1,-1,-1,1,-1,1,1,-1,-1,1,1,-1,1,-1,0,0,-1,1,0,0,1,-1,1,-1
GOOGL,2020-07-30 18:40:20,AMC,0.00918357975939021,0.06887526689165921,0.15303024948328137,NQ,stopped_post,851.0,-217.79999999998836,-240.29999999998836,0,0,-1,1,-1,1,0,2,0,0,-1,1,1,-1,-1,1,-1,1,-1,1,-1,1,0,2,0,2,-1,1,-1,1,-1,1,-1,1,-1,1,0,0,1,-1,0,0,-1,1,-1,1,-1,1,0,0,0,1,0,0,0,0,0,0,-1,1,-1,1,-1,1,0,0,-1,1,1,-1,-1,1,-1,1,-1,1,-1,1,-1,1,0,0,-1,1,-1,1,-1,1,-1,1,-1,1,0,0,-1,1,-1,1,-1,1,0,0,0,0,-1,1,-1,1,1,-1,1,-1,-1,1,-1,1,-1,1,-1,1,-1,1,0,2,0,2,-1,1,0,0,0,0,0,2,-1,1,0,0,-1,1,0,0,-1,1,0,0,-1,1,-1,1,-1,1,-1,1,-1,1,1,-1,-1,1,1,-1,0,0,0,0,-1,1,-1,1,-1,1,-1,0,-1,1,-1,1,0,0,-1,1,-1,1,-1,1,1,-1,-1,1,0,0,0,0,0,2,0,0,-1,1,1,-1,1,-1,1,-1,1,-1,1,-1,-1,1,0,0,-1,1,-1,1,1,-1,-1,1,-1,1,0,0,-1,1,-1,1,0,2,0,0,0,0,-1,1,-1,1,-1,1,-1,1,1,-1,-1,1,1,-1,-1,1,1,-1,0,0,1,-1,0,0,0,2,1,-1,1,-1,-1,1,-1,1,-1,1,-1,1,0,0,1,-1,0,0,-1,1,-1,1,-1,1,-1,1,-1,1,0,2,-1,1,-1,1,0,0,-1,1,-1,1,-1,1,0,0,1,-1,-1,1,1,-1,-1,1,-1,1,-1,1,1,-1,-1,1,-1,1,0,2,-1,1,-1,1
AAPL,2020-07-30 18:55:04,AMC,0.011488442626717523,0.01837897445322551,0.21287919105907396,NQ,timed,892.0,35.0,12.5,0,0,1,-1,1,-1,0,2,-1,1,-1,1,1,-1,-1,1,0,0,-1,1,1,-1,0,2,0,0,-1,1,1,-1,1,-1,-1,1,-1,1,0,0,1,-1,0,0,0,0,-1,1,1,-1,0,2,0,1,0,1,0,2,0,0,-1,1,-1,1,-1,1,0,0,-1,1,1,-1,-1,1,0,0,-1,1,-1,1,-1,1,0,0,-1,1,-1,1,-1,1,-1,1,-1,1,0,0,0,0,0,0,-1,1,0,0,-1,1,-1,1,-1,1,1,-1,1,-1,-1,1,-1,1,0,0,-1,1,-1,1,0,2,0,2,0,0,0,0,0,0,0,2,1,-1,0,0,-1,1,-1,1,-1,1,0,0,-1,1,-1,1,-1,1,-1,1,-1,1,1,-1,1,-1,-1,1,0,0,0,0,-1,1,1,-1,-1,1,-1,0,-1,1,-1,1,0,0,-1,1,-1,1,-1,1,1,-1,-1,1,1,-1,0,0,0,2,0,0,-1,1,1,-1,1,-1,1,-1,1,-1,1,-1,-1,1,0,0,-1,1,0,0,1,-1,-1,1,-1,1,0,0,-1,1,-1,1,0,2,0,0,0,0,-1,1,-1,1,1,-1,-1,1,-1,1,-1,1,1,-1,-1,1,-1,1,0,0,1,-1,0,0,0,2,1,-1,-1,1,-1,1,-1,1,-1,1,1,-1,0,0,-1,1,0,0,0,0,-1,1,-1,1,-1,1,-1,1,0,2,-1,1,-1,1,0,2,1,-1,-1,1,-1,1,0,0,1,-1,-1,1,1,-1,-1,1,-1,1,-1,1,-1,1,-1,1,-1,1,0,2,0,0,-1,1
AMZN,2020-07-30 19:05:15,AMC,0.02296949650863653,0.1515986769570011,0.0188541404595536,NQ,timed,899.0,165.0,142.5,0,0,1,-1,1,-1,0,2,-1,1,1,-1,1,-1,-1,1,-1,1,-1,1,1,-1,0,2,0,0,-1,1,1,-1,-1,1,1,-1,1,-1,0,0,1,-1,0,0,0,0,1,-1,1,-1,0,2,0,-1,0,0,0,0,1,-1,1,-1,-1,1,1,-1,0,0,-1,1,1,-1,1,-1,0,0,1,-1,-1,1,1,-1,0,0,-1,1,1,-1,1,-1,1,-1,-1,1,0,0,1,-1,1,-1,-1,1,1,-1,0,0,1,-1,1,-1,1,-1,-1,1,1,-1,1,-1,0,0,1,-1,1,-1,0,2,0,2,0,0,0,0,0,0,0,2,1,-1,0,0,-1,1,-1,1,-1,1,-1,1,1,-1,1,-1,-1,1,1,-1,1,-1,1,-1,1,-1,1,-1,0,0,0,0,-1,1,1,-1,1,-1,1,0,1,-1,-1,1,0,0,1,-1,1,-1,1,-1,1,-1,1,-1,-1,1,0,0,0,2,0,0,1,-1,1,-1,1,-1,1,-1,1,-1,1,-1,1,-1,0,0,1,-1,0,0,1,-1,1,-1,1,-1,1,-1,-1,1,1,-1,0,2,0,0,0,0,1,-1,1,-1,-1,1,-1,1,1,-1,-1,1,1,-1,0,0,-1,1,0,0,-1,1,0,0,0,2,-1,1,-1,1,-1,1,1,-1,-1,1,1,-1,0,0,-1,1,0,0,1,-1,0,0,1,-1,1,-1,1,-1,0,2,1,-1,1,-1,0,2,1,-1,-1,1,-1,1,0,0,-1,1,-1,1,1,-1,0,0,1,-1,-1,1,-1,1,0,0,1,-1,0,2,0,0,1,-1
META,2020-07-30 19:18:23,AMC,0.01605688725771304,0.0275267238610818,0.03291237890062524,NQ,timed,896.0,180.0,157.5,0,0,1,-1,1,-1,0,2,0,0,1,-1,1,-1,-1,1,0,0,1,-1,1,-1,0,2,0,0,1,-1,1,-1,-1,1,1,-1,0,0,0,0,1,-1,0,0,0,0,1,-1,1,-1,0,0,0,-1,0,0,0,0,0,0,1,-1,1,-1,1,-1,0,0,1,-1,1,-1,1,-1,0,0,-1,1,-1,1,-1,1,0,2,-1,1,-1,1,1,-1,-1,1,1,-1,0,0,0,0,0,0,1,-1,1,-1,-1,1,1,-1,-1,1,1,-1,1,-1,1,-1,-1,1,0,0,1,-1,0,0,0,2,0,0,0,0,0,0,0,0,0,2,0,0,0,0,-1,1,-1,1,-1,1,0,0,1,-1,1,-1,-1,1,1,-1,1,-1,1,-1,1,-1,-1,1,0,0,0,0,-1,1,0,0,1,-1,1,0,1,-1,1,-1,0,0,1,-1,-1,1,-1,1,1,-1,-1,1,0,0,0,0,0,0,0,0,-1,1,1,-1,1,-1,1,-1,1,-1,1,-1,1,-1,0,0,-1,1,0,0,1,-1,-1,1,1,-1,0,0,-1,1,0,0,0,0,0,0,0,0,1,-1,-1,1,1,-1,1,-1,-1,1,1,-1,1,-1,0,0,-1,1,0,0,-1,1,0,0,0,2,-1,1,-1,1,1,-1,-1,1,-1,1,-1,1,0,0,-1,1,0,0,0,0,0,0,1,-1,1,-1,1,-1,0,0,-1,1,1,-1,0,2,1,-1,-1,1,-1,1,0,0,1,-1,1,-1,1,-1,0,0,-1,1,-1,1,-1,1,0,0,1,-1,0,0,1,-1,1,-1
MU,2020-09-29 16:00:38,AMC,0.09947169477663079,0.296204602223745,0.023411869922382523,NQ,timed,861.0,440.0,417.5,0,0,1,-1,1,-1,0,2,0,0,1,-1,-1,1,-1,1,0,0,1,-1,1,-1,0,0,0,0,1,-1,1,-1,1,-1,1,-1,1,-1,0,0,-1,1,1,-1,1,-1,1,-1,1,-1,0,0,0,-1,0,-1,0,0,0,0,-1,1,1,-1,1,-1,0,0,1,-1,-1,1,1,-1,1,-1,1,-1,1,-1,1,-1,0,2,-1,1,1,-1,1,-1,1,-1,1,-1,1,-1,1,-1,1,-1,1,-1,0,0,-1,1,1,-1,1,-1,1,-1,-1,1,-1,1,1,-1,0,0,1,-1,-1,1,0,0,0,0,0,0,0,0,0,0,0,0,1,-1,0,0,1,-1,-1,1,1,-1,1,-1,1,-1,1,-1,1,-1,1,-1,1,-1,1,-1,1,-1,-1,1,0,0,0,0,1,-1,1,-1,1,-1,1,0,1,-1,1,-1,0,0,1,-1,-1,1,1,-1,1,-1,1,-1,-1,1,0,0,0,0,0,0,1,-1,-1,1,-1,1,0,0,-1,1,-1,1,1,-1,0,0,1,-1,1,-1,-1,1,1,-1,1,-1,0,0,1,-1,1,-1,0,0,0,0,0,0,1,-1,1,-1,-1,1,1,-1,1,-1,1,-1,-1,1,0,0,1,-1,-1,1,-1,1,0,0,0,0,-1,1,-1,1,1,-1,1,-1,1,-1,1,-1,0,0,-1,1,0,0,1,-1,0,0,1,-1,1,-1,1,-1,0,0,1,-1,1,-1,0,2,1,-1,1,-1,1,-1,0,0,1,-1,1,-1,-1,1,0,0,-1,1,1,-1,-1,1,0,0,-1,1,0,0,1,-1,1,-1
NFLX,2020-10-20 16:07:02,AMC,0.06442330405652072,0.019326991216956215,0.02289752371176755,NQ,tp,405.0,929.9799999999959,907.4799999999959,0,2,-1,1,-1,1,0,2,-1,1,-1,1,-1,1,-1,1,0,0,-1,1,-1,1,0,0,0,0,-1,1,-1,1,-1,1,-1,1,-1,1,0,-1,-1,1,-1,1,-1,1,-1,1,-1,1,0,0,0,1,0,1,0,0,0,0,-1,1,1,-1,1,-1,0,0,-1,1,-1,1,-1,1,-1,1,-1,1,1,-1,-1,1,0,0,-1,1,-1,1,-1,1,-1,1,-1,1,-1,1,-1,1,0,0,-1,1,-1,1,0,0,-1,1,-1,1,-1,1,-1,1,-1,1,-1,1,-1,1,-1,1,-1,1,0,0,0,0,0,0,-1,1,0,0,0,0,-1,1,0,2,-1,1,-1,1,-1,1,1,-1,-1,1,-1,1,-1,1,1,-1,-1,1,-1,1,-1,1,-1,1,0,0,0,0,-1,1,-1,1,-1,1,-1,0,-1,1,-1,1,0,0,-1,1,1,-1,-1,1,1,-1,-1,1,0,0,0,0,0,0,0,0,-1,1,0,0,-1,1,0,0,-1,1,-1,1,-1,1,0,0,-1,1,-1,1,-1,1,-1,1,-1,1,-1,1,1,-1,-1,1,0,0,0,0,0,0,-1,1,1,-1,-1,1,1,-1,-1,1,-1,1,1,-1,0,0,-1,1,-1,1,1,-1,0,2,0,0,1,-1,1,-1,-1,1,-1,1,-1,1,-1,1,0,0,1,-1,0,0,-1,1,0,0,1,-1,-1,1,-1,1,0,0,-1,1,-1,1,0,0,1,-1,-1,1,1,-1,0,0,-1,1,-1,1,-1,1,-1,1,-1,1,-1,1,1,-1,-1,1,-1,1,0,0,-1,1,1,-1
TSLA,2020-10-21 16:38:49,AMC,0.019245985073669356,0.051321529381575574,0.011527909067853273,NQ,stopped_post,549.0,-233.84500000000116,-256.34500000000116,0,0,-1,1,1,-1,0,2,1,-1,1,-1,-1,1,1,-1,0,0,1,-1,1,-1,0,0,0,2,1,-1,1,-1,-1,1,1,-1,1,-1,0,0,0,0,0,0,0,0,-1,1,1,-1,0,2,0,-1,0,-1,0,0,0,0,1,-1,1,-1,1,-1,0,0,1,-1,-1,1,1,-1,1,-1,1,-1,1,-1,-1,1,0,2,-1,1,1,-1,1,-1,1,-1,1,-1,0,0,0,0,1,-1,1,-1,0,0,-1,1,1,-1,-1,1,1,-1,-1,1,-1,1,1,-1,0,0,1,-1,0,0,0,0,0,0,0,0,0,0,0,0,0,0,0,0,0,0,1,-1,0,0,1,-1,1,-1,1,-1,1,-1,1,-1,1,-1,1,-1,1,-1,1,-1,1,-1,0,0,0,0,1,-1,0,0,1,-1,1,0,1,-1,1,-1,0,0,1,-1,1,-1,-1,1,1,-1,1,-1,0,0,0,0,0,0,0,0,1,-1,0,0,-1,1,0,0,-1,1,-1,1,1,-1,0,0,1,-1,1,-1,-1,1,1,-1,1,-1,0,0,1,-1,1,-1,0,0,0,0,0,0,1,-1,1,-1,1,-1,1,-1,-1,1,1,-1,-1,1,1,-1,1,-1,0,0,1,-1,0,0,0,0,1,-1,1,-1,1,-1,-1,1,1,-1,1,-1,0,0,1,-1,0,0,0,0,1,-1,1,-1,1,-1,1,-1,0,0,1,-1,1,-1,0,2,1,-1,1,-1,-1,1,0,0,-1,1,1,-1,-1,1,0,0,1,-1,1,-1,1,-1,1,-1,1,-1,0,0,0,0,1,-1
INTC,2020-10-22 16:07:11,AMC,0.0322338025142366,0.13322732449448826,0.0378000378000378,NQ,stopped_pre,-267.0,-232.84500000001572,-255.34500000001572,0,0,1,-1,-1,1,0,2,-1,1,-1,1,1,-1,-1,1,-1,1,-1,1,-1,1,0,0,0,2,-1,1,0,0,1,-1,-1,1,-1,1,0,0,0,0,0,0,0,0,-1,1,-1,1,0,0,0,1,0,1,0,0,0,0,-1,1,-1,1,-1,1,0,0,-1,1,0,0,-1,1,-1,1,-1,1,1,-1,1,-1,0,2,1,-1,-1,1,-1,1,-1,1,-1,1,0,0,-1,1,-1,1,-1,1,-1,1,1,-1,-1,1,1,-1,-1,1,-1,1,1,-1,-1,1,0,0,-1,1,1,-1,0,0,0,0,0,0,-1,1,0,0,0,0,-1,1,0,0,-1,1,-1,1,-1,1,1,-1,-1,1,-1,1,-1,1,-1,1,-1,1,1,-1,-1,1,-1,1,0,0,0,0,-1,1,-1,1,-1,1,-1,0,-1,1,-1,1,0,0,-1,1,1,-1,-1,1,-1,1,-1,1,0,0,0,0,0,0,0,0,-1,1,0,0,-1,1,0,0,-1,1,-1,1,-1,1,0,0,1,-1,-1,1,1,-1,-1,1,-1,1,0,0,-1,1,-1,1,0,0,0,0,0,0,-1,1,-1,1,1,-1,-1,1,1,-1,-1,1,1,-1,-1,1,-1,1,0,0,-1,1,0,0,0,0,-1,1,1,-1,-1,1,-1,1,-1,1,-1,1,0,0,-1,1,0,0,-1,1,-1,1,-1,1,-1,1,-1,1,0,0,-1,1,-1,1,0,0,-1,1,-1,1,1,-1,0,0,-1,1,-1,1,1,-1,-1,1,-1,1,-1,1,1,-1,-1,1,-1,1,0,0,-1,1,-1,1
AMD,2020-10-27 06:34:50,BMO,0.008667013347200556,0.06933911159263272,,NQ,timed,900.0,260.0,237.5,0,0,-1,1,-1,1,0,2,1,-1,-1,1,1,-1,1,-1,0,0,1,-1,-1,1,0,2,0,0,1,-1,0,0,-1,1,-1,1,-1,1,0,0,0,0,0,0,0,0,-1,1,-1,1,0,2,0,1,0,0,0,2,-1,1,1,-1,-1,1,1,-1,0,0,1,-1,1,-1,-1,1,0,0,-1,1,1,-1,-1,1,0,2,1,-1,-1,1,-1,1,-1,1,1,-1,-1,1,-1,1,-1,1,1,-1,0,0,1,-1,-1,1,-1,1,1,-1,1,-1,-1,1,-1,1,-1,1,-1,1,0,0,0,2,0,0,0,0,1,-1,0,0,0,2,-1,1,0,0,1,-1,1,-1,1,-1,1,-1,-1,1,-1,1,-1,1,1,-1,-1,1,-1,1,-1,1,1,-1,0,0,0,2,-1,1,0,0,1,-1,-1,0,-1,1,1,-1,0,0,-1,1,-1,1,-1,1,-1,1,-1,1,0,0,0,0,0,2,0,0,-1,1,0,0,1,-1,0,0,1,-1,1,-1,-1,1,0,0,-1,1,1,-1,1,-1,1,-1,-1,1,1,-1,1,-1,-1,1,0,0,0,0,0,0,-1,1,1,-1,1,-1,-1,1,-1,1,-1,1,1,-1,0,0,1,-1,1,-1,-1,1,0,0,0,2,1,-1,1,-1,1,-1,-1,1,1,-1,-1,1,0,0,1,-1,0,0,-1,1,0,0,-1,1,-1,1,-1,1,0,0,-1,1,1,-1,0,0,-1,1,1,-1,-1,1,0,0,1,-1,1,-1,1,-1,0,0,-1,1,1,-1,1,-1,0,0,1,-1,0,0,-1,1,-1,1
MSFT,2020-10-27 16:12:57,AMC,0.08855674111192707,0.07127583749109052,0.07687345305863372,NQ,stopped_pre,-243.0,-231.69999999998254,-254.19999999998254,0,0,1,-1,-1,1,0,2,0,0,-1,1,1,-1,-1,1,-1,1,-1,1,-1,1,0,0,0,0,-1,1,0,0,1,-1,-1,1,-1,1,0,0,1,-1,0,0,0,0,1,-1,-1,1,0,0,0,1,0,1,0,0,0,0,1,-1,-1,1,-1,1,0,0,-1,1,1,-1,-1,1,-1,1,-1,1,1,-1,1,-1,0,2,1,-1,-1,1,-1,1,-1,1,-1,1,0,0,-1,1,1,-1,-1,1,0,0,1,-1,1,-1,-1,1,-1,1,1,-1,-1,1,-1,1,0,0,-1,1,-1,1,0,0,0,0,1,-1,0,0,0,0,0,0,-1,1,0,0,-1,1,0,0,-1,1,-1,1,-1,1,-1,1,-1,1,-1,1,-1,1,-1,1,-1,1,1,-1,0,0,0,2,-1,1,-1,1,-1,1,-1,0,-1,1,1,-1,0,0,-1,1,-1,1,-1,1,1,-1,-1,1,1,-1,0,0,0,0,0,0,-1,1,0,0,1,-1,0,0,1,-1,1,-1,-1,1,0,0,1,-1,-1,1,-1,1,-1,1,-1,1,0,0,1,-1,-1,1,0,0,0,0,0,0,-1,1,-1,1,1,-1,-1,1,-1,1,-1,1,-1,1,-1,1,1,-1,0,0,-1,1,0,0,0,2,1,-1,1,-1,-1,1,-1,1,-1,1,-1,1,0,0,1,-1,0,0,-1,1,-1,1,-1,1,-1,1,-1,1,0,2,-1,1,1,-1,0,0,1,-1,-1,1,-1,1,0,0,1,-1,1,-1,1,-1,-1,1,-1,1,-1,1,1,-1,-1,1,-1,1,0,0,-1,1,-1,1
GOOGL,2020-10-29 16:01:25,AMC,0.5222334846414878,0.5288323821695349,0.1471825063078217,NQ,stopped_pre,-139.0,-227.66500000001543,-250.16500000001543,0,0,-1,1,-1,1,0,2,1,-1,-1,1,1,-1,1,-1,0,0,-1,1,-1,1,0,0,0,0,1,-1,-1,1,-1,1,-1,1,-1,1,0,0,-1,1,0,0,0,0,-1,1,-1,1,0,0,0,1,0,1,0,0,-1,1,-1,1,-1,1,-1,1,0,0,1,-1,1,-1,-1,1,-1,1,-1,1,-1,1,-1,1,0,0,-1,1,-1,1,1,-1,-1,1,-1,1,0,0,-1,1,-1,1,-1,1,0,0,0,0,-1,1,-1,1,-1,1,1,-1,-1,1,-1,1,-1,1,-1,1,-1,1,0,0,0,0,0,0,0,0,0,0,0,0,0,0,0,2,-1,1,-1,1,0,0,1,-1,-1,1,-1,1,-1,1,-1,1,-1,1,-1,1,1,-1,-1,1,0,0,0,2,1,-1,0,0,-1,1,-1,0,-1,1,-1,1,0,0,-1,1,-1,1,-1,1,1,-1,-1,1,1,-1,0,0,0,0,0,0,-1,1,1,-1,1,-1,0,0,1,-1,1,-1,-1,1,0,0,-1,1,0,0,1,-1,-1,1,-1,1,0,0,-1,1,-1,1,0,0,0,0,0,0,-1,1,-1,1,1,-1,-1,1,-1,1,-1,1,-1,1,0,0,1,-1,0,0,-1,1,0,0,0,0,1,-1,1,-1,1,-1,-1,1,-1,1,-1,1,0,0,1,-1,0,0,0,0,0,0,1,-1,1,-1,-1,1,0,0,-1,1,-1,1,0,0,-1,1,-1,1,1,-1,0,0,1,-1,-1,1,1,-1,0,0,-1,1,1,-1,1,-1,0,0,-1,1,0,0,0,0,-1,1
META,2020-10-29 16:07:58,AMC,0.09847904584746689,1.6347521610679503,0.0318606627017842,NQ,tp,-73.0,910.6599999999889,888.1599999999889,0,0,-1,1,-1,1,0,2,-1,1,1,-1,1,-1,-1,1,0,0,-1,1,1,-1,0,0,0,0,-1,1,-1,1,-1,1,1,-1,1,-1,0,0,-1,1,1,-1,0,0,-1,1,-1,1,0,0,0,-1,0,-1,0,0,1,-1,-1,1,-1,1,-1,1,0,0,-1,1,1,-1,-1,1,0,0,-1,1,-1,1,-1,1,0,2,-1,1,1,-1,-1,1,1,-1,-1,1,0,0,1,-1,1,-1,-1,1,0,0,0,0,-1,1,1,-1,1,-1,-1,1,1,-1,-1,1,0,0,1,-1,-1,1,0,0,0,0,-1,1,-1,1,0,0,0,0,0,0,0,0,-1,1,-1,1,-1,1,1,-1,1,-1,1,-1,1,-1,-1,1,1,-1,-1,1,-1,1,-1,1,0,0,0,0,-1,1,0,0,-1,1,1,0,-1,1,-1,1,0,2,1,-1,-1,1,-1,1,1,-1,-1,1,-1,1,0,0,0,0,0,0,1,-1,1,-1,1,-1,0,0,1,-1,1,-1,-1,1,0,0,1,-1,-1,1,1,-1,-1,1,-1,1,0,0,1,-1,-1,1,0,0,0,0,0,0,-1,1,1,-1,-1,1,-1,1,-1,1,1,-1,1,-1,-1,1,-1,1,0,0,-1,1,0,0,0,0,1,-1,1,-1,-1,1,1,-1,1,-1,1,-1,0,0,1,-1,0,0,0,0,-1,1,1,-1,-1,1,-1,1,0,0,-1,1,-1,1,0,0,-1,1,1,-1,1,-1,0,0,-1,1,-1,1,1,-1,0,0,-1,1,-1,1,1,-1,0,0,-1,1,0,0,0,0,1,-1
AAPL,2020-10-29 16:30:32,AMC,0.3264081866701954,0.5144850733086027,0.20417715209062295,NQ,,,,,0,0,-1,1,-1,1,0,2,0,0,-1,1,1,-1,-1,1,-1,1,-1,1,-1,1,0,0,0,0,-1,1,-1,1,-1,1,-1,1,-1,1,0,0,0,0,0,0,-1,1,-1,1,-1,1,0,2,0,1,0,1,0,0,-1,1,-1,1,-1,1,-1,1,0,0,-1,1,1,-1,-1,1,-1,1,-1,1,-1,1,-1,1,0,2,-1,1,-1,1,-1,1,-1,1,-1,1,-1,1,-1,1,-1,1,-1,1,-1,1,-1,1,-1,1,-1,1,-1,1,-1,1,-1,1,-1,1,0,0,-1,1,-1,1,0,0,0,0,0,0,-1,1,0,0,0,0,-1,1,0,2,-1,1,-1,1,-1,1,1,-1,-1,1,-1,1,-1,1,1,-1,-1,1,-1,1,-1,1,1,-1,0,2,0,2,-1,1,-1,1,-1,1,-1,0,-1,1,-1,1,0,2,-1,1,1,-1,-1,1,-1,1,-1,1,1,-1,0,0,0,0,0,0,-1,1,0,0,1,-1,0,0,1,-1,1,-1,-1,1,0,0,-1,1,-1,1,-1,1,-1,1,-1,1,-1,1,1,-1,-1,1,0,0,0,0,0,0,-1,1,-1,1,1,-1,-1,1,1,-1,1,-1,1,-1,-1,1,-1,1,0,0,1,-1,0,2,0,0,1,-1,1,-1,-1,1,-1,1,-1,1,-1,1,0,0,1,-1,0,0,-1,1,-1,1,1,-1,-1,1,-1,1,0,0,-1,1,-1,1,0,0,-1,1,-1,1,-1,1,0,0,1,-1,-1,1,1,-1,-1,1,1,-1,-1,1,1,-1,-1,1,-1,1,0,0,-1,1,-1,1
AMZN,2020-10-29 16:42:03,AMC,0.006661929294723752,0.11324776835280011,0.020582060675914872,NQ,tp,335.0,898.5399999999936,876.0399999999936,0,2,-1,1,-1,1,-1,0,-1,1,-1,1,-1,1,-1,1,0,0,-1,1,-1,1,0,0,0,0,-1,1,-1,1,-1,1,-1,1,-1,1,0,0,1,-1,0,0,-1,1,-1,1,-1,1,0,0,0,1,0,1,0,0,0,0,-1,1,1,-1,1,-1,0,0,-1,1,-1,1,-1,1,-1,1,-1,1,1,-1,-1,1,0,2,-1,1,-1,1,-1,1,-1,1,-1,1,-1,1,0,0,0,0,-1,1,-1,1,-1,1,-1,1,-1,1,-1,1,-1,1,-1,1,-1,1,-1,1,-1,1,-1,1,0,0,0,0,-1,1,-1,1,0,0,0,0,0,0,0,0,-1,1,-1,1,-1,1,0,0,-1,1,-1,1,-1,1,1,-1,-1,1,-1,1,-1,1,1,-1,0,2,0,0,-1,1,-1,1,-1,1,-1,0,-1,1,-1,1,0,2,-1,1,1,-1,-1,1,-1,1,-1,1,1,-1,0,2,0,0,0,0,-1,1,0,0,-1,1,0,0,-1,1,-1,1,-1,1,0,0,-1,1,1,-1,-1,1,-1,1,-1,1,-1,1,1,-1,-1,1,0,0,0,0,0,0,-1,1,1,-1,-1,1,1,-1,-1,1,1,-1,1,-1,-1,1,-1,1,-1,1,1,-1,0,2,0,0,1,-1,1,-1,-1,1,-1,1,-1,1,-1,1,0,0,1,-1,0,0,-1,1,-1,1,1,-1,-1,1,-1,1,0,0,-1,1,-1,1,0,0,-1,1,-1,1,-1,1,0,0,1,-1,-1,1,-1,1,-1,1,1,-1,1,-1,1,-1,-1,1,-1,1,0,0,-1,1,-1,1
MU,2021-01-07 16:00:45,AMC,0.007736494980948882,0.08897141309813934,0.026220051784602277,NQ,stopped_pre,-47.0,-258.73999999999796,-281.23999999999796,0,0,1,-1,1,-1,0,2,1,-1,1,-1,1,-1,1,-1,1,-1,1,-1,1,-1,0,0,0,2,1,-1,1,-1,1,-1,1,-1,1,-1,0,0,0,0,1,-1,1,-1,1,-1,1,-1,0,0,0,-1,0,-1,0,0,1,-1,1,-1,1,-1,1,-1,0,0,1,-1,1,-1,1,-1,1,-1,1,-1,1,-1,1,-1,0,0,1,-1,1,-1,1,-1,1,-1,1,-1,1,-1,1,-1,1,-1,1,-1,1,-1,1,-1,1,-1,1,-1,1,-1,1,-1,1,-1,1,-1,1,-1,1,-1,0,0,0,0,0,0,1,-1,1,-1,0,0,0,0,1,-1,0,2,1,-1,1,-1,1,-1,0,0,1,-1,1,-1,1,-1,-1,1,1,-1,1,-1,1,-1,-1,1,0,0,0,0,1,-1,1,-1,1,-1,1,0,1,-1,1,-1,0,0,1,-1,-1,1,1,-1,1,-1,1,-1,0,0,0,0,0,0,0,0,1,-1,1,-1,1,-1,1,-1,1,-1,1,-1,1,-1,0,0,1,-1,1,-1,1,-1,1,-1,1,-1,1,-1,-1,1,1,-1,0,0,0,0,0,0,1,-1,1,-1,1,-1,1,-1,1,-1,1,-1,-1,1,1,-1,1,-1,1,-1,-1,1,0,0,0,0,-1,1,-1,1,1,-1,1,-1,1,-1,1,-1,0,0,-1,1,0,0,1,-1,1,-1,-1,1,1,-1,1,-1,0,0,1,-1,1,-1,0,2,1,-1,1,-1,1,-1,0,0,1,-1,1,-1,1,-1,1,-1,1,-1,-1,1,-1,1,1,-1,1,-1,0,0,1,-1,1,-1
NFLX,2021-01-19 16:02:11,AMC,0.015398236901874736,0.15974748349596782,0.024081878386514148,NQ,stopped_pre,-118.0,-259.77500000000873,-282.27500000000873,0,0,1,-1,-1,1,0,2,-1,1,1,-1,1,-1,-1,1,-1,1,-1,1,1,-1,0,0,0,0,-1,1,-1,1,1,-1,1,-1,1,-1,0,0,0,0,0,0,0,0,1,-1,-1,1,0,0,0,-1,0,0,0,2,0,0,-1,1,-1,1,-1,1,0,0,-1,1,1,-1,1,-1,0,0,1,-1,-1,1,1,-1,0,2,1,-1,1,-1,-1,1,1,-1,-1,1,0,0,1,-1,-1,1,-1,1,0,0,-1,1,-1,1,1,-1,1,-1,-1,1,1,-1,1,-1,0,0,1,-1,0,0,0,0,0,0,0,0,0,0,0,0,0,0,0,0,0,0,1,-1,0,0,-1,1,1,-1,1,-1,1,-1,1,-1,1,-1,1,-1,1,-1,-1,1,1,-1,0,0,0,2,-1,1,1,-1,1,-1,1,0,1,-1,-1,1,0,0,1,-1,1,-1,-1,1,-1,1,1,-1,1,-1,0,0,0,0,0,0,1,-1,1,-1,1,-1,1,-1,1,-1,1,-1,1,-1,0,0,1,-1,0,0,1,-1,1,-1,-1,1,1,-1,-1,1,1,-1,0,0,0,0,0,0,1,-1,1,-1,1,-1,-1,1,-1,1,1,-1,1,-1,0,0,-1,1,0,0,-1,1,0,0,0,0,1,-1,1,-1,-1,1,1,-1,-1,1,1,-1,0,0,1,-1,0,0,0,0,0,0,-1,1,-1,1,1,-1,0,2,1,-1,-1,1,0,0,-1,1,1,-1,1,-1,0,0,1,-1,-1,1,1,-1,0,0,1,-1,-1,1,1,-1,0,0,-1,1,0,0,0,0,1,-1
INTC,2021-01-21 16:04:38,AMC,0.02240101551270324,0.042933676802747754,0.03537516202782483,NQ,timed,621.0,0.0,-22.5,0,0,-1,1,-1,1,0,2,0,0,-1,1,1,-1,-1,1,0,0,-1,1,-1,1,0,0,0,2,-1,1,-1,1,-1,1,-1,1,-1,1,0,0,1,-1,1,-1,-1,1,-1,1,-1,1,0,0,0,1,0,1,0,0,-1,1,-1,1,-1,1,-1,1,0,0,-1,1,1,-1,-1,1,-1,1,-1,1,-1,1,-1,1,0,2,-1,1,-1,1,-1,1,-1,1,-1,1,-1,1,-1,1,-1,1,-1,1,0,0,0,0,-1,1,-1,1,-1,1,-1,1,-1,1,-1,1,-1,1,-1,1,0,0,0,0,0,0,0,0,0,0,0,0,0,0,-1,1,0,2,-1,1,-1,1,-1,1,0,0,-1,1,-1,1,-1,1,1,-1,-1,1,-1,1,-1,1,1,-1,0,2,0,0,-1,1,-1,1,-1,1,-1,0,-1,1,-1,1,0,0,-1,1,-1,1,-1,1,-1,1,-1,1,-1,1,0,0,0,0,0,0,-1,1,0,0,1,-1,0,0,1,-1,1,-1,-1,1,0,0,-1,1,-1,1,1,-1,-1,1,-1,1,0,0,-1,1,-1,1,0,0,0,0,0,0,-1,1,-1,1,-1,1,-1,1,-1,1,-1,1,1,-1,0,0,-1,1,0,0,1,-1,0,0,0,0,1,-1,1,-1,-1,1,-1,1,-1,1,-1,1,0,0,1,-1,0,0,-1,1,0,0,-1,1,-1,1,-1,1,0,0,-1,1,-1,1,0,0,-1,1,-1,1,1,-1,0,0,-1,1,-1,1,1,-1,0,0,1,-1,-1,1,1,-1,0,0,-1,1,0,0,-1,1,-1,1
MSFT,2021-01-26 16:04:05,AMC,0.099601593625498,0.08669027593330382,0.08014172431246837,NQ,tp,-115.0,1078.3799999999974,1055.8799999999974,0,0,-1,1,-1,1,-1,0,-1,1,-1,1,-1,1,-1,1,0,0,-1,1,-1,1,0,0,0,0,-1,1,0,0,-1,1,-1,1,-1,1,0,0,0,0,0,0,-1,1,-1,1,-1,1,0,0,0,-1,0,1,0,0,0,0,-1,1,-1,1,-1,1,0,0,-1,1,1,-1,-1,1,-1,1,-1,1,1,-1,-1,1,0,2,-1,1,-1,1,-1,1,-1,1,-1,1,-1,1,0,0,-1,1,-1,1,-1,1,-1,1,-1,1,-1,1,-1,1,-1,1,1,-1,-1,1,0,0,-1,1,0,0,0,0,0,0,0,0,-1,1,0,0,0,0,0,0,0,2,-1,1,-1,1,-1,1,-1,1,-1,1,-1,1,-1,1,-1,1,-1,1,-1,1,-1,1,1,-1,0,0,0,0,-1,1,-1,1,-1,1,-1,0,-1,1,-1,1,0,2,-1,1,-1,1,-1,1,1,-1,-1,1,0,0,0,0,0,0,0,0,-1,1,0,0,1,-1,0,0,1,-1,1,-1,-1,1,0,0,-1,1,1,-1,-1,1,-1,1,-1,1,-1,1,1,-1,-1,1,0,0,0,0,0,0,-1,1,-1,1,-1,1,-1,1,1,-1,-1,1,1,-1,-1,1,-1,1,-1,1,1,-1,0,0,0,0,-1,1,-1,1,-1,1,-1,1,-1,1,-1,1,0,0,-1,1,0,0,0,0,-1,1,1,-1,-1,1,-1,1,0,0,-1,1,-1,1,0,0,-1,1,-1,1,1,-1,0,0,1,-1,-1,1,-1,1,-1,1,-1,1,-1,1,-1,1,-1,1,-1,1,0,0,0,0,-1,1
AMD,2021-01-26 16:14:58,AMC,0.08468024005007178,0.20065535142299618,,NQ,stopped_pre,-32.0,-275.0,-297.5,0,2,1,-1,1,-1,1,0,1,-1,1,-1,1,-1,1,-1,0,0,1,-1,1,-1,0,0,0,0,1,-1,0,0,1,-1,1,-1,1,-1,0,0,0,0,-1,1,1,-1,1,-1,1,-1,0,0,0,-1,0,-1,0,0,1,-1,1,-1,-1,1,-1,1,0,0,1,-1,1,-1,1,-1,1,-1,1,-1,-1,1,1,-1,0,2,1,-1,1,-1,1,-1,1,-1,1,-1,1,-1,0,0,0,0,1,-1,1,-1,1,-1,1,-1,1,-1,1,-1,1,-1,1,-1,1,-1,1,-1,1,-1,1,-1,0,0,0,0,1,-1,1,-1,0,0,0,0,1,-1,0,0,1,-1,1,-1,1,-1,0,0,1,-1,1,-1,1,-1,-1,1,1,-1,1,-1,1,-1,-1,1,0,2,0,0,1,-1,1,-1,1,-1,1,0,1,-1,1,-1,0,2,1,-1,-1,1,1,-1,1,-1,1,-1,0,0,0,2,0,0,0,0,-1,1,1,-1,1,-1,1,-1,1,-1,1,-1,1,-1,0,0,1,-1,-1,1,1,-1,1,-1,1,-1,1,-1,-1,1,1,-1,0,0,0,0,0,0,1,-1,-1,1,-1,1,-1,1,1,-1,-1,1,-1,1,1,-1,1,-1,1,-1,-1,1,0,2,0,0,-1,1,-1,1,-1,1,1,-1,1,-1,1,-1,0,0,-1,1,0,0,1,-1,1,-1,-1,1,1,-1,1,-1,0,0,1,-1,1,-1,0,2,-1,1,1,-1,-1,1,0,0,-1,1,1,-1,1,-1,1,-1,-1,1,1,-1,-1,1,1,-1,1,-1,0,0,1,-1,1,-1
META,2021-01-27 16:08:08,AMC,0.20331440847015497,0.04986192083461184,0.03291237890062524,NQ,stopped_pre,-160.0,-262.4699999999939,-284.9699999999939,0,0,1,-1,1,-1,1,0,1,-1,-1,1,-1,1,1,-1,1,-1,1,-1,-1,1,0,0,0,0,1,-1,-1,1,1,-1,-1,1,-1,1,0,0,0,0,1,-1,0,0,1,-1,1,-1,0,0,0,-1,0,0,0,0,0,0,1,-1,1,-1,1,-1,0,0,1,-1,-1,1,1,-1,0,0,1,-1,1,-1,1,-1,0,2,1,-1,-1,1,1,-1,1,-1,1,-1,0,0,-1,1,-1,1,1,-1,1,-1,1,-1,1,-1,-1,1,1,-1,1,-1,-1,1,1,-1,0,0,-1,1,1,-1,0,0,0,0,0,0,1,-1,0,0,0,0,0,0,0,0,1,-1,0,0,1,-1,1,-1,-1,1,1,-1,1,-1,1,-1,1,-1,-1,1,1,-1,1,-1,0,0,0,0,1,-1,0,0,1,-1,1,0,1,-1,1,-1,0,0,1,-1,-1,1,1,-1,1,-1,1,-1,1,-1,0,0,0,0,0,0,-1,1,-1,1,-1,1,-1,1,-1,1,-1,1,1,-1,0,0,1,-1,1,-1,-1,1,1,-1,1,-1,0,0,-1,1,-1,1,0,0,0,0,0,0,1,-1,1,-1,1,-1,1,-1,-1,1,1,-1,-1,1,1,-1,1,-1,0,0,1,-1,0,0,0,0,1,-1,-1,1,1,-1,-1,1,1,-1,-1,1,0,0,1,-1,0,0,0,0,1,-1,1,-1,1,-1,1,-1,0,0,1,-1,1,-1,0,2,1,-1,1,-1,1,-1,0,0,-1,1,1,-1,-1,1,1,-1,1,-1,1,-1,-1,1,0,0,1,-1,0,0,0,0,1,-1
AAPL,2021-01-27 16:30:35,AMC,0.14253794591262808,0.861636917383091,0.21287919105907396,NQ,,,,,0,0,-1,1,-1,1,-1,0,-1,1,1,-1,-1,1,-1,1,0,0,-1,1,-1,1,0,0,0,2,-1,1,-1,1,-1,1,-1,1,1,-1,0,0,0,0,0,0,0,0,-1,1,-1,1,0,0,0,-1,0,1,0,0,0,0,1,-1,-1,1,-1,1,0,0,-1,1,-1,1,-1,1,-1,1,-1,1,1,-1,-1,1,0,0,-1,1,-1,1,-1,1,-1,1,-1,1,-1,1,0,0,0,0,-1,1,-1,1,-1,1,-1,1,1,-1,-1,1,-1,1,1,-1,-1,1,0,0,-1,1,0,0,0,0,0,0,-1,1,-1,1,0,0,0,0,0,0,0,0,-1,1,-1,1,-1,1,0,0,1,-1,-1,1,-1,1,-1,1,-1,1,-1,1,-1,1,1,-1,0,0,0,0,-1,1,0,0,-1,1,-1,0,-1,1,-1,1,0,2,-1,1,1,-1,-1,1,1,-1,-1,1,0,0,0,0,0,0,0,0,-1,1,-1,1,-1,1,-1,1,-1,1,-1,1,-1,1,0,0,-1,1,-1,1,-1,1,-1,1,1,-1,-1,1,1,-1,-1,1,0,0,0,0,0,0,-1,1,-1,1,-1,1,1,-1,1,-1,-1,1,1,-1,-1,1,-1,1,-1,1,1,-1,0,0,0,0,-1,1,-1,1,1,-1,-1,1,-1,1,-1,1,0,0,-1,1,0,0,0,0,-1,1,1,-1,-1,1,-1,1,0,0,-1,1,-1,1,0,0,-1,1,-1,1,-1,1,0,0,-1,1,-1,1,-1,1,-1,1,-1,1,-1,1,-1,1,-1,1,-1,1,0,0,0,0,-1,1
GOOGL,2021-02-02 16:01:27,AMC,0.09302152518092688,0.2139375674368419,0.15303024948328137,NQ,stopped_pre,-146.0,-269.09999999999854,-291.59999999999854,0,2,-1,1,-1,1,0,2,1,-1,-1,1,1,-1,-1,1,0,0,-1,1,-1,1,0,0,0,0,-1,1,-1,1,-1,1,-1,1,-1,1,0,-1,1,-1,0,0,-1,1,-1,1,-1,1,0,0,0,1,0,1,0,0,-1,1,-1,1,-1,1,1,-1,0,0,-1,1,1,-1,-1,1,-1,1,-1,1,-1,1,-1,1,0,0,-1,1,-1,1,1,-1,-1,1,-1,1,-1,1,-1,1,-1,1,-1,1,-1,1,1,-1,-1,1,-1,1,-1,1,-1,1,-1,1,-1,1,-1,1,-1,1,-1,1,0,0,0,0,1,-1,-1,1,0,0,0,0,0,0,0,2,-1,1,-1,1,0,0,1,-1,-1,1,-1,1,-1,1,-1,1,-1,1,-1,1,1,-1,-1,1,0,2,0,2,1,-1,-1,1,-1,1,-1,0,-1,1,-1,1,0,0,-1,1,-1,1,-1,1,1,-1,-1,1,1,-1,0,0,0,0,0,0,-1,1,1,-1,1,-1,1,-1,1,-1,1,-1,-1,1,0,0,-1,1,1,-1,-1,1,-1,1,-1,1,-1,1,-1,1,-1,1,0,0,0,0,0,0,-1,1,1,-1,1,-1,-1,1,-1,1,-1,1,1,-1,-1,1,1,-1,0,0,-1,1,0,2,0,0,1,-1,1,-1,-1,1,-1,1,-1,1,-1,1,0,0,1,-1,0,0,-1,1,-1,1,1,-1,1,-1,-1,1,0,0,-1,1,-1,1,0,0,-1,1,-1,1,1,-1,0,0,-1,1,-1,1,1,-1,-1,1,-1,1,-1,1,1,-1,-1,1,-1,1,0,0,0,0,1,-1
AMZN,2021-02-02 16:30:08,AMC,0.05378537779591232,0.007415784497302509,0.0188541404595536,NQ,,,,,0,0,-1,1,-1,1,0,2,1,-1,-1,1,1,-1,1,-1,0,0,1,-1,-1,1,0,0,0,0,1,-1,1,-1,1,-1,1,-1,-1,1,0,0,-1,1,0,0,0,0,1,-1,-1,1,0,2,0,-1,0,-1,0,0,0,0,-1,1,1,-1,1,-1,0,0,1,-1,1,-1,1,-1,1,-1,-1,1,1,-1,1,-1,0,2,-1,1,1,-1,1,-1,1,-1,1,-1,0,0,0,0,1,-1,1,-1,1,-1,1,-1,1,-1,1,-1,1,-1,1,-1,-1,1,-1,1,0,0,1,-1,0,0,0,0,0,0,0,0,1,-1,0,0,0,0,0,0,0,2,1,-1,1,-1,1,-1,0,0,-1,1,1,-1,1,-1,1,-1,1,-1,1,-1,1,-1,-1,1,0,0,0,0,1,-1,0,0,1,-1,1,0,1,-1,1,-1,0,2,1,-1,1,-1,-1,1,1,-1,-1,1,0,0,0,0,0,0,0,0,1,-1,1,-1,1,-1,1,-1,1,-1,1,-1,1,-1,0,0,1,-1,0,0,-1,1,-1,1,1,-1,1,-1,1,-1,1,-1,0,0,0,0,0,0,1,-1,1,-1,-1,1,1,-1,1,-1,1,-1,-1,1,1,-1,1,-1,1,-1,-1,1,0,0,0,0,-1,1,1,-1,1,-1,-1,1,1,-1,1,-1,0,0,1,-1,0,0,0,0,1,-1,-1,1,1,-1,1,-1,0,0,-1,1,-1,1,0,0,1,-1,1,-1,-1,1,0,2,-1,1,1,-1,1,-1,0,0,-1,1,1,-1,1,-1,1,-1,-1,1,0,0,0,0,1,-1
MU,2021-03-31 16:00:40,AMC,0.09935229943254552,0.028659864725438494,0.023411869922382523,NQ,timed,859.0,115.0,92.5,0,0,1,-1,-1,1,0,2,0,0,-1,1,1,-1,-1,1,-1,1,-1,1,-1,1,0,0,0,2,-1,1,-1,1,1,-1,-1,1,-1,1,0,-1,-1,1,0,0,-1,1,1,-1,-1,1,0,0,0,1,0,1,0,0,-1,1,-1,1,-1,1,-1,1,0,0,-1,1,1,-1,-1,1,-1,1,-1,1,-1,1,1,-1,0,0,-1,1,-1,1,-1,1,-1,1,-1,1,0,0,-1,1,-1,1,-1,1,-1,1,-1,1,-1,1,-1,1,-1,1,-1,1,-1,1,-1,1,-1,1,-1,1,-1,1,0,0,0,0,0,0,-1,1,0,0,0,0,0,0,0,0,-1,1,-1,1,-1,1,1,-1,-1,1,-1,1,-1,1,-1,1,-1,1,-1,1,1,-1,-1,1,0,2,0,2,-1,1,0,0,-1,1,-1,0,-1,1,-1,1,0,2,-1,1,-1,1,-1,1,-1,1,-1,1,1,-1,0,0,0,0,0,0,-1,1,1,-1,1,-1,1,-1,1,-1,1,-1,-1,1,0,0,-1,1,-1,1,-1,1,-1,1,-1,1,-1,1,-1,1,-1,1,0,0,0,0,0,0,1,-1,-1,1,1,-1,-1,1,-1,1,-1,1,1,-1,-1,1,1,-1,0,0,-1,1,0,2,0,0,1,-1,1,-1,-1,1,-1,1,-1,1,-1,1,0,0,-1,1,0,0,-1,1,-1,1,1,-1,-1,1,-1,1,0,0,-1,1,-1,1,0,0,-1,1,-1,1,1,-1,0,0,1,-1,-1,1,1,-1,-1,1,-1,1,-1,1,1,-1,-1,1,-1,1,0,0,-1,1,1,-1
NFLX,2021-04-20 16:06:16,AMC,0.018177521676694598,0.11815603868246928,0.02289752371176755,NQ,stopped_post,223.0,-275.1050000000032,-297.6050000000032,0,2,-1,1,-1,1,0,2,0,0,-1,1,-1,1,-1,1,0,0,-1,1,-1,1,0,0,0,0,-1,1,0,0,-1,1,-1,1,-1,1,0,-1,1,-1,1,-1,-1,1,-1,1,-1,1,0,0,0,1,0,1,0,0,-1,1,-1,1,1,-1,1,-1,0,0,-1,1,-1,1,-1,1,-1,1,-1,1,1,-1,-1,1,0,0,-1,1,-1,1,-1,1,-1,1,-1,1,-1,1,-1,1,-1,1,-1,1,0,0,0,0,-1,1,-1,1,-1,1,1,-1,-1,1,-1,1,-1,1,-1,1,0,0,0,0,0,0,0,0,0,0,0,0,0,0,-1,1,0,0,-1,1,-1,1,-1,1,1,-1,-1,1,-1,1,-1,1,-1,1,-1,1,-1,1,-1,1,-1,1,0,2,0,0,-1,1,-1,1,-1,1,-1,0,-1,1,-1,1,0,0,-1,1,1,-1,-1,1,-1,1,-1,1,1,-1,0,0,0,0,0,0,1,-1,-1,1,-1,1,-1,1,-1,1,-1,1,-1,1,0,0,-1,1,-1,1,-1,1,-1,1,-1,1,0,0,-1,1,-1,1,0,0,0,0,0,0,-1,1,1,-1,1,-1,1,-1,-1,1,-1,1,1,-1,0,0,-1,1,0,0,1,-1,0,2,0,0,1,-1,1,-1,-1,1,-1,1,-1,1,-1,1,0,0,1,-1,0,0,-1,1,0,0,-1,1,-1,1,-1,1,0,0,-1,1,-1,1,0,0,-1,1,-1,1,1,-1,0,0,1,-1,-1,1,-1,1,0,0,1,-1,-1,1,1,-1,0,0,-1,1,0,0,-1,1,1,-1
INTC,2021-04-22 16:05:36,AMC,0.007278417671998108,0.11827213508497397,0.032950286255611846,NQ,stopped_pre,-219.0,-275.1250000000073,-297.6250000000073,0,0,1,-1,1,-1,0,2,-1,1,1,-1,-1,1,-1,1,0,0,-1,1,1,-1,0,0,0,2,-1,1,0,0,1,-1,1,-1,1,-1,0,0,1,-1,0,0,0,0,1,-1,1,-1,0,0,0,-1,0,0,0,0,1,-1,-1,1,-1,1,-1,1,0,0,-1,1,-1,1,1,-1,1,-1,1,-1,-1,1,1,-1,0,0,-1,1,1,-1,-1,1,-1,1,-1,1,0,0,1,-1,-1,1,-1,1,0,0,1,-1,-1,1,1,-1,1,-1,-1,1,1,-1,1,-1,0,0,1,-1,0,0,0,0,0,0,-1,1,-1,1,0,0,0,0,0,0,0,2,-1,1,0,0,-1,1,-1,1,1,-1,1,-1,1,-1,1,-1,1,-1,-1,1,-1,1,1,-1,0,0,0,0,-1,1,0,0,-1,1,1,0,-1,1,-1,1,0,0,1,-1,-1,1,1,-1,1,-1,1,-1,1,-1,0,0,0,0,0,0,1,-1,-1,1,-1,1,-1,1,-1,1,-1,1,-1,1,0,0,-1,1,0,0,-1,1,1,-1,-1,1,0,0,-1,1,1,-1,0,0,0,0,0,0,-1,1,1,-1,1,-1,-1,1,1,-1,1,-1,1,-1,1,-1,-1,1,0,0,-1,1,0,0,0,0,1,-1,-1,1,-1,1,1,-1,1,-1,1,-1,0,0,-1,1,0,0,0,0,1,-1,1,-1,-1,1,-1,1,0,0,1,-1,-1,1,0,0,-1,1,1,-1,1,-1,0,0,1,-1,-1,1,-1,1,1,-1,1,-1,-1,1,-1,1,0,0,1,-1,0,0,0,0,1,-1
TSLA,2021-04-26 16:53:31,AMC,0.007134194192765927,0.030319784551178012,0.011567785062075214,NQ,timed,388.0,195.0,172.5,0,0,1,-1,-1,1,0,2,0,0,1,-1,1,-1,1,-1,0,0,-1,1,1,-1,0,2,0,0,1,-1,0,0,-1,1,1,-1,1,-1,0,0,1,-1,0,0,0,0,1,-1,-1,1,0,2,0,-1,0,0,0,0,0,0,-1,1,1,-1,1,-1,0,0,1,-1,1,-1,1,-1,1,-1,-1,1,-1,1,1,-1,0,0,-1,1,1,-1,1,-1,1,-1,1,-1,0,0,1,-1,-1,1,1,-1,1,-1,0,0,-1,1,1,-1,1,-1,1,-1,-1,1,1,-1,0,0,1,-1,0,0,0,2,0,2,0,0,1,-1,0,0,0,2,1,-1,0,2,1,-1,0,0,-1,1,1,-1,1,-1,1,-1,1,-1,1,-1,1,-1,1,-1,1,-1,-1,1,0,0,0,0,1,-1,1,-1,1,-1,1,0,1,-1,1,-1,0,0,1,-1,1,-1,1,-1,1,-1,1,-1,1,-1,0,0,0,2,0,0,1,-1,1,-1,1,-1,1,-1,1,-1,1,-1,1,-1,0,0,-1,1,0,0,1,-1,1,-1,-1,1,1,-1,1,-1,1,-1,0,2,0,0,0,0,1,-1,1,-1,1,-1,1,-1,-1,1,-1,1,-1,1,0,0,1,-1,1,-1,1,-1,0,0,0,2,-1,1,1,-1,-1,1,1,-1,1,-1,1,-1,0,0,-1,1,0,0,1,-1,0,0,-1,1,1,-1,1,-1,0,2,1,-1,-1,1,0,2,-1,1,1,-1,-1,1,0,2,1,-1,-1,1,1,-1,0,0,-1,1,1,-1,1,-1,0,0,-1,1,0,2,1,-1,1,-1
GOOGL,2021-04-27 16:01:33,AMC,0.03223033949290932,0.10027396279119738,0.1471825063078217,NQ,stopped_pre,-101.0,-279.2199999999866,-301.7199999999866,0,0,-1,1,1,-1,0,2,1,-1,-1,1,-1,1,1,-1,1,-1,1,-1,-1,1,0,0,0,0,1,-1,0,0,-1,1,-1,1,-1,1,0,0,1,-1,-1,1,-1,1,1,-1,1,-1,0,0,0,1,0,0,0,2,-1,1,1,-1,-1,1,-1,1,0,0,-1,1,0,0,-1,1,0,0,-1,1,-1,1,-1,1,0,2,-1,1,-1,1,-1,1,-1,1,-1,1,0,0,-1,1,0,0,1,-1,0,0,1,-1,-1,1,-1,1,-1,1,1,-1,-1,1,-1,1,0,0,-1,1,-1,1,0,0,0,0,0,0,0,0,0,0,0,0,-1,1,0,2,1,-1,1,-1,1,-1,1,-1,-1,1,-1,1,-1,1,-1,1,-1,1,-1,1,-1,1,1,-1,0,0,0,2,-1,1,-1,1,-1,1,-1,0,-1,1,-1,1,0,0,-1,1,-1,1,-1,1,1,-1,-1,1,1,-1,0,0,0,0,0,0,-1,1,-1,1,-1,1,0,0,-1,1,-1,1,-1,1,0,0,-1,1,0,0,-1,1,-1,1,-1,1,0,0,1,-1,-1,1,0,0,0,0,0,0,-1,1,-1,1,-1,1,-1,1,-1,1,-1,1,1,-1,0,0,1,-1,0,0,-1,1,0,0,0,0,1,-1,1,-1,1,-1,-1,1,1,-1,-1,1,0,0,-1,1,0,0,-1,1,0,0,-1,1,-1,1,-1,1,0,0,-1,1,1,-1,0,0,1,-1,-1,1,1,-1,0,0,-1,1,-1,1,-1,1,0,0,-1,1,1,-1,1,-1,0,0,1,-1,0,0,-1,1,-1,1
MSFT,2021-04-27 16:04:57,AMC,0.10919571093568194,0.13962980201210126,0.08370087960824116,NQ,timed,602.0,90.0,67.5,0,0,-1,1,-1,1,0,2,0,0,-1,1,-1,1,-1,1,1,-1,1,-1,-1,1,0,0,0,0,-1,1,0,0,-1,1,-1,1,-1,1,0,0,0,0,0,0,-1,1,-1,1,-1,1,0,0,0,1,0,0,0,2,0,0,-1,1,-1,1,-1,1,0,0,-1,1,0,0,-1,1,-1,1,-1,1,-1,1,-1,1,0,2,-1,1,-1,1,-1,1,-1,1,-1,1,0,0,-1,1,0,0,-1,1,0,0,1,-1,-1,1,-1,1,-1,1,1,-1,-1,1,-1,1,0,0,-1,1,-1,1,0,0,0,0,0,0,0,0,0,0,0,0,-1,1,0,2,-1,1,1,-1,1,-1,1,-1,-1,1,-1,1,-1,1,-1,1,-1,1,-1,1,-1,1,1,-1,0,0,0,0,-1,1,-1,1,-1,1,-1,0,-1,1,-1,1,0,0,-1,1,-1,1,-1,1,1,-1,-1,1,1,-1,0,0,0,0,0,0,-1,1,-1,1,-1,1,0,0,-1,1,-1,1,-1,1,0,0,-1,1,0,0,-1,1,-1,1,-1,1,0,0,-1,1,-1,1,0,0,0,0,0,0,-1,1,-1,1,-1,1,-1,1,-1,1,-1,1,1,-1,0,0,-1,1,0,0,1,-1,0,0,0,0,1,-1,1,-1,1,-1,-1,1,1,-1,-1,1,0,0,1,-1,0,0,-1,1,0,0,-1,1,-1,1,-1,1,0,0,-1,1,1,-1,0,0,-1,1,-1,1,1,-1,0,0,-1,1,-1,1,-1,1,0,0,-1,1,-1,1,1,-1,0,0,-1,1,0,0,-1,1,-1,1
AMD,2021-04-27 16:12:09,AMC,0.034052620259516816,0.0,,NQ,timed,170.0,-145.0,-167.5,0,0,-1,1,-1,1,0,2,0,0,-1,1,-1,1,-1,1,0,0,1,-1,-1,1,0,0,0,0,-1,1,0,0,-1,1,-1,1,-1,1,0,0,-1,1,0,0,-1,1,-1,1,1,-1,0,0,0,-1,0,1,0,0,0,0,-1,1,-1,1,-1,1,0,0,-1,1,0,0,-1,1,-1,1,-1,1,-1,1,-1,1,0,2,-1,1,-1,1,-1,1,-1,1,-1,1,0,0,-1,1,0,0,-1,1,-1,1,0,0,-1,1,-1,1,-1,1,-1,1,-1,1,-1,1,0,0,-1,1,0,0,0,0,0,0,0,0,-1,1,0,0,0,0,-1,1,0,2,-1,1,-1,1,0,0,0,0,-1,1,-1,1,-1,1,-1,1,-1,1,-1,1,-1,1,-1,1,0,0,0,0,-1,1,-1,1,-1,1,-1,0,-1,1,-1,1,0,2,-1,1,-1,1,-1,1,1,-1,-1,1,-1,1,0,0,0,0,0,0,-1,1,-1,1,-1,1,0,0,-1,1,-1,1,-1,1,0,0,-1,1,-1,1,-1,1,-1,1,1,-1,0,0,-1,1,-1,1,0,0,0,0,0,0,-1,1,-1,1,-1,1,-1,1,-1,1,-1,1,1,-1,-1,1,1,-1,0,0,-1,1,0,0,0,0,-1,1,-1,1,-1,1,-1,1,1,-1,-1,1,0,0,-1,1,0,0,-1,1,-1,1,-1,1,-1,1,-1,1,0,0,-1,1,-1,1,0,0,1,-1,-1,1,-1,1,0,0,1,-1,-1,1,-1,1,-1,1,-1,1,-1,1,-1,1,-1,1,-1,1,0,0,-1,1,-1,1
META,2021-04-28 16:09:19,AMC,0.0035887957795761633,0.3265862761986793,0.03396409509946628,NQ,timed,340.0,545.0,522.5,0,0,1,-1,1,-1,0,2,-1,1,-1,1,-1,1,-1,1,0,0,-1,1,-1,1,0,0,0,2,-1,1,0,0,1,-1,1,-1,1,-1,0,0,0,0,0,0,0,0,1,-1,1,-1,0,0,0,-1,0,1,0,0,0,0,-1,1,-1,1,-1,1,0,0,-1,1,-1,1,1,-1,0,0,1,-1,-1,1,1,-1,0,0,-1,1,1,-1,-1,1,-1,1,-1,1,0,0,1,-1,0,0,-1,1,-1,1,-1,1,1,-1,1,-1,-1,1,-1,1,1,-1,1,-1,0,0,1,-1,1,-1,0,0,0,0,0,0,-1,1,0,0,0,0,0,0,0,0,-1,1,-1,1,-1,1,0,0,1,-1,-1,1,1,-1,1,-1,-1,1,1,-1,-1,1,1,-1,0,0,0,0,1,-1,0,0,-1,1,-1,0,1,-1,-1,1,0,0,-1,1,-1,1,1,-1,1,-1,1,-1,0,0,0,0,0,0,0,0,1,-1,-1,1,-1,1,-1,1,-1,1,-1,1,1,-1,0,0,1,-1,0,0,-1,1,1,-1,1,-1,-1,1,-1,1,1,-1,0,0,0,0,0,0,1,-1,-1,1,-1,1,-1,1,1,-1,-1,1,-1,1,0,0,-1,1,-1,1,-1,1,0,0,0,0,-1,1,1,-1,-1,1,1,-1,-1,1,1,-1,0,0,-1,1,0,0,1,-1,0,0,1,-1,-1,1,1,-1,0,0,1,-1,-1,1,0,2,-1,1,-1,1,-1,1,0,0,-1,1,-1,1,-1,1,0,0,1,-1,-1,1,1,-1,0,0,-1,1,0,0,0,0,-1,1
AAPL,2021-04-28 16:30:33,AMC,0.299605310369573,0.3157970286370487,0.20417715209062295,NQ,,,,,0,0,1,-1,1,-1,1,0,1,-1,1,-1,1,-1,1,-1,0,0,1,-1,1,-1,0,0,0,2,1,-1,0,0,-1,1,1,-1,1,-1,0,0,1,-1,0,0,0,0,-1,1,1,-1,0,0,0,-1,0,-1,0,0,1,-1,1,-1,1,-1,1,-1,0,0,1,-1,-1,1,1,-1,1,-1,1,-1,-1,1,1,-1,0,2,1,-1,1,-1,1,-1,1,-1,1,-1,1,-1,0,0,0,0,1,-1,1,-1,1,-1,1,-1,1,-1,1,-1,1,-1,1,-1,1,-1,0,0,1,-1,-1,1,0,0,0,0,0,0,1,-1,0,0,0,0,0,0,0,0,1,-1,1,-1,1,-1,0,0,1,-1,1,-1,1,-1,1,-1,1,-1,1,-1,1,-1,-1,1,0,2,0,0,1,-1,0,0,1,-1,1,0,1,-1,1,-1,0,0,1,-1,1,-1,1,-1,1,-1,1,-1,1,-1,0,0,0,0,0,0,1,-1,-1,1,-1,1,0,0,-1,1,-1,1,1,-1,0,0,1,-1,0,0,-1,1,1,-1,1,-1,0,0,1,-1,-1,1,0,0,0,0,0,0,1,-1,1,-1,1,-1,-1,1,1,-1,1,-1,-1,1,1,-1,1,-1,0,0,-1,1,0,0,0,0,1,-1,1,-1,-1,1,1,-1,1,-1,1,-1,0,0,1,-1,0,0,0,0,1,-1,1,-1,1,-1,1,-1,0,0,1,-1,1,-1,0,2,1,-1,1,-1,-1,1,0,0,1,-1,1,-1,1,-1,0,0,1,-1,1,-1,1,-1,1,-1,1,-1,0,0,0,0,1,-1
AMZN,2021-04-29 16:31:31,AMC,0.0,0.04660667550998458,0.020582060675914872,NQ,,,,,0,0,-1,1,1,-1,0,2,0,0,-1,1,-1,1,-1,1,0,0,-1,1,1,-1,0,0,0,2,-1,1,0,0,-1,1,-1,1,-1,1,0,0,1,-1,0,0,-1,1,-1,1,-1,1,0,2,0,1,0,1,0,0,0,0,1,-1,-1,1,-1,1,0,0,-1,1,-1,1,-1,1,-1,1,-1,1,-1,1,-1,1,0,0,-1,1,-1,1,-1,1,-1,1,-1,1,-1,1,-1,1,0,0,-1,1,-1,1,1,-1,-1,1,-1,1,-1,1,-1,1,-1,1,-1,1,-1,1,-1,1,-1,1,0,0,0,0,0,0,-1,1,0,0,0,0,-1,1,0,2,-1,1,-1,1,-1,1,0,0,-1,1,-1,1,-1,1,1,-1,-1,1,-1,1,-1,1,1,-1,0,0,0,2,-1,1,-1,1,-1,1,-1,0,-1,1,-1,1,0,0,-1,1,-1,1,-1,1,-1,1,-1,1,1,-1,0,0,0,0,0,0,-1,1,-1,1,-1,1,0,0,-1,1,-1,1,-1,1,0,0,-1,1,1,-1,1,-1,1,-1,-1,1,0,0,-1,1,-1,1,0,0,0,0,0,0,-1,1,-1,1,1,-1,-1,1,-1,1,-1,1,1,-1,0,0,-1,1,0,0,1,-1,0,0,0,0,1,-1,1,-1,-1,1,-1,1,-1,1,-1,1,1,-1,1,-1,1,-1,-1,1,0,0,1,-1,-1,1,-1,1,0,0,-1,1,1,-1,0,0,-1,1,-1,1,-1,1,0,0,1,-1,-1,1,-1,1,0,0,-1,1,-1,1,1,-1,-1,1,1,-1,0,0,-1,1,-1,1
MU,2021-06-30 16:00:41,AMC,0.08079210643930278,0.04813146766596761,0.026220051784602277,NQ,stopped_pre,-43.0,-291.17999999998574,-313.67999999998574,0,0,-1,1,1,-1,0,2,0,0,-1,1,1,-1,1,-1,0,0,-1,1,-1,1,0,0,0,2,-1,1,0,0,-1,1,-1,1,-1,1,0,0,0,0,0,0,0,0,-1,1,1,-1,0,0,0,-1,0,-1,0,0,0,0,1,-1,-1,1,1,-1,0,0,1,-1,0,0,-1,1,-1,1,-1,1,-1,1,-1,1,0,2,-1,1,-1,1,-1,1,1,-1,1,-1,0,0,-1,1,-1,1,-1,1,0,0,1,-1,-1,1,-1,1,-1,1,1,-1,-1,1,-1,1,0,0,-1,1,1,-1,0,0,0,0,0,0,0,0,0,0,0,0,-1,1,0,2,-1,1,1,-1,0,0,-1,1,-1,1,-1,1,-1,1,1,-1,-1,1,1,-1,1,-1,1,-1,0,0,0,2,-1,1,-1,1,-1,1,-1,0,-1,1,-1,1,0,2,-1,1,-1,1,-1,1,1,-1,-1,1,1,-1,0,0,0,0,0,0,-1,1,0,0,-1,1,0,0,1,-1,-1,1,-1,1,0,0,-1,1,1,-1,1,-1,-1,1,-1,1,0,0,-1,1,-1,1,0,0,0,0,0,0,-1,1,-1,1,-1,1,-1,1,1,-1,-1,1,1,-1,0,0,-1,1,1,-1,1,-1,0,0,0,0,-1,1,1,-1,-1,1,-1,1,-1,1,-1,1,0,0,-1,1,0,0,-1,1,0,0,-1,1,-1,1,-1,1,0,0,-1,1,1,-1,0,0,1,-1,1,-1,1,-1,0,0,-1,1,-1,1,1,-1,0,0,-1,1,1,-1,1,-1,0,0,-1,1,0,0,0,0,-1,1
NFLX,2021-07-20 16:04:07,AMC,0.02380911889253584,0.16325420039453098,0.021713169037020953,NQ,stopped_pre,-225.0,-294.51499999999214,-317.01499999999214,0,2,-1,1,-1,1,0,2,-1,1,-1,1,1,-1,-1,1,-1,1,-1,1,-1,1,0,0,0,0,-1,1,-1,1,-1,1,-1,1,-1,1,0,-1,1,-1,1,-1,-1,1,-1,1,-1,1,0,0,0,1,0,1,0,0,-1,1,-1,1,1,-1,1,-1,0,0,-1,1,1,-1,-1,1,-1,1,-1,1,1,-1,-1,1,0,0,-1,1,-1,1,-1,1,-1,1,-1,1,-1,1,-1,1,-1,1,-1,1,-1,1,-1,1,-1,1,-1,1,-1,1,-1,1,-1,1,-1,1,-1,1,-1,1,-1,1,0,0,0,0,-1,1,-1,1,0,0,0,0,-1,1,0,0,-1,1,-1,1,-1,1,1,-1,-1,1,-1,1,-1,1,1,-1,-1,1,-1,1,-1,1,1,-1,0,2,0,0,-1,1,-1,1,-1,1,-1,0,-1,1,-1,1,0,2,-1,1,-1,1,-1,1,-1,1,-1,1,1,-1,0,2,0,0,0,0,-1,1,1,-1,1,-1,1,-1,1,-1,1,-1,-1,1,0,0,-1,1,1,-1,1,-1,-1,1,-1,1,0,0,1,-1,-1,1,0,0,0,0,0,0,-1,1,1,-1,1,-1,1,-1,-1,1,1,-1,1,-1,-1,1,-1,1,0,0,1,-1,0,2,0,0,1,-1,1,-1,-1,1,-1,1,-1,1,-1,1,0,0,1,-1,0,0,-1,1,-1,1,-1,1,-1,1,-1,1,0,0,-1,1,-1,1,0,0,-1,1,-1,1,1,-1,0,0,1,-1,-1,1,1,-1,-1,1,1,-1,1,-1,1,-1,-1,1,-1,1,0,0,-1,1,1,-1
INTC,2021-07-22 16:05:35,AMC,0.0,0.03178533190578159,0.03259204438492422,NQ,timed,900.0,210.0,187.5,0,0,1,-1,1,-1,0,2,1,-1,1,-1,1,-1,1,-1,1,-1,1,-1,1,-1,0,0,0,0,1,-1,0,0,1,-1,1,-1,1,-1,0,0,1,-1,0,0,1,-1,1,-1,1,-1,0,0,0,-1,0,-1,0,0,1,-1,1,-1,1,-1,1,-1,0,0,1,-1,1,-1,1,-1,1,-1,1,-1,1,-1,1,-1,0,0,1,-1,1,-1,1,-1,1,-1,1,-1,1,-1,1,-1,1,-1,1,-1,1,-1,1,-1,1,-1,1,-1,1,-1,1,-1,1,-1,1,-1,0,0,1,-1,1,-1,0,0,0,0,0,0,1,-1,0,0,0,0,1,-1,0,2,1,-1,1,-1,1,-1,1,-1,1,-1,1,-1,1,-1,-1,1,1,-1,1,-1,1,-1,-1,1,0,0,0,0,1,-1,1,-1,1,-1,1,0,1,-1,1,-1,0,0,1,-1,1,-1,1,-1,1,-1,1,-1,1,-1,0,0,0,0,0,0,1,-1,1,-1,1,-1,1,-1,1,-1,1,-1,1,-1,0,0,1,-1,1,-1,1,-1,1,-1,1,-1,1,-1,-1,1,1,-1,0,0,0,0,0,0,1,-1,1,-1,1,-1,-1,1,1,-1,-1,1,-1,1,0,0,1,-1,1,-1,-1,1,0,0,0,0,-1,1,-1,1,-1,1,1,-1,1,-1,1,-1,0,0,-1,1,0,0,1,-1,0,0,1,-1,1,-1,1,-1,0,0,1,-1,1,-1,0,2,1,-1,1,-1,1,-1,0,0,-1,1,1,-1,1,-1,1,-1,-1,1,1,-1,-1,1,1,-1,1,-1,0,0,1,-1,1,-1
TSLA,2021-07-26 16:25:13,AMC,0.0,0.008266922390132601,0.011527909067853273,NQ,timed,899.0,-15.0,-37.5,0,0,-1,1,1,-1,0,2,1,-1,1,-1,1,-1,1,-1,0,0,1,-1,-1,1,0,0,0,0,1,-1,0,0,-1,1,-1,1,0,0,0,0,-1,1,0,0,0,0,-1,1,1,-1,0,2,0,1,0,0,0,2,0,0,1,-1,-1,1,1,-1,0,0,-1,1,1,-1,-1,1,0,0,1,-1,-1,1,-1,1,0,2,1,-1,-1,1,-1,1,-1,1,1,-1,-1,1,1,-1,1,-1,1,-1,1,-1,0,0,1,-1,-1,1,1,-1,1,-1,1,-1,1,-1,0,0,-1,1,0,0,0,0,0,0,0,0,1,-1,0,0,0,0,0,0,0,0,1,-1,1,-1,1,-1,0,0,1,-1,1,-1,1,-1,-1,1,1,-1,-1,1,-1,1,1,-1,0,0,0,2,-1,1,0,0,1,-1,-1,0,-1,1,1,-1,0,0,1,-1,-1,1,-1,1,1,-1,1,-1,-1,1,0,0,0,0,0,0,-1,1,1,-1,1,-1,1,-1,1,-1,1,-1,-1,1,0,0,-1,1,-1,1,-1,1,1,-1,-1,1,1,-1,1,-1,-1,1,0,0,0,0,0,0,-1,1,1,-1,-1,1,-1,1,-1,1,-1,1,1,-1,0,0,-1,1,1,-1,-1,1,0,0,0,2,1,-1,-1,1,-1,1,-1,1,1,-1,-1,1,0,0,1,-1,0,0,0,0,0,0,1,-1,1,-1,-1,1,0,0,-1,1,1,-1,0,0,1,-1,1,-1,-1,1,0,2,-1,1,-1,1,1,-1,0,0,1,-1,1,-1,-1,1,0,0,1,-1,0,0,-1,1,-1,1
AAPL,2021-07-27 16:35:44,AMC,0.04187253998827569,0.26128902586091385,0.21287919105907396,NQ,stopped_post,326.0,-300.0,-322.5,0,0,-1,1,1,-1,0,2,1,-1,1,-1,-1,1,1,-1,1,-1,1,-1,1,-1,0,0,0,2,1,-1,0,0,-1,1,1,-1,1,-1,0,0,0,0,1,-1,0,0,1,-1,1,-1,0,2,0,-1,0,-1,0,2,0,0,1,-1,1,-1,1,-1,0,0,1,-1,-1,1,1,-1,1,-1,1,-1,1,-1,1,-1,0,0,1,-1,1,-1,1,-1,1,-1,1,-1,0,0,0,0,-1,1,1,-1,1,-1,1,-1,1,-1,1,-1,1,-1,1,-1,-1,1,1,-1,0,0,1,-1,0,0,0,0,0,0,0,0,1,-1,0,0,0,0,0,0,0,0,1,-1,-1,1,1,-1,0,0,1,-1,1,-1,1,-1,1,-1,1,-1,-1,1,1,-1,-1,1,0,0,0,0,1,-1,0,0,1,-1,1,0,1,-1,1,-1,0,0,1,-1,1,-1,1,-1,-1,1,1,-1,0,0,0,0,0,0,0,0,1,-1,-1,1,-1,1,-1,1,-1,1,-1,1,1,-1,0,0,1,-1,0,0,1,-1,1,-1,1,-1,1,-1,1,-1,1,-1,0,0,0,0,0,0,1,-1,1,-1,1,-1,1,-1,-1,1,-1,1,-1,1,1,-1,-1,1,1,-1,-1,1,0,0,0,0,-1,1,1,-1,1,-1,1,-1,1,-1,1,-1,0,0,1,-1,0,0,0,0,1,-1,-1,1,1,-1,1,-1,0,0,1,-1,1,-1,0,2,1,-1,1,-1,-1,1,0,2,-1,1,1,-1,-1,1,0,0,1,-1,1,-1,1,-1,1,-1,1,-1,0,0,0,0,1,-1
GOOGL,2021-07-27 16:36:42,AMC,0.01507891297791777,0.20945040214477212,0.12010201574437429,NQ,stopped_post,472.0,-298.125,-320.625,0,0,1,-1,1,-1,1,0,1,-1,-1,1,-1,1,1,-1,1,-1,1,-1,-1,1,0,0,0,2,1,-1,0,0,-1,1,1,-1,-1,1,0,0,0,0,0,0,0,0,1,-1,1,-1,0,0,0,-1,0,-1,0,0,0,0,1,-1,-1,1,1,-1,0,0,1,-1,-1,1,1,-1,0,0,-1,1,1,-1,-1,1,0,0,1,-1,1,-1,1,-1,1,-1,1,-1,0,0,0,0,-1,1,1,-1,1,-1,0,0,1,-1,-1,1,1,-1,1,-1,1,-1,-1,1,0,0,1,-1,0,0,0,0,0,0,0,0,1,-1,0,0,0,0,0,0,0,0,1,-1,-1,1,1,-1,-1,1,-1,1,1,-1,1,-1,1,-1,1,-1,1,-1,1,-1,-1,1,0,0,0,0,1,-1,0,0,1,-1,1,0,1,-1,1,-1,0,0,1,-1,1,-1,1,-1,-1,1,-1,1,1,-1,0,0,0,0,0,0,1,-1,-1,1,-1,1,-1,1,-1,1,-1,1,1,-1,0,0,-1,1,0,0,1,-1,1,-1,1,-1,1,-1,1,-1,1,-1,0,0,0,0,0,0,1,-1,1,-1,-1,1,-1,1,-1,1,-1,1,-1,1,1,-1,-1,1,1,-1,1,-1,0,0,0,0,-1,1,-1,1,1,-1,-1,1,1,-1,-1,1,0,0,1,-1,0,0,0,0,1,-1,-1,1,1,-1,1,-1,0,0,-1,1,1,-1,0,2,-1,1,1,-1,1,-1,0,0,-1,1,1,-1,-1,1,0,0,1,-1,1,-1,-1,1,1,-1,1,-1,0,0,0,0,1,-1
AMD,2021-07-27 16:39:42,AMC,0.018441523605150216,0.1944612083417153,0.012168168680715963,NQ,stopped_pre,-246.0,-298.6249999999927,-321.1249999999927,0,0,1,-1,-1,1,1,0,1,-1,1,-1,-1,1,1,-1,1,-1,1,-1,1,-1,0,0,0,2,1,-1,0,0,-1,1,1,-1,1,-1,0,0,-1,1,1,-1,0,0,-1,1,-1,1,0,0,0,-1,0,-1,0,0,0,0,1,-1,1,-1,1,-1,0,0,1,-1,-1,1,-1,1,1,-1,-1,1,1,-1,-1,1,0,0,1,-1,1,-1,-1,1,1,-1,1,-1,0,0,1,-1,1,-1,1,-1,1,-1,0,0,1,-1,-1,1,1,-1,1,-1,-1,1,-1,1,0,0,1,-1,0,0,0,0,0,0,0,0,1,-1,0,0,0,2,1,-1,0,0,1,-1,-1,1,1,-1,-1,1,1,-1,1,-1,1,-1,-1,1,1,-1,-1,1,1,-1,-1,1,0,0,0,2,-1,1,1,-1,1,-1,1,0,-1,1,1,-1,0,0,1,-1,1,-1,-1,1,-1,1,-1,1,-1,1,0,0,0,0,0,0,1,-1,-1,1,-1,1,-1,1,-1,1,-1,1,-1,1,0,0,-1,1,1,-1,1,-1,-1,1,1,-1,1,-1,1,-1,1,-1,0,0,0,0,0,0,-1,1,1,-1,1,-1,1,-1,-1,1,-1,1,1,-1,1,-1,-1,1,1,-1,-1,1,0,0,0,2,1,-1,-1,1,-1,1,1,-1,1,-1,-1,1,0,0,-1,1,0,0,1,-1,1,-1,-1,1,1,-1,1,-1,0,2,-1,1,1,-1,0,2,-1,1,1,-1,1,-1,0,0,-1,1,1,-1,-1,1,0,0,-1,1,1,-1,-1,1,1,-1,1,-1,0,0,1,-1,1,-1
MSFT,2021-07-27 16:41:19,AMC,0.006710283509478275,0.12245651116367234,0.08726003490401396,NQ,stopped_pre,-35.0,-298.39499999998225,-320.89499999998225,0,0,-1,1,-1,1,1,0,1,-1,-1,1,-1,1,1,-1,1,-1,1,-1,-1,1,0,0,0,2,1,-1,0,0,-1,1,-1,1,-1,1,0,0,0,0,0,0,0,0,-1,1,-1,1,0,0,0,-1,0,0,0,0,0,0,-1,1,-1,1,-1,1,0,0,1,-1,-1,1,1,-1,0,0,-1,1,1,-1,-1,1,0,0,1,-1,-1,1,-1,1,-1,1,1,-1,0,0,-1,1,-1,1,1,-1,0,0,0,0,-1,1,-1,1,1,-1,1,-1,-1,1,-1,1,0,0,-1,1,0,0,0,0,0,0,0,0,1,-1,0,0,0,2,-1,1,0,0,1,-1,1,-1,1,-1,0,0,-1,1,-1,1,1,-1,-1,1,-1,1,-1,1,-1,1,-1,1,0,0,0,2,-1,1,0,0,1,-1,-1,0,-1,1,1,-1,0,0,-1,1,1,-1,-1,1,-1,1,-1,1,-1,1,0,0,0,0,0,0,-1,1,-1,1,-1,1,-1,1,-1,1,-1,1,-1,1,0,0,-1,1,-1,1,1,-1,-1,1,1,-1,1,-1,1,-1,-1,1,0,0,0,0,0,0,-1,1,1,-1,-1,1,-1,1,1,-1,-1,1,1,-1,0,0,-1,1,1,-1,-1,1,0,0,0,2,-1,1,-1,1,-1,1,-1,1,1,-1,-1,1,0,0,-1,1,0,0,0,0,0,0,-1,1,1,-1,1,-1,0,2,-1,1,1,-1,0,2,-1,1,1,-1,-1,1,0,0,1,-1,1,-1,-1,1,0,0,-1,1,1,-1,-1,1,0,0,1,-1,0,0,-1,1,-1,1
META,2021-07-28 16:08:06,AMC,0.006673228674863616,0.04170559188576004,0.03291237890062524,NQ,stopped_pre,-172.0,-300.1599999999962,-322.6599999999962,0,0,-1,1,-1,1,0,2,-1,1,1,-1,1,-1,-1,1,0,0,-1,1,1,-1,0,0,0,2,-1,1,-1,1,-1,1,-1,1,-1,1,0,0,1,-1,0,0,-1,1,-1,1,-1,1,0,0,0,-1,0,1,0,0,1,-1,-1,1,-1,1,-1,1,0,0,-1,1,1,-1,-1,1,-1,1,-1,1,-1,1,-1,1,0,0,1,-1,-1,1,-1,1,-1,1,-1,1,0,0,0,0,-1,1,-1,1,-1,1,-1,1,-1,1,-1,1,-1,1,-1,1,-1,1,-1,1,0,0,-1,1,-1,1,0,0,0,0,0,0,-1,1,0,0,0,0,0,0,0,0,-1,1,-1,1,-1,1,-1,1,1,-1,-1,1,-1,1,1,-1,-1,1,-1,1,-1,1,1,-1,0,0,0,0,-1,1,0,0,-1,1,-1,0,-1,1,-1,1,0,0,-1,1,-1,1,-1,1,1,-1,-1,1,0,0,0,0,0,0,0,0,-1,1,0,0,1,-1,0,0,1,-1,1,-1,-1,1,0,0,-1,1,-1,1,-1,1,-1,1,-1,1,0,0,1,-1,-1,1,0,0,0,0,0,0,-1,1,-1,1,1,-1,-1,1,-1,1,-1,1,1,-1,-1,1,-1,1,0,0,1,-1,0,0,0,0,-1,1,-1,1,-1,1,-1,1,-1,1,-1,1,0,0,-1,1,0,0,0,0,-1,1,1,-1,-1,1,-1,1,0,0,-1,1,-1,1,0,0,-1,1,-1,1,1,-1,0,0,1,-1,-1,1,1,-1,-1,1,-1,1,1,-1,-1,1,-1,1,-1,1,0,0,0,0,-1,1
AMZN,2021-07-29 16:34:52,AMC,0.01841558963369718,0.07700806910637158,0.0188541404595536,NQ,stopped_pre,-252.0,-299.30499999998574,-321.80499999998574,0,0,-1,1,-1,1,-1,0,-1,1,-1,1,-1,1,-1,1,-1,1,-1,1,-1,1,0,0,0,0,-1,1,-1,1,-1,1,-1,1,-1,1,0,-1,1,-1,1,-1,-1,1,-1,1,-1,1,0,2,0,1,0,1,0,0,-1,1,-1,1,-1,1,1,-1,0,0,-1,1,-1,1,1,-1,-1,1,-1,1,1,-1,-1,1,0,2,-1,1,-1,1,1,-1,-1,1,-1,1,-1,1,-1,1,-1,1,-1,1,-1,1,-1,1,-1,1,-1,1,-1,1,-1,1,-1,1,-1,1,-1,1,-1,1,-1,1,0,0,0,2,0,0,-1,1,0,0,0,2,0,0,0,2,-1,1,-1,1,-1,1,1,-1,-1,1,-1,1,-1,1,1,-1,-1,1,1,-1,1,-1,1,-1,0,0,0,0,-1,1,0,0,-1,1,-1,0,1,-1,-1,1,0,0,-1,1,-1,1,-1,1,1,-1,-1,1,1,-1,0,0,0,2,0,0,-1,1,0,0,1,-1,0,0,-1,1,-1,1,1,-1,0,0,-1,1,1,-1,-1,1,-1,1,-1,1,-1,1,1,-1,-1,1,0,2,0,0,0,0,1,-1,1,-1,-1,1,-1,1,-1,1,-1,1,-1,1,-1,1,1,-1,-1,1,1,-1,0,0,0,2,1,-1,1,-1,-1,1,-1,1,-1,1,-1,1,0,0,1,-1,0,0,0,0,-1,1,1,-1,1,-1,-1,1,0,0,-1,1,-1,1,0,2,-1,1,-1,1,-1,1,0,2,-1,1,-1,1,-1,1,-1,1,1,-1,-1,1,1,-1,-1,1,-1,1,0,2,0,0,1,-1
NVDA,2021-08-18 16:21:07,AMC,0.060662229336928136,0.156708118491558,,NQ,stopped_post,12.0,-296.8999999999869,-319.3999999999869,0,0,1,-1,1,-1,-1,0,-1,1,-1,1,-1,1,-1,1,-1,1,-1,1,-1,1,0,0,0,2,-1,1,0,0,-1,1,-1,1,-1,1,0,0,0,0,0,0,0,0,-1,1,-1,1,0,0,0,1,0,1,0,2,0,0,-1,1,-1,1,-1,1,0,0,-1,1,-1,1,1,-1,0,0,-1,1,-1,1,1,-1,0,0,-1,1,-1,1,1,-1,-1,1,-1,1,0,0,-1,1,1,-1,-1,1,-1,1,-1,1,-1,1,1,-1,-1,1,-1,1,1,-1,-1,1,0,0,-1,1,0,0,0,0,0,0,0,0,-1,1,0,0,0,2,0,0,0,0,-1,1,-1,1,-1,1,1,-1,-1,1,-1,1,-1,1,-1,1,-1,1,1,-1,1,-1,1,-1,0,0,0,0,-1,1,1,-1,-1,1,-1,0,1,-1,-1,1,0,0,-1,1,-1,1,-1,1,-1,1,-1,1,-1,1,0,0,0,0,0,0,-1,1,-1,1,-1,1,-1,1,-1,1,-1,1,1,-1,0,0,-1,1,-1,1,-1,1,-1,1,1,-1,-1,1,1,-1,-1,1,0,0,0,0,0,0,1,-1,-1,1,-1,1,-1,1,1,-1,1,-1,-1,1,-1,1,-1,1,-1,1,-1,1,0,0,0,2,1,-1,-1,1,-1,1,-1,1,-1,1,1,-1,0,0,-1,1,0,0,1,-1,-1,1,1,-1,1,-1,1,-1,0,0,-1,1,-1,1,0,2,-1,1,-1,1,-1,1,0,0,1,-1,-1,1,-1,1,-1,1,1,-1,-1,1,-1,1,-1,1,-1,1,0,0,1,-1,-1,1
AVGO,2021-09-02 16:18:04,AMC,0.0016028980396556973,0.0,0.011413825152472433,NQ,timed,892.0,200.0,177.5,0,0,-1,1,-1,1,0,2,0,0,-1,1,-1,1,-1,1,0,0,1,-1,-1,1,0,0,0,2,-1,1,0,0,-1,1,-1,1,-1,1,0,0,1,-1,0,0,-1,1,-1,1,-1,1,0,2,0,1,0,1,0,0,-1,1,1,-1,1,-1,1,-1,0,0,-1,1,-1,1,-1,1,-1,1,-1,1,1,-1,-1,1,0,0,-1,1,-1,1,-1,1,-1,1,-1,1,-1,1,-1,1,-1,1,-1,1,0,0,1,-1,-1,1,-1,1,-1,1,1,-1,-1,1,-1,1,-1,1,-1,1,-1,1,0,0,0,0,0,0,0,0,0,0,0,0,-1,1,0,0,-1,1,-1,1,-1,1,0,0,-1,1,-1,1,-1,1,1,-1,-1,1,-1,1,-1,1,1,-1,0,0,0,0,-1,1,-1,1,-1,1,-1,0,-1,1,-1,1,0,0,-1,1,1,-1,-1,1,1,-1,-1,1,1,-1,0,0,0,0,0,0,-1,1,0,0,-1,1,-1,1,-1,1,-1,1,-1,1,0,0,-1,1,1,-1,-1,1,-1,1,-1,1,0,0,-1,1,-1,1,0,0,0,0,0,0,-1,1,-1,1,1,-1,1,-1,-1,1,1,-1,1,-1,0,0,-1,1,0,0,1,-1,0,2,0,0,1,-1,1,-1,1,-1,-1,1,-1,1,-1,1,0,0,1,-1,0,0,-1,1,0,0,-1,1,-1,1,-1,1,0,0,-1,1,1,-1,0,0,-1,1,-1,1,-1,1,0,2,1,-1,-1,1,-1,1,0,0,-1,1,-1,1,1,-1,0,0,-1,1,0,0,-1,1,-1,1
MU,2021-09-28 16:01:35,AMC,0.11838722770937628,0.24183592362720063,0.028156293164162113,NQ,stopped_post,515.0,-295.32999999999447,-317.82999999999447,0,0,1,-1,-1,1,-1,0,-1,1,-1,1,-1,1,-1,1,0,0,-1,1,-1,1,0,0,0,0,-1,1,-1,1,-1,1,-1,1,-1,1,0,0,0,0,0,0,0,0,-1,1,-1,1,0,0,0,1,0,1,0,0,-1,1,-1,1,-1,1,-1,1,0,0,-1,1,-1,1,-1,1,-1,1,-1,1,-1,1,-1,1,0,2,-1,1,-1,1,-1,1,-1,1,-1,1,-1,1,-1,1,-1,1,-1,1,-1,1,-1,1,-1,1,-1,1,-1,1,-1,1,1,-1,-1,1,0,0,-1,1,1,-1,0,0,0,0,0,0,-1,1,0,0,0,0,-1,1,0,0,-1,1,-1,1,-1,1,1,-1,-1,1,-1,1,-1,1,-1,1,-1,1,-1,1,-1,1,1,-1,0,0,0,0,-1,1,-1,1,-1,1,-1,0,-1,1,-1,1,0,0,-1,1,-1,1,-1,1,-1,1,-1,1,1,-1,0,0,0,0,0,0,-1,1,-1,1,-1,1,-1,1,-1,1,-1,1,-1,1,0,0,1,-1,-1,1,-1,1,-1,1,-1,1,-1,1,1,-1,-1,1,0,0,0,0,0,0,-1,1,-1,1,1,-1,1,-1,-1,1,-1,1,1,-1,-1,1,-1,1,0,0,1,-1,0,0,0,0,1,-1,1,-1,-1,1,-1,1,-1,1,-1,1,0,0,1,-1,0,0,-1,1,-1,1,1,-1,-1,1,-1,1,0,0,-1,1,-1,1,0,0,-1,1,-1,1,1,-1,0,0,-1,1,-1,1,-1,1,-1,1,-1,1,-1,1,1,-1,-1,1,-1,1,0,0,-1,1,-1,1
NFLX,2021-10-19 16:02:05,AMC,0.027570101036311443,0.0356795329224781,0.022761143964778397,NQ,timed,900.0,560.0,537.5,0,0,1,-1,1,-1,0,2,0,0,-1,1,1,-1,1,-1,0,0,1,-1,-1,1,0,0,0,0,1,-1,0,0,1,-1,-1,1,-1,1,0,0,1,-1,0,0,0,0,1,-1,1,-1,0,0,0,-1,0,0,0,0,-1,1,1,-1,1,-1,1,-1,0,0,1,-1,1,-1,1,-1,0,0,1,-1,-1,1,1,-1,0,0,-1,1,1,-1,1,-1,1,-1,1,-1,0,0,0,0,0,0,1,-1,1,-1,-1,1,1,-1,1,-1,1,-1,1,-1,1,-1,-1,1,0,0,1,-1,1,-1,0,0,0,0,1,-1,1,-1,0,0,0,0,0,0,0,0,-1,1,0,0,0,0,0,0,-1,1,1,-1,-1,1,1,-1,1,-1,1,-1,1,-1,-1,1,0,0,0,0,1,-1,0,0,1,-1,1,0,1,-1,1,-1,0,0,1,-1,1,-1,1,-1,1,-1,1,-1,1,-1,0,0,0,0,0,0,1,-1,1,-1,1,-1,1,-1,1,-1,1,-1,1,-1,0,0,1,-1,1,-1,1,-1,-1,1,1,-1,1,-1,1,-1,1,-1,0,0,0,0,0,0,1,-1,1,-1,-1,1,1,-1,1,-1,1,-1,-1,1,0,0,1,-1,0,0,-1,1,0,0,0,2,-1,1,1,-1,1,-1,-1,1,1,-1,1,-1,0,0,-1,1,0,0,0,0,0,0,-1,1,1,-1,1,-1,0,2,1,-1,1,-1,0,2,1,-1,-1,1,1,-1,0,0,1,-1,1,-1,1,-1,0,0,1,-1,1,-1,1,-1,0,0,1,-1,0,0,0,0,1,-1
INTC,2021-10-21 16:09:46,AMC,0.029080569332924053,0.5153723120668207,0.0322338025142366,NQ,stopped_post,72.0,-309.30499999998574,-331.80499999998574,0,0,-1,1,-1,1,1,0,1,-1,-1,1,1,-1,1,-1,0,0,1,-1,-1,1,0,0,0,0,1,-1,0,0,1,-1,-1,1,-1,1,0,0,1,-1,0,0,0,0,1,-1,-1,1,0,0,0,-1,0,0,0,0,-1,1,1,-1,1,-1,1,-1,0,0,1,-1,1,-1,-1,1,0,0,1,-1,-1,1,-1,1,0,0,1,-1,-1,1,1,-1,-1,1,1,-1,0,0,-1,1,0,0,1,-1,0,0,1,-1,1,-1,-1,1,-1,1,1,-1,-1,1,-1,1,1,-1,-1,1,-1,1,0,0,0,0,0,0,1,-1,0,0,0,0,0,0,0,2,1,-1,1,-1,1,-1,-1,1,-1,1,-1,1,-1,1,-1,1,-1,1,-1,1,1,-1,1,-1,0,0,0,0,1,-1,0,0,1,-1,1,0,1,-1,1,-1,0,0,-1,1,1,-1,1,-1,1,-1,1,-1,0,0,0,0,0,0,0,0,-1,1,1,-1,1,-1,1,-1,1,-1,1,-1,1,-1,0,0,-1,1,1,-1,1,-1,-1,1,-1,1,1,-1,1,-1,1,-1,0,0,0,0,0,0,1,-1,1,-1,1,-1,1,-1,-1,1,-1,1,-1,1,1,-1,1,-1,1,-1,1,-1,0,0,0,0,1,-1,-1,1,1,-1,-1,1,1,-1,-1,1,0,0,1,-1,0,0,0,0,1,-1,-1,1,1,-1,1,-1,0,0,1,-1,1,-1,0,0,-1,1,1,-1,-1,1,0,0,1,-1,1,-1,1,-1,0,0,-1,1,1,-1,-1,1,0,0,1,-1,0,0,0,0,1,-1
META,2021-10-25 16:08:12,AMC,0.0386946988262608,0.09029054206571861,0.0318606627017842,NQ,stopped_pre,-186.0,-309.8150000000169,-332.3150000000169,0,0,1,-1,1,-1,0,2,-1,1,-1,1,1,-1,-1,1,-1,1,-1,1,-1,1,0,0,0,0,-1,1,0,0,1,-1,-1,1,-1,1,0,0,0,0,1,-1,0,0,1,-1,1,-1,0,0,0,-1,0,0,0,0,0,0,1,-1,-1,1,-1,1,0,0,-1,1,1,-1,1,-1,-1,1,-1,1,-1,1,1,-1,0,0,-1,1,-1,1,-1,1,-1,1,-1,1,0,0,-1,1,-1,1,-1,1,-1,1,-1,1,-1,1,1,-1,-1,1,-1,1,1,-1,1,-1,0,0,-1,1,-1,1,0,0,0,0,0,0,-1,1,0,0,0,0,-1,1,0,0,-1,1,-1,1,-1,1,1,-1,-1,1,-1,1,-1,1,1,-1,-1,1,1,-1,-1,1,1,-1,0,0,0,0,-1,1,0,0,-1,1,-1,0,1,-1,-1,1,0,0,-1,1,1,-1,-1,1,1,-1,-1,1,0,0,0,0,0,0,0,0,-1,1,1,-1,1,-1,1,-1,1,-1,1,-1,1,-1,0,0,1,-1,-1,1,1,-1,1,-1,1,-1,-1,1,-1,1,-1,1,0,0,0,0,0,0,1,-1,-1,1,1,-1,-1,1,1,-1,-1,1,-1,1,-1,1,-1,1,-1,1,1,-1,0,0,0,0,1,-1,-1,1,-1,1,-1,1,-1,1,-1,1,0,0,-1,1,0,0,0,0,-1,1,1,-1,-1,1,1,-1,0,0,-1,1,1,-1,0,0,1,-1,-1,1,1,-1,0,0,-1,1,-1,1,1,-1,-1,1,-1,1,-1,1,-1,1,-1,1,1,-1,0,0,0,0,-1,1
GOOGL,2021-10-26 16:01:30,AMC,0.014469453376205789,0.03376205787781351,0.09302152518092688,NQ,stopped_post,32.0,-311.05500000001484,-333.55500000001484,0,0,-1,1,-1,1,0,2,0,0,-1,1,-1,1,-1,1,0,0,-1,1,-1,1,0,0,0,2,-1,1,0,0,-1,1,-1,1,-1,1,0,0,-1,1,0,0,0,0,-1,1,-1,1,0,0,0,1,0,1,0,0,0,0,-1,1,-1,1,-1,1,0,0,-1,1,1,-1,-1,1,-1,1,-1,1,-1,1,-1,1,0,2,-1,1,-1,1,-1,1,-1,1,-1,1,-1,1,0,0,1,-1,-1,1,-1,1,-1,1,-1,1,-1,1,-1,1,-1,1,-1,1,-1,1,0,0,-1,1,-1,1,0,0,0,0,0,0,-1,1,0,0,0,0,-1,1,0,2,1,-1,-1,1,0,0,1,-1,-1,1,-1,1,-1,1,-1,1,-1,1,-1,1,-1,1,1,-1,0,0,0,0,-1,1,-1,1,-1,1,-1,0,-1,1,-1,1,0,0,-1,1,1,-1,-1,1,-1,1,-1,1,0,0,0,0,0,0,0,0,-1,1,0,0,1,-1,0,0,1,-1,1,-1,-1,1,0,0,-1,1,-1,1,1,-1,-1,1,-1,1,0,0,1,-1,-1,1,0,0,0,0,0,0,-1,1,-1,1,-1,1,-1,1,1,-1,-1,1,1,-1,0,0,-1,1,0,0,1,-1,0,0,0,0,-1,1,1,-1,1,-1,-1,1,-1,1,-1,1,0,0,1,-1,0,0,-1,1,0,0,-1,1,-1,1,-1,1,0,0,-1,1,-1,1,0,0,-1,1,-1,1,1,-1,0,0,1,-1,-1,1,-1,1,0,0,-1,1,-1,1,1,-1,-1,1,-1,1,0,0,-1,1,-1,1
MSFT,2021-10-26 16:04:14,AMC,0.098212848172597,0.1706622015423999,0.08370087960824116,NQ,stopped_pre,-132.0,-311.0699999999997,-333.5699999999997,0,0,1,-1,-1,1,0,2,-1,1,-1,1,-1,1,-1,1,0,0,-1,1,-1,1,0,0,0,2,-1,1,0,0,-1,1,-1,1,-1,1,0,0,0,0,1,-1,0,0,-1,1,-1,1,0,0,0,1,0,1,0,0,-1,1,-1,1,-1,1,-1,1,0,0,-1,1,1,-1,-1,1,-1,1,-1,1,-1,1,-1,1,0,2,-1,1,-1,1,-1,1,-1,1,-1,1,-1,1,0,0,0,0,-1,1,-1,1,-1,1,-1,1,-1,1,-1,1,-1,1,-1,1,-1,1,0,0,-1,1,0,0,0,0,0,0,0,0,-1,1,0,0,0,0,0,0,0,0,-1,1,-1,1,-1,1,0,0,-1,1,-1,1,-1,1,1,-1,-1,1,-1,1,-1,1,1,-1,0,0,0,0,-1,1,-1,1,-1,1,-1,0,-1,1,-1,1,0,0,-1,1,-1,1,-1,1,-1,1,-1,1,1,-1,0,0,0,0,0,0,-1,1,0,0,1,-1,0,0,1,-1,1,-1,-1,1,0,0,-1,1,1,-1,1,-1,-1,1,-1,1,-1,1,-1,1,-1,1,0,0,0,0,0,0,-1,1,-1,1,-1,1,-1,1,-1,1,-1,1,1,-1,0,0,-1,1,0,0,1,-1,0,0,0,0,1,-1,1,-1,-1,1,-1,1,-1,1,-1,1,0,0,-1,1,0,0,-1,1,0,0,-1,1,-1,1,-1,1,0,0,-1,1,-1,1,0,0,-1,1,-1,1,1,-1,0,0,-1,1,-1,1,-1,1,-1,1,-1,1,-1,1,1,-1,-1,1,-1,1,0,0,-1,1,-1,1
AMD,2021-10-26 16:17:33,AMC,0.0369893856545513,0.017690860258286558,0.013365410318096765,NQ,timed,900.0,175.0,152.5,0,0,1,-1,-1,1,-1,0,-1,1,-1,1,-1,1,-1,1,0,0,-1,1,-1,1,0,0,0,2,-1,1,0,0,1,-1,-1,1,-1,1,0,0,0,0,-1,1,0,0,1,-1,-1,1,0,0,0,-1,0,1,0,0,0,0,-1,1,-1,1,-1,1,0,0,-1,1,1,-1,-1,1,-1,1,-1,1,1,-1,1,-1,0,2,-1,1,-1,1,-1,1,-1,1,-1,1,0,0,-1,1,0,0,-1,1,-1,1,-1,1,-1,1,-1,1,-1,1,-1,1,-1,1,-1,1,0,0,-1,1,-1,1,0,0,0,0,0,0,-1,1,0,0,0,0,0,0,0,0,-1,1,-1,1,-1,1,0,0,-1,1,-1,1,-1,1,1,-1,-1,1,1,-1,-1,1,1,-1,0,0,0,0,-1,1,0,0,-1,1,-1,0,1,-1,-1,1,0,0,-1,1,-1,1,-1,1,-1,1,-1,1,0,0,0,0,0,0,0,0,-1,1,0,0,1,-1,0,0,1,-1,1,-1,1,-1,0,0,1,-1,-1,1,-1,1,-1,1,1,-1,-1,1,-1,1,1,-1,0,0,0,0,0,0,1,-1,-1,1,1,-1,-1,1,-1,1,-1,1,-1,1,-1,1,1,-1,0,0,1,-1,0,0,0,0,1,-1,-1,1,-1,1,-1,1,-1,1,-1,1,0,0,1,-1,0,0,0,0,-1,1,1,-1,-1,1,-1,1,0,0,-1,1,-1,1,0,0,-1,1,-1,1,-1,1,0,0,1,-1,-1,1,-1,1,-1,1,-1,1,-1,1,-1,1,-1,1,-1,1,0,0,-1,1,-1,1
AMZN,2021-10-28 16:07:09,AMC,0.03500397772474145,0.042959427207637235,0.01841558963369718,NQ,stopped_pre,-185.0,-314.85499999998865,-337.35499999998865,0,0,1,-1,1,-1,1,0,1,-1,-1,1,1,-1,1,-1,0,0,1,-1,-1,1,0,0,0,0,1,-1,0,0,1,-1,-1,1,-1,1,0,0,1,-1,1,-1,0,0,1,-1,1,-1,0,0,0,-1,0,1,0,0,-1,1,1,-1,1,-1,-1,1,0,0,1,-1,1,-1,1,-1,0,0,1,-1,1,-1,1,-1,0,2,1,-1,-1,1,1,-1,-1,1,-1,1,0,0,-1,1,-1,1,1,-1,0,0,1,-1,1,-1,-1,1,-1,1,1,-1,-1,1,-1,1,0,0,-1,1,0,0,0,0,0,0,1,-1,1,-1,0,0,0,0,0,0,0,0,-1,1,-1,1,1,-1,1,-1,-1,1,-1,1,-1,1,1,-1,-1,1,1,-1,1,-1,1,-1,0,0,0,0,1,-1,0,0,1,-1,-1,0,1,-1,1,-1,0,0,-1,1,1,-1,1,-1,1,-1,1,-1,1,-1,0,0,0,0,0,0,-1,1,1,-1,1,-1,1,-1,1,-1,1,-1,1,-1,0,0,-1,1,1,-1,-1,1,-1,1,1,-1,0,0,-1,1,1,-1,0,0,0,0,0,0,1,-1,-1,1,1,-1,1,-1,1,-1,1,-1,-1,1,0,0,1,-1,0,0,-1,1,0,0,0,0,1,-1,-1,1,-1,1,-1,1,1,-1,-1,1,0,0,1,-1,0,0,0,0,0,0,-1,1,1,-1,1,-1,0,0,1,-1,1,-1,0,0,-1,1,-1,1,1,-1,0,0,-1,1,1,-1,1,-1,0,0,1,-1,1,-1,-1,1,0,0,1,-1,0,0,0,0,-1,1
AAPL,2021-10-28 16:30:23,AMC,0.34044448686743345,0.3070168461575172,0.20417715209062295,NQ,stopped_pre,-18.0,-370.0,-392.5,0,0,1,-1,1,-1,0,2,-1,1,-1,1,1,-1,-1,1,0,0,-1,1,-1,1,0,2,0,2,-1,1,0,0,-1,1,-1,1,-1,1,0,0,0,0,-1,1,-1,1,-1,1,-1,1,0,2,0,1,0,1,0,0,-1,1,1,-1,-1,1,1,-1,0,0,-1,1,1,-1,-1,1,-1,1,1,-1,1,-1,-1,1,0,2,-1,1,-1,1,1,-1,-1,1,-1,1,0,0,-1,1,-1,1,-1,1,-1,1,0,0,-1,1,-1,1,-1,1,-1,1,-1,1,-1,1,-1,1,-1,1,-1,1,0,0,0,2,0,0,-1,1,0,0,0,2,0,0,0,0,-1,1,-1,1,-1,1,-1,1,-1,1,-1,1,-1,1,-1,1,-1,1,-1,1,1,-1,-1,1,0,0,0,2,-1,1,0,0,-1,1,-1,0,1,-1,-1,1,0,0,-1,1,-1,1,-1,1,1,-1,-1,1,0,0,0,0,0,2,0,0,-1,1,1,-1,1,-1,1,-1,1,-1,1,-1,1,-1,0,0,-1,1,-1,1,-1,1,-1,1,-1,1,-1,1,-1,1,-1,1,0,2,0,0,0,0,1,-1,-1,1,-1,1,-1,1,-1,1,1,-1,-1,1,-1,1,-1,1,-1,1,-1,1,0,0,0,2,1,-1,1,-1,1,-1,-1,1,-1,1,-1,1,0,0,1,-1,0,0,-1,1,-1,1,1,-1,-1,1,-1,1,0,2,-1,1,-1,1,0,2,-1,1,-1,1,-1,1,0,2,-1,1,-1,1,1,-1,-1,1,-1,1,-1,1,1,-1,-1,1,1,-1,0,2,0,0,-1,1
NVDA,2021-11-17 16:20:59,AMC,0.06901417090976014,0.056745855252058955,,NQ,timed,899.0,250.0,227.5,0,0,1,-1,1,-1,-1,0,-1,1,1,-1,-1,1,-1,1,-1,1,-1,1,1,-1,0,0,0,2,-1,1,0,0,1,-1,1,-1,1,-1,0,0,0,0,-1,1,0,0,1,-1,1,-1,0,0,0,-1,0,1,0,0,0,0,-1,1,-1,1,-1,1,0,0,-1,1,1,-1,1,-1,0,0,-1,1,-1,1,1,-1,0,0,-1,1,1,-1,-1,1,1,-1,-1,1,0,0,1,-1,1,-1,-1,1,0,0,-1,1,-1,1,1,-1,-1,1,-1,1,1,-1,-1,1,0,0,1,-1,1,-1,0,0,0,0,0,0,-1,1,0,0,0,0,0,0,0,2,-1,1,-1,1,-1,1,0,0,1,-1,1,-1,1,-1,1,-1,1,-1,1,-1,-1,1,1,-1,0,0,0,0,-1,1,0,0,-1,1,1,0,1,-1,-1,1,0,0,1,-1,-1,1,-1,1,1,-1,-1,1,0,0,0,0,0,0,0,0,1,-1,0,0,1,-1,0,0,1,-1,1,-1,1,-1,0,0,1,-1,-1,1,-1,1,-1,1,1,-1,-1,1,-1,1,1,-1,0,2,0,0,0,0,1,-1,-1,1,-1,1,-1,1,1,-1,-1,1,-1,1,0,0,-1,1,-1,1,-1,1,0,0,0,0,-1,1,1,-1,-1,1,1,-1,-1,1,1,-1,0,0,-1,1,0,0,0,0,0,0,1,-1,-1,1,1,-1,0,0,-1,1,-1,1,0,0,1,-1,-1,1,-1,1,0,0,-1,1,-1,1,-1,1,-1,1,-1,1,-1,1,1,-1,0,0,-1,1,0,0,0,0,1,-1
AVGO,2021-12-09 16:26:54,AMC,0.03407524433499063,0.04336782107676104,0.011022320198401764,NQ,timed,900.0,185.0,162.5,0,0,1,-1,-1,1,-1,0,-1,1,1,-1,-1,1,-1,1,0,0,-1,1,1,-1,0,2,0,0,-1,1,0,0,1,-1,1,-1,1,-1,0,0,0,0,0,0,0,0,1,-1,1,-1,0,2,0,-1,0,0,0,0,0,0,-1,1,1,-1,-1,1,0,0,1,-1,-1,1,1,-1,0,0,-1,1,1,-1,1,-1,0,0,-1,1,1,-1,1,-1,1,-1,-1,1,1,-1,1,-1,1,-1,-1,1,-1,1,-1,1,1,-1,1,-1,-1,1,-1,1,-1,1,-1,1,0,0,1,-1,-1,1,0,2,0,2,0,0,-1,1,0,0,0,2,0,0,0,0,-1,1,-1,1,-1,1,-1,1,1,-1,-1,1,1,-1,1,-1,-1,1,1,-1,1,-1,-1,1,0,0,0,2,1,-1,1,-1,-1,1,1,0,1,-1,-1,1,0,0,1,-1,1,-1,1,-1,1,-1,1,-1,0,0,0,0,0,2,0,0,1,-1,-1,1,-1,1,-1,1,-1,1,-1,1,1,-1,0,0,1,-1,-1,1,-1,1,-1,1,1,-1,-1,1,-1,1,1,-1,0,2,0,0,0,0,1,-1,-1,1,1,-1,-1,1,1,-1,-1,1,-1,1,0,0,-1,1,-1,1,-1,1,0,0,0,2,-1,1,-1,1,-1,1,1,-1,-1,1,1,-1,0,0,1,-1,0,0,1,-1,0,0,1,-1,1,-1,1,-1,0,0,1,-1,-1,1,0,2,1,-1,-1,1,-1,1,0,2,1,-1,1,-1,-1,1,0,0,-1,1,-1,1,-1,1,0,0,-1,1,0,2,1,-1,1,-1
MU,2021-12-20 16:00:41,AMC,0.06879779847044895,0.33280532488519815,0.030092534543721947,NQ,tp,733.0,1249.6399999999994,1227.1399999999994,0,0,1,-1,1,-1,0,2,0,0,-1,1,1,-1,1,-1,1,-1,1,-1,-1,1,0,0,0,2,1,-1,-1,1,1,-1,-1,1,-1,1,0,0,1,-1,0,0,0,0,1,-1,1,-1,0,0,0,-1,0,0,0,0,0,0,1,-1,-1,1,-1,1,0,0,1,-1,-1,1,1,-1,-1,1,-1,1,1,-1,1,-1,0,2,1,-1,-1,1,1,-1,-1,1,1,-1,0,0,-1,1,-1,1,1,-1,0,0,0,0,1,-1,-1,1,-1,1,1,-1,-1,1,1,-1,0,0,1,-1,1,-1,0,0,0,0,1,-1,1,-1,0,0,0,0,0,0,0,2,-1,1,-1,1,1,-1,1,-1,-1,1,-1,1,1,-1,1,-1,-1,1,-1,1,1,-1,1,-1,0,0,0,0,1,-1,0,0,1,-1,1,0,1,-1,1,-1,0,0,-1,1,1,-1,1,-1,-1,1,-1,1,0,0,0,0,0,0,0,0,-1,1,0,0,-1,1,0,0,-1,1,-1,1,1,-1,0,0,1,-1,-1,1,1,-1,1,-1,1,-1,0,0,1,-1,1,-1,0,0,0,0,0,0,1,-1,-1,1,1,-1,-1,1,-1,1,-1,1,-1,1,0,0,1,-1,0,0,1,-1,0,0,0,0,-1,1,-1,1,1,-1,-1,1,1,-1,-1,1,0,0,-1,1,0,0,0,0,0,0,1,-1,1,-1,1,-1,0,0,-1,1,1,-1,0,0,-1,1,1,-1,1,-1,0,0,-1,1,1,-1,1,-1,-1,1,-1,1,1,-1,-1,1,-1,1,1,-1,0,0,0,0,1,-1
NFLX,2022-01-20 16:01:51,AMC,0.18898488120950324,0.2480593992575093,0.02380911889253584,NQ,stopped_pre,-71.0,-296.62499999998545,-319.12499999998545,0,2,-1,1,-1,1,-1,0,-1,1,-1,1,-1,1,-1,1,-1,1,-1,1,1,-1,0,0,0,2,-1,1,-1,1,-1,1,-1,1,-1,1,0,0,0,0,-1,1,-1,1,-1,1,-1,1,0,0,0,-1,0,1,0,0,0,0,-1,1,1,-1,1,-1,0,0,-1,1,-1,1,-1,1,-1,1,-1,1,1,-1,-1,1,0,2,-1,1,-1,1,-1,1,-1,1,-1,1,-1,1,0,0,-1,1,-1,1,-1,1,-1,1,-1,1,-1,1,-1,1,-1,1,-1,1,-1,1,-1,1,-1,1,-1,1,0,0,0,0,-1,1,-1,1,0,0,0,0,-1,1,0,0,-1,1,-1,1,-1,1,0,0,-1,1,-1,1,-1,1,1,-1,-1,1,-1,1,-1,1,1,-1,0,2,0,0,-1,1,-1,1,-1,1,-1,0,-1,1,-1,1,0,0,-1,1,1,-1,-1,1,-1,1,-1,1,0,0,0,0,0,0,0,0,-1,1,-1,1,-1,1,-1,1,-1,1,-1,1,-1,1,0,0,-1,1,1,-1,-1,1,-1,1,-1,1,-1,1,1,-1,-1,1,0,0,0,0,0,0,-1,1,1,-1,1,-1,1,-1,-1,1,-1,1,1,-1,-1,1,-1,1,-1,1,1,-1,0,2,0,0,-1,1,1,-1,-1,1,-1,1,-1,1,-1,1,0,0,1,-1,0,0,-1,1,-1,1,1,-1,-1,1,-1,1,0,0,-1,1,-1,1,0,0,-1,1,-1,1,1,-1,0,0,1,-1,-1,1,-1,1,-1,1,-1,1,1,-1,1,-1,-1,1,-1,1,0,0,-1,1,-1,1
MSFT,2022-01-25 16:03:05,AMC,0.06753634521736039,0.0977447617693579,0.08726003490401396,NQ,tp,-116.0,1131.1999999999898,1108.6999999999898,0,0,-1,1,1,-1,-1,0,-1,1,-1,1,-1,1,-1,1,0,0,-1,1,-1,1,0,0,0,0,-1,1,-1,1,-1,1,-1,1,-1,1,0,0,0,0,-1,1,-1,1,-1,1,1,-1,0,0,0,1,0,1,0,0,0,0,-1,1,-1,1,-1,1,0,0,-1,1,0,0,-1,1,-1,1,-1,1,1,-1,-1,1,0,0,-1,1,-1,1,-1,1,-1,1,-1,1,-1,1,0,0,0,0,-1,1,-1,1,-1,1,-1,1,-1,1,-1,1,-1,1,1,-1,-1,1,0,0,-1,1,0,0,0,0,0,0,-1,1,-1,1,0,0,0,0,0,0,0,0,-1,1,-1,1,-1,1,0,0,-1,1,-1,1,-1,1,-1,1,-1,1,1,-1,-1,1,1,-1,0,0,0,0,-1,1,-1,1,-1,1,-1,0,-1,1,-1,1,0,0,-1,1,-1,1,-1,1,-1,1,-1,1,0,0,0,0,0,0,0,0,-1,1,0,0,1,-1,0,0,-1,1,-1,1,-1,1,0,0,-1,1,-1,1,-1,1,-1,1,-1,1,-1,1,1,-1,-1,1,0,0,0,0,0,0,-1,1,-1,1,-1,1,1,-1,1,-1,-1,1,1,-1,-1,1,-1,1,0,0,1,-1,0,0,0,0,-1,1,1,-1,-1,1,-1,1,-1,1,-1,1,0,0,1,-1,0,0,-1,1,-1,1,1,-1,-1,1,-1,1,0,0,-1,1,1,-1,0,0,1,-1,-1,1,1,-1,0,0,-1,1,-1,1,-1,1,-1,1,-1,1,-1,1,1,-1,-1,1,-1,1,0,0,-1,1,-1,1
INTC,2022-01-26 16:08:32,AMC,0.0159701889805696,0.02306886944794421,0.030657185923580327,NQ,stopped_pre,-154.0,-282.8450000000157,-305.3450000000157,0,0,-1,1,-1,1,0,2,1,-1,-1,1,-1,1,1,-1,0,0,1,-1,1,-1,0,0,0,2,1,-1,1,-1,1,-1,1,-1,-1,1,0,0,0,0,-1,1,0,0,1,-1,-1,1,0,2,0,-1,0,0,0,0,0,0,1,-1,1,-1,1,-1,0,0,1,-1,-1,1,1,-1,1,-1,-1,1,-1,1,1,-1,0,0,1,-1,1,-1,1,-1,1,-1,1,-1,1,-1,0,0,0,0,1,-1,0,0,0,0,1,-1,1,-1,1,-1,-1,1,-1,1,1,-1,0,0,1,-1,0,0,0,0,0,0,1,-1,0,0,0,0,0,0,0,0,0,0,1,-1,0,0,1,-1,0,0,-1,1,1,-1,1,-1,1,-1,1,-1,1,-1,1,-1,-1,1,0,0,0,2,1,-1,0,0,1,-1,1,0,1,-1,1,-1,0,0,1,-1,1,-1,1,-1,-1,1,-1,1,-1,1,0,0,0,0,0,0,1,-1,0,0,1,-1,0,0,-1,1,-1,1,1,-1,0,0,1,-1,0,0,1,-1,1,-1,1,-1,0,0,1,-1,1,-1,0,0,0,0,0,0,1,-1,1,-1,1,-1,1,-1,-1,1,-1,1,-1,1,1,-1,1,-1,0,0,1,-1,0,0,0,2,1,-1,1,-1,-1,1,1,-1,1,-1,1,-1,0,0,1,-1,0,0,0,0,1,-1,1,-1,1,-1,1,-1,0,2,-1,1,-1,1,0,2,1,-1,-1,1,-1,1,0,0,1,-1,1,-1,-1,1,1,-1,-1,1,1,-1,1,-1,1,-1,-1,1,0,0,0,0,1,-1
TSLA,2022-01-26 16:26:43,AMC,0.05852412790182134,0.003546916842534627,0.011056079851454155,NQ,stopped_post,555.0,-281.87000000001717,-304.37000000001717,0,0,1,-1,-1,1,0,2,-1,1,-1,1,-1,1,-1,1,0,0,-1,1,-1,1,0,2,0,2,-1,1,-1,1,1,-1,-1,1,1,-1,0,0,1,-1,0,0,0,0,1,-1,-1,1,0,2,0,-1,0,0,0,0,-1,1,-1,1,-1,1,1,-1,0,0,-1,1,-1,1,1,-1,1,-1,-1,1,1,-1,1,-1,0,0,1,-1,1,-1,-1,1,-1,1,-1,1,0,0,1,-1,-1,1,-1,1,-1,1,-1,1,1,-1,1,-1,-1,1,-1,1,1,-1,-1,1,0,0,1,-1,1,-1,0,2,0,2,0,0,-1,1,0,0,0,2,0,0,0,0,-1,1,0,0,-1,1,-1,1,1,-1,-1,1,1,-1,1,-1,-1,1,-1,1,-1,1,-1,1,0,0,0,0,1,-1,0,0,-1,1,-1,0,1,-1,-1,1,0,0,-1,1,-1,1,1,-1,-1,1,-1,1,0,0,0,0,0,2,0,0,1,-1,0,0,-1,1,0,0,-1,1,-1,1,1,-1,0,0,1,-1,-1,1,1,-1,-1,1,1,-1,-1,1,-1,1,1,-1,0,2,0,0,0,0,1,-1,-1,1,-1,1,-1,1,1,-1,-1,1,-1,1,0,0,1,-1,-1,1,-1,1,0,0,0,2,-1,1,1,-1,-1,1,1,-1,1,-1,1,-1,0,0,-1,1,0,0,0,0,0,0,1,-1,-1,1,-1,1,0,0,-1,1,-1,1,0,2,1,-1,-1,1,-1,1,0,2,1,-1,-1,1,-1,1,-1,1,-1,1,-1,1,1,-1,0,0,-1,1,0,2,0,0,-1,1
AAPL,2022-01-27 16:30:36,AMC,0.3555539673747968,0.8255897069335238,0.21287919105907396,NQ,tp,-27.0,1119.7200000000157,1097.2200000000157,0,0,-1,1,-1,1,0,2,1,-1,-1,1,-1,1,-1,1,0,0,1,-1,-1,1,0,0,0,0,1,-1,-1,1,-1,1,-1,1,-1,1,0,0,0,0,1,-1,0,0,-1,1,-1,1,0,2,0,-1,0,0,0,0,-1,1,1,-1,-1,1,-1,1,0,0,1,-1,-1,1,-1,1,0,0,-1,1,1,-1,-1,1,0,0,-1,1,-1,1,1,-1,-1,1,-1,1,0,0,-1,1,-1,1,1,-1,-1,1,0,0,-1,1,-1,1,-1,1,-1,1,-1,1,1,-1,-1,1,-1,1,0,0,0,0,0,2,0,0,-1,1,0,0,0,0,0,0,0,0,-1,1,-1,1,1,-1,1,-1,-1,1,-1,1,-1,1,-1,1,-1,1,1,-1,1,-1,1,-1,0,0,0,2,1,-1,0,0,-1,1,-1,0,-1,1,1,-1,0,0,-1,1,1,-1,-1,1,-1,1,-1,1,-1,1,0,0,0,0,0,0,-1,1,0,0,-1,1,0,0,-1,1,-1,1,-1,1,0,0,-1,1,-1,1,-1,1,1,-1,1,-1,-1,1,-1,1,-1,1,0,2,0,0,0,0,-1,1,-1,1,-1,1,-1,1,-1,1,-1,1,1,-1,-1,1,1,-1,-1,1,1,-1,0,0,0,2,-1,1,-1,1,-1,1,-1,1,1,-1,-1,1,0,0,1,-1,0,0,0,0,-1,1,1,-1,1,-1,1,-1,0,2,-1,1,1,-1,0,2,-1,1,-1,1,-1,1,0,0,1,-1,-1,1,-1,1,-1,1,-1,1,1,-1,-1,1,-1,1,1,-1,0,0,0,0,-1,1
GOOGL,2022-02-01 16:01:29,AMC,0.001667389201987528,0.565244939473772,0.0884664573767691,NQ,stopped_pre,-97.0,-300.1350000000093,-322.6350000000093,0,2,1,-1,1,-1,1,0,1,-1,1,-1,1,-1,1,-1,0,0,1,-1,1,-1,0,0,0,2,1,-1,0,0,1,-1,1,-1,1,-1,0,0,0,0,-1,1,1,-1,1,-1,1,-1,0,0,0,-1,0,-1,0,0,1,-1,1,-1,-1,1,-1,1,0,0,1,-1,1,-1,1,-1,1,-1,1,-1,-1,1,1,-1,0,2,1,-1,1,-1,1,-1,1,-1,1,-1,1,-1,1,-1,0,0,1,-1,1,-1,1,-1,1,-1,1,-1,1,-1,1,-1,1,-1,1,-1,1,-1,1,-1,1,-1,0,0,0,0,0,0,1,-1,0,0,0,0,1,-1,0,2,1,-1,1,-1,1,-1,0,0,1,-1,1,-1,1,-1,-1,1,1,-1,1,-1,1,-1,-1,1,0,0,0,0,1,-1,1,-1,1,-1,1,0,1,-1,1,-1,0,0,1,-1,-1,1,1,-1,1,-1,1,-1,0,0,0,2,0,0,0,0,1,-1,0,0,1,-1,1,-1,1,-1,1,-1,1,-1,0,0,1,-1,-1,1,1,-1,1,-1,1,-1,1,-1,-1,1,1,-1,0,0,0,0,0,0,1,-1,-1,1,-1,1,-1,1,1,-1,-1,1,-1,1,1,-1,1,-1,1,-1,-1,1,0,2,0,0,-1,1,-1,1,-1,1,1,-1,1,-1,1,-1,0,0,-1,1,0,0,1,-1,1,-1,-1,1,1,-1,1,-1,0,0,1,-1,1,-1,0,2,-1,1,1,-1,1,-1,0,0,-1,1,1,-1,1,-1,1,-1,-1,1,-1,1,-1,1,1,-1,1,-1,0,0,1,-1,1,-1
AMD,2022-02-01 16:17:06,AMC,0.016580173428614065,0.1807238903718933,0.01590346696162349,NQ,timed,900.0,680.0,657.5,0,2,1,-1,1,-1,1,0,1,-1,1,-1,1,-1,1,-1,1,-1,1,-1,1,-1,0,0,0,0,1,-1,0,0,1,-1,1,-1,1,-1,0,0,0,0,-1,1,1,-1,1,-1,1,-1,0,0,0,-1,0,-1,0,0,1,-1,1,-1,1,-1,-1,1,0,0,1,-1,1,-1,1,-1,1,-1,1,-1,1,-1,1,-1,0,0,1,-1,1,-1,1,-1,1,-1,1,-1,1,-1,1,-1,0,0,1,-1,1,-1,1,-1,1,-1,1,-1,1,-1,1,-1,1,-1,1,-1,1,-1,1,-1,1,-1,0,0,0,0,0,0,1,-1,0,0,0,0,1,-1,0,2,1,-1,1,-1,1,-1,0,0,1,-1,1,-1,1,-1,-1,1,1,-1,1,-1,1,-1,-1,1,0,2,0,0,1,-1,1,-1,1,-1,1,0,1,-1,1,-1,0,0,1,-1,-1,1,1,-1,1,-1,1,-1,0,0,0,2,0,0,0,0,1,-1,1,-1,1,-1,1,-1,1,-1,1,-1,1,-1,0,0,1,-1,1,-1,1,-1,1,-1,1,-1,1,-1,-1,1,1,-1,0,0,0,0,0,0,1,-1,-1,1,1,-1,-1,1,1,-1,-1,1,-1,1,1,-1,1,-1,1,-1,-1,1,0,2,0,0,-1,1,-1,1,1,-1,1,-1,1,-1,1,-1,0,0,-1,1,0,0,1,-1,1,-1,-1,1,1,-1,1,-1,0,0,1,-1,1,-1,0,0,-1,1,1,-1,-1,1,0,0,1,-1,1,-1,1,-1,1,-1,1,-1,-1,1,-1,1,1,-1,1,-1,0,0,1,-1,1,-1
META,2022-02-02 16:08:34,AMC,0.29762402394368553,0.7273274478330658,0.03291237890062524,NQ,stopped_pre,-220.0,-302.0650000000023,-324.5650000000023,0,0,-1,1,-1,1,0,2,1,-1,-1,1,1,-1,-1,1,0,0,1,-1,1,-1,0,0,0,0,-1,1,0,0,-1,1,-1,1,-1,1,0,0,0,0,0,0,-1,1,-1,1,-1,1,0,0,0,1,0,0,0,0,0,0,1,-1,-1,1,-1,1,0,0,-1,1,1,-1,-1,1,-1,1,-1,1,-1,1,-1,1,0,2,-1,1,-1,1,-1,1,-1,1,-1,1,0,0,-1,1,0,0,-1,1,0,0,-1,1,-1,1,-1,1,-1,1,1,-1,-1,1,-1,1,0,0,-1,1,0,0,0,0,0,0,0,0,0,0,0,0,0,0,-1,1,0,2,-1,1,-1,1,1,-1,-1,1,-1,1,-1,1,-1,1,-1,1,-1,1,-1,1,-1,1,-1,1,0,0,0,2,-1,1,0,0,-1,1,-1,0,-1,1,-1,1,0,0,-1,1,-1,1,1,-1,-1,1,-1,1,1,-1,0,0,0,0,0,0,-1,1,0,0,1,-1,0,0,1,-1,1,-1,-1,1,0,0,-1,1,-1,1,1,-1,-1,1,-1,1,0,0,-1,1,1,-1,0,0,0,0,0,0,-1,1,-1,1,1,-1,-1,1,-1,1,-1,1,-1,1,0,0,1,-1,0,0,-1,1,0,0,0,0,-1,1,-1,1,1,-1,-1,1,-1,1,-1,1,0,0,1,-1,0,0,-1,1,0,0,-1,1,-1,1,-1,1,0,2,-1,1,1,-1,0,0,-1,1,-1,1,1,-1,0,0,1,-1,-1,1,1,-1,-1,1,1,-1,-1,1,-1,1,-1,1,-1,1,0,0,-1,1,-1,1
AMZN,2022-02-03 16:11:33,AMC,0.04603423583168519,0.6819305453739537,0.019498825154806027,NQ,stopped_pre,-223.0,-293.86999999998807,-316.36999999998807,0,2,1,-1,1,-1,1,0,0,0,1,-1,1,-1,1,-1,0,0,1,-1,1,-1,0,0,0,0,1,-1,1,-1,1,-1,1,-1,1,-1,0,0,0,0,-1,1,1,-1,1,-1,1,-1,0,0,0,-1,0,-1,0,0,0,0,1,-1,-1,1,-1,1,0,0,1,-1,-1,1,1,-1,1,-1,1,-1,-1,1,1,-1,0,2,1,-1,1,-1,1,-1,1,-1,1,-1,1,-1,0,0,0,0,1,-1,1,-1,0,0,1,-1,1,-1,1,-1,1,-1,1,-1,1,-1,0,0,1,-1,1,-1,0,0,0,0,0,0,1,-1,0,0,0,0,1,-1,0,0,1,-1,1,-1,1,-1,0,0,1,-1,1,-1,1,-1,-1,1,1,-1,1,-1,1,-1,-1,1,0,2,0,0,1,-1,1,-1,1,-1,1,0,1,-1,1,-1,0,2,1,-1,1,-1,1,-1,-1,1,1,-1,0,0,0,0,0,0,0,0,-1,1,0,0,-1,1,-1,1,-1,1,-1,1,1,-1,0,0,1,-1,1,-1,1,-1,1,-1,1,-1,0,0,-1,1,1,-1,0,0,0,0,0,0,1,-1,-1,1,1,-1,-1,1,1,-1,1,-1,-1,1,0,0,1,-1,0,0,-1,1,0,2,0,0,-1,1,-1,1,1,-1,1,-1,1,-1,1,-1,0,0,-1,1,0,0,1,-1,0,0,1,-1,1,-1,1,-1,0,0,1,-1,1,-1,0,2,-1,1,1,-1,-1,1,0,0,-1,1,1,-1,1,-1,0,0,1,-1,1,-1,-1,1,1,-1,1,-1,0,0,1,-1,1,-1
NVDA,2022-02-16 16:21:16,AMC,0.20568372698913304,0.08912961502862432,,NQ,stopped_pre,-49.0,-291.94500000001426,-314.44500000001426,0,0,1,-1,1,-1,0,2,-1,1,1,-1,1,-1,-1,1,0,0,-1,1,1,-1,0,2,0,0,-1,1,0,0,1,-1,1,-1,-1,1,0,0,0,0,0,0,0,0,1,-1,1,-1,0,2,0,-1,0,0,0,0,0,0,1,-1,1,-1,1,-1,0,0,-1,1,1,-1,1,-1,0,0,-1,1,-1,1,1,-1,0,0,-1,1,1,-1,1,-1,1,-1,-1,1,0,0,1,-1,-1,1,-1,1,-1,1,-1,1,-1,1,1,-1,-1,1,-1,1,-1,1,-1,1,0,0,1,-1,1,-1,0,2,0,2,0,0,-1,1,0,0,0,2,1,-1,0,0,-1,1,-1,1,-1,1,-1,1,1,-1,-1,1,-1,1,1,-1,-1,1,1,-1,1,-1,-1,1,0,0,0,2,1,-1,1,-1,-1,1,1,0,1,-1,-1,1,0,0,-1,1,-1,1,1,-1,1,-1,1,-1,1,-1,0,0,0,2,0,0,1,-1,0,0,1,-1,0,0,1,-1,1,-1,1,-1,0,0,-1,1,1,-1,1,-1,-1,1,1,-1,0,0,-1,1,1,-1,0,2,0,0,0,0,1,-1,-1,1,1,-1,1,-1,-1,1,1,-1,-1,1,0,0,1,-1,0,0,1,-1,0,0,0,2,-1,1,1,-1,1,-1,1,-1,-1,1,1,-1,0,0,-1,1,0,0,1,-1,0,0,1,-1,1,-1,1,-1,0,2,1,-1,1,-1,0,2,1,-1,-1,1,-1,1,0,2,1,-1,-1,1,1,-1,-1,1,-1,1,-1,1,1,-1,0,0,-1,1,0,2,0,0,1,-1
AVGO,2022-03-03 16:18:22,AMC,0.008893157604539067,0.04979902536193221,0.011413825152472433,NQ,timed,898.0,5.0,-17.5,0,0,-1,1,1,-1,1,0,1,-1,1,-1,-1,1,1,-1,1,-1,1,-1,-1,1,0,2,0,2,1,-1,0,0,1,-1,1,-1,1,-1,0,0,0,0,0,0,0,0,1,-1,1,-1,0,2,0,-1,0,-1,0,0,0,0,1,-1,1,-1,1,-1,0,0,1,-1,-1,1,1,-1,1,-1,1,-1,-1,1,1,-1,0,0,1,-1,1,-1,1,-1,1,-1,1,-1,0,0,0,0,1,-1,1,-1,1,-1,1,-1,1,-1,1,-1,1,-1,1,-1,1,-1,1,-1,1,-1,1,-1,1,-1,0,0,0,2,0,0,1,-1,0,0,0,0,0,0,0,0,1,-1,1,-1,1,-1,1,-1,1,-1,1,-1,1,-1,-1,1,1,-1,-1,1,1,-1,-1,1,0,0,0,0,1,-1,0,0,1,-1,1,0,1,-1,1,-1,0,0,1,-1,-1,1,1,-1,-1,1,1,-1,-1,1,0,0,0,2,0,0,1,-1,-1,1,-1,1,0,0,-1,1,-1,1,1,-1,0,0,1,-1,0,0,-1,1,1,-1,1,-1,0,0,-1,1,1,-1,0,2,0,0,0,0,1,-1,1,-1,1,-1,-1,1,1,-1,1,-1,-1,1,1,-1,1,-1,0,0,-1,1,0,0,0,2,1,-1,-1,1,1,-1,1,-1,1,-1,1,-1,0,0,-1,1,0,0,0,0,1,-1,1,-1,1,-1,1,-1,0,0,1,-1,1,-1,0,2,-1,1,1,-1,-1,1,0,2,-1,1,1,-1,-1,1,1,-1,1,-1,1,-1,-1,1,1,-1,1,-1,0,2,0,0,1,-1
MU,2022-03-29 16:00:37,AMC,0.029524653085326247,0.11973887084604534,0.03149147185020593,NQ,timed,900.0,20.0,-2.5,0,2,-1,1,1,-1,0,2,0,0,-1,1,1,-1,-1,1,-1,1,-1,1,1,-1,0,0,0,2,-1,1,0,0,-1,1,-1,1,-1,1,0,0,1,-1,0,0,-1,1,-1,1,-1,1,0,0,0,1,0,1,0,0,0,0,1,-1,-1,1,-1,1,0,0,-1,1,1,-1,-1,1,-1,1,-1,1,1,-1,-1,1,0,2,-1,1,-1,1,-1,1,-1,1,-1,1,-1,1,-1,1,-1,1,-1,1,0,0,-1,1,-1,1,-1,1,-1,1,-1,1,-1,1,-1,1,-1,1,-1,1,-1,1,0,0,0,0,0,0,0,0,0,0,0,0,-1,1,0,0,-1,1,-1,1,-1,1,-1,1,-1,1,-1,1,-1,1,-1,1,-1,1,-1,1,-1,1,1,-1,0,2,0,0,-1,1,-1,1,-1,1,-1,0,-1,1,-1,1,0,0,-1,1,1,-1,-1,1,1,-1,-1,1,1,-1,0,0,0,0,0,0,-1,1,1,-1,1,-1,1,-1,1,-1,1,-1,-1,1,0,0,-1,1,-1,1,-1,1,-1,1,-1,1,0,0,1,-1,-1,1,0,0,0,0,0,0,-1,1,-1,1,1,-1,1,-1,-1,1,-1,1,1,-1,-1,1,-1,1,0,0,1,-1,0,2,0,0,1,-1,-1,1,-1,1,-1,1,-1,1,-1,1,0,0,1,-1,0,0,-1,1,-1,1,-1,1,-1,1,-1,1,0,0,-1,1,1,-1,0,0,-1,1,-1,1,1,-1,0,0,-1,1,-1,1,1,-1,-1,1,-1,1,-1,1,-1,1,-1,1,-1,1,0,0,-1,1,-1,1
NFLX,2022-04-19 16:03:19,AMC,0.09569038843209526,0.1027767441036273,0.023945498639524995,NQ,stopped_pre,-179.0,-283.89500000001135,-306.39500000001135,0,0,-1,1,-1,1,-1,0,1,-1,1,-1,1,-1,-1,1,0,0,1,-1,1,-1,0,0,0,0,-1,1,0,0,-1,1,-1,1,-1,1,0,0,0,0,0,0,0,0,-1,1,-1,1,0,0,0,-1,0,1,0,0,0,0,-1,1,-1,1,0,0,0,0,1,-1,1,-1,-1,1,-1,1,-1,1,-1,1,-1,1,0,2,-1,1,-1,1,1,-1,-1,1,-1,1,0,0,-1,1,0,0,-1,1,0,0,1,-1,-1,1,-1,1,-1,1,1,-1,-1,1,-1,1,0,0,-1,1,-1,1,0,0,0,0,0,0,0,0,0,0,0,0,0,0,0,2,-1,1,0,0,1,-1,-1,1,-1,1,-1,1,-1,1,-1,1,-1,1,-1,1,-1,1,-1,1,0,2,0,2,1,-1,-1,1,-1,1,-1,0,-1,1,1,-1,0,2,-1,1,-1,1,1,-1,1,-1,-1,1,1,-1,0,0,0,0,0,0,-1,1,1,-1,1,-1,1,-1,1,-1,1,-1,-1,1,0,0,-1,1,1,-1,1,-1,-1,1,-1,1,0,0,-1,1,1,-1,0,0,0,0,0,0,-1,1,-1,1,1,-1,-1,1,-1,1,-1,1,-1,1,-1,1,1,-1,0,0,-1,1,0,0,0,0,-1,1,-1,1,1,-1,-1,1,-1,1,-1,1,0,0,1,-1,0,0,-1,1,-1,1,-1,1,-1,1,-1,1,0,0,-1,1,-1,1,0,0,1,-1,-1,1,1,-1,0,0,-1,1,-1,1,1,-1,-1,1,-1,1,-1,1,-1,1,-1,1,-1,1,0,0,-1,1,-1,1
TSLA,2022-04-20 16:12:16,AMC,0.012446878500684577,0.10668373606443698,0.011527909067853273,NQ,stopped_pre,-222.0,-281.25499999998283,-303.75499999998283,0,0,1,-1,1,-1,0,2,-1,1,1,-1,-1,1,1,-1,0,0,1,-1,1,-1,0,0,0,0,1,-1,-1,1,1,-1,1,-1,1,-1,0,0,-1,1,0,0,0,0,1,-1,1,-1,0,0,0,-1,0,0,0,0,1,-1,-1,1,1,-1,1,-1,0,0,-1,1,0,0,1,-1,0,0,-1,1,1,-1,1,-1,0,0,1,-1,1,-1,1,-1,1,-1,1,-1,1,-1,1,-1,-1,1,1,-1,1,-1,-1,1,-1,1,1,-1,1,-1,1,-1,-1,1,1,-1,1,-1,1,-1,0,0,0,0,0,0,0,0,0,0,0,0,0,0,1,-1,0,2,1,-1,1,-1,1,-1,1,-1,1,-1,1,-1,1,-1,1,-1,1,-1,1,-1,1,-1,-1,1,0,0,0,2,1,-1,0,0,1,-1,1,0,1,-1,-1,1,0,2,1,-1,1,-1,1,-1,1,-1,-1,1,1,-1,0,0,0,0,0,0,1,-1,0,0,-1,1,0,0,-1,1,-1,1,1,-1,0,0,-1,1,0,0,-1,1,1,-1,1,-1,0,0,1,-1,1,-1,0,0,0,0,0,0,1,-1,1,-1,1,-1,1,-1,1,-1,-1,1,-1,1,0,0,1,-1,0,0,-1,1,0,0,0,0,-1,1,1,-1,1,-1,1,-1,1,-1,1,-1,0,0,-1,1,0,0,0,0,0,0,-1,1,-1,1,1,-1,0,0,-1,1,-1,1,0,0,1,-1,1,-1,1,-1,0,0,-1,1,1,-1,-1,1,0,0,-1,1,1,-1,1,-1,0,0,-1,1,0,0,0,0,1,-1
GOOGL,2022-04-26 16:01:32,AMC,0.27292471506275345,0.7111555316368109,0.08391138957261132,NQ,stopped_pre,-285.0,-260.8050000000003,-283.3050000000003,0,0,-1,1,-1,1,0,2,-1,1,1,-1,-1,1,-1,1,0,0,-1,1,1,-1,0,0,0,2,-1,1,-1,1,-1,1,-1,1,-1,1,0,0,-1,1,0,0,-1,1,-1,1,-1,1,0,0,0,1,0,0,0,0,0,0,-1,1,-1,1,-1,1,0,0,-1,1,-1,1,-1,1,-1,1,-1,1,-1,1,-1,1,0,0,-1,1,-1,1,1,-1,-1,1,-1,1,0,0,0,0,1,-1,-1,1,-1,1,-1,1,-1,1,-1,1,-1,1,-1,1,-1,1,-1,1,0,0,-1,1,0,0,0,0,0,0,0,0,-1,1,0,0,0,0,-1,1,0,0,-1,1,-1,1,-1,1,-1,1,-1,1,-1,1,-1,1,-1,1,-1,1,1,-1,1,-1,-1,1,0,0,0,2,-1,1,0,0,-1,1,-1,0,-1,1,-1,1,0,0,-1,1,1,-1,-1,1,-1,1,-1,1,0,0,0,0,0,0,0,0,-1,1,-1,1,-1,1,-1,1,-1,1,-1,1,-1,1,0,0,-1,1,-1,1,-1,1,-1,1,1,-1,-1,1,1,-1,-1,1,0,0,0,0,0,0,-1,1,-1,1,1,-1,-1,1,-1,1,-1,1,1,-1,-1,1,-1,1,-1,1,1,-1,0,0,0,2,1,-1,-1,1,-1,1,-1,1,-1,1,-1,1,0,0,1,-1,0,0,0,0,-1,1,1,-1,1,-1,1,-1,0,2,-1,1,-1,1,0,0,-1,1,-1,1,1,-1,0,0,-1,1,-1,1,-1,1,-1,1,-1,1,-1,1,-1,1,-1,1,1,-1,0,0,0,0,-1,1
MSFT,2022-04-26 16:03:59,AMC,0.39202121526576733,0.6534063611031037,0.08370087960824116,NQ,stopped_pre,-280.0,-260.74000000000524,-283.24000000000524,0,0,-1,1,-1,1,0,2,-1,1,-1,1,-1,1,-1,1,0,0,-1,1,1,-1,0,0,0,2,-1,1,-1,1,-1,1,-1,1,-1,1,0,0,-1,1,0,0,-1,1,-1,1,-1,1,0,0,0,1,0,1,0,0,0,0,-1,1,-1,1,-1,1,0,0,-1,1,-1,1,-1,1,-1,1,-1,1,-1,1,-1,1,0,0,-1,1,-1,1,1,-1,-1,1,-1,1,0,0,-1,1,0,0,-1,1,-1,1,-1,1,-1,1,-1,1,-1,1,-1,1,-1,1,-1,1,-1,1,-1,1,0,0,0,0,0,0,0,0,-1,1,0,0,0,0,-1,1,0,0,-1,1,-1,1,-1,1,0,0,-1,1,-1,1,-1,1,-1,1,-1,1,1,-1,-1,1,1,-1,0,0,0,0,-1,1,-1,1,-1,1,-1,0,-1,1,-1,1,0,0,-1,1,1,-1,-1,1,-1,1,-1,1,0,0,0,0,0,0,0,0,-1,1,-1,1,-1,1,-1,1,-1,1,-1,1,-1,1,0,0,-1,1,-1,1,-1,1,-1,1,-1,1,-1,1,1,-1,-1,1,0,0,0,0,0,0,-1,1,-1,1,1,-1,-1,1,-1,1,-1,1,1,-1,-1,1,-1,1,-1,1,1,-1,0,0,0,0,-1,1,1,-1,-1,1,-1,1,-1,1,-1,1,0,0,1,-1,0,0,0,0,-1,1,1,-1,1,-1,-1,1,0,0,-1,1,-1,1,0,0,-1,1,-1,1,1,-1,0,0,-1,1,-1,1,-1,1,-1,1,1,-1,-1,1,1,-1,-1,1,-1,1,0,0,-1,1,-1,1
META,2022-04-27 16:07:54,AMC,0.164256928395439,0.183363575589724,0.03396409509946628,NQ,stopped_pre,-242.0,-270.0,-292.5,0,0,-1,1,-1,1,0,2,-1,1,-1,1,-1,1,-1,1,0,0,-1,1,1,-1,0,0,0,2,-1,1,-1,1,-1,1,-1,1,-1,1,0,0,0,0,-1,1,0,0,-1,1,-1,1,0,0,0,1,0,0,0,0,0,0,-1,1,-1,1,-1,1,0,0,-1,1,-1,1,-1,1,0,0,1,-1,-1,1,-1,1,0,0,1,-1,-1,1,-1,1,-1,1,-1,1,0,0,-1,1,-1,1,-1,1,-1,1,-1,1,-1,1,-1,1,-1,1,-1,1,-1,1,-1,1,0,0,-1,1,0,0,0,0,0,0,0,0,-1,1,0,0,0,0,-1,1,0,2,-1,1,-1,1,-1,1,1,-1,-1,1,-1,1,-1,1,-1,1,-1,1,-1,1,-1,1,-1,1,0,0,0,0,-1,1,-1,1,-1,1,-1,0,-1,1,-1,1,0,0,-1,1,-1,1,1,-1,1,-1,1,-1,0,0,0,0,0,0,0,0,-1,1,0,0,-1,1,0,0,-1,1,-1,1,-1,1,0,0,-1,1,0,0,-1,1,-1,1,-1,1,-1,1,-1,1,-1,1,0,0,0,0,0,0,-1,1,-1,1,1,-1,-1,1,-1,1,1,-1,-1,1,-1,1,1,-1,-1,1,-1,1,0,0,0,0,-1,1,-1,1,-1,1,-1,1,-1,1,-1,1,0,0,1,-1,0,0,0,0,-1,1,1,-1,-1,1,-1,1,0,0,1,-1,-1,1,0,0,-1,1,-1,1,1,-1,0,0,1,-1,-1,1,-1,1,-1,1,1,-1,-1,1,-1,1,-1,1,-1,1,0,0,0,0,-1,1
INTC,2022-04-28 16:09:32,AMC,0.1689950428120775,0.04693689803428271,0.029080569332924053,NQ,stopped_pre,-42.0,-266.54500000000553,-289.04500000000553,0,2,-1,1,-1,1,-1,0,-1,1,-1,1,1,-1,-1,1,-1,1,-1,1,1,-1,0,0,0,2,-1,1,-1,1,-1,1,-1,1,-1,1,0,-1,0,0,-1,1,-1,1,-1,1,-1,1,0,0,0,-1,0,1,0,0,0,0,-1,1,-1,1,1,-1,0,0,-1,1,1,-1,-1,1,-1,1,1,-1,1,-1,-1,1,0,0,-1,1,-1,1,-1,1,-1,1,-1,1,-1,1,-1,1,0,0,-1,1,-1,1,-1,1,-1,1,-1,1,-1,1,-1,1,-1,1,-1,1,-1,1,-1,1,-1,1,0,0,0,0,0,0,-1,1,0,0,0,0,-1,1,0,0,-1,1,-1,1,-1,1,-1,1,-1,1,-1,1,-1,1,-1,1,-1,1,-1,1,-1,1,-1,1,0,2,0,0,-1,1,-1,1,-1,1,-1,0,-1,1,-1,1,0,2,-1,1,-1,1,-1,1,1,-1,1,-1,0,0,0,0,0,0,0,0,-1,1,1,-1,1,-1,1,-1,1,-1,1,-1,-1,1,0,0,-1,1,1,-1,-1,1,-1,1,-1,1,-1,1,1,-1,-1,1,0,0,0,0,0,0,-1,1,1,-1,1,-1,1,-1,-1,1,1,-1,-1,1,-1,1,-1,1,0,0,1,-1,0,2,0,0,1,-1,-1,1,-1,1,-1,1,-1,1,-1,1,0,0,1,-1,0,0,-1,1,-1,1,1,-1,-1,1,-1,1,0,0,1,-1,-1,1,0,0,-1,1,-1,1,1,-1,0,0,1,-1,-1,1,1,-1,-1,1,1,-1,1,-1,-1,1,-1,1,-1,1,0,0,-1,1,1,-1
AMZN,2022-04-28 16:27:13,AMC,0.08257948275214894,0.45045045045045046,0.020582060675914872,NQ,stopped_pre,-284.0,-266.6649999999936,-289.1649999999936,0,0,1,-1,-1,1,-1,0,-1,1,1,-1,1,-1,-1,1,-1,1,-1,1,1,-1,0,0,0,2,-1,1,1,-1,1,-1,1,-1,1,-1,0,0,0,0,0,0,0,0,1,-1,1,-1,0,2,0,-1,0,1,0,0,1,-1,-1,1,-1,1,-1,1,0,0,-1,1,1,-1,1,-1,0,0,1,-1,-1,1,1,-1,0,2,-1,1,1,-1,1,-1,1,-1,-1,1,1,-1,1,-1,1,-1,-1,1,0,0,-1,1,-1,1,1,-1,-1,1,-1,1,1,-1,-1,1,0,0,1,-1,1,-1,0,0,0,0,0,0,-1,1,0,0,0,2,1,-1,0,0,-1,1,-1,1,-1,1,0,0,1,-1,1,-1,1,-1,1,-1,1,-1,1,-1,1,-1,1,-1,0,0,0,0,1,-1,1,-1,-1,1,1,0,1,-1,-1,1,0,0,1,-1,-1,1,1,-1,1,-1,1,-1,0,0,0,0,0,0,0,0,1,-1,1,-1,1,-1,1,-1,1,-1,1,-1,1,-1,0,0,-1,1,1,-1,-1,1,-1,1,1,-1,-1,1,1,-1,1,-1,0,0,0,0,0,0,1,-1,-1,1,-1,1,-1,1,1,-1,1,-1,-1,1,0,0,1,-1,-1,1,-1,1,0,0,0,2,-1,1,1,-1,-1,1,1,-1,-1,1,1,-1,0,0,-1,1,0,0,1,-1,0,0,1,-1,1,-1,1,-1,0,0,1,-1,-1,1,0,2,1,-1,-1,1,-1,1,0,0,1,-1,-1,1,1,-1,0,0,1,-1,-1,1,1,-1,0,0,1,-1,0,0,1,-1,1,-1
AAPL,2022-04-28 16:32:12,AMC,0.2236761169826092,0.6188026541415045,0.21793807224048897,NQ,stopped_pre,-254.0,-266.3799999999901,-288.8799999999901,0,0,1,-1,1,-1,0,2,0,0,-1,1,1,-1,-1,1,0,0,-1,1,-1,1,0,0,0,2,-1,1,1,-1,1,-1,1,-1,-1,1,0,0,0,0,-1,1,0,0,1,-1,1,-1,0,2,0,-1,0,0,0,0,0,0,-1,1,1,-1,1,-1,0,0,1,-1,1,-1,1,-1,0,0,1,-1,-1,1,1,-1,0,2,-1,1,1,-1,1,-1,1,-1,-1,1,1,-1,0,0,0,0,-1,1,-1,1,-1,1,1,-1,1,-1,-1,1,-1,1,1,-1,-1,1,0,0,1,-1,0,0,0,0,0,0,0,0,-1,1,0,0,0,2,0,0,0,0,-1,1,-1,1,-1,1,1,-1,-1,1,-1,1,1,-1,1,-1,-1,1,1,-1,1,-1,-1,1,0,0,0,2,1,-1,1,-1,1,-1,1,0,1,-1,-1,1,0,0,1,-1,1,-1,1,-1,1,-1,1,-1,0,0,0,0,0,2,0,0,1,-1,1,-1,1,-1,1,-1,1,-1,1,-1,1,-1,0,0,-1,1,1,-1,-1,1,1,-1,1,-1,-1,1,-1,1,1,-1,0,0,0,0,0,0,1,-1,-1,1,-1,1,1,-1,1,-1,-1,1,-1,1,0,0,1,-1,-1,1,-1,1,0,0,0,2,1,-1,1,-1,-1,1,1,-1,-1,1,1,-1,0,0,-1,1,0,0,1,-1,0,0,1,-1,1,-1,1,-1,0,0,1,-1,-1,1,0,2,1,-1,-1,1,-1,1,0,2,1,-1,1,-1,1,-1,0,0,1,-1,-1,1,1,-1,0,0,-1,1,0,0,1,-1,1,-1
AMD,2022-05-03 16:11:17,AMC,0.0475827940616673,0.2588553265193475,0.016580173428614065,NQ,stopped_pre,-249.0,-262.7799999999843,-285.2799999999843,0,2,1,-1,1,-1,0,2,1,-1,1,-1,1,-1,1,-1,1,-1,1,-1,1,-1,0,0,0,2,1,-1,0,0,1,-1,1,-1,1,-1,0,1,1,-1,0,0,1,-1,1,-1,1,-1,0,2,0,-1,0,-1,0,0,1,-1,1,-1,-1,1,-1,1,0,0,1,-1,1,-1,1,-1,1,-1,1,-1,-1,1,1,-1,0,0,1,-1,1,-1,1,-1,1,-1,1,-1,1,-1,1,-1,1,-1,1,-1,1,-1,0,0,1,-1,1,-1,1,-1,1,-1,1,-1,1,-1,1,-1,1,-1,1,-1,0,0,0,0,0,0,1,-1,0,0,0,0,1,-1,0,0,1,-1,1,-1,1,-1,0,0,1,-1,1,-1,1,-1,-1,1,1,-1,1,-1,1,-1,-1,1,0,0,0,0,1,-1,1,-1,1,-1,1,0,1,-1,1,-1,0,0,1,-1,1,-1,1,-1,-1,1,1,-1,-1,1,0,0,0,0,0,0,1,-1,0,0,1,-1,0,0,1,-1,1,-1,1,-1,0,0,1,-1,-1,1,1,-1,1,-1,1,-1,0,0,-1,1,1,-1,0,0,0,0,0,0,1,-1,-1,1,-1,1,-1,1,1,-1,-1,1,-1,1,1,-1,1,-1,0,0,-1,1,0,2,0,0,-1,1,-1,1,1,-1,1,-1,1,-1,1,-1,0,0,-1,1,0,0,1,-1,1,-1,1,-1,1,-1,1,-1,0,0,1,-1,1,-1,0,2,-1,1,1,-1,-1,1,0,0,-1,1,1,-1,1,-1,1,-1,-1,1,1,-1,-1,1,1,-1,1,-1,0,0,1,-1,-1,1
NVDA,2022-05-25 16:22:25,AMC,0.14327553148901204,0.05477835833473791,,NQ,stopped_pre,-104.0,-238.37500000001455,-260.87500000001455,0,0,1,-1,1,-1,0,2,-1,1,-1,1,1,-1,-1,1,0,0,1,-1,-1,1,0,2,0,2,-1,1,-1,1,1,-1,-1,1,-1,1,0,0,0,0,0,0,0,0,1,-1,1,-1,0,2,0,-1,0,0,0,0,0,0,1,-1,-1,1,-1,1,0,0,-1,1,1,-1,1,-1,0,0,1,-1,1,-1,1,-1,0,0,-1,1,-1,1,-1,1,-1,1,-1,1,0,0,0,0,0,0,-1,1,-1,1,-1,1,-1,1,1,-1,-1,1,-1,1,1,-1,-1,1,0,0,-1,1,0,0,0,0,0,2,0,0,-1,1,0,0,0,2,0,0,0,0,1,-1,-1,1,-1,1,0,0,1,-1,-1,1,1,-1,1,-1,-1,1,-1,1,-1,1,1,-1,0,0,0,0,-1,1,1,-1,-1,1,-1,0,1,-1,-1,1,0,0,-1,1,-1,1,-1,1,1,-1,-1,1,0,0,0,0,0,2,0,0,-1,1,0,0,1,-1,1,-1,1,-1,1,-1,1,-1,0,0,-1,1,-1,1,-1,1,-1,1,1,-1,-1,1,-1,1,-1,1,0,2,0,0,0,0,1,-1,-1,1,-1,1,-1,1,-1,1,1,-1,1,-1,-1,1,-1,1,0,0,-1,1,0,0,0,0,1,-1,-1,1,-1,1,1,-1,-1,1,1,-1,0,0,-1,1,0,0,1,-1,-1,1,1,-1,1,-1,1,-1,0,0,-1,1,1,-1,0,0,1,-1,-1,1,-1,1,0,0,-1,1,-1,1,1,-1,-1,1,1,-1,-1,1,-1,1,-1,1,1,-1,0,2,0,0,-1,1
AVGO,2022-05-26 07:28:34,BMO,0.11037757460899265,0.13119533527696794,0.011022320198401764,NQ,stopped_post,434.0,-239.97999999999593,-262.4799999999959,0,2,-1,1,1,-1,1,0,1,-1,1,-1,1,-1,1,-1,1,-1,1,-1,1,-1,0,0,0,2,1,-1,1,-1,1,-1,1,-1,1,-1,0,1,0,0,0,0,1,-1,1,-1,1,-1,0,0,0,-1,0,-1,0,0,1,-1,1,-1,-1,1,-1,1,0,0,1,-1,1,-1,1,-1,1,-1,1,-1,-1,1,1,-1,0,2,1,-1,1,-1,1,-1,1,-1,1,-1,1,-1,1,-1,0,0,1,-1,1,-1,1,-1,1,-1,1,-1,1,-1,1,-1,1,-1,1,-1,1,-1,1,-1,1,-1,0,0,0,0,0,0,1,-1,0,0,0,0,1,-1,0,0,1,-1,1,-1,1,-1,0,0,1,-1,1,-1,1,-1,-1,1,1,-1,1,-1,1,-1,-1,1,0,2,0,0,1,-1,1,-1,1,-1,1,0,1,-1,1,-1,0,0,1,-1,-1,1,1,-1,-1,1,1,-1,-1,1,0,2,0,0,0,0,1,-1,0,0,1,-1,0,0,1,-1,1,-1,1,-1,0,0,1,-1,1,-1,1,-1,1,-1,1,-1,1,-1,-1,1,1,-1,0,0,0,0,0,0,1,-1,-1,1,-1,1,-1,1,1,-1,1,-1,-1,1,1,-1,1,-1,1,-1,-1,1,0,2,0,0,-1,1,-1,1,1,-1,1,-1,1,-1,1,-1,0,0,-1,1,0,0,1,-1,1,-1,-1,1,1,-1,1,-1,0,0,1,-1,1,-1,0,2,1,-1,1,-1,1,-1,0,0,-1,1,1,-1,1,-1,1,-1,-1,1,-1,1,-1,1,1,-1,1,-1,0,0,1,-1,-1,1
MU,2022-06-30 16:00:27,AMC,0.0671693534408043,0.3076789738256197,0.030092534543721947,NQ,tp,-197.0,918.3599999999933,895.8599999999933,0,2,-1,1,1,-1,-1,0,0,0,-1,1,-1,1,-1,1,0,0,-1,1,-1,1,0,0,0,2,-1,1,-1,1,-1,1,-1,1,-1,1,0,0,1,-1,-1,1,-1,1,-1,1,-1,1,0,0,0,1,0,1,0,0,0,0,1,-1,-1,1,-1,1,0,0,-1,1,-1,1,-1,1,-1,1,-1,1,-1,1,-1,1,0,0,-1,1,-1,1,-1,1,-1,1,-1,1,-1,1,-1,1,0,0,-1,1,-1,1,1,-1,-1,1,-1,1,-1,1,-1,1,-1,1,-1,1,-1,1,-1,1,-1,1,0,0,0,0,0,0,-1,1,0,0,0,0,-1,1,0,0,-1,1,-1,1,-1,1,1,-1,-1,1,-1,1,-1,1,1,-1,-1,1,-1,1,-1,1,1,-1,0,0,0,0,-1,1,-1,1,-1,1,-1,0,-1,1,-1,1,0,0,-1,1,-1,1,-1,1,-1,1,-1,1,1,-1,0,0,0,0,0,0,-1,1,-1,1,-1,1,-1,1,-1,1,-1,1,-1,1,0,0,-1,1,0,0,1,-1,-1,1,-1,1,-1,1,-1,1,-1,1,0,0,0,0,0,0,-1,1,-1,1,1,-1,1,-1,-1,1,1,-1,1,-1,0,0,-1,1,-1,1,1,-1,0,2,0,0,1,-1,1,-1,-1,1,-1,1,-1,1,-1,1,0,0,1,-1,0,0,-1,1,0,0,-1,1,-1,1,-1,1,0,0,-1,1,1,-1,0,0,-1,1,-1,1,1,-1,0,0,1,-1,-1,1,-1,1,0,0,-1,1,-1,1,1,-1,-1,1,-1,1,0,0,-1,1,-1,1
NFLX,2022-07-19 16:02:32,AMC,0.08950912382773563,0.132232077467654,0.024081878386514148,NQ,stopped_pre,-152.0,-245.4950000000099,-267.9950000000099,0,0,1,-1,1,-1,0,2,0,0,1,-1,1,-1,1,-1,0,0,1,-1,1,-1,0,0,0,2,1,-1,0,0,-1,1,1,-1,1,-1,0,0,1,-1,0,0,1,-1,1,-1,1,-1,0,0,0,-1,0,-1,0,0,1,-1,1,-1,1,-1,1,-1,0,0,1,-1,1,-1,1,-1,1,-1,1,-1,1,-1,-1,1,0,0,1,-1,1,-1,-1,1,1,-1,1,-1,0,0,1,-1,1,-1,1,-1,1,-1,0,0,1,-1,1,-1,1,-1,1,-1,1,-1,1,-1,0,0,1,-1,1,-1,0,0,0,0,0,0,1,-1,0,0,0,0,0,0,0,2,1,-1,1,-1,1,-1,1,-1,1,-1,1,-1,1,-1,1,-1,1,-1,1,-1,1,-1,1,-1,0,0,0,0,-1,1,1,-1,1,-1,1,0,1,-1,1,-1,0,0,1,-1,1,-1,1,-1,1,-1,1,-1,-1,1,0,0,0,0,0,0,1,-1,1,-1,1,-1,1,-1,1,-1,1,-1,1,-1,0,0,1,-1,0,0,1,-1,1,-1,-1,1,1,-1,1,-1,1,-1,0,0,0,0,0,0,-1,1,1,-1,-1,1,1,-1,1,-1,1,-1,-1,1,1,-1,-1,1,1,-1,1,-1,0,0,0,0,-1,1,-1,1,1,-1,1,-1,1,-1,1,-1,0,0,1,-1,0,0,1,-1,1,-1,-1,1,1,-1,1,-1,0,0,1,-1,1,-1,0,0,1,-1,1,-1,1,-1,0,0,-1,1,1,-1,1,-1,1,-1,-1,1,1,-1,-1,1,1,-1,1,-1,0,0,1,-1,1,-1
TSLA,2022-07-20 16:43:32,AMC,0.040226070516301615,0.020112226222320548,0.011567785062075214,NQ,timed,899.0,-5.0,-27.5,0,0,1,-1,-1,1,-1,0,-1,1,1,-1,1,-1,-1,1,-1,1,-1,1,1,-1,0,2,0,0,-1,1,-1,1,-1,1,-1,1,1,-1,0,0,0,0,1,-1,0,0,-1,1,-1,1,0,2,0,1,0,1,0,0,0,0,-1,1,1,-1,1,-1,0,0,-1,1,1,-1,-1,1,0,0,-1,1,-1,1,-1,1,0,0,-1,1,-1,1,-1,1,-1,1,-1,1,-1,1,0,0,1,-1,-1,1,-1,1,-1,1,-1,1,-1,1,-1,1,-1,1,1,-1,-1,1,0,0,-1,1,0,0,0,2,0,2,0,0,-1,1,0,0,0,2,1,-1,0,0,-1,1,-1,1,-1,1,0,0,1,-1,-1,1,-1,1,-1,1,-1,1,1,-1,1,-1,1,-1,0,0,0,0,-1,1,0,0,-1,1,-1,0,1,-1,-1,1,0,0,-1,1,-1,1,-1,1,1,-1,-1,1,0,0,0,0,0,2,0,0,-1,1,0,0,1,-1,1,-1,1,-1,1,-1,1,-1,0,0,1,-1,1,-1,-1,1,-1,1,-1,1,-1,1,1,-1,-1,1,0,2,0,0,0,0,1,-1,-1,1,1,-1,1,-1,-1,1,-1,1,1,-1,-1,1,-1,1,0,0,1,-1,0,0,0,2,-1,1,1,-1,-1,1,-1,1,-1,1,1,-1,0,0,-1,1,0,0,0,0,-1,1,1,-1,-1,1,-1,1,0,0,-1,1,-1,1,0,2,-1,1,-1,1,-1,1,0,2,1,-1,-1,1,1,-1,-1,1,-1,1,-1,1,1,-1,-1,1,-1,1,0,2,0,0,-1,1
GOOGL,2022-07-26 16:02:00,AMC,0.17718076558572665,0.16274231094081534,0.0884664573767691,NQ,stopped_pre,-282.0,-242.51499999998487,-265.01499999998487,0,0,1,-1,-1,1,0,2,0,0,1,-1,-1,1,1,-1,0,0,1,-1,1,-1,0,0,0,2,1,-1,0,0,1,-1,1,-1,1,-1,0,0,-1,1,0,0,1,-1,1,-1,-1,1,0,0,0,-1,0,-1,0,0,1,-1,-1,1,1,-1,-1,1,0,0,1,-1,-1,1,1,-1,1,-1,1,-1,1,-1,1,-1,0,0,1,-1,1,-1,1,-1,1,-1,1,-1,1,-1,1,-1,0,0,1,-1,1,-1,0,0,1,-1,1,-1,1,-1,1,-1,1,-1,1,-1,1,-1,1,-1,1,-1,0,0,0,0,0,0,1,-1,0,0,0,0,1,-1,0,2,1,-1,1,-1,0,0,0,0,1,-1,1,-1,1,-1,1,-1,1,-1,1,-1,1,-1,-1,1,0,2,0,2,1,-1,0,0,1,-1,1,0,1,-1,1,-1,0,0,1,-1,1,-1,1,-1,1,-1,1,-1,-1,1,0,0,0,0,0,0,1,-1,-1,1,-1,1,-1,1,-1,1,-1,1,1,-1,0,0,1,-1,1,-1,-1,1,1,-1,1,-1,0,0,-1,1,1,-1,0,0,0,0,0,0,1,-1,1,-1,-1,1,1,-1,1,-1,1,-1,-1,1,1,-1,1,-1,0,0,-1,1,0,2,0,0,-1,1,-1,1,-1,1,1,-1,1,-1,1,-1,0,0,-1,1,0,0,1,-1,1,-1,-1,1,1,-1,1,-1,0,0,1,-1,-1,1,0,2,-1,1,1,-1,1,-1,0,0,-1,1,1,-1,-1,1,1,-1,-1,1,1,-1,-1,1,1,-1,1,-1,0,0,1,-1,1,-1
MSFT,2022-07-26 16:02:59,AMC,0.17718076558572665,0.16274231094081534,0.08726003490401396,NQ,stopped_pre,-154.0,-242.2650000000067,-264.7650000000067,0,0,1,-1,-1,1,0,2,0,0,1,-1,-1,1,1,-1,0,0,1,-1,1,-1,0,0,0,2,1,-1,0,0,1,-1,1,-1,1,-1,0,0,-1,1,0,0,1,-1,1,-1,-1,1,0,0,0,-1,0,-1,0,0,1,-1,-1,1,1,-1,-1,1,0,0,1,-1,-1,1,1,-1,1,-1,1,-1,1,-1,1,-1,0,0,1,-1,1,-1,1,-1,1,-1,1,-1,1,-1,1,-1,0,0,1,-1,1,-1,0,0,1,-1,1,-1,1,-1,1,-1,1,-1,1,-1,1,-1,1,-1,1,-1,0,0,0,0,0,0,1,-1,0,0,0,0,1,-1,0,2,1,-1,1,-1,0,0,0,0,1,-1,1,-1,1,-1,1,-1,1,-1,1,-1,1,-1,-1,1,0,2,0,2,1,-1,0,0,1,-1,1,0,1,-1,1,-1,0,0,1,-1,1,-1,1,-1,1,-1,1,-1,-1,1,0,0,0,0,0,0,1,-1,-1,1,-1,1,-1,1,-1,1,-1,1,1,-1,0,0,1,-1,1,-1,-1,1,1,-1,1,-1,0,0,-1,1,1,-1,0,0,0,0,0,0,1,-1,1,-1,-1,1,1,-1,1,-1,1,-1,-1,1,1,-1,1,-1,0,0,-1,1,0,2,0,0,-1,1,-1,1,-1,1,1,-1,1,-1,1,-1,0,0,-1,1,0,0,1,-1,1,-1,-1,1,1,-1,1,-1,0,0,1,-1,-1,1,0,2,-1,1,1,-1,1,-1,0,0,-1,1,1,-1,-1,1,1,-1,-1,1,1,-1,-1,1,1,-1,1,-1,0,0,1,-1,1,-1
META,2022-07-27 16:07:22,AMC,0.1671475475077107,0.2646713498238841,0.03632939696286354,NQ,stopped_pre,-135.0,-251.95999999999913,-274.4599999999991,0,2,-1,1,-1,1,0,2,-1,1,-1,1,1,-1,-1,1,-1,1,-1,1,-1,1,0,0,0,2,-1,1,0,0,-1,1,-1,1,-1,1,0,-1,0,0,-1,1,-1,1,-1,1,-1,1,0,0,0,1,0,1,0,0,-1,1,-1,1,1,-1,1,-1,0,0,-1,1,1,-1,-1,1,-1,1,-1,1,1,-1,-1,1,0,0,-1,1,-1,1,-1,1,-1,1,-1,1,-1,1,-1,1,0,0,-1,1,0,0,0,0,-1,1,-1,1,-1,1,-1,1,-1,1,-1,1,-1,1,-1,1,-1,1,0,0,0,0,0,0,0,0,0,0,0,0,-1,1,0,0,-1,1,-1,1,-1,1,1,-1,-1,1,-1,1,-1,1,1,-1,-1,1,-1,1,-1,1,1,-1,0,2,0,0,-1,1,-1,1,-1,1,-1,0,-1,1,-1,1,0,0,-1,1,1,-1,-1,1,-1,1,-1,1,0,0,0,0,0,0,0,0,-1,1,1,-1,1,-1,1,-1,1,-1,1,-1,-1,1,0,0,-1,1,-1,1,1,-1,-1,1,-1,1,0,0,1,-1,-1,1,0,0,0,0,0,0,-1,1,1,-1,-1,1,1,-1,-1,1,-1,1,1,-1,-1,1,-1,1,0,0,1,-1,0,2,0,0,1,-1,1,-1,-1,1,-1,1,-1,1,-1,1,0,0,1,-1,0,0,-1,1,-1,1,-1,1,-1,1,-1,1,0,0,-1,1,-1,1,0,0,1,-1,-1,1,1,-1,0,0,1,-1,-1,1,1,-1,-1,1,1,-1,1,-1,1,-1,-1,1,-1,1,0,0,-1,1,1,-1
INTC,2022-07-28 16:06:34,AMC,0.06629877347269075,0.009749629514078465,0.030657185923580327,NQ,timed,900.0,580.0,557.5,0,0,1,-1,1,-1,0,2,-1,1,1,-1,1,-1,1,-1,1,-1,1,-1,-1,1,0,0,0,2,1,-1,1,-1,-1,1,1,-1,1,-1,0,0,-1,1,0,0,1,-1,1,-1,1,-1,0,0,0,-1,0,0,0,0,0,0,1,-1,1,-1,1,-1,0,0,1,-1,1,-1,1,-1,0,0,1,-1,1,-1,1,-1,0,0,1,-1,1,-1,1,-1,1,-1,1,-1,0,0,1,-1,-1,1,1,-1,0,0,0,0,1,-1,1,-1,1,-1,1,-1,1,-1,1,-1,0,0,1,-1,0,0,0,0,0,0,0,0,1,-1,0,0,0,0,1,-1,0,0,-1,1,-1,1,1,-1,0,0,1,-1,1,-1,1,-1,1,-1,1,-1,1,-1,1,-1,1,-1,0,0,0,0,1,-1,1,-1,1,-1,1,0,1,-1,1,-1,0,0,1,-1,1,-1,1,-1,1,-1,1,-1,-1,1,0,0,0,0,0,0,1,-1,1,-1,1,-1,1,-1,1,-1,1,-1,1,-1,0,0,1,-1,-1,1,-1,1,1,-1,1,-1,1,-1,1,-1,-1,1,0,0,0,0,0,0,1,-1,1,-1,-1,1,1,-1,1,-1,-1,1,-1,1,0,0,1,-1,1,-1,1,-1,0,0,0,0,-1,1,1,-1,1,-1,1,-1,-1,1,1,-1,0,0,-1,1,0,0,1,-1,0,0,1,-1,1,-1,1,-1,0,0,1,-1,1,-1,0,2,1,-1,1,-1,1,-1,0,0,-1,1,1,-1,1,-1,0,0,1,-1,1,-1,1,-1,0,0,1,-1,0,0,1,-1,1,-1
AMZN,2022-07-28 16:09:30,AMC,0.08386480213757729,0.03900536323744515,0.021775778592275703,NQ,stopped_pre,-275.0,-260.0,-282.5,0,2,1,-1,1,-1,1,0,0,0,1,-1,1,-1,1,-1,1,-1,1,-1,1,-1,0,0,0,0,1,-1,1,-1,1,-1,1,-1,1,-1,0,1,0,0,0,0,1,-1,1,-1,1,-1,0,0,0,-1,0,-1,0,0,1,-1,1,-1,-1,1,-1,1,0,0,1,-1,1,-1,1,-1,1,-1,1,-1,-1,1,1,-1,0,0,1,-1,1,-1,1,-1,1,-1,1,-1,1,-1,1,-1,0,0,1,-1,1,-1,1,-1,1,-1,1,-1,1,-1,1,-1,1,-1,1,-1,1,-1,1,-1,1,-1,0,0,0,0,0,0,1,-1,0,0,0,0,1,-1,0,0,1,-1,1,-1,1,-1,0,0,1,-1,1,-1,1,-1,-1,1,1,-1,1,-1,1,-1,-1,1,0,2,0,0,1,-1,1,-1,1,-1,1,0,1,-1,1,-1,0,2,1,-1,-1,1,1,-1,1,-1,1,-1,0,0,0,0,0,0,0,0,-1,1,1,-1,1,-1,1,-1,1,-1,1,-1,1,-1,0,0,1,-1,-1,1,1,-1,1,-1,1,-1,1,-1,-1,1,1,-1,0,0,0,0,0,0,1,-1,-1,1,-1,1,-1,1,1,-1,1,-1,-1,1,1,-1,1,-1,1,-1,-1,1,0,2,0,0,-1,1,-1,1,1,-1,1,-1,1,-1,1,-1,0,0,-1,1,0,0,1,-1,1,-1,1,-1,1,-1,1,-1,0,0,1,-1,1,-1,0,0,1,-1,1,-1,1,-1,0,0,1,-1,1,-1,1,-1,1,-1,1,-1,-1,1,-1,1,1,-1,1,-1,0,0,1,-1,-1,1
AAPL,2022-07-28 16:31:44,AMC,0.1996820596332054,0.10273507918354688,0.22299695342190398,NQ,stopped_pre,-104.0,-256.38999999999214,-278.88999999999214,0,0,-1,1,-1,1,1,0,1,-1,-1,1,1,-1,1,-1,0,0,1,-1,1,-1,0,0,0,0,1,-1,1,-1,1,-1,1,-1,-1,1,0,0,-1,1,0,0,0,0,1,-1,-1,1,0,2,0,-1,0,0,0,0,0,0,-1,1,1,-1,-1,1,0,0,1,-1,1,-1,-1,1,0,0,1,-1,1,-1,-1,1,0,2,1,-1,1,-1,1,-1,1,-1,1,-1,1,-1,0,0,-1,1,1,-1,1,-1,1,-1,1,-1,-1,1,1,-1,1,-1,-1,1,1,-1,0,0,1,-1,-1,1,0,0,0,2,0,0,1,-1,0,0,0,2,-1,1,0,2,1,-1,1,-1,1,-1,1,-1,-1,1,1,-1,1,-1,1,-1,1,-1,-1,1,-1,1,-1,1,0,0,0,0,1,-1,-1,1,1,-1,1,0,-1,1,1,-1,0,0,1,-1,1,-1,1,-1,1,-1,1,-1,0,0,0,0,0,2,0,0,1,-1,1,-1,1,-1,1,-1,1,-1,1,-1,-1,1,0,0,-1,1,1,-1,1,-1,1,-1,-1,1,1,-1,-1,1,1,-1,0,2,0,0,0,0,-1,1,1,-1,1,-1,1,-1,1,-1,1,-1,1,-1,1,-1,1,-1,1,-1,-1,1,0,0,0,2,-1,1,1,-1,-1,1,-1,1,1,-1,-1,1,0,0,-1,1,0,0,-1,1,1,-1,-1,1,-1,1,-1,1,0,0,1,-1,-1,1,0,2,-1,1,1,-1,-1,1,0,2,1,-1,1,-1,1,-1,1,-1,1,-1,1,-1,1,-1,1,-1,-1,1,0,2,-1,1,1,-1
AMD,2022-08-02 16:08:05,AMC,0.04072529816736158,0.12605449432754776,0.01751084851688214,NQ,stopped_pre,-134.0,-258.48000000001775,-280.98000000001775,0,0,-1,1,-1,1,0,2,-1,1,-1,1,-1,1,-1,1,-1,1,-1,1,-1,1,0,0,0,0,-1,1,0,0,-1,1,-1,1,-1,1,0,0,0,0,0,0,-1,1,-1,1,-1,1,0,2,0,1,0,1,0,0,0,0,-1,1,-1,1,-1,1,0,0,-1,1,-1,1,-1,1,-1,1,1,-1,-1,1,-1,1,0,0,-1,1,-1,1,-1,1,-1,1,-1,1,-1,1,0,0,0,0,-1,1,-1,1,-1,1,-1,1,-1,1,-1,1,-1,1,-1,1,-1,1,0,0,-1,1,0,0,0,2,0,0,0,0,-1,1,0,0,0,2,0,0,0,2,-1,1,-1,1,-1,1,0,0,1,-1,-1,1,-1,1,1,-1,-1,1,1,-1,-1,1,1,-1,0,0,0,0,-1,1,0,0,-1,1,-1,0,-1,1,-1,1,0,0,-1,1,-1,1,-1,1,1,-1,1,-1,1,-1,0,0,0,0,0,0,-1,1,0,0,-1,1,0,0,-1,1,-1,1,-1,1,0,0,-1,1,-1,1,-1,1,-1,1,-1,1,-1,1,1,-1,-1,1,0,0,0,0,0,0,-1,1,-1,1,-1,1,-1,1,1,-1,-1,1,1,-1,-1,1,-1,1,-1,1,1,-1,0,0,0,0,-1,1,1,-1,-1,1,-1,1,-1,1,-1,1,0,0,1,-1,0,0,0,0,-1,1,1,-1,-1,1,-1,1,0,0,1,-1,-1,1,0,2,1,-1,-1,1,1,-1,0,0,-1,1,-1,1,-1,1,-1,1,1,-1,-1,1,1,-1,-1,1,-1,1,0,0,0,0,-1,1
NVDA,2022-08-08 09:16:50,BMO,0.0942666993457891,0.13386376062897112,,NQ,stopped_pre,-199.0,-265.4400000000169,-287.9400000000169,0,2,1,-1,-1,1,-1,0,-1,1,1,-1,-1,1,-1,1,0,0,-1,1,1,-1,0,0,0,0,-1,1,0,0,-1,1,-1,1,1,-1,0,0,1,-1,0,0,0,0,-1,1,-1,1,0,0,0,-1,0,1,0,0,1,-1,-1,1,1,-1,-1,1,0,0,-1,1,1,-1,-1,1,0,0,-1,1,1,-1,-1,1,0,0,-1,1,-1,1,-1,1,-1,1,-1,1,-1,1,0,0,0,0,-1,1,-1,1,-1,1,-1,1,1,-1,-1,1,-1,1,1,-1,-1,1,0,0,1,-1,1,-1,0,0,0,0,0,0,-1,1,0,0,0,0,0,0,0,0,-1,1,-1,1,-1,1,1,-1,1,-1,-1,1,1,-1,-1,1,-1,1,1,-1,-1,1,1,-1,0,2,0,0,-1,1,0,0,-1,1,-1,0,-1,1,-1,1,0,2,-1,1,-1,1,-1,1,-1,1,-1,1,0,0,0,0,0,0,0,0,-1,1,1,-1,1,-1,0,0,1,-1,1,-1,-1,1,0,0,-1,1,-1,1,-1,1,-1,1,-1,1,-1,1,1,-1,-1,1,0,0,0,0,0,0,-1,1,-1,1,-1,1,1,-1,1,-1,-1,1,1,-1,-1,1,-1,1,0,0,1,-1,0,0,0,0,-1,1,-1,1,-1,1,1,-1,-1,1,-1,1,0,0,1,-1,0,0,0,0,-1,1,1,-1,-1,1,-1,1,0,0,-1,1,-1,1,0,0,-1,1,-1,1,1,-1,0,0,1,-1,-1,1,-1,1,-1,1,-1,1,-1,1,-1,1,-1,1,-1,1,0,0,0,0,-1,1
NVDA,2022-08-24 16:24:34,AMC,0.023152167621693583,0.11769245610650202,0.06483820012334414,NQ,stopped_pre,-228.0,-259.06999999999243,-281.56999999999243,0,0,1,-1,1,-1,0,2,1,-1,1,-1,1,-1,1,-1,0,0,-1,1,1,-1,0,2,0,0,1,-1,1,-1,-1,1,1,-1,1,-1,0,0,0,0,0,0,0,0,1,-1,1,-1,0,2,0,-1,0,-1,0,0,1,-1,1,-1,-1,1,-1,1,0,0,1,-1,1,-1,1,-1,0,0,1,-1,-1,1,1,-1,0,0,1,-1,1,-1,1,-1,1,-1,1,-1,1,-1,0,0,0,0,1,-1,0,0,0,0,1,-1,1,-1,1,-1,1,-1,1,-1,1,-1,0,0,1,-1,1,-1,0,0,0,2,0,0,0,0,0,0,0,2,0,0,0,0,-1,1,0,0,1,-1,0,0,1,-1,1,-1,1,-1,1,-1,1,-1,1,-1,1,-1,-1,1,0,0,0,0,1,-1,0,0,1,-1,1,0,1,-1,1,-1,0,0,1,-1,1,-1,1,-1,1,-1,1,-1,0,0,0,0,0,2,0,0,1,-1,1,-1,1,-1,0,0,1,-1,1,-1,1,-1,0,0,1,-1,1,-1,-1,1,1,-1,1,-1,1,-1,1,-1,1,-1,0,2,0,0,0,0,1,-1,1,-1,1,-1,-1,1,-1,1,1,-1,-1,1,0,0,1,-1,1,-1,-1,1,0,0,0,0,-1,1,-1,1,-1,1,1,-1,-1,1,1,-1,0,0,1,-1,0,0,1,-1,0,0,1,-1,1,-1,1,-1,0,0,1,-1,1,-1,0,2,-1,1,1,-1,-1,1,0,2,1,-1,1,-1,1,-1,0,0,1,-1,1,-1,-1,1,0,0,1,-1,0,2,1,-1,1,-1
AVGO,2022-09-01 16:26:00,AMC,0.008135041692088672,0.02847264592231035,0.011413825152472433,NQ,timed,894.0,130.0,107.5,0,0,1,-1,-1,1,1,0,1,-1,1,-1,1,-1,1,-1,0,0,1,-1,-1,1,0,2,0,0,1,-1,1,-1,1,-1,1,-1,1,-1,0,0,-1,1,-1,1,0,0,1,-1,1,-1,0,0,0,-1,0,0,0,0,0,0,-1,1,-1,1,1,-1,0,0,-1,1,0,0,-1,1,-1,1,1,-1,-1,1,1,-1,0,0,1,-1,1,-1,-1,1,1,-1,1,-1,0,0,1,-1,0,0,1,-1,1,-1,1,-1,1,-1,1,-1,1,-1,1,-1,1,-1,1,-1,0,0,1,-1,1,-1,0,0,0,2,0,0,1,-1,0,0,0,2,0,0,0,2,1,-1,1,-1,-1,1,-1,1,1,-1,1,-1,1,-1,1,-1,1,-1,-1,1,-1,1,1,-1,0,0,0,0,-1,1,0,0,1,-1,1,0,-1,1,1,-1,0,0,1,-1,-1,1,1,-1,1,-1,-1,1,0,0,0,0,0,2,0,0,1,-1,1,-1,1,-1,0,0,1,-1,1,-1,-1,1,0,0,1,-1,-1,1,1,-1,-1,1,-1,1,1,-1,1,-1,1,-1,0,2,0,0,0,0,-1,1,1,-1,-1,1,-1,1,1,-1,1,-1,1,-1,1,-1,-1,1,1,-1,1,-1,0,0,0,2,-1,1,1,-1,1,-1,1,-1,-1,1,1,-1,0,0,-1,1,0,0,0,0,1,-1,-1,1,-1,1,-1,1,0,0,-1,1,-1,1,0,0,1,-1,1,-1,-1,1,0,0,-1,1,-1,1,1,-1,1,-1,1,-1,1,-1,1,-1,1,-1,-1,1,0,2,0,0,1,-1
MU,2022-09-29 16:00:31,AMC,0.09793883274718425,0.031161662252097846,0.03149147185020593,NQ,tp,77.0,896.5799999999945,874.0799999999945,0,0,1,-1,1,-1,1,0,1,-1,1,-1,-1,1,1,-1,1,-1,1,-1,1,-1,0,0,0,0,1,-1,1,-1,1,-1,1,-1,1,-1,0,0,0,0,0,0,0,0,1,-1,1,-1,0,0,0,-1,0,0,0,0,0,0,1,-1,1,-1,1,-1,0,0,1,-1,-1,1,1,-1,0,0,1,-1,1,-1,1,-1,0,0,1,-1,1,-1,1,-1,1,-1,1,-1,0,0,0,0,-1,1,1,-1,1,-1,1,-1,1,-1,-1,1,1,-1,1,-1,-1,1,1,-1,0,0,1,-1,1,-1,0,0,0,0,1,-1,1,-1,0,0,0,0,0,0,0,2,1,-1,1,-1,1,-1,1,-1,1,-1,1,-1,1,-1,1,-1,1,-1,1,-1,-1,1,-1,1,0,0,0,0,1,-1,0,0,1,-1,1,0,-1,1,1,-1,0,0,1,-1,1,-1,1,-1,1,-1,1,-1,1,-1,0,0,0,0,0,0,1,-1,-1,1,-1,1,-1,1,-1,1,-1,1,-1,1,0,0,1,-1,1,-1,1,-1,1,-1,-1,1,1,-1,-1,1,1,-1,0,0,0,0,0,0,1,-1,1,-1,1,-1,1,-1,-1,1,1,-1,-1,1,1,-1,1,-1,1,-1,-1,1,0,0,0,0,1,-1,1,-1,1,-1,1,-1,1,-1,1,-1,0,0,1,-1,0,0,-1,1,1,-1,-1,1,1,-1,-1,1,0,0,1,-1,-1,1,0,2,1,-1,1,-1,1,-1,0,0,1,-1,1,-1,-1,1,1,-1,1,-1,1,-1,1,-1,1,-1,1,-1,0,0,0,0,1,-1
AMD,2022-10-06 16:20:03,AMC,0.08687342541916428,0.0,0.018441523605150216,NQ,stopped_pre,-136.0,-230.90000000000146,-253.40000000000146,0,0,-1,1,-1,1,0,2,-1,1,-1,1,-1,1,-1,1,0,0,-1,1,-1,1,0,2,0,0,-1,1,-1,1,-1,1,-1,1,-1,1,0,0,1,-1,0,0,0,0,-1,1,-1,1,0,2,0,-1,0,0,0,0,-1,1,-1,1,-1,1,-1,1,0,0,1,-1,-1,1,-1,1,-1,1,1,-1,-1,1,-1,1,0,0,-1,1,-1,1,1,-1,-1,1,-1,1,-1,1,-1,1,0,0,-1,1,-1,1,-1,1,-1,1,-1,1,-1,1,-1,1,-1,1,-1,1,0,0,-1,1,-1,1,0,0,0,0,0,0,-1,1,0,0,0,0,0,0,0,2,-1,1,-1,1,1,-1,-1,1,-1,1,-1,1,-1,1,-1,1,-1,1,1,-1,1,-1,1,-1,0,0,0,2,-1,1,0,0,-1,1,-1,0,1,-1,-1,1,0,0,-1,1,1,-1,-1,1,-1,1,1,-1,0,0,0,0,0,0,0,0,-1,1,-1,1,-1,1,0,0,-1,1,-1,1,1,-1,0,0,1,-1,-1,1,-1,1,1,-1,1,-1,-1,1,-1,1,-1,1,0,2,0,0,0,0,-1,1,-1,1,-1,1,-1,1,1,-1,-1,1,-1,1,-1,1,-1,1,-1,1,-1,1,0,0,0,2,1,-1,-1,1,1,-1,-1,1,-1,1,-1,1,0,0,1,-1,0,0,-1,1,-1,1,1,-1,1,-1,-1,1,0,0,1,-1,1,-1,0,2,-1,1,-1,1,-1,1,0,2,1,-1,1,-1,-1,1,-1,1,-1,1,-1,1,-1,1,-1,1,-1,1,0,0,0,0,-1,1
NFLX,2022-10-18 16:06:07,AMC,0.04431838326537848,0.28363765289842224,0.025079598819047543,NQ,tp,-181.0,897.4399999999878,874.9399999999878,0,0,1,-1,1,-1,1,0,0,0,1,-1,-1,1,1,-1,0,0,0,0,1,-1,0,0,0,0,1,-1,1,-1,1,-1,1,-1,1,-1,0,1,1,-1,1,-1,1,-1,1,-1,1,-1,0,0,0,-1,0,-1,0,0,1,-1,1,-1,1,-1,-1,1,0,0,-1,1,0,0,1,-1,1,-1,1,-1,1,-1,1,-1,0,0,1,-1,1,-1,-1,1,1,-1,1,-1,1,-1,1,-1,-1,1,1,-1,1,-1,1,-1,1,-1,1,-1,1,-1,1,-1,1,-1,1,-1,0,0,1,-1,0,0,0,0,0,0,0,0,1,-1,0,0,0,0,0,0,0,0,1,-1,1,-1,0,0,-1,1,1,-1,1,-1,1,-1,1,-1,1,-1,1,-1,-1,1,1,-1,0,0,0,2,1,-1,0,0,1,-1,1,0,1,-1,1,-1,0,0,1,-1,1,-1,1,-1,1,-1,1,-1,1,-1,0,0,0,0,0,0,1,-1,0,0,1,-1,0,0,1,-1,1,-1,1,-1,0,0,1,-1,-1,1,-1,1,1,-1,1,-1,1,-1,1,-1,1,-1,0,0,0,0,0,0,-1,1,1,-1,-1,1,1,-1,1,-1,1,-1,1,-1,1,-1,-1,1,0,0,-1,1,0,0,0,2,-1,1,1,-1,-1,1,1,-1,1,-1,1,-1,0,0,-1,1,0,0,0,0,1,-1,-1,1,-1,1,-1,1,0,2,1,-1,1,-1,0,0,1,-1,1,-1,1,-1,0,0,-1,1,1,-1,-1,1,1,-1,-1,1,1,-1,1,-1,1,-1,1,-1,0,0,0,0,-1,1
GOOGL,2022-10-25 16:01:23,AMC,0.32704886494805696,0.9661422708618331,0.09302152518092688,NQ,stopped_pre,-25.0,-234.1400000000067,-256.6400000000067,0,0,-1,1,-1,1,0,2,0,0,-1,1,1,-1,-1,1,-1,1,-1,1,1,-1,0,0,0,0,-1,1,-1,1,-1,1,-1,1,-1,1,0,0,0,0,-1,1,-1,1,-1,1,-1,1,0,0,0,1,0,0,0,2,0,0,-1,1,-1,1,-1,1,0,0,-1,1,1,-1,-1,1,-1,1,1,-1,1,-1,-1,1,0,2,-1,1,-1,1,-1,1,-1,1,-1,1,0,0,0,0,-1,1,-1,1,0,0,0,0,-1,1,-1,1,-1,1,1,-1,-1,1,-1,1,0,0,-1,1,0,0,0,0,0,0,0,0,0,0,0,0,0,0,-1,1,0,2,-1,1,1,-1,-1,1,1,-1,-1,1,-1,1,-1,1,-1,1,-1,1,-1,1,-1,1,1,-1,0,0,0,0,-1,1,-1,1,-1,1,-1,0,-1,1,-1,1,0,0,-1,1,-1,1,-1,1,1,-1,1,-1,1,-1,0,0,0,0,0,0,-1,1,1,-1,1,-1,1,-1,1,-1,1,-1,-1,1,0,0,-1,1,0,0,1,-1,-1,1,-1,1,0,0,-1,1,-1,1,0,0,0,0,0,0,-1,1,-1,1,1,-1,-1,1,-1,1,1,-1,1,-1,0,0,-1,1,0,0,1,-1,0,0,0,0,-1,1,-1,1,1,-1,-1,1,-1,1,-1,1,0,0,1,-1,0,0,-1,1,0,0,-1,1,-1,1,-1,1,0,0,1,-1,-1,1,0,0,-1,1,-1,1,1,-1,0,0,-1,1,-1,1,1,-1,0,0,1,-1,-1,1,-1,1,-1,1,-1,1,0,0,-1,1,-1,1
MSFT,2022-10-25 16:02:59,AMC,0.3066497973538052,0.7699071393338909,0.08790838800797052,NQ,stopped_pre,-121.0,-234.16000000001077,-256.66000000001077,0,0,-1,1,-1,1,0,2,0,0,1,-1,1,-1,-1,1,-1,1,-1,1,1,-1,0,0,0,0,-1,1,1,-1,-1,1,-1,1,-1,1,0,0,0,0,0,0,-1,1,-1,1,-1,1,0,0,0,-1,0,0,0,2,0,0,-1,1,-1,1,-1,1,0,0,-1,1,1,-1,-1,1,-1,1,1,-1,1,-1,-1,1,0,0,-1,1,-1,1,-1,1,-1,1,-1,1,0,0,0,0,0,0,-1,1,0,0,0,0,-1,1,-1,1,-1,1,1,-1,1,-1,-1,1,0,0,-1,1,0,0,0,0,0,0,0,0,0,0,0,0,0,0,0,0,0,0,-1,1,1,-1,-1,1,-1,1,1,-1,-1,1,-1,1,-1,1,-1,1,-1,1,-1,1,1,-1,0,0,0,0,-1,1,0,0,-1,1,-1,0,-1,1,-1,1,0,0,-1,1,-1,1,-1,1,1,-1,1,-1,-1,1,0,0,0,0,0,0,-1,1,1,-1,1,-1,1,-1,1,-1,1,-1,-1,1,0,0,-1,1,0,0,1,-1,-1,1,-1,1,0,0,-1,1,-1,1,0,0,0,0,0,0,-1,1,-1,1,1,-1,-1,1,1,-1,1,-1,1,-1,0,0,-1,1,0,0,-1,1,0,0,0,0,-1,1,-1,1,1,-1,-1,1,-1,1,-1,1,0,0,1,-1,0,0,0,0,0,0,-1,1,-1,1,-1,1,0,0,1,-1,-1,1,0,0,-1,1,-1,1,1,-1,0,0,1,-1,-1,1,1,-1,0,0,1,-1,-1,1,-1,1,-1,1,-1,1,0,0,-1,1,-1,1
META,2022-10-26 16:19:09,AMC,0.08735341005874517,0.06333260537235205,0.0386946988262608,NQ,stopped_pre,-212.0,-229.20500000000175,-251.70500000000175,0,0,-1,1,1,-1,0,2,-1,1,1,-1,-1,1,-1,1,0,0,-1,1,1,-1,0,0,0,2,-1,1,1,-1,-1,1,1,-1,1,-1,0,0,0,0,-1,1,0,0,-1,1,1,-1,0,0,0,-1,0,1,0,0,1,-1,1,-1,1,-1,-1,1,0,0,-1,1,-1,1,-1,1,0,0,1,-1,1,-1,-1,1,0,2,1,-1,1,-1,-1,1,-1,1,1,-1,0,0,1,-1,1,-1,-1,1,0,0,0,0,-1,1,1,-1,-1,1,-1,1,1,-1,-1,1,0,0,1,-1,1,-1,0,0,0,0,0,0,-1,1,0,0,0,0,0,0,0,2,-1,1,-1,1,0,0,-1,1,1,-1,1,-1,-1,1,-1,1,1,-1,-1,1,-1,1,-1,1,0,0,0,2,-1,1,0,0,1,-1,1,0,-1,1,-1,1,0,2,1,-1,1,-1,-1,1,-1,1,1,-1,0,0,0,0,0,0,0,0,1,-1,0,0,-1,1,0,0,-1,1,-1,1,-1,1,0,0,-1,1,1,-1,1,-1,1,-1,-1,1,0,0,-1,1,-1,1,0,0,0,0,0,0,-1,1,1,-1,1,-1,1,-1,1,-1,1,-1,1,-1,0,0,-1,1,-1,1,1,-1,0,0,0,0,-1,1,-1,1,-1,1,1,-1,-1,1,1,-1,0,0,1,-1,0,0,0,0,-1,1,1,-1,-1,1,-1,1,0,0,1,-1,1,-1,0,0,-1,1,-1,1,-1,1,0,0,1,-1,1,-1,-1,1,-1,1,1,-1,-1,1,-1,1,0,0,1,-1,0,0,0,0,1,-1
INTC,2022-10-27 16:02:53,AMC,0.39748484167976644,0.9431843700875815,0.0322338025142366,NQ,stopped_pre,-236.0,-224.69499999999243,-247.19499999999243,0,2,-1,1,-1,1,-1,0,-1,1,-1,1,-1,1,-1,1,-1,1,-1,1,-1,1,0,0,0,0,-1,1,-1,1,-1,1,-1,1,-1,1,0,-1,0,0,-1,1,-1,1,-1,1,-1,1,0,0,0,1,0,1,0,0,-1,1,-1,1,1,-1,1,-1,0,0,-1,1,-1,1,-1,1,-1,1,-1,1,1,-1,-1,1,0,0,-1,1,-1,1,-1,1,-1,1,-1,1,-1,1,-1,1,0,0,-1,1,-1,1,0,0,-1,1,-1,1,-1,1,-1,1,-1,1,-1,1,-1,1,-1,1,0,0,0,0,0,0,-1,1,-1,1,0,0,0,0,-1,1,0,0,-1,1,-1,1,-1,1,0,0,-1,1,-1,1,-1,1,1,-1,-1,1,-1,1,-1,1,1,-1,0,2,0,0,-1,1,-1,1,-1,1,-1,0,-1,1,-1,1,0,0,-1,1,1,-1,-1,1,-1,1,-1,1,0,0,0,0,0,0,0,0,-1,1,-1,1,-1,1,-1,1,-1,1,-1,1,-1,1,0,0,-1,1,1,-1,-1,1,-1,1,-1,1,-1,1,1,-1,-1,1,0,0,0,0,0,0,-1,1,1,-1,-1,1,1,-1,-1,1,1,-1,1,-1,-1,1,-1,1,-1,1,1,-1,0,2,0,0,1,-1,1,-1,-1,1,-1,1,-1,1,-1,1,0,0,1,-1,0,0,-1,1,-1,1,-1,1,-1,1,-1,1,0,0,-1,1,-1,1,0,0,1,-1,-1,1,1,-1,0,0,1,-1,-1,1,-1,1,-1,1,1,-1,1,-1,1,-1,-1,1,-1,1,0,0,-1,1,1,-1
AMZN,2022-10-27 16:09:35,AMC,0.031647000316470004,0.47929101103273647,0.02296949650863653,NQ,tp,-269.0,884.8199999999997,862.3199999999997,0,2,-1,1,-1,1,-1,0,-1,1,-1,1,-1,1,-1,1,-1,1,-1,1,-1,1,0,0,0,0,-1,1,-1,1,-1,1,-1,1,-1,1,0,-1,0,0,-1,1,-1,1,-1,1,-1,1,0,0,0,1,0,1,0,0,-1,1,-1,1,1,-1,1,-1,0,0,-1,1,-1,1,-1,1,-1,1,-1,1,1,-1,-1,1,0,0,-1,1,-1,1,-1,1,-1,1,-1,1,-1,1,-1,1,0,0,-1,1,-1,1,-1,1,-1,1,-1,1,-1,1,-1,1,-1,1,-1,1,-1,1,-1,1,-1,1,0,0,0,0,0,0,-1,1,0,0,0,0,-1,1,0,0,-1,1,-1,1,-1,1,0,0,-1,1,-1,1,-1,1,1,-1,-1,1,-1,1,-1,1,-1,1,0,2,0,0,-1,1,-1,1,-1,1,-1,0,-1,1,-1,1,0,2,-1,1,-1,1,-1,1,-1,1,-1,1,0,0,0,2,0,0,0,0,1,-1,-1,1,-1,1,-1,1,-1,1,-1,1,-1,1,0,0,-1,1,-1,1,-1,1,-1,1,-1,1,-1,1,1,-1,-1,1,0,0,0,0,0,0,-1,1,1,-1,1,-1,1,-1,-1,1,1,-1,1,-1,-1,1,-1,1,-1,1,1,-1,0,2,0,0,1,-1,1,-1,-1,1,-1,1,-1,1,-1,1,0,0,1,-1,0,0,-1,1,-1,1,1,-1,-1,1,-1,1,0,0,-1,1,-1,1,0,0,1,-1,-1,1,1,-1,0,0,1,-1,-1,1,-1,1,-1,1,1,-1,1,-1,1,-1,-1,1,-1,1,0,0,-1,1,1,-1
AAPL,2022-10-27 16:30:22,AMC,0.717334059747571,0.626503836201026,0.21793807224048897,NQ,stopped_pre,-175.0,-220.19499999998516,-242.69499999998516,0,0,1,-1,-1,1,-1,0,-1,1,-1,1,-1,1,-1,1,-1,1,-1,1,1,-1,0,0,0,0,-1,1,-1,1,-1,1,-1,1,-1,1,0,0,0,0,0,0,-1,1,-1,1,-1,1,0,2,0,1,0,1,0,0,0,0,-1,1,-1,1,1,-1,0,0,-1,1,-1,1,-1,1,0,0,-1,1,1,-1,1,-1,0,2,-1,1,-1,1,1,-1,-1,1,-1,1,-1,1,0,0,0,0,-1,1,-1,1,-1,1,-1,1,-1,1,-1,1,-1,1,-1,1,-1,1,-1,1,-1,1,-1,1,0,0,0,0,0,0,-1,1,0,0,0,2,0,0,0,0,-1,1,-1,1,-1,1,0,0,-1,1,-1,1,-1,1,1,-1,-1,1,1,-1,1,-1,1,-1,0,0,0,0,-1,1,0,0,-1,1,-1,0,1,-1,-1,1,0,0,-1,1,-1,1,-1,1,-1,1,-1,1,0,0,0,0,0,2,0,0,-1,1,-1,1,-1,1,-1,1,-1,1,-1,1,1,-1,0,0,-1,1,0,0,-1,1,-1,1,-1,1,-1,1,1,-1,-1,1,0,0,0,0,0,0,1,-1,1,-1,1,-1,1,-1,-1,1,1,-1,1,-1,-1,1,1,-1,-1,1,1,-1,0,0,0,2,1,-1,1,-1,-1,1,-1,1,-1,1,-1,1,0,0,1,-1,0,0,0,0,-1,1,1,-1,1,-1,-1,1,0,0,-1,1,-1,1,0,2,1,-1,-1,1,-1,1,0,2,1,-1,-1,1,-1,1,-1,1,-1,1,-1,1,1,-1,-1,1,-1,1,0,0,0,0,-1,1
AMD,2022-11-01 16:17:39,AMC,0.026554547466253596,0.14827273330825236,0.026247071932333516,NQ,stopped_pre,-95.0,-226.00500000000466,-248.50500000000466,0,2,1,-1,-1,1,-1,0,-1,1,-1,1,-1,1,-1,1,-1,1,-1,1,-1,1,0,0,0,2,-1,1,-1,1,-1,1,-1,1,-1,1,0,0,0,0,0,0,-1,1,-1,1,-1,1,0,2,0,1,0,1,0,0,-1,1,-1,1,1,-1,1,-1,0,0,-1,1,-1,1,-1,1,-1,1,-1,1,1,-1,-1,1,0,0,-1,1,-1,1,-1,1,-1,1,-1,1,-1,1,-1,1,-1,1,-1,1,-1,1,-1,1,-1,1,-1,1,-1,1,-1,1,-1,1,-1,1,-1,1,-1,1,-1,1,0,0,0,0,0,0,-1,1,0,0,0,2,-1,1,0,0,-1,1,-1,1,-1,1,0,0,-1,1,-1,1,-1,1,1,-1,-1,1,1,-1,-1,1,1,-1,0,2,0,0,-1,1,-1,1,-1,1,-1,0,-1,1,-1,1,0,0,-1,1,-1,1,-1,1,1,-1,-1,1,0,0,0,2,0,0,0,0,-1,1,-1,1,-1,1,-1,1,-1,1,-1,1,-1,1,0,0,-1,1,1,-1,-1,1,-1,1,-1,1,-1,1,1,-1,-1,1,0,0,0,0,0,0,-1,1,1,-1,1,-1,1,-1,-1,1,1,-1,1,-1,-1,1,-1,1,-1,1,1,-1,0,0,0,0,1,-1,1,-1,-1,1,-1,1,-1,1,-1,1,0,0,1,-1,0,0,-1,1,-1,1,1,-1,-1,1,-1,1,0,0,-1,1,-1,1,0,0,-1,1,-1,1,-1,1,0,0,1,-1,-1,1,-1,1,-1,1,1,-1,1,-1,1,-1,-1,1,-1,1,0,0,-1,1,-1,1
NVDA,2022-11-16 16:21:18,AMC,0.06565849112551363,0.25626906133514066,0.060662229336928136,NQ,stopped_pre,-64.0,-235.3649999999834,-257.8649999999834,0,0,1,-1,1,-1,1,0,1,-1,-1,1,-1,1,1,-1,0,0,1,-1,-1,1,0,0,0,0,1,-1,1,-1,1,-1,1,-1,-1,1,0,0,1,-1,0,0,0,0,1,-1,1,-1,0,2,0,-1,0,-1,0,0,-1,1,1,-1,1,-1,1,-1,0,0,1,-1,-1,1,1,-1,0,0,1,-1,-1,1,1,-1,0,0,1,-1,1,-1,1,-1,1,-1,1,-1,1,-1,0,0,1,-1,1,-1,1,-1,1,-1,1,-1,1,-1,1,-1,1,-1,-1,1,1,-1,1,-1,1,-1,0,0,0,0,0,0,1,-1,1,-1,0,0,0,2,0,0,0,0,1,-1,1,-1,1,-1,0,0,-1,1,1,-1,-1,1,-1,1,1,-1,1,-1,1,-1,-1,1,0,0,0,0,1,-1,0,0,1,-1,1,0,1,-1,1,-1,0,0,1,-1,1,-1,1,-1,-1,1,1,-1,0,0,0,0,0,0,0,0,1,-1,0,0,-1,1,-1,1,-1,1,-1,1,1,-1,0,0,1,-1,1,-1,1,-1,1,-1,1,-1,1,-1,-1,1,1,-1,0,0,0,0,0,0,1,-1,1,-1,-1,1,-1,1,1,-1,1,-1,-1,1,1,-1,1,-1,0,0,-1,1,0,0,0,0,1,-1,1,-1,1,-1,1,-1,1,-1,1,-1,0,0,-1,1,0,0,0,0,1,-1,-1,1,1,-1,1,-1,0,0,1,-1,1,-1,0,2,1,-1,1,-1,-1,1,0,0,-1,1,1,-1,-1,1,1,-1,1,-1,1,-1,1,-1,1,-1,1,-1,0,0,0,0,1,-1
AVGO,2022-12-08 16:21:25,AMC,0.0021460609052084897,0.0042921218104169795,0.011022320198401764,NQ,timed,899.0,125.0,102.5,0,0,-1,1,-1,1,0,2,1,-1,1,-1,1,-1,1,-1,0,0,1,-1,1,-1,0,2,0,2,1,-1,0,0,-1,1,1,-1,1,-1,0,0,1,-1,0,0,0,0,1,-1,1,-1,0,2,0,1,0,-1,0,0,0,0,1,-1,-1,1,1,-1,0,0,-1,1,1,-1,-1,1,0,0,-1,1,-1,1,-1,1,0,0,-1,1,1,-1,-1,1,-1,1,1,-1,0,0,1,-1,1,-1,1,-1,1,-1,-1,1,-1,1,-1,1,1,-1,1,-1,-1,1,1,-1,0,0,1,-1,0,0,0,0,0,2,0,0,1,-1,0,0,0,2,0,0,0,0,1,-1,1,-1,1,-1,0,0,1,-1,1,-1,1,-1,-1,1,1,-1,1,-1,1,-1,-1,1,0,0,0,0,-1,1,1,-1,1,-1,-1,0,-1,1,1,-1,0,0,1,-1,-1,1,1,-1,1,-1,-1,1,0,0,0,0,0,2,0,0,1,-1,1,-1,1,-1,1,-1,1,-1,1,-1,-1,1,0,0,-1,1,0,0,-1,1,-1,1,1,-1,1,-1,1,-1,1,-1,0,2,0,0,0,0,-1,1,1,-1,1,-1,-1,1,-1,1,-1,1,1,-1,0,0,-1,1,1,-1,-1,1,0,0,0,2,1,-1,-1,1,-1,1,1,-1,1,-1,-1,1,0,0,1,-1,0,0,1,-1,0,0,-1,1,1,-1,-1,1,0,2,-1,1,1,-1,0,2,-1,1,1,-1,-1,1,0,2,-1,1,-1,1,1,-1,0,0,-1,1,-1,1,-1,1,1,-1,-1,1,0,2,0,0,-1,1
MU,2022-12-21 16:00:43,AMC,0.006616090331686662,0.14775609218215902,0.03289040915668991,NQ,timed,898.0,415.0,392.5,0,0,-1,1,-1,1,0,2,0,0,1,-1,1,-1,-1,1,0,0,-1,1,1,-1,0,0,0,2,-1,1,-1,1,-1,1,1,-1,1,-1,0,0,-1,1,0,0,0,0,-1,1,-1,1,0,0,0,-1,0,0,0,0,0,0,-1,1,-1,1,1,-1,0,0,-1,1,1,-1,-1,1,0,0,1,-1,-1,1,-1,1,0,2,-1,1,1,-1,-1,1,1,-1,-1,1,0,0,1,-1,1,-1,-1,1,0,0,0,0,-1,1,1,-1,1,-1,-1,1,1,-1,1,-1,0,0,1,-1,-1,1,0,0,0,0,0,0,-1,1,0,0,0,0,0,0,0,2,1,-1,-1,1,-1,1,-1,1,1,-1,1,-1,1,-1,-1,1,1,-1,1,-1,-1,1,-1,1,0,0,0,0,-1,1,0,0,-1,1,-1,0,-1,1,-1,1,0,0,1,-1,-1,1,-1,1,1,-1,-1,1,0,0,0,0,0,0,0,0,1,-1,1,-1,1,-1,1,-1,1,-1,1,-1,-1,1,0,0,-1,1,0,0,-1,1,1,-1,-1,1,-1,1,1,-1,1,-1,0,0,0,0,0,0,-1,1,1,-1,-1,1,-1,1,-1,1,1,-1,1,-1,-1,1,-1,1,-1,1,-1,1,0,0,0,0,1,-1,1,-1,-1,1,1,-1,-1,1,1,-1,0,0,1,-1,0,0,0,0,-1,1,1,-1,-1,1,-1,1,0,0,-1,1,-1,1,0,0,-1,1,-1,1,1,-1,0,0,-1,1,-1,1,1,-1,0,0,1,-1,-1,1,1,-1,0,0,-1,1,0,0,0,0,-1,1
NFLX,2023-01-19 16:51:04,AMC,0.0,0.05924690599490916,0.026077319251580938,NQ,timed,535.0,10.0,-12.5,0,0,-1,1,1,-1,0,2,1,-1,-1,1,1,-1,1,-1,0,0,1,-1,-1,1,0,2,0,0,1,-1,0,0,1,-1,1,-1,-1,1,0,0,0,0,0,0,0,0,-1,1,1,-1,0,0,0,-1,0,0,0,0,0,0,1,-1,1,-1,-1,1,0,0,1,-1,-1,1,1,-1,0,0,1,-1,-1,1,-1,1,0,0,1,-1,1,-1,1,-1,1,-1,1,-1,0,0,0,0,1,-1,1,-1,1,-1,0,0,1,-1,-1,1,1,-1,1,-1,-1,1,1,-1,0,0,-1,1,0,0,0,2,0,2,0,0,1,-1,0,0,0,2,0,0,0,2,1,-1,1,-1,1,-1,1,-1,-1,1,1,-1,-1,1,-1,1,1,-1,1,-1,1,-1,-1,1,0,0,0,0,1,-1,0,0,1,-1,1,0,1,-1,1,-1,0,0,1,-1,1,-1,1,-1,-1,1,1,-1,0,0,0,0,0,2,0,0,1,-1,0,0,-1,1,-1,1,-1,1,-1,1,1,-1,0,0,1,-1,0,0,1,-1,1,-1,-1,1,0,0,1,-1,-1,1,0,2,0,0,0,0,-1,1,1,-1,-1,1,1,-1,-1,1,-1,1,-1,1,1,-1,1,-1,0,0,1,-1,0,0,0,2,-1,1,1,-1,1,-1,-1,1,1,-1,-1,1,0,0,1,-1,0,0,0,0,1,-1,-1,1,1,-1,1,-1,0,0,1,-1,1,-1,0,2,-1,1,1,-1,-1,1,0,0,-1,1,1,-1,1,-1,1,-1,1,-1,1,-1,1,-1,1,-1,1,-1,0,2,0,0,1,-1
MSFT,2023-01-24 16:28:00,AMC,0.010435145570280704,0.07931372753647388,0.08855674111192707,NQ,stopped_pre,-195.0,-239.6849999999904,-262.1849999999904,0,0,-1,1,1,-1,1,0,1,-1,-1,1,1,-1,1,-1,0,0,1,-1,-1,1,0,0,0,0,1,-1,0,0,1,-1,1,-1,1,-1,0,0,0,0,0,0,0,0,1,-1,1,-1,0,2,0,-1,0,-1,0,0,0,0,1,-1,-1,1,1,-1,0,0,-1,1,1,-1,-1,1,0,0,1,-1,-1,1,-1,1,0,2,1,-1,1,-1,-1,1,-1,1,1,-1,0,0,1,-1,0,0,1,-1,1,-1,1,-1,-1,1,-1,1,1,-1,1,-1,1,-1,1,-1,0,0,1,-1,1,-1,0,0,0,2,0,0,1,-1,0,0,0,2,0,0,0,0,1,-1,1,-1,1,-1,0,0,1,-1,1,-1,1,-1,1,-1,1,-1,-1,1,-1,1,-1,1,0,0,0,2,-1,1,0,0,1,-1,-1,0,-1,1,1,-1,0,0,1,-1,-1,1,1,-1,1,-1,1,-1,0,0,0,0,0,2,0,0,1,-1,0,0,1,-1,1,-1,1,-1,1,-1,-1,1,0,0,1,-1,0,0,1,-1,-1,1,-1,1,1,-1,-1,1,1,-1,0,2,0,0,0,0,-1,1,1,-1,-1,1,-1,1,-1,1,1,-1,1,-1,1,-1,-1,1,1,-1,-1,1,0,0,0,2,-1,1,1,-1,-1,1,1,-1,1,-1,-1,1,0,0,-1,1,0,0,-1,1,1,-1,-1,1,-1,1,-1,1,0,0,-1,1,1,-1,0,0,1,-1,1,-1,-1,1,0,2,-1,1,-1,1,1,-1,0,0,1,-1,1,-1,1,-1,1,-1,-1,1,0,2,-1,1,-1,1
TSLA,2023-01-25 16:41:18,AMC,0.018968533310852107,0.13066110303260206,0.011607661056297156,NQ,timed,900.0,275.0,252.5,0,0,-1,1,-1,1,0,2,-1,1,-1,1,1,-1,-1,1,0,0,-1,1,-1,1,0,2,0,2,-1,1,0,0,-1,1,-1,1,-1,1,0,0,0,0,-1,1,-1,1,-1,1,-1,1,0,2,0,1,0,0,0,2,-1,1,-1,1,-1,1,-1,1,0,0,-1,1,0,0,-1,1,-1,1,1,-1,1,-1,-1,1,0,2,-1,1,-1,1,-1,1,-1,1,-1,1,-1,1,-1,1,0,0,-1,1,-1,1,1,-1,1,-1,-1,1,-1,1,-1,1,-1,1,-1,1,0,0,-1,1,-1,1,0,0,0,2,0,0,-1,1,0,0,0,2,0,0,0,2,-1,1,-1,1,-1,1,0,0,-1,1,-1,1,-1,1,-1,1,-1,1,-1,1,-1,1,1,-1,0,0,0,2,-1,1,-1,1,-1,1,-1,0,-1,1,-1,1,0,0,-1,1,1,-1,-1,1,-1,1,-1,1,0,0,0,0,0,2,0,0,-1,1,0,0,1,-1,0,0,-1,1,-1,1,-1,1,0,0,-1,1,1,-1,1,-1,-1,1,-1,1,0,0,-1,1,-1,1,0,2,0,0,0,0,-1,1,-1,1,1,-1,-1,1,-1,1,-1,1,1,-1,-1,1,-1,1,0,0,-1,1,0,0,0,2,1,-1,1,-1,-1,1,-1,1,1,-1,-1,1,0,0,1,-1,0,0,-1,1,-1,1,-1,1,-1,1,-1,1,0,2,-1,1,-1,1,0,2,-1,1,-1,1,-1,1,0,2,1,-1,-1,1,1,-1,-1,1,-1,1,-1,1,1,-1,-1,1,-1,1,0,2,0,0,-1,1
INTC,2023-01-26 16:06:30,AMC,0.004137018037398643,0.11790989201936204,0.03259204438492422,NQ,stopped_pre,-268.0,-242.07500000000437,-264.57500000000437,0,0,1,-1,1,-1,0,2,1,-1,1,-1,1,-1,1,-1,0,0,1,-1,-1,1,0,0,0,0,1,-1,0,0,1,-1,1,-1,1,-1,0,0,0,0,0,0,1,-1,1,-1,1,-1,0,0,0,-1,0,-1,0,0,0,0,1,-1,1,-1,1,-1,0,0,1,-1,1,-1,1,-1,1,-1,1,-1,-1,1,1,-1,0,2,1,-1,1,-1,1,-1,1,-1,1,-1,1,-1,0,0,0,0,1,-1,1,-1,1,-1,1,-1,1,-1,1,-1,1,-1,1,-1,1,-1,1,-1,1,-1,1,-1,0,0,0,0,1,-1,1,-1,0,0,0,0,1,-1,0,2,1,-1,1,-1,1,-1,0,0,1,-1,1,-1,1,-1,1,-1,1,-1,1,-1,1,-1,-1,1,0,0,0,0,1,-1,1,-1,1,-1,1,0,1,-1,1,-1,0,0,1,-1,-1,1,1,-1,1,-1,1,-1,0,0,0,0,0,0,0,0,1,-1,1,-1,1,-1,1,-1,1,-1,1,-1,1,-1,0,0,1,-1,1,-1,1,-1,1,-1,1,-1,1,-1,-1,1,1,-1,0,0,0,0,0,0,1,-1,1,-1,-1,1,-1,1,1,-1,1,-1,-1,1,1,-1,1,-1,1,-1,-1,1,0,0,0,0,-1,1,1,-1,1,-1,1,-1,1,-1,1,-1,0,0,-1,1,0,0,1,-1,1,-1,-1,1,1,-1,1,-1,0,0,1,-1,1,-1,0,2,1,-1,1,-1,1,-1,0,0,-1,1,1,-1,1,-1,1,-1,-1,1,1,-1,1,-1,1,-1,1,-1,0,0,1,-1,1,-1
AMD,2023-01-31 16:55:24,AMC,0.012385179069047372,0.016512890375049022,0.026554547466253596,NQ,timed,275.0,85.0,62.5,0,0,-1,1,1,-1,0,2,-1,1,-1,1,1,-1,-1,1,-1,1,-1,1,1,-1,0,2,0,2,-1,1,-1,1,-1,1,-1,1,-1,1,0,0,1,-1,-1,1,-1,1,-1,1,1,-1,0,2,0,1,0,0,0,0,0,0,1,-1,-1,1,-1,1,0,0,-1,1,1,-1,-1,1,-1,1,-1,1,-1,1,-1,1,0,0,-1,1,-1,1,-1,1,-1,1,-1,1,-1,1,-1,1,0,0,-1,1,-1,1,-1,1,-1,1,-1,1,-1,1,-1,1,-1,1,-1,1,-1,1,-1,1,0,0,0,2,0,2,-1,1,-1,1,0,0,0,2,-1,1,0,0,-1,1,-1,1,-1,1,0,0,-1,1,-1,1,-1,1,1,-1,-1,1,-1,1,1,-1,1,-1,0,0,0,0,-1,1,0,0,-1,1,-1,0,-1,1,-1,1,0,0,-1,1,-1,1,-1,1,-1,1,-1,1,0,0,0,0,0,2,0,0,-1,1,1,-1,1,-1,1,-1,1,-1,1,-1,-1,1,0,0,-1,1,1,-1,1,-1,-1,1,-1,1,0,0,-1,1,-1,1,0,2,0,0,0,0,-1,1,-1,1,1,-1,-1,1,1,-1,-1,1,1,-1,-1,1,-1,1,0,0,1,-1,0,0,0,2,1,-1,1,-1,-1,1,-1,1,-1,1,-1,1,1,-1,1,-1,1,-1,-1,1,-1,1,-1,1,-1,1,-1,1,0,2,-1,1,1,-1,0,0,-1,1,-1,1,-1,1,0,0,-1,1,-1,1,1,-1,-1,1,-1,1,-1,1,1,-1,-1,1,-1,1,0,2,-1,1,-1,1
META,2023-02-01 16:22:15,AMC,0.01798453330136083,0.07992806474173243,0.040066461997600625,NQ,stopped_post,409.0,-250.25000000001455,-272.75000000001455,0,2,1,-1,1,-1,1,0,1,-1,1,-1,1,-1,1,-1,0,0,1,-1,1,-1,0,2,0,2,1,-1,1,-1,-1,1,1,-1,1,-1,0,0,0,0,1,-1,0,0,1,-1,1,-1,0,2,0,-1,0,-1,0,0,1,-1,1,-1,-1,1,1,-1,0,0,1,-1,1,-1,1,-1,1,-1,1,-1,-1,1,1,-1,0,0,1,-1,1,-1,1,-1,1,-1,1,-1,1,-1,0,0,1,-1,1,-1,1,-1,1,-1,1,-1,1,-1,1,-1,1,-1,1,-1,1,-1,1,-1,1,-1,0,0,0,0,0,0,0,0,1,-1,0,0,0,0,0,0,0,0,1,-1,1,-1,1,-1,0,0,1,-1,1,-1,1,-1,-1,1,1,-1,1,-1,1,-1,-1,1,0,0,0,0,1,-1,0,0,1,-1,1,0,1,-1,1,-1,0,0,1,-1,1,-1,1,-1,1,-1,1,-1,1,-1,0,0,0,0,0,0,1,-1,1,-1,1,-1,1,-1,1,-1,1,-1,1,-1,0,0,1,-1,1,-1,1,-1,1,-1,1,-1,1,-1,-1,1,1,-1,0,0,0,0,0,0,1,-1,1,-1,1,-1,-1,1,1,-1,1,-1,-1,1,1,-1,1,-1,1,-1,-1,1,0,0,0,0,-1,1,-1,1,1,-1,1,-1,1,-1,1,-1,0,0,-1,1,0,0,0,0,1,-1,-1,1,1,-1,1,-1,0,0,1,-1,1,-1,0,2,-1,1,1,-1,-1,1,0,2,-1,1,1,-1,1,-1,0,0,1,-1,1,-1,-1,1,1,-1,1,-1,0,0,0,0,1,-1
GOOGL,2023-02-02 16:01:29,AMC,0.021405775667471007,0.9710249275136702,0.12010201574437429,NQ,stopped_pre,-21.0,-256.54999999998836,-279.04999999998836,0,0,1,-1,1,-1,0,2,1,-1,1,-1,1,-1,1,-1,0,0,1,-1,1,-1,0,0,0,0,1,-1,1,-1,1,-1,1,-1,1,-1,0,0,1,-1,0,0,1,-1,1,-1,1,-1,0,0,0,-1,0,-1,0,0,1,-1,1,-1,1,-1,1,-1,0,0,1,-1,1,-1,1,-1,1,-1,1,-1,-1,1,1,-1,0,2,1,-1,1,-1,1,-1,1,-1,1,-1,1,-1,1,-1,1,-1,1,-1,1,-1,1,-1,1,-1,1,-1,1,-1,1,-1,1,-1,1,-1,1,-1,1,-1,0,0,0,0,0,0,0,0,1,-1,0,0,0,0,1,-1,0,0,1,-1,1,-1,1,-1,0,0,1,-1,1,-1,1,-1,-1,1,1,-1,1,-1,1,-1,-1,1,0,0,0,2,1,-1,0,0,1,-1,1,0,1,-1,1,-1,0,0,1,-1,1,-1,1,-1,1,-1,1,-1,1,-1,0,0,0,0,0,0,1,-1,1,-1,1,-1,1,-1,1,-1,1,-1,1,-1,0,0,1,-1,1,-1,1,-1,1,-1,1,-1,0,0,-1,1,1,-1,0,0,0,0,0,0,1,-1,1,-1,1,-1,-1,1,1,-1,1,-1,-1,1,1,-1,1,-1,0,0,-1,1,0,0,0,0,-1,1,-1,1,1,-1,1,-1,1,-1,1,-1,0,0,-1,1,0,0,1,-1,1,-1,-1,1,1,-1,1,-1,0,0,1,-1,1,-1,0,2,-1,1,1,-1,1,-1,0,0,1,-1,1,-1,1,-1,1,-1,-1,1,1,-1,-1,1,1,-1,1,-1,0,0,1,-1,1,-1
AMZN,2023-02-02 16:08:48,AMC,0.29537763345787443,0.6573284294545739,0.025892586118116172,NQ,stopped_pre,-287.0,-256.88999999998487,-279.38999999998487,0,2,1,-1,1,-1,1,0,1,-1,1,-1,1,-1,1,-1,1,-1,1,-1,1,-1,0,0,0,0,1,-1,1,-1,1,-1,1,-1,1,-1,0,1,1,-1,0,0,1,-1,1,-1,1,-1,0,0,0,-1,0,-1,0,0,1,-1,1,-1,-1,1,-1,1,0,0,1,-1,1,-1,1,-1,1,-1,1,-1,-1,1,1,-1,0,0,1,-1,1,-1,1,-1,1,-1,1,-1,1,-1,1,-1,1,-1,1,-1,1,-1,1,-1,1,-1,1,-1,1,-1,1,-1,1,-1,1,-1,1,-1,1,-1,0,0,0,0,0,0,1,-1,1,-1,0,0,0,0,1,-1,0,0,1,-1,1,-1,1,-1,1,-1,1,-1,1,-1,1,-1,-1,1,1,-1,-1,1,1,-1,-1,1,0,2,0,0,1,-1,1,-1,1,-1,1,0,1,-1,1,-1,0,2,1,-1,1,-1,1,-1,1,-1,1,-1,1,-1,0,2,0,0,0,0,1,-1,1,-1,1,-1,1,-1,1,-1,1,-1,1,-1,0,0,1,-1,1,-1,1,-1,1,-1,1,-1,1,-1,-1,1,1,-1,0,0,0,0,0,0,1,-1,-1,1,-1,1,-1,1,1,-1,1,-1,-1,1,1,-1,1,-1,0,0,-1,1,0,2,0,0,-1,1,-1,1,1,-1,1,-1,1,-1,1,-1,0,0,-1,1,0,0,1,-1,1,-1,-1,1,1,-1,1,-1,0,0,1,-1,1,-1,0,2,-1,1,1,-1,1,-1,0,0,1,-1,1,-1,1,-1,1,-1,1,-1,-1,1,-1,1,1,-1,1,-1,0,0,1,-1,-1,1
AAPL,2023-02-02 16:30:33,AMC,0.7811886629504593,0.6280913872968517,0.22299695342190398,NQ,stopped_pre,-18.0,-1350.0,-1372.5,0,0,-1,1,-1,1,-1,0,-1,1,1,-1,-1,1,-1,1,-1,1,-1,1,1,-1,0,0,0,0,-1,1,-1,1,1,-1,1,-1,1,-1,0,0,-1,1,0,0,0,0,-1,1,-1,1,0,2,0,-1,0,1,0,0,0,0,-1,1,-1,1,-1,1,0,0,-1,1,1,-1,-1,1,0,0,-1,1,-1,1,1,-1,0,2,-1,1,1,-1,-1,1,-1,1,-1,1,0,0,1,-1,1,-1,-1,1,-1,1,-1,1,-1,1,1,-1,-1,1,-1,1,1,-1,-1,1,0,0,1,-1,1,-1,0,0,0,0,-1,1,-1,1,0,0,0,0,0,0,0,0,-1,1,-1,1,-1,1,1,-1,1,-1,-1,1,1,-1,-1,1,-1,1,1,-1,-1,1,-1,1,0,0,0,0,-1,1,0,0,-1,1,-1,0,-1,1,-1,1,0,0,-1,1,-1,1,1,-1,1,-1,-1,1,-1,1,0,0,0,0,0,0,1,-1,1,-1,1,-1,1,-1,1,-1,1,-1,-1,1,0,0,1,-1,-1,1,-1,1,-1,1,-1,1,-1,1,1,-1,-1,1,0,0,0,0,0,0,-1,1,-1,1,-1,1,-1,1,1,-1,-1,1,1,-1,-1,1,-1,1,-1,1,1,-1,0,0,0,0,-1,1,1,-1,-1,1,1,-1,-1,1,1,-1,0,0,-1,1,0,0,0,0,-1,1,1,-1,-1,1,-1,1,0,0,-1,1,-1,1,0,0,-1,1,-1,1,-1,1,0,0,-1,1,-1,1,-1,1,-1,1,-1,1,-1,1,1,-1,0,0,-1,1,0,0,0,0,-1,1
NVDA,2023-02-22 16:52:26,AMC,0.084334375514234,0.03496791179858483,0.06316036023122087,NQ,tp,-27.0,968.4999999999854,945.9999999999854,0,0,1,-1,1,-1,0,2,1,-1,1,-1,1,-1,1,-1,0,0,-1,1,1,-1,0,2,0,0,1,-1,0,0,1,-1,1,-1,1,-1,0,0,-1,1,0,0,1,-1,1,-1,1,-1,0,2,0,-1,0,0,0,0,0,0,-1,1,1,-1,1,-1,0,0,1,-1,-1,1,-1,1,0,0,1,-1,1,-1,1,-1,0,0,1,-1,1,-1,-1,1,1,-1,1,-1,0,0,1,-1,1,-1,1,-1,1,-1,-1,1,1,-1,1,-1,1,-1,1,-1,1,-1,1,-1,1,-1,1,-1,1,-1,0,2,0,2,0,0,1,-1,0,0,0,2,1,-1,0,2,1,-1,1,-1,1,-1,0,0,1,-1,1,-1,1,-1,1,-1,1,-1,1,-1,1,-1,-1,1,0,0,0,2,1,-1,1,-1,1,-1,1,0,1,-1,1,-1,0,0,1,-1,1,-1,1,-1,1,-1,1,-1,-1,1,0,0,0,2,0,0,1,-1,0,0,-1,1,0,0,-1,1,-1,1,1,-1,0,0,1,-1,1,-1,-1,1,1,-1,1,-1,1,-1,1,-1,1,-1,0,2,0,0,0,0,1,-1,1,-1,1,-1,1,-1,1,-1,1,-1,-1,1,0,0,1,-1,0,0,-1,1,0,0,0,2,-1,1,-1,1,1,-1,1,-1,-1,1,1,-1,0,0,-1,1,0,0,0,0,0,0,-1,1,-1,1,1,-1,0,0,1,-1,-1,1,0,2,1,-1,1,-1,-1,1,0,0,1,-1,1,-1,1,-1,0,0,1,-1,1,-1,-1,1,0,0,-1,1,0,2,0,0,1,-1
AVGO,2023-03-02 16:16:43,AMC,0.016593035073527888,0.010371077140071768,0.009957738901470416,NQ,timed,900.0,30.0,7.5,0,0,-1,1,1,-1,0,2,0,0,-1,1,1,-1,-1,1,0,0,-1,1,-1,1,0,0,0,2,-1,1,-1,1,-1,1,-1,1,-1,1,0,-1,0,0,1,-1,-1,1,-1,1,1,-1,0,2,0,1,0,1,0,0,-1,1,1,-1,-1,1,1,-1,0,0,-1,1,1,-1,-1,1,-1,1,-1,1,-1,1,-1,1,0,0,-1,1,-1,1,-1,1,-1,1,-1,1,-1,1,-1,1,-1,1,-1,1,0,0,1,-1,-1,1,-1,1,-1,1,1,-1,-1,1,-1,1,-1,1,-1,1,-1,1,0,0,0,0,-1,1,0,0,0,0,0,2,-1,1,0,0,-1,1,-1,1,-1,1,1,-1,-1,1,-1,1,-1,1,1,-1,-1,1,-1,1,-1,1,1,-1,0,0,0,2,-1,1,-1,1,-1,1,-1,0,-1,1,-1,1,0,0,-1,1,1,-1,-1,1,-1,1,1,-1,1,-1,0,0,0,0,0,0,-1,1,1,-1,1,-1,0,0,1,-1,1,-1,-1,1,0,0,-1,1,-1,1,1,-1,1,-1,-1,1,0,0,-1,1,-1,1,0,0,0,0,0,0,-1,1,-1,1,1,-1,-1,1,-1,1,-1,1,1,-1,-1,1,1,-1,0,0,1,-1,0,0,0,2,1,-1,1,-1,1,-1,-1,1,-1,1,-1,1,0,0,1,-1,0,0,-1,1,-1,1,-1,1,-1,1,-1,1,0,0,1,-1,1,-1,0,0,-1,1,-1,1,-1,1,0,2,1,-1,-1,1,1,-1,-1,1,-1,1,-1,1,1,-1,-1,1,1,-1,0,0,-1,1,1,-1
MU,2023-03-28 16:01:45,AMC,0.13350610594102172,0.06478972788314288,0.03149147185020593,NQ,timed,898.0,405.0,382.5,0,0,1,-1,-1,1,0,2,1,-1,-1,1,1,-1,1,-1,1,-1,1,-1,-1,1,0,0,0,2,1,-1,1,-1,1,-1,1,-1,-1,1,0,0,0,0,0,0,0,0,1,-1,-1,1,0,0,0,-1,0,-1,0,0,0,0,-1,1,1,-1,1,-1,0,0,1,-1,-1,1,1,-1,0,0,-1,1,1,-1,1,-1,0,2,1,-1,1,-1,1,-1,1,-1,1,-1,1,-1,0,0,0,0,1,-1,1,-1,1,-1,1,-1,1,-1,1,-1,1,-1,-1,1,1,-1,0,0,1,-1,1,-1,0,0,0,0,1,-1,1,-1,0,0,0,0,0,0,0,2,1,-1,1,-1,1,-1,1,-1,-1,1,1,-1,1,-1,1,-1,1,-1,-1,1,1,-1,-1,1,0,0,0,0,1,-1,0,0,1,-1,1,0,1,-1,1,-1,0,0,1,-1,1,-1,1,-1,1,-1,-1,1,0,0,0,0,0,0,0,0,1,-1,-1,1,-1,1,-1,1,-1,1,-1,1,1,-1,0,0,1,-1,1,-1,1,-1,1,-1,1,-1,1,-1,-1,1,1,-1,0,0,0,0,0,0,1,-1,1,-1,1,-1,1,-1,-1,1,1,-1,-1,1,1,-1,1,-1,1,-1,-1,1,0,0,0,0,1,-1,1,-1,1,-1,1,-1,1,-1,1,-1,0,0,-1,1,0,0,0,0,1,-1,-1,1,1,-1,1,-1,0,0,-1,1,-1,1,0,2,-1,1,1,-1,1,-1,0,0,1,-1,1,-1,1,-1,1,-1,-1,1,1,-1,1,-1,1,-1,1,-1,0,0,0,0,1,-1
NFLX,2023-04-18 16:03:44,AMC,0.05703205201323143,0.16920152091254753,0.025079598819047543,NQ,stopped_pre,-219.0,-263.97499999999127,-286.47499999999127,0,0,1,-1,1,-1,0,2,1,-1,1,-1,-1,1,1,-1,1,-1,1,-1,1,-1,0,0,0,0,1,-1,0,0,1,-1,1,-1,1,-1,0,1,1,-1,0,0,1,-1,1,-1,1,-1,0,0,0,-1,0,-1,0,0,1,-1,1,-1,1,-1,1,-1,0,0,1,-1,1,-1,1,-1,1,-1,1,-1,-1,1,1,-1,0,0,1,-1,1,-1,1,-1,1,-1,1,-1,1,-1,1,-1,0,0,1,-1,1,-1,0,0,1,-1,1,-1,1,-1,1,-1,1,-1,1,-1,1,-1,1,-1,1,-1,0,0,0,0,1,-1,1,-1,0,0,0,0,1,-1,0,0,1,-1,1,-1,1,-1,0,0,1,-1,1,-1,1,-1,-1,1,1,-1,1,-1,1,-1,-1,1,0,0,0,0,1,-1,1,-1,1,-1,1,0,1,-1,1,-1,0,0,1,-1,1,-1,1,-1,1,-1,1,-1,-1,1,0,0,0,0,0,0,1,-1,0,0,1,-1,0,0,1,-1,1,-1,1,-1,0,0,1,-1,-1,1,-1,1,1,-1,1,-1,1,-1,-1,1,1,-1,0,0,0,0,0,0,1,-1,1,-1,1,-1,1,-1,1,-1,1,-1,-1,1,1,-1,1,-1,1,-1,-1,1,0,0,0,0,-1,1,-1,1,1,-1,1,-1,1,-1,1,-1,0,0,-1,1,0,0,1,-1,1,-1,-1,1,1,-1,1,-1,0,0,1,-1,1,-1,0,2,1,-1,1,-1,1,-1,0,0,1,-1,1,-1,-1,1,1,-1,1,-1,1,-1,-1,1,1,-1,1,-1,0,0,1,-1,-1,1
GOOGL,2023-04-20 16:24:04,AMC,0.0,0.007638835841417768,0.09302152518092688,NQ,timed,900.0,0.0,-22.5,0,0,-1,1,1,-1,1,0,1,-1,1,-1,-1,1,1,-1,0,0,1,-1,1,-1,0,2,0,2,1,-1,-1,1,1,-1,1,-1,1,-1,0,0,0,0,0,0,0,0,1,-1,1,-1,0,2,0,-1,0,-1,0,0,0,0,1,-1,-1,1,1,-1,0,0,1,-1,-1,1,-1,1,0,0,1,-1,-1,1,-1,1,0,2,1,-1,1,-1,-1,1,1,-1,1,-1,0,0,0,0,-1,1,1,-1,1,-1,1,-1,1,-1,-1,1,1,-1,1,-1,1,-1,1,-1,0,0,1,-1,0,0,0,0,0,2,0,0,1,-1,0,0,0,0,0,0,0,0,1,-1,1,-1,1,-1,1,-1,1,-1,1,-1,1,-1,1,-1,1,-1,-1,1,-1,1,-1,1,0,0,0,2,-1,1,0,0,1,-1,1,0,-1,1,1,-1,0,0,1,-1,-1,1,-1,1,-1,1,-1,1,-1,1,0,0,0,2,0,0,1,-1,-1,1,-1,1,0,0,-1,1,-1,1,-1,1,0,0,-1,1,1,-1,-1,1,1,-1,-1,1,0,0,-1,1,1,-1,0,2,0,0,0,0,-1,1,1,-1,1,-1,-1,1,-1,1,-1,1,-1,1,1,-1,-1,1,0,0,1,-1,0,0,0,2,-1,1,1,-1,-1,1,1,-1,1,-1,-1,1,0,0,-1,1,0,0,-1,1,1,-1,-1,1,-1,1,-1,1,0,0,-1,1,1,-1,0,2,1,-1,1,-1,-1,1,0,2,-1,1,-1,1,-1,1,1,-1,1,-1,1,-1,1,-1,1,-1,1,-1,0,2,-1,1,1,-1
GOOGL,2023-04-25 16:01:48,AMC,0.44660269911849604,0.6669787034870115,0.0884664573767691,NQ,stopped_pre,-75.0,-256.36500000000524,-278.86500000000524,0,0,1,-1,1,-1,-1,0,-1,1,-1,1,-1,1,-1,1,-1,1,-1,1,-1,1,0,0,0,0,-1,1,0,0,1,-1,-1,1,-1,1,0,0,-1,1,1,-1,-1,1,-1,1,1,-1,0,0,0,1,0,1,0,2,-1,1,1,-1,-1,1,-1,1,0,0,-1,1,-1,1,-1,1,-1,1,-1,1,1,-1,1,-1,0,2,-1,1,-1,1,-1,1,-1,1,-1,1,0,0,-1,1,-1,1,-1,1,-1,1,-1,1,-1,1,-1,1,-1,1,-1,1,-1,1,-1,1,0,0,-1,1,-1,1,0,0,0,0,0,0,-1,1,0,0,0,0,-1,1,0,2,-1,1,-1,1,-1,1,0,0,-1,1,-1,1,-1,1,-1,1,-1,1,-1,1,-1,1,1,-1,0,2,0,0,-1,1,-1,1,-1,1,-1,0,-1,1,-1,1,0,0,-1,1,-1,1,-1,1,-1,1,-1,1,1,-1,0,0,0,0,0,0,-1,1,-1,1,-1,1,-1,1,-1,1,-1,1,-1,1,0,0,-1,1,-1,1,-1,1,-1,1,1,-1,-1,1,1,-1,-1,1,0,0,0,0,0,0,-1,1,-1,1,-1,1,-1,1,-1,1,-1,1,1,-1,-1,1,-1,1,-1,1,-1,1,0,0,0,0,-1,1,-1,1,-1,1,-1,1,-1,1,-1,1,0,0,1,-1,0,0,-1,1,-1,1,1,-1,-1,1,-1,1,0,0,-1,1,1,-1,0,0,-1,1,-1,1,1,-1,0,0,-1,1,-1,1,-1,1,-1,1,-1,1,-1,1,-1,1,-1,1,-1,1,0,0,-1,1,-1,1
MSFT,2023-04-25 16:03:03,AMC,0.43314427783389015,0.2602902041529885,0.08790838800797052,NQ,stopped_pre,-148.0,-256.3100000000122,-278.8100000000122,0,0,-1,1,-1,1,-1,0,-1,1,-1,1,-1,1,-1,1,-1,1,-1,1,-1,1,0,0,0,0,-1,1,0,0,-1,1,-1,1,-1,1,0,-1,0,0,1,-1,-1,1,-1,1,-1,1,0,0,0,1,0,1,0,0,-1,1,-1,1,-1,1,-1,1,0,0,-1,1,-1,1,-1,1,-1,1,-1,1,1,-1,-1,1,0,0,-1,1,-1,1,-1,1,-1,1,-1,1,-1,1,-1,1,-1,1,-1,1,-1,1,-1,1,-1,1,-1,1,-1,1,-1,1,-1,1,-1,1,-1,1,-1,1,-1,1,0,0,0,0,0,0,-1,1,0,0,0,0,-1,1,0,2,-1,1,-1,1,-1,1,0,0,-1,1,-1,1,-1,1,-1,1,-1,1,-1,1,-1,1,1,-1,0,2,0,0,-1,1,-1,1,-1,1,-1,0,-1,1,-1,1,0,0,-1,1,-1,1,-1,1,-1,1,-1,1,0,0,0,0,0,0,0,0,-1,1,-1,1,-1,1,-1,1,-1,1,-1,1,-1,1,0,0,-1,1,-1,1,-1,1,-1,1,1,-1,-1,1,1,-1,-1,1,0,0,0,0,0,0,-1,1,-1,1,1,-1,-1,1,-1,1,-1,1,1,-1,-1,1,-1,1,-1,1,1,-1,0,0,0,0,1,-1,1,-1,-1,1,-1,1,-1,1,-1,1,0,0,1,-1,0,0,-1,1,-1,1,1,-1,-1,1,-1,1,0,0,-1,1,-1,1,0,0,-1,1,-1,1,1,-1,0,0,1,-1,-1,1,-1,1,-1,1,1,-1,1,-1,1,-1,-1,1,-1,1,0,0,-1,1,1,-1
META,2023-04-26 16:18:04,AMC,0.0502289279987636,0.12750420184301528,0.0386946988262608,NQ,stopped_pre,-263.0,-259.1100000000006,-281.6100000000006,0,2,1,-1,1,-1,0,2,1,-1,1,-1,1,-1,1,-1,1,-1,1,-1,-1,1,0,0,0,2,1,-1,1,-1,1,-1,1,-1,1,-1,0,1,1,-1,0,0,1,-1,1,-1,1,-1,0,0,0,-1,0,-1,0,0,0,0,-1,1,1,-1,-1,1,0,0,1,-1,1,-1,1,-1,1,-1,1,-1,-1,1,1,-1,0,2,1,-1,1,-1,1,-1,1,-1,1,-1,1,-1,1,-1,0,0,1,-1,1,-1,1,-1,1,-1,1,-1,1,-1,1,-1,1,-1,1,-1,0,0,1,-1,1,-1,0,0,0,0,1,-1,1,-1,0,0,0,0,1,-1,0,0,1,-1,1,-1,1,-1,1,-1,1,-1,1,-1,1,-1,1,-1,1,-1,1,-1,1,-1,-1,1,0,2,0,0,1,-1,1,-1,1,-1,1,0,1,-1,1,-1,0,2,1,-1,1,-1,1,-1,-1,1,1,-1,-1,1,0,0,0,0,0,0,1,-1,0,0,1,-1,0,0,1,-1,1,-1,1,-1,0,0,1,-1,0,0,1,-1,1,-1,1,-1,1,-1,-1,1,1,-1,0,0,0,0,0,0,1,-1,-1,1,-1,1,-1,1,1,-1,-1,1,-1,1,1,-1,1,-1,0,0,-1,1,0,2,0,0,-1,1,1,-1,1,-1,1,-1,1,-1,1,-1,0,0,-1,1,0,0,1,-1,1,-1,-1,1,1,-1,1,-1,0,0,1,-1,-1,1,0,2,1,-1,1,-1,1,-1,0,0,-1,1,1,-1,1,-1,1,-1,1,-1,-1,1,1,-1,1,-1,1,-1,0,0,1,-1,-1,1
INTC,2023-04-27 16:09:04,AMC,0.0056357078449053195,0.2554854223023745,0.0322338025142366,NQ,stopped_pre,-139.0,-266.1650000000009,-288.6650000000009,0,2,1,-1,1,-1,1,0,-1,1,1,-1,1,-1,1,-1,0,0,1,-1,-1,1,0,0,0,2,1,-1,-1,1,1,-1,1,-1,1,-1,0,1,0,0,0,0,1,-1,1,-1,1,-1,0,0,0,-1,0,-1,0,0,0,0,1,-1,1,-1,-1,1,0,0,1,-1,1,-1,1,-1,1,-1,-1,1,1,-1,1,-1,0,0,1,-1,1,-1,1,-1,1,-1,1,-1,1,-1,1,-1,0,0,1,-1,1,-1,0,0,1,-1,1,-1,1,-1,1,-1,1,-1,1,-1,1,-1,1,-1,1,-1,0,0,0,0,-1,1,1,-1,0,0,0,0,1,-1,0,0,1,-1,1,-1,0,0,0,0,1,-1,1,-1,1,-1,1,-1,1,-1,1,-1,1,-1,1,-1,0,2,0,0,1,-1,1,-1,1,-1,1,0,1,-1,1,-1,0,2,1,-1,-1,1,1,-1,-1,1,-1,1,0,0,0,0,0,0,0,0,1,-1,1,-1,1,-1,1,-1,1,-1,1,-1,1,-1,0,0,1,-1,-1,1,1,-1,1,-1,1,-1,1,-1,-1,1,1,-1,0,0,0,0,0,0,1,-1,-1,1,-1,1,-1,1,1,-1,-1,1,-1,1,1,-1,1,-1,1,-1,-1,1,0,2,0,0,-1,1,-1,1,-1,1,1,-1,1,-1,1,-1,0,0,-1,1,0,0,1,-1,1,-1,-1,1,1,-1,1,-1,0,0,-1,1,1,-1,0,0,1,-1,1,-1,1,-1,0,0,1,-1,1,-1,1,-1,1,-1,-1,1,1,-1,-1,1,1,-1,1,-1,0,0,1,-1,-1,1
AMZN,2023-04-27 16:10:37,AMC,0.04884647178176899,0.28743729921659245,0.028815675727595812,NQ,stopped_post,44.0,-266.0949999999866,-288.5949999999866,0,2,1,-1,1,-1,1,0,0,0,1,-1,1,-1,1,-1,0,0,1,-1,1,-1,0,0,0,2,1,-1,-1,1,1,-1,1,-1,1,-1,0,1,0,0,-1,1,1,-1,1,-1,1,-1,0,0,0,-1,0,-1,0,0,0,0,1,-1,1,-1,-1,1,0,0,1,-1,1,-1,1,-1,1,-1,-1,1,1,-1,1,-1,0,2,1,-1,1,-1,1,-1,1,-1,1,-1,1,-1,1,-1,0,0,1,-1,1,-1,1,-1,1,-1,1,-1,1,-1,1,-1,1,-1,1,-1,0,0,1,-1,1,-1,0,0,0,0,0,0,1,-1,0,0,0,0,1,-1,0,0,1,-1,1,-1,0,0,0,0,1,-1,1,-1,1,-1,1,-1,1,-1,-1,1,1,-1,-1,1,0,2,0,0,1,-1,1,-1,1,-1,1,0,1,-1,1,-1,0,2,1,-1,-1,1,1,-1,-1,1,-1,1,0,0,0,0,0,0,0,0,1,-1,1,-1,1,-1,1,-1,1,-1,1,-1,1,-1,0,0,1,-1,-1,1,1,-1,1,-1,1,-1,1,-1,-1,1,1,-1,0,0,0,0,0,0,1,-1,-1,1,1,-1,-1,1,1,-1,1,-1,-1,1,1,-1,1,-1,1,-1,-1,1,0,2,0,0,-1,1,-1,1,-1,1,1,-1,1,-1,1,-1,0,0,-1,1,0,0,1,-1,1,-1,-1,1,1,-1,1,-1,0,0,-1,1,1,-1,0,0,1,-1,1,-1,1,-1,0,0,-1,1,1,-1,1,-1,1,-1,-1,1,1,-1,-1,1,1,-1,1,-1,0,0,1,-1,-1,1
AMD,2023-05-02 16:17:31,AMC,0.04929377192150915,0.08910459362617779,0.022498035535701906,NQ,stopped_pre,-95.0,-263.6750000000029,-286.1750000000029,0,0,-1,1,-1,1,0,2,-1,1,1,-1,-1,1,-1,1,0,0,1,-1,1,-1,0,0,0,2,-1,1,-1,1,-1,1,-1,1,1,-1,0,0,0,0,0,0,0,0,-1,1,-1,1,0,2,0,1,0,1,0,0,0,0,-1,1,-1,1,-1,1,0,0,-1,1,-1,1,-1,1,0,0,-1,1,-1,1,-1,1,0,0,-1,1,-1,1,-1,1,-1,1,-1,1,0,0,0,0,0,0,-1,1,-1,1,-1,1,-1,1,-1,1,-1,1,-1,1,1,-1,-1,1,0,0,-1,1,0,0,0,0,0,0,-1,1,-1,1,0,0,0,2,0,0,0,0,1,-1,-1,1,-1,1,1,-1,1,-1,-1,1,-1,1,-1,1,-1,1,1,-1,-1,1,1,-1,0,0,0,0,-1,1,0,0,-1,1,-1,0,-1,1,-1,1,0,0,-1,1,-1,1,-1,1,1,-1,-1,1,-1,1,0,0,0,0,0,0,-1,1,-1,1,-1,1,-1,1,-1,1,-1,1,-1,1,0,0,-1,1,0,0,-1,1,-1,1,-1,1,-1,1,-1,1,-1,1,0,0,0,0,0,0,-1,1,-1,1,1,-1,-1,1,-1,1,1,-1,1,-1,-1,1,-1,1,-1,1,1,-1,0,0,0,2,-1,1,-1,1,-1,1,-1,1,1,-1,-1,1,0,0,1,-1,0,0,1,-1,0,0,1,-1,-1,1,-1,1,0,0,-1,1,-1,1,0,0,-1,1,-1,1,-1,1,0,2,-1,1,-1,1,-1,1,0,0,-1,1,-1,1,-1,1,-1,1,-1,1,0,0,0,0,-1,1
AAPL,2023-05-04 16:30:43,AMC,0.16867285133788237,0.017251624527976385,0.2233365352022566,NQ,tp,-37.0,1042.4399999999878,1019.9399999999878,0,0,-1,1,-1,1,0,2,0,0,-1,1,-1,1,-1,1,0,0,-1,1,-1,1,0,0,0,0,-1,1,-1,1,-1,1,-1,1,-1,1,0,0,-1,1,0,0,0,0,-1,1,-1,1,0,0,0,1,0,0,0,0,-1,1,-1,1,-1,1,-1,1,0,0,1,-1,-1,1,-1,1,-1,1,-1,1,-1,1,-1,1,0,0,-1,1,-1,1,1,-1,-1,1,-1,1,0,0,-1,1,-1,1,-1,1,-1,1,-1,1,-1,1,-1,1,-1,1,-1,1,-1,1,-1,1,-1,1,-1,1,-1,1,0,0,0,2,0,0,-1,1,0,0,0,0,0,0,0,0,-1,1,-1,1,-1,1,1,-1,-1,1,-1,1,-1,1,-1,1,-1,1,1,-1,1,-1,-1,1,0,0,0,2,-1,1,0,0,-1,1,-1,0,1,-1,-1,1,0,0,-1,1,1,-1,-1,1,-1,1,-1,1,1,-1,0,0,0,2,0,0,-1,1,-1,1,-1,1,-1,1,-1,1,-1,1,1,-1,0,0,-1,1,-1,1,-1,1,-1,1,-1,1,-1,1,-1,1,-1,1,0,2,0,0,0,0,1,-1,-1,1,-1,1,-1,1,-1,1,-1,1,-1,1,-1,1,1,-1,-1,1,-1,1,0,0,0,2,1,-1,1,-1,1,-1,-1,1,-1,1,-1,1,0,0,1,-1,0,0,0,0,-1,1,1,-1,1,-1,1,-1,0,0,-1,1,-1,1,0,2,-1,1,-1,1,-1,1,0,0,1,-1,-1,1,-1,1,-1,1,-1,1,-1,1,1,-1,-1,1,-1,1,0,2,0,0,-1,1
NVDA,2023-05-24 16:22:18,AMC,0.027251916718142512,0.4033283674285092,0.06565849112551363,NQ,tp,-99.0,1092.619999999988,1070.119999999988,0,0,1,-1,1,-1,0,2,-1,1,1,-1,1,-1,-1,1,1,-1,1,-1,1,-1,0,0,0,0,-1,1,0,0,1,-1,1,-1,1,-1,0,0,0,0,0,0,1,-1,1,-1,1,-1,0,0,0,-1,0,0,0,0,0,0,1,-1,1,-1,-1,1,0,0,-1,1,-1,1,1,-1,0,0,1,-1,1,-1,1,-1,0,2,1,-1,1,-1,1,-1,1,-1,1,-1,1,-1,1,-1,1,-1,-1,1,0,0,-1,1,1,-1,1,-1,1,-1,-1,1,1,-1,1,-1,1,-1,1,-1,1,-1,0,0,0,2,0,0,0,0,0,0,0,2,1,-1,0,0,1,-1,0,0,0,0,-1,1,1,-1,1,-1,1,-1,1,-1,1,-1,1,-1,1,-1,1,-1,0,0,0,2,1,-1,1,-1,1,-1,1,0,1,-1,1,-1,0,0,1,-1,-1,1,1,-1,1,-1,1,-1,0,0,0,0,0,2,0,0,1,-1,-1,1,-1,1,-1,1,-1,1,-1,1,1,-1,0,0,1,-1,1,-1,-1,1,1,-1,1,-1,1,-1,1,-1,1,-1,0,0,0,0,0,0,1,-1,1,-1,-1,1,1,-1,1,-1,1,-1,-1,1,0,0,-1,1,0,0,1,-1,0,0,0,2,-1,1,-1,1,-1,1,1,-1,-1,1,1,-1,0,0,-1,1,0,0,1,-1,0,0,1,-1,1,-1,1,-1,0,2,1,-1,1,-1,0,2,1,-1,-1,1,-1,1,0,0,1,-1,1,-1,1,-1,0,0,1,-1,-1,1,-1,1,0,0,1,-1,0,0,1,-1,1,-1
AVGO,2023-06-01 16:17:30,AMC,0.03105482902591353,0.008625894936599671,0.011022320198401764,NQ,stopped_pre,-115.0,-289.85499999998865,-312.35499999998865,0,2,1,-1,1,-1,1,0,1,-1,1,-1,1,-1,1,-1,1,-1,1,-1,1,-1,0,2,0,0,1,-1,1,-1,1,-1,1,-1,1,-1,0,0,0,0,-1,1,0,0,1,-1,1,-1,0,2,0,-1,0,-1,0,0,0,0,1,-1,-1,1,-1,1,0,0,1,-1,1,-1,1,-1,1,-1,1,-1,-1,1,1,-1,0,0,1,-1,1,-1,1,-1,1,-1,1,-1,1,-1,0,0,0,0,1,-1,1,-1,1,-1,1,-1,1,-1,1,-1,1,-1,-1,1,1,-1,1,-1,1,-1,1,-1,0,0,0,0,0,0,1,-1,0,0,0,2,0,0,0,0,1,-1,1,-1,1,-1,0,0,1,-1,1,-1,1,-1,-1,1,1,-1,-1,1,1,-1,-1,1,0,0,0,0,1,-1,0,0,1,-1,1,0,1,-1,1,-1,0,0,1,-1,-1,1,1,-1,1,-1,1,-1,0,0,0,0,0,0,0,0,1,-1,1,-1,1,-1,1,-1,1,-1,1,-1,1,-1,0,0,1,-1,-1,1,1,-1,1,-1,1,-1,0,0,-1,1,1,-1,0,0,0,0,0,0,1,-1,-1,1,1,-1,-1,1,1,-1,-1,1,-1,1,1,-1,1,-1,0,0,-1,1,0,0,0,0,-1,1,-1,1,1,-1,1,-1,1,-1,1,-1,0,0,-1,1,-1,1,0,0,1,-1,1,-1,1,-1,1,-1,0,0,1,-1,1,-1,0,2,1,-1,1,-1,-1,1,0,2,-1,1,1,-1,1,-1,1,-1,-1,1,-1,1,-1,1,1,-1,1,-1,0,2,0,0,1,-1
MU,2023-06-28 16:00:29,AMC,0.11889428316655107,0.14201261600449155,0.03289040915668991,NQ,tp,41.0,1208.159999999989,1185.659999999989,0,0,1,-1,1,-1,0,2,1,-1,-1,1,-1,1,1,-1,0,0,1,-1,-1,1,0,0,0,0,1,-1,1,-1,1,-1,-1,1,-1,1,0,0,1,-1,1,-1,0,0,1,-1,1,-1,0,0,0,-1,0,0,0,0,0,0,1,-1,1,-1,-1,1,0,0,1,-1,1,-1,1,-1,0,0,1,-1,-1,1,1,-1,0,0,-1,1,-1,1,1,-1,-1,1,1,-1,0,0,-1,1,-1,1,1,-1,0,0,1,-1,1,-1,-1,1,-1,1,1,-1,1,-1,-1,1,0,0,1,-1,1,-1,0,0,0,0,0,0,1,-1,0,0,0,0,0,0,0,0,1,-1,1,-1,1,-1,1,-1,-1,1,-1,1,-1,1,1,-1,-1,1,1,-1,1,-1,1,-1,0,0,0,0,1,-1,0,0,1,-1,1,0,1,-1,1,-1,0,0,-1,1,1,-1,1,-1,1,-1,1,-1,1,-1,0,0,0,0,0,0,-1,1,0,0,1,-1,0,0,1,-1,1,-1,1,-1,0,0,1,-1,1,-1,-1,1,-1,1,1,-1,-1,1,1,-1,-1,1,0,0,0,0,0,0,1,-1,-1,1,1,-1,1,-1,1,-1,1,-1,-1,1,1,-1,1,-1,0,0,-1,1,0,0,0,0,1,-1,-1,1,1,-1,-1,1,1,-1,-1,1,0,0,-1,1,0,0,0,0,1,-1,1,-1,1,-1,1,-1,0,0,1,-1,1,-1,0,2,1,-1,-1,1,1,-1,0,0,-1,1,1,-1,-1,1,0,0,1,-1,1,-1,-1,1,0,0,1,-1,0,0,0,0,1,-1
NFLX,2023-07-19 16:04:02,AMC,0.043871331651598955,0.04700352526439483,0.026077319251580938,NQ,stopped_pre,-231.0,-319.2699999999968,-341.7699999999968,0,0,-1,1,1,-1,0,2,-1,1,-1,1,-1,1,-1,1,-1,1,-1,1,1,-1,0,0,0,2,-1,1,0,0,-1,1,-1,1,-1,1,0,0,1,-1,0,0,-1,1,-1,1,1,-1,0,0,0,1,0,0,0,0,0,0,1,-1,-1,1,-1,1,0,0,-1,1,1,-1,-1,1,-1,1,1,-1,-1,1,-1,1,0,0,-1,1,-1,1,-1,1,-1,1,-1,1,0,0,-1,1,0,0,-1,1,-1,1,-1,1,1,-1,-1,1,-1,1,-1,1,-1,1,-1,1,0,0,-1,1,-1,1,0,0,0,0,0,0,-1,1,0,0,0,0,0,0,0,0,-1,1,-1,1,-1,1,1,-1,-1,1,-1,1,-1,1,-1,1,-1,1,1,-1,1,-1,1,-1,0,0,0,2,-1,1,0,0,-1,1,-1,0,-1,1,-1,1,0,0,-1,1,1,-1,-1,1,1,-1,1,-1,0,0,0,0,0,0,0,0,-1,1,0,0,1,-1,0,0,1,-1,1,-1,-1,1,0,0,-1,1,0,0,-1,1,-1,1,1,-1,0,0,1,-1,-1,1,0,0,0,0,0,0,-1,1,-1,1,1,-1,-1,1,1,-1,1,-1,1,-1,-1,1,-1,1,0,0,-1,1,0,0,0,2,-1,1,-1,1,-1,1,-1,1,-1,1,-1,1,0,0,1,-1,0,0,-1,1,-1,1,1,-1,-1,1,-1,1,0,2,1,-1,1,-1,0,0,-1,1,-1,1,1,-1,0,0,-1,1,-1,1,-1,1,-1,1,1,-1,-1,1,-1,1,-1,1,-1,1,0,0,-1,1,-1,1
TSLA,2023-07-19 16:46:20,AMC,0.0,0.09880957982402484,0.012027269778490866,NQ,timed,819.0,-60.0,-82.5,0,0,1,-1,1,-1,-1,0,-1,1,1,-1,-1,1,-1,1,-1,1,-1,1,-1,1,0,2,0,2,-1,1,0,0,1,-1,1,-1,1,-1,0,0,1,-1,-1,1,0,0,1,-1,1,-1,0,2,0,-1,0,0,0,0,0,0,1,-1,1,-1,1,-1,0,0,-1,1,1,-1,1,-1,0,0,-1,1,-1,1,1,-1,0,2,-1,1,1,-1,1,-1,1,-1,-1,1,0,0,1,-1,-1,1,-1,1,0,0,-1,1,-1,1,1,-1,-1,1,-1,1,1,-1,-1,1,0,0,-1,1,1,-1,0,2,0,2,0,0,-1,1,0,0,0,2,1,-1,0,0,1,-1,-1,1,-1,1,0,0,1,-1,1,-1,-1,1,1,-1,1,-1,1,-1,1,-1,-1,1,0,0,0,2,1,-1,1,-1,-1,1,1,0,1,-1,-1,1,0,0,1,-1,-1,1,1,-1,1,-1,-1,1,1,-1,0,0,0,2,0,0,1,-1,0,0,1,-1,0,0,1,-1,1,-1,1,-1,0,0,-1,1,0,0,-1,1,1,-1,1,-1,-1,1,-1,1,1,-1,0,2,0,0,0,0,1,-1,-1,1,-1,1,1,-1,-1,1,-1,1,-1,1,0,0,1,-1,-1,1,1,-1,0,0,0,2,-1,1,1,-1,-1,1,1,-1,-1,1,1,-1,0,0,-1,1,0,0,1,-1,0,0,1,-1,1,-1,1,-1,0,2,-1,1,-1,1,0,2,1,-1,-1,1,-1,1,0,2,1,-1,-1,1,-1,1,0,0,-1,1,-1,1,1,-1,0,0,-1,1,0,2,1,-1,1,-1
GOOGL,2023-07-25 16:01:21,AMC,0.13418744708381922,0.4616834672588143,0.09302152518092688,NQ,stopped_pre,-23.0,-313.4649999999965,-335.9649999999965,0,2,1,-1,-1,1,0,2,-1,1,-1,1,1,-1,-1,1,-1,1,-1,1,-1,1,0,0,0,2,-1,1,0,0,1,-1,-1,1,-1,1,0,-1,1,-1,0,0,-1,1,-1,1,-1,1,0,0,0,1,0,1,0,0,-1,1,-1,1,-1,1,-1,1,0,0,-1,1,1,-1,1,-1,-1,1,-1,1,1,-1,1,-1,0,0,-1,1,-1,1,-1,1,-1,1,-1,1,0,0,-1,1,-1,1,-1,1,-1,1,-1,1,-1,1,-1,1,-1,1,-1,1,-1,1,-1,1,-1,1,-1,1,-1,1,0,0,0,0,0,0,-1,1,0,0,0,0,-1,1,0,0,-1,1,-1,1,-1,1,1,-1,-1,1,-1,1,-1,1,-1,1,-1,1,-1,1,-1,1,-1,1,0,0,0,0,-1,1,-1,1,-1,1,-1,0,-1,1,-1,1,0,0,-1,1,-1,1,-1,1,1,-1,-1,1,1,-1,0,0,0,0,0,0,-1,1,1,-1,1,-1,1,-1,1,-1,1,-1,-1,1,0,0,-1,1,-1,1,-1,1,-1,1,1,-1,-1,1,-1,1,-1,1,0,0,0,0,0,0,1,-1,-1,1,1,-1,-1,1,1,-1,-1,1,1,-1,-1,1,-1,1,0,0,-1,1,0,0,0,0,1,-1,1,-1,-1,1,-1,1,-1,1,-1,1,0,0,-1,1,0,0,-1,1,-1,1,1,-1,-1,1,-1,1,0,0,-1,1,-1,1,0,0,-1,1,-1,1,1,-1,0,0,1,-1,-1,1,1,-1,-1,1,1,-1,-1,1,1,-1,-1,1,-1,1,0,0,-1,1,1,-1
MSFT,2023-07-25 16:02:47,AMC,0.16431625295131133,0.3190657754096007,0.08855674111192707,NQ,stopped_pre,-109.0,-313.53500000001077,-336.03500000001077,0,2,-1,1,-1,1,0,2,-1,1,-1,1,1,-1,-1,1,-1,1,-1,1,-1,1,0,0,0,0,-1,1,0,0,-1,1,-1,1,-1,1,0,-1,0,0,-1,1,-1,1,-1,1,-1,1,0,0,0,1,0,1,0,0,-1,1,-1,1,-1,1,-1,1,0,0,-1,1,1,-1,-1,1,-1,1,-1,1,1,-1,-1,1,0,0,-1,1,-1,1,-1,1,-1,1,-1,1,-1,1,-1,1,0,0,-1,1,-1,1,-1,1,-1,1,-1,1,-1,1,-1,1,-1,1,-1,1,-1,1,-1,1,-1,1,0,0,0,0,0,0,-1,1,0,0,0,0,-1,1,0,0,-1,1,-1,1,-1,1,1,-1,-1,1,-1,1,-1,1,-1,1,-1,1,-1,1,-1,1,-1,1,0,0,0,0,-1,1,-1,1,-1,1,-1,0,-1,1,-1,1,0,0,-1,1,-1,1,-1,1,1,-1,-1,1,1,-1,0,0,0,0,0,0,-1,1,1,-1,1,-1,1,-1,1,-1,1,-1,-1,1,0,0,-1,1,-1,1,-1,1,-1,1,-1,1,-1,1,1,-1,-1,1,0,0,0,0,0,0,-1,1,-1,1,-1,1,-1,1,-1,1,-1,1,-1,1,-1,1,-1,1,0,0,1,-1,0,0,0,0,1,-1,1,-1,-1,1,-1,1,-1,1,-1,1,0,0,1,-1,0,0,-1,1,-1,1,1,-1,-1,1,-1,1,0,0,-1,1,-1,1,0,0,-1,1,-1,1,1,-1,0,0,1,-1,-1,1,1,-1,-1,1,1,-1,-1,1,1,-1,-1,1,-1,1,0,0,-1,1,1,-1
META,2023-07-26 16:06:51,AMC,0.06850842812987923,0.23419949973712298,0.040066461997600625,NQ,tp,-104.0,1249.900000000016,1227.400000000016,0,0,1,-1,1,-1,0,2,-1,1,1,-1,1,-1,1,-1,0,0,1,-1,1,-1,0,0,0,2,1,-1,0,0,1,-1,1,-1,1,-1,0,0,-1,1,0,0,0,0,1,-1,1,-1,0,2,0,-1,0,0,0,0,1,-1,1,-1,-1,1,-1,1,0,0,-1,1,-1,1,1,-1,1,-1,1,-1,-1,1,1,-1,0,0,1,-1,1,-1,-1,1,1,-1,1,-1,0,0,1,-1,0,0,1,-1,1,-1,1,-1,-1,1,1,-1,1,-1,1,-1,1,-1,1,-1,0,0,1,-1,1,-1,0,0,0,2,0,0,1,-1,0,0,0,0,0,0,0,0,1,-1,1,-1,-1,1,1,-1,1,-1,1,-1,1,-1,1,-1,1,-1,1,-1,-1,1,1,-1,0,0,0,0,-1,1,0,0,1,-1,1,0,1,-1,1,-1,0,0,1,-1,1,-1,1,-1,1,-1,1,-1,0,0,0,0,0,0,0,0,1,-1,0,0,-1,1,0,0,-1,1,-1,1,1,-1,0,0,1,-1,0,0,-1,1,1,-1,1,-1,1,-1,1,-1,1,-1,0,2,0,0,0,0,1,-1,1,-1,-1,1,-1,1,1,-1,1,-1,1,-1,1,-1,-1,1,1,-1,1,-1,0,0,0,0,-1,1,1,-1,1,-1,1,-1,-1,1,1,-1,0,0,-1,1,0,0,1,-1,1,-1,-1,1,-1,1,-1,1,0,0,1,-1,1,-1,0,0,1,-1,1,-1,1,-1,0,0,1,-1,-1,1,1,-1,1,-1,-1,1,1,-1,1,-1,1,-1,1,-1,0,2,0,0,1,-1
INTC,2023-07-27 16:07:40,AMC,0.024058510297042406,0.006415705647424896,0.030657185923580327,NQ,timed,900.0,25.0,2.5,0,0,1,-1,1,-1,0,2,0,0,1,-1,-1,1,1,-1,0,0,1,-1,1,-1,0,0,0,2,1,-1,0,0,1,-1,1,-1,1,-1,0,0,1,-1,0,0,1,-1,1,-1,-1,1,0,0,0,-1,0,-1,0,0,1,-1,1,-1,-1,1,-1,1,0,0,1,-1,-1,1,1,-1,1,-1,1,-1,-1,1,1,-1,0,0,1,-1,1,-1,1,-1,1,-1,1,-1,1,-1,1,-1,1,-1,1,-1,0,0,-1,1,1,-1,1,-1,1,-1,-1,1,1,-1,1,-1,1,-1,1,-1,0,0,0,0,0,0,0,0,0,0,0,0,0,0,1,-1,0,0,1,-1,1,-1,1,-1,1,-1,1,-1,1,-1,1,-1,-1,1,1,-1,-1,1,1,-1,-1,1,0,2,0,0,1,-1,1,-1,1,-1,1,0,1,-1,1,-1,0,0,1,-1,1,-1,1,-1,1,-1,1,-1,1,-1,0,0,0,0,0,0,1,-1,-1,1,-1,1,0,0,-1,1,-1,1,1,-1,0,0,1,-1,-1,1,-1,1,1,-1,1,-1,0,0,1,-1,1,-1,0,0,0,0,0,0,1,-1,1,-1,-1,1,-1,1,1,-1,1,-1,-1,1,0,0,1,-1,0,0,-1,1,0,2,0,0,-1,1,-1,1,1,-1,1,-1,1,-1,1,-1,0,0,-1,1,0,0,1,-1,0,0,1,-1,1,-1,1,-1,0,0,1,-1,-1,1,0,2,1,-1,1,-1,1,-1,0,0,-1,1,1,-1,-1,1,0,0,1,-1,1,-1,-1,1,0,0,1,-1,0,0,1,-1,1,-1
AMD,2023-08-01 16:16:57,AMC,0.018963337547408345,0.0079012657827784,0.026554547466253596,NQ,timed,897.0,415.0,392.5,0,0,-1,1,-1,1,-1,0,-1,1,-1,1,-1,1,-1,1,-1,1,-1,1,-1,1,0,0,0,2,-1,1,0,0,-1,1,-1,1,-1,1,0,0,0,0,0,0,-1,1,-1,1,-1,1,0,2,0,1,0,1,0,0,-1,1,-1,1,1,-1,1,-1,0,0,-1,1,-1,1,-1,1,-1,1,-1,1,1,-1,-1,1,0,0,-1,1,-1,1,-1,1,-1,1,-1,1,-1,1,-1,1,-1,1,-1,1,-1,1,-1,1,-1,1,-1,1,-1,1,-1,1,-1,1,-1,1,-1,1,-1,1,-1,1,0,0,0,0,-1,1,-1,1,0,0,0,0,-1,1,0,2,-1,1,-1,1,-1,1,1,-1,-1,1,-1,1,-1,1,1,-1,-1,1,1,-1,-1,1,1,-1,0,2,0,0,-1,1,-1,1,-1,1,-1,0,-1,1,-1,1,0,0,-1,1,1,-1,-1,1,1,-1,-1,1,0,0,0,0,0,0,0,0,-1,1,-1,1,-1,1,-1,1,-1,1,-1,1,-1,1,0,0,-1,1,-1,1,-1,1,-1,1,-1,1,-1,1,1,-1,-1,1,0,0,0,0,0,0,-1,1,-1,1,1,-1,1,-1,1,-1,-1,1,1,-1,-1,1,-1,1,-1,1,1,-1,0,0,0,0,1,-1,1,-1,-1,1,-1,1,-1,1,-1,1,0,0,1,-1,0,0,-1,1,-1,1,1,-1,-1,1,-1,1,0,0,-1,1,-1,1,0,0,-1,1,-1,1,-1,1,0,2,1,-1,-1,1,-1,1,-1,1,1,-1,-1,1,1,-1,-1,1,-1,1,0,0,-1,1,-1,1
AMZN,2023-08-03 16:09:02,AMC,0.03870655592290944,0.079022061669462,0.030231338022032907,NQ,stopped_pre,-235.0,-310.07000000001426,-332.57000000001426,0,2,1,-1,-1,1,1,0,0,0,1,-1,1,-1,1,-1,0,0,1,-1,1,-1,0,0,0,2,1,-1,1,-1,1,-1,1,-1,1,-1,0,1,1,-1,0,0,1,-1,1,-1,-1,1,0,0,0,-1,0,-1,0,0,1,-1,-1,1,1,-1,1,-1,0,0,1,-1,-1,1,1,-1,1,-1,1,-1,1,-1,1,-1,0,0,1,-1,1,-1,1,-1,1,-1,1,-1,1,-1,1,-1,0,0,1,-1,1,-1,1,-1,1,-1,1,-1,1,-1,1,-1,1,-1,1,-1,0,0,1,-1,1,-1,0,0,0,0,0,0,1,-1,0,0,0,0,1,-1,0,2,1,-1,1,-1,0,0,1,-1,1,-1,1,-1,1,-1,1,-1,1,-1,1,-1,1,-1,1,-1,0,2,0,0,1,-1,1,-1,1,-1,1,0,1,-1,1,-1,0,2,1,-1,1,-1,1,-1,1,-1,1,-1,-1,1,0,0,0,0,0,0,1,-1,0,0,-1,1,0,0,-1,1,-1,1,1,-1,0,0,1,-1,1,-1,1,-1,1,-1,1,-1,0,0,-1,1,1,-1,0,0,0,0,0,0,1,-1,-1,1,-1,1,-1,1,1,-1,1,-1,1,-1,1,-1,1,-1,0,0,-1,1,0,2,0,0,-1,1,1,-1,1,-1,1,-1,1,-1,1,-1,0,0,1,-1,0,0,1,-1,1,-1,-1,1,1,-1,1,-1,0,0,1,-1,-1,1,0,0,1,-1,1,-1,1,-1,0,0,1,-1,1,-1,1,-1,1,-1,1,-1,1,-1,1,-1,1,-1,1,-1,0,0,1,-1,-1,1
AAPL,2023-08-03 16:30:21,AMC,0.19012019463152127,0.42695108590578074,0.22299695342190398,NQ,stopped_post,25.0,-310.3399999999965,-332.8399999999965,0,0,-1,1,1,-1,1,0,1,-1,-1,1,1,-1,1,-1,0,0,1,-1,1,-1,0,0,0,2,1,-1,1,-1,-1,1,1,-1,1,-1,0,0,0,0,-1,1,0,0,1,-1,1,-1,0,2,0,-1,0,-1,0,0,0,0,1,-1,1,-1,1,-1,0,0,1,-1,0,0,-1,1,0,0,1,-1,1,-1,-1,1,0,2,1,-1,1,-1,-1,1,1,-1,1,-1,0,0,0,0,0,0,1,-1,1,-1,1,-1,1,-1,-1,1,1,-1,1,-1,1,-1,1,-1,0,0,1,-1,0,0,0,0,0,2,0,0,1,-1,0,0,0,2,0,0,0,0,1,-1,1,-1,1,-1,0,0,1,-1,1,-1,1,-1,1,-1,1,-1,-1,1,-1,1,-1,1,0,0,0,0,-1,1,-1,1,1,-1,1,0,-1,1,1,-1,0,0,1,-1,1,-1,-1,1,1,-1,1,-1,1,-1,0,0,0,2,0,0,1,-1,0,0,1,-1,0,0,-1,1,-1,1,-1,1,0,0,1,-1,1,-1,1,-1,1,-1,1,-1,1,-1,-1,1,1,-1,0,2,0,0,0,0,-1,1,1,-1,1,-1,1,-1,-1,1,1,-1,1,-1,1,-1,-1,1,1,-1,1,-1,0,0,0,2,1,-1,-1,1,1,-1,1,-1,1,-1,-1,1,0,0,-1,1,0,0,-1,1,1,-1,-1,1,-1,1,-1,1,0,0,1,-1,1,-1,0,0,1,-1,1,-1,-1,1,0,2,1,-1,1,-1,1,-1,1,-1,1,-1,1,-1,-1,1,1,-1,1,-1,0,2,-1,1,1,-1
NVDA,2023-08-23 16:21:42,AMC,0.07192950908110052,0.0964572400150408,0.06316036023122087,NQ,tp,-64.0,1216.820000000007,1194.320000000007,0,0,1,-1,1,-1,0,2,1,-1,-1,1,1,-1,1,-1,1,-1,1,-1,-1,1,0,0,0,0,1,-1,0,0,-1,1,1,-1,-1,1,0,0,0,0,0,0,0,0,-1,1,1,-1,0,2,0,-1,0,-1,0,0,0,0,1,-1,1,-1,1,-1,0,0,1,-1,1,-1,1,-1,1,-1,1,-1,1,-1,-1,1,0,2,1,-1,-1,1,1,-1,1,-1,1,-1,0,0,0,0,-1,1,1,-1,0,0,0,0,1,-1,1,-1,1,-1,-1,1,1,-1,1,-1,0,0,-1,1,1,-1,0,0,0,0,0,0,0,0,0,0,0,0,0,0,0,0,-1,1,-1,1,1,-1,1,-1,-1,1,1,-1,1,-1,-1,1,1,-1,1,-1,1,-1,-1,1,0,0,0,0,1,-1,0,0,1,-1,1,0,1,-1,1,-1,0,0,1,-1,1,-1,-1,1,1,-1,1,-1,0,0,0,0,0,0,0,0,-1,1,1,-1,1,-1,1,-1,1,-1,1,-1,1,-1,0,0,-1,1,0,0,1,-1,1,-1,1,-1,-1,1,1,-1,0,0,0,0,0,0,0,0,1,-1,1,-1,-1,1,1,-1,-1,1,-1,1,-1,1,0,0,1,-1,-1,1,1,-1,0,0,0,0,1,-1,-1,1,1,-1,-1,1,1,-1,-1,1,0,0,-1,1,0,0,0,0,0,0,1,-1,1,-1,1,-1,0,0,1,-1,1,-1,0,0,1,-1,1,-1,-1,1,0,0,1,-1,1,-1,1,-1,0,0,1,-1,1,-1,-1,1,1,-1,1,-1,0,0,0,0,1,-1
MU,2023-09-27 16:00:28,AMC,0.05595496473141617,0.19499788045782113,0.03330633629750594,NQ,timed,900.0,670.0,647.5,0,0,1,-1,1,-1,-1,0,-1,1,1,-1,1,-1,-1,1,0,0,-1,1,1,-1,0,0,0,0,-1,1,-1,1,1,-1,1,-1,1,-1,0,0,-1,1,0,0,0,0,1,-1,1,-1,0,0,0,-1,0,0,0,0,1,-1,-1,1,1,-1,-1,1,0,0,-1,1,-1,1,1,-1,0,0,1,-1,-1,1,1,-1,0,0,-1,1,1,-1,1,-1,1,-1,-1,1,1,-1,1,-1,1,-1,-1,1,0,0,-1,1,1,-1,1,-1,1,-1,-1,1,1,-1,1,-1,0,0,1,-1,1,-1,0,0,0,0,0,0,-1,1,0,0,0,0,1,-1,0,0,-1,1,-1,1,-1,1,0,0,1,-1,1,-1,1,-1,1,-1,1,-1,1,-1,1,-1,-1,1,0,0,0,2,1,-1,1,-1,1,-1,1,0,1,-1,-1,1,0,0,1,-1,1,-1,1,-1,1,-1,1,-1,1,-1,0,0,0,0,0,0,1,-1,0,0,-1,1,0,0,-1,1,-1,1,1,-1,0,0,1,-1,1,-1,1,-1,1,-1,1,-1,0,0,-1,1,1,-1,0,0,0,0,0,0,1,-1,1,-1,1,-1,1,-1,1,-1,-1,1,-1,1,0,0,-1,1,0,0,1,-1,0,0,0,0,-1,1,-1,1,1,-1,1,-1,-1,1,1,-1,-1,1,-1,1,-1,1,0,0,0,0,1,-1,1,-1,1,-1,0,0,1,-1,-1,1,0,2,1,-1,1,-1,1,-1,0,0,-1,1,1,-1,1,-1,0,0,1,-1,-1,1,-1,1,0,0,-1,1,0,0,1,-1,1,-1
NFLX,2023-10-18 16:01:28,AMC,0.016599990040005976,0.013281314850170168,0.026782474908913063,NQ,timed,900.0,640.0,617.5,0,0,1,-1,-1,1,1,0,-1,1,1,-1,-1,1,-1,1,0,0,-1,1,-1,1,0,0,0,2,-1,1,1,-1,1,-1,1,-1,1,-1,0,0,-1,1,0,0,0,0,1,-1,1,-1,0,0,0,-1,0,-1,0,0,0,0,-1,1,-1,1,-1,1,0,0,-1,1,-1,1,1,-1,0,0,1,-1,1,-1,1,-1,0,2,1,-1,1,-1,1,-1,1,-1,-1,1,1,-1,1,-1,1,-1,-1,1,0,0,-1,1,1,-1,1,-1,1,-1,-1,1,1,-1,1,-1,0,0,1,-1,1,-1,0,0,0,0,0,0,-1,1,0,0,0,0,1,-1,0,0,-1,1,-1,1,-1,1,0,0,1,-1,1,-1,1,-1,1,-1,1,-1,1,-1,-1,1,-1,1,0,0,0,0,1,-1,0,0,1,-1,1,0,1,-1,-1,1,0,0,1,-1,-1,1,1,-1,1,-1,1,-1,0,0,0,0,0,0,0,0,1,-1,-1,1,-1,1,-1,1,-1,1,-1,1,1,-1,0,0,1,-1,1,-1,-1,1,-1,1,1,-1,-1,1,-1,1,1,-1,0,0,0,0,0,0,1,-1,1,-1,-1,1,-1,1,1,-1,1,-1,-1,1,0,0,-1,1,-1,1,1,-1,0,0,0,0,-1,1,1,-1,-1,1,1,-1,1,-1,1,-1,0,0,-1,1,0,0,1,-1,0,0,1,-1,-1,1,1,-1,0,0,1,-1,-1,1,0,0,1,-1,-1,1,1,-1,0,0,1,-1,1,-1,-1,1,0,0,1,-1,-1,1,1,-1,0,0,-1,1,0,0,0,0,1,-1
TSLA,2023-10-18 16:15:00,AMC,0.0016598061346434737,0.02489833181176861,0.011607661056297156,NQ,timed,900.0,35.0,12.5,0,0,1,-1,1,-1,1,0,1,-1,1,-1,-1,1,1,-1,1,-1,1,-1,1,-1,0,0,0,2,1,-1,1,-1,1,-1,1,-1,1,-1,0,0,1,-1,0,0,0,0,1,-1,1,-1,0,0,0,-1,0,-1,0,0,0,0,1,-1,1,-1,1,-1,0,0,1,-1,-1,1,1,-1,1,-1,-1,1,-1,1,1,-1,0,2,1,-1,1,-1,1,-1,1,-1,1,-1,1,-1,0,0,0,0,1,-1,1,-1,1,-1,1,-1,1,-1,1,-1,1,-1,-1,1,1,-1,0,0,1,-1,1,-1,0,0,0,0,0,0,1,-1,0,0,0,0,0,0,0,0,1,-1,1,-1,1,-1,0,0,1,-1,1,-1,1,-1,1,-1,1,-1,1,-1,1,-1,-1,1,0,2,0,0,1,-1,0,0,1,-1,1,0,1,-1,1,-1,0,0,1,-1,-1,1,1,-1,1,-1,-1,1,0,0,0,0,0,0,0,0,1,-1,-1,1,-1,1,-1,1,-1,1,-1,1,1,-1,0,0,1,-1,0,0,-1,1,1,-1,1,-1,0,0,-1,1,1,-1,0,0,0,0,0,0,1,-1,1,-1,1,-1,-1,1,1,-1,1,-1,-1,1,1,-1,1,-1,0,0,-1,1,0,0,0,0,1,-1,-1,1,1,-1,1,-1,1,-1,1,-1,0,0,-1,1,0,0,0,0,1,-1,1,-1,1,-1,1,-1,0,0,-1,1,1,-1,0,2,1,-1,1,-1,-1,1,0,0,-1,1,1,-1,-1,1,1,-1,-1,1,1,-1,-1,1,1,-1,1,-1,0,0,1,-1,1,-1
GOOGL,2023-10-24 16:01:23,AMC,0.17632241813602015,0.20660809970940486,0.11360448613237305,NQ,stopped_pre,-83.0,-297.07500000000437,-319.57500000000437,0,0,-1,1,1,-1,0,2,0,0,1,-1,1,-1,-1,1,0,0,-1,1,1,-1,0,0,0,0,-1,1,-1,1,-1,1,1,-1,1,-1,0,0,1,-1,0,0,0,0,-1,1,1,-1,0,0,0,-1,0,0,0,0,0,0,1,-1,-1,1,-1,1,0,0,-1,1,1,-1,-1,1,0,0,-1,1,-1,1,-1,1,0,0,-1,1,-1,1,-1,1,1,-1,-1,1,0,0,1,-1,1,-1,-1,1,1,-1,1,-1,-1,1,-1,1,1,-1,1,-1,1,-1,1,-1,0,0,1,-1,-1,1,0,0,0,0,0,0,0,0,0,0,0,0,0,0,0,2,1,-1,1,-1,-1,1,1,-1,1,-1,1,-1,1,-1,-1,1,1,-1,-1,1,-1,1,-1,1,0,0,0,2,-1,1,0,0,-1,1,-1,0,-1,1,1,-1,0,0,1,-1,-1,1,-1,1,1,-1,-1,1,-1,1,0,0,0,0,0,0,-1,1,1,-1,1,-1,1,-1,1,-1,1,-1,-1,1,0,0,-1,1,-1,1,-1,1,1,-1,-1,1,1,-1,-1,1,-1,1,0,0,0,0,0,0,-1,1,1,-1,1,-1,-1,1,-1,1,-1,1,1,-1,0,0,-1,1,1,-1,-1,1,0,0,0,0,1,-1,1,-1,-1,1,1,-1,1,-1,-1,1,0,0,1,-1,0,0,0,0,0,0,-1,1,-1,1,-1,1,0,2,-1,1,1,-1,0,0,1,-1,1,-1,1,-1,0,0,-1,1,-1,1,1,-1,1,-1,-1,1,-1,1,1,-1,1,-1,-1,1,0,0,0,0,-1,1
MSFT,2023-10-24 16:03:29,AMC,0.14311209886520526,0.006735254003266598,0.08894116644698631,NQ,tp,-168.0,1187.9799999999886,1165.4799999999886,0,0,-1,1,1,-1,0,2,0,0,-1,1,1,-1,1,-1,0,0,-1,1,-1,1,0,0,0,2,-1,1,-1,1,-1,1,-1,1,1,-1,0,0,0,0,0,0,0,0,-1,1,1,-1,0,0,0,-1,0,0,0,0,0,0,1,-1,-1,1,-1,1,0,0,-1,1,1,-1,-1,1,-1,1,-1,1,-1,1,-1,1,0,0,-1,1,-1,1,-1,1,1,-1,-1,1,0,0,0,0,-1,1,-1,1,0,0,0,0,-1,1,-1,1,1,-1,1,-1,1,-1,1,-1,0,0,-1,1,1,-1,0,0,0,0,0,0,0,0,0,0,0,0,0,0,0,0,-1,1,1,-1,-1,1,1,-1,1,-1,-1,1,1,-1,1,-1,-1,1,-1,1,-1,1,1,-1,0,0,0,2,-1,1,0,0,-1,1,-1,0,-1,1,1,-1,0,0,-1,1,-1,1,-1,1,1,-1,-1,1,-1,1,0,0,0,0,0,0,-1,1,1,-1,1,-1,1,-1,1,-1,1,-1,-1,1,0,0,-1,1,-1,1,-1,1,-1,1,-1,1,1,-1,-1,1,-1,1,0,0,0,0,0,0,-1,1,-1,1,-1,1,-1,1,1,-1,-1,1,1,-1,0,0,-1,1,1,-1,1,-1,0,0,0,0,-1,1,1,-1,-1,1,-1,1,1,-1,-1,1,0,0,1,-1,0,0,0,0,0,0,-1,1,-1,1,-1,1,0,2,-1,1,1,-1,0,0,1,-1,1,-1,1,-1,0,0,-1,1,-1,1,1,-1,0,0,-1,1,-1,1,1,-1,0,0,-1,1,0,0,0,0,-1,1
META,2023-10-25 16:20:51,AMC,0.11022889719433011,0.23078777858151633,0.041438225168940454,NQ,stopped_pre,-246.0,-289.8400000000038,-312.3400000000038,0,0,1,-1,1,-1,0,2,1,-1,-1,1,-1,1,1,-1,0,0,1,-1,-1,1,0,0,0,2,1,-1,-1,1,1,-1,1,-1,-1,1,0,0,0,0,0,0,0,0,1,-1,1,-1,0,0,0,-1,0,-1,0,0,-1,1,-1,1,-1,1,1,-1,0,0,1,-1,-1,1,1,-1,0,0,1,-1,-1,1,1,-1,0,2,-1,1,1,-1,-1,1,1,-1,1,-1,0,0,0,0,-1,1,1,-1,1,-1,0,0,1,-1,1,-1,1,-1,1,-1,-1,1,1,-1,0,0,1,-1,0,0,0,0,0,0,1,-1,1,-1,0,0,0,0,0,0,0,2,1,-1,1,-1,0,0,0,0,-1,1,1,-1,1,-1,-1,1,1,-1,-1,1,1,-1,-1,1,0,0,0,0,1,-1,0,0,1,-1,1,0,1,-1,1,-1,0,2,1,-1,-1,1,-1,1,1,-1,1,-1,1,-1,0,0,0,0,0,0,1,-1,-1,1,-1,1,-1,1,-1,1,-1,1,1,-1,0,0,1,-1,0,0,-1,1,1,-1,-1,1,1,-1,1,-1,1,-1,0,0,0,0,0,0,1,-1,1,-1,-1,1,-1,1,-1,1,1,-1,-1,1,1,-1,1,-1,0,0,-1,1,0,0,0,0,1,-1,-1,1,-1,1,-1,1,-1,1,1,-1,0,0,1,-1,0,0,0,0,1,-1,-1,1,1,-1,1,-1,0,0,1,-1,-1,1,0,0,-1,1,1,-1,-1,1,0,0,-1,1,1,-1,-1,1,0,0,1,-1,1,-1,-1,1,1,-1,1,-1,0,0,0,0,1,-1
INTC,2023-10-26 16:09:55,AMC,0.10719055317354326,0.06677678979369486,0.029080569332924053,NQ,stopped_pre,-185.0,-284.5100000000093,-307.0100000000093,0,0,1,-1,-1,1,1,0,-1,1,1,-1,-1,1,-1,1,0,0,1,-1,1,-1,0,0,0,2,-1,1,1,-1,-1,1,1,-1,1,-1,0,1,-1,1,-1,1,1,-1,1,-1,-1,1,0,0,0,-1,0,-1,0,0,1,-1,-1,1,1,-1,-1,1,0,0,1,-1,-1,1,1,-1,0,0,-1,1,1,-1,1,-1,0,0,1,-1,1,-1,1,-1,1,-1,1,-1,0,0,1,-1,1,-1,-1,1,0,0,-1,1,1,-1,1,-1,1,-1,-1,1,1,-1,1,-1,0,0,1,-1,0,0,0,0,0,0,0,0,0,0,0,0,0,0,1,-1,0,0,1,-1,-1,1,1,-1,1,-1,1,-1,1,-1,1,-1,1,-1,1,-1,1,-1,1,-1,1,-1,0,0,0,0,1,-1,1,-1,1,-1,1,0,1,-1,1,-1,0,2,1,-1,1,-1,1,-1,-1,1,-1,1,0,0,0,0,0,0,0,0,1,-1,0,0,-1,1,-1,1,-1,1,-1,1,1,-1,0,0,1,-1,0,0,-1,1,1,-1,1,-1,0,0,-1,1,1,-1,0,0,0,0,0,0,1,-1,1,-1,-1,1,1,-1,1,-1,-1,1,-1,1,0,0,1,-1,0,0,1,-1,0,0,0,2,-1,1,1,-1,-1,1,1,-1,1,-1,1,-1,0,0,-1,1,0,0,1,-1,0,0,1,-1,1,-1,1,-1,0,0,-1,1,-1,1,0,2,-1,1,1,-1,1,-1,0,0,1,-1,1,-1,-1,1,0,0,-1,1,1,-1,1,-1,0,0,-1,1,0,0,1,-1,-1,1
AMZN,2023-10-26 16:14:51,AMC,0.02630978899549226,0.08243733885254241,0.031647000316470004,NQ,timed,899.0,55.0,32.5,0,0,1,-1,-1,1,1,0,0,0,1,-1,-1,1,1,-1,1,-1,1,-1,1,-1,0,0,0,2,1,-1,1,-1,1,-1,1,-1,1,-1,0,0,-1,1,0,0,0,0,1,-1,-1,1,0,0,0,-1,0,0,0,0,1,-1,-1,1,1,-1,1,-1,0,0,1,-1,-1,1,1,-1,1,-1,-1,1,1,-1,1,-1,0,0,1,-1,1,-1,1,-1,1,-1,1,-1,0,0,1,-1,1,-1,1,-1,0,0,-1,1,1,-1,1,-1,1,-1,-1,1,-1,1,1,-1,0,0,1,-1,-1,1,0,0,0,0,0,0,0,0,0,0,0,0,1,-1,0,0,1,-1,-1,1,1,-1,1,-1,1,-1,1,-1,1,-1,1,-1,1,-1,1,-1,1,-1,-1,1,0,0,0,0,1,-1,1,-1,1,-1,1,0,1,-1,1,-1,0,2,1,-1,1,-1,1,-1,1,-1,-1,1,0,0,0,0,0,0,0,0,1,-1,0,0,-1,1,-1,1,-1,1,-1,1,1,-1,0,0,1,-1,1,-1,-1,1,1,-1,1,-1,0,0,1,-1,1,-1,0,0,0,0,0,0,1,-1,1,-1,1,-1,1,-1,-1,1,1,-1,-1,1,0,0,1,-1,0,0,1,-1,0,0,0,2,-1,1,1,-1,1,-1,1,-1,1,-1,1,-1,0,0,-1,1,0,0,1,-1,0,0,1,-1,1,-1,1,-1,0,0,-1,1,-1,1,0,2,1,-1,1,-1,-1,1,0,0,-1,1,1,-1,-1,1,0,0,1,-1,1,-1,1,-1,0,0,-1,1,0,0,1,-1,1,-1
AMD,2023-10-31 16:16:56,AMC,0.0069187394056802855,0.020756577240413056,0.02275894250683097,NQ,stopped_pre,-58.0,-289.38999999998487,-311.88999999998487,0,0,1,-1,-1,1,0,2,-1,1,-1,1,1,-1,-1,1,0,0,-1,1,1,-1,0,0,0,0,-1,1,0,0,-1,1,-1,1,-1,1,0,0,0,0,1,-1,0,0,-1,1,-1,1,0,2,0,-1,0,1,0,0,0,0,-1,1,-1,1,-1,1,0,0,-1,1,1,-1,-1,1,-1,1,-1,1,1,-1,-1,1,0,2,-1,1,-1,1,-1,1,-1,1,-1,1,0,0,0,0,-1,1,-1,1,-1,1,-1,1,-1,1,-1,1,-1,1,-1,1,1,-1,-1,1,0,0,-1,1,0,0,0,0,0,0,0,0,-1,1,0,0,0,0,0,0,0,2,-1,1,-1,1,-1,1,0,0,1,-1,-1,1,-1,1,-1,1,-1,1,1,-1,-1,1,1,-1,0,0,0,0,-1,1,0,0,-1,1,-1,0,-1,1,-1,1,0,0,-1,1,1,-1,-1,1,1,-1,-1,1,0,0,0,0,0,0,0,0,-1,1,1,-1,1,-1,1,-1,1,-1,1,-1,-1,1,0,0,-1,1,-1,1,1,-1,-1,1,-1,1,0,0,-1,1,-1,1,0,0,0,0,0,0,-1,1,-1,1,1,-1,1,-1,-1,1,-1,1,1,-1,0,0,-1,1,0,0,1,-1,0,0,0,0,-1,1,-1,1,1,-1,-1,1,-1,1,-1,1,0,0,1,-1,0,0,0,0,0,0,1,-1,-1,1,-1,1,0,0,-1,1,-1,1,0,0,1,-1,-1,1,-1,1,0,2,1,-1,-1,1,1,-1,0,0,1,-1,-1,1,-1,1,-1,1,-1,1,0,0,0,0,-1,1
AAPL,2023-11-02 16:30:32,AMC,0.07346189164370982,0.05676032119664113,0.21793807224048897,NQ,stopped_pre,-32.0,-299.49499999998807,-321.99499999998807,0,0,1,-1,-1,1,-1,0,-1,1,-1,1,1,-1,-1,1,-1,1,-1,1,-1,1,0,0,0,0,-1,1,-1,1,1,-1,-1,1,-1,1,0,0,-1,1,1,-1,0,0,1,-1,-1,1,0,0,0,1,0,1,0,0,-1,1,-1,1,-1,1,-1,1,0,0,-1,1,1,-1,1,-1,-1,1,-1,1,-1,1,1,-1,0,2,-1,1,-1,1,-1,1,-1,1,-1,1,0,0,-1,1,-1,1,-1,1,-1,1,-1,1,1,-1,1,-1,-1,1,-1,1,1,-1,-1,1,0,0,-1,1,0,0,0,0,0,0,0,0,-1,1,0,0,0,0,0,0,0,2,-1,1,-1,1,-1,1,1,-1,-1,1,-1,1,-1,1,-1,1,-1,1,1,-1,-1,1,-1,1,0,0,0,0,-1,1,0,0,-1,1,-1,0,1,-1,-1,1,0,0,-1,1,-1,1,-1,1,-1,1,-1,1,1,-1,0,0,0,0,0,0,-1,1,1,-1,1,-1,1,-1,1,-1,1,-1,1,-1,0,0,1,-1,-1,1,1,-1,-1,1,1,-1,-1,1,1,-1,-1,1,0,0,0,0,0,0,1,-1,-1,1,-1,1,-1,1,1,-1,-1,1,1,-1,-1,1,-1,1,0,0,-1,1,0,0,0,0,1,-1,1,-1,-1,1,-1,1,-1,1,-1,1,0,0,-1,1,0,0,0,0,-1,1,1,-1,-1,1,-1,1,0,0,-1,1,-1,1,0,2,-1,1,-1,1,-1,1,0,0,1,-1,-1,1,1,-1,-1,1,-1,1,-1,1,1,-1,-1,1,-1,1,0,0,-1,1,-1,1
NVDA,2023-11-21 16:22:00,AMC,0.09093902381661675,0.15993477170095335,0.06565849112551363,NQ,stopped_pre,-77.0,-319.59999999999127,-342.09999999999127,0,0,1,-1,-1,1,0,2,-1,1,1,-1,-1,1,-1,1,0,0,-1,1,-1,1,0,0,0,2,-1,1,0,0,1,-1,1,-1,1,-1,0,0,-1,1,0,0,0,0,1,-1,-1,1,0,2,0,-1,0,0,0,2,0,0,-1,1,-1,1,-1,1,0,0,-1,1,-1,1,1,-1,0,0,1,-1,0,0,1,-1,0,0,1,-1,1,-1,1,-1,-1,1,-1,1,1,-1,1,-1,1,-1,-1,1,-1,1,-1,1,-1,1,1,-1,-1,1,-1,1,1,-1,1,-1,0,0,-1,1,0,0,0,0,0,0,0,0,-1,1,0,0,0,0,0,0,0,2,-1,1,-1,1,-1,1,0,0,1,-1,-1,1,-1,1,-1,1,-1,1,-1,1,-1,1,1,-1,0,0,0,0,1,-1,0,0,-1,1,-1,0,1,-1,-1,1,0,0,1,-1,-1,1,1,-1,1,-1,1,-1,1,-1,0,0,0,0,0,0,1,-1,-1,1,-1,1,0,0,-1,1,-1,1,1,-1,0,0,-1,1,-1,1,-1,1,-1,1,-1,1,0,0,-1,1,1,-1,0,0,0,0,0,0,1,-1,-1,1,-1,1,-1,1,1,-1,-1,1,1,-1,-1,1,1,-1,0,0,-1,1,0,0,0,0,-1,1,-1,1,-1,1,1,-1,-1,1,1,-1,0,0,-1,1,0,0,1,-1,0,0,1,-1,-1,1,-1,1,0,0,1,-1,-1,1,0,2,1,-1,-1,1,-1,1,0,0,1,-1,-1,1,-1,1,0,0,1,-1,-1,1,-1,1,0,0,1,-1,0,0,0,0,-1,1
AVGO,2023-12-07 16:18:51,AMC,0.03590327968654876,0.02497619456455566,0.011413825152472433,NQ,stopped_post,777.0,-325.0,-347.5,0,0,-1,1,-1,1,0,2,-1,1,1,-1,1,-1,-1,1,-1,1,-1,1,1,-1,0,0,0,2,-1,1,-1,1,-1,1,-1,1,1,-1,0,0,0,0,0,0,0,0,-1,1,-1,1,0,2,0,1,0,1,0,0,0,0,-1,1,1,-1,-1,1,0,0,-1,1,1,-1,-1,1,-1,1,-1,1,1,-1,-1,1,0,2,-1,1,-1,1,-1,1,-1,1,-1,1,-1,1,0,0,-1,1,-1,1,-1,1,-1,1,-1,1,-1,1,-1,1,-1,1,-1,1,-1,1,0,0,-1,1,0,0,0,0,0,0,-1,1,-1,1,0,0,0,2,0,0,0,0,-1,1,-1,1,-1,1,1,-1,1,-1,-1,1,-1,1,1,-1,-1,1,1,-1,-1,1,1,-1,0,0,0,0,-1,1,0,0,-1,1,-1,0,-1,1,-1,1,0,0,-1,1,1,-1,-1,1,-1,1,-1,1,0,0,0,0,0,0,0,0,-1,1,1,-1,1,-1,1,-1,1,-1,1,-1,-1,1,0,0,-1,1,1,-1,1,-1,-1,1,-1,1,-1,1,1,-1,-1,1,0,0,0,0,0,0,-1,1,-1,1,1,-1,1,-1,-1,1,-1,1,1,-1,-1,1,-1,1,-1,1,1,-1,0,0,0,0,1,-1,1,-1,-1,1,-1,1,-1,1,-1,1,0,0,1,-1,0,0,0,0,-1,1,1,-1,-1,1,-1,1,0,0,-1,1,-1,1,0,0,-1,1,-1,1,-1,1,0,2,1,-1,-1,1,1,-1,-1,1,1,-1,-1,1,1,-1,-1,1,-1,1,0,0,0,0,-1,1
MU,2023-12-20 16:00:33,AMC,0.025351944643283227,0.04921186453315836,0.03372226343832198,NQ,stopped_pre,-201.0,-336.07499999998254,-358.57499999998254,0,0,1,-1,-1,1,0,2,0,0,1,-1,-1,1,-1,1,1,-1,1,-1,1,-1,0,0,0,0,1,-1,1,-1,-1,1,1,-1,-1,1,0,0,1,-1,1,-1,0,0,-1,1,-1,1,0,0,0,-1,0,0,0,2,0,0,-1,1,1,-1,-1,1,0,0,1,-1,-1,1,1,-1,1,-1,1,-1,1,-1,-1,1,0,0,-1,1,1,-1,1,-1,1,-1,1,-1,0,0,0,0,-1,1,1,-1,0,0,0,0,1,-1,-1,1,-1,1,-1,1,-1,1,1,-1,0,0,1,-1,0,0,0,0,0,0,0,0,-1,1,0,0,0,0,0,0,0,0,1,-1,-1,1,1,-1,1,-1,-1,1,1,-1,1,-1,-1,1,1,-1,-1,1,1,-1,1,-1,0,0,0,0,1,-1,0,0,1,-1,1,0,1,-1,1,-1,0,0,1,-1,1,-1,-1,1,-1,1,1,-1,0,0,0,0,0,0,0,0,1,-1,-1,1,-1,1,-1,1,-1,1,-1,1,1,-1,0,0,-1,1,0,0,-1,1,1,-1,1,-1,-1,1,1,-1,-1,1,0,0,0,0,0,0,1,-1,1,-1,1,-1,1,-1,-1,1,-1,1,-1,1,0,0,1,-1,-1,1,1,-1,0,0,0,2,1,-1,-1,1,1,-1,-1,1,-1,1,1,-1,0,0,-1,1,0,0,0,0,0,0,1,-1,1,-1,1,-1,0,0,1,-1,-1,1,0,2,-1,1,-1,1,1,-1,0,0,1,-1,1,-1,-1,1,0,0,1,-1,1,-1,-1,1,0,0,1,-1,0,0,0,0,1,-1
NFLX,2024-01-23 16:02:17,AMC,0.007124841472277242,0.06269592476489029,0.026077319251580938,NQ,stopped_post,366.0,-350.6999999999971,-373.1999999999971,0,2,1,-1,1,-1,0,2,1,-1,-1,1,1,-1,1,-1,0,0,1,-1,-1,1,0,0,0,2,1,-1,1,-1,1,-1,1,-1,1,-1,0,0,1,-1,0,0,1,-1,1,-1,1,-1,0,0,0,-1,0,-1,0,0,0,0,1,-1,1,-1,-1,1,0,0,1,-1,1,-1,1,-1,1,-1,1,-1,-1,1,1,-1,0,0,1,-1,1,-1,1,-1,1,-1,1,-1,1,-1,0,0,0,0,1,-1,1,-1,1,-1,1,-1,1,-1,1,-1,1,-1,1,-1,1,-1,1,-1,1,-1,1,-1,0,0,0,0,1,-1,1,-1,0,0,0,0,1,-1,0,0,1,-1,1,-1,1,-1,0,0,1,-1,1,-1,1,-1,-1,1,1,-1,1,-1,1,-1,-1,1,0,0,0,0,1,-1,1,-1,1,-1,1,0,1,-1,1,-1,0,0,1,-1,1,-1,1,-1,-1,1,1,-1,0,0,0,0,0,0,0,0,1,-1,1,-1,1,-1,0,0,1,-1,1,-1,1,-1,0,0,1,-1,1,-1,1,-1,1,-1,1,-1,1,-1,-1,1,1,-1,0,0,0,0,0,0,1,-1,1,-1,-1,1,-1,1,1,-1,1,-1,-1,1,1,-1,1,-1,1,-1,-1,1,0,2,0,0,1,-1,-1,1,1,-1,1,-1,1,-1,1,-1,0,0,-1,1,0,0,1,-1,1,-1,-1,1,1,-1,1,-1,0,0,1,-1,1,-1,0,2,1,-1,1,-1,1,-1,0,0,1,-1,1,-1,1,-1,1,-1,1,-1,1,-1,-1,1,1,-1,1,-1,0,0,1,-1,1,-1
INTC,2024-01-25 16:07:43,AMC,0.02129441660396644,0.12492547059992619,0.030657185923580327,NQ,stopped_post,129.0,-352.4300000000221,-374.9300000000221,0,0,1,-1,1,-1,0,2,1,-1,-1,1,-1,1,1,-1,0,0,1,-1,-1,1,0,0,0,2,1,-1,1,-1,1,-1,-1,1,-1,1,0,0,1,-1,0,0,0,0,1,-1,1,-1,0,0,0,-1,0,1,0,0,0,0,1,-1,1,-1,1,-1,0,0,1,-1,-1,1,1,-1,0,0,1,-1,1,-1,1,-1,0,0,1,-1,-1,1,1,-1,-1,1,1,-1,0,0,-1,1,-1,1,1,-1,1,-1,1,-1,-1,1,-1,1,-1,1,1,-1,-1,1,1,-1,0,0,1,-1,1,-1,0,0,0,0,1,-1,1,-1,0,0,0,0,0,0,0,2,-1,1,1,-1,1,-1,1,-1,-1,1,1,-1,1,-1,1,-1,1,-1,1,-1,1,-1,1,-1,0,0,0,0,1,-1,0,0,1,-1,1,0,1,-1,1,-1,0,0,-1,1,1,-1,1,-1,-1,1,1,-1,0,0,0,0,0,0,0,0,-1,1,0,0,-1,1,0,0,-1,1,-1,1,1,-1,0,0,1,-1,1,-1,1,-1,1,-1,1,-1,1,-1,-1,1,1,-1,0,0,0,0,0,0,1,-1,1,-1,1,-1,1,-1,1,-1,1,-1,-1,1,1,-1,1,-1,1,-1,-1,1,0,0,0,0,1,-1,-1,1,1,-1,-1,1,1,-1,-1,1,0,0,-1,1,0,0,0,0,1,-1,-1,1,1,-1,1,-1,0,0,1,-1,1,-1,0,0,1,-1,1,-1,1,-1,0,0,-1,1,1,-1,-1,1,0,0,-1,1,1,-1,-1,1,0,0,1,-1,0,0,0,0,1,-1
GOOGL,2024-01-30 16:01:26,AMC,0.10229888323719132,0.355184269599068,0.13418744708381922,NQ,stopped_pre,-74.0,-351.76500000001397,-374.26500000001397,0,0,-1,1,1,-1,0,2,1,-1,1,-1,-1,1,-1,1,0,0,-1,1,1,-1,0,0,0,0,-1,1,0,0,-1,1,1,-1,-1,1,0,0,1,-1,0,0,0,0,-1,1,1,-1,0,0,0,-1,0,0,0,0,0,0,1,-1,1,-1,1,-1,0,0,1,-1,-1,1,-1,1,-1,1,-1,1,1,-1,-1,1,0,0,1,-1,-1,1,1,-1,-1,1,-1,1,0,0,0,0,1,-1,-1,1,0,0,1,-1,1,-1,-1,1,-1,1,1,-1,-1,1,1,-1,0,0,-1,1,-1,1,0,0,0,0,0,0,0,0,0,0,0,0,0,0,0,2,-1,1,-1,1,1,-1,0,0,1,-1,-1,1,-1,1,-1,1,-1,1,-1,1,1,-1,-1,1,0,0,0,0,-1,1,0,0,1,-1,1,0,-1,1,-1,1,0,0,-1,1,1,-1,1,-1,1,-1,-1,1,1,-1,0,0,0,0,0,0,-1,1,-1,1,-1,1,0,0,-1,1,-1,1,-1,1,0,0,-1,1,0,0,-1,1,1,-1,-1,1,0,0,-1,1,-1,1,0,0,0,0,0,0,-1,1,-1,1,1,-1,1,-1,-1,1,-1,1,-1,1,-1,1,1,-1,0,0,-1,1,0,0,0,0,-1,1,-1,1,1,-1,-1,1,1,-1,-1,1,0,0,1,-1,0,0,0,0,-1,1,-1,1,1,-1,-1,1,0,0,-1,1,1,-1,0,0,1,-1,-1,1,1,-1,0,0,-1,1,1,-1,-1,1,0,0,-1,1,1,-1,-1,1,-1,1,1,-1,0,0,0,0,1,-1
MSFT,2024-01-30 16:03:17,AMC,0.04703132571330844,0.04560613402502637,0.08932559178204555,NQ,stopped_pre,-185.0,-351.8000000000029,-374.3000000000029,0,0,-1,1,-1,1,0,2,0,0,-1,1,-1,1,-1,1,1,-1,1,-1,-1,1,0,0,0,2,-1,1,0,0,-1,1,-1,1,1,-1,0,0,-1,1,1,-1,0,0,-1,1,-1,1,0,0,0,-1,0,0,0,0,0,0,1,-1,-1,1,1,-1,0,0,1,-1,-1,1,-1,1,-1,1,-1,1,-1,1,-1,1,0,0,-1,1,-1,1,-1,1,-1,1,-1,1,0,0,-1,1,-1,1,-1,1,-1,1,0,0,1,-1,-1,1,-1,1,-1,1,-1,1,1,-1,0,0,-1,1,-1,1,0,0,0,0,0,0,-1,1,0,0,0,0,-1,1,0,0,-1,1,-1,1,1,-1,-1,1,-1,1,-1,1,-1,1,-1,1,-1,1,-1,1,1,-1,1,-1,0,0,0,2,-1,1,0,0,-1,1,-1,0,-1,1,-1,1,0,0,-1,1,-1,1,-1,1,-1,1,-1,1,0,0,0,0,0,0,0,0,-1,1,-1,1,-1,1,0,0,-1,1,-1,1,-1,1,0,0,-1,1,-1,1,-1,1,1,-1,-1,1,0,0,-1,1,-1,1,0,0,0,0,0,0,-1,1,-1,1,-1,1,-1,1,-1,1,-1,1,1,-1,0,0,-1,1,0,0,-1,1,0,0,0,0,-1,1,-1,1,-1,1,-1,1,1,-1,-1,1,0,0,-1,1,0,0,-1,1,0,0,-1,1,-1,1,-1,1,0,0,-1,1,1,-1,0,0,-1,1,-1,1,1,-1,0,0,1,-1,-1,1,-1,1,-1,1,-1,1,-1,1,-1,1,-1,1,1,-1,0,0,0,0,-1,1
AMD,2024-01-30 16:16:19,AMC,0.004277586870660032,0.034223134839151265,0.018963337547408345,NQ,timed,900.0,-105.0,-127.5,0,0,1,-1,-1,1,-1,0,-1,1,1,-1,-1,1,-1,1,0,0,-1,1,1,-1,0,0,0,0,-1,1,0,0,-1,1,-1,1,1,-1,0,0,-1,1,0,0,0,0,-1,1,-1,1,0,0,0,-1,0,1,0,0,0,0,-1,1,-1,1,-1,1,0,0,-1,1,-1,1,-1,1,0,0,-1,1,-1,1,-1,1,0,2,-1,1,-1,1,-1,1,-1,1,-1,1,-1,1,0,0,0,0,-1,1,-1,1,-1,1,-1,1,1,-1,-1,1,-1,1,1,-1,-1,1,0,0,1,-1,0,0,0,0,0,0,0,0,-1,1,0,0,0,0,0,0,0,0,-1,1,-1,1,-1,1,-1,1,1,-1,-1,1,-1,1,-1,1,-1,1,1,-1,-1,1,1,-1,0,0,0,0,-1,1,0,0,-1,1,-1,0,-1,1,-1,1,0,2,-1,1,-1,1,-1,1,-1,1,-1,1,0,0,0,0,0,0,0,0,-1,1,-1,1,-1,1,-1,1,-1,1,-1,1,-1,1,0,0,-1,1,-1,1,-1,1,-1,1,-1,1,-1,1,1,-1,-1,1,0,0,0,0,0,0,-1,1,-1,1,-1,1,-1,1,1,-1,-1,1,1,-1,-1,1,-1,1,-1,1,1,-1,0,0,0,0,-1,1,-1,1,-1,1,1,-1,-1,1,-1,1,0,0,1,-1,0,0,0,0,-1,1,1,-1,-1,1,-1,1,0,0,-1,1,-1,1,0,0,-1,1,-1,1,-1,1,0,0,1,-1,-1,1,-1,1,-1,1,-1,1,-1,1,-1,1,-1,1,-1,1,0,0,0,0,-1,1
AMZN,2024-02-01 16:06:02,AMC,0.060024009603841535,0.3615680333843054,0.030231338022032907,NQ,tp,67.0,1395.5999999999767,1373.0999999999767,0,0,1,-1,1,-1,0,2,-1,1,-1,1,1,-1,-1,1,-1,1,-1,1,-1,1,0,0,0,2,-1,1,-1,1,1,-1,-1,1,-1,1,0,0,1,-1,0,0,0,0,1,-1,1,-1,0,0,0,-1,0,1,0,0,0,0,1,-1,-1,1,-1,1,0,0,-1,1,1,-1,1,-1,0,0,1,-1,-1,1,1,-1,0,0,-1,1,1,-1,-1,1,-1,1,-1,1,0,0,-1,1,-1,1,-1,1,-1,1,-1,1,-1,1,1,-1,-1,1,-1,1,1,-1,1,-1,0,0,1,-1,1,-1,0,0,0,0,0,0,0,0,0,0,0,0,1,-1,0,0,-1,1,0,0,-1,1,1,-1,-1,1,-1,1,1,-1,1,-1,-1,1,1,-1,-1,1,1,-1,0,0,0,0,1,-1,0,0,-1,1,-1,0,1,-1,-1,1,0,2,-1,1,1,-1,1,-1,-1,1,1,-1,-1,1,0,0,0,0,0,0,1,-1,1,-1,1,-1,0,0,1,-1,1,-1,1,-1,0,0,1,-1,0,0,1,-1,1,-1,1,-1,0,0,-1,1,1,-1,0,0,0,0,0,0,1,-1,-1,1,-1,1,-1,1,1,-1,1,-1,-1,1,0,0,-1,1,0,0,1,-1,0,0,0,0,1,-1,1,-1,-1,1,1,-1,1,-1,1,-1,0,0,-1,1,0,0,0,0,0,0,1,-1,-1,1,1,-1,0,0,1,-1,1,-1,0,0,1,-1,1,-1,1,-1,0,0,1,-1,-1,1,1,-1,-1,1,1,-1,-1,1,1,-1,0,0,1,-1,0,0,0,0,-1,1
META,2024-02-01 16:10:29,AMC,0.05137426149499101,0.27684623617552623,0.04192994829139708,NQ,tp,364.0,1399.499999999971,1376.999999999971,0,0,1,-1,1,-1,0,2,0,0,-1,1,1,-1,1,-1,0,0,1,-1,-1,1,0,0,0,0,1,-1,1,-1,1,-1,1,-1,1,-1,0,0,1,-1,0,0,1,-1,1,-1,1,-1,0,0,0,-1,0,-1,0,0,0,0,1,-1,1,-1,1,-1,0,0,1,-1,1,-1,1,-1,1,-1,1,-1,1,-1,1,-1,0,2,1,-1,1,-1,1,-1,1,-1,1,-1,1,-1,0,0,0,0,1,-1,1,-1,1,-1,1,-1,1,-1,1,-1,1,-1,-1,1,1,-1,0,0,1,-1,1,-1,0,0,0,0,0,0,1,-1,0,0,0,0,1,-1,0,0,1,-1,1,-1,1,-1,0,0,1,-1,1,-1,1,-1,1,-1,1,-1,1,-1,1,-1,-1,1,0,0,0,0,1,-1,1,-1,1,-1,1,0,1,-1,1,-1,0,2,1,-1,1,-1,1,-1,1,-1,1,-1,0,0,0,0,0,0,0,0,1,-1,1,-1,1,-1,1,-1,1,-1,1,-1,1,-1,0,0,1,-1,1,-1,1,-1,1,-1,1,-1,1,-1,-1,1,1,-1,0,0,0,0,0,0,1,-1,1,-1,-1,1,1,-1,1,-1,-1,1,-1,1,0,0,1,-1,1,-1,-1,1,0,0,0,0,-1,1,1,-1,1,-1,1,-1,1,-1,1,-1,0,0,-1,1,0,0,1,-1,0,0,1,-1,1,-1,1,-1,0,0,1,-1,1,-1,0,2,1,-1,1,-1,-1,1,0,0,1,-1,1,-1,1,-1,0,0,1,-1,1,-1,1,-1,0,0,1,-1,0,0,1,-1,1,-1
AAPL,2024-02-01 16:30:30,AMC,0.036968051072784405,0.10095552269366397,0.21287919105907396,NQ,timed,900.0,815.0,792.5,0,0,-1,1,1,-1,1,0,1,-1,1,-1,1,-1,1,-1,1,-1,1,-1,1,-1,0,0,0,0,1,-1,1,-1,-1,1,1,-1,1,-1,0,0,0,0,-1,1,1,-1,1,-1,1,-1,0,2,0,-1,0,-1,0,0,0,0,1,-1,-1,1,-1,1,0,0,1,-1,1,-1,1,-1,0,0,1,-1,-1,1,-1,1,0,2,1,-1,1,-1,1,-1,1,-1,1,-1,1,-1,0,0,1,-1,1,-1,1,-1,1,-1,1,-1,1,-1,1,-1,1,-1,1,-1,1,-1,0,0,1,-1,1,-1,0,0,0,0,0,0,1,-1,0,0,0,0,-1,1,0,0,1,-1,1,-1,1,-1,0,0,1,-1,1,-1,1,-1,1,-1,1,-1,-1,1,1,-1,-1,1,0,0,0,0,1,-1,0,0,1,-1,1,0,-1,1,1,-1,0,0,1,-1,-1,1,1,-1,1,-1,1,-1,0,0,0,2,0,0,0,0,1,-1,1,-1,1,-1,1,-1,1,-1,1,-1,-1,1,0,0,1,-1,1,-1,1,-1,1,-1,1,-1,1,-1,-1,1,1,-1,0,0,0,0,0,0,-1,1,-1,1,-1,1,-1,1,-1,1,1,-1,-1,1,1,-1,1,-1,1,-1,-1,1,0,0,0,0,-1,1,-1,1,1,-1,1,-1,1,-1,-1,1,0,0,-1,1,0,0,0,0,1,-1,-1,1,1,-1,1,-1,0,0,1,-1,1,-1,0,0,-1,1,1,-1,-1,1,0,2,-1,1,1,-1,1,-1,1,-1,1,-1,1,-1,-1,1,1,-1,1,-1,0,0,0,0,1,-1
NVDA,2024-02-21 16:22:09,AMC,0.17931687443515185,1.2597566574839303,0.06733633101763689,NQ,tp,-83.0,1402.6400000000285,1380.1400000000285,0,0,-1,1,-1,1,1,0,1,-1,1,-1,1,-1,1,-1,0,0,1,-1,-1,1,0,0,0,2,1,-1,1,-1,-1,1,-1,1,1,-1,0,0,-1,1,0,0,0,0,-1,1,-1,1,0,2,0,-1,0,0,0,0,0,0,-1,1,1,-1,1,-1,0,0,1,-1,-1,1,-1,1,-1,1,1,-1,1,-1,-1,1,0,0,1,-1,-1,1,-1,1,-1,1,1,-1,0,0,1,-1,1,-1,1,-1,1,-1,1,-1,1,-1,-1,1,1,-1,1,-1,1,-1,1,-1,0,0,-1,1,0,0,0,0,0,0,0,0,1,-1,0,0,0,0,0,0,0,0,1,-1,1,-1,1,-1,0,0,1,-1,1,-1,1,-1,-1,1,1,-1,-1,1,-1,1,1,-1,0,0,0,2,-1,1,-1,1,1,-1,-1,0,-1,1,1,-1,0,0,1,-1,1,-1,-1,1,1,-1,1,-1,0,0,0,0,0,0,0,0,-1,1,0,0,-1,1,0,0,-1,1,-1,1,-1,1,0,0,-1,1,1,-1,1,-1,-1,1,-1,1,1,-1,1,-1,-1,1,0,0,0,0,0,0,-1,1,1,-1,-1,1,1,-1,1,-1,1,-1,1,-1,0,0,-1,1,1,-1,-1,1,0,0,0,2,1,-1,-1,1,1,-1,-1,1,1,-1,-1,1,0,0,-1,1,0,0,-1,1,0,0,-1,1,-1,1,-1,1,0,0,1,-1,-1,1,0,0,-1,1,1,-1,-1,1,0,2,-1,1,1,-1,1,-1,0,0,1,-1,1,-1,-1,1,0,0,1,-1,0,0,-1,1,-1,1
AVGO,2024-03-07 16:18:09,AMC,0.0960008777223106,0.026057023739320048,0.011805330106543103,NQ,stopped_pre,-174.0,-365.1900000000023,-387.6900000000023,0,0,-1,1,-1,1,-1,0,-1,1,-1,1,1,-1,-1,1,0,0,-1,1,-1,1,0,0,0,0,-1,1,-1,1,-1,1,-1,1,-1,1,0,0,0,0,0,0,0,0,-1,1,-1,1,0,2,0,-1,0,1,0,0,0,0,-1,1,1,-1,1,-1,0,0,-1,1,1,-1,-1,1,-1,1,-1,1,1,-1,-1,1,0,2,-1,1,-1,1,-1,1,-1,1,-1,1,-1,1,0,0,0,0,-1,1,-1,1,-1,1,-1,1,-1,1,-1,1,-1,1,-1,1,-1,1,0,0,-1,1,0,0,0,0,0,0,-1,1,-1,1,0,0,0,0,0,0,0,0,-1,1,-1,1,-1,1,0,0,1,-1,-1,1,-1,1,-1,1,-1,1,1,-1,-1,1,1,-1,0,0,0,0,-1,1,0,0,-1,1,-1,0,-1,1,-1,1,0,2,-1,1,1,-1,-1,1,1,-1,-1,1,0,0,0,0,0,0,0,0,-1,1,1,-1,1,-1,1,-1,1,-1,1,-1,-1,1,0,0,-1,1,-1,1,-1,1,-1,1,-1,1,-1,1,1,-1,-1,1,0,0,0,0,0,0,-1,1,-1,1,-1,1,1,-1,1,-1,-1,1,1,-1,-1,1,-1,1,-1,1,1,-1,0,0,0,0,-1,1,1,-1,-1,1,-1,1,-1,1,-1,1,0,0,-1,1,0,0,0,0,-1,1,1,-1,-1,1,-1,1,0,0,-1,1,-1,1,0,0,-1,1,-1,1,-1,1,0,0,1,-1,-1,1,1,-1,-1,1,-1,1,-1,1,1,-1,-1,1,-1,1,0,0,0,0,-1,1
MU,2024-03-20 16:00:45,AMC,0.0662717411885634,0.24344721252941653,0.03330633629750594,NQ,timed,900.0,1205.0,1182.5,0,0,1,-1,-1,1,0,2,-1,1,-1,1,1,-1,-1,1,-1,1,-1,1,-1,1,0,0,0,2,-1,1,0,0,1,-1,-1,1,-1,1,0,0,1,-1,1,-1,0,0,1,-1,-1,1,0,0,0,-1,0,0,0,0,0,0,-1,1,-1,1,-1,1,0,0,-1,1,1,-1,-1,1,-1,1,-1,1,-1,1,1,-1,0,0,-1,1,-1,1,-1,1,-1,1,-1,1,0,0,-1,1,-1,1,-1,1,0,0,-1,1,-1,1,1,-1,-1,1,1,-1,1,-1,-1,1,0,0,-1,1,1,-1,0,0,0,0,0,0,0,0,0,0,0,2,-1,1,0,0,-1,1,0,0,-1,1,1,-1,-1,1,-1,1,-1,1,1,-1,-1,1,1,-1,-1,1,-1,1,0,0,0,0,-1,1,0,0,-1,1,-1,0,-1,1,-1,1,0,0,-1,1,-1,1,1,-1,1,-1,-1,1,0,0,0,0,0,0,0,0,-1,1,1,-1,1,-1,1,-1,1,-1,1,-1,-1,1,0,0,1,-1,-1,1,1,-1,-1,1,1,-1,0,0,-1,1,-1,1,0,0,0,0,0,0,1,-1,-1,1,-1,1,-1,1,1,-1,-1,1,1,-1,-1,1,-1,1,0,0,-1,1,0,0,0,2,-1,1,-1,1,-1,1,-1,1,-1,1,-1,1,0,0,-1,1,0,0,0,0,-1,1,-1,1,-1,1,-1,1,0,0,-1,1,-1,1,0,0,-1,1,1,-1,1,-1,0,0,-1,1,-1,1,1,-1,-1,1,-1,1,-1,1,-1,1,-1,1,-1,1,0,0,-1,1,-1,1
NFLX,2024-04-18 16:02:24,AMC,0.021337126600284497,0.20768431983385255,0.025079598819047543,NQ,stopped_pre,-115.0,-350.8950000000186,-373.3950000000186,0,0,-1,1,-1,1,0,2,0,0,1,-1,-1,1,-1,1,0,0,-1,1,1,-1,0,0,0,2,-1,1,-1,1,-1,1,-1,1,-1,1,0,0,0,0,0,0,-1,1,-1,1,-1,1,0,0,0,-1,0,1,0,0,0,0,-1,1,-1,1,-1,1,0,0,-1,1,-1,1,-1,1,-1,1,-1,1,-1,1,-1,1,0,0,-1,1,-1,1,-1,1,-1,1,-1,1,-1,1,0,0,0,0,-1,1,-1,1,0,0,-1,1,-1,1,-1,1,-1,1,-1,1,-1,1,-1,1,-1,1,-1,1,0,0,0,0,0,0,-1,1,0,0,0,0,-1,1,0,0,-1,1,-1,1,0,0,-1,1,-1,1,-1,1,-1,1,-1,1,-1,1,-1,1,-1,1,1,-1,0,0,0,0,-1,1,-1,1,-1,1,-1,0,-1,1,-1,1,0,0,-1,1,-1,1,-1,1,1,-1,-1,1,1,-1,0,0,0,0,0,0,-1,1,-1,1,-1,1,-1,1,-1,1,-1,1,-1,1,0,0,-1,1,-1,1,-1,1,-1,1,-1,1,-1,1,1,-1,-1,1,0,0,0,0,0,0,-1,1,-1,1,1,-1,-1,1,-1,1,1,-1,1,-1,0,0,-1,1,-1,1,1,-1,0,0,0,0,-1,1,-1,1,1,-1,-1,1,-1,1,-1,1,0,0,1,-1,0,0,-1,1,0,0,-1,1,-1,1,-1,1,0,0,-1,1,-1,1,0,0,-1,1,-1,1,1,-1,0,0,-1,1,-1,1,-1,1,-1,1,-1,1,-1,1,-1,1,-1,1,-1,1,0,0,-1,1,-1,1
TSLA,2024-04-23 16:09:55,AMC,0.02552394997305805,0.10067780267150678,0.011567785062075214,NQ,stopped_pre,-144.0,-352.7749999999651,-375.2749999999651,0,0,1,-1,-1,1,0,2,-1,1,1,-1,1,-1,-1,1,0,0,1,-1,1,-1,0,0,0,0,-1,1,-1,1,1,-1,1,-1,1,-1,0,0,-1,1,1,-1,1,-1,1,-1,-1,1,0,0,0,-1,0,1,0,0,1,-1,-1,1,-1,1,1,-1,0,0,-1,1,1,-1,1,-1,0,0,1,-1,-1,1,1,-1,0,2,1,-1,1,-1,1,-1,-1,1,-1,1,0,0,1,-1,1,-1,-1,1,0,0,-1,1,1,-1,1,-1,1,-1,-1,1,1,-1,1,-1,1,-1,1,-1,0,0,0,0,0,0,0,0,0,0,0,0,0,0,1,-1,0,2,-1,1,-1,1,0,0,1,-1,1,-1,1,-1,1,-1,1,-1,1,-1,1,-1,1,-1,1,-1,0,0,0,2,1,-1,0,0,1,-1,1,0,1,-1,-1,1,0,2,1,-1,1,-1,1,-1,1,-1,1,-1,-1,1,0,0,0,0,0,0,1,-1,1,-1,1,-1,1,-1,1,-1,1,-1,1,-1,0,0,1,-1,0,0,-1,1,1,-1,1,-1,0,0,-1,1,1,-1,0,0,0,0,0,0,1,-1,1,-1,-1,1,-1,1,1,-1,1,-1,-1,1,0,0,-1,1,1,-1,1,-1,0,0,0,0,-1,1,-1,1,-1,1,1,-1,1,-1,1,-1,0,0,-1,1,0,0,1,-1,0,0,1,-1,-1,1,1,-1,0,0,1,-1,-1,1,0,0,-1,1,1,-1,1,-1,0,0,1,-1,1,-1,1,-1,0,0,1,-1,-1,1,-1,1,0,0,1,-1,0,0,0,0,1,-1
META,2024-04-24 16:07:26,AMC,0.15800711743772242,0.3871886120996441,0.0424216714138537,NQ,stopped_pre,-143.0,-353.37500000001455,-375.87500000001455,0,0,-1,1,-1,1,0,2,1,-1,1,-1,-1,1,1,-1,0,0,-1,1,1,-1,0,0,0,0,-1,1,-1,1,-1,1,1,-1,1,-1,0,0,-1,1,0,0,0,0,-1,1,-1,1,0,0,0,-1,0,0,0,0,0,0,-1,1,-1,1,1,-1,0,0,-1,1,0,0,-1,1,-1,1,-1,1,-1,1,-1,1,0,0,-1,1,-1,1,-1,1,1,-1,1,-1,0,0,1,-1,1,-1,-1,1,1,-1,0,0,1,-1,-1,1,1,-1,1,-1,1,-1,-1,1,0,0,1,-1,-1,1,0,0,0,0,0,0,1,-1,0,0,0,0,0,0,0,0,1,-1,1,-1,-1,1,0,0,1,-1,1,-1,1,-1,-1,1,1,-1,-1,1,-1,1,-1,1,0,0,0,2,-1,1,0,0,1,-1,-1,0,-1,1,-1,1,0,0,1,-1,-1,1,1,-1,1,-1,-1,1,-1,1,0,0,0,0,0,0,-1,1,0,0,1,-1,0,0,1,-1,1,-1,-1,1,0,0,-1,1,-1,1,-1,1,-1,1,-1,1,1,-1,-1,1,-1,1,0,0,0,0,0,0,-1,1,1,-1,1,-1,-1,1,-1,1,1,-1,1,-1,0,0,-1,1,1,-1,-1,1,0,0,0,2,-1,1,1,-1,-1,1,1,-1,1,-1,-1,1,0,0,1,-1,0,0,0,0,0,0,-1,1,-1,1,-1,1,0,2,-1,1,-1,1,0,0,1,-1,1,-1,1,-1,0,0,1,-1,-1,1,-1,1,1,-1,-1,1,-1,1,1,-1,1,-1,-1,1,0,0,0,0,-1,1
GOOGL,2024-04-25 16:01:35,AMC,0.08229051389007122,1.0003405414609228,0.11824316516050526,NQ,tp,-32.0,1404.820000000036,1382.320000000036,0,0,1,-1,1,-1,-1,0,-1,1,1,-1,1,-1,-1,1,0,0,-1,1,1,-1,0,0,0,0,-1,1,0,0,1,-1,1,-1,1,-1,0,0,1,-1,1,-1,0,0,1,-1,1,-1,0,0,0,-1,0,1,0,2,1,-1,1,-1,1,-1,1,-1,0,0,-1,1,0,0,-1,1,0,0,1,-1,1,-1,1,-1,0,0,-1,1,1,-1,-1,1,-1,1,-1,1,0,0,1,-1,-1,1,-1,1,-1,1,-1,1,-1,1,1,-1,-1,1,-1,1,1,-1,1,-1,0,0,1,-1,0,0,0,0,0,0,0,0,-1,1,0,0,0,0,1,-1,0,0,-1,1,0,0,-1,1,-1,1,1,-1,-1,1,1,-1,1,-1,-1,1,1,-1,-1,1,1,-1,0,0,0,0,-1,1,0,0,-1,1,1,0,1,-1,-1,1,0,0,1,-1,1,-1,1,-1,1,-1,1,-1,0,0,0,0,0,0,0,0,1,-1,0,0,1,-1,0,0,-1,1,1,-1,1,-1,0,0,1,-1,0,0,1,-1,1,-1,1,-1,0,0,-1,1,1,-1,0,0,0,0,0,0,1,-1,-1,1,1,-1,1,-1,1,-1,-1,1,1,-1,0,0,-1,1,0,0,-1,1,0,0,0,2,-1,1,1,-1,-1,1,1,-1,-1,1,1,-1,0,0,-1,1,0,0,0,0,0,0,-1,1,-1,1,-1,1,0,0,1,-1,1,-1,0,2,1,-1,-1,1,1,-1,0,0,1,-1,1,-1,1,-1,0,0,1,-1,-1,1,1,-1,0,0,-1,1,0,0,0,0,1,-1
MSFT,2024-04-25 16:03:19,AMC,0.28386222090412233,0.46322449440741154,0.08894116644698631,NQ,tp,-136.0,1405.0,1382.5,0,0,1,-1,1,-1,1,0,-1,1,1,-1,1,-1,-1,1,0,0,-1,1,-1,1,0,0,0,0,-1,1,0,0,1,-1,1,-1,1,-1,0,0,0,0,0,0,1,-1,1,-1,1,-1,0,0,0,-1,0,0,0,0,0,0,1,-1,1,-1,1,-1,0,0,-1,1,0,0,1,-1,0,0,1,-1,1,-1,1,-1,0,0,1,-1,1,-1,1,-1,1,-1,-1,1,0,0,1,-1,1,-1,-1,1,0,0,-1,1,1,-1,1,-1,1,-1,-1,1,1,-1,1,-1,1,-1,1,-1,1,-1,0,0,0,0,0,0,0,0,0,0,0,0,1,-1,0,0,-1,1,0,0,-1,1,1,-1,1,-1,1,-1,1,-1,1,-1,1,-1,1,-1,1,-1,1,-1,0,0,0,2,1,-1,0,0,1,-1,1,0,1,-1,1,-1,0,0,1,-1,1,-1,1,-1,1,-1,1,-1,0,0,0,0,0,0,0,0,1,-1,1,-1,1,-1,0,0,-1,1,1,-1,1,-1,0,0,1,-1,0,0,1,-1,1,-1,1,-1,1,-1,-1,1,1,-1,0,0,0,0,0,0,1,-1,1,-1,-1,1,1,-1,1,-1,-1,1,-1,1,0,0,1,-1,0,0,1,-1,0,0,0,2,1,-1,1,-1,-1,1,1,-1,-1,1,1,-1,0,0,-1,1,0,0,0,0,0,0,-1,1,-1,1,1,-1,0,0,1,-1,1,-1,0,2,1,-1,1,-1,1,-1,0,0,-1,1,1,-1,1,-1,0,0,1,-1,-1,1,1,-1,0,0,-1,1,0,0,1,-1,1,-1
INTC,2024-04-25 16:09:45,AMC,0.05061369100341642,0.04358156078221872,0.029080569332924053,NQ,stopped_pre,-274.0,-355.679999999993,-378.179999999993,0,2,1,-1,1,-1,1,0,0,0,1,-1,1,-1,1,-1,1,-1,1,-1,1,-1,0,0,0,0,1,-1,0,0,1,-1,1,-1,1,-1,0,1,1,-1,-1,1,1,-1,1,-1,1,-1,0,0,0,-1,0,-1,0,0,1,-1,1,-1,-1,1,-1,1,0,0,1,-1,1,-1,1,-1,1,-1,1,-1,-1,1,1,-1,0,0,1,-1,1,-1,1,-1,1,-1,1,-1,1,-1,1,-1,1,-1,1,-1,1,-1,1,-1,1,-1,1,-1,1,-1,1,-1,1,-1,1,-1,1,-1,1,-1,1,-1,0,0,0,0,0,0,1,-1,0,0,0,0,1,-1,0,0,1,-1,1,-1,1,-1,1,-1,1,-1,1,-1,1,-1,-1,1,1,-1,1,-1,1,-1,-1,1,0,2,0,0,1,-1,1,-1,1,-1,1,0,1,-1,1,-1,0,2,1,-1,-1,1,1,-1,1,-1,1,-1,-1,1,0,2,0,0,0,0,-1,1,1,-1,1,-1,1,-1,1,-1,1,-1,1,-1,0,0,1,-1,-1,1,1,-1,1,-1,1,-1,1,-1,-1,1,1,-1,0,0,0,0,0,0,1,-1,-1,1,-1,1,-1,1,1,-1,-1,1,-1,1,0,0,1,-1,1,-1,-1,1,0,2,0,0,-1,1,-1,1,-1,1,1,-1,1,-1,1,-1,0,0,-1,1,0,0,1,-1,0,0,-1,1,1,-1,1,-1,0,0,1,-1,1,-1,0,2,-1,1,1,-1,1,-1,0,0,-1,1,1,-1,1,-1,1,-1,-1,1,-1,1,-1,1,1,-1,1,-1,0,0,1,-1,-1,1
AMZN,2024-04-30 16:10:34,AMC,0.004270158707565298,0.22917170796976644,0.031647000316470004,NQ,stopped_pre,-160.0,-351.71000000002095,-374.21000000002095,0,0,1,-1,-1,1,-1,0,-1,1,1,-1,-1,1,-1,1,0,0,-1,1,-1,1,0,0,0,0,-1,1,0,0,1,-1,-1,1,1,-1,0,0,0,0,0,0,0,0,1,-1,-1,1,0,0,0,-1,0,-1,0,0,0,0,-1,1,-1,1,-1,1,0,0,-1,1,-1,1,1,-1,0,0,-1,1,1,-1,1,-1,0,0,-1,1,-1,1,-1,1,-1,1,-1,1,0,0,0,0,0,0,-1,1,-1,1,-1,1,-1,1,1,-1,-1,1,-1,1,1,-1,-1,1,0,0,-1,1,0,0,0,0,0,0,0,0,-1,1,0,0,0,0,0,0,0,0,-1,1,-1,1,-1,1,0,0,1,-1,-1,1,1,-1,1,-1,-1,1,1,-1,-1,1,-1,1,0,0,0,0,-1,1,0,0,-1,1,-1,0,-1,1,-1,1,0,2,-1,1,1,-1,-1,1,1,-1,-1,1,0,0,0,0,0,0,0,0,-1,1,-1,1,-1,1,-1,1,-1,1,-1,1,-1,1,0,0,1,-1,1,-1,-1,1,-1,1,1,-1,-1,1,1,-1,1,-1,0,0,0,0,0,0,1,-1,-1,1,-1,1,-1,1,1,-1,1,-1,1,-1,-1,1,-1,1,-1,1,-1,1,0,0,0,0,-1,1,1,-1,-1,1,1,-1,-1,1,1,-1,0,0,1,-1,0,0,0,0,-1,1,1,-1,-1,1,1,-1,0,0,-1,1,-1,1,0,0,1,-1,-1,1,-1,1,0,0,1,-1,-1,1,-1,1,0,0,1,-1,-1,1,1,-1,-1,1,-1,1,0,0,0,0,-1,1
AMD,2024-04-30 16:16:31,AMC,0.10971317840502687,0.16243481234504573,0.01870243057627928,NQ,stopped_pre,-278.0,-351.25999999996566,-373.75999999996566,0,0,-1,1,-1,1,-1,0,-1,1,-1,1,-1,1,-1,1,0,0,-1,1,-1,1,0,0,0,0,-1,1,0,0,1,-1,-1,1,-1,1,0,0,0,0,-1,1,0,0,-1,1,-1,1,0,0,0,-1,0,1,0,0,-1,1,-1,1,-1,1,-1,1,0,0,-1,1,-1,1,-1,1,-1,1,-1,1,1,-1,1,-1,0,2,-1,1,-1,1,1,-1,-1,1,-1,1,0,0,-1,1,0,0,-1,1,-1,1,-1,1,-1,1,-1,1,-1,1,-1,1,-1,1,-1,1,0,0,-1,1,-1,1,0,0,0,0,0,0,-1,1,0,0,0,0,0,0,0,0,-1,1,-1,1,-1,1,0,0,-1,1,-1,1,-1,1,-1,1,-1,1,1,-1,-1,1,1,-1,0,2,0,0,-1,1,-1,1,-1,1,-1,0,-1,1,-1,1,0,2,-1,1,-1,1,-1,1,1,-1,-1,1,0,0,0,0,0,0,0,0,-1,1,-1,1,-1,1,-1,1,-1,1,-1,1,-1,1,0,0,1,-1,1,-1,-1,1,-1,1,1,-1,-1,1,1,-1,1,-1,0,0,0,0,0,0,-1,1,-1,1,-1,1,-1,1,1,-1,1,-1,1,-1,-1,1,1,-1,-1,1,-1,1,0,0,0,0,1,-1,-1,1,-1,1,-1,1,-1,1,-1,1,0,0,1,-1,0,0,0,0,-1,1,1,-1,-1,1,1,-1,0,0,-1,1,-1,1,0,0,1,-1,-1,1,-1,1,0,0,1,-1,-1,1,-1,1,-1,1,1,-1,-1,1,-1,1,-1,1,-1,1,0,0,-1,1,-1,1
AAPL,2024-05-02 16:30:34,AMC,0.36954182477204506,0.5281191595401257,0.20628062534613967,NQ,stopped_pre,-34.0,-353.070000000007,-375.570000000007,0,0,1,-1,-1,1,0,2,-1,1,-1,1,1,-1,-1,1,0,0,1,-1,-1,1,0,2,0,2,-1,1,0,0,1,-1,-1,1,1,-1,0,0,0,0,0,0,0,0,1,-1,1,-1,0,2,0,-1,0,1,0,0,0,0,-1,1,-1,1,1,-1,0,0,-1,1,1,-1,-1,1,-1,1,1,-1,1,-1,1,-1,0,0,-1,1,-1,1,-1,1,-1,1,-1,1,0,0,0,0,-1,1,-1,1,0,0,0,0,-1,1,1,-1,1,-1,1,-1,1,-1,1,-1,0,0,-1,1,0,0,0,0,0,2,0,0,0,0,0,0,0,2,0,0,0,0,1,-1,1,-1,-1,1,1,-1,1,-1,-1,1,1,-1,1,-1,-1,1,-1,1,-1,1,1,-1,0,0,0,0,-1,1,0,0,-1,1,-1,0,-1,1,-1,1,0,0,-1,1,1,-1,-1,1,1,-1,-1,1,0,0,0,0,0,2,0,0,-1,1,0,0,1,-1,0,0,1,-1,1,-1,-1,1,0,0,-1,1,-1,1,-1,1,-1,1,-1,1,0,0,-1,1,1,-1,0,2,0,0,0,0,-1,1,-1,1,-1,1,-1,1,1,-1,-1,1,1,-1,0,0,-1,1,1,-1,-1,1,0,0,0,2,1,-1,-1,1,-1,1,1,-1,1,-1,-1,1,0,0,-1,1,0,0,0,0,0,0,-1,1,-1,1,-1,1,0,0,-1,1,-1,1,0,0,1,-1,-1,1,-1,1,0,2,-1,1,-1,1,1,-1,0,0,1,-1,-1,1,-1,1,0,0,-1,1,0,2,0,0,-1,1
NVDA,2024-05-22 16:21:29,AMC,0.15762006940581208,0.447634687715209,0.06901417090976014,NQ,stopped_pre,-82.0,-375.69000000003143,-398.19000000003143,0,0,-1,1,1,-1,1,0,1,-1,1,-1,1,-1,1,-1,0,0,1,-1,1,-1,0,0,0,0,1,-1,0,0,-1,1,1,-1,1,-1,0,0,0,0,0,0,0,0,-1,1,1,-1,0,2,0,-1,0,-1,0,0,0,0,1,-1,-1,1,1,-1,0,0,1,-1,1,-1,-1,1,0,0,1,-1,-1,1,-1,1,0,0,1,-1,-1,1,-1,1,1,-1,1,-1,-1,1,1,-1,1,-1,1,-1,1,-1,0,0,-1,1,-1,1,1,-1,1,-1,1,-1,1,-1,-1,1,-1,1,-1,1,0,0,0,0,0,0,1,-1,0,0,0,0,0,0,0,0,1,-1,1,-1,1,-1,1,-1,1,-1,1,-1,-1,1,-1,1,1,-1,-1,1,-1,1,1,-1,0,0,0,2,-1,1,0,0,1,-1,-1,0,-1,1,1,-1,0,0,1,-1,1,-1,-1,1,1,-1,1,-1,0,0,0,0,0,0,0,0,-1,1,0,0,1,-1,0,0,1,-1,1,-1,-1,1,0,0,-1,1,1,-1,-1,1,1,-1,-1,1,1,-1,1,-1,-1,1,0,0,0,0,0,0,-1,1,1,-1,1,-1,-1,1,-1,1,-1,1,1,-1,0,0,-1,1,1,-1,-1,1,0,0,0,2,1,-1,-1,1,1,-1,-1,1,1,-1,-1,1,0,0,1,-1,0,0,-1,1,0,0,-1,1,-1,1,-1,1,0,0,1,-1,1,-1,0,0,-1,1,1,-1,-1,1,0,2,-1,1,-1,1,1,-1,0,0,1,-1,1,-1,-1,1,0,0,1,-1,0,0,-1,1,-1,1
AVGO,2024-06-12 16:19:05,AMC,0.02813083395135923,0.06137322593018795,0.012864191019763407,NQ,tp,40.0,1558.5800000000017,1536.0800000000017,0,0,1,-1,-1,1,0,2,-1,1,-1,1,1,-1,-1,1,0,0,1,-1,-1,1,0,2,0,2,1,-1,0,0,1,-1,-1,1,-1,1,0,0,-1,1,0,0,0,0,1,-1,-1,1,0,2,0,-1,0,1,0,0,-1,1,-1,1,-1,1,1,-1,0,0,-1,1,1,-1,1,-1,0,0,-1,1,-1,1,1,-1,0,0,-1,1,1,-1,1,-1,-1,1,-1,1,1,-1,-1,1,-1,1,1,-1,-1,1,0,0,-1,1,1,-1,-1,1,-1,1,1,-1,-1,1,0,0,-1,1,0,0,0,2,0,2,0,0,-1,1,0,0,0,2,0,0,0,0,1,-1,-1,1,-1,1,0,0,-1,1,-1,1,-1,1,1,-1,-1,1,1,-1,-1,1,-1,1,0,0,0,0,1,-1,0,0,-1,1,-1,0,-1,1,-1,1,0,0,-1,1,1,-1,1,-1,-1,1,-1,1,1,-1,0,0,0,2,0,0,1,-1,1,-1,1,-1,1,-1,1,-1,1,-1,-1,1,0,0,1,-1,-1,1,1,-1,-1,1,-1,1,-1,1,-1,1,1,-1,0,2,0,0,0,0,1,-1,-1,1,-1,1,-1,1,-1,1,-1,1,1,-1,0,0,-1,1,0,0,-1,1,0,0,0,2,1,-1,1,-1,-1,1,1,-1,1,-1,-1,1,0,0,1,-1,0,0,0,0,0,0,1,-1,-1,1,-1,1,0,0,-1,1,-1,1,0,2,-1,1,-1,1,-1,1,0,2,1,-1,-1,1,1,-1,0,0,-1,1,-1,1,1,-1,0,0,-1,1,0,2,-1,1,-1,1
MU,2024-06-26 16:00:36,AMC,0.1112235843987053,0.27118559342156234,0.03372226343832198,NQ,stopped_pre,-21.0,-400.1299999999901,-422.6299999999901,0,2,1,-1,1,-1,1,0,1,-1,1,-1,1,-1,1,-1,1,-1,1,-1,1,-1,0,0,0,2,1,-1,1,-1,1,-1,1,-1,1,-1,0,1,1,-1,0,0,1,-1,1,-1,1,-1,0,0,0,-1,0,-1,0,0,1,-1,1,-1,1,-1,-1,1,0,0,1,-1,1,-1,1,-1,1,-1,1,-1,-1,1,1,-1,0,0,1,-1,1,-1,-1,1,1,-1,1,-1,1,-1,1,-1,1,-1,1,-1,1,-1,1,-1,1,-1,1,-1,1,-1,1,-1,1,-1,1,-1,1,-1,1,-1,1,-1,0,0,0,0,0,0,1,-1,0,0,0,0,0,0,0,0,1,-1,1,-1,1,-1,1,-1,1,-1,1,-1,1,-1,1,-1,1,-1,1,-1,-1,1,-1,1,0,2,0,0,1,-1,0,0,1,-1,1,0,1,-1,1,-1,0,0,1,-1,1,-1,1,-1,-1,1,1,-1,-1,1,0,2,0,0,0,0,1,-1,0,0,1,-1,0,0,1,-1,1,-1,1,-1,0,0,1,-1,0,0,1,-1,1,-1,1,-1,1,-1,-1,1,1,-1,0,0,0,0,0,0,1,-1,-1,1,-1,1,1,-1,1,-1,1,-1,1,-1,1,-1,1,-1,0,0,-1,1,0,2,0,0,-1,1,-1,1,-1,1,1,-1,1,-1,1,-1,0,0,-1,1,0,0,1,-1,1,-1,-1,1,-1,1,1,-1,0,0,1,-1,1,-1,0,0,1,-1,1,-1,1,-1,0,0,-1,1,1,-1,1,-1,1,-1,1,-1,1,-1,-1,1,1,-1,1,-1,0,0,1,-1,-1,1
NFLX,2024-07-18 16:01:22,AMC,0.03394859930593975,0.13704830638469082,0.024081878386514148,NQ,stopped_pre,-268.0,-398.22000000000116,-420.72000000000116,0,0,-1,1,1,-1,1,0,1,-1,1,-1,-1,1,1,-1,1,-1,1,-1,1,-1,0,0,0,2,1,-1,1,-1,-1,1,1,-1,1,-1,0,0,1,-1,1,-1,0,0,-1,1,-1,1,0,0,0,-1,0,-1,0,0,1,-1,1,-1,1,-1,1,-1,0,0,1,-1,-1,1,-1,1,0,0,1,-1,1,-1,-1,1,0,0,1,-1,1,-1,-1,1,1,-1,1,-1,0,0,1,-1,-1,1,1,-1,1,-1,1,-1,1,-1,-1,1,1,-1,1,-1,-1,1,1,-1,0,0,1,-1,-1,1,0,0,0,0,0,0,1,-1,0,0,0,0,0,0,0,0,1,-1,1,-1,1,-1,1,-1,1,-1,1,-1,-1,1,-1,1,1,-1,-1,1,-1,1,-1,1,0,0,0,0,-1,1,0,0,1,-1,1,0,-1,1,1,-1,0,0,1,-1,1,-1,1,-1,-1,1,1,-1,-1,1,0,0,0,0,0,0,1,-1,-1,1,-1,1,-1,1,-1,1,-1,1,-1,1,0,0,-1,1,0,0,1,-1,1,-1,-1,1,1,-1,1,-1,1,-1,0,0,0,0,0,0,-1,1,1,-1,1,-1,1,-1,-1,1,1,-1,1,-1,1,-1,1,-1,0,0,-1,1,0,0,0,0,-1,1,1,-1,1,-1,1,-1,-1,1,-1,1,0,0,1,-1,0,0,0,0,1,-1,-1,1,1,-1,-1,1,0,0,1,-1,1,-1,0,0,1,-1,1,-1,1,-1,0,0,1,-1,1,-1,-1,1,1,-1,1,-1,1,-1,1,-1,1,-1,1,-1,0,0,1,-1,1,-1
GOOGL,2024-07-23 16:01:54,AMC,0.14040718082439074,0.10781400829917133,0.10229888323719132,NQ,tp,52.0,1593.2600000000093,1570.7600000000093,0,2,-1,1,-1,1,-1,0,-1,1,-1,1,-1,1,-1,1,-1,1,-1,1,1,-1,0,0,0,0,-1,1,-1,1,-1,1,-1,1,-1,1,0,0,-1,1,-1,1,-1,1,-1,1,-1,1,0,0,0,1,0,1,0,0,0,0,-1,1,-1,1,1,-1,0,0,-1,1,-1,1,-1,1,-1,1,-1,1,1,-1,-1,1,0,0,-1,1,-1,1,-1,1,-1,1,-1,1,-1,1,-1,1,0,0,-1,1,-1,1,-1,1,-1,1,-1,1,-1,1,-1,1,-1,1,-1,1,-1,1,-1,1,-1,1,0,0,0,0,0,0,-1,1,0,0,0,0,-1,1,0,0,-1,1,-1,1,-1,1,1,-1,-1,1,-1,1,-1,1,-1,1,-1,1,-1,1,-1,1,-1,1,0,2,0,0,-1,1,-1,1,-1,1,-1,0,-1,1,-1,1,0,2,-1,1,-1,1,-1,1,1,-1,-1,1,0,0,0,2,0,0,0,0,-1,1,0,0,-1,1,0,0,-1,1,-1,1,-1,1,0,0,-1,1,0,0,-1,1,-1,1,-1,1,-1,1,1,-1,-1,1,0,0,0,0,0,0,-1,1,1,-1,1,-1,-1,1,-1,1,-1,1,1,-1,-1,1,1,-1,0,0,1,-1,0,2,0,0,-1,1,1,-1,-1,1,-1,1,-1,1,-1,1,0,0,1,-1,0,0,-1,1,-1,1,1,-1,-1,1,-1,1,0,0,-1,1,-1,1,0,0,-1,1,-1,1,1,-1,0,0,1,-1,-1,1,-1,1,-1,1,-1,1,-1,1,1,-1,-1,1,-1,1,0,0,-1,1,-1,1
TSLA,2024-07-23 16:32:27,AMC,0.01253195648904707,0.05012468515432138,0.011607661056297156,NQ,timed,897.0,80.0,57.5,0,0,1,-1,1,-1,0,2,0,0,-1,1,-1,1,1,-1,0,0,-1,1,-1,1,0,0,0,0,1,-1,1,-1,1,-1,1,-1,-1,1,0,0,-1,1,0,0,0,0,1,-1,1,-1,0,2,0,-1,0,0,0,0,0,0,1,-1,1,-1,1,-1,0,0,1,-1,1,-1,1,-1,1,-1,1,-1,-1,1,1,-1,0,2,1,-1,1,-1,1,-1,-1,1,1,-1,1,-1,0,0,0,0,1,-1,0,0,0,0,1,-1,1,-1,1,-1,-1,1,1,-1,1,-1,0,0,1,-1,0,0,0,0,0,2,0,0,0,0,0,0,0,2,0,0,0,2,1,-1,1,-1,-1,1,0,0,-1,1,1,-1,1,-1,-1,1,1,-1,-1,1,1,-1,-1,1,0,0,0,2,1,-1,1,-1,1,-1,1,0,1,-1,1,-1,0,0,1,-1,1,-1,1,-1,1,-1,1,-1,0,0,0,0,0,2,0,0,1,-1,0,0,-1,1,0,0,1,-1,1,-1,1,-1,0,0,-1,1,1,-1,-1,1,1,-1,-1,1,0,0,1,-1,1,-1,0,2,0,0,0,0,1,-1,1,-1,-1,1,1,-1,1,-1,-1,1,-1,1,0,0,1,-1,0,0,-1,1,0,0,0,0,1,-1,-1,1,-1,1,1,-1,1,-1,1,-1,0,0,-1,1,0,0,1,-1,0,0,1,-1,1,-1,1,-1,0,0,1,-1,1,-1,0,2,1,-1,1,-1,-1,1,0,2,1,-1,1,-1,-1,1,1,-1,1,-1,1,-1,-1,1,0,0,-1,1,0,2,1,-1,1,-1
MSFT,2024-07-30 16:03:22,AMC,0.05067950547472026,0.41347667191292986,0.08932559178204555,NQ,stopped_pre,-247.0,-379.2899999999645,-401.7899999999645,0,0,-1,1,1,-1,0,2,1,-1,-1,1,-1,1,1,-1,0,0,1,-1,-1,1,0,0,0,2,1,-1,0,0,-1,1,-1,1,-1,1,0,0,1,-1,0,0,0,0,-1,1,1,-1,0,0,0,-1,0,-1,0,0,-1,1,1,-1,1,-1,1,-1,0,0,1,-1,-1,1,1,-1,0,0,-1,1,1,-1,-1,1,0,2,1,-1,-1,1,1,-1,1,-1,1,-1,0,0,-1,1,-1,1,1,-1,1,-1,1,-1,1,-1,-1,1,1,-1,1,-1,-1,1,1,-1,0,0,-1,1,0,0,0,0,0,0,0,0,1,-1,0,0,0,0,0,0,0,0,1,-1,1,-1,1,-1,1,-1,-1,1,1,-1,-1,1,-1,1,1,-1,-1,1,1,-1,1,-1,0,0,0,0,1,-1,0,0,1,-1,1,0,1,-1,1,-1,0,2,-1,1,1,-1,1,-1,-1,1,-1,1,-1,1,0,0,0,0,0,0,-1,1,-1,1,-1,1,-1,1,-1,1,-1,1,1,-1,0,0,-1,1,-1,1,1,-1,1,-1,-1,1,1,-1,-1,1,-1,1,0,0,0,0,0,0,1,-1,1,-1,1,-1,1,-1,-1,1,-1,1,-1,1,1,-1,1,-1,1,-1,-1,1,0,0,0,0,1,-1,1,-1,1,-1,-1,1,1,-1,-1,1,0,0,1,-1,0,0,0,0,1,-1,-1,1,1,-1,1,-1,0,0,-1,1,1,-1,0,0,1,-1,1,-1,1,-1,0,0,1,-1,1,-1,-1,1,1,-1,-1,1,1,-1,1,-1,0,0,1,-1,0,0,0,0,1,-1
AMD,2024-07-30 16:17:15,AMC,0.14199267477042304,0.027868091035764053,0.018963337547408345,NQ,timed,900.0,1270.0,1247.5,0,0,1,-1,-1,1,-1,0,-1,1,-1,1,-1,1,-1,1,0,0,-1,1,1,-1,0,0,0,0,-1,1,0,0,1,-1,-1,1,1,-1,0,0,0,0,0,0,0,0,1,-1,-1,1,0,2,0,-1,0,1,0,0,0,0,-1,1,1,-1,-1,1,0,0,-1,1,-1,1,-1,1,0,0,-1,1,1,-1,1,-1,0,2,-1,1,-1,1,-1,1,-1,1,-1,1,0,0,0,0,0,0,-1,1,-1,1,-1,1,-1,1,1,-1,-1,1,-1,1,1,-1,-1,1,0,0,1,-1,1,-1,0,0,0,0,0,0,-1,1,0,0,0,0,0,0,0,0,-1,1,-1,1,-1,1,0,0,1,-1,-1,1,1,-1,1,-1,-1,1,1,-1,-1,1,-1,1,0,0,0,0,-1,1,0,0,-1,1,-1,0,-1,1,-1,1,0,2,-1,1,-1,1,1,-1,-1,1,-1,1,0,0,0,0,0,0,0,0,-1,1,-1,1,-1,1,-1,1,-1,1,-1,1,-1,1,0,0,1,-1,-1,1,1,-1,-1,1,-1,1,-1,1,1,-1,1,-1,0,0,0,0,0,0,-1,1,-1,1,1,-1,1,-1,1,-1,-1,1,1,-1,-1,1,-1,1,-1,1,1,-1,0,0,0,0,-1,1,-1,1,-1,1,1,-1,-1,1,1,-1,0,0,-1,1,0,0,0,0,-1,1,1,-1,-1,1,-1,1,0,0,-1,1,-1,1,0,0,1,-1,-1,1,-1,1,0,2,1,-1,-1,1,-1,1,-1,1,-1,1,-1,1,-1,1,-1,1,-1,1,0,0,0,0,-1,1
META,2024-07-31 16:11:20,AMC,0.09703407683566768,0.10853465447673528,0.046303679227954656,NQ,stopped_pre,-273.0,-392.554999999993,-415.054999999993,0,2,1,-1,1,-1,0,2,1,-1,1,-1,1,-1,1,-1,0,0,1,-1,1,-1,0,0,0,2,1,-1,1,-1,1,-1,1,-1,1,-1,0,1,0,0,0,0,1,-1,1,-1,1,-1,0,0,0,-1,0,-1,0,0,1,-1,-1,1,1,-1,-1,1,0,0,1,-1,1,-1,1,-1,1,-1,1,-1,-1,1,1,-1,0,2,1,-1,1,-1,1,-1,1,-1,1,-1,1,-1,1,-1,-1,1,1,-1,1,-1,1,-1,1,-1,1,-1,1,-1,1,-1,1,-1,1,-1,1,-1,1,-1,0,0,0,0,0,0,1,-1,1,-1,0,0,0,0,1,-1,0,0,1,-1,1,-1,1,-1,1,-1,1,-1,1,-1,1,-1,-1,1,1,-1,1,-1,1,-1,-1,1,0,2,0,0,1,-1,1,-1,1,-1,1,0,1,-1,1,-1,0,0,1,-1,1,-1,1,-1,1,-1,1,-1,1,-1,0,0,0,0,0,0,1,-1,1,-1,1,-1,1,-1,1,-1,1,-1,1,-1,0,0,1,-1,1,-1,1,-1,1,-1,1,-1,1,-1,-1,1,1,-1,0,0,0,0,0,0,1,-1,1,-1,-1,1,-1,1,1,-1,1,-1,-1,1,1,-1,1,-1,1,-1,-1,1,0,2,0,0,-1,1,-1,1,1,-1,1,-1,1,-1,1,-1,0,0,-1,1,0,0,1,-1,1,-1,1,-1,1,-1,1,-1,0,0,1,-1,-1,1,0,2,1,-1,1,-1,-1,1,0,0,1,-1,1,-1,1,-1,1,-1,1,-1,1,-1,-1,1,1,-1,1,-1,0,0,1,-1,-1,1
AMZN,2024-08-01 16:06:02,AMC,0.24001054991428195,0.24924501180287223,0.030231338022032907,NQ,stopped_pre,-297.0,-379.42000000002736,-401.92000000002736,0,0,1,-1,1,-1,0,2,1,-1,1,-1,-1,1,1,-1,0,0,1,-1,1,-1,0,0,0,0,1,-1,1,-1,-1,1,1,-1,1,-1,0,0,0,0,0,0,0,0,-1,1,1,-1,0,0,0,-1,0,0,0,0,0,0,1,-1,1,-1,1,-1,0,0,1,-1,-1,1,1,-1,1,-1,1,-1,1,-1,-1,1,0,2,1,-1,1,-1,-1,1,1,-1,1,-1,0,0,1,-1,-1,1,1,-1,1,-1,1,-1,1,-1,1,-1,1,-1,1,-1,-1,1,1,-1,0,0,1,-1,0,0,0,0,0,0,0,0,1,-1,0,0,0,0,0,0,0,0,1,-1,1,-1,1,-1,1,-1,1,-1,1,-1,1,-1,1,-1,1,-1,-1,1,-1,1,1,-1,0,0,0,0,-1,1,0,0,1,-1,1,0,-1,1,1,-1,0,0,1,-1,-1,1,-1,1,-1,1,1,-1,0,0,0,0,0,0,0,0,1,-1,-1,1,-1,1,-1,1,-1,1,-1,1,-1,1,0,0,-1,1,-1,1,1,-1,1,-1,-1,1,1,-1,1,-1,-1,1,0,0,0,0,0,0,-1,1,1,-1,-1,1,1,-1,1,-1,-1,1,1,-1,1,-1,-1,1,1,-1,1,-1,0,0,0,0,-1,1,1,-1,1,-1,1,-1,1,-1,1,-1,0,0,-1,1,0,0,0,0,1,-1,-1,1,-1,1,-1,1,0,0,1,-1,1,-1,0,0,1,-1,1,-1,1,-1,0,0,1,-1,1,-1,-1,1,1,-1,1,-1,1,-1,1,-1,1,-1,1,-1,0,0,0,0,1,-1
INTC,2024-08-01 16:08:44,AMC,0.10528116651532499,0.6092506085926706,0.030657185923580327,NQ,tp,-116.0,1515.0,1492.5,0,0,-1,1,1,-1,0,2,1,-1,-1,1,-1,1,1,-1,0,0,-1,1,-1,1,0,0,0,0,1,-1,-1,1,-1,1,-1,1,-1,1,0,0,1,-1,-1,1,-1,1,-1,1,1,-1,0,0,0,1,0,1,0,0,-1,1,1,-1,-1,1,-1,1,0,0,-1,1,-1,1,-1,1,-1,1,-1,1,-1,1,-1,1,0,0,-1,1,-1,1,-1,1,-1,1,-1,1,-1,1,-1,1,0,0,-1,1,0,0,1,-1,-1,1,-1,1,-1,1,1,-1,-1,1,-1,1,-1,1,-1,1,-1,1,0,0,0,0,0,0,0,0,0,0,0,0,-1,1,0,0,-1,1,0,0,-1,1,1,-1,-1,1,-1,1,-1,1,-1,1,-1,1,-1,1,-1,1,-1,1,0,2,0,2,-1,1,-1,1,-1,1,-1,0,-1,1,-1,1,0,0,-1,1,-1,1,-1,1,-1,1,-1,1,1,-1,0,0,0,0,0,0,-1,1,-1,1,-1,1,-1,1,-1,1,-1,1,-1,1,0,0,-1,1,1,-1,-1,1,-1,1,-1,1,0,0,-1,1,-1,1,0,0,0,0,0,0,-1,1,-1,1,-1,1,-1,1,-1,1,-1,1,1,-1,0,0,-1,1,0,0,-1,1,0,0,0,0,1,-1,-1,1,1,-1,-1,1,-1,1,-1,1,0,0,1,-1,0,0,-1,1,0,0,-1,1,-1,1,-1,1,0,0,-1,1,1,-1,0,0,-1,1,-1,1,1,-1,0,0,1,-1,-1,1,-1,1,0,0,-1,1,-1,1,-1,1,0,0,1,-1,0,0,-1,1,-1,1
AAPL,2024-08-01 16:30:26,AMC,0.06351810927761384,0.1442142309015374,0.21287919105907396,NQ,tp,-15.0,1509.3600000000151,1486.8600000000151,0,2,-1,1,-1,1,-1,0,-1,1,-1,1,-1,1,-1,1,-1,1,-1,1,-1,1,0,0,0,0,-1,1,-1,1,-1,1,-1,1,-1,1,0,-1,-1,1,0,0,-1,1,-1,1,-1,1,0,2,0,1,0,1,0,0,-1,1,-1,1,1,-1,1,-1,0,0,-1,1,-1,1,-1,1,-1,1,-1,1,1,-1,-1,1,0,2,-1,1,-1,1,-1,1,-1,1,-1,1,-1,1,-1,1,-1,1,-1,1,-1,1,-1,1,-1,1,-1,1,-1,1,-1,1,-1,1,-1,1,-1,1,-1,1,-1,1,0,0,0,2,-1,1,-1,1,0,0,0,0,-1,1,0,0,-1,1,-1,1,-1,1,0,0,-1,1,-1,1,-1,1,1,-1,-1,1,-1,1,-1,1,1,-1,0,2,0,0,-1,1,-1,1,-1,1,-1,0,-1,1,-1,1,0,0,-1,1,1,-1,-1,1,-1,1,-1,1,1,-1,0,0,0,2,0,0,-1,1,-1,1,-1,1,-1,1,-1,1,-1,1,-1,1,0,0,-1,1,1,-1,-1,1,-1,1,-1,1,-1,1,1,-1,-1,1,0,2,0,0,0,0,-1,1,1,-1,1,-1,1,-1,-1,1,-1,1,1,-1,-1,1,-1,1,0,0,1,-1,0,2,0,0,1,-1,1,-1,-1,1,-1,1,-1,1,-1,1,1,-1,1,-1,1,-1,-1,1,-1,1,1,-1,-1,1,-1,1,0,0,-1,1,-1,1,0,0,1,-1,-1,1,-1,1,0,0,-1,1,-1,1,-1,1,-1,1,1,-1,1,-1,1,-1,-1,1,-1,1,0,2,-1,1,1,-1
NVDA,2024-08-28 16:21:16,AMC,0.016726280847121792,0.5453095660673406,0.07047183999543033,NQ,stopped_pre,-68.0,-388.1850000000122,-410.6850000000122,0,0,1,-1,-1,1,-1,0,-1,1,1,-1,-1,1,-1,1,0,0,-1,1,1,-1,0,0,0,0,-1,1,1,-1,1,-1,1,-1,1,-1,0,0,-1,1,1,-1,0,0,1,-1,-1,1,0,2,0,-1,0,1,0,2,1,-1,-1,1,1,-1,1,-1,0,0,-1,1,-1,1,1,-1,0,0,-1,1,1,-1,1,-1,0,0,-1,1,1,-1,1,-1,-1,1,-1,1,0,0,1,-1,1,-1,-1,1,-1,1,-1,1,1,-1,1,-1,-1,1,-1,1,1,-1,-1,1,0,0,1,-1,0,0,0,0,0,0,0,0,-1,1,0,0,0,0,1,-1,0,0,-1,1,-1,1,-1,1,1,-1,1,-1,-1,1,1,-1,1,-1,-1,1,1,-1,1,-1,1,-1,0,0,0,0,-1,1,0,0,-1,1,1,0,1,-1,-1,1,0,0,1,-1,1,-1,1,-1,1,-1,-1,1,1,-1,0,0,0,0,0,0,1,-1,-1,1,-1,1,-1,1,-1,1,-1,1,1,-1,0,0,1,-1,-1,1,-1,1,-1,1,1,-1,0,0,-1,1,1,-1,0,0,0,0,0,0,1,-1,-1,1,1,-1,1,-1,1,-1,1,-1,1,-1,0,0,1,-1,0,0,-1,1,0,0,0,2,-1,1,1,-1,-1,1,1,-1,-1,1,1,-1,0,0,-1,1,0,0,0,0,0,0,1,-1,-1,1,1,-1,0,0,-1,1,-1,1,0,2,-1,1,-1,1,-1,1,0,0,1,-1,1,-1,-1,1,-1,1,-1,1,-1,1,1,-1,0,0,-1,1,0,0,0,0,1,-1
AVGO,2024-09-05 16:21:56,AMC,0.04355285733139765,0.0871057146627953,0.013923051932983708,NQ,stopped_post,213.0,-378.5450000000128,-401.0450000000128,0,0,-1,1,-1,1,0,2,1,-1,-1,1,-1,1,1,-1,1,-1,1,-1,-1,1,0,0,0,2,1,-1,-1,1,-1,1,-1,1,-1,1,0,0,1,-1,1,-1,0,0,-1,1,-1,1,0,0,0,-1,0,1,0,0,-1,1,1,-1,-1,1,1,-1,0,0,1,-1,0,0,-1,1,0,0,-1,1,1,-1,-1,1,0,0,1,-1,-1,1,-1,1,-1,1,1,-1,-1,1,-1,1,-1,1,1,-1,0,0,0,0,1,-1,-1,1,-1,1,1,-1,-1,1,-1,1,-1,1,-1,1,-1,1,0,0,0,0,0,0,0,0,0,0,0,0,-1,1,0,0,1,-1,1,-1,1,-1,1,-1,-1,1,-1,1,-1,1,-1,1,-1,1,-1,1,-1,1,1,-1,0,0,0,2,-1,1,0,0,-1,1,-1,0,-1,1,-1,1,0,0,-1,1,-1,1,-1,1,-1,1,-1,1,-1,1,0,0,0,0,0,0,-1,1,0,0,1,-1,0,0,1,-1,1,-1,-1,1,0,0,-1,1,1,-1,1,-1,-1,1,-1,1,0,0,1,-1,-1,1,0,0,0,0,0,0,-1,1,-1,1,1,-1,-1,1,-1,1,-1,1,1,-1,0,0,1,-1,-1,1,-1,1,0,0,0,0,1,-1,-1,1,1,-1,-1,1,1,-1,-1,1,0,0,-1,1,0,0,0,0,0,0,1,-1,1,-1,-1,1,0,0,-1,1,1,-1,0,0,-1,1,-1,1,1,-1,0,0,-1,1,1,-1,-1,1,0,0,1,-1,1,-1,-1,1,0,0,1,-1,0,0,0,0,-1,1
MU,2024-09-25 16:00:27,AMC,0.0012379455056388418,0.20673434018321368,0.039255040575951944,NQ,timed,900.0,970.0,947.5,0,0,1,-1,1,-1,0,2,1,-1,1,-1,1,-1,1,-1,1,-1,1,-1,1,-1,0,0,0,0,1,-1,0,0,1,-1,1,-1,1,-1,0,1,-1,1,0,0,1,-1,1,-1,1,-1,0,0,0,-1,0,0,0,0,1,-1,1,-1,1,-1,1,-1,0,0,1,-1,1,-1,1,-1,1,-1,1,-1,-1,1,1,-1,0,2,1,-1,1,-1,1,-1,1,-1,1,-1,0,0,1,-1,1,-1,1,-1,1,-1,0,0,1,-1,1,-1,1,-1,1,-1,1,-1,1,-1,0,0,1,-1,0,0,0,0,0,0,0,0,1,-1,0,0,0,0,1,-1,0,0,1,-1,1,-1,1,-1,-1,1,1,-1,1,-1,1,-1,1,-1,1,-1,1,-1,1,-1,-1,1,0,0,0,0,1,-1,1,-1,1,-1,1,0,1,-1,1,-1,0,0,1,-1,1,-1,1,-1,1,-1,1,-1,1,-1,0,0,0,0,0,0,1,-1,0,0,1,-1,0,0,1,-1,1,-1,1,-1,0,0,1,-1,1,-1,-1,1,1,-1,1,-1,0,0,1,-1,1,-1,0,0,0,0,0,0,1,-1,1,-1,-1,1,1,-1,1,-1,1,-1,-1,1,1,-1,1,-1,0,0,1,-1,0,0,0,0,-1,1,-1,1,1,-1,1,-1,-1,1,1,-1,0,0,-1,1,0,0,1,-1,1,-1,1,-1,1,-1,1,-1,0,2,1,-1,1,-1,0,2,1,-1,1,-1,1,-1,0,0,1,-1,1,-1,1,-1,1,-1,1,-1,1,-1,-1,1,1,-1,1,-1,0,0,1,-1,-1,1
NFLX,2024-10-17 16:01:18,AMC,0.015941335883947073,0.0723535759835181,0.025079598819047543,NQ,timed,900.0,615.0,592.5,0,0,1,-1,-1,1,0,2,-1,1,1,-1,-1,1,-1,1,0,0,-1,1,-1,1,0,0,0,2,-1,1,0,0,-1,1,1,-1,1,-1,0,0,1,-1,-1,1,0,0,-1,1,1,-1,0,0,0,-1,0,0,0,0,0,0,-1,1,-1,1,-1,1,0,0,-1,1,1,-1,1,-1,0,0,-1,1,1,-1,1,-1,0,0,1,-1,-1,1,1,-1,0,0,-1,1,0,0,0,0,0,0,-1,1,-1,1,-1,1,-1,1,1,-1,-1,1,-1,1,1,-1,1,-1,0,0,-1,1,1,-1,0,0,0,0,-1,1,-1,1,0,0,0,0,1,-1,0,0,-1,1,-1,1,-1,1,1,-1,1,-1,-1,1,-1,1,-1,1,-1,1,-1,1,1,-1,-1,1,0,0,0,2,-1,1,1,-1,-1,1,1,0,1,-1,-1,1,0,0,-1,1,-1,1,-1,1,1,-1,-1,1,-1,1,0,0,0,0,0,0,-1,1,1,-1,1,-1,1,-1,1,-1,1,-1,1,-1,0,0,-1,1,-1,1,-1,1,1,-1,1,-1,-1,1,-1,1,-1,1,0,0,0,0,0,0,1,-1,-1,1,-1,1,-1,1,1,-1,-1,1,1,-1,-1,1,-1,1,-1,1,-1,1,0,0,0,2,1,-1,-1,1,-1,1,1,-1,-1,1,1,-1,0,0,1,-1,0,0,1,-1,-1,1,1,-1,1,-1,1,-1,0,0,-1,1,-1,1,0,0,-1,1,-1,1,1,-1,0,0,-1,1,-1,1,-1,1,0,0,-1,1,-1,1,-1,1,0,0,-1,1,0,0,1,-1,1,-1
TSLA,2024-10-23 16:09:26,AMC,0.045662100456621,0.1690752693480112,0.012027269778490866,NQ,timed,899.0,610.0,587.5,0,0,1,-1,-1,1,0,2,1,-1,1,-1,-1,1,1,-1,1,-1,1,-1,1,-1,0,0,0,0,1,-1,1,-1,1,-1,1,-1,1,-1,0,1,1,-1,1,-1,1,-1,1,-1,-1,1,0,0,0,-1,0,-1,0,0,1,-1,-1,1,1,-1,-1,1,0,0,1,-1,-1,1,1,-1,1,-1,1,-1,-1,1,1,-1,0,2,1,-1,1,-1,1,-1,1,-1,1,-1,1,-1,1,-1,-1,1,1,-1,1,-1,1,-1,1,-1,1,-1,1,-1,1,-1,1,-1,1,-1,1,-1,1,-1,0,0,0,0,0,0,0,0,1,-1,0,0,0,0,1,-1,0,0,1,-1,1,-1,1,-1,1,-1,1,-1,1,-1,1,-1,1,-1,1,-1,1,-1,-1,1,-1,1,0,2,0,0,1,-1,0,0,1,-1,1,0,1,-1,1,-1,0,0,1,-1,1,-1,1,-1,1,-1,1,-1,-1,1,0,0,0,0,0,0,1,-1,-1,1,-1,1,-1,1,-1,1,-1,1,1,-1,0,0,1,-1,-1,1,-1,1,1,-1,1,-1,1,-1,-1,1,1,-1,0,0,0,0,0,0,1,-1,1,-1,-1,1,1,-1,1,-1,1,-1,1,-1,1,-1,1,-1,1,-1,-1,1,0,2,0,0,-1,1,1,-1,1,-1,1,-1,1,-1,1,-1,0,0,-1,1,0,0,1,-1,1,-1,-1,1,-1,1,1,-1,0,0,1,-1,-1,1,0,0,1,-1,1,-1,1,-1,0,0,-1,1,1,-1,-1,1,1,-1,-1,1,1,-1,1,-1,1,-1,1,-1,0,0,1,-1,-1,1
GOOGL,2024-10-29 16:01:46,AMC,0.04709121205535029,0.050715450099619634,0.11824316516050526,NQ,timed,900.0,375.0,352.5,0,2,-1,1,-1,1,-1,0,0,0,-1,1,1,-1,-1,1,-1,1,-1,1,-1,1,0,0,0,0,-1,1,-1,1,-1,1,-1,1,-1,1,0,-1,-1,1,0,0,-1,1,-1,1,-1,1,0,0,0,1,0,1,0,0,-1,1,-1,1,-1,1,1,-1,0,0,-1,1,1,-1,-1,1,-1,1,-1,1,-1,1,-1,1,0,2,-1,1,-1,1,-1,1,-1,1,-1,1,-1,1,-1,1,-1,1,-1,1,0,0,1,-1,-1,1,-1,1,-1,1,-1,1,-1,1,-1,1,-1,1,-1,1,-1,1,0,0,0,0,0,0,0,0,0,0,0,0,-1,1,0,0,-1,1,-1,1,-1,1,1,-1,-1,1,-1,1,-1,1,-1,1,-1,1,-1,1,-1,1,1,-1,0,2,0,2,-1,1,-1,1,-1,1,-1,0,-1,1,-1,1,0,0,-1,1,-1,1,-1,1,-1,1,-1,1,1,-1,0,0,0,0,0,0,-1,1,1,-1,1,-1,1,-1,1,-1,1,-1,-1,1,0,0,-1,1,-1,1,1,-1,-1,1,-1,1,0,0,1,-1,-1,1,0,0,0,0,0,0,-1,1,-1,1,1,-1,-1,1,-1,1,-1,1,1,-1,-1,1,-1,1,0,0,1,-1,0,2,0,0,1,-1,1,-1,-1,1,-1,1,-1,1,-1,1,0,0,1,-1,0,0,-1,1,-1,1,-1,1,-1,1,-1,1,0,0,-1,1,-1,1,0,0,-1,1,-1,1,1,-1,0,0,1,-1,-1,1,1,-1,-1,1,1,-1,-1,1,1,-1,-1,1,-1,1,0,0,-1,1,1,-1
AMD,2024-10-29 16:16:49,AMC,0.10489004629629631,0.12056181807221653,0.02275894250683097,NQ,stopped_pre,-72.0,-414.89000000001397,-437.39000000001397,0,0,1,-1,1,-1,1,0,1,-1,1,-1,1,-1,1,-1,0,0,1,-1,1,-1,0,0,0,0,1,-1,1,-1,1,-1,1,-1,1,-1,0,0,0,0,0,0,0,0,1,-1,1,-1,0,0,0,-1,0,-1,0,0,0,0,1,-1,1,-1,1,-1,0,0,1,-1,1,-1,1,-1,0,0,1,-1,-1,1,1,-1,0,2,1,-1,1,-1,1,-1,1,-1,1,-1,0,0,0,0,0,0,1,-1,1,-1,0,0,1,-1,1,-1,1,-1,1,-1,1,-1,1,-1,0,0,1,-1,1,-1,0,0,0,0,0,0,1,-1,0,0,0,0,0,0,0,2,1,-1,1,-1,1,-1,0,0,1,-1,1,-1,1,-1,1,-1,1,-1,1,-1,1,-1,-1,1,0,0,0,0,1,-1,1,-1,1,-1,1,0,1,-1,1,-1,0,2,1,-1,1,-1,1,-1,-1,1,1,-1,0,0,0,0,0,0,0,0,1,-1,1,-1,1,-1,1,-1,1,-1,1,-1,1,-1,0,0,1,-1,-1,1,1,-1,1,-1,1,-1,1,-1,1,-1,1,-1,0,0,0,0,0,0,1,-1,1,-1,1,-1,1,-1,1,-1,1,-1,-1,1,0,0,1,-1,1,-1,1,-1,0,0,0,0,-1,1,1,-1,1,-1,1,-1,1,-1,1,-1,0,0,-1,1,0,0,1,-1,0,0,1,-1,1,-1,1,-1,0,0,1,-1,1,-1,0,0,1,-1,1,-1,-1,1,0,0,1,-1,1,-1,1,-1,0,0,1,-1,1,-1,1,-1,0,0,-1,1,0,0,1,-1,1,-1
MSFT,2024-10-30 16:04:07,AMC,0.007291375517991469,0.3743179028474897,0.08894116644698631,NQ,stopped_pre,-201.0,-410.55999999996857,-433.05999999996857,0,2,-1,1,-1,1,-1,0,-1,1,-1,1,-1,1,-1,1,0,0,-1,1,1,-1,0,0,0,0,-1,1,-1,1,-1,1,-1,1,-1,1,0,0,0,0,0,0,-1,1,-1,1,-1,1,0,0,0,1,0,1,0,0,0,0,-1,1,-1,1,1,-1,0,0,-1,1,-1,1,-1,1,-1,1,-1,1,1,-1,-1,1,0,0,-1,1,-1,1,-1,1,-1,1,-1,1,-1,1,0,0,0,0,-1,1,-1,1,-1,1,-1,1,-1,1,-1,1,-1,1,-1,1,-1,1,0,0,-1,1,-1,1,0,0,0,0,-1,1,-1,1,0,0,0,0,-1,1,0,2,-1,1,-1,1,-1,1,0,0,-1,1,-1,1,-1,1,-1,1,-1,1,1,-1,-1,1,1,-1,0,2,0,0,-1,1,-1,1,-1,1,-1,0,-1,1,-1,1,0,0,-1,1,-1,1,-1,1,-1,1,-1,1,1,-1,0,0,0,0,0,0,-1,1,-1,1,-1,1,0,0,-1,1,-1,1,-1,1,0,0,-1,1,-1,1,-1,1,-1,1,-1,1,-1,1,1,-1,-1,1,0,0,0,0,0,0,-1,1,-1,1,1,-1,1,-1,1,-1,-1,1,1,-1,-1,1,-1,1,-1,1,1,-1,0,0,0,0,-1,1,-1,1,-1,1,-1,1,-1,1,-1,1,0,0,1,-1,0,0,-1,1,-1,1,1,-1,-1,1,-1,1,0,0,-1,1,-1,1,0,0,-1,1,-1,1,1,-1,0,0,1,-1,-1,1,-1,1,-1,1,-1,1,1,-1,-1,1,-1,1,-1,1,0,0,-1,1,-1,1
META,2024-10-30 16:08:12,AMC,0.04140837179846302,0.14980452336585187,0.0501856870420556,NQ,stopped_pre,-188.0,-411.37000000002445,-433.87000000002445,0,0,1,-1,1,-1,-1,0,-1,1,1,-1,-1,1,-1,1,0,0,1,-1,1,-1,0,0,0,0,-1,1,-1,1,1,-1,1,-1,1,-1,0,0,1,-1,-1,1,0,0,1,-1,1,-1,0,0,0,-1,0,-1,0,0,1,-1,-1,1,1,-1,1,-1,0,0,-1,1,-1,1,1,-1,0,0,1,-1,-1,1,1,-1,0,0,-1,1,1,-1,-1,1,1,-1,1,-1,0,0,1,-1,1,-1,-1,1,0,0,-1,1,1,-1,1,-1,1,-1,-1,1,1,-1,1,-1,1,-1,1,-1,1,-1,0,0,0,0,0,0,0,0,0,0,0,0,0,0,0,0,1,-1,0,0,0,0,1,-1,1,-1,1,-1,1,-1,1,-1,1,-1,1,-1,-1,1,-1,1,0,2,0,0,-1,1,0,0,1,-1,1,0,1,-1,-1,1,0,2,1,-1,1,-1,1,-1,1,-1,1,-1,-1,1,0,0,0,0,0,0,1,-1,-1,1,-1,1,0,0,-1,1,-1,1,1,-1,0,0,1,-1,-1,1,-1,1,1,-1,1,-1,0,0,-1,1,1,-1,0,0,0,0,0,0,1,-1,1,-1,-1,1,1,-1,1,-1,1,-1,1,-1,0,0,-1,1,0,0,1,-1,0,0,0,0,-1,1,-1,1,-1,1,1,-1,1,-1,1,-1,0,0,1,-1,0,0,0,0,0,0,1,-1,-1,1,1,-1,0,0,1,-1,-1,1,0,0,1,-1,1,-1,1,-1,0,0,1,-1,1,-1,-1,1,0,0,1,-1,-1,1,-1,1,0,0,-1,1,0,0,0,0,1,-1
INTC,2024-10-31 16:07:17,AMC,0.00498647418876298,0.03490488419058067,0.0322338025142366,NQ,stopped_pre,-65.0,-401.3199999999779,-423.8199999999779,0,0,-1,1,-1,1,-1,0,-1,1,1,-1,-1,1,-1,1,0,0,-1,1,1,-1,0,0,0,2,-1,1,-1,1,-1,1,-1,1,1,-1,0,0,-1,1,1,-1,0,0,-1,1,-1,1,0,0,0,-1,0,1,0,0,0,0,-1,1,-1,1,-1,1,0,0,-1,1,-1,1,-1,1,-1,1,-1,1,-1,1,-1,1,0,2,-1,1,-1,1,-1,1,-1,1,-1,1,0,0,0,0,1,-1,-1,1,-1,1,-1,1,-1,1,-1,1,-1,1,-1,1,1,-1,-1,1,-1,1,1,-1,-1,1,0,0,0,0,0,0,-1,1,0,0,0,0,0,0,0,0,-1,1,-1,1,-1,1,-1,1,1,-1,-1,1,-1,1,-1,1,-1,1,-1,1,-1,1,1,-1,0,0,0,0,-1,1,0,0,-1,1,-1,0,-1,1,-1,1,0,2,-1,1,-1,1,-1,1,-1,1,-1,1,-1,1,0,0,0,0,0,0,-1,1,-1,1,-1,1,-1,1,-1,1,-1,1,-1,1,0,0,1,-1,-1,1,-1,1,-1,1,-1,1,0,0,1,-1,-1,1,0,0,0,0,0,0,-1,1,-1,1,-1,1,-1,1,-1,1,1,-1,1,-1,0,0,-1,1,0,0,1,-1,0,0,0,0,-1,1,-1,1,-1,1,-1,1,-1,1,-1,1,0,0,-1,1,0,0,0,0,0,0,-1,1,-1,1,-1,1,0,0,-1,1,-1,1,0,0,-1,1,-1,1,1,-1,0,0,-1,1,-1,1,-1,1,-1,1,-1,1,-1,1,-1,1,-1,1,-1,1,0,0,0,0,-1,1
AMZN,2024-10-31 16:13:57,AMC,0.03241329443738,0.22066798818117217,0.031647000316470004,NQ,timed,900.0,800.0,777.5,0,0,1,-1,-1,1,0,2,-1,1,-1,1,-1,1,-1,1,0,0,-1,1,1,-1,0,0,0,2,-1,1,1,-1,1,-1,-1,1,-1,1,0,0,0,0,0,0,0,0,1,-1,-1,1,0,0,0,-1,0,1,0,0,0,0,-1,1,-1,1,-1,1,0,0,-1,1,-1,1,-1,1,-1,1,1,-1,-1,1,1,-1,0,2,-1,1,-1,1,-1,1,-1,1,-1,1,0,0,0,0,-1,1,-1,1,-1,1,-1,1,-1,1,1,-1,-1,1,-1,1,-1,1,-1,1,-1,1,1,-1,0,0,0,0,0,0,0,0,-1,1,0,0,0,0,0,0,0,0,-1,1,-1,1,-1,1,1,-1,-1,1,-1,1,-1,1,1,-1,-1,1,-1,1,-1,1,1,-1,0,0,0,0,1,-1,0,0,-1,1,-1,0,-1,1,-1,1,0,2,-1,1,-1,1,-1,1,-1,1,1,-1,1,-1,0,0,0,0,0,0,-1,1,-1,1,-1,1,-1,1,-1,1,-1,1,-1,1,0,0,1,-1,1,-1,-1,1,-1,1,-1,1,0,0,-1,1,-1,1,0,0,0,0,0,0,1,-1,-1,1,1,-1,-1,1,1,-1,1,-1,1,-1,-1,1,-1,1,0,0,-1,1,0,0,0,0,1,-1,1,-1,1,-1,-1,1,-1,1,1,-1,0,0,-1,1,0,0,0,0,-1,1,1,-1,-1,1,-1,1,0,0,1,-1,-1,1,0,0,-1,1,-1,1,-1,1,0,0,1,-1,-1,1,-1,1,-1,1,1,-1,-1,1,1,-1,-1,1,-1,1,0,0,0,0,-1,1
AAPL,2024-10-31 16:30:25,AMC,0.0,0.2228530166081522,0.20628062534613967,NQ,stopped_pre,-25.0,-401.4800000000105,-423.9800000000105,0,0,1,-1,1,-1,0,2,-1,1,1,-1,-1,1,-1,1,0,0,1,-1,1,-1,0,0,0,2,-1,1,1,-1,1,-1,1,-1,1,-1,0,1,-1,1,1,-1,1,-1,1,-1,1,-1,0,2,0,-1,0,0,0,0,1,-1,1,-1,1,-1,1,-1,0,0,1,-1,-1,1,1,-1,0,0,1,-1,1,-1,1,-1,0,0,1,-1,1,-1,1,-1,1,-1,1,-1,1,-1,1,-1,1,-1,1,-1,0,0,0,0,1,-1,1,-1,1,-1,-1,1,1,-1,-1,1,1,-1,1,-1,0,0,0,0,0,2,0,0,0,0,0,0,0,2,1,-1,0,0,1,-1,-1,1,1,-1,1,-1,1,-1,1,-1,1,-1,-1,1,1,-1,1,-1,1,-1,1,-1,0,0,0,0,1,-1,1,-1,1,-1,1,0,1,-1,1,-1,0,0,1,-1,1,-1,1,-1,-1,1,-1,1,0,0,0,0,0,2,0,0,1,-1,-1,1,-1,1,-1,1,-1,1,-1,1,1,-1,0,0,1,-1,0,0,1,-1,1,-1,1,-1,0,0,-1,1,1,-1,0,2,0,0,0,0,1,-1,1,-1,-1,1,1,-1,1,-1,1,-1,-1,1,0,0,1,-1,1,-1,1,-1,0,0,0,2,-1,1,1,-1,1,-1,1,-1,-1,1,1,-1,0,0,1,-1,0,0,1,-1,0,0,1,-1,1,-1,1,-1,0,2,-1,1,1,-1,0,2,1,-1,-1,1,-1,1,0,2,1,-1,1,-1,-1,1,0,0,1,-1,1,-1,1,-1,0,0,1,-1,0,2,1,-1,-1,1
NVDA,2024-11-20 16:21:20,AMC,0.06297152960267387,0.20951919583383796,0.06901417090976014,NQ,stopped_pre,-66.0,-415.3500000000349,-437.8500000000349,0,0,-1,1,1,-1,0,2,1,-1,1,-1,1,-1,1,-1,0,0,1,-1,1,-1,0,0,0,2,1,-1,-1,1,-1,1,1,-1,-1,1,0,0,0,0,0,0,0,0,-1,1,1,-1,0,2,0,-1,0,-1,0,2,0,0,1,-1,-1,1,1,-1,0,0,1,-1,1,-1,-1,1,-1,1,1,-1,-1,1,-1,1,0,0,1,-1,-1,1,-1,1,1,-1,1,-1,0,0,1,-1,1,-1,1,-1,1,-1,1,-1,-1,1,-1,1,1,-1,1,-1,-1,1,1,-1,0,0,1,-1,0,0,0,0,0,0,0,0,1,-1,0,0,0,0,-1,1,0,0,1,-1,1,-1,1,-1,0,0,-1,1,1,-1,1,-1,-1,1,1,-1,-1,1,-1,1,1,-1,0,0,0,2,-1,1,-1,1,1,-1,1,0,-1,1,1,-1,0,0,1,-1,-1,1,1,-1,1,-1,1,-1,-1,1,0,0,0,0,0,0,-1,1,0,0,1,-1,0,0,1,-1,1,-1,-1,1,0,0,-1,1,-1,1,1,-1,1,-1,-1,1,1,-1,-1,1,-1,1,0,0,0,0,0,0,-1,1,1,-1,-1,1,-1,1,-1,1,1,-1,1,-1,0,0,-1,1,1,-1,1,-1,0,0,0,2,1,-1,-1,1,-1,1,-1,1,1,-1,-1,1,0,0,-1,1,0,0,-1,1,0,0,-1,1,-1,1,-1,1,0,0,1,-1,1,-1,0,0,-1,1,1,-1,-1,1,0,2,-1,1,-1,1,1,-1,1,-1,1,-1,1,-1,-1,1,0,0,1,-1,0,0,-1,1,1,-1
AVGO,2024-12-12 16:23:06,AMC,0.027688686864025473,0.08537246622596015,0.014036413652649838,NQ,timed,900.0,-325.0,-347.5,0,0,1,-1,-1,1,1,0,-1,1,1,-1,-1,1,-1,1,-1,1,-1,1,1,-1,0,0,0,2,-1,1,0,0,1,-1,1,-1,1,-1,0,0,0,0,-1,1,1,-1,1,-1,-1,1,0,0,0,-1,0,-1,0,0,0,0,-1,1,1,-1,-1,1,0,0,-1,1,0,0,1,-1,0,0,1,-1,1,-1,1,-1,0,2,1,-1,1,-1,1,-1,1,-1,1,-1,1,-1,1,-1,0,0,-1,1,0,0,-1,1,1,-1,1,-1,1,-1,-1,1,1,-1,1,-1,0,0,1,-1,0,0,0,0,0,0,0,0,0,0,0,0,0,0,1,-1,0,2,-1,1,-1,1,-1,1,1,-1,1,-1,1,-1,1,-1,1,-1,1,-1,1,-1,1,-1,1,-1,0,2,0,2,1,-1,1,-1,1,-1,1,0,1,-1,-1,1,0,2,1,-1,1,-1,1,-1,1,-1,1,-1,0,0,0,0,0,0,0,0,1,-1,0,0,-1,1,0,0,-1,1,-1,1,1,-1,0,0,1,-1,1,-1,-1,1,1,-1,1,-1,0,0,-1,1,1,-1,0,0,0,0,0,0,1,-1,1,-1,-1,1,1,-1,1,-1,-1,1,-1,1,0,0,-1,1,0,0,1,-1,0,2,0,0,-1,1,1,-1,-1,1,1,-1,1,-1,1,-1,0,0,-1,1,0,0,1,-1,0,0,1,-1,1,-1,1,-1,0,0,1,-1,-1,1,0,2,1,-1,1,-1,1,-1,0,0,1,-1,1,-1,-1,1,0,0,1,-1,-1,1,1,-1,0,0,-1,1,0,0,1,-1,1,-1
MU,2024-12-18 16:00:20,AMC,0.082574462393729,0.21398583506809168,0.03372226343832198,NQ,stopped_pre,-283.0,-432.66999999999825,-455.16999999999825,0,0,1,-1,1,-1,1,0,0,0,1,-1,-1,1,-1,1,0,0,-1,1,1,-1,0,0,0,0,-1,1,0,0,1,-1,1,-1,1,-1,0,0,0,0,0,0,1,-1,1,-1,1,-1,0,2,0,-1,0,-1,0,0,1,-1,1,-1,-1,1,1,-1,0,0,1,-1,-1,1,1,-1,1,-1,1,-1,-1,1,1,-1,0,0,1,-1,1,-1,1,-1,1,-1,1,-1,1,-1,1,-1,1,-1,1,-1,0,0,-1,1,1,-1,1,-1,1,-1,-1,1,1,-1,1,-1,0,0,1,-1,0,0,0,0,0,0,0,0,0,0,0,0,0,0,1,-1,0,0,-1,1,-1,1,-1,1,1,-1,1,-1,1,-1,1,-1,-1,1,1,-1,1,-1,1,-1,-1,1,0,2,0,2,1,-1,1,-1,1,-1,1,0,1,-1,-1,1,0,0,1,-1,1,-1,1,-1,-1,1,1,-1,0,0,0,0,0,0,0,0,1,-1,-1,1,-1,1,-1,1,-1,1,-1,1,1,-1,0,0,1,-1,-1,1,-1,1,1,-1,1,-1,0,0,1,-1,1,-1,0,0,0,0,0,0,1,-1,1,-1,1,-1,-1,1,1,-1,1,-1,-1,1,0,0,1,-1,-1,1,-1,1,0,2,0,0,-1,1,-1,1,-1,1,1,-1,1,-1,1,-1,-1,1,-1,1,-1,1,1,-1,0,0,1,-1,1,-1,1,-1,0,0,1,-1,1,-1,0,2,1,-1,1,-1,1,-1,0,0,-1,1,1,-1,-1,1,0,0,1,-1,1,-1,-1,1,0,0,1,-1,0,0,1,-1,1,-1
NFLX,2025-01-21 16:02:20,AMC,0.04018831094270295,0.07234311305046794,0.024081878386514148,NQ,timed,896.0,690.0,667.5,0,0,1,-1,1,-1,0,2,-1,1,1,-1,1,-1,-1,1,-1,1,-1,1,1,-1,0,0,0,2,-1,1,-1,1,1,-1,1,-1,1,-1,0,0,1,-1,0,0,0,0,1,-1,1,-1,0,0,0,-1,0,0,0,0,0,0,-1,1,-1,1,1,-1,0,0,-1,1,1,-1,1,-1,0,0,1,-1,1,-1,1,-1,0,0,1,-1,1,-1,-1,1,1,-1,-1,1,0,0,1,-1,-1,1,-1,1,0,0,-1,1,-1,1,1,-1,-1,1,-1,1,1,-1,1,-1,0,0,1,-1,1,-1,0,0,0,0,0,0,-1,1,0,0,0,0,0,0,0,2,-1,1,-1,1,-1,1,0,0,1,-1,1,-1,1,-1,1,-1,1,-1,-1,1,-1,1,1,-1,0,0,0,0,1,-1,0,0,-1,1,1,0,1,-1,-1,1,0,2,1,-1,-1,1,1,-1,1,-1,1,-1,0,0,0,0,0,0,0,0,1,-1,1,-1,1,-1,0,0,1,-1,1,-1,1,-1,0,0,1,-1,0,0,-1,1,1,-1,1,-1,-1,1,-1,1,1,-1,0,0,0,0,0,0,1,-1,-1,1,1,-1,-1,1,1,-1,1,-1,-1,1,0,0,-1,1,-1,1,-1,1,0,0,0,0,-1,1,1,-1,-1,1,1,-1,-1,1,1,-1,0,0,1,-1,0,0,0,0,0,0,1,-1,-1,1,1,-1,0,0,1,-1,-1,1,0,2,1,-1,-1,1,1,-1,0,0,-1,1,-1,1,1,-1,0,0,1,-1,-1,1,1,-1,0,0,-1,1,0,0,0,0,1,-1
MSFT,2025-01-29 16:08:56,AMC,0.0722753925602975,0.5876043464067527,0.08855674111192707,NQ,stopped_pre,-227.0,-429.27999999999884,-451.77999999999884,0,0,-1,1,-1,1,0,2,0,0,-1,1,-1,1,-1,1,0,0,-1,1,1,-1,0,0,0,0,-1,1,0,0,-1,1,-1,1,-1,1,0,0,-1,1,0,0,-1,1,-1,1,-1,1,0,0,0,-1,0,1,0,0,0,0,-1,1,-1,1,-1,1,0,0,-1,1,0,0,-1,1,-1,1,-1,1,-1,1,-1,1,0,0,-1,1,-1,1,-1,1,-1,1,-1,1,0,0,-1,1,-1,1,-1,1,-1,1,0,0,-1,1,-1,1,-1,1,-1,1,-1,1,-1,1,0,0,-1,1,-1,1,0,0,0,0,0,0,-1,1,0,0,0,0,0,0,0,2,-1,1,-1,1,0,0,1,-1,-1,1,-1,1,-1,1,-1,1,-1,1,-1,1,-1,1,-1,1,0,0,0,2,-1,1,-1,1,-1,1,-1,0,-1,1,-1,1,0,0,-1,1,-1,1,-1,1,1,-1,-1,1,1,-1,0,0,0,0,0,0,-1,1,0,0,-1,1,0,0,1,-1,-1,1,-1,1,0,0,-1,1,-1,1,-1,1,-1,1,-1,1,0,0,-1,1,-1,1,0,0,0,0,0,0,-1,1,-1,1,1,-1,-1,1,-1,1,-1,1,-1,1,-1,1,-1,1,0,0,-1,1,0,0,0,0,-1,1,-1,1,-1,1,-1,1,-1,1,-1,1,0,0,1,-1,0,0,-1,1,-1,1,1,-1,-1,1,-1,1,0,0,-1,1,-1,1,0,0,-1,1,-1,1,1,-1,0,0,1,-1,-1,1,-1,1,-1,1,1,-1,-1,1,-1,1,-1,1,-1,1,0,0,-1,1,-1,1
TSLA,2025-01-29 16:09:13,AMC,0.027960947876133,0.49158366823926847,0.012446878500684577,NQ,stopped_pre,-245.0,-429.3499999999767,-451.8499999999767,0,0,-1,1,-1,1,0,2,-1,1,-1,1,-1,1,-1,1,0,0,-1,1,-1,1,0,0,0,0,-1,1,0,0,-1,1,-1,1,-1,1,0,-1,-1,1,-1,1,-1,1,-1,1,-1,1,0,0,0,-1,0,1,0,0,-1,1,-1,1,-1,1,-1,1,0,0,-1,1,0,0,-1,1,-1,1,-1,1,-1,1,-1,1,0,0,-1,1,-1,1,-1,1,-1,1,-1,1,0,0,-1,1,0,0,-1,1,-1,1,0,0,-1,1,-1,1,-1,1,-1,1,-1,1,-1,1,-1,1,-1,1,-1,1,0,0,0,0,0,0,-1,1,0,0,0,0,-1,1,0,2,-1,1,-1,1,0,0,1,-1,-1,1,-1,1,-1,1,-1,1,-1,1,-1,1,-1,1,1,-1,0,0,0,0,-1,1,-1,1,-1,1,-1,0,-1,1,-1,1,0,0,-1,1,-1,1,-1,1,1,-1,-1,1,1,-1,0,0,0,0,0,0,-1,1,-1,1,-1,1,0,0,1,-1,-1,1,-1,1,0,0,-1,1,-1,1,-1,1,-1,1,-1,1,0,0,1,-1,-1,1,0,0,0,0,0,0,-1,1,-1,1,-1,1,-1,1,-1,1,-1,1,1,-1,-1,1,-1,1,0,0,-1,1,0,0,0,0,1,-1,-1,1,-1,1,-1,1,-1,1,-1,1,0,0,1,-1,0,0,-1,1,-1,1,1,-1,-1,1,-1,1,0,0,-1,1,-1,1,0,0,-1,1,-1,1,1,-1,0,0,1,-1,-1,1,-1,1,-1,1,1,-1,-1,1,-1,1,-1,1,-1,1,0,0,-1,1,1,-1
META,2025-01-29 16:47:14,AMC,0.035944529474514174,0.060291952183844075,0.046303679227954656,NQ,stopped_pre,-295.0,-431.2700000000041,-453.7700000000041,0,0,-1,1,1,-1,0,2,1,-1,1,-1,1,-1,1,-1,1,-1,1,-1,1,-1,0,0,0,0,1,-1,0,0,-1,1,1,-1,1,-1,0,0,1,-1,0,0,0,0,-1,1,1,-1,0,0,0,-1,0,0,0,0,0,0,1,-1,-1,1,-1,1,0,0,1,-1,1,-1,-1,1,0,0,1,-1,-1,1,-1,1,0,0,-1,1,1,-1,-1,1,1,-1,1,-1,0,0,1,-1,1,-1,1,-1,1,-1,1,-1,-1,1,-1,1,1,-1,1,-1,-1,1,-1,1,0,0,1,-1,0,0,0,0,0,0,0,0,1,-1,0,0,0,0,-1,1,0,0,1,-1,1,-1,1,-1,-1,1,1,-1,1,-1,1,-1,1,-1,1,-1,-1,1,-1,1,1,-1,0,0,0,2,-1,1,-1,1,1,-1,1,0,-1,1,1,-1,0,0,1,-1,-1,1,1,-1,1,-1,1,-1,-1,1,0,0,0,0,0,0,1,-1,0,0,1,-1,0,0,1,-1,1,-1,-1,1,0,0,1,-1,0,0,-1,1,-1,1,-1,1,1,-1,1,-1,1,-1,0,0,0,0,0,0,-1,1,1,-1,1,-1,-1,1,-1,1,1,-1,1,-1,0,0,-1,1,1,-1,1,-1,0,0,0,2,1,-1,1,-1,1,-1,-1,1,1,-1,-1,1,0,0,1,-1,0,0,0,0,0,0,-1,1,-1,1,-1,1,0,2,1,-1,1,-1,0,2,1,-1,1,-1,1,-1,0,0,-1,1,-1,1,1,-1,1,-1,1,-1,1,-1,1,-1,1,-1,1,-1,0,0,-1,1,1,-1
INTC,2025-01-30 16:13:45,AMC,0.005778008898133703,0.016177116313466293,0.030657185923580327,NQ,stopped_pre,-151.0,-433.0999999999767,-455.5999999999767,0,0,1,-1,1,-1,0,2,1,-1,1,-1,1,-1,1,-1,1,-1,1,-1,1,-1,0,0,0,2,1,-1,1,-1,-1,1,1,-1,1,-1,0,0,0,0,-1,1,1,-1,1,-1,1,-1,0,2,0,-1,0,-1,0,0,1,-1,1,-1,1,-1,-1,1,0,0,1,-1,1,-1,1,-1,1,-1,1,-1,-1,1,1,-1,0,0,1,-1,1,-1,1,-1,1,-1,1,-1,1,-1,1,-1,1,-1,1,-1,1,-1,-1,1,1,-1,1,-1,1,-1,1,-1,1,-1,1,-1,1,-1,1,-1,1,-1,0,0,0,0,0,0,1,-1,0,0,0,0,1,-1,0,0,1,-1,1,-1,1,-1,-1,1,1,-1,1,-1,1,-1,-1,1,1,-1,1,-1,1,-1,-1,1,0,0,0,0,1,-1,1,-1,1,-1,1,0,1,-1,1,-1,0,0,1,-1,1,-1,1,-1,1,-1,1,-1,0,0,0,0,0,0,0,0,1,-1,0,0,1,-1,0,0,1,-1,1,-1,1,-1,0,0,1,-1,1,-1,-1,1,1,-1,1,-1,1,-1,1,-1,1,-1,0,0,0,0,0,0,1,-1,1,-1,-1,1,-1,1,1,-1,1,-1,-1,1,1,-1,1,-1,1,-1,-1,1,0,0,0,0,-1,1,-1,1,1,-1,1,-1,1,-1,1,-1,0,0,-1,1,0,0,1,-1,1,-1,1,-1,1,-1,1,-1,0,0,1,-1,1,-1,0,2,1,-1,1,-1,-1,1,0,2,1,-1,1,-1,1,-1,1,-1,1,-1,1,-1,-1,1,1,-1,1,-1,0,0,1,-1,1,-1
AAPL,2025-01-30 16:30:23,AMC,0.043914897551166635,0.04969087652394985,0.1996820596332054,NQ,stopped_pre,-23.0,-432.6000000000204,-455.1000000000204,0,0,-1,1,-1,1,0,2,0,0,-1,1,1,-1,-1,1,0,0,-1,1,-1,1,0,2,0,2,-1,1,-1,1,-1,1,-1,1,-1,1,0,0,-1,1,0,0,0,0,-1,1,-1,1,0,2,0,-1,0,0,0,0,0,0,-1,1,-1,1,-1,1,0,0,-1,1,1,-1,-1,1,0,0,-1,1,1,-1,-1,1,0,0,-1,1,-1,1,1,-1,-1,1,-1,1,0,0,0,0,1,-1,-1,1,-1,1,1,-1,-1,1,-1,1,1,-1,-1,1,-1,1,-1,1,0,0,-1,1,0,0,0,0,0,2,0,0,-1,1,0,0,0,2,0,0,0,0,-1,1,1,-1,-1,1,0,0,-1,1,-1,1,-1,1,-1,1,-1,1,1,-1,-1,1,1,-1,0,0,0,0,-1,1,0,0,-1,1,-1,0,-1,1,-1,1,0,0,-1,1,-1,1,-1,1,1,-1,-1,1,0,0,0,0,0,2,0,0,-1,1,0,0,1,-1,0,0,1,-1,1,-1,-1,1,0,0,-1,1,-1,1,-1,1,-1,1,-1,1,0,0,-1,1,-1,1,0,2,0,0,0,0,-1,1,-1,1,-1,1,-1,1,1,-1,-1,1,1,-1,0,0,-1,1,1,-1,1,-1,0,0,0,2,-1,1,1,-1,-1,1,-1,1,1,-1,-1,1,0,0,-1,1,0,0,0,0,0,0,1,-1,-1,1,-1,1,0,0,-1,1,-1,1,0,2,-1,1,1,-1,-1,1,0,2,1,-1,-1,1,1,-1,0,0,-1,1,-1,1,1,-1,0,0,-1,1,0,2,-1,1,-1,1
GOOGL,2025-02-04 16:01:27,AMC,0.19608521632813133,0.1522456229383405,0.10229888323719132,NQ,stopped_post,21.0,-433.3600000000297,-455.8600000000297,0,0,1,-1,1,-1,0,2,1,-1,1,-1,1,-1,1,-1,1,-1,1,-1,-1,1,0,0,0,2,1,-1,1,-1,1,-1,1,-1,1,-1,0,1,-1,1,0,0,1,-1,1,-1,1,-1,0,0,0,-1,0,-1,0,0,0,0,1,-1,1,-1,-1,1,0,0,1,-1,1,-1,1,-1,1,-1,1,-1,1,-1,1,-1,0,0,1,-1,1,-1,1,-1,1,-1,1,-1,1,-1,1,-1,0,0,1,-1,1,-1,0,0,1,-1,1,-1,1,-1,1,-1,1,-1,1,-1,1,-1,1,-1,1,-1,0,0,0,0,0,0,1,-1,0,0,0,0,1,-1,0,0,1,-1,1,-1,1,-1,-1,1,1,-1,1,-1,1,-1,1,-1,1,-1,1,-1,1,-1,1,-1,0,2,0,0,1,-1,1,-1,1,-1,1,0,1,-1,1,-1,0,0,1,-1,1,-1,1,-1,1,-1,1,-1,0,0,0,0,0,0,0,0,1,-1,1,-1,1,-1,1,-1,1,-1,1,-1,1,-1,0,0,1,-1,0,0,1,-1,1,-1,1,-1,1,-1,-1,1,1,-1,0,0,0,0,0,0,1,-1,1,-1,-1,1,1,-1,1,-1,1,-1,-1,1,1,-1,-1,1,1,-1,-1,1,0,0,0,0,1,-1,1,-1,-1,1,1,-1,1,-1,1,-1,0,0,-1,1,0,0,1,-1,1,-1,1,-1,1,-1,1,-1,0,0,1,-1,1,-1,0,2,1,-1,1,-1,1,-1,0,0,-1,1,1,-1,1,-1,1,-1,1,-1,1,-1,1,-1,1,-1,1,-1,0,0,1,-1,-1,1
AMD,2025-02-04 16:17:17,AMC,0.02194730336948863,0.16287397481806629,0.026554547466253596,NQ,stopped_post,271.0,-432.47000000003027,-454.97000000003027,0,0,1,-1,-1,1,0,2,-1,1,-1,1,1,-1,-1,1,0,0,-1,1,1,-1,0,0,0,0,-1,1,-1,1,-1,1,-1,1,-1,1,0,0,0,0,0,0,0,0,1,-1,1,-1,0,2,0,-1,0,1,0,0,0,0,-1,1,-1,1,-1,1,0,0,-1,1,1,-1,-1,1,-1,1,-1,1,-1,1,-1,1,0,0,-1,1,-1,1,-1,1,-1,1,-1,1,0,0,0,0,-1,1,-1,1,-1,1,-1,1,-1,1,-1,1,-1,1,-1,1,1,-1,-1,1,0,0,-1,1,0,0,0,0,0,0,0,0,-1,1,0,0,0,0,0,0,0,2,-1,1,-1,1,-1,1,1,-1,1,-1,-1,1,-1,1,-1,1,-1,1,-1,1,-1,1,1,-1,0,0,0,0,-1,1,0,0,-1,1,-1,0,-1,1,-1,1,0,2,-1,1,-1,1,-1,1,-1,1,-1,1,0,0,0,0,0,0,0,0,-1,1,1,-1,1,-1,1,-1,1,-1,1,-1,-1,1,0,0,-1,1,-1,1,-1,1,-1,1,-1,1,-1,1,-1,1,1,-1,0,0,0,0,0,0,-1,1,-1,1,1,-1,-1,1,-1,1,-1,1,1,-1,-1,1,-1,1,0,0,-1,1,0,0,0,0,-1,1,-1,1,-1,1,-1,1,-1,1,-1,1,0,0,-1,1,0,0,0,0,-1,1,-1,1,-1,1,-1,1,0,0,-1,1,-1,1,0,0,1,-1,-1,1,-1,1,0,0,1,-1,-1,1,1,-1,0,0,-1,1,-1,1,-1,1,-1,1,-1,1,0,0,0,0,-1,1
AMZN,2025-02-06 16:09:12,AMC,0.04013577358836751,0.20296535828545872,0.03172512212367548,NQ,timed,899.0,505.0,482.5,0,0,-1,1,-1,1,-1,0,1,-1,1,-1,1,-1,1,-1,0,0,-1,1,1,-1,0,0,0,2,1,-1,0,0,-1,1,-1,1,-1,1,0,0,0,0,-1,1,0,0,-1,1,-1,1,0,0,0,-1,0,-1,0,0,0,0,1,-1,-1,1,-1,1,0,0,1,-1,1,-1,-1,1,0,0,1,-1,-1,1,-1,1,0,0,-1,1,-1,1,-1,1,-1,1,1,-1,0,0,-1,1,0,0,1,-1,0,0,1,-1,-1,1,-1,1,-1,1,1,-1,-1,1,-1,1,0,0,-1,1,-1,1,0,0,0,0,0,0,0,0,0,0,0,0,-1,1,0,0,1,-1,1,-1,0,0,-1,1,-1,1,-1,1,-1,1,-1,1,-1,1,-1,1,-1,1,-1,1,0,0,0,2,-1,1,-1,1,-1,1,-1,0,-1,1,1,-1,0,2,-1,1,1,-1,-1,1,1,-1,1,-1,0,0,0,0,0,0,0,0,-1,1,0,0,1,-1,0,0,1,-1,1,-1,-1,1,0,0,-1,1,-1,1,-1,1,-1,1,-1,1,0,0,-1,1,-1,1,0,0,0,0,0,0,-1,1,-1,1,1,-1,-1,1,-1,1,-1,1,1,-1,0,0,1,-1,1,-1,-1,1,0,0,0,0,-1,1,-1,1,-1,1,-1,1,-1,1,-1,1,0,0,1,-1,0,0,-1,1,0,0,-1,1,-1,1,-1,1,0,0,1,-1,1,-1,0,0,-1,1,-1,1,1,-1,0,0,-1,1,-1,1,1,-1,0,0,1,-1,1,-1,-1,1,0,0,1,-1,0,0,-1,1,-1,1
NVDA,2025-02-26 16:21:32,AMC,0.516086655641179,0.48448589360079775,0.06733633101763689,NQ,stopped_pre,-84.0,-424.41500000000815,-446.91500000000815,0,0,-1,1,1,-1,0,2,1,-1,-1,1,-1,1,1,-1,0,0,1,-1,1,-1,0,0,0,2,1,-1,1,-1,-1,1,1,-1,-1,1,0,0,1,-1,0,0,0,0,1,-1,-1,1,0,2,0,-1,0,-1,0,0,0,0,1,-1,1,-1,1,-1,0,0,1,-1,-1,1,-1,1,0,0,1,-1,1,-1,-1,1,0,0,1,-1,1,-1,1,-1,1,-1,1,-1,0,0,0,0,0,0,1,-1,1,-1,1,-1,1,-1,-1,1,1,-1,1,-1,-1,1,1,-1,0,0,1,-1,-1,1,0,0,0,0,1,-1,1,-1,0,0,0,0,0,0,0,0,1,-1,1,-1,1,-1,-1,1,-1,1,1,-1,1,-1,-1,1,1,-1,-1,1,1,-1,1,-1,0,0,0,0,1,-1,0,0,1,-1,1,0,-1,1,1,-1,0,0,1,-1,1,-1,1,-1,1,-1,1,-1,0,0,0,0,0,0,0,0,1,-1,0,0,1,-1,0,0,-1,1,-1,1,-1,1,0,0,1,-1,1,-1,-1,1,1,-1,1,-1,1,-1,-1,1,1,-1,0,0,0,0,0,0,-1,1,1,-1,1,-1,1,-1,-1,1,1,-1,-1,1,1,-1,1,-1,1,-1,-1,1,0,0,0,0,-1,1,1,-1,1,-1,-1,1,1,-1,-1,1,0,0,-1,1,0,0,-1,1,1,-1,-1,1,1,-1,1,-1,0,0,1,-1,1,-1,0,2,-1,1,1,-1,-1,1,0,2,-1,1,1,-1,-1,1,1,-1,1,-1,1,-1,1,-1,1,-1,1,-1,0,0,0,0,1,-1
AVGO,2025-03-06 16:19:37,AMC,0.04205526556663285,0.16698414269104223,0.014149775372315966,NQ,tp,-51.0,1610.2599999999802,1587.7599999999802,0,0,-1,1,1,-1,0,2,1,-1,-1,1,-1,1,1,-1,1,-1,1,-1,-1,1,0,2,0,2,1,-1,1,-1,1,-1,-1,1,-1,1,0,0,1,-1,1,-1,0,0,-1,1,1,-1,0,2,0,-1,0,0,0,0,-1,1,1,-1,1,-1,1,-1,0,0,1,-1,-1,1,1,-1,0,0,1,-1,1,-1,-1,1,0,0,1,-1,-1,1,1,-1,1,-1,1,-1,0,0,-1,1,-1,1,1,-1,1,-1,0,0,1,-1,-1,1,1,-1,1,-1,-1,1,1,-1,0,0,-1,1,0,0,0,2,0,2,0,0,1,-1,0,0,0,2,0,0,0,0,1,-1,1,-1,1,-1,-1,1,-1,1,1,-1,-1,1,1,-1,1,-1,1,-1,1,-1,1,-1,0,0,0,0,1,-1,0,0,1,-1,1,0,1,-1,1,-1,0,0,-1,1,-1,1,-1,1,-1,1,1,-1,0,0,0,0,0,2,0,0,-1,1,-1,1,-1,1,-1,1,-1,1,-1,1,1,-1,0,0,1,-1,1,-1,1,-1,1,-1,1,-1,1,-1,1,-1,-1,1,0,2,0,0,0,0,1,-1,1,-1,1,-1,1,-1,1,-1,1,-1,-1,1,1,-1,1,-1,0,0,-1,1,0,0,0,0,1,-1,1,-1,1,-1,-1,1,1,-1,-1,1,0,0,0,0,0,0,0,0,1,-1,-1,1,1,-1,1,-1,0,0,1,-1,1,-1,0,2,1,-1,1,-1,-1,1,0,2,-1,1,1,-1,-1,1,1,-1,1,-1,1,-1,1,-1,0,0,1,-1,0,2,0,0,1,-1
MU,2025-03-20 16:00:55,AMC,0.09430996541967936,0.12574662055957245,0.039255040575951944,NQ,stopped_pre,-221.0,-398.1500000000233,-420.6500000000233,0,0,-1,1,-1,1,0,2,1,-1,-1,1,-1,1,1,-1,1,-1,1,-1,1,-1,0,0,0,2,1,-1,1,-1,-1,1,-1,1,-1,1,0,0,0,0,0,0,0,0,-1,1,-1,1,0,0,0,-1,0,0,0,0,0,0,1,-1,-1,1,1,-1,0,0,1,-1,-1,1,-1,1,0,0,-1,1,1,-1,-1,1,0,0,1,-1,-1,1,1,-1,-1,1,1,-1,0,0,-1,1,1,-1,1,-1,0,0,1,-1,1,-1,-1,1,1,-1,1,-1,-1,1,-1,1,0,0,-1,1,-1,1,0,0,0,0,0,0,1,-1,0,0,0,0,0,0,0,0,1,-1,1,-1,1,-1,1,-1,-1,1,-1,1,-1,1,-1,1,-1,1,-1,1,1,-1,-1,1,0,0,0,0,1,-1,0,0,1,-1,-1,0,-1,1,1,-1,0,0,-1,1,1,-1,-1,1,-1,1,-1,1,1,-1,0,0,0,0,0,0,-1,1,-1,1,-1,1,0,0,-1,1,-1,1,-1,1,0,0,-1,1,0,0,-1,1,-1,1,-1,1,1,-1,1,-1,-1,1,0,0,0,0,0,0,-1,1,-1,1,1,-1,-1,1,-1,1,-1,1,1,-1,0,0,1,-1,1,-1,-1,1,0,0,0,0,1,-1,-1,1,1,-1,-1,1,1,-1,-1,1,0,0,1,-1,0,0,-1,1,0,0,-1,1,1,-1,-1,1,0,0,-1,1,1,-1,0,0,-1,1,1,-1,1,-1,0,0,1,-1,1,-1,-1,1,0,0,-1,1,1,-1,-1,1,0,0,1,-1,0,0,0,0,-1,1
NFLX,2025-04-17 16:04:05,AMC,0.2352077441809876,0.12506967196400168,0.025079598819047543,NQ,tp,659.0,1469.6800000000076,1447.1800000000076,0,0,1,-1,-1,1,0,2,-1,1,1,-1,-1,1,-1,1,0,0,-1,1,1,-1,0,0,0,0,-1,1,-1,1,1,-1,-1,1,1,-1,0,0,-1,1,0,0,0,0,1,-1,1,-1,0,0,0,-1,0,0,0,0,0,0,-1,1,-1,1,-1,1,0,0,-1,1,-1,1,1,-1,0,0,1,-1,-1,1,1,-1,0,2,-1,1,1,-1,-1,1,-1,1,-1,1,0,0,1,-1,-1,1,-1,1,-1,1,-1,1,-1,1,1,-1,-1,1,-1,1,1,-1,1,-1,0,0,-1,1,1,-1,0,0,0,0,0,0,-1,1,0,0,0,0,0,0,0,2,-1,1,-1,1,-1,1,1,-1,1,-1,-1,1,1,-1,-1,1,-1,1,1,-1,-1,1,-1,1,0,0,0,0,-1,1,0,0,-1,1,-1,0,1,-1,-1,1,0,0,-1,1,-1,1,1,-1,-1,1,1,-1,0,0,0,0,0,0,0,0,1,-1,0,0,-1,1,0,0,-1,1,-1,1,1,-1,0,0,1,-1,0,0,1,-1,-1,1,1,-1,-1,1,-1,1,1,-1,0,0,0,0,0,0,1,-1,-1,1,1,-1,-1,1,-1,1,1,-1,-1,1,-1,1,-1,1,-1,1,-1,1,0,0,0,0,1,-1,-1,1,-1,1,1,-1,-1,1,1,-1,0,0,-1,1,0,0,1,-1,-1,1,1,-1,-1,1,-1,1,0,0,1,-1,-1,1,0,0,1,-1,-1,1,1,-1,0,0,-1,1,-1,1,-1,1,-1,1,1,-1,-1,1,-1,1,0,0,-1,1,0,0,0,0,-1,1
TSLA,2025-04-22 16:10:12,AMC,0.04084244346725117,0.019058250180372726,0.012467000577723427,NQ,stopped_pre,-264.0,-367.5250000000233,-390.0250000000233,0,0,-1,1,-1,1,1,0,1,-1,-1,1,1,-1,1,-1,1,-1,1,-1,1,-1,0,0,0,2,1,-1,1,-1,1,-1,1,-1,-1,1,0,0,1,-1,1,-1,0,0,1,-1,-1,1,0,0,0,-1,0,-1,0,0,0,0,-1,1,1,-1,1,-1,0,0,1,-1,1,-1,1,-1,0,0,-1,1,1,-1,-1,1,0,2,1,-1,1,-1,1,-1,1,-1,1,-1,0,0,0,0,-1,1,1,-1,1,-1,1,-1,-1,1,-1,1,1,-1,1,-1,-1,1,1,-1,0,0,1,-1,-1,1,0,0,0,0,1,-1,1,-1,0,0,0,0,0,0,0,0,1,-1,1,-1,1,-1,1,-1,-1,1,1,-1,1,-1,1,-1,1,-1,-1,1,1,-1,-1,1,0,0,0,0,1,-1,0,0,1,-1,1,0,1,-1,1,-1,0,2,1,-1,1,-1,1,-1,1,-1,-1,1,1,-1,0,0,0,0,0,0,1,-1,1,-1,1,-1,1,-1,1,-1,1,-1,1,-1,0,0,-1,1,1,-1,1,-1,1,-1,1,-1,1,-1,-1,1,1,-1,0,0,0,0,0,0,1,-1,1,-1,1,-1,1,-1,-1,1,1,-1,-1,1,1,-1,1,-1,0,0,1,-1,0,0,0,0,-1,1,1,-1,1,-1,-1,1,1,-1,-1,1,0,0,-1,1,0,0,0,0,1,-1,-1,1,1,-1,1,-1,0,0,-1,1,-1,1,0,0,-1,1,1,-1,-1,1,0,0,1,-1,1,-1,1,-1,1,-1,-1,1,1,-1,1,-1,1,-1,-1,1,0,0,0,0,1,-1
GOOGL,2025-04-24 16:01:26,AMC,0.3416635390648255,0.10482451599544465,0.11824316516050526,NQ,tp,21.0,1545.699999999997,1523.199999999997,0,0,1,-1,1,-1,1,0,1,-1,-1,1,1,-1,1,-1,1,-1,1,-1,-1,1,0,0,0,2,1,-1,1,-1,1,-1,1,-1,1,-1,0,0,1,-1,0,0,1,-1,1,-1,1,-1,0,0,0,-1,0,-1,0,0,0,0,1,-1,1,-1,1,-1,0,0,1,-1,1,-1,1,-1,1,-1,1,-1,-1,1,1,-1,0,0,1,-1,1,-1,1,-1,1,-1,1,-1,0,0,0,0,0,0,1,-1,1,-1,1,-1,1,-1,1,-1,1,-1,1,-1,-1,1,1,-1,0,0,-1,1,1,-1,0,0,0,0,0,0,1,-1,0,0,0,0,0,0,0,0,1,-1,1,-1,1,-1,0,0,1,-1,1,-1,1,-1,1,-1,1,-1,1,-1,1,-1,-1,1,0,0,0,0,1,-1,0,0,1,-1,1,0,1,-1,1,-1,0,0,1,-1,1,-1,1,-1,1,-1,1,-1,0,0,0,0,0,0,0,0,1,-1,1,-1,1,-1,1,-1,1,-1,1,-1,1,-1,0,0,1,-1,-1,1,1,-1,1,-1,1,-1,1,-1,-1,1,1,-1,0,0,0,0,0,0,1,-1,1,-1,-1,1,1,-1,1,-1,1,-1,-1,1,1,-1,1,-1,1,-1,-1,1,0,0,0,0,-1,1,1,-1,1,-1,1,-1,1,-1,1,-1,0,0,1,-1,0,0,0,0,1,-1,-1,1,1,-1,1,-1,0,0,1,-1,1,-1,0,2,1,-1,1,-1,1,-1,0,0,-1,1,1,-1,1,-1,1,-1,1,-1,-1,1,1,-1,1,-1,1,-1,0,0,0,0,1,-1
INTC,2025-04-24 16:05:05,AMC,0.029692361317308066,0.17041493454517287,0.029080569332924053,NQ,tp,-198.0,1546.140000000014,1523.640000000014,0,0,-1,1,-1,1,1,0,1,-1,-1,1,1,-1,1,-1,1,-1,1,-1,-1,1,0,0,0,2,1,-1,1,-1,1,-1,1,-1,-1,1,0,0,1,-1,0,0,0,0,1,-1,-1,1,0,0,0,-1,0,-1,0,0,-1,1,-1,1,1,-1,1,-1,0,0,1,-1,1,-1,1,-1,0,0,-1,1,1,-1,-1,1,0,0,1,-1,1,-1,1,-1,1,-1,1,-1,0,0,0,0,0,0,1,-1,1,-1,1,-1,1,-1,-1,1,1,-1,1,-1,-1,1,-1,1,0,0,-1,1,0,0,0,0,0,0,0,0,1,-1,0,0,0,0,0,0,0,0,1,-1,1,-1,1,-1,0,0,-1,1,1,-1,1,-1,1,-1,1,-1,-1,1,1,-1,-1,1,0,0,0,0,1,-1,0,0,1,-1,1,0,1,-1,1,-1,0,0,1,-1,1,-1,1,-1,1,-1,-1,1,1,-1,0,0,0,0,0,0,1,-1,1,-1,1,-1,1,-1,1,-1,1,-1,1,-1,0,0,1,-1,1,-1,1,-1,-1,1,1,-1,1,-1,-1,1,1,-1,0,0,0,0,0,0,1,-1,1,-1,-1,1,1,-1,-1,1,1,-1,-1,1,1,-1,1,-1,1,-1,-1,1,0,0,0,0,1,-1,1,-1,1,-1,-1,1,1,-1,-1,1,0,0,-1,1,0,0,0,0,1,-1,-1,1,1,-1,1,-1,0,0,-1,1,-1,1,0,2,1,-1,1,-1,1,-1,0,0,1,-1,1,-1,1,-1,1,-1,-1,1,1,-1,1,-1,1,-1,1,-1,0,0,0,0,1,-1
MSFT,2025-04-30 16:06:03,AMC,0.018973411925421842,0.12143598046904648,0.08790838800797052,NQ,tp,-60.0,1573.2800000000134,1550.7800000000134,0,0,-1,1,-1,1,1,0,1,-1,-1,1,1,-1,1,-1,1,-1,1,-1,1,-1,0,0,0,2,1,-1,1,-1,-1,1,1,-1,-1,1,0,0,1,-1,0,0,0,0,1,-1,-1,1,0,0,0,-1,0,-1,0,0,0,0,1,-1,1,-1,-1,1,0,0,1,-1,1,-1,1,-1,0,0,-1,1,1,-1,-1,1,0,2,1,-1,1,-1,1,-1,1,-1,1,-1,0,0,0,0,-1,1,1,-1,1,-1,1,-1,1,-1,-1,1,1,-1,1,-1,-1,1,-1,1,0,0,-1,1,0,0,0,0,0,0,0,0,1,-1,0,0,0,0,0,0,0,0,1,-1,1,-1,1,-1,1,-1,-1,1,1,-1,-1,1,1,-1,1,-1,-1,1,1,-1,1,-1,0,0,0,0,1,-1,0,0,1,-1,1,0,1,-1,1,-1,0,2,1,-1,-1,1,1,-1,1,-1,-1,1,-1,1,0,0,0,0,0,0,1,-1,1,-1,1,-1,1,-1,1,-1,1,-1,1,-1,0,0,1,-1,0,0,1,-1,-1,1,-1,1,1,-1,-1,1,1,-1,0,0,0,0,0,0,1,-1,1,-1,1,-1,1,-1,-1,1,1,-1,1,-1,1,-1,1,-1,1,-1,-1,1,0,0,0,0,1,-1,1,-1,1,-1,-1,1,1,-1,-1,1,0,0,-1,1,0,0,0,0,1,-1,-1,1,1,-1,1,-1,0,0,-1,1,1,-1,0,0,1,-1,1,-1,1,-1,0,0,1,-1,1,-1,1,-1,1,-1,-1,1,1,-1,1,-1,1,-1,1,-1,0,0,0,0,1,-1
META,2025-04-30 16:16:00,AMC,0.05815717608981491,0.35399572676586977,0.0424216714138537,NQ,stopped_post,165.0,-395.5449999999837,-418.0449999999837,0,0,1,-1,-1,1,1,0,1,-1,1,-1,1,-1,1,-1,1,-1,1,-1,1,-1,0,0,0,2,1,-1,-1,1,1,-1,1,-1,1,-1,0,0,0,0,0,0,1,-1,1,-1,-1,1,0,2,0,-1,0,-1,0,0,1,-1,1,-1,1,-1,-1,1,0,0,1,-1,1,-1,1,-1,1,-1,-1,1,1,-1,1,-1,0,2,1,-1,1,-1,1,-1,1,-1,1,-1,1,-1,0,0,0,0,1,-1,1,-1,1,-1,1,-1,-1,1,1,-1,1,-1,1,-1,1,-1,0,0,1,-1,0,0,0,0,0,0,0,0,1,-1,0,0,0,0,1,-1,0,0,1,-1,1,-1,1,-1,0,0,1,-1,1,-1,1,-1,-1,1,1,-1,-1,1,1,-1,-1,1,0,2,0,0,1,-1,1,-1,1,-1,1,0,1,-1,1,-1,0,2,1,-1,-1,1,1,-1,1,-1,-1,1,1,-1,0,2,0,0,0,0,1,-1,1,-1,1,-1,1,-1,1,-1,1,-1,1,-1,0,0,1,-1,-1,1,1,-1,1,-1,-1,1,1,-1,-1,1,1,-1,0,0,0,0,0,0,1,-1,-1,1,1,-1,1,-1,-1,1,-1,1,-1,1,1,-1,1,-1,1,-1,-1,1,0,0,0,0,1,-1,-1,1,1,-1,1,-1,1,-1,1,-1,0,0,-1,1,0,0,0,0,1,-1,-1,1,1,-1,-1,1,0,0,-1,1,1,-1,0,0,1,-1,1,-1,-1,1,0,0,1,-1,1,-1,1,-1,1,-1,-1,1,-1,1,-1,1,1,-1,1,-1,0,0,1,-1,1,-1
AMZN,2025-05-01 16:15:00,AMC,0.11486708237610765,0.13127832266696962,0.03180324393088095,NQ,tp,443.0,1582.280000000028,1559.780000000028,0,2,1,-1,-1,1,-1,0,-1,1,1,-1,-1,1,-1,1,-1,1,-1,1,1,-1,0,0,0,2,-1,1,-1,1,-1,1,-1,1,1,-1,0,0,-1,1,0,0,0,0,-1,1,-1,1,0,0,0,1,0,1,0,0,0,0,-1,1,1,-1,1,-1,0,0,-1,1,0,0,-1,1,0,0,-1,1,1,-1,-1,1,0,2,-1,1,-1,1,-1,1,-1,1,-1,1,-1,1,0,0,0,0,-1,1,-1,1,-1,1,-1,1,1,-1,-1,1,-1,1,1,-1,-1,1,0,0,1,-1,0,0,0,0,0,0,0,0,-1,1,0,0,0,0,0,0,0,0,-1,1,-1,1,-1,1,-1,1,1,-1,-1,1,-1,1,1,-1,-1,1,1,-1,-1,1,1,-1,0,2,0,0,-1,1,0,0,-1,1,-1,0,-1,1,-1,1,0,2,-1,1,1,-1,-1,1,-1,1,-1,1,0,0,0,2,0,0,0,0,-1,1,0,0,1,-1,0,0,1,-1,1,-1,-1,1,0,0,-1,1,-1,1,-1,1,-1,1,-1,1,-1,1,1,-1,-1,1,0,0,0,0,0,0,-1,1,1,-1,1,-1,1,-1,1,-1,-1,1,1,-1,-1,1,-1,1,-1,1,1,-1,0,0,0,0,-1,1,1,-1,-1,1,-1,1,-1,1,-1,1,0,0,1,-1,0,0,0,0,-1,1,1,-1,-1,1,-1,1,0,0,-1,1,-1,1,0,0,-1,1,-1,1,-1,1,0,0,-1,1,-1,1,-1,1,-1,1,-1,1,1,-1,1,-1,-1,1,-1,1,0,0,0,0,-1,1
AAPL,2025-05-01 16:30:21,AMC,0.03528537043337996,0.22812921440365005,0.19757858637768866,NQ,stopped_pre,-19.0,-396.83499999999185,-419.33499999999185,0,0,1,-1,1,-1,1,0,0,0,-1,1,-1,1,-1,1,0,0,-1,1,-1,1,0,0,0,0,1,-1,1,-1,-1,1,1,-1,1,-1,0,0,0,0,-1,1,0,0,1,-1,1,-1,0,2,0,-1,0,-1,0,0,0,0,1,-1,-1,1,-1,1,0,0,1,-1,1,-1,1,-1,1,-1,1,-1,-1,1,1,-1,0,2,1,-1,1,-1,1,-1,1,-1,1,-1,1,-1,0,0,1,-1,1,-1,0,0,-1,1,1,-1,1,-1,-1,1,-1,1,-1,1,-1,1,0,0,1,-1,0,0,0,0,0,2,0,0,-1,1,0,0,0,2,0,0,0,0,-1,1,-1,1,-1,1,0,0,-1,1,1,-1,1,-1,-1,1,1,-1,1,-1,1,-1,-1,1,0,0,0,0,1,-1,0,0,1,-1,1,0,1,-1,-1,1,0,0,1,-1,-1,1,1,-1,-1,1,1,-1,0,0,0,0,0,2,0,0,1,-1,0,0,1,-1,0,0,1,-1,1,-1,1,-1,0,0,1,-1,1,-1,-1,1,1,-1,1,-1,-1,1,1,-1,1,-1,0,0,0,0,0,0,1,-1,1,-1,-1,1,-1,1,1,-1,1,-1,-1,1,0,0,1,-1,-1,1,-1,1,0,0,0,0,-1,1,-1,1,-1,1,1,-1,-1,1,1,-1,0,0,-1,1,0,0,1,-1,0,0,1,-1,1,-1,1,-1,0,0,1,-1,1,-1,0,2,1,-1,1,-1,-1,1,0,2,-1,1,1,-1,-1,1,0,0,1,-1,1,-1,-1,1,0,0,1,-1,0,2,0,0,1,-1
AMD,2025-05-06 16:16:45,AMC,0.0037701230316816003,0.3091384336986026,0.024250925417871112,NQ,stopped_pre,-71.0,-400.0,-422.5,0,0,1,-1,-1,1,-1,0,-1,1,1,-1,-1,1,-1,1,-1,1,-1,1,1,-1,0,0,0,0,-1,1,0,0,1,-1,-1,1,1,-1,0,0,0,0,1,-1,0,0,1,-1,-1,1,0,2,0,-1,0,1,0,0,1,-1,-1,1,-1,1,-1,1,0,0,-1,1,-1,1,-1,1,0,0,-1,1,1,-1,1,-1,0,2,-1,1,1,-1,-1,1,-1,1,-1,1,1,-1,0,0,-1,1,-1,1,-1,1,-1,1,-1,1,1,-1,-1,1,-1,1,1,-1,-1,1,0,0,1,-1,0,0,0,0,0,0,0,0,-1,1,0,0,0,0,0,0,0,0,-1,1,-1,1,-1,1,-1,1,1,-1,-1,1,1,-1,1,-1,-1,1,1,-1,-1,1,-1,1,0,0,0,0,-1,1,0,0,-1,1,-1,0,1,-1,-1,1,0,0,-1,1,-1,1,1,-1,-1,1,-1,1,1,-1,0,0,0,0,0,0,1,-1,-1,1,-1,1,-1,1,-1,1,-1,1,1,-1,0,0,1,-1,0,0,-1,1,-1,1,1,-1,-1,1,1,-1,1,-1,0,0,0,0,0,0,1,-1,-1,1,-1,1,-1,1,-1,1,-1,1,1,-1,-1,1,-1,1,0,0,-1,1,0,0,0,0,-1,1,-1,1,-1,1,1,-1,-1,1,1,-1,0,0,-1,1,0,0,0,0,-1,1,1,-1,-1,1,-1,1,0,0,-1,1,-1,1,0,0,1,-1,-1,1,-1,1,0,2,1,-1,-1,1,-1,1,-1,1,-1,1,-1,1,-1,1,0,0,-1,1,0,0,0,0,-1,1
NVDA,2025-05-28 16:21:30,AMC,0.3637767276470313,0.4678636177554243,0.06901417090976014,NQ,stopped_pre,-90.0,-427.8949999999895,-450.3949999999895,0,0,1,-1,-1,1,-1,0,0,0,1,-1,-1,1,-1,1,0,0,-1,1,1,-1,0,0,0,2,-1,1,1,-1,-1,1,1,-1,1,-1,0,0,0,0,1,-1,0,0,-1,1,-1,1,0,2,0,-1,0,-1,0,0,1,-1,-1,1,1,-1,1,-1,0,0,1,-1,0,0,1,-1,1,-1,-1,1,1,-1,1,-1,0,0,-1,1,1,-1,1,-1,1,-1,1,-1,0,0,1,-1,1,-1,-1,1,0,0,-1,1,1,-1,1,-1,1,-1,-1,1,-1,1,-1,1,0,0,1,-1,0,0,0,0,0,0,0,0,-1,1,0,0,0,0,1,-1,0,0,-1,1,-1,1,1,-1,1,-1,1,-1,1,-1,1,-1,1,-1,1,-1,1,-1,1,-1,1,-1,0,0,0,0,1,-1,1,-1,1,-1,1,0,1,-1,1,-1,0,0,1,-1,-1,1,1,-1,-1,1,-1,1,1,-1,0,0,0,0,0,0,1,-1,0,0,-1,1,0,0,1,-1,1,-1,1,-1,0,0,1,-1,1,-1,-1,1,-1,1,1,-1,-1,1,-1,1,1,-1,0,2,0,0,0,0,1,-1,1,-1,1,-1,-1,1,1,-1,1,-1,-1,1,0,0,1,-1,-1,1,-1,1,0,0,0,0,-1,1,-1,1,1,-1,1,-1,-1,1,1,-1,0,0,1,-1,0,0,1,-1,0,0,1,-1,1,-1,1,-1,0,0,1,-1,-1,1,0,2,1,-1,-1,1,-1,1,0,0,1,-1,1,-1,-1,1,0,0,-1,1,1,-1,-1,1,0,0,-1,1,0,0,1,-1,1,-1
AVGO,2025-06-05 16:27:02,AMC,0.027830604387958625,0.13103728184611815,0.015371405222921927,NQ,timed,900.0,-355.0,-377.5,0,0,1,-1,-1,1,-1,0,-1,1,1,-1,-1,1,-1,1,-1,1,-1,1,-1,1,0,0,0,2,-1,1,-1,1,-1,1,-1,1,1,-1,0,0,0,0,0,0,0,0,-1,1,-1,1,0,0,0,-1,0,1,0,0,0,0,-1,1,1,-1,-1,1,0,0,-1,1,-1,1,-1,1,-1,1,-1,1,1,-1,-1,1,0,0,-1,1,-1,1,-1,1,-1,1,-1,1,-1,1,0,0,0,0,-1,1,-1,1,-1,1,-1,1,1,-1,-1,1,-1,1,1,-1,-1,1,0,0,-1,1,1,-1,0,0,0,0,-1,1,-1,1,0,0,0,0,0,0,0,0,-1,1,-1,1,-1,1,-1,1,1,-1,-1,1,-1,1,-1,1,-1,1,-1,1,-1,1,1,-1,0,0,0,0,-1,1,0,0,-1,1,-1,0,-1,1,-1,1,0,0,-1,1,1,-1,-1,1,1,-1,-1,1,0,0,0,0,0,0,0,0,-1,1,-1,1,-1,1,-1,1,-1,1,-1,1,-1,1,0,0,-1,1,-1,1,-1,1,-1,1,-1,1,-1,1,1,-1,-1,1,0,0,0,0,0,0,-1,1,-1,1,-1,1,1,-1,1,-1,1,-1,1,-1,-1,1,-1,1,-1,1,1,-1,0,0,0,0,-1,1,-1,1,-1,1,-1,1,-1,1,-1,1,0,0,1,-1,0,0,0,0,-1,1,1,-1,-1,1,-1,1,0,0,-1,1,-1,1,0,0,-1,1,-1,1,-1,1,0,0,1,-1,-1,1,-1,1,-1,1,-1,1,-1,1,-1,1,-1,1,-1,1,0,0,0,0,-1,1
MU,2025-06-25 16:03:10,AMC,0.011126317077784083,0.006675641696058033,0.0447878177135819,NQ,timed,900.0,530.0,507.5,0,0,1,-1,1,-1,0,2,1,-1,1,-1,-1,1,1,-1,1,-1,1,-1,1,-1,0,0,0,0,1,-1,0,0,1,-1,1,-1,1,-1,0,0,0,0,-1,1,0,0,1,-1,1,-1,0,0,0,-1,0,-1,0,2,0,0,1,-1,1,-1,1,-1,0,0,1,-1,1,-1,1,-1,1,-1,1,-1,-1,1,1,-1,0,2,-1,1,1,-1,1,-1,1,-1,1,-1,0,0,0,0,0,0,1,-1,1,-1,-1,1,1,-1,1,-1,1,-1,1,-1,1,-1,1,-1,0,0,1,-1,0,0,0,0,0,0,0,0,1,-1,0,0,0,0,0,0,0,0,1,-1,1,-1,1,-1,0,0,1,-1,1,-1,1,-1,1,-1,1,-1,1,-1,1,-1,-1,1,0,0,0,0,1,-1,0,0,1,-1,1,0,1,-1,1,-1,0,0,1,-1,1,-1,1,-1,1,-1,1,-1,-1,1,0,0,0,0,0,0,1,-1,0,0,1,-1,1,-1,1,-1,1,-1,1,-1,0,0,-1,1,0,0,-1,1,1,-1,1,-1,1,-1,1,-1,1,-1,0,0,0,0,0,0,1,-1,1,-1,1,-1,1,-1,-1,1,-1,1,-1,1,0,0,1,-1,1,-1,1,-1,0,0,0,0,1,-1,1,-1,1,-1,1,-1,1,-1,1,-1,0,0,-1,1,0,0,1,-1,0,0,-1,1,1,-1,1,-1,0,0,1,-1,1,-1,0,2,1,-1,1,-1,1,-1,0,0,1,-1,1,-1,-1,1,0,0,1,-1,1,-1,1,-1,1,-1,1,-1,0,0,1,-1,1,-1
NFLX,2025-07-17 16:04:28,AMC,0.03548768684804818,0.04409028830747062,0.026077319251580938,NQ,timed,892.0,170.0,147.5,0,0,-1,1,1,-1,0,2,0,0,1,-1,1,-1,-1,1,0,0,-1,1,1,-1,0,0,0,2,-1,1,1,-1,-1,1,1,-1,1,-1,0,0,-1,1,1,-1,0,0,-1,1,1,-1,0,0,0,-1,0,0,0,0,1,-1,1,-1,1,-1,-1,1,0,0,-1,1,1,-1,-1,1,0,0,-1,1,1,-1,-1,1,0,2,1,-1,1,-1,-1,1,1,-1,-1,1,0,0,1,-1,-1,1,-1,1,0,0,0,0,1,-1,-1,1,1,-1,-1,1,-1,1,1,-1,0,0,1,-1,-1,1,0,0,0,0,0,0,-1,1,0,0,0,0,0,0,0,2,-1,1,0,0,0,0,1,-1,1,-1,1,-1,1,-1,-1,1,1,-1,-1,1,-1,1,-1,1,0,0,0,2,-1,1,0,0,-1,1,1,0,-1,1,-1,1,0,2,1,-1,-1,1,-1,1,1,-1,-1,1,1,-1,0,0,0,0,0,0,1,-1,1,-1,1,-1,1,-1,1,-1,1,-1,-1,1,0,0,-1,1,0,0,1,-1,-1,1,-1,1,1,-1,-1,1,-1,1,0,0,0,0,0,0,-1,1,1,-1,-1,1,1,-1,1,-1,-1,1,1,-1,0,0,1,-1,1,-1,-1,1,0,0,0,0,1,-1,1,-1,1,-1,1,-1,1,-1,1,-1,0,0,1,-1,0,0,0,0,0,0,-1,1,-1,1,-1,1,0,2,-1,1,1,-1,0,0,1,-1,1,-1,1,-1,0,0,1,-1,-1,1,1,-1,0,0,-1,1,-1,1,1,-1,0,0,-1,1,0,0,0,0,1,-1
GOOGL,2025-07-23 16:01:33,AMC,0.02896436310583793,0.3346813554594896,0.13418744708381922,NQ,tp,750.0,1864.300000000003,1841.800000000003,0,0,1,-1,1,-1,1,0,0,0,1,-1,1,-1,1,-1,0,0,1,-1,1,-1,0,0,0,2,1,-1,0,0,1,-1,1,-1,1,-1,0,0,1,-1,0,0,1,-1,1,-1,1,-1,0,0,0,-1,0,-1,0,0,0,0,1,-1,1,-1,1,-1,0,0,1,-1,1,-1,1,-1,1,-1,1,-1,1,-1,1,-1,0,0,1,-1,1,-1,1,-1,1,-1,1,-1,1,-1,1,-1,0,0,1,-1,0,0,0,0,1,-1,1,-1,1,-1,1,-1,1,-1,1,-1,1,-1,1,-1,1,-1,0,0,0,0,0,0,1,-1,0,0,0,0,1,-1,0,0,1,-1,1,-1,1,-1,1,-1,1,-1,1,-1,1,-1,-1,1,1,-1,1,-1,1,-1,-1,1,0,2,0,0,1,-1,1,-1,1,-1,1,0,1,-1,1,-1,0,2,1,-1,1,-1,1,-1,1,-1,1,-1,-1,1,0,0,0,0,0,0,1,-1,0,0,1,-1,0,0,1,-1,1,-1,1,-1,0,0,1,-1,-1,1,1,-1,1,-1,1,-1,1,-1,-1,1,1,-1,0,0,0,0,0,0,1,-1,1,-1,1,-1,1,-1,1,-1,1,-1,-1,1,0,0,1,-1,1,-1,-1,1,0,0,0,0,-1,1,-1,1,1,-1,1,-1,1,-1,1,-1,0,0,-1,1,0,0,1,-1,0,0,1,-1,1,-1,1,-1,0,0,1,-1,1,-1,0,2,1,-1,1,-1,1,-1,0,0,1,-1,1,-1,1,-1,0,0,-1,1,1,-1,-1,1,1,-1,1,-1,0,0,1,-1,1,-1
TSLA,2025-07-23 16:14:09,AMC,0.040611307042855614,0.11114673506465748,0.012487122654762275,NQ,timed,900.0,340.0,317.5,0,0,-1,1,1,-1,1,0,1,-1,1,-1,1,-1,1,-1,1,-1,1,-1,-1,1,0,0,0,0,1,-1,0,0,1,-1,1,-1,1,-1,0,0,0,0,0,0,0,0,1,-1,1,-1,0,0,0,-1,0,-1,0,0,0,0,1,-1,1,-1,1,-1,0,0,1,-1,1,-1,1,-1,1,-1,1,-1,-1,1,-1,1,0,2,1,-1,1,-1,1,-1,1,-1,1,-1,0,0,0,0,0,0,1,-1,1,-1,1,-1,1,-1,-1,1,1,-1,1,-1,-1,1,1,-1,0,0,1,-1,0,0,0,0,0,0,0,0,1,-1,0,0,0,0,0,0,0,0,1,-1,1,-1,1,-1,1,-1,1,-1,1,-1,1,-1,1,-1,1,-1,-1,1,1,-1,-1,1,0,2,0,0,1,-1,0,0,1,-1,1,0,1,-1,1,-1,0,2,1,-1,1,-1,1,-1,-1,1,1,-1,0,0,0,0,0,0,0,0,1,-1,1,-1,1,-1,1,-1,1,-1,1,-1,1,-1,0,0,1,-1,1,-1,1,-1,1,-1,1,-1,1,-1,-1,1,1,-1,0,0,0,0,0,0,1,-1,1,-1,-1,1,1,-1,-1,1,1,-1,-1,1,1,-1,1,-1,1,-1,1,-1,0,0,0,0,-1,1,1,-1,1,-1,1,-1,1,-1,1,-1,0,0,-1,1,0,0,0,0,1,-1,-1,1,1,-1,1,-1,0,0,1,-1,1,-1,0,0,1,-1,1,-1,-1,1,0,0,-1,1,1,-1,1,-1,1,-1,1,-1,-1,1,1,-1,1,-1,1,-1,0,0,0,0,1,-1
INTC,2025-07-24 16:04:12,AMC,0.009626698042571397,0.07487431810888864,0.02938646532511606,NQ,timed,900.0,155.0,132.5,0,0,-1,1,-1,1,-1,0,-1,1,-1,1,1,-1,-1,1,0,0,-1,1,-1,1,0,0,0,2,-1,1,0,0,-1,1,-1,1,-1,1,0,0,-1,1,0,0,-1,1,-1,1,-1,1,0,0,0,1,0,1,0,2,0,0,-1,1,-1,1,-1,1,0,0,-1,1,1,-1,-1,1,-1,1,-1,1,-1,1,-1,1,0,2,-1,1,-1,1,-1,1,-1,1,-1,1,0,0,-1,1,0,0,-1,1,-1,1,-1,1,-1,1,-1,1,-1,1,-1,1,-1,1,-1,1,0,0,-1,1,-1,1,0,0,0,0,0,0,-1,1,0,0,0,0,-1,1,0,0,-1,1,-1,1,-1,1,0,0,-1,1,-1,1,-1,1,-1,1,-1,1,-1,1,-1,1,1,-1,0,0,0,0,-1,1,-1,1,-1,1,-1,0,-1,1,-1,1,0,0,-1,1,-1,1,-1,1,1,-1,-1,1,0,0,0,0,0,0,0,0,-1,1,0,0,1,-1,0,0,1,-1,1,-1,-1,1,0,0,-1,1,0,0,-1,1,-1,1,1,-1,-1,1,1,-1,-1,1,0,0,0,0,0,0,-1,1,-1,1,-1,1,-1,1,-1,1,1,-1,1,-1,-1,1,-1,1,0,0,-1,1,0,0,0,0,1,-1,-1,1,1,-1,-1,1,-1,1,-1,1,0,0,1,-1,0,0,-1,1,-1,1,1,-1,-1,1,-1,1,0,0,-1,1,-1,1,0,0,-1,1,-1,1,1,-1,0,0,-1,1,-1,1,1,-1,-1,1,-1,1,-1,1,-1,1,-1,1,-1,1,0,0,-1,1,-1,1
MSFT,2025-07-30 16:08:53,AMC,0.03277336688198416,0.14906753499386816,0.08726003490401396,NQ,tp,262.0,1886.0800000000017,1863.5800000000017,0,2,1,-1,1,-1,1,0,1,-1,1,-1,1,-1,1,-1,1,-1,1,-1,1,-1,0,0,0,2,1,-1,0,0,1,-1,1,-1,1,-1,0,1,1,-1,1,-1,1,-1,1,-1,1,-1,0,0,0,-1,0,-1,0,0,1,-1,1,-1,-1,1,-1,1,0,0,1,-1,1,-1,1,-1,1,-1,1,-1,-1,1,1,-1,0,0,1,-1,1,-1,1,-1,1,-1,1,-1,1,-1,1,-1,1,-1,1,-1,1,-1,1,-1,1,-1,1,-1,1,-1,1,-1,1,-1,1,-1,1,-1,1,-1,0,0,0,0,0,0,1,-1,1,-1,0,0,0,0,1,-1,0,0,1,-1,1,-1,1,-1,1,-1,1,-1,1,-1,1,-1,-1,1,1,-1,1,-1,1,-1,-1,1,0,2,0,0,1,-1,1,-1,1,-1,1,0,1,-1,1,-1,0,0,1,-1,-1,1,1,-1,-1,1,1,-1,-1,1,0,2,0,0,0,0,1,-1,0,0,1,-1,0,0,1,-1,1,-1,1,-1,0,0,1,-1,-1,1,1,-1,1,-1,1,-1,0,0,-1,1,1,-1,0,0,0,0,0,0,1,-1,-1,1,1,-1,-1,1,-1,1,-1,1,-1,1,1,-1,1,-1,0,0,-1,1,0,2,0,0,-1,1,1,-1,1,-1,1,-1,1,-1,1,-1,0,0,-1,1,0,0,1,-1,1,-1,-1,1,1,-1,1,-1,0,0,1,-1,1,-1,0,2,1,-1,1,-1,1,-1,0,0,-1,1,1,-1,1,-1,1,-1,-1,1,-1,1,1,-1,1,-1,1,-1,0,0,1,-1,-1,1
META,2025-07-30 16:13:01,AMC,0.10567026650041211,0.03487045099116615,0.046303679227954656,NQ,timed,900.0,565.0,542.5,0,2,1,-1,1,-1,1,0,1,-1,1,-1,1,-1,1,-1,1,-1,1,-1,1,-1,0,0,0,0,1,-1,0,0,1,-1,1,-1,1,-1,0,1,0,0,0,0,1,-1,1,-1,1,-1,0,0,0,-1,0,-1,0,0,1,-1,1,-1,-1,1,-1,1,0,0,1,-1,1,-1,1,-1,1,-1,1,-1,-1,1,1,-1,0,0,1,-1,1,-1,1,-1,1,-1,1,-1,1,-1,1,-1,1,-1,1,-1,1,-1,1,-1,1,-1,1,-1,1,-1,1,-1,1,-1,1,-1,1,-1,1,-1,1,-1,0,0,0,0,1,-1,1,-1,0,0,0,0,1,-1,0,0,1,-1,1,-1,1,-1,-1,1,1,-1,1,-1,1,-1,-1,1,1,-1,1,-1,1,-1,-1,1,0,2,0,0,1,-1,1,-1,1,-1,1,0,1,-1,1,-1,0,2,1,-1,-1,1,1,-1,1,-1,1,-1,0,0,0,2,0,0,0,0,-1,1,1,-1,1,-1,1,-1,1,-1,1,-1,1,-1,0,0,1,-1,-1,1,1,-1,1,-1,1,-1,1,-1,-1,1,1,-1,0,0,0,0,0,0,1,-1,-1,1,-1,1,-1,1,1,-1,-1,1,-1,1,1,-1,1,-1,0,0,-1,1,0,2,0,0,-1,1,-1,1,1,-1,1,-1,1,-1,1,-1,0,0,-1,1,0,0,1,-1,1,-1,-1,1,1,-1,1,-1,0,0,1,-1,1,-1,0,2,1,-1,1,-1,-1,1,0,0,-1,1,1,-1,1,-1,1,-1,-1,1,-1,1,-1,1,1,-1,1,-1,0,0,1,-1,-1,1
AMZN,2025-07-31 16:13:17,AMC,0.009637728494479724,0.11458801859110283,0.03210826918413048,NQ,stopped_post,212.0,-466.88999999998487,-489.38999999998487,0,0,-1,1,-1,1,1,0,0,0,-1,1,-1,1,-1,1,0,0,0,0,-1,1,0,0,0,0,-1,1,1,-1,1,-1,-1,1,-1,1,0,0,-1,1,0,0,0,0,-1,1,-1,1,0,0,0,-1,0,1,0,0,-1,1,-1,1,1,-1,1,-1,0,0,1,-1,-1,1,-1,1,-1,1,1,-1,1,-1,-1,1,0,2,1,-1,-1,1,1,-1,-1,1,-1,1,0,0,-1,1,0,0,-1,1,-1,1,0,0,1,-1,-1,1,-1,1,-1,1,-1,1,1,-1,0,0,-1,1,0,0,0,0,0,0,0,0,-1,1,0,0,0,0,0,0,0,2,-1,1,-1,1,0,0,1,-1,-1,1,-1,1,-1,1,-1,1,-1,1,-1,1,1,-1,-1,1,0,0,0,2,1,-1,0,0,-1,1,-1,0,1,-1,-1,1,0,2,-1,1,1,-1,-1,1,-1,1,1,-1,0,0,0,0,0,0,0,0,-1,1,-1,1,-1,1,-1,1,-1,1,-1,1,1,-1,0,0,-1,1,0,0,-1,1,1,-1,1,-1,-1,1,-1,1,-1,1,0,0,0,0,0,0,1,-1,-1,1,1,-1,1,-1,1,-1,-1,1,-1,1,-1,1,1,-1,-1,1,-1,1,0,0,0,0,-1,1,-1,1,-1,1,-1,1,1,-1,-1,1,0,0,1,-1,0,0,0,0,-1,1,1,-1,1,-1,1,-1,0,0,1,-1,-1,1,0,0,-1,1,-1,1,-1,1,0,0,1,-1,1,-1,-1,1,-1,1,1,-1,-1,1,-1,1,-1,1,-1,1,0,0,0,0,-1,1
AAPL,2025-07-31 16:30:25,AMC,0.09969341594665865,0.09862250093798575,0.19547511312217195,NQ,timed,900.0,555.0,532.5,0,0,1,-1,1,-1,0,2,-1,1,-1,1,-1,1,-1,1,-1,1,-1,1,-1,1,0,0,0,2,-1,1,-1,1,1,-1,-1,1,-1,1,0,0,0,0,0,0,0,0,-1,1,1,-1,0,2,0,-1,0,1,0,0,0,0,-1,1,-1,1,-1,1,0,0,-1,1,-1,1,1,-1,0,0,1,-1,1,-1,1,-1,0,0,-1,1,-1,1,-1,1,-1,1,-1,1,0,0,0,0,-1,1,-1,1,-1,1,-1,1,-1,1,1,-1,-1,1,-1,1,1,-1,-1,1,0,0,-1,1,1,-1,0,0,0,2,0,0,-1,1,0,0,0,2,0,0,0,2,-1,1,-1,1,-1,1,1,-1,-1,1,-1,1,-1,1,-1,1,-1,1,1,-1,-1,1,-1,1,0,0,0,0,-1,1,0,0,-1,1,-1,0,1,-1,-1,1,0,0,-1,1,-1,1,-1,1,-1,1,-1,1,0,0,0,0,0,2,0,0,-1,1,-1,1,-1,1,-1,1,-1,1,-1,1,1,-1,0,0,-1,1,0,0,-1,1,-1,1,-1,1,-1,1,-1,1,-1,1,0,2,0,0,0,0,1,-1,-1,1,-1,1,-1,1,1,-1,1,-1,1,-1,-1,1,-1,1,-1,1,-1,1,0,0,0,0,1,-1,-1,1,-1,1,-1,1,-1,1,-1,1,0,0,-1,1,0,0,0,0,-1,1,1,-1,-1,1,-1,1,0,0,-1,1,-1,1,0,0,1,-1,-1,1,-1,1,0,2,-1,1,-1,1,-1,1,-1,1,1,-1,-1,1,-1,1,-1,1,-1,1,0,2,0,0,-1,1
AMD,2025-08-05 16:16:31,AMC,0.024832381425378695,0.27853649583814655,0.02194730336948863,NQ,stopped_post,486.0,-462.90500000002794,-485.40500000002794,0,0,1,-1,-1,1,0,2,-1,1,1,-1,-1,1,-1,1,0,0,-1,1,-1,1,0,0,0,0,-1,1,0,0,1,-1,1,-1,1,-1,0,0,-1,1,0,0,0,0,1,-1,-1,1,0,2,0,-1,0,0,0,0,0,0,-1,1,1,-1,-1,1,0,0,-1,1,-1,1,1,-1,1,-1,1,-1,1,-1,1,-1,0,2,1,-1,1,-1,1,-1,1,-1,-1,1,0,0,1,-1,0,0,-1,1,0,0,-1,1,1,-1,1,-1,1,-1,-1,1,1,-1,1,-1,0,0,-1,1,1,-1,0,0,0,0,0,0,-1,1,0,0,0,0,1,-1,0,2,-1,1,-1,1,-1,1,1,-1,1,-1,1,-1,-1,1,1,-1,1,-1,1,-1,1,-1,1,-1,0,0,0,2,1,-1,1,-1,1,-1,1,0,1,-1,-1,1,0,0,1,-1,1,-1,1,-1,1,-1,1,-1,0,0,0,0,0,0,0,0,1,-1,-1,1,-1,1,0,0,-1,1,-1,1,1,-1,0,0,1,-1,1,-1,-1,1,1,-1,1,-1,-1,1,-1,1,1,-1,0,0,0,0,0,0,1,-1,1,-1,-1,1,1,-1,1,-1,-1,1,-1,1,0,0,1,-1,-1,1,1,-1,0,0,0,0,-1,1,1,-1,1,-1,1,-1,-1,1,1,-1,0,0,1,-1,0,0,1,-1,0,0,1,-1,1,-1,1,-1,0,0,1,-1,-1,1,0,2,-1,1,-1,1,-1,1,0,0,1,-1,1,-1,-1,1,0,0,1,-1,-1,1,1,-1,0,0,1,-1,0,0,1,-1,1,-1
NVDA,2025-08-27 16:22:14,AMC,0.13971097957660106,0.325281288327201,0.07047183999543033,NQ,stopped_pre,-79.0,-472.3399999999674,-494.8399999999674,0,0,-1,1,-1,1,-1,0,-1,1,1,-1,1,-1,-1,1,-1,1,-1,1,-1,1,0,0,0,0,-1,1,0,0,1,-1,-1,1,1,-1,0,0,0,0,0,0,0,0,-1,1,-1,1,0,2,0,-1,0,1,0,2,0,0,-1,1,-1,1,-1,1,0,0,-1,1,1,-1,-1,1,-1,1,-1,1,-1,1,-1,1,0,0,-1,1,-1,1,-1,1,-1,1,-1,1,0,0,0,0,-1,1,-1,1,0,0,0,0,-1,1,-1,1,-1,1,-1,1,-1,1,-1,1,0,0,-1,1,0,0,0,0,0,0,0,0,0,0,0,0,0,0,0,0,0,0,-1,1,0,0,-1,1,-1,1,1,-1,-1,1,-1,1,-1,1,-1,1,1,-1,-1,1,1,-1,0,0,0,0,-1,1,0,0,-1,1,-1,0,-1,1,-1,1,0,0,-1,1,-1,1,-1,1,1,-1,-1,1,0,0,0,0,0,0,0,0,-1,1,0,0,1,-1,0,0,1,-1,1,-1,-1,1,0,0,1,-1,-1,1,1,-1,-1,1,-1,1,0,0,-1,1,-1,1,0,0,0,0,0,0,-1,1,-1,1,-1,1,-1,1,1,-1,-1,1,1,-1,-1,1,-1,1,0,0,-1,1,0,0,0,0,-1,1,-1,1,-1,1,1,-1,-1,1,-1,1,0,0,1,-1,0,0,0,0,-1,1,-1,1,-1,1,-1,1,0,0,-1,1,-1,1,0,2,1,-1,-1,1,-1,1,0,0,1,-1,-1,1,1,-1,0,0,-1,1,-1,1,-1,1,-1,1,-1,1,0,0,0,0,-1,1
AVGO,2025-09-04 16:19:50,AMC,0.021109738978077535,0.014777129225995082,0.016593035073527888,NQ,stopped_pre,-284.0,-473.8900000000285,-496.3900000000285,0,0,1,-1,1,-1,1,0,1,-1,1,-1,1,-1,1,-1,1,-1,1,-1,1,-1,0,0,0,0,1,-1,1,-1,1,-1,1,-1,1,-1,0,1,0,0,0,0,1,-1,1,-1,1,-1,0,2,0,-1,0,-1,0,0,1,-1,-1,1,-1,1,-1,1,0,0,1,-1,1,-1,1,-1,1,-1,-1,1,-1,1,1,-1,0,2,1,-1,1,-1,1,-1,1,-1,1,-1,1,-1,1,-1,0,0,1,-1,1,-1,1,-1,1,-1,1,-1,1,-1,1,-1,1,-1,1,-1,1,-1,1,-1,1,-1,0,0,0,0,0,0,1,-1,0,0,0,0,1,-1,0,0,1,-1,1,-1,1,-1,0,0,1,-1,1,-1,1,-1,-1,1,1,-1,1,-1,1,-1,-1,1,0,2,0,0,1,-1,1,-1,1,-1,1,0,1,-1,1,-1,0,0,1,-1,-1,1,1,-1,1,-1,-1,1,0,0,0,2,0,0,0,0,1,-1,1,-1,1,-1,1,-1,1,-1,1,-1,1,-1,0,0,1,-1,1,-1,1,-1,1,-1,1,-1,1,-1,-1,1,1,-1,0,0,0,0,0,0,1,-1,-1,1,1,-1,-1,1,1,-1,1,-1,-1,1,1,-1,1,-1,1,-1,-1,1,0,2,0,0,-1,1,-1,1,-1,1,1,-1,1,-1,1,-1,0,0,-1,1,0,0,1,-1,1,-1,-1,1,1,-1,1,-1,0,0,-1,1,1,-1,0,2,1,-1,1,-1,-1,1,0,0,-1,1,1,-1,1,-1,1,-1,-1,1,-1,1,-1,1,1,-1,1,-1,0,0,1,-1,-1,1
MU,2025-09-23 16:02:28,AMC,0.07347982324579504,0.019124885502330217,0.039255040575951944,NQ,timed,900.0,175.0,152.5,0,0,1,-1,-1,1,0,2,1,-1,-1,1,-1,1,1,-1,1,-1,1,-1,-1,1,0,0,0,2,1,-1,0,0,1,-1,-1,1,-1,1,0,0,1,-1,0,0,0,0,1,-1,-1,1,0,0,0,-1,0,0,0,2,0,0,-1,1,1,-1,-1,1,0,0,1,-1,-1,1,1,-1,0,0,1,-1,1,-1,-1,1,0,0,1,-1,-1,1,-1,1,1,-1,1,-1,0,0,-1,1,-1,1,1,-1,1,-1,1,-1,1,-1,-1,1,1,-1,1,-1,1,-1,1,-1,0,0,1,-1,0,0,0,0,0,0,0,0,1,-1,0,0,0,0,-1,1,0,2,1,-1,1,-1,1,-1,1,-1,-1,1,1,-1,1,-1,1,-1,1,-1,-1,1,-1,1,1,-1,0,0,0,0,1,-1,0,0,1,-1,1,0,-1,1,1,-1,0,0,1,-1,1,-1,-1,1,1,-1,1,-1,1,-1,0,0,0,0,0,0,-1,1,-1,1,-1,1,-1,1,-1,1,-1,1,-1,1,0,0,1,-1,0,0,-1,1,1,-1,-1,1,0,0,-1,1,1,-1,0,0,0,0,0,0,1,-1,1,-1,-1,1,1,-1,-1,1,1,-1,1,-1,1,-1,1,-1,0,0,1,-1,0,0,0,2,1,-1,-1,1,1,-1,-1,1,1,-1,-1,1,0,0,1,-1,0,0,0,0,1,-1,-1,1,1,-1,-1,1,0,2,1,-1,-1,1,0,0,-1,1,1,-1,1,-1,0,0,1,-1,1,-1,-1,1,1,-1,-1,1,1,-1,-1,1,0,0,1,-1,0,0,0,0,1,-1
NFLX,2025-10-21 16:02:25,AMC,0.08412010371513964,0.0009896776619854914,0.026782474908913063,NQ,stopped_pre,-157.0,-506.3350000000355,-528.8350000000355,0,0,1,-1,1,-1,0,2,1,-1,-1,1,1,-1,1,-1,1,-1,1,-1,-1,1,0,0,0,2,1,-1,1,-1,1,-1,-1,1,-1,1,0,0,1,-1,0,0,0,0,1,-1,1,-1,0,0,0,-1,0,0,0,0,-1,1,1,-1,1,-1,1,-1,0,0,1,-1,1,-1,1,-1,0,0,1,-1,1,-1,1,-1,0,0,1,-1,-1,1,1,-1,-1,1,1,-1,0,0,-1,1,-1,1,1,-1,0,0,1,-1,1,-1,-1,1,-1,1,1,-1,-1,1,-1,1,0,0,-1,1,-1,1,0,0,0,0,0,0,1,-1,0,0,0,0,0,0,0,2,1,-1,1,-1,1,-1,1,-1,-1,1,-1,1,-1,1,1,-1,-1,1,-1,1,1,-1,1,-1,0,0,0,0,1,-1,0,0,1,-1,1,0,1,-1,1,-1,0,0,-1,1,1,-1,1,-1,1,-1,1,-1,0,0,0,0,0,0,0,0,-1,1,0,0,1,-1,0,0,1,-1,1,-1,1,-1,0,0,-1,1,1,-1,-1,1,1,-1,-1,1,1,-1,-1,1,1,-1,0,0,0,0,0,0,1,-1,1,-1,1,-1,1,-1,-1,1,1,-1,-1,1,1,-1,1,-1,1,-1,1,-1,0,0,0,0,1,-1,-1,1,1,-1,-1,1,1,-1,-1,1,0,0,-1,1,0,0,0,0,1,-1,-1,1,1,-1,1,-1,0,0,1,-1,1,-1,0,0,1,-1,1,-1,1,-1,0,0,-1,1,1,-1,1,-1,0,0,1,-1,1,-1,-1,1,0,0,1,-1,0,0,0,0,1,-1
TSLA,2025-10-22 16:06:36,AMC,0.024946863181423567,0.04290689204426395,0.012509539571904673,NQ,timed,899.0,0.0,-22.5,0,0,1,-1,1,-1,1,0,1,-1,1,-1,-1,1,1,-1,0,0,-1,1,1,-1,0,0,0,0,1,-1,1,-1,1,-1,1,-1,1,-1,0,0,1,-1,0,0,1,-1,1,-1,1,-1,0,0,0,-1,0,0,0,2,1,-1,1,-1,1,-1,1,-1,0,0,1,-1,-1,1,-1,1,0,0,1,-1,-1,1,1,-1,0,0,1,-1,1,-1,1,-1,1,-1,1,-1,0,0,1,-1,1,-1,1,-1,1,-1,1,-1,1,-1,1,-1,1,-1,1,-1,1,-1,1,-1,0,0,1,-1,1,-1,0,0,0,0,0,0,1,-1,0,0,0,0,0,0,0,2,1,-1,1,-1,1,-1,-1,1,1,-1,1,-1,1,-1,1,-1,1,-1,1,-1,-1,1,-1,1,0,0,0,2,1,-1,0,0,1,-1,1,0,1,-1,1,-1,0,0,1,-1,1,-1,1,-1,1,-1,1,-1,-1,1,0,0,0,0,0,0,1,-1,-1,1,-1,1,-1,1,-1,1,-1,1,1,-1,0,0,1,-1,1,-1,1,-1,1,-1,-1,1,1,-1,-1,1,1,-1,0,0,0,0,0,0,1,-1,1,-1,1,-1,1,-1,1,-1,1,-1,1,-1,1,-1,1,-1,1,-1,1,-1,0,0,0,2,-1,1,-1,1,1,-1,1,-1,1,-1,1,-1,0,0,-1,1,0,0,0,0,1,-1,-1,1,-1,1,-1,1,0,2,1,-1,1,-1,0,2,-1,1,1,-1,1,-1,0,0,-1,1,1,-1,-1,1,1,-1,-1,1,1,-1,-1,1,1,-1,1,-1,0,0,0,0,1,-1
INTC,2025-10-23 16:10:22,AMC,0.0009893447569674606,0.019787090901895604,0.029080569332924053,NQ,timed,899.0,-5.0,-27.5,0,0,1,-1,1,-1,0,2,-1,1,1,-1,1,-1,1,-1,0,0,1,-1,1,-1,0,0,0,2,1,-1,1,-1,1,-1,1,-1,1,-1,0,0,-1,1,0,0,1,-1,1,-1,1,-1,0,0,0,-1,0,-1,0,0,1,-1,1,-1,1,-1,1,-1,0,0,1,-1,1,-1,1,-1,1,-1,-1,1,-1,1,1,-1,0,2,1,-1,1,-1,1,-1,1,-1,1,-1,0,0,1,-1,1,-1,1,-1,0,0,-1,1,1,-1,1,-1,1,-1,-1,1,1,-1,-1,1,1,-1,1,-1,1,-1,0,0,0,0,0,0,0,0,0,0,0,0,1,-1,0,2,1,-1,0,0,1,-1,1,-1,1,-1,1,-1,1,-1,-1,1,1,-1,1,-1,1,-1,-1,1,0,0,0,2,1,-1,1,-1,1,-1,1,0,1,-1,-1,1,0,2,1,-1,-1,1,1,-1,1,-1,-1,1,-1,1,0,0,0,0,0,0,1,-1,1,-1,1,-1,1,-1,1,-1,1,-1,1,-1,0,0,1,-1,1,-1,-1,1,-1,1,1,-1,0,0,1,-1,1,-1,0,0,0,0,0,0,1,-1,1,-1,-1,1,-1,1,1,-1,1,-1,-1,1,0,0,1,-1,1,-1,-1,1,0,0,0,0,-1,1,-1,1,1,-1,1,-1,1,-1,1,-1,0,0,-1,1,0,0,1,-1,0,0,1,-1,1,-1,1,-1,0,0,-1,1,1,-1,0,2,1,-1,1,-1,-1,1,0,0,1,-1,1,-1,1,-1,0,0,-1,1,1,-1,-1,1,0,0,1,-1,0,0,1,-1,1,-1
GOOGL,2025-10-29 16:01:48,AMC,0.012350018525027786,0.3277629466363921,0.11824316516050526,NQ,tp,28.0,2101.0199999999895,2078.5199999999895,0,0,1,-1,-1,1,0,2,1,-1,-1,1,1,-1,1,-1,1,-1,1,-1,1,-1,0,0,0,0,1,-1,1,-1,1,-1,1,-1,-1,1,0,0,-1,1,1,-1,0,0,1,-1,-1,1,0,0,0,-1,0,-1,0,0,0,0,1,-1,1,-1,1,-1,0,0,1,-1,1,-1,1,-1,1,-1,1,-1,1,-1,1,-1,0,0,1,-1,1,-1,1,-1,1,-1,1,-1,0,0,0,0,1,-1,1,-1,1,-1,1,-1,1,-1,1,-1,1,-1,1,-1,-1,1,1,-1,0,0,1,-1,0,0,0,0,0,0,1,-1,1,-1,0,0,0,0,0,0,0,2,1,-1,1,-1,1,-1,1,-1,-1,1,1,-1,1,-1,1,-1,1,-1,1,-1,1,-1,-1,1,0,0,0,0,1,-1,0,0,1,-1,1,0,1,-1,1,-1,0,0,1,-1,1,-1,1,-1,1,-1,1,-1,-1,1,0,0,0,0,0,0,1,-1,0,0,1,-1,0,0,1,-1,1,-1,1,-1,0,0,1,-1,0,0,-1,1,1,-1,1,-1,1,-1,-1,1,1,-1,0,0,0,0,0,0,1,-1,1,-1,1,-1,1,-1,-1,1,-1,1,-1,1,1,-1,1,-1,0,0,-1,1,0,0,0,0,1,-1,1,-1,1,-1,1,-1,1,-1,1,-1,0,0,1,-1,0,0,0,0,1,-1,-1,1,1,-1,1,-1,0,0,1,-1,-1,1,0,2,-1,1,1,-1,1,-1,0,0,1,-1,1,-1,1,-1,1,-1,1,-1,1,-1,1,-1,1,-1,1,-1,0,0,0,0,1,-1
MSFT,2025-10-29 16:07:42,AMC,0.11253850628975803,0.0791591958188685,0.08370087960824116,NQ,stopped_pre,-289.0,-527.355000000025,-549.855000000025,0,0,1,-1,1,-1,1,0,1,-1,1,-1,1,-1,1,-1,1,-1,1,-1,1,-1,0,0,0,2,1,-1,1,-1,1,-1,1,-1,1,-1,0,0,1,-1,0,0,1,-1,1,-1,1,-1,0,0,0,-1,0,-1,0,0,1,-1,1,-1,-1,1,-1,1,0,0,1,-1,1,-1,1,-1,1,-1,1,-1,-1,1,1,-1,0,0,1,-1,1,-1,1,-1,1,-1,1,-1,1,-1,1,-1,0,0,1,-1,1,-1,1,-1,1,-1,1,-1,1,-1,1,-1,1,-1,1,-1,1,-1,1,-1,1,-1,0,0,0,0,0,0,1,-1,0,0,0,0,1,-1,0,2,1,-1,1,-1,1,-1,1,-1,1,-1,1,-1,1,-1,1,-1,1,-1,1,-1,1,-1,1,-1,0,0,0,0,1,-1,1,-1,1,-1,1,0,1,-1,1,-1,0,0,1,-1,-1,1,1,-1,1,-1,1,-1,0,0,0,0,0,0,0,0,1,-1,0,0,1,-1,1,-1,1,-1,1,-1,1,-1,0,0,1,-1,1,-1,-1,1,1,-1,1,-1,1,-1,-1,1,1,-1,0,0,0,0,0,0,1,-1,1,-1,1,-1,-1,1,1,-1,1,-1,-1,1,1,-1,1,-1,0,0,-1,1,0,0,0,0,-1,1,1,-1,-1,1,1,-1,1,-1,1,-1,0,0,-1,1,0,0,1,-1,1,-1,-1,1,1,-1,1,-1,0,0,1,-1,1,-1,0,2,1,-1,1,-1,1,-1,0,0,-1,1,1,-1,1,-1,1,-1,-1,1,-1,1,1,-1,1,-1,1,-1,0,0,1,-1,1,-1
META,2025-10-29 16:08:34,AMC,0.12413108242303873,0.03914641714804029,0.0501856870420556,NQ,stopped_pre,-281.0,-525.7600000000093,-548.2600000000093,0,0,1,-1,1,-1,1,0,1,-1,1,-1,1,-1,1,-1,1,-1,1,-1,-1,1,0,0,0,2,1,-1,1,-1,1,-1,1,-1,1,-1,0,0,1,-1,0,0,1,-1,1,-1,1,-1,0,0,0,-1,0,-1,0,0,0,0,1,-1,1,-1,-1,1,0,0,1,-1,1,-1,1,-1,1,-1,1,-1,-1,1,1,-1,0,2,1,-1,1,-1,1,-1,1,-1,1,-1,1,-1,1,-1,1,-1,1,-1,1,-1,1,-1,1,-1,1,-1,1,-1,1,-1,1,-1,1,-1,1,-1,1,-1,1,-1,0,0,0,0,0,0,1,-1,0,0,0,0,1,-1,0,2,1,-1,1,-1,1,-1,1,-1,1,-1,1,-1,1,-1,1,-1,1,-1,1,-1,1,-1,-1,1,0,0,0,0,1,-1,1,-1,1,-1,1,0,1,-1,1,-1,0,0,1,-1,-1,1,1,-1,1,-1,1,-1,0,0,0,0,0,0,0,0,1,-1,0,0,1,-1,1,-1,1,-1,1,-1,1,-1,0,0,1,-1,1,-1,-1,1,1,-1,1,-1,1,-1,-1,1,1,-1,0,0,0,0,0,0,1,-1,1,-1,-1,1,-1,1,1,-1,1,-1,-1,1,1,-1,1,-1,0,0,-1,1,0,0,0,0,-1,1,1,-1,-1,1,1,-1,1,-1,1,-1,0,0,-1,1,0,0,1,-1,1,-1,-1,1,1,-1,1,-1,0,0,1,-1,1,-1,0,2,-1,1,1,-1,1,-1,0,0,-1,1,1,-1,1,-1,1,-1,-1,1,-1,1,1,-1,1,-1,1,-1,0,0,1,-1,1,-1
AMZN,2025-10-30 16:13:01,AMC,0.009615199707697928,0.10384415684313764,0.03180324393088095,NQ,timed,900.0,920.0,897.5,0,0,1,-1,1,-1,0,2,1,-1,-1,1,-1,1,1,-1,0,0,1,-1,-1,1,0,0,0,0,1,-1,-1,1,1,-1,1,-1,-1,1,0,0,1,-1,0,0,1,-1,1,-1,1,-1,0,0,0,-1,0,-1,0,0,0,0,1,-1,1,-1,1,-1,0,0,1,-1,-1,1,1,-1,1,-1,1,-1,1,-1,1,-1,0,0,1,-1,1,-1,1,-1,1,-1,1,-1,1,-1,0,0,0,0,1,-1,1,-1,1,-1,1,-1,1,-1,1,-1,1,-1,1,-1,1,-1,0,0,1,-1,0,0,0,0,0,0,0,0,1,-1,0,0,0,0,0,0,0,0,1,-1,1,-1,0,0,1,-1,-1,1,1,-1,1,-1,-1,1,1,-1,1,-1,1,-1,-1,1,0,2,0,0,1,-1,1,-1,1,-1,1,0,1,-1,1,-1,0,2,1,-1,-1,1,1,-1,1,-1,1,-1,-1,1,0,0,0,0,0,0,1,-1,-1,1,-1,1,-1,1,-1,1,-1,1,1,-1,0,0,1,-1,0,0,-1,1,1,-1,1,-1,0,0,-1,1,1,-1,0,0,0,0,0,0,1,-1,1,-1,-1,1,1,-1,-1,1,-1,1,-1,1,1,-1,1,-1,0,0,-1,1,0,2,0,0,-1,1,-1,1,-1,1,1,-1,1,-1,1,-1,0,0,-1,1,0,0,1,-1,1,-1,1,-1,1,-1,1,-1,0,0,1,-1,-1,1,0,2,1,-1,1,-1,-1,1,0,0,-1,1,1,-1,-1,1,1,-1,1,-1,1,-1,-1,1,1,-1,1,-1,0,0,1,-1,1,-1
AAPL,2025-10-30 16:30:35,AMC,0.28713555871394,0.42541749493436276,0.1927976538768466,NQ,stopped_pre,-35.0,-520.4450000000361,-542.9450000000361,0,0,-1,1,1,-1,1,0,1,-1,-1,1,-1,1,1,-1,1,-1,1,-1,-1,1,0,0,0,0,1,-1,1,-1,1,-1,1,-1,-1,1,0,0,0,0,0,0,0,0,1,-1,1,-1,0,2,0,-1,0,-1,0,0,-1,1,1,-1,1,-1,-1,1,0,0,1,-1,-1,1,1,-1,0,0,1,-1,-1,1,-1,1,0,2,1,-1,1,-1,1,-1,1,-1,1,-1,1,-1,0,0,1,-1,1,-1,1,-1,1,-1,1,-1,-1,1,1,-1,1,-1,-1,1,1,-1,0,0,-1,1,0,0,0,0,0,2,0,0,1,-1,0,0,0,2,-1,1,0,0,1,-1,1,-1,1,-1,-1,1,-1,1,1,-1,1,-1,1,-1,1,-1,-1,1,-1,1,-1,1,0,0,0,0,1,-1,0,0,1,-1,1,0,-1,1,1,-1,0,0,1,-1,1,-1,1,-1,1,-1,1,-1,-1,1,0,0,0,2,0,0,1,-1,-1,1,-1,1,-1,1,-1,1,-1,1,-1,1,0,0,1,-1,1,-1,-1,1,1,-1,1,-1,1,-1,-1,1,1,-1,0,2,0,0,0,0,-1,1,1,-1,-1,1,1,-1,1,-1,1,-1,-1,1,1,-1,1,-1,0,0,-1,1,0,0,0,2,1,-1,1,-1,1,-1,-1,1,1,-1,-1,1,0,0,-1,1,0,0,0,0,1,-1,-1,1,1,-1,1,-1,0,0,1,-1,1,-1,0,2,1,-1,1,-1,-1,1,0,2,1,-1,1,-1,-1,1,1,-1,1,-1,1,-1,1,-1,1,-1,1,-1,0,2,0,0,1,-1
AMD,2025-11-04 16:16:10,AMC,0.054743098459372794,0.12123345261140768,0.023389842397433663,NQ,stopped_pre,-60.0,-511.26499999998487,-533.7649999999849,0,0,-1,1,1,-1,0,2,-1,1,1,-1,-1,1,-1,1,0,0,-1,1,1,-1,0,0,0,2,-1,1,1,-1,-1,1,-1,1,-1,1,0,0,0,0,1,-1,0,0,-1,1,1,-1,0,2,0,-1,0,1,0,0,0,0,1,-1,1,-1,1,-1,0,0,1,-1,-1,1,-1,1,-1,1,1,-1,1,-1,-1,1,0,2,-1,1,-1,1,1,-1,-1,1,-1,1,-1,1,0,0,0,0,-1,1,-1,1,0,0,-1,1,-1,1,-1,1,-1,1,-1,1,1,-1,-1,1,-1,1,-1,1,0,0,0,0,0,0,-1,1,0,0,0,0,0,0,0,0,-1,1,-1,1,-1,1,-1,1,-1,1,-1,1,-1,1,-1,1,-1,1,-1,1,1,-1,1,-1,0,0,0,2,-1,1,0,0,-1,1,-1,0,-1,1,-1,1,0,0,-1,1,-1,1,-1,1,-1,1,1,-1,1,-1,0,0,0,0,0,0,-1,1,-1,1,-1,1,-1,1,-1,1,-1,1,-1,1,0,0,-1,1,-1,1,-1,1,1,-1,1,-1,-1,1,1,-1,-1,1,0,0,0,0,0,0,-1,1,-1,1,1,-1,1,-1,-1,1,-1,1,-1,1,-1,1,1,-1,-1,1,-1,1,0,0,0,2,-1,1,-1,1,1,-1,-1,1,-1,1,-1,1,0,0,1,-1,0,0,0,0,-1,1,1,-1,1,-1,-1,1,0,0,1,-1,1,-1,0,2,-1,1,-1,1,-1,1,0,2,1,-1,1,-1,-1,1,-1,1,1,-1,-1,1,-1,1,-1,1,1,-1,0,0,0,0,-1,1
NVDA,2025-11-19 16:20:44,AMC,0.5296888583385561,0.7784304012454887,0.07192950908110052,NQ,tp,-42.0,1977.7799999999843,1955.2799999999843,0,0,1,-1,1,-1,0,2,-1,1,1,-1,1,-1,-1,1,0,0,-1,1,1,-1,0,0,0,2,-1,1,1,-1,1,-1,1,-1,1,-1,0,0,0,0,0,0,0,0,1,-1,-1,1,0,2,0,-1,0,0,0,0,0,0,1,-1,-1,1,-1,1,0,0,1,-1,1,-1,1,-1,0,0,1,-1,1,-1,1,-1,0,0,1,-1,1,-1,1,-1,1,-1,-1,1,0,0,1,-1,0,0,-1,1,0,0,0,0,1,-1,1,-1,-1,1,-1,1,-1,1,-1,1,0,0,-1,1,0,0,0,0,0,0,0,0,-1,1,0,0,0,0,1,-1,0,0,-1,1,-1,1,1,-1,0,0,1,-1,1,-1,1,-1,1,-1,1,-1,1,-1,1,-1,-1,1,0,0,0,2,1,-1,1,-1,1,-1,1,0,1,-1,-1,1,0,0,1,-1,1,-1,1,-1,1,-1,1,-1,-1,1,0,0,0,0,0,0,1,-1,1,-1,1,-1,0,0,1,-1,1,-1,1,-1,0,0,1,-1,-1,1,1,-1,-1,1,1,-1,0,0,-1,1,1,-1,0,0,0,0,0,0,1,-1,1,-1,-1,1,-1,1,1,-1,-1,1,-1,1,0,0,1,-1,0,0,1,-1,0,0,0,2,-1,1,1,-1,1,-1,1,-1,-1,1,1,-1,0,0,1,-1,0,0,0,0,0,0,1,-1,1,-1,1,-1,0,0,1,-1,1,-1,0,2,-1,1,-1,1,-1,1,0,0,-1,1,-1,1,1,-1,0,0,-1,1,-1,1,1,-1,0,0,1,-1,0,0,1,-1,1,-1
AVGO,2025-12-11 16:17:37,AMC,0.03293807641633729,0.05037588157792761,0.01875841009312739,NQ,timed,898.0,1565.0,1542.5,0,0,1,-1,1,-1,1,0,1,-1,1,-1,1,-1,1,-1,1,-1,1,-1,1,-1,0,0,0,2,1,-1,1,-1,1,-1,1,-1,1,-1,0,0,0,0,-1,1,1,-1,1,-1,1,-1,0,2,0,-1,0,-1,0,0,1,-1,1,-1,-1,1,-1,1,0,0,1,-1,1,-1,1,-1,1,-1,1,-1,-1,1,1,-1,0,2,1,-1,1,-1,1,-1,1,-1,1,-1,1,-1,1,-1,1,-1,1,-1,1,-1,1,-1,1,-1,1,-1,1,-1,1,-1,1,-1,1,-1,1,-1,1,-1,1,-1,0,0,0,0,1,-1,1,-1,0,0,0,0,1,-1,0,0,1,-1,1,-1,1,-1,1,-1,1,-1,1,-1,1,-1,-1,1,1,-1,1,-1,1,-1,-1,1,0,2,0,0,1,-1,1,-1,1,-1,1,0,1,-1,1,-1,0,0,1,-1,-1,1,1,-1,1,-1,1,-1,0,0,0,0,0,0,0,0,1,-1,1,-1,1,-1,0,0,1,-1,1,-1,1,-1,0,0,1,-1,-1,1,1,-1,1,-1,1,-1,1,-1,-1,1,1,-1,0,0,0,0,0,0,1,-1,-1,1,-1,1,-1,1,1,-1,-1,1,-1,1,1,-1,1,-1,1,-1,-1,1,0,0,0,0,-1,1,-1,1,1,-1,1,-1,1,-1,1,-1,0,0,-1,1,0,0,1,-1,1,-1,-1,1,1,-1,1,-1,0,0,1,-1,1,-1,0,2,1,-1,1,-1,-1,1,0,0,-1,1,1,-1,1,-1,1,-1,-1,1,-1,1,-1,1,1,-1,1,-1,0,0,1,-1,1,-1
MU,2025-12-17 16:03:26,AMC,0.022052263865360903,0.17341446056074017,0.0447878177135819,NQ,tp,678.0,1991.6599999999744,1969.1599999999744,0,2,-1,1,-1,1,0,2,-1,1,-1,1,-1,1,-1,1,0,0,-1,1,-1,1,0,0,0,2,-1,1,-1,1,-1,1,-1,1,-1,1,0,0,0,0,1,-1,-1,1,-1,1,-1,1,0,0,0,1,0,1,0,0,-1,1,-1,1,1,-1,1,-1,0,0,-1,1,-1,1,-1,1,-1,1,-1,1,1,-1,-1,1,0,0,-1,1,-1,1,-1,1,-1,1,-1,1,-1,1,-1,1,0,0,-1,1,-1,1,-1,1,-1,1,-1,1,-1,1,-1,1,-1,1,-1,1,0,0,-1,1,-1,1,0,0,0,0,-1,1,-1,1,0,0,0,0,-1,1,0,0,-1,1,-1,1,-1,1,0,0,-1,1,-1,1,-1,1,1,-1,-1,1,-1,1,-1,1,1,-1,0,2,0,0,-1,1,-1,1,-1,1,-1,0,-1,1,-1,1,0,0,-1,1,1,-1,-1,1,-1,1,-1,1,0,0,0,0,0,0,0,0,-1,1,-1,1,-1,1,-1,1,-1,1,-1,1,-1,1,0,0,-1,1,0,0,-1,1,-1,1,-1,1,-1,1,1,-1,-1,1,0,0,0,0,0,0,-1,1,1,-1,1,-1,1,-1,-1,1,-1,1,1,-1,-1,1,-1,1,-1,1,1,-1,0,2,0,0,1,-1,1,-1,1,-1,-1,1,-1,1,-1,1,0,0,1,-1,0,0,-1,1,-1,1,1,-1,-1,1,-1,1,0,0,-1,1,-1,1,0,0,1,-1,-1,1,1,-1,0,0,1,-1,-1,1,-1,1,-1,1,1,-1,-1,1,1,-1,-1,1,-1,1,0,0,-1,1,-1,1
NFLX,2026-01-20 16:07:54,AMC,0.011933174224343675,0.04176569445411243,0.027487630566245192,NQ,timed,899.0,180.0,157.5,0,0,1,-1,1,-1,0,2,0,0,-1,1,-1,1,1,-1,0,0,1,-1,-1,1,0,0,0,2,1,-1,-1,1,1,-1,1,-1,-1,1,0,0,1,-1,0,0,1,-1,1,-1,1,-1,0,0,0,-1,0,0,0,0,0,0,1,-1,1,-1,1,-1,0,0,1,-1,-1,1,1,-1,1,-1,1,-1,-1,1,1,-1,0,2,-1,1,1,-1,1,-1,1,-1,1,-1,0,0,0,0,0,0,1,-1,0,0,0,0,1,-1,1,-1,1,-1,1,-1,1,-1,1,-1,0,0,1,-1,0,0,0,0,0,0,0,0,0,0,0,0,0,0,0,0,0,2,1,-1,-1,1,0,0,0,0,-1,1,1,-1,1,-1,1,-1,1,-1,1,-1,1,-1,-1,1,0,0,0,0,1,-1,0,0,1,-1,1,0,1,-1,1,-1,0,0,1,-1,1,-1,1,-1,1,-1,1,-1,1,-1,0,0,0,0,0,0,1,-1,-1,1,-1,1,-1,1,-1,1,-1,1,1,-1,0,0,1,-1,0,0,-1,1,1,-1,1,-1,0,0,1,-1,1,-1,0,0,0,0,0,0,1,-1,1,-1,-1,1,1,-1,-1,1,1,-1,-1,1,0,0,1,-1,0,0,-1,1,0,0,0,0,1,-1,1,-1,1,-1,1,-1,1,-1,1,-1,0,0,-1,1,0,0,0,0,0,0,1,-1,1,-1,1,-1,0,0,1,-1,1,-1,0,2,1,-1,-1,1,1,-1,0,0,-1,1,1,-1,-1,1,1,-1,1,-1,1,-1,1,-1,1,-1,1,-1,0,0,1,-1,1,-1
INTC,2026-01-22 16:10:56,AMC,0.014617318599076187,0.009744689144416292,0.02656953981498323,NQ,timed,899.0,150.0,127.5,0,0,-1,1,1,-1,1,0,1,-1,-1,1,-1,1,1,-1,1,-1,1,-1,-1,1,0,0,0,2,1,-1,-1,1,-1,1,-1,1,-1,1,0,0,-1,1,1,-1,0,0,-1,1,1,-1,0,0,0,-1,0,-1,0,0,-1,1,1,-1,1,-1,-1,1,0,0,1,-1,1,-1,-1,1,0,0,1,-1,-1,1,-1,1,0,2,1,-1,-1,1,1,-1,-1,1,1,-1,0,0,-1,1,-1,1,1,-1,0,0,0,0,-1,1,-1,1,-1,1,1,-1,-1,1,1,-1,0,0,-1,1,-1,1,0,0,0,0,0,0,1,-1,0,0,0,0,0,0,0,0,1,-1,1,-1,1,-1,1,-1,-1,1,-1,1,-1,1,-1,1,-1,1,-1,1,1,-1,-1,1,0,0,0,0,-1,1,0,0,1,-1,-1,0,-1,1,1,-1,0,0,-1,1,-1,1,-1,1,-1,1,1,-1,0,0,0,0,0,0,0,0,-1,1,0,0,1,-1,0,0,1,-1,1,-1,-1,1,0,0,-1,1,-1,1,-1,1,1,-1,-1,1,0,0,1,-1,-1,1,0,0,0,0,0,0,-1,1,-1,1,1,-1,1,-1,-1,1,1,-1,-1,1,0,0,1,-1,0,0,-1,1,0,0,0,2,1,-1,1,-1,1,-1,-1,1,1,-1,-1,1,0,0,1,-1,0,0,0,0,0,0,1,-1,1,-1,1,-1,0,0,1,-1,1,-1,0,0,1,-1,-1,1,-1,1,0,0,-1,1,-1,1,-1,1,0,0,1,-1,1,-1,1,-1,0,0,1,-1,0,0,0,0,-1,1
META,2026-01-28 16:04:20,AMC,0.13550916849267675,0.75539153500173,0.0502073075204096,NQ,stopped_pre,-265.0,-523.5199999999895,-546.0199999999895,0,0,1,-1,1,-1,0,2,0,0,1,-1,-1,1,1,-1,0,0,1,-1,1,-1,0,0,0,0,1,-1,1,-1,1,-1,1,-1,1,-1,0,0,0,0,0,0,0,0,1,-1,1,-1,0,0,0,-1,0,-1,0,0,0,0,1,-1,1,-1,1,-1,0,0,1,-1,1,-1,1,-1,0,0,1,-1,-1,1,1,-1,0,2,-1,1,1,-1,1,-1,1,-1,1,-1,0,0,0,0,-1,1,1,-1,0,0,-1,1,1,-1,1,-1,1,-1,-1,1,1,-1,1,-1,0,0,1,-1,0,0,0,0,0,0,0,0,0,0,0,0,0,0,0,0,0,2,1,-1,0,0,0,0,1,-1,1,-1,1,-1,1,-1,-1,1,1,-1,1,-1,1,-1,-1,1,0,0,0,0,1,-1,1,-1,1,-1,1,0,1,-1,1,-1,0,0,1,-1,-1,1,1,-1,-1,1,1,-1,0,0,0,0,0,0,0,0,1,-1,0,0,1,-1,0,0,1,-1,1,-1,1,-1,0,0,1,-1,1,-1,1,-1,1,-1,1,-1,1,-1,1,-1,1,-1,0,0,0,0,0,0,1,-1,1,-1,-1,1,1,-1,1,-1,1,-1,-1,1,0,0,1,-1,0,0,-1,1,0,0,0,0,1,-1,-1,1,1,-1,1,-1,-1,1,1,-1,0,0,1,-1,0,0,1,-1,0,0,1,-1,1,-1,1,-1,0,0,1,-1,1,-1,0,2,1,-1,1,-1,1,-1,0,0,1,-1,1,-1,-1,1,0,0,1,-1,1,-1,-1,1,0,0,1,-1,0,0,1,-1,1,-1
MSFT,2026-01-28 16:04:38,AMC,0.13550916849267675,0.75539153500173,0.08726003490401396,NQ,stopped_pre,-282.0,-523.3849999999802,-545.8849999999802,0,0,1,-1,1,-1,0,2,0,0,1,-1,-1,1,1,-1,0,0,1,-1,1,-1,0,0,0,0,1,-1,1,-1,1,-1,1,-1,1,-1,0,0,0,0,0,0,0,0,1,-1,1,-1,0,0,0,-1,0,-1,0,0,0,0,1,-1,1,-1,1,-1,0,0,1,-1,1,-1,1,-1,0,0,1,-1,-1,1,1,-1,0,2,-1,1,1,-1,1,-1,1,-1,1,-1,0,0,0,0,-1,1,1,-1,0,0,-1,1,1,-1,1,-1,1,-1,-1,1,1,-1,1,-1,0,0,1,-1,0,0,0,0,0,0,0,0,0,0,0,0,0,0,0,0,0,2,1,-1,0,0,0,0,1,-1,1,-1,1,-1,1,-1,-1,1,1,-1,1,-1,1,-1,-1,1,0,0,0,0,1,-1,1,-1,1,-1,1,0,1,-1,1,-1,0,0,1,-1,-1,1,1,-1,-1,1,1,-1,0,0,0,0,0,0,0,0,1,-1,0,0,1,-1,0,0,1,-1,1,-1,1,-1,0,0,1,-1,1,-1,1,-1,1,-1,1,-1,1,-1,1,-1,1,-1,0,0,0,0,0,0,1,-1,1,-1,-1,1,1,-1,1,-1,1,-1,-1,1,0,0,1,-1,0,0,-1,1,0,0,0,0,1,-1,-1,1,1,-1,1,-1,-1,1,1,-1,0,0,1,-1,0,0,1,-1,0,0,1,-1,1,-1,1,-1,0,0,1,-1,1,-1,0,2,1,-1,1,-1,1,-1,0,0,1,-1,1,-1,-1,1,0,0,1,-1,1,-1,-1,1,0,0,1,-1,0,0,1,-1,1,-1
TSLA,2026-01-28 16:11:04,AMC,0.10805435229543782,0.42648408812729505,0.01253195648904707,NQ,tp,3.0,2083.9199999999983,2061.4199999999983,0,2,-1,1,-1,1,-1,0,-1,1,1,-1,-1,1,-1,1,0,0,-1,1,-1,1,0,0,0,0,-1,1,-1,1,-1,1,-1,1,-1,1,0,0,-1,1,-1,1,-1,1,-1,1,-1,1,0,0,0,-1,0,1,0,0,0,0,-1,1,1,-1,1,-1,0,0,-1,1,-1,1,-1,1,-1,1,-1,1,1,-1,-1,1,0,2,-1,1,-1,1,-1,1,-1,1,-1,1,-1,1,0,0,0,0,-1,1,-1,1,-1,1,-1,1,-1,1,-1,1,-1,1,-1,1,-1,1,-1,1,-1,1,-1,1,0,0,0,0,-1,1,-1,1,0,0,0,0,0,0,0,0,-1,1,-1,1,-1,1,0,0,-1,1,-1,1,-1,1,-1,1,-1,1,-1,1,-1,1,1,-1,0,2,0,0,-1,1,-1,1,-1,1,-1,0,-1,1,-1,1,0,2,-1,1,-1,1,-1,1,-1,1,-1,1,0,0,0,2,0,0,0,0,-1,1,-1,1,-1,1,0,0,-1,1,-1,1,-1,1,0,0,-1,1,1,-1,-1,1,-1,1,-1,1,-1,1,1,-1,-1,1,0,0,0,0,0,0,-1,1,1,-1,-1,1,1,-1,-1,1,1,-1,1,-1,-1,1,-1,1,-1,1,1,-1,0,2,0,0,-1,1,-1,1,1,-1,-1,1,-1,1,-1,1,0,0,1,-1,0,0,-1,1,-1,1,1,-1,-1,1,-1,1,0,0,-1,1,-1,1,0,0,-1,1,-1,1,1,-1,0,0,1,-1,-1,1,-1,1,-1,1,1,-1,-1,1,-1,1,-1,1,-1,1,0,0,-1,1,-1,1
AAPL,2026-01-29 16:30:33,AMC,0.12890688882261836,0.019240389425481973,0.19547511312217195,NQ,timed,900.0,145.0,122.5,0,0,-1,1,1,-1,-1,0,0,0,-1,1,1,-1,1,-1,-1,1,-1,1,0,0,0,0,0,2,-1,1,-1,1,-1,1,-1,1,-1,1,0,0,0,0,0,0,0,0,-1,1,-1,1,0,2,0,1,0,1,0,0,0,0,-1,1,-1,1,-1,1,0,0,-1,1,-1,1,-1,1,-1,1,-1,1,1,-1,-1,1,0,0,-1,1,-1,1,-1,1,-1,1,-1,1,-1,1,0,0,0,0,-1,1,0,0,1,-1,-1,1,-1,1,1,-1,1,-1,-1,1,-1,1,0,0,-1,1,0,0,0,0,0,0,0,0,0,0,0,0,0,0,0,0,0,0,-1,1,1,-1,-1,1,0,0,-1,1,-1,1,-1,1,-1,1,-1,1,-1,1,-1,1,1,-1,0,0,0,0,-1,1,-1,1,-1,1,-1,0,-1,1,-1,1,0,0,-1,1,1,-1,-1,1,1,-1,-1,1,0,0,0,0,0,0,0,0,-1,1,-1,1,-1,1,-1,1,-1,1,-1,1,-1,1,0,0,-1,1,-1,1,1,-1,-1,1,-1,1,1,-1,-1,1,-1,1,0,0,0,0,0,0,-1,1,-1,1,-1,1,-1,1,-1,1,1,-1,1,-1,0,0,-1,1,1,-1,1,-1,0,0,0,2,1,-1,-1,1,-1,1,-1,1,-1,1,-1,1,0,0,1,-1,0,0,0,0,0,0,-1,1,-1,1,-1,1,0,0,-1,1,-1,1,0,0,-1,1,-1,1,-1,1,0,2,1,-1,-1,1,1,-1,0,0,-1,1,-1,1,-1,1,0,0,-1,1,0,0,-1,1,-1,1
AMD,2026-02-03 16:16:18,AMC,0.06684032044035976,0.09141396766108026,0.024832381425378695,NQ,stopped_pre,-1.0,-508.99499999999534,-531.4949999999953,0,0,-1,1,1,-1,1,0,1,-1,1,-1,-1,1,1,-1,1,-1,1,-1,1,-1,0,0,0,2,1,-1,1,-1,-1,1,1,-1,1,-1,0,0,0,0,0,0,0,0,-1,1,1,-1,0,2,0,-1,0,-1,0,0,1,-1,1,-1,1,-1,1,-1,0,0,1,-1,-1,1,-1,1,0,0,-1,1,1,-1,-1,1,0,0,1,-1,-1,1,-1,1,1,-1,1,-1,0,0,0,0,1,-1,1,-1,1,-1,1,-1,-1,1,-1,1,1,-1,1,-1,-1,1,1,-1,0,0,1,-1,-1,1,0,0,0,0,0,0,1,-1,0,0,0,0,-1,1,0,2,1,-1,1,-1,1,-1,1,-1,1,-1,1,-1,1,-1,-1,1,1,-1,-1,1,-1,1,1,-1,0,0,0,0,1,-1,-1,1,1,-1,1,0,-1,1,1,-1,0,0,1,-1,-1,1,-1,1,1,-1,-1,1,0,0,0,0,0,0,0,0,-1,1,-1,1,-1,1,-1,1,-1,1,-1,1,-1,1,0,0,-1,1,0,0,-1,1,1,-1,-1,1,1,-1,-1,1,-1,1,0,0,0,0,0,0,-1,1,1,-1,1,-1,1,-1,-1,1,1,-1,1,-1,1,-1,1,-1,1,-1,1,-1,0,0,0,0,-1,1,1,-1,1,-1,-1,1,1,-1,-1,1,0,0,1,-1,0,0,-1,1,1,-1,-1,1,-1,1,-1,1,0,0,-1,1,1,-1,0,0,1,-1,1,-1,-1,1,0,0,-1,1,1,-1,-1,1,1,-1,-1,1,1,-1,1,-1,1,-1,1,-1,0,0,-1,1,1,-1
GOOGL,2026-02-04 16:01:37,AMC,0.014986212684330416,0.08791647934462261,0.10229888323719132,NQ,stopped_post,60.0,-499.76000000002387,-522.2600000000239,0,2,-1,1,-1,1,0,2,0,0,-1,1,-1,1,-1,1,0,0,-1,1,-1,1,0,0,0,2,-1,1,-1,1,-1,1,-1,1,-1,1,0,-1,0,0,0,0,-1,1,-1,1,-1,1,0,0,0,1,0,1,0,0,-1,1,-1,1,-1,1,1,-1,0,0,-1,1,-1,1,-1,1,-1,1,-1,1,1,-1,-1,1,0,0,-1,1,-1,1,-1,1,-1,1,-1,1,-1,1,-1,1,0,0,-1,1,-1,1,0,0,-1,1,-1,1,-1,1,-1,1,-1,1,-1,1,-1,1,-1,1,-1,1,0,0,0,0,0,0,-1,1,0,0,0,0,-1,1,0,0,-1,1,-1,1,-1,1,-1,1,-1,1,-1,1,-1,1,1,-1,-1,1,-1,1,-1,1,1,-1,0,2,0,0,-1,1,-1,1,-1,1,-1,0,-1,1,-1,1,0,0,-1,1,1,-1,-1,1,-1,1,-1,1,1,-1,0,0,0,0,0,0,-1,1,-1,1,-1,1,-1,1,-1,1,-1,1,-1,1,0,0,-1,1,-1,1,-1,1,-1,1,-1,1,0,0,1,-1,-1,1,0,0,0,0,0,0,-1,1,-1,1,-1,1,1,-1,-1,1,-1,1,1,-1,0,0,-1,1,0,0,1,-1,0,2,0,0,1,-1,1,-1,-1,1,-1,1,-1,1,-1,1,0,0,1,-1,0,0,-1,1,0,0,1,-1,-1,1,-1,1,0,0,-1,1,-1,1,0,0,-1,1,-1,1,1,-1,0,0,1,-1,-1,1,-1,1,-1,1,1,-1,-1,1,1,-1,-1,1,-1,1,0,0,-1,1,1,-1
AMZN,2026-02-05 16:25:12,AMC,0.049914940866075154,0.3606099809508287,0.03172512212367548,NQ,stopped_post,507.0,-490.7299999999668,-513.2299999999668,0,0,-1,1,-1,1,0,2,-1,1,-1,1,-1,1,-1,1,-1,1,-1,1,-1,1,0,0,0,2,-1,1,-1,1,-1,1,-1,1,-1,1,0,0,-1,1,1,-1,-1,1,-1,1,-1,1,0,2,0,1,0,1,0,0,-1,1,-1,1,-1,1,1,-1,0,0,-1,1,-1,1,-1,1,-1,1,-1,1,-1,1,-1,1,0,0,-1,1,-1,1,1,-1,-1,1,-1,1,-1,1,-1,1,-1,1,-1,1,-1,1,0,0,-1,1,-1,1,-1,1,-1,1,-1,1,-1,1,-1,1,-1,1,-1,1,0,0,0,0,0,0,-1,1,0,0,0,0,-1,1,0,0,-1,1,-1,1,-1,1,-1,1,-1,1,-1,1,-1,1,-1,1,-1,1,-1,1,-1,1,1,-1,0,0,0,2,-1,1,-1,1,-1,1,-1,0,-1,1,-1,1,0,0,-1,1,-1,1,-1,1,-1,1,-1,1,1,-1,0,0,0,0,0,0,-1,1,-1,1,-1,1,-1,1,-1,1,-1,1,-1,1,0,0,-1,1,-1,1,-1,1,-1,1,-1,1,-1,1,-1,1,-1,1,0,0,0,0,0,0,-1,1,-1,1,1,-1,-1,1,1,-1,-1,1,1,-1,-1,1,-1,1,-1,1,1,-1,0,0,0,0,1,-1,1,-1,-1,1,-1,1,-1,1,-1,1,0,0,1,-1,0,0,-1,1,-1,1,1,-1,-1,1,-1,1,0,0,-1,1,-1,1,0,0,-1,1,-1,1,-1,1,0,0,1,-1,-1,1,-1,1,-1,1,1,-1,-1,1,1,-1,-1,1,-1,1,0,0,-1,1,-1,1
NVDA,2026-02-25 16:31:25,AMC,0.16737060775221274,0.1890359168241966,0.07813194229766726,NQ,tp,252.0,2031.2799999999697,2008.7799999999697,0,0,1,-1,-1,1,0,2,1,-1,-1,1,1,-1,1,-1,-1,1,-1,1,-1,1,0,0,0,2,1,-1,-1,1,-1,1,-1,1,-1,1,0,0,1,-1,0,0,-1,1,-1,1,-1,1,0,0,0,-1,0,0,0,0,0,0,-1,1,-1,1,-1,1,0,0,-1,1,1,-1,-1,1,-1,1,1,-1,1,-1,-1,1,0,2,-1,1,-1,1,-1,1,-1,1,-1,1,0,0,-1,1,-1,1,1,-1,0,0,0,0,-1,1,-1,1,1,-1,1,-1,-1,1,1,-1,0,0,-1,1,-1,1,0,0,0,0,0,0,0,0,0,0,0,0,-1,1,0,0,1,-1,1,-1,-1,1,1,-1,-1,1,-1,1,-1,1,1,-1,-1,1,-1,1,-1,1,1,-1,0,0,0,0,-1,1,-1,1,-1,1,-1,0,-1,1,1,-1,0,0,-1,1,-1,1,-1,1,1,-1,-1,1,1,-1,0,0,0,0,0,0,-1,1,1,-1,1,-1,1,-1,1,-1,1,-1,-1,1,0,0,-1,1,-1,1,1,-1,-1,1,-1,1,0,0,1,-1,-1,1,0,0,0,0,0,0,-1,1,-1,1,1,-1,-1,1,1,-1,-1,1,1,-1,0,0,-1,1,1,-1,1,-1,0,0,0,2,1,-1,-1,1,-1,1,-1,1,1,-1,-1,1,0,0,1,-1,0,0,-1,1,0,0,-1,1,-1,1,-1,1,0,0,-1,1,-1,1,0,0,1,-1,1,-1,-1,1,0,0,-1,1,-1,1,1,-1,0,0,-1,1,-1,1,-1,1,0,0,-1,1,0,0,-1,1,-1,1
AVGO,2026-03-04 16:16:10,AMC,0.02983501238153014,0.005966883794938094,0.020923785112726894,NQ,stopped_pre,-70.0,-502.8600000000006,-525.3600000000006,0,0,1,-1,-1,1,0,2,-1,1,-1,1,1,-1,-1,1,0,0,-1,1,-1,1,0,0,0,0,-1,1,1,-1,1,-1,1,-1,1,-1,0,0,0,0,-1,1,0,0,1,-1,-1,1,0,2,0,-1,0,-1,0,0,0,0,-1,1,1,-1,1,-1,0,0,-1,1,1,-1,1,-1,1,-1,-1,1,-1,1,1,-1,0,2,1,-1,1,-1,1,-1,1,-1,-1,1,1,-1,1,-1,0,0,-1,1,0,0,-1,1,1,-1,1,-1,1,-1,-1,1,1,-1,-1,1,0,0,1,-1,1,-1,0,0,0,0,0,0,0,0,0,0,0,0,1,-1,0,2,-1,1,-1,1,-1,1,1,-1,1,-1,1,-1,1,-1,-1,1,1,-1,1,-1,1,-1,-1,1,0,0,0,2,1,-1,0,0,1,-1,1,0,1,-1,-1,1,0,0,1,-1,-1,1,1,-1,1,-1,-1,1,0,0,0,0,0,0,0,0,1,-1,1,-1,1,-1,1,-1,1,-1,1,-1,1,-1,0,0,1,-1,-1,1,-1,1,-1,1,1,-1,0,0,1,-1,1,-1,0,0,0,0,0,0,1,-1,1,-1,-1,1,1,-1,-1,1,-1,1,-1,1,0,0,1,-1,0,0,-1,1,0,0,0,0,-1,1,-1,1,1,-1,1,-1,1,-1,1,-1,0,0,-1,1,0,0,1,-1,0,0,1,-1,1,-1,1,-1,0,0,-1,1,-1,1,0,0,1,-1,1,-1,-1,1,0,0,1,-1,-1,1,1,-1,0,0,-1,1,-1,1,-1,1,0,0,-1,1,0,0,1,-1,1,-1
MU,2026-03-18 16:02:14,AMC,0.03345532700047648,0.15308812198385985,0.039255040575951944,NQ,stopped_pre,-179.0,-493.4100000000035,-515.9100000000035,0,0,1,-1,1,-1,-1,0,-1,1,-1,1,-1,1,-1,1,-1,1,-1,1,-1,1,0,0,0,0,-1,1,-1,1,1,-1,-1,1,-1,1,0,0,0,0,-1,1,0,0,-1,1,1,-1,0,0,0,1,0,1,0,2,-1,1,-1,1,-1,1,-1,1,0,0,-1,1,-1,1,1,-1,0,0,1,-1,1,-1,1,-1,0,0,-1,1,-1,1,1,-1,-1,1,-1,1,0,0,-1,1,0,0,-1,1,-1,1,-1,1,-1,1,1,-1,-1,1,-1,1,-1,1,-1,1,0,0,-1,1,0,0,0,2,0,0,0,0,-1,1,0,0,0,2,0,0,0,2,-1,1,-1,1,-1,1,0,0,-1,1,-1,1,-1,1,-1,1,-1,1,-1,1,1,-1,1,-1,0,0,0,0,-1,1,1,-1,-1,1,-1,0,1,-1,-1,1,0,0,-1,1,1,-1,-1,1,-1,1,1,-1,-1,1,0,0,0,0,0,0,-1,1,-1,1,-1,1,-1,1,-1,1,-1,1,1,-1,0,0,-1,1,0,0,-1,1,-1,1,1,-1,-1,1,1,-1,-1,1,0,0,0,0,0,0,1,-1,-1,1,-1,1,-1,1,1,-1,-1,1,-1,1,-1,1,-1,1,-1,1,1,-1,0,0,0,2,1,-1,-1,1,1,-1,-1,1,-1,1,-1,1,0,0,1,-1,0,0,1,-1,-1,1,1,-1,1,-1,1,-1,0,0,1,-1,-1,1,0,2,1,-1,-1,1,1,-1,0,0,-1,1,-1,1,-1,1,-1,1,1,-1,-1,1,-1,1,-1,1,-1,1,0,0,0,0,-1,1
NFLX,2026-04-16 16:01:58,AMC,0.04250174729405542,0.0566689963920739,0.026782474908913063,NQ,stopped_pre,-36.0,-529.6899999999732,-552.1899999999732,0,0,-1,1,1,-1,0,2,1,-1,1,-1,1,-1,1,-1,1,-1,1,-1,1,-1,0,0,0,0,1,-1,1,-1,-1,1,1,-1,1,-1,0,0,-1,1,1,-1,1,-1,1,-1,1,-1,0,0,0,-1,0,0,0,0,0,0,1,-1,1,-1,1,-1,0,0,1,-1,1,-1,-1,1,0,0,-1,1,1,-1,-1,1,0,0,1,-1,1,-1,1,-1,1,-1,1,-1,0,0,0,0,1,-1,1,-1,1,-1,1,-1,1,-1,-1,1,1,-1,1,-1,-1,1,1,-1,0,0,1,-1,0,0,0,0,0,0,0,0,1,-1,0,0,0,0,-1,1,0,0,1,-1,1,-1,1,-1,1,-1,1,-1,1,-1,1,-1,-1,1,1,-1,1,-1,-1,1,1,-1,0,0,0,0,1,-1,0,0,1,-1,1,0,-1,1,1,-1,0,0,1,-1,1,-1,1,-1,1,-1,-1,1,-1,1,0,0,0,0,0,0,1,-1,0,0,1,-1,0,0,1,-1,1,-1,-1,1,0,0,-1,1,1,-1,-1,1,-1,1,-1,1,1,-1,-1,1,1,-1,0,0,0,0,0,0,-1,1,1,-1,-1,1,1,-1,-1,1,1,-1,1,-1,1,-1,1,-1,1,-1,1,-1,0,0,0,2,-1,1,1,-1,-1,1,1,-1,1,-1,-1,1,0,0,-1,1,0,0,-1,1,1,-1,-1,1,1,-1,-1,1,0,2,-1,1,1,-1,0,0,-1,1,1,-1,1,-1,0,0,1,-1,1,-1,1,-1,1,-1,-1,1,1,-1,1,-1,1,-1,1,-1,0,0,0,0,1,-1
TSLA,2026-04-22 16:10:44,AMC,0.013824884792626727,0.08571349572814997,0.01575024489994959,NQ,stopped_post,492.0,-542.4500000000262,-564.9500000000262,0,2,1,-1,-1,1,1,0,1,-1,1,-1,1,-1,1,-1,1,-1,1,-1,1,-1,0,0,0,2,1,-1,1,-1,1,-1,1,-1,1,-1,0,1,0,0,1,-1,1,-1,1,-1,-1,1,0,0,0,-1,0,-1,0,0,1,-1,-1,1,1,-1,-1,1,0,0,1,-1,1,-1,1,-1,1,-1,-1,1,-1,1,1,-1,0,0,1,-1,1,-1,1,-1,1,-1,1,-1,1,-1,1,-1,1,-1,1,-1,1,-1,1,-1,1,-1,1,-1,1,-1,1,-1,1,-1,1,-1,1,-1,1,-1,1,-1,0,0,0,0,0,0,1,-1,0,0,0,0,1,-1,0,0,1,-1,1,-1,1,-1,0,0,1,-1,1,-1,1,-1,1,-1,1,-1,1,-1,1,-1,-1,1,0,2,0,0,1,-1,1,-1,1,-1,1,0,1,-1,1,-1,0,2,1,-1,1,-1,1,-1,1,-1,-1,1,0,0,0,2,0,0,0,0,1,-1,1,-1,1,-1,1,-1,1,-1,1,-1,1,-1,0,0,1,-1,1,-1,1,-1,1,-1,1,-1,1,-1,-1,1,1,-1,0,0,0,0,0,0,1,-1,-1,1,-1,1,-1,1,1,-1,1,-1,-1,1,1,-1,1,-1,1,-1,-1,1,0,2,0,0,-1,1,1,-1,1,-1,1,-1,1,-1,1,-1,0,0,-1,1,0,0,1,-1,1,-1,-1,1,1,-1,1,-1,0,0,-1,1,-1,1,0,0,-1,1,1,-1,-1,1,0,0,-1,1,1,-1,1,-1,1,-1,-1,1,-1,1,1,-1,1,-1,1,-1,0,0,1,-1,-1,1
INTC,2026-04-23 16:07:02,AMC,0.02039416356119176,0.06952233520889145,0.024058510297042406,NQ,stopped_post,550.0,-540.0,-562.5,0,2,1,-1,1,-1,0,2,1,-1,1,-1,-1,1,1,-1,0,0,1,-1,1,-1,0,0,0,2,1,-1,0,0,1,-1,1,-1,1,-1,0,1,0,0,0,0,1,-1,1,-1,-1,1,0,0,0,-1,0,-1,0,0,1,-1,1,-1,-1,1,-1,1,0,0,1,-1,0,0,1,-1,1,-1,-1,1,1,-1,1,-1,0,0,1,-1,1,-1,1,-1,1,-1,1,-1,1,-1,1,-1,-1,1,1,-1,1,-1,0,0,1,-1,1,-1,1,-1,1,-1,-1,1,1,-1,1,-1,1,-1,1,-1,0,0,0,0,1,-1,1,-1,0,0,0,0,1,-1,0,0,1,-1,1,-1,1,-1,1,-1,1,-1,1,-1,1,-1,-1,1,1,-1,-1,1,1,-1,-1,1,0,2,0,0,1,-1,1,-1,1,-1,1,0,1,-1,1,-1,0,0,1,-1,-1,1,1,-1,1,-1,-1,1,1,-1,0,0,0,0,0,0,1,-1,0,0,-1,1,0,0,1,-1,1,-1,1,-1,0,0,1,-1,-1,1,1,-1,1,-1,1,-1,0,0,-1,1,1,-1,0,0,0,0,0,0,1,-1,1,-1,1,-1,-1,1,-1,1,1,-1,-1,1,1,-1,1,-1,0,0,-1,1,0,2,0,0,-1,1,-1,1,1,-1,1,-1,1,-1,1,-1,0,0,-1,1,0,0,1,-1,1,-1,-1,1,1,-1,1,-1,0,0,-1,1,1,-1,0,2,1,-1,1,-1,1,-1,0,0,1,-1,1,-1,-1,1,1,-1,-1,1,1,-1,-1,1,1,-1,-1,1,0,0,1,-1,-1,1
GOOGL,2026-04-29 16:01:35,AMC,0.3473491773308958,0.7960881089479939,0.0976602042090591,NQ,stopped_pre,-26.0,-546.050000000032,-568.550000000032,0,0,1,-1,1,-1,0,2,-1,1,1,-1,1,-1,-1,1,-1,1,-1,1,1,-1,0,0,0,0,-1,1,1,-1,1,-1,1,-1,1,-1,0,1,0,0,0,0,1,-1,1,-1,1,-1,0,0,0,-1,0,-1,0,0,1,-1,1,-1,1,-1,-1,1,0,0,1,-1,1,-1,1,-1,0,0,1,-1,1,-1,1,-1,0,0,1,-1,1,-1,1,-1,1,-1,1,-1,0,0,1,-1,1,-1,-1,1,1,-1,0,0,1,-1,1,-1,1,-1,1,-1,1,-1,1,-1,1,-1,1,-1,1,-1,0,0,0,0,0,0,0,0,0,0,0,0,1,-1,0,0,-1,1,0,0,-1,1,1,-1,1,-1,1,-1,1,-1,1,-1,1,-1,1,-1,1,-1,1,-1,0,0,0,2,1,-1,1,-1,1,-1,1,0,1,-1,1,-1,0,0,1,-1,1,-1,1,-1,1,-1,1,-1,0,0,0,0,0,0,0,0,1,-1,0,0,1,-1,0,0,1,-1,1,-1,1,-1,0,0,1,-1,1,-1,1,-1,1,-1,1,-1,1,-1,1,-1,1,-1,0,0,0,0,0,0,1,-1,1,-1,-1,1,1,-1,1,-1,1,-1,-1,1,0,0,1,-1,1,-1,-1,1,0,0,0,2,-1,1,-1,1,-1,1,1,-1,-1,1,1,-1,0,0,-1,1,0,0,0,0,0,0,-1,1,1,-1,1,-1,0,2,1,-1,1,-1,0,2,1,-1,1,-1,1,-1,0,0,-1,1,1,-1,1,-1,0,0,1,-1,-1,1,-1,1,0,0,1,-1,0,0,1,-1,-1,1
MSFT,2026-04-29 16:03:31,AMC,0.03378162462223926,0.9449120820932313,0.08790838800797052,NQ,stopped_pre,-142.0,-546.1349999999948,-568.6349999999948,0,0,1,-1,1,-1,0,2,0,0,1,-1,1,-1,1,-1,0,0,1,-1,1,-1,0,0,0,0,1,-1,1,-1,1,-1,1,-1,1,-1,0,1,0,0,1,-1,1,-1,1,-1,1,-1,0,0,0,-1,0,-1,0,0,1,-1,1,-1,1,-1,1,-1,0,0,1,-1,1,-1,1,-1,0,0,1,-1,1,-1,1,-1,0,0,1,-1,1,-1,1,-1,1,-1,1,-1,1,-1,1,-1,1,-1,1,-1,1,-1,-1,1,1,-1,1,-1,1,-1,1,-1,1,-1,1,-1,1,-1,1,-1,1,-1,0,0,0,0,0,0,1,-1,0,0,0,0,1,-1,0,0,1,-1,1,-1,0,0,-1,1,1,-1,1,-1,1,-1,-1,1,1,-1,1,-1,1,-1,-1,1,0,0,0,2,1,-1,1,-1,1,-1,1,0,1,-1,1,-1,0,0,1,-1,1,-1,1,-1,1,-1,1,-1,0,0,0,0,0,0,0,0,1,-1,0,0,1,-1,0,0,1,-1,1,-1,1,-1,0,0,1,-1,1,-1,1,-1,1,-1,1,-1,1,-1,1,-1,1,-1,0,0,0,0,0,0,1,-1,1,-1,-1,1,-1,1,1,-1,1,-1,-1,1,0,0,1,-1,1,-1,-1,1,0,0,0,0,-1,1,-1,1,-1,1,1,-1,1,-1,1,-1,0,0,-1,1,0,0,1,-1,0,0,-1,1,1,-1,1,-1,0,0,1,-1,1,-1,0,2,1,-1,1,-1,1,-1,0,0,1,-1,1,-1,1,-1,0,0,-1,1,1,-1,-1,1,0,0,1,-1,0,0,1,-1,-1,1
META,2026-04-29 16:05:41,AMC,0.11060329067641682,0.5977625036560398,0.0502289279987636,NQ,stopped_pre,-281.0,-546.8299999999726,-569.3299999999726,0,2,1,-1,1,-1,0,2,0,0,1,-1,1,-1,1,-1,0,0,1,-1,1,-1,0,0,0,2,1,-1,1,-1,1,-1,1,-1,1,-1,0,1,1,-1,0,0,1,-1,1,-1,1,-1,0,0,0,-1,0,-1,0,0,1,-1,1,-1,1,-1,-1,1,0,0,1,-1,1,-1,1,-1,0,0,1,-1,1,-1,1,-1,0,0,1,-1,1,-1,1,-1,1,-1,1,-1,1,-1,1,-1,-1,1,1,-1,1,-1,-1,1,1,-1,1,-1,1,-1,1,-1,1,-1,1,-1,1,-1,1,-1,0,0,0,0,0,0,0,0,1,-1,0,0,0,0,1,-1,0,0,1,-1,1,-1,0,0,1,-1,1,-1,1,-1,1,-1,-1,1,1,-1,1,-1,1,-1,-1,1,0,0,0,0,1,-1,1,-1,1,-1,1,0,1,-1,1,-1,0,0,1,-1,1,-1,1,-1,1,-1,1,-1,-1,1,0,0,0,0,0,0,1,-1,0,0,1,-1,1,-1,1,-1,1,-1,1,-1,0,0,1,-1,1,-1,1,-1,1,-1,1,-1,1,-1,-1,1,1,-1,0,0,0,0,0,0,1,-1,1,-1,1,-1,-1,1,1,-1,1,-1,-1,1,0,0,1,-1,1,-1,-1,1,0,2,0,0,-1,1,-1,1,-1,1,1,-1,1,-1,1,-1,0,0,-1,1,0,0,1,-1,0,0,1,-1,1,-1,1,-1,0,0,1,-1,1,-1,0,2,1,-1,1,-1,1,-1,0,0,-1,1,1,-1,1,-1,0,0,-1,1,1,-1,-1,1,1,-1,1,-1,0,0,1,-1,-1,1
AMZN,2026-04-29 16:18:55,AMC,0.039647414619753636,0.5375699624715309,0.03180324393088095,NQ,stopped_pre,-264.0,-543.1349999999657,-565.6349999999657,0,2,-1,1,-1,1,0,2,1,-1,-1,1,-1,1,-1,1,0,0,-1,1,-1,1,0,0,0,0,-1,1,-1,1,-1,1,-1,1,-1,1,0,-1,1,-1,1,-1,-1,1,-1,1,-1,1,0,2,0,1,0,1,0,0,-1,1,1,-1,-1,1,1,-1,0,0,-1,1,0,0,-1,1,-1,1,-1,1,1,-1,-1,1,0,2,-1,1,-1,1,-1,1,-1,1,-1,1,-1,1,-1,1,-1,1,-1,1,-1,1,0,0,-1,1,-1,1,-1,1,-1,1,-1,1,-1,1,-1,1,-1,1,-1,1,0,0,0,0,0,0,-1,1,0,0,0,0,-1,1,0,2,-1,1,-1,1,-1,1,1,-1,-1,1,-1,1,-1,1,1,-1,-1,1,-1,1,-1,1,1,-1,0,2,0,2,-1,1,-1,1,-1,1,-1,0,-1,1,-1,1,0,2,-1,1,1,-1,-1,1,1,-1,-1,1,1,-1,0,0,0,0,0,0,-1,1,-1,1,-1,1,0,0,-1,1,-1,1,-1,1,0,0,-1,1,1,-1,-1,1,-1,1,-1,1,0,0,-1,1,-1,1,0,0,0,0,0,0,-1,1,-1,1,1,-1,-1,1,-1,1,1,-1,1,-1,0,0,-1,1,0,0,1,-1,0,2,0,0,1,-1,1,-1,1,-1,-1,1,-1,1,-1,1,0,0,1,-1,0,0,-1,1,0,0,1,-1,-1,1,-1,1,0,0,-1,1,1,-1,0,0,-1,1,-1,1,-1,1,0,0,-1,1,-1,1,-1,1,0,0,1,-1,-1,1,1,-1,0,0,-1,1,0,0,-1,1,1,-1
AAPL,2026-04-30 16:30:41,AMC,0.036225649571178874,0.05705643152775387,0.1927976538768466,NQ,stopped_pre,-41.0,-552.1899999999732,-574.6899999999732,0,0,1,-1,1,-1,0,2,1,-1,1,-1,1,-1,1,-1,0,0,-1,1,1,-1,0,0,0,0,1,-1,1,-1,1,-1,1,-1,1,-1,0,1,0,0,0,0,1,-1,1,-1,1,-1,0,2,0,-1,0,-1,0,0,1,-1,1,-1,-1,1,-1,1,0,0,1,-1,1,-1,1,-1,1,-1,1,-1,-1,1,1,-1,0,2,1,-1,1,-1,1,-1,1,-1,1,-1,1,-1,1,-1,1,-1,1,-1,1,-1,0,0,1,-1,1,-1,1,-1,1,-1,1,-1,1,-1,1,-1,1,-1,1,-1,0,0,0,2,1,-1,1,-1,0,0,0,2,1,-1,0,2,1,-1,1,-1,1,-1,-1,1,1,-1,1,-1,1,-1,1,-1,1,-1,1,-1,1,-1,-1,1,0,0,0,0,1,-1,1,-1,1,-1,1,0,1,-1,1,-1,0,0,1,-1,-1,1,1,-1,1,-1,1,-1,-1,1,0,0,0,2,0,0,1,-1,1,-1,1,-1,1,-1,1,-1,1,-1,1,-1,0,0,1,-1,1,-1,1,-1,1,-1,1,-1,1,-1,-1,1,1,-1,0,2,0,0,0,0,1,-1,1,-1,-1,1,-1,1,1,-1,1,-1,-1,1,0,0,1,-1,1,-1,-1,1,0,0,0,0,-1,1,-1,1,1,-1,1,-1,-1,1,1,-1,0,0,-1,1,0,0,1,-1,0,0,1,-1,1,-1,1,-1,0,0,1,-1,1,-1,0,2,1,-1,1,-1,-1,1,0,2,-1,1,1,-1,1,-1,0,0,1,-1,1,-1,-1,1,1,-1,1,-1,0,2,1,-1,-1,1
AMD,2026-05-05 16:16:06,AMC,0.00799921785425425,0.3679607508532423,0.025693464445816147,NQ,stopped_pre,-66.0,-563.0750000000262,-585.5750000000262,0,0,1,-1,1,-1,0,2,0,0,1,-1,1,-1,-1,1,0,0,-1,1,1,-1,0,0,0,0,1,-1,1,-1,1,-1,1,-1,1,-1,0,0,-1,1,0,0,1,-1,1,-1,1,-1,0,2,0,-1,0,-1,0,0,1,-1,1,-1,-1,1,-1,1,0,0,1,-1,1,-1,1,-1,1,-1,-1,1,-1,1,1,-1,0,0,1,-1,1,-1,1,-1,1,-1,1,-1,1,-1,1,-1,1,-1,1,-1,0,0,0,0,1,-1,1,-1,1,-1,-1,1,1,-1,1,-1,0,0,1,-1,1,-1,0,0,0,0,0,0,0,0,0,0,0,0,1,-1,0,0,-1,1,-1,1,1,-1,1,-1,1,-1,1,-1,1,-1,-1,1,1,-1,1,-1,1,-1,-1,1,0,0,0,0,1,-1,1,-1,1,-1,1,0,1,-1,-1,1,0,0,1,-1,-1,1,1,-1,1,-1,-1,1,0,0,0,0,0,0,0,0,1,-1,1,-1,1,-1,1,-1,1,-1,1,-1,1,-1,0,0,1,-1,1,-1,-1,1,1,-1,1,-1,0,0,1,-1,1,-1,0,0,0,0,0,0,1,-1,1,-1,-1,1,-1,1,1,-1,1,-1,-1,1,0,0,1,-1,0,0,-1,1,0,0,0,0,-1,1,-1,1,1,-1,1,-1,1,-1,1,-1,0,0,1,-1,0,0,1,-1,0,0,1,-1,1,-1,1,-1,0,0,-1,1,1,-1,0,2,1,-1,1,-1,-1,1,0,2,1,-1,1,-1,1,-1,0,0,-1,1,1,-1,-1,1,0,0,-1,1,0,0,1,-1,1,-1
NVDA,2026-05-20 16:21:19,AMC,0.14071294559099437,0.037519292590792425,0.084334375514234,NQ,stopped_pre,-295.0,-587.0799999999872,-609.5799999999872,0,0,-1,1,1,-1,0,2,0,0,-1,1,1,-1,-1,1,0,0,1,-1,-1,1,0,0,0,0,-1,1,-1,1,-1,1,-1,1,-1,1,0,0,0,0,1,-1,0,0,-1,1,-1,1,0,2,0,1,0,1,0,0,0,0,1,-1,-1,1,-1,1,0,0,-1,1,1,-1,-1,1,-1,1,1,-1,-1,1,-1,1,0,2,-1,1,-1,1,-1,1,-1,1,-1,1,0,0,-1,1,1,-1,-1,1,0,0,0,0,-1,1,-1,1,-1,1,1,-1,1,-1,1,-1,0,0,-1,1,-1,1,0,0,0,0,0,0,0,0,0,0,0,0,-1,1,0,2,-1,1,0,0,-1,1,-1,1,-1,1,-1,1,-1,1,-1,1,-1,1,-1,1,-1,1,1,-1,0,0,0,0,-1,1,0,0,-1,1,-1,0,-1,1,-1,1,0,0,-1,1,-1,1,-1,1,-1,1,1,-1,1,-1,0,0,0,0,0,0,-1,1,1,-1,1,-1,1,-1,1,-1,1,-1,-1,1,0,0,-1,1,-1,1,1,-1,1,-1,-1,1,0,0,-1,1,-1,1,0,0,0,0,0,0,-1,1,-1,1,-1,1,-1,1,-1,1,1,-1,1,-1,0,0,-1,1,0,0,1,-1,0,0,0,0,-1,1,-1,1,-1,1,-1,1,1,-1,-1,1,0,0,1,-1,0,0,-1,1,0,0,-1,1,-1,1,-1,1,0,0,1,-1,1,-1,0,2,-1,1,1,-1,-1,1,0,0,-1,1,-1,1,1,-1,0,0,1,-1,-1,1,-1,1,-1,1,1,-1,0,0,-1,1,-1,1
AVGO,2026-06-03 16:21:35,AMC,0.0016344008695012627,0.13809671673013124,0.02093090428165658,NQ,timed,900.0,35.0,12.5,0,2,1,-1,-1,1,-1,0,-1,1,-1,1,-1,1,-1,1,-1,1,-1,1,-1,1,0,0,0,0,-1,1,-1,1,-1,1,-1,1,-1,1,0,-1,1,-1,1,-1,-1,1,-1,1,-1,1,0,0,0,1,0,1,0,0,-1,1,-1,1,1,-1,1,-1,0,0,-1,1,-1,1,-1,1,-1,1,-1,1,-1,1,1,-1,0,0,-1,1,-1,1,-1,1,-1,1,-1,1,-1,1,-1,1,-1,1,-1,1,-1,1,-1,1,-1,1,-1,1,-1,1,-1,1,-1,1,-1,1,-1,1,-1,1,0,0,0,0,0,0,0,0,-1,1,0,0,0,0,0,0,0,0,-1,1,-1,1,-1,1,1,-1,-1,1,-1,1,-1,1,-1,1,-1,1,1,-1,-1,1,-1,1,0,2,0,0,-1,1,-1,1,-1,1,-1,0,-1,1,-1,1,0,0,-1,1,-1,1,-1,1,-1,1,-1,1,1,-1,0,2,0,0,0,0,-1,1,-1,1,-1,1,0,0,-1,1,-1,1,-1,1,0,0,-1,1,-1,1,-1,1,-1,1,-1,1,-1,1,1,-1,-1,1,0,0,0,0,0,0,-1,1,1,-1,1,-1,1,-1,-1,1,-1,1,1,-1,-1,1,-1,1,0,0,1,-1,0,2,0,0,1,-1,1,-1,1,-1,-1,1,-1,1,-1,1,0,0,1,-1,0,0,-1,1,-1,1,1,-1,-1,1,-1,1,0,0,-1,1,-1,1,0,0,-1,1,-1,1,1,-1,0,0,1,-1,-1,1,-1,1,-1,1,1,-1,-1,1,1,-1,-1,1,-1,1,0,0,-1,1,1,-1
MU,2026-06-24 16:02:01,AMC,0.011803090723613768,0.7030914103136934,0.03372226343832198,NQ,tp,-61.0,2356.2799999999697,2333.7799999999697,0,0,1,-1,1,-1,1,0,1,-1,-1,1,-1,1,1,-1,0,0,1,-1,-1,1,0,0,0,0,1,-1,1,-1,1,-1,1,-1,-1,1,0,0,1,-1,0,0,0,0,1,-1,1,-1,0,2,0,-1,0,-1,0,0,0,0,1,-1,1,-1,1,-1,0,0,1,-1,-1,1,1,-1,0,0,1,-1,-1,1,1,-1,0,0,1,-1,1,-1,1,-1,1,-1,1,-1,1,-1,0,0,0,0,1,-1,1,-1,1,-1,1,-1,1,-1,1,-1,1,-1,1,-1,1,-1,0,0,1,-1,0,0,0,0,0,0,1,-1,1,-1,0,0,0,0,0,0,0,0,1,-1,1,-1,1,-1,0,0,-1,1,1,-1,1,-1,1,-1,1,-1,-1,1,1,-1,-1,1,0,0,0,0,1,-1,-1,1,1,-1,1,0,1,-1,1,-1,0,0,1,-1,1,-1,1,-1,-1,1,1,-1,-1,1,0,0,0,0,0,0,1,-1,-1,1,-1,1,-1,1,-1,1,-1,1,1,-1,0,0,1,-1,1,-1,1,-1,1,-1,1,-1,0,0,-1,1,1,-1,0,0,0,0,0,0,1,-1,1,-1,1,-1,-1,1,1,-1,1,-1,-1,1,1,-1,1,-1,0,0,-1,1,0,0,0,0,-1,1,1,-1,-1,1,1,-1,1,-1,1,-1,0,0,-1,1,0,0,0,0,1,-1,-1,1,1,-1,1,-1,0,0,1,-1,1,-1,0,2,1,-1,1,-1,1,-1,0,0,1,-1,1,-1,-1,1,1,-1,-1,1,1,-1,1,-1,1,-1,1,-1,0,0,0,0,1,-1
NFLX,2026-07-16 16:03:19,AMC,0.005991560459124719,0.07189503325145288,0.027487630566245192,NQ,stopped_post,657.0,-584.0149999999994,-606.5149999999994,0,2,1,-1,1,-1,1,0,0,0,1,-1,-1,1,1,-1,0,0,1,-1,-1,1,0,0,0,0,1,-1,1,-1,1,-1,1,-1,1,-1,0,0,0,0,0,0,1,-1,1,-1,1,-1,0,0,0,-1,0,-1,0,0,0,0,1,-1,1,-1,1,-1,0,0,1,-1,-1,1,1,-1,1,-1,1,-1,1,-1,1,-1,0,2,1,-1,1,-1,1,-1,1,-1,1,-1,1,-1,0,0,0,0,1,-1,0,0,0,0,1,-1,1,-1,1,-1,1,-1,1,-1,1,-1,0,0,1,-1,1,-1,0,0,0,0,0,0,0,0,0,0,0,0,1,-1,0,0,1,-1,1,-1,1,-1,1,-1,1,-1,1,-1,1,-1,-1,1,1,-1,1,-1,1,-1,-1,1,0,2,0,2,1,-1,1,-1,1,-1,1,0,1,-1,1,-1,0,0,1,-1,1,-1,1,-1,-1,1,1,-1,0,0,0,0,0,0,0,0,1,-1,-1,1,-1,1,-1,1,-1,1,-1,1,1,-1,0,0,1,-1,1,-1,-1,1,1,-1,1,-1,0,0,-1,1,1,-1,0,0,0,0,0,0,1,-1,1,-1,-1,1,1,-1,1,-1,1,-1,-1,1,0,0,1,-1,0,0,-1,1,0,2,0,0,-1,1,-1,1,1,-1,1,-1,1,-1,1,-1,0,0,-1,1,0,0,1,-1,0,0,1,-1,1,-1,1,-1,0,0,1,-1,1,-1,0,2,-1,1,1,-1,1,-1,0,0,-1,1,1,-1,-1,1,0,0,-1,1,1,-1,-1,1,1,-1,1,-1,0,0,1,-1,1,-1
GOOGL,2026-07-22 16:01:36,AMC,0.01797652779085594,0.1010170187994384,0.10229888323719132,NQ,stopped_post,21.0,-583.640000000014,-606.140000000014,0,0,-1,1,-1,1,0,2,-1,1,-1,1,-1,1,-1,1,-1,1,-1,1,-1,1,0,0,0,0,-1,1,1,-1,-1,1,-1,1,-1,1,0,-1,1,-1,1,-1,-1,1,-1,1,-1,1,0,0,0,1,0,1,0,0,-1,1,-1,1,-1,1,1,-1,0,0,-1,1,-1,1,-1,1,-1,1,-1,1,1,-1,-1,1,0,2,-1,1,-1,1,1,-1,-1,1,-1,1,-1,1,-1,1,-1,1,-1,1,-1,1,0,0,-1,1,-1,1,-1,1,-1,1,-1,1,-1,1,-1,1,-1,1,-1,1,0,0,0,0,0,0,-1,1,0,0,0,0,0,0,0,2,-1,1,-1,1,-1,1,1,-1,-1,1,-1,1,-1,1,1,-1,-1,1,-1,1,1,-1,-1,1,0,2,0,2,-1,1,0,0,-1,1,-1,0,-1,1,-1,1,0,0,-1,1,-1,1,-1,1,-1,1,-1,1,1,-1,0,0,0,0,0,0,-1,1,0,0,-1,1,0,0,-1,1,-1,1,-1,1,0,0,-1,1,0,0,-1,1,-1,1,1,-1,-1,1,1,-1,-1,1,0,0,0,0,0,0,-1,1,-1,1,1,-1,-1,1,-1,1,-1,1,1,-1,-1,1,1,-1,-1,1,1,-1,0,2,0,0,1,-1,1,-1,-1,1,-1,1,-1,1,-1,1,0,0,1,-1,0,0,-1,1,-1,1,1,-1,1,-1,-1,1,0,2,-1,1,-1,1,0,0,1,-1,-1,1,1,-1,0,0,1,-1,-1,1,-1,1,-1,1,1,-1,-1,1,1,-1,-1,1,-1,1,0,0,0,0,1,-1
TSLA,2026-07-22 16:35:52,AMC,0.0017115814156489887,0.04791894852135816,0.013824884792626727,NQ,stopped_post,552.0,-585.0,-607.5,0,0,-1,1,-1,1,0,2,1,-1,1,-1,1,-1,1,-1,0,0,1,-1,1,-1,0,0,0,2,1,-1,-1,1,-1,1,1,-1,-1,1,0,0,1,-1,0,0,0,0,-1,1,-1,1,0,2,0,-1,0,-1,0,0,0,0,1,-1,-1,1,1,-1,0,0,1,-1,1,-1,-1,1,0,0,-1,1,-1,1,-1,1,0,2,1,-1,-1,1,-1,1,1,-1,1,-1,-1,1,0,0,1,-1,1,-1,1,-1,0,0,-1,1,-1,1,1,-1,1,-1,-1,1,1,-1,0,0,-1,1,-1,1,0,0,0,2,0,0,1,-1,0,0,0,0,-1,1,0,2,1,-1,1,-1,1,-1,1,-1,1,-1,1,-1,-1,1,-1,1,1,-1,-1,1,-1,1,1,-1,0,0,0,2,-1,1,0,0,1,-1,-1,0,-1,1,1,-1,0,0,-1,1,-1,1,-1,1,-1,1,-1,1,0,0,0,0,0,2,0,0,-1,1,0,0,-1,1,0,0,1,-1,1,-1,-1,1,0,0,-1,1,-1,1,-1,1,1,-1,-1,1,0,0,1,-1,-1,1,0,2,0,0,0,0,-1,1,1,-1,1,-1,-1,1,-1,1,-1,1,1,-1,0,0,-1,1,0,0,-1,1,0,0,0,0,1,-1,-1,1,-1,1,-1,1,1,-1,-1,1,0,0,1,-1,0,0,0,0,0,0,1,-1,1,-1,-1,1,0,0,-1,1,-1,1,0,0,-1,1,1,-1,-1,1,0,2,1,-1,-1,1,1,-1,0,0,-1,1,-1,1,-1,1,0,0,1,-1,0,2,0,0,-1,1
INTC,2026-07-23 16:09:00,AMC,0.0,0.19328382249231651,0.02378911873410361,NQ,timed,900.0,875.0,852.5,0,2,1,-1,1,-1,1,0,1,-1,1,-1,1,-1,1,-1,0,0,1,-1,1,-1,0,0,0,2,1,-1,1,-1,1,-1,1,-1,1,-1,0,1,1,-1,0,0,1,-1,1,-1,1,-1,0,0,0,-1,0,-1,0,0,1,-1,1,-1,-1,1,-1,1,0,0,1,-1,-1,1,1,-1,1,-1,1,-1,-1,1,1,-1,0,2,1,-1,1,-1,1,-1,1,-1,1,-1,1,-1,1,-1,1,-1,1,-1,1,-1,1,-1,1,-1,1,-1,1,-1,1,-1,1,-1,1,-1,1,-1,1,-1,1,-1,0,0,0,0,1,-1,1,-1,0,0,0,0,1,-1,0,0,1,-1,1,-1,1,-1,1,-1,1,-1,1,-1,1,-1,-1,1,1,-1,1,-1,1,-1,-1,1,0,2,0,0,1,-1,1,-1,1,-1,1,0,1,-1,1,-1,0,0,1,-1,1,-1,1,-1,1,-1,1,-1,-1,1,0,2,0,0,0,0,-1,1,-1,1,-1,1,-1,1,-1,1,-1,1,1,-1,0,0,1,-1,-1,1,1,-1,1,-1,1,-1,1,-1,-1,1,1,-1,0,0,0,0,0,0,1,-1,-1,1,-1,1,-1,1,1,-1,-1,1,-1,1,1,-1,1,-1,0,0,-1,1,0,2,0,0,-1,1,-1,1,1,-1,1,-1,1,-1,1,-1,0,0,-1,1,0,0,1,-1,1,-1,-1,1,1,-1,1,-1,0,0,1,-1,1,-1,0,2,-1,1,1,-1,1,-1,0,0,1,-1,1,-1,1,-1,1,-1,1,-1,1,-1,-1,1,1,-1,1,-1,0,0,1,-1,-1,1
META,2026-07-29 16:03:23,AMC,0.07605329228288159,0.003665420423722601,0.0508015947468773,NQ,stopped_pre,-176.0,-546.6449999999895,-569.1449999999895,0,2,-1,1,-1,1,-1,0,-1,1,-1,1,-1,1,-1,1,-1,1,-1,1,-1,1,0,0,0,0,-1,1,-1,1,-1,1,-1,1,-1,1,0,-1,0,0,0,0,-1,1,-1,1,-1,1,0,0,0,1,0,1,0,0,-1,1,-1,1,1,-1,1,-1,0,0,-1,1,-1,1,-1,1,-1,1,-1,1,1,-1,-1,1,0,0,-1,1,-1,1,1,-1,-1,1,-1,1,-1,1,-1,1,0,0,-1,1,-1,1,-1,1,-1,1,-1,1,-1,1,-1,1,-1,1,-1,1,-1,1,-1,1,-1,1,0,0,0,0,0,0,-1,1,0,0,0,0,0,0,0,0,-1,1,-1,1,-1,1,0,0,-1,1,-1,1,-1,1,1,-1,-1,1,-1,1,1,-1,1,-1,0,0,0,0,-1,1,0,0,-1,1,-1,0,-1,1,-1,1,0,0,-1,1,1,-1,-1,1,-1,1,-1,1,0,0,0,0,0,0,0,0,-1,1,-1,1,-1,1,-1,1,-1,1,-1,1,-1,1,0,0,-1,1,-1,1,-1,1,-1,1,1,-1,-1,1,1,-1,-1,1,0,0,0,0,0,0,-1,1,1,-1,1,-1,1,-1,-1,1,1,-1,1,-1,-1,1,-1,1,-1,1,1,-1,0,2,0,2,-1,1,1,-1,-1,1,-1,1,-1,1,-1,1,0,0,1,-1,0,0,0,0,-1,1,1,-1,1,-1,1,-1,0,0,-1,1,-1,1,0,0,-1,1,-1,1,1,-1,0,0,1,-1,-1,1,-1,1,-1,1,1,-1,1,-1,1,-1,-1,1,-1,1,0,0,-1,1,1,-1
MSFT,2026-07-29 16:04:53,AMC,0.02201047331688662,0.07152616665596831,0.08726003490401396,NQ,stopped_pre,-267.0,-546.8000000000029,-569.3000000000029,0,2,-1,1,-1,1,-1,0,-1,1,-1,1,-1,1,-1,1,-1,1,-1,1,-1,1,0,0,0,0,-1,1,-1,1,-1,1,-1,1,-1,1,0,0,0,0,0,0,-1,1,-1,1,-1,1,0,2,0,1,0,1,0,0,-1,1,-1,1,-1,1,1,-1,0,0,-1,1,-1,1,-1,1,-1,1,-1,1,1,-1,-1,1,0,0,-1,1,-1,1,1,-1,-1,1,-1,1,-1,1,-1,1,-1,1,-1,1,-1,1,-1,1,-1,1,-1,1,-1,1,-1,1,-1,1,-1,1,-1,1,-1,1,-1,1,0,0,0,0,-1,1,-1,1,0,0,0,0,0,0,0,0,-1,1,-1,1,-1,1,0,0,-1,1,-1,1,-1,1,1,-1,-1,1,-1,1,1,-1,1,-1,0,0,0,0,-1,1,0,0,-1,1,-1,0,-1,1,-1,1,0,0,-1,1,1,-1,-1,1,-1,1,-1,1,0,0,0,0,0,0,0,0,-1,1,-1,1,-1,1,-1,1,-1,1,-1,1,-1,1,0,0,-1,1,-1,1,-1,1,-1,1,1,-1,-1,1,1,-1,-1,1,0,0,0,0,0,0,-1,1,1,-1,-1,1,1,-1,-1,1,1,-1,1,-1,-1,1,-1,1,-1,1,1,-1,0,2,0,2,-1,1,1,-1,-1,1,-1,1,-1,1,-1,1,0,0,1,-1,0,0,0,0,-1,1,1,-1,1,-1,-1,1,0,0,-1,1,-1,1,0,0,-1,1,-1,1,1,-1,0,0,1,-1,-1,1,-1,1,-1,1,1,-1,1,-1,1,-1,-1,1,-1,1,0,0,-1,1,-1,1
AMZN,2026-07-30 16:06:23,AMC,0.03973053865781412,0.09093718271310644,0.03210826918413048,NQ,stopped_pre,-134.0,-566.5899999999965,-589.0899999999965,0,0,1,-1,-1,1,0,2,-1,1,-1,1,1,-1,-1,1,0,0,1,-1,-1,1,0,0,0,0,-1,1,-1,1,1,-1,-1,1,-1,1,0,0,1,-1,0,0,0,0,1,-1,-1,1,0,0,0,1,0,0,0,2,0,0,-1,1,-1,1,-1,1,0,0,-1,1,1,-1,1,-1,-1,1,-1,1,-1,1,1,-1,0,0,-1,1,-1,1,-1,1,-1,1,-1,1,0,0,-1,1,-1,1,-1,1,-1,1,-1,1,-1,1,1,-1,-1,1,-1,1,-1,1,-1,1,0,0,-1,1,0,0,0,0,0,0,0,0,-1,1,0,0,0,0,0,0,0,0,-1,1,-1,1,0,0,1,-1,-1,1,-1,1,-1,1,-1,1,-1,1,-1,1,1,-1,1,-1,0,0,0,2,1,-1,0,0,-1,1,-1,0,1,-1,-1,1,0,0,-1,1,-1,1,-1,1,-1,1,-1,1,1,-1,0,0,0,0,0,0,-1,1,1,-1,1,-1,1,-1,1,-1,1,-1,1,-1,0,0,-1,1,0,0,1,-1,-1,1,1,-1,0,0,-1,1,1,-1,0,0,0,0,0,0,1,-1,-1,1,-1,1,-1,1,-1,1,-1,1,-1,1,-1,1,-1,1,0,0,-1,1,0,0,0,2,-1,1,-1,1,-1,1,-1,1,-1,1,-1,1,0,0,1,-1,0,0,-1,1,-1,1,1,-1,1,-1,1,-1,0,2,-1,1,-1,1,0,0,-1,1,-1,1,1,-1,0,0,1,-1,-1,1,1,-1,-1,1,1,-1,-1,1,-1,1,-1,1,-1,1,0,0,-1,1,-1,1
AAPL,2026-07-30 16:30:28,AMC,0.17450161281793664,0.05111708456352179,0.19012019463152127,NQ,stopped_pre,-15.0,-567.1199999999953,-589.6199999999953,0,0,-1,1,1,-1,1,0,1,-1,1,-1,1,-1,1,-1,1,-1,1,-1,1,-1,0,0,0,0,1,-1,1,-1,1,-1,1,-1,1,-1,0,0,0,0,0,0,1,-1,1,-1,1,-1,0,2,0,-1,0,-1,0,0,0,0,-1,1,1,-1,1,-1,0,0,1,-1,1,-1,1,-1,1,-1,1,-1,1,-1,1,-1,0,2,1,-1,1,-1,1,-1,1,-1,1,-1,1,-1,0,0,0,0,1,-1,1,-1,1,-1,1,-1,1,-1,1,-1,1,-1,1,-1,1,-1,0,0,1,-1,0,0,0,0,0,2,0,0,1,-1,0,0,0,2,-1,1,0,0,1,-1,1,-1,1,-1,0,0,1,-1,1,-1,1,-1,1,-1,1,-1,1,-1,-1,1,-1,1,0,0,0,0,1,-1,0,0,1,-1,1,0,1,-1,1,-1,0,0,1,-1,1,-1,1,-1,1,-1,1,-1,1,-1,0,0,0,2,0,0,1,-1,1,-1,1,-1,1,-1,1,-1,1,-1,1,-1,0,0,1,-1,-1,1,1,-1,1,-1,1,-1,1,-1,-1,1,1,-1,0,2,0,0,0,0,1,-1,1,-1,1,-1,1,-1,1,-1,1,-1,-1,1,1,-1,1,-1,1,-1,-1,1,0,0,0,0,-1,1,-1,1,1,-1,1,-1,1,-1,1,-1,0,0,-1,1,0,0,0,0,1,-1,-1,1,1,-1,1,-1,0,0,1,-1,1,-1,0,2,1,-1,1,-1,-1,1,0,2,1,-1,1,-1,1,-1,1,-1,1,-1,1,-1,-1,1,1,-1,1,-1,0,2,0,0,1,-1
AMD,2026-08-04 16:16:24,AMC,0.17937520431171053,0.09387625098486246,0.024832381425378695,NQ,stopped_pre,-79.0,-598.0649999999878,-620.5649999999878,0,0,1,-1,1,-1,1,0,0,0,-1,1,1,-1,1,-1,0,0,-1,1,-1,1,0,0,0,2,1,-1,1,-1,1,-1,1,-1,-1,1,0,0,0,0,0,0,0,0,1,-1,1,-1,0,2,0,-1,0,-1,0,0,0,0,-1,1,1,-1,-1,1,0,0,1,-1,1,-1,1,-1,0,0,1,-1,-1,1,1,-1,0,2,1,-1,1,-1,1,-1,1,-1,1,-1,1,-1,0,0,1,-1,1,-1,0,0,1,-1,1,-1,1,-1,1,-1,1,-1,-1,1,1,-1,0,0,1,-1,-1,1,0,0,0,0,0,0,0,0,0,0,0,0,0,0,0,0,-1,1,-1,1,1,-1,0,0,-1,1,1,-1,1,-1,1,-1,1,-1,1,-1,1,-1,-1,1,0,0,0,0,1,-1,1,-1,1,-1,1,0,1,-1,1,-1,0,2,1,-1,1,-1,1,-1,1,-1,1,-1,0,0,0,0,0,0,0,0,1,-1,1,-1,1,-1,1,-1,1,-1,1,-1,1,-1,0,0,1,-1,0,0,1,-1,1,-1,1,-1,1,-1,1,-1,1,-1,0,0,0,0,0,0,1,-1,1,-1,-1,1,1,-1,1,-1,-1,1,-1,1,0,0,1,-1,1,-1,1,-1,0,0,0,0,1,-1,1,-1,1,-1,1,-1,1,-1,1,-1,0,0,1,-1,0,0,1,-1,0,0,1,-1,1,-1,1,-1,0,0,1,-1,-1,1,0,2,1,-1,1,-1,-1,1,0,0,-1,1,1,-1,1,-1,0,0,1,-1,1,-1,1,-1,0,0,-1,1,0,0,0,0,1,-1
