median_pnl,worst_dd,win,full_pnl,full_dd,dd_pct_of_pnl,sl_soft,sl_hard,tp,gate_pct,dd_limit,cooldown,flip,k,cap_1min,cap_mode,n_indicators,indicators,ema_trend_fast,ema_trend_slow,sma_trend_fast,sma_trend_slow,macd_fast,macd_slow,macd_signal,keltner_n,keltner_m,obv_slope,cci_n,cci_threshold,rsi_n,rsi_lower,rsi_upper,stochastic_n,stochastic_d,stochastic_lower,stochastic_upper,mfi_n,mfi_lower,mfi_upper,bollinger_n,bollinger_k,adx_n,adx_threshold,structure_trend_swing_l,order_block_swing_l,fvg_lookback,breaker_swing_l,wma_fast,wma_slow,rma_fast,rma_slow,dema_fast,dema_slow,tema_fast,tema_slow,tma_fast,tma_slow,hma_fast,hma_slow,zlema_fast,zlema_slow,sine_wma_fast,sine_wma_slow,lsma_fast,lsma_slow,vwma_fast,vwma_slow,kama_n,kama_fast,kama_slow,vidya_n,alma_n,alma_offset,alma_sigma,t3_n,t3_v,mcginley_n,evwma_n,ma_envelope_n,ma_envelope_pct,ma_displaced_n,ma_displaced_d,ppo_fast,ppo_slow,ppo_signal,apo_fast,apo_slow,di_cross_n,aroon_n,aroon_osc_n,psar_step,psar_max,vortex_n,supertrend_n,supertrend_m,trix_n,trix_signal,kst_signal,dpo_n,trend_intensity_n,trend_intensity_lower,trend_intensity_upper,linreg_slope_n,linreg_channel_n,linreg_channel_k,chandelier_n,chandelier_m,chande_kroll_n,chande_kroll_m,chande_kroll_p,qqe_n,qqe_sf,qqe_f,elder_ray_n,elder_impulse_n,asi_limit,expma_fast,expma_slow,dma_fast,dma_slow,dma_m,rsi_cutler_n,rsi_cutler_lower,rsi_cutler_upper,rsi_connors_lower,rsi_connors_upper,stoch_rsi_n,stoch_rsi_k,stoch_rsi_d,stoch_rsi_lower,stoch_rsi_upper,kdj_n,kdj_lower,kdj_upper,williams_r_n,williams_r_lower,williams_r_upper,cmo_n,cmo_lower,cmo_upper,ultimate_osc_lower,ultimate_osc_upper,smi_n,smi_smooth,smi_lower,smi_upper,rmi_n,rmi_m,rmi_lower,rmi_upper,cmo_chande_dmi_n,cmo_chande_dmi_lower,cmo_chande_dmi_upper,wavetrend_n1,wavetrend_n2,wavetrend_lower,wavetrend_upper,pgo_n,pgo_lower,pgo_upper,psy_n,psy_lower,psy_upper,momentum_n,roc_n,disparity_n,bias_n,balance_of_power_n,tsi_r,tsi_s,tsi_signal,rvgi_n,fisher_n,derivative_osc_rsi_n,derivative_osc_s1,derivative_osc_s2,derivative_osc_signal,ergodic_osc_r,ergodic_osc_s,ergodic_osc_signal,atr_norm_n,atr_norm_m,atr_norm_threshold,stddev_n,stddev_m,stddev_threshold,hist_vol_n,hist_vol_m,hist_vol_threshold,parkinson_n,parkinson_m,parkinson_threshold,garman_klass_n,garman_klass_m,garman_klass_threshold,rogers_satchell_n,rogers_satchell_m,rogers_satchell_threshold,yang_zhang_n,yang_zhang_m,yang_zhang_threshold,ulcer_n,ulcer_m,ulcer_threshold,vol_ratio_n_fast,vol_ratio_n_slow,vol_ratio_m,vol_ratio_threshold,starc_n,starc_m,accel_bands_n,accel_bands_f,proj_bands_n,chaikin_vol_n,chaikin_vol_roc_n,chaikin_vol_threshold,mass_index_n,mass_index_threshold,choppiness_n,choppiness_threshold,ttm_squeeze_n,donchian_n,rvi_dorsey_n,rvi_dorsey_lower,rvi_dorsey_upper,ad_line_n,cmf_n,chaikin_osc_fast,chaikin_osc_slow,pvt_n,tvi_min_tick,tvi_n,nvi_n,pvi_n,eom_n,force_index_n,klinger_fast,klinger_slow,klinger_signal,vol_osc_fast,vol_osc_slow,demand_index_n,twiggs_mf_n,wvad_n,vzo_n,vzo_lower,vzo_upper,volume_ratio_asia_n,volume_ratio_asia_lower,volume_ratio_asia_upper,ichimoku_tk_cross_t,ichimoku_tk_cross_k,ichimoku_cloud_t,ichimoku_cloud_k,ichimoku_cloud_b,ichimoku_chikou_lag,zscore_n,zscore_lower,zscore_upper,demarker_n,demarker_lower,demarker_upper,td_rei_lower,td_rei_upper,hurst_exp_n,hurst_exp_threshold,dfa_n,dfa_threshold,autocorr_n,autocorr_threshold,linreg_r2_n,linreg_r2_threshold,efficiency_ratio_n,efficiency_ratio_threshold,super_smoother_n,roofing_hp_period,roofing_lp_period,bandpass_period,bandpass_bandwidth,frama_n,mama_fama_fast,mama_fama_slow,laguerre_rsi_gamma,laguerre_rsi_lower,laguerre_rsi_upper,schaff_trend_cycle_fast,schaff_trend_cycle_slow,schaff_trend_cycle_cycle,schaff_trend_cycle_lower,schaff_trend_cycle_upper,cyber_cycle_alpha,center_of_gravity_n,hilbert_cycle_threshold,jma_length,jma_phase,jma_power,garch_ewma_lam,garch_ewma_m,garch_ewma_threshold,emd_period,emd_bandwidth,kalman_q,kalman_r,ou_halflife_n,rolling_corr_n,rolling_corr_threshold,rolling_beta_n,rolling_beta_lag,cointegration_n,cointegration_lower,cointegration_upper,pca_factor_n
7803.4,4085.0,45.4,24683.0,4596.2,18.6,2.249145646635694,6.023327446694804,5.205092418266835,81.64526703274775,0.0,0,True,1,0,eod,7,bollinger;breaker;cisd;ema_trend;fvg;obv;order_block,21,352,,,,,,,,51,,,,,,,,,,,,,197,1.8,,,,7,3,12,,,,,,,,,,,,,,,,,,,,,,,,,,,,,,,,,,,,,,,,,,,,,,,,,,,,,,,,,,,,,,,,,,,,,,,,,,,,,,,,,,,,,,,,,,,,,,,,,,,,,,,,,,,,,,,,,,,,,,,,,,,,,,,,,,,,,,,,,,,,,,,,,,,,,,,,,,,,,,,,,,,,,,,,,,,,,,,,,,,,,,,,,,,,,,,,,,,,,,,,,,,,,,,,,,,,,,,,,,,,,,,,,,,,,,,,,,,,,,,,,,,,,,,,,,,,,,,,,,,,,,,,,
7803.4,4085.0,45.4,24683.0,4596.2,18.6,2.249145646635694,6.023327446694804,5.205092418266835,81.64526703274775,0.0,0,True,1,0,eod,7,bollinger;breaker;cisd;ema_trend;fvg;obv;order_block,21,352,,,,,,,,51,,,,,,,,,,,,,197,1.8,,,,7,3,12,,,,,,,,,,,,,,,,,,,,,,,,,,,,,,,,,,,,,,,,,,,,,,,,,,,,,,,,,,,,,,,,,,,,,,,,,,,,,,,,,,,,,,,,,,,,,,,,,,,,,,,,,,,,,,,,,,,,,,,,,,,,,,,,,,,,,,,,,,,,,,,,,,,,,,,,,,,,,,,,,,,,,,,,,,,,,,,,,,,,,,,,,,,,,,,,,,,,,,,,,,,,,,,,,,,,,,,,,,,,,,,,,,,,,,,,,,,,,,,,,,,,,,,,,,,,,,,,,,,,,,,,,
7790.8,3893.6,51.9,27706.7,4794.7,17.3,3.063302627900696,5.4946801876899265,5.205092418266835,81.64526703274775,0.0,0,True,1,0,eod,6,bollinger;breaker;cisd;ema_trend;fvg;order_block,198,352,,,,,,,,,,,,,,,,,,,,,197,1.9,,,,7,3,7,,,,,,,,,,,,,,,,,,,,,,,,,,,,,,,,,,,,,,,,,,,,,,,,,,,,,,,,,,,,,,,,,,,,,,,,,,,,,,,,,,,,,,,,,,,,,,,,,,,,,,,,,,,,,,,,,,,,,,,,,,,,,,,,,,,,,,,,,,,,,,,,,,,,,,,,,,,,,,,,,,,,,,,,,,,,,,,,,,,,,,,,,,,,,,,,,,,,,,,,,,,,,,,,,,,,,,,,,,,,,,,,,,,,,,,,,,,,,,,,,,,,,,,,,,,,,,,,,,,,,,,,,
7790.8,3893.6,51.9,27706.7,4794.7,17.3,3.063302627900696,5.4946801876899265,5.205092418266835,81.64526703274775,0.0,0,True,1,0,eod,6,bollinger;breaker;cisd;ema_trend;fvg;order_block,198,352,,,,,,,,,,,,,,,,,,,,,197,1.9,,,,7,3,7,,,,,,,,,,,,,,,,,,,,,,,,,,,,,,,,,,,,,,,,,,,,,,,,,,,,,,,,,,,,,,,,,,,,,,,,,,,,,,,,,,,,,,,,,,,,,,,,,,,,,,,,,,,,,,,,,,,,,,,,,,,,,,,,,,,,,,,,,,,,,,,,,,,,,,,,,,,,,,,,,,,,,,,,,,,,,,,,,,,,,,,,,,,,,,,,,,,,,,,,,,,,,,,,,,,,,,,,,,,,,,,,,,,,,,,,,,,,,,,,,,,,,,,,,,,,,,,,,,,,,,,,,
7786.9,4093.6,51.9,25862.4,5891.6,22.8,3.063302627900696,5.4946801876899265,5.205092418266835,81.64526703274775,0.0,0,True,1,0,eod,7,bollinger;breaker;cisd;ema_trend;fvg;order_block;vwap,21,352,,,,,,,,,,,,,,,,,,,,,197,1.9,,,,7,3,7,,,,,,,,,,,,,,,,,,,,,,,,,,,,,,,,,,,,,,,,,,,,,,,,,,,,,,,,,,,,,,,,,,,,,,,,,,,,,,,,,,,,,,,,,,,,,,,,,,,,,,,,,,,,,,,,,,,,,,,,,,,,,,,,,,,,,,,,,,,,,,,,,,,,,,,,,,,,,,,,,,,,,,,,,,,,,,,,,,,,,,,,,,,,,,,,,,,,,,,,,,,,,,,,,,,,,,,,,,,,,,,,,,,,,,,,,,,,,,,,,,,,,,,,,,,,,,,,,,,,,,,,,
7786.9,4093.6,51.9,25862.4,5891.6,22.8,3.063302627900696,5.4946801876899265,5.205092418266835,81.64526703274775,0.0,0,True,1,0,eod,7,bollinger;breaker;cisd;ema_trend;fvg;order_block;vwap,21,352,,,,,,,,,,,,,,,,,,,,,197,1.9,,,,7,3,7,,,,,,,,,,,,,,,,,,,,,,,,,,,,,,,,,,,,,,,,,,,,,,,,,,,,,,,,,,,,,,,,,,,,,,,,,,,,,,,,,,,,,,,,,,,,,,,,,,,,,,,,,,,,,,,,,,,,,,,,,,,,,,,,,,,,,,,,,,,,,,,,,,,,,,,,,,,,,,,,,,,,,,,,,,,,,,,,,,,,,,,,,,,,,,,,,,,,,,,,,,,,,,,,,,,,,,,,,,,,,,,,,,,,,,,,,,,,,,,,,,,,,,,,,,,,,,,,,,,,,,,,,
7573.2,3702.9,50.2,27948.3,4441.0,15.9,2.791207769155335,6.565389569214446,5.205092418266835,81.64526703274775,0.0,0,True,1,0,eod,7,bollinger;breaker;cisd;ema_trend;fvg;obv;order_block,198,352,,,,,,,,51,,,,,,,,,,,,,197,1.8,,,,7,3,7,,,,,,,,,,,,,,,,,,,,,,,,,,,,,,,,,,,,,,,,,,,,,,,,,,,,,,,,,,,,,,,,,,,,,,,,,,,,,,,,,,,,,,,,,,,,,,,,,,,,,,,,,,,,,,,,,,,,,,,,,,,,,,,,,,,,,,,,,,,,,,,,,,,,,,,,,,,,,,,,,,,,,,,,,,,,,,,,,,,,,,,,,,,,,,,,,,,,,,,,,,,,,,,,,,,,,,,,,,,,,,,,,,,,,,,,,,,,,,,,,,,,,,,,,,,,,,,,,,,,,,,,,
7368.6,4200.1,52.0,25894.7,5824.7,22.5,3.063302627900696,6.837484427959806,5.205092418266835,81.64526703274775,0.0,0,True,1,0,eod,6,bollinger;breaker;cisd;ema_trend;fvg;order_block,198,352,,,,,,,,,,,,,,,,,,,,,197,1.9,,,,7,3,7,,,,,,,,,,,,,,,,,,,,,,,,,,,,,,,,,,,,,,,,,,,,,,,,,,,,,,,,,,,,,,,,,,,,,,,,,,,,,,,,,,,,,,,,,,,,,,,,,,,,,,,,,,,,,,,,,,,,,,,,,,,,,,,,,,,,,,,,,,,,,,,,,,,,,,,,,,,,,,,,,,,,,,,,,,,,,,,,,,,,,,,,,,,,,,,,,,,,,,,,,,,,,,,,,,,,,,,,,,,,,,,,,,,,,,,,,,,,,,,,,,,,,,,,,,,,,,,,,,,,,,,,,
7368.6,4200.1,52.0,25894.7,5824.7,22.5,3.063302627900696,6.837484427959806,5.205092418266835,81.64526703274775,0.0,0,True,1,0,eod,6,bollinger;breaker;cisd;ema_trend;fvg;order_block,198,352,,,,,,,,,,,,,,,,,,,,,197,1.9,,,,7,3,7,,,,,,,,,,,,,,,,,,,,,,,,,,,,,,,,,,,,,,,,,,,,,,,,,,,,,,,,,,,,,,,,,,,,,,,,,,,,,,,,,,,,,,,,,,,,,,,,,,,,,,,,,,,,,,,,,,,,,,,,,,,,,,,,,,,,,,,,,,,,,,,,,,,,,,,,,,,,,,,,,,,,,,,,,,,,,,,,,,,,,,,,,,,,,,,,,,,,,,,,,,,,,,,,,,,,,,,,,,,,,,,,,,,,,,,,,,,,,,,,,,,,,,,,,,,,,,,,,,,,,,,,,
7368.6,4200.1,52.0,25894.7,5824.7,22.5,3.063302627900696,6.837484427959806,5.205092418266835,81.64526703274775,0.0,0,True,1,0,eod,6,bollinger;breaker;cisd;ema_trend;fvg;order_block,198,352,,,,,,,,,,,,,,,,,,,,,197,1.9,,,,7,3,7,,,,,,,,,,,,,,,,,,,,,,,,,,,,,,,,,,,,,,,,,,,,,,,,,,,,,,,,,,,,,,,,,,,,,,,,,,,,,,,,,,,,,,,,,,,,,,,,,,,,,,,,,,,,,,,,,,,,,,,,,,,,,,,,,,,,,,,,,,,,,,,,,,,,,,,,,,,,,,,,,,,,,,,,,,,,,,,,,,,,,,,,,,,,,,,,,,,,,,,,,,,,,,,,,,,,,,,,,,,,,,,,,,,,,,,,,,,,,,,,,,,,,,,,,,,,,,,,,,,,,,,,,
6911.2,3632.3,50.0,23286.6,4311.0,18.5,2.791207769155335,5.2225853289445645,5.205092418266835,81.64526703274775,0.0,0,True,1,0,eod,6,bollinger;breaker;ema_trend;fvg;obv;order_block,198,352,,,,,,,,51,,,,,,,,,,,,,197,1.8,,,,7,44,7,,,,,,,,,,,,,,,,,,,,,,,,,,,,,,,,,,,,,,,,,,,,,,,,,,,,,,,,,,,,,,,,,,,,,,,,,,,,,,,,,,,,,,,,,,,,,,,,,,,,,,,,,,,,,,,,,,,,,,,,,,,,,,,,,,,,,,,,,,,,,,,,,,,,,,,,,,,,,,,,,,,,,,,,,,,,,,,,,,,,,,,,,,,,,,,,,,,,,,,,,,,,,,,,,,,,,,,,,,,,,,,,,,,,,,,,,,,,,,,,,,,,,,,,,,,,,,,,,,,,,,,,,
6888.4,3549.9,44.1,20156.5,4062.6,20.2,2.096344296235996,4.5277218560252255,5.205092418266835,81.64526703274775,0.0,0,True,1,0,eod,6,bollinger;breaker;ema_trend;fvg;obv;order_block,4,352,,,,,,,,192,,,,,,,,,,,,,197,1.9,,,,16,49,7,,,,,,,,,,,,,,,,,,,,,,,,,,,,,,,,,,,,,,,,,,,,,,,,,,,,,,,,,,,,,,,,,,,,,,,,,,,,,,,,,,,,,,,,,,,,,,,,,,,,,,,,,,,,,,,,,,,,,,,,,,,,,,,,,,,,,,,,,,,,,,,,,,,,,,,,,,,,,,,,,,,,,,,,,,,,,,,,,,,,,,,,,,,,,,,,,,,,,,,,,,,,,,,,,,,,,,,,,,,,,,,,,,,,,,,,,,,,,,,,,,,,,,,,,,,,,,,,,,,,,,,,,
6738.5,3141.7,46.0,20291.6,3872.9,19.1,2.249145646635694,6.023327446694804,5.205092418266835,81.64526703274775,0.0,0,True,1,0,eod,5,bollinger;breaker;ema_trend;fvg;order_block,4,352,,,,,,,,,,,,,,,,,,,,,197,1.8,,,,7,44,7,,,,,,,,,,,,,,,,,,,,,,,,,,,,,,,,,,,,,,,,,,,,,,,,,,,,,,,,,,,,,,,,,,,,,,,,,,,,,,,,,,,,,,,,,,,,,,,,,,,,,,,,,,,,,,,,,,,,,,,,,,,,,,,,,,,,,,,,,,,,,,,,,,,,,,,,,,,,,,,,,,,,,,,,,,,,,,,,,,,,,,,,,,,,,,,,,,,,,,,,,,,,,,,,,,,,,,,,,,,,,,,,,,,,,,,,,,,,,,,,,,,,,,,,,,,,,,,,,,,,,,,,,
6709.2,3619.8,49.6,20817.2,5021.3,24.1,2.791207769155335,5.2225853289445645,5.205092418266835,81.64526703274775,0.0,0,True,1,0,eod,5,bollinger;breaker;ema_trend;fvg;order_block,21,62,,,,,,,,,,,,,,,,,,,,,197,1.9,,,,7,28,7,,,,,,,,,,,,,,,,,,,,,,,,,,,,,,,,,,,,,,,,,,,,,,,,,,,,,,,,,,,,,,,,,,,,,,,,,,,,,,,,,,,,,,,,,,,,,,,,,,,,,,,,,,,,,,,,,,,,,,,,,,,,,,,,,,,,,,,,,,,,,,,,,,,,,,,,,,,,,,,,,,,,,,,,,,,,,,,,,,,,,,,,,,,,,,,,,,,,,,,,,,,,,,,,,,,,,,,,,,,,,,,,,,,,,,,,,,,,,,,,,,,,,,,,,,,,,,,,,,,,,,,,,
6655.7,2906.8,46.0,21457.2,3375.7,15.7,2.096344296235996,4.5277218560252255,5.205092418266835,81.64526703274775,0.0,0,True,1,0,eod,7,bollinger;breaker;cisd;ema_trend;fvg;obv;order_block,21,352,,,,,,,,192,,,,,,,,,,,,,197,1.8,,,,7,49,7,,,,,,,,,,,,,,,,,,,,,,,,,,,,,,,,,,,,,,,,,,,,,,,,,,,,,,,,,,,,,,,,,,,,,,,,,,,,,,,,,,,,,,,,,,,,,,,,,,,,,,,,,,,,,,,,,,,,,,,,,,,,,,,,,,,,,,,,,,,,,,,,,,,,,,,,,,,,,,,,,,,,,,,,,,,,,,,,,,,,,,,,,,,,,,,,,,,,,,,,,,,,,,,,,,,,,,,,,,,,,,,,,,,,,,,,,,,,,,,,,,,,,,,,,,,,,,,,,,,,,,,,,
6655.7,2906.8,46.0,21457.2,3375.7,15.7,2.096344296235996,4.5277218560252255,5.205092418266835,81.64526703274775,0.0,0,True,1,0,eod,8,bollinger;breaker;cisd;ema_trend;fvg;obv;order_block;sma_trend,21,352,308,269,,,,,,192,,,,,,,,,,,,,197,1.8,,,,7,49,7,,,,,,,,,,,,,,,,,,,,,,,,,,,,,,,,,,,,,,,,,,,,,,,,,,,,,,,,,,,,,,,,,,,,,,,,,,,,,,,,,,,,,,,,,,,,,,,,,,,,,,,,,,,,,,,,,,,,,,,,,,,,,,,,,,,,,,,,,,,,,,,,,,,,,,,,,,,,,,,,,,,,,,,,,,,,,,,,,,,,,,,,,,,,,,,,,,,,,,,,,,,,,,,,,,,,,,,,,,,,,,,,,,,,,,,,,,,,,,,,,,,,,,,,,,,,,,,,,,,,,,,,,
6655.7,2906.8,46.0,21457.2,3375.7,15.7,2.096344296235996,4.5277218560252255,5.205092418266835,81.64526703274775,0.0,0,True,1,0,eod,8,bollinger;breaker;cisd;ema_trend;fvg;obv;order_block;sma_trend,21,352,308,264,,,,,,192,,,,,,,,,,,,,197,1.8,,,,7,49,7,,,,,,,,,,,,,,,,,,,,,,,,,,,,,,,,,,,,,,,,,,,,,,,,,,,,,,,,,,,,,,,,,,,,,,,,,,,,,,,,,,,,,,,,,,,,,,,,,,,,,,,,,,,,,,,,,,,,,,,,,,,,,,,,,,,,,,,,,,,,,,,,,,,,,,,,,,,,,,,,,,,,,,,,,,,,,,,,,,,,,,,,,,,,,,,,,,,,,,,,,,,,,,,,,,,,,,,,,,,,,,,,,,,,,,,,,,,,,,,,,,,,,,,,,,,,,,,,,,,,,,,,,
6655.7,2906.8,46.0,21457.2,3375.7,15.7,2.096344296235996,4.5277218560252255,5.205092418266835,81.64526703274775,0.0,0,True,1,0,eod,8,bollinger;breaker;cisd;ema_trend;fvg;obv;order_block;sma_trend,21,352,308,264,,,,,,192,,,,,,,,,,,,,197,1.8,,,,7,49,7,,,,,,,,,,,,,,,,,,,,,,,,,,,,,,,,,,,,,,,,,,,,,,,,,,,,,,,,,,,,,,,,,,,,,,,,,,,,,,,,,,,,,,,,,,,,,,,,,,,,,,,,,,,,,,,,,,,,,,,,,,,,,,,,,,,,,,,,,,,,,,,,,,,,,,,,,,,,,,,,,,,,,,,,,,,,,,,,,,,,,,,,,,,,,,,,,,,,,,,,,,,,,,,,,,,,,,,,,,,,,,,,,,,,,,,,,,,,,,,,,,,,,,,,,,,,,,,,,,,,,,,,,
6655.7,2906.8,46.0,21457.2,3375.7,15.7,2.096344296235996,4.5277218560252255,5.205092418266835,81.64526703274775,0.0,0,True,1,0,eod,8,bollinger;breaker;cisd;ema_trend;fvg;obv;order_block;sma_trend,21,352,308,264,,,,,,192,,,,,,,,,,,,,197,1.8,,,,7,49,7,,,,,,,,,,,,,,,,,,,,,,,,,,,,,,,,,,,,,,,,,,,,,,,,,,,,,,,,,,,,,,,,,,,,,,,,,,,,,,,,,,,,,,,,,,,,,,,,,,,,,,,,,,,,,,,,,,,,,,,,,,,,,,,,,,,,,,,,,,,,,,,,,,,,,,,,,,,,,,,,,,,,,,,,,,,,,,,,,,,,,,,,,,,,,,,,,,,,,,,,,,,,,,,,,,,,,,,,,,,,,,,,,,,,,,,,,,,,,,,,,,,,,,,,,,,,,,,,,,,,,,,,,
6655.7,2906.8,46.0,21457.2,3375.7,15.7,2.096344296235996,4.5277218560252255,5.205092418266835,81.64526703274775,0.0,0,True,1,0,eod,8,bollinger;breaker;cisd;ema_trend;fvg;obv;order_block;sma_trend,21,352,308,264,,,,,,51,,,,,,,,,,,,,197,1.8,,,,7,49,7,,,,,,,,,,,,,,,,,,,,,,,,,,,,,,,,,,,,,,,,,,,,,,,,,,,,,,,,,,,,,,,,,,,,,,,,,,,,,,,,,,,,,,,,,,,,,,,,,,,,,,,,,,,,,,,,,,,,,,,,,,,,,,,,,,,,,,,,,,,,,,,,,,,,,,,,,,,,,,,,,,,,,,,,,,,,,,,,,,,,,,,,,,,,,,,,,,,,,,,,,,,,,,,,,,,,,,,,,,,,,,,,,,,,,,,,,,,,,,,,,,,,,,,,,,,,,,,,,,,,,,,,,
6494.6,2432.6,52.4,20969.4,2867.6,13.7,2.791207769155335,6.565389569214446,5.205092418266835,81.64526703274775,0.0,0,True,3,0,eod,9,bollinger;breaker;cisd;ema_trend;fvg;obv;order_block;rsi;vwap,198,352,,,,,,,,9,,,23,33,52,,,,,,,,197,1.9,,,,7,3,12,,,,,,,,,,,,,,,,,,,,,,,,,,,,,,,,,,,,,,,,,,,,,,,,,,,,,,,,,,,,,,,,,,,,,,,,,,,,,,,,,,,,,,,,,,,,,,,,,,,,,,,,,,,,,,,,,,,,,,,,,,,,,,,,,,,,,,,,,,,,,,,,,,,,,,,,,,,,,,,,,,,,,,,,,,,,,,,,,,,,,,,,,,,,,,,,,,,,,,,,,,,,,,,,,,,,,,,,,,,,,,,,,,,,,,,,,,,,,,,,,,,,,,,,,,,,,,,,,,,,,,,,,
6134.3,2408.3,51.4,20246.3,2484.8,12.3,2.791207769155335,6.565389569214446,5.205092418266835,81.64526703274775,0.0,0,True,1,0,eod,6,bollinger;breaker;ema_trend;fvg;order_block;rsi,21,352,,,,,,,,,,,23,33,52,,,,,,,,197,1.9,,,,7,3,7,,,,,,,,,,,,,,,,,,,,,,,,,,,,,,,,,,,,,,,,,,,,,,,,,,,,,,,,,,,,,,,,,,,,,,,,,,,,,,,,,,,,,,,,,,,,,,,,,,,,,,,,,,,,,,,,,,,,,,,,,,,,,,,,,,,,,,,,,,,,,,,,,,,,,,,,,,,,,,,,,,,,,,,,,,,,,,,,,,,,,,,,,,,,,,,,,,,,,,,,,,,,,,,,,,,,,,,,,,,,,,,,,,,,,,,,,,,,,,,,,,,,,,,,,,,,,,,,,,,,,,,,,
6134.3,2408.3,51.4,20246.3,2484.8,12.3,2.791207769155335,6.565389569214446,5.205092418266835,81.64526703274775,0.0,0,True,1,0,eod,7,bollinger;breaker;ema_trend;fvg;obv;order_block;rsi,21,352,,,,,,,,51,,,23,33,52,,,,,,,,197,1.9,,,,7,3,7,,,,,,,,,,,,,,,,,,,,,,,,,,,,,,,,,,,,,,,,,,,,,,,,,,,,,,,,,,,,,,,,,,,,,,,,,,,,,,,,,,,,,,,,,,,,,,,,,,,,,,,,,,,,,,,,,,,,,,,,,,,,,,,,,,,,,,,,,,,,,,,,,,,,,,,,,,,,,,,,,,,,,,,,,,,,,,,,,,,,,,,,,,,,,,,,,,,,,,,,,,,,,,,,,,,,,,,,,,,,,,,,,,,,,,,,,,,,,,,,,,,,,,,,,,,,,,,,,,,,,,,,,
6134.3,2408.3,51.4,20246.3,2484.8,12.3,2.791207769155335,6.565389569214446,5.205092418266835,81.64526703274775,0.0,0,True,1,0,eod,8,bollinger;breaker;ema_trend;fvg;macd;obv;order_block;rsi,21,352,,,12,196,1,,,51,,,23,33,52,,,,,,,,197,1.9,,,,7,3,7,,,,,,,,,,,,,,,,,,,,,,,,,,,,,,,,,,,,,,,,,,,,,,,,,,,,,,,,,,,,,,,,,,,,,,,,,,,,,,,,,,,,,,,,,,,,,,,,,,,,,,,,,,,,,,,,,,,,,,,,,,,,,,,,,,,,,,,,,,,,,,,,,,,,,,,,,,,,,,,,,,,,,,,,,,,,,,,,,,,,,,,,,,,,,,,,,,,,,,,,,,,,,,,,,,,,,,,,,,,,,,,,,,,,,,,,,,,,,,,,,,,,,,,,,,,,,,,,,,,,,,,,,
6134.3,2408.3,51.4,20246.3,2484.8,12.3,2.791207769155335,6.565389569214446,5.205092418266835,81.64526703274775,0.0,0,True,1,0,eod,8,bollinger;breaker;ema_trend;fvg;macd;obv;order_block;rsi,21,287,,,12,163,1,,,51,,,23,33,52,,,,,,,,197,1.9,,,,7,3,7,,,,,,,,,,,,,,,,,,,,,,,,,,,,,,,,,,,,,,,,,,,,,,,,,,,,,,,,,,,,,,,,,,,,,,,,,,,,,,,,,,,,,,,,,,,,,,,,,,,,,,,,,,,,,,,,,,,,,,,,,,,,,,,,,,,,,,,,,,,,,,,,,,,,,,,,,,,,,,,,,,,,,,,,,,,,,,,,,,,,,,,,,,,,,,,,,,,,,,,,,,,,,,,,,,,,,,,,,,,,,,,,,,,,,,,,,,,,,,,,,,,,,,,,,,,,,,,,,,,,,,,,,
6134.3,2408.3,51.4,20246.3,2484.8,12.3,2.791207769155335,6.565389569214446,5.205092418266835,81.64526703274775,0.0,0,True,1,0,eod,6,bollinger;breaker;ema_trend;fvg;order_block;rsi,21,352,,,,,,,,,,,23,33,52,,,,,,,,197,1.9,,,,7,3,7,,,,,,,,,,,,,,,,,,,,,,,,,,,,,,,,,,,,,,,,,,,,,,,,,,,,,,,,,,,,,,,,,,,,,,,,,,,,,,,,,,,,,,,,,,,,,,,,,,,,,,,,,,,,,,,,,,,,,,,,,,,,,,,,,,,,,,,,,,,,,,,,,,,,,,,,,,,,,,,,,,,,,,,,,,,,,,,,,,,,,,,,,,,,,,,,,,,,,,,,,,,,,,,,,,,,,,,,,,,,,,,,,,,,,,,,,,,,,,,,,,,,,,,,,,,,,,,,,,,,,,,,,
6134.3,2408.3,51.4,20246.3,2484.8,12.3,2.791207769155335,6.565389569214446,5.205092418266835,81.64526703274775,0.0,0,True,1,0,eod,7,bollinger;breaker;ema_trend;fvg;obv;order_block;rsi,21,287,,,,,,,,51,,,23,33,52,,,,,,,,197,1.9,,,,7,3,7,,,,,,,,,,,,,,,,,,,,,,,,,,,,,,,,,,,,,,,,,,,,,,,,,,,,,,,,,,,,,,,,,,,,,,,,,,,,,,,,,,,,,,,,,,,,,,,,,,,,,,,,,,,,,,,,,,,,,,,,,,,,,,,,,,,,,,,,,,,,,,,,,,,,,,,,,,,,,,,,,,,,,,,,,,,,,,,,,,,,,,,,,,,,,,,,,,,,,,,,,,,,,,,,,,,,,,,,,,,,,,,,,,,,,,,,,,,,,,,,,,,,,,,,,,,,,,,,,,,,,,,,,
6134.3,2408.3,51.4,20246.3,2484.8,12.3,2.791207769155335,6.565389569214446,5.205092418266835,81.64526703274775,0.0,0,True,1,0,eod,6,bollinger;breaker;ema_trend;fvg;order_block;rsi,21,352,,,,,,,,,,,23,33,52,,,,,,,,197,1.9,,,,7,3,7,,,,,,,,,,,,,,,,,,,,,,,,,,,,,,,,,,,,,,,,,,,,,,,,,,,,,,,,,,,,,,,,,,,,,,,,,,,,,,,,,,,,,,,,,,,,,,,,,,,,,,,,,,,,,,,,,,,,,,,,,,,,,,,,,,,,,,,,,,,,,,,,,,,,,,,,,,,,,,,,,,,,,,,,,,,,,,,,,,,,,,,,,,,,,,,,,,,,,,,,,,,,,,,,,,,,,,,,,,,,,,,,,,,,,,,,,,,,,,,,,,,,,,,,,,,,,,,,,,,,,,,,,
6134.3,2408.3,51.4,20246.3,2484.8,12.3,2.791207769155335,6.565389569214446,5.205092418266835,81.64526703274775,0.0,0,True,1,0,eod,8,bollinger;breaker;ema_trend;fvg;macd;obv;order_block;rsi,21,287,,,12,163,1,,,51,,,23,33,52,,,,,,,,197,1.9,,,,7,3,7,,,,,,,,,,,,,,,,,,,,,,,,,,,,,,,,,,,,,,,,,,,,,,,,,,,,,,,,,,,,,,,,,,,,,,,,,,,,,,,,,,,,,,,,,,,,,,,,,,,,,,,,,,,,,,,,,,,,,,,,,,,,,,,,,,,,,,,,,,,,,,,,,,,,,,,,,,,,,,,,,,,,,,,,,,,,,,,,,,,,,,,,,,,,,,,,,,,,,,,,,,,,,,,,,,,,,,,,,,,,,,,,,,,,,,,,,,,,,,,,,,,,,,,,,,,,,,,,,,,,,,,,,
6134.3,2408.3,51.4,20246.3,2484.8,12.3,2.791207769155335,6.565389569214446,5.205092418266835,81.64526703274775,0.0,0,True,1,0,eod,7,bollinger;breaker;ema_trend;fvg;obv;order_block;rsi,21,352,,,,,,,,51,,,23,33,52,,,,,,,,197,1.9,,,,7,3,7,,,,,,,,,,,,,,,,,,,,,,,,,,,,,,,,,,,,,,,,,,,,,,,,,,,,,,,,,,,,,,,,,,,,,,,,,,,,,,,,,,,,,,,,,,,,,,,,,,,,,,,,,,,,,,,,,,,,,,,,,,,,,,,,,,,,,,,,,,,,,,,,,,,,,,,,,,,,,,,,,,,,,,,,,,,,,,,,,,,,,,,,,,,,,,,,,,,,,,,,,,,,,,,,,,,,,,,,,,,,,,,,,,,,,,,,,,,,,,,,,,,,,,,,,,,,,,,,,,,,,,,,,
6134.3,2408.3,51.4,20246.3,2484.8,12.3,2.791207769155335,6.565389569214446,5.205092418266835,81.64526703274775,0.0,0,True,1,0,eod,7,bollinger;breaker;ema_trend;fvg;obv;order_block;rsi,21,352,,,,,,,,51,,,23,33,52,,,,,,,,197,1.9,,,,7,3,7,,,,,,,,,,,,,,,,,,,,,,,,,,,,,,,,,,,,,,,,,,,,,,,,,,,,,,,,,,,,,,,,,,,,,,,,,,,,,,,,,,,,,,,,,,,,,,,,,,,,,,,,,,,,,,,,,,,,,,,,,,,,,,,,,,,,,,,,,,,,,,,,,,,,,,,,,,,,,,,,,,,,,,,,,,,,,,,,,,,,,,,,,,,,,,,,,,,,,,,,,,,,,,,,,,,,,,,,,,,,,,,,,,,,,,,,,,,,,,,,,,,,,,,,,,,,,,,,,,,,,,,,,
6134.3,2408.3,51.4,20246.3,2484.8,12.3,2.791207769155335,6.565389569214446,5.205092418266835,81.64526703274775,0.0,0,True,1,0,eod,7,bollinger;breaker;ema_trend;fvg;obv;order_block;rsi,21,156,,,,,,,,51,,,23,33,52,,,,,,,,197,1.9,,,,7,3,7,,,,,,,,,,,,,,,,,,,,,,,,,,,,,,,,,,,,,,,,,,,,,,,,,,,,,,,,,,,,,,,,,,,,,,,,,,,,,,,,,,,,,,,,,,,,,,,,,,,,,,,,,,,,,,,,,,,,,,,,,,,,,,,,,,,,,,,,,,,,,,,,,,,,,,,,,,,,,,,,,,,,,,,,,,,,,,,,,,,,,,,,,,,,,,,,,,,,,,,,,,,,,,,,,,,,,,,,,,,,,,,,,,,,,,,,,,,,,,,,,,,,,,,,,,,,,,,,,,,,,,,,,
6134.3,2408.3,51.4,20246.3,2484.8,12.3,2.791207769155335,6.565389569214446,5.205092418266835,81.64526703274775,0.0,0,True,1,0,eod,6,bollinger;breaker;ema_trend;fvg;order_block;rsi,4,352,,,,,,,,,,,23,33,52,,,,,,,,197,1.9,,,,7,3,7,,,,,,,,,,,,,,,,,,,,,,,,,,,,,,,,,,,,,,,,,,,,,,,,,,,,,,,,,,,,,,,,,,,,,,,,,,,,,,,,,,,,,,,,,,,,,,,,,,,,,,,,,,,,,,,,,,,,,,,,,,,,,,,,,,,,,,,,,,,,,,,,,,,,,,,,,,,,,,,,,,,,,,,,,,,,,,,,,,,,,,,,,,,,,,,,,,,,,,,,,,,,,,,,,,,,,,,,,,,,,,,,,,,,,,,,,,,,,,,,,,,,,,,,,,,,,,,,,,,,,,,,,
6134.3,2408.3,51.4,20246.3,2484.8,12.3,2.791207769155335,6.565389569214446,5.205092418266835,81.64526703274775,0.0,0,True,1,0,eod,6,bollinger;breaker;ema_trend;fvg;order_block;rsi,264,352,,,,,,,,,,,23,33,52,,,,,,,,197,1.9,,,,7,3,7,,,,,,,,,,,,,,,,,,,,,,,,,,,,,,,,,,,,,,,,,,,,,,,,,,,,,,,,,,,,,,,,,,,,,,,,,,,,,,,,,,,,,,,,,,,,,,,,,,,,,,,,,,,,,,,,,,,,,,,,,,,,,,,,,,,,,,,,,,,,,,,,,,,,,,,,,,,,,,,,,,,,,,,,,,,,,,,,,,,,,,,,,,,,,,,,,,,,,,,,,,,,,,,,,,,,,,,,,,,,,,,,,,,,,,,,,,,,,,,,,,,,,,,,,,,,,,,,,,,,,,,,,
6073.3,2355.3,52.3,18281.1,3743.4,20.5,2.791207769155335,6.565389569214446,5.205092418266835,81.64526703274775,0.0,0,True,3,0,eod,9,bollinger;breaker;cisd;ema_trend;fvg;obv;order_block;rsi;vwap,21,352,,,,,,,,51,,,23,33,52,,,,,,,,197,1.9,,,,7,3,12,,,,,,,,,,,,,,,,,,,,,,,,,,,,,,,,,,,,,,,,,,,,,,,,,,,,,,,,,,,,,,,,,,,,,,,,,,,,,,,,,,,,,,,,,,,,,,,,,,,,,,,,,,,,,,,,,,,,,,,,,,,,,,,,,,,,,,,,,,,,,,,,,,,,,,,,,,,,,,,,,,,,,,,,,,,,,,,,,,,,,,,,,,,,,,,,,,,,,,,,,,,,,,,,,,,,,,,,,,,,,,,,,,,,,,,,,,,,,,,,,,,,,,,,,,,,,,,,,,,,,,,,,
6067.3,2185.1,46.7,19061.8,2254.4,11.8,2.249145646635694,6.023327446694804,5.205092418266835,81.64526703274775,0.0,0,True,1,0,eod,8,bollinger;breaker;cisd;ema_trend;fvg;obv;order_block;rsi,21,352,,,,,,,,51,,,23,33,52,,,,,,,,197,1.9,,,,7,3,7,,,,,,,,,,,,,,,,,,,,,,,,,,,,,,,,,,,,,,,,,,,,,,,,,,,,,,,,,,,,,,,,,,,,,,,,,,,,,,,,,,,,,,,,,,,,,,,,,,,,,,,,,,,,,,,,,,,,,,,,,,,,,,,,,,,,,,,,,,,,,,,,,,,,,,,,,,,,,,,,,,,,,,,,,,,,,,,,,,,,,,,,,,,,,,,,,,,,,,,,,,,,,,,,,,,,,,,,,,,,,,,,,,,,,,,,,,,,,,,,,,,,,,,,,,,,,,,,,,,,,,,,,
6067.3,2185.1,46.7,19061.8,2254.4,11.8,2.249145646635694,6.023327446694804,5.205092418266835,81.64526703274775,0.0,0,True,1,0,eod,8,bollinger;breaker;cisd;ema_trend;fvg;obv;order_block;rsi,21,352,,,,,,,,51,,,23,33,52,,,,,,,,197,1.9,,,,7,3,7,,,,,,,,,,,,,,,,,,,,,,,,,,,,,,,,,,,,,,,,,,,,,,,,,,,,,,,,,,,,,,,,,,,,,,,,,,,,,,,,,,,,,,,,,,,,,,,,,,,,,,,,,,,,,,,,,,,,,,,,,,,,,,,,,,,,,,,,,,,,,,,,,,,,,,,,,,,,,,,,,,,,,,,,,,,,,,,,,,,,,,,,,,,,,,,,,,,,,,,,,,,,,,,,,,,,,,,,,,,,,,,,,,,,,,,,,,,,,,,,,,,,,,,,,,,,,,,,,,,,,,,,,
6067.3,2185.1,46.7,19061.8,2254.4,11.8,2.249145646635694,6.023327446694804,5.205092418266835,81.64526703274775,0.0,0,True,1,0,eod,8,bollinger;breaker;cisd;ema_trend;fvg;obv;order_block;rsi,21,352,,,,,,,,51,,,23,33,52,,,,,,,,197,1.9,,,,7,3,7,,,,,,,,,,,,,,,,,,,,,,,,,,,,,,,,,,,,,,,,,,,,,,,,,,,,,,,,,,,,,,,,,,,,,,,,,,,,,,,,,,,,,,,,,,,,,,,,,,,,,,,,,,,,,,,,,,,,,,,,,,,,,,,,,,,,,,,,,,,,,,,,,,,,,,,,,,,,,,,,,,,,,,,,,,,,,,,,,,,,,,,,,,,,,,,,,,,,,,,,,,,,,,,,,,,,,,,,,,,,,,,,,,,,,,,,,,,,,,,,,,,,,,,,,,,,,,,,,,,,,,,,,
6067.3,2185.1,46.7,19061.8,2254.4,11.8,2.249145646635694,6.023327446694804,5.205092418266835,81.64526703274775,0.0,0,True,1,0,eod,8,bollinger;breaker;cisd;ema_trend;fvg;obv;order_block;rsi,21,352,,,,,,,,51,,,23,33,52,,,,,,,,197,1.9,,,,7,3,7,,,,,,,,,,,,,,,,,,,,,,,,,,,,,,,,,,,,,,,,,,,,,,,,,,,,,,,,,,,,,,,,,,,,,,,,,,,,,,,,,,,,,,,,,,,,,,,,,,,,,,,,,,,,,,,,,,,,,,,,,,,,,,,,,,,,,,,,,,,,,,,,,,,,,,,,,,,,,,,,,,,,,,,,,,,,,,,,,,,,,,,,,,,,,,,,,,,,,,,,,,,,,,,,,,,,,,,,,,,,,,,,,,,,,,,,,,,,,,,,,,,,,,,,,,,,,,,,,,,,,,,,,
6067.3,2185.1,46.7,19061.8,2254.4,11.8,2.249145646635694,6.023327446694804,5.205092418266835,81.64526703274775,0.0,0,True,1,0,eod,7,bollinger;breaker;cisd;ema_trend;fvg;order_block;rsi,21,352,,,,,,,,,,,23,33,52,,,,,,,,197,1.9,,,,7,3,7,,,,,,,,,,,,,,,,,,,,,,,,,,,,,,,,,,,,,,,,,,,,,,,,,,,,,,,,,,,,,,,,,,,,,,,,,,,,,,,,,,,,,,,,,,,,,,,,,,,,,,,,,,,,,,,,,,,,,,,,,,,,,,,,,,,,,,,,,,,,,,,,,,,,,,,,,,,,,,,,,,,,,,,,,,,,,,,,,,,,,,,,,,,,,,,,,,,,,,,,,,,,,,,,,,,,,,,,,,,,,,,,,,,,,,,,,,,,,,,,,,,,,,,,,,,,,,,,,,,,,,,,,
6067.3,2185.1,46.7,19061.8,2254.4,11.8,2.249145646635694,6.023327446694804,5.205092418266835,81.64526703274775,0.0,0,True,1,0,eod,8,bollinger;breaker;cisd;ema_trend;fvg;obv;order_block;rsi,198,352,,,,,,,,185,,,23,33,52,,,,,,,,197,1.9,,,,7,3,7,,,,,,,,,,,,,,,,,,,,,,,,,,,,,,,,,,,,,,,,,,,,,,,,,,,,,,,,,,,,,,,,,,,,,,,,,,,,,,,,,,,,,,,,,,,,,,,,,,,,,,,,,,,,,,,,,,,,,,,,,,,,,,,,,,,,,,,,,,,,,,,,,,,,,,,,,,,,,,,,,,,,,,,,,,,,,,,,,,,,,,,,,,,,,,,,,,,,,,,,,,,,,,,,,,,,,,,,,,,,,,,,,,,,,,,,,,,,,,,,,,,,,,,,,,,,,,,,,,,,,,,,,
6067.3,2185.1,46.7,19061.8,2254.4,11.8,2.249145646635694,6.023327446694804,5.205092418266835,81.64526703274775,0.0,0,True,1,0,eod,8,bollinger;breaker;cisd;ema_trend;fvg;obv;order_block;rsi,21,352,,,,,,,,51,,,23,33,52,,,,,,,,197,1.9,,,,7,3,7,,,,,,,,,,,,,,,,,,,,,,,,,,,,,,,,,,,,,,,,,,,,,,,,,,,,,,,,,,,,,,,,,,,,,,,,,,,,,,,,,,,,,,,,,,,,,,,,,,,,,,,,,,,,,,,,,,,,,,,,,,,,,,,,,,,,,,,,,,,,,,,,,,,,,,,,,,,,,,,,,,,,,,,,,,,,,,,,,,,,,,,,,,,,,,,,,,,,,,,,,,,,,,,,,,,,,,,,,,,,,,,,,,,,,,,,,,,,,,,,,,,,,,,,,,,,,,,,,,,,,,,,,
6067.3,2185.1,46.7,19061.8,2254.4,11.8,2.249145646635694,6.023327446694804,5.205092418266835,81.64526703274775,0.0,0,True,1,0,eod,8,bollinger;breaker;cisd;ema_trend;fvg;obv;order_block;rsi,4,352,,,,,,,,51,,,23,33,52,,,,,,,,197,1.9,,,,7,3,7,,,,,,,,,,,,,,,,,,,,,,,,,,,,,,,,,,,,,,,,,,,,,,,,,,,,,,,,,,,,,,,,,,,,,,,,,,,,,,,,,,,,,,,,,,,,,,,,,,,,,,,,,,,,,,,,,,,,,,,,,,,,,,,,,,,,,,,,,,,,,,,,,,,,,,,,,,,,,,,,,,,,,,,,,,,,,,,,,,,,,,,,,,,,,,,,,,,,,,,,,,,,,,,,,,,,,,,,,,,,,,,,,,,,,,,,,,,,,,,,,,,,,,,,,,,,,,,,,,,,,,,,,
6067.3,2185.1,46.7,19061.8,2254.4,11.8,2.249145646635694,6.023327446694804,5.205092418266835,81.64526703274775,0.0,0,True,1,0,eod,8,bollinger;breaker;cisd;ema_trend;fvg;obv;order_block;rsi,198,352,,,,,,,,185,,,23,33,52,,,,,,,,197,1.9,,,,7,3,7,,,,,,,,,,,,,,,,,,,,,,,,,,,,,,,,,,,,,,,,,,,,,,,,,,,,,,,,,,,,,,,,,,,,,,,,,,,,,,,,,,,,,,,,,,,,,,,,,,,,,,,,,,,,,,,,,,,,,,,,,,,,,,,,,,,,,,,,,,,,,,,,,,,,,,,,,,,,,,,,,,,,,,,,,,,,,,,,,,,,,,,,,,,,,,,,,,,,,,,,,,,,,,,,,,,,,,,,,,,,,,,,,,,,,,,,,,,,,,,,,,,,,,,,,,,,,,,,,,,,,,,,,
6067.3,2185.1,46.7,19061.8,2254.4,11.8,2.249145646635694,6.023327446694804,5.205092418266835,81.64526703274775,0.0,0,True,1,0,eod,8,bollinger;breaker;cisd;ema_trend;fvg;obv;order_block;rsi,21,352,,,,,,,,51,,,23,33,52,,,,,,,,197,1.9,,,,7,3,7,,,,,,,,,,,,,,,,,,,,,,,,,,,,,,,,,,,,,,,,,,,,,,,,,,,,,,,,,,,,,,,,,,,,,,,,,,,,,,,,,,,,,,,,,,,,,,,,,,,,,,,,,,,,,,,,,,,,,,,,,,,,,,,,,,,,,,,,,,,,,,,,,,,,,,,,,,,,,,,,,,,,,,,,,,,,,,,,,,,,,,,,,,,,,,,,,,,,,,,,,,,,,,,,,,,,,,,,,,,,,,,,,,,,,,,,,,,,,,,,,,,,,,,,,,,,,,,,,,,,,,,,,
6067.3,2185.1,46.7,19061.8,2254.4,11.8,2.249145646635694,6.023327446694804,5.205092418266835,81.64526703274775,0.0,0,True,1,0,eod,8,bollinger;breaker;cisd;ema_trend;fvg;obv;order_block;rsi,4,352,,,,,,,,185,,,23,33,52,,,,,,,,197,1.9,,,,7,3,7,,,,,,,,,,,,,,,,,,,,,,,,,,,,,,,,,,,,,,,,,,,,,,,,,,,,,,,,,,,,,,,,,,,,,,,,,,,,,,,,,,,,,,,,,,,,,,,,,,,,,,,,,,,,,,,,,,,,,,,,,,,,,,,,,,,,,,,,,,,,,,,,,,,,,,,,,,,,,,,,,,,,,,,,,,,,,,,,,,,,,,,,,,,,,,,,,,,,,,,,,,,,,,,,,,,,,,,,,,,,,,,,,,,,,,,,,,,,,,,,,,,,,,,,,,,,,,,,,,,,,,,,,
6067.3,2185.1,46.7,19061.8,2254.4,11.8,2.249145646635694,6.023327446694804,5.205092418266835,81.64526703274775,0.0,0,True,1,0,eod,8,bollinger;breaker;cisd;ema_trend;fvg;obv;order_block;rsi,21,352,,,,,,,,51,,,23,33,52,,,,,,,,197,1.9,,,,7,3,7,,,,,,,,,,,,,,,,,,,,,,,,,,,,,,,,,,,,,,,,,,,,,,,,,,,,,,,,,,,,,,,,,,,,,,,,,,,,,,,,,,,,,,,,,,,,,,,,,,,,,,,,,,,,,,,,,,,,,,,,,,,,,,,,,,,,,,,,,,,,,,,,,,,,,,,,,,,,,,,,,,,,,,,,,,,,,,,,,,,,,,,,,,,,,,,,,,,,,,,,,,,,,,,,,,,,,,,,,,,,,,,,,,,,,,,,,,,,,,,,,,,,,,,,,,,,,,,,,,,,,,,,,
6067.3,2185.1,46.7,19061.8,2254.4,11.8,2.249145646635694,6.023327446694804,5.205092418266835,81.64526703274775,0.0,0,True,1,0,eod,7,bollinger;breaker;cisd;ema_trend;fvg;order_block;rsi,21,352,,,,,,,,,,,23,33,52,,,,,,,,197,1.9,,,,7,3,7,,,,,,,,,,,,,,,,,,,,,,,,,,,,,,,,,,,,,,,,,,,,,,,,,,,,,,,,,,,,,,,,,,,,,,,,,,,,,,,,,,,,,,,,,,,,,,,,,,,,,,,,,,,,,,,,,,,,,,,,,,,,,,,,,,,,,,,,,,,,,,,,,,,,,,,,,,,,,,,,,,,,,,,,,,,,,,,,,,,,,,,,,,,,,,,,,,,,,,,,,,,,,,,,,,,,,,,,,,,,,,,,,,,,,,,,,,,,,,,,,,,,,,,,,,,,,,,,,,,,,,,,,
6067.3,2185.1,46.7,19061.8,2254.4,11.8,2.249145646635694,6.023327446694804,5.205092418266835,81.64526703274775,0.0,0,True,1,0,eod,8,bollinger;breaker;cisd;ema_trend;fvg;obv;order_block;rsi,4,352,,,,,,,,51,,,23,33,52,,,,,,,,197,1.9,,,,7,3,7,,,,,,,,,,,,,,,,,,,,,,,,,,,,,,,,,,,,,,,,,,,,,,,,,,,,,,,,,,,,,,,,,,,,,,,,,,,,,,,,,,,,,,,,,,,,,,,,,,,,,,,,,,,,,,,,,,,,,,,,,,,,,,,,,,,,,,,,,,,,,,,,,,,,,,,,,,,,,,,,,,,,,,,,,,,,,,,,,,,,,,,,,,,,,,,,,,,,,,,,,,,,,,,,,,,,,,,,,,,,,,,,,,,,,,,,,,,,,,,,,,,,,,,,,,,,,,,,,,,,,,,,,
6067.3,2185.1,46.7,19061.8,2254.4,11.8,2.249145646635694,6.023327446694804,5.205092418266835,81.64526703274775,0.0,0,True,1,0,eod,7,bollinger;breaker;cisd;fvg;obv;order_block;rsi,,,,,,,,,,51,,,23,33,52,,,,,,,,197,1.9,,,,7,3,7,,,,,,,,,,,,,,,,,,,,,,,,,,,,,,,,,,,,,,,,,,,,,,,,,,,,,,,,,,,,,,,,,,,,,,,,,,,,,,,,,,,,,,,,,,,,,,,,,,,,,,,,,,,,,,,,,,,,,,,,,,,,,,,,,,,,,,,,,,,,,,,,,,,,,,,,,,,,,,,,,,,,,,,,,,,,,,,,,,,,,,,,,,,,,,,,,,,,,,,,,,,,,,,,,,,,,,,,,,,,,,,,,,,,,,,,,,,,,,,,,,,,,,,,,,,,,,,,,,,,,,,,,
6067.3,2185.1,46.7,19061.8,2254.4,11.8,2.249145646635694,6.023327446694804,5.205092418266835,81.64526703274775,0.0,0,True,1,0,eod,8,bollinger;breaker;cisd;ema_trend;fvg;obv;order_block;rsi,4,352,,,,,,,,51,,,23,33,52,,,,,,,,197,1.9,,,,7,3,7,,,,,,,,,,,,,,,,,,,,,,,,,,,,,,,,,,,,,,,,,,,,,,,,,,,,,,,,,,,,,,,,,,,,,,,,,,,,,,,,,,,,,,,,,,,,,,,,,,,,,,,,,,,,,,,,,,,,,,,,,,,,,,,,,,,,,,,,,,,,,,,,,,,,,,,,,,,,,,,,,,,,,,,,,,,,,,,,,,,,,,,,,,,,,,,,,,,,,,,,,,,,,,,,,,,,,,,,,,,,,,,,,,,,,,,,,,,,,,,,,,,,,,,,,,,,,,,,,,,,,,,,,
6067.3,2185.1,46.7,19061.8,2254.4,11.8,2.249145646635694,6.023327446694804,5.205092418266835,81.64526703274775,0.0,0,True,1,0,eod,8,bollinger;breaker;cisd;ema_trend;fvg;obv;order_block;rsi,21,352,,,,,,,,51,,,23,33,52,,,,,,,,197,1.9,,,,7,3,7,,,,,,,,,,,,,,,,,,,,,,,,,,,,,,,,,,,,,,,,,,,,,,,,,,,,,,,,,,,,,,,,,,,,,,,,,,,,,,,,,,,,,,,,,,,,,,,,,,,,,,,,,,,,,,,,,,,,,,,,,,,,,,,,,,,,,,,,,,,,,,,,,,,,,,,,,,,,,,,,,,,,,,,,,,,,,,,,,,,,,,,,,,,,,,,,,,,,,,,,,,,,,,,,,,,,,,,,,,,,,,,,,,,,,,,,,,,,,,,,,,,,,,,,,,,,,,,,,,,,,,,,,
6067.3,2185.1,46.7,19061.8,2254.4,11.8,2.249145646635694,6.023327446694804,5.205092418266835,81.64526703274775,0.0,0,True,1,0,eod,8,bollinger;breaker;cisd;ema_trend;fvg;obv;order_block;rsi,4,352,,,,,,,,48,,,23,33,52,,,,,,,,197,1.9,,,,7,3,7,,,,,,,,,,,,,,,,,,,,,,,,,,,,,,,,,,,,,,,,,,,,,,,,,,,,,,,,,,,,,,,,,,,,,,,,,,,,,,,,,,,,,,,,,,,,,,,,,,,,,,,,,,,,,,,,,,,,,,,,,,,,,,,,,,,,,,,,,,,,,,,,,,,,,,,,,,,,,,,,,,,,,,,,,,,,,,,,,,,,,,,,,,,,,,,,,,,,,,,,,,,,,,,,,,,,,,,,,,,,,,,,,,,,,,,,,,,,,,,,,,,,,,,,,,,,,,,,,,,,,,,,,
6067.3,2185.1,46.7,19061.8,2254.4,11.8,2.249145646635694,6.023327446694804,5.205092418266835,81.64526703274775,0.0,0,True,1,0,eod,7,bollinger;breaker;cisd;ema_trend;fvg;order_block;rsi,4,352,,,,,,,,,,,23,33,52,,,,,,,,197,1.9,,,,7,3,7,,,,,,,,,,,,,,,,,,,,,,,,,,,,,,,,,,,,,,,,,,,,,,,,,,,,,,,,,,,,,,,,,,,,,,,,,,,,,,,,,,,,,,,,,,,,,,,,,,,,,,,,,,,,,,,,,,,,,,,,,,,,,,,,,,,,,,,,,,,,,,,,,,,,,,,,,,,,,,,,,,,,,,,,,,,,,,,,,,,,,,,,,,,,,,,,,,,,,,,,,,,,,,,,,,,,,,,,,,,,,,,,,,,,,,,,,,,,,,,,,,,,,,,,,,,,,,,,,,,,,,,,,
6067.3,2185.1,46.7,19061.8,2254.4,11.8,2.249145646635694,6.023327446694804,5.205092418266835,81.64526703274775,0.0,0,True,1,0,eod,7,bollinger;breaker;cisd;ema_trend;fvg;order_block;rsi,21,352,,,,,,,,,,,23,33,52,,,,,,,,197,1.9,,,,7,3,7,,,,,,,,,,,,,,,,,,,,,,,,,,,,,,,,,,,,,,,,,,,,,,,,,,,,,,,,,,,,,,,,,,,,,,,,,,,,,,,,,,,,,,,,,,,,,,,,,,,,,,,,,,,,,,,,,,,,,,,,,,,,,,,,,,,,,,,,,,,,,,,,,,,,,,,,,,,,,,,,,,,,,,,,,,,,,,,,,,,,,,,,,,,,,,,,,,,,,,,,,,,,,,,,,,,,,,,,,,,,,,,,,,,,,,,,,,,,,,,,,,,,,,,,,,,,,,,,,,,,,,,,,
6067.3,2185.1,46.7,19061.8,2254.4,11.8,2.249145646635694,6.023327446694804,5.205092418266835,81.64526703274775,0.0,0,True,1,0,eod,8,bollinger;breaker;cisd;ema_trend;fvg;obv;order_block;rsi,21,287,,,,,,,,51,,,23,33,52,,,,,,,,197,1.9,,,,7,3,7,,,,,,,,,,,,,,,,,,,,,,,,,,,,,,,,,,,,,,,,,,,,,,,,,,,,,,,,,,,,,,,,,,,,,,,,,,,,,,,,,,,,,,,,,,,,,,,,,,,,,,,,,,,,,,,,,,,,,,,,,,,,,,,,,,,,,,,,,,,,,,,,,,,,,,,,,,,,,,,,,,,,,,,,,,,,,,,,,,,,,,,,,,,,,,,,,,,,,,,,,,,,,,,,,,,,,,,,,,,,,,,,,,,,,,,,,,,,,,,,,,,,,,,,,,,,,,,,,,,,,,,,,
6067.3,2185.1,46.7,19061.8,2254.4,11.8,2.249145646635694,6.023327446694804,5.205092418266835,81.64526703274775,0.0,0,True,1,0,eod,8,bollinger;breaker;cisd;ema_trend;fvg;obv;order_block;rsi,21,352,,,,,,,,185,,,23,33,52,,,,,,,,197,1.9,,,,7,3,7,,,,,,,,,,,,,,,,,,,,,,,,,,,,,,,,,,,,,,,,,,,,,,,,,,,,,,,,,,,,,,,,,,,,,,,,,,,,,,,,,,,,,,,,,,,,,,,,,,,,,,,,,,,,,,,,,,,,,,,,,,,,,,,,,,,,,,,,,,,,,,,,,,,,,,,,,,,,,,,,,,,,,,,,,,,,,,,,,,,,,,,,,,,,,,,,,,,,,,,,,,,,,,,,,,,,,,,,,,,,,,,,,,,,,,,,,,,,,,,,,,,,,,,,,,,,,,,,,,,,,,,,,
6067.3,2185.1,46.7,19061.8,2254.4,11.8,2.249145646635694,6.023327446694804,5.205092418266835,81.64526703274775,0.0,0,True,1,0,eod,8,bollinger;breaker;cisd;ema_trend;fvg;obv;order_block;rsi,21,352,,,,,,,,51,,,23,33,52,,,,,,,,197,1.9,,,,7,3,7,,,,,,,,,,,,,,,,,,,,,,,,,,,,,,,,,,,,,,,,,,,,,,,,,,,,,,,,,,,,,,,,,,,,,,,,,,,,,,,,,,,,,,,,,,,,,,,,,,,,,,,,,,,,,,,,,,,,,,,,,,,,,,,,,,,,,,,,,,,,,,,,,,,,,,,,,,,,,,,,,,,,,,,,,,,,,,,,,,,,,,,,,,,,,,,,,,,,,,,,,,,,,,,,,,,,,,,,,,,,,,,,,,,,,,,,,,,,,,,,,,,,,,,,,,,,,,,,,,,,,,,,,
6067.3,2185.1,46.7,19061.8,2254.4,11.8,2.249145646635694,6.023327446694804,5.205092418266835,81.64526703274775,0.0,0,True,1,0,eod,8,bollinger;breaker;cisd;ema_trend;fvg;obv;order_block;rsi,4,352,,,,,,,,185,,,23,33,52,,,,,,,,197,1.9,,,,7,3,7,,,,,,,,,,,,,,,,,,,,,,,,,,,,,,,,,,,,,,,,,,,,,,,,,,,,,,,,,,,,,,,,,,,,,,,,,,,,,,,,,,,,,,,,,,,,,,,,,,,,,,,,,,,,,,,,,,,,,,,,,,,,,,,,,,,,,,,,,,,,,,,,,,,,,,,,,,,,,,,,,,,,,,,,,,,,,,,,,,,,,,,,,,,,,,,,,,,,,,,,,,,,,,,,,,,,,,,,,,,,,,,,,,,,,,,,,,,,,,,,,,,,,,,,,,,,,,,,,,,,,,,,,
6067.3,2185.1,46.7,19061.8,2254.4,11.8,2.249145646635694,6.023327446694804,5.205092418266835,81.64526703274775,0.0,0,True,1,0,eod,8,bollinger;breaker;cisd;ema_trend;fvg;obv;order_block;rsi,198,352,,,,,,,,51,,,23,33,52,,,,,,,,197,1.9,,,,7,3,7,,,,,,,,,,,,,,,,,,,,,,,,,,,,,,,,,,,,,,,,,,,,,,,,,,,,,,,,,,,,,,,,,,,,,,,,,,,,,,,,,,,,,,,,,,,,,,,,,,,,,,,,,,,,,,,,,,,,,,,,,,,,,,,,,,,,,,,,,,,,,,,,,,,,,,,,,,,,,,,,,,,,,,,,,,,,,,,,,,,,,,,,,,,,,,,,,,,,,,,,,,,,,,,,,,,,,,,,,,,,,,,,,,,,,,,,,,,,,,,,,,,,,,,,,,,,,,,,,,,,,,,,,
6067.3,2185.1,46.7,19061.8,2254.4,11.8,2.249145646635694,6.023327446694804,5.205092418266835,81.64526703274775,0.0,0,True,1,0,eod,8,bollinger;breaker;cisd;ema_trend;fvg;obv;order_block;rsi,21,352,,,,,,,,51,,,23,33,52,,,,,,,,197,1.9,,,,7,3,7,,,,,,,,,,,,,,,,,,,,,,,,,,,,,,,,,,,,,,,,,,,,,,,,,,,,,,,,,,,,,,,,,,,,,,,,,,,,,,,,,,,,,,,,,,,,,,,,,,,,,,,,,,,,,,,,,,,,,,,,,,,,,,,,,,,,,,,,,,,,,,,,,,,,,,,,,,,,,,,,,,,,,,,,,,,,,,,,,,,,,,,,,,,,,,,,,,,,,,,,,,,,,,,,,,,,,,,,,,,,,,,,,,,,,,,,,,,,,,,,,,,,,,,,,,,,,,,,,,,,,,,,,
6067.3,2185.1,46.7,19061.8,2254.4,11.8,2.249145646635694,6.023327446694804,5.205092418266835,81.64526703274775,0.0,0,True,1,0,eod,9,bollinger;breaker;cisd;ema_trend;fvg;macd;obv;order_block;rsi,21,287,,,12,196,1,,,51,,,23,33,52,,,,,,,,197,1.9,,,,7,3,7,,,,,,,,,,,,,,,,,,,,,,,,,,,,,,,,,,,,,,,,,,,,,,,,,,,,,,,,,,,,,,,,,,,,,,,,,,,,,,,,,,,,,,,,,,,,,,,,,,,,,,,,,,,,,,,,,,,,,,,,,,,,,,,,,,,,,,,,,,,,,,,,,,,,,,,,,,,,,,,,,,,,,,,,,,,,,,,,,,,,,,,,,,,,,,,,,,,,,,,,,,,,,,,,,,,,,,,,,,,,,,,,,,,,,,,,,,,,,,,,,,,,,,,,,,,,,,,,,,,,,,,,,
6067.3,2185.1,46.7,19061.8,2254.4,11.8,2.249145646635694,6.023327446694804,5.205092418266835,81.64526703274775,0.0,0,True,1,0,eod,8,bollinger;breaker;cisd;ema_trend;fvg;obv;order_block;rsi,21,352,,,,,,,,51,,,23,33,52,,,,,,,,197,1.9,,,,7,3,7,,,,,,,,,,,,,,,,,,,,,,,,,,,,,,,,,,,,,,,,,,,,,,,,,,,,,,,,,,,,,,,,,,,,,,,,,,,,,,,,,,,,,,,,,,,,,,,,,,,,,,,,,,,,,,,,,,,,,,,,,,,,,,,,,,,,,,,,,,,,,,,,,,,,,,,,,,,,,,,,,,,,,,,,,,,,,,,,,,,,,,,,,,,,,,,,,,,,,,,,,,,,,,,,,,,,,,,,,,,,,,,,,,,,,,,,,,,,,,,,,,,,,,,,,,,,,,,,,,,,,,,,,
6067.3,2185.1,46.7,19061.8,2254.4,11.8,2.249145646635694,6.023327446694804,5.205092418266835,81.64526703274775,0.0,0,True,1,0,eod,8,bollinger;breaker;cisd;ema_trend;fvg;obv;order_block;rsi,21,352,,,,,,,,51,,,23,33,52,,,,,,,,197,1.9,,,,7,3,7,,,,,,,,,,,,,,,,,,,,,,,,,,,,,,,,,,,,,,,,,,,,,,,,,,,,,,,,,,,,,,,,,,,,,,,,,,,,,,,,,,,,,,,,,,,,,,,,,,,,,,,,,,,,,,,,,,,,,,,,,,,,,,,,,,,,,,,,,,,,,,,,,,,,,,,,,,,,,,,,,,,,,,,,,,,,,,,,,,,,,,,,,,,,,,,,,,,,,,,,,,,,,,,,,,,,,,,,,,,,,,,,,,,,,,,,,,,,,,,,,,,,,,,,,,,,,,,,,,,,,,,,,
6067.3,2185.1,46.7,19061.8,2254.4,11.8,2.249145646635694,6.023327446694804,5.205092418266835,81.64526703274775,0.0,0,True,1,0,eod,8,bollinger;breaker;cisd;ema_trend;fvg;obv;order_block;rsi,21,352,,,,,,,,51,,,23,33,52,,,,,,,,197,1.9,,,,7,3,7,,,,,,,,,,,,,,,,,,,,,,,,,,,,,,,,,,,,,,,,,,,,,,,,,,,,,,,,,,,,,,,,,,,,,,,,,,,,,,,,,,,,,,,,,,,,,,,,,,,,,,,,,,,,,,,,,,,,,,,,,,,,,,,,,,,,,,,,,,,,,,,,,,,,,,,,,,,,,,,,,,,,,,,,,,,,,,,,,,,,,,,,,,,,,,,,,,,,,,,,,,,,,,,,,,,,,,,,,,,,,,,,,,,,,,,,,,,,,,,,,,,,,,,,,,,,,,,,,,,,,,,,,
6067.3,2185.1,46.7,19061.8,2254.4,11.8,2.249145646635694,6.023327446694804,5.205092418266835,81.64526703274775,0.0,0,True,1,0,eod,8,bollinger;breaker;cisd;ema_trend;fvg;obv;order_block;rsi,21,352,,,,,,,,51,,,23,33,52,,,,,,,,197,1.9,,,,7,3,7,,,,,,,,,,,,,,,,,,,,,,,,,,,,,,,,,,,,,,,,,,,,,,,,,,,,,,,,,,,,,,,,,,,,,,,,,,,,,,,,,,,,,,,,,,,,,,,,,,,,,,,,,,,,,,,,,,,,,,,,,,,,,,,,,,,,,,,,,,,,,,,,,,,,,,,,,,,,,,,,,,,,,,,,,,,,,,,,,,,,,,,,,,,,,,,,,,,,,,,,,,,,,,,,,,,,,,,,,,,,,,,,,,,,,,,,,,,,,,,,,,,,,,,,,,,,,,,,,,,,,,,,,
6067.3,2185.1,46.7,19061.8,2254.4,11.8,2.249145646635694,6.023327446694804,5.205092418266835,81.64526703274775,0.0,0,True,1,0,eod,8,bollinger;breaker;cisd;ema_trend;fvg;obv;order_block;rsi,21,352,,,,,,,,51,,,23,33,52,,,,,,,,197,1.9,,,,7,3,7,,,,,,,,,,,,,,,,,,,,,,,,,,,,,,,,,,,,,,,,,,,,,,,,,,,,,,,,,,,,,,,,,,,,,,,,,,,,,,,,,,,,,,,,,,,,,,,,,,,,,,,,,,,,,,,,,,,,,,,,,,,,,,,,,,,,,,,,,,,,,,,,,,,,,,,,,,,,,,,,,,,,,,,,,,,,,,,,,,,,,,,,,,,,,,,,,,,,,,,,,,,,,,,,,,,,,,,,,,,,,,,,,,,,,,,,,,,,,,,,,,,,,,,,,,,,,,,,,,,,,,,,,
6067.3,2185.1,46.7,19061.8,2254.4,11.8,2.249145646635694,6.023327446694804,5.205092418266835,81.64526703274775,0.0,0,True,1,0,eod,7,bollinger;breaker;cisd;ema_trend;fvg;order_block;rsi,21,352,,,,,,,,,,,23,33,52,,,,,,,,197,1.9,,,,7,3,7,,,,,,,,,,,,,,,,,,,,,,,,,,,,,,,,,,,,,,,,,,,,,,,,,,,,,,,,,,,,,,,,,,,,,,,,,,,,,,,,,,,,,,,,,,,,,,,,,,,,,,,,,,,,,,,,,,,,,,,,,,,,,,,,,,,,,,,,,,,,,,,,,,,,,,,,,,,,,,,,,,,,,,,,,,,,,,,,,,,,,,,,,,,,,,,,,,,,,,,,,,,,,,,,,,,,,,,,,,,,,,,,,,,,,,,,,,,,,,,,,,,,,,,,,,,,,,,,,,,,,,,,,
6067.3,2185.1,46.7,19061.8,2254.4,11.8,2.249145646635694,6.023327446694804,5.205092418266835,81.64526703274775,0.0,0,True,1,0,eod,8,bollinger;breaker;cisd;ema_trend;fvg;obv;order_block;rsi,21,352,,,,,,,,51,,,23,33,52,,,,,,,,197,1.9,,,,7,3,7,,,,,,,,,,,,,,,,,,,,,,,,,,,,,,,,,,,,,,,,,,,,,,,,,,,,,,,,,,,,,,,,,,,,,,,,,,,,,,,,,,,,,,,,,,,,,,,,,,,,,,,,,,,,,,,,,,,,,,,,,,,,,,,,,,,,,,,,,,,,,,,,,,,,,,,,,,,,,,,,,,,,,,,,,,,,,,,,,,,,,,,,,,,,,,,,,,,,,,,,,,,,,,,,,,,,,,,,,,,,,,,,,,,,,,,,,,,,,,,,,,,,,,,,,,,,,,,,,,,,,,,,,
6067.3,2185.1,46.7,19061.8,2254.4,11.8,2.249145646635694,6.023327446694804,5.205092418266835,81.64526703274775,0.0,0,True,1,0,eod,7,bollinger;breaker;cisd;ema_trend;fvg;order_block;rsi,21,352,,,,,,,,,,,23,33,52,,,,,,,,197,1.9,,,,7,3,7,,,,,,,,,,,,,,,,,,,,,,,,,,,,,,,,,,,,,,,,,,,,,,,,,,,,,,,,,,,,,,,,,,,,,,,,,,,,,,,,,,,,,,,,,,,,,,,,,,,,,,,,,,,,,,,,,,,,,,,,,,,,,,,,,,,,,,,,,,,,,,,,,,,,,,,,,,,,,,,,,,,,,,,,,,,,,,,,,,,,,,,,,,,,,,,,,,,,,,,,,,,,,,,,,,,,,,,,,,,,,,,,,,,,,,,,,,,,,,,,,,,,,,,,,,,,,,,,,,,,,,,,,
6067.3,2185.1,46.7,19061.8,2254.4,11.8,2.249145646635694,6.023327446694804,5.205092418266835,81.64526703274775,0.0,0,True,1,0,eod,8,bollinger;breaker;cisd;ema_trend;fvg;obv;order_block;rsi,21,352,,,,,,,,51,,,23,33,52,,,,,,,,197,1.9,,,,7,3,7,,,,,,,,,,,,,,,,,,,,,,,,,,,,,,,,,,,,,,,,,,,,,,,,,,,,,,,,,,,,,,,,,,,,,,,,,,,,,,,,,,,,,,,,,,,,,,,,,,,,,,,,,,,,,,,,,,,,,,,,,,,,,,,,,,,,,,,,,,,,,,,,,,,,,,,,,,,,,,,,,,,,,,,,,,,,,,,,,,,,,,,,,,,,,,,,,,,,,,,,,,,,,,,,,,,,,,,,,,,,,,,,,,,,,,,,,,,,,,,,,,,,,,,,,,,,,,,,,,,,,,,,,
6067.3,2185.1,46.7,19061.8,2254.4,11.8,2.249145646635694,6.023327446694804,5.205092418266835,81.64526703274775,0.0,0,True,1,0,eod,9,bollinger;breaker;cisd;ema_trend;fvg;macd;obv;order_block;rsi,21,40,,,88,135,82,,,51,,,23,33,52,,,,,,,,197,1.9,,,,7,3,7,,,,,,,,,,,,,,,,,,,,,,,,,,,,,,,,,,,,,,,,,,,,,,,,,,,,,,,,,,,,,,,,,,,,,,,,,,,,,,,,,,,,,,,,,,,,,,,,,,,,,,,,,,,,,,,,,,,,,,,,,,,,,,,,,,,,,,,,,,,,,,,,,,,,,,,,,,,,,,,,,,,,,,,,,,,,,,,,,,,,,,,,,,,,,,,,,,,,,,,,,,,,,,,,,,,,,,,,,,,,,,,,,,,,,,,,,,,,,,,,,,,,,,,,,,,,,,,,,,,,,,,,,
6067.3,2185.1,46.7,19061.8,2254.4,11.8,2.249145646635694,6.023327446694804,5.205092418266835,81.64526703274775,0.0,0,True,1,0,eod,8,bollinger;breaker;cisd;ema_trend;fvg;obv;order_block;rsi,21,352,,,,,,,,51,,,23,33,52,,,,,,,,197,1.9,,,,7,3,7,,,,,,,,,,,,,,,,,,,,,,,,,,,,,,,,,,,,,,,,,,,,,,,,,,,,,,,,,,,,,,,,,,,,,,,,,,,,,,,,,,,,,,,,,,,,,,,,,,,,,,,,,,,,,,,,,,,,,,,,,,,,,,,,,,,,,,,,,,,,,,,,,,,,,,,,,,,,,,,,,,,,,,,,,,,,,,,,,,,,,,,,,,,,,,,,,,,,,,,,,,,,,,,,,,,,,,,,,,,,,,,,,,,,,,,,,,,,,,,,,,,,,,,,,,,,,,,,,,,,,,,,,
6067.3,2185.1,46.7,19061.8,2254.4,11.8,2.249145646635694,6.023327446694804,5.205092418266835,81.64526703274775,0.0,0,True,1,0,eod,8,bollinger;breaker;cisd;ema_trend;fvg;obv;order_block;rsi,21,352,,,,,,,,51,,,23,33,52,,,,,,,,197,1.9,,,,7,3,7,,,,,,,,,,,,,,,,,,,,,,,,,,,,,,,,,,,,,,,,,,,,,,,,,,,,,,,,,,,,,,,,,,,,,,,,,,,,,,,,,,,,,,,,,,,,,,,,,,,,,,,,,,,,,,,,,,,,,,,,,,,,,,,,,,,,,,,,,,,,,,,,,,,,,,,,,,,,,,,,,,,,,,,,,,,,,,,,,,,,,,,,,,,,,,,,,,,,,,,,,,,,,,,,,,,,,,,,,,,,,,,,,,,,,,,,,,,,,,,,,,,,,,,,,,,,,,,,,,,,,,,,,
6067.3,2185.1,46.7,19061.8,2254.4,11.8,2.249145646635694,6.023327446694804,5.205092418266835,81.64526703274775,0.0,0,True,1,0,eod,8,bollinger;breaker;cisd;ema_trend;fvg;obv;order_block;rsi,21,352,,,,,,,,51,,,23,33,52,,,,,,,,197,1.9,,,,7,3,7,,,,,,,,,,,,,,,,,,,,,,,,,,,,,,,,,,,,,,,,,,,,,,,,,,,,,,,,,,,,,,,,,,,,,,,,,,,,,,,,,,,,,,,,,,,,,,,,,,,,,,,,,,,,,,,,,,,,,,,,,,,,,,,,,,,,,,,,,,,,,,,,,,,,,,,,,,,,,,,,,,,,,,,,,,,,,,,,,,,,,,,,,,,,,,,,,,,,,,,,,,,,,,,,,,,,,,,,,,,,,,,,,,,,,,,,,,,,,,,,,,,,,,,,,,,,,,,,,,,,,,,,,
6067.3,2185.1,46.7,19061.8,2254.4,11.8,2.249145646635694,6.023327446694804,5.205092418266835,81.64526703274775,0.0,0,True,1,0,eod,8,bollinger;breaker;cisd;ema_trend;fvg;macd;order_block;rsi,21,40,,,15,135,82,,,,,,23,33,52,,,,,,,,197,1.9,,,,7,3,7,,,,,,,,,,,,,,,,,,,,,,,,,,,,,,,,,,,,,,,,,,,,,,,,,,,,,,,,,,,,,,,,,,,,,,,,,,,,,,,,,,,,,,,,,,,,,,,,,,,,,,,,,,,,,,,,,,,,,,,,,,,,,,,,,,,,,,,,,,,,,,,,,,,,,,,,,,,,,,,,,,,,,,,,,,,,,,,,,,,,,,,,,,,,,,,,,,,,,,,,,,,,,,,,,,,,,,,,,,,,,,,,,,,,,,,,,,,,,,,,,,,,,,,,,,,,,,,,,,,,,,,,,
6067.3,2185.1,46.7,19061.8,2254.4,11.8,2.249145646635694,6.023327446694804,5.205092418266835,81.64526703274775,0.0,0,True,1,0,eod,7,bollinger;breaker;cisd;ema_trend;fvg;order_block;rsi,21,352,,,,,,,,,,,23,33,52,,,,,,,,197,1.9,,,,7,3,7,,,,,,,,,,,,,,,,,,,,,,,,,,,,,,,,,,,,,,,,,,,,,,,,,,,,,,,,,,,,,,,,,,,,,,,,,,,,,,,,,,,,,,,,,,,,,,,,,,,,,,,,,,,,,,,,,,,,,,,,,,,,,,,,,,,,,,,,,,,,,,,,,,,,,,,,,,,,,,,,,,,,,,,,,,,,,,,,,,,,,,,,,,,,,,,,,,,,,,,,,,,,,,,,,,,,,,,,,,,,,,,,,,,,,,,,,,,,,,,,,,,,,,,,,,,,,,,,,,,,,,,,,
6067.3,2185.1,46.7,19061.8,2254.4,11.8,2.249145646635694,6.023327446694804,5.205092418266835,81.64526703274775,0.0,0,True,1,0,eod,8,bollinger;breaker;cisd;ema_trend;fvg;obv;order_block;rsi,21,352,,,,,,,,51,,,23,33,52,,,,,,,,197,1.9,,,,7,3,7,,,,,,,,,,,,,,,,,,,,,,,,,,,,,,,,,,,,,,,,,,,,,,,,,,,,,,,,,,,,,,,,,,,,,,,,,,,,,,,,,,,,,,,,,,,,,,,,,,,,,,,,,,,,,,,,,,,,,,,,,,,,,,,,,,,,,,,,,,,,,,,,,,,,,,,,,,,,,,,,,,,,,,,,,,,,,,,,,,,,,,,,,,,,,,,,,,,,,,,,,,,,,,,,,,,,,,,,,,,,,,,,,,,,,,,,,,,,,,,,,,,,,,,,,,,,,,,,,,,,,,,,,
6067.3,2185.1,46.7,19061.8,2254.4,11.8,2.249145646635694,6.023327446694804,5.205092418266835,81.64526703274775,0.0,0,True,1,0,eod,7,bollinger;breaker;cisd;ema_trend;fvg;order_block;rsi,21,352,,,,,,,,,,,23,33,52,,,,,,,,197,1.9,,,,7,3,7,,,,,,,,,,,,,,,,,,,,,,,,,,,,,,,,,,,,,,,,,,,,,,,,,,,,,,,,,,,,,,,,,,,,,,,,,,,,,,,,,,,,,,,,,,,,,,,,,,,,,,,,,,,,,,,,,,,,,,,,,,,,,,,,,,,,,,,,,,,,,,,,,,,,,,,,,,,,,,,,,,,,,,,,,,,,,,,,,,,,,,,,,,,,,,,,,,,,,,,,,,,,,,,,,,,,,,,,,,,,,,,,,,,,,,,,,,,,,,,,,,,,,,,,,,,,,,,,,,,,,,,,,
6067.3,2185.1,46.7,19061.8,2254.4,11.8,2.249145646635694,6.023327446694804,5.205092418266835,81.64526703274775,0.0,0,True,1,0,eod,9,bollinger;breaker;cisd;ema_trend;fvg;macd;obv;order_block;rsi,21,352,,,88,135,82,,,51,,,23,33,52,,,,,,,,197,1.9,,,,7,3,7,,,,,,,,,,,,,,,,,,,,,,,,,,,,,,,,,,,,,,,,,,,,,,,,,,,,,,,,,,,,,,,,,,,,,,,,,,,,,,,,,,,,,,,,,,,,,,,,,,,,,,,,,,,,,,,,,,,,,,,,,,,,,,,,,,,,,,,,,,,,,,,,,,,,,,,,,,,,,,,,,,,,,,,,,,,,,,,,,,,,,,,,,,,,,,,,,,,,,,,,,,,,,,,,,,,,,,,,,,,,,,,,,,,,,,,,,,,,,,,,,,,,,,,,,,,,,,,,,,,,,,,,,
6067.3,2185.1,46.7,19061.8,2254.4,11.8,2.249145646635694,6.023327446694804,5.205092418266835,81.64526703274775,0.0,0,True,1,0,eod,7,bollinger;breaker;cisd;ema_trend;fvg;order_block;rsi,21,352,,,,,,,,,,,23,33,52,,,,,,,,197,1.9,,,,7,3,7,,,,,,,,,,,,,,,,,,,,,,,,,,,,,,,,,,,,,,,,,,,,,,,,,,,,,,,,,,,,,,,,,,,,,,,,,,,,,,,,,,,,,,,,,,,,,,,,,,,,,,,,,,,,,,,,,,,,,,,,,,,,,,,,,,,,,,,,,,,,,,,,,,,,,,,,,,,,,,,,,,,,,,,,,,,,,,,,,,,,,,,,,,,,,,,,,,,,,,,,,,,,,,,,,,,,,,,,,,,,,,,,,,,,,,,,,,,,,,,,,,,,,,,,,,,,,,,,,,,,,,,,,
6067.3,2185.1,46.7,19061.8,2254.4,11.8,2.249145646635694,6.023327446694804,5.205092418266835,81.64526703274775,0.0,0,True,1,0,eod,8,bollinger;breaker;cisd;ema_trend;fvg;obv;order_block;rsi,21,352,,,,,,,,51,,,23,33,52,,,,,,,,197,1.9,,,,7,3,7,,,,,,,,,,,,,,,,,,,,,,,,,,,,,,,,,,,,,,,,,,,,,,,,,,,,,,,,,,,,,,,,,,,,,,,,,,,,,,,,,,,,,,,,,,,,,,,,,,,,,,,,,,,,,,,,,,,,,,,,,,,,,,,,,,,,,,,,,,,,,,,,,,,,,,,,,,,,,,,,,,,,,,,,,,,,,,,,,,,,,,,,,,,,,,,,,,,,,,,,,,,,,,,,,,,,,,,,,,,,,,,,,,,,,,,,,,,,,,,,,,,,,,,,,,,,,,,,,,,,,,,,,
6067.3,2185.1,46.7,19061.8,2254.4,11.8,2.249145646635694,6.023327446694804,5.205092418266835,81.64526703274775,0.0,0,True,1,0,eod,8,bollinger;breaker;cisd;ema_trend;fvg;obv;order_block;rsi,21,352,,,,,,,,51,,,23,33,52,,,,,,,,197,1.9,,,,7,3,7,,,,,,,,,,,,,,,,,,,,,,,,,,,,,,,,,,,,,,,,,,,,,,,,,,,,,,,,,,,,,,,,,,,,,,,,,,,,,,,,,,,,,,,,,,,,,,,,,,,,,,,,,,,,,,,,,,,,,,,,,,,,,,,,,,,,,,,,,,,,,,,,,,,,,,,,,,,,,,,,,,,,,,,,,,,,,,,,,,,,,,,,,,,,,,,,,,,,,,,,,,,,,,,,,,,,,,,,,,,,,,,,,,,,,,,,,,,,,,,,,,,,,,,,,,,,,,,,,,,,,,,,,
6067.3,2185.1,46.7,19061.8,2254.4,11.8,2.249145646635694,6.023327446694804,5.205092418266835,81.64526703274775,0.0,0,True,1,0,eod,8,bollinger;breaker;cisd;ema_trend;fvg;obv;order_block;rsi,21,352,,,,,,,,51,,,23,33,52,,,,,,,,197,1.9,,,,7,3,7,,,,,,,,,,,,,,,,,,,,,,,,,,,,,,,,,,,,,,,,,,,,,,,,,,,,,,,,,,,,,,,,,,,,,,,,,,,,,,,,,,,,,,,,,,,,,,,,,,,,,,,,,,,,,,,,,,,,,,,,,,,,,,,,,,,,,,,,,,,,,,,,,,,,,,,,,,,,,,,,,,,,,,,,,,,,,,,,,,,,,,,,,,,,,,,,,,,,,,,,,,,,,,,,,,,,,,,,,,,,,,,,,,,,,,,,,,,,,,,,,,,,,,,,,,,,,,,,,,,,,,,,,
6042.3,2185.1,47.0,19122.1,2254.4,11.8,2.249145646635694,6.023327446694804,5.205092418266835,81.64526703274775,0.0,0,True,1,0,eod,7,bollinger;breaker;ema_trend;fvg;obv;order_block;rsi,4,352,,,,,,,,51,,,23,33,52,,,,,,,,197,1.9,,,,7,3,7,,,,,,,,,,,,,,,,,,,,,,,,,,,,,,,,,,,,,,,,,,,,,,,,,,,,,,,,,,,,,,,,,,,,,,,,,,,,,,,,,,,,,,,,,,,,,,,,,,,,,,,,,,,,,,,,,,,,,,,,,,,,,,,,,,,,,,,,,,,,,,,,,,,,,,,,,,,,,,,,,,,,,,,,,,,,,,,,,,,,,,,,,,,,,,,,,,,,,,,,,,,,,,,,,,,,,,,,,,,,,,,,,,,,,,,,,,,,,,,,,,,,,,,,,,,,,,,,,,,,,,,,,
6042.3,2185.1,47.0,19122.1,2254.4,11.8,2.249145646635694,6.023327446694804,5.205092418266835,81.64526703274775,0.0,0,True,1,0,eod,6,bollinger;breaker;ema_trend;fvg;order_block;rsi,4,62,,,,,,,,,,,23,33,52,,,,,,,,197,1.9,,,,7,3,7,,,,,,,,,,,,,,,,,,,,,,,,,,,,,,,,,,,,,,,,,,,,,,,,,,,,,,,,,,,,,,,,,,,,,,,,,,,,,,,,,,,,,,,,,,,,,,,,,,,,,,,,,,,,,,,,,,,,,,,,,,,,,,,,,,,,,,,,,,,,,,,,,,,,,,,,,,,,,,,,,,,,,,,,,,,,,,,,,,,,,,,,,,,,,,,,,,,,,,,,,,,,,,,,,,,,,,,,,,,,,,,,,,,,,,,,,,,,,,,,,,,,,,,,,,,,,,,,,,,,,,,,,
6042.3,2185.1,47.0,19122.1,2254.4,11.8,2.249145646635694,6.023327446694804,5.205092418266835,81.64526703274775,0.0,0,True,1,0,eod,6,bollinger;breaker;ema_trend;fvg;order_block;rsi,21,352,,,,,,,,,,,23,33,52,,,,,,,,197,1.9,,,,7,3,7,,,,,,,,,,,,,,,,,,,,,,,,,,,,,,,,,,,,,,,,,,,,,,,,,,,,,,,,,,,,,,,,,,,,,,,,,,,,,,,,,,,,,,,,,,,,,,,,,,,,,,,,,,,,,,,,,,,,,,,,,,,,,,,,,,,,,,,,,,,,,,,,,,,,,,,,,,,,,,,,,,,,,,,,,,,,,,,,,,,,,,,,,,,,,,,,,,,,,,,,,,,,,,,,,,,,,,,,,,,,,,,,,,,,,,,,,,,,,,,,,,,,,,,,,,,,,,,,,,,,,,,,,
6042.3,2185.1,47.0,19122.1,2254.4,11.8,2.249145646635694,6.023327446694804,5.205092418266835,81.64526703274775,0.0,0,True,1,0,eod,7,bollinger;breaker;ema_trend;fvg;obv;order_block;rsi,4,352,,,,,,,,73,,,23,33,52,,,,,,,,197,1.9,,,,7,3,7,,,,,,,,,,,,,,,,,,,,,,,,,,,,,,,,,,,,,,,,,,,,,,,,,,,,,,,,,,,,,,,,,,,,,,,,,,,,,,,,,,,,,,,,,,,,,,,,,,,,,,,,,,,,,,,,,,,,,,,,,,,,,,,,,,,,,,,,,,,,,,,,,,,,,,,,,,,,,,,,,,,,,,,,,,,,,,,,,,,,,,,,,,,,,,,,,,,,,,,,,,,,,,,,,,,,,,,,,,,,,,,,,,,,,,,,,,,,,,,,,,,,,,,,,,,,,,,,,,,,,,,,,
6042.3,2185.1,47.0,19122.1,2254.4,11.8,2.249145646635694,6.023327446694804,5.205092418266835,81.64526703274775,0.0,0,True,1,0,eod,6,bollinger;breaker;ema_trend;fvg;order_block;rsi,21,352,,,,,,,,,,,23,33,52,,,,,,,,197,1.9,,,,7,3,7,,,,,,,,,,,,,,,,,,,,,,,,,,,,,,,,,,,,,,,,,,,,,,,,,,,,,,,,,,,,,,,,,,,,,,,,,,,,,,,,,,,,,,,,,,,,,,,,,,,,,,,,,,,,,,,,,,,,,,,,,,,,,,,,,,,,,,,,,,,,,,,,,,,,,,,,,,,,,,,,,,,,,,,,,,,,,,,,,,,,,,,,,,,,,,,,,,,,,,,,,,,,,,,,,,,,,,,,,,,,,,,,,,,,,,,,,,,,,,,,,,,,,,,,,,,,,,,,,,,,,,,,,
6042.3,2185.1,47.0,19122.1,2254.4,11.8,2.249145646635694,6.023327446694804,5.205092418266835,81.64526703274775,0.0,0,True,1,0,eod,6,bollinger;breaker;ema_trend;fvg;order_block;rsi,21,352,,,,,,,,,,,23,33,52,,,,,,,,197,1.9,,,,7,3,7,,,,,,,,,,,,,,,,,,,,,,,,,,,,,,,,,,,,,,,,,,,,,,,,,,,,,,,,,,,,,,,,,,,,,,,,,,,,,,,,,,,,,,,,,,,,,,,,,,,,,,,,,,,,,,,,,,,,,,,,,,,,,,,,,,,,,,,,,,,,,,,,,,,,,,,,,,,,,,,,,,,,,,,,,,,,,,,,,,,,,,,,,,,,,,,,,,,,,,,,,,,,,,,,,,,,,,,,,,,,,,,,,,,,,,,,,,,,,,,,,,,,,,,,,,,,,,,,,,,,,,,,,
6042.3,2185.1,47.0,19122.1,2254.4,11.8,2.249145646635694,6.023327446694804,5.205092418266835,81.64526703274775,0.0,0,True,1,0,eod,7,bollinger;breaker;ema_trend;fvg;obv;order_block;rsi,4,352,,,,,,,,48,,,23,33,52,,,,,,,,197,1.9,,,,7,3,7,,,,,,,,,,,,,,,,,,,,,,,,,,,,,,,,,,,,,,,,,,,,,,,,,,,,,,,,,,,,,,,,,,,,,,,,,,,,,,,,,,,,,,,,,,,,,,,,,,,,,,,,,,,,,,,,,,,,,,,,,,,,,,,,,,,,,,,,,,,,,,,,,,,,,,,,,,,,,,,,,,,,,,,,,,,,,,,,,,,,,,,,,,,,,,,,,,,,,,,,,,,,,,,,,,,,,,,,,,,,,,,,,,,,,,,,,,,,,,,,,,,,,,,,,,,,,,,,,,,,,,,,,
6042.3,2185.1,47.0,19122.1,2254.4,11.8,2.249145646635694,6.023327446694804,5.205092418266835,81.64526703274775,0.0,0,True,1,0,eod,6,bollinger;breaker;ema_trend;fvg;order_block;rsi,21,352,,,,,,,,,,,23,33,52,,,,,,,,197,1.9,,,,7,3,7,,,,,,,,,,,,,,,,,,,,,,,,,,,,,,,,,,,,,,,,,,,,,,,,,,,,,,,,,,,,,,,,,,,,,,,,,,,,,,,,,,,,,,,,,,,,,,,,,,,,,,,,,,,,,,,,,,,,,,,,,,,,,,,,,,,,,,,,,,,,,,,,,,,,,,,,,,,,,,,,,,,,,,,,,,,,,,,,,,,,,,,,,,,,,,,,,,,,,,,,,,,,,,,,,,,,,,,,,,,,,,,,,,,,,,,,,,,,,,,,,,,,,,,,,,,,,,,,,,,,,,,,,
6042.3,2185.1,47.0,19122.1,2254.4,11.8,2.249145646635694,6.023327446694804,5.205092418266835,81.64526703274775,0.0,0,True,1,0,eod,6,bollinger;breaker;ema_trend;fvg;order_block;rsi,21,352,,,,,,,,,,,23,33,52,,,,,,,,197,1.9,,,,7,3,7,,,,,,,,,,,,,,,,,,,,,,,,,,,,,,,,,,,,,,,,,,,,,,,,,,,,,,,,,,,,,,,,,,,,,,,,,,,,,,,,,,,,,,,,,,,,,,,,,,,,,,,,,,,,,,,,,,,,,,,,,,,,,,,,,,,,,,,,,,,,,,,,,,,,,,,,,,,,,,,,,,,,,,,,,,,,,,,,,,,,,,,,,,,,,,,,,,,,,,,,,,,,,,,,,,,,,,,,,,,,,,,,,,,,,,,,,,,,,,,,,,,,,,,,,,,,,,,,,,,,,,,,,
6042.3,2185.1,47.0,19122.1,2254.4,11.8,2.249145646635694,6.023327446694804,5.205092418266835,81.64526703274775,0.0,0,True,1,0,eod,7,bollinger;breaker;ema_trend;fvg;obv;order_block;rsi,4,352,,,,,,,,164,,,23,33,52,,,,,,,,197,1.9,,,,7,3,7,,,,,,,,,,,,,,,,,,,,,,,,,,,,,,,,,,,,,,,,,,,,,,,,,,,,,,,,,,,,,,,,,,,,,,,,,,,,,,,,,,,,,,,,,,,,,,,,,,,,,,,,,,,,,,,,,,,,,,,,,,,,,,,,,,,,,,,,,,,,,,,,,,,,,,,,,,,,,,,,,,,,,,,,,,,,,,,,,,,,,,,,,,,,,,,,,,,,,,,,,,,,,,,,,,,,,,,,,,,,,,,,,,,,,,,,,,,,,,,,,,,,,,,,,,,,,,,,,,,,,,,,,
6042.3,2185.1,47.0,19122.1,2254.4,11.8,2.249145646635694,6.023327446694804,5.205092418266835,81.64526703274775,0.0,0,True,1,0,eod,7,bollinger;breaker;ema_trend;fvg;obv;order_block;rsi,198,352,,,,,,,,185,,,23,33,52,,,,,,,,197,1.9,,,,7,3,7,,,,,,,,,,,,,,,,,,,,,,,,,,,,,,,,,,,,,,,,,,,,,,,,,,,,,,,,,,,,,,,,,,,,,,,,,,,,,,,,,,,,,,,,,,,,,,,,,,,,,,,,,,,,,,,,,,,,,,,,,,,,,,,,,,,,,,,,,,,,,,,,,,,,,,,,,,,,,,,,,,,,,,,,,,,,,,,,,,,,,,,,,,,,,,,,,,,,,,,,,,,,,,,,,,,,,,,,,,,,,,,,,,,,,,,,,,,,,,,,,,,,,,,,,,,,,,,,,,,,,,,,,
6042.3,2185.1,47.0,19122.1,2254.4,11.8,2.249145646635694,6.023327446694804,5.205092418266835,81.64526703274775,0.0,0,True,1,0,eod,6,bollinger;breaker;fvg;obv;order_block;rsi,,,,,,,,,,51,,,23,33,52,,,,,,,,197,1.9,,,,7,3,7,,,,,,,,,,,,,,,,,,,,,,,,,,,,,,,,,,,,,,,,,,,,,,,,,,,,,,,,,,,,,,,,,,,,,,,,,,,,,,,,,,,,,,,,,,,,,,,,,,,,,,,,,,,,,,,,,,,,,,,,,,,,,,,,,,,,,,,,,,,,,,,,,,,,,,,,,,,,,,,,,,,,,,,,,,,,,,,,,,,,,,,,,,,,,,,,,,,,,,,,,,,,,,,,,,,,,,,,,,,,,,,,,,,,,,,,,,,,,,,,,,,,,,,,,,,,,,,,,,,,,,,,,
6042.3,2185.1,47.0,19122.1,2254.4,11.8,2.249145646635694,6.023327446694804,5.205092418266835,81.64526703274775,0.0,0,True,1,0,eod,6,bollinger;breaker;ema_trend;fvg;order_block;rsi,21,352,,,,,,,,,,,23,33,52,,,,,,,,197,1.9,,,,7,3,7,,,,,,,,,,,,,,,,,,,,,,,,,,,,,,,,,,,,,,,,,,,,,,,,,,,,,,,,,,,,,,,,,,,,,,,,,,,,,,,,,,,,,,,,,,,,,,,,,,,,,,,,,,,,,,,,,,,,,,,,,,,,,,,,,,,,,,,,,,,,,,,,,,,,,,,,,,,,,,,,,,,,,,,,,,,,,,,,,,,,,,,,,,,,,,,,,,,,,,,,,,,,,,,,,,,,,,,,,,,,,,,,,,,,,,,,,,,,,,,,,,,,,,,,,,,,,,,,,,,,,,,,,
6042.3,2185.1,47.0,19122.1,2254.4,11.8,2.249145646635694,6.023327446694804,5.205092418266835,81.64526703274775,0.0,0,True,1,0,eod,7,bollinger;breaker;ema_trend;fvg;obv;order_block;rsi,4,352,,,,,,,,164,,,23,33,52,,,,,,,,197,1.9,,,,7,3,7,,,,,,,,,,,,,,,,,,,,,,,,,,,,,,,,,,,,,,,,,,,,,,,,,,,,,,,,,,,,,,,,,,,,,,,,,,,,,,,,,,,,,,,,,,,,,,,,,,,,,,,,,,,,,,,,,,,,,,,,,,,,,,,,,,,,,,,,,,,,,,,,,,,,,,,,,,,,,,,,,,,,,,,,,,,,,,,,,,,,,,,,,,,,,,,,,,,,,,,,,,,,,,,,,,,,,,,,,,,,,,,,,,,,,,,,,,,,,,,,,,,,,,,,,,,,,,,,,,,,,,,,,
6042.3,2185.1,47.0,19122.1,2254.4,11.8,2.249145646635694,6.023327446694804,5.205092418266835,81.64526703274775,0.0,0,True,1,0,eod,6,bollinger;breaker;ema_trend;fvg;order_block;rsi,21,352,,,,,,,,,,,23,33,52,,,,,,,,197,1.9,,,,7,3,7,,,,,,,,,,,,,,,,,,,,,,,,,,,,,,,,,,,,,,,,,,,,,,,,,,,,,,,,,,,,,,,,,,,,,,,,,,,,,,,,,,,,,,,,,,,,,,,,,,,,,,,,,,,,,,,,,,,,,,,,,,,,,,,,,,,,,,,,,,,,,,,,,,,,,,,,,,,,,,,,,,,,,,,,,,,,,,,,,,,,,,,,,,,,,,,,,,,,,,,,,,,,,,,,,,,,,,,,,,,,,,,,,,,,,,,,,,,,,,,,,,,,,,,,,,,,,,,,,,,,,,,,,
6042.3,2185.1,47.0,19122.1,2254.4,11.8,2.249145646635694,6.023327446694804,5.205092418266835,81.64526703274775,0.0,0,True,1,0,eod,6,bollinger;breaker;ema_trend;fvg;order_block;rsi,21,352,,,,,,,,,,,23,33,52,,,,,,,,197,1.9,,,,7,3,7,,,,,,,,,,,,,,,,,,,,,,,,,,,,,,,,,,,,,,,,,,,,,,,,,,,,,,,,,,,,,,,,,,,,,,,,,,,,,,,,,,,,,,,,,,,,,,,,,,,,,,,,,,,,,,,,,,,,,,,,,,,,,,,,,,,,,,,,,,,,,,,,,,,,,,,,,,,,,,,,,,,,,,,,,,,,,,,,,,,,,,,,,,,,,,,,,,,,,,,,,,,,,,,,,,,,,,,,,,,,,,,,,,,,,,,,,,,,,,,,,,,,,,,,,,,,,,,,,,,,,,,,,
6042.3,2185.1,47.0,19122.1,2254.4,11.8,2.249145646635694,6.023327446694804,5.205092418266835,81.64526703274775,0.0,0,True,1,0,eod,6,bollinger;breaker;ema_trend;fvg;order_block;rsi,21,352,,,,,,,,,,,23,33,52,,,,,,,,197,1.9,,,,7,3,7,,,,,,,,,,,,,,,,,,,,,,,,,,,,,,,,,,,,,,,,,,,,,,,,,,,,,,,,,,,,,,,,,,,,,,,,,,,,,,,,,,,,,,,,,,,,,,,,,,,,,,,,,,,,,,,,,,,,,,,,,,,,,,,,,,,,,,,,,,,,,,,,,,,,,,,,,,,,,,,,,,,,,,,,,,,,,,,,,,,,,,,,,,,,,,,,,,,,,,,,,,,,,,,,,,,,,,,,,,,,,,,,,,,,,,,,,,,,,,,,,,,,,,,,,,,,,,,,,,,,,,,,,
6042.3,2185.1,47.0,19122.1,2254.4,11.8,2.249145646635694,6.023327446694804,5.205092418266835,81.64526703274775,0.0,0,True,1,0,eod,6,bollinger;breaker;ema_trend;fvg;order_block;rsi,21,352,,,,,,,,,,,23,33,52,,,,,,,,197,1.9,,,,7,3,7,,,,,,,,,,,,,,,,,,,,,,,,,,,,,,,,,,,,,,,,,,,,,,,,,,,,,,,,,,,,,,,,,,,,,,,,,,,,,,,,,,,,,,,,,,,,,,,,,,,,,,,,,,,,,,,,,,,,,,,,,,,,,,,,,,,,,,,,,,,,,,,,,,,,,,,,,,,,,,,,,,,,,,,,,,,,,,,,,,,,,,,,,,,,,,,,,,,,,,,,,,,,,,,,,,,,,,,,,,,,,,,,,,,,,,,,,,,,,,,,,,,,,,,,,,,,,,,,,,,,,,,,,
6042.3,2185.1,47.0,19122.1,2254.4,11.8,2.249145646635694,6.023327446694804,5.205092418266835,81.64526703274775,0.0,0,True,1,0,eod,6,bollinger;breaker;ema_trend;fvg;order_block;rsi,372,352,,,,,,,,,,,23,33,52,,,,,,,,197,1.9,,,,7,3,7,,,,,,,,,,,,,,,,,,,,,,,,,,,,,,,,,,,,,,,,,,,,,,,,,,,,,,,,,,,,,,,,,,,,,,,,,,,,,,,,,,,,,,,,,,,,,,,,,,,,,,,,,,,,,,,,,,,,,,,,,,,,,,,,,,,,,,,,,,,,,,,,,,,,,,,,,,,,,,,,,,,,,,,,,,,,,,,,,,,,,,,,,,,,,,,,,,,,,,,,,,,,,,,,,,,,,,,,,,,,,,,,,,,,,,,,,,,,,,,,,,,,,,,,,,,,,,,,,,,,,,,,,
6042.3,2185.1,47.0,19122.1,2254.4,11.8,2.249145646635694,6.023327446694804,5.205092418266835,81.64526703274775,0.0,0,True,1,0,eod,6,bollinger;breaker;ema_trend;fvg;order_block;rsi,21,352,,,,,,,,,,,23,33,52,,,,,,,,197,1.9,,,,7,3,7,,,,,,,,,,,,,,,,,,,,,,,,,,,,,,,,,,,,,,,,,,,,,,,,,,,,,,,,,,,,,,,,,,,,,,,,,,,,,,,,,,,,,,,,,,,,,,,,,,,,,,,,,,,,,,,,,,,,,,,,,,,,,,,,,,,,,,,,,,,,,,,,,,,,,,,,,,,,,,,,,,,,,,,,,,,,,,,,,,,,,,,,,,,,,,,,,,,,,,,,,,,,,,,,,,,,,,,,,,,,,,,,,,,,,,,,,,,,,,,,,,,,,,,,,,,,,,,,,,,,,,,,,
6042.3,2185.1,47.0,19122.1,2254.4,11.8,2.249145646635694,6.023327446694804,5.205092418266835,81.64526703274775,0.0,0,True,1,0,eod,6,bollinger;breaker;ema_trend;fvg;order_block;rsi,298,352,,,,,,,,,,,23,33,52,,,,,,,,197,1.9,,,,7,3,7,,,,,,,,,,,,,,,,,,,,,,,,,,,,,,,,,,,,,,,,,,,,,,,,,,,,,,,,,,,,,,,,,,,,,,,,,,,,,,,,,,,,,,,,,,,,,,,,,,,,,,,,,,,,,,,,,,,,,,,,,,,,,,,,,,,,,,,,,,,,,,,,,,,,,,,,,,,,,,,,,,,,,,,,,,,,,,,,,,,,,,,,,,,,,,,,,,,,,,,,,,,,,,,,,,,,,,,,,,,,,,,,,,,,,,,,,,,,,,,,,,,,,,,,,,,,,,,,,,,,,,,,,
6042.3,2185.1,47.0,19122.1,2254.4,11.8,2.249145646635694,6.023327446694804,5.205092418266835,81.64526703274775,0.0,0,True,1,0,eod,6,bollinger;breaker;ema_trend;fvg;order_block;rsi,21,352,,,,,,,,,,,23,33,52,,,,,,,,197,1.9,,,,7,3,7,,,,,,,,,,,,,,,,,,,,,,,,,,,,,,,,,,,,,,,,,,,,,,,,,,,,,,,,,,,,,,,,,,,,,,,,,,,,,,,,,,,,,,,,,,,,,,,,,,,,,,,,,,,,,,,,,,,,,,,,,,,,,,,,,,,,,,,,,,,,,,,,,,,,,,,,,,,,,,,,,,,,,,,,,,,,,,,,,,,,,,,,,,,,,,,,,,,,,,,,,,,,,,,,,,,,,,,,,,,,,,,,,,,,,,,,,,,,,,,,,,,,,,,,,,,,,,,,,,,,,,,,,
6042.3,2185.1,47.0,19122.1,2254.4,11.8,2.249145646635694,6.023327446694804,5.205092418266835,81.64526703274775,0.0,0,True,1,0,eod,6,bollinger;breaker;ema_trend;fvg;order_block;rsi,298,352,,,,,,,,,,,23,33,52,,,,,,,,197,1.9,,,,7,3,7,,,,,,,,,,,,,,,,,,,,,,,,,,,,,,,,,,,,,,,,,,,,,,,,,,,,,,,,,,,,,,,,,,,,,,,,,,,,,,,,,,,,,,,,,,,,,,,,,,,,,,,,,,,,,,,,,,,,,,,,,,,,,,,,,,,,,,,,,,,,,,,,,,,,,,,,,,,,,,,,,,,,,,,,,,,,,,,,,,,,,,,,,,,,,,,,,,,,,,,,,,,,,,,,,,,,,,,,,,,,,,,,,,,,,,,,,,,,,,,,,,,,,,,,,,,,,,,,,,,,,,,,,
6042.3,2185.1,47.0,19122.1,2254.4,11.8,2.249145646635694,6.023327446694804,5.205092418266835,81.64526703274775,0.0,0,True,1,0,eod,7,bollinger;breaker;ema_trend;fvg;obv;order_block;rsi,4,352,,,,,,,,73,,,23,33,52,,,,,,,,197,1.9,,,,7,3,7,,,,,,,,,,,,,,,,,,,,,,,,,,,,,,,,,,,,,,,,,,,,,,,,,,,,,,,,,,,,,,,,,,,,,,,,,,,,,,,,,,,,,,,,,,,,,,,,,,,,,,,,,,,,,,,,,,,,,,,,,,,,,,,,,,,,,,,,,,,,,,,,,,,,,,,,,,,,,,,,,,,,,,,,,,,,,,,,,,,,,,,,,,,,,,,,,,,,,,,,,,,,,,,,,,,,,,,,,,,,,,,,,,,,,,,,,,,,,,,,,,,,,,,,,,,,,,,,,,,,,,,,,
6042.3,2185.1,47.0,19122.1,2254.4,11.8,2.249145646635694,6.023327446694804,5.205092418266835,81.64526703274775,0.0,0,True,1,0,eod,7,bollinger;breaker;ema_trend;fvg;obv;order_block;rsi,21,352,,,,,,,,73,,,23,33,52,,,,,,,,197,1.9,,,,7,3,7,,,,,,,,,,,,,,,,,,,,,,,,,,,,,,,,,,,,,,,,,,,,,,,,,,,,,,,,,,,,,,,,,,,,,,,,,,,,,,,,,,,,,,,,,,,,,,,,,,,,,,,,,,,,,,,,,,,,,,,,,,,,,,,,,,,,,,,,,,,,,,,,,,,,,,,,,,,,,,,,,,,,,,,,,,,,,,,,,,,,,,,,,,,,,,,,,,,,,,,,,,,,,,,,,,,,,,,,,,,,,,,,,,,,,,,,,,,,,,,,,,,,,,,,,,,,,,,,,,,,,,,,,
6042.3,2185.1,47.0,19122.1,2254.4,11.8,2.249145646635694,6.023327446694804,5.205092418266835,81.64526703274775,0.0,0,True,1,0,eod,6,bollinger;breaker;ema_trend;fvg;order_block;rsi,4,352,,,,,,,,,,,23,33,52,,,,,,,,197,1.9,,,,7,3,7,,,,,,,,,,,,,,,,,,,,,,,,,,,,,,,,,,,,,,,,,,,,,,,,,,,,,,,,,,,,,,,,,,,,,,,,,,,,,,,,,,,,,,,,,,,,,,,,,,,,,,,,,,,,,,,,,,,,,,,,,,,,,,,,,,,,,,,,,,,,,,,,,,,,,,,,,,,,,,,,,,,,,,,,,,,,,,,,,,,,,,,,,,,,,,,,,,,,,,,,,,,,,,,,,,,,,,,,,,,,,,,,,,,,,,,,,,,,,,,,,,,,,,,,,,,,,,,,,,,,,,,,,
6042.3,2185.1,47.0,19122.1,2254.4,11.8,2.249145646635694,6.023327446694804,5.205092418266835,81.64526703274775,0.0,0,True,1,0,eod,6,bollinger;breaker;ema_trend;fvg;order_block;rsi,4,352,,,,,,,,,,,23,33,52,,,,,,,,197,1.9,,,,7,3,7,,,,,,,,,,,,,,,,,,,,,,,,,,,,,,,,,,,,,,,,,,,,,,,,,,,,,,,,,,,,,,,,,,,,,,,,,,,,,,,,,,,,,,,,,,,,,,,,,,,,,,,,,,,,,,,,,,,,,,,,,,,,,,,,,,,,,,,,,,,,,,,,,,,,,,,,,,,,,,,,,,,,,,,,,,,,,,,,,,,,,,,,,,,,,,,,,,,,,,,,,,,,,,,,,,,,,,,,,,,,,,,,,,,,,,,,,,,,,,,,,,,,,,,,,,,,,,,,,,,,,,,,,
6042.3,2185.1,47.0,19122.1,2254.4,11.8,2.249145646635694,6.023327446694804,5.205092418266835,81.64526703274775,0.0,0,True,1,0,eod,6,bollinger;breaker;ema_trend;fvg;order_block;rsi,21,352,,,,,,,,,,,23,33,52,,,,,,,,197,1.9,,,,7,3,7,,,,,,,,,,,,,,,,,,,,,,,,,,,,,,,,,,,,,,,,,,,,,,,,,,,,,,,,,,,,,,,,,,,,,,,,,,,,,,,,,,,,,,,,,,,,,,,,,,,,,,,,,,,,,,,,,,,,,,,,,,,,,,,,,,,,,,,,,,,,,,,,,,,,,,,,,,,,,,,,,,,,,,,,,,,,,,,,,,,,,,,,,,,,,,,,,,,,,,,,,,,,,,,,,,,,,,,,,,,,,,,,,,,,,,,,,,,,,,,,,,,,,,,,,,,,,,,,,,,,,,,,,
6042.3,2185.1,47.0,19122.1,2254.4,11.8,2.249145646635694,6.023327446694804,5.205092418266835,81.64526703274775,0.0,0,True,1,0,eod,6,bollinger;breaker;ema_trend;fvg;order_block;rsi,298,352,,,,,,,,,,,23,33,52,,,,,,,,197,1.9,,,,7,3,7,,,,,,,,,,,,,,,,,,,,,,,,,,,,,,,,,,,,,,,,,,,,,,,,,,,,,,,,,,,,,,,,,,,,,,,,,,,,,,,,,,,,,,,,,,,,,,,,,,,,,,,,,,,,,,,,,,,,,,,,,,,,,,,,,,,,,,,,,,,,,,,,,,,,,,,,,,,,,,,,,,,,,,,,,,,,,,,,,,,,,,,,,,,,,,,,,,,,,,,,,,,,,,,,,,,,,,,,,,,,,,,,,,,,,,,,,,,,,,,,,,,,,,,,,,,,,,,,,,,,,,,,,
6042.3,2185.1,47.0,19122.1,2254.4,11.8,2.249145646635694,6.023327446694804,5.205092418266835,81.64526703274775,0.0,0,True,1,0,eod,6,bollinger;breaker;ema_trend;fvg;order_block;rsi,298,352,,,,,,,,,,,23,33,52,,,,,,,,197,1.9,,,,7,3,7,,,,,,,,,,,,,,,,,,,,,,,,,,,,,,,,,,,,,,,,,,,,,,,,,,,,,,,,,,,,,,,,,,,,,,,,,,,,,,,,,,,,,,,,,,,,,,,,,,,,,,,,,,,,,,,,,,,,,,,,,,,,,,,,,,,,,,,,,,,,,,,,,,,,,,,,,,,,,,,,,,,,,,,,,,,,,,,,,,,,,,,,,,,,,,,,,,,,,,,,,,,,,,,,,,,,,,,,,,,,,,,,,,,,,,,,,,,,,,,,,,,,,,,,,,,,,,,,,,,,,,,,,
6042.3,2185.1,47.0,19122.1,2254.4,11.8,2.249145646635694,6.023327446694804,5.205092418266835,81.64526703274775,0.0,0,True,1,0,eod,6,bollinger;breaker;ema_trend;fvg;order_block;rsi,21,352,,,,,,,,,,,23,33,52,,,,,,,,197,1.9,,,,7,3,7,,,,,,,,,,,,,,,,,,,,,,,,,,,,,,,,,,,,,,,,,,,,,,,,,,,,,,,,,,,,,,,,,,,,,,,,,,,,,,,,,,,,,,,,,,,,,,,,,,,,,,,,,,,,,,,,,,,,,,,,,,,,,,,,,,,,,,,,,,,,,,,,,,,,,,,,,,,,,,,,,,,,,,,,,,,,,,,,,,,,,,,,,,,,,,,,,,,,,,,,,,,,,,,,,,,,,,,,,,,,,,,,,,,,,,,,,,,,,,,,,,,,,,,,,,,,,,,,,,,,,,,,,
6042.3,2185.1,47.0,19122.1,2254.4,11.8,2.249145646635694,6.023327446694804,5.205092418266835,81.64526703274775,0.0,0,True,1,0,eod,7,bollinger;breaker;ema_trend;fvg;obv;order_block;rsi,21,352,,,,,,,,51,,,23,33,52,,,,,,,,197,1.9,,,,7,3,7,,,,,,,,,,,,,,,,,,,,,,,,,,,,,,,,,,,,,,,,,,,,,,,,,,,,,,,,,,,,,,,,,,,,,,,,,,,,,,,,,,,,,,,,,,,,,,,,,,,,,,,,,,,,,,,,,,,,,,,,,,,,,,,,,,,,,,,,,,,,,,,,,,,,,,,,,,,,,,,,,,,,,,,,,,,,,,,,,,,,,,,,,,,,,,,,,,,,,,,,,,,,,,,,,,,,,,,,,,,,,,,,,,,,,,,,,,,,,,,,,,,,,,,,,,,,,,,,,,,,,,,,,
6042.3,2185.1,47.0,19122.1,2254.4,11.8,2.249145646635694,6.023327446694804,5.205092418266835,81.64526703274775,0.0,0,True,1,0,eod,6,bollinger;breaker;ema_trend;fvg;order_block;rsi,21,352,,,,,,,,,,,23,33,52,,,,,,,,197,1.9,,,,7,3,7,,,,,,,,,,,,,,,,,,,,,,,,,,,,,,,,,,,,,,,,,,,,,,,,,,,,,,,,,,,,,,,,,,,,,,,,,,,,,,,,,,,,,,,,,,,,,,,,,,,,,,,,,,,,,,,,,,,,,,,,,,,,,,,,,,,,,,,,,,,,,,,,,,,,,,,,,,,,,,,,,,,,,,,,,,,,,,,,,,,,,,,,,,,,,,,,,,,,,,,,,,,,,,,,,,,,,,,,,,,,,,,,,,,,,,,,,,,,,,,,,,,,,,,,,,,,,,,,,,,,,,,,,
6042.3,2185.1,47.0,19122.1,2254.4,11.8,2.249145646635694,6.023327446694804,5.205092418266835,81.64526703274775,0.0,0,True,1,0,eod,6,bollinger;breaker;ema_trend;fvg;order_block;rsi,21,62,,,,,,,,,,,23,33,52,,,,,,,,197,1.9,,,,7,3,7,,,,,,,,,,,,,,,,,,,,,,,,,,,,,,,,,,,,,,,,,,,,,,,,,,,,,,,,,,,,,,,,,,,,,,,,,,,,,,,,,,,,,,,,,,,,,,,,,,,,,,,,,,,,,,,,,,,,,,,,,,,,,,,,,,,,,,,,,,,,,,,,,,,,,,,,,,,,,,,,,,,,,,,,,,,,,,,,,,,,,,,,,,,,,,,,,,,,,,,,,,,,,,,,,,,,,,,,,,,,,,,,,,,,,,,,,,,,,,,,,,,,,,,,,,,,,,,,,,,,,,,,,
6042.3,2185.1,47.0,19122.1,2254.4,11.8,2.249145646635694,6.023327446694804,5.205092418266835,81.64526703274775,0.0,0,True,1,0,eod,6,bollinger;breaker;ema_trend;fvg;order_block;rsi,21,352,,,,,,,,,,,23,33,52,,,,,,,,197,1.9,,,,7,3,7,,,,,,,,,,,,,,,,,,,,,,,,,,,,,,,,,,,,,,,,,,,,,,,,,,,,,,,,,,,,,,,,,,,,,,,,,,,,,,,,,,,,,,,,,,,,,,,,,,,,,,,,,,,,,,,,,,,,,,,,,,,,,,,,,,,,,,,,,,,,,,,,,,,,,,,,,,,,,,,,,,,,,,,,,,,,,,,,,,,,,,,,,,,,,,,,,,,,,,,,,,,,,,,,,,,,,,,,,,,,,,,,,,,,,,,,,,,,,,,,,,,,,,,,,,,,,,,,,,,,,,,,,
6042.3,2185.1,47.0,19122.1,2254.4,11.8,2.249145646635694,6.023327446694804,5.205092418266835,81.64526703274775,0.0,0,True,1,0,eod,6,bollinger;breaker;ema_trend;fvg;order_block;rsi,21,40,,,,,,,,,,,23,33,52,,,,,,,,197,1.9,,,,7,3,7,,,,,,,,,,,,,,,,,,,,,,,,,,,,,,,,,,,,,,,,,,,,,,,,,,,,,,,,,,,,,,,,,,,,,,,,,,,,,,,,,,,,,,,,,,,,,,,,,,,,,,,,,,,,,,,,,,,,,,,,,,,,,,,,,,,,,,,,,,,,,,,,,,,,,,,,,,,,,,,,,,,,,,,,,,,,,,,,,,,,,,,,,,,,,,,,,,,,,,,,,,,,,,,,,,,,,,,,,,,,,,,,,,,,,,,,,,,,,,,,,,,,,,,,,,,,,,,,,,,,,,,,,
6042.3,2185.1,47.0,19122.1,2254.4,11.8,2.249145646635694,6.023327446694804,5.205092418266835,81.64526703274775,0.0,0,True,1,0,eod,7,bollinger;breaker;ema_trend;fvg;obv;order_block;rsi,4,352,,,,,,,,51,,,23,33,52,,,,,,,,197,1.9,,,,7,3,7,,,,,,,,,,,,,,,,,,,,,,,,,,,,,,,,,,,,,,,,,,,,,,,,,,,,,,,,,,,,,,,,,,,,,,,,,,,,,,,,,,,,,,,,,,,,,,,,,,,,,,,,,,,,,,,,,,,,,,,,,,,,,,,,,,,,,,,,,,,,,,,,,,,,,,,,,,,,,,,,,,,,,,,,,,,,,,,,,,,,,,,,,,,,,,,,,,,,,,,,,,,,,,,,,,,,,,,,,,,,,,,,,,,,,,,,,,,,,,,,,,,,,,,,,,,,,,,,,,,,,,,,,
5962.4,2575.9,52.8,20783.9,2510.7,12.1,3.063302627900696,5.4946801876899265,5.205092418266835,81.64526703274775,0.0,0,True,1,0,eod,7,bollinger;breaker;cisd;ema_trend;fvg;order_block;rsi,21,62,,,,,,,,,,,23,33,52,,,,,,,,197,1.9,,,,7,3,7,,,,,,,,,,,,,,,,,,,,,,,,,,,,,,,,,,,,,,,,,,,,,,,,,,,,,,,,,,,,,,,,,,,,,,,,,,,,,,,,,,,,,,,,,,,,,,,,,,,,,,,,,,,,,,,,,,,,,,,,,,,,,,,,,,,,,,,,,,,,,,,,,,,,,,,,,,,,,,,,,,,,,,,,,,,,,,,,,,,,,,,,,,,,,,,,,,,,,,,,,,,,,,,,,,,,,,,,,,,,,,,,,,,,,,,,,,,,,,,,,,,,,,,,,,,,,,,,,,,,,,,,,
5962.4,2575.9,52.8,20783.9,2510.7,12.1,3.063302627900696,5.4946801876899265,5.205092418266835,81.64526703274775,0.0,0,True,1,0,eod,7,bollinger;breaker;cisd;ema_trend;fvg;order_block;rsi,21,62,,,,,,,,,,,23,33,52,,,,,,,,197,1.9,,,,7,3,7,,,,,,,,,,,,,,,,,,,,,,,,,,,,,,,,,,,,,,,,,,,,,,,,,,,,,,,,,,,,,,,,,,,,,,,,,,,,,,,,,,,,,,,,,,,,,,,,,,,,,,,,,,,,,,,,,,,,,,,,,,,,,,,,,,,,,,,,,,,,,,,,,,,,,,,,,,,,,,,,,,,,,,,,,,,,,,,,,,,,,,,,,,,,,,,,,,,,,,,,,,,,,,,,,,,,,,,,,,,,,,,,,,,,,,,,,,,,,,,,,,,,,,,,,,,,,,,,,,,,,,,,,
5859.5,2336.4,50.9,20278.4,2342.7,11.6,2.791207769155335,5.2225853289445645,5.205092418266835,81.64526703274775,0.0,0,True,1,0,eod,7,bollinger;breaker;ema_trend;fvg;obv;order_block;rsi,21,352,,,,,,,,51,,,23,33,52,,,,,,,,197,1.9,,,,7,3,7,,,,,,,,,,,,,,,,,,,,,,,,,,,,,,,,,,,,,,,,,,,,,,,,,,,,,,,,,,,,,,,,,,,,,,,,,,,,,,,,,,,,,,,,,,,,,,,,,,,,,,,,,,,,,,,,,,,,,,,,,,,,,,,,,,,,,,,,,,,,,,,,,,,,,,,,,,,,,,,,,,,,,,,,,,,,,,,,,,,,,,,,,,,,,,,,,,,,,,,,,,,,,,,,,,,,,,,,,,,,,,,,,,,,,,,,,,,,,,,,,,,,,,,,,,,,,,,,,,,,,,,,,
5839.0,2146.8,54.0,23904.5,2261.6,9.5,2.791207769155335,6.565389569214446,5.205092418266835,81.64526703274775,0.0,0,True,1,0,eod,8,bollinger;breaker;cisd;ema_trend;fvg;obv;order_block;rsi,21,352,,,,,,,,51,,,23,33,52,,,,,,,,197,2.2,,,,7,26,7,,,,,,,,,,,,,,,,,,,,,,,,,,,,,,,,,,,,,,,,,,,,,,,,,,,,,,,,,,,,,,,,,,,,,,,,,,,,,,,,,,,,,,,,,,,,,,,,,,,,,,,,,,,,,,,,,,,,,,,,,,,,,,,,,,,,,,,,,,,,,,,,,,,,,,,,,,,,,,,,,,,,,,,,,,,,,,,,,,,,,,,,,,,,,,,,,,,,,,,,,,,,,,,,,,,,,,,,,,,,,,,,,,,,,,,,,,,,,,,,,,,,,,,,,,,,,,,,,,,,,,,,,
5815.7,1863.8,55.5,20130.1,4122.9,20.5,2.791207769155335,6.565389569214446,5.205092418266835,81.64526703274775,0.0,0,True,3,0,eod,8,bollinger;breaker;cisd;ema_trend;fvg;order_block;rsi;vwap,21,352,,,,,,,,,,,23,33,52,,,,,,,,197,1.9,,,,7,3,7,,,,,,,,,,,,,,,,,,,,,,,,,,,,,,,,,,,,,,,,,,,,,,,,,,,,,,,,,,,,,,,,,,,,,,,,,,,,,,,,,,,,,,,,,,,,,,,,,,,,,,,,,,,,,,,,,,,,,,,,,,,,,,,,,,,,,,,,,,,,,,,,,,,,,,,,,,,,,,,,,,,,,,,,,,,,,,,,,,,,,,,,,,,,,,,,,,,,,,,,,,,,,,,,,,,,,,,,,,,,,,,,,,,,,,,,,,,,,,,,,,,,,,,,,,,,,,,,,,,,,,,,,
5724.1,2632.9,76.4,24129.1,2529.2,10.5,2.791207769155335,6.565389569214446,1.7349980158970395,92.25261201088631,0.0,0,True,1,0,eod,7,bollinger;breaker;cisd;ema_trend;fvg;obv;order_block,198,352,,,,,,,,185,,,,,,,,,,,,,197,1.9,,,,7,49,7,,,,,,,,,,,,,,,,,,,,,,,,,,,,,,,,,,,,,,,,,,,,,,,,,,,,,,,,,,,,,,,,,,,,,,,,,,,,,,,,,,,,,,,,,,,,,,,,,,,,,,,,,,,,,,,,,,,,,,,,,,,,,,,,,,,,,,,,,,,,,,,,,,,,,,,,,,,,,,,,,,,,,,,,,,,,,,,,,,,,,,,,,,,,,,,,,,,,,,,,,,,,,,,,,,,,,,,,,,,,,,,,,,,,,,,,,,,,,,,,,,,,,,,,,,,,,,,,,,,,,,,,,
5707.4,1349.4,69.7,17099.2,3893.5,22.8,2.096344296235996,5.870526096295107,1.9915607395530073,81.64526703274775,0.0,0,True,1,0,eod,8,bollinger;breaker;cci;cisd;ema_trend;fvg;obv;order_block,198,352,,,,,,,,170,65,285,,,,,,,,,,,197,1.9,,,,7,49,7,,,,,,,,,,,,,,,,,,,,,,,,,,,,,,,,,,,,,,,,,,,,,,,,,,,,,,,,,,,,,,,,,,,,,,,,,,,,,,,,,,,,,,,,,,,,,,,,,,,,,,,,,,,,,,,,,,,,,,,,,,,,,,,,,,,,,,,,,,,,,,,,,,,,,,,,,,,,,,,,,,,,,,,,,,,,,,,,,,,,,,,,,,,,,,,,,,,,,,,,,,,,,,,,,,,,,,,,,,,,,,,,,,,,,,,,,,,,,,,,,,,,,,,,,,,,,,,,,,,,,,,,,
5707.4,1349.4,69.7,17099.2,3893.5,22.8,2.096344296235996,5.870526096295107,1.9915607395530073,81.64526703274775,0.0,0,True,1,0,eod,7,bollinger;breaker;cisd;ema_trend;fvg;obv;order_block,198,352,,,,,,,,51,,,,,,,,,,,,,197,1.9,,,,7,49,7,,,,,,,,,,,,,,,,,,,,,,,,,,,,,,,,,,,,,,,,,,,,,,,,,,,,,,,,,,,,,,,,,,,,,,,,,,,,,,,,,,,,,,,,,,,,,,,,,,,,,,,,,,,,,,,,,,,,,,,,,,,,,,,,,,,,,,,,,,,,,,,,,,,,,,,,,,,,,,,,,,,,,,,,,,,,,,,,,,,,,,,,,,,,,,,,,,,,,,,,,,,,,,,,,,,,,,,,,,,,,,,,,,,,,,,,,,,,,,,,,,,,,,,,,,,,,,,,,,,,,,,,,
5674.8,1343.3,69.5,16974.9,3852.8,22.7,2.096344296235996,5.807906090701366,1.9915607395530073,81.64526703274775,0.0,0,True,1,0,eod,5,bollinger;breaker;ema_trend;fvg;order_block,4,352,,,,,,,,,,,,,,,,,,,,,197,1.9,,,,7,49,7,,,,,,,,,,,,,,,,,,,,,,,,,,,,,,,,,,,,,,,,,,,,,,,,,,,,,,,,,,,,,,,,,,,,,,,,,,,,,,,,,,,,,,,,,,,,,,,,,,,,,,,,,,,,,,,,,,,,,,,,,,,,,,,,,,,,,,,,,,,,,,,,,,,,,,,,,,,,,,,,,,,,,,,,,,,,,,,,,,,,,,,,,,,,,,,,,,,,,,,,,,,,,,,,,,,,,,,,,,,,,,,,,,,,,,,,,,,,,,,,,,,,,,,,,,,,,,,,,,,,,,,,,
5608.1,2238.3,75.8,17077.1,3783.9,22.2,3.063302627900696,5.4946801876899265,1.7349980158970395,81.64526703274775,0.0,0,True,1,0,eod,7,bollinger;breaker;cisd;ema_trend;fvg;order_block;vwap,21,352,,,,,,,,,,,,,,,,,,,,,197,1.9,,,,7,3,7,,,,,,,,,,,,,,,,,,,,,,,,,,,,,,,,,,,,,,,,,,,,,,,,,,,,,,,,,,,,,,,,,,,,,,,,,,,,,,,,,,,,,,,,,,,,,,,,,,,,,,,,,,,,,,,,,,,,,,,,,,,,,,,,,,,,,,,,,,,,,,,,,,,,,,,,,,,,,,,,,,,,,,,,,,,,,,,,,,,,,,,,,,,,,,,,,,,,,,,,,,,,,,,,,,,,,,,,,,,,,,,,,,,,,,,,,,,,,,,,,,,,,,,,,,,,,,,,,,,,,,,,,
5532.0,2228.1,74.7,17200.1,4070.0,23.7,2.791207769155335,6.565389569214446,1.7349980158970395,81.64526703274775,0.0,0,True,1,0,eod,7,bollinger;breaker;cisd;ema_trend;fvg;obv;order_block,245,352,,,,,,,,51,,,,,,,,,,,,,197,1.9,,,,7,3,7,,,,,,,,,,,,,,,,,,,,,,,,,,,,,,,,,,,,,,,,,,,,,,,,,,,,,,,,,,,,,,,,,,,,,,,,,,,,,,,,,,,,,,,,,,,,,,,,,,,,,,,,,,,,,,,,,,,,,,,,,,,,,,,,,,,,,,,,,,,,,,,,,,,,,,,,,,,,,,,,,,,,,,,,,,,,,,,,,,,,,,,,,,,,,,,,,,,,,,,,,,,,,,,,,,,,,,,,,,,,,,,,,,,,,,,,,,,,,,,,,,,,,,,,,,,,,,,,,,,,,,,,,
5521.8,2425.9,80.2,22181.1,2425.9,10.9,2.791207769155335,6.565389569214446,1.7349980158970395,99.85826009289379,0.0,0,True,1,0,eod,9,bollinger;breaker;cci;cisd;ema_trend;fvg;obv;order_block;rsi,21,352,,,,,,,,51,65,285,23,33,52,,,,,,,,197,1.9,,,,7,28,7,,,,,,,,,,,,,,,,,,,,,,,,,,,,,,,,,,,,,,,,,,,,,,,,,,,,,,,,,,,,,,,,,,,,,,,,,,,,,,,,,,,,,,,,,,,,,,,,,,,,,,,,,,,,,,,,,,,,,,,,,,,,,,,,,,,,,,,,,,,,,,,,,,,,,,,,,,,,,,,,,,,,,,,,,,,,,,,,,,,,,,,,,,,,,,,,,,,,,,,,,,,,,,,,,,,,,,,,,,,,,,,,,,,,,,,,,,,,,,,,,,,,,,,,,,,,,,,,,,,,,,,,,
5464.3,2228.1,74.7,16728.9,4070.0,24.3,2.791207769155335,6.565389569214446,1.7349980158970395,81.64526703274775,0.0,0,True,1,0,eod,7,bollinger;breaker;cisd;ema_trend;fvg;obv;order_block,198,352,,,,,,,,51,,,,,,,,,,,,,197,1.9,,,,7,3,7,,,,,,,,,,,,,,,,,,,,,,,,,,,,,,,,,,,,,,,,,,,,,,,,,,,,,,,,,,,,,,,,,,,,,,,,,,,,,,,,,,,,,,,,,,,,,,,,,,,,,,,,,,,,,,,,,,,,,,,,,,,,,,,,,,,,,,,,,,,,,,,,,,,,,,,,,,,,,,,,,,,,,,,,,,,,,,,,,,,,,,,,,,,,,,,,,,,,,,,,,,,,,,,,,,,,,,,,,,,,,,,,,,,,,,,,,,,,,,,,,,,,,,,,,,,,,,,,,,,,,,,,,
5464.3,2228.1,74.7,16728.9,4070.0,24.3,2.791207769155335,6.565389569214446,1.7349980158970395,81.64526703274775,0.0,0,True,1,0,eod,8,bollinger;breaker;cci;cisd;ema_trend;fvg;obv;order_block,198,352,,,,,,,,51,84,285,,,,,,,,,,,197,1.9,,,,7,3,7,,,,,,,,,,,,,,,,,,,,,,,,,,,,,,,,,,,,,,,,,,,,,,,,,,,,,,,,,,,,,,,,,,,,,,,,,,,,,,,,,,,,,,,,,,,,,,,,,,,,,,,,,,,,,,,,,,,,,,,,,,,,,,,,,,,,,,,,,,,,,,,,,,,,,,,,,,,,,,,,,,,,,,,,,,,,,,,,,,,,,,,,,,,,,,,,,,,,,,,,,,,,,,,,,,,,,,,,,,,,,,,,,,,,,,,,,,,,,,,,,,,,,,,,,,,,,,,,,,,,,,,,,
5464.3,2228.1,74.7,16728.9,4070.0,24.3,2.791207769155335,6.565389569214446,1.7349980158970395,81.64526703274775,0.0,0,True,1,0,eod,7,bollinger;breaker;cisd;ema_trend;fvg;obv;order_block,198,352,,,,,,,,51,,,,,,,,,,,,,197,1.9,,,,7,3,7,,,,,,,,,,,,,,,,,,,,,,,,,,,,,,,,,,,,,,,,,,,,,,,,,,,,,,,,,,,,,,,,,,,,,,,,,,,,,,,,,,,,,,,,,,,,,,,,,,,,,,,,,,,,,,,,,,,,,,,,,,,,,,,,,,,,,,,,,,,,,,,,,,,,,,,,,,,,,,,,,,,,,,,,,,,,,,,,,,,,,,,,,,,,,,,,,,,,,,,,,,,,,,,,,,,,,,,,,,,,,,,,,,,,,,,,,,,,,,,,,,,,,,,,,,,,,,,,,,,,,,,,,
5464.3,2228.1,74.7,16728.9,4070.0,24.3,2.791207769155335,6.565389569214446,1.7349980158970395,81.64526703274775,0.0,0,True,1,0,eod,7,bollinger;breaker;cisd;ema_trend;fvg;obv;order_block,198,352,,,,,,,,51,,,,,,,,,,,,,197,1.9,,,,7,3,7,,,,,,,,,,,,,,,,,,,,,,,,,,,,,,,,,,,,,,,,,,,,,,,,,,,,,,,,,,,,,,,,,,,,,,,,,,,,,,,,,,,,,,,,,,,,,,,,,,,,,,,,,,,,,,,,,,,,,,,,,,,,,,,,,,,,,,,,,,,,,,,,,,,,,,,,,,,,,,,,,,,,,,,,,,,,,,,,,,,,,,,,,,,,,,,,,,,,,,,,,,,,,,,,,,,,,,,,,,,,,,,,,,,,,,,,,,,,,,,,,,,,,,,,,,,,,,,,,,,,,,,,,
5376.8,1714.5,70.8,18686.9,4537.6,24.3,2.249145646635694,5.036053491698906,1.7349980158970395,81.64526703274775,0.0,0,True,1,0,eod,8,bollinger;breaker;cisd;ema_trend;fvg;keltner;obv;order_block,4,352,,,,,,85,1.8,198,,,,,,,,,,,,,197,1.9,,,,7,3,7,,,,,,,,,,,,,,,,,,,,,,,,,,,,,,,,,,,,,,,,,,,,,,,,,,,,,,,,,,,,,,,,,,,,,,,,,,,,,,,,,,,,,,,,,,,,,,,,,,,,,,,,,,,,,,,,,,,,,,,,,,,,,,,,,,,,,,,,,,,,,,,,,,,,,,,,,,,,,,,,,,,,,,,,,,,,,,,,,,,,,,,,,,,,,,,,,,,,,,,,,,,,,,,,,,,,,,,,,,,,,,,,,,,,,,,,,,,,,,,,,,,,,,,,,,,,,,,,,,,,,,,,,
5235.1,2031.7,75.1,16404.1,3849.2,23.5,2.791207769155335,6.565389569214446,1.7349980158970395,81.64526703274775,0.0,0,True,1,0,eod,7,bollinger;breaker;cisd;ema_trend;fvg;obv;order_block,140,352,,,,,,,,185,,,,,,,,,,,,,197,1.9,,,,7,49,8,,,,,,,,,,,,,,,,,,,,,,,,,,,,,,,,,,,,,,,,,,,,,,,,,,,,,,,,,,,,,,,,,,,,,,,,,,,,,,,,,,,,,,,,,,,,,,,,,,,,,,,,,,,,,,,,,,,,,,,,,,,,,,,,,,,,,,,,,,,,,,,,,,,,,,,,,,,,,,,,,,,,,,,,,,,,,,,,,,,,,,,,,,,,,,,,,,,,,,,,,,,,,,,,,,,,,,,,,,,,,,,,,,,,,,,,,,,,,,,,,,,,,,,,,,,,,,,,,,,,,,,,,
5204.6,1835.4,71.2,17019.0,3724.7,21.9,2.096344296235996,5.870526096295107,1.7349980158970395,81.64526703274775,0.0,0,True,1,0,eod,7,bollinger;breaker;cisd;ema_trend;fvg;obv;order_block,21,352,,,,,,,,51,,,,,,,,,,,,,197,1.9,,,,7,8,7,,,,,,,,,,,,,,,,,,,,,,,,,,,,,,,,,,,,,,,,,,,,,,,,,,,,,,,,,,,,,,,,,,,,,,,,,,,,,,,,,,,,,,,,,,,,,,,,,,,,,,,,,,,,,,,,,,,,,,,,,,,,,,,,,,,,,,,,,,,,,,,,,,,,,,,,,,,,,,,,,,,,,,,,,,,,,,,,,,,,,,,,,,,,,,,,,,,,,,,,,,,,,,,,,,,,,,,,,,,,,,,,,,,,,,,,,,,,,,,,,,,,,,,,,,,,,,,,,,,,,,,,,
5196.6,1525.8,71.7,16534.2,3678.4,22.2,2.249145646635694,6.023327446694804,1.7349980158970395,81.64526703274775,0.0,0,True,1,0,eod,5,bollinger;breaker;ema_trend;fvg;order_block,198,352,,,,,,,,,,,,,,,,,,,,,197,1.9,,,,7,49,7,,,,,,,,,,,,,,,,,,,,,,,,,,,,,,,,,,,,,,,,,,,,,,,,,,,,,,,,,,,,,,,,,,,,,,,,,,,,,,,,,,,,,,,,,,,,,,,,,,,,,,,,,,,,,,,,,,,,,,,,,,,,,,,,,,,,,,,,,,,,,,,,,,,,,,,,,,,,,,,,,,,,,,,,,,,,,,,,,,,,,,,,,,,,,,,,,,,,,,,,,,,,,,,,,,,,,,,,,,,,,,,,,,,,,,,,,,,,,,,,,,,,,,,,,,,,,,,,,,,,,,,,,
5180.0,1966.1,75.5,18342.2,2718.9,14.8,2.791207769155335,6.5027695636207055,1.7349980158970395,81.64526703274775,0.0,0,True,1,0,eod,7,bollinger;breaker;cisd;ema_trend;fvg;obv;order_block,198,352,,,,,,,,51,,,,,,,,,,,,,197,1.8,,,,7,49,7,,,,,,,,,,,,,,,,,,,,,,,,,,,,,,,,,,,,,,,,,,,,,,,,,,,,,,,,,,,,,,,,,,,,,,,,,,,,,,,,,,,,,,,,,,,,,,,,,,,,,,,,,,,,,,,,,,,,,,,,,,,,,,,,,,,,,,,,,,,,,,,,,,,,,,,,,,,,,,,,,,,,,,,,,,,,,,,,,,,,,,,,,,,,,,,,,,,,,,,,,,,,,,,,,,,,,,,,,,,,,,,,,,,,,,,,,,,,,,,,,,,,,,,,,,,,,,,,,,,,,,,,,
5113.4,1832.8,74.9,16500.6,3923.4,23.8,2.791207769155335,6.565389569214446,1.7349980158970395,81.64526703274775,0.0,0,True,1,0,eod,7,bollinger;breaker;cisd;ema_trend;fvg;obv;order_block,21,352,,,,,,,,57,,,,,,,,,,,,,197,1.9,,,,7,49,7,,,,,,,,,,,,,,,,,,,,,,,,,,,,,,,,,,,,,,,,,,,,,,,,,,,,,,,,,,,,,,,,,,,,,,,,,,,,,,,,,,,,,,,,,,,,,,,,,,,,,,,,,,,,,,,,,,,,,,,,,,,,,,,,,,,,,,,,,,,,,,,,,,,,,,,,,,,,,,,,,,,,,,,,,,,,,,,,,,,,,,,,,,,,,,,,,,,,,,,,,,,,,,,,,,,,,,,,,,,,,,,,,,,,,,,,,,,,,,,,,,,,,,,,,,,,,,,,,,,,,,,,,
5113.4,1832.8,74.9,16500.6,3923.4,23.8,2.791207769155335,6.565389569214446,1.7349980158970395,81.64526703274775,0.0,0,True,1,0,eod,7,bollinger;breaker;cisd;ema_trend;fvg;obv;order_block,21,352,,,,,,,,51,,,,,,,,,,,,,197,1.9,,,,7,49,7,,,,,,,,,,,,,,,,,,,,,,,,,,,,,,,,,,,,,,,,,,,,,,,,,,,,,,,,,,,,,,,,,,,,,,,,,,,,,,,,,,,,,,,,,,,,,,,,,,,,,,,,,,,,,,,,,,,,,,,,,,,,,,,,,,,,,,,,,,,,,,,,,,,,,,,,,,,,,,,,,,,,,,,,,,,,,,,,,,,,,,,,,,,,,,,,,,,,,,,,,,,,,,,,,,,,,,,,,,,,,,,,,,,,,,,,,,,,,,,,,,,,,,,,,,,,,,,,,,,,,,,,,
5113.4,1832.8,74.9,16500.6,3923.4,23.8,2.791207769155335,6.565389569214446,1.7349980158970395,81.64526703274775,0.0,0,True,1,0,eod,7,bollinger;breaker;cisd;ema_trend;fvg;obv;order_block,198,352,,,,,,,,57,,,,,,,,,,,,,197,1.9,,,,7,49,7,,,,,,,,,,,,,,,,,,,,,,,,,,,,,,,,,,,,,,,,,,,,,,,,,,,,,,,,,,,,,,,,,,,,,,,,,,,,,,,,,,,,,,,,,,,,,,,,,,,,,,,,,,,,,,,,,,,,,,,,,,,,,,,,,,,,,,,,,,,,,,,,,,,,,,,,,,,,,,,,,,,,,,,,,,,,,,,,,,,,,,,,,,,,,,,,,,,,,,,,,,,,,,,,,,,,,,,,,,,,,,,,,,,,,,,,,,,,,,,,,,,,,,,,,,,,,,,,,,,,,,,,,
5113.4,1832.8,74.9,16500.6,3923.4,23.8,2.791207769155335,6.565389569214446,1.7349980158970395,81.64526703274775,0.0,0,True,1,0,eod,7,bollinger;breaker;cisd;ema_trend;fvg;obv;order_block,21,352,,,,,,,,185,,,,,,,,,,,,,197,1.9,,,,7,49,7,,,,,,,,,,,,,,,,,,,,,,,,,,,,,,,,,,,,,,,,,,,,,,,,,,,,,,,,,,,,,,,,,,,,,,,,,,,,,,,,,,,,,,,,,,,,,,,,,,,,,,,,,,,,,,,,,,,,,,,,,,,,,,,,,,,,,,,,,,,,,,,,,,,,,,,,,,,,,,,,,,,,,,,,,,,,,,,,,,,,,,,,,,,,,,,,,,,,,,,,,,,,,,,,,,,,,,,,,,,,,,,,,,,,,,,,,,,,,,,,,,,,,,,,,,,,,,,,,,,,,,,,,
5113.4,1832.8,74.9,16500.6,3923.4,23.8,2.791207769155335,6.565389569214446,1.7349980158970395,81.64526703274775,0.0,0,True,1,0,eod,7,bollinger;breaker;cisd;ema_trend;fvg;obv;order_block,21,352,,,,,,,,57,,,,,,,,,,,,,197,1.9,,,,7,49,7,,,,,,,,,,,,,,,,,,,,,,,,,,,,,,,,,,,,,,,,,,,,,,,,,,,,,,,,,,,,,,,,,,,,,,,,,,,,,,,,,,,,,,,,,,,,,,,,,,,,,,,,,,,,,,,,,,,,,,,,,,,,,,,,,,,,,,,,,,,,,,,,,,,,,,,,,,,,,,,,,,,,,,,,,,,,,,,,,,,,,,,,,,,,,,,,,,,,,,,,,,,,,,,,,,,,,,,,,,,,,,,,,,,,,,,,,,,,,,,,,,,,,,,,,,,,,,,,,,,,,,,,,
5113.4,1832.8,74.9,16500.6,3923.4,23.8,2.791207769155335,6.565389569214446,1.7349980158970395,81.64526703274775,0.0,0,True,1,0,eod,7,bollinger;breaker;cisd;ema_trend;fvg;obv;order_block,21,352,,,,,,,,185,,,,,,,,,,,,,197,1.9,,,,7,49,7,,,,,,,,,,,,,,,,,,,,,,,,,,,,,,,,,,,,,,,,,,,,,,,,,,,,,,,,,,,,,,,,,,,,,,,,,,,,,,,,,,,,,,,,,,,,,,,,,,,,,,,,,,,,,,,,,,,,,,,,,,,,,,,,,,,,,,,,,,,,,,,,,,,,,,,,,,,,,,,,,,,,,,,,,,,,,,,,,,,,,,,,,,,,,,,,,,,,,,,,,,,,,,,,,,,,,,,,,,,,,,,,,,,,,,,,,,,,,,,,,,,,,,,,,,,,,,,,,,,,,,,,,
5113.4,1832.8,74.9,16500.6,3923.4,23.8,2.791207769155335,6.565389569214446,1.7349980158970395,81.64526703274775,0.0,0,True,1,0,eod,7,bollinger;breaker;cisd;ema_trend;fvg;obv;order_block,21,352,,,,,,,,51,,,,,,,,,,,,,197,1.9,,,,7,49,7,,,,,,,,,,,,,,,,,,,,,,,,,,,,,,,,,,,,,,,,,,,,,,,,,,,,,,,,,,,,,,,,,,,,,,,,,,,,,,,,,,,,,,,,,,,,,,,,,,,,,,,,,,,,,,,,,,,,,,,,,,,,,,,,,,,,,,,,,,,,,,,,,,,,,,,,,,,,,,,,,,,,,,,,,,,,,,,,,,,,,,,,,,,,,,,,,,,,,,,,,,,,,,,,,,,,,,,,,,,,,,,,,,,,,,,,,,,,,,,,,,,,,,,,,,,,,,,,,,,,,,,,,
5113.4,1832.8,74.9,16500.6,3923.4,23.8,2.791207769155335,6.565389569214446,1.7349980158970395,81.64526703274775,0.0,0,True,1,0,eod,7,bollinger;breaker;cisd;ema_trend;fvg;obv;order_block,21,352,,,,,,,,57,,,,,,,,,,,,,197,1.9,,,,7,49,7,,,,,,,,,,,,,,,,,,,,,,,,,,,,,,,,,,,,,,,,,,,,,,,,,,,,,,,,,,,,,,,,,,,,,,,,,,,,,,,,,,,,,,,,,,,,,,,,,,,,,,,,,,,,,,,,,,,,,,,,,,,,,,,,,,,,,,,,,,,,,,,,,,,,,,,,,,,,,,,,,,,,,,,,,,,,,,,,,,,,,,,,,,,,,,,,,,,,,,,,,,,,,,,,,,,,,,,,,,,,,,,,,,,,,,,,,,,,,,,,,,,,,,,,,,,,,,,,,,,,,,,,,
5113.4,1832.8,74.9,16500.6,3923.4,23.8,2.791207769155335,6.565389569214446,1.7349980158970395,81.64526703274775,0.0,0,True,1,0,eod,7,bollinger;breaker;cisd;ema_trend;fvg;obv;order_block,198,352,,,,,,,,57,,,,,,,,,,,,,197,1.9,,,,7,49,7,,,,,,,,,,,,,,,,,,,,,,,,,,,,,,,,,,,,,,,,,,,,,,,,,,,,,,,,,,,,,,,,,,,,,,,,,,,,,,,,,,,,,,,,,,,,,,,,,,,,,,,,,,,,,,,,,,,,,,,,,,,,,,,,,,,,,,,,,,,,,,,,,,,,,,,,,,,,,,,,,,,,,,,,,,,,,,,,,,,,,,,,,,,,,,,,,,,,,,,,,,,,,,,,,,,,,,,,,,,,,,,,,,,,,,,,,,,,,,,,,,,,,,,,,,,,,,,,,,,,,,,,,
5113.4,1832.8,74.9,16500.6,3923.4,23.8,2.791207769155335,6.565389569214446,1.7349980158970395,81.64526703274775,0.0,0,True,1,0,eod,7,bollinger;breaker;cisd;ema_trend;fvg;obv;order_block,21,352,,,,,,,,185,,,,,,,,,,,,,197,1.9,,,,7,49,7,,,,,,,,,,,,,,,,,,,,,,,,,,,,,,,,,,,,,,,,,,,,,,,,,,,,,,,,,,,,,,,,,,,,,,,,,,,,,,,,,,,,,,,,,,,,,,,,,,,,,,,,,,,,,,,,,,,,,,,,,,,,,,,,,,,,,,,,,,,,,,,,,,,,,,,,,,,,,,,,,,,,,,,,,,,,,,,,,,,,,,,,,,,,,,,,,,,,,,,,,,,,,,,,,,,,,,,,,,,,,,,,,,,,,,,,,,,,,,,,,,,,,,,,,,,,,,,,,,,,,,,,,
5113.4,1832.8,74.9,16500.6,3923.4,23.8,2.791207769155335,6.565389569214446,1.7349980158970395,81.64526703274775,0.0,0,True,1,0,eod,8,bollinger;breaker;cisd;ema_trend;fvg;keltner;obv;order_block,198,352,,,,,,85,1.8,57,,,,,,,,,,,,,197,1.9,,,,7,49,7,,,,,,,,,,,,,,,,,,,,,,,,,,,,,,,,,,,,,,,,,,,,,,,,,,,,,,,,,,,,,,,,,,,,,,,,,,,,,,,,,,,,,,,,,,,,,,,,,,,,,,,,,,,,,,,,,,,,,,,,,,,,,,,,,,,,,,,,,,,,,,,,,,,,,,,,,,,,,,,,,,,,,,,,,,,,,,,,,,,,,,,,,,,,,,,,,,,,,,,,,,,,,,,,,,,,,,,,,,,,,,,,,,,,,,,,,,,,,,,,,,,,,,,,,,,,,,,,,,,,,,,,,
5113.4,1832.8,74.9,16500.6,3923.4,23.8,2.791207769155335,6.565389569214446,1.7349980158970395,81.64526703274775,0.0,0,True,1,0,eod,7,bollinger;breaker;cisd;ema_trend;fvg;obv;order_block,21,352,,,,,,,,51,,,,,,,,,,,,,197,1.9,,,,7,49,7,,,,,,,,,,,,,,,,,,,,,,,,,,,,,,,,,,,,,,,,,,,,,,,,,,,,,,,,,,,,,,,,,,,,,,,,,,,,,,,,,,,,,,,,,,,,,,,,,,,,,,,,,,,,,,,,,,,,,,,,,,,,,,,,,,,,,,,,,,,,,,,,,,,,,,,,,,,,,,,,,,,,,,,,,,,,,,,,,,,,,,,,,,,,,,,,,,,,,,,,,,,,,,,,,,,,,,,,,,,,,,,,,,,,,,,,,,,,,,,,,,,,,,,,,,,,,,,,,,,,,,,,,
5113.4,1832.8,74.9,16500.6,3923.4,23.8,2.791207769155335,6.565389569214446,1.7349980158970395,81.64526703274775,0.0,0,True,1,0,eod,7,bollinger;breaker;cisd;ema_trend;fvg;obv;order_block,21,352,,,,,,,,51,,,,,,,,,,,,,197,1.9,,,,7,49,7,,,,,,,,,,,,,,,,,,,,,,,,,,,,,,,,,,,,,,,,,,,,,,,,,,,,,,,,,,,,,,,,,,,,,,,,,,,,,,,,,,,,,,,,,,,,,,,,,,,,,,,,,,,,,,,,,,,,,,,,,,,,,,,,,,,,,,,,,,,,,,,,,,,,,,,,,,,,,,,,,,,,,,,,,,,,,,,,,,,,,,,,,,,,,,,,,,,,,,,,,,,,,,,,,,,,,,,,,,,,,,,,,,,,,,,,,,,,,,,,,,,,,,,,,,,,,,,,,,,,,,,,,
5113.4,1832.8,74.9,16500.6,3923.4,23.8,2.791207769155335,6.565389569214446,1.7349980158970395,81.64526703274775,0.0,0,True,1,0,eod,7,bollinger;breaker;cisd;ema_trend;fvg;obv;order_block,198,127,,,,,,,,51,,,,,,,,,,,,,197,1.9,,,,7,49,7,,,,,,,,,,,,,,,,,,,,,,,,,,,,,,,,,,,,,,,,,,,,,,,,,,,,,,,,,,,,,,,,,,,,,,,,,,,,,,,,,,,,,,,,,,,,,,,,,,,,,,,,,,,,,,,,,,,,,,,,,,,,,,,,,,,,,,,,,,,,,,,,,,,,,,,,,,,,,,,,,,,,,,,,,,,,,,,,,,,,,,,,,,,,,,,,,,,,,,,,,,,,,,,,,,,,,,,,,,,,,,,,,,,,,,,,,,,,,,,,,,,,,,,,,,,,,,,,,,,,,,,,,
5113.4,1832.8,74.9,16500.6,3923.4,23.8,2.791207769155335,6.565389569214446,1.7349980158970395,81.64526703274775,0.0,0,True,1,0,eod,7,bollinger;breaker;cisd;ema_trend;fvg;obv;order_block,198,352,,,,,,,,198,,,,,,,,,,,,,197,1.9,,,,7,49,7,,,,,,,,,,,,,,,,,,,,,,,,,,,,,,,,,,,,,,,,,,,,,,,,,,,,,,,,,,,,,,,,,,,,,,,,,,,,,,,,,,,,,,,,,,,,,,,,,,,,,,,,,,,,,,,,,,,,,,,,,,,,,,,,,,,,,,,,,,,,,,,,,,,,,,,,,,,,,,,,,,,,,,,,,,,,,,,,,,,,,,,,,,,,,,,,,,,,,,,,,,,,,,,,,,,,,,,,,,,,,,,,,,,,,,,,,,,,,,,,,,,,,,,,,,,,,,,,,,,,,,,,,
5113.4,1832.8,74.9,16500.6,3923.4,23.8,2.791207769155335,6.565389569214446,1.7349980158970395,81.64526703274775,0.0,0,True,1,0,eod,7,bollinger;breaker;cisd;ema_trend;fvg;obv;order_block,21,352,,,,,,,,51,,,,,,,,,,,,,197,1.9,,,,7,49,7,,,,,,,,,,,,,,,,,,,,,,,,,,,,,,,,,,,,,,,,,,,,,,,,,,,,,,,,,,,,,,,,,,,,,,,,,,,,,,,,,,,,,,,,,,,,,,,,,,,,,,,,,,,,,,,,,,,,,,,,,,,,,,,,,,,,,,,,,,,,,,,,,,,,,,,,,,,,,,,,,,,,,,,,,,,,,,,,,,,,,,,,,,,,,,,,,,,,,,,,,,,,,,,,,,,,,,,,,,,,,,,,,,,,,,,,,,,,,,,,,,,,,,,,,,,,,,,,,,,,,,,,,
5113.4,1832.8,74.9,16500.6,3923.4,23.8,2.791207769155335,6.565389569214446,1.7349980158970395,81.64526703274775,0.0,0,True,1,0,eod,8,bollinger;breaker;cci;cisd;ema_trend;fvg;obv;order_block,21,352,,,,,,,,185,65,285,,,,,,,,,,,197,1.9,,,,7,49,7,,,,,,,,,,,,,,,,,,,,,,,,,,,,,,,,,,,,,,,,,,,,,,,,,,,,,,,,,,,,,,,,,,,,,,,,,,,,,,,,,,,,,,,,,,,,,,,,,,,,,,,,,,,,,,,,,,,,,,,,,,,,,,,,,,,,,,,,,,,,,,,,,,,,,,,,,,,,,,,,,,,,,,,,,,,,,,,,,,,,,,,,,,,,,,,,,,,,,,,,,,,,,,,,,,,,,,,,,,,,,,,,,,,,,,,,,,,,,,,,,,,,,,,,,,,,,,,,,,,,,,,,,
5113.4,1832.8,74.9,16500.6,3923.4,23.8,2.791207769155335,6.565389569214446,1.7349980158970395,81.64526703274775,0.0,0,True,1,0,eod,7,bollinger;breaker;cisd;ema_trend;fvg;obv;order_block,21,352,,,,,,,,51,,,,,,,,,,,,,197,1.9,,,,7,49,7,,,,,,,,,,,,,,,,,,,,,,,,,,,,,,,,,,,,,,,,,,,,,,,,,,,,,,,,,,,,,,,,,,,,,,,,,,,,,,,,,,,,,,,,,,,,,,,,,,,,,,,,,,,,,,,,,,,,,,,,,,,,,,,,,,,,,,,,,,,,,,,,,,,,,,,,,,,,,,,,,,,,,,,,,,,,,,,,,,,,,,,,,,,,,,,,,,,,,,,,,,,,,,,,,,,,,,,,,,,,,,,,,,,,,,,,,,,,,,,,,,,,,,,,,,,,,,,,,,,,,,,,,
5113.4,1832.8,74.9,16500.6,3923.4,23.8,2.791207769155335,6.565389569214446,1.7349980158970395,81.64526703274775,0.0,0,True,1,0,eod,6,bollinger;breaker;cisd;ema_trend;fvg;order_block,21,352,,,,,,,,,,,,,,,,,,,,,197,1.9,,,,7,49,7,,,,,,,,,,,,,,,,,,,,,,,,,,,,,,,,,,,,,,,,,,,,,,,,,,,,,,,,,,,,,,,,,,,,,,,,,,,,,,,,,,,,,,,,,,,,,,,,,,,,,,,,,,,,,,,,,,,,,,,,,,,,,,,,,,,,,,,,,,,,,,,,,,,,,,,,,,,,,,,,,,,,,,,,,,,,,,,,,,,,,,,,,,,,,,,,,,,,,,,,,,,,,,,,,,,,,,,,,,,,,,,,,,,,,,,,,,,,,,,,,,,,,,,,,,,,,,,,,,,,,,,,,
5113.4,1832.8,74.9,16500.6,3923.4,23.8,2.791207769155335,6.565389569214446,1.7349980158970395,81.64526703274775,0.0,0,True,1,0,eod,7,bollinger;breaker;cisd;ema_trend;fvg;obv;order_block,21,352,,,,,,,,51,,,,,,,,,,,,,197,1.9,,,,7,49,7,,,,,,,,,,,,,,,,,,,,,,,,,,,,,,,,,,,,,,,,,,,,,,,,,,,,,,,,,,,,,,,,,,,,,,,,,,,,,,,,,,,,,,,,,,,,,,,,,,,,,,,,,,,,,,,,,,,,,,,,,,,,,,,,,,,,,,,,,,,,,,,,,,,,,,,,,,,,,,,,,,,,,,,,,,,,,,,,,,,,,,,,,,,,,,,,,,,,,,,,,,,,,,,,,,,,,,,,,,,,,,,,,,,,,,,,,,,,,,,,,,,,,,,,,,,,,,,,,,,,,,,,,
5113.4,1832.8,74.9,16500.6,3923.4,23.8,2.791207769155335,6.565389569214446,1.7349980158970395,81.64526703274775,0.0,0,True,1,0,eod,7,bollinger;breaker;cisd;ema_trend;fvg;obv;order_block,21,352,,,,,,,,51,,,,,,,,,,,,,197,1.9,,,,7,49,7,,,,,,,,,,,,,,,,,,,,,,,,,,,,,,,,,,,,,,,,,,,,,,,,,,,,,,,,,,,,,,,,,,,,,,,,,,,,,,,,,,,,,,,,,,,,,,,,,,,,,,,,,,,,,,,,,,,,,,,,,,,,,,,,,,,,,,,,,,,,,,,,,,,,,,,,,,,,,,,,,,,,,,,,,,,,,,,,,,,,,,,,,,,,,,,,,,,,,,,,,,,,,,,,,,,,,,,,,,,,,,,,,,,,,,,,,,,,,,,,,,,,,,,,,,,,,,,,,,,,,,,,,
5113.4,1832.8,74.9,16500.6,3923.4,23.8,2.791207769155335,6.565389569214446,1.7349980158970395,81.64526703274775,0.0,0,True,1,0,eod,7,bollinger;breaker;cisd;ema_trend;fvg;obv;order_block,21,352,,,,,,,,51,,,,,,,,,,,,,197,1.9,,,,7,49,7,,,,,,,,,,,,,,,,,,,,,,,,,,,,,,,,,,,,,,,,,,,,,,,,,,,,,,,,,,,,,,,,,,,,,,,,,,,,,,,,,,,,,,,,,,,,,,,,,,,,,,,,,,,,,,,,,,,,,,,,,,,,,,,,,,,,,,,,,,,,,,,,,,,,,,,,,,,,,,,,,,,,,,,,,,,,,,,,,,,,,,,,,,,,,,,,,,,,,,,,,,,,,,,,,,,,,,,,,,,,,,,,,,,,,,,,,,,,,,,,,,,,,,,,,,,,,,,,,,,,,,,,,
5113.4,1832.8,74.9,16500.6,3923.4,23.8,2.791207769155335,6.565389569214446,1.7349980158970395,81.64526703274775,0.0,0,True,1,0,eod,6,bollinger;breaker;cisd;ema_trend;fvg;order_block,21,352,,,,,,,,,,,,,,,,,,,,,197,1.9,,,,7,49,7,,,,,,,,,,,,,,,,,,,,,,,,,,,,,,,,,,,,,,,,,,,,,,,,,,,,,,,,,,,,,,,,,,,,,,,,,,,,,,,,,,,,,,,,,,,,,,,,,,,,,,,,,,,,,,,,,,,,,,,,,,,,,,,,,,,,,,,,,,,,,,,,,,,,,,,,,,,,,,,,,,,,,,,,,,,,,,,,,,,,,,,,,,,,,,,,,,,,,,,,,,,,,,,,,,,,,,,,,,,,,,,,,,,,,,,,,,,,,,,,,,,,,,,,,,,,,,,,,,,,,,,,,
5113.4,1832.8,74.9,16500.6,3923.4,23.8,2.791207769155335,6.565389569214446,1.7349980158970395,81.64526703274775,0.0,0,True,1,0,eod,7,bollinger;breaker;cisd;ema_trend;fvg;obv;order_block,21,352,,,,,,,,51,,,,,,,,,,,,,197,1.9,,,,7,49,7,,,,,,,,,,,,,,,,,,,,,,,,,,,,,,,,,,,,,,,,,,,,,,,,,,,,,,,,,,,,,,,,,,,,,,,,,,,,,,,,,,,,,,,,,,,,,,,,,,,,,,,,,,,,,,,,,,,,,,,,,,,,,,,,,,,,,,,,,,,,,,,,,,,,,,,,,,,,,,,,,,,,,,,,,,,,,,,,,,,,,,,,,,,,,,,,,,,,,,,,,,,,,,,,,,,,,,,,,,,,,,,,,,,,,,,,,,,,,,,,,,,,,,,,,,,,,,,,,,,,,,,,,
5113.4,1832.8,74.9,16500.6,3923.4,23.8,2.791207769155335,6.565389569214446,1.7349980158970395,81.64526703274775,0.0,0,True,1,0,eod,7,bollinger;breaker;cisd;ema_trend;fvg;obv;order_block,198,352,,,,,,,,198,,,,,,,,,,,,,197,1.9,,,,7,49,7,,,,,,,,,,,,,,,,,,,,,,,,,,,,,,,,,,,,,,,,,,,,,,,,,,,,,,,,,,,,,,,,,,,,,,,,,,,,,,,,,,,,,,,,,,,,,,,,,,,,,,,,,,,,,,,,,,,,,,,,,,,,,,,,,,,,,,,,,,,,,,,,,,,,,,,,,,,,,,,,,,,,,,,,,,,,,,,,,,,,,,,,,,,,,,,,,,,,,,,,,,,,,,,,,,,,,,,,,,,,,,,,,,,,,,,,,,,,,,,,,,,,,,,,,,,,,,,,,,,,,,,,,
5113.4,1832.8,74.9,16500.6,3923.4,23.8,2.791207769155335,6.565389569214446,1.7349980158970395,81.64526703274775,0.0,0,True,1,0,eod,7,bollinger;breaker;cisd;ema_trend;fvg;obv;order_block,264,175,,,,,,,,185,,,,,,,,,,,,,197,1.9,,,,7,49,7,,,,,,,,,,,,,,,,,,,,,,,,,,,,,,,,,,,,,,,,,,,,,,,,,,,,,,,,,,,,,,,,,,,,,,,,,,,,,,,,,,,,,,,,,,,,,,,,,,,,,,,,,,,,,,,,,,,,,,,,,,,,,,,,,,,,,,,,,,,,,,,,,,,,,,,,,,,,,,,,,,,,,,,,,,,,,,,,,,,,,,,,,,,,,,,,,,,,,,,,,,,,,,,,,,,,,,,,,,,,,,,,,,,,,,,,,,,,,,,,,,,,,,,,,,,,,,,,,,,,,,,,,
5113.4,1832.8,74.9,16500.6,3923.4,23.8,2.791207769155335,6.565389569214446,1.7349980158970395,81.64526703274775,0.0,0,True,1,0,eod,7,bollinger;breaker;cisd;ema_trend;fvg;obv;order_block,198,175,,,,,,,,185,,,,,,,,,,,,,197,1.9,,,,7,49,7,,,,,,,,,,,,,,,,,,,,,,,,,,,,,,,,,,,,,,,,,,,,,,,,,,,,,,,,,,,,,,,,,,,,,,,,,,,,,,,,,,,,,,,,,,,,,,,,,,,,,,,,,,,,,,,,,,,,,,,,,,,,,,,,,,,,,,,,,,,,,,,,,,,,,,,,,,,,,,,,,,,,,,,,,,,,,,,,,,,,,,,,,,,,,,,,,,,,,,,,,,,,,,,,,,,,,,,,,,,,,,,,,,,,,,,,,,,,,,,,,,,,,,,,,,,,,,,,,,,,,,,,,
5113.4,1832.8,74.9,16500.6,3923.4,23.8,2.791207769155335,6.565389569214446,1.7349980158970395,81.64526703274775,0.0,0,True,1,0,eod,6,bollinger;breaker;cisd;fvg;obv;order_block,,,,,,,,,,51,,,,,,,,,,,,,197,1.9,,,,7,49,7,,,,,,,,,,,,,,,,,,,,,,,,,,,,,,,,,,,,,,,,,,,,,,,,,,,,,,,,,,,,,,,,,,,,,,,,,,,,,,,,,,,,,,,,,,,,,,,,,,,,,,,,,,,,,,,,,,,,,,,,,,,,,,,,,,,,,,,,,,,,,,,,,,,,,,,,,,,,,,,,,,,,,,,,,,,,,,,,,,,,,,,,,,,,,,,,,,,,,,,,,,,,,,,,,,,,,,,,,,,,,,,,,,,,,,,,,,,,,,,,,,,,,,,,,,,,,,,,,,,,,,,,,
5113.4,1832.8,74.9,16500.6,3923.4,23.8,2.791207769155335,6.565389569214446,1.7349980158970395,81.64526703274775,0.0,0,True,1,0,eod,6,bollinger;breaker;cisd;ema_trend;fvg;order_block,21,352,,,,,,,,,,,,,,,,,,,,,197,1.9,,,,7,49,7,,,,,,,,,,,,,,,,,,,,,,,,,,,,,,,,,,,,,,,,,,,,,,,,,,,,,,,,,,,,,,,,,,,,,,,,,,,,,,,,,,,,,,,,,,,,,,,,,,,,,,,,,,,,,,,,,,,,,,,,,,,,,,,,,,,,,,,,,,,,,,,,,,,,,,,,,,,,,,,,,,,,,,,,,,,,,,,,,,,,,,,,,,,,,,,,,,,,,,,,,,,,,,,,,,,,,,,,,,,,,,,,,,,,,,,,,,,,,,,,,,,,,,,,,,,,,,,,,,,,,,,,,
5113.4,1832.8,74.9,16500.6,3923.4,23.8,2.791207769155335,6.565389569214446,1.7349980158970395,81.64526703274775,0.0,0,True,1,0,eod,7,bollinger;breaker;cisd;ema_trend;fvg;obv;order_block,198,352,,,,,,,,198,,,,,,,,,,,,,197,1.9,,,,7,49,7,,,,,,,,,,,,,,,,,,,,,,,,,,,,,,,,,,,,,,,,,,,,,,,,,,,,,,,,,,,,,,,,,,,,,,,,,,,,,,,,,,,,,,,,,,,,,,,,,,,,,,,,,,,,,,,,,,,,,,,,,,,,,,,,,,,,,,,,,,,,,,,,,,,,,,,,,,,,,,,,,,,,,,,,,,,,,,,,,,,,,,,,,,,,,,,,,,,,,,,,,,,,,,,,,,,,,,,,,,,,,,,,,,,,,,,,,,,,,,,,,,,,,,,,,,,,,,,,,,,,,,,,,
5113.4,1832.8,74.9,16500.6,3923.4,23.8,2.791207769155335,6.565389569214446,1.7349980158970395,81.64526703274775,0.0,0,True,1,0,eod,7,bollinger;breaker;cisd;ema_trend;fvg;obv;order_block,198,352,,,,,,,,198,,,,,,,,,,,,,197,1.9,,,,7,49,7,,,,,,,,,,,,,,,,,,,,,,,,,,,,,,,,,,,,,,,,,,,,,,,,,,,,,,,,,,,,,,,,,,,,,,,,,,,,,,,,,,,,,,,,,,,,,,,,,,,,,,,,,,,,,,,,,,,,,,,,,,,,,,,,,,,,,,,,,,,,,,,,,,,,,,,,,,,,,,,,,,,,,,,,,,,,,,,,,,,,,,,,,,,,,,,,,,,,,,,,,,,,,,,,,,,,,,,,,,,,,,,,,,,,,,,,,,,,,,,,,,,,,,,,,,,,,,,,,,,,,,,,,
5113.4,1832.8,74.9,16500.6,3923.4,23.8,2.791207769155335,6.565389569214446,1.7349980158970395,81.64526703274775,0.0,0,True,1,0,eod,7,bollinger;breaker;cisd;ema_trend;fvg;obv;order_block,264,175,,,,,,,,185,,,,,,,,,,,,,197,1.9,,,,7,49,7,,,,,,,,,,,,,,,,,,,,,,,,,,,,,,,,,,,,,,,,,,,,,,,,,,,,,,,,,,,,,,,,,,,,,,,,,,,,,,,,,,,,,,,,,,,,,,,,,,,,,,,,,,,,,,,,,,,,,,,,,,,,,,,,,,,,,,,,,,,,,,,,,,,,,,,,,,,,,,,,,,,,,,,,,,,,,,,,,,,,,,,,,,,,,,,,,,,,,,,,,,,,,,,,,,,,,,,,,,,,,,,,,,,,,,,,,,,,,,,,,,,,,,,,,,,,,,,,,,,,,,,,,
5113.4,1832.8,74.9,16500.6,3923.4,23.8,2.791207769155335,6.565389569214446,1.7349980158970395,81.64526703274775,0.0,0,True,1,0,eod,6,bollinger;breaker;cisd;ema_trend;fvg;order_block,198,352,,,,,,,,,,,,,,,,,,,,,197,1.9,,,,7,49,7,,,,,,,,,,,,,,,,,,,,,,,,,,,,,,,,,,,,,,,,,,,,,,,,,,,,,,,,,,,,,,,,,,,,,,,,,,,,,,,,,,,,,,,,,,,,,,,,,,,,,,,,,,,,,,,,,,,,,,,,,,,,,,,,,,,,,,,,,,,,,,,,,,,,,,,,,,,,,,,,,,,,,,,,,,,,,,,,,,,,,,,,,,,,,,,,,,,,,,,,,,,,,,,,,,,,,,,,,,,,,,,,,,,,,,,,,,,,,,,,,,,,,,,,,,,,,,,,,,,,,,,,,
5113.4,1832.8,74.9,16500.6,3923.4,23.8,2.791207769155335,6.565389569214446,1.7349980158970395,81.64526703274775,0.0,0,True,1,0,eod,6,bollinger;breaker;cisd;ema_trend;fvg;order_block,21,352,,,,,,,,,,,,,,,,,,,,,197,1.9,,,,7,49,7,,,,,,,,,,,,,,,,,,,,,,,,,,,,,,,,,,,,,,,,,,,,,,,,,,,,,,,,,,,,,,,,,,,,,,,,,,,,,,,,,,,,,,,,,,,,,,,,,,,,,,,,,,,,,,,,,,,,,,,,,,,,,,,,,,,,,,,,,,,,,,,,,,,,,,,,,,,,,,,,,,,,,,,,,,,,,,,,,,,,,,,,,,,,,,,,,,,,,,,,,,,,,,,,,,,,,,,,,,,,,,,,,,,,,,,,,,,,,,,,,,,,,,,,,,,,,,,,,,,,,,,,,
5113.4,1832.8,74.9,16500.6,3923.4,23.8,2.791207769155335,6.565389569214446,1.7349980158970395,81.64526703274775,0.0,0,True,1,0,eod,7,bollinger;breaker;cisd;ema_trend;fvg;obv;order_block,198,352,,,,,,,,198,,,,,,,,,,,,,197,1.9,,,,7,49,7,,,,,,,,,,,,,,,,,,,,,,,,,,,,,,,,,,,,,,,,,,,,,,,,,,,,,,,,,,,,,,,,,,,,,,,,,,,,,,,,,,,,,,,,,,,,,,,,,,,,,,,,,,,,,,,,,,,,,,,,,,,,,,,,,,,,,,,,,,,,,,,,,,,,,,,,,,,,,,,,,,,,,,,,,,,,,,,,,,,,,,,,,,,,,,,,,,,,,,,,,,,,,,,,,,,,,,,,,,,,,,,,,,,,,,,,,,,,,,,,,,,,,,,,,,,,,,,,,,,,,,,,,
5113.4,1832.8,74.9,16500.6,3923.4,23.8,2.791207769155335,6.565389569214446,1.7349980158970395,81.64526703274775,0.0,0,True,1,0,eod,6,bollinger;breaker;cisd;ema_trend;fvg;order_block,198,352,,,,,,,,,,,,,,,,,,,,,197,1.9,,,,7,49,7,,,,,,,,,,,,,,,,,,,,,,,,,,,,,,,,,,,,,,,,,,,,,,,,,,,,,,,,,,,,,,,,,,,,,,,,,,,,,,,,,,,,,,,,,,,,,,,,,,,,,,,,,,,,,,,,,,,,,,,,,,,,,,,,,,,,,,,,,,,,,,,,,,,,,,,,,,,,,,,,,,,,,,,,,,,,,,,,,,,,,,,,,,,,,,,,,,,,,,,,,,,,,,,,,,,,,,,,,,,,,,,,,,,,,,,,,,,,,,,,,,,,,,,,,,,,,,,,,,,,,,,,,
5113.4,1832.8,74.9,16500.6,3923.4,23.8,2.791207769155335,6.565389569214446,1.7349980158970395,81.64526703274775,0.0,0,True,1,0,eod,7,bollinger;breaker;cisd;ema_trend;fvg;obv;order_block,198,352,,,,,,,,185,,,,,,,,,,,,,197,1.9,,,,7,49,7,,,,,,,,,,,,,,,,,,,,,,,,,,,,,,,,,,,,,,,,,,,,,,,,,,,,,,,,,,,,,,,,,,,,,,,,,,,,,,,,,,,,,,,,,,,,,,,,,,,,,,,,,,,,,,,,,,,,,,,,,,,,,,,,,,,,,,,,,,,,,,,,,,,,,,,,,,,,,,,,,,,,,,,,,,,,,,,,,,,,,,,,,,,,,,,,,,,,,,,,,,,,,,,,,,,,,,,,,,,,,,,,,,,,,,,,,,,,,,,,,,,,,,,,,,,,,,,,,,,,,,,,,
5113.4,1832.8,74.9,16500.6,3923.4,23.8,2.791207769155335,6.565389569214446,1.7349980158970395,81.64526703274775,0.0,0,True,1,0,eod,7,bollinger;breaker;cisd;ema_trend;fvg;obv;order_block,21,175,,,,,,,,185,,,,,,,,,,,,,197,1.9,,,,7,49,7,,,,,,,,,,,,,,,,,,,,,,,,,,,,,,,,,,,,,,,,,,,,,,,,,,,,,,,,,,,,,,,,,,,,,,,,,,,,,,,,,,,,,,,,,,,,,,,,,,,,,,,,,,,,,,,,,,,,,,,,,,,,,,,,,,,,,,,,,,,,,,,,,,,,,,,,,,,,,,,,,,,,,,,,,,,,,,,,,,,,,,,,,,,,,,,,,,,,,,,,,,,,,,,,,,,,,,,,,,,,,,,,,,,,,,,,,,,,,,,,,,,,,,,,,,,,,,,,,,,,,,,,,
5113.4,1832.8,74.9,16500.6,3923.4,23.8,2.791207769155335,6.565389569214446,1.7349980158970395,81.64526703274775,0.0,0,True,1,0,eod,7,bollinger;breaker;cisd;ema_trend;fvg;obv;order_block,264,352,,,,,,,,51,,,,,,,,,,,,,197,1.9,,,,7,49,7,,,,,,,,,,,,,,,,,,,,,,,,,,,,,,,,,,,,,,,,,,,,,,,,,,,,,,,,,,,,,,,,,,,,,,,,,,,,,,,,,,,,,,,,,,,,,,,,,,,,,,,,,,,,,,,,,,,,,,,,,,,,,,,,,,,,,,,,,,,,,,,,,,,,,,,,,,,,,,,,,,,,,,,,,,,,,,,,,,,,,,,,,,,,,,,,,,,,,,,,,,,,,,,,,,,,,,,,,,,,,,,,,,,,,,,,,,,,,,,,,,,,,,,,,,,,,,,,,,,,,,,,,
5113.4,1832.8,74.9,16500.6,3923.4,23.8,2.791207769155335,6.565389569214446,1.7349980158970395,81.64526703274775,0.0,0,True,1,0,eod,7,bollinger;breaker;cisd;ema_trend;fvg;obv;order_block,198,352,,,,,,,,198,,,,,,,,,,,,,197,1.9,,,,7,49,7,,,,,,,,,,,,,,,,,,,,,,,,,,,,,,,,,,,,,,,,,,,,,,,,,,,,,,,,,,,,,,,,,,,,,,,,,,,,,,,,,,,,,,,,,,,,,,,,,,,,,,,,,,,,,,,,,,,,,,,,,,,,,,,,,,,,,,,,,,,,,,,,,,,,,,,,,,,,,,,,,,,,,,,,,,,,,,,,,,,,,,,,,,,,,,,,,,,,,,,,,,,,,,,,,,,,,,,,,,,,,,,,,,,,,,,,,,,,,,,,,,,,,,,,,,,,,,,,,,,,,,,,,
5113.4,1832.8,74.9,16500.6,3923.4,23.8,2.791207769155335,6.565389569214446,1.7349980158970395,81.64526703274775,0.0,0,True,1,0,eod,7,bollinger;breaker;cisd;ema_trend;fvg;obv;order_block,198,352,,,,,,,,185,,,,,,,,,,,,,197,1.9,,,,7,49,7,,,,,,,,,,,,,,,,,,,,,,,,,,,,,,,,,,,,,,,,,,,,,,,,,,,,,,,,,,,,,,,,,,,,,,,,,,,,,,,,,,,,,,,,,,,,,,,,,,,,,,,,,,,,,,,,,,,,,,,,,,,,,,,,,,,,,,,,,,,,,,,,,,,,,,,,,,,,,,,,,,,,,,,,,,,,,,,,,,,,,,,,,,,,,,,,,,,,,,,,,,,,,,,,,,,,,,,,,,,,,,,,,,,,,,,,,,,,,,,,,,,,,,,,,,,,,,,,,,,,,,,,,
5113.4,1832.8,74.9,16500.6,3923.4,23.8,2.791207769155335,6.565389569214446,1.7349980158970395,81.64526703274775,0.0,0,True,1,0,eod,7,bollinger;breaker;cisd;ema_trend;fvg;obv;order_block,198,352,,,,,,,,51,,,,,,,,,,,,,197,1.9,,,,7,49,7,,,,,,,,,,,,,,,,,,,,,,,,,,,,,,,,,,,,,,,,,,,,,,,,,,,,,,,,,,,,,,,,,,,,,,,,,,,,,,,,,,,,,,,,,,,,,,,,,,,,,,,,,,,,,,,,,,,,,,,,,,,,,,,,,,,,,,,,,,,,,,,,,,,,,,,,,,,,,,,,,,,,,,,,,,,,,,,,,,,,,,,,,,,,,,,,,,,,,,,,,,,,,,,,,,,,,,,,,,,,,,,,,,,,,,,,,,,,,,,,,,,,,,,,,,,,,,,,,,,,,,,,,
5113.4,1832.8,74.9,16500.6,3923.4,23.8,2.791207769155335,6.565389569214446,1.7349980158970395,81.64526703274775,0.0,0,True,1,0,eod,7,bollinger;breaker;cisd;ema_trend;fvg;obv;order_block,21,352,,,,,,,,51,,,,,,,,,,,,,197,1.9,,,,7,49,7,,,,,,,,,,,,,,,,,,,,,,,,,,,,,,,,,,,,,,,,,,,,,,,,,,,,,,,,,,,,,,,,,,,,,,,,,,,,,,,,,,,,,,,,,,,,,,,,,,,,,,,,,,,,,,,,,,,,,,,,,,,,,,,,,,,,,,,,,,,,,,,,,,,,,,,,,,,,,,,,,,,,,,,,,,,,,,,,,,,,,,,,,,,,,,,,,,,,,,,,,,,,,,,,,,,,,,,,,,,,,,,,,,,,,,,,,,,,,,,,,,,,,,,,,,,,,,,,,,,,,,,,,
5113.4,1832.8,74.9,16500.6,3923.4,23.8,2.791207769155335,6.565389569214446,1.7349980158970395,81.64526703274775,0.0,0,True,1,0,eod,7,bollinger;breaker;cisd;ema_trend;fvg;obv;order_block,21,352,,,,,,,,51,,,,,,,,,,,,,197,1.9,,,,7,49,7,,,,,,,,,,,,,,,,,,,,,,,,,,,,,,,,,,,,,,,,,,,,,,,,,,,,,,,,,,,,,,,,,,,,,,,,,,,,,,,,,,,,,,,,,,,,,,,,,,,,,,,,,,,,,,,,,,,,,,,,,,,,,,,,,,,,,,,,,,,,,,,,,,,,,,,,,,,,,,,,,,,,,,,,,,,,,,,,,,,,,,,,,,,,,,,,,,,,,,,,,,,,,,,,,,,,,,,,,,,,,,,,,,,,,,,,,,,,,,,,,,,,,,,,,,,,,,,,,,,,,,,,,
5113.4,1832.8,74.9,16500.6,3923.4,23.8,2.791207769155335,6.565389569214446,1.7349980158970395,81.64526703274775,0.0,0,True,1,0,eod,7,bollinger;breaker;cisd;ema_trend;fvg;obv;order_block,198,352,,,,,,,,198,,,,,,,,,,,,,197,1.9,,,,7,49,7,,,,,,,,,,,,,,,,,,,,,,,,,,,,,,,,,,,,,,,,,,,,,,,,,,,,,,,,,,,,,,,,,,,,,,,,,,,,,,,,,,,,,,,,,,,,,,,,,,,,,,,,,,,,,,,,,,,,,,,,,,,,,,,,,,,,,,,,,,,,,,,,,,,,,,,,,,,,,,,,,,,,,,,,,,,,,,,,,,,,,,,,,,,,,,,,,,,,,,,,,,,,,,,,,,,,,,,,,,,,,,,,,,,,,,,,,,,,,,,,,,,,,,,,,,,,,,,,,,,,,,,,,
5113.4,1832.8,74.9,16500.6,3923.4,23.8,2.791207769155335,6.565389569214446,1.7349980158970395,81.64526703274775,0.0,0,True,1,0,eod,7,bollinger;breaker;cisd;ema_trend;fvg;obv;order_block,21,352,,,,,,,,51,,,,,,,,,,,,,197,1.9,,,,7,49,7,,,,,,,,,,,,,,,,,,,,,,,,,,,,,,,,,,,,,,,,,,,,,,,,,,,,,,,,,,,,,,,,,,,,,,,,,,,,,,,,,,,,,,,,,,,,,,,,,,,,,,,,,,,,,,,,,,,,,,,,,,,,,,,,,,,,,,,,,,,,,,,,,,,,,,,,,,,,,,,,,,,,,,,,,,,,,,,,,,,,,,,,,,,,,,,,,,,,,,,,,,,,,,,,,,,,,,,,,,,,,,,,,,,,,,,,,,,,,,,,,,,,,,,,,,,,,,,,,,,,,,,,,
5113.4,1832.8,74.9,16500.6,3923.4,23.8,2.791207769155335,6.565389569214446,1.7349980158970395,81.64526703274775,0.0,0,True,1,0,eod,8,bollinger;breaker;cisd;ema_trend;fvg;macd;obv;order_block,198,352,,,96,135,29,,,198,,,,,,,,,,,,,197,1.9,,,,7,49,7,,,,,,,,,,,,,,,,,,,,,,,,,,,,,,,,,,,,,,,,,,,,,,,,,,,,,,,,,,,,,,,,,,,,,,,,,,,,,,,,,,,,,,,,,,,,,,,,,,,,,,,,,,,,,,,,,,,,,,,,,,,,,,,,,,,,,,,,,,,,,,,,,,,,,,,,,,,,,,,,,,,,,,,,,,,,,,,,,,,,,,,,,,,,,,,,,,,,,,,,,,,,,,,,,,,,,,,,,,,,,,,,,,,,,,,,,,,,,,,,,,,,,,,,,,,,,,,,,,,,,,,,,
5113.4,1832.8,74.9,16500.6,3923.4,23.8,2.791207769155335,6.565389569214446,1.7349980158970395,81.64526703274775,0.0,0,True,1,0,eod,7,bollinger;breaker;cisd;ema_trend;fvg;obv;order_block,198,352,,,,,,,,198,,,,,,,,,,,,,197,1.9,,,,7,49,7,,,,,,,,,,,,,,,,,,,,,,,,,,,,,,,,,,,,,,,,,,,,,,,,,,,,,,,,,,,,,,,,,,,,,,,,,,,,,,,,,,,,,,,,,,,,,,,,,,,,,,,,,,,,,,,,,,,,,,,,,,,,,,,,,,,,,,,,,,,,,,,,,,,,,,,,,,,,,,,,,,,,,,,,,,,,,,,,,,,,,,,,,,,,,,,,,,,,,,,,,,,,,,,,,,,,,,,,,,,,,,,,,,,,,,,,,,,,,,,,,,,,,,,,,,,,,,,,,,,,,,,,,
5113.4,1832.8,74.9,16500.6,3923.4,23.8,2.791207769155335,6.565389569214446,1.7349980158970395,81.64526703274775,0.0,0,True,1,0,eod,7,bollinger;breaker;cisd;ema_trend;fvg;obv;order_block,198,352,,,,,,,,198,,,,,,,,,,,,,197,1.9,,,,7,49,7,,,,,,,,,,,,,,,,,,,,,,,,,,,,,,,,,,,,,,,,,,,,,,,,,,,,,,,,,,,,,,,,,,,,,,,,,,,,,,,,,,,,,,,,,,,,,,,,,,,,,,,,,,,,,,,,,,,,,,,,,,,,,,,,,,,,,,,,,,,,,,,,,,,,,,,,,,,,,,,,,,,,,,,,,,,,,,,,,,,,,,,,,,,,,,,,,,,,,,,,,,,,,,,,,,,,,,,,,,,,,,,,,,,,,,,,,,,,,,,,,,,,,,,,,,,,,,,,,,,,,,,,,
5113.4,1832.8,74.9,16500.6,3923.4,23.8,2.791207769155335,6.565389569214446,1.7349980158970395,81.64526703274775,0.0,0,True,1,0,eod,7,bollinger;breaker;cisd;ema_trend;fvg;obv;order_block,198,352,,,,,,,,198,,,,,,,,,,,,,197,1.9,,,,7,49,7,,,,,,,,,,,,,,,,,,,,,,,,,,,,,,,,,,,,,,,,,,,,,,,,,,,,,,,,,,,,,,,,,,,,,,,,,,,,,,,,,,,,,,,,,,,,,,,,,,,,,,,,,,,,,,,,,,,,,,,,,,,,,,,,,,,,,,,,,,,,,,,,,,,,,,,,,,,,,,,,,,,,,,,,,,,,,,,,,,,,,,,,,,,,,,,,,,,,,,,,,,,,,,,,,,,,,,,,,,,,,,,,,,,,,,,,,,,,,,,,,,,,,,,,,,,,,,,,,,,,,,,,,
5113.4,1832.8,74.9,16500.6,3923.4,23.8,2.791207769155335,6.565389569214446,1.7349980158970395,81.64526703274775,0.0,0,True,1,0,eod,6,bollinger;breaker;cisd;ema_trend;fvg;order_block,21,62,,,,,,,,,,,,,,,,,,,,,197,1.9,,,,7,49,7,,,,,,,,,,,,,,,,,,,,,,,,,,,,,,,,,,,,,,,,,,,,,,,,,,,,,,,,,,,,,,,,,,,,,,,,,,,,,,,,,,,,,,,,,,,,,,,,,,,,,,,,,,,,,,,,,,,,,,,,,,,,,,,,,,,,,,,,,,,,,,,,,,,,,,,,,,,,,,,,,,,,,,,,,,,,,,,,,,,,,,,,,,,,,,,,,,,,,,,,,,,,,,,,,,,,,,,,,,,,,,,,,,,,,,,,,,,,,,,,,,,,,,,,,,,,,,,,,,,,,,,,,
5113.4,1832.8,74.9,16500.6,3923.4,23.8,2.791207769155335,6.565389569214446,1.7349980158970395,81.64526703274775,0.0,0,True,1,0,eod,6,bollinger;breaker;cisd;ema_trend;fvg;order_block,198,352,,,,,,,,,,,,,,,,,,,,,197,1.9,,,,7,49,7,,,,,,,,,,,,,,,,,,,,,,,,,,,,,,,,,,,,,,,,,,,,,,,,,,,,,,,,,,,,,,,,,,,,,,,,,,,,,,,,,,,,,,,,,,,,,,,,,,,,,,,,,,,,,,,,,,,,,,,,,,,,,,,,,,,,,,,,,,,,,,,,,,,,,,,,,,,,,,,,,,,,,,,,,,,,,,,,,,,,,,,,,,,,,,,,,,,,,,,,,,,,,,,,,,,,,,,,,,,,,,,,,,,,,,,,,,,,,,,,,,,,,,,,,,,,,,,,,,,,,,,,,
5113.4,1832.8,74.9,16500.6,3923.4,23.8,2.791207769155335,6.565389569214446,1.7349980158970395,81.64526703274775,0.0,0,True,1,0,eod,6,bollinger;breaker;cisd;ema_trend;fvg;order_block,21,352,,,,,,,,,,,,,,,,,,,,,197,1.9,,,,7,49,7,,,,,,,,,,,,,,,,,,,,,,,,,,,,,,,,,,,,,,,,,,,,,,,,,,,,,,,,,,,,,,,,,,,,,,,,,,,,,,,,,,,,,,,,,,,,,,,,,,,,,,,,,,,,,,,,,,,,,,,,,,,,,,,,,,,,,,,,,,,,,,,,,,,,,,,,,,,,,,,,,,,,,,,,,,,,,,,,,,,,,,,,,,,,,,,,,,,,,,,,,,,,,,,,,,,,,,,,,,,,,,,,,,,,,,,,,,,,,,,,,,,,,,,,,,,,,,,,,,,,,,,,,
5113.4,1832.8,74.9,16500.6,3923.4,23.8,2.791207769155335,6.565389569214446,1.7349980158970395,81.64526703274775,0.0,0,True,1,0,eod,7,bollinger;breaker;cisd;ema_trend;fvg;obv;order_block,198,352,,,,,,,,51,,,,,,,,,,,,,197,1.9,,,,7,49,7,,,,,,,,,,,,,,,,,,,,,,,,,,,,,,,,,,,,,,,,,,,,,,,,,,,,,,,,,,,,,,,,,,,,,,,,,,,,,,,,,,,,,,,,,,,,,,,,,,,,,,,,,,,,,,,,,,,,,,,,,,,,,,,,,,,,,,,,,,,,,,,,,,,,,,,,,,,,,,,,,,,,,,,,,,,,,,,,,,,,,,,,,,,,,,,,,,,,,,,,,,,,,,,,,,,,,,,,,,,,,,,,,,,,,,,,,,,,,,,,,,,,,,,,,,,,,,,,,,,,,,,,,
5113.4,1832.8,74.9,16500.6,3923.4,23.8,2.791207769155335,6.565389569214446,1.7349980158970395,81.64526703274775,0.0,0,True,1,0,eod,6,bollinger;breaker;cisd;ema_trend;fvg;order_block,21,352,,,,,,,,,,,,,,,,,,,,,197,1.9,,,,7,49,7,,,,,,,,,,,,,,,,,,,,,,,,,,,,,,,,,,,,,,,,,,,,,,,,,,,,,,,,,,,,,,,,,,,,,,,,,,,,,,,,,,,,,,,,,,,,,,,,,,,,,,,,,,,,,,,,,,,,,,,,,,,,,,,,,,,,,,,,,,,,,,,,,,,,,,,,,,,,,,,,,,,,,,,,,,,,,,,,,,,,,,,,,,,,,,,,,,,,,,,,,,,,,,,,,,,,,,,,,,,,,,,,,,,,,,,,,,,,,,,,,,,,,,,,,,,,,,,,,,,,,,,,,
5113.4,1832.8,74.9,16500.6,3923.4,23.8,2.791207769155335,6.565389569214446,1.7349980158970395,81.64526703274775,0.0,0,True,1,0,eod,7,bollinger;breaker;cisd;ema_trend;fvg;obv;order_block,198,352,,,,,,,,192,,,,,,,,,,,,,197,1.9,,,,7,49,7,,,,,,,,,,,,,,,,,,,,,,,,,,,,,,,,,,,,,,,,,,,,,,,,,,,,,,,,,,,,,,,,,,,,,,,,,,,,,,,,,,,,,,,,,,,,,,,,,,,,,,,,,,,,,,,,,,,,,,,,,,,,,,,,,,,,,,,,,,,,,,,,,,,,,,,,,,,,,,,,,,,,,,,,,,,,,,,,,,,,,,,,,,,,,,,,,,,,,,,,,,,,,,,,,,,,,,,,,,,,,,,,,,,,,,,,,,,,,,,,,,,,,,,,,,,,,,,,,,,,,,,,,
5113.4,1832.8,74.9,16500.6,3923.4,23.8,2.791207769155335,6.565389569214446,1.7349980158970395,81.64526703274775,0.0,0,True,1,0,eod,7,bollinger;breaker;cisd;ema_trend;fvg;obv;order_block,198,352,,,,,,,,192,,,,,,,,,,,,,197,1.9,,,,7,49,7,,,,,,,,,,,,,,,,,,,,,,,,,,,,,,,,,,,,,,,,,,,,,,,,,,,,,,,,,,,,,,,,,,,,,,,,,,,,,,,,,,,,,,,,,,,,,,,,,,,,,,,,,,,,,,,,,,,,,,,,,,,,,,,,,,,,,,,,,,,,,,,,,,,,,,,,,,,,,,,,,,,,,,,,,,,,,,,,,,,,,,,,,,,,,,,,,,,,,,,,,,,,,,,,,,,,,,,,,,,,,,,,,,,,,,,,,,,,,,,,,,,,,,,,,,,,,,,,,,,,,,,,,
5113.4,1832.8,74.9,16500.6,3923.4,23.8,2.791207769155335,6.565389569214446,1.7349980158970395,81.64526703274775,0.0,0,True,1,0,eod,8,bollinger;breaker;cisd;ema_trend;fvg;keltner;obv;order_block,198,352,,,,,,85,1.8,198,,,,,,,,,,,,,197,1.9,,,,7,49,7,,,,,,,,,,,,,,,,,,,,,,,,,,,,,,,,,,,,,,,,,,,,,,,,,,,,,,,,,,,,,,,,,,,,,,,,,,,,,,,,,,,,,,,,,,,,,,,,,,,,,,,,,,,,,,,,,,,,,,,,,,,,,,,,,,,,,,,,,,,,,,,,,,,,,,,,,,,,,,,,,,,,,,,,,,,,,,,,,,,,,,,,,,,,,,,,,,,,,,,,,,,,,,,,,,,,,,,,,,,,,,,,,,,,,,,,,,,,,,,,,,,,,,,,,,,,,,,,,,,,,,,,,
5113.4,1832.8,74.9,16500.6,3923.4,23.8,2.791207769155335,6.565389569214446,1.7349980158970395,81.64526703274775,0.0,0,True,1,0,eod,7,bollinger;breaker;cisd;ema_trend;fvg;obv;order_block,245,352,,,,,,,,198,,,,,,,,,,,,,197,1.9,,,,7,49,7,,,,,,,,,,,,,,,,,,,,,,,,,,,,,,,,,,,,,,,,,,,,,,,,,,,,,,,,,,,,,,,,,,,,,,,,,,,,,,,,,,,,,,,,,,,,,,,,,,,,,,,,,,,,,,,,,,,,,,,,,,,,,,,,,,,,,,,,,,,,,,,,,,,,,,,,,,,,,,,,,,,,,,,,,,,,,,,,,,,,,,,,,,,,,,,,,,,,,,,,,,,,,,,,,,,,,,,,,,,,,,,,,,,,,,,,,,,,,,,,,,,,,,,,,,,,,,,,,,,,,,,,,
5113.4,1832.8,74.9,16500.6,3923.4,23.8,2.791207769155335,6.565389569214446,1.7349980158970395,81.64526703274775,0.0,0,True,1,0,eod,7,bollinger;breaker;cisd;ema_trend;fvg;obv;order_block,198,352,,,,,,,,51,,,,,,,,,,,,,197,1.9,,,,7,49,7,,,,,,,,,,,,,,,,,,,,,,,,,,,,,,,,,,,,,,,,,,,,,,,,,,,,,,,,,,,,,,,,,,,,,,,,,,,,,,,,,,,,,,,,,,,,,,,,,,,,,,,,,,,,,,,,,,,,,,,,,,,,,,,,,,,,,,,,,,,,,,,,,,,,,,,,,,,,,,,,,,,,,,,,,,,,,,,,,,,,,,,,,,,,,,,,,,,,,,,,,,,,,,,,,,,,,,,,,,,,,,,,,,,,,,,,,,,,,,,,,,,,,,,,,,,,,,,,,,,,,,,,,
5113.4,1832.8,74.9,16500.6,3923.4,23.8,2.791207769155335,6.565389569214446,1.7349980158970395,81.64526703274775,0.0,0,True,1,0,eod,7,bollinger;breaker;cisd;ema_trend;fvg;obv;order_block,198,352,,,,,,,,170,,,,,,,,,,,,,197,1.9,,,,7,49,7,,,,,,,,,,,,,,,,,,,,,,,,,,,,,,,,,,,,,,,,,,,,,,,,,,,,,,,,,,,,,,,,,,,,,,,,,,,,,,,,,,,,,,,,,,,,,,,,,,,,,,,,,,,,,,,,,,,,,,,,,,,,,,,,,,,,,,,,,,,,,,,,,,,,,,,,,,,,,,,,,,,,,,,,,,,,,,,,,,,,,,,,,,,,,,,,,,,,,,,,,,,,,,,,,,,,,,,,,,,,,,,,,,,,,,,,,,,,,,,,,,,,,,,,,,,,,,,,,,,,,,,,,
5113.4,1832.8,74.9,16500.6,3923.4,23.8,2.791207769155335,6.565389569214446,1.7349980158970395,81.64526703274775,0.0,0,True,1,0,eod,7,bollinger;breaker;cisd;ema_trend;fvg;obv;order_block,198,352,,,,,,,,170,,,,,,,,,,,,,197,1.9,,,,7,49,7,,,,,,,,,,,,,,,,,,,,,,,,,,,,,,,,,,,,,,,,,,,,,,,,,,,,,,,,,,,,,,,,,,,,,,,,,,,,,,,,,,,,,,,,,,,,,,,,,,,,,,,,,,,,,,,,,,,,,,,,,,,,,,,,,,,,,,,,,,,,,,,,,,,,,,,,,,,,,,,,,,,,,,,,,,,,,,,,,,,,,,,,,,,,,,,,,,,,,,,,,,,,,,,,,,,,,,,,,,,,,,,,,,,,,,,,,,,,,,,,,,,,,,,,,,,,,,,,,,,,,,,,,
5113.4,1832.8,74.9,16500.6,3923.4,23.8,2.791207769155335,6.565389569214446,1.7349980158970395,81.64526703274775,0.0,0,True,1,0,eod,8,bollinger;breaker;cisd;ema_trend;fvg;keltner;obv;order_block,198,352,,,,,,150,1.8,170,,,,,,,,,,,,,197,1.9,,,,7,49,7,,,,,,,,,,,,,,,,,,,,,,,,,,,,,,,,,,,,,,,,,,,,,,,,,,,,,,,,,,,,,,,,,,,,,,,,,,,,,,,,,,,,,,,,,,,,,,,,,,,,,,,,,,,,,,,,,,,,,,,,,,,,,,,,,,,,,,,,,,,,,,,,,,,,,,,,,,,,,,,,,,,,,,,,,,,,,,,,,,,,,,,,,,,,,,,,,,,,,,,,,,,,,,,,,,,,,,,,,,,,,,,,,,,,,,,,,,,,,,,,,,,,,,,,,,,,,,,,,,,,,,,,,
5113.4,1832.8,74.9,16500.6,3923.4,23.8,2.791207769155335,6.565389569214446,1.7349980158970395,81.64526703274775,0.0,0,True,1,0,eod,8,bollinger;breaker;cisd;ema_trend;fvg;obv;order_block;sma_trend,21,352,308,269,,,,,,192,,,,,,,,,,,,,197,1.9,,,,7,49,7,,,,,,,,,,,,,,,,,,,,,,,,,,,,,,,,,,,,,,,,,,,,,,,,,,,,,,,,,,,,,,,,,,,,,,,,,,,,,,,,,,,,,,,,,,,,,,,,,,,,,,,,,,,,,,,,,,,,,,,,,,,,,,,,,,,,,,,,,,,,,,,,,,,,,,,,,,,,,,,,,,,,,,,,,,,,,,,,,,,,,,,,,,,,,,,,,,,,,,,,,,,,,,,,,,,,,,,,,,,,,,,,,,,,,,,,,,,,,,,,,,,,,,,,,,,,,,,,,,,,,,,,,
5113.4,1832.8,74.9,16500.6,3923.4,23.8,2.791207769155335,6.565389569214446,1.7349980158970395,81.64526703274775,0.0,0,True,1,0,eod,8,bollinger;breaker;cisd;ema_trend;fvg;obv;order_block;sma_trend,21,352,308,269,,,,,,192,,,,,,,,,,,,,197,1.9,,,,7,49,7,,,,,,,,,,,,,,,,,,,,,,,,,,,,,,,,,,,,,,,,,,,,,,,,,,,,,,,,,,,,,,,,,,,,,,,,,,,,,,,,,,,,,,,,,,,,,,,,,,,,,,,,,,,,,,,,,,,,,,,,,,,,,,,,,,,,,,,,,,,,,,,,,,,,,,,,,,,,,,,,,,,,,,,,,,,,,,,,,,,,,,,,,,,,,,,,,,,,,,,,,,,,,,,,,,,,,,,,,,,,,,,,,,,,,,,,,,,,,,,,,,,,,,,,,,,,,,,,,,,,,,,,,
5113.4,1832.8,74.9,16500.6,3923.4,23.8,2.791207769155335,6.565389569214446,1.7349980158970395,81.64526703274775,0.0,0,True,1,0,eod,8,bollinger;breaker;cisd;ema_trend;fvg;obv;order_block;sma_trend,198,352,308,269,,,,,,170,,,,,,,,,,,,,197,1.9,,,,7,49,7,,,,,,,,,,,,,,,,,,,,,,,,,,,,,,,,,,,,,,,,,,,,,,,,,,,,,,,,,,,,,,,,,,,,,,,,,,,,,,,,,,,,,,,,,,,,,,,,,,,,,,,,,,,,,,,,,,,,,,,,,,,,,,,,,,,,,,,,,,,,,,,,,,,,,,,,,,,,,,,,,,,,,,,,,,,,,,,,,,,,,,,,,,,,,,,,,,,,,,,,,,,,,,,,,,,,,,,,,,,,,,,,,,,,,,,,,,,,,,,,,,,,,,,,,,,,,,,,,,,,,,,,,
5113.4,1832.8,74.9,16500.6,3923.4,23.8,2.791207769155335,6.565389569214446,1.7349980158970395,81.64526703274775,0.0,0,True,1,0,eod,8,bollinger;breaker;cisd;ema_trend;fvg;obv;order_block;sma_trend,21,352,308,269,,,,,,192,,,,,,,,,,,,,197,1.9,,,,7,49,7,,,,,,,,,,,,,,,,,,,,,,,,,,,,,,,,,,,,,,,,,,,,,,,,,,,,,,,,,,,,,,,,,,,,,,,,,,,,,,,,,,,,,,,,,,,,,,,,,,,,,,,,,,,,,,,,,,,,,,,,,,,,,,,,,,,,,,,,,,,,,,,,,,,,,,,,,,,,,,,,,,,,,,,,,,,,,,,,,,,,,,,,,,,,,,,,,,,,,,,,,,,,,,,,,,,,,,,,,,,,,,,,,,,,,,,,,,,,,,,,,,,,,,,,,,,,,,,,,,,,,,,,,
5074.7,1512.5,72.2,18265.4,2572.7,14.1,2.2443744585436627,6.018556258602773,1.7349980158970395,81.64526703274775,0.0,0,True,2,0,eod,7,bollinger;breaker;cisd;ema_trend;fvg;obv;order_block,198,352,,,,,,,,57,,,,,,,,,,,,,197,1.9,,,,7,49,7,,,,,,,,,,,,,,,,,,,,,,,,,,,,,,,,,,,,,,,,,,,,,,,,,,,,,,,,,,,,,,,,,,,,,,,,,,,,,,,,,,,,,,,,,,,,,,,,,,,,,,,,,,,,,,,,,,,,,,,,,,,,,,,,,,,,,,,,,,,,,,,,,,,,,,,,,,,,,,,,,,,,,,,,,,,,,,,,,,,,,,,,,,,,,,,,,,,,,,,,,,,,,,,,,,,,,,,,,,,,,,,,,,,,,,,,,,,,,,,,,,,,,,,,,,,,,,,,,,,,,,,,,
5008.2,1729.8,74.6,17008.3,3993.2,23.5,2.5211589596147754,6.295340759673886,1.7349980158970395,81.64526703274775,0.0,0,True,1,0,eod,7,bollinger;breaker;cisd;ema_trend;fvg;obv;order_block,21,352,,,,,,,,51,,,,,,,,,,,,,197,1.9,,,,7,49,7,,,,,,,,,,,,,,,,,,,,,,,,,,,,,,,,,,,,,,,,,,,,,,,,,,,,,,,,,,,,,,,,,,,,,,,,,,,,,,,,,,,,,,,,,,,,,,,,,,,,,,,,,,,,,,,,,,,,,,,,,,,,,,,,,,,,,,,,,,,,,,,,,,,,,,,,,,,,,,,,,,,,,,,,,,,,,,,,,,,,,,,,,,,,,,,,,,,,,,,,,,,,,,,,,,,,,,,,,,,,,,,,,,,,,,,,,,,,,,,,,,,,,,,,,,,,,,,,,,,,,,,,,
5005.5,1967.0,76.4,16885.8,3630.5,21.5,3.063302627900696,6.837484427959806,1.7349980158970395,81.64526703274775,0.0,0,True,1,0,eod,8,bollinger;breaker;cisd;ema_trend;fvg;obv;order_block;vwap,21,352,,,,,,,,51,,,,,,,,,,,,,197,1.9,,,,7,49,7,,,,,,,,,,,,,,,,,,,,,,,,,,,,,,,,,,,,,,,,,,,,,,,,,,,,,,,,,,,,,,,,,,,,,,,,,,,,,,,,,,,,,,,,,,,,,,,,,,,,,,,,,,,,,,,,,,,,,,,,,,,,,,,,,,,,,,,,,,,,,,,,,,,,,,,,,,,,,,,,,,,,,,,,,,,,,,,,,,,,,,,,,,,,,,,,,,,,,,,,,,,,,,,,,,,,,,,,,,,,,,,,,,,,,,,,,,,,,,,,,,,,,,,,,,,,,,,,,,,,,,,,,
4992.9,1504.8,78.8,14642.2,2317.0,15.8,3.60068891723419,7.31225071169956,1.9915607395530073,81.64526703274775,0.0,0,True,1,0,eod,8,bollinger;breaker;cisd;ema_trend;fvg;order_block;rsi;vwap,4,352,,,,,,,,,,,22,33,52,,,,,,,,197,1.9,,,,7,7,7,,,,,,,,,,,,,,,,,,,,,,,,,,,,,,,,,,,,,,,,,,,,,,,,,,,,,,,,,,,,,,,,,,,,,,,,,,,,,,,,,,,,,,,,,,,,,,,,,,,,,,,,,,,,,,,,,,,,,,,,,,,,,,,,,,,,,,,,,,,,,,,,,,,,,,,,,,,,,,,,,,,,,,,,,,,,,,,,,,,,,,,,,,,,,,,,,,,,,,,,,,,,,,,,,,,,,,,,,,,,,,,,,,,,,,,,,,,,,,,,,,,,,,,,,,,,,,,,,,,,,,,,,
4853.0,1490.3,71.9,18135.8,2588.0,14.3,2.096344296235996,5.870526096295107,1.7349980158970395,81.64526703274775,0.0,0,True,2,0,eod,7,bollinger;breaker;cisd;ema_trend;fvg;obv;order_block,198,352,,,,,,,,57,,,,,,,,,,,,,197,1.9,,,,7,28,7,,,,,,,,,,,,,,,,,,,,,,,,,,,,,,,,,,,,,,,,,,,,,,,,,,,,,,,,,,,,,,,,,,,,,,,,,,,,,,,,,,,,,,,,,,,,,,,,,,,,,,,,,,,,,,,,,,,,,,,,,,,,,,,,,,,,,,,,,,,,,,,,,,,,,,,,,,,,,,,,,,,,,,,,,,,,,,,,,,,,,,,,,,,,,,,,,,,,,,,,,,,,,,,,,,,,,,,,,,,,,,,,,,,,,,,,,,,,,,,,,,,,,,,,,,,,,,,,,,,,,,,,,
4729.5,1461.1,71.6,16953.1,2095.8,12.4,2.096344296235996,4.5277218560252255,1.7349980158970395,81.64526703274775,0.0,0,True,2,0,eod,8,bollinger;breaker;cisd;ema_trend;fvg;obv;order_block;vwap,198,352,,,,,,,,51,,,,,,,,,,,,,197,1.9,,,,7,28,7,,,,,,,,,,,,,,,,,,,,,,,,,,,,,,,,,,,,,,,,,,,,,,,,,,,,,,,,,,,,,,,,,,,,,,,,,,,,,,,,,,,,,,,,,,,,,,,,,,,,,,,,,,,,,,,,,,,,,,,,,,,,,,,,,,,,,,,,,,,,,,,,,,,,,,,,,,,,,,,,,,,,,,,,,,,,,,,,,,,,,,,,,,,,,,,,,,,,,,,,,,,,,,,,,,,,,,,,,,,,,,,,,,,,,,,,,,,,,,,,,,,,,,,,,,,,,,,,,,,,,,,,,
4721.5,1443.6,71.8,16447.7,3321.4,20.2,2.2443744585436627,6.018556258602773,1.7349980158970395,81.64526703274775,0.0,0,True,2,0,eod,8,bollinger;breaker;cisd;ema_trend;fvg;obv;order_block;vwap,198,352,,,,,,,,198,,,,,,,,,,,,,197,1.9,,,,7,49,7,,,,,,,,,,,,,,,,,,,,,,,,,,,,,,,,,,,,,,,,,,,,,,,,,,,,,,,,,,,,,,,,,,,,,,,,,,,,,,,,,,,,,,,,,,,,,,,,,,,,,,,,,,,,,,,,,,,,,,,,,,,,,,,,,,,,,,,,,,,,,,,,,,,,,,,,,,,,,,,,,,,,,,,,,,,,,,,,,,,,,,,,,,,,,,,,,,,,,,,,,,,,,,,,,,,,,,,,,,,,,,,,,,,,,,,,,,,,,,,,,,,,,,,,,,,,,,,,,,,,,,,,,
4702.5,1383.0,81.8,14388.0,1521.7,10.6,3.60068891723419,7.3748707172933,1.6493224220707372,81.64526703274775,0.0,0,True,1,0,eod,9,bollinger;breaker;cisd;ema_trend;fvg;obv;order_block;rsi;vwap,264,352,,,,,,,,51,,,22,33,52,,,,,,,,197,1.8,,,,7,7,7,,,,,,,,,,,,,,,,,,,,,,,,,,,,,,,,,,,,,,,,,,,,,,,,,,,,,,,,,,,,,,,,,,,,,,,,,,,,,,,,,,,,,,,,,,,,,,,,,,,,,,,,,,,,,,,,,,,,,,,,,,,,,,,,,,,,,,,,,,,,,,,,,,,,,,,,,,,,,,,,,,,,,,,,,,,,,,,,,,,,,,,,,,,,,,,,,,,,,,,,,,,,,,,,,,,,,,,,,,,,,,,,,,,,,,,,,,,,,,,,,,,,,,,,,,,,,,,,,,,,,,,,,
4547.2,1327.3,76.0,16681.9,1568.1,9.4,2.791207769155335,6.565389569214446,1.7349980158970395,81.64526703274775,0.0,0,True,1,0,eod,9,bollinger;breaker;cisd;ema_trend;fvg;obv;order_block;rsi;sma_trend,198,352,308,269,,,,,,51,,,32,13,52,,,,,,,,197,1.8,,,,7,3,7,,,,,,,,,,,,,,,,,,,,,,,,,,,,,,,,,,,,,,,,,,,,,,,,,,,,,,,,,,,,,,,,,,,,,,,,,,,,,,,,,,,,,,,,,,,,,,,,,,,,,,,,,,,,,,,,,,,,,,,,,,,,,,,,,,,,,,,,,,,,,,,,,,,,,,,,,,,,,,,,,,,,,,,,,,,,,,,,,,,,,,,,,,,,,,,,,,,,,,,,,,,,,,,,,,,,,,,,,,,,,,,,,,,,,,,,,,,,,,,,,,,,,,,,,,,,,,,,,,,,,,,,,
4531.1,1098.3,76.4,17137.5,1974.8,11.5,2.791207769155335,4.895025042323436,1.7349980158970395,81.64526703274775,0.0,0,True,1,0,eod,8,bollinger;breaker;cisd;ema_trend;fvg;obv;order_block;rsi,21,175,,,,,,,,51,,,23,28,52,,,,,,,,197,1.9,,,,7,3,7,,,,,,,,,,,,,,,,,,,,,,,,,,,,,,,,,,,,,,,,,,,,,,,,,,,,,,,,,,,,,,,,,,,,,,,,,,,,,,,,,,,,,,,,,,,,,,,,,,,,,,,,,,,,,,,,,,,,,,,,,,,,,,,,,,,,,,,,,,,,,,,,,,,,,,,,,,,,,,,,,,,,,,,,,,,,,,,,,,,,,,,,,,,,,,,,,,,,,,,,,,,,,,,,,,,,,,,,,,,,,,,,,,,,,,,,,,,,,,,,,,,,,,,,,,,,,,,,,,,,,,,,,
4507.6,1215.8,77.3,14868.8,2582.5,17.4,2.791207769155335,6.565389569214446,1.7349980158970395,81.64526703274775,0.0,0,True,1,0,eod,7,bollinger;breaker;cisd;ema_trend;fvg;order_block;rsi,21,352,,,,,,,,,,,23,13,52,,,,,,,,197,1.9,,,,7,3,7,,,,,,,,,,,,,,,,,,,,,,,,,,,,,,,,,,,,,,,,,,,,,,,,,,,,,,,,,,,,,,,,,,,,,,,,,,,,,,,,,,,,,,,,,,,,,,,,,,,,,,,,,,,,,,,,,,,,,,,,,,,,,,,,,,,,,,,,,,,,,,,,,,,,,,,,,,,,,,,,,,,,,,,,,,,,,,,,,,,,,,,,,,,,,,,,,,,,,,,,,,,,,,,,,,,,,,,,,,,,,,,,,,,,,,,,,,,,,,,,,,,,,,,,,,,,,,,,,,,,,,,,,
4472.3,889.3,78.7,17350.7,1101.3,6.3,2.791207769155335,5.2225853289445645,1.7349980158970395,81.64526703274775,0.0,0,True,1,0,eod,10,bollinger;breaker;cisd;ema_trend;fvg;obv;order_block;rsi;sma_trend;vwap,198,352,308,269,,,,,,51,,,23,13,52,,,,,,,,197,1.8,,,,7,28,7,,,,,,,,,,,,,,,,,,,,,,,,,,,,,,,,,,,,,,,,,,,,,,,,,,,,,,,,,,,,,,,,,,,,,,,,,,,,,,,,,,,,,,,,,,,,,,,,,,,,,,,,,,,,,,,,,,,,,,,,,,,,,,,,,,,,,,,,,,,,,,,,,,,,,,,,,,,,,,,,,,,,,,,,,,,,,,,,,,,,,,,,,,,,,,,,,,,,,,,,,,,,,,,,,,,,,,,,,,,,,,,,,,,,,,,,,,,,,,,,,,,,,,,,,,,,,,,,,,,,,,,,,
4472.3,889.3,78.7,17350.7,1101.3,6.3,2.791207769155335,5.2225853289445645,1.7349980158970395,81.64526703274775,0.0,0,True,1,0,eod,10,bollinger;breaker;cisd;ema_trend;fvg;obv;order_block;rsi;sma_trend;vwap,198,352,308,269,,,,,,51,,,23,13,52,,,,,,,,197,1.8,,,,7,28,7,,,,,,,,,,,,,,,,,,,,,,,,,,,,,,,,,,,,,,,,,,,,,,,,,,,,,,,,,,,,,,,,,,,,,,,,,,,,,,,,,,,,,,,,,,,,,,,,,,,,,,,,,,,,,,,,,,,,,,,,,,,,,,,,,,,,,,,,,,,,,,,,,,,,,,,,,,,,,,,,,,,,,,,,,,,,,,,,,,,,,,,,,,,,,,,,,,,,,,,,,,,,,,,,,,,,,,,,,,,,,,,,,,,,,,,,,,,,,,,,,,,,,,,,,,,,,,,,,,,,,,,,,
4450.3,1220.2,82.0,16739.7,1307.0,7.8,3.60068891723419,6.03206647702342,1.7349980158970395,81.64526703274775,0.0,0,True,1,0,eod,10,bollinger;breaker;cisd;ema_trend;fvg;obv;order_block;rsi;sma_trend;vwap,253,352,308,269,,,,,,51,,,22,33,52,,,,,,,,197,1.8,,,,7,28,7,,,,,,,,,,,,,,,,,,,,,,,,,,,,,,,,,,,,,,,,,,,,,,,,,,,,,,,,,,,,,,,,,,,,,,,,,,,,,,,,,,,,,,,,,,,,,,,,,,,,,,,,,,,,,,,,,,,,,,,,,,,,,,,,,,,,,,,,,,,,,,,,,,,,,,,,,,,,,,,,,,,,,,,,,,,,,,,,,,,,,,,,,,,,,,,,,,,,,,,,,,,,,,,,,,,,,,,,,,,,,,,,,,,,,,,,,,,,,,,,,,,,,,,,,,,,,,,,,,,,,,,,,
4323.7,936.8,79.3,15348.7,2348.6,15.3,2.791207769155335,6.565389569214446,1.7349980158970395,81.64526703274775,0.0,0,True,1,0,eod,8,bollinger;breaker;cisd;ema_trend;fvg;order_block;rsi;vwap,21,171,,,,,,,,,,,23,33,52,,,,,,,,197,1.9,,,,7,49,7,,,,,,,,,,,,,,,,,,,,,,,,,,,,,,,,,,,,,,,,,,,,,,,,,,,,,,,,,,,,,,,,,,,,,,,,,,,,,,,,,,,,,,,,,,,,,,,,,,,,,,,,,,,,,,,,,,,,,,,,,,,,,,,,,,,,,,,,,,,,,,,,,,,,,,,,,,,,,,,,,,,,,,,,,,,,,,,,,,,,,,,,,,,,,,,,,,,,,,,,,,,,,,,,,,,,,,,,,,,,,,,,,,,,,,,,,,,,,,,,,,,,,,,,,,,,,,,,,,,,,,,,,
4323.7,936.8,79.3,15348.7,2348.6,15.3,2.791207769155335,6.565389569214446,1.7349980158970395,81.64526703274775,0.0,0,True,1,0,eod,9,bollinger;breaker;cisd;ema_trend;fvg;keltner;order_block;rsi;vwap,21,171,,,,,,46,1.8,,,,23,33,52,,,,,,,,197,1.9,,,,7,49,7,,,,,,,,,,,,,,,,,,,,,,,,,,,,,,,,,,,,,,,,,,,,,,,,,,,,,,,,,,,,,,,,,,,,,,,,,,,,,,,,,,,,,,,,,,,,,,,,,,,,,,,,,,,,,,,,,,,,,,,,,,,,,,,,,,,,,,,,,,,,,,,,,,,,,,,,,,,,,,,,,,,,,,,,,,,,,,,,,,,,,,,,,,,,,,,,,,,,,,,,,,,,,,,,,,,,,,,,,,,,,,,,,,,,,,,,,,,,,,,,,,,,,,,,,,,,,,,,,,,,,,,,,
4323.7,936.8,79.3,15348.7,2348.6,15.3,2.791207769155335,6.565389569214446,1.7349980158970395,81.64526703274775,0.0,0,True,1,0,eod,9,bollinger;breaker;cisd;ema_trend;fvg;obv;order_block;rsi;vwap,21,352,,,,,,,,51,,,23,33,52,,,,,,,,197,1.9,,,,7,49,7,,,,,,,,,,,,,,,,,,,,,,,,,,,,,,,,,,,,,,,,,,,,,,,,,,,,,,,,,,,,,,,,,,,,,,,,,,,,,,,,,,,,,,,,,,,,,,,,,,,,,,,,,,,,,,,,,,,,,,,,,,,,,,,,,,,,,,,,,,,,,,,,,,,,,,,,,,,,,,,,,,,,,,,,,,,,,,,,,,,,,,,,,,,,,,,,,,,,,,,,,,,,,,,,,,,,,,,,,,,,,,,,,,,,,,,,,,,,,,,,,,,,,,,,,,,,,,,,,,,,,,,,,
4323.7,936.8,79.3,15348.7,2348.6,15.3,2.791207769155335,6.565389569214446,1.7349980158970395,81.64526703274775,0.0,0,True,1,0,eod,8,bollinger;breaker;cisd;ema_trend;fvg;order_block;rsi;vwap,21,352,,,,,,,,,,,23,33,52,,,,,,,,197,1.9,,,,7,49,7,,,,,,,,,,,,,,,,,,,,,,,,,,,,,,,,,,,,,,,,,,,,,,,,,,,,,,,,,,,,,,,,,,,,,,,,,,,,,,,,,,,,,,,,,,,,,,,,,,,,,,,,,,,,,,,,,,,,,,,,,,,,,,,,,,,,,,,,,,,,,,,,,,,,,,,,,,,,,,,,,,,,,,,,,,,,,,,,,,,,,,,,,,,,,,,,,,,,,,,,,,,,,,,,,,,,,,,,,,,,,,,,,,,,,,,,,,,,,,,,,,,,,,,,,,,,,,,,,,,,,,,,,
4323.7,936.8,79.3,15348.7,2348.6,15.3,2.791207769155335,6.565389569214446,1.7349980158970395,81.64526703274775,0.0,0,True,1,0,eod,8,bollinger;breaker;cisd;ema_trend;fvg;order_block;rsi;vwap,21,352,,,,,,,,,,,23,33,52,,,,,,,,197,1.9,,,,7,49,7,,,,,,,,,,,,,,,,,,,,,,,,,,,,,,,,,,,,,,,,,,,,,,,,,,,,,,,,,,,,,,,,,,,,,,,,,,,,,,,,,,,,,,,,,,,,,,,,,,,,,,,,,,,,,,,,,,,,,,,,,,,,,,,,,,,,,,,,,,,,,,,,,,,,,,,,,,,,,,,,,,,,,,,,,,,,,,,,,,,,,,,,,,,,,,,,,,,,,,,,,,,,,,,,,,,,,,,,,,,,,,,,,,,,,,,,,,,,,,,,,,,,,,,,,,,,,,,,,,,,,,,,,
4323.7,936.8,79.3,15348.7,2348.6,15.3,2.791207769155335,6.565389569214446,1.7349980158970395,81.64526703274775,0.0,0,True,1,0,eod,8,bollinger;breaker;cisd;ema_trend;fvg;order_block;rsi;vwap,21,171,,,,,,,,,,,23,33,52,,,,,,,,197,1.9,,,,7,49,7,,,,,,,,,,,,,,,,,,,,,,,,,,,,,,,,,,,,,,,,,,,,,,,,,,,,,,,,,,,,,,,,,,,,,,,,,,,,,,,,,,,,,,,,,,,,,,,,,,,,,,,,,,,,,,,,,,,,,,,,,,,,,,,,,,,,,,,,,,,,,,,,,,,,,,,,,,,,,,,,,,,,,,,,,,,,,,,,,,,,,,,,,,,,,,,,,,,,,,,,,,,,,,,,,,,,,,,,,,,,,,,,,,,,,,,,,,,,,,,,,,,,,,,,,,,,,,,,,,,,,,,,,
4323.7,936.8,79.3,15348.7,2348.6,15.3,2.791207769155335,6.565389569214446,1.7349980158970395,81.64526703274775,0.0,0,True,1,0,eod,8,bollinger;breaker;cisd;ema_trend;fvg;order_block;rsi;vwap,21,352,,,,,,,,,,,23,33,52,,,,,,,,197,1.9,,,,7,49,7,,,,,,,,,,,,,,,,,,,,,,,,,,,,,,,,,,,,,,,,,,,,,,,,,,,,,,,,,,,,,,,,,,,,,,,,,,,,,,,,,,,,,,,,,,,,,,,,,,,,,,,,,,,,,,,,,,,,,,,,,,,,,,,,,,,,,,,,,,,,,,,,,,,,,,,,,,,,,,,,,,,,,,,,,,,,,,,,,,,,,,,,,,,,,,,,,,,,,,,,,,,,,,,,,,,,,,,,,,,,,,,,,,,,,,,,,,,,,,,,,,,,,,,,,,,,,,,,,,,,,,,,,
4323.7,936.8,79.3,15348.7,2348.6,15.3,2.791207769155335,6.565389569214446,1.7349980158970395,81.64526703274775,0.0,0,True,1,0,eod,8,bollinger;breaker;cisd;ema_trend;fvg;order_block;rsi;vwap,21,352,,,,,,,,,,,23,33,52,,,,,,,,197,1.9,,,,7,41,7,,,,,,,,,,,,,,,,,,,,,,,,,,,,,,,,,,,,,,,,,,,,,,,,,,,,,,,,,,,,,,,,,,,,,,,,,,,,,,,,,,,,,,,,,,,,,,,,,,,,,,,,,,,,,,,,,,,,,,,,,,,,,,,,,,,,,,,,,,,,,,,,,,,,,,,,,,,,,,,,,,,,,,,,,,,,,,,,,,,,,,,,,,,,,,,,,,,,,,,,,,,,,,,,,,,,,,,,,,,,,,,,,,,,,,,,,,,,,,,,,,,,,,,,,,,,,,,,,,,,,,,,,
4323.7,936.8,79.3,15348.7,2348.6,15.3,2.791207769155335,6.565389569214446,1.7349980158970395,81.64526703274775,0.0,0,True,1,0,eod,9,bollinger;breaker;cisd;ema_trend;fvg;obv;order_block;rsi;vwap,198,352,,,,,,,,51,,,23,33,52,,,,,,,,197,1.9,,,,7,49,7,,,,,,,,,,,,,,,,,,,,,,,,,,,,,,,,,,,,,,,,,,,,,,,,,,,,,,,,,,,,,,,,,,,,,,,,,,,,,,,,,,,,,,,,,,,,,,,,,,,,,,,,,,,,,,,,,,,,,,,,,,,,,,,,,,,,,,,,,,,,,,,,,,,,,,,,,,,,,,,,,,,,,,,,,,,,,,,,,,,,,,,,,,,,,,,,,,,,,,,,,,,,,,,,,,,,,,,,,,,,,,,,,,,,,,,,,,,,,,,,,,,,,,,,,,,,,,,,,,,,,,,,,
4323.7,936.8,79.3,15348.7,2348.6,15.3,2.791207769155335,6.565389569214446,1.7349980158970395,81.64526703274775,0.0,0,True,1,0,eod,8,bollinger;breaker;cisd;ema_trend;fvg;order_block;rsi;vwap,21,171,,,,,,,,,,,23,33,52,,,,,,,,197,1.9,,,,7,49,7,,,,,,,,,,,,,,,,,,,,,,,,,,,,,,,,,,,,,,,,,,,,,,,,,,,,,,,,,,,,,,,,,,,,,,,,,,,,,,,,,,,,,,,,,,,,,,,,,,,,,,,,,,,,,,,,,,,,,,,,,,,,,,,,,,,,,,,,,,,,,,,,,,,,,,,,,,,,,,,,,,,,,,,,,,,,,,,,,,,,,,,,,,,,,,,,,,,,,,,,,,,,,,,,,,,,,,,,,,,,,,,,,,,,,,,,,,,,,,,,,,,,,,,,,,,,,,,,,,,,,,,,,
4323.7,936.8,79.3,15348.7,2348.6,15.3,2.791207769155335,6.565389569214446,1.7349980158970395,81.64526703274775,0.0,0,True,1,0,eod,9,bollinger;breaker;cisd;ema_trend;fvg;obv;order_block;rsi;vwap,21,352,,,,,,,,185,,,23,33,52,,,,,,,,197,1.9,,,,7,49,7,,,,,,,,,,,,,,,,,,,,,,,,,,,,,,,,,,,,,,,,,,,,,,,,,,,,,,,,,,,,,,,,,,,,,,,,,,,,,,,,,,,,,,,,,,,,,,,,,,,,,,,,,,,,,,,,,,,,,,,,,,,,,,,,,,,,,,,,,,,,,,,,,,,,,,,,,,,,,,,,,,,,,,,,,,,,,,,,,,,,,,,,,,,,,,,,,,,,,,,,,,,,,,,,,,,,,,,,,,,,,,,,,,,,,,,,,,,,,,,,,,,,,,,,,,,,,,,,,,,,,,,,,
4323.7,936.8,79.3,15348.7,2348.6,15.3,2.791207769155335,6.565389569214446,1.7349980158970395,81.64526703274775,0.0,0,True,1,0,eod,9,bollinger;breaker;cisd;ema_trend;fvg;obv;order_block;rsi;vwap,198,352,,,,,,,,51,,,23,33,52,,,,,,,,197,1.9,,,,7,49,7,,,,,,,,,,,,,,,,,,,,,,,,,,,,,,,,,,,,,,,,,,,,,,,,,,,,,,,,,,,,,,,,,,,,,,,,,,,,,,,,,,,,,,,,,,,,,,,,,,,,,,,,,,,,,,,,,,,,,,,,,,,,,,,,,,,,,,,,,,,,,,,,,,,,,,,,,,,,,,,,,,,,,,,,,,,,,,,,,,,,,,,,,,,,,,,,,,,,,,,,,,,,,,,,,,,,,,,,,,,,,,,,,,,,,,,,,,,,,,,,,,,,,,,,,,,,,,,,,,,,,,,,,
4323.7,936.8,79.3,15348.7,2348.6,15.3,2.791207769155335,6.565389569214446,1.7349980158970395,81.64526703274775,0.0,0,True,1,0,eod,8,bollinger;breaker;cisd;ema_trend;fvg;order_block;rsi;vwap,21,352,,,,,,,,,,,23,33,52,,,,,,,,197,1.9,,,,7,49,7,,,,,,,,,,,,,,,,,,,,,,,,,,,,,,,,,,,,,,,,,,,,,,,,,,,,,,,,,,,,,,,,,,,,,,,,,,,,,,,,,,,,,,,,,,,,,,,,,,,,,,,,,,,,,,,,,,,,,,,,,,,,,,,,,,,,,,,,,,,,,,,,,,,,,,,,,,,,,,,,,,,,,,,,,,,,,,,,,,,,,,,,,,,,,,,,,,,,,,,,,,,,,,,,,,,,,,,,,,,,,,,,,,,,,,,,,,,,,,,,,,,,,,,,,,,,,,,,,,,,,,,,,
4323.7,936.8,79.3,15348.7,2348.6,15.3,2.791207769155335,6.565389569214446,1.7349980158970395,81.64526703274775,0.0,0,True,1,0,eod,9,bollinger;breaker;cisd;ema_trend;fvg;obv;order_block;rsi;vwap,21,352,,,,,,,,51,,,23,33,52,,,,,,,,197,1.9,,,,7,49,7,,,,,,,,,,,,,,,,,,,,,,,,,,,,,,,,,,,,,,,,,,,,,,,,,,,,,,,,,,,,,,,,,,,,,,,,,,,,,,,,,,,,,,,,,,,,,,,,,,,,,,,,,,,,,,,,,,,,,,,,,,,,,,,,,,,,,,,,,,,,,,,,,,,,,,,,,,,,,,,,,,,,,,,,,,,,,,,,,,,,,,,,,,,,,,,,,,,,,,,,,,,,,,,,,,,,,,,,,,,,,,,,,,,,,,,,,,,,,,,,,,,,,,,,,,,,,,,,,,,,,,,,,
4323.7,936.8,79.3,15348.7,2348.6,15.3,2.791207769155335,6.565389569214446,1.7349980158970395,81.64526703274775,0.0,0,True,1,0,eod,8,bollinger;breaker;cisd;ema_trend;fvg;order_block;rsi;vwap,21,352,,,,,,,,,,,23,33,52,,,,,,,,197,1.9,,,,7,49,7,,,,,,,,,,,,,,,,,,,,,,,,,,,,,,,,,,,,,,,,,,,,,,,,,,,,,,,,,,,,,,,,,,,,,,,,,,,,,,,,,,,,,,,,,,,,,,,,,,,,,,,,,,,,,,,,,,,,,,,,,,,,,,,,,,,,,,,,,,,,,,,,,,,,,,,,,,,,,,,,,,,,,,,,,,,,,,,,,,,,,,,,,,,,,,,,,,,,,,,,,,,,,,,,,,,,,,,,,,,,,,,,,,,,,,,,,,,,,,,,,,,,,,,,,,,,,,,,,,,,,,,,,
4323.7,936.8,79.3,15348.7,2348.6,15.3,2.791207769155335,6.565389569214446,1.7349980158970395,81.64526703274775,0.0,0,True,1,0,eod,8,bollinger;breaker;cisd;ema_trend;fvg;order_block;rsi;vwap,4,352,,,,,,,,,,,23,33,52,,,,,,,,197,1.9,,,,7,49,7,,,,,,,,,,,,,,,,,,,,,,,,,,,,,,,,,,,,,,,,,,,,,,,,,,,,,,,,,,,,,,,,,,,,,,,,,,,,,,,,,,,,,,,,,,,,,,,,,,,,,,,,,,,,,,,,,,,,,,,,,,,,,,,,,,,,,,,,,,,,,,,,,,,,,,,,,,,,,,,,,,,,,,,,,,,,,,,,,,,,,,,,,,,,,,,,,,,,,,,,,,,,,,,,,,,,,,,,,,,,,,,,,,,,,,,,,,,,,,,,,,,,,,,,,,,,,,,,,,,,,,,,,
4323.7,936.8,79.3,15348.7,2348.6,15.3,2.791207769155335,6.565389569214446,1.7349980158970395,81.64526703274775,0.0,0,True,1,0,eod,9,bollinger;breaker;cisd;ema_trend;fvg;obv;order_block;rsi;vwap,21,352,,,,,,,,51,,,23,33,52,,,,,,,,197,1.9,,,,7,49,7,,,,,,,,,,,,,,,,,,,,,,,,,,,,,,,,,,,,,,,,,,,,,,,,,,,,,,,,,,,,,,,,,,,,,,,,,,,,,,,,,,,,,,,,,,,,,,,,,,,,,,,,,,,,,,,,,,,,,,,,,,,,,,,,,,,,,,,,,,,,,,,,,,,,,,,,,,,,,,,,,,,,,,,,,,,,,,,,,,,,,,,,,,,,,,,,,,,,,,,,,,,,,,,,,,,,,,,,,,,,,,,,,,,,,,,,,,,,,,,,,,,,,,,,,,,,,,,,,,,,,,,,,
4323.7,936.8,79.3,15348.7,2348.6,15.3,2.791207769155335,6.565389569214446,1.7349980158970395,81.64526703274775,0.0,0,True,1,0,eod,9,bollinger;breaker;cisd;ema_trend;fvg;obv;order_block;rsi;vwap,4,352,,,,,,,,51,,,23,33,52,,,,,,,,197,1.9,,,,7,49,7,,,,,,,,,,,,,,,,,,,,,,,,,,,,,,,,,,,,,,,,,,,,,,,,,,,,,,,,,,,,,,,,,,,,,,,,,,,,,,,,,,,,,,,,,,,,,,,,,,,,,,,,,,,,,,,,,,,,,,,,,,,,,,,,,,,,,,,,,,,,,,,,,,,,,,,,,,,,,,,,,,,,,,,,,,,,,,,,,,,,,,,,,,,,,,,,,,,,,,,,,,,,,,,,,,,,,,,,,,,,,,,,,,,,,,,,,,,,,,,,,,,,,,,,,,,,,,,,,,,,,,,,,
4323.7,936.8,79.3,15348.7,2348.6,15.3,2.791207769155335,6.565389569214446,1.7349980158970395,81.64526703274775,0.0,0,True,1,0,eod,9,bollinger;breaker;cisd;ema_trend;fvg;obv;order_block;rsi;vwap,198,352,,,,,,,,51,,,23,33,52,,,,,,,,197,1.9,,,,7,49,7,,,,,,,,,,,,,,,,,,,,,,,,,,,,,,,,,,,,,,,,,,,,,,,,,,,,,,,,,,,,,,,,,,,,,,,,,,,,,,,,,,,,,,,,,,,,,,,,,,,,,,,,,,,,,,,,,,,,,,,,,,,,,,,,,,,,,,,,,,,,,,,,,,,,,,,,,,,,,,,,,,,,,,,,,,,,,,,,,,,,,,,,,,,,,,,,,,,,,,,,,,,,,,,,,,,,,,,,,,,,,,,,,,,,,,,,,,,,,,,,,,,,,,,,,,,,,,,,,,,,,,,,,
4323.7,936.8,79.3,15348.7,2348.6,15.3,2.791207769155335,6.565389569214446,1.7349980158970395,81.64526703274775,0.0,0,True,1,0,eod,8,bollinger;breaker;cisd;ema_trend;fvg;order_block;rsi;vwap,21,352,,,,,,,,,,,23,33,52,,,,,,,,197,1.9,,,,7,49,7,,,,,,,,,,,,,,,,,,,,,,,,,,,,,,,,,,,,,,,,,,,,,,,,,,,,,,,,,,,,,,,,,,,,,,,,,,,,,,,,,,,,,,,,,,,,,,,,,,,,,,,,,,,,,,,,,,,,,,,,,,,,,,,,,,,,,,,,,,,,,,,,,,,,,,,,,,,,,,,,,,,,,,,,,,,,,,,,,,,,,,,,,,,,,,,,,,,,,,,,,,,,,,,,,,,,,,,,,,,,,,,,,,,,,,,,,,,,,,,,,,,,,,,,,,,,,,,,,,,,,,,,,
4323.7,936.8,79.3,15348.7,2348.6,15.3,2.791207769155335,6.565389569214446,1.7349980158970395,81.64526703274775,0.0,0,True,1,0,eod,10,bollinger;breaker;cci;cisd;ema_trend;fvg;obv;order_block;rsi;vwap,4,352,,,,,,,,51,65,285,23,33,52,,,,,,,,197,1.9,,,,7,49,7,,,,,,,,,,,,,,,,,,,,,,,,,,,,,,,,,,,,,,,,,,,,,,,,,,,,,,,,,,,,,,,,,,,,,,,,,,,,,,,,,,,,,,,,,,,,,,,,,,,,,,,,,,,,,,,,,,,,,,,,,,,,,,,,,,,,,,,,,,,,,,,,,,,,,,,,,,,,,,,,,,,,,,,,,,,,,,,,,,,,,,,,,,,,,,,,,,,,,,,,,,,,,,,,,,,,,,,,,,,,,,,,,,,,,,,,,,,,,,,,,,,,,,,,,,,,,,,,,,,,,,,,,
4323.7,936.8,79.3,15348.7,2348.6,15.3,2.791207769155335,6.565389569214446,1.7349980158970395,81.64526703274775,0.0,0,True,1,0,eod,9,bollinger;breaker;cisd;ema_trend;fvg;obv;order_block;rsi;vwap,21,352,,,,,,,,51,,,23,33,52,,,,,,,,197,1.9,,,,7,49,7,,,,,,,,,,,,,,,,,,,,,,,,,,,,,,,,,,,,,,,,,,,,,,,,,,,,,,,,,,,,,,,,,,,,,,,,,,,,,,,,,,,,,,,,,,,,,,,,,,,,,,,,,,,,,,,,,,,,,,,,,,,,,,,,,,,,,,,,,,,,,,,,,,,,,,,,,,,,,,,,,,,,,,,,,,,,,,,,,,,,,,,,,,,,,,,,,,,,,,,,,,,,,,,,,,,,,,,,,,,,,,,,,,,,,,,,,,,,,,,,,,,,,,,,,,,,,,,,,,,,,,,,,
4323.7,936.8,79.3,15348.7,2348.6,15.3,2.791207769155335,6.565389569214446,1.7349980158970395,81.64526703274775,0.0,0,True,1,0,eod,9,bollinger;breaker;cisd;ema_trend;fvg;obv;order_block;rsi;vwap,198,352,,,,,,,,51,,,23,33,52,,,,,,,,197,1.9,,,,7,49,7,,,,,,,,,,,,,,,,,,,,,,,,,,,,,,,,,,,,,,,,,,,,,,,,,,,,,,,,,,,,,,,,,,,,,,,,,,,,,,,,,,,,,,,,,,,,,,,,,,,,,,,,,,,,,,,,,,,,,,,,,,,,,,,,,,,,,,,,,,,,,,,,,,,,,,,,,,,,,,,,,,,,,,,,,,,,,,,,,,,,,,,,,,,,,,,,,,,,,,,,,,,,,,,,,,,,,,,,,,,,,,,,,,,,,,,,,,,,,,,,,,,,,,,,,,,,,,,,,,,,,,,,,
4323.7,936.8,79.3,15348.7,2348.6,15.3,2.791207769155335,6.565389569214446,1.7349980158970395,81.64526703274775,0.0,0,True,1,0,eod,10,bollinger;breaker;cci;cisd;ema_trend;fvg;obv;order_block;rsi;vwap,4,352,,,,,,,,51,84,285,23,33,52,,,,,,,,197,1.9,,,,7,49,7,,,,,,,,,,,,,,,,,,,,,,,,,,,,,,,,,,,,,,,,,,,,,,,,,,,,,,,,,,,,,,,,,,,,,,,,,,,,,,,,,,,,,,,,,,,,,,,,,,,,,,,,,,,,,,,,,,,,,,,,,,,,,,,,,,,,,,,,,,,,,,,,,,,,,,,,,,,,,,,,,,,,,,,,,,,,,,,,,,,,,,,,,,,,,,,,,,,,,,,,,,,,,,,,,,,,,,,,,,,,,,,,,,,,,,,,,,,,,,,,,,,,,,,,,,,,,,,,,,,,,,,,,
4323.7,936.8,79.3,15348.7,2348.6,15.3,2.791207769155335,6.565389569214446,1.7349980158970395,81.64526703274775,0.0,0,True,1,0,eod,8,bollinger;breaker;cisd;ema_trend;fvg;order_block;rsi;vwap,4,352,,,,,,,,,,,23,33,52,,,,,,,,197,1.9,,,,7,49,7,,,,,,,,,,,,,,,,,,,,,,,,,,,,,,,,,,,,,,,,,,,,,,,,,,,,,,,,,,,,,,,,,,,,,,,,,,,,,,,,,,,,,,,,,,,,,,,,,,,,,,,,,,,,,,,,,,,,,,,,,,,,,,,,,,,,,,,,,,,,,,,,,,,,,,,,,,,,,,,,,,,,,,,,,,,,,,,,,,,,,,,,,,,,,,,,,,,,,,,,,,,,,,,,,,,,,,,,,,,,,,,,,,,,,,,,,,,,,,,,,,,,,,,,,,,,,,,,,,,,,,,,,
4323.7,936.8,79.3,15348.7,2348.6,15.3,2.791207769155335,6.565389569214446,1.7349980158970395,81.64526703274775,0.0,0,True,1,0,eod,8,bollinger;breaker;cisd;ema_trend;fvg;order_block;rsi;vwap,4,352,,,,,,,,,,,23,33,52,,,,,,,,197,1.9,,,,7,49,7,,,,,,,,,,,,,,,,,,,,,,,,,,,,,,,,,,,,,,,,,,,,,,,,,,,,,,,,,,,,,,,,,,,,,,,,,,,,,,,,,,,,,,,,,,,,,,,,,,,,,,,,,,,,,,,,,,,,,,,,,,,,,,,,,,,,,,,,,,,,,,,,,,,,,,,,,,,,,,,,,,,,,,,,,,,,,,,,,,,,,,,,,,,,,,,,,,,,,,,,,,,,,,,,,,,,,,,,,,,,,,,,,,,,,,,,,,,,,,,,,,,,,,,,,,,,,,,,,,,,,,,,,
4323.7,936.8,79.3,15348.7,2348.6,15.3,2.791207769155335,6.565389569214446,1.7349980158970395,81.64526703274775,0.0,0,True,1,0,eod,8,bollinger;breaker;cisd;ema_trend;fvg;order_block;rsi;vwap,4,352,,,,,,,,,,,23,33,52,,,,,,,,197,1.9,,,,7,49,7,,,,,,,,,,,,,,,,,,,,,,,,,,,,,,,,,,,,,,,,,,,,,,,,,,,,,,,,,,,,,,,,,,,,,,,,,,,,,,,,,,,,,,,,,,,,,,,,,,,,,,,,,,,,,,,,,,,,,,,,,,,,,,,,,,,,,,,,,,,,,,,,,,,,,,,,,,,,,,,,,,,,,,,,,,,,,,,,,,,,,,,,,,,,,,,,,,,,,,,,,,,,,,,,,,,,,,,,,,,,,,,,,,,,,,,,,,,,,,,,,,,,,,,,,,,,,,,,,,,,,,,,,
4323.7,936.8,79.3,15348.7,2348.6,15.3,2.791207769155335,6.565389569214446,1.7349980158970395,81.64526703274775,0.0,0,True,1,0,eod,8,bollinger;breaker;cisd;ema_trend;fvg;order_block;rsi;vwap,198,352,,,,,,,,,,,23,33,52,,,,,,,,197,1.9,,,,7,49,7,,,,,,,,,,,,,,,,,,,,,,,,,,,,,,,,,,,,,,,,,,,,,,,,,,,,,,,,,,,,,,,,,,,,,,,,,,,,,,,,,,,,,,,,,,,,,,,,,,,,,,,,,,,,,,,,,,,,,,,,,,,,,,,,,,,,,,,,,,,,,,,,,,,,,,,,,,,,,,,,,,,,,,,,,,,,,,,,,,,,,,,,,,,,,,,,,,,,,,,,,,,,,,,,,,,,,,,,,,,,,,,,,,,,,,,,,,,,,,,,,,,,,,,,,,,,,,,,,,,,,,,,,
4262.7,1023.5,79.6,16291.0,1371.0,8.4,2.791207769155335,6.565389569214446,1.7349980158970395,81.64526703274775,0.0,0,True,1,0,eod,9,bollinger;breaker;cisd;ema_trend;fvg;obv;order_block;rsi;vwap,198,352,,,,,,,,198,,,23,33,52,,,,,,,,197,1.8,,,,7,49,7,,,,,,,,,,,,,,,,,,,,,,,,,,,,,,,,,,,,,,,,,,,,,,,,,,,,,,,,,,,,,,,,,,,,,,,,,,,,,,,,,,,,,,,,,,,,,,,,,,,,,,,,,,,,,,,,,,,,,,,,,,,,,,,,,,,,,,,,,,,,,,,,,,,,,,,,,,,,,,,,,,,,,,,,,,,,,,,,,,,,,,,,,,,,,,,,,,,,,,,,,,,,,,,,,,,,,,,,,,,,,,,,,,,,,,,,,,,,,,,,,,,,,,,,,,,,,,,,,,,,,,,,,
4262.7,1023.5,79.6,16291.0,1371.0,8.4,2.791207769155335,6.565389569214446,1.7349980158970395,81.64526703274775,0.0,0,True,1,0,eod,9,bollinger;breaker;cisd;ema_trend;fvg;obv;order_block;rsi;vwap,198,352,,,,,,,,198,,,23,33,52,,,,,,,,197,1.8,,,,7,49,7,,,,,,,,,,,,,,,,,,,,,,,,,,,,,,,,,,,,,,,,,,,,,,,,,,,,,,,,,,,,,,,,,,,,,,,,,,,,,,,,,,,,,,,,,,,,,,,,,,,,,,,,,,,,,,,,,,,,,,,,,,,,,,,,,,,,,,,,,,,,,,,,,,,,,,,,,,,,,,,,,,,,,,,,,,,,,,,,,,,,,,,,,,,,,,,,,,,,,,,,,,,,,,,,,,,,,,,,,,,,,,,,,,,,,,,,,,,,,,,,,,,,,,,,,,,,,,,,,,,,,,,,,
4262.7,1023.5,79.6,16291.0,1371.0,8.4,2.791207769155335,6.565389569214446,1.7349980158970395,81.64526703274775,0.0,0,True,1,0,eod,9,bollinger;breaker;cisd;ema_trend;fvg;obv;order_block;rsi;vwap,21,352,,,,,,,,51,,,23,33,52,,,,,,,,197,1.8,,,,7,49,7,,,,,,,,,,,,,,,,,,,,,,,,,,,,,,,,,,,,,,,,,,,,,,,,,,,,,,,,,,,,,,,,,,,,,,,,,,,,,,,,,,,,,,,,,,,,,,,,,,,,,,,,,,,,,,,,,,,,,,,,,,,,,,,,,,,,,,,,,,,,,,,,,,,,,,,,,,,,,,,,,,,,,,,,,,,,,,,,,,,,,,,,,,,,,,,,,,,,,,,,,,,,,,,,,,,,,,,,,,,,,,,,,,,,,,,,,,,,,,,,,,,,,,,,,,,,,,,,,,,,,,,,,
4262.7,1023.5,79.6,16291.0,1371.0,8.4,2.791207769155335,6.565389569214446,1.7349980158970395,81.64526703274775,0.0,0,True,1,0,eod,9,bollinger;breaker;cisd;ema_trend;fvg;obv;order_block;rsi;vwap,198,352,,,,,,,,51,,,23,33,52,,,,,,,,197,1.8,,,,7,49,7,,,,,,,,,,,,,,,,,,,,,,,,,,,,,,,,,,,,,,,,,,,,,,,,,,,,,,,,,,,,,,,,,,,,,,,,,,,,,,,,,,,,,,,,,,,,,,,,,,,,,,,,,,,,,,,,,,,,,,,,,,,,,,,,,,,,,,,,,,,,,,,,,,,,,,,,,,,,,,,,,,,,,,,,,,,,,,,,,,,,,,,,,,,,,,,,,,,,,,,,,,,,,,,,,,,,,,,,,,,,,,,,,,,,,,,,,,,,,,,,,,,,,,,,,,,,,,,,,,,,,,,,,
4262.7,1023.5,79.6,16291.0,1371.0,8.4,2.791207769155335,6.565389569214446,1.7349980158970395,81.64526703274775,0.0,0,True,1,0,eod,9,bollinger;breaker;cisd;ema_trend;fvg;obv;order_block;rsi;vwap,198,101,,,,,,,,51,,,23,33,52,,,,,,,,197,1.8,,,,7,49,7,,,,,,,,,,,,,,,,,,,,,,,,,,,,,,,,,,,,,,,,,,,,,,,,,,,,,,,,,,,,,,,,,,,,,,,,,,,,,,,,,,,,,,,,,,,,,,,,,,,,,,,,,,,,,,,,,,,,,,,,,,,,,,,,,,,,,,,,,,,,,,,,,,,,,,,,,,,,,,,,,,,,,,,,,,,,,,,,,,,,,,,,,,,,,,,,,,,,,,,,,,,,,,,,,,,,,,,,,,,,,,,,,,,,,,,,,,,,,,,,,,,,,,,,,,,,,,,,,,,,,,,,,
4262.7,1023.5,79.6,16291.0,1371.0,8.4,2.791207769155335,6.565389569214446,1.7349980158970395,81.64526703274775,0.0,0,True,1,0,eod,8,bollinger;breaker;cisd;ema_trend;fvg;obv;order_block;rsi,198,352,,,,,,,,51,,,23,33,52,,,,,,,,197,1.8,,,,7,49,7,,,,,,,,,,,,,,,,,,,,,,,,,,,,,,,,,,,,,,,,,,,,,,,,,,,,,,,,,,,,,,,,,,,,,,,,,,,,,,,,,,,,,,,,,,,,,,,,,,,,,,,,,,,,,,,,,,,,,,,,,,,,,,,,,,,,,,,,,,,,,,,,,,,,,,,,,,,,,,,,,,,,,,,,,,,,,,,,,,,,,,,,,,,,,,,,,,,,,,,,,,,,,,,,,,,,,,,,,,,,,,,,,,,,,,,,,,,,,,,,,,,,,,,,,,,,,,,,,,,,,,,,,
4262.7,1023.5,79.6,16291.0,1371.0,8.4,2.791207769155335,6.565389569214446,1.7349980158970395,81.64526703274775,0.0,0,True,1,0,eod,9,bollinger;breaker;cisd;ema_trend;fvg;obv;order_block;rsi;vwap,21,352,,,,,,,,51,,,23,33,52,,,,,,,,197,1.8,,,,7,49,7,,,,,,,,,,,,,,,,,,,,,,,,,,,,,,,,,,,,,,,,,,,,,,,,,,,,,,,,,,,,,,,,,,,,,,,,,,,,,,,,,,,,,,,,,,,,,,,,,,,,,,,,,,,,,,,,,,,,,,,,,,,,,,,,,,,,,,,,,,,,,,,,,,,,,,,,,,,,,,,,,,,,,,,,,,,,,,,,,,,,,,,,,,,,,,,,,,,,,,,,,,,,,,,,,,,,,,,,,,,,,,,,,,,,,,,,,,,,,,,,,,,,,,,,,,,,,,,,,,,,,,,,,
4262.7,1023.5,79.6,16291.0,1371.0,8.4,2.791207769155335,6.565389569214446,1.7349980158970395,81.64526703274775,0.0,0,True,1,0,eod,9,bollinger;breaker;cisd;ema_trend;fvg;obv;order_block;rsi;vwap,198,101,,,,,,,,51,,,23,33,52,,,,,,,,197,1.8,,,,7,49,7,,,,,,,,,,,,,,,,,,,,,,,,,,,,,,,,,,,,,,,,,,,,,,,,,,,,,,,,,,,,,,,,,,,,,,,,,,,,,,,,,,,,,,,,,,,,,,,,,,,,,,,,,,,,,,,,,,,,,,,,,,,,,,,,,,,,,,,,,,,,,,,,,,,,,,,,,,,,,,,,,,,,,,,,,,,,,,,,,,,,,,,,,,,,,,,,,,,,,,,,,,,,,,,,,,,,,,,,,,,,,,,,,,,,,,,,,,,,,,,,,,,,,,,,,,,,,,,,,,,,,,,,,
4262.7,1023.5,79.6,16291.0,1371.0,8.4,2.791207769155335,6.565389569214446,1.7349980158970395,81.64526703274775,0.0,0,True,1,0,eod,9,bollinger;breaker;cisd;ema_trend;fvg;obv;order_block;rsi;vwap,198,101,,,,,,,,51,,,23,33,52,,,,,,,,197,1.8,,,,7,49,7,,,,,,,,,,,,,,,,,,,,,,,,,,,,,,,,,,,,,,,,,,,,,,,,,,,,,,,,,,,,,,,,,,,,,,,,,,,,,,,,,,,,,,,,,,,,,,,,,,,,,,,,,,,,,,,,,,,,,,,,,,,,,,,,,,,,,,,,,,,,,,,,,,,,,,,,,,,,,,,,,,,,,,,,,,,,,,,,,,,,,,,,,,,,,,,,,,,,,,,,,,,,,,,,,,,,,,,,,,,,,,,,,,,,,,,,,,,,,,,,,,,,,,,,,,,,,,,,,,,,,,,,,
4262.7,1023.5,79.6,16291.0,1371.0,8.4,2.791207769155335,6.565389569214446,1.7349980158970395,81.64526703274775,0.0,0,True,1,0,eod,9,bollinger;breaker;cisd;ema_trend;fvg;obv;order_block;rsi;vwap,21,352,,,,,,,,51,,,23,33,52,,,,,,,,197,1.8,,,,7,49,7,,,,,,,,,,,,,,,,,,,,,,,,,,,,,,,,,,,,,,,,,,,,,,,,,,,,,,,,,,,,,,,,,,,,,,,,,,,,,,,,,,,,,,,,,,,,,,,,,,,,,,,,,,,,,,,,,,,,,,,,,,,,,,,,,,,,,,,,,,,,,,,,,,,,,,,,,,,,,,,,,,,,,,,,,,,,,,,,,,,,,,,,,,,,,,,,,,,,,,,,,,,,,,,,,,,,,,,,,,,,,,,,,,,,,,,,,,,,,,,,,,,,,,,,,,,,,,,,,,,,,,,,,
4262.7,1023.5,79.6,16291.0,1371.0,8.4,2.791207769155335,6.565389569214446,1.7349980158970395,81.64526703274775,0.0,0,True,2,0,eod,9,bollinger;breaker;cisd;ema_trend;fvg;obv;order_block;rsi;vwap,21,352,,,,,,,,51,,,23,33,52,,,,,,,,197,1.8,,,,7,49,7,,,,,,,,,,,,,,,,,,,,,,,,,,,,,,,,,,,,,,,,,,,,,,,,,,,,,,,,,,,,,,,,,,,,,,,,,,,,,,,,,,,,,,,,,,,,,,,,,,,,,,,,,,,,,,,,,,,,,,,,,,,,,,,,,,,,,,,,,,,,,,,,,,,,,,,,,,,,,,,,,,,,,,,,,,,,,,,,,,,,,,,,,,,,,,,,,,,,,,,,,,,,,,,,,,,,,,,,,,,,,,,,,,,,,,,,,,,,,,,,,,,,,,,,,,,,,,,,,,,,,,,,,
4262.7,1023.5,79.6,16291.0,1371.0,8.4,2.791207769155335,6.565389569214446,1.7349980158970395,81.64526703274775,0.0,0,True,1,0,eod,10,bollinger;breaker;cci;cisd;ema_trend;fvg;obv;order_block;rsi;vwap,198,101,,,,,,,,51,65,285,23,33,52,,,,,,,,197,1.8,,,,7,49,7,,,,,,,,,,,,,,,,,,,,,,,,,,,,,,,,,,,,,,,,,,,,,,,,,,,,,,,,,,,,,,,,,,,,,,,,,,,,,,,,,,,,,,,,,,,,,,,,,,,,,,,,,,,,,,,,,,,,,,,,,,,,,,,,,,,,,,,,,,,,,,,,,,,,,,,,,,,,,,,,,,,,,,,,,,,,,,,,,,,,,,,,,,,,,,,,,,,,,,,,,,,,,,,,,,,,,,,,,,,,,,,,,,,,,,,,,,,,,,,,,,,,,,,,,,,,,,,,,,,,,,,,,
4258.3,1023.5,79.7,16524.0,1197.5,7.2,2.791207769155335,6.565389569214446,1.7349980158970395,81.64526703274775,0.0,0,True,1,0,eod,9,bollinger;breaker;cisd;ema_trend;fvg;obv;order_block;rsi;vwap,198,101,,,,,,,,198,,,23,28,52,,,,,,,,197,1.8,,,,7,49,7,,,,,,,,,,,,,,,,,,,,,,,,,,,,,,,,,,,,,,,,,,,,,,,,,,,,,,,,,,,,,,,,,,,,,,,,,,,,,,,,,,,,,,,,,,,,,,,,,,,,,,,,,,,,,,,,,,,,,,,,,,,,,,,,,,,,,,,,,,,,,,,,,,,,,,,,,,,,,,,,,,,,,,,,,,,,,,,,,,,,,,,,,,,,,,,,,,,,,,,,,,,,,,,,,,,,,,,,,,,,,,,,,,,,,,,,,,,,,,,,,,,,,,,,,,,,,,,,,,,,,,,,,
4233.1,930.5,79.3,15400.6,2329.8,15.1,2.791207769155335,6.5027695636207055,1.7349980158970395,81.64526703274775,0.0,0,True,1,0,eod,8,bollinger;breaker;cisd;ema_trend;fvg;obv;order_block;rsi,198,352,,,,,,,,51,,,23,33,52,,,,,,,,197,1.9,,,,7,26,7,,,,,,,,,,,,,,,,,,,,,,,,,,,,,,,,,,,,,,,,,,,,,,,,,,,,,,,,,,,,,,,,,,,,,,,,,,,,,,,,,,,,,,,,,,,,,,,,,,,,,,,,,,,,,,,,,,,,,,,,,,,,,,,,,,,,,,,,,,,,,,,,,,,,,,,,,,,,,,,,,,,,,,,,,,,,,,,,,,,,,,,,,,,,,,,,,,,,,,,,,,,,,,,,,,,,,,,,,,,,,,,,,,,,,,,,,,,,,,,,,,,,,,,,,,,,,,,,,,,,,,,,,
4233.1,930.5,79.3,15400.6,2329.8,15.1,2.791207769155335,6.5027695636207055,1.7349980158970395,81.64526703274775,0.0,0,True,1,0,eod,8,bollinger;breaker;cisd;ema_trend;fvg;obv;order_block;rsi,4,352,,,,,,,,51,,,23,33,52,,,,,,,,197,1.9,,,,7,28,7,,,,,,,,,,,,,,,,,,,,,,,,,,,,,,,,,,,,,,,,,,,,,,,,,,,,,,,,,,,,,,,,,,,,,,,,,,,,,,,,,,,,,,,,,,,,,,,,,,,,,,,,,,,,,,,,,,,,,,,,,,,,,,,,,,,,,,,,,,,,,,,,,,,,,,,,,,,,,,,,,,,,,,,,,,,,,,,,,,,,,,,,,,,,,,,,,,,,,,,,,,,,,,,,,,,,,,,,,,,,,,,,,,,,,,,,,,,,,,,,,,,,,,,,,,,,,,,,,,,,,,,,,
4204.9,936.8,79.4,15284.7,2348.6,15.4,2.791207769155335,6.565389569214446,1.7349980158970395,81.64526703274775,0.0,0,True,1,0,eod,9,bollinger;breaker;cisd;ema_trend;fvg;obv;order_block;rsi;vwap,21,162,,,,,,,,51,,,23,33,52,,,,,,,,197,1.9,,,,7,28,7,,,,,,,,,,,,,,,,,,,,,,,,,,,,,,,,,,,,,,,,,,,,,,,,,,,,,,,,,,,,,,,,,,,,,,,,,,,,,,,,,,,,,,,,,,,,,,,,,,,,,,,,,,,,,,,,,,,,,,,,,,,,,,,,,,,,,,,,,,,,,,,,,,,,,,,,,,,,,,,,,,,,,,,,,,,,,,,,,,,,,,,,,,,,,,,,,,,,,,,,,,,,,,,,,,,,,,,,,,,,,,,,,,,,,,,,,,,,,,,,,,,,,,,,,,,,,,,,,,,,,,,,,
4204.9,936.8,79.4,15284.7,2348.6,15.4,2.791207769155335,6.565389569214446,1.7349980158970395,81.64526703274775,0.0,0,True,1,0,eod,10,bollinger;breaker;cci;cisd;ema_trend;fvg;obv;order_block;rsi;vwap,4,352,,,,,,,,51,65,285,23,33,52,,,,,,,,197,1.9,,,,7,28,7,,,,,,,,,,,,,,,,,,,,,,,,,,,,,,,,,,,,,,,,,,,,,,,,,,,,,,,,,,,,,,,,,,,,,,,,,,,,,,,,,,,,,,,,,,,,,,,,,,,,,,,,,,,,,,,,,,,,,,,,,,,,,,,,,,,,,,,,,,,,,,,,,,,,,,,,,,,,,,,,,,,,,,,,,,,,,,,,,,,,,,,,,,,,,,,,,,,,,,,,,,,,,,,,,,,,,,,,,,,,,,,,,,,,,,,,,,,,,,,,,,,,,,,,,,,,,,,,,,,,,,,,,
4204.9,936.8,79.4,15284.7,2348.6,15.4,2.791207769155335,6.565389569214446,1.7349980158970395,81.64526703274775,0.0,0,True,1,0,eod,9,bollinger;breaker;cisd;ema_trend;fvg;obv;order_block;rsi;vwap,4,352,,,,,,,,51,,,23,33,52,,,,,,,,197,1.9,,,,7,28,7,,,,,,,,,,,,,,,,,,,,,,,,,,,,,,,,,,,,,,,,,,,,,,,,,,,,,,,,,,,,,,,,,,,,,,,,,,,,,,,,,,,,,,,,,,,,,,,,,,,,,,,,,,,,,,,,,,,,,,,,,,,,,,,,,,,,,,,,,,,,,,,,,,,,,,,,,,,,,,,,,,,,,,,,,,,,,,,,,,,,,,,,,,,,,,,,,,,,,,,,,,,,,,,,,,,,,,,,,,,,,,,,,,,,,,,,,,,,,,,,,,,,,,,,,,,,,,,,,,,,,,,,,
4176.6,1133.5,81.3,15764.1,2331.7,14.8,3.60068891723419,6.03206647702342,1.7349980158970395,81.64526703274775,0.0,0,True,1,0,eod,8,adx;bollinger;breaker;cisd;ema_trend;fvg;order_block;rsi,43,352,,,,,,,,,,,23,33,52,,,,,,,,197,1.9,14,6,,7,28,7,,,,,,,,,,,,,,,,,,,,,,,,,,,,,,,,,,,,,,,,,,,,,,,,,,,,,,,,,,,,,,,,,,,,,,,,,,,,,,,,,,,,,,,,,,,,,,,,,,,,,,,,,,,,,,,,,,,,,,,,,,,,,,,,,,,,,,,,,,,,,,,,,,,,,,,,,,,,,,,,,,,,,,,,,,,,,,,,,,,,,,,,,,,,,,,,,,,,,,,,,,,,,,,,,,,,,,,,,,,,,,,,,,,,,,,,,,,,,,,,,,,,,,,,,,,,,,,,,,,,,,,,,
4176.6,1133.5,81.3,15764.1,2331.7,14.8,3.60068891723419,6.03206647702342,1.7349980158970395,81.64526703274775,0.0,0,True,1,0,eod,8,bollinger;breaker;cisd;ema_trend;fvg;obv;order_block;rsi,4,352,,,,,,,,51,,,23,33,52,,,,,,,,197,1.9,,,,7,28,7,,,,,,,,,,,,,,,,,,,,,,,,,,,,,,,,,,,,,,,,,,,,,,,,,,,,,,,,,,,,,,,,,,,,,,,,,,,,,,,,,,,,,,,,,,,,,,,,,,,,,,,,,,,,,,,,,,,,,,,,,,,,,,,,,,,,,,,,,,,,,,,,,,,,,,,,,,,,,,,,,,,,,,,,,,,,,,,,,,,,,,,,,,,,,,,,,,,,,,,,,,,,,,,,,,,,,,,,,,,,,,,,,,,,,,,,,,,,,,,,,,,,,,,,,,,,,,,,,,,,,,,,,
4166.2,869.8,78.5,16827.7,1875.2,11.1,2.791207769155335,5.083948151363426,1.7349980158970395,81.64526703274775,0.0,0,True,1,0,eod,8,bollinger;breaker;cisd;ema_trend;fvg;obv;order_block;rsi,21,352,,,,,,,,51,,,23,33,52,,,,,,,,197,1.9,,,,7,49,7,,,,,,,,,,,,,,,,,,,,,,,,,,,,,,,,,,,,,,,,,,,,,,,,,,,,,,,,,,,,,,,,,,,,,,,,,,,,,,,,,,,,,,,,,,,,,,,,,,,,,,,,,,,,,,,,,,,,,,,,,,,,,,,,,,,,,,,,,,,,,,,,,,,,,,,,,,,,,,,,,,,,,,,,,,,,,,,,,,,,,,,,,,,,,,,,,,,,,,,,,,,,,,,,,,,,,,,,,,,,,,,,,,,,,,,,,,,,,,,,,,,,,,,,,,,,,,,,,,,,,,,,,
4165.9,993.0,79.5,15719.0,2043.8,13.0,2.791207769155335,6.565389569214446,1.7349980158970395,81.64526703274775,0.0,0,True,2,0,eod,9,bollinger;breaker;cisd;ema_trend;fvg;obv;order_block;rsi;vwap,198,352,,,,,,,,51,,,23,35,52,,,,,,,,197,1.9,,,,7,49,7,,,,,,,,,,,,,,,,,,,,,,,,,,,,,,,,,,,,,,,,,,,,,,,,,,,,,,,,,,,,,,,,,,,,,,,,,,,,,,,,,,,,,,,,,,,,,,,,,,,,,,,,,,,,,,,,,,,,,,,,,,,,,,,,,,,,,,,,,,,,,,,,,,,,,,,,,,,,,,,,,,,,,,,,,,,,,,,,,,,,,,,,,,,,,,,,,,,,,,,,,,,,,,,,,,,,,,,,,,,,,,,,,,,,,,,,,,,,,,,,,,,,,,,,,,,,,,,,,,,,,,,,,
4165.9,993.0,79.5,15719.0,2043.8,13.0,2.791207769155335,6.565389569214446,1.7349980158970395,81.64526703274775,0.0,0,True,2,0,eod,9,bollinger;breaker;cisd;ema_trend;fvg;obv;order_block;rsi;vwap,198,273,,,,,,,,185,,,23,35,52,,,,,,,,197,1.9,,,,7,49,7,,,,,,,,,,,,,,,,,,,,,,,,,,,,,,,,,,,,,,,,,,,,,,,,,,,,,,,,,,,,,,,,,,,,,,,,,,,,,,,,,,,,,,,,,,,,,,,,,,,,,,,,,,,,,,,,,,,,,,,,,,,,,,,,,,,,,,,,,,,,,,,,,,,,,,,,,,,,,,,,,,,,,,,,,,,,,,,,,,,,,,,,,,,,,,,,,,,,,,,,,,,,,,,,,,,,,,,,,,,,,,,,,,,,,,,,,,,,,,,,,,,,,,,,,,,,,,,,,,,,,,,,,
4165.9,993.0,79.5,15719.0,2043.8,13.0,2.791207769155335,6.565389569214446,1.7349980158970395,81.64526703274775,0.0,0,True,2,0,eod,9,bollinger;breaker;cisd;ema_trend;fvg;obv;order_block;rsi;vwap,198,352,,,,,,,,51,,,23,35,52,,,,,,,,197,1.9,,,,7,49,7,,,,,,,,,,,,,,,,,,,,,,,,,,,,,,,,,,,,,,,,,,,,,,,,,,,,,,,,,,,,,,,,,,,,,,,,,,,,,,,,,,,,,,,,,,,,,,,,,,,,,,,,,,,,,,,,,,,,,,,,,,,,,,,,,,,,,,,,,,,,,,,,,,,,,,,,,,,,,,,,,,,,,,,,,,,,,,,,,,,,,,,,,,,,,,,,,,,,,,,,,,,,,,,,,,,,,,,,,,,,,,,,,,,,,,,,,,,,,,,,,,,,,,,,,,,,,,,,,,,,,,,,,
4114.1,798.5,79.8,15585.6,1394.5,8.9,2.791207769155335,6.565389569214446,1.7349980158970395,81.64526703274775,0.0,0,True,3,0,eod,9,bollinger;breaker;cisd;ema_trend;fvg;macd;order_block;rsi;vwap,21,352,,,68,196,29,,,,,,23,33,52,,,,,,,,197,1.8,,,,7,49,7,,,,,,,,,,,,,,,,,,,,,,,,,,,,,,,,,,,,,,,,,,,,,,,,,,,,,,,,,,,,,,,,,,,,,,,,,,,,,,,,,,,,,,,,,,,,,,,,,,,,,,,,,,,,,,,,,,,,,,,,,,,,,,,,,,,,,,,,,,,,,,,,,,,,,,,,,,,,,,,,,,,,,,,,,,,,,,,,,,,,,,,,,,,,,,,,,,,,,,,,,,,,,,,,,,,,,,,,,,,,,,,,,,,,,,,,,,,,,,,,,,,,,,,,,,,,,,,,,,,,,,,,,
3949.0,797.4,78.2,15013.1,1713.8,11.4,2.791207769155335,5.2225853289445645,1.7349980158970395,81.64526703274775,0.0,0,True,3,0,eod,8,bollinger;breaker;cisd;ema_trend;fvg;obv;order_block;rsi,21,352,,,,,,,,51,,,23,13,52,,,,,,,,197,1.9,,,,7,49,7,,,,,,,,,,,,,,,,,,,,,,,,,,,,,,,,,,,,,,,,,,,,,,,,,,,,,,,,,,,,,,,,,,,,,,,,,,,,,,,,,,,,,,,,,,,,,,,,,,,,,,,,,,,,,,,,,,,,,,,,,,,,,,,,,,,,,,,,,,,,,,,,,,,,,,,,,,,,,,,,,,,,,,,,,,,,,,,,,,,,,,,,,,,,,,,,,,,,,,,,,,,,,,,,,,,,,,,,,,,,,,,,,,,,,,,,,,,,,,,,,,,,,,,,,,,,,,,,,,,,,,,,,
3833.8,704.8,79.1,14580.1,2141.6,14.7,2.791207769155335,6.565389569214446,1.7349980158970395,81.64526703274775,0.0,0,True,3,0,eod,8,bollinger;breaker;cisd;ema_trend;fvg;order_block;rsi;vwap,21,352,,,,,,,,,,,23,33,52,,,,,,,,197,1.9,,,,7,49,7,,,,,,,,,,,,,,,,,,,,,,,,,,,,,,,,,,,,,,,,,,,,,,,,,,,,,,,,,,,,,,,,,,,,,,,,,,,,,,,,,,,,,,,,,,,,,,,,,,,,,,,,,,,,,,,,,,,,,,,,,,,,,,,,,,,,,,,,,,,,,,,,,,,,,,,,,,,,,,,,,,,,,,,,,,,,,,,,,,,,,,,,,,,,,,,,,,,,,,,,,,,,,,,,,,,,,,,,,,,,,,,,,,,,,,,,,,,,,,,,,,,,,,,,,,,,,,,,,,,,,,,,,
3833.8,704.8,79.1,14580.1,2141.6,14.7,2.791207769155335,6.565389569214446,1.7349980158970395,81.64526703274775,0.0,0,True,3,0,eod,8,bollinger;breaker;cisd;ema_trend;fvg;order_block;rsi;vwap,21,352,,,,,,,,,,,23,33,52,,,,,,,,197,1.9,,,,7,49,7,,,,,,,,,,,,,,,,,,,,,,,,,,,,,,,,,,,,,,,,,,,,,,,,,,,,,,,,,,,,,,,,,,,,,,,,,,,,,,,,,,,,,,,,,,,,,,,,,,,,,,,,,,,,,,,,,,,,,,,,,,,,,,,,,,,,,,,,,,,,,,,,,,,,,,,,,,,,,,,,,,,,,,,,,,,,,,,,,,,,,,,,,,,,,,,,,,,,,,,,,,,,,,,,,,,,,,,,,,,,,,,,,,,,,,,,,,,,,,,,,,,,,,,,,,,,,,,,,,,,,,,,,
3833.8,704.8,79.1,14580.1,2141.6,14.7,2.791207769155335,6.565389569214446,1.7349980158970395,81.64526703274775,0.0,0,True,3,0,eod,8,bollinger;breaker;cisd;ema_trend;fvg;order_block;rsi;vwap,21,352,,,,,,,,,,,23,33,52,,,,,,,,197,1.9,,,,7,49,7,,,,,,,,,,,,,,,,,,,,,,,,,,,,,,,,,,,,,,,,,,,,,,,,,,,,,,,,,,,,,,,,,,,,,,,,,,,,,,,,,,,,,,,,,,,,,,,,,,,,,,,,,,,,,,,,,,,,,,,,,,,,,,,,,,,,,,,,,,,,,,,,,,,,,,,,,,,,,,,,,,,,,,,,,,,,,,,,,,,,,,,,,,,,,,,,,,,,,,,,,,,,,,,,,,,,,,,,,,,,,,,,,,,,,,,,,,,,,,,,,,,,,,,,,,,,,,,,,,,,,,,,,
3833.8,704.8,79.1,14580.1,2141.6,14.7,2.791207769155335,6.565389569214446,1.7349980158970395,81.64526703274775,0.0,0,True,3,0,eod,8,bollinger;breaker;cisd;ema_trend;fvg;order_block;rsi;vwap,21,352,,,,,,,,,,,23,33,52,,,,,,,,197,1.9,,,,7,49,7,,,,,,,,,,,,,,,,,,,,,,,,,,,,,,,,,,,,,,,,,,,,,,,,,,,,,,,,,,,,,,,,,,,,,,,,,,,,,,,,,,,,,,,,,,,,,,,,,,,,,,,,,,,,,,,,,,,,,,,,,,,,,,,,,,,,,,,,,,,,,,,,,,,,,,,,,,,,,,,,,,,,,,,,,,,,,,,,,,,,,,,,,,,,,,,,,,,,,,,,,,,,,,,,,,,,,,,,,,,,,,,,,,,,,,,,,,,,,,,,,,,,,,,,,,,,,,,,,,,,,,,,,
3833.8,704.8,79.1,14580.1,2141.6,14.7,2.791207769155335,6.565389569214446,1.7349980158970395,81.64526703274775,0.0,0,True,3,0,eod,8,bollinger;breaker;cisd;ema_trend;fvg;order_block;rsi;vwap,21,358,,,,,,,,,,,23,33,52,,,,,,,,197,1.9,,,,7,49,7,,,,,,,,,,,,,,,,,,,,,,,,,,,,,,,,,,,,,,,,,,,,,,,,,,,,,,,,,,,,,,,,,,,,,,,,,,,,,,,,,,,,,,,,,,,,,,,,,,,,,,,,,,,,,,,,,,,,,,,,,,,,,,,,,,,,,,,,,,,,,,,,,,,,,,,,,,,,,,,,,,,,,,,,,,,,,,,,,,,,,,,,,,,,,,,,,,,,,,,,,,,,,,,,,,,,,,,,,,,,,,,,,,,,,,,,,,,,,,,,,,,,,,,,,,,,,,,,,,,,,,,,,
3745.8,1032.9,80.7,14286.0,1543.6,10.8,2.791207769155335,6.565389569214446,1.4694553000135762,81.64526703274775,0.0,0,True,2,0,eod,7,bollinger;breaker;cisd;ema_trend;fvg;order_block;rsi,198,352,,,,,,,,,,,23,35,52,,,,,,,,197,1.9,,,,7,49,7,,,,,,,,,,,,,,,,,,,,,,,,,,,,,,,,,,,,,,,,,,,,,,,,,,,,,,,,,,,,,,,,,,,,,,,,,,,,,,,,,,,,,,,,,,,,,,,,,,,,,,,,,,,,,,,,,,,,,,,,,,,,,,,,,,,,,,,,,,,,,,,,,,,,,,,,,,,,,,,,,,,,,,,,,,,,,,,,,,,,,,,,,,,,,,,,,,,,,,,,,,,,,,,,,,,,,,,,,,,,,,,,,,,,,,,,,,,,,,,,,,,,,,,,,,,,,,,,,,,,,,,,,
3661.2,950.6,80.0,14179.7,1532.4,10.8,2.791207769155335,5.2225853289445645,1.4694553000135762,81.64526703274775,0.0,0,True,1,0,eod,8,bollinger;breaker;cci;cisd;ema_trend;fvg;order_block;rsi,21,352,,,,,,,,,65,155,23,33,52,,,,,,,,197,1.9,,,,7,28,7,,,,,,,,,,,,,,,,,,,,,,,,,,,,,,,,,,,,,,,,,,,,,,,,,,,,,,,,,,,,,,,,,,,,,,,,,,,,,,,,,,,,,,,,,,,,,,,,,,,,,,,,,,,,,,,,,,,,,,,,,,,,,,,,,,,,,,,,,,,,,,,,,,,,,,,,,,,,,,,,,,,,,,,,,,,,,,,,,,,,,,,,,,,,,,,,,,,,,,,,,,,,,,,,,,,,,,,,,,,,,,,,,,,,,,,,,,,,,,,,,,,,,,,,,,,,,,,,,,,,,,,,,
3661.2,950.6,80.0,14179.7,1532.4,10.8,2.791207769155335,5.2225853289445645,1.4694553000135762,81.64526703274775,0.0,0,True,1,0,eod,8,bollinger;breaker;cci;cisd;ema_trend;fvg;order_block;rsi,21,16,,,,,,,,,65,155,23,33,52,,,,,,,,197,1.9,,,,7,28,7,,,,,,,,,,,,,,,,,,,,,,,,,,,,,,,,,,,,,,,,,,,,,,,,,,,,,,,,,,,,,,,,,,,,,,,,,,,,,,,,,,,,,,,,,,,,,,,,,,,,,,,,,,,,,,,,,,,,,,,,,,,,,,,,,,,,,,,,,,,,,,,,,,,,,,,,,,,,,,,,,,,,,,,,,,,,,,,,,,,,,,,,,,,,,,,,,,,,,,,,,,,,,,,,,,,,,,,,,,,,,,,,,,,,,,,,,,,,,,,,,,,,,,,,,,,,,,,,,,,,,,,,,
3476.2,998.3,80.6,13786.2,1874.9,13.6,2.791207769155335,6.565389569214446,1.4694553000135762,81.64526703274775,0.0,0,True,1,0,eod,8,bollinger;breaker;cisd;ema_trend;fvg;obv;order_block;rsi,21,352,,,,,,,,51,,,23,33,52,,,,,,,,197,1.9,,,,7,28,7,,,,,,,,,,,,,,,,,,,,,,,,,,,,,,,,,,,,,,,,,,,,,,,,,,,,,,,,,,,,,,,,,,,,,,,,,,,,,,,,,,,,,,,,,,,,,,,,,,,,,,,,,,,,,,,,,,,,,,,,,,,,,,,,,,,,,,,,,,,,,,,,,,,,,,,,,,,,,,,,,,,,,,,,,,,,,,,,,,,,,,,,,,,,,,,,,,,,,,,,,,,,,,,,,,,,,,,,,,,,,,,,,,,,,,,,,,,,,,,,,,,,,,,,,,,,,,,,,,,,,,,,,
3171.6,882.1,79.9,12264.9,1011.4,8.2,2.791207769155335,6.011120711684644,1.7349980158970395,81.64526703274775,0.0,0,True,1,0,eod,8,bollinger;breaker;cisd;ema_trend;fvg;order_block;rsi;vwap,264,162,,,,,,,,,,,23,33,52,,,,,,,,197,1.3,,,,7,49,7,,,,,,,,,,,,,,,,,,,,,,,,,,,,,,,,,,,,,,,,,,,,,,,,,,,,,,,,,,,,,,,,,,,,,,,,,,,,,,,,,,,,,,,,,,,,,,,,,,,,,,,,,,,,,,,,,,,,,,,,,,,,,,,,,,,,,,,,,,,,,,,,,,,,,,,,,,,,,,,,,,,,,,,,,,,,,,,,,,,,,,,,,,,,,,,,,,,,,,,,,,,,,,,,,,,,,,,,,,,,,,,,,,,,,,,,,,,,,,,,,,,,,,,,,,,,,,,,,,,,,,,,,
3155.9,1185.8,81.6,11761.9,1077.9,9.2,3.60068891723419,6.03206647702342,1.7349980158970395,81.64526703274775,0.0,0,True,1,0,eod,7,bollinger;breaker;cisd;ema_trend;fvg;order_block;rsi,253,352,,,,,,,,,,,23,33,52,,,,,,,,197,1.3,,,,7,26,7,,,,,,,,,,,,,,,,,,,,,,,,,,,,,,,,,,,,,,,,,,,,,,,,,,,,,,,,,,,,,,,,,,,,,,,,,,,,,,,,,,,,,,,,,,,,,,,,,,,,,,,,,,,,,,,,,,,,,,,,,,,,,,,,,,,,,,,,,,,,,,,,,,,,,,,,,,,,,,,,,,,,,,,,,,,,,,,,,,,,,,,,,,,,,,,,,,,,,,,,,,,,,,,,,,,,,,,,,,,,,,,,,,,,,,,,,,,,,,,,,,,,,,,,,,,,,,,,,,,,,,,,,
3088.3,1168.5,81.6,10799.6,1236.2,11.4,3.60068891723419,7.3748707172933,1.7349980158970395,81.64526703274775,0.0,0,True,1,0,eod,10,bollinger;breaker;cisd;ema_trend;fvg;keltner;obv;order_block;rsi;sma_trend,198,352,308,269,,,,103,1.8,51,,,22,33,52,,,,,,,,197,1.3,,,,7,49,7,,,,,,,,,,,,,,,,,,,,,,,,,,,,,,,,,,,,,,,,,,,,,,,,,,,,,,,,,,,,,,,,,,,,,,,,,,,,,,,,,,,,,,,,,,,,,,,,,,,,,,,,,,,,,,,,,,,,,,,,,,,,,,,,,,,,,,,,,,,,,,,,,,,,,,,,,,,,,,,,,,,,,,,,,,,,,,,,,,,,,,,,,,,,,,,,,,,,,,,,,,,,,,,,,,,,,,,,,,,,,,,,,,,,,,,,,,,,,,,,,,,,,,,,,,,,,,,,,,,,,,,,,
3088.3,1168.5,81.6,10799.6,1236.2,11.4,3.60068891723419,7.3748707172933,1.7349980158970395,81.64526703274775,0.0,0,True,1,0,eod,9,bollinger;breaker;cisd;ema_trend;fvg;obv;order_block;rsi;vwap,198,352,,,,,,,,51,,,22,33,52,,,,,,,,197,1.3,,,,7,49,7,,,,,,,,,,,,,,,,,,,,,,,,,,,,,,,,,,,,,,,,,,,,,,,,,,,,,,,,,,,,,,,,,,,,,,,,,,,,,,,,,,,,,,,,,,,,,,,,,,,,,,,,,,,,,,,,,,,,,,,,,,,,,,,,,,,,,,,,,,,,,,,,,,,,,,,,,,,,,,,,,,,,,,,,,,,,,,,,,,,,,,,,,,,,,,,,,,,,,,,,,,,,,,,,,,,,,,,,,,,,,,,,,,,,,,,,,,,,,,,,,,,,,,,,,,,,,,,,,,,,,,,,,
3088.3,1168.5,81.6,10799.6,1236.2,11.4,3.60068891723419,7.3748707172933,1.7349980158970395,81.64526703274775,0.0,0,True,1,0,eod,10,bollinger;breaker;cisd;ema_trend;fvg;keltner;obv;order_block;rsi;sma_trend,198,352,308,269,,,,150,1.8,51,,,22,33,52,,,,,,,,197,1.3,,,,7,49,7,,,,,,,,,,,,,,,,,,,,,,,,,,,,,,,,,,,,,,,,,,,,,,,,,,,,,,,,,,,,,,,,,,,,,,,,,,,,,,,,,,,,,,,,,,,,,,,,,,,,,,,,,,,,,,,,,,,,,,,,,,,,,,,,,,,,,,,,,,,,,,,,,,,,,,,,,,,,,,,,,,,,,,,,,,,,,,,,,,,,,,,,,,,,,,,,,,,,,,,,,,,,,,,,,,,,,,,,,,,,,,,,,,,,,,,,,,,,,,,,,,,,,,,,,,,,,,,,,,,,,,,,,
3088.3,1168.5,81.6,10799.6,1236.2,11.4,3.60068891723419,7.3748707172933,1.7349980158970395,81.64526703274775,0.0,0,True,1,0,eod,10,bollinger;breaker;cisd;ema_trend;fvg;keltner;obv;order_block;rsi;sma_trend,198,352,308,269,,,,150,1.8,51,,,22,33,52,,,,,,,,197,1.3,,,,7,49,7,,,,,,,,,,,,,,,,,,,,,,,,,,,,,,,,,,,,,,,,,,,,,,,,,,,,,,,,,,,,,,,,,,,,,,,,,,,,,,,,,,,,,,,,,,,,,,,,,,,,,,,,,,,,,,,,,,,,,,,,,,,,,,,,,,,,,,,,,,,,,,,,,,,,,,,,,,,,,,,,,,,,,,,,,,,,,,,,,,,,,,,,,,,,,,,,,,,,,,,,,,,,,,,,,,,,,,,,,,,,,,,,,,,,,,,,,,,,,,,,,,,,,,,,,,,,,,,,,,,,,,,,,
3056.0,937.5,80.0,11337.1,1094.6,9.7,2.791207769155335,6.565389569214446,1.7349980158970395,81.64526703274775,0.0,0,True,1,0,eod,10,bollinger;breaker;cci;cisd;ema_trend;fvg;obv;order_block;rsi;vwap,198,352,,,,,,,,51,65,285,22,33,52,,,,,,,,197,1.3,,,,7,49,7,,,,,,,,,,,,,,,,,,,,,,,,,,,,,,,,,,,,,,,,,,,,,,,,,,,,,,,,,,,,,,,,,,,,,,,,,,,,,,,,,,,,,,,,,,,,,,,,,,,,,,,,,,,,,,,,,,,,,,,,,,,,,,,,,,,,,,,,,,,,,,,,,,,,,,,,,,,,,,,,,,,,,,,,,,,,,,,,,,,,,,,,,,,,,,,,,,,,,,,,,,,,,,,,,,,,,,,,,,,,,,,,,,,,,,,,,,,,,,,,,,,,,,,,,,,,,,,,,,,,,,,,,
3048.5,1048.8,81.6,11484.6,1077.9,9.4,3.60068891723419,6.03206647702342,1.7349980158970395,81.64526703274775,0.0,0,True,1,0,eod,9,bollinger;breaker;ema_trend;fvg;keltner;obv;order_block;rsi;sma_trend,253,352,308,269,,,,85,4.8,51,,,22,33,52,,,,,,,,197,1.3,,,,7,28,7,,,,,,,,,,,,,,,,,,,,,,,,,,,,,,,,,,,,,,,,,,,,,,,,,,,,,,,,,,,,,,,,,,,,,,,,,,,,,,,,,,,,,,,,,,,,,,,,,,,,,,,,,,,,,,,,,,,,,,,,,,,,,,,,,,,,,,,,,,,,,,,,,,,,,,,,,,,,,,,,,,,,,,,,,,,,,,,,,,,,,,,,,,,,,,,,,,,,,,,,,,,,,,,,,,,,,,,,,,,,,,,,,,,,,,,,,,,,,,,,,,,,,,,,,,,,,,,,,,,,,,,,,
3024.8,937.5,80.0,11486.4,1094.6,9.5,2.791207769155335,6.565389569214446,1.7349980158970395,81.64526703274775,0.0,0,True,1,0,eod,8,bollinger;breaker;cisd;ema_trend;fvg;obv;order_block;rsi,198,352,,,,,,,,51,,,23,33,52,,,,,,,,197,1.3,,,,7,28,7,,,,,,,,,,,,,,,,,,,,,,,,,,,,,,,,,,,,,,,,,,,,,,,,,,,,,,,,,,,,,,,,,,,,,,,,,,,,,,,,,,,,,,,,,,,,,,,,,,,,,,,,,,,,,,,,,,,,,,,,,,,,,,,,,,,,,,,,,,,,,,,,,,,,,,,,,,,,,,,,,,,,,,,,,,,,,,,,,,,,,,,,,,,,,,,,,,,,,,,,,,,,,,,,,,,,,,,,,,,,,,,,,,,,,,,,,,,,,,,,,,,,,,,,,,,,,,,,,,,,,,,,,
3024.8,937.5,80.0,11158.1,1094.6,9.8,2.791207769155335,6.565389569214446,1.7349980158970395,81.64526703274775,0.0,0,True,1,0,eod,8,bollinger;breaker;cisd;ema_trend;fvg;obv;order_block;rsi,198,352,,,,,,,,51,,,23,13,52,,,,,,,,197,1.3,,,,7,28,7,,,,,,,,,,,,,,,,,,,,,,,,,,,,,,,,,,,,,,,,,,,,,,,,,,,,,,,,,,,,,,,,,,,,,,,,,,,,,,,,,,,,,,,,,,,,,,,,,,,,,,,,,,,,,,,,,,,,,,,,,,,,,,,,,,,,,,,,,,,,,,,,,,,,,,,,,,,,,,,,,,,,,,,,,,,,,,,,,,,,,,,,,,,,,,,,,,,,,,,,,,,,,,,,,,,,,,,,,,,,,,,,,,,,,,,,,,,,,,,,,,,,,,,,,,,,,,,,,,,,,,,,,
3024.8,937.5,80.0,11486.4,1094.6,9.5,2.791207769155335,6.565389569214446,1.7349980158970395,81.64526703274775,0.0,0,True,1,0,eod,8,bollinger;breaker;cisd;ema_trend;fvg;obv;order_block;rsi,21,352,,,,,,,,51,,,23,33,52,,,,,,,,197,1.3,,,,7,28,7,,,,,,,,,,,,,,,,,,,,,,,,,,,,,,,,,,,,,,,,,,,,,,,,,,,,,,,,,,,,,,,,,,,,,,,,,,,,,,,,,,,,,,,,,,,,,,,,,,,,,,,,,,,,,,,,,,,,,,,,,,,,,,,,,,,,,,,,,,,,,,,,,,,,,,,,,,,,,,,,,,,,,,,,,,,,,,,,,,,,,,,,,,,,,,,,,,,,,,,,,,,,,,,,,,,,,,,,,,,,,,,,,,,,,,,,,,,,,,,,,,,,,,,,,,,,,,,,,,,,,,,,,
3024.8,937.5,80.0,11486.4,1094.6,9.5,2.791207769155335,6.565389569214446,1.7349980158970395,81.64526703274775,0.0,0,True,1,0,eod,8,bollinger;breaker;cisd;ema_trend;fvg;obv;order_block;rsi,21,352,,,,,,,,51,,,23,33,52,,,,,,,,197,1.3,,,,7,28,7,,,,,,,,,,,,,,,,,,,,,,,,,,,,,,,,,,,,,,,,,,,,,,,,,,,,,,,,,,,,,,,,,,,,,,,,,,,,,,,,,,,,,,,,,,,,,,,,,,,,,,,,,,,,,,,,,,,,,,,,,,,,,,,,,,,,,,,,,,,,,,,,,,,,,,,,,,,,,,,,,,,,,,,,,,,,,,,,,,,,,,,,,,,,,,,,,,,,,,,,,,,,,,,,,,,,,,,,,,,,,,,,,,,,,,,,,,,,,,,,,,,,,,,,,,,,,,,,,,,,,,,,,
3024.8,937.5,80.0,11158.1,1094.6,9.8,2.791207769155335,6.565389569214446,1.7349980158970395,81.64526703274775,0.0,0,True,1,0,eod,8,bollinger;breaker;cisd;ema_trend;fvg;obv;order_block;rsi,21,352,,,,,,,,51,,,23,13,52,,,,,,,,197,1.3,,,,7,28,7,,,,,,,,,,,,,,,,,,,,,,,,,,,,,,,,,,,,,,,,,,,,,,,,,,,,,,,,,,,,,,,,,,,,,,,,,,,,,,,,,,,,,,,,,,,,,,,,,,,,,,,,,,,,,,,,,,,,,,,,,,,,,,,,,,,,,,,,,,,,,,,,,,,,,,,,,,,,,,,,,,,,,,,,,,,,,,,,,,,,,,,,,,,,,,,,,,,,,,,,,,,,,,,,,,,,,,,,,,,,,,,,,,,,,,,,,,,,,,,,,,,,,,,,,,,,,,,,,,,,,,,,,
3024.8,937.5,80.0,11158.1,1094.6,9.8,2.791207769155335,6.565389569214446,1.7349980158970395,81.64526703274775,0.0,0,True,1,0,eod,8,bollinger;breaker;cisd;ema_trend;fvg;obv;order_block;rsi,21,352,,,,,,,,51,,,23,13,52,,,,,,,,197,1.3,,,,7,28,7,,,,,,,,,,,,,,,,,,,,,,,,,,,,,,,,,,,,,,,,,,,,,,,,,,,,,,,,,,,,,,,,,,,,,,,,,,,,,,,,,,,,,,,,,,,,,,,,,,,,,,,,,,,,,,,,,,,,,,,,,,,,,,,,,,,,,,,,,,,,,,,,,,,,,,,,,,,,,,,,,,,,,,,,,,,,,,,,,,,,,,,,,,,,,,,,,,,,,,,,,,,,,,,,,,,,,,,,,,,,,,,,,,,,,,,,,,,,,,,,,,,,,,,,,,,,,,,,,,,,,,,,,
3024.8,937.5,80.0,11158.1,1094.6,9.8,2.791207769155335,6.565389569214446,1.7349980158970395,81.64526703274775,0.0,0,True,2,0,eod,10,bollinger;breaker;cisd;ema_trend;fvg;obv;order_block;rsi;sma_trend;vwap,21,352,308,269,,,,,,51,,,23,13,52,,,,,,,,197,1.3,,,,7,28,7,,,,,,,,,,,,,,,,,,,,,,,,,,,,,,,,,,,,,,,,,,,,,,,,,,,,,,,,,,,,,,,,,,,,,,,,,,,,,,,,,,,,,,,,,,,,,,,,,,,,,,,,,,,,,,,,,,,,,,,,,,,,,,,,,,,,,,,,,,,,,,,,,,,,,,,,,,,,,,,,,,,,,,,,,,,,,,,,,,,,,,,,,,,,,,,,,,,,,,,,,,,,,,,,,,,,,,,,,,,,,,,,,,,,,,,,,,,,,,,,,,,,,,,,,,,,,,,,,,,,,,,,,
3024.8,937.5,80.0,11486.4,1094.6,9.5,2.791207769155335,6.565389569214446,1.7349980158970395,81.64526703274775,0.0,0,True,1,0,eod,10,bollinger;breaker;cci;cisd;ema_trend;fvg;obv;order_block;rsi;vwap,198,352,,,,,,,,152,65,285,23,33,52,,,,,,,,197,1.3,,,,7,28,7,,,,,,,,,,,,,,,,,,,,,,,,,,,,,,,,,,,,,,,,,,,,,,,,,,,,,,,,,,,,,,,,,,,,,,,,,,,,,,,,,,,,,,,,,,,,,,,,,,,,,,,,,,,,,,,,,,,,,,,,,,,,,,,,,,,,,,,,,,,,,,,,,,,,,,,,,,,,,,,,,,,,,,,,,,,,,,,,,,,,,,,,,,,,,,,,,,,,,,,,,,,,,,,,,,,,,,,,,,,,,,,,,,,,,,,,,,,,,,,,,,,,,,,,,,,,,,,,,,,,,,,,,
3024.8,937.5,80.0,11158.1,1094.6,9.8,2.791207769155335,6.565389569214446,1.7349980158970395,81.64526703274775,0.0,0,True,1,0,eod,9,bollinger;breaker;cci;cisd;ema_trend;fvg;order_block;rsi;vwap,21,352,,,,,,,,,65,285,23,13,52,,,,,,,,197,1.3,,,,7,28,7,,,,,,,,,,,,,,,,,,,,,,,,,,,,,,,,,,,,,,,,,,,,,,,,,,,,,,,,,,,,,,,,,,,,,,,,,,,,,,,,,,,,,,,,,,,,,,,,,,,,,,,,,,,,,,,,,,,,,,,,,,,,,,,,,,,,,,,,,,,,,,,,,,,,,,,,,,,,,,,,,,,,,,,,,,,,,,,,,,,,,,,,,,,,,,,,,,,,,,,,,,,,,,,,,,,,,,,,,,,,,,,,,,,,,,,,,,,,,,,,,,,,,,,,,,,,,,,,,,,,,,,,,
3024.8,937.5,80.0,11486.4,1094.6,9.5,2.791207769155335,6.565389569214446,1.7349980158970395,81.64526703274775,0.0,0,True,1,0,eod,8,bollinger;breaker;cisd;ema_trend;fvg;obv;order_block;rsi,21,352,,,,,,,,185,,,23,33,52,,,,,,,,197,1.3,,,,7,28,7,,,,,,,,,,,,,,,,,,,,,,,,,,,,,,,,,,,,,,,,,,,,,,,,,,,,,,,,,,,,,,,,,,,,,,,,,,,,,,,,,,,,,,,,,,,,,,,,,,,,,,,,,,,,,,,,,,,,,,,,,,,,,,,,,,,,,,,,,,,,,,,,,,,,,,,,,,,,,,,,,,,,,,,,,,,,,,,,,,,,,,,,,,,,,,,,,,,,,,,,,,,,,,,,,,,,,,,,,,,,,,,,,,,,,,,,,,,,,,,,,,,,,,,,,,,,,,,,,,,,,,,,,
3024.8,937.5,80.0,11158.1,1094.6,9.8,2.791207769155335,6.565389569214446,1.7349980158970395,81.64526703274775,0.0,0,True,1,0,eod,9,bollinger;breaker;cci;ema_trend;fvg;obv;order_block;rsi;vwap,21,352,,,,,,,,185,65,285,23,13,52,,,,,,,,197,1.3,,,,7,28,7,,,,,,,,,,,,,,,,,,,,,,,,,,,,,,,,,,,,,,,,,,,,,,,,,,,,,,,,,,,,,,,,,,,,,,,,,,,,,,,,,,,,,,,,,,,,,,,,,,,,,,,,,,,,,,,,,,,,,,,,,,,,,,,,,,,,,,,,,,,,,,,,,,,,,,,,,,,,,,,,,,,,,,,,,,,,,,,,,,,,,,,,,,,,,,,,,,,,,,,,,,,,,,,,,,,,,,,,,,,,,,,,,,,,,,,,,,,,,,,,,,,,,,,,,,,,,,,,,,,,,,,,,
3024.8,937.5,80.0,11158.1,1094.6,9.8,2.791207769155335,6.565389569214446,1.7349980158970395,81.64526703274775,0.0,0,True,1,0,eod,9,bollinger;breaker;cisd;ema_trend;fvg;obv;order_block;rsi;vwap,21,352,,,,,,,,185,,,23,13,52,,,,,,,,197,1.3,,,,7,28,7,,,,,,,,,,,,,,,,,,,,,,,,,,,,,,,,,,,,,,,,,,,,,,,,,,,,,,,,,,,,,,,,,,,,,,,,,,,,,,,,,,,,,,,,,,,,,,,,,,,,,,,,,,,,,,,,,,,,,,,,,,,,,,,,,,,,,,,,,,,,,,,,,,,,,,,,,,,,,,,,,,,,,,,,,,,,,,,,,,,,,,,,,,,,,,,,,,,,,,,,,,,,,,,,,,,,,,,,,,,,,,,,,,,,,,,,,,,,,,,,,,,,,,,,,,,,,,,,,,,,,,,,,
3024.8,937.5,80.0,11486.4,1094.6,9.5,2.791207769155335,6.565389569214446,1.7349980158970395,81.64526703274775,0.0,0,True,1,0,eod,8,bollinger;breaker;cisd;ema_trend;fvg;obv;order_block;rsi,21,352,,,,,,,,185,,,23,33,52,,,,,,,,197,1.3,,,,7,28,7,,,,,,,,,,,,,,,,,,,,,,,,,,,,,,,,,,,,,,,,,,,,,,,,,,,,,,,,,,,,,,,,,,,,,,,,,,,,,,,,,,,,,,,,,,,,,,,,,,,,,,,,,,,,,,,,,,,,,,,,,,,,,,,,,,,,,,,,,,,,,,,,,,,,,,,,,,,,,,,,,,,,,,,,,,,,,,,,,,,,,,,,,,,,,,,,,,,,,,,,,,,,,,,,,,,,,,,,,,,,,,,,,,,,,,,,,,,,,,,,,,,,,,,,,,,,,,,,,,,,,,,,,
3024.8,937.5,80.0,11486.4,1094.6,9.5,2.791207769155335,6.565389569214446,1.7349980158970395,81.64526703274775,0.0,0,True,1,0,eod,8,bollinger;breaker;cisd;ema_trend;fvg;obv;order_block;rsi,21,162,,,,,,,,51,,,23,33,52,,,,,,,,197,1.3,,,,7,28,7,,,,,,,,,,,,,,,,,,,,,,,,,,,,,,,,,,,,,,,,,,,,,,,,,,,,,,,,,,,,,,,,,,,,,,,,,,,,,,,,,,,,,,,,,,,,,,,,,,,,,,,,,,,,,,,,,,,,,,,,,,,,,,,,,,,,,,,,,,,,,,,,,,,,,,,,,,,,,,,,,,,,,,,,,,,,,,,,,,,,,,,,,,,,,,,,,,,,,,,,,,,,,,,,,,,,,,,,,,,,,,,,,,,,,,,,,,,,,,,,,,,,,,,,,,,,,,,,,,,,,,,,,
3024.8,937.5,80.0,11486.4,1094.6,9.5,2.791207769155335,6.565389569214446,1.7349980158970395,81.64526703274775,0.0,0,True,1,0,eod,9,bollinger;breaker;cisd;ema_trend;fvg;obv;order_block;rsi;vwap,21,352,,,,,,,,51,,,23,33,52,,,,,,,,197,1.3,,,,7,28,7,,,,,,,,,,,,,,,,,,,,,,,,,,,,,,,,,,,,,,,,,,,,,,,,,,,,,,,,,,,,,,,,,,,,,,,,,,,,,,,,,,,,,,,,,,,,,,,,,,,,,,,,,,,,,,,,,,,,,,,,,,,,,,,,,,,,,,,,,,,,,,,,,,,,,,,,,,,,,,,,,,,,,,,,,,,,,,,,,,,,,,,,,,,,,,,,,,,,,,,,,,,,,,,,,,,,,,,,,,,,,,,,,,,,,,,,,,,,,,,,,,,,,,,,,,,,,,,,,,,,,,,,,
3024.8,937.5,80.0,11486.4,1094.6,9.5,2.791207769155335,6.565389569214446,1.7349980158970395,81.64526703274775,0.0,0,True,1,0,eod,8,bollinger;breaker;cisd;ema_trend;fvg;obv;order_block;rsi,21,352,,,,,,,,51,,,23,33,52,,,,,,,,197,1.3,,,,7,28,7,,,,,,,,,,,,,,,,,,,,,,,,,,,,,,,,,,,,,,,,,,,,,,,,,,,,,,,,,,,,,,,,,,,,,,,,,,,,,,,,,,,,,,,,,,,,,,,,,,,,,,,,,,,,,,,,,,,,,,,,,,,,,,,,,,,,,,,,,,,,,,,,,,,,,,,,,,,,,,,,,,,,,,,,,,,,,,,,,,,,,,,,,,,,,,,,,,,,,,,,,,,,,,,,,,,,,,,,,,,,,,,,,,,,,,,,,,,,,,,,,,,,,,,,,,,,,,,,,,,,,,,,,
3024.8,937.5,80.0,11486.4,1094.6,9.5,2.791207769155335,6.565389569214446,1.7349980158970395,81.64526703274775,0.0,0,True,1,0,eod,9,bollinger;breaker;cisd;ema_trend;fvg;obv;order_block;rsi;vwap,21,162,,,,,,,,185,,,23,33,52,,,,,,,,197,1.3,,,,7,28,7,,,,,,,,,,,,,,,,,,,,,,,,,,,,,,,,,,,,,,,,,,,,,,,,,,,,,,,,,,,,,,,,,,,,,,,,,,,,,,,,,,,,,,,,,,,,,,,,,,,,,,,,,,,,,,,,,,,,,,,,,,,,,,,,,,,,,,,,,,,,,,,,,,,,,,,,,,,,,,,,,,,,,,,,,,,,,,,,,,,,,,,,,,,,,,,,,,,,,,,,,,,,,,,,,,,,,,,,,,,,,,,,,,,,,,,,,,,,,,,,,,,,,,,,,,,,,,,,,,,,,,,,,
3024.8,937.5,80.0,11486.4,1094.6,9.5,2.791207769155335,6.565389569214446,1.7349980158970395,81.64526703274775,0.0,0,True,1,0,eod,9,bollinger;breaker;cisd;ema_trend;fvg;obv;order_block;rsi;vwap,21,162,,,,,,,,185,,,23,33,52,,,,,,,,197,1.3,,,,7,28,7,,,,,,,,,,,,,,,,,,,,,,,,,,,,,,,,,,,,,,,,,,,,,,,,,,,,,,,,,,,,,,,,,,,,,,,,,,,,,,,,,,,,,,,,,,,,,,,,,,,,,,,,,,,,,,,,,,,,,,,,,,,,,,,,,,,,,,,,,,,,,,,,,,,,,,,,,,,,,,,,,,,,,,,,,,,,,,,,,,,,,,,,,,,,,,,,,,,,,,,,,,,,,,,,,,,,,,,,,,,,,,,,,,,,,,,,,,,,,,,,,,,,,,,,,,,,,,,,,,,,,,,,,
3024.8,937.5,80.0,11486.4,1094.6,9.5,2.791207769155335,6.565389569214446,1.7349980158970395,81.64526703274775,0.0,0,True,1,0,eod,9,bollinger;breaker;cisd;ema_trend;fvg;obv;order_block;rsi;sma_trend,198,162,308,269,,,,,,185,,,23,33,52,,,,,,,,197,1.3,,,,7,28,7,,,,,,,,,,,,,,,,,,,,,,,,,,,,,,,,,,,,,,,,,,,,,,,,,,,,,,,,,,,,,,,,,,,,,,,,,,,,,,,,,,,,,,,,,,,,,,,,,,,,,,,,,,,,,,,,,,,,,,,,,,,,,,,,,,,,,,,,,,,,,,,,,,,,,,,,,,,,,,,,,,,,,,,,,,,,,,,,,,,,,,,,,,,,,,,,,,,,,,,,,,,,,,,,,,,,,,,,,,,,,,,,,,,,,,,,,,,,,,,,,,,,,,,,,,,,,,,,,,,,,,,,,
3024.8,937.5,80.0,11486.4,1094.6,9.5,2.791207769155335,6.565389569214446,1.7349980158970395,81.64526703274775,0.0,0,True,1,0,eod,9,bollinger;breaker;cisd;ema_trend;fvg;obv;order_block;rsi;vwap,21,162,,,,,,,,185,,,23,33,52,,,,,,,,197,1.3,,,,7,28,7,,,,,,,,,,,,,,,,,,,,,,,,,,,,,,,,,,,,,,,,,,,,,,,,,,,,,,,,,,,,,,,,,,,,,,,,,,,,,,,,,,,,,,,,,,,,,,,,,,,,,,,,,,,,,,,,,,,,,,,,,,,,,,,,,,,,,,,,,,,,,,,,,,,,,,,,,,,,,,,,,,,,,,,,,,,,,,,,,,,,,,,,,,,,,,,,,,,,,,,,,,,,,,,,,,,,,,,,,,,,,,,,,,,,,,,,,,,,,,,,,,,,,,,,,,,,,,,,,,,,,,,,,
3024.8,937.5,80.0,11486.4,1094.6,9.5,2.791207769155335,6.565389569214446,1.7349980158970395,81.64526703274775,0.0,0,True,1,0,eod,9,bollinger;breaker;cisd;ema_trend;fvg;obv;order_block;rsi;sma_trend,198,162,308,269,,,,,,185,,,23,33,52,,,,,,,,197,1.3,,,,7,28,7,,,,,,,,,,,,,,,,,,,,,,,,,,,,,,,,,,,,,,,,,,,,,,,,,,,,,,,,,,,,,,,,,,,,,,,,,,,,,,,,,,,,,,,,,,,,,,,,,,,,,,,,,,,,,,,,,,,,,,,,,,,,,,,,,,,,,,,,,,,,,,,,,,,,,,,,,,,,,,,,,,,,,,,,,,,,,,,,,,,,,,,,,,,,,,,,,,,,,,,,,,,,,,,,,,,,,,,,,,,,,,,,,,,,,,,,,,,,,,,,,,,,,,,,,,,,,,,,,,,,,,,,,
3024.8,937.5,80.0,11486.4,1094.6,9.5,2.791207769155335,6.565389569214446,1.7349980158970395,81.64526703274775,0.0,0,True,1,0,eod,9,bollinger;breaker;cisd;ema_trend;fvg;obv;order_block;rsi;sma_trend,21,350,308,269,,,,,,185,,,23,33,52,,,,,,,,197,1.3,,,,7,28,7,,,,,,,,,,,,,,,,,,,,,,,,,,,,,,,,,,,,,,,,,,,,,,,,,,,,,,,,,,,,,,,,,,,,,,,,,,,,,,,,,,,,,,,,,,,,,,,,,,,,,,,,,,,,,,,,,,,,,,,,,,,,,,,,,,,,,,,,,,,,,,,,,,,,,,,,,,,,,,,,,,,,,,,,,,,,,,,,,,,,,,,,,,,,,,,,,,,,,,,,,,,,,,,,,,,,,,,,,,,,,,,,,,,,,,,,,,,,,,,,,,,,,,,,,,,,,,,,,,,,,,,,,
3024.8,937.5,80.0,11486.4,1094.6,9.5,2.791207769155335,6.565389569214446,1.7349980158970395,81.64526703274775,0.0,0,True,1,0,eod,9,bollinger;breaker;cisd;ema_trend;fvg;obv;order_block;rsi;sma_trend,198,162,308,269,,,,,,185,,,23,33,52,,,,,,,,197,1.3,,,,7,28,7,,,,,,,,,,,,,,,,,,,,,,,,,,,,,,,,,,,,,,,,,,,,,,,,,,,,,,,,,,,,,,,,,,,,,,,,,,,,,,,,,,,,,,,,,,,,,,,,,,,,,,,,,,,,,,,,,,,,,,,,,,,,,,,,,,,,,,,,,,,,,,,,,,,,,,,,,,,,,,,,,,,,,,,,,,,,,,,,,,,,,,,,,,,,,,,,,,,,,,,,,,,,,,,,,,,,,,,,,,,,,,,,,,,,,,,,,,,,,,,,,,,,,,,,,,,,,,,,,,,,,,,,,
3012.9,1168.5,81.7,10735.6,1236.2,11.5,3.60068891723419,7.3748707172933,1.7349980158970395,81.64526703274775,0.0,0,True,1,0,eod,9,bollinger;breaker;cisd;ema_trend;fvg;obv;order_block;rsi;sma_trend,253,352,308,269,,,,,,51,,,22,33,52,,,,,,,,197,1.3,,,,7,28,7,,,,,,,,,,,,,,,,,,,,,,,,,,,,,,,,,,,,,,,,,,,,,,,,,,,,,,,,,,,,,,,,,,,,,,,,,,,,,,,,,,,,,,,,,,,,,,,,,,,,,,,,,,,,,,,,,,,,,,,,,,,,,,,,,,,,,,,,,,,,,,,,,,,,,,,,,,,,,,,,,,,,,,,,,,,,,,,,,,,,,,,,,,,,,,,,,,,,,,,,,,,,,,,,,,,,,,,,,,,,,,,,,,,,,,,,,,,,,,,,,,,,,,,,,,,,,,,,,,,,,,,,,
3012.9,1168.5,81.7,10735.6,1236.2,11.5,3.60068891723419,7.3748707172933,1.7349980158970395,81.64526703274775,0.0,0,True,1,0,eod,9,bollinger;breaker;cisd;ema_trend;fvg;obv;order_block;rsi;sma_trend,253,352,308,269,,,,,,51,,,22,33,52,,,,,,,,197,1.3,,,,7,28,7,,,,,,,,,,,,,,,,,,,,,,,,,,,,,,,,,,,,,,,,,,,,,,,,,,,,,,,,,,,,,,,,,,,,,,,,,,,,,,,,,,,,,,,,,,,,,,,,,,,,,,,,,,,,,,,,,,,,,,,,,,,,,,,,,,,,,,,,,,,,,,,,,,,,,,,,,,,,,,,,,,,,,,,,,,,,,,,,,,,,,,,,,,,,,,,,,,,,,,,,,,,,,,,,,,,,,,,,,,,,,,,,,,,,,,,,,,,,,,,,,,,,,,,,,,,,,,,,,,,,,,,,,
3012.9,1168.5,81.7,10735.6,1236.2,11.5,3.60068891723419,7.3748707172933,1.7349980158970395,81.64526703274775,0.0,0,True,1,0,eod,9,bollinger;breaker;cisd;ema_trend;fvg;obv;order_block;rsi;sma_trend,253,352,308,269,,,,,,51,,,22,33,52,,,,,,,,197,1.3,,,,7,28,7,,,,,,,,,,,,,,,,,,,,,,,,,,,,,,,,,,,,,,,,,,,,,,,,,,,,,,,,,,,,,,,,,,,,,,,,,,,,,,,,,,,,,,,,,,,,,,,,,,,,,,,,,,,,,,,,,,,,,,,,,,,,,,,,,,,,,,,,,,,,,,,,,,,,,,,,,,,,,,,,,,,,,,,,,,,,,,,,,,,,,,,,,,,,,,,,,,,,,,,,,,,,,,,,,,,,,,,,,,,,,,,,,,,,,,,,,,,,,,,,,,,,,,,,,,,,,,,,,,,,,,,,,
3012.9,1168.5,81.7,10735.6,1236.2,11.5,3.60068891723419,7.3748707172933,1.7349980158970395,81.64526703274775,0.0,0,True,1,0,eod,9,bollinger;breaker;cisd;ema_trend;fvg;obv;order_block;rsi;sma_trend,253,352,308,269,,,,,,51,,,22,33,52,,,,,,,,197,1.3,,,,7,28,7,,,,,,,,,,,,,,,,,,,,,,,,,,,,,,,,,,,,,,,,,,,,,,,,,,,,,,,,,,,,,,,,,,,,,,,,,,,,,,,,,,,,,,,,,,,,,,,,,,,,,,,,,,,,,,,,,,,,,,,,,,,,,,,,,,,,,,,,,,,,,,,,,,,,,,,,,,,,,,,,,,,,,,,,,,,,,,,,,,,,,,,,,,,,,,,,,,,,,,,,,,,,,,,,,,,,,,,,,,,,,,,,,,,,,,,,,,,,,,,,,,,,,,,,,,,,,,,,,,,,,,,,,
3012.9,1168.5,81.7,10735.6,1236.2,11.5,3.60068891723419,7.3748707172933,1.7349980158970395,81.64526703274775,0.0,0,True,1,0,eod,9,bollinger;breaker;cisd;ema_trend;fvg;obv;order_block;rsi;sma_trend,253,352,308,269,,,,,,51,,,22,33,52,,,,,,,,197,1.3,,,,7,28,7,,,,,,,,,,,,,,,,,,,,,,,,,,,,,,,,,,,,,,,,,,,,,,,,,,,,,,,,,,,,,,,,,,,,,,,,,,,,,,,,,,,,,,,,,,,,,,,,,,,,,,,,,,,,,,,,,,,,,,,,,,,,,,,,,,,,,,,,,,,,,,,,,,,,,,,,,,,,,,,,,,,,,,,,,,,,,,,,,,,,,,,,,,,,,,,,,,,,,,,,,,,,,,,,,,,,,,,,,,,,,,,,,,,,,,,,,,,,,,,,,,,,,,,,,,,,,,,,,,,,,,,,,
3012.9,1168.5,81.7,10735.6,1236.2,11.5,3.60068891723419,7.3748707172933,1.7349980158970395,81.64526703274775,0.0,0,True,1,0,eod,9,bollinger;breaker;cisd;ema_trend;fvg;obv;order_block;rsi;sma_trend,253,352,308,269,,,,,,51,,,22,33,52,,,,,,,,197,1.3,,,,7,28,7,,,,,,,,,,,,,,,,,,,,,,,,,,,,,,,,,,,,,,,,,,,,,,,,,,,,,,,,,,,,,,,,,,,,,,,,,,,,,,,,,,,,,,,,,,,,,,,,,,,,,,,,,,,,,,,,,,,,,,,,,,,,,,,,,,,,,,,,,,,,,,,,,,,,,,,,,,,,,,,,,,,,,,,,,,,,,,,,,,,,,,,,,,,,,,,,,,,,,,,,,,,,,,,,,,,,,,,,,,,,,,,,,,,,,,,,,,,,,,,,,,,,,,,,,,,,,,,,,,,,,,,,,
3012.9,1168.5,81.7,10735.6,1236.2,11.5,3.60068891723419,7.3748707172933,1.7349980158970395,81.64526703274775,0.0,0,True,1,0,eod,9,bollinger;breaker;cisd;ema_trend;fvg;keltner;order_block;rsi;sma_trend,253,352,308,269,,,,103,1.8,,,,22,33,52,,,,,,,,197,1.3,,,,7,28,7,,,,,,,,,,,,,,,,,,,,,,,,,,,,,,,,,,,,,,,,,,,,,,,,,,,,,,,,,,,,,,,,,,,,,,,,,,,,,,,,,,,,,,,,,,,,,,,,,,,,,,,,,,,,,,,,,,,,,,,,,,,,,,,,,,,,,,,,,,,,,,,,,,,,,,,,,,,,,,,,,,,,,,,,,,,,,,,,,,,,,,,,,,,,,,,,,,,,,,,,,,,,,,,,,,,,,,,,,,,,,,,,,,,,,,,,,,,,,,,,,,,,,,,,,,,,,,,,,,,,,,,,,
3012.9,1168.5,81.7,10735.6,1236.2,11.5,3.60068891723419,7.3748707172933,1.7349980158970395,81.64526703274775,0.0,0,True,1,0,eod,9,bollinger;breaker;cisd;ema_trend;fvg;obv;order_block;rsi;sma_trend,253,352,308,269,,,,,,51,,,22,33,52,,,,,,,,197,1.3,,,,7,28,7,,,,,,,,,,,,,,,,,,,,,,,,,,,,,,,,,,,,,,,,,,,,,,,,,,,,,,,,,,,,,,,,,,,,,,,,,,,,,,,,,,,,,,,,,,,,,,,,,,,,,,,,,,,,,,,,,,,,,,,,,,,,,,,,,,,,,,,,,,,,,,,,,,,,,,,,,,,,,,,,,,,,,,,,,,,,,,,,,,,,,,,,,,,,,,,,,,,,,,,,,,,,,,,,,,,,,,,,,,,,,,,,,,,,,,,,,,,,,,,,,,,,,,,,,,,,,,,,,,,,,,,,,
3012.9,1168.5,81.7,10735.6,1236.2,11.5,3.60068891723419,7.3748707172933,1.7349980158970395,81.64526703274775,0.0,0,True,1,0,eod,9,bollinger;breaker;cisd;ema_trend;fvg;obv;order_block;rsi;sma_trend,398,352,308,269,,,,,,51,,,22,33,52,,,,,,,,197,1.3,,,,7,28,7,,,,,,,,,,,,,,,,,,,,,,,,,,,,,,,,,,,,,,,,,,,,,,,,,,,,,,,,,,,,,,,,,,,,,,,,,,,,,,,,,,,,,,,,,,,,,,,,,,,,,,,,,,,,,,,,,,,,,,,,,,,,,,,,,,,,,,,,,,,,,,,,,,,,,,,,,,,,,,,,,,,,,,,,,,,,,,,,,,,,,,,,,,,,,,,,,,,,,,,,,,,,,,,,,,,,,,,,,,,,,,,,,,,,,,,,,,,,,,,,,,,,,,,,,,,,,,,,,,,,,,,,,
3012.9,1168.5,81.7,10735.6,1236.2,11.5,3.60068891723419,7.3748707172933,1.7349980158970395,81.64526703274775,0.0,0,True,1,0,eod,9,bollinger;breaker;cisd;ema_trend;fvg;obv;order_block;rsi;sma_trend,253,352,308,269,,,,,,51,,,22,33,52,,,,,,,,197,1.3,,,,7,28,7,,,,,,,,,,,,,,,,,,,,,,,,,,,,,,,,,,,,,,,,,,,,,,,,,,,,,,,,,,,,,,,,,,,,,,,,,,,,,,,,,,,,,,,,,,,,,,,,,,,,,,,,,,,,,,,,,,,,,,,,,,,,,,,,,,,,,,,,,,,,,,,,,,,,,,,,,,,,,,,,,,,,,,,,,,,,,,,,,,,,,,,,,,,,,,,,,,,,,,,,,,,,,,,,,,,,,,,,,,,,,,,,,,,,,,,,,,,,,,,,,,,,,,,,,,,,,,,,,,,,,,,,,
3012.9,1168.5,81.7,10735.6,1236.2,11.5,3.60068891723419,7.3748707172933,1.7349980158970395,81.64526703274775,0.0,0,True,1,0,eod,9,bollinger;breaker;cisd;ema_trend;fvg;obv;order_block;rsi;sma_trend,253,352,308,269,,,,,,51,,,22,33,52,,,,,,,,197,1.3,,,,7,28,7,,,,,,,,,,,,,,,,,,,,,,,,,,,,,,,,,,,,,,,,,,,,,,,,,,,,,,,,,,,,,,,,,,,,,,,,,,,,,,,,,,,,,,,,,,,,,,,,,,,,,,,,,,,,,,,,,,,,,,,,,,,,,,,,,,,,,,,,,,,,,,,,,,,,,,,,,,,,,,,,,,,,,,,,,,,,,,,,,,,,,,,,,,,,,,,,,,,,,,,,,,,,,,,,,,,,,,,,,,,,,,,,,,,,,,,,,,,,,,,,,,,,,,,,,,,,,,,,,,,,,,,,,
2980.7,937.5,80.1,11273.1,1094.6,9.7,2.791207769155335,6.565389569214446,1.7349980158970395,81.64526703274775,0.0,0,True,1,0,eod,9,bollinger;breaker;cisd;ema_trend;fvg;obv;order_block;rsi;vwap,198,352,,,,,,,,51,,,22,33,52,,,,,,,,197,1.3,,,,7,28,7,,,,,,,,,,,,,,,,,,,,,,,,,,,,,,,,,,,,,,,,,,,,,,,,,,,,,,,,,,,,,,,,,,,,,,,,,,,,,,,,,,,,,,,,,,,,,,,,,,,,,,,,,,,,,,,,,,,,,,,,,,,,,,,,,,,,,,,,,,,,,,,,,,,,,,,,,,,,,,,,,,,,,,,,,,,,,,,,,,,,,,,,,,,,,,,,,,,,,,,,,,,,,,,,,,,,,,,,,,,,,,,,,,,,,,,,,,,,,,,,,,,,,,,,,,,,,,,,,,,,,,,,,
2980.7,937.5,80.1,11273.1,1094.6,9.7,2.791207769155335,6.565389569214446,1.7349980158970395,81.64526703274775,0.0,0,True,1,0,eod,9,bollinger;breaker;cisd;ema_trend;fvg;obv;order_block;rsi;sma_trend,42,352,308,269,,,,,,51,,,22,33,52,,,,,,,,197,1.3,,,,7,28,7,,,,,,,,,,,,,,,,,,,,,,,,,,,,,,,,,,,,,,,,,,,,,,,,,,,,,,,,,,,,,,,,,,,,,,,,,,,,,,,,,,,,,,,,,,,,,,,,,,,,,,,,,,,,,,,,,,,,,,,,,,,,,,,,,,,,,,,,,,,,,,,,,,,,,,,,,,,,,,,,,,,,,,,,,,,,,,,,,,,,,,,,,,,,,,,,,,,,,,,,,,,,,,,,,,,,,,,,,,,,,,,,,,,,,,,,,,,,,,,,,,,,,,,,,,,,,,,,,,,,,,,,,
2718.7,792.3,79.8,9948.2,1947.6,19.6,2.791207769155335,6.565389569214446,1.7349980158970395,63.50661743472335,0.0,0,True,1,0,eod,9,bollinger;breaker;cci;cisd;ema_trend;fvg;order_block;rsi;vwap,21,352,,,,,,,,,65,85,23,33,52,,,,,,,,197,1.9,,,,7,49,7,,,,,,,,,,,,,,,,,,,,,,,,,,,,,,,,,,,,,,,,,,,,,,,,,,,,,,,,,,,,,,,,,,,,,,,,,,,,,,,,,,,,,,,,,,,,,,,,,,,,,,,,,,,,,,,,,,,,,,,,,,,,,,,,,,,,,,,,,,,,,,,,,,,,,,,,,,,,,,,,,,,,,,,,,,,,,,,,,,,,,,,,,,,,,,,,,,,,,,,,,,,,,,,,,,,,,,,,,,,,,,,,,,,,,,,,,,,,,,,,,,,,,,,,,,,,,,,,,,,,,,,,,
2718.7,792.3,79.8,9948.2,1947.6,19.6,2.791207769155335,6.565389569214446,1.7349980158970395,63.50661743472335,0.0,0,True,1,0,eod,9,bollinger;breaker;cci;cisd;ema_trend;fvg;order_block;rsi;vwap,21,352,,,,,,,,,65,85,23,33,52,,,,,,,,197,1.9,,,,7,49,7,,,,,,,,,,,,,,,,,,,,,,,,,,,,,,,,,,,,,,,,,,,,,,,,,,,,,,,,,,,,,,,,,,,,,,,,,,,,,,,,,,,,,,,,,,,,,,,,,,,,,,,,,,,,,,,,,,,,,,,,,,,,,,,,,,,,,,,,,,,,,,,,,,,,,,,,,,,,,,,,,,,,,,,,,,,,,,,,,,,,,,,,,,,,,,,,,,,,,,,,,,,,,,,,,,,,,,,,,,,,,,,,,,,,,,,,,,,,,,,,,,,,,,,,,,,,,,,,,,,,,,,,,
2700.6,916.4,80.0,10317.3,1067.1,10.3,2.791207769155335,6.011120711684644,1.6493224220707372,81.64526703274775,0.0,0,True,1,0,eod,10,bollinger;breaker;cisd;ema_trend;fvg;obv;order_block;rsi;sma_trend;vwap,264,162,308,269,,,,,,51,,,23,33,52,,,,,,,,197,1.3,,,,7,28,7,,,,,,,,,,,,,,,,,,,,,,,,,,,,,,,,,,,,,,,,,,,,,,,,,,,,,,,,,,,,,,,,,,,,,,,,,,,,,,,,,,,,,,,,,,,,,,,,,,,,,,,,,,,,,,,,,,,,,,,,,,,,,,,,,,,,,,,,,,,,,,,,,,,,,,,,,,,,,,,,,,,,,,,,,,,,,,,,,,,,,,,,,,,,,,,,,,,,,,,,,,,,,,,,,,,,,,,,,,,,,,,,,,,,,,,,,,,,,,,,,,,,,,,,,,,,,,,,,,,,,,,,,
2700.6,916.4,80.0,10317.3,1067.1,10.3,2.791207769155335,6.011120711684644,1.6493224220707372,81.64526703274775,0.0,0,True,1,0,eod,10,bollinger;breaker;cisd;ema_trend;fvg;obv;order_block;rsi;sma_trend;vwap,264,162,308,269,,,,,,51,,,23,33,52,,,,,,,,197,1.3,,,,7,28,7,,,,,,,,,,,,,,,,,,,,,,,,,,,,,,,,,,,,,,,,,,,,,,,,,,,,,,,,,,,,,,,,,,,,,,,,,,,,,,,,,,,,,,,,,,,,,,,,,,,,,,,,,,,,,,,,,,,,,,,,,,,,,,,,,,,,,,,,,,,,,,,,,,,,,,,,,,,,,,,,,,,,,,,,,,,,,,,,,,,,,,,,,,,,,,,,,,,,,,,,,,,,,,,,,,,,,,,,,,,,,,,,,,,,,,,,,,,,,,,,,,,,,,,,,,,,,,,,,,,,,,,,,
2590.9,694.1,75.3,10453.9,928.4,8.9,2.249145646635694,4.680523206424924,1.7349980158970395,81.64526703274775,0.0,0,True,3,0,eod,9,bollinger;breaker;cisd;ema_trend;fvg;obv;order_block;rsi;sma_trend,21,352,308,269,,,,,,51,,,22,33,52,,,,,,,,197,1.3,,,,7,26,7,,,,,,,,,,,,,,,,,,,,,,,,,,,,,,,,,,,,,,,,,,,,,,,,,,,,,,,,,,,,,,,,,,,,,,,,,,,,,,,,,,,,,,,,,,,,,,,,,,,,,,,,,,,,,,,,,,,,,,,,,,,,,,,,,,,,,,,,,,,,,,,,,,,,,,,,,,,,,,,,,,,,,,,,,,,,,,,,,,,,,,,,,,,,,,,,,,,,,,,,,,,,,,,,,,,,,,,,,,,,,,,,,,,,,,,,,,,,,,,,,,,,,,,,,,,,,,,,,,,,,,,,,
2567.3,1033.3,81.4,12012.6,1106.8,9.2,2.791207769155335,5.2225853289445645,1.4694553000135762,81.64526703274775,0.0,0,True,1,0,eod,7,bollinger;breaker;cci;ema_trend;fvg;order_block;rsi,264,16,,,,,,,,,65,155,23,33,52,,,,,,,,197,1.3,,,,7,8,7,,,,,,,,,,,,,,,,,,,,,,,,,,,,,,,,,,,,,,,,,,,,,,,,,,,,,,,,,,,,,,,,,,,,,,,,,,,,,,,,,,,,,,,,,,,,,,,,,,,,,,,,,,,,,,,,,,,,,,,,,,,,,,,,,,,,,,,,,,,,,,,,,,,,,,,,,,,,,,,,,,,,,,,,,,,,,,,,,,,,,,,,,,,,,,,,,,,,,,,,,,,,,,,,,,,,,,,,,,,,,,,,,,,,,,,,,,,,,,,,,,,,,,,,,,,,,,,,,,,,,,,,,
2513.6,779.0,79.9,8527.9,1358.3,15.9,2.791207769155335,6.565389569214446,1.7349980158970395,81.64526703274775,0.0,0,True,1,0,eod,8,bollinger;breaker;cisd;ema_trend;fvg;obv;order_block;rsi,198,352,,,,,,,,185,,,23,33,52,,,,,,,,197,1.3,,,,7,49,3,,,,,,,,,,,,,,,,,,,,,,,,,,,,,,,,,,,,,,,,,,,,,,,,,,,,,,,,,,,,,,,,,,,,,,,,,,,,,,,,,,,,,,,,,,,,,,,,,,,,,,,,,,,,,,,,,,,,,,,,,,,,,,,,,,,,,,,,,,,,,,,,,,,,,,,,,,,,,,,,,,,,,,,,,,,,,,,,,,,,,,,,,,,,,,,,,,,,,,,,,,,,,,,,,,,,,,,,,,,,,,,,,,,,,,,,,,,,,,,,,,,,,,,,,,,,,,,,,,,,,,,,,
2466.8,1615.0,82.6,8308.7,1361.2,16.4,4.060270367539779,6.3789259141809165,1.6493224220707372,81.64526703274775,0.0,0,True,1,0,eod,9,bollinger;breaker;cisd;ema_trend;fvg;macd;obv;order_block;rsi,198,352,,,12,196,82,,,51,,,23,13,52,,,,,,,,197,1.3,,,,7,49,7,,,,,,,,,,,,,,,,,,,,,,,,,,,,,,,,,,,,,,,,,,,,,,,,,,,,,,,,,,,,,,,,,,,,,,,,,,,,,,,,,,,,,,,,,,,,,,,,,,,,,,,,,,,,,,,,,,,,,,,,,,,,,,,,,,,,,,,,,,,,,,,,,,,,,,,,,,,,,,,,,,,,,,,,,,,,,,,,,,,,,,,,,,,,,,,,,,,,,,,,,,,,,,,,,,,,,,,,,,,,,,,,,,,,,,,,,,,,,,,,,,,,,,,,,,,,,,,,,,,,,,,,,
2429.8,694.1,75.9,10277.8,928.4,9.0,2.249145646635694,4.680523206424924,1.7349980158970395,81.64526703274775,0.0,0,True,3,0,eod,9,bollinger;breaker;cisd;ema_trend;fvg;obv;order_block;rsi;sma_trend,264,352,308,269,,,,,,51,,,22,33,52,,,,,,,,197,1.3,,,,7,26,7,,,,,,,,,,,,,,,,,,,,,,,,,,,,,,,,,,,,,,,,,,,,,,,,,,,,,,,,,,,,,,,,,,,,,,,,,,,,,,,,,,,,,,,,,,,,,,,,,,,,,,,,,,,,,,,,,,,,,,,,,,,,,,,,,,,,,,,,,,,,,,,,,,,,,,,,,,,,,,,,,,,,,,,,,,,,,,,,,,,,,,,,,,,,,,,,,,,,,,,,,,,,,,,,,,,,,,,,,,,,,,,,,,,,,,,,,,,,,,,,,,,,,,,,,,,,,,,,,,,,,,,,,
2420.7,1056.2,82.7,10965.6,1304.6,11.9,2.791207769155335,6.565389569214446,1.4694553000135762,81.64526703274775,0.0,0,True,1,0,eod,9,bollinger;breaker;cci;cisd;ema_trend;fvg;obv;order_block;rsi,21,352,,,,,,,,51,65,155,23,33,52,,,,,,,,197,1.3,,,,7,28,7,,,,,,,,,,,,,,,,,,,,,,,,,,,,,,,,,,,,,,,,,,,,,,,,,,,,,,,,,,,,,,,,,,,,,,,,,,,,,,,,,,,,,,,,,,,,,,,,,,,,,,,,,,,,,,,,,,,,,,,,,,,,,,,,,,,,,,,,,,,,,,,,,,,,,,,,,,,,,,,,,,,,,,,,,,,,,,,,,,,,,,,,,,,,,,,,,,,,,,,,,,,,,,,,,,,,,,,,,,,,,,,,,,,,,,,,,,,,,,,,,,,,,,,,,,,,,,,,,,,,,,,,,
2420.7,1056.2,82.7,10965.6,1304.6,11.9,2.791207769155335,6.565389569214446,1.4694553000135762,81.64526703274775,0.0,0,True,1,0,eod,8,bollinger;breaker;cci;cisd;ema_trend;fvg;order_block;rsi,21,352,,,,,,,,,65,155,23,33,52,,,,,,,,197,1.3,,,,7,28,7,,,,,,,,,,,,,,,,,,,,,,,,,,,,,,,,,,,,,,,,,,,,,,,,,,,,,,,,,,,,,,,,,,,,,,,,,,,,,,,,,,,,,,,,,,,,,,,,,,,,,,,,,,,,,,,,,,,,,,,,,,,,,,,,,,,,,,,,,,,,,,,,,,,,,,,,,,,,,,,,,,,,,,,,,,,,,,,,,,,,,,,,,,,,,,,,,,,,,,,,,,,,,,,,,,,,,,,,,,,,,,,,,,,,,,,,,,,,,,,,,,,,,,,,,,,,,,,,,,,,,,,,,
2420.7,1056.2,82.7,10965.6,1304.6,11.9,2.791207769155335,6.565389569214446,1.4694553000135762,81.64526703274775,0.0,0,True,1,0,eod,9,bollinger;breaker;cci;cisd;ema_trend;fvg;obv;order_block;rsi,21,352,,,,,,,,185,65,155,23,33,52,,,,,,,,197,1.3,,,,7,28,7,,,,,,,,,,,,,,,,,,,,,,,,,,,,,,,,,,,,,,,,,,,,,,,,,,,,,,,,,,,,,,,,,,,,,,,,,,,,,,,,,,,,,,,,,,,,,,,,,,,,,,,,,,,,,,,,,,,,,,,,,,,,,,,,,,,,,,,,,,,,,,,,,,,,,,,,,,,,,,,,,,,,,,,,,,,,,,,,,,,,,,,,,,,,,,,,,,,,,,,,,,,,,,,,,,,,,,,,,,,,,,,,,,,,,,,,,,,,,,,,,,,,,,,,,,,,,,,,,,,,,,,,,
2420.7,1056.2,82.7,10965.6,1304.6,11.9,2.791207769155335,6.565389569214446,1.4694553000135762,81.64526703274775,0.0,0,True,1,0,eod,8,bollinger;breaker;cci;cisd;ema_trend;fvg;order_block;rsi,21,352,,,,,,,,,65,155,23,33,52,,,,,,,,197,1.3,,,,7,28,7,,,,,,,,,,,,,,,,,,,,,,,,,,,,,,,,,,,,,,,,,,,,,,,,,,,,,,,,,,,,,,,,,,,,,,,,,,,,,,,,,,,,,,,,,,,,,,,,,,,,,,,,,,,,,,,,,,,,,,,,,,,,,,,,,,,,,,,,,,,,,,,,,,,,,,,,,,,,,,,,,,,,,,,,,,,,,,,,,,,,,,,,,,,,,,,,,,,,,,,,,,,,,,,,,,,,,,,,,,,,,,,,,,,,,,,,,,,,,,,,,,,,,,,,,,,,,,,,,,,,,,,,,
2420.7,1056.2,82.7,10965.6,1304.6,11.9,2.791207769155335,6.565389569214446,1.4694553000135762,81.64526703274775,0.0,0,True,1,0,eod,8,bollinger;breaker;cci;cisd;ema_trend;fvg;order_block;rsi,56,352,,,,,,,,,65,155,23,33,52,,,,,,,,197,1.3,,,,7,28,7,,,,,,,,,,,,,,,,,,,,,,,,,,,,,,,,,,,,,,,,,,,,,,,,,,,,,,,,,,,,,,,,,,,,,,,,,,,,,,,,,,,,,,,,,,,,,,,,,,,,,,,,,,,,,,,,,,,,,,,,,,,,,,,,,,,,,,,,,,,,,,,,,,,,,,,,,,,,,,,,,,,,,,,,,,,,,,,,,,,,,,,,,,,,,,,,,,,,,,,,,,,,,,,,,,,,,,,,,,,,,,,,,,,,,,,,,,,,,,,,,,,,,,,,,,,,,,,,,,,,,,,,,
2420.7,1056.2,82.7,10965.6,1304.6,11.9,2.791207769155335,6.565389569214446,1.4694553000135762,81.64526703274775,0.0,0,True,1,0,eod,9,bollinger;breaker;cci;cisd;ema_trend;fvg;obv;order_block;rsi,21,352,,,,,,,,51,65,155,23,33,52,,,,,,,,197,1.3,,,,7,28,7,,,,,,,,,,,,,,,,,,,,,,,,,,,,,,,,,,,,,,,,,,,,,,,,,,,,,,,,,,,,,,,,,,,,,,,,,,,,,,,,,,,,,,,,,,,,,,,,,,,,,,,,,,,,,,,,,,,,,,,,,,,,,,,,,,,,,,,,,,,,,,,,,,,,,,,,,,,,,,,,,,,,,,,,,,,,,,,,,,,,,,,,,,,,,,,,,,,,,,,,,,,,,,,,,,,,,,,,,,,,,,,,,,,,,,,,,,,,,,,,,,,,,,,,,,,,,,,,,,,,,,,,,
2420.7,1056.2,82.7,10965.6,1304.6,11.9,2.791207769155335,6.565389569214446,1.4694553000135762,81.64526703274775,0.0,0,True,1,0,eod,10,bollinger;breaker;cci;cisd;ema_trend;fvg;keltner;obv;order_block;rsi,21,352,,,,,,46,1.7,51,65,155,23,33,52,,,,,,,,197,1.3,,,,7,28,7,,,,,,,,,,,,,,,,,,,,,,,,,,,,,,,,,,,,,,,,,,,,,,,,,,,,,,,,,,,,,,,,,,,,,,,,,,,,,,,,,,,,,,,,,,,,,,,,,,,,,,,,,,,,,,,,,,,,,,,,,,,,,,,,,,,,,,,,,,,,,,,,,,,,,,,,,,,,,,,,,,,,,,,,,,,,,,,,,,,,,,,,,,,,,,,,,,,,,,,,,,,,,,,,,,,,,,,,,,,,,,,,,,,,,,,,,,,,,,,,,,,,,,,,,,,,,,,,,,,,,,,,,
2358.4,702.7,76.2,12222.9,922.3,7.5,2.249145646635694,6.023327446694804,1.7349980158970395,81.64526703274775,0.0,0,True,5,0,eod,9,bollinger;breaker;cisd;ema_trend;fvg;macd;obv;order_block;rsi,21,352,,,12,196,32,,,51,,,23,33,52,,,,,,,,197,1.9,,,,7,28,7,,,,,,,,,,,,,,,,,,,,,,,,,,,,,,,,,,,,,,,,,,,,,,,,,,,,,,,,,,,,,,,,,,,,,,,,,,,,,,,,,,,,,,,,,,,,,,,,,,,,,,,,,,,,,,,,,,,,,,,,,,,,,,,,,,,,,,,,,,,,,,,,,,,,,,,,,,,,,,,,,,,,,,,,,,,,,,,,,,,,,,,,,,,,,,,,,,,,,,,,,,,,,,,,,,,,,,,,,,,,,,,,,,,,,,,,,,,,,,,,,,,,,,,,,,,,,,,,,,,,,,,,,
2352.1,828.0,88.7,7804.8,1139.8,14.6,3.60068891723419,7.3748707172933,1.7349980158970395,81.64526703274775,0.0,0,True,5,0,eod,9,bollinger;breaker;cisd;ema_trend;fvg;obv;order_block;rsi;sma_trend,398,352,308,269,,,,,,6,,,22,33,98,,,,,,,,197,1.3,,,,7,49,7,,,,,,,,,,,,,,,,,,,,,,,,,,,,,,,,,,,,,,,,,,,,,,,,,,,,,,,,,,,,,,,,,,,,,,,,,,,,,,,,,,,,,,,,,,,,,,,,,,,,,,,,,,,,,,,,,,,,,,,,,,,,,,,,,,,,,,,,,,,,,,,,,,,,,,,,,,,,,,,,,,,,,,,,,,,,,,,,,,,,,,,,,,,,,,,,,,,,,,,,,,,,,,,,,,,,,,,,,,,,,,,,,,,,,,,,,,,,,,,,,,,,,,,,,,,,,,,,,,,,,,,,,
2306.7,600.8,81.1,8105.0,2006.3,24.8,2.791207769155335,6.565389569214446,1.7349980158970395,63.50661743472335,0.0,0,True,4,0,eod,9,bollinger;breaker;cisd;ema_trend;fvg;obv;order_block;rsi;vwap,21,352,,,,,,,,51,,,23,33,52,,,,,,,,197,1.9,,,,7,49,7,,,,,,,,,,,,,,,,,,,,,,,,,,,,,,,,,,,,,,,,,,,,,,,,,,,,,,,,,,,,,,,,,,,,,,,,,,,,,,,,,,,,,,,,,,,,,,,,,,,,,,,,,,,,,,,,,,,,,,,,,,,,,,,,,,,,,,,,,,,,,,,,,,,,,,,,,,,,,,,,,,,,,,,,,,,,,,,,,,,,,,,,,,,,,,,,,,,,,,,,,,,,,,,,,,,,,,,,,,,,,,,,,,,,,,,,,,,,,,,,,,,,,,,,,,,,,,,,,,,,,,,,,
1840.4,516.3,86.4,6684.3,748.1,11.2,3.89508364766259,6.326461207451819,1.6493224220707372,81.64526703274775,0.0,0,True,5,0,eod,9,bollinger;breaker;ema_trend;fvg;macd;obv;order_block;sma_trend;vwap,4,352,308,199,19,196,82,,,51,,,,,,,,,,,,,197,1.3,,,,7,49,7,,,,,,,,,,,,,,,,,,,,,,,,,,,,,,,,,,,,,,,,,,,,,,,,,,,,,,,,,,,,,,,,,,,,,,,,,,,,,,,,,,,,,,,,,,,,,,,,,,,,,,,,,,,,,,,,,,,,,,,,,,,,,,,,,,,,,,,,,,,,,,,,,,,,,,,,,,,,,,,,,,,,,,,,,,,,,,,,,,,,,,,,,,,,,,,,,,,,,,,,,,,,,,,,,,,,,,,,,,,,,,,,,,,,,,,,,,,,,,,,,,,,,,,,,,,,,,,,,,,,,,,,,
1825.3,312.5,91.3,5909.7,387.5,6.6,2.791207769155335,5.2225853289445645,1.7349980158970395,81.64526703274775,0.0,0,True,5,0,eod,8,bollinger;breaker;cisd;ema_trend;macd;obv;order_block;vwap,21,352,,,12,196,82,,,185,,,,,,,,,,,,,197,1.3,,,,7,,7,,,,,,,,,,,,,,,,,,,,,,,,,,,,,,,,,,,,,,,,,,,,,,,,,,,,,,,,,,,,,,,,,,,,,,,,,,,,,,,,,,,,,,,,,,,,,,,,,,,,,,,,,,,,,,,,,,,,,,,,,,,,,,,,,,,,,,,,,,,,,,,,,,,,,,,,,,,,,,,,,,,,,,,,,,,,,,,,,,,,,,,,,,,,,,,,,,,,,,,,,,,,,,,,,,,,,,,,,,,,,,,,,,,,,,,,,,,,,,,,,,,,,,,,,,,,,,,,,,,,,,,,,
1275.6,287.5,90.2,3775.2,412.5,10.9,2.096344296235996,5.870526096295107,1.6493224220707372,81.64526703274775,0.0,0,True,5,0,eod,8,bollinger;breaker;ema_trend;fvg;obv;order_block;sma_trend;vwap,264,352,308,269,,,,,,24,,,,,,,,,,,,,197,1.3,,,,7,28,7,,,,,,,,,,,,,,,,,,,,,,,,,,,,,,,,,,,,,,,,,,,,,,,,,,,,,,,,,,,,,,,,,,,,,,,,,,,,,,,,,,,,,,,,,,,,,,,,,,,,,,,,,,,,,,,,,,,,,,,,,,,,,,,,,,,,,,,,,,,,,,,,,,,,,,,,,,,,,,,,,,,,,,,,,,,,,,,,,,,,,,,,,,,,,,,,,,,,,,,,,,,,,,,,,,,,,,,,,,,,,,,,,,,,,,,,,,,,,,,,,,,,,,,,,,,,,,,,,,,,,,,,,
1239.4,312.5,94.4,4079.0,661.1,16.2,2.791207769155335,5.2225853289445645,1.6493224220707372,81.64526703274775,0.0,0,True,5,0,eod,8,bollinger;breaker;ema_trend;fvg;obv;order_block;sma_trend;vwap,198,352,308,269,,,,,,51,,,,,,,,,,,,,197,1.3,,,,7,49,7,,,,,,,,,,,,,,,,,,,,,,,,,,,,,,,,,,,,,,,,,,,,,,,,,,,,,,,,,,,,,,,,,,,,,,,,,,,,,,,,,,,,,,,,,,,,,,,,,,,,,,,,,,,,,,,,,,,,,,,,,,,,,,,,,,,,,,,,,,,,,,,,,,,,,,,,,,,,,,,,,,,,,,,,,,,,,,,,,,,,,,,,,,,,,,,,,,,,,,,,,,,,,,,,,,,,,,,,,,,,,,,,,,,,,,,,,,,,,,,,,,,,,,,,,,,,,,,,,,,,,,,,,
1218.5,162.5,90.1,3468.4,226.4,6.5,2.096344296235996,4.5277218560252255,1.7349980158970395,81.64526703274775,0.0,0,True,5,0,eod,9,adx;bollinger;breaker;cisd;ema_trend;fvg;obv;order_block;sma_trend,4,352,308,269,,,,,,185,,,,,,,,,,,,,197,1.3,14,6,,7,28,7,,,,,,,,,,,,,,,,,,,,,,,,,,,,,,,,,,,,,,,,,,,,,,,,,,,,,,,,,,,,,,,,,,,,,,,,,,,,,,,,,,,,,,,,,,,,,,,,,,,,,,,,,,,,,,,,,,,,,,,,,,,,,,,,,,,,,,,,,,,,,,,,,,,,,,,,,,,,,,,,,,,,,,,,,,,,,,,,,,,,,,,,,,,,,,,,,,,,,,,,,,,,,,,,,,,,,,,,,,,,,,,,,,,,,,,,,,,,,,,,,,,,,,,,,,,,,,,,,,,,,,,,,
1194.2,287.5,91.5,3791.7,414.8,10.9,2.096344296235996,5.870526096295107,1.7349980158970395,81.64526703274775,0.0,0,True,5,0,eod,8,bollinger;breaker;ema_trend;fvg;obv;order_block;sma_trend;vwap,264,352,308,269,,,,,,151,,,,,,,,,,,,,197,1.3,,,,7,49,7,,,,,,,,,,,,,,,,,,,,,,,,,,,,,,,,,,,,,,,,,,,,,,,,,,,,,,,,,,,,,,,,,,,,,,,,,,,,,,,,,,,,,,,,,,,,,,,,,,,,,,,,,,,,,,,,,,,,,,,,,,,,,,,,,,,,,,,,,,,,,,,,,,,,,,,,,,,,,,,,,,,,,,,,,,,,,,,,,,,,,,,,,,,,,,,,,,,,,,,,,,,,,,,,,,,,,,,,,,,,,,,,,,,,,,,,,,,,,,,,,,,,,,,,,,,,,,,,,,,,,,,,,
1166.9,287.5,91.8,4245.2,412.5,9.7,2.096344296235996,5.870526096295107,1.6493224220707372,81.64526703274775,0.0,0,True,5,0,eod,8,bollinger;breaker;ema_trend;fvg;obv;order_block;sma_trend;vwap,198,352,308,269,,,,,,51,,,,,,,,,,,,,197,1.3,,,,7,49,7,,,,,,,,,,,,,,,,,,,,,,,,,,,,,,,,,,,,,,,,,,,,,,,,,,,,,,,,,,,,,,,,,,,,,,,,,,,,,,,,,,,,,,,,,,,,,,,,,,,,,,,,,,,,,,,,,,,,,,,,,,,,,,,,,,,,,,,,,,,,,,,,,,,,,,,,,,,,,,,,,,,,,,,,,,,,,,,,,,,,,,,,,,,,,,,,,,,,,,,,,,,,,,,,,,,,,,,,,,,,,,,,,,,,,,,,,,,,,,,,,,,,,,,,,,,,,,,,,,,,,,,,,
1166.9,287.5,91.8,3991.4,501.4,12.6,2.096344296235996,4.5277218560252255,1.6493224220707372,81.64526703274775,0.0,0,True,5,0,eod,8,bollinger;breaker;ema_trend;fvg;obv;order_block;sma_trend;vwap,264,352,308,269,,,,,,51,,,,,,,,,,,,,197,1.3,,,,7,28,7,,,,,,,,,,,,,,,,,,,,,,,,,,,,,,,,,,,,,,,,,,,,,,,,,,,,,,,,,,,,,,,,,,,,,,,,,,,,,,,,,,,,,,,,,,,,,,,,,,,,,,,,,,,,,,,,,,,,,,,,,,,,,,,,,,,,,,,,,,,,,,,,,,,,,,,,,,,,,,,,,,,,,,,,,,,,,,,,,,,,,,,,,,,,,,,,,,,,,,,,,,,,,,,,,,,,,,,,,,,,,,,,,,,,,,,,,,,,,,,,,,,,,,,,,,,,,,,,,,,,,,,,,
1166.9,287.5,91.8,3991.4,501.4,12.6,2.096344296235996,4.5277218560252255,1.6493224220707372,81.64526703274775,0.0,0,True,5,0,eod,8,bollinger;breaker;ema_trend;fvg;obv;order_block;sma_trend;vwap,264,352,308,269,,,,,,51,,,,,,,,,,,,,197,1.3,,,,7,49,7,,,,,,,,,,,,,,,,,,,,,,,,,,,,,,,,,,,,,,,,,,,,,,,,,,,,,,,,,,,,,,,,,,,,,,,,,,,,,,,,,,,,,,,,,,,,,,,,,,,,,,,,,,,,,,,,,,,,,,,,,,,,,,,,,,,,,,,,,,,,,,,,,,,,,,,,,,,,,,,,,,,,,,,,,,,,,,,,,,,,,,,,,,,,,,,,,,,,,,,,,,,,,,,,,,,,,,,,,,,,,,,,,,,,,,,,,,,,,,,,,,,,,,,,,,,,,,,,,,,,,,,,,
1166.9,287.5,91.8,3991.4,501.4,12.6,2.096344296235996,4.5277218560252255,1.6493224220707372,81.64526703274775,0.0,0,True,5,0,eod,8,bollinger;breaker;ema_trend;fvg;obv;order_block;sma_trend;vwap,264,352,308,269,,,,,,51,,,,,,,,,,,,,197,1.3,,,,7,49,7,,,,,,,,,,,,,,,,,,,,,,,,,,,,,,,,,,,,,,,,,,,,,,,,,,,,,,,,,,,,,,,,,,,,,,,,,,,,,,,,,,,,,,,,,,,,,,,,,,,,,,,,,,,,,,,,,,,,,,,,,,,,,,,,,,,,,,,,,,,,,,,,,,,,,,,,,,,,,,,,,,,,,,,,,,,,,,,,,,,,,,,,,,,,,,,,,,,,,,,,,,,,,,,,,,,,,,,,,,,,,,,,,,,,,,,,,,,,,,,,,,,,,,,,,,,,,,,,,,,,,,,,,
1166.9,287.5,91.8,3991.4,501.4,12.6,2.096344296235996,4.5277218560252255,1.6493224220707372,81.64526703274775,0.0,0,True,5,0,eod,8,bollinger;breaker;ema_trend;fvg;obv;order_block;sma_trend;vwap,264,352,308,269,,,,,,51,,,,,,,,,,,,,197,1.3,,,,7,28,7,,,,,,,,,,,,,,,,,,,,,,,,,,,,,,,,,,,,,,,,,,,,,,,,,,,,,,,,,,,,,,,,,,,,,,,,,,,,,,,,,,,,,,,,,,,,,,,,,,,,,,,,,,,,,,,,,,,,,,,,,,,,,,,,,,,,,,,,,,,,,,,,,,,,,,,,,,,,,,,,,,,,,,,,,,,,,,,,,,,,,,,,,,,,,,,,,,,,,,,,,,,,,,,,,,,,,,,,,,,,,,,,,,,,,,,,,,,,,,,,,,,,,,,,,,,,,,,,,,,,,,,,,
1166.9,287.5,91.8,3991.4,501.4,12.6,2.096344296235996,4.5277218560252255,1.6493224220707372,81.64526703274775,0.0,0,True,5,0,eod,8,bollinger;breaker;ema_trend;fvg;obv;order_block;sma_trend;vwap,264,352,308,269,,,,,,51,,,,,,,,,,,,,197,1.3,,,,7,28,7,,,,,,,,,,,,,,,,,,,,,,,,,,,,,,,,,,,,,,,,,,,,,,,,,,,,,,,,,,,,,,,,,,,,,,,,,,,,,,,,,,,,,,,,,,,,,,,,,,,,,,,,,,,,,,,,,,,,,,,,,,,,,,,,,,,,,,,,,,,,,,,,,,,,,,,,,,,,,,,,,,,,,,,,,,,,,,,,,,,,,,,,,,,,,,,,,,,,,,,,,,,,,,,,,,,,,,,,,,,,,,,,,,,,,,,,,,,,,,,,,,,,,,,,,,,,,,,,,,,,,,,,,
1052.7,287.5,95.0,3730.9,501.4,13.4,2.096344296235996,4.5277218560252255,1.7349980158970395,81.64526703274775,0.0,0,True,5,0,eod,7,bollinger;breaker;ema_trend;fvg;obv;order_block;vwap,4,352,,,,,,,,51,,,,,,,,,,,,,197,1.3,,,,7,26,7,,,,,,,,,,,,,,,,,,,,,,,,,,,,,,,,,,,,,,,,,,,,,,,,,,,,,,,,,,,,,,,,,,,,,,,,,,,,,,,,,,,,,,,,,,,,,,,,,,,,,,,,,,,,,,,,,,,,,,,,,,,,,,,,,,,,,,,,,,,,,,,,,,,,,,,,,,,,,,,,,,,,,,,,,,,,,,,,,,,,,,,,,,,,,,,,,,,,,,,,,,,,,,,,,,,,,,,,,,,,,,,,,,,,,,,,,,,,,,,,,,,,,,,,,,,,,,,,,,,,,,,,,
1052.7,287.5,95.0,3730.9,501.4,13.4,2.096344296235996,4.5277218560252255,1.7349980158970395,81.64526703274775,0.0,0,True,5,0,eod,7,bollinger;breaker;ema_trend;fvg;obv;order_block;vwap,4,352,,,,,,,,51,,,,,,,,,,,,,197,1.3,,,,7,26,7,,,,,,,,,,,,,,,,,,,,,,,,,,,,,,,,,,,,,,,,,,,,,,,,,,,,,,,,,,,,,,,,,,,,,,,,,,,,,,,,,,,,,,,,,,,,,,,,,,,,,,,,,,,,,,,,,,,,,,,,,,,,,,,,,,,,,,,,,,,,,,,,,,,,,,,,,,,,,,,,,,,,,,,,,,,,,,,,,,,,,,,,,,,,,,,,,,,,,,,,,,,,,,,,,,,,,,,,,,,,,,,,,,,,,,,,,,,,,,,,,,,,,,,,,,,,,,,,,,,,,,,,,
1052.7,287.5,95.0,3725.7,506.5,13.6,2.199381322046373,4.630758881835603,1.7349980158970395,81.64526703274775,0.0,0,True,5,0,eod,8,adx;bollinger;breaker;ema_trend;fvg;obv;order_block;vwap,4,352,,,,,,,,51,,,,,,,,,,,,,197,1.3,14,6,,7,26,7,,,,,,,,,,,,,,,,,,,,,,,,,,,,,,,,,,,,,,,,,,,,,,,,,,,,,,,,,,,,,,,,,,,,,,,,,,,,,,,,,,,,,,,,,,,,,,,,,,,,,,,,,,,,,,,,,,,,,,,,,,,,,,,,,,,,,,,,,,,,,,,,,,,,,,,,,,,,,,,,,,,,,,,,,,,,,,,,,,,,,,,,,,,,,,,,,,,,,,,,,,,,,,,,,,,,,,,,,,,,,,,,,,,,,,,,,,,,,,,,,,,,,,,,,,,,,,,,,,,,,,,,,
1052.7,287.5,95.0,3819.7,412.5,10.8,2.096344296235996,5.980863487688396,1.7349980158970395,81.64526703274775,0.0,0,True,5,0,eod,8,adx;bollinger;breaker;ema_trend;fvg;obv;order_block;vwap,4,352,,,,,,,,51,,,,,,,,,,,,,197,1.3,14,6,,7,26,7,,,,,,,,,,,,,,,,,,,,,,,,,,,,,,,,,,,,,,,,,,,,,,,,,,,,,,,,,,,,,,,,,,,,,,,,,,,,,,,,,,,,,,,,,,,,,,,,,,,,,,,,,,,,,,,,,,,,,,,,,,,,,,,,,,,,,,,,,,,,,,,,,,,,,,,,,,,,,,,,,,,,,,,,,,,,,,,,,,,,,,,,,,,,,,,,,,,,,,,,,,,,,,,,,,,,,,,,,,,,,,,,,,,,,,,,,,,,,,,,,,,,,,,,,,,,,,,,,,,,,,,,,
1052.7,287.5,95.0,3730.9,501.4,13.4,2.096344296235996,4.5277218560252255,1.7349980158970395,81.64526703274775,0.0,0,True,5,0,eod,7,bollinger;breaker;ema_trend;fvg;obv;order_block;vwap,4,352,,,,,,,,51,,,,,,,,,,,,,197,1.3,,,,7,26,7,,,,,,,,,,,,,,,,,,,,,,,,,,,,,,,,,,,,,,,,,,,,,,,,,,,,,,,,,,,,,,,,,,,,,,,,,,,,,,,,,,,,,,,,,,,,,,,,,,,,,,,,,,,,,,,,,,,,,,,,,,,,,,,,,,,,,,,,,,,,,,,,,,,,,,,,,,,,,,,,,,,,,,,,,,,,,,,,,,,,,,,,,,,,,,,,,,,,,,,,,,,,,,,,,,,,,,,,,,,,,,,,,,,,,,,,,,,,,,,,,,,,,,,,,,,,,,,,,,,,,,,,,
1052.7,287.5,95.0,3725.7,506.5,13.6,2.199381322046373,4.630758881835603,1.7349980158970395,81.64526703274775,0.0,0,True,5,0,eod,8,adx;bollinger;breaker;ema_trend;fvg;obv;order_block;vwap,4,352,,,,,,,,51,,,,,,,,,,,,,197,1.3,14,6,,7,26,7,,,,,,,,,,,,,,,,,,,,,,,,,,,,,,,,,,,,,,,,,,,,,,,,,,,,,,,,,,,,,,,,,,,,,,,,,,,,,,,,,,,,,,,,,,,,,,,,,,,,,,,,,,,,,,,,,,,,,,,,,,,,,,,,,,,,,,,,,,,,,,,,,,,,,,,,,,,,,,,,,,,,,,,,,,,,,,,,,,,,,,,,,,,,,,,,,,,,,,,,,,,,,,,,,,,,,,,,,,,,,,,,,,,,,,,,,,,,,,,,,,,,,,,,,,,,,,,,,,,,,,,,,
1052.7,287.5,95.0,3730.9,501.4,13.4,2.096344296235996,4.5277218560252255,1.7349980158970395,81.64526703274775,0.0,0,True,5,0,eod,8,adx;bollinger;breaker;ema_trend;fvg;obv;order_block;vwap,4,352,,,,,,,,51,,,,,,,,,,,,,197,1.3,25,6,,7,26,7,,,,,,,,,,,,,,,,,,,,,,,,,,,,,,,,,,,,,,,,,,,,,,,,,,,,,,,,,,,,,,,,,,,,,,,,,,,,,,,,,,,,,,,,,,,,,,,,,,,,,,,,,,,,,,,,,,,,,,,,,,,,,,,,,,,,,,,,,,,,,,,,,,,,,,,,,,,,,,,,,,,,,,,,,,,,,,,,,,,,,,,,,,,,,,,,,,,,,,,,,,,,,,,,,,,,,,,,,,,,,,,,,,,,,,,,,,,,,,,,,,,,,,,,,,,,,,,,,,,,,,,,,
1052.7,287.5,95.0,3730.9,501.4,13.4,2.096344296235996,4.5277218560252255,1.7349980158970395,81.64526703274775,0.0,0,True,5,0,eod,7,bollinger;breaker;ema_trend;fvg;obv;order_block;vwap,4,352,,,,,,,,51,,,,,,,,,,,,,197,1.3,,,,7,26,7,,,,,,,,,,,,,,,,,,,,,,,,,,,,,,,,,,,,,,,,,,,,,,,,,,,,,,,,,,,,,,,,,,,,,,,,,,,,,,,,,,,,,,,,,,,,,,,,,,,,,,,,,,,,,,,,,,,,,,,,,,,,,,,,,,,,,,,,,,,,,,,,,,,,,,,,,,,,,,,,,,,,,,,,,,,,,,,,,,,,,,,,,,,,,,,,,,,,,,,,,,,,,,,,,,,,,,,,,,,,,,,,,,,,,,,,,,,,,,,,,,,,,,,,,,,,,,,,,,,,,,,,,
1052.7,287.5,95.0,3730.9,501.4,13.4,2.096344296235996,4.5277218560252255,1.7349980158970395,81.64526703274775,0.0,0,True,5,0,eod,8,adx;bollinger;breaker;ema_trend;fvg;obv;order_block;vwap,4,352,,,,,,,,51,,,,,,,,,,,,,197,1.3,14,6,,7,26,7,,,,,,,,,,,,,,,,,,,,,,,,,,,,,,,,,,,,,,,,,,,,,,,,,,,,,,,,,,,,,,,,,,,,,,,,,,,,,,,,,,,,,,,,,,,,,,,,,,,,,,,,,,,,,,,,,,,,,,,,,,,,,,,,,,,,,,,,,,,,,,,,,,,,,,,,,,,,,,,,,,,,,,,,,,,,,,,,,,,,,,,,,,,,,,,,,,,,,,,,,,,,,,,,,,,,,,,,,,,,,,,,,,,,,,,,,,,,,,,,,,,,,,,,,,,,,,,,,,,,,,,,,
1052.7,287.5,95.0,3725.7,506.5,13.6,2.199381322046373,4.630758881835603,1.7349980158970395,81.64526703274775,0.0,0,True,5,0,eod,7,bollinger;breaker;ema_trend;fvg;obv;order_block;vwap,4,352,,,,,,,,51,,,,,,,,,,,,,197,1.3,,,,7,49,7,,,,,,,,,,,,,,,,,,,,,,,,,,,,,,,,,,,,,,,,,,,,,,,,,,,,,,,,,,,,,,,,,,,,,,,,,,,,,,,,,,,,,,,,,,,,,,,,,,,,,,,,,,,,,,,,,,,,,,,,,,,,,,,,,,,,,,,,,,,,,,,,,,,,,,,,,,,,,,,,,,,,,,,,,,,,,,,,,,,,,,,,,,,,,,,,,,,,,,,,,,,,,,,,,,,,,,,,,,,,,,,,,,,,,,,,,,,,,,,,,,,,,,,,,,,,,,,,,,,,,,,,,
1052.7,287.5,95.0,3725.7,506.5,13.6,2.199381322046373,4.630758881835603,1.7349980158970395,81.64526703274775,0.0,0,True,5,0,eod,8,adx;bollinger;breaker;ema_trend;fvg;obv;order_block;vwap,4,352,,,,,,,,51,,,,,,,,,,,,,197,1.3,14,6,,7,26,7,,,,,,,,,,,,,,,,,,,,,,,,,,,,,,,,,,,,,,,,,,,,,,,,,,,,,,,,,,,,,,,,,,,,,,,,,,,,,,,,,,,,,,,,,,,,,,,,,,,,,,,,,,,,,,,,,,,,,,,,,,,,,,,,,,,,,,,,,,,,,,,,,,,,,,,,,,,,,,,,,,,,,,,,,,,,,,,,,,,,,,,,,,,,,,,,,,,,,,,,,,,,,,,,,,,,,,,,,,,,,,,,,,,,,,,,,,,,,,,,,,,,,,,,,,,,,,,,,,,,,,,,,
1052.7,287.5,95.0,3730.9,501.4,13.4,2.096344296235996,4.5277218560252255,1.7349980158970395,81.64526703274775,0.0,0,True,5,0,eod,8,adx;bollinger;breaker;ema_trend;fvg;obv;order_block;vwap,4,352,,,,,,,,51,,,,,,,,,,,,,197,1.3,14,6,,7,26,7,,,,,,,,,,,,,,,,,,,,,,,,,,,,,,,,,,,,,,,,,,,,,,,,,,,,,,,,,,,,,,,,,,,,,,,,,,,,,,,,,,,,,,,,,,,,,,,,,,,,,,,,,,,,,,,,,,,,,,,,,,,,,,,,,,,,,,,,,,,,,,,,,,,,,,,,,,,,,,,,,,,,,,,,,,,,,,,,,,,,,,,,,,,,,,,,,,,,,,,,,,,,,,,,,,,,,,,,,,,,,,,,,,,,,,,,,,,,,,,,,,,,,,,,,,,,,,,,,,,,,,,,,
1052.7,287.5,95.0,3725.7,506.5,13.6,2.199381322046373,4.630758881835603,1.7349980158970395,81.64526703274775,0.0,0,True,5,0,eod,8,adx;bollinger;breaker;ema_trend;fvg;obv;order_block;vwap,4,352,,,,,,,,51,,,,,,,,,,,,,197,1.3,14,6,,7,26,7,,,,,,,,,,,,,,,,,,,,,,,,,,,,,,,,,,,,,,,,,,,,,,,,,,,,,,,,,,,,,,,,,,,,,,,,,,,,,,,,,,,,,,,,,,,,,,,,,,,,,,,,,,,,,,,,,,,,,,,,,,,,,,,,,,,,,,,,,,,,,,,,,,,,,,,,,,,,,,,,,,,,,,,,,,,,,,,,,,,,,,,,,,,,,,,,,,,,,,,,,,,,,,,,,,,,,,,,,,,,,,,,,,,,,,,,,,,,,,,,,,,,,,,,,,,,,,,,,,,,,,,,,
1052.7,287.5,95.0,3730.9,501.4,13.4,2.096344296235996,4.5277218560252255,1.7349980158970395,81.64526703274775,0.0,0,True,5,0,eod,8,adx;bollinger;breaker;ema_trend;fvg;obv;order_block;vwap,4,352,,,,,,,,51,,,,,,,,,,,,,197,1.3,14,6,,7,26,7,,,,,,,,,,,,,,,,,,,,,,,,,,,,,,,,,,,,,,,,,,,,,,,,,,,,,,,,,,,,,,,,,,,,,,,,,,,,,,,,,,,,,,,,,,,,,,,,,,,,,,,,,,,,,,,,,,,,,,,,,,,,,,,,,,,,,,,,,,,,,,,,,,,,,,,,,,,,,,,,,,,,,,,,,,,,,,,,,,,,,,,,,,,,,,,,,,,,,,,,,,,,,,,,,,,,,,,,,,,,,,,,,,,,,,,,,,,,,,,,,,,,,,,,,,,,,,,,,,,,,,,,,
1052.7,287.5,95.0,3710.9,521.4,14.0,2.495735170516718,4.927112730305948,1.7349980158970395,81.64526703274775,0.0,0,True,5,0,eod,7,bollinger;breaker;ema_trend;fvg;obv;order_block;vwap,4,352,,,,,,,,51,,,,,,,,,,,,,197,1.3,,,,7,28,7,,,,,,,,,,,,,,,,,,,,,,,,,,,,,,,,,,,,,,,,,,,,,,,,,,,,,,,,,,,,,,,,,,,,,,,,,,,,,,,,,,,,,,,,,,,,,,,,,,,,,,,,,,,,,,,,,,,,,,,,,,,,,,,,,,,,,,,,,,,,,,,,,,,,,,,,,,,,,,,,,,,,,,,,,,,,,,,,,,,,,,,,,,,,,,,,,,,,,,,,,,,,,,,,,,,,,,,,,,,,,,,,,,,,,,,,,,,,,,,,,,,,,,,,,,,,,,,,,,,,,,,,,
1052.7,287.5,95.0,3730.9,501.4,13.4,2.096344296235996,4.5277218560252255,1.7349980158970395,81.64526703274775,0.0,0,True,5,0,eod,7,bollinger;breaker;ema_trend;fvg;obv;order_block;vwap,4,352,,,,,,,,51,,,,,,,,,,,,,197,1.3,,,,7,28,7,,,,,,,,,,,,,,,,,,,,,,,,,,,,,,,,,,,,,,,,,,,,,,,,,,,,,,,,,,,,,,,,,,,,,,,,,,,,,,,,,,,,,,,,,,,,,,,,,,,,,,,,,,,,,,,,,,,,,,,,,,,,,,,,,,,,,,,,,,,,,,,,,,,,,,,,,,,,,,,,,,,,,,,,,,,,,,,,,,,,,,,,,,,,,,,,,,,,,,,,,,,,,,,,,,,,,,,,,,,,,,,,,,,,,,,,,,,,,,,,,,,,,,,,,,,,,,,,,,,,,,,,,
1052.7,287.5,95.0,3730.9,501.4,13.4,2.096344296235996,4.5277218560252255,1.7349980158970395,81.64526703274775,0.0,0,True,5,0,eod,7,bollinger;breaker;ema_trend;fvg;obv;order_block;vwap,4,352,,,,,,,,51,,,,,,,,,,,,,197,1.3,,,,7,26,7,,,,,,,,,,,,,,,,,,,,,,,,,,,,,,,,,,,,,,,,,,,,,,,,,,,,,,,,,,,,,,,,,,,,,,,,,,,,,,,,,,,,,,,,,,,,,,,,,,,,,,,,,,,,,,,,,,,,,,,,,,,,,,,,,,,,,,,,,,,,,,,,,,,,,,,,,,,,,,,,,,,,,,,,,,,,,,,,,,,,,,,,,,,,,,,,,,,,,,,,,,,,,,,,,,,,,,,,,,,,,,,,,,,,,,,,,,,,,,,,,,,,,,,,,,,,,,,,,,,,,,,,,
1052.7,287.5,95.0,3730.9,501.4,13.4,2.096344296235996,4.5277218560252255,1.7349980158970395,81.64526703274775,0.0,0,True,5,0,eod,7,bollinger;breaker;ema_trend;fvg;obv;order_block;vwap,4,352,,,,,,,,51,,,,,,,,,,,,,197,1.3,,,,7,28,7,,,,,,,,,,,,,,,,,,,,,,,,,,,,,,,,,,,,,,,,,,,,,,,,,,,,,,,,,,,,,,,,,,,,,,,,,,,,,,,,,,,,,,,,,,,,,,,,,,,,,,,,,,,,,,,,,,,,,,,,,,,,,,,,,,,,,,,,,,,,,,,,,,,,,,,,,,,,,,,,,,,,,,,,,,,,,,,,,,,,,,,,,,,,,,,,,,,,,,,,,,,,,,,,,,,,,,,,,,,,,,,,,,,,,,,,,,,,,,,,,,,,,,,,,,,,,,,,,,,,,,,,,
1052.7,287.5,95.0,3730.9,501.4,13.4,2.096344296235996,4.5277218560252255,1.7349980158970395,81.64526703274775,0.0,0,True,5,0,eod,7,bollinger;breaker;ema_trend;fvg;obv;order_block;vwap,4,352,,,,,,,,51,,,,,,,,,,,,,197,1.3,,,,7,28,7,,,,,,,,,,,,,,,,,,,,,,,,,,,,,,,,,,,,,,,,,,,,,,,,,,,,,,,,,,,,,,,,,,,,,,,,,,,,,,,,,,,,,,,,,,,,,,,,,,,,,,,,,,,,,,,,,,,,,,,,,,,,,,,,,,,,,,,,,,,,,,,,,,,,,,,,,,,,,,,,,,,,,,,,,,,,,,,,,,,,,,,,,,,,,,,,,,,,,,,,,,,,,,,,,,,,,,,,,,,,,,,,,,,,,,,,,,,,,,,,,,,,,,,,,,,,,,,,,,,,,,,,,
1052.7,287.5,95.0,3819.7,412.5,10.8,2.096344296235996,5.870526096295107,1.7349980158970395,81.64526703274775,0.0,0,True,5,0,eod,7,bollinger;breaker;ema_trend;fvg;obv;order_block;vwap,4,352,,,,,,,,51,,,,,,,,,,,,,197,1.3,,,,7,49,7,,,,,,,,,,,,,,,,,,,,,,,,,,,,,,,,,,,,,,,,,,,,,,,,,,,,,,,,,,,,,,,,,,,,,,,,,,,,,,,,,,,,,,,,,,,,,,,,,,,,,,,,,,,,,,,,,,,,,,,,,,,,,,,,,,,,,,,,,,,,,,,,,,,,,,,,,,,,,,,,,,,,,,,,,,,,,,,,,,,,,,,,,,,,,,,,,,,,,,,,,,,,,,,,,,,,,,,,,,,,,,,,,,,,,,,,,,,,,,,,,,,,,,,,,,,,,,,,,,,,,,,,,
1052.7,287.5,95.0,3730.9,501.4,13.4,2.096344296235996,4.5277218560252255,1.7349980158970395,81.64526703274775,0.0,0,True,5,0,eod,7,bollinger;breaker;ema_trend;fvg;obv;order_block;vwap,4,352,,,,,,,,51,,,,,,,,,,,,,197,1.3,,,,7,28,7,,,,,,,,,,,,,,,,,,,,,,,,,,,,,,,,,,,,,,,,,,,,,,,,,,,,,,,,,,,,,,,,,,,,,,,,,,,,,,,,,,,,,,,,,,,,,,,,,,,,,,,,,,,,,,,,,,,,,,,,,,,,,,,,,,,,,,,,,,,,,,,,,,,,,,,,,,,,,,,,,,,,,,,,,,,,,,,,,,,,,,,,,,,,,,,,,,,,,,,,,,,,,,,,,,,,,,,,,,,,,,,,,,,,,,,,,,,,,,,,,,,,,,,,,,,,,,,,,,,,,,,,,
1052.7,287.5,95.0,3730.9,501.4,13.4,2.096344296235996,4.5277218560252255,1.7349980158970395,81.64526703274775,0.0,0,True,5,0,eod,8,adx;bollinger;breaker;ema_trend;fvg;obv;order_block;vwap,4,352,,,,,,,,51,,,,,,,,,,,,,197,1.3,14,6,,7,26,7,,,,,,,,,,,,,,,,,,,,,,,,,,,,,,,,,,,,,,,,,,,,,,,,,,,,,,,,,,,,,,,,,,,,,,,,,,,,,,,,,,,,,,,,,,,,,,,,,,,,,,,,,,,,,,,,,,,,,,,,,,,,,,,,,,,,,,,,,,,,,,,,,,,,,,,,,,,,,,,,,,,,,,,,,,,,,,,,,,,,,,,,,,,,,,,,,,,,,,,,,,,,,,,,,,,,,,,,,,,,,,,,,,,,,,,,,,,,,,,,,,,,,,,,,,,,,,,,,,,,,,,,,
1052.7,287.5,95.0,3730.9,501.4,13.4,2.096344296235996,4.5277218560252255,1.7349980158970395,81.64526703274775,0.0,0,True,5,0,eod,8,adx;bollinger;breaker;ema_trend;fvg;obv;order_block;vwap,4,352,,,,,,,,51,,,,,,,,,,,,,197,1.3,14,6,,7,49,7,,,,,,,,,,,,,,,,,,,,,,,,,,,,,,,,,,,,,,,,,,,,,,,,,,,,,,,,,,,,,,,,,,,,,,,,,,,,,,,,,,,,,,,,,,,,,,,,,,,,,,,,,,,,,,,,,,,,,,,,,,,,,,,,,,,,,,,,,,,,,,,,,,,,,,,,,,,,,,,,,,,,,,,,,,,,,,,,,,,,,,,,,,,,,,,,,,,,,,,,,,,,,,,,,,,,,,,,,,,,,,,,,,,,,,,,,,,,,,,,,,,,,,,,,,,,,,,,,,,,,,,,,
1052.7,287.5,95.0,3730.9,501.4,13.4,2.096344296235996,4.5277218560252255,1.7349980158970395,81.64526703274775,0.0,0,True,5,0,eod,8,adx;bollinger;breaker;ema_trend;fvg;obv;order_block;vwap,4,352,,,,,,,,51,,,,,,,,,,,,,197,1.3,14,6,,7,49,7,,,,,,,,,,,,,,,,,,,,,,,,,,,,,,,,,,,,,,,,,,,,,,,,,,,,,,,,,,,,,,,,,,,,,,,,,,,,,,,,,,,,,,,,,,,,,,,,,,,,,,,,,,,,,,,,,,,,,,,,,,,,,,,,,,,,,,,,,,,,,,,,,,,,,,,,,,,,,,,,,,,,,,,,,,,,,,,,,,,,,,,,,,,,,,,,,,,,,,,,,,,,,,,,,,,,,,,,,,,,,,,,,,,,,,,,,,,,,,,,,,,,,,,,,,,,,,,,,,,,,,,,,
1052.7,287.5,95.0,3730.9,501.4,13.4,2.096344296235996,4.5277218560252255,1.7349980158970395,81.64526703274775,0.0,0,True,5,0,eod,8,adx;bollinger;breaker;ema_trend;fvg;obv;order_block;vwap,4,352,,,,,,,,51,,,,,,,,,,,,,197,1.3,14,6,,7,26,7,,,,,,,,,,,,,,,,,,,,,,,,,,,,,,,,,,,,,,,,,,,,,,,,,,,,,,,,,,,,,,,,,,,,,,,,,,,,,,,,,,,,,,,,,,,,,,,,,,,,,,,,,,,,,,,,,,,,,,,,,,,,,,,,,,,,,,,,,,,,,,,,,,,,,,,,,,,,,,,,,,,,,,,,,,,,,,,,,,,,,,,,,,,,,,,,,,,,,,,,,,,,,,,,,,,,,,,,,,,,,,,,,,,,,,,,,,,,,,,,,,,,,,,,,,,,,,,,,,,,,,,,,
1052.7,287.5,95.0,3730.9,501.4,13.4,2.096344296235996,4.5277218560252255,1.7349980158970395,81.64526703274775,0.0,0,True,5,0,eod,7,bollinger;breaker;ema_trend;fvg;obv;order_block;vwap,4,352,,,,,,,,51,,,,,,,,,,,,,197,1.3,,,,7,26,7,,,,,,,,,,,,,,,,,,,,,,,,,,,,,,,,,,,,,,,,,,,,,,,,,,,,,,,,,,,,,,,,,,,,,,,,,,,,,,,,,,,,,,,,,,,,,,,,,,,,,,,,,,,,,,,,,,,,,,,,,,,,,,,,,,,,,,,,,,,,,,,,,,,,,,,,,,,,,,,,,,,,,,,,,,,,,,,,,,,,,,,,,,,,,,,,,,,,,,,,,,,,,,,,,,,,,,,,,,,,,,,,,,,,,,,,,,,,,,,,,,,,,,,,,,,,,,,,,,,,,,,,,
1052.7,287.5,95.0,3730.9,501.4,13.4,2.096344296235996,4.5277218560252255,1.7349980158970395,81.64526703274775,0.0,0,True,5,0,eod,8,adx;bollinger;breaker;ema_trend;fvg;obv;order_block;vwap,4,352,,,,,,,,51,,,,,,,,,,,,,197,1.3,14,6,,7,49,7,,,,,,,,,,,,,,,,,,,,,,,,,,,,,,,,,,,,,,,,,,,,,,,,,,,,,,,,,,,,,,,,,,,,,,,,,,,,,,,,,,,,,,,,,,,,,,,,,,,,,,,,,,,,,,,,,,,,,,,,,,,,,,,,,,,,,,,,,,,,,,,,,,,,,,,,,,,,,,,,,,,,,,,,,,,,,,,,,,,,,,,,,,,,,,,,,,,,,,,,,,,,,,,,,,,,,,,,,,,,,,,,,,,,,,,,,,,,,,,,,,,,,,,,,,,,,,,,,,,,,,,,,
1052.7,287.5,95.0,3730.9,501.4,13.4,2.096344296235996,4.5277218560252255,1.7349980158970395,81.64526703274775,0.0,0,True,5,0,eod,8,adx;bollinger;breaker;ema_trend;fvg;obv;order_block;vwap,4,352,,,,,,,,51,,,,,,,,,,,,,197,1.3,14,6,,7,49,7,,,,,,,,,,,,,,,,,,,,,,,,,,,,,,,,,,,,,,,,,,,,,,,,,,,,,,,,,,,,,,,,,,,,,,,,,,,,,,,,,,,,,,,,,,,,,,,,,,,,,,,,,,,,,,,,,,,,,,,,,,,,,,,,,,,,,,,,,,,,,,,,,,,,,,,,,,,,,,,,,,,,,,,,,,,,,,,,,,,,,,,,,,,,,,,,,,,,,,,,,,,,,,,,,,,,,,,,,,,,,,,,,,,,,,,,,,,,,,,,,,,,,,,,,,,,,,,,,,,,,,,,,
1052.7,287.5,95.0,3730.9,501.4,13.4,2.096344296235996,4.5277218560252255,1.7349980158970395,81.64526703274775,0.0,0,True,5,0,eod,8,adx;bollinger;breaker;ema_trend;fvg;obv;order_block;vwap,4,352,,,,,,,,51,,,,,,,,,,,,,197,1.3,14,6,,7,26,7,,,,,,,,,,,,,,,,,,,,,,,,,,,,,,,,,,,,,,,,,,,,,,,,,,,,,,,,,,,,,,,,,,,,,,,,,,,,,,,,,,,,,,,,,,,,,,,,,,,,,,,,,,,,,,,,,,,,,,,,,,,,,,,,,,,,,,,,,,,,,,,,,,,,,,,,,,,,,,,,,,,,,,,,,,,,,,,,,,,,,,,,,,,,,,,,,,,,,,,,,,,,,,,,,,,,,,,,,,,,,,,,,,,,,,,,,,,,,,,,,,,,,,,,,,,,,,,,,,,,,,,,,
1052.7,287.5,95.0,3730.9,501.4,13.4,2.096344296235996,4.5277218560252255,1.7349980158970395,81.64526703274775,0.0,0,True,5,0,eod,7,bollinger;breaker;ema_trend;fvg;obv;order_block;vwap,4,352,,,,,,,,51,,,,,,,,,,,,,197,1.3,,,,7,26,7,,,,,,,,,,,,,,,,,,,,,,,,,,,,,,,,,,,,,,,,,,,,,,,,,,,,,,,,,,,,,,,,,,,,,,,,,,,,,,,,,,,,,,,,,,,,,,,,,,,,,,,,,,,,,,,,,,,,,,,,,,,,,,,,,,,,,,,,,,,,,,,,,,,,,,,,,,,,,,,,,,,,,,,,,,,,,,,,,,,,,,,,,,,,,,,,,,,,,,,,,,,,,,,,,,,,,,,,,,,,,,,,,,,,,,,,,,,,,,,,,,,,,,,,,,,,,,,,,,,,,,,,,
1052.7,287.5,95.0,3730.9,501.4,13.4,2.096344296235996,4.5277218560252255,1.7349980158970395,81.64526703274775,0.0,0,True,5,0,eod,7,bollinger;breaker;ema_trend;fvg;obv;order_block;vwap,4,352,,,,,,,,51,,,,,,,,,,,,,197,1.3,,,,7,49,7,,,,,,,,,,,,,,,,,,,,,,,,,,,,,,,,,,,,,,,,,,,,,,,,,,,,,,,,,,,,,,,,,,,,,,,,,,,,,,,,,,,,,,,,,,,,,,,,,,,,,,,,,,,,,,,,,,,,,,,,,,,,,,,,,,,,,,,,,,,,,,,,,,,,,,,,,,,,,,,,,,,,,,,,,,,,,,,,,,,,,,,,,,,,,,,,,,,,,,,,,,,,,,,,,,,,,,,,,,,,,,,,,,,,,,,,,,,,,,,,,,,,,,,,,,,,,,,,,,,,,,,,,
1052.7,287.5,95.0,3730.9,501.4,13.4,2.096344296235996,4.5277218560252255,1.7349980158970395,81.64526703274775,0.0,0,True,5,0,eod,7,bollinger;breaker;ema_trend;fvg;obv;order_block;vwap,4,352,,,,,,,,51,,,,,,,,,,,,,197,1.3,,,,7,26,7,,,,,,,,,,,,,,,,,,,,,,,,,,,,,,,,,,,,,,,,,,,,,,,,,,,,,,,,,,,,,,,,,,,,,,,,,,,,,,,,,,,,,,,,,,,,,,,,,,,,,,,,,,,,,,,,,,,,,,,,,,,,,,,,,,,,,,,,,,,,,,,,,,,,,,,,,,,,,,,,,,,,,,,,,,,,,,,,,,,,,,,,,,,,,,,,,,,,,,,,,,,,,,,,,,,,,,,,,,,,,,,,,,,,,,,,,,,,,,,,,,,,,,,,,,,,,,,,,,,,,,,,,
1052.7,287.5,95.0,3730.9,501.4,13.4,2.096344296235996,4.5277218560252255,1.7349980158970395,81.64526703274775,0.0,0,True,5,0,eod,7,bollinger;breaker;ema_trend;fvg;obv;order_block;vwap,4,352,,,,,,,,51,,,,,,,,,,,,,197,1.3,,,,7,49,7,,,,,,,,,,,,,,,,,,,,,,,,,,,,,,,,,,,,,,,,,,,,,,,,,,,,,,,,,,,,,,,,,,,,,,,,,,,,,,,,,,,,,,,,,,,,,,,,,,,,,,,,,,,,,,,,,,,,,,,,,,,,,,,,,,,,,,,,,,,,,,,,,,,,,,,,,,,,,,,,,,,,,,,,,,,,,,,,,,,,,,,,,,,,,,,,,,,,,,,,,,,,,,,,,,,,,,,,,,,,,,,,,,,,,,,,,,,,,,,,,,,,,,,,,,,,,,,,,,,,,,,,,
1024.4,462.5,95.2,3776.8,693.5,18.4,3.4378140791738403,5.86919163896307,1.7349980158970395,81.64526703274775,0.0,0,True,5,0,eod,7,bollinger;breaker;ema_trend;fvg;obv;order_block;rsi,4,352,,,,,,,,51,,,23,33,98,,,,,,,,197,1.3,,,,7,26,7,,,,,,,,,,,,,,,,,,,,,,,,,,,,,,,,,,,,,,,,,,,,,,,,,,,,,,,,,,,,,,,,,,,,,,,,,,,,,,,,,,,,,,,,,,,,,,,,,,,,,,,,,,,,,,,,,,,,,,,,,,,,,,,,,,,,,,,,,,,,,,,,,,,,,,,,,,,,,,,,,,,,,,,,,,,,,,,,,,,,,,,,,,,,,,,,,,,,,,,,,,,,,,,,,,,,,,,,,,,,,,,,,,,,,,,,,,,,,,,,,,,,,,,,,,,,,,,,,,,,,,,,,
933.6,301.6,96.7,3866.5,301.6,7.8,3.60068891723419,6.03206647702342,1.7349980158970395,81.64526703274775,0.0,0,True,5,0,eod,8,bollinger;breaker;ema_trend;fvg;macd;obv;order_block;sma_trend,264,352,308,269,12,196,82,,,51,,,,,,,,,,,,,197,1.3,,,,7,26,7,,,,,,,,,,,,,,,,,,,,,,,,,,,,,,,,,,,,,,,,,,,,,,,,,,,,,,,,,,,,,,,,,,,,,,,,,,,,,,,,,,,,,,,,,,,,,,,,,,,,,,,,,,,,,,,,,,,,,,,,,,,,,,,,,,,,,,,,,,,,,,,,,,,,,,,,,,,,,,,,,,,,,,,,,,,,,,,,,,,,,,,,,,,,,,,,,,,,,,,,,,,,,,,,,,,,,,,,,,,,,,,,,,,,,,,,,,,,,,,,,,,,,,,,,,,,,,,,,,,,,,,,,
910.9,163.3,97.8,3351.5,412.5,12.3,2.096344296235996,5.870526096295107,1.7349980158970395,81.64526703274775,0.0,0,True,5,0,eod,7,bollinger;breaker;ema_trend;fvg;obv;order_block;vwap,264,352,,,,,,,,51,,,,,,,,,,,,,197,1.3,,,,7,49,7,,,,,,,,,,,,,,,,,,,,,,,,,,,,,,,,,,,,,,,,,,,,,,,,,,,,,,,,,,,,,,,,,,,,,,,,,,,,,,,,,,,,,,,,,,,,,,,,,,,,,,,,,,,,,,,,,,,,,,,,,,,,,,,,,,,,,,,,,,,,,,,,,,,,,,,,,,,,,,,,,,,,,,,,,,,,,,,,,,,,,,,,,,,,,,,,,,,,,,,,,,,,,,,,,,,,,,,,,,,,,,,,,,,,,,,,,,,,,,,,,,,,,,,,,,,,,,,,,,,,,,,,,
910.9,163.3,97.8,3351.5,412.5,12.3,2.096344296235996,5.870526096295107,1.7349980158970395,81.64526703274775,0.0,0,True,5,0,eod,7,bollinger;breaker;ema_trend;fvg;obv;order_block;vwap,264,352,,,,,,,,51,,,,,,,,,,,,,197,1.3,,,,7,49,7,,,,,,,,,,,,,,,,,,,,,,,,,,,,,,,,,,,,,,,,,,,,,,,,,,,,,,,,,,,,,,,,,,,,,,,,,,,,,,,,,,,,,,,,,,,,,,,,,,,,,,,,,,,,,,,,,,,,,,,,,,,,,,,,,,,,,,,,,,,,,,,,,,,,,,,,,,,,,,,,,,,,,,,,,,,,,,,,,,,,,,,,,,,,,,,,,,,,,,,,,,,,,,,,,,,,,,,,,,,,,,,,,,,,,,,,,,,,,,,,,,,,,,,,,,,,,,,,,,,,,,,,,
910.9,163.3,97.8,3262.6,501.4,15.4,2.096344296235996,4.5277218560252255,1.7349980158970395,81.64526703274775,0.0,0,True,5,0,eod,7,bollinger;breaker;ema_trend;fvg;obv;order_block;vwap,264,352,,,,,,,,51,,,,,,,,,,,,,197,1.3,,,,7,49,7,,,,,,,,,,,,,,,,,,,,,,,,,,,,,,,,,,,,,,,,,,,,,,,,,,,,,,,,,,,,,,,,,,,,,,,,,,,,,,,,,,,,,,,,,,,,,,,,,,,,,,,,,,,,,,,,,,,,,,,,,,,,,,,,,,,,,,,,,,,,,,,,,,,,,,,,,,,,,,,,,,,,,,,,,,,,,,,,,,,,,,,,,,,,,,,,,,,,,,,,,,,,,,,,,,,,,,,,,,,,,,,,,,,,,,,,,,,,,,,,,,,,,,,,,,,,,,,,,,,,,,,,,
910.9,163.3,97.8,3351.5,412.5,12.3,2.096344296235996,5.870526096295107,1.7349980158970395,81.64526703274775,0.0,0,True,5,0,eod,7,bollinger;breaker;ema_trend;fvg;obv;order_block;vwap,264,352,,,,,,,,51,,,,,,,,,,,,,197,1.3,,,,7,49,7,,,,,,,,,,,,,,,,,,,,,,,,,,,,,,,,,,,,,,,,,,,,,,,,,,,,,,,,,,,,,,,,,,,,,,,,,,,,,,,,,,,,,,,,,,,,,,,,,,,,,,,,,,,,,,,,,,,,,,,,,,,,,,,,,,,,,,,,,,,,,,,,,,,,,,,,,,,,,,,,,,,,,,,,,,,,,,,,,,,,,,,,,,,,,,,,,,,,,,,,,,,,,,,,,,,,,,,,,,,,,,,,,,,,,,,,,,,,,,,,,,,,,,,,,,,,,,,,,,,,,,,,,
910.9,163.3,97.8,3351.5,412.5,12.3,2.096344296235996,5.870526096295107,1.7349980158970395,81.64526703274775,0.0,0,True,5,0,eod,7,bollinger;breaker;ema_trend;fvg;obv;order_block;vwap,264,352,,,,,,,,51,,,,,,,,,,,,,197,1.3,,,,7,49,7,,,,,,,,,,,,,,,,,,,,,,,,,,,,,,,,,,,,,,,,,,,,,,,,,,,,,,,,,,,,,,,,,,,,,,,,,,,,,,,,,,,,,,,,,,,,,,,,,,,,,,,,,,,,,,,,,,,,,,,,,,,,,,,,,,,,,,,,,,,,,,,,,,,,,,,,,,,,,,,,,,,,,,,,,,,,,,,,,,,,,,,,,,,,,,,,,,,,,,,,,,,,,,,,,,,,,,,,,,,,,,,,,,,,,,,,,,,,,,,,,,,,,,,,,,,,,,,,,,,,,,,,,
910.9,163.3,97.8,3351.5,412.5,12.3,2.096344296235996,5.870526096295107,1.7349980158970395,81.64526703274775,0.0,0,True,5,0,eod,7,bollinger;breaker;ema_trend;fvg;obv;order_block;vwap,264,352,,,,,,,,51,,,,,,,,,,,,,197,1.3,,,,7,26,7,,,,,,,,,,,,,,,,,,,,,,,,,,,,,,,,,,,,,,,,,,,,,,,,,,,,,,,,,,,,,,,,,,,,,,,,,,,,,,,,,,,,,,,,,,,,,,,,,,,,,,,,,,,,,,,,,,,,,,,,,,,,,,,,,,,,,,,,,,,,,,,,,,,,,,,,,,,,,,,,,,,,,,,,,,,,,,,,,,,,,,,,,,,,,,,,,,,,,,,,,,,,,,,,,,,,,,,,,,,,,,,,,,,,,,,,,,,,,,,,,,,,,,,,,,,,,,,,,,,,,,,,,
910.9,163.3,97.8,3257.5,506.5,15.6,2.199381322046373,4.630758881835603,1.7349980158970395,81.64526703274775,0.0,0,True,5,0,eod,8,adx;bollinger;breaker;ema_trend;fvg;obv;order_block;vwap,264,352,,,,,,,,51,,,,,,,,,,,,,197,1.3,14,6,,7,26,7,,,,,,,,,,,,,,,,,,,,,,,,,,,,,,,,,,,,,,,,,,,,,,,,,,,,,,,,,,,,,,,,,,,,,,,,,,,,,,,,,,,,,,,,,,,,,,,,,,,,,,,,,,,,,,,,,,,,,,,,,,,,,,,,,,,,,,,,,,,,,,,,,,,,,,,,,,,,,,,,,,,,,,,,,,,,,,,,,,,,,,,,,,,,,,,,,,,,,,,,,,,,,,,,,,,,,,,,,,,,,,,,,,,,,,,,,,,,,,,,,,,,,,,,,,,,,,,,,,,,,,,,,
910.9,163.3,97.8,3262.6,501.4,15.4,2.096344296235996,4.5277218560252255,1.7349980158970395,81.64526703274775,0.0,0,True,5,0,eod,7,bollinger;breaker;ema_trend;fvg;obv;order_block;vwap,264,352,,,,,,,,51,,,,,,,,,,,,,197,1.3,,,,7,26,7,,,,,,,,,,,,,,,,,,,,,,,,,,,,,,,,,,,,,,,,,,,,,,,,,,,,,,,,,,,,,,,,,,,,,,,,,,,,,,,,,,,,,,,,,,,,,,,,,,,,,,,,,,,,,,,,,,,,,,,,,,,,,,,,,,,,,,,,,,,,,,,,,,,,,,,,,,,,,,,,,,,,,,,,,,,,,,,,,,,,,,,,,,,,,,,,,,,,,,,,,,,,,,,,,,,,,,,,,,,,,,,,,,,,,,,,,,,,,,,,,,,,,,,,,,,,,,,,,,,,,,,,,
910.9,163.3,97.8,3262.6,501.4,15.4,2.096344296235996,4.5277218560252255,1.7349980158970395,81.64526703274775,0.0,0,True,5,0,eod,8,adx;bollinger;breaker;ema_trend;fvg;obv;order_block;vwap,264,352,,,,,,,,51,,,,,,,,,,,,,197,1.3,14,6,,7,26,7,,,,,,,,,,,,,,,,,,,,,,,,,,,,,,,,,,,,,,,,,,,,,,,,,,,,,,,,,,,,,,,,,,,,,,,,,,,,,,,,,,,,,,,,,,,,,,,,,,,,,,,,,,,,,,,,,,,,,,,,,,,,,,,,,,,,,,,,,,,,,,,,,,,,,,,,,,,,,,,,,,,,,,,,,,,,,,,,,,,,,,,,,,,,,,,,,,,,,,,,,,,,,,,,,,,,,,,,,,,,,,,,,,,,,,,,,,,,,,,,,,,,,,,,,,,,,,,,,,,,,,,,,
910.9,163.3,97.8,3262.6,501.4,15.4,2.096344296235996,4.5277218560252255,1.7349980158970395,81.64526703274775,0.0,0,True,5,0,eod,7,bollinger;breaker;ema_trend;fvg;obv;order_block;vwap,264,352,,,,,,,,51,,,,,,,,,,,,,197,1.3,,,,7,28,7,,,,,,,,,,,,,,,,,,,,,,,,,,,,,,,,,,,,,,,,,,,,,,,,,,,,,,,,,,,,,,,,,,,,,,,,,,,,,,,,,,,,,,,,,,,,,,,,,,,,,,,,,,,,,,,,,,,,,,,,,,,,,,,,,,,,,,,,,,,,,,,,,,,,,,,,,,,,,,,,,,,,,,,,,,,,,,,,,,,,,,,,,,,,,,,,,,,,,,,,,,,,,,,,,,,,,,,,,,,,,,,,,,,,,,,,,,,,,,,,,,,,,,,,,,,,,,,,,,,,,,,,,
910.9,163.3,97.8,3262.6,501.4,15.4,2.096344296235996,4.5277218560252255,1.7349980158970395,81.64526703274775,0.0,0,True,5,0,eod,7,bollinger;breaker;ema_trend;fvg;obv;order_block;vwap,264,352,,,,,,,,51,,,,,,,,,,,,,197,1.3,,,,7,49,7,,,,,,,,,,,,,,,,,,,,,,,,,,,,,,,,,,,,,,,,,,,,,,,,,,,,,,,,,,,,,,,,,,,,,,,,,,,,,,,,,,,,,,,,,,,,,,,,,,,,,,,,,,,,,,,,,,,,,,,,,,,,,,,,,,,,,,,,,,,,,,,,,,,,,,,,,,,,,,,,,,,,,,,,,,,,,,,,,,,,,,,,,,,,,,,,,,,,,,,,,,,,,,,,,,,,,,,,,,,,,,,,,,,,,,,,,,,,,,,,,,,,,,,,,,,,,,,,,,,,,,,,,
885.9,150.0,94.5,2828.3,412.5,14.6,2.096344296235996,5.870526096295107,1.6493224220707372,81.64526703274775,0.0,0,True,5,0,eod,7,bollinger;breaker;ema_trend;fvg;obv;order_block;vwap,264,352,,,,,,,,24,,,,,,,,,,,,,197,1.3,,,,7,28,7,,,,,,,,,,,,,,,,,,,,,,,,,,,,,,,,,,,,,,,,,,,,,,,,,,,,,,,,,,,,,,,,,,,,,,,,,,,,,,,,,,,,,,,,,,,,,,,,,,,,,,,,,,,,,,,,,,,,,,,,,,,,,,,,,,,,,,,,,,,,,,,,,,,,,,,,,,,,,,,,,,,,,,,,,,,,,,,,,,,,,,,,,,,,,,,,,,,,,,,,,,,,,,,,,,,,,,,,,,,,,,,,,,,,,,,,,,,,,,,,,,,,,,,,,,,,,,,,,,,,,,,,,
885.9,150.0,94.5,2828.3,412.5,14.6,2.096344296235996,5.870526096295107,1.6493224220707372,81.64526703274775,0.0,0,True,5,0,eod,7,bollinger;breaker;ema_trend;fvg;obv;order_block;vwap,264,352,,,,,,,,24,,,,,,,,,,,,,197,1.3,,,,7,28,7,,,,,,,,,,,,,,,,,,,,,,,,,,,,,,,,,,,,,,,,,,,,,,,,,,,,,,,,,,,,,,,,,,,,,,,,,,,,,,,,,,,,,,,,,,,,,,,,,,,,,,,,,,,,,,,,,,,,,,,,,,,,,,,,,,,,,,,,,,,,,,,,,,,,,,,,,,,,,,,,,,,,,,,,,,,,,,,,,,,,,,,,,,,,,,,,,,,,,,,,,,,,,,,,,,,,,,,,,,,,,,,,,,,,,,,,,,,,,,,,,,,,,,,,,,,,,,,,,,,,,,,,,
867.5,150.0,97.5,2780.2,414.8,14.9,2.096344296235996,5.870526096295107,1.7349980158970395,81.64526703274775,0.0,0,True,5,0,eod,7,bollinger;breaker;ema_trend;fvg;obv;order_block;vwap,264,352,,,,,,,,185,,,,,,,,,,,,,197,1.3,,,,7,49,7,,,,,,,,,,,,,,,,,,,,,,,,,,,,,,,,,,,,,,,,,,,,,,,,,,,,,,,,,,,,,,,,,,,,,,,,,,,,,,,,,,,,,,,,,,,,,,,,,,,,,,,,,,,,,,,,,,,,,,,,,,,,,,,,,,,,,,,,,,,,,,,,,,,,,,,,,,,,,,,,,,,,,,,,,,,,,,,,,,,,,,,,,,,,,,,,,,,,,,,,,,,,,,,,,,,,,,,,,,,,,,,,,,,,,,,,,,,,,,,,,,,,,,,,,,,,,,,,,,,,,,,,,
867.5,150.0,97.5,2780.2,414.8,14.9,2.096344296235996,5.870526096295107,1.7349980158970395,81.64526703274775,0.0,0,True,5,0,eod,7,bollinger;breaker;ema_trend;fvg;obv;order_block;vwap,264,352,,,,,,,,151,,,,,,,,,,,,,197,1.3,,,,7,28,7,,,,,,,,,,,,,,,,,,,,,,,,,,,,,,,,,,,,,,,,,,,,,,,,,,,,,,,,,,,,,,,,,,,,,,,,,,,,,,,,,,,,,,,,,,,,,,,,,,,,,,,,,,,,,,,,,,,,,,,,,,,,,,,,,,,,,,,,,,,,,,,,,,,,,,,,,,,,,,,,,,,,,,,,,,,,,,,,,,,,,,,,,,,,,,,,,,,,,,,,,,,,,,,,,,,,,,,,,,,,,,,,,,,,,,,,,,,,,,,,,,,,,,,,,,,,,,,,,,,,,,,,,
867.5,150.0,97.5,2780.2,414.8,14.9,2.096344296235996,5.870526096295107,1.7349980158970395,81.64526703274775,0.0,0,True,5,0,eod,7,bollinger;breaker;ema_trend;fvg;obv;order_block;vwap,264,352,,,,,,,,185,,,,,,,,,,,,,197,1.3,,,,7,49,7,,,,,,,,,,,,,,,,,,,,,,,,,,,,,,,,,,,,,,,,,,,,,,,,,,,,,,,,,,,,,,,,,,,,,,,,,,,,,,,,,,,,,,,,,,,,,,,,,,,,,,,,,,,,,,,,,,,,,,,,,,,,,,,,,,,,,,,,,,,,,,,,,,,,,,,,,,,,,,,,,,,,,,,,,,,,,,,,,,,,,,,,,,,,,,,,,,,,,,,,,,,,,,,,,,,,,,,,,,,,,,,,,,,,,,,,,,,,,,,,,,,,,,,,,,,,,,,,,,,,,,,,,
867.5,150.0,97.5,2780.2,414.8,14.9,2.096344296235996,5.870526096295107,1.7349980158970395,81.64526703274775,0.0,0,True,5,0,eod,7,bollinger;breaker;ema_trend;fvg;obv;order_block;vwap,264,352,,,,,,,,185,,,,,,,,,,,,,197,1.3,,,,7,49,7,,,,,,,,,,,,,,,,,,,,,,,,,,,,,,,,,,,,,,,,,,,,,,,,,,,,,,,,,,,,,,,,,,,,,,,,,,,,,,,,,,,,,,,,,,,,,,,,,,,,,,,,,,,,,,,,,,,,,,,,,,,,,,,,,,,,,,,,,,,,,,,,,,,,,,,,,,,,,,,,,,,,,,,,,,,,,,,,,,,,,,,,,,,,,,,,,,,,,,,,,,,,,,,,,,,,,,,,,,,,,,,,,,,,,,,,,,,,,,,,,,,,,,,,,,,,,,,,,,,,,,,,,
867.5,150.0,97.5,2780.2,414.8,14.9,2.096344296235996,5.870526096295107,1.7349980158970395,81.64526703274775,0.0,0,True,5,0,eod,7,bollinger;breaker;ema_trend;fvg;obv;order_block;vwap,264,352,,,,,,,,185,,,,,,,,,,,,,197,1.3,,,,7,49,7,,,,,,,,,,,,,,,,,,,,,,,,,,,,,,,,,,,,,,,,,,,,,,,,,,,,,,,,,,,,,,,,,,,,,,,,,,,,,,,,,,,,,,,,,,,,,,,,,,,,,,,,,,,,,,,,,,,,,,,,,,,,,,,,,,,,,,,,,,,,,,,,,,,,,,,,,,,,,,,,,,,,,,,,,,,,,,,,,,,,,,,,,,,,,,,,,,,,,,,,,,,,,,,,,,,,,,,,,,,,,,,,,,,,,,,,,,,,,,,,,,,,,,,,,,,,,,,,,,,,,,,,,
867.5,150.0,97.5,2780.2,414.8,14.9,2.096344296235996,5.870526096295107,1.7349980158970395,81.64526703274775,0.0,0,True,5,0,eod,7,bollinger;breaker;ema_trend;fvg;obv;order_block;vwap,264,352,,,,,,,,185,,,,,,,,,,,,,197,1.3,,,,7,49,7,,,,,,,,,,,,,,,,,,,,,,,,,,,,,,,,,,,,,,,,,,,,,,,,,,,,,,,,,,,,,,,,,,,,,,,,,,,,,,,,,,,,,,,,,,,,,,,,,,,,,,,,,,,,,,,,,,,,,,,,,,,,,,,,,,,,,,,,,,,,,,,,,,,,,,,,,,,,,,,,,,,,,,,,,,,,,,,,,,,,,,,,,,,,,,,,,,,,,,,,,,,,,,,,,,,,,,,,,,,,,,,,,,,,,,,,,,,,,,,,,,,,,,,,,,,,,,,,,,,,,,,,,
867.5,150.0,97.5,2780.2,414.8,14.9,2.096344296235996,5.870526096295107,1.7349980158970395,81.64526703274775,0.0,0,True,5,0,eod,7,bollinger;breaker;ema_trend;fvg;obv;order_block;vwap,264,352,,,,,,,,185,,,,,,,,,,,,,197,1.3,,,,7,49,7,,,,,,,,,,,,,,,,,,,,,,,,,,,,,,,,,,,,,,,,,,,,,,,,,,,,,,,,,,,,,,,,,,,,,,,,,,,,,,,,,,,,,,,,,,,,,,,,,,,,,,,,,,,,,,,,,,,,,,,,,,,,,,,,,,,,,,,,,,,,,,,,,,,,,,,,,,,,,,,,,,,,,,,,,,,,,,,,,,,,,,,,,,,,,,,,,,,,,,,,,,,,,,,,,,,,,,,,,,,,,,,,,,,,,,,,,,,,,,,,,,,,,,,,,,,,,,,,,,,,,,,,,
867.5,150.0,97.5,2780.2,414.8,14.9,2.096344296235996,5.870526096295107,1.7349980158970395,81.64526703274775,0.0,0,True,5,0,eod,7,bollinger;breaker;ema_trend;fvg;obv;order_block;vwap,264,352,,,,,,,,185,,,,,,,,,,,,,197,1.3,,,,7,49,7,,,,,,,,,,,,,,,,,,,,,,,,,,,,,,,,,,,,,,,,,,,,,,,,,,,,,,,,,,,,,,,,,,,,,,,,,,,,,,,,,,,,,,,,,,,,,,,,,,,,,,,,,,,,,,,,,,,,,,,,,,,,,,,,,,,,,,,,,,,,,,,,,,,,,,,,,,,,,,,,,,,,,,,,,,,,,,,,,,,,,,,,,,,,,,,,,,,,,,,,,,,,,,,,,,,,,,,,,,,,,,,,,,,,,,,,,,,,,,,,,,,,,,,,,,,,,,,,,,,,,,,,,
867.5,150.0,97.5,2780.2,414.8,14.9,2.096344296235996,5.870526096295107,1.7349980158970395,81.64526703274775,0.0,0,True,5,0,eod,7,bollinger;breaker;ema_trend;fvg;obv;order_block;vwap,264,352,,,,,,,,185,,,,,,,,,,,,,197,1.3,,,,7,49,7,,,,,,,,,,,,,,,,,,,,,,,,,,,,,,,,,,,,,,,,,,,,,,,,,,,,,,,,,,,,,,,,,,,,,,,,,,,,,,,,,,,,,,,,,,,,,,,,,,,,,,,,,,,,,,,,,,,,,,,,,,,,,,,,,,,,,,,,,,,,,,,,,,,,,,,,,,,,,,,,,,,,,,,,,,,,,,,,,,,,,,,,,,,,,,,,,,,,,,,,,,,,,,,,,,,,,,,,,,,,,,,,,,,,,,,,,,,,,,,,,,,,,,,,,,,,,,,,,,,,,,,,,
867.5,150.0,97.5,2691.4,503.6,18.7,2.096344296235996,4.5277218560252255,1.7349980158970395,81.64526703274775,0.0,0,True,5,0,eod,7,bollinger;breaker;ema_trend;fvg;obv;order_block;vwap,264,352,,,,,,,,185,,,,,,,,,,,,,197,1.3,,,,7,49,7,,,,,,,,,,,,,,,,,,,,,,,,,,,,,,,,,,,,,,,,,,,,,,,,,,,,,,,,,,,,,,,,,,,,,,,,,,,,,,,,,,,,,,,,,,,,,,,,,,,,,,,,,,,,,,,,,,,,,,,,,,,,,,,,,,,,,,,,,,,,,,,,,,,,,,,,,,,,,,,,,,,,,,,,,,,,,,,,,,,,,,,,,,,,,,,,,,,,,,,,,,,,,,,,,,,,,,,,,,,,,,,,,,,,,,,,,,,,,,,,,,,,,,,,,,,,,,,,,,,,,,,,,
867.5,150.0,97.5,2780.2,414.8,14.9,2.096344296235996,5.870526096295107,1.7349980158970395,81.64526703274775,0.0,0,True,5,0,eod,7,bollinger;breaker;ema_trend;fvg;obv;order_block;vwap,264,352,,,,,,,,185,,,,,,,,,,,,,197,1.3,,,,7,49,7,,,,,,,,,,,,,,,,,,,,,,,,,,,,,,,,,,,,,,,,,,,,,,,,,,,,,,,,,,,,,,,,,,,,,,,,,,,,,,,,,,,,,,,,,,,,,,,,,,,,,,,,,,,,,,,,,,,,,,,,,,,,,,,,,,,,,,,,,,,,,,,,,,,,,,,,,,,,,,,,,,,,,,,,,,,,,,,,,,,,,,,,,,,,,,,,,,,,,,,,,,,,,,,,,,,,,,,,,,,,,,,,,,,,,,,,,,,,,,,,,,,,,,,,,,,,,,,,,,,,,,,,,
867.5,150.0,97.5,2780.2,414.8,14.9,2.096344296235996,5.870526096295107,1.7349980158970395,81.64526703274775,0.0,0,True,5,0,eod,7,bollinger;breaker;ema_trend;fvg;obv;order_block;vwap,264,352,,,,,,,,185,,,,,,,,,,,,,197,1.3,,,,7,49,7,,,,,,,,,,,,,,,,,,,,,,,,,,,,,,,,,,,,,,,,,,,,,,,,,,,,,,,,,,,,,,,,,,,,,,,,,,,,,,,,,,,,,,,,,,,,,,,,,,,,,,,,,,,,,,,,,,,,,,,,,,,,,,,,,,,,,,,,,,,,,,,,,,,,,,,,,,,,,,,,,,,,,,,,,,,,,,,,,,,,,,,,,,,,,,,,,,,,,,,,,,,,,,,,,,,,,,,,,,,,,,,,,,,,,,,,,,,,,,,,,,,,,,,,,,,,,,,,,,,,,,,,,
867.5,150.0,97.5,2780.2,414.8,14.9,2.096344296235996,5.870526096295107,1.7349980158970395,81.64526703274775,0.0,0,True,5,0,eod,7,bollinger;breaker;ema_trend;fvg;obv;order_block;vwap,264,352,,,,,,,,185,,,,,,,,,,,,,197,1.3,,,,7,49,7,,,,,,,,,,,,,,,,,,,,,,,,,,,,,,,,,,,,,,,,,,,,,,,,,,,,,,,,,,,,,,,,,,,,,,,,,,,,,,,,,,,,,,,,,,,,,,,,,,,,,,,,,,,,,,,,,,,,,,,,,,,,,,,,,,,,,,,,,,,,,,,,,,,,,,,,,,,,,,,,,,,,,,,,,,,,,,,,,,,,,,,,,,,,,,,,,,,,,,,,,,,,,,,,,,,,,,,,,,,,,,,,,,,,,,,,,,,,,,,,,,,,,,,,,,,,,,,,,,,,,,,,,
867.5,150.0,97.5,2780.2,414.8,14.9,2.096344296235996,5.870526096295107,1.7349980158970395,81.64526703274775,0.0,0,True,5,0,eod,7,bollinger;breaker;ema_trend;fvg;obv;order_block;vwap,264,352,,,,,,,,185,,,,,,,,,,,,,197,1.3,,,,7,49,7,,,,,,,,,,,,,,,,,,,,,,,,,,,,,,,,,,,,,,,,,,,,,,,,,,,,,,,,,,,,,,,,,,,,,,,,,,,,,,,,,,,,,,,,,,,,,,,,,,,,,,,,,,,,,,,,,,,,,,,,,,,,,,,,,,,,,,,,,,,,,,,,,,,,,,,,,,,,,,,,,,,,,,,,,,,,,,,,,,,,,,,,,,,,,,,,,,,,,,,,,,,,,,,,,,,,,,,,,,,,,,,,,,,,,,,,,,,,,,,,,,,,,,,,,,,,,,,,,,,,,,,,,
867.5,150.0,97.5,2780.2,414.8,14.9,2.096344296235996,5.870526096295107,1.7349980158970395,81.64526703274775,0.0,0,True,5,0,eod,7,bollinger;breaker;ema_trend;fvg;obv;order_block;vwap,264,352,,,,,,,,185,,,,,,,,,,,,,197,1.3,,,,7,49,7,,,,,,,,,,,,,,,,,,,,,,,,,,,,,,,,,,,,,,,,,,,,,,,,,,,,,,,,,,,,,,,,,,,,,,,,,,,,,,,,,,,,,,,,,,,,,,,,,,,,,,,,,,,,,,,,,,,,,,,,,,,,,,,,,,,,,,,,,,,,,,,,,,,,,,,,,,,,,,,,,,,,,,,,,,,,,,,,,,,,,,,,,,,,,,,,,,,,,,,,,,,,,,,,,,,,,,,,,,,,,,,,,,,,,,,,,,,,,,,,,,,,,,,,,,,,,,,,,,,,,,,,,
867.5,150.0,97.5,2780.2,414.8,14.9,2.096344296235996,5.870526096295107,1.7349980158970395,81.64526703274775,0.0,0,True,5,0,eod,7,bollinger;breaker;ema_trend;fvg;obv;order_block;vwap,264,352,,,,,,,,185,,,,,,,,,,,,,197,1.3,,,,7,49,7,,,,,,,,,,,,,,,,,,,,,,,,,,,,,,,,,,,,,,,,,,,,,,,,,,,,,,,,,,,,,,,,,,,,,,,,,,,,,,,,,,,,,,,,,,,,,,,,,,,,,,,,,,,,,,,,,,,,,,,,,,,,,,,,,,,,,,,,,,,,,,,,,,,,,,,,,,,,,,,,,,,,,,,,,,,,,,,,,,,,,,,,,,,,,,,,,,,,,,,,,,,,,,,,,,,,,,,,,,,,,,,,,,,,,,,,,,,,,,,,,,,,,,,,,,,,,,,,,,,,,,,,,
867.5,150.0,97.5,2780.2,414.8,14.9,2.096344296235996,5.870526096295107,1.7349980158970395,81.64526703274775,0.0,0,True,5,0,eod,7,bollinger;breaker;ema_trend;fvg;obv;order_block;vwap,264,352,,,,,,,,185,,,,,,,,,,,,,197,1.3,,,,7,49,7,,,,,,,,,,,,,,,,,,,,,,,,,,,,,,,,,,,,,,,,,,,,,,,,,,,,,,,,,,,,,,,,,,,,,,,,,,,,,,,,,,,,,,,,,,,,,,,,,,,,,,,,,,,,,,,,,,,,,,,,,,,,,,,,,,,,,,,,,,,,,,,,,,,,,,,,,,,,,,,,,,,,,,,,,,,,,,,,,,,,,,,,,,,,,,,,,,,,,,,,,,,,,,,,,,,,,,,,,,,,,,,,,,,,,,,,,,,,,,,,,,,,,,,,,,,,,,,,,,,,,,,,,
867.5,150.0,97.5,2691.4,503.6,18.7,2.096344296235996,4.5277218560252255,1.7349980158970395,81.64526703274775,0.0,0,True,5,0,eod,7,bollinger;breaker;ema_trend;fvg;obv;order_block;vwap,264,352,,,,,,,,185,,,,,,,,,,,,,197,1.3,,,,7,49,7,,,,,,,,,,,,,,,,,,,,,,,,,,,,,,,,,,,,,,,,,,,,,,,,,,,,,,,,,,,,,,,,,,,,,,,,,,,,,,,,,,,,,,,,,,,,,,,,,,,,,,,,,,,,,,,,,,,,,,,,,,,,,,,,,,,,,,,,,,,,,,,,,,,,,,,,,,,,,,,,,,,,,,,,,,,,,,,,,,,,,,,,,,,,,,,,,,,,,,,,,,,,,,,,,,,,,,,,,,,,,,,,,,,,,,,,,,,,,,,,,,,,,,,,,,,,,,,,,,,,,,,,,
867.5,150.0,97.5,2780.2,414.8,14.9,2.096344296235996,5.870526096295107,1.7349980158970395,81.64526703274775,0.0,0,True,5,0,eod,7,bollinger;breaker;ema_trend;fvg;obv;order_block;vwap,264,352,,,,,,,,185,,,,,,,,,,,,,197,1.3,,,,7,49,7,,,,,,,,,,,,,,,,,,,,,,,,,,,,,,,,,,,,,,,,,,,,,,,,,,,,,,,,,,,,,,,,,,,,,,,,,,,,,,,,,,,,,,,,,,,,,,,,,,,,,,,,,,,,,,,,,,,,,,,,,,,,,,,,,,,,,,,,,,,,,,,,,,,,,,,,,,,,,,,,,,,,,,,,,,,,,,,,,,,,,,,,,,,,,,,,,,,,,,,,,,,,,,,,,,,,,,,,,,,,,,,,,,,,,,,,,,,,,,,,,,,,,,,,,,,,,,,,,,,,,,,,,
867.5,150.0,97.5,2780.2,414.8,14.9,2.096344296235996,5.870526096295107,1.7349980158970395,81.64526703274775,0.0,0,True,5,0,eod,7,bollinger;breaker;ema_trend;fvg;obv;order_block;vwap,264,352,,,,,,,,185,,,,,,,,,,,,,197,1.3,,,,7,49,7,,,,,,,,,,,,,,,,,,,,,,,,,,,,,,,,,,,,,,,,,,,,,,,,,,,,,,,,,,,,,,,,,,,,,,,,,,,,,,,,,,,,,,,,,,,,,,,,,,,,,,,,,,,,,,,,,,,,,,,,,,,,,,,,,,,,,,,,,,,,,,,,,,,,,,,,,,,,,,,,,,,,,,,,,,,,,,,,,,,,,,,,,,,,,,,,,,,,,,,,,,,,,,,,,,,,,,,,,,,,,,,,,,,,,,,,,,,,,,,,,,,,,,,,,,,,,,,,,,,,,,,,,
867.5,150.0,97.5,2691.4,503.6,18.7,2.096344296235996,4.5277218560252255,1.7349980158970395,81.64526703274775,0.0,0,True,5,0,eod,7,bollinger;breaker;ema_trend;fvg;obv;order_block;vwap,264,352,,,,,,,,185,,,,,,,,,,,,,197,1.3,,,,7,49,7,,,,,,,,,,,,,,,,,,,,,,,,,,,,,,,,,,,,,,,,,,,,,,,,,,,,,,,,,,,,,,,,,,,,,,,,,,,,,,,,,,,,,,,,,,,,,,,,,,,,,,,,,,,,,,,,,,,,,,,,,,,,,,,,,,,,,,,,,,,,,,,,,,,,,,,,,,,,,,,,,,,,,,,,,,,,,,,,,,,,,,,,,,,,,,,,,,,,,,,,,,,,,,,,,,,,,,,,,,,,,,,,,,,,,,,,,,,,,,,,,,,,,,,,,,,,,,,,,,,,,,,,,
867.5,150.0,97.5,2780.2,414.8,14.9,2.096344296235996,5.870526096295107,1.7349980158970395,81.64526703274775,0.0,0,True,5,0,eod,7,bollinger;breaker;ema_trend;fvg;obv;order_block;vwap,264,352,,,,,,,,185,,,,,,,,,,,,,197,1.3,,,,7,49,7,,,,,,,,,,,,,,,,,,,,,,,,,,,,,,,,,,,,,,,,,,,,,,,,,,,,,,,,,,,,,,,,,,,,,,,,,,,,,,,,,,,,,,,,,,,,,,,,,,,,,,,,,,,,,,,,,,,,,,,,,,,,,,,,,,,,,,,,,,,,,,,,,,,,,,,,,,,,,,,,,,,,,,,,,,,,,,,,,,,,,,,,,,,,,,,,,,,,,,,,,,,,,,,,,,,,,,,,,,,,,,,,,,,,,,,,,,,,,,,,,,,,,,,,,,,,,,,,,,,,,,,,,
867.5,150.0,97.5,2780.2,414.8,14.9,2.096344296235996,5.870526096295107,1.7349980158970395,81.64526703274775,0.0,0,True,5,0,eod,7,bollinger;breaker;ema_trend;fvg;obv;order_block;vwap,264,352,,,,,,,,185,,,,,,,,,,,,,197,1.3,,,,7,49,7,,,,,,,,,,,,,,,,,,,,,,,,,,,,,,,,,,,,,,,,,,,,,,,,,,,,,,,,,,,,,,,,,,,,,,,,,,,,,,,,,,,,,,,,,,,,,,,,,,,,,,,,,,,,,,,,,,,,,,,,,,,,,,,,,,,,,,,,,,,,,,,,,,,,,,,,,,,,,,,,,,,,,,,,,,,,,,,,,,,,,,,,,,,,,,,,,,,,,,,,,,,,,,,,,,,,,,,,,,,,,,,,,,,,,,,,,,,,,,,,,,,,,,,,,,,,,,,,,,,,,,,,,
701.0,250.0,100.0,2898.6,250.0,8.6,2.096344296235996,4.5277218560252255,1.6493224220707372,81.64526703274775,0.0,0,True,5,0,eod,7,bollinger;breaker;ema_trend;fvg;obv;order_block;vwap,4,352,,,,,,,,51,,,,,,,,,,,,,197,1.3,,,,7,4,7,,,,,,,,,,,,,,,,,,,,,,,,,,,,,,,,,,,,,,,,,,,,,,,,,,,,,,,,,,,,,,,,,,,,,,,,,,,,,,,,,,,,,,,,,,,,,,,,,,,,,,,,,,,,,,,,,,,,,,,,,,,,,,,,,,,,,,,,,,,,,,,,,,,,,,,,,,,,,,,,,,,,,,,,,,,,,,,,,,,,,,,,,,,,,,,,,,,,,,,,,,,,,,,,,,,,,,,,,,,,,,,,,,,,,,,,,,,,,,,,,,,,,,,,,,,,,,,,,,,,,,,,,
694.0,150.0,100.0,2348.7,262.5,11.2,2.096344296235996,5.870526096295107,1.7349980158970395,81.64526703274775,0.0,0,True,5,0,eod,7,bollinger;breaker;ema_trend;fvg;obv;order_block;vwap,264,352,,,,,,,,185,,,,,,,,,,,,,197,1.3,,,,7,8,7,,,,,,,,,,,,,,,,,,,,,,,,,,,,,,,,,,,,,,,,,,,,,,,,,,,,,,,,,,,,,,,,,,,,,,,,,,,,,,,,,,,,,,,,,,,,,,,,,,,,,,,,,,,,,,,,,,,,,,,,,,,,,,,,,,,,,,,,,,,,,,,,,,,,,,,,,,,,,,,,,,,,,,,,,,,,,,,,,,,,,,,,,,,,,,,,,,,,,,,,,,,,,,,,,,,,,,,,,,,,,,,,,,,,,,,,,,,,,,,,,,,,,,,,,,,,,,,,,,,,,,,,,
694.0,150.0,100.0,2348.7,262.5,11.2,2.096344296235996,5.870526096295107,1.7349980158970395,81.64526703274775,0.0,0,True,5,0,eod,7,bollinger;breaker;ema_trend;fvg;obv;order_block;vwap,264,352,,,,,,,,185,,,,,,,,,,,,,197,1.3,,,,7,8,7,,,,,,,,,,,,,,,,,,,,,,,,,,,,,,,,,,,,,,,,,,,,,,,,,,,,,,,,,,,,,,,,,,,,,,,,,,,,,,,,,,,,,,,,,,,,,,,,,,,,,,,,,,,,,,,,,,,,,,,,,,,,,,,,,,,,,,,,,,,,,,,,,,,,,,,,,,,,,,,,,,,,,,,,,,,,,,,,,,,,,,,,,,,,,,,,,,,,,,,,,,,,,,,,,,,,,,,,,,,,,,,,,,,,,,,,,,,,,,,,,,,,,,,,,,,,,,,,,,,,,,,,,
694.0,150.0,100.0,2348.7,262.5,11.2,2.096344296235996,5.870526096295107,1.7349980158970395,81.64526703274775,0.0,0,True,5,0,eod,7,bollinger;breaker;ema_trend;fvg;obv;order_block;vwap,264,352,,,,,,,,185,,,,,,,,,,,,,197,1.3,,,,7,8,7,,,,,,,,,,,,,,,,,,,,,,,,,,,,,,,,,,,,,,,,,,,,,,,,,,,,,,,,,,,,,,,,,,,,,,,,,,,,,,,,,,,,,,,,,,,,,,,,,,,,,,,,,,,,,,,,,,,,,,,,,,,,,,,,,,,,,,,,,,,,,,,,,,,,,,,,,,,,,,,,,,,,,,,,,,,,,,,,,,,,,,,,,,,,,,,,,,,,,,,,,,,,,,,,,,,,,,,,,,,,,,,,,,,,,,,,,,,,,,,,,,,,,,,,,,,,,,,,,,,,,,,,,
412.3,112.5,100.0,1356.8,112.5,8.3,2.096344296235996,4.5277218560252255,1.6493224220707372,81.64526703274775,0.0,0,True,5,0,eod,7,bollinger;breaker;ema_trend;fvg;obv;order_block;vwap,264,352,,,,,,,,125,,,,,,,,,,,,,197,1.3,,,,7,3,12,,,,,,,,,,,,,,,,,,,,,,,,,,,,,,,,,,,,,,,,,,,,,,,,,,,,,,,,,,,,,,,,,,,,,,,,,,,,,,,,,,,,,,,,,,,,,,,,,,,,,,,,,,,,,,,,,,,,,,,,,,,,,,,,,,,,,,,,,,,,,,,,,,,,,,,,,,,,,,,,,,,,,,,,,,,,,,,,,,,,,,,,,,,,,,,,,,,,,,,,,,,,,,,,,,,,,,,,,,,,,,,,,,,,,,,,,,,,,,,,,,,,,,,,,,,,,,,,,,,,,,,,,
