anchor,sl_soft,sl_hard,tp,pnl,n,dd,win
2024Q1,187.55,769.39,526.83,-26116.88,14,43345.0,14.3
2024Q1,284.82,380.3,137.45,-28707.4,24,36520.72,54.2
2024Q1,50.21,580.31,438.35,-21717.93,27,25590.0,3.7
2024Q1,332.3,344.9,687.66,-13407.71,8,34209.07,25.0
2024Q1,386.28,516.23,154.91,-5138.99,16,31385.0,68.8
2024Q1,104.6,290.79,386.74,-6611.47,25,32715.29,20.0
2024Q1,212.46,390.7,445.61,27276.26,9,4335.0,55.6
2024Q1,85.54,264.33,279.66,-16205.73,33,23955.36,18.2
2024Q1,222.93,703.46,166.98,-12635.34,25,29745.41,52.0
2024Q1,248.18,610.74,63.4,-28388.79,33,34730.88,66.7
2024Q1,435.19,724.87,579.74,-20690.34,7,43880.0,28.6
2024Q1,402.79,630.88,264.45,1297.71,13,27515.91,61.5
2024Q1,157.73,466.23,261.53,-9839.82,23,32809.35,34.8
2024Q1,457.11,698.11,306.85,-9653.52,11,27965.0,54.5
2024Q1,329.91,686.07,472.26,40611.42,6,0.0,83.3
2024Q1,322.33,736.24,481.08,-12075.47,9,34325.0,33.3
2024Q1,335.95,745.71,615.93,-23877.83,9,41775.0,22.2
2024Q1,164.65,252.16,367.32,7757.18,19,28993.17,36.8
2024Q1,259.2,603.95,510.8,-22562.97,10,37770.0,20.0
2024Q1,304.84,759.05,437.21,24171.38,8,13365.0,62.5
2024Q1,372.17,404.28,610.37,-13595.29,7,38010.0,28.6
2024Q1,290.34,744.31,445.65,32870.19,7,5865.0,71.4
2024Q1,214.36,728.76,366.5,29980.09,17,22450.0,52.9
2024Q1,272.27,883.72,356.86,41700.14,13,11540.0,69.2
2024Q1,278.97,882.18,340.8,38238.33,13,11635.0,69.2
2024Q1,360.44,968.73,336.13,10273.61,12,14515.0,58.3
2024Q1,268.64,822.7,212.43,-8631.07,21,23252.31,52.4
2024Q1,338.86,949.08,384.56,32593.44,10,7295.0,70.0
2024Q1,419.0,925.61,549.95,-20571.81,7,42570.0,28.6
2024Q1,176.14,733.76,224.39,-19329.46,25,36812.16,36.0
2024Q1,306.53,875.68,325.22,1030.42,14,19125.0,50.0
2024Q1,294.5,733.39,470.43,41147.96,6,0.0,83.3
2024Q1,272.86,656.27,509.91,-19023.48,9,33880.0,22.2
2024Q1,243.13,706.26,402.45,28399.45,10,9940.0,60.0
2024Q1,354.79,657.68,486.82,-14441.02,9,36480.0,33.3
2024Q1,287.73,812.2,419.42,24372.26,8,11765.0,62.5
2024Q1,308.7,895.88,483.83,-15725.5,10,38570.0,30.0
2024Q1,193.91,618.97,539.45,-27246.88,14,44855.0,14.3
2024Q1,387.73,871.66,698.01,-32979.87,7,46940.0,14.3
2024Q1,229.64,766.48,350.48,34377.29,15,19320.0,60.0
2024Q1,283.12,615.66,308.91,9368.81,17,23265.0,52.9
2024Q1,140.32,682.26,363.38,-10387.15,20,28835.0,25.0
2024Q1,251.4,851.96,407.95,28473.66,10,10185.0,60.0
2024Q1,236.96,808.59,346.65,32416.88,15,20175.0,60.0
2024Q1,227.13,713.92,300.7,6985.45,19,28445.0,47.4
2024Q1,194.9,580.01,450.58,-9183.22,15,33180.0,26.7
2024Q1,51.69,576.6,216.72,-3299.27,39,14602.13,20.5
2024Q1,310.54,564.26,250.58,-1144.33,18,25720.0,55.6
2024Q1,329.07,763.29,79.75,-24303.2,27,27258.77,70.4
2024Q1,266.44,810.85,658.0,-12294.93,9,33245.0,22.2
2024Q1,204.05,787.74,465.77,-5358.04,14,34285.0,28.6
2024Q1,298.1,750.61,437.46,25161.43,8,12580.0,62.5
2024Q1,278.25,783.08,391.76,18261.02,11,17420.0,54.5
2024Q1,345.36,711.69,422.21,19945.63,8,14765.0,62.5
2024Q1,292.75,764.04,287.81,4186.27,17,23855.0,52.9
2024Q1,323.01,717.64,350.85,35853.4,13,14080.0,69.2
2024Q1,318.17,710.14,346.01,35816.61,13,13375.0,69.2
2024Q1,324.51,600.45,332.45,19351.64,13,14080.0,61.5
2024Q1,367.65,693.36,569.85,-15050.84,7,37845.0,28.6
2024Q1,388.15,788.82,246.09,269.47,13,31270.0,61.5
2024Q1,346.88,716.55,383.02,24672.65,11,14320.0,63.6
2024Q1,316.24,667.13,360.57,39093.13,13,12755.0,69.2
2024Q1,316.85,710.55,319.14,6018.04,15,25450.0,53.3
2024Q1,329.73,671.61,281.84,3145.66,16,27660.0,56.2
2024Q1,257.68,458.46,363.81,44095.11,13,10875.0,69.2
2024Q1,261.28,457.94,503.93,-18112.87,9,32855.0,22.2
2024Q1,250.49,331.97,375.2,36545.99,15,20635.0,60.0
2024Q1,246.92,358.28,462.88,36238.31,7,4980.0,71.4
2024Q1,219.16,374.89,378.5,31100.35,17,23615.0,52.9
2024Q1,277.27,332.84,417.0,18814.83,9,17230.0,55.6
2024Q1,257.06,452.76,424.64,15848.97,10,16110.0,50.0
2024Q1,240.69,336.14,462.69,36313.82,7,4975.0,71.4
2024Q1,295.75,347.89,519.56,-27587.78,10,42440.0,20.0
2024Q1,237.03,348.96,400.09,28010.74,10,10225.0,60.0
2024Q1,265.27,406.42,465.62,35812.08,7,5430.0,71.4
2024Q1,209.39,431.33,493.55,-9776.7,12,35195.0,25.0
2024Q1,283.2,365.72,370.68,43547.33,13,11690.0,69.2
2024Q1,281.02,557.9,366.94,42889.3,13,11695.0,69.2
2024Q1,301.17,304.51,182.87,-24328.23,20,31659.41,50.0
2024Q1,279.31,567.5,319.99,5163.28,16,23155.0,50.0
2024Q1,338.87,596.91,297.39,-1572.72,15,28435.0,53.3
2024Q1,289.79,604.65,362.27,41659.21,13,11770.0,69.2
2024Q1,287.69,502.26,359.68,41243.01,13,11775.0,69.2
2024Q1,287.25,522.99,395.58,24259.43,10,11710.0,60.0
2024Q1,308.96,621.92,362.64,39810.84,13,12585.0,69.2
2024Q1,302.99,617.01,331.98,2872.54,14,18985.0,50.0
2024Q1,267.46,486.19,365.24,43432.7,13,11370.0,69.2
2024Q1,270.98,493.26,272.49,4548.56,17,22745.16,52.9
2024Q1,288.37,496.65,408.34,23263.8,8,11765.0,62.5
2024Q1,259.16,428.43,433.29,16624.18,10,16200.0,50.0
2024Q1,295.41,564.26,448.98,33058.37,7,5910.0,71.4
2024Q1,307.08,615.44,353.06,24514.62,13,19125.0,61.5
2024Q1,273.65,521.52,370.76,43862.69,13,11540.0,69.2
2024Q1,271.58,519.76,310.09,11117.06,17,22720.0,52.9
2024Q1,228.68,512.4,389.01,31196.62,12,9390.0,58.3
2024Q1,283.54,551.64,370.8,43588.71,13,11660.0,69.2
2024Q1,254.59,465.13,373.07,45918.12,13,10790.0,69.2
2024Q1,249.11,424.72,376.31,37141.43,15,20240.0,60.0
2024Q1,256.82,491.2,329.78,21030.29,14,10815.0,57.1
2024Q1,284.71,497.11,366.22,42744.18,13,11660.0,69.2
2024Q1,269.01,457.92,341.49,39157.8,13,11400.0,69.2
2024Q1,276.85,490.21,357.36,41284.23,13,11635.0,69.2
2024Q1,282.51,549.49,374.73,44276.9,13,11690.0,69.2
2024Q1,235.76,500.04,370.04,37132.82,15,19695.0,60.0
2024Q1,281.68,526.96,405.12,23196.96,8,11665.0,62.5
2024Q1,257.61,420.68,313.97,7665.41,16,21650.0,50.0
2024Q1,266.92,565.14,390.36,18682.99,11,17260.0,54.5
2024Q1,242.29,442.23,338.46,14257.8,16,19805.0,50.0
2024Q1,220.92,495.6,412.84,18759.03,10,9175.0,50.0
2024Q1,283.3,522.09,375.26,44372.51,13,11690.0,69.2
2024Q1,275.09,530.77,378.54,45261.92,13,11540.0,69.2
2024Q1,281.79,511.64,378.36,44945.22,13,11695.0,69.2
2024Q1,253.81,484.16,379.85,23991.59,15,26340.0,53.3
2024Q1,278.03,533.03,426.91,19806.18,9,17230.0,55.6
2024Q1,297.75,534.94,392.12,22279.08,10,12615.0,60.0
2024Q1,263.52,555.3,372.82,45588.49,13,10955.0,69.2
2024Q1,246.1,526.68,374.31,36981.55,15,20025.0,60.0
2024Q1,267.53,561.37,345.3,39959.5,13,11370.0,69.2
2024Q1,263.76,526.4,296.98,10261.99,17,21760.0,52.9
2024Q1,232.5,478.92,400.38,29035.73,10,9700.0,60.0
2024Q1,117.18,447.3,326.04,-20745.93,26,29778.37,19.2
2024Q1,282.97,466.44,376.02,44508.99,13,11690.0,69.2
2024Q1,274.98,461.1,386.22,17896.07,11,17260.0,54.5
2024Q1,283.6,432.94,410.32,23686.86,8,11665.0,62.5
2024Q1,312.73,582.66,373.72,41459.79,13,12755.0,69.2
2024Q1,293.68,518.96,350.59,26024.62,13,18160.0,61.5
2024Q1,251.14,451.34,395.64,16116.5,12,15795.0,50.0
2024Q1,302.71,432.13,439.84,31749.39,7,6100.0,71.4
2024Q1,261.32,513.01,417.63,14868.02,10,16200.0,50.0
2024Q1,272.3,561.0,336.22,20275.48,14,11540.0,57.1
2024Q1,282.94,520.06,379.46,45127.95,13,11690.0,69.2
2024Q1,280.9,522.06,382.19,30517.03,11,11695.0,63.6
2024Q1,289.08,551.3,365.92,42309.74,13,11775.0,69.2
2024Q1,261.99,487.29,347.97,40975.2,13,10955.0,69.2
2024Q1,304.48,508.28,398.47,20567.23,8,13145.0,62.5
2024Q1,294.3,512.51,375.43,29999.15,13,18160.0,61.5
2024Q1,272.54,453.24,356.35,41608.11,13,11540.0,69.2
2024Q1,244.27,518.17,316.83,42.42,18,30395.0,44.4
2024Q1,252.75,491.78,387.34,15120.31,12,15795.0,50.0
2024Q1,320.45,577.21,430.67,23081.57,8,13370.0,62.5
2024Q1,26.85,326.43,333.62,1569.56,41,14807.61,9.8
2024Q1,283.83,492.39,366.05,42734.6,13,11660.0,69.2
2024Q1,283.86,513.99,354.45,40645.88,13,11660.0,69.2
2024Q1,275.25,463.83,368.05,43374.66,13,11540.0,69.2
2024Q1,263.63,439.87,379.88,46858.88,13,10955.0,69.2
2024Q1,267.07,463.57,408.42,13272.01,10,16790.0,50.0
2024Q1,258.19,426.27,383.85,13677.4,12,16675.0,50.0
2024Q1,274.19,457.5,344.08,39060.0,13,11540.0,69.2
2024Q1,295.9,444.02,400.67,22072.14,8,12065.0,62.5
2024Q1,241.64,378.21,377.74,37822.53,15,19890.0,60.0
2024Q1,263.48,385.47,421.46,14766.45,10,16775.0,50.0
2024Q1,277.47,525.05,369.84,43465.65,13,11635.0,69.2
2024Q1,273.29,489.84,363.4,42537.76,13,11540.0,69.2
2024Q1,254.3,501.43,373.97,46080.46,13,10790.0,69.2
2024Q1,254.37,502.85,393.21,15434.72,12,16085.0,50.0
2024Q1,290.0,363.08,325.76,16770.95,14,11770.0,57.1
2024Q1,265.91,507.17,348.81,40850.61,13,11045.0,69.2
2024Q1,231.82,255.25,384.41,30442.25,12,9370.0,58.3
2024Q1,458.09,722.88,407.51,22305.82,7,9230.0,71.4
2024Q1,250.25,483.84,374.94,36668.77,15,20465.0,60.0
2024Q1,302.18,527.51,357.61,26027.9,13,18985.0,61.5
2024Q1,275.96,465.63,368.13,43388.72,13,11540.0,69.2
2024Q1,280.94,490.3,394.49,24189.25,10,11855.0,60.0
2024Q1,260.39,513.2,338.65,22269.5,14,10955.0,57.1
2024Q1,285.25,463.4,375.99,44407.53,13,11710.0,69.2
2024Q1,290.17,461.44,386.36,22383.73,10,12065.0,60.0
2024Q1,267.36,553.01,352.21,41088.04,13,11370.0,69.2
2024Q1,313.39,534.16,410.62,21587.12,8,13115.0,62.5
2024Q1,298.4,454.49,377.65,29584.47,13,18725.0,61.5
2024Q1,283.72,554.02,86.23,-6667.26,31,23940.95,74.2
2024Q1,249.5,488.56,397.32,30084.76,12,10330.0,58.3
2024Q1,277.45,470.24,368.43,43211.9,13,11635.0,69.2
2024Q1,269.7,473.32,363.35,43148.55,13,11400.0,69.2
2024Q1,257.94,435.21,381.53,26829.37,12,10875.0,58.3
2024Q1,290.73,540.49,340.4,37741.92,13,11780.0,69.2
2024Q1,276.24,506.42,356.15,41231.29,13,11540.0,69.2
2024Q1,265.1,525.93,371.84,44996.21,13,11045.0,69.2
2024Q1,261.54,522.69,392.44,19472.58,11,16675.0,54.5
2024Q1,241.33,525.55,417.41,30159.3,10,9975.0,60.0
2024Q1,287.32,562.5,377.77,44499.41,13,11775.0,69.2
2024Q1,308.39,580.53,378.7,28536.5,13,19175.0,61.5
2024Q1,289.0,546.65,355.32,40458.35,13,11775.0,69.2
2024Q1,267.7,563.39,372.99,44943.28,13,11370.0,69.2
2024Q1,282.47,578.8,399.58,22453.1,8,11855.0,62.5
2024Q1,297.0,620.1,373.49,28833.78,13,18725.0,61.5
2024Q1,268.43,550.69,388.23,18427.21,11,17260.0,54.5
2024Q1,250.12,543.48,338.2,13241.77,16,20465.0,50.0
2024Q1,286.1,593.3,404.68,23012.73,8,11710.0,62.5
2024Q1,255.67,498.85,373.23,45945.96,13,10790.0,69.2
2024Q1,257.97,517.76,348.31,41306.65,13,10875.0,69.2
2024Q1,244.79,523.12,384.43,28745.35,12,10065.0,58.3
2024Q1,274.14,516.97,371.91,44068.93,13,11540.0,69.2
2024Q1,268.81,512.43,358.17,42161.36,13,11400.0,69.2
2024Q1,258.2,495.06,372.67,45690.12,13,10875.0,69.2
2024Q1,235.35,470.56,380.47,18901.25,14,19695.0,50.0
2024Q1,253.06,522.44,395.59,16156.27,12,15650.0,50.0
2024Q1,259.73,472.98,366.31,44465.93,13,10955.0,69.2
2024Q1,260.81,483.55,323.88,20687.55,16,16330.0,56.2
2024Q1,245.88,447.33,359.08,34239.91,15,20025.0,60.0
2024Q1,442.28,655.79,345.68,23676.3,8,8955.0,75.0
2024Q1,265.19,497.37,384.62,18044.98,11,17260.0,54.5
2024Q1,271.63,517.76,369.18,43917.16,13,11540.0,69.2
2024Q1,272.06,520.07,372.75,44560.34,13,11540.0,69.2
2024Q1,255.72,508.17,372.58,45829.2,13,10790.0,69.2
2024Q1,259.73,514.57,407.98,14093.03,10,16200.0,50.0
2024Q1,222.83,449.5,387.46,26234.7,13,13960.0,53.8
2024Q1,254.71,491.75,357.8,43169.14,13,10790.0,69.2
2024Q1,237.86,447.01,375.69,37643.73,15,20175.0,60.0
2024Q1,250.33,511.38,399.16,35178.05,11,10410.0,63.6
2024Q1,263.3,478.78,363.22,43859.51,13,10955.0,69.2
2024Q1,274.42,441.97,420.13,19592.86,9,16830.0,55.6
2024Q1,270.59,518.37,372.77,44683.74,13,11540.0,69.2
2024Q1,267.25,512.74,379.15,45937.37,13,11370.0,69.2
2024Q1,254.37,506.45,387.03,14693.62,12,16085.0,50.0
2024Q1,268.15,544.19,347.96,40437.27,13,11370.0,69.2
2024Q1,260.23,444.35,377.09,46406.3,13,10955.0,69.2
2024Q1,263.54,421.3,392.1,19002.56,11,17245.0,54.5
2024Q1,281.18,461.96,376.61,44629.36,13,11695.0,69.2
2024Q1,242.56,415.71,382.14,18650.05,14,19805.0,50.0
2024Q1,279.81,509.98,406.28,17747.61,9,17230.0,55.6
2024Q1,256.21,438.15,363.01,44012.28,13,10815.0,69.2
2024Q1,288.31,478.98,378.9,44701.72,13,11775.0,69.2
2024Q1,291.09,484.66,377.0,44189.53,13,11825.0,69.2
2024Q1,269.9,453.81,393.64,19046.46,11,17260.0,54.5
2024Q1,281.03,484.35,375.02,44343.69,13,11695.0,69.2
2024Q1,297.04,463.92,351.96,25388.03,13,18725.0,61.5
2024Q1,266.94,485.23,365.33,43449.51,13,11370.0,69.2
2024Q1,287.5,479.74,672.63,-8434.74,8,29535.0,25.0
2024Q1,277.94,458.13,389.12,17944.11,11,17420.0,54.5
2024Q1,259.99,501.24,402.24,13043.57,10,16675.0,50.0
2024Q1,249.56,509.95,377.66,37423.49,15,20200.0,60.0
2024Q1,282.17,483.33,375.62,44456.62,13,11690.0,69.2
2024Q1,277.53,482.83,359.74,41647.56,13,11635.0,69.2
2024Q1,291.5,519.37,383.47,29976.02,11,11825.0,63.6
2024Q1,270.6,464.31,369.68,44126.88,13,11540.0,69.2
2024Q1,263.4,477.63,345.68,40703.26,13,10955.0,69.2
2024Q1,283.08,442.95,396.33,24354.39,10,11855.0,60.0
2024Q1,299.32,548.25,378.23,29416.23,13,18985.0,61.5
2024Q1,273.6,450.1,357.8,41528.81,13,11540.0,69.2
2024Q1,260.29,496.13,368.84,44920.3,13,10955.0,69.2
2024Q1,255.32,478.19,338.85,22725.23,14,10790.0,57.1
2024Q1,266.19,504.0,368.26,44301.76,13,11045.0,69.2
2024Q1,248.13,498.04,385.58,28686.6,12,10155.0,58.3
2024Q1,285.12,523.78,370.12,43351.57,13,11710.0,69.2
2024Q1,259.22,518.94,356.22,42650.2,13,10955.0,69.2
2024Q1,274.1,473.5,383.51,30961.3,11,11540.0,63.6
2024Q1,264.9,451.88,396.63,19485.19,11,17260.0,54.5
2024Q1,278.94,509.19,620.63,-15064.65,9,34235.0,22.2
2024Q1,253.78,525.55,370.39,22477.15,15,26340.0,53.3
2024Q1,290.32,505.15,383.28,29993.56,11,11780.0,63.6
2024Q1,240.7,531.94,353.93,33762.43,15,20140.0,60.0
2024Q1,270.14,521.75,408.13,13173.44,10,16790.0,50.0
2024Q1,261.92,498.12,366.44,44299.84,13,10955.0,69.2
2024Q1,78.02,302.21,390.54,-10796.78,28,27514.19,14.3
2024Q1,284.85,488.9,375.78,44416.11,13,11710.0,69.2
2024Q1,274.19,472.88,348.59,39871.83,13,11540.0,69.2
2024Q1,252.04,432.47,376.39,23847.33,15,26020.0,53.3
2024Q1,305.13,513.76,361.96,26238.37,13,19380.0,61.5
2024Q1,290.79,439.91,395.42,23500.07,10,12065.0,60.0
2024Q1,282.09,453.3,332.8,18607.62,14,11690.0,57.1
2024Q1,263.62,453.63,411.31,13751.1,10,16775.0,50.0
2024Q1,272.34,480.13,379.48,45771.97,13,11540.0,69.2
2024Q1,257.09,463.15,390.19,15282.88,12,15825.0,50.0
2024Q1,244.42,463.31,360.1,34528.75,15,19920.0,60.0
2024Q1,273.82,536.33,376.92,44970.94,13,11540.0,69.2
2024Q1,269.92,540.87,404.54,12384.48,10,17260.0,50.0
2024Q1,265.82,547.49,38.33,-2600.69,37,18748.21,86.5
2024Q1,274.45,531.18,342.4,38756.61,13,11540.0,69.2
2024Q1,256.79,517.35,385.66,14738.88,12,15825.0,50.0
2024Q1,235.53,482.7,359.6,35252.6,15,19695.0,60.0
2024Q1,247.11,529.25,370.17,36019.92,15,20240.0,60.0
2024Q1,262.85,493.07,397.23,19617.14,11,17245.0,54.5
2024Q1,272.0,569.84,419.05,19574.95,9,16790.0,55.6
2024Q1,255.79,570.82,380.4,26840.6,12,10790.0,58.3
2024Q1,278.99,541.94,347.15,39381.44,13,11635.0,69.2
2024Q1,266.89,509.13,369.57,44212.59,13,11370.0,69.2
2024Q1,248.64,517.13,389.29,29206.18,12,10155.0,58.3
2024Q1,297.16,523.63,357.41,26261.38,13,18725.0,61.5
2024Q1,277.5,526.3,399.67,16891.86,9,17420.0,55.6
2024Q1,261.82,477.13,380.29,31341.11,11,10955.0,63.6
2024Q1,226.9,465.66,366.93,37396.74,15,19170.0,60.0
2024Q1,269.39,549.05,334.5,20330.53,14,11400.0,57.1
2024Q1,254.9,507.54,348.58,41509.8,13,10790.0,69.2
2024Q1,276.8,579.07,382.41,30637.94,11,11635.0,63.6
2024Q1,242.65,436.12,427.25,22794.65,9,9975.0,55.6
2024Q1,290.69,517.7,363.29,41862.1,13,11780.0,69.2
2024Q1,260.95,524.97,406.12,13906.98,10,16200.0,50.0
2024Q1,282.48,522.28,391.97,23851.51,10,11855.0,60.0
2024Q1,269.2,488.75,375.83,45338.55,13,11400.0,69.2
2024Q1,269.51,490.2,360.07,42557.06,13,11400.0,69.2
2024Q1,251.51,506.37,374.67,23571.83,15,26020.0,53.3
2024Q1,261.4,495.74,350.98,41516.43,13,10955.0,69.2
2024Q1,236.81,510.24,386.78,29058.57,12,10225.0,58.3
2024Q1,270.68,561.96,412.95,19085.07,9,16790.0,55.6
2024Q1,248.55,463.41,395.58,30086.08,12,10155.0,58.3
2024Q1,258.86,504.65,369.4,45022.88,13,10955.0,69.2
2024Q1,141.23,388.15,376.88,-9302.26,20,28850.0,25.0
2024Q1,270.14,527.89,359.91,42489.58,13,11400.0,69.2
2024Q1,256.61,500.44,399.49,21609.36,11,15825.0,54.5
2024Q1,276.21,544.8,331.76,19106.45,14,11540.0,57.1
2024Q1,297.29,533.17,381.98,14952.13,11,18725.0,54.5
2024Q1,264.91,519.69,347.86,40680.01,13,11045.0,69.2
2024Q1,285.38,448.4,370.26,43376.21,13,11710.0,69.2
2024Q1,245.75,524.02,390.19,29550.93,12,10065.0,58.3
2024Q1,275.54,504.72,369.43,43623.13,13,11540.0,69.2
2024Q1,254.57,518.63,413.63,14857.87,10,16110.0,50.0
2024Q1,410.38,656.27,353.64,24330.08,10,16965.0,70.0
2024Q1,264.47,549.62,379.94,46734.83,13,11045.0,69.2
2024Q1,265.82,555.65,401.5,12159.75,10,17260.0,50.0
2024Q1,241.13,467.88,387.96,29079.66,12,10190.0,58.3
2024Q1,257.46,577.61,339.83,39779.35,13,10875.0,69.2
2024Q1,250.27,560.29,126.55,-24045.71,27,34213.33,55.6
2024Q1,264.77,600.2,366.1,43963.61,13,11045.0,69.2
2024Q1,232.53,416.61,382.95,19958.65,14,19650.0,50.0
2024Q1,271.87,511.52,354.62,41296.27,13,11540.0,69.2
2024Q1,261.62,469.69,370.74,45073.0,13,10955.0,69.2
2024Q1,256.78,463.74,322.87,21007.29,16,16190.0,56.2
2024Q1,247.45,469.47,398.79,35625.44,11,10155.0,63.6
2024Q1,261.0,517.26,362.37,43756.31,13,10955.0,69.2
2024Q1,267.44,505.09,373.09,44845.72,13,11370.0,69.2
2024Q1,253.37,466.24,388.12,15259.43,12,15650.0,50.0
2024Q1,241.66,472.85,346.51,32202.36,15,19890.0,60.0
2024Q1,260.17,563.12,373.29,45721.93,13,10955.0,69.2
2024Q1,261.42,570.24,361.16,43349.3,13,10955.0,69.2
2024Q1,181.07,463.56,414.77,-423.41,16,30840.0,31.2
2024Q1,251.37,552.17,374.44,23535.82,15,26020.0,53.3
2024Q1,263.37,553.45,391.87,18974.88,11,17245.0,54.5
2024Q1,268.1,536.07,337.75,20900.79,14,11370.0,57.1
2024Q1,239.92,539.94,356.1,34152.84,15,20140.0,60.0
2024Q1,255.76,499.37,432.73,16658.32,10,16110.0,50.0
2024Q1,246.17,468.46,376.94,37454.04,15,20025.0,60.0
2024Q1,269.2,505.97,402.38,12112.67,10,17260.0,50.0
2024Q1,261.82,518.07,366.83,44370.18,13,10955.0,69.2
2024Q1,274.43,603.23,384.54,17694.9,11,17260.0,54.5
2024Q1,254.05,463.87,348.85,41557.68,13,10790.0,69.2
2024Q1,229.22,457.12,369.73,37841.77,15,19320.0,60.0
2024Q1,276.8,549.07,393.01,18476.57,11,17420.0,54.5
2024Q1,265.37,513.79,406.67,13127.16,10,16790.0,50.0
2024Q1,249.86,538.61,381.05,17751.48,14,20210.0,50.0
2024Q1,257.53,494.62,359.95,43400.83,13,10875.0,69.2
2024Q1,271.95,535.12,372.7,44550.67,13,11540.0,69.2
2024Q1,238.29,437.79,341.35,31498.43,15,20140.0,60.0
2024Q1,265.23,485.36,388.21,18475.59,11,17260.0,54.5
2024Q1,278.22,528.35,354.51,40706.85,13,11635.0,69.2
2024Q1,216.32,496.18,367.39,30034.86,17,22450.0,52.9
2024Q1,247.47,479.58,399.24,35688.94,11,10155.0,63.6
2024Q1,259.49,522.61,381.91,26802.17,12,10955.0,58.3
2024Q1,269.2,574.94,414.83,13827.87,10,16790.0,50.0
2024Q1,284.48,494.71,324.77,18027.76,16,17415.0,56.2
2024Q1,255.39,498.81,363.65,44221.44,13,10790.0,69.2
2024Q1,276.99,470.91,385.12,17529.43,11,17420.0,54.5
2024Q1,263.42,484.44,373.94,45788.78,13,10955.0,69.2
2024Q1,243.59,465.48,347.58,32363.81,15,19920.0,60.0
2024Q1,259.59,462.85,397.64,15331.49,12,16675.0,50.0
2024Q1,264.17,481.29,377.65,46412.05,13,10955.0,69.2
2024Q1,250.43,477.93,357.5,33360.01,15,20635.0,60.0
2024Q1,232.65,443.96,372.89,37910.62,15,19650.0,60.0
2024Q1,264.52,484.52,390.81,18787.14,11,17260.0,54.5
2024Q1,254.28,487.6,337.89,22566.81,14,10790.0,57.1
2024Q1,261.1,494.45,405.76,13870.61,10,16200.0,50.0
2024Q1,247.72,467.48,423.5,22115.28,9,10185.0,55.6
2024Q1,270.4,558.14,362.75,42874.93,13,11525.0,69.2
2024Q1,263.39,517.66,380.23,31472.07,11,10955.0,63.6
2024Q1,239.0,557.51,367.19,36148.67,15,20140.0,60.0
2024Q1,273.39,546.48,392.95,18704.18,11,17260.0,54.5
2024Q1,254.41,495.05,350.08,41778.83,13,10790.0,69.2
2024Q1,262.79,607.43,376.25,46204.71,13,10955.0,69.2
2024Q1,245.24,546.13,388.46,29308.76,12,10065.0,58.3
2024Q1,259.67,468.63,408.63,14158.4,10,16200.0,50.0
2024Q1,279.49,557.69,356.28,41025.38,13,11635.0,69.2
2024Q1,249.51,542.97,377.02,37309.42,15,20200.0,60.0
2024Q1,266.4,629.88,548.51,-16794.42,9,33365.0,22.2
2024Q1,257.88,577.02,333.79,21607.18,14,10875.0,57.1
2024Q1,275.56,604.05,399.83,17047.72,9,17345.0,55.6
2024Q1,254.42,590.63,381.38,26938.02,12,10790.0,58.3
2024Q1,236.55,434.56,362.07,35217.86,15,20175.0,60.0
2024Q1,267.28,528.75,348.93,40497.54,13,11370.0,69.2
2024Q1,245.66,602.3,311.81,-1020.35,18,30500.0,44.4
2024Q1,279.67,587.64,371.77,43818.83,13,11635.0,69.2
2024Q1,261.58,481.04,392.81,19517.45,11,16675.0,54.5
2024Q1,269.99,519.02,381.72,31110.34,11,11400.0,63.6
2024Q1,252.5,520.61,363.64,21807.99,15,26020.0,53.3
2024Q1,288.55,672.28,419.5,24379.88,8,11765.0,62.5
2024Q1,262.22,469.84,404.67,13047.18,10,16675.0,50.0
2024Q1,227.65,649.83,342.26,32956.73,15,19170.0,60.0
2024Q1,275.08,502.58,372.43,44161.85,13,11540.0,69.2
2024Q1,242.94,496.7,390.41,29672.47,12,10065.0,58.3
2024Q1,255.41,497.83,351.74,42077.66,13,10790.0,69.2
2024Q1,283.04,561.39,364.01,42346.61,13,11690.0,69.2
2024Q1,269.33,619.0,382.54,31235.2,11,11400.0,63.6
2024Q1,262.23,481.04,400.08,12587.65,10,16675.0,50.0
2024Q1,249.03,538.08,375.68,37027.83,15,20240.0,60.0
2024Q1,274.23,646.44,357.13,41408.57,13,11540.0,69.2
2024Q1,258.6,662.51,390.38,14460.6,12,16675.0,50.0
2024Q1,289.94,522.74,440.71,32346.1,7,5865.0,71.4
2024Q1,266.26,470.93,368.0,44255.1,13,11045.0,69.2
2024Q1,280.37,540.41,590.6,-16291.12,9,34265.0,22.2
2024Q1,237.1,481.1,329.5,13015.64,16,20175.0,50.0
2024Q1,251.11,443.74,381.73,4222.51,14,26020.0,42.9
2024Q1,270.87,537.54,203.29,-1370.49,21,18684.21,57.1
2024Q2,187.55,769.39,526.83,-2878.77,15,29500.0,26.7
2024Q2,284.82,380.3,137.45,-2839.45,19,18529.91,68.4
2024Q2,50.21,580.31,438.35,-113.78,24,7665.0,12.5
2024Q2,332.3,344.9,687.66,34541.68,7,13796.05,57.1
2024Q2,386.28,516.23,154.91,-11700.72,18,23330.18,66.7
2024Q2,104.6,290.79,386.74,10443.53,17,9925.0,29.4
2024Q2,212.46,390.7,445.61,-10446.0,14,28295.0,28.6
2024Q2,85.54,264.33,279.66,20503.91,24,6580.0,37.5
2024Q2,222.93,703.46,166.98,2680.07,20,14260.0,60.0
2024Q2,248.18,610.74,63.4,13999.22,26,5010.0,88.5
2024Q2,445.09,448.76,687.41,23294.21,5,8975.11,60.0
2024Q2,430.56,439.44,645.58,16778.85,8,17423.83,50.0
2024Q2,348.35,355.01,696.37,34523.83,7,14200.39,57.1
2024Q2,335.97,639.91,559.6,9702.86,9,14655.0,44.4
2024Q2,328.29,396.77,610.93,13993.91,9,14760.34,44.4
2024Q2,363.8,640.94,707.3,34254.01,7,15010.0,57.1
2024Q2,286.07,681.33,548.26,-16724.26,11,25730.0,27.3
2024Q2,395.88,637.17,287.19,5834.78,13,16105.0,61.5
2024Q2,158.5,226.59,607.43,-2085.83,14,24461.77,21.4
2024Q2,304.84,330.86,485.9,-21420.41,11,25674.39,27.3
2024Q2,269.94,404.48,632.21,-6812.57,11,22165.0,27.3
2024Q2,367.0,612.38,707.44,34150.04,7,15050.0,57.1
2024Q2,341.75,773.5,705.22,34752.29,7,14800.0,57.1
2024Q2,410.35,858.84,640.66,9218.04,9,17060.0,44.4
2024Q2,329.84,704.07,576.4,11462.31,9,14530.0,44.4
2024Q2,354.07,791.09,673.72,31792.29,7,14815.0,57.1
2024Q2,309.05,857.16,515.22,8312.78,9,14060.0,44.4
2024Q2,252.13,311.1,604.6,-12054.3,12,32615.0,25.0
2024Q2,420.96,927.57,337.26,12676.4,11,17125.0,63.6
2024Q2,195.94,526.96,494.21,-7722.8,15,30860.0,26.7
2024Q2,159.84,737.1,661.2,4601.8,13,24850.0,23.1
2024Q2,367.78,635.22,697.64,33336.58,7,15080.0,57.1
2024Q2,386.53,493.8,707.6,18756.01,6,15780.0,50.0
2024Q2,350.92,958.71,591.76,10835.55,9,14730.0,44.4
2024Q2,457.93,498.92,655.85,24413.3,7,18635.0,57.1
2024Q2,304.7,439.16,544.39,-19141.87,11,26870.0,27.3
2024Q2,274.13,687.31,669.18,5965.87,9,22915.0,33.3
2024Q2,377.64,594.03,637.7,12230.9,9,15900.0,44.4
2024Q2,397.55,497.81,438.28,-13632.63,10,24270.0,40.0
2024Q2,344.61,645.97,224.23,-753.6,13,14720.0,61.5
2024Q2,304.97,452.9,452.87,-24597.55,11,26870.0,27.3
2024Q2,367.12,710.5,703.42,33828.64,7,15050.0,57.1
2024Q2,360.7,624.87,703.84,34082.02,7,15010.0,57.1
2024Q2,327.5,534.71,670.1,32338.23,7,14530.0,57.1
2024Q2,430.43,693.57,621.93,14979.68,8,17450.0,50.0
2024Q2,402.36,567.83,584.82,5200.94,9,17125.0,44.4
2024Q2,51.69,372.47,678.53,17182.06,21,7310.0,14.3
2024Q2,321.77,817.78,639.28,16882.42,9,14250.0,44.4
2024Q2,286.71,305.84,79.75,14165.01,23,6116.89,87.0
2024Q2,376.73,600.27,669.54,30728.05,7,15250.0,57.1
2024Q2,343.48,809.16,561.13,8385.41,9,14800.0,44.4
2024Q2,366.25,648.49,694.5,33105.04,7,15060.0,57.1
2024Q2,357.04,610.4,704.71,34201.74,7,15000.0,57.1
2024Q2,417.4,782.76,614.4,15021.85,8,16925.0,50.0
2024Q2,321.03,402.92,653.06,17681.37,9,14603.36,44.4
2024Q2,388.26,590.09,687.27,17526.41,6,15790.0,50.0
2024Q2,291.17,532.6,707.91,3974.36,9,26605.0,33.3
2024Q2,235.34,286.06,622.4,-7091.18,12,29485.0,25.0
2024Q2,337.19,748.41,387.69,10742.41,11,14080.0,54.5
2024Q2,267.12,300.96,648.97,-5406.77,11,21970.0,27.3
2024Q2,445.01,616.03,596.67,20013.48,7,18300.0,57.1
2024Q2,358.38,603.64,690.25,33045.16,7,15000.0,57.1
2024Q2,354.93,639.29,677.93,32004.21,7,14940.0,57.1
2024Q2,376.88,673.56,653.25,13524.67,9,15900.0,44.4
2024Q2,403.88,411.21,707.25,17861.77,6,16448.29,50.0
2024Q2,313.13,633.95,630.11,16868.67,9,14060.0,44.4
2024Q2,335.26,592.51,682.58,33211.51,7,14655.0,57.1
2024Q2,358.58,546.97,662.16,30682.95,7,15000.0,57.1
2024Q2,385.52,728.33,576.08,6321.62,9,16255.0,44.4
2024Q2,299.41,411.57,707.61,3661.8,9,26685.0,33.3
2024Q2,345.44,731.86,521.97,5292.46,9,14800.0,44.4
2024Q2,367.7,717.38,688.03,32567.29,7,15080.0,57.1
2024Q2,366.51,594.14,687.84,32582.21,7,15050.0,57.1
2024Q2,318.13,762.71,657.92,18413.99,9,14260.0,44.4
2024Q2,392.16,929.34,707.86,18741.65,6,15880.0,50.0
2024Q2,411.44,692.09,635.01,17460.97,8,16700.0,50.0
2024Q2,332.65,754.59,610.71,13852.05,9,14655.0,44.4
2024Q2,429.4,749.83,673.83,36581.16,6,8670.0,66.7
2024Q2,446.46,702.55,672.96,44416.48,5,9420.0,80.0
2024Q2,440.96,755.42,211.64,-6345.08,11,18245.0,63.6
2024Q2,426.38,575.1,668.87,36184.74,6,8670.0,66.7
2024Q2,423.5,490.73,672.92,36528.67,6,8655.0,66.7
2024Q2,456.09,537.22,670.91,44252.87,5,9420.0,80.0
2024Q2,456.54,535.54,664.34,43727.17,5,9420.0,80.0
2024Q2,456.65,541.79,639.37,23094.85,7,18635.0,57.1
2024Q2,429.42,498.35,668.88,36185.77,6,8670.0,66.7
2024Q2,431.46,549.95,668.51,36155.69,6,8670.0,66.7
2024Q2,431.91,579.35,668.82,36180.96,6,8670.0,66.7
2024Q2,434.18,549.15,592.59,20521.9,7,17680.0,57.1
2024Q2,426.21,570.44,622.97,15282.66,8,17250.0,50.0
2024Q2,452.23,519.99,573.56,18044.54,7,18420.0,57.1
2024Q2,437.7,527.19,669.46,44351.9,5,9205.0,80.0
2024Q2,437.11,518.97,671.92,44548.9,5,9205.0,80.0
2024Q2,439.96,524.94,642.81,23799.45,7,18420.0,57.1
2024Q2,418.75,474.54,671.16,36633.13,6,8640.0,66.7
2024Q2,416.48,464.7,604.4,14522.19,8,16925.0,50.0
2024Q2,450.96,515.8,650.18,23949.46,7,18645.0,57.1
2024Q2,424.09,522.23,624.54,15488.59,8,17170.0,50.0
2024Q2,408.97,442.88,673.98,28510.97,7,17132.56,57.1
2024Q2,448.28,527.72,549.01,16150.85,7,18350.0,57.1
2024Q2,457.82,514.38,650.94,24020.31,7,18635.0,57.1
2024Q2,437.03,563.15,672.13,44565.41,5,9205.0,80.0
2024Q2,439.61,562.19,682.12,45364.24,5,9205.0,80.0
2024Q2,440.41,566.78,680.86,45264.16,5,9205.0,80.0
2024Q2,438.33,565.13,686.52,23106.28,5,9205.0,60.0
2024Q2,445.83,538.01,634.71,22711.96,7,18645.0,57.1
2024Q2,414.1,539.73,306.27,9067.2,11,16650.0,63.6
2024Q2,400.47,424.37,689.46,16535.07,6,16762.34,50.0
2024Q2,419.3,525.42,614.77,14996.24,8,17125.0,50.0
2024Q2,440.69,604.01,658.63,25065.27,7,18420.0,57.1
2024Q2,458.58,532.98,644.65,23517.38,7,18635.0,57.1
2024Q2,422.55,467.48,678.89,37130.96,6,8655.0,66.7
2024Q2,446.35,493.13,676.64,44711.27,5,9420.0,80.0
2024Q2,447.7,488.29,693.56,23213.75,5,9420.0,60.0
2024Q2,437.72,532.66,681.48,45313.68,5,9205.0,80.0
2024Q2,406.32,499.28,659.62,10874.25,9,17125.0,44.4
2024Q2,439.72,489.92,680.51,45235.8,5,9205.0,80.0
2024Q2,441.06,483.68,684.57,22989.48,5,9205.0,60.0
2024Q2,448.45,452.58,38.95,2929.02,29,9534.61,93.1
2024Q2,437.29,539.81,695.39,23638.15,5,9205.0,60.0
2024Q2,117.18,132.72,654.72,21506.66,16,10208.93,25.0
2024Q2,418.48,468.69,631.87,15989.91,8,17500.0,50.0
2024Q2,457.74,512.53,680.88,45050.6,5,9420.0,80.0
2024Q2,445.41,475.24,685.38,22673.06,5,9504.79,60.0
2024Q2,458.17,593.07,681.55,45104.35,5,9420.0,80.0
2024Q2,458.95,596.46,645.88,23615.43,7,18635.0,57.1
2024Q2,450.98,610.13,402.45,3570.38,9,18385.0,55.6
2024Q2,434.4,558.6,694.57,23724.38,5,9205.0,60.0
2024Q2,438.41,619.83,660.81,25239.95,7,18420.0,57.1
2024Q2,452.13,563.12,619.86,21749.07,7,18420.0,57.1
2024Q2,433.5,523.51,679.35,45143.3,5,9205.0,80.0
2024Q2,458.36,539.73,681.35,45087.77,5,9420.0,80.0
2024Q2,434.28,527.28,696.95,23866.77,5,9205.0,60.0
2024Q2,443.1,546.69,679.37,45144.82,5,9205.0,80.0
2024Q2,441.62,575.71,681.46,45311.86,5,9205.0,80.0
2024Q2,443.85,639.02,684.22,22748.41,5,9420.0,60.0
2024Q2,411.35,546.53,644.6,18227.92,8,16700.0,50.0
2024Q2,427.82,546.26,693.67,24205.42,5,8745.0,60.0
2024Q2,446.83,545.67,680.63,45030.19,5,9420.0,80.0
2024Q2,401.15,503.03,682.25,29399.98,7,17125.0,57.1
2024Q2,26.85,184.21,706.33,26670.0,26,6370.0,11.5
2024Q2,447.06,580.8,656.19,24429.89,7,18645.0,57.1
2024Q2,458.84,567.19,678.35,44848.02,5,9420.0,80.0
2024Q2,458.92,575.04,139.23,-26044.34,17,32470.79,64.7
2024Q2,431.37,492.12,681.43,37189.3,6,8670.0,66.7
2024Q2,201.01,276.91,698.15,-2559.25,13,32123.27,23.1
2024Q2,440.57,546.05,658.44,25049.84,7,18420.0,57.1
2024Q2,424.07,517.96,641.78,16432.67,8,17605.0,50.0
2024Q2,450.55,595.98,630.41,22368.15,7,18645.0,57.1
2024Q2,436.49,566.07,678.75,45094.62,5,9205.0,80.0
2024Q2,431.77,560.45,695.4,24309.23,5,8745.0,60.0
2024Q2,440.87,553.45,678.0,45035.01,5,9205.0,80.0
2024Q2,450.15,569.61,682.48,45178.38,5,9420.0,80.0
2024Q2,450.4,556.15,706.48,23904.04,5,9420.0,60.0
2024Q2,458.61,569.88,680.24,44999.56,5,9420.0,80.0
2024Q2,458.53,573.8,657.89,24576.35,7,18635.0,57.1
2024Q2,174.05,323.18,683.1,2580.87,13,27695.0,23.1
2024Q2,425.64,598.27,692.89,24183.23,5,8740.0,60.0
2024Q2,444.62,582.32,495.27,11956.79,7,18245.0,57.1
2024Q2,415.27,514.09,664.25,36234.68,6,8565.0,66.7
2024Q2,452.25,565.65,651.28,24002.13,7,18680.0,57.1
2024Q2,443.9,514.21,680.88,45050.58,5,9420.0,80.0
2024Q2,434.29,506.16,677.29,44977.98,5,9205.0,80.0
2024Q2,432.01,500.84,707.76,25050.49,5,8745.0,60.0
2024Q2,442.66,527.41,685.67,23050.09,5,9205.0,60.0
2024Q2,423.66,483.25,663.45,35771.25,6,8655.0,66.7
2024Q2,440.11,517.46,693.94,23551.21,5,9205.0,60.0
2024Q2,432.05,556.86,638.1,24338.07,7,18040.0,57.1
2024Q2,449.15,540.97,679.1,44907.64,5,9420.0,80.0
2024Q2,410.18,566.03,647.92,9798.58,9,17060.0,44.4
2024Q2,439.79,513.69,666.92,44148.62,5,9205.0,80.0
2024Q2,448.78,545.53,680.6,45028.38,5,9420.0,80.0
2024Q2,451.28,547.97,681.47,45097.99,5,9420.0,80.0
2024Q2,452.75,550.58,697.4,23359.2,5,9420.0,60.0
2024Q2,458.4,576.69,666.28,43882.26,5,9420.0,80.0
2024Q2,447.3,585.6,243.99,-2486.02,11,18350.0,63.6
2024Q2,422.77,512.61,682.29,37403.09,6,8655.0,66.7
2024Q2,444.72,551.22,695.07,23323.91,5,9420.0,60.0
2024Q2,441.24,574.13,656.13,24865.26,7,18420.0,57.1
2024Q2,450.06,571.11,683.55,22528.05,5,9420.0,60.0
2024Q2,131.85,220.65,669.02,9673.27,13,21587.92,23.1
2024Q2,432.58,493.78,679.37,45479.92,5,8870.0,80.0
2024Q2,429.99,532.74,707.66,25044.34,5,8745.0,60.0
2024Q2,458.33,516.84,691.51,22770.45,5,9420.0,60.0
2024Q2,438.27,502.1,675.45,44830.78,5,9205.0,80.0
2024Q2,418.42,450.71,651.27,17557.03,8,17484.21,50.0
2024Q2,450.12,530.88,685.29,22632.24,5,9420.0,60.0
2024Q2,429.74,546.14,664.68,35849.45,6,8670.0,66.7
2024Q2,438.14,535.52,694.5,23585.2,5,9205.0,60.0
2024Q2,458.66,584.87,640.03,23147.64,7,18635.0,57.1
2024Q2,446.51,500.26,360.88,-531.65,9,18350.0,55.6
2024Q2,434.66,503.24,677.71,45011.68,5,9205.0,80.0
2024Q2,426.71,513.36,675.8,36738.9,6,8670.0,66.7
2024Q2,441.36,507.85,658.44,25050.24,7,18420.0,57.1
2024Q2,450.28,558.85,680.87,45049.27,5,9420.0,80.0
2024Q2,434.11,533.69,697.71,23912.83,5,9205.0,60.0
2024Q2,419.84,496.85,667.27,36321.24,6,8640.0,66.7
2024Q2,448.78,594.55,686.98,22818.65,5,9420.0,60.0
2024Q2,436.38,524.78,649.06,24589.65,7,18130.0,57.1
2024Q2,443.97,483.85,674.68,44554.4,5,9420.0,80.0
2024Q2,427.86,534.89,706.4,24968.75,5,8745.0,60.0
2024Q2,451.99,563.26,678.53,44862.51,5,9420.0,80.0
2024Q2,453.04,580.29,688.72,22838.14,5,9420.0,60.0
2024Q2,441.61,494.03,661.49,43714.3,5,9205.0,80.0
2024Q2,452.37,565.31,679.31,44924.99,5,9420.0,80.0
2024Q2,435.78,506.59,692.66,23609.69,5,9205.0,60.0
2024Q2,458.62,596.01,663.93,43694.15,5,9420.0,80.0
2024Q2,444.61,542.37,675.54,44622.81,5,9420.0,80.0
2024Q2,430.69,512.35,696.93,24401.02,5,8745.0,60.0
2024Q2,445.27,573.37,653.55,24218.96,7,18645.0,57.1
2024Q2,416.36,533.4,681.22,37592.77,6,8565.0,66.7
2024Q2,431.28,502.49,674.18,36609.39,6,8670.0,66.7
2024Q2,436.78,498.55,707.44,24496.19,5,9205.0,60.0
2024Q2,450.22,542.15,683.47,22523.31,5,9420.0,60.0
2024Q2,458.9,537.98,666.15,43871.73,5,9420.0,80.0
2024Q2,438.55,540.75,461.26,19565.86,8,17680.0,62.5
2024Q2,255.08,309.49,689.9,-2615.82,11,33644.78,27.3
2024Q2,220.98,290.81,673.41,-2080.3,12,28910.0,25.0
2024Q2,423.83,532.9,654.64,17461.43,8,17605.0,50.0
2024Q2,445.9,531.32,694.97,23333.28,5,9420.0,60.0
2024Q2,433.68,479.38,640.22,23882.24,7,18130.0,57.1
2024Q2,450.29,565.46,680.44,45015.08,5,9420.0,80.0
2024Q2,450.09,570.58,680.0,44979.68,5,9420.0,80.0
2024Q2,450.87,574.62,687.29,22752.45,5,9420.0,60.0
2024Q2,444.08,588.83,665.08,43786.23,5,9420.0,80.0
2024Q2,451.29,583.45,679.65,44951.66,5,9420.0,80.0
2024Q2,73.92,189.01,664.38,12052.57,19,9405.0,15.8
2024Q2,458.99,560.32,698.89,23213.38,5,9420.0,60.0
2024Q2,442.67,601.8,686.09,23075.14,5,9205.0,60.0
2024Q2,449.26,571.05,707.54,23967.34,5,9420.0,60.0
2024Q2,439.95,534.45,105.22,-1936.19,20,22521.4,80.0
2024Q2,434.45,544.71,674.51,44755.66,5,9205.0,80.0
2024Q2,426.55,563.98,675.54,36717.85,6,8670.0,66.7
2024Q2,458.69,543.98,687.8,22548.0,5,9420.0,60.0
2024Q2,442.49,541.46,657.31,24959.47,7,18420.0,57.1
2024Q2,450.66,523.18,669.5,44139.98,5,9420.0,80.0
2024Q2,435.45,553.64,694.71,23732.59,5,9205.0,60.0
2024Q2,450.84,556.31,681.01,45060.45,5,9420.0,80.0
2024Q2,451.29,558.89,682.63,45190.62,5,9420.0,80.0
2024Q2,451.12,556.67,651.35,24043.15,7,18645.0,57.1
2024Q2,442.7,536.91,697.06,23733.41,5,9205.0,60.0
2024Q2,458.79,587.27,680.1,44987.73,5,9420.0,80.0
2024Q2,458.76,586.57,684.6,22356.11,5,9420.0,60.0
2024Q2,451.02,562.12,665.05,43784.08,5,9420.0,80.0
2024Q2,459.0,606.31,671.11,44268.9,5,9420.0,80.0
2024Q2,442.18,576.63,181.44,-21320.79,15,28578.4,60.0
2024Q2,446.84,552.12,686.62,22832.38,5,9420.0,60.0
2024Q2,437.45,522.24,695.65,23654.28,5,9205.0,60.0
2024Q2,451.11,547.04,661.8,43524.05,5,9420.0,80.0
2024Q2,442.98,559.56,680.46,45231.51,5,9205.0,80.0
2024Q2,427.55,540.74,672.07,36440.97,6,8670.0,66.7
2024Q2,440.12,542.23,707.5,24364.99,5,9205.0,60.0
2024Q2,432.83,517.02,690.9,23839.05,5,8870.0,60.0
2024Q2,444.21,564.63,650.43,23969.12,7,18645.0,57.1
2024Q2,424.49,450.13,679.78,37077.45,6,8655.0,66.7
2024Q2,445.38,537.78,662.26,43560.56,5,9420.0,80.0
2024Q2,432.08,492.08,693.62,24202.26,5,8745.0,60.0
2024Q2,450.16,557.96,673.12,44429.95,5,9420.0,80.0
2024Q2,436.26,513.22,682.55,45398.79,5,9205.0,80.0
2024Q2,419.77,492.98,694.43,24700.54,5,8545.0,60.0
2024Q2,436.38,480.58,656.83,25211.19,7,18130.0,57.1
2024Q2,424.44,507.18,684.68,23690.88,5,8740.0,60.0
2024Q2,438.81,510.13,707.89,24388.25,5,9205.0,60.0
2024Q2,430.81,491.53,646.34,16442.36,8,17940.0,50.0
2024Q2,443.86,535.49,668.58,44066.62,5,9420.0,80.0
2024Q2,409.1,548.31,684.57,15749.16,6,17125.0,50.0
2024Q2,436.47,536.96,669.58,44361.18,5,9205.0,80.0
2024Q2,450.46,571.66,415.96,4920.79,9,18385.0,55.6
2024Q2,427.62,505.75,697.06,24408.56,5,8745.0,60.0
2024Q2,445.01,499.34,659.86,24723.48,7,18645.0,57.1
2024Q2,451.23,545.89,680.6,45028.35,5,9420.0,80.0
2024Q2,451.88,1026.85,631.15,22391.83,7,18680.0,57.1
2024Q2,442.68,551.43,695.79,23657.21,5,9205.0,60.0
2024Q2,451.48,541.44,682.49,45179.6,5,9420.0,80.0
2024Q2,450.62,544.57,647.98,23773.06,7,18645.0,57.1
2024Q2,458.65,543.73,669.22,44117.64,5,9420.0,80.0
2024Q2,439.91,539.85,686.65,23114.28,5,9205.0,60.0
2024Q2,443.35,526.65,700.84,23960.36,5,9205.0,60.0
2024Q2,418.17,547.2,665.38,36025.39,6,8640.0,66.7
2024Q2,432.61,528.01,684.72,23467.92,5,8870.0,60.0
2024Q2,452.76,608.88,677.54,44783.51,5,9420.0,80.0
2024Q2,458.95,567.21,698.22,23172.93,5,9420.0,60.0
2024Q2,443.09,507.13,653.83,24681.11,7,18420.0,57.1
2024Q2,428.6,566.95,673.36,36544.18,6,8670.0,66.7
2024Q2,449.15,527.77,707.17,24015.23,5,9420.0,60.0
2024Q2,436.13,556.67,687.27,23286.47,5,9205.0,60.0
2024Q2,443.7,482.14,659.34,24907.53,7,18420.0,57.1
2024Q2,451.75,548.09,534.0,14879.93,7,18420.0,57.1
2024Q2,426.9,530.8,644.71,16611.43,8,17640.0,50.0
2024Q2,436.53,554.24,673.61,44683.43,5,9205.0,80.0
2024Q2,417.53,493.66,690.31,24308.37,5,8565.0,60.0
2024Q2,451.77,540.72,662.1,43547.99,5,9420.0,80.0
2024Q2,440.15,571.51,683.93,22951.05,5,9205.0,60.0
2024Q2,445.66,595.87,638.73,23033.32,7,18645.0,57.1
2024Q2,458.28,507.4,707.1,23705.75,5,9420.0,60.0
2024Q2,278.37,344.22,675.93,4591.26,9,24699.41,33.3
2024Q2,430.99,902.88,696.83,24394.6,5,8745.0,60.0
2024Q2,438.05,547.57,661.82,43740.95,5,9205.0,80.0
2024Q2,451.36,539.96,687.73,22779.05,5,9420.0,60.0
2024Q2,426.0,548.32,672.31,36479.44,6,8655.0,66.7
2024Q2,444.06,547.37,652.05,24099.26,7,18645.0,57.1
2024Q2,452.32,529.37,686.72,22718.01,5,9420.0,60.0
2024Q2,435.9,567.96,672.26,44576.0,5,9205.0,80.0
2024Q2,458.92,551.0,694.3,22938.09,5,9420.0,60.0
2024Q2,413.65,473.81,661.19,36115.05,6,8415.0,66.7
2024Q2,444.43,560.34,322.09,8702.32,11,18245.0,63.6
2024Q2,422.26,523.51,679.25,37159.8,6,8655.0,66.7
2024Q2,432.92,514.69,507.61,14058.59,7,17680.0,57.1
2024Q2,446.74,476.64,696.56,23428.5,5,9420.0,60.0
2024Q2,438.43,585.97,670.47,44432.6,5,9205.0,80.0
2024Q2,236.71,348.76,630.38,-6536.9,12,29615.0,25.0
2024Q2,452.06,958.5,653.31,24164.64,7,18680.0,57.1
2024Q2,445.98,611.57,680.78,45042.12,5,9420.0,80.0
2024Q2,428.77,593.15,707.85,25055.96,5,8745.0,60.0
2024Q2,441.35,617.23,688.04,23212.61,5,9205.0,60.0
2024Q2,458.39,595.16,664.17,43713.87,5,9420.0,80.0
2024Q2,421.5,545.39,678.59,37107.06,6,8655.0,66.7
2024Q2,435.4,576.8,275.99,3268.17,11,17680.0,63.6
2024Q2,445.41,496.78,643.36,23403.41,7,18645.0,57.1
2024Q2,430.91,557.81,693.94,24221.68,5,8745.0,60.0
2024Q2,443.96,661.8,472.47,38451.07,8,18245.0,75.0
2024Q2,451.0,520.4,666.19,43874.92,5,9420.0,80.0
2024Q2,138.45,251.07,682.6,8536.19,13,22920.0,23.1
2024Q2,458.87,562.52,697.93,23155.58,5,9420.0,60.0
2024Q2,437.81,584.89,653.68,24669.06,7,18420.0,57.1
2024Q2,426.13,438.22,673.5,36460.31,6,8764.42,66.7
2024Q2,405.19,496.13,687.03,15971.52,6,17125.0,50.0
2024Q2,445.3,570.86,665.59,43827.3,5,9420.0,80.0
2024Q2,437.41,515.36,358.27,281.6,9,17680.0,55.6
2024Q2,450.62,489.15,706.32,23894.43,5,9420.0,60.0
2024Q2,458.99,567.46,681.05,45063.97,5,9420.0,80.0
2024Q2,457.61,572.79,694.07,23059.15,5,9420.0,60.0
2024Q2,444.27,611.78,643.4,23406.87,7,18645.0,57.1
2024Q2,414.22,548.68,676.06,37379.92,6,8365.0,66.7
2024Q2,429.83,534.96,655.77,17406.67,8,17730.0,50.0
2024Q2,451.79,511.41,687.64,22773.19,5,9420.0,60.0
2024Q2,438.06,558.46,666.04,44078.48,5,9205.0,80.0
2024Q2,451.01,536.0,429.55,6279.69,9,18385.0,55.6
2024Q2,458.47,613.5,695.69,23021.7,5,9420.0,60.0
2024Q2,442.67,580.13,679.21,45131.97,5,9205.0,80.0
2024Q2,422.88,563.21,677.55,37024.26,6,8655.0,66.7
2024Q2,433.69,590.26,658.15,25317.26,7,18130.0,57.1
2024Q2,458.98,589.31,671.52,44301.71,5,9420.0,80.0
2024Q2,443.18,589.52,694.72,23592.92,5,9205.0,60.0
2024Q2,438.49,560.71,639.65,23547.22,7,18420.0,57.1
2024Q2,429.21,541.27,707.13,25012.67,5,8745.0,60.0
2024Q2,448.7,579.67,684.21,22652.35,5,9420.0,60.0
2024Q2,186.24,389.78,665.32,-1120.56,13,29500.0,23.1
2024Q2,441.17,673.98,623.91,22462.73,7,18245.0,57.1
2024Q2,420.71,469.51,684.26,24090.85,5,8545.0,60.0
2024Q2,396.03,534.88,657.43,12329.8,9,16275.0,44.4
2024Q2,450.99,517.92,673.89,44490.98,5,9420.0,80.0
2024Q2,433.78,541.48,707.87,24521.93,5,9205.0,60.0
2024Q2,443.84,565.75,692.25,23230.29,5,9420.0,60.0
2024Q2,430.7,522.35,648.57,16620.66,8,17940.0,50.0
2024Q2,451.14,522.29,673.87,44489.55,5,9420.0,80.0
2024Q2,441.15,542.73,685.35,23035.73,5,9205.0,60.0
2024Q2,293.13,472.49,665.87,1297.05,9,26605.0,33.3
2024Q2,419.22,812.5,696.53,24827.06,5,8545.0,60.0
2024Q2,458.81,480.43,681.25,45080.04,5,9420.0,80.0
2024Q2,458.21,504.7,683.44,22421.27,5,9420.0,60.0
2024Q2,451.91,469.87,656.23,24363.58,7,18737.37,57.1
2024Q2,458.67,478.72,695.8,23028.22,5,9420.0,60.0
2024Q2,447.02,488.88,670.75,44240.28,5,9420.0,80.0
2024Q2,102.32,123.58,636.05,9740.05,16,9031.51,18.8
2024Q2,458.68,468.47,683.84,22360.86,5,9369.34,60.0
2024Q2,446.08,820.64,661.62,43509.3,5,9420.0,80.0
2024Q2,439.17,465.53,696.78,23616.41,5,9310.68,60.0
2024Q2,433.71,491.61,707.44,24496.25,5,9205.0,60.0
2024Q2,449.11,527.3,649.47,23892.66,7,18645.0,57.1
2024Q2,426.2,511.28,677.46,36891.84,6,8655.0,66.7
2024Q2,448.93,600.77,670.19,44195.28,5,9420.0,80.0
2024Q2,438.73,571.49,687.84,23185.68,5,9205.0,60.0
2024Q2,450.9,744.56,662.89,43610.85,5,9420.0,80.0
2024Q2,262.67,328.71,679.11,2256.69,10,27460.0,30.0
2024Q2,458.47,554.8,697.92,23155.39,5,9420.0,60.0
2024Q2,434.84,552.08,649.89,24656.57,7,18130.0,57.1
2024Q2,413.52,450.7,688.29,24492.38,5,8440.0,60.0
2024Q2,443.1,551.69,671.45,44510.87,5,9205.0,80.0
2024Q2,424.8,430.08,707.5,25247.11,5,8601.56,60.0
2024Q2,458.56,459.36,662.94,43848.35,5,9187.22,80.0
2024Q2,444.35,525.24,187.37,-7921.29,15,19655.26,66.7
2024Q2,432.21,572.98,680.16,45742.89,5,8670.0,80.0
2024Q2,429.34,574.18,689.8,23972.76,5,8745.0,60.0
2024Q2,416.2,547.73,385.9,-4089.58,10,16925.0,50.0
2024Q2,433.6,486.6,642.8,24089.37,7,18130.0,57.1
2024Q2,437.43,535.02,566.2,18411.3,7,17680.0,57.1
2024Q2,408.77,528.16,674.35,28547.9,7,17125.0,57.1
2024Q2,424.45,493.94,83.06,15704.52,22,17520.0,90.9
2024Q2,449.29,590.02,655.51,24375.86,7,18645.0,57.1
2024Q2,452.4,544.5,692.85,23086.26,5,9420.0,60.0
2024Q2,439.28,548.86,675.3,44819.22,5,9205.0,80.0
2024Q2,458.72,490.54,663.36,43648.83,5,9420.0,80.0
2024Q2,431.09,555.96,696.38,24367.77,5,8745.0,60.0
2024Q2,63.84,146.22,682.07,16394.24,19,8210.0,15.8
2024Q2,441.93,500.44,669.1,44323.16,5,9205.0,80.0
2024Q2,451.4,554.83,629.07,22260.29,7,18645.0,57.1
2024Q2,421.89,541.49,686.44,24116.34,5,8545.0,60.0
2024Q2,444.59,532.84,649.66,23907.5,7,18645.0,57.1
2024Q2,434.71,588.78,707.43,24496.08,5,9205.0,60.0
2024Q3,187.55,769.39,526.83,56435.58,22,12420.0,45.5
2024Q3,284.82,380.3,137.45,8311.15,35,18140.0,71.4
2024Q3,50.21,580.31,438.35,38363.67,41,17035.0,22.0
2024Q3,332.3,344.9,687.66,34735.17,16,13796.05,43.8
2024Q3,386.28,516.23,154.91,605.29,32,17472.09,71.9
2024Q3,104.6,290.79,386.74,39876.78,30,14650.0,36.7
2024Q3,212.46,390.7,445.61,83596.52,23,9860.0,60.9
2024Q3,85.54,264.33,279.66,16539.97,44,19463.58,31.8
2024Q3,222.93,703.46,166.98,21339.74,38,12527.05,65.8
2024Q3,248.18,610.74,63.4,19497.42,51,11893.93,86.3
2024Q3,435.19,724.87,579.74,38623.63,14,18115.0,57.1
2024Q3,175.53,777.67,516.38,50095.5,24,15042.45,41.7
2024Q3,148.86,493.67,556.19,53369.82,23,10695.0,39.1
2024Q3,187.93,456.08,307.28,28864.56,28,14839.32,50.0
2024Q3,285.72,743.29,686.88,3252.92,16,23785.0,31.2
2024Q3,129.19,536.14,464.8,72152.84,26,11395.0,46.2
2024Q3,126.37,543.39,448.23,66209.01,27,10975.0,44.4
2024Q3,32.38,284.16,310.8,30615.57,48,12425.0,20.8
2024Q3,248.38,268.93,449.55,69380.88,22,12454.87,59.1
2024Q3,82.7,481.12,609.13,25525.9,30,16270.0,20.0
2024Q3,342.22,513.57,374.42,19039.93,22,20690.0,54.5
2024Q3,237.41,283.04,461.89,69601.55,23,10552.19,56.5
2024Q3,208.77,275.36,504.57,66031.18,21,8935.0,52.4
2024Q3,294.21,509.43,619.58,31405.56,16,12788.49,43.8
2024Q3,150.28,251.6,248.89,8841.31,37,27368.42,43.2
2024Q3,233.81,549.76,412.44,58618.26,23,11136.29,56.5
2024Q3,158.87,224.44,476.36,46587.68,24,14942.73,41.7
2024Q3,206.85,343.93,359.68,41126.29,25,10701.44,52.0
2024Q3,123.84,160.19,342.74,26309.6,29,12764.1,37.9
2024Q3,317.2,554.65,539.67,44321.34,17,13350.0,52.9
2024Q3,186.54,703.86,482.58,60732.18,22,12420.0,50.0
2024Q3,256.41,257.67,425.26,59033.24,23,12108.42,56.5
2024Q3,268.55,319.11,471.49,53863.13,20,12845.17,55.0
2024Q3,229.93,357.36,411.9,58479.92,23,11146.93,56.5
2024Q3,309.62,404.36,457.79,55173.46,18,14593.46,61.1
2024Q3,347.28,367.6,525.13,29201.69,18,22055.87,50.0
2024Q3,380.34,479.49,632.39,18119.09,16,24641.82,43.8
2024Q3,269.41,819.17,240.66,19561.11,30,18161.88,60.0
2024Q3,58.34,271.06,389.02,22584.06,41,18995.0,22.0
2024Q3,123.77,273.6,333.81,24202.74,29,12858.84,37.9
2024Q3,217.76,293.0,573.72,50350.99,17,14155.0,47.1
2024Q3,125.88,546.2,446.29,65744.63,27,10975.0,44.4
2024Q3,85.23,487.94,493.71,29159.15,33,14580.0,24.2
2024Q3,170.26,618.2,420.1,48148.68,26,11110.0,46.2
2024Q3,109.98,467.73,448.47,66461.95,29,14820.0,41.4
2024Q3,59.22,406.48,383.33,21414.58,41,19145.0,22.0
2024Q3,194.02,482.05,565.04,49011.22,18,16635.0,44.4
2024Q3,243.36,615.38,512.59,66455.89,20,10648.1,55.0
2024Q3,143.76,168.27,445.01,63271.96,26,13160.85,46.2
2024Q3,111.99,490.23,537.62,59247.43,24,10345.0,37.5
2024Q3,458.69,755.39,397.95,30097.12,19,20066.07,63.2
2024Q3,237.52,609.26,509.62,61501.78,21,10415.0,52.4
2024Q3,254.39,566.69,488.75,59960.68,20,11279.94,55.0
2024Q3,272.94,605.46,53.38,9123.66,54,16154.55,87.0
2024Q3,199.14,686.51,465.32,74104.22,24,12475.0,54.2
2024Q3,169.09,622.11,457.01,57496.58,26,15899.87,46.2
2024Q3,201.25,679.86,592.53,52535.03,18,16950.0,44.4
2024Q3,104.06,618.74,359.01,32272.62,31,14504.76,35.5
2024Q3,183.73,733.44,422.98,65446.02,24,12425.31,54.2
2024Q3,217.75,649.88,547.49,62848.9,20,9495.0,50.0
2024Q3,29.4,627.02,468.49,52928.49,48,13635.0,18.8
2024Q3,240.71,630.09,516.56,62287.97,21,10430.0,52.4
2024Q3,255.12,734.54,493.79,61348.55,20,10964.22,55.0
2024Q3,219.9,482.33,434.31,65914.95,23,10668.85,56.5
2024Q3,139.82,466.4,399.59,38215.41,27,14228.14,40.7
2024Q3,294.69,648.91,474.8,61450.36,18,12960.0,61.1
2024Q3,156.86,198.08,526.71,43502.46,24,14245.0,37.5
2024Q3,279.9,476.11,439.49,66667.7,21,12645.0,61.9
2024Q3,320.11,513.44,368.14,8390.89,22,19600.0,50.0
2024Q3,284.26,405.57,102.12,29468.96,42,14495.2,83.3
2024Q3,70.83,241.64,307.01,5366.15,42,21280.0,23.8
2024Q3,245.84,481.17,436.51,66946.54,22,12379.88,59.1
2024Q3,228.4,456.04,443.5,81304.21,23,10760.06,60.9
2024Q3,226.07,421.89,433.79,64450.74,23,11379.17,56.5
2024Q3,207.42,420.21,468.92,77425.23,23,8935.0,56.5
2024Q3,205.77,440.8,405.05,53537.3,25,13829.05,52.0
2024Q3,261.11,418.26,472.26,55717.97,20,12054.73,55.0
2024Q3,183.92,405.78,499.39,65145.05,22,12180.0,50.0
2024Q3,198.44,447.03,465.21,74199.79,24,12475.0,54.2
2024Q3,196.25,473.08,458.92,72469.07,24,12485.0,54.2
2024Q3,174.29,453.13,466.7,58814.06,26,15965.91,46.2
2024Q3,196.27,454.58,486.22,60297.68,22,12485.0,50.0
2024Q3,211.98,457.22,457.95,72992.21,23,9385.0,56.5
2024Q3,207.32,456.2,416.67,64639.29,23,9651.59,56.5
2024Q3,231.8,506.73,459.29,70369.79,23,10314.25,56.5
2024Q3,214.86,431.78,536.31,55747.32,21,9495.0,47.6
2024Q3,227.63,527.1,462.94,71633.7,23,10876.25,56.5
2024Q3,160.26,448.87,379.65,35560.45,28,10825.0,42.9
2024Q3,193.01,494.82,502.28,65005.57,22,12420.0,50.0
2024Q3,175.59,381.34,484.21,43661.67,24,15685.83,41.7
2024Q3,227.77,408.13,559.19,63638.15,20,10195.0,50.0
2024Q3,234.08,506.52,458.97,70041.4,23,10320.66,56.5
2024Q3,210.7,458.1,453.13,86045.12,23,9860.0,60.9
2024Q3,201.36,449.68,425.68,63747.8,24,12861.32,54.2
2024Q3,185.71,412.99,411.31,62029.71,24,12898.87,54.2
2024Q3,217.6,550.16,448.17,82912.6,23,10391.6,60.9
2024Q3,216.08,457.67,339.33,32481.15,25,12228.37,52.0
2024Q3,210.89,375.28,391.25,51535.62,24,10649.95,54.2
2024Q3,166.86,664.34,445.66,68786.54,26,10855.0,50.0
2024Q3,138.62,472.96,523.46,47951.97,24,13210.0,37.5
2024Q3,197.94,516.93,480.96,59140.32,22,12485.0,50.0
2024Q3,221.95,482.01,428.08,64130.91,23,10793.39,56.5
2024Q3,182.18,480.95,455.91,73807.38,24,12130.0,54.2
2024Q3,180.76,463.26,508.7,67574.38,22,11800.0,50.0
2024Q3,190.38,416.43,450.6,84888.09,24,12420.0,58.3
2024Q3,189.14,396.88,451.49,85197.07,24,12420.0,58.3
2024Q3,162.27,308.34,415.31,50544.07,26,10830.0,46.2
2024Q3,190.53,397.32,440.21,81978.87,24,12420.0,58.3
2024Q3,154.43,363.46,444.4,71078.83,26,10470.0,50.0
2024Q3,187.21,377.61,403.01,56118.2,25,12924.75,52.0
2024Q3,176.6,402.88,494.49,44757.21,24,16440.28,41.7
2024Q3,209.3,416.24,451.75,86399.51,23,9280.0,60.9
2024Q3,193.14,374.43,474.63,58924.1,22,12420.0,50.0
2024Q3,206.79,412.61,432.21,69184.54,23,8935.0,56.5
2024Q3,249.0,475.26,441.48,67618.97,22,12280.46,59.1
2024Q3,203.48,370.52,485.52,60074.15,22,12685.0,50.0
2024Q3,188.74,390.64,449.18,84551.59,24,12420.0,58.3
2024Q3,218.71,420.45,368.05,39908.59,25,11653.95,52.0
2024Q3,237.53,453.33,388.79,45145.36,24,12479.2,54.2
2024Q3,172.13,349.66,421.77,47999.62,26,11010.0,46.2
2024Q3,189.28,336.37,474.04,58843.91,22,12420.0,50.0
2024Q3,182.56,417.58,706.66,55642.21,18,16060.0,38.9
2024Q3,200.55,390.69,452.62,83954.3,24,12600.0,58.3
2024Q3,200.06,319.55,448.51,82803.53,24,12600.0,58.3
2024Q3,222.34,413.39,448.72,83067.04,23,10380.57,60.9
2024Q3,212.31,343.6,406.11,55397.91,24,10352.85,54.2
2024Q3,224.35,411.58,442.14,80524.11,23,11212.21,60.9
2024Q3,224.26,331.03,444.92,81303.86,23,11156.51,60.9
2024Q3,245.6,358.16,430.1,51318.45,22,12508.05,54.5
2024Q3,237.35,329.89,451.34,81326.03,23,10783.14,60.9
2024Q3,234.09,319.93,417.91,59795.43,23,11026.89,56.5
2024Q3,259.01,316.42,444.48,67540.94,22,12530.31,59.1
2024Q3,223.52,381.34,399.87,51526.95,24,12017.54,54.2
2024Q3,217.02,302.25,448.73,83068.19,23,10380.49,60.9
2024Q3,212.98,293.51,495.54,62098.74,21,9940.0,52.4
2024Q3,192.67,261.8,453.62,85517.26,24,12420.0,58.3
2024Q3,193.2,312.25,454.64,85722.89,24,12420.0,58.3
2024Q3,190.49,258.77,482.18,60634.19,22,12420.0,50.0
2024Q3,200.61,339.06,430.67,65079.62,24,12726.57,54.2
2024Q3,166.91,290.38,502.12,49494.1,24,14717.59,41.7
2024Q3,204.36,377.49,454.26,84453.88,24,12695.0,58.3
2024Q3,205.37,400.86,451.88,83871.94,24,12775.0,58.3
2024Q3,204.9,372.44,454.15,84428.22,24,12775.0,58.3
2024Q3,212.13,383.94,471.57,57380.03,21,9385.0,52.4
2024Q3,207.94,405.27,458.12,74617.33,23,8935.0,56.5
2024Q3,176.75,359.67,422.7,47152.48,26,11961.04,46.2
2024Q3,193.51,354.82,486.27,61093.74,22,12420.0,50.0
2024Q3,218.9,357.29,468.75,73844.17,23,10060.06,56.5
2024Q3,205.4,395.4,414.29,60981.5,24,13194.12,54.2
2024Q3,196.91,347.62,653.77,45472.43,18,16765.0,38.9
2024Q3,184.9,355.27,454.46,86177.96,24,12360.0,58.3
2024Q3,181.69,353.53,218.02,23919.46,36,20129.53,55.6
2024Q3,214.56,397.67,457.98,71623.98,23,10275.46,56.5
2024Q3,188.65,387.08,432.71,67169.23,24,12505.83,54.2
2024Q3,201.55,420.89,514.19,66005.89,22,12670.0,50.0
2024Q3,170.79,329.6,454.9,69234.72,26,11010.0,50.0
2024Q3,207.99,258.99,480.11,61355.41,21,8935.0,52.4
2024Q3,372.54,546.62,430.12,65347.2,19,15560.0,68.4
2024Q3,220.51,248.53,468.0,73822.16,23,10017.04,56.5
2024Q3,162.0,311.59,493.62,49573.38,24,14952.66,41.7
2024Q3,148.74,358.06,452.95,61591.93,26,14651.09,46.2
2024Q3,200.91,307.28,449.34,82964.01,24,12670.0,58.3
2024Q3,187.12,281.31,432.84,67592.34,24,12503.28,54.2
2024Q3,196.72,270.89,409.86,59874.47,24,12852.73,54.2
2024Q3,230.14,343.64,474.59,55300.38,21,10008.15,52.4
2024Q3,179.49,366.6,450.45,66130.76,26,11800.0,50.0
2024Q3,207.56,308.63,464.29,76220.01,23,8935.0,56.5
2024Q3,193.19,386.61,438.42,81261.41,24,12420.0,58.3
2024Q3,216.87,352.61,478.83,57431.78,21,9940.0,52.4
2024Q3,204.75,371.28,419.44,62318.17,24,13091.29,54.2
2024Q3,180.48,396.15,451.15,86377.03,24,11800.0,58.3
2024Q3,176.79,397.34,449.12,66196.16,26,11710.0,50.0
2024Q3,188.33,389.63,464.65,75568.92,24,12420.0,54.2
2024Q3,199.65,428.81,437.95,79970.54,24,12475.0,58.3
2024Q3,214.46,454.3,454.89,85294.02,23,10337.21,60.9
2024Q3,170.28,406.26,458.5,57429.0,26,16125.08,46.2
2024Q3,180.81,395.75,422.09,65528.42,24,12063.2,54.2
2024Q3,196.35,447.05,488.41,60780.98,22,12485.0,50.0
2024Q3,227.07,406.09,469.54,73351.09,23,10744.15,56.5
2024Q3,208.7,415.47,403.51,55808.77,24,9824.71,54.2
2024Q3,187.97,246.86,437.35,81267.74,24,12420.0,58.3
2024Q3,218.58,415.96,444.86,81984.95,23,10457.86,60.9
2024Q3,213.32,555.89,453.47,85732.35,23,9860.0,60.9
2024Q3,202.74,289.11,457.06,71821.41,24,12670.0,54.2
2024Q3,210.67,430.71,478.88,59529.29,21,9400.0,52.4
2024Q3,194.06,380.94,427.26,64967.47,24,12514.81,54.2
2024Q3,230.39,402.33,453.82,83400.67,23,10423.52,60.9
2024Q3,227.22,395.07,468.41,73056.6,23,10766.8,56.5
2024Q3,232.25,436.89,499.58,60797.24,21,9985.0,52.4
2024Q3,239.36,504.78,457.66,68390.9,23,10636.85,56.5
2024Q3,247.59,483.63,433.01,51456.97,22,12449.84,54.5
2024Q3,219.21,373.88,448.22,82925.66,23,10390.67,60.9
2024Q3,212.56,389.73,450.75,85034.33,23,9860.0,60.9
2024Q3,213.53,391.82,474.31,57429.03,21,9940.0,52.4
2024Q3,207.78,399.98,462.84,75844.5,23,8935.0,56.5
2024Q3,222.43,395.82,422.88,62812.89,23,10862.47,56.5
2024Q3,419.84,637.5,439.03,88582.49,18,8790.0,77.8
2024Q3,181.65,395.77,436.81,81545.71,24,12133.88,58.3
2024Q3,191.44,431.59,483.75,61100.09,22,12420.0,50.0
2024Q3,442.28,650.33,457.06,63874.88,17,18417.52,70.6
2024Q3,426.14,652.32,416.77,64869.13,18,17155.0,72.2
2024Q3,201.83,391.51,443.1,81217.71,24,12670.0,58.3
2024Q3,213.5,374.38,450.91,85015.24,23,9860.0,60.9
2024Q3,204.85,367.82,467.08,74550.37,24,12775.0,54.2
2024Q3,214.68,365.57,433.65,66223.14,23,10682.07,56.5
2024Q3,193.9,371.83,454.55,85088.62,24,12420.0,58.3
2024Q3,186.9,370.97,461.76,74821.35,24,12420.0,54.2
2024Q3,174.7,318.48,478.77,42749.82,24,15794.52,41.7
2024Q3,195.95,373.82,492.08,61586.82,22,12485.0,50.0
2024Q3,186.36,350.19,441.3,82373.94,24,12420.0,58.3
2024Q3,409.92,612.64,454.58,67109.02,17,16810.0,70.6
2024Q3,212.03,377.45,450.93,85085.53,23,9860.0,60.9
2024Q3,199.17,359.46,470.49,56722.82,22,12475.0,50.0
2024Q3,210.4,382.62,431.56,66844.93,23,9968.85,56.5
2024Q3,195.96,391.92,452.68,84001.26,24,12485.0,58.3
2024Q3,190.37,384.98,440.83,82153.69,24,12420.0,58.3
2024Q3,198.21,411.8,462.12,73396.63,24,12475.0,54.2
2024Q3,179.78,379.47,421.13,65829.94,24,12082.31,54.2
2024Q3,206.88,550.56,479.08,60931.85,21,8935.0,52.4
2024Q3,172.38,395.46,449.89,67465.43,26,11010.0,50.0
2024Q3,193.07,322.89,430.52,66324.42,24,12549.66,54.2
2024Q3,212.0,392.81,454.79,86642.35,23,9385.0,60.9
2024Q3,361.37,550.74,465.18,66632.76,18,15540.0,66.7
2024Q3,207.94,209.15,449.32,83980.18,24,12548.92,58.3
2024Q3,202.26,385.78,448.92,82848.37,24,12670.0,58.3
2024Q3,212.97,419.04,458.12,72415.47,23,9940.0,56.5
2024Q3,192.58,422.2,440.01,81708.79,24,12420.0,58.3
2024Q3,182.33,334.34,472.26,59276.67,22,12145.0,50.0
2024Q3,164.55,194.24,450.81,71251.68,26,11054.71,50.0
2024Q3,206.68,454.61,412.86,63647.4,23,9727.89,56.5
2024Q3,200.22,202.49,483.33,61783.89,22,12149.48,50.0
2024Q3,214.3,390.19,438.13,80681.54,23,10592.39,60.9
2024Q3,221.61,383.66,460.59,71724.57,23,10223.11,56.5
2024Q3,205.2,399.15,441.99,81102.3,24,12775.0,58.3
2024Q3,195.34,376.49,467.2,74622.63,24,12485.0,54.2
2024Q3,210.73,425.62,427.77,65895.66,23,10009.56,56.5
2024Q3,185.45,384.95,450.6,84978.45,24,12420.0,58.3
2024Q3,185.34,386.25,455.06,86146.95,24,12420.0,58.3
2024Q3,185.59,397.23,472.28,58727.23,22,12420.0,50.0
2024Q3,176.88,376.31,449.53,66302.28,26,11710.0,50.0
2024Q3,189.57,415.78,463.36,75208.42,24,12420.0,54.2
2024Q3,195.47,395.33,453.37,84194.39,24,12485.0,58.3
2024Q3,195.42,400.39,450.68,83439.29,24,12485.0,58.3
2024Q3,182.45,224.34,439.39,82305.0,24,12166.84,58.3
2024Q3,187.46,202.28,457.63,75014.37,24,12051.34,54.2
2024Q3,169.15,358.03,427.65,50384.86,26,10855.0,46.2
2024Q3,198.49,414.13,476.92,58261.45,22,12475.0,50.0
2024Q3,178.34,348.9,443.07,64289.18,26,11755.0,50.0
2024Q3,191.53,376.87,461.7,74836.47,24,12420.0,54.2
2024Q3,200.94,440.28,456.43,71597.44,24,12670.0,54.2
2024Q3,326.78,526.79,428.93,71542.86,19,13135.0,68.4
2024Q3,213.81,393.15,486.3,59311.55,21,9940.0,52.4
2024Q3,185.75,568.69,471.01,58446.36,22,12420.0,50.0
2024Q3,204.05,424.92,449.63,83247.06,24,12685.0,58.3
2024Q3,192.72,353.54,437.79,81084.84,24,12420.0,58.3
2024Q3,172.89,378.09,129.37,4327.55,43,14963.16,60.5
2024Q3,221.45,366.98,417.85,61670.48,23,10963.04,56.5
2024Q3,209.79,382.06,467.65,76002.92,23,9400.0,56.5
2024Q3,401.75,658.83,444.52,65384.63,17,16610.0,70.6
2024Q3,197.7,391.99,490.23,61181.12,22,12485.0,50.0
2024Q3,160.97,389.13,458.12,60843.94,26,15662.59,46.2
2024Q3,183.75,395.48,432.51,67887.06,24,12269.84,54.2
2024Q3,307.06,665.18,475.11,40919.28,16,12730.0,56.2
2024Q3,204.21,388.56,451.06,83647.42,24,12685.0,58.3
2024Q3,215.83,380.89,442.15,81251.26,23,10512.05,60.9
2024Q3,193.27,391.86,465.32,75307.93,24,12420.0,54.2
2024Q3,178.82,397.05,38.33,9969.96,61,15564.54,86.9
2024Q3,224.17,403.54,410.21,58889.88,23,11745.78,56.5
2024Q3,202.37,435.51,426.02,63836.23,24,12854.52,54.2
2024Q3,187.74,324.75,455.21,86187.79,24,12420.0,58.3
2024Q3,167.6,303.74,479.98,45066.82,24,15160.32,41.7
2024Q3,187.11,339.89,460.7,74546.78,24,12420.0,54.2
2024Q3,177.36,318.68,438.3,63383.05,26,11710.0,50.0
2024Q3,192.04,320.92,453.46,85607.65,24,12420.0,58.3
2024Q3,185.63,302.1,493.86,63473.65,22,12420.0,50.0
2024Q3,195.21,322.21,475.28,58345.9,22,12485.0,50.0
2024Q3,173.82,323.48,464.05,58176.23,26,16019.06,46.2
2024Q3,186.02,320.83,425.3,65669.22,24,12618.91,54.2
2024Q3,195.66,352.51,504.06,64223.27,22,12485.0,50.0
2024Q3,211.88,379.21,452.36,85484.54,23,9860.0,60.9
2024Q3,210.97,377.21,440.9,82276.74,23,9860.0,60.9
2024Q3,232.8,358.09,469.48,73020.2,23,10110.37,56.5
2024Q3,217.95,375.72,316.24,28376.07,27,12690.28,51.9
2024Q3,180.24,322.18,455.33,87467.05,24,11800.0,58.3
2024Q3,160.49,300.32,484.11,47716.44,24,15142.86,41.7
2024Q3,169.23,288.31,435.57,52253.0,26,10855.0,46.2
2024Q3,180.11,496.98,464.15,77044.19,24,11800.0,54.2
2024Q3,222.88,367.67,396.0,50520.85,24,12094.93,54.2
2024Q3,177.87,350.59,417.82,46000.65,26,12058.7,46.2
2024Q3,206.63,359.2,450.74,87168.46,23,8935.0,60.9
2024Q3,456.96,610.11,443.82,69152.94,16,10262.01,75.0
2024Q3,155.14,298.68,430.53,55106.23,26,10470.0,46.2
2024Q3,212.18,343.02,455.75,72419.42,23,9385.0,56.5
2024Q3,339.68,447.24,474.41,51822.24,16,14535.0,62.5
2024Q3,189.19,435.31,447.13,83975.42,24,12420.0,58.3
2024Q3,204.8,361.51,488.78,60717.03,22,12775.0,50.0
2024Q3,228.02,393.84,461.88,71783.52,23,10472.42,56.5
2024Q3,184.0,310.1,436.53,81417.99,24,12189.43,58.3
2024Q3,167.95,345.7,424.21,51006.58,26,10855.0,46.2
2024Q3,215.32,358.45,404.92,54254.49,24,10916.58,54.2
2024Q3,200.59,437.54,471.91,56759.92,22,12600.0,50.0
2024Q3,238.81,401.1,204.52,20736.55,34,12074.38,61.8
2024Q3,190.31,372.06,450.5,84860.52,24,12420.0,58.3
2024Q3,176.47,396.07,446.76,66502.57,26,11010.0,50.0
2024Q3,190.92,379.09,434.56,67590.41,24,12468.81,54.2
2024Q3,182.33,396.61,273.36,24174.16,32,19037.86,50.0
2024Q3,190.53,373.76,459.45,74131.14,24,12420.0,54.2
2024Q3,170.0,540.51,479.37,43278.49,24,15707.65,41.7
2024Q3,199.02,404.0,416.47,61547.57,24,12850.57,54.2
2024Q3,210.5,622.41,448.47,84741.85,23,9860.0,60.9
2024Q3,220.02,637.42,464.53,72748.33,23,10144.36,56.5
2024Q3,209.84,716.28,444.9,83902.05,23,9860.0,60.9
2024Q3,226.62,788.66,501.11,61424.52,21,10195.0,52.4
2024Q3,203.07,639.69,431.13,65503.15,24,12802.45,54.2
2024Q3,213.2,347.0,459.46,72765.74,23,9940.0,56.5
2024Q3,192.8,455.47,475.69,59156.52,22,12420.0,50.0
2024Q3,218.63,619.13,447.98,82858.16,23,10395.49,60.9
2024Q3,207.25,317.84,424.92,66784.72,23,9486.56,56.5
2024Q3,179.73,638.85,454.85,87333.76,24,11800.0,58.3
2024Q3,175.08,331.83,489.52,44723.35,24,15579.67,41.7
2024Q3,99.16,271.61,469.39,66410.39,27,9605.0,40.7
2024Q3,160.15,304.11,436.98,68349.36,26,10825.0,50.0
2024Q3,147.28,615.93,457.31,63479.03,26,14823.83,46.2
2024Q3,182.42,435.41,481.1,61223.04,22,12145.0,50.0
2024Q3,186.74,716.9,462.93,75127.54,24,12420.0,54.2
2024Q3,172.66,774.39,410.76,45496.44,26,11029.88,46.2
2024Q3,195.96,430.9,437.92,79868.17,24,12485.0,58.3
2024Q3,181.7,335.71,452.97,86070.21,24,12130.0,58.3
2024Q3,179.33,299.11,474.27,40304.88,24,16964.51,41.7
2024Q3,169.67,318.21,456.94,57175.22,26,16156.23,46.2
2024Q3,40.37,194.57,424.31,42066.56,43,14830.0,20.9
2024Q3,184.58,767.25,438.25,81901.36,24,12180.0,58.3
2024Q3,162.45,291.03,468.91,63272.27,26,15451.89,46.2
2024Q3,199.08,335.43,486.3,60202.05,22,12475.0,50.0
2024Q3,234.56,402.95,453.14,82560.14,23,10415.0,60.9
2024Q3,179.44,337.42,440.89,63645.97,26,11800.0,50.0
2024Q3,201.34,302.04,503.46,63645.27,22,12670.0,50.0
2024Q3,190.01,473.17,382.81,46421.71,26,13328.71,50.0
2024Q3,227.53,454.73,465.39,72270.68,23,10827.26,56.5
2024Q3,174.11,318.64,427.17,49296.18,26,11010.0,46.2
2024Q3,152.68,399.24,450.84,72533.12,26,10675.0,50.0
2024Q3,266.39,435.84,589.51,45211.76,17,16345.0,47.1
2024Q3,216.4,425.52,476.54,56869.63,21,9940.0,52.4
2024Q3,195.7,385.95,443.92,81547.44,24,12485.0,58.3
2024Q3,206.78,386.98,463.92,76123.69,23,8935.0,56.5
2024Q3,185.72,408.87,513.62,67820.83,22,12420.0,50.0
2024Q3,200.38,320.3,491.29,61149.84,22,12600.0,50.0
2024Q3,166.01,626.02,432.51,53918.5,26,10830.0,46.2
2024Q3,180.96,341.77,413.37,63260.61,24,12237.65,54.2
2024Q3,190.96,329.25,455.65,73263.71,24,12420.0,54.2
2024Q3,217.52,410.31,472.07,55905.3,21,9993.61,52.4
2024Q3,209.2,419.77,442.98,83945.56,23,9280.0,60.9
2024Q3,174.19,251.14,457.37,56573.98,26,16152.58,46.2
2024Q3,224.75,378.67,418.37,60940.21,23,11652.68,56.5
2024Q3,199.03,437.61,400.38,53457.74,25,13032.48,52.0
2024Q3,394.0,565.67,479.46,47971.28,16,15985.0,62.5
2024Q3,187.3,317.86,434.32,67617.61,24,12473.65,54.2
2024Q3,293.13,489.52,450.48,74379.18,20,12645.0,65.0
2024Q3,206.02,424.97,465.06,76420.03,23,8935.0,56.5
2024Q3,193.05,258.19,443.32,82635.1,24,12420.0,58.3
2024Q3,240.74,419.77,426.06,59124.88,23,12268.86,56.5
2024Q3,214.1,482.17,458.62,71792.2,23,10262.52,56.5
2024Q3,179.83,342.72,485.33,63263.14,22,11800.0,50.0
2024Q3,162.53,598.14,467.46,62746.14,26,15480.74,46.2
2024Q3,199.59,344.78,447.3,82590.19,24,12475.0,58.3
2024Q3,222.03,707.01,435.55,66072.99,23,10644.0,56.5
2024Q3,187.16,394.58,457.16,73627.5,24,12420.0,54.2
2024Q3,371.35,897.33,472.8,48235.18,16,15540.0,62.5
2024Q3,210.67,435.89,422.3,64473.38,23,10118.97,56.5
2024Q3,176.46,270.96,493.58,45496.37,24,15538.36,41.7
2024Q3,191.71,380.84,445.07,83339.3,24,12420.0,58.3
2024Q3,205.13,356.28,457.77,72129.12,24,12775.0,54.2
2024Q3,232.82,344.95,433.41,64036.15,23,10751.83,56.5
2024Q3,198.08,367.0,477.03,58286.51,22,12475.0,50.0
2024Q3,171.69,375.58,448.08,67416.79,26,11010.0,50.0
2024Q3,186.23,365.58,467.15,76223.66,24,12420.0,54.2
2024Q3,352.29,662.3,436.9,85411.84,19,7860.0,73.7
2024Q3,407.33,727.46,417.74,66962.35,18,16675.0,72.2
2024Q3,419.57,727.53,435.78,70607.52,18,17080.0,72.2
2024Q3,439.17,716.44,658.84,11869.04,11,27450.0,45.5
2024Q3,345.61,481.77,403.19,54914.46,20,14355.0,65.0
2024Q3,376.35,709.09,427.12,64637.31,19,15415.0,68.4
2024Q3,352.96,517.3,454.32,64437.0,18,15540.0,66.7
2024Q3,250.79,602.05,439.67,67205.22,22,12181.52,59.1
2024Q3,219.45,346.67,73.28,19959.78,51,11303.82,82.4
2024Q3,391.09,685.58,466.81,64078.44,18,15860.0,66.7
2024Q3,207.35,358.45,479.27,60974.72,21,8935.0,52.4
2024Q3,421.45,719.62,449.86,64861.67,17,17550.0,70.6
2024Q3,222.48,409.8,413.93,60487.05,23,11041.38,56.5
2024Q3,332.12,509.88,355.42,17224.99,22,20230.0,54.5
2024Q3,166.79,475.28,499.48,48965.99,24,14770.4,41.7
2024Q3,181.53,339.11,461.39,75230.16,24,12130.0,54.2
2024Q3,212.62,404.1,436.49,81041.69,23,9870.24,60.9
2024Q3,362.37,504.59,486.43,51861.96,16,15540.0,62.5
2024Q3,196.33,366.06,447.61,82581.57,24,12485.0,58.3
2024Q3,230.73,428.76,467.55,72518.47,23,10148.96,56.5
2024Q3,456.28,584.89,432.34,65692.32,18,18645.0,72.2
2024Q3,197.65,350.64,392.02,51274.14,25,13209.68,52.0
2024Q3,313.86,657.23,458.23,54970.35,18,14740.85,61.1
2024Q3,204.05,458.17,422.44,63105.04,24,12941.15,54.2
2024Q4,187.55,769.39,526.83,-11950.33,14,18416.88,21.4
2024Q4,284.82,380.3,137.45,2165.92,29,21094.77,69.0
2024Q4,50.21,580.31,438.35,-10418.78,34,23462.93,8.8
2024Q4,332.3,344.9,687.66,-34136.78,11,34169.07,18.2
2024Q4,386.28,516.23,154.91,-32022.44,22,35741.91,59.1
2024Q4,104.6,290.79,386.74,-8216.47,25,22015.59,20.0
2024Q4,212.46,390.7,445.61,-22521.0,17,36050.5,23.5
2024Q4,85.54,264.33,279.66,-2174.3,32,16505.36,25.0
2024Q4,222.93,703.46,166.98,-15036.16,29,33416.64,51.7
2024Q4,248.18,610.74,63.4,-2654.71,38,21628.93,78.9
2024Q4,438.86,442.53,37.1,4613.96,45,22841.51,93.3
2024Q4,429.61,439.02,58.18,-4340.71,39,36920.52,87.2
2024Q4,331.9,410.21,246.42,-27381.2,16,20701.2,43.8
2024Q4,457.5,759.45,38.24,4079.67,45,24216.23,93.3
2024Q4,448.11,751.65,263.54,-55825.92,14,51996.74,35.7
2024Q4,390.91,698.31,37.29,7668.48,45,19926.01,93.3
2024Q4,381.95,777.21,133.76,-28207.33,25,33798.16,64.0
2024Q4,384.91,636.01,621.35,-46565.97,11,38840.97,18.2
2024Q4,329.3,746.82,205.84,14286.77,22,21629.65,68.2
2024Q4,308.37,706.79,220.56,-4541.32,21,19770.0,57.1
2024Q4,269.94,743.98,302.85,-41452.45,20,41944.54,30.0
2024Q4,409.1,654.74,107.7,-10688.82,29,30074.08,75.9
2024Q4,347.65,705.26,199.29,10082.64,22,23732.47,68.2
2024Q4,347.43,781.86,348.86,-50928.46,13,43948.46,23.1
2024Q4,366.52,697.52,206.12,-18500.02,21,32122.51,57.1
2024Q4,311.02,563.58,186.81,11543.3,22,20616.34,68.2
2024Q4,174.11,413.3,340.31,-28643.51,22,34761.1,22.7
2024Q4,295.89,736.86,193.17,18809.44,23,18989.79,69.6
2024Q4,292.37,831.79,305.75,-18060.4,17,30070.0,41.2
2024Q4,166.74,724.66,539.67,-7479.55,14,14715.0,21.4
2024Q4,254.34,846.94,188.26,-6717.93,27,30904.59,55.6
2024Q4,313.54,770.39,236.51,-36184.19,16,29849.19,37.5
2024Q4,357.62,765.16,123.2,2183.21,29,21530.94,75.9
2024Q4,295.71,662.0,187.08,16880.47,23,19335.22,69.6
2024Q4,280.8,794.12,95.37,4857.98,35,23556.0,77.1
2024Q4,306.91,670.31,165.9,5713.93,22,21416.21,68.2
2024Q4,223.91,726.36,392.15,-31697.92,17,42783.96,23.5
2024Q4,326.16,762.11,425.74,-41420.78,13,34895.78,23.1
2024Q4,272.97,552.04,310.69,-48563.76,15,49302.51,20.0
2024Q4,205.93,415.07,91.39,-10803.63,38,26125.02,65.8
2024Q4,296.91,434.14,155.52,9695.19,24,18313.78,70.8
2024Q4,343.06,699.75,182.18,5404.22,22,24304.16,68.2
2024Q4,254.14,585.14,207.21,-14749.83,26,29767.27,50.0
2024Q4,318.94,744.67,245.15,-36262.29,16,29707.29,37.5
2024Q4,409.64,787.8,147.39,-31343.72,24,39008.99,62.5
2024Q4,362.07,821.96,282.64,-41333.34,16,33933.34,37.5
2024Q4,329.6,611.0,193.38,10549.02,22,22377.2,68.2
2024Q4,236.49,509.04,271.95,-42770.4,21,43244.5,28.6
2024Q4,288.44,622.21,79.75,-4712.44,35,25919.43,77.1
2024Q4,147.19,356.6,229.44,-19626.48,31,32363.44,32.3
2024Q4,262.87,323.72,128.72,-15052.31,35,27678.4,62.9
2024Q4,339.72,620.93,184.76,6433.71,22,23979.26,68.2
2024Q4,41.44,425.89,201.73,7706.86,43,17715.0,23.3
2024Q4,328.48,683.33,250.69,-25693.9,16,19905.0,43.8
2024Q4,368.79,681.79,164.17,-29044.48,21,35114.87,57.1
2024Q4,296.78,714.7,222.02,1925.31,22,19215.0,59.1
2024Q4,401.99,556.07,123.23,-11040.17,30,33221.01,73.3
2024Q4,341.28,830.52,65.31,-3557.49,35,26728.27,82.9
2024Q4,309.39,522.74,520.15,-49158.9,13,42893.9,15.4
2024Q4,372.85,820.22,701.9,-4440.95,9,23640.0,33.3
2024Q4,426.82,694.78,327.53,-67088.19,13,65093.79,23.1
2024Q4,299.17,419.48,159.3,7996.98,23,20996.82,69.6
2024Q4,283.62,319.81,143.42,10682.75,28,17345.0,71.4
2024Q4,278.26,321.06,201.24,3415.66,25,33405.87,60.0
2024Q4,238.07,618.96,110.41,-5413.11,37,25287.59,67.6
2024Q4,352.03,760.37,140.4,-14072.8,24,24843.2,66.7
2024Q4,328.47,672.89,177.6,6269.43,22,23159.11,68.2
2024Q4,318.66,420.31,258.07,-34711.74,16,29027.25,37.5
2024Q4,259.57,570.26,279.88,-47594.46,21,47887.05,28.6
2024Q4,286.5,682.82,220.32,-1596.9,23,23665.0,56.5
2024Q4,272.45,501.52,204.27,5271.11,25,32803.78,60.0
2024Q4,304.32,358.35,144.87,1874.83,26,19580.04,69.2
2024Q4,293.7,317.75,161.72,2999.83,24,26786.91,66.7
2024Q4,316.08,469.55,99.97,8683.49,34,20348.67,79.4
2024Q4,329.98,419.46,176.98,5628.35,22,23361.33,68.2
2024Q4,350.63,522.31,188.83,-9243.72,21,24320.09,61.9
2024Q4,78.08,451.69,116.98,-2666.54,43,16895.36,41.9
2024Q4,245.46,532.87,234.29,-49285.28,21,49006.06,28.6
2024Q4,382.29,504.79,77.87,-16521.29,32,32094.77,78.1
2024Q4,281.9,543.15,148.09,10288.84,27,22662.88,70.4
2024Q4,224.82,482.86,133.46,-11880.35,34,26169.61,58.8
2024Q4,285.68,524.77,217.47,-2128.41,23,23455.0,56.5
2024Q4,307.37,630.32,154.65,5342.92,23,19088.02,69.6
2024Q4,337.58,628.26,190.91,9217.71,22,22925.46,68.2
2024Q4,268.77,458.92,173.4,-13860.03,27,33526.01,55.6
2024Q4,324.06,793.22,49.59,5049.13,43,24705.45,88.4
2024Q4,295.62,732.22,150.94,14301.82,26,18554.88,73.1
2024Q4,277.02,715.52,646.95,-14157.13,9,22990.0,22.2
2024Q4,263.13,746.84,241.12,-52950.42,21,52467.85,28.6
2024Q4,357.86,701.76,88.56,-7745.57,32,25687.94,78.1
2024Q4,311.93,731.51,210.73,3370.27,21,19371.09,61.9
2024Q4,296.65,700.35,147.37,12927.09,26,18860.09,73.1
2024Q4,301.49,702.69,144.75,2185.35,26,19374.92,69.2
2024Q4,293.73,660.33,194.24,13342.26,24,24835.51,66.7
2024Q4,289.54,739.77,116.22,9556.15,33,22318.32,75.8
2024Q4,254.94,778.71,167.65,-13060.19,27,32156.04,55.6
2024Q4,283.39,714.53,137.03,2135.2,29,21137.45,69.0
2024Q4,318.79,684.67,185.87,9977.44,22,21607.51,68.2
2024Q4,296.63,684.89,195.32,19498.09,23,18860.67,69.6
2024Q4,297.71,685.16,260.92,-25381.64,17,26253.32,41.2
2024Q4,336.05,747.51,193.2,9904.2,22,22788.16,68.2
2024Q4,267.82,736.24,156.05,-15948.61,28,31590.9,57.1
2024Q4,278.97,539.43,227.73,2194.67,23,22495.0,56.5
2024Q4,308.77,609.3,173.17,7825.93,22,21049.81,68.2
2024Q4,292.93,791.26,211.91,-6054.14,23,24335.0,56.5
2024Q4,322.47,668.56,296.17,-23699.83,15,27026.64,40.0
2024Q4,247.94,694.08,101.63,-12596.28,36,30890.17,66.7
2024Q4,303.86,673.14,122.66,14620.01,31,16631.25,77.4
2024Q4,301.42,689.75,458.24,-50040.6,13,43975.6,15.4
2024Q4,332.67,705.62,125.82,-1657.32,29,19032.09,72.4
2024Q4,314.28,714.76,75.43,3548.34,34,23153.93,82.4
2024Q4,280.1,703.48,148.94,11308.58,27,21899.51,70.4
2024Q4,289.1,714.31,198.95,16225.55,24,24005.0,66.7
2024Q4,272.4,694.73,133.89,-11585.78,30,32160.73,63.3
2024Q4,293.71,727.99,169.44,5405.95,24,26323.57,66.7
2024Q4,258.72,718.2,108.8,-13125.4,36,32709.62,66.7
2024Q4,305.24,716.9,198.17,15934.53,22,19000.09,68.2
2024Q4,303.24,714.75,200.73,17154.8,22,18536.04,68.2
2024Q4,304.3,712.76,230.91,-30217.29,17,24795.0,41.2
2024Q4,347.65,712.39,198.42,9822.01,22,23784.6,68.2
2024Q4,314.29,700.66,248.67,-34894.09,16,28683.03,37.5
2024Q4,290.81,709.29,183.93,10738.28,24,24844.07,66.7
2024Q4,302.8,699.55,216.66,-3807.16,21,19160.0,57.1
2024Q4,322.89,765.43,202.5,14760.2,22,20854.96,68.2
2024Q4,322.94,782.6,202.62,14796.61,22,20847.68,68.2
2024Q4,320.03,761.49,202.98,14968.41,22,20751.32,68.2
2024Q4,323.34,765.71,202.46,14627.43,22,20857.51,68.2
2024Q4,323.19,768.02,210.44,1920.46,21,20378.36,61.9
2024Q4,343.3,819.2,241.89,-29680.07,16,22700.07,43.8
2024Q4,332.8,795.72,225.18,-7532.86,21,20614.46,57.1
2024Q4,314.89,808.14,265.75,-32844.76,16,27999.92,37.5
2024Q4,324.05,767.12,202.34,14651.09,22,20804.78,68.2
2024Q4,323.42,759.51,174.53,6248.18,22,22533.36,68.2
2024Q4,355.92,866.76,199.61,-7287.3,21,24283.61,61.9
2024Q4,340.51,790.85,215.61,-11427.52,21,22193.13,57.1
2024Q4,308.45,789.81,181.71,10387.98,22,20537.4,68.2
2024Q4,335.62,764.19,205.89,13711.25,22,22026.75,68.2
2024Q4,370.82,826.79,233.97,-28769.18,15,30652.99,46.7
2024Q4,327.41,768.47,160.36,1399.46,22,23938.11,68.2
2024Q4,318.79,730.86,244.96,-36284.37,16,29729.37,37.5
2024Q4,307.84,768.47,197.35,15079.63,22,19599.07,68.2
2024Q4,306.37,779.99,196.82,14990.41,22,19560.92,68.2
2024Q4,305.32,775.64,198.12,15919.64,22,19003.07,68.2
2024Q4,310.22,784.12,223.12,-4281.89,21,19770.0,57.1
2024Q4,304.49,848.48,196.66,15453.73,22,19120.25,68.2
2024Q4,316.78,873.35,192.31,11907.08,22,21221.58,68.2
2024Q4,324.48,872.74,206.26,15573.24,22,20824.35,68.2
2024Q4,302.54,901.29,177.18,10089.04,22,19949.19,68.2
2024Q4,287.64,854.87,252.47,-29358.99,18,31096.14,38.9
2024Q4,348.04,876.62,212.35,-13374.85,21,22888.71,57.1
2024Q4,130.1,710.37,231.85,-21332.11,32,27928.01,28.1
2024Q4,325.99,785.34,204.13,14838.63,22,21047.27,68.2
2024Q4,311.6,823.2,190.81,12742.8,22,20376.44,68.2
2024Q4,323.15,859.7,203.1,14818.67,22,20819.27,68.2
2024Q4,333.49,873.83,220.97,-8471.24,21,20946.56,57.1
2024Q4,302.05,855.76,166.02,6612.44,22,20748.51,68.2
2024Q4,287.58,776.14,181.24,11096.37,24,24465.68,66.7
2024Q4,310.01,853.95,197.7,14830.43,22,19932.91,68.2
2024Q4,309.85,855.22,363.86,-55480.46,13,49215.46,15.4
2024Q4,278.1,860.5,191.54,507.24,25,33987.55,60.0
2024Q4,297.3,817.24,165.67,10008.5,23,20639.97,69.6
2024Q4,318.81,929.85,206.87,16276.87,22,20347.63,68.2
2024Q4,315.63,920.39,222.21,-5125.11,21,19775.0,57.1
2024Q4,329.5,831.83,209.12,220.18,21,21433.04,61.9
2024Q4,309.0,874.65,180.13,9914.77,22,20632.05,68.2
2024Q4,338.08,875.0,237.93,-29254.93,16,22359.93,43.8
2024Q4,300.73,766.57,192.9,14780.89,22,18975.82,68.2
2024Q4,290.95,902.07,213.97,-4973.57,23,24040.0,56.5
2024Q4,318.06,902.13,173.03,6123.66,22,22378.27,68.2
2024Q4,284.48,854.8,200.9,18227.14,24,23050.0,66.7
2024Q4,274.16,848.22,227.38,-13763.62,24,31737.15,50.0
2024Q4,304.54,856.05,198.87,16115.12,22,18987.98,68.2
2024Q4,288.22,837.39,190.57,13587.35,24,24365.81,66.7
2024Q4,295.87,824.32,184.04,15889.16,23,19537.34,69.6
2024Q4,297.72,861.92,183.29,15648.09,23,19582.55,69.6
2024Q4,283.44,873.63,160.08,5195.05,24,25075.3,66.7
2024Q4,267.86,828.75,180.35,-11740.15,27,33214.03,55.6
2024Q4,296.31,868.33,217.33,705.92,22,19215.0,59.1
2024Q4,298.98,828.42,170.82,11682.8,23,20305.72,69.6
2024Q4,282.47,802.27,185.66,13427.56,24,23370.14,66.7
2024Q4,304.38,903.71,210.26,5002.17,21,18535.0,61.9
2024Q4,308.29,854.97,194.99,14372.74,22,19740.45,68.2
2024Q4,294.31,850.75,199.91,21117.15,23,18535.22,69.6
2024Q4,294.57,856.24,181.75,15276.25,23,19654.77,69.6
2024Q4,287.7,850.24,165.24,5978.27,24,25425.33,66.7
2024Q4,295.75,886.45,182.19,15296.98,23,19648.38,69.6
2024Q4,294.12,883.44,177.21,7773.08,24,25977.23,66.7
2024Q4,273.44,846.02,154.39,-6664.18,26,32768.54,61.5
2024Q4,280.48,890.7,184.39,13496.39,24,22971.3,66.7
2024Q4,292.7,851.66,228.73,-1675.25,23,24335.0,56.5
2024Q4,305.18,858.12,187.85,12838.77,22,19619.25,68.2
2024Q4,199.72,777.08,211.41,-24431.24,30,37710.31,40.0
2024Q4,296.35,888.52,196.92,20010.34,23,18764.62,69.6
2024Q4,297.56,892.51,174.85,12948.2,23,20088.77,69.6
2024Q4,288.48,876.59,189.44,13181.6,24,24478.45,66.7
2024Q4,301.1,867.74,414.09,-51806.5,13,45741.5,15.4
2024Q4,264.74,859.11,161.35,-16973.63,27,34213.73,55.6
2024Q4,279.7,856.18,219.43,-34.43,23,22565.0,56.5
2024Q4,305.94,835.6,197.56,15427.62,22,19361.48,68.2
2024Q4,292.1,828.22,523.4,-6973.31,12,26567.08,33.3
2024Q4,315.23,868.99,580.65,-48069.05,13,41734.05,15.4
2024Q4,303.77,830.97,199.8,16524.25,22,18802.15,68.2
2024Q4,301.62,827.71,202.07,17427.44,22,18585.51,68.2
2024Q4,298.23,813.67,210.13,9556.81,22,18455.0,63.6
2024Q4,287.2,814.47,179.14,10409.7,24,24606.62,66.7
2024Q4,298.8,834.72,226.32,3222.6,22,19060.0,59.1
2024Q4,277.7,788.05,199.08,2952.7,25,33495.46,60.0
2024Q4,312.78,866.52,170.02,6101.48,22,21948.7,68.2
2024Q4,304.54,830.41,185.47,12095.51,22,19791.9,68.2
2024Q4,292.6,835.72,240.17,-33335.62,18,32548.03,38.9
2024Q4,285.53,851.68,213.09,-3267.13,23,23455.0,56.5
2024Q4,308.33,891.26,196.19,14732.7,22,19668.46,68.2
2024Q4,299.94,720.89,200.82,21281.72,23,18505.93,69.6
2024Q4,297.41,685.66,207.64,8859.76,22,18455.0,63.6
2024Q4,302.4,714.38,184.19,12192.26,22,19528.55,68.2
2024Q4,292.5,718.55,219.18,-4157.9,23,24335.0,56.5
2024Q4,315.8,917.28,197.21,13811.62,22,20712.68,68.2
2024Q4,272.93,821.22,472.89,-18274.17,14,31714.58,28.6
2024Q4,284.12,787.86,170.01,8341.63,24,24369.69,66.7
2024Q4,313.1,713.68,187.36,11302.54,22,20908.49,68.2
2024Q4,301.86,832.95,156.01,6558.32,23,18399.17,69.6
2024Q4,308.67,731.23,200.11,15906.63,22,19433.67,68.2
2024Q4,296.03,713.97,206.05,22932.47,23,18455.0,69.6
2024Q4,306.92,718.87,207.06,3050.02,21,18946.53,61.9
2024Q4,316.37,740.12,230.75,-32744.87,17,26409.87,41.2
2024Q4,299.55,696.21,201.62,21539.56,23,18457.58,69.6
2024Q4,305.78,733.38,221.48,-3425.47,21,19160.0,57.1
2024Q4,285.93,683.59,202.1,17950.69,24,23455.0,66.7
2024Q4,285.01,682.88,208.22,6117.29,23,23055.0,60.9
2024Q4,288.59,668.99,218.97,-2458.03,23,24005.0,56.5
2024Q4,276.53,683.72,199.72,3195.24,25,33406.95,60.0
2024Q4,299.52,691.26,198.4,20508.63,23,18650.88,69.6
2024Q4,297.8,692.39,208.06,8976.74,22,18455.0,63.6
2024Q4,291.48,674.78,198.66,15412.13,24,24040.0,66.7
2024Q4,313.53,732.83,239.12,-35870.59,16,29535.59,37.5
2024Q4,299.51,700.93,190.85,18091.44,23,19104.1,69.6
2024Q4,283.23,688.54,188.92,14583.91,24,23184.89,66.7
2024Q4,61.95,456.5,216.88,-12178.85,40,25300.0,20.0
2024Q4,298.51,676.68,169.61,11326.68,23,20348.12,69.6
2024Q4,291.65,706.12,206.59,17897.23,24,24040.0,66.7
2024Q4,290.68,706.89,189.06,12380.43,24,24536.17,66.7
2024Q4,300.04,710.99,210.05,9719.38,22,18455.0,63.6
2024Q4,311.28,739.75,202.35,16204.2,22,19684.16,68.2
2024Q4,307.12,729.12,227.26,-2932.59,21,19770.0,57.1
2024Q4,292.24,689.62,195.0,14110.98,24,24269.82,66.7
2024Q4,281.89,713.65,176.89,10619.53,24,23896.65,66.7
2024Q4,313.46,720.91,204.68,16444.15,22,19924.17,68.2
2024Q4,315.44,720.69,211.97,-7576.47,21,19770.0,57.1
2024Q4,307.26,696.69,203.79,17013.16,22,19212.37,68.2
2024Q4,310.35,701.79,225.25,-3759.95,21,19770.0,57.1
2024Q4,320.18,679.18,201.76,14601.59,22,20824.68,68.2
2024Q4,305.07,684.4,216.71,-4244.1,21,19160.0,57.1
2024Q4,311.9,727.77,253.09,-33934.31,16,28156.44,37.5
2024Q4,302.78,734.35,200.8,17174.34,22,18532.13,68.2
2024Q4,299.81,700.93,233.31,-29311.28,17,27972.52,41.2
2024Q4,271.22,703.61,209.27,-17699.35,26,32123.7,50.0
2024Q4,289.64,662.99,194.35,14655.98,24,24219.19,66.7
2024Q4,319.96,730.99,220.21,-6208.73,21,19890.0,57.1
2024Q4,301.44,693.89,189.26,13581.52,22,19354.7,68.2
2024Q4,282.52,715.79,203.7,19283.14,24,22955.0,66.7
2024Q4,277.48,704.38,238.91,-45385.98,19,44509.15,31.6
2024Q4,290.92,676.26,202.36,16636.47,24,24040.0,66.7
2024Q4,267.78,641.43,211.21,-26120.73,26,37452.15,46.2
2024Q4,284.35,671.38,177.3,10675.27,24,23932.14,66.7
2024Q4,289.27,634.29,227.05,-347.36,23,23995.0,56.5
2024Q4,260.56,661.81,207.47,-16392.64,26,31016.76,50.0
2024Q4,278.33,715.55,188.99,-258.24,25,34140.65,60.0
2024Q4,290.41,649.84,219.96,-3416.37,23,24040.0,56.5
2024Q4,296.69,684.82,196.9,20003.15,23,18765.97,69.6
2024Q4,282.91,671.57,172.08,9240.76,24,24150.17,66.7
2024Q4,293.21,660.99,205.12,16972.17,24,24335.0,66.7
2024Q4,275.13,643.23,232.54,-46460.31,19,45456.09,31.6
2024Q4,295.11,646.13,188.37,17273.71,23,19257.74,69.6
2024Q4,297.14,626.41,182.2,15299.49,23,19647.91,69.6
2024Q4,294.4,639.03,214.88,218.85,22,19215.0,59.1
2024Q4,293.83,647.68,163.49,3502.24,24,26680.52,66.7
2024Q4,298.83,676.51,190.38,17943.15,23,19131.91,69.6
2024Q4,283.6,640.68,175.44,10110.27,24,24153.7,66.7
2024Q4,285.36,651.96,189.19,13844.3,24,23753.88,66.7
2024Q4,295.31,673.93,188.83,17442.12,23,19229.91,69.6
2024Q4,296.97,675.84,167.97,10744.0,23,20502.06,69.6
2024Q4,269.73,647.52,189.21,-9822.44,27,33282.49,55.6
2024Q4,277.07,667.77,178.93,-3091.33,25,34704.27,60.0
2024Q4,288.95,667.77,152.5,10868.78,27,23285.26,70.4
2024Q4,298.49,665.13,194.29,19168.76,23,18922.42,69.6
2024Q4,294.71,659.97,189.51,17757.29,23,19189.57,69.6
2024Q4,298.11,650.13,170.82,11657.18,23,20330.84,69.6
2024Q4,282.99,617.46,189.32,14756.43,24,23115.98,66.7
2024Q4,301.31,667.52,158.99,4500.7,22,21170.86,68.2
2024Q4,294.67,661.37,183.0,15673.46,23,19580.29,69.6
2024Q4,234.26,604.24,221.84,-29080.22,27,37665.61,40.7
2024Q4,277.24,633.71,192.37,940.61,25,33897.88,60.0
2024Q4,288.42,682.09,174.41,8370.87,24,25380.46,66.7
2024Q4,266.08,644.24,213.73,-25348.91,26,36882.61,46.2
2024Q4,255.26,594.85,337.17,-37106.79,16,45293.4,25.0
2024Q4,302.05,703.95,193.94,14987.73,22,19073.45,68.2
2024Q4,292.77,679.91,247.52,-32311.74,18,32254.07,38.9
2024Q4,305.53,627.81,144.7,1840.88,26,19564.25,69.2
2024Q4,282.99,649.88,203.41,19267.08,24,23005.0,66.7
2024Q4,280.4,644.13,212.38,-1886.64,23,22565.0,56.5
2024Q4,274.3,672.96,203.08,4019.22,25,33320.16,60.0
2024Q4,290.33,675.36,234.39,-33684.98,18,32552.84,38.9
2024Q4,300.38,651.45,223.53,-2183.33,21,19160.0,57.1
2024Q4,283.95,658.94,181.49,12046.81,24,23680.6,66.7
2024Q4,267.88,675.77,197.05,-6729.12,27,32211.82,55.6
2024Q4,450.16,864.36,211.76,-45986.74,21,49592.63,52.4
2024Q4,298.22,747.55,189.32,17578.3,23,19220.63,69.6
2024Q4,309.67,744.27,159.56,3772.6,22,21836.48,68.2
2024Q4,298.81,714.5,171.4,11869.41,23,20270.74,69.6
2024Q4,284.91,736.37,187.89,13911.07,24,23451.36,66.7
2024Q4,303.14,748.68,183.64,12026.2,22,19561.76,68.2
2024Q4,311.94,705.49,197.76,14639.08,22,20149.18,68.2
2024Q4,294.94,699.61,221.28,1853.68,22,19215.0,59.1
2024Q4,278.52,674.96,167.04,8031.21,24,23922.9,66.7
2024Q4,286.73,707.53,192.17,14549.31,24,23824.82,66.7
2024Q4,308.33,692.0,207.56,3111.62,21,18986.16,61.9
2024Q4,298.96,736.99,177.53,13829.69,23,19903.18,69.6
2024Q4,318.63,731.6,226.86,-4643.31,21,19890.0,57.1
2024Q4,273.12,651.9,396.22,-29867.13,15,40241.06,26.7
2024Q4,288.4,739.47,271.4,-27094.69,18,30689.2,38.9
2024Q4,99.16,522.4,196.49,-4436.88,38,28235.58,34.2
2024Q4,304.08,705.09,212.18,-5361.3,21,19160.0,57.1
2024Q4,294.07,682.73,180.96,8971.53,24,25752.53,66.7
2024Q4,311.89,672.25,240.0,-35505.17,16,29250.17,37.5
2024Q4,181.07,587.29,163.59,-16338.67,30,37214.36,46.7
2024Q4,282.39,655.96,200.06,18034.88,24,23040.0,66.7
2024Q4,264.46,636.22,190.93,-8100.12,27,32439.02,55.6
2024Q4,279.98,629.24,216.79,-739.15,23,22565.0,56.5
2024Q4,283.36,657.46,181.79,12142.2,24,23772.71,66.7
2024Q4,271.46,696.84,196.88,-7757.47,27,33047.49,55.6
2024Q4,259.01,571.07,663.54,-3007.6,11,26965.0,27.3
2024Q4,290.13,724.78,149.42,9465.11,27,23706.29,70.4
2024Q4,295.68,653.62,171.55,11911.93,23,20266.83,69.6
2024Q4,280.4,697.91,207.18,6536.52,23,22565.0,60.9
2024Q4,300.0,692.08,227.59,3453.82,22,19160.0,59.1
2024Q4,289.21,669.39,186.95,12385.57,24,24627.71,66.7
2024Q4,247.35,584.54,202.26,-893.41,27,29304.68,55.6
2024Q4,298.94,753.75,216.08,560.62,22,19060.0,59.1
2024Q4,277.59,678.86,176.4,-3850.19,25,34856.04,60.0
2024Q4,286.33,730.03,256.04,-28889.88,18,30953.54,38.9
2024Q4,303.95,669.63,192.39,14303.11,22,19246.38,68.2
2024Q4,292.32,709.6,44.98,18436.11,44,13947.3,93.2
2024Q4,274.5,704.29,39.11,9331.06,45,18046.67,91.1
2024Q4,292.39,702.92,485.91,-22352.29,14,35888.64,28.6
2024Q4,283.51,677.67,61.26,11424.73,38,20432.94,86.8
2024Q4,266.3,616.54,134.48,-21138.56,32,31710.86,59.4
2024Q4,143.2,519.2,610.46,3327.55,14,12770.0,21.4
2024Q4,292.04,712.9,349.37,-40722.86,13,41810.24,23.1
2024Q4,314.1,699.61,157.85,2395.31,22,22733.94,68.2
2024Q4,297.33,699.23,236.35,-28820.88,17,27542.9,41.2
2024Q4,283.2,717.6,218.38,-1041.36,23,23050.0,56.5
2024Q4,273.42,638.63,87.81,-3862.46,36,29302.77,75.0
2024Q4,304.97,722.42,316.13,-55984.7,13,49779.7,15.4
2024Q4,289.55,735.42,282.17,-26215.62,18,30293.04,38.9
2024Q4,325.29,709.41,207.85,1125.09,21,20654.21,61.9
2024Q4,394.0,791.65,76.98,-18177.61,32,33574.57,78.1
2024Q4,297.51,674.59,434.25,-27204.87,14,38569.93,28.6
2024Q4,310.26,654.91,165.2,5089.86,22,21883.03,68.2
2024Q4,284.24,693.53,187.33,13884.36,24,23330.43,66.7
2024Q4,216.87,583.28,244.75,-34029.87,24,39794.92,33.3
2024Q4,294.94,727.56,228.58,3750.77,22,19215.0,59.1
2024Q4,318.43,705.91,303.56,-22702.24,15,26728.71,40.0
2024Q4,304.47,660.34,32.35,1958.25,46,15815.09,91.3
2024Q4,277.68,605.65,198.56,2797.31,25,33526.54,60.0
2024Q4,291.86,711.37,176.95,8332.61,24,25353.26,66.7
2024Q4,263.03,841.39,212.23,-25314.98,26,36988.32,46.2
2024Q4,300.97,706.26,190.44,14026.84,22,19193.63,68.2
2024Q4,285.85,745.16,203.75,18481.09,24,23455.0,66.7
2024Q4,269.33,715.43,222.37,-23477.08,26,35701.39,46.2
2024Q4,282.61,658.24,176.45,10562.77,24,23838.23,66.7
2024Q4,276.45,737.87,153.37,-7420.64,26,32900.16,61.5
2024Q4,255.97,746.42,548.51,-31334.14,15,37004.42,20.0
2024Q4,287.67,680.7,205.38,18822.61,24,23665.0,66.7
2024Q4,287.22,757.24,235.66,-31728.18,18,31783.76,38.9
2024Q4,274.59,671.56,210.01,-8196.91,24,32904.29,54.2
2024Q4,284.14,676.21,204.12,19257.13,24,23050.0,66.7
2024Q4,271.15,663.18,222.84,-24163.2,26,36425.47,46.2
2024Q4,285.27,690.69,204.12,18621.91,24,23430.0,66.7
2024Q4,282.36,693.51,249.11,-28735.23,18,30220.78,38.9
2024Q4,263.74,669.55,215.9,-24502.97,26,36470.31,46.2
2024Q4,280.73,699.49,204.26,19519.65,24,22900.0,66.7
2024Q4,269.94,686.62,227.43,-22966.74,26,35596.16,46.2
2024Q4,279.61,677.5,206.46,20576.62,24,22565.0,66.7
2024Q4,262.77,662.38,235.5,-53570.08,21,52975.07,28.6
2024Q4,276.5,698.68,216.26,-16372.49,24,32414.37,50.0
2024Q4,281.36,679.87,208.21,6348.11,23,23040.0,60.9
2024Q4,252.44,663.09,200.74,-2658.23,27,29970.65,55.6
2024Q4,285.72,710.9,226.2,142.71,23,23455.0,56.5
2024Q4,270.85,662.22,369.17,-30028.16,17,46613.26,29.4
2024Q4,280.74,695.06,208.61,6602.09,23,22900.0,60.9
2024Q4,285.83,286.8,251.38,-44401.97,19,43693.56,31.6
2024Q4,271.99,672.34,200.51,4126.71,25,33044.66,60.0
2024Q4,286.45,585.27,219.78,-1736.43,23,23665.0,56.5
2024Q4,262.05,651.17,102.44,-16819.09,36,35258.18,66.7
2024Q4,278.05,713.65,236.48,-45861.89,19,44791.58,31.6
2024Q4,242.32,647.17,203.46,168.29,27,28632.34,55.6
2024Q4,289.06,711.12,214.53,-3611.2,23,24005.0,56.5
2024Q4,287.07,669.18,196.48,15957.22,24,23680.0,66.7
2024Q4,278.75,681.51,259.02,-26442.45,18,29274.27,38.9
2024Q4,289.26,717.32,178.23,9603.88,24,25141.15,66.7
2025Q1,187.55,769.39,526.83,19837.46,24,12390.0,33.3
2025Q1,284.82,380.3,137.45,23248.29,37,9065.95,75.7
2025Q1,50.21,580.31,438.35,58825.75,34,7095.0,29.4
2025Q1,332.3,344.9,687.66,62025.33,15,13683.02,53.3
2025Q1,386.28,516.23,154.91,41574.93,35,8465.0,82.9
2025Q1,104.6,290.79,386.74,13837.36,32,19021.17,28.1
2025Q1,212.46,390.7,445.61,43568.09,25,13662.75,48.0
2025Q1,85.54,264.33,279.66,10625.33,36,16328.94,30.6
2025Q1,222.93,703.46,166.98,24339.33,39,11540.41,66.7
2025Q1,248.18,610.74,63.4,4731.35,45,15049.95,82.2
2025Q1,445.09,448.76,687.41,14890.06,11,31127.4,45.5
2025Q1,331.0,677.15,645.58,31516.4,15,18250.0,46.7
2025Q1,31.57,482.64,561.73,43133.03,34,10880.0,17.6
2025Q1,345.47,937.6,307.28,38427.29,27,21799.32,66.7
2025Q1,149.06,423.76,564.96,11555.51,23,13250.0,26.1
2025Q1,293.88,768.93,431.98,16210.19,23,26645.44,47.8
2025Q1,418.94,422.96,618.71,15031.64,13,25377.44,46.2
2025Q1,36.44,311.06,489.53,32143.48,35,12525.0,17.1
2025Q1,145.29,531.86,299.41,56745.71,31,13806.72,54.8
2025Q1,387.42,932.65,696.18,35959.67,14,23011.48,50.0
2025Q1,271.9,350.67,357.99,29277.68,24,16240.3,54.2
2025Q1,147.42,542.33,242.79,42692.94,32,8019.28,56.2
2025Q1,92.88,524.47,216.5,42029.71,38,8790.0,50.0
2025Q1,139.25,678.95,364.82,19166.28,31,27892.04,35.5
2025Q1,67.04,362.75,316.79,18007.3,38,9155.0,26.3
2025Q1,192.07,709.11,458.79,65590.32,26,12285.0,50.0
2025Q1,314.02,819.1,456.6,39883.12,22,28458.07,54.5
2025Q1,370.6,981.97,619.46,45332.34,17,20810.0,52.9
2025Q1,184.95,428.78,521.43,41816.09,26,11840.0,38.5
2025Q1,187.66,729.29,565.46,14564.99,23,13300.72,30.4
2025Q1,258.39,691.19,509.25,60799.0,22,16955.0,54.5
2025Q1,255.03,672.38,500.21,54971.33,23,17010.72,52.2
2025Q1,306.42,809.24,405.84,14045.27,22,28973.16,50.0
2025Q1,222.44,782.87,473.97,63908.11,24,16055.0,54.2
2025Q1,208.75,782.99,476.14,62655.56,25,16080.0,52.0
2025Q1,190.72,764.44,478.7,49188.65,25,15590.0,44.0
2025Q1,222.01,804.1,538.86,28825.63,22,18887.71,40.9
2025Q1,203.52,286.11,412.18,34369.84,26,15665.78,46.2
2025Q1,174.84,397.43,610.67,25494.45,23,11355.0,30.4
2025Q1,234.6,367.44,659.0,33036.68,18,14605.0,38.9
2025Q1,111.49,629.72,453.44,36782.58,31,15977.48,32.3
2025Q1,269.99,832.41,522.93,-6364.78,20,36909.19,35.0
2025Q1,247.09,727.4,350.7,47095.91,26,14175.94,57.7
2025Q1,170.93,618.86,587.91,23163.09,23,11205.0,30.4
2025Q1,210.22,550.39,391.07,22174.6,26,16136.34,46.2
2025Q1,276.81,746.91,484.37,37330.94,22,24467.64,50.0
2025Q1,343.89,850.1,442.17,11837.84,22,33111.56,50.0
2025Q1,228.43,833.82,654.13,29938.67,18,16450.0,38.9
2025Q1,124.06,173.71,79.75,16364.95,47,7478.85,72.3
2025Q1,258.8,817.81,530.19,39053.25,21,16955.0,47.6
2025Q1,304.86,463.06,469.65,46360.05,22,25153.24,54.5
2025Q1,168.44,691.81,415.08,43698.79,27,11065.0,44.4
2025Q1,366.59,948.94,502.21,46615.36,21,20665.0,57.1
2025Q1,60.42,519.91,428.24,46488.07,36,8460.0,27.8
2025Q1,408.38,897.39,329.13,28007.5,21,29439.29,66.7
2025Q1,449.97,994.96,385.11,44953.79,19,12495.57,68.4
2025Q1,282.28,684.14,707.81,54093.87,17,17315.0,47.1
2025Q1,319.86,841.07,554.06,38917.57,20,18220.0,50.0
2025Q1,203.42,576.42,582.49,40179.65,22,15718.41,40.9
2025Q1,235.41,673.18,460.78,57232.44,24,16525.0,54.2
2025Q1,157.22,754.84,273.85,53199.58,31,12888.08,58.1
2025Q1,291.36,641.72,458.05,37688.19,23,26063.9,52.2
2025Q1,239.79,799.03,496.1,56173.87,23,16525.0,52.2
2025Q1,225.8,661.96,432.86,37726.67,24,16450.0,50.0
2025Q1,334.11,651.54,389.45,-10309.73,22,31145.97,45.5
2025Q1,213.96,618.9,503.93,57544.75,24,16838.0,50.0
2025Q1,129.05,617.28,549.23,21272.84,26,12735.62,26.9
2025Q1,261.78,795.4,517.99,20768.87,21,27580.0,42.9
2025Q1,212.57,435.7,506.22,62254.27,24,13440.0,50.0
2025Q1,191.08,397.41,674.37,22512.39,16,20185.0,31.2
2025Q1,52.61,112.12,595.29,38217.47,30,7407.48,20.0
2025Q1,202.0,483.99,503.21,63019.89,24,13869.71,50.0
2025Q1,78.82,342.84,486.83,34552.44,32,9250.0,25.0
2025Q1,199.11,502.8,567.15,8929.42,22,15973.11,31.8
2025Q1,161.41,419.79,630.62,22719.01,21,17990.0,28.6
2025Q1,179.89,407.9,468.44,68125.4,27,11505.0,48.1
2025Q1,184.81,410.92,473.45,68626.46,27,11725.0,48.1
2025Q1,180.86,416.1,473.79,69474.61,27,11545.0,48.1
2025Q1,180.21,412.81,536.44,28211.14,23,11505.0,34.8
2025Q1,216.79,412.71,473.9,49811.44,25,21116.24,48.0
2025Q1,155.46,371.31,442.21,41507.23,27,17045.0,40.7
2025Q1,198.12,355.19,413.56,35950.57,26,13498.8,46.2
2025Q1,178.86,464.36,475.95,70077.72,27,11505.0,48.1
2025Q1,180.92,467.07,470.15,68527.77,27,11545.0,48.1
2025Q1,177.51,463.91,476.32,70537.36,27,11250.0,48.1
2025Q1,140.15,429.47,426.52,32738.86,31,25424.3,35.5
2025Q1,181.12,502.32,452.77,63484.42,27,11595.0,48.1
2025Q1,178.78,504.73,463.04,66720.1,27,11505.0,48.1
2025Q1,168.54,413.93,480.4,63280.25,26,11065.0,46.2
2025Q1,130.03,392.93,367.29,22228.2,31,25613.51,35.5
2025Q1,152.71,336.87,343.0,37505.26,28,17899.98,46.4
2025Q1,180.51,516.55,450.5,50544.22,27,11505.0,44.4
2025Q1,188.46,498.63,403.37,36044.68,27,12447.53,44.4
2025Q1,163.26,492.83,462.61,69667.44,27,11065.0,48.1
2025Q1,164.7,407.5,466.34,70729.01,27,11065.0,48.1
2025Q1,162.84,408.2,468.55,71572.93,27,11065.0,48.1
2025Q1,119.34,360.98,468.65,37029.92,31,17444.02,32.3
2025Q1,138.73,416.03,519.95,32306.55,29,18756.88,31.0
2025Q1,170.14,501.94,430.09,47161.52,27,11065.0,44.4
2025Q1,163.37,461.91,488.35,66594.75,26,11065.0,46.2
2025Q1,101.28,348.85,441.93,23961.78,33,15187.94,27.3
2025Q1,159.67,457.12,489.98,68716.29,26,10650.0,46.2
2025Q1,147.25,432.6,466.96,60270.83,28,16450.0,42.9
2025Q1,161.4,429.13,534.48,32041.37,23,10680.0,34.8
2025Q1,179.34,543.37,491.8,64361.67,26,11505.0,46.2
2025Q1,141.02,342.19,417.62,43874.9,30,15130.0,40.0
2025Q1,193.44,519.36,400.06,37078.43,26,13698.88,46.2
2025Q1,172.41,520.55,514.47,47448.35,25,10930.0,40.0
2025Q1,131.04,364.49,465.83,55805.04,31,21866.66,38.7
2025Q1,116.85,291.69,549.48,23362.13,27,10600.0,25.9
2025Q1,150.3,406.48,444.51,44347.43,27,16685.0,40.7
2025Q1,161.79,459.56,489.81,67303.98,26,11065.0,46.2
2025Q1,164.85,477.94,484.49,65757.92,26,11065.0,46.2
2025Q1,156.58,451.06,455.4,69664.28,27,10650.0,48.1
2025Q1,154.14,448.14,497.64,57709.83,26,17045.0,42.3
2025Q1,186.77,404.59,512.85,43164.7,25,11725.0,40.0
2025Q1,135.58,409.29,432.42,34696.36,31,24623.39,35.5
2025Q1,146.38,378.96,481.28,54081.03,27,16450.0,40.7
2025Q1,172.73,427.59,453.46,65714.42,27,10930.0,48.1
2025Q1,204.28,506.42,528.26,42427.74,23,14388.49,43.5
2025Q1,105.66,388.42,494.32,25696.91,30,11918.51,26.7
2025Q1,175.86,447.93,469.31,69330.07,27,11050.0,48.1
2025Q1,158.87,427.59,466.55,72423.5,27,10650.0,48.1
2025Q1,193.51,464.52,471.7,68188.02,26,12300.0,50.0
2025Q1,192.07,461.18,378.98,32780.99,26,13360.33,46.2
2025Q1,154.0,400.86,444.67,42151.57,27,17045.0,40.7
2025Q1,174.95,460.84,476.5,62050.04,26,10930.0,46.2
2025Q1,196.08,408.93,459.18,60629.44,26,12561.31,50.0
2025Q1,165.89,437.4,508.58,47445.18,25,11065.0,40.0
2025Q1,186.76,499.22,426.82,42621.3,27,11843.64,44.4
2025Q1,146.19,401.65,421.15,37236.94,28,16450.0,39.3
2025Q1,175.6,407.56,473.45,70406.66,27,11050.0,48.1
2025Q1,155.8,391.3,474.82,62081.97,27,17045.0,44.4
2025Q1,170.56,366.63,452.88,66029.16,27,10875.0,48.1
2025Q1,208.34,496.79,499.06,60384.03,24,14420.85,50.0
2025Q1,184.3,435.3,438.61,45885.89,27,11725.0,44.4
2025Q1,160.54,424.77,475.3,74107.19,27,11065.0,48.1
2025Q1,159.31,384.82,522.84,48913.03,26,10650.0,38.5
2025Q1,142.06,442.35,458.51,66791.81,30,15130.0,43.3
2025Q1,176.6,438.22,488.94,64561.68,26,11050.0,46.2
2025Q1,130.41,374.1,406.82,30924.75,31,24032.32,35.5
2025Q1,167.41,443.4,471.25,70819.33,27,11065.0,48.1
2025Q1,166.36,443.06,478.27,64010.39,26,11065.0,46.2
2025Q1,157.28,366.42,447.51,54756.64,27,10650.0,44.4
2025Q1,173.29,486.48,162.23,28600.85,39,9341.1,64.1
2025Q1,186.4,473.92,464.13,65298.93,27,11725.0,48.1
2025Q1,165.22,404.06,503.43,46670.02,25,11065.0,40.0
2025Q1,150.08,413.06,434.65,39313.26,28,16450.0,39.3
2025Q1,179.8,512.67,484.56,62624.52,26,11505.0,46.2
2025Q1,124.0,430.0,460.41,44770.43,31,19793.56,35.5
2025Q1,202.89,427.29,512.46,66373.97,24,12895.0,50.0
2025Q1,194.4,468.71,468.74,67367.74,26,12375.17,50.0
2025Q1,161.02,426.69,471.44,72699.3,27,11065.0,48.1
2025Q1,138.04,387.66,491.93,52965.5,29,19782.64,37.9
2025Q1,158.78,452.04,441.03,53061.56,27,10650.0,44.4
2025Q1,148.55,411.91,480.16,53835.59,27,16450.0,40.7
2025Q1,170.5,450.04,188.61,45764.79,36,7625.0,66.7
2025Q1,182.18,537.63,452.81,63326.53,27,11780.0,48.1
2025Q1,160.07,479.99,539.13,33326.06,23,10680.0,34.8
2025Q1,175.77,412.87,500.4,43745.0,25,11050.0,40.0
2025Q1,144.27,398.67,469.46,67740.25,30,16410.0,43.3
2025Q1,193.35,464.49,477.3,60096.96,25,12300.0,48.0
2025Q1,168.4,452.21,468.37,69762.24,27,11065.0,48.1
2025Q1,167.14,459.92,449.37,52238.49,27,11065.0,44.4
2025Q1,151.81,455.66,490.66,57034.9,26,17045.0,42.3
2025Q1,162.69,443.36,462.36,69964.08,27,11065.0,48.1
2025Q1,163.94,422.61,462.48,69635.02,27,11065.0,48.1
2025Q1,136.2,398.19,420.53,31966.8,31,25213.76,35.5
2025Q1,162.66,441.76,432.44,49631.45,27,11065.0,44.4
2025Q1,156.77,403.77,86.23,15269.58,45,9105.95,73.3
2025Q1,170.65,473.79,459.05,67634.29,27,10875.0,48.1
2025Q1,172.51,396.54,482.67,63654.99,26,10930.0,46.2
2025Q1,148.39,407.44,465.34,59880.76,28,16450.0,42.9
2025Q1,161.42,397.61,507.28,48195.24,25,11065.0,40.0
2025Q1,178.16,465.84,445.95,49563.33,27,11505.0,44.4
2025Q1,165.82,436.15,476.94,63690.49,26,11065.0,46.2
2025Q1,187.09,392.66,459.01,63436.37,27,11860.0,48.1
2025Q1,155.36,407.9,490.85,56111.88,26,17045.0,42.3
2025Q1,144.38,359.84,438.84,47096.49,30,16410.0,40.0
2025Q1,185.25,506.01,520.17,41564.24,26,11840.0,38.5
2025Q1,174.95,453.59,501.74,44392.26,25,10930.0,40.0
2025Q1,163.26,453.99,471.59,72002.53,27,11065.0,48.1
2025Q1,164.16,459.68,472.68,72375.79,27,11065.0,48.1
2025Q1,154.03,454.99,455.0,57429.43,27,17045.0,44.4
2025Q1,164.78,503.43,470.04,71690.24,27,11065.0,48.1
2025Q1,167.56,506.84,470.0,70470.95,27,11065.0,48.1
2025Q1,166.83,486.72,449.33,52229.44,27,11065.0,44.4
2025Q1,136.91,512.13,476.42,55896.18,31,23288.14,38.7
2025Q1,165.69,503.58,465.49,70508.04,27,11065.0,48.1
2025Q1,150.3,490.75,432.37,41677.38,27,16685.0,40.7
2025Q1,163.46,529.38,463.15,69809.74,27,11065.0,48.1
2025Q1,163.94,523.09,458.7,68651.1,27,11065.0,48.1
2025Q1,158.42,531.19,464.21,71878.65,27,10650.0,48.1
2025Q1,143.18,509.71,484.8,62908.18,29,16085.0,41.4
2025Q1,155.54,539.06,445.33,42192.63,27,17045.0,40.7
2025Q1,170.81,511.71,467.48,69823.88,27,10875.0,48.1
2025Q1,170.48,515.76,495.59,66787.58,26,11065.0,46.2
2025Q1,173.6,563.62,471.11,70304.28,27,10930.0,48.1
2025Q1,175.93,552.74,474.46,70669.57,27,11050.0,48.1
2025Q1,176.46,575.15,480.75,62594.66,26,11050.0,46.2
2025Q1,186.91,608.05,506.18,41830.65,25,11725.0,40.0
2025Q1,170.34,556.08,471.7,70487.7,27,11065.0,48.1
2025Q1,174.03,561.64,472.97,70743.27,27,10930.0,48.1
2025Q1,177.04,562.97,486.06,63875.56,26,11050.0,46.2
2025Q1,172.17,585.75,474.96,71713.95,27,10930.0,48.1
2025Q1,180.6,584.01,477.74,60987.6,26,11505.0,46.2
2025Q1,199.04,590.72,500.14,32753.85,24,16004.42,41.7
2025Q1,152.57,558.83,490.11,56914.52,26,17045.0,42.3
2025Q1,159.76,571.79,440.15,52851.4,27,10650.0,44.4
2025Q1,170.32,548.05,477.22,62377.44,26,11065.0,46.2
2025Q1,186.87,582.16,470.12,66896.24,27,11725.0,48.1
2025Q1,172.27,602.1,452.29,65645.46,27,10930.0,48.1
2025Q1,170.65,522.22,469.2,70273.23,27,10875.0,48.1
2025Q1,157.98,531.24,489.58,68683.12,26,10650.0,46.2
2025Q1,178.38,536.56,470.9,68874.94,27,11505.0,48.1
2025Q1,147.22,521.76,451.69,56605.23,28,16450.0,42.9
2025Q1,165.23,516.86,477.74,64137.52,26,11065.0,46.2
2025Q1,180.9,567.46,459.44,65744.5,27,11545.0,48.1
2025Q1,167.02,588.26,496.78,67522.42,26,11065.0,46.2
2025Q1,192.17,557.57,438.94,47169.45,26,12285.0,46.2
2025Q1,154.38,503.9,486.87,55341.72,26,17045.0,42.3
2025Q1,170.76,514.46,469.06,70234.39,27,10875.0,48.1
2025Q1,174.04,511.58,467.95,69436.7,27,10930.0,48.1
2025Q1,161.64,547.81,451.94,67629.65,27,11065.0,48.1
2025Q1,171.8,500.38,474.99,71777.67,27,10875.0,48.1
2025Q1,180.96,510.75,479.69,61414.56,26,11545.0,46.2
2025Q1,187.87,544.43,511.94,42413.15,25,11860.0,40.0
2025Q1,172.19,518.5,494.73,66959.65,26,10930.0,46.2
2025Q1,151.71,474.7,471.64,62282.88,27,17045.0,44.4
2025Q1,171.03,544.57,267.89,48125.39,31,13142.2,58.1
2025Q1,159.78,495.09,482.47,66911.77,26,10650.0,46.2
2025Q1,165.92,565.82,461.32,69168.68,27,11065.0,48.1
2025Q1,176.27,489.53,464.56,68001.47,27,11050.0,48.1
2025Q1,161.2,527.03,449.95,54208.2,27,11065.0,44.4
2025Q1,182.58,526.31,471.18,68067.21,27,11780.0,48.1
2025Q1,437.58,850.58,483.45,71301.45,19,17820.0,68.4
2025Q1,419.71,842.35,487.25,74906.27,19,17390.0,68.4
2025Q1,392.21,839.5,500.03,68337.49,20,21305.0,65.0
2025Q1,408.6,823.05,484.98,62075.12,20,21495.0,65.0
2025Q1,427.27,856.64,506.12,78907.43,19,17645.0,68.4
2025Q1,422.79,866.53,514.06,22630.36,17,17390.0,52.9
2025Q1,436.21,870.97,489.24,72907.63,19,17720.0,68.4
2025Q1,437.12,864.92,497.77,75025.69,19,17820.0,68.4
2025Q1,439.02,902.66,529.6,23327.13,17,17760.0,52.9
2025Q1,438.51,875.25,492.1,73552.15,19,17820.0,68.4
2025Q1,446.05,874.59,510.68,27608.05,16,9480.0,56.2
2025Q1,428.02,862.6,497.72,76018.42,19,17645.0,68.4
2025Q1,432.34,888.02,499.72,76062.09,19,17645.0,68.4
2025Q1,435.18,889.06,518.62,21931.04,17,17660.0,52.9
2025Q1,429.06,862.6,525.49,23953.52,17,17645.0,52.9
2025Q1,455.93,929.78,498.09,83088.06,18,9480.0,72.2
2025Q1,453.17,916.91,502.19,84153.77,18,9480.0,72.2
2025Q1,452.93,926.4,501.24,83907.43,18,9480.0,72.2
2025Q1,454.5,929.14,506.27,85216.32,18,9480.0,72.2
2025Q1,455.36,936.79,539.72,10370.11,14,18675.0,50.0
2025Q1,458.7,932.3,507.07,84912.7,18,9545.0,72.2
2025Q1,458.36,957.19,509.96,26062.64,16,9545.0,56.2
2025Q1,440.67,913.76,522.32,21373.47,17,17760.0,52.9
2025Q1,446.82,904.99,507.2,85892.33,18,9480.0,72.2
2025Q1,448.08,908.11,539.66,10782.29,14,18745.0,50.0
2025Q1,431.33,900.26,501.12,76426.86,19,17645.0,68.4
2025Q1,431.17,905.06,503.77,77116.4,19,17645.0,68.4
2025Q1,425.96,895.87,504.39,78612.15,19,17625.0,68.4
2025Q1,415.87,889.29,508.94,22564.63,17,17390.0,52.9
2025Q1,433.58,922.36,529.08,23818.96,17,17630.0,52.9
2025Q1,451.73,912.65,553.31,12462.82,14,18745.0,50.0
2025Q1,425.85,870.72,505.68,78947.46,19,17625.0,68.4
2025Q1,420.95,866.32,503.42,78449.05,19,17390.0,68.4
2025Q1,425.86,873.68,505.42,78879.95,19,17625.0,68.4
2025Q1,423.15,872.94,512.17,22290.08,17,17390.0,52.9
2025Q1,426.82,868.3,526.25,24615.56,17,17625.0,52.9
2025Q1,414.26,884.57,505.08,79591.2,19,17390.0,68.4
2025Q1,415.54,884.87,503.81,79126.58,19,17390.0,68.4
2025Q1,414.02,889.0,503.82,79262.74,19,17390.0,68.4
2025Q1,413.37,884.88,504.36,79402.7,19,17390.0,68.4
2025Q1,411.14,908.57,516.56,24130.54,17,17415.0,52.9
2025Q1,392.37,864.61,503.92,69393.9,20,21305.0,65.0
2025Q1,417.07,881.36,540.69,28204.79,17,17390.0,52.9
2025Q1,402.75,885.92,521.89,14549.87,18,21400.0,50.0
2025Q1,444.35,898.72,508.29,18361.85,17,17925.0,52.9
2025Q1,430.0,940.25,502.17,77175.12,19,17645.0,68.4
2025Q1,429.22,903.22,501.52,77004.97,19,17645.0,68.4
2025Q1,426.92,900.16,501.9,77829.52,19,17625.0,68.4
2025Q1,427.97,936.21,568.51,41041.31,16,17645.0,56.2
2025Q1,400.67,878.88,531.67,16675.21,18,21400.0,50.0
2025Q1,419.1,911.05,505.87,79747.49,19,17390.0,68.4
2025Q1,418.07,910.18,520.2,24676.34,17,17390.0,52.9
2025Q1,428.4,892.41,504.59,77802.11,19,17645.0,68.4
2025Q1,451.06,962.6,504.1,84725.67,18,9480.0,72.2
2025Q1,458.74,980.91,506.99,84891.23,18,9545.0,72.2
2025Q1,456.96,968.95,539.25,9935.2,14,18675.0,50.0
2025Q1,447.0,971.4,510.38,27228.22,16,9480.0,56.2
2025Q1,450.2,931.71,516.06,28090.44,16,9480.0,56.2
2025Q1,430.85,896.86,527.07,23567.65,17,17645.0,52.9
2025Q1,458.52,951.69,501.78,83538.8,18,9545.0,72.2
2025Q1,457.72,949.77,507.83,25749.0,16,9490.0,56.2
2025Q1,445.57,947.98,550.48,3622.2,15,23725.8,46.7
2025Q1,410.15,949.1,526.41,26798.88,17,16765.0,52.9
2025Q1,450.34,922.62,504.29,85006.02,18,9480.0,72.2
2025Q1,450.14,965.23,517.21,28297.24,16,9480.0,56.2
2025Q1,443.55,927.12,535.16,1452.46,15,24353.58,46.7
2025Q1,458.08,930.94,504.71,84313.78,18,9545.0,72.2
2025Q1,457.68,952.46,517.63,27512.57,16,9490.0,56.2
2025Q1,458.9,921.22,506.14,84676.06,18,9545.0,72.2
2025Q1,372.58,829.43,529.63,23385.3,20,20810.0,50.0
2025Q1,457.64,906.23,511.41,26394.63,16,9490.0,56.2
2025Q1,401.21,927.08,502.27,67905.97,20,21400.0,65.0
2025Q1,446.74,911.88,513.56,27885.87,16,9480.0,56.2
2025Q1,450.85,957.26,524.52,29383.42,16,9480.0,56.2
2025Q1,418.36,906.02,544.77,28938.17,17,17390.0,52.9
2025Q1,441.45,922.43,502.01,76286.86,19,17845.0,68.4
2025Q1,451.06,916.07,497.0,82881.22,18,9480.0,72.2
2025Q1,458.14,922.05,518.62,27636.53,16,9545.0,56.2
2025Q1,459.0,914.7,495.5,81909.24,18,9545.0,72.2
2025Q1,458.86,905.12,495.05,81793.22,18,9545.0,72.2
2025Q1,451.2,899.56,493.43,81951.8,18,9480.0,72.2
2025Q1,448.81,899.96,532.03,30966.07,16,9480.0,56.2
2025Q1,458.46,915.21,490.5,80604.25,18,9545.0,72.2
2025Q1,457.64,911.83,559.72,12800.83,14,18675.0,50.0
2025Q1,450.58,894.67,494.9,82332.99,18,9480.0,72.2
2025Q1,449.92,936.98,492.77,82009.34,18,9480.0,72.2
2025Q1,450.17,940.24,491.2,81600.81,18,9480.0,72.2
2025Q1,450.58,943.5,488.16,80580.36,18,9480.0,72.2
2025Q1,450.51,935.89,491.99,81576.32,18,9480.0,72.2
2025Q1,450.6,937.69,491.69,81499.83,18,9480.0,72.2
2025Q1,458.97,956.8,490.13,80513.38,18,9545.0,72.2
2025Q1,450.11,949.45,488.86,80994.29,18,9480.0,72.2
2025Q1,450.08,954.13,488.63,80934.44,18,9480.0,72.2
2025Q1,449.09,964.03,492.13,81843.07,18,9480.0,72.2
2025Q1,446.1,965.09,487.98,81135.11,18,9480.0,72.2
2025Q1,441.42,974.83,491.21,73480.29,19,17845.0,68.4
2025Q1,448.56,1001.37,489.54,81300.54,18,9480.0,72.2
2025Q1,443.73,988.08,491.62,73275.56,19,17925.0,68.4
2025Q1,451.2,977.13,490.61,81218.31,18,9480.0,72.2
2025Q1,441.2,961.3,522.06,21241.63,17,17845.0,52.9
2025Q1,449.81,1013.73,489.62,81192.15,18,9480.0,72.2
2025Q1,451.36,1007.15,492.11,81608.91,18,9480.0,72.2
2025Q1,453.04,1014.92,519.23,28296.47,16,9480.0,56.2
2025Q1,458.73,1038.13,492.49,81121.49,18,9545.0,72.2
2025Q1,440.88,972.0,521.93,21302.72,17,17760.0,52.9
2025Q1,458.87,1048.76,490.74,80672.24,18,9545.0,72.2
2025Q1,442.82,998.95,44.98,27756.11,42,9125.0,97.6
2025Q1,450.2,1000.73,535.0,10130.01,14,18745.0,50.0
2025Q1,439.52,926.12,494.29,74365.9,19,17760.0,68.4
2025Q1,449.67,959.96,517.82,28407.55,16,9480.0,56.2
2025Q1,458.79,994.77,516.44,27234.22,16,9545.0,56.2
2025Q1,449.05,931.52,610.46,-25198.26,12,34120.82,33.3
2025Q1,439.6,923.18,492.05,73782.18,19,17760.0,68.4
2025Q1,449.0,965.46,484.52,79865.6,18,9480.0,72.2
2025Q1,439.1,941.89,516.27,20928.73,17,17760.0,52.9
2025Q1,451.3,997.15,496.85,82839.75,18,9480.0,72.2
2025Q1,458.36,1001.75,532.22,30069.57,16,9545.0,56.2
2025Q1,442.97,927.9,495.39,74485.57,19,17925.0,68.4
2025Q1,451.66,910.98,510.44,26849.18,16,9480.0,56.2
2025Q1,437.89,1007.67,519.7,21571.73,17,17820.0,52.9
2025Q1,450.76,943.62,667.31,-2860.03,10,27585.0,40.0
2025Q1,443.95,921.04,494.83,74110.26,19,17925.0,68.4
2025Q1,458.38,1009.77,335.86,24260.67,18,20296.44,66.7
2025Q1,436.47,896.09,549.5,5405.63,15,22879.82,46.7
2025Q1,458.82,963.89,483.39,78761.49,18,9545.0,72.2
2025Q1,446.77,925.13,529.51,30672.02,16,9480.0,56.2
2025Q1,450.84,894.69,512.22,27170.14,16,9480.0,56.2
2025Q1,443.38,907.52,498.96,75185.28,19,17925.0,68.4
2025Q1,451.9,555.41,512.77,27208.82,16,9480.0,56.2
2025Q1,458.82,951.38,227.05,43900.87,25,14616.87,80.0
2025Q1,436.71,973.7,484.07,71462.41,19,17820.0,68.4
2025Q1,445.4,962.94,543.08,2585.66,15,24021.95,46.7
2025Q1,436.47,915.09,497.97,75177.25,19,17720.0,68.4
2025Q1,450.99,904.84,640.12,-14150.38,11,27585.0,36.4
2025Q1,452.18,949.22,500.23,83719.81,18,9480.0,72.2
2025Q1,458.43,958.6,530.9,29832.51,16,9545.0,56.2
2025Q1,443.28,931.36,514.96,19632.74,17,17925.0,52.9
2025Q1,452.33,920.3,499.59,83553.58,18,9480.0,72.2
2025Q1,441.03,885.38,510.54,19166.83,17,17845.0,52.9
2025Q1,458.39,921.85,502.38,83692.87,18,9545.0,72.2
2025Q1,458.46,919.68,526.71,29078.16,16,9545.0,56.2
2025Q1,437.54,903.67,578.4,9311.51,15,21823.86,46.7
2025Q1,458.68,901.33,504.2,84167.59,18,9545.0,72.2
2025Q1,457.86,896.1,541.62,10267.47,14,18675.0,50.0
2025Q1,444.87,895.13,508.66,18438.58,17,17925.0,52.9
2025Q1,458.52,897.14,129.26,15379.14,29,23398.45,82.8
2025Q1,451.32,921.05,522.05,28939.7,16,9480.0,56.2
2025Q1,435.15,893.35,501.65,76548.57,19,17660.0,68.4
2025Q1,458.75,910.93,513.31,26671.3,16,9545.0,56.2
2025Q1,442.93,914.11,305.94,55916.62,24,12486.3,75.0
2025Q1,450.94,888.86,526.39,29720.34,16,9480.0,56.2
2025Q1,444.44,919.51,480.61,70412.63,19,17925.0,68.4
2025Q1,435.36,890.08,503.75,77094.7,19,17660.0,68.4
2025Q1,451.98,964.36,500.06,83676.11,18,9480.0,72.2
2025Q1,458.25,966.81,538.24,9644.12,14,18675.0,50.0
2025Q1,312.72,830.19,514.02,43455.12,21,27309.53,52.4
2025Q1,444.4,945.66,500.5,75584.58,19,17925.0,68.4
2025Q1,458.91,987.46,691.06,12880.87,11,32778.83,45.5
2025Q1,449.86,914.45,523.94,29509.17,16,9480.0,56.2
2025Q1,436.26,911.81,480.28,70578.76,19,17720.0,68.4
2025Q1,445.44,867.28,558.52,4748.02,15,23404.14,46.7
2025Q1,450.97,890.29,501.74,84111.4,18,9480.0,72.2
2025Q1,350.47,812.47,508.78,32101.83,21,32114.38,52.4
2025Q1,297.07,808.04,531.65,16046.32,21,25232.08,42.9
2025Q1,438.7,871.2,515.88,20884.14,17,17820.0,52.9
2025Q2,187.55,769.39,526.83,7137.79,16,11645.0,31.2
2025Q2,284.82,380.3,137.45,45199.24,32,8880.95,84.4
2025Q2,50.21,580.31,438.35,-12335.85,28,18870.0,7.1
2025Q2,332.3,344.9,687.66,14148.65,10,13623.02,40.0
2025Q2,386.28,516.23,154.91,29706.84,31,12926.73,80.6
2025Q2,104.6,290.79,386.74,7932.95,27,16845.0,25.9
2025Q2,212.46,390.7,445.61,-11398.74,17,17830.0,29.4
2025Q2,85.54,264.33,279.66,21460.33,31,12890.0,35.5
2025Q2,222.93,703.46,166.98,41190.15,32,9750.0,75.0
2025Q2,248.18,610.74,63.4,11205.34,41,10952.91,85.4
2025Q2,438.86,442.53,37.1,9754.33,39,8850.57,94.9
2025Q2,286.14,685.08,232.06,28903.19,27,15792.42,66.7
2025Q2,157.12,639.65,208.57,25884.5,30,9680.0,56.7
2025Q2,304.37,578.94,127.42,29327.01,33,9766.59,81.8
2025Q2,360.67,791.29,310.03,13723.27,20,21970.0,60.0
2025Q2,257.18,527.89,137.53,39300.5,32,7664.4,81.2
2025Q2,154.91,243.1,335.8,8691.81,27,16135.0,37.0
2025Q2,417.13,1025.21,217.05,13172.28,24,22373.98,70.8
2025Q2,224.92,545.92,89.68,15639.52,39,10744.4,79.5
2025Q2,304.84,804.28,660.2,25209.57,11,12665.0,45.5
2025Q2,179.01,421.48,183.88,29029.23,33,7675.0,63.6
2025Q2,257.01,561.23,107.7,18975.76,34,8261.08,79.4
2025Q2,273.89,360.54,263.86,47860.4,26,12965.8,69.2
2025Q2,338.4,429.65,253.91,23994.63,24,17434.64,66.7
2025Q2,285.19,338.65,366.24,11861.12,18,23525.0,50.0
2025Q2,217.38,346.62,276.48,25765.33,25,13375.0,56.0
2025Q2,139.29,354.42,186.45,32734.11,34,5845.0,58.8
2025Q2,368.8,424.35,168.36,38929.96,31,11817.8,80.6
2025Q2,281.22,717.93,33.89,22754.57,43,5710.0,97.7
2025Q2,317.2,457.44,539.67,6783.34,14,19330.0,42.9
2025Q2,204.93,759.2,289.24,32331.88,25,12675.0,56.0
2025Q2,265.46,630.65,124.56,25365.14,33,8213.84,78.8
2025Q2,243.3,493.4,153.84,33155.89,32,9855.0,75.0
2025Q2,196.88,255.85,98.13,18550.06,38,6722.03,76.3
2025Q2,341.78,441.39,233.93,16884.21,24,18549.23,66.7
2025Q2,235.53,385.31,147.23,30426.28,32,9705.0,75.0
2025Q2,182.88,391.18,434.96,12354.22,19,15425.0,36.8
2025Q2,279.53,591.81,73.07,-1465.1,40,16520.97,80.0
2025Q2,43.75,74.69,341.71,5922.91,31,15472.68,16.1
2025Q2,113.62,595.64,194.82,15093.24,35,9088.55,45.7
2025Q2,314.9,863.9,259.27,40042.25,24,8240.0,70.8
2025Q2,316.13,867.61,248.59,24982.42,24,16653.29,66.7
2025Q2,265.13,788.9,139.63,40169.95,32,7912.31,81.2
2025Q2,387.43,910.82,307.96,8620.32,20,23800.0,60.0
2025Q2,299.88,884.69,421.42,18696.05,18,18270.0,50.0
2025Q2,267.87,798.7,259.71,47899.87,26,12440.0,69.2
2025Q2,235.29,682.0,206.03,19771.5,27,12358.65,63.0
2025Q2,266.46,777.87,71.9,857.86,40,14450.98,80.0
2025Q2,221.74,690.8,159.28,38060.12,32,9190.0,75.0
2025Q2,73.59,470.41,117.71,17703.63,37,7310.82,54.1
2025Q2,245.87,830.29,220.27,22308.25,27,12674.03,63.0
2025Q2,328.67,883.31,288.86,25205.41,22,19920.0,63.6
2025Q2,294.74,906.39,266.28,28154.85,25,13950.0,64.0
2025Q2,268.3,803.39,326.12,15484.4,23,16955.0,52.2
2025Q2,347.43,808.95,388.29,17837.12,18,21400.0,55.6
2025Q2,316.26,808.02,178.73,11896.95,29,16395.4,69.0
2025Q2,167.19,570.76,242.27,37865.85,29,8735.0,58.6
2025Q2,361.03,937.43,477.96,3334.66,13,14915.0,46.2
2025Q2,274.41,799.65,128.75,32993.26,33,8640.06,81.8
2025Q2,253.95,671.2,209.08,16752.19,27,13826.8,63.0
2025Q2,388.0,742.72,55.76,-9844.52,40,21728.55,85.0
2025Q2,292.45,469.11,144.43,29642.43,32,11925.0,78.1
2025Q2,228.7,241.99,93.86,19941.06,39,8718.33,79.5
2025Q2,256.28,360.02,176.13,37436.85,31,10735.0,74.2
2025Q2,208.35,713.68,363.81,3788.99,20,15098.88,40.0
2025Q2,303.49,583.24,139.75,43917.56,32,9520.09,84.4
2025Q2,325.25,609.2,264.7,41084.37,24,8240.0,70.8
2025Q2,330.89,604.79,305.68,10307.14,21,20245.0,57.1
2025Q2,305.08,635.88,229.08,15090.51,25,22298.41,64.0
2025Q2,281.43,569.99,109.3,24388.74,34,9428.97,82.4
2025Q2,199.56,439.19,171.33,46852.4,32,8585.0,75.0
2025Q2,204.57,440.06,165.24,43648.93,32,8590.0,75.0
2025Q2,139.45,382.98,169.65,49316.0,35,5845.0,68.6
2025Q2,193.83,433.02,161.93,43267.1,32,8030.0,75.0
2025Q2,133.49,372.36,194.1,37898.92,34,5845.0,58.8
2025Q2,169.56,384.92,163.47,47901.36,34,7000.0,73.5
2025Q2,172.3,389.93,661.96,19696.75,13,11090.0,30.8
2025Q2,145.33,346.05,86.29,26236.17,40,6812.47,77.5
2025Q2,114.56,271.08,591.41,-1257.01,23,23670.0,17.4
2025Q2,151.25,415.11,199.03,39135.07,32,9880.0,62.5
2025Q2,162.92,283.17,55.42,18346.85,41,5781.66,85.4
2025Q2,196.7,272.33,153.47,39008.65,32,8585.0,75.0
2025Q2,130.15,358.75,169.07,50667.28,35,5815.0,68.6
2025Q2,130.22,356.3,128.8,44236.87,36,5815.0,75.0
2025Q2,126.06,307.0,123.67,31793.18,36,5983.35,69.4
2025Q2,127.52,387.44,135.11,40319.47,35,5455.64,71.4
2025Q2,108.36,304.61,105.09,16055.31,37,9608.25,62.2
2025Q2,98.11,259.73,220.48,9610.54,32,13635.0,37.5
2025Q2,83.3,305.61,182.94,15156.65,36,7172.45,41.7
2025Q2,58.72,357.74,142.8,16925.45,37,4735.0,43.2
2025Q2,183.9,220.88,118.73,35672.77,36,4417.58,77.8
2025Q2,157.97,381.39,170.31,53124.35,34,6905.0,73.5
2025Q2,174.0,422.96,81.0,24056.02,41,6354.91,80.5
2025Q2,26.77,358.56,178.92,16977.76,41,4390.0,26.8
2025Q2,154.67,343.63,167.53,52584.36,34,6470.0,73.5
2025Q2,154.69,324.94,206.3,25775.48,30,9680.0,56.7
2025Q2,144.26,337.63,234.72,29434.3,31,12170.0,51.6
2025Q2,162.2,303.29,164.49,48000.79,34,6905.0,73.5
2025Q2,165.65,312.27,167.5,50202.35,34,6905.0,73.5
2025Q2,165.47,298.99,168.07,49561.41,34,6905.0,73.5
2025Q2,167.32,291.87,192.68,35099.62,33,6995.0,63.6
2025Q2,190.12,324.73,159.54,45612.26,33,7955.0,75.8
2025Q2,118.92,229.1,216.56,-134.81,32,16050.0,37.5
2025Q2,139.26,282.54,165.62,47384.25,35,5845.0,68.6
2025Q2,137.95,283.96,249.48,35813.77,31,11590.0,51.6
2025Q2,98.36,175.69,186.29,18716.92,35,7209.25,45.7
2025Q2,162.27,370.13,150.08,41805.67,34,6905.0,73.5
2025Q2,148.3,310.07,171.31,48524.77,35,6110.0,68.6
2025Q2,177.56,345.08,203.32,41017.96,30,7440.0,66.7
2025Q2,153.73,265.37,230.09,33739.93,30,9880.0,56.7
2025Q2,146.22,334.85,278.73,22479.06,29,12205.0,44.8
2025Q2,123.23,273.94,170.64,40492.26,35,6672.17,62.9
2025Q2,161.2,299.98,157.87,44878.46,34,6905.0,73.5
2025Q2,139.57,229.6,107.79,31648.57,36,5845.0,75.0
2025Q2,180.88,361.98,191.72,32152.16,33,7830.0,63.6
2025Q2,149.09,277.71,171.26,48460.54,34,6575.0,70.6
2025Q2,169.95,373.52,215.69,28828.61,29,8735.0,58.6
2025Q2,216.21,336.49,175.84,43459.18,31,8765.0,74.2
2025Q2,153.06,314.37,141.28,39602.72,34,6575.0,73.5
2025Q2,188.3,264.6,196.88,41400.79,31,5974.44,67.7
2025Q2,109.62,333.79,149.12,22844.94,36,8632.5,55.6
2025Q2,138.32,274.89,168.9,49357.54,35,5845.0,68.6
2025Q2,457.74,585.84,178.83,22459.25,28,15478.44,78.6
2025Q2,133.28,230.94,132.65,45817.91,36,5845.0,75.0
2025Q2,146.57,319.9,163.58,45026.4,35,6110.0,68.6
2025Q2,157.67,369.74,392.17,10326.99,23,20900.0,34.8
2025Q2,122.93,275.75,117.79,29386.79,36,6138.26,69.4
2025Q2,168.04,358.55,185.7,32944.63,33,7000.0,63.6
2025Q2,177.01,287.2,240.58,42136.13,29,10064.05,62.1
2025Q2,147.81,405.29,157.19,41849.76,35,6110.0,68.6
2025Q2,93.79,229.36,215.31,9793.47,32,13095.0,37.5
2025Q2,132.98,276.79,170.66,51147.39,35,5845.0,68.6
2025Q2,128.99,291.17,200.94,30963.51,33,10940.0,54.5
2025Q2,118.1,179.83,171.74,27480.85,36,6955.21,55.6
2025Q2,157.73,278.39,146.33,40622.43,34,6905.0,73.5
2025Q2,135.96,315.38,132.04,44919.29,36,5845.0,75.0
2025Q2,142.73,371.77,183.55,31265.87,34,5845.0,58.8
2025Q2,160.38,308.52,153.6,44634.43,34,6905.0,73.5
2025Q2,273.85,406.68,328.55,14156.19,23,17115.0,52.2
2025Q2,105.06,305.52,98.3,21477.63,39,11993.94,66.7
2025Q2,151.81,320.63,347.52,-3801.47,26,19435.0,30.8
2025Q2,136.09,276.06,167.21,48521.38,35,5845.0,68.6
2025Q2,131.32,287.61,169.5,50649.84,35,5845.0,68.6
2025Q2,130.33,287.48,173.48,49317.58,34,5815.0,67.6
2025Q2,116.75,270.73,170.05,22000.68,36,9588.91,52.8
2025Q2,130.22,268.97,193.72,38031.87,34,5815.0,58.8
2025Q2,137.01,324.08,137.95,45847.68,35,5845.0,74.3
2025Q2,124.19,284.96,171.89,40703.39,35,6987.12,62.9
2025Q2,168.43,277.33,117.88,35961.59,36,4620.0,77.8
2025Q2,86.48,212.87,152.87,17701.87,37,9088.02,48.6
2025Q2,143.1,323.88,207.69,21260.67,31,12065.0,51.6
2025Q2,148.6,291.97,184.43,29247.44,34,6420.0,58.8
2025Q2,129.62,293.58,164.26,42480.41,35,5815.0,65.7
2025Q2,162.12,374.07,190.09,35448.26,33,6905.0,63.6
2025Q2,108.23,253.21,145.44,21536.45,36,8801.18,55.6
2025Q2,174.94,373.02,224.21,39062.0,29,8735.0,62.1
2025Q2,136.29,385.35,174.36,48454.22,34,5845.0,67.6
2025Q2,136.19,377.68,164.4,47171.8,35,5845.0,68.6
2025Q2,117.01,368.66,203.57,8490.0,33,15790.0,42.4
2025Q2,154.83,372.39,177.8,40341.22,33,6470.0,66.7
2025Q2,140.86,268.12,129.45,43519.3,36,5845.0,75.0
2025Q2,150.26,323.1,164.58,51784.38,34,6575.0,73.5
2025Q2,148.39,320.56,159.28,42748.55,35,6110.0,68.6
2025Q2,163.52,319.54,180.07,38791.08,33,6905.0,66.7
2025Q2,125.36,313.95,143.9,33784.18,35,7536.99,65.7
2025Q2,182.45,297.4,193.97,33501.31,33,7830.0,63.6
2025Q2,133.97,268.39,169.38,50288.88,35,5845.0,68.6
2025Q2,134.57,235.12,174.28,49155.28,34,5845.0,67.6
2025Q2,133.94,227.99,178.24,37927.74,34,5845.0,61.8
2025Q2,112.71,383.29,211.16,2968.51,32,14575.0,37.5
2025Q2,101.82,208.83,527.63,-3904.42,25,19890.0,16.0
2025Q2,146.17,281.66,474.31,-8299.42,23,18255.0,21.7
2025Q2,121.69,273.06,153.89,38900.98,35,6932.13,65.7
2025Q2,133.76,255.77,167.98,49614.95,35,5845.0,68.6
2025Q2,131.39,252.18,171.8,51753.8,35,5845.0,68.6
2025Q2,128.75,247.0,188.18,23483.66,34,10241.46,52.9
2025Q2,151.94,251.12,137.6,52262.69,34,6175.0,79.4
2025Q2,139.71,233.1,133.04,48416.69,35,5845.0,77.1
2025Q2,118.91,220.48,150.22,24279.02,36,6800.52,58.3
2025Q2,128.5,211.6,123.23,31213.63,36,6295.91,69.4
2025Q2,155.44,223.35,138.92,51867.47,34,6355.0,79.4
2025Q2,154.84,217.58,141.16,40103.83,34,6470.0,73.5
2025Q2,141.31,191.08,163.75,46328.82,35,5845.0,68.6
2025Q2,153.55,289.68,154.52,45486.81,34,6575.0,73.5
2025Q2,133.45,204.61,192.45,37241.98,34,5845.0,58.8
2025Q2,146.36,266.19,108.91,31280.12,36,6110.0,75.0
2025Q2,111.7,283.81,138.16,27784.9,36,9206.82,61.1
2025Q2,158.14,256.72,174.32,51562.3,33,6905.0,72.7
2025Q2,158.01,247.37,200.59,38017.41,32,10115.0,62.5
2025Q2,169.74,271.03,181.02,30617.04,33,7000.0,63.6
2025Q2,152.06,264.75,151.86,45113.5,34,6575.0,73.5
2025Q2,139.01,290.38,168.52,48795.21,35,5845.0,68.6
2025Q2,124.04,278.49,169.64,39709.77,35,7032.28,62.9
2025Q2,142.52,274.17,183.76,31348.99,34,5845.0,58.8
2025Q2,160.58,317.8,157.97,46820.33,34,6905.0,73.5
2025Q2,132.74,169.17,128.78,43769.7,36,5845.0,75.0
2025Q2,150.8,318.74,172.42,55631.05,34,6575.0,73.5
2025Q2,142.1,260.51,142.29,41769.25,35,5845.0,71.4
2025Q2,165.8,246.09,199.63,39437.1,31,6785.0,64.5
2025Q2,121.43,297.61,173.74,38456.19,34,6535.18,61.8
2025Q2,153.18,297.51,580.65,7369.65,20,16115.0,25.0
2025Q2,145.4,313.06,161.99,44393.82,35,6015.0,68.6
2025Q2,135.12,285.02,187.65,34326.86,34,5845.0,58.8
2025Q2,174.13,304.2,170.95,50076.22,34,7110.0,73.5
2025Q2,180.52,282.81,149.93,38326.49,34,7820.0,73.5
2025Q2,171.84,301.08,176.67,42226.97,33,7245.0,69.7
2025Q2,156.01,277.54,154.8,45378.45,34,6470.0,73.5
2025Q2,159.24,295.18,166.29,50267.07,34,6905.0,73.5
2025Q2,162.21,272.52,188.77,34497.41,33,6905.0,63.6
2025Q2,173.39,303.29,137.62,48574.49,34,7080.0,79.4
2025Q2,191.44,282.2,162.22,47204.05,33,7955.0,75.8
2025Q2,129.8,269.42,171.58,51873.36,35,5815.0,68.6
2025Q2,149.82,292.25,185.26,29425.38,33,6575.0,60.6
2025Q2,127.69,255.06,174.53,38206.93,34,6994.43,61.8
2025Q2,156.12,319.12,201.13,39005.36,32,9680.0,62.5
2025Q2,127.67,265.56,149.66,36375.41,35,7491.72,65.7
2025Q2,141.93,248.23,165.67,47250.82,35,5845.0,68.6
2025Q2,115.01,234.61,179.73,15398.39,35,9455.39,48.6
2025Q2,159.27,340.95,210.73,26128.61,30,10115.0,56.7
2025Q2,148.42,290.59,122.31,38344.09,36,6110.0,75.0
2025Q2,133.01,291.85,155.75,43990.68,35,5845.0,68.6
2025Q2,139.94,289.16,168.68,48831.07,35,5845.0,68.6
2025Q2,139.71,289.56,169.74,49358.32,35,5845.0,68.6
2025Q2,166.26,296.09,143.64,37320.4,34,6990.0,73.5
2025Q2,123.31,290.78,193.84,26956.83,34,9543.23,52.9
2025Q2,148.23,285.87,175.99,47354.25,34,6110.0,67.6
2025Q2,132.13,247.86,158.83,45529.68,35,5845.0,68.6
2025Q2,163.17,356.86,185.24,33289.93,33,6905.0,63.6
2025Q2,402.21,552.93,165.09,32165.73,31,12908.17,80.6
2025Q2,141.83,374.31,138.86,45821.99,35,5845.0,74.3
2025Q2,119.19,221.62,149.86,29593.15,36,6807.81,61.1
2025Q2,137.55,285.25,170.21,49929.53,35,5845.0,68.6
2025Q2,135.28,266.71,176.63,42773.81,34,5845.0,64.7
2025Q2,152.41,310.87,161.82,50273.28,34,6575.0,73.5
2025Q2,153.38,326.09,160.82,49376.64,34,6575.0,73.5
2025Q2,153.16,328.81,161.74,49837.07,34,6575.0,73.5
2025Q2,154.96,334.88,157.4,47522.12,34,6470.0,73.5
2025Q2,163.93,337.46,135.47,54316.14,34,4140.0,82.4
2025Q2,179.47,353.67,118.3,34993.82,36,4620.0,77.8
2025Q2,165.0,330.65,134.08,53346.74,34,4140.0,82.4
2025Q2,168.05,353.72,132.56,44182.34,36,4620.0,77.8
2025Q2,174.08,338.32,143.56,37410.76,34,7110.0,73.5
2025Q2,160.78,332.74,127.11,42758.97,36,4620.0,77.8
2025Q2,151.62,312.45,152.76,45843.73,34,6575.0,73.5
2025Q2,165.06,316.2,142.77,37833.77,34,6905.0,73.5
2025Q2,156.8,356.2,161.86,49392.46,34,6470.0,73.5
2025Q2,173.01,374.86,107.48,29790.23,36,4620.0,77.8
2025Q2,158.36,345.55,155.5,45718.41,34,6905.0,73.5
2025Q2,152.49,347.53,132.27,48800.12,36,3470.0,77.8
2025Q2,183.9,360.24,161.85,44485.45,34,7830.0,73.5
2025Q2,166.31,336.73,145.01,38872.26,34,6990.0,73.5
2025Q2,149.84,356.57,188.02,31317.28,33,6575.0,60.6
2025Q2,159.74,348.45,159.49,47620.62,34,6905.0,73.5
2025Q2,147.88,317.37,120.45,37432.51,36,6110.0,75.0
2025Q2,157.83,316.63,180.74,40408.95,33,6905.0,66.7
2025Q2,177.2,317.6,146.22,37494.05,34,7635.0,73.5
2025Q2,168.97,370.68,164.17,48236.89,34,7000.0,73.5
2025Q2,149.69,335.57,132.68,49344.7,36,3470.0,77.8
2025Q2,154.77,298.01,192.61,38030.26,33,6470.0,63.6
2025Q2,164.29,326.49,159.03,46160.45,34,6905.0,73.5
2025Q2,146.11,269.42,175.63,47496.56,34,5995.0,67.6
2025Q2,170.54,385.37,146.22,39254.4,34,7010.0,73.5
2025Q2,159.22,310.08,198.82,37202.39,32,10115.0,62.5
2025Q2,143.6,324.12,92.5,30762.51,40,6305.24,77.5
2025Q2,187.29,356.5,167.31,50337.36,33,7955.0,75.8
2025Q2,182.83,313.03,182.35,28667.1,33,7830.0,63.6
2025Q2,175.09,221.33,707.4,26826.7,12,7555.0,33.3
2025Q2,189.71,333.65,170.29,51032.19,33,7955.0,75.8
2025Q2,182.6,324.5,173.49,46834.63,33,7830.0,72.7
2025Q2,209.85,325.01,187.98,26045.46,31,8660.0,64.5
2025Q2,197.92,267.45,134.86,47487.89,33,5652.86,81.8
2025Q2,192.03,343.41,171.66,51672.28,33,7955.0,75.8
2025Q2,189.37,348.77,204.71,43613.82,29,5900.0,69.0
2025Q2,192.68,341.58,150.11,40893.23,33,7955.0,75.8
2025Q2,198.02,362.63,181.48,24680.74,31,8585.0,64.5
2025Q2,206.18,359.63,167.51,44609.17,32,8590.0,75.0
2025Q2,176.59,194.69,197.92,41350.03,32,7110.0,65.6
2025Q2,191.67,329.83,115.13,31730.15,36,4620.0,77.8
2025Q2,184.03,313.42,145.57,36344.03,34,7830.0,73.5
2025Q2,127.87,294.27,172.06,40613.1,35,7043.72,62.9
2025Q2,143.98,291.38,156.11,42161.33,35,5890.0,68.6
2025Q2,167.74,288.82,128.22,41750.88,36,4620.0,77.8
2025Q2,137.73,295.87,186.66,33170.67,34,5845.0,58.8
2025Q2,124.5,301.29,170.45,40067.11,35,7016.04,62.9
2025Q2,177.41,315.78,212.38,31827.92,29,10220.0,62.1
2025Q2,162.47,247.76,137.9,49606.03,34,6610.0,79.4
2025Q2,145.72,268.07,154.41,46865.29,35,6015.0,71.4
2025Q2,110.0,257.36,184.28,14509.76,35,8329.39,45.7
2025Q2,230.43,398.9,165.86,39599.77,32,9705.0,75.0
2025Q2,134.89,292.18,149.69,46759.84,35,5845.0,71.4
2025Q2,171.43,285.62,400.8,-630.84,22,18360.0,31.8
2025Q2,152.28,530.49,174.12,52943.61,33,6575.0,72.7
2025Q2,219.24,528.16,194.05,26588.03,31,8915.0,64.5
2025Q2,153.38,337.85,181.01,34283.58,33,6575.0,63.6
2025Q2,163.17,338.13,136.69,48831.75,34,6730.0,79.4
2025Q2,189.01,333.14,101.62,16680.33,38,6057.67,73.7
2025Q2,149.03,601.06,159.47,43300.63,34,6575.0,70.6
2025Q2,157.58,317.55,178.02,39215.24,33,6905.0,66.7
2025Q2,143.89,278.49,197.94,29335.55,34,12170.0,55.9
2025Q2,171.66,360.68,35.75,21578.32,42,3560.0,95.2
2025Q2,163.88,332.75,152.87,43078.35,34,6905.0,73.5
2025Q2,152.55,532.55,118.43,40816.07,36,3470.0,77.8
2025Q2,183.5,331.62,169.07,48093.18,34,7830.0,73.5
2025Q2,201.46,301.23,141.58,32449.04,32,8585.0,75.0
2025Q2,140.68,299.65,217.54,25108.22,31,11590.0,51.6
2025Q2,173.05,599.01,189.35,33813.89,33,7245.0,63.6
2025Q2,127.05,262.8,176.22,39032.78,34,6845.58,61.8
2025Q2,157.16,337.31,160.5,48710.48,34,6470.0,73.5
2025Q2,146.51,501.06,128.73,41928.21,36,6110.0,75.0
2025Q2,120.35,467.07,149.43,37037.95,35,7021.39,65.7
2025Q2,161.73,559.15,171.07,52389.9,34,6905.0,73.5
2025Q2,164.69,586.98,208.49,27072.37,29,8385.0,58.6
2025Q2,178.29,553.77,184.14,29328.12,33,7655.0,63.6
2025Q2,168.21,573.12,174.08,49708.86,33,7000.0,72.7
2025Q2,133.24,510.99,193.86,37803.59,34,5845.0,58.8
2025Q2,159.79,482.41,168.17,51958.73,34,6905.0,73.5
2025Q2,161.34,544.09,146.92,40316.35,34,6905.0,73.5
2025Q2,175.65,240.78,162.57,46803.2,34,7095.0,73.5
2025Q2,157.05,545.85,128.75,44308.75,36,4620.0,77.8
2025Q2,189.55,511.02,463.9,-4750.44,17,16300.0,29.4
2025Q2,169.85,563.17,183.09,31853.88,33,7000.0,63.6
2025Q2,149.73,557.86,154.44,46800.03,34,6575.0,73.5
2025Q2,181.76,473.98,203.23,44809.93,31,7675.0,67.7
2025Q2,163.32,272.91,631.97,40191.07,16,14195.0,37.5
2025Q2,147.2,544.11,171.99,49033.01,35,6110.0,68.6
2025Q2,159.09,289.27,141.34,37910.05,34,6905.0,73.5
2025Q2,240.92,653.39,111.17,18249.42,35,7511.5,77.1
2025Q2,168.35,517.62,191.93,35558.66,33,7000.0,63.6
2025Q2,143.63,230.18,165.16,46940.15,35,5845.0,68.6
2025Q2,154.44,310.73,224.45,31749.44,30,9785.0,56.7
2025Q2,173.76,605.75,178.32,36765.34,33,7245.0,66.7
2025Q2,138.13,475.43,154.66,42520.28,35,5845.0,68.6
2025Q2,200.29,424.57,137.05,45929.23,32,5609.07,81.2
2025Q2,187.78,457.04,167.81,50679.63,33,7955.0,75.8
2025Q2,214.57,495.16,123.72,30431.0,35,6295.52,77.1
2025Q2,193.53,561.08,157.44,41184.8,32,7955.0,75.0
2025Q2,123.73,382.55,187.77,24773.71,34,9664.52,52.9
2025Q2,185.89,439.31,142.23,34038.23,34,7830.0,73.5
2025Q2,116.52,429.16,168.19,21290.58,36,9626.29,52.8
2025Q2,204.6,477.84,200.35,40564.97,29,6251.0,69.0
2025Q2,132.74,428.27,179.94,38908.45,34,5845.0,61.8
2025Q2,150.44,348.2,152.66,45823.48,34,6575.0,73.5
2025Q2,159.98,327.1,165.23,50491.3,34,6905.0,73.5
2025Q2,143.41,382.71,136.09,44317.2,35,5845.0,74.3
2025Q2,153.02,422.72,159.97,48948.87,34,6575.0,73.5
2025Q2,161.32,373.7,84.77,27711.05,41,5853.54,80.5
2025Q2,130.6,361.29,178.05,38376.41,34,5815.0,61.8
2025Q2,143.09,328.91,148.4,44839.53,35,5845.0,71.4
2025Q2,100.3,268.69,189.98,19404.81,35,7210.32,45.7
2025Q2,155.37,318.58,119.61,39191.22,36,4620.0,77.8
2025Q2,135.9,312.68,312.91,9806.59,28,14110.0,35.7
2025Q2,111.36,306.54,167.14,23659.73,36,8347.12,52.8
2025Q2,164.95,372.61,205.86,37741.89,30,6785.0,63.3
2025Q2,147.18,300.14,145.93,42429.32,35,6110.0,71.4
2025Q2,125.65,204.15,178.58,27336.74,34,9848.33,55.9
2025Q2,182.52,240.75,161.07,45180.23,34,7830.0,73.5
2025Q2,158.32,327.55,125.94,42230.52,36,4620.0,77.8
2025Q2,140.41,459.84,65.01,19434.47,41,7879.59,80.5
2025Q2,150.98,336.96,194.17,40590.25,33,6575.0,63.6
2025Q2,168.65,452.71,171.45,51874.96,34,7000.0,73.5
2025Q2,196.65,492.37,179.77,32373.43,31,8585.0,67.7
2025Q2,175.04,462.87,146.67,38987.98,34,7085.0,73.5
2025Q2,187.67,461.57,167.98,50670.56,33,7955.0,75.8
2025Q2,209.69,491.71,105.85,22055.7,35,6377.94,77.1
2025Q2,189.19,453.72,192.79,34748.77,32,7955.0,65.6
2025Q2,186.1,466.76,355.86,9899.52,22,12637.83,40.9
2025Q2,197.72,666.14,172.48,47714.83,32,8585.0,75.0
2025Q2,175.27,509.18,215.46,35894.24,29,8735.0,62.1
2025Q2,179.17,442.14,137.32,47406.48,34,7675.0,79.4
2025Q2,164.91,412.6,156.24,44569.69,34,6905.0,73.5
2025Q2,184.84,490.64,181.9,27597.27,33,7830.0,63.6
2025Q2,168.01,452.97,169.57,50933.12,34,7000.0,73.5
2025Q2,170.39,451.94,202.4,40114.89,31,7000.0,64.5
2025Q2,190.92,487.97,167.48,49579.63,33,7955.0,75.8
2025Q2,179.9,450.4,186.7,30052.08,33,7820.0,63.6
2025Q2,169.56,456.0,152.32,42324.37,34,7000.0,73.5
2025Q2,164.99,467.84,136.09,48311.92,34,6785.0,79.4
2025Q2,205.0,463.57,172.25,47017.13,32,8590.0,75.0
2025Q2,176.61,544.41,157.62,43522.51,34,7635.0,73.5
2025Q2,222.73,491.71,184.01,21613.85,31,9330.0,64.5
2025Q2,192.82,430.25,129.26,39644.82,36,4620.0,77.8
2025Q2,165.35,478.45,147.11,40005.5,34,6905.0,73.5
2025Q2,159.05,450.3,201.1,38115.51,32,10115.0,62.5
2025Q2,371.36,624.68,170.17,38809.68,31,11781.61,80.6
2025Q2,181.39,463.02,157.81,42015.83,34,7830.0,73.5
2025Q2,172.33,448.1,230.7,41402.43,29,8735.0,62.1
2025Q2,154.51,249.02,570.69,3428.46,21,16310.0,23.8
2025Q2,160.18,380.36,433.07,7269.76,22,17645.0,31.8
2025Q2,144.21,467.03,176.51,41716.32,34,5890.0,64.7
2025Q2,168.5,473.86,189.95,34729.19,33,7000.0,63.6
2025Q2,184.91,185.88,145.23,39156.49,34,7435.16,73.5
2025Q2,196.89,640.77,115.91,28525.01,35,5756.85,77.1
2025Q2,151.99,345.98,162.77,50850.75,34,6575.0,73.5
2025Q2,149.61,346.54,505.18,-5301.75,22,18900.0,22.7
2025Q2,63.84,282.34,134.92,20650.86,37,5394.86,48.6
2025Q2,139.01,347.1,159.26,44352.11,35,5845.0,68.6
2025Q2,158.35,208.13,177.6,39921.42,33,6905.0,66.7
2025Q2,118.17,306.71,151.14,24681.82,36,6752.29,58.3
2025Q2,148.94,345.41,197.09,28118.22,33,12730.0,57.6
2025Q2,132.32,370.0,167.64,49720.6,35,5845.0,68.6
2025Q3,187.55,769.39,526.83,27859.35,15,8075.0,40.0
2025Q3,284.82,380.3,137.45,18815.92,26,12581.91,76.9
2025Q3,50.21,580.31,438.35,26227.45,28,9165.0,21.4
2025Q3,332.3,344.9,687.66,7020.47,8,13688.02,37.5
2025Q3,386.28,516.23,154.91,7284.1,20,22120.18,75.0
2025Q3,104.6,290.79,386.74,34132.36,25,11090.0,36.0
2025Q3,212.46,390.7,445.61,24843.51,12,10720.0,50.0
2025Q3,85.54,264.33,279.66,15217.12,31,7525.0,32.3
2025Q3,222.93,703.46,166.98,-1005.34,22,15622.87,59.1
2025Q3,248.18,610.74,63.4,10722.28,34,7728.98,85.3
2025Q3,115.11,404.78,299.82,28415.86,26,10200.0,42.3
2025Q3,125.26,418.13,310.74,30671.75,25,10775.0,44.0
2025Q3,135.86,469.88,322.75,30804.55,25,8470.0,44.0
2025Q3,29.31,428.78,556.39,21850.85,30,9130.0,13.3
2025Q3,157.46,395.02,397.63,30840.75,18,6760.0,44.4
2025Q3,165.78,415.63,420.04,31842.17,18,7210.0,44.4
2025Q3,74.01,96.36,546.37,23472.01,23,9984.28,21.7
2025Q3,285.93,514.11,621.35,7061.05,8,12240.0,37.5
2025Q3,175.87,271.11,234.59,5970.69,23,13021.24,47.8
2025Q3,457.27,879.15,478.74,29488.62,9,18725.0,66.7
2025Q3,80.11,332.98,368.52,33418.43,27,8920.0,33.3
2025Q3,100.93,346.32,397.36,34749.41,26,10930.0,34.6
2025Q3,90.8,275.8,382.9,32897.45,27,9825.0,33.3
2025Q3,26.34,159.36,355.99,28473.94,35,9610.0,20.0
2025Q3,102.9,368.43,248.89,18274.73,31,8825.0,38.7
2025Q3,50.51,392.86,508.56,25386.02,26,9095.0,19.2
2025Q3,143.94,359.07,348.52,25839.27,21,9345.0,42.9
2025Q3,72.72,197.35,466.24,14003.67,24,11805.0,20.8
2025Q3,200.28,272.51,599.53,13512.14,12,16425.0,33.3
2025Q3,114.65,518.93,385.17,34520.12,23,9990.0,39.1
2025Q3,191.41,768.67,496.04,27860.31,14,8050.0,42.9
2025Q3,117.42,547.68,387.28,34726.27,23,9990.0,39.1
2025Q3,117.81,571.95,413.71,20454.06,22,9990.0,31.8
2025Q3,150.54,649.47,206.2,11361.88,24,8456.09,50.0
2025Q3,49.28,457.97,346.69,35954.65,31,6690.0,29.0
2025Q3,52.48,448.07,267.99,27693.74,36,4705.0,30.6
2025Q3,56.73,600.51,442.74,15103.73,27,8685.0,18.5
2025Q3,285.2,728.92,327.29,36194.29,17,11870.0,64.7
2025Q3,318.43,769.54,331.93,32750.2,15,13540.0,66.7
2025Q3,377.5,986.85,190.6,3411.28,19,23272.87,68.4
2025Q3,283.12,652.13,131.55,19120.45,27,12783.05,77.8
2025Q3,245.44,678.38,288.9,20959.9,17,14391.03,58.8
2025Q3,270.58,746.85,384.82,34957.34,15,11720.0,60.0
2025Q3,283.91,743.97,349.91,34211.77,16,11870.0,62.5
2025Q3,334.17,824.85,438.92,18369.81,11,13885.0,54.5
2025Q3,309.75,844.95,309.31,28787.53,17,14402.72,64.7
2025Q3,226.67,745.24,416.41,44068.86,15,10950.0,60.0
2025Q3,225.59,745.73,471.03,25703.95,12,10950.0,50.0
2025Q3,360.55,925.61,425.18,46662.35,13,15190.0,69.2
2025Q3,363.17,918.33,416.49,44793.03,13,15475.0,69.2
2025Q3,383.32,949.01,421.56,44371.68,13,15765.0,69.2
2025Q3,385.13,947.56,521.7,38938.81,9,15810.0,66.7
2025Q3,385.66,964.19,540.59,41206.02,9,15810.0,66.7
2025Q3,402.01,971.12,539.87,39154.74,9,17525.0,66.7
2025Q3,421.67,1031.73,588.13,44370.4,9,17685.0,66.7
2025Q3,418.52,1023.16,669.38,4913.01,7,21862.33,42.9
2025Q3,355.64,875.76,575.35,46696.78,9,15085.0,66.7
2025Q3,357.49,910.5,586.01,47810.97,9,15250.0,66.7
2025Q3,339.26,935.78,582.5,49285.09,9,13720.0,66.7
2025Q3,359.1,911.01,637.1,8060.97,7,17423.01,42.9
2025Q3,357.05,859.63,680.7,10677.18,7,16550.94,42.9
2025Q3,432.97,1035.96,582.42,42240.11,9,18715.0,66.7
2025Q3,353.57,940.8,571.42,46225.15,9,15085.0,66.7
2025Q3,352.49,901.53,567.59,45871.23,9,15005.0,66.7
2025Q3,351.22,941.99,565.3,45595.52,9,15005.0,66.7
2025Q3,337.28,931.9,569.18,47736.66,9,13670.0,66.7
2025Q3,342.74,862.18,620.68,8081.09,7,16746.3,42.9
2025Q3,321.95,910.23,638.01,5185.37,8,13804.88,37.5
2025Q3,307.22,842.04,568.67,36030.3,11,13010.0,54.5
2025Q3,368.04,954.16,704.38,11827.55,7,16347.48,42.9
2025Q3,336.94,814.0,606.96,39915.79,8,13670.0,62.5
2025Q3,347.51,930.6,564.64,45516.95,9,15005.0,66.7
2025Q3,396.94,944.55,655.07,7264.45,7,18938.52,42.9
2025Q3,347.88,942.34,508.24,38749.2,9,15005.0,66.7
2025Q3,323.92,831.17,577.65,42322.9,10,13750.0,60.0
2025Q3,298.05,871.85,608.84,35563.99,9,12740.0,55.6
2025Q3,398.34,933.43,489.89,33157.35,9,17525.0,66.7
2025Q3,351.62,909.21,555.66,44439.47,9,15005.0,66.7
2025Q3,370.33,963.69,523.56,39941.76,9,15475.0,66.7
2025Q3,329.7,873.58,646.07,11424.19,7,14418.6,42.9
2025Q3,263.68,784.13,591.53,48623.43,10,11445.0,60.0
2025Q3,271.32,794.38,588.96,42420.0,11,11720.0,54.5
2025Q3,374.7,945.11,552.28,43264.09,9,15490.0,66.7
2025Q3,301.6,791.04,621.95,5337.27,8,13275.91,37.5
2025Q3,339.41,848.27,534.94,43577.97,9,13720.0,66.7
2025Q3,359.56,954.03,598.56,49216.73,9,15190.0,66.7
2025Q3,312.44,869.06,594.13,44995.8,10,13420.0,60.0
2025Q3,364.76,974.39,613.8,38485.32,8,15475.0,62.5
2025Q3,407.89,941.36,660.79,5707.3,7,20724.23,42.9
2025Q3,392.23,859.35,574.89,45227.38,9,15905.0,66.7
2025Q3,254.61,832.82,460.45,28074.39,11,11535.0,54.5
2025Q3,354.14,950.88,560.99,44973.64,9,15085.0,66.7
2025Q3,328.54,890.96,629.55,11052.8,7,14129.07,42.9
2025Q3,378.38,968.11,519.32,38968.51,9,15765.0,66.7
2025Q3,295.59,843.79,592.6,45791.7,10,12740.0,60.0
2025Q3,338.13,874.86,605.35,51812.14,9,13720.0,66.7
2025Q3,315.03,806.02,500.72,33051.54,10,13420.0,60.0
2025Q3,336.38,863.39,609.55,40174.57,8,13670.0,62.5
2025Q3,358.06,932.43,74.05,19635.69,31,7395.0,90.3
2025Q3,410.67,949.69,538.66,38654.37,9,17525.0,66.7
2025Q3,442.92,952.1,600.75,11544.77,8,24500.06,50.0
2025Q3,264.71,817.3,595.1,48957.47,10,11540.0,60.0
2025Q3,262.53,574.35,574.97,41416.65,11,11445.0,54.5
2025Q3,372.7,939.33,645.55,8157.78,7,17664.07,42.9
2025Q3,343.96,955.3,547.63,43580.35,9,14900.0,66.7
2025Q3,231.47,786.06,685.65,10468.87,9,14360.0,33.3
2025Q3,322.34,902.58,631.2,4776.79,8,13941.07,37.5
2025Q3,215.19,760.79,599.43,51236.15,10,10720.0,60.0
2025Q3,211.93,809.7,670.2,11987.27,9,13205.0,33.3
2025Q3,189.09,704.99,598.75,12574.87,13,19535.0,30.8
2025Q3,237.25,765.92,578.17,43215.2,11,10975.0,54.5
2025Q3,210.65,755.19,557.49,43103.21,11,10720.0,54.5
2025Q3,364.56,928.51,590.21,47930.34,9,15475.0,66.7
2025Q3,179.39,744.15,621.95,3326.76,12,19065.0,25.0
2025Q3,201.65,788.31,590.29,12058.31,12,16435.0,33.3
2025Q3,272.72,847.03,615.6,7526.02,8,11720.0,37.5
2025Q3,363.47,960.68,652.26,8970.39,7,17119.87,42.9
2025Q3,389.4,886.55,529.35,39761.86,9,15905.0,66.7
2025Q3,379.04,581.12,600.89,48291.63,9,15765.0,66.7
2025Q3,378.85,417.81,604.73,48752.5,9,15765.0,66.7
2025Q3,378.37,404.15,636.2,6633.85,7,18814.04,42.9
2025Q3,385.82,537.66,599.73,48107.22,9,15810.0,66.7
2025Q3,383.9,593.68,584.63,46695.3,9,15765.0,66.7
2025Q3,253.69,393.24,607.47,38821.62,9,11535.0,55.6
2025Q3,409.66,463.67,599.83,13786.65,8,22203.34,50.0
2025Q3,369.49,653.79,624.6,7041.17,7,17942.94,42.9
2025Q3,391.28,539.1,604.63,16310.17,8,19967.46,50.0
2025Q3,342.51,449.29,582.82,48143.79,9,14900.0,66.7
2025Q3,334.12,499.5,548.38,45390.87,9,13670.0,66.7
2025Q3,344.82,437.37,584.96,47960.58,9,15000.0,66.7
2025Q3,401.2,522.08,587.55,44876.1,9,17525.0,66.7
2025Q3,339.47,440.7,562.44,46878.34,9,13720.0,66.7
2025Q3,345.35,396.57,617.37,7690.88,7,17003.97,42.9
2025Q3,369.66,458.82,634.06,7608.31,7,17753.9,42.9
2025Q3,329.11,434.31,583.72,49841.6,9,13490.0,66.7
2025Q3,361.35,470.83,581.98,47387.38,9,15190.0,66.7
2025Q3,289.99,371.32,593.82,46683.24,10,12325.0,60.0
2025Q3,323.27,482.43,662.72,6458.08,8,13750.0,37.5
2025Q3,242.54,288.93,611.07,39620.24,9,10823.6,55.6
2025Q3,218.38,417.1,644.6,9166.16,9,13370.0,33.3
2025Q3,377.25,493.63,554.58,43174.35,9,15765.0,66.7
2025Q3,329.85,337.12,573.97,41933.57,10,13484.84,60.0
2025Q3,309.72,382.55,599.98,45537.83,10,13580.0,60.0
2025Q3,344.0,479.16,620.53,7961.53,7,16859.49,42.9
2025Q3,350.16,385.21,584.48,48143.62,9,14759.2,66.7
2025Q3,353.04,373.64,590.67,48799.4,9,14607.82,66.7
2025Q3,351.17,381.36,586.7,48486.99,9,14682.28,66.7
2025Q3,349.92,420.43,566.28,45713.01,9,15005.0,66.7
2025Q3,324.64,343.57,629.71,4355.1,8,13962.09,37.5
2025Q3,315.88,355.45,547.0,38585.52,10,13439.07,60.0
2025Q3,332.71,358.94,606.32,39519.35,8,13933.85,62.5
2025Q3,367.66,370.66,590.95,48674.18,9,14826.35,66.7
2025Q3,384.06,386.93,578.61,46218.14,9,15477.06,66.7
2025Q3,352.37,386.98,597.74,49538.78,9,14794.59,66.7
2025Q3,356.93,396.84,598.69,49185.89,9,15236.9,66.7
2025Q3,352.14,390.09,619.49,7667.9,7,17111.87,42.9
2025Q3,358.01,423.26,610.31,38360.78,8,15250.0,62.5
2025Q3,372.54,403.08,566.13,44858.86,9,15586.6,66.7
2025Q3,363.22,378.35,640.55,8651.09,7,16971.03,42.9
2025Q3,275.85,288.18,594.3,48460.01,10,11328.69,60.0
2025Q3,231.95,232.54,596.99,53034.99,10,9301.66,60.0
2025Q3,261.78,269.96,597.87,50148.04,10,10798.45,60.0
2025Q3,261.42,273.28,596.84,49933.49,10,10755.69,60.0
2025Q3,258.34,259.0,625.03,6421.26,9,15540.17,33.3
2025Q3,278.47,297.16,597.65,48247.67,10,11583.25,60.0
2025Q3,266.35,278.82,613.12,39006.7,9,11152.7,55.6
2025Q3,241.74,301.16,569.7,42146.21,11,11068.23,54.5
2025Q3,275.94,321.1,631.39,7926.6,8,11986.97,37.5
2025Q3,248.45,258.96,599.83,51447.16,10,10174.12,60.0
2025Q3,253.39,280.65,555.9,39602.31,11,10993.01,54.5
2025Q3,231.92,233.63,613.73,42682.6,9,9345.17,55.6
2025Q3,246.95,266.41,597.77,50786.16,10,10323.2,60.0
2025Q3,244.06,267.52,595.74,50858.27,10,10395.39,60.0
2025Q3,248.77,264.6,601.42,51299.85,10,10287.0,60.0
2025Q3,249.53,272.25,606.07,51548.16,10,10440.08,60.0
2025Q3,248.43,266.8,649.93,7547.92,9,15781.03,33.3
2025Q3,226.19,267.17,609.19,40437.01,9,10138.37,55.6
2025Q3,235.92,288.55,630.7,6906.19,9,15010.0,33.3
2025Q3,220.13,238.83,603.55,53752.59,10,9341.59,60.0
2025Q3,205.71,223.55,617.87,2699.07,11,17286.95,27.3
2025Q3,250.27,275.47,572.29,41746.76,11,10889.46,54.5
2025Q3,244.69,279.52,606.9,39169.57,9,10635.4,55.6
2025Q3,223.05,223.15,604.13,54643.78,10,8926.09,60.0
2025Q3,224.11,235.14,594.57,52537.46,10,9405.46,60.0
2025Q3,215.4,215.83,576.78,11610.18,12,17266.2,33.3
2025Q3,222.24,235.54,625.4,9911.61,9,13480.0,33.3
2025Q3,231.82,242.39,599.96,52604.83,10,9695.44,60.0
2025Q3,196.76,209.3,601.42,15053.78,12,16421.82,33.3
2025Q3,231.43,258.09,642.04,9104.01,9,14360.0,33.3
2025Q3,225.27,609.04,623.23,6808.81,9,14215.0,33.3
2025Q3,236.42,236.49,578.19,45734.0,11,9459.63,54.5
2025Q3,257.89,269.57,600.43,50486.77,10,10782.69,60.0
2025Q3,258.4,270.5,600.71,50444.8,10,10819.91,60.0
2025Q3,243.15,253.59,612.01,40941.11,9,10116.78,55.6
2025Q3,262.64,290.73,584.52,42533.89,11,11104.56,54.5
2025Q3,256.43,268.49,601.1,50727.5,10,10739.69,60.0
2025Q3,218.1,229.17,608.51,42516.79,9,9166.9,55.6
2025Q3,255.09,310.39,561.66,39871.55,11,11497.73,54.5
2025Q3,246.68,264.9,620.85,6176.79,9,15483.07,33.3
2025Q3,237.03,238.86,595.25,52320.98,10,9554.49,60.0
2025Q3,230.11,230.82,637.83,10571.65,9,13848.94,33.3
2025Q3,240.79,271.18,596.56,51035.76,10,10243.51,60.0
2025Q3,236.15,265.04,596.27,51215.86,10,10035.83,60.0
2025Q3,237.39,261.31,590.8,50623.9,10,10046.12,60.0
2025Q3,240.86,262.66,602.25,52058.27,10,10073.23,60.0
2025Q3,238.71,263.2,604.97,52248.65,10,10083.98,60.0
2025Q3,239.16,263.61,608.63,40498.17,9,10092.29,55.6
2025Q3,210.51,255.55,628.63,10666.55,9,13075.0,33.3
2025Q3,222.86,253.49,617.49,8184.65,9,14159.85,33.3
2025Q3,237.37,258.63,574.45,43999.1,11,9992.59,54.5
2025Q3,252.71,299.04,140.25,-4865.72,25,21325.36,64.0
2025Q3,245.04,254.69,592.66,50792.4,10,10138.87,60.0
2025Q3,230.0,248.84,588.93,46104.1,11,9953.61,54.5
2025Q3,246.3,247.66,607.68,40955.29,9,9906.47,55.6
2025Q3,238.46,269.33,589.5,50146.51,10,10206.67,60.0
2025Q3,224.24,235.68,614.8,8784.04,9,13963.55,33.3
2025Q3,248.82,281.09,577.66,42640.7,11,10616.84,54.5
2025Q3,215.53,235.42,598.87,53184.09,10,9416.83,60.0
2025Q3,208.36,229.21,253.68,20731.61,19,8814.26,57.9
2025Q3,214.73,272.78,563.02,44281.55,11,10020.68,54.5
2025Q3,232.28,232.61,593.66,52630.42,10,9304.58,60.0
2025Q3,234.43,244.55,592.12,51489.72,10,9782.11,60.0
2025Q3,233.2,234.08,590.94,52186.12,10,9363.17,60.0
2025Q3,221.33,221.64,581.66,47634.66,11,8865.72,54.5
2025Q3,198.57,239.26,617.04,3147.3,11,16515.0,27.3
2025Q3,229.18,239.4,603.42,53259.16,10,9575.86,60.0
2025Q3,231.27,231.56,572.43,45535.2,11,9262.42,54.5
2025Q3,215.56,240.97,629.54,10188.93,9,13380.0,33.3
2025Q3,229.1,268.01,590.68,50425.91,10,10095.27,60.0
2025Q3,239.05,239.2,607.76,41640.16,9,9567.84,55.6
2025Q3,221.36,238.2,617.95,9504.02,9,13480.0,33.3
2025Q3,246.14,258.61,599.09,51328.64,10,10217.28,60.0
2025Q3,230.2,241.43,589.77,51458.41,10,9657.2,60.0
2025Q3,234.24,246.0,584.1,45676.44,11,9840.15,54.5
2025Q3,229.27,261.38,607.27,40536.95,9,9962.6,55.6
2025Q3,204.41,204.72,587.51,14245.52,12,16377.62,33.3
2025Q3,242.23,265.41,570.98,43125.61,11,10353.29,54.5
2025Q3,218.23,228.45,600.01,53724.51,10,9138.07,60.0
2025Q3,210.39,244.19,622.25,10511.26,9,13075.0,33.3
2025Q3,221.3,233.59,607.46,42058.33,9,9343.78,55.6
2025Q3,226.8,246.78,636.01,9344.27,9,14150.52,33.3
2025Q3,238.38,247.24,593.66,51459.76,10,9889.79,60.0
2025Q3,234.78,235.21,598.76,53034.39,10,9408.22,60.0
2025Q3,216.87,216.93,600.06,54652.31,10,8677.17,60.0
2025Q3,218.3,220.28,611.7,43547.84,9,8811.12,55.6
2025Q3,230.89,241.29,579.28,45550.83,11,9651.42,54.5
2025Q3,216.02,573.54,604.64,51861.78,10,10720.0,60.0
2025Q3,198.46,208.12,620.63,4091.53,11,16497.07,27.3
2025Q3,211.23,563.45,605.62,53099.43,10,10720.0,60.0
2025Q3,208.52,546.32,609.67,41481.95,9,10630.0,55.6
2025Q3,218.21,607.5,581.98,44777.73,11,10720.0,54.5
2025Q3,224.29,580.4,627.4,7073.84,9,14200.0,33.3
2025Q3,213.3,631.68,603.25,52804.52,10,10720.0,60.0
2025Q3,190.27,506.18,615.54,5167.5,11,15925.0,27.3
2025Q3,176.7,180.15,101.46,13789.51,29,10353.77,72.4
2025Q3,204.03,205.38,570.94,12813.71,12,16430.69,33.3
2025Q3,160.71,436.7,588.58,13271.77,14,17025.0,28.6
2025Q3,214.87,538.98,605.98,53133.05,10,10720.0,60.0
2025Q3,217.63,506.65,650.51,9520.85,9,13370.0,33.3
2025Q3,137.16,458.56,199.77,1454.21,28,13149.65,42.9
2025Q3,211.57,585.55,634.76,9990.46,9,13075.0,33.3
2025Q3,227.34,579.92,365.12,30286.13,16,10950.0,56.2
2025Q3,202.92,639.16,613.92,820.31,11,17285.0,27.3
2025Q3,212.81,517.69,604.58,52974.89,10,10720.0,60.0
2025Q3,192.92,496.56,628.19,5851.2,11,15955.0,27.3
2025Q3,212.3,579.17,582.24,45898.91,11,10720.0,54.5
2025Q3,222.21,551.27,38.33,14181.1,39,4485.0,92.3
2025Q3,209.31,437.91,610.3,41454.93,9,10720.0,55.6
2025Q3,231.34,635.75,554.53,40573.54,11,10890.0,54.5
2025Q3,217.27,636.29,592.43,50396.98,10,10720.0,60.0
2025Q3,225.5,572.67,604.17,51130.25,10,10950.0,60.0
2025Q3,204.83,506.85,621.85,1256.15,11,17285.0,27.3
2025Q3,236.07,483.18,570.82,42443.21,11,10890.0,54.5
2025Q3,184.4,514.66,585.44,12355.55,13,19305.0,30.8
2025Q3,214.59,214.77,640.24,4050.77,11,17181.87,27.3
2025Q3,224.41,486.41,608.59,39489.36,9,10950.0,55.6
2025Q3,232.74,252.37,595.24,51551.87,10,9782.43,60.0
2025Q3,235.18,255.12,624.2,7592.6,9,14919.78,33.3
2025Q3,216.12,682.35,601.89,51532.03,10,10720.0,60.0
2025Q3,196.87,671.22,613.2,1851.88,11,16390.0,27.3
2025Q3,215.69,596.89,601.27,51457.21,10,10720.0,60.0
2025Q3,205.66,544.45,562.72,35616.06,13,10340.0,46.2
2025Q3,221.25,262.3,620.56,8696.54,9,13480.0,33.3
2025Q3,211.42,638.49,576.92,45260.29,11,10720.0,54.5
2025Q3,226.2,590.14,603.53,51053.33,10,10950.0,60.0
2025Q3,197.5,657.79,630.5,2790.17,11,16490.0,27.3
2025Q3,218.61,617.37,592.2,50369.34,10,10720.0,60.0
2025Q3,232.41,257.36,653.35,9616.73,9,14555.0,33.3
2025Q3,206.99,651.85,611.42,41946.52,9,10340.0,55.6
2025Q3,219.34,240.86,583.74,46804.68,11,9382.1,54.5
2025Q3,456.96,506.09,601.83,10731.2,8,25378.45,50.0
2025Q3,228.56,229.56,619.34,9613.26,9,13773.57,33.3
2025Q3,235.32,256.06,705.89,12434.69,9,14941.14,33.3
2025Q3,212.55,245.53,640.65,11393.68,9,13270.0,33.3
2025Q3,201.61,202.35,573.8,13528.06,12,16188.1,33.3
2025Q3,189.01,203.83,600.59,12530.72,13,19708.26,30.8
2025Q3,222.84,708.58,588.33,44949.14,11,10720.0,54.5
2025Q3,229.61,263.83,613.41,41052.62,9,10011.6,55.6
2025Q3,240.46,257.69,565.17,42967.7,11,9973.82,54.5
2025Q3,211.22,222.5,600.4,54397.84,10,8899.82,60.0
2025Q3,211.37,532.28,632.53,9856.79,9,13075.0,33.3
2025Q3,200.31,550.05,604.81,13230.16,12,16425.0,33.3
2025Q3,220.03,249.4,621.42,9244.14,9,13500.0,33.3
2025Q3,207.91,208.4,581.24,13154.9,12,16672.13,33.3
2025Q3,214.65,631.39,602.39,52701.68,10,10720.0,60.0
2025Q3,228.1,643.98,614.21,40051.24,9,10950.0,55.6
2025Q3,197.02,238.69,593.54,13924.59,12,16390.0,33.3
2025Q3,225.59,244.44,629.93,9119.24,9,14103.76,33.3
2025Q3,207.65,388.89,579.49,45823.28,11,10630.0,54.5
2025Q3,217.03,228.52,607.38,42456.57,9,9140.68,55.6
2025Q3,186.31,211.59,554.98,35071.27,14,8081.72,42.9
2025Q3,241.16,253.4,593.97,51005.32,10,10135.83,60.0
2025Q3,224.82,225.8,622.26,10239.2,9,13548.27,33.3
2025Q3,232.99,280.7,646.38,8458.96,9,14555.0,33.3
2025Q3,212.06,588.96,398.28,43099.85,15,10720.0,60.0
2025Q3,250.99,610.26,574.91,41908.89,11,11535.0,54.5
2025Q3,202.19,233.49,456.89,20411.78,14,8854.72,42.9
2025Q3,220.3,522.33,606.79,39983.61,9,10720.0,55.6
2025Q3,240.38,240.9,583.28,45903.31,11,9636.09,54.5
2025Q3,231.79,247.74,675.55,11333.75,9,14334.87,33.3
2025Q3,215.22,490.97,596.29,50860.33,10,10720.0,60.0
2025Q3,222.8,245.38,620.01,8822.63,9,13997.57,33.3
2025Q3,208.25,220.81,636.14,12129.65,9,12906.28,33.3
2025Q3,238.76,579.61,607.47,39352.17,9,10975.0,55.6
2025Q3,227.33,264.52,569.7,43438.05,11,10085.33,54.5
2025Q3,244.11,244.74,589.72,51187.21,10,9789.62,60.0
2025Q3,193.94,217.71,545.05,36866.63,13,8539.25,46.2
2025Q3,216.02,270.69,613.56,41408.86,9,9978.82,55.6
2025Q3,201.46,214.59,597.32,14063.55,12,16586.8,33.3
2025Q3,235.2,632.31,335.5,31020.67,17,10890.0,58.8
2025Q3,40.37,71.13,662.47,31905.19,24,7002.56,16.7
2025Q3,223.51,223.67,624.65,10638.2,9,13420.28,33.3
2025Q3,207.91,537.06,583.33,46284.69,11,10630.0,54.5
2025Q3,249.52,261.72,604.09,51792.62,10,10229.49,60.0
2025Q3,229.02,678.94,600.68,50771.51,10,10890.0,60.0
2025Q3,85.8,97.25,286.45,17099.46,31,7654.97,32.3
2025Q3,215.1,229.21,563.25,44857.99,11,9168.48,54.5
2025Q3,233.85,274.91,615.99,6761.03,9,14545.0,33.3
2025Q3,249.53,659.37,590.16,49279.33,10,11150.0,60.0
2025Q3,221.96,246.38,636.63,10297.49,9,13480.0,33.3
2025Q3,204.62,204.74,578.51,13522.23,12,16379.17,33.3
2025Q3,192.24,204.73,604.61,16445.29,12,15919.51,33.3
2025Q3,241.73,557.86,621.87,5797.32,9,14895.0,33.3
2025Q3,215.25,583.77,592.12,50359.22,10,10720.0,60.0
2025Q3,228.54,252.06,607.87,40927.74,9,9776.28,55.6
2025Q3,222.27,232.86,576.25,46011.87,11,9314.24,54.5
2025Q3,180.16,217.9,630.16,3654.3,12,19065.0,25.0
2025Q3,236.39,248.31,594.8,51511.34,10,9932.55,60.0
2025Q3,210.91,275.92,615.05,9444.87,9,13075.0,33.3
2025Q3,256.06,687.79,557.91,39479.76,11,11445.0,54.5
2025Q3,219.05,219.42,583.85,48119.98,11,8776.84,54.5
2025Q3,232.64,257.35,601.49,52149.13,10,9882.05,60.0
2025Q3,245.04,272.89,644.77,7450.47,9,15275.0,33.3
2025Q3,202.59,252.12,607.69,1559.13,11,17285.0,27.3
2025Q3,226.46,259.01,624.34,8090.26,9,14215.0,33.3
2025Q3,214.53,225.6,568.77,46010.67,11,9024.15,54.5
2025Q3,235.83,236.49,601.8,53296.34,10,9459.74,60.0
2025Q3,237.94,625.0,589.55,49350.65,10,10975.0,60.0
2025Q3,228.77,229.43,616.69,9469.5,9,13765.9,33.3
2025Q3,240.31,261.08,631.4,7725.63,9,14895.0,33.3
2025Q3,221.37,222.05,599.97,54231.67,10,8882.16,60.0
2025Q3,218.24,642.93,579.62,44494.08,11,10720.0,54.5
2025Q3,209.91,219.66,598.65,54265.33,10,8786.45,60.0
2025Q3,197.66,209.02,594.69,14402.61,12,16551.36,33.3
2025Q3,225.54,225.76,227.05,13830.08,19,9030.35,57.9
2025Q3,234.35,257.85,570.53,43679.48,11,9892.04,54.5
2025Q3,208.92,244.63,583.81,47604.14,11,9367.57,54.5
2025Q3,206.06,215.72,616.66,2768.68,11,16973.66,27.3
2025Q3,222.78,222.79,600.06,54183.86,10,8911.59,60.0
2025Q3,222.38,223.33,597.21,53798.84,10,8933.2,60.0
2025Q3,220.58,227.39,557.19,44181.28,11,9095.69,54.5
2025Q3,194.55,203.88,303.14,9966.33,20,10145.13,45.0
2025Q3,212.01,213.7,584.54,12571.46,12,17096.03,33.3
2025Q3,222.23,222.74,571.37,46290.03,11,8909.53,54.5
2025Q3,207.32,223.77,538.39,42650.2,11,8950.87,54.5
2025Q3,214.27,215.67,594.39,13043.92,12,17253.59,33.3
2025Q3,226.88,227.16,613.61,43188.44,9,9086.33,55.6
2025Q3,198.02,218.42,596.57,14244.0,12,16718.48,33.3
2025Q3,221.13,234.5,629.03,10056.98,9,13614.93,33.3
2025Q3,204.22,612.26,489.47,22781.01,14,10340.0,42.9
2025Q3,230.29,230.4,647.02,11173.45,9,13823.84,33.3
2025Q3,211.77,230.75,611.26,42981.44,9,9230.01,55.6
2025Q3,222.64,254.74,582.14,45497.6,11,9659.81,54.5
2025Q3,234.17,246.5,600.63,52356.27,10,9859.88,60.0
2025Q3,215.48,230.18,620.47,10094.07,9,13323.54,33.3
2025Q3,243.36,284.53,603.99,51167.33,10,10735.51,60.0
2025Q3,186.79,216.32,570.69,10265.01,13,19645.0,30.8
2025Q3,202.88,216.71,433.07,35547.62,16,8519.26,50.0
2025Q3,227.79,252.33,629.39,8613.6,9,14261.66,33.3
2025Q3,218.85,230.23,599.87,53566.14,10,9209.22,60.0
2025Q3,209.81,220.02,593.52,53620.58,10,8800.64,60.0
2025Q3,196.05,638.59,585.82,11945.76,12,16370.0,33.3
2025Q3,208.9,221.07,611.76,43611.83,9,8842.68,55.6
2025Q3,214.11,229.85,563.69,45146.53,11,9194.1,54.5
2025Q3,63.84,98.58,595.87,20096.14,22,9086.57,18.2
2025Q3,201.39,201.98,581.13,14173.43,12,16158.41,33.3
2025Q3,218.69,512.37,639.39,8853.53,9,13370.0,33.3
2025Q3,209.67,431.58,618.4,9009.16,9,13075.0,33.3
2025Q3,220.48,389.42,598.14,51081.34,10,10720.0,60.0
2025Q3,194.7,240.37,548.83,36792.7,13,8992.46,46.2
2025Q4,187.55,769.39,526.83,-14500.33,14,18013.44,21.4
2025Q4,284.82,380.3,137.45,7289.01,31,17756.91,71.0
2025Q4,50.21,580.31,438.35,12652.45,37,11305.0,16.2
2025Q4,332.3,344.9,687.66,-34229.81,11,41042.1,18.2
2025Q4,386.28,516.23,154.91,7468.92,24,20586.73,75.0
2025Q4,104.6,290.79,386.74,22332.36,29,16705.0,31.0
2025Q4,212.46,390.7,445.61,5523.51,16,18335.0,37.5
2025Q4,85.54,264.33,279.66,22728.55,34,15975.0,35.3
2025Q4,222.93,703.46,166.98,1713.02,28,21845.82,60.7
2025Q4,248.18,610.74,63.4,18578.34,41,16780.0,87.8
2025Q4,115.11,404.78,270.96,21625.08,32,17300.0,40.6
2025Q4,28.71,283.64,310.43,15490.78,42,8920.0,16.7
2025Q4,135.86,524.34,308.8,24188.17,29,20580.0,41.4
2025Q4,143.49,552.59,272.72,22806.59,28,21250.0,46.4
2025Q4,153.05,559.54,574.12,-9087.51,15,12810.0,20.0
2025Q4,163.14,592.28,264.97,27031.25,27,17940.0,51.9
2025Q4,176.55,640.01,211.5,12195.15,28,19174.99,53.6
2025Q4,431.74,785.52,367.32,16671.26,18,19393.52,61.1
2025Q4,297.4,898.78,41.39,7312.16,43,12955.0,90.7
2025Q4,75.27,577.82,340.62,15897.2,34,15200.0,26.5
2025Q4,134.04,554.66,462.41,12608.77,20,18510.0,30.0
2025Q4,154.79,502.06,241.59,35017.25,28,17495.0,57.1
2025Q4,166.75,504.19,208.53,18095.73,29,18144.33,55.2
2025Q4,241.86,521.23,227.62,9807.36,26,21007.51,57.7
2025Q4,198.12,640.41,124.82,19104.78,37,14103.66,70.3
2025Q4,111.77,472.61,362.44,30252.05,31,19350.0,35.5
2025Q4,61.86,297.25,395.92,2285.75,36,12820.0,16.7
2025Q4,103.93,405.58,241.17,19942.19,34,18280.0,41.2
2025Q4,265.52,811.48,507.7,-11128.97,13,18310.99,30.8
2025Q4,175.3,504.56,613.12,-6302.6,14,14995.0,21.4
2025Q4,25.91,402.58,97.58,7245.25,46,6583.32,32.6
2025Q4,124.09,513.19,322.99,19876.83,30,18725.0,36.7
2025Q4,195.01,627.5,310.36,22136.92,24,20585.0,50.0
2025Q4,149.44,692.55,182.26,4991.98,32,20294.88,50.0
2025Q4,89.8,423.37,404.18,10300.89,29,14240.0,24.1
2025Q4,126.19,627.46,354.34,28219.81,29,19050.0,37.9
2025Q4,55.96,562.6,370.64,1061.38,37,12475.0,16.2
2025Q4,320.77,797.78,487.18,28445.53,13,13075.0,53.8
2025Q4,331.18,914.68,491.9,28286.53,13,13450.0,53.8
2025Q4,351.98,924.98,510.23,-58505.32,10,50845.32,10.0
2025Q4,327.24,377.35,577.82,-38579.15,11,41176.98,18.2
2025Q4,375.95,986.43,467.49,-6216.17,14,21900.19,42.9
2025Q4,303.02,868.05,427.65,-4569.16,17,19325.0,41.2
2025Q4,397.8,906.09,538.58,-63318.39,10,55348.39,10.0
2025Q4,344.55,816.65,670.33,-53618.45,10,46593.45,10.0
2025Q4,232.96,749.96,486.63,-13471.51,17,24450.0,29.4
2025Q4,321.17,778.54,415.63,-9826.15,17,20795.0,41.2
2025Q4,260.25,479.89,350.63,28371.27,22,21385.0,54.5
2025Q4,215.0,330.96,535.43,-19634.27,14,23146.42,21.4
2025Q4,272.34,486.08,448.75,15945.28,15,14059.96,46.7
2025Q4,259.52,410.53,630.59,-17214.77,13,25763.26,23.1
2025Q4,291.48,511.49,351.28,40532.56,21,12800.0,61.9
2025Q4,298.46,566.84,290.63,17729.97,22,13117.31,59.1
2025Q4,313.92,545.8,331.78,38967.23,20,13259.44,65.0
2025Q4,311.48,514.5,340.45,41573.06,20,12735.92,65.0
2025Q4,280.98,477.14,250.99,17466.88,25,13140.42,60.0
2025Q4,372.1,533.69,379.79,5772.57,19,23355.0,52.6
2025Q4,311.32,556.46,334.61,40053.91,20,12852.78,65.0
2025Q4,307.7,563.34,328.91,38680.76,20,12966.86,65.0
2025Q4,303.9,548.7,329.26,38932.15,20,12799.83,65.0
2025Q4,309.73,566.62,288.31,21081.02,21,13778.77,61.9
2025Q4,285.47,522.19,331.09,38598.03,21,12625.0,61.9
2025Q4,286.16,523.59,331.33,38330.63,21,12625.0,61.9
2025Q4,343.19,533.42,299.61,13421.88,20,15762.76,60.0
2025Q4,284.46,595.01,331.23,39520.72,21,11760.0,61.9
2025Q4,357.61,649.69,261.78,21194.32,21,16482.34,66.7
2025Q4,315.16,630.71,383.1,24166.41,20,19635.0,55.0
2025Q4,410.34,622.76,316.01,24137.0,18,11679.83,66.7
2025Q4,290.49,453.17,340.63,38852.68,21,12907.49,61.9
2025Q4,294.68,439.82,408.57,-5199.52,17,18550.0,41.2
2025Q4,245.72,420.4,276.45,13591.03,24,20420.0,54.2
2025Q4,274.66,546.98,345.04,43126.68,21,11550.0,61.9
2025Q4,269.02,547.68,347.49,43472.57,21,11860.0,61.9
2025Q4,277.38,587.49,359.22,46476.03,21,11550.0,61.9
2025Q4,265.93,575.72,364.68,30713.11,22,21765.0,54.5
2025Q4,273.08,549.88,392.56,26311.01,19,17550.0,52.6
2025Q4,229.99,524.1,428.13,7978.45,17,14515.0,41.2
2025Q4,253.51,525.96,350.44,29225.68,22,20980.0,54.5
2025Q4,338.48,657.46,305.69,22118.26,21,15221.29,61.9
2025Q4,276.75,625.05,220.3,17786.2,25,12270.0,64.0
2025Q4,239.1,441.49,372.38,41285.42,21,15090.0,57.1
2025Q4,243.29,447.5,370.79,40560.14,21,15530.0,57.1
2025Q4,205.28,404.33,375.21,35455.38,21,17130.0,52.4
2025Q4,240.08,363.47,396.85,10031.55,18,15090.0,44.4
2025Q4,216.79,435.43,416.35,9389.01,17,14265.0,41.2
2025Q4,253.01,506.14,359.6,31394.32,22,20980.0,54.5
2025Q4,228.82,512.79,346.14,31684.74,22,19305.0,54.5
2025Q4,268.99,447.93,298.76,25132.68,22,12524.79,59.1
2025Q4,242.08,509.49,382.13,35782.92,20,15385.0,55.0
2025Q4,291.39,378.72,445.99,11832.92,15,15780.3,46.7
2025Q4,277.69,485.81,311.14,27266.97,22,11967.16,59.1
2025Q4,324.06,555.91,367.92,26220.91,21,20795.0,57.1
2025Q4,316.76,546.52,341.57,41178.19,20,13398.6,65.0
2025Q4,259.17,562.2,352.02,28704.15,22,21385.0,54.5
2025Q4,300.4,502.82,282.98,15624.72,22,13345.41,59.1
2025Q4,184.87,510.59,389.95,36560.17,20,16170.0,50.0
2025Q4,317.18,571.01,318.91,35286.79,20,13851.79,65.0
2025Q4,336.38,558.32,425.88,-12317.16,17,22665.0,41.2
2025Q4,283.39,657.35,342.37,42670.73,21,11760.0,61.9
2025Q4,354.86,721.76,372.2,13274.31,20,22945.0,55.0
2025Q4,220.74,618.38,259.02,6300.99,25,19045.0,52.0
2025Q4,286.77,469.71,343.27,41434.02,21,12625.0,61.9
2025Q4,262.53,448.25,356.15,28910.62,22,21480.0,54.5
2025Q4,251.62,476.54,342.23,27256.26,22,20980.0,54.5
2025Q4,295.32,539.19,322.02,32755.08,21,13279.61,61.9
2025Q4,306.4,446.49,292.85,22531.59,21,13527.95,61.9
2025Q4,235.54,400.91,400.87,11378.63,18,14740.0,44.4
2025Q4,329.35,590.91,364.79,45820.69,20,14035.0,65.0
2025Q4,330.52,519.34,363.65,45524.19,20,14035.0,65.0
2025Q4,365.39,537.82,411.76,-20218.0,17,23755.0,41.2
2025Q4,329.65,525.85,383.72,21399.14,20,21450.0,55.0
2025Q4,280.48,468.29,363.47,48198.4,21,11760.0,61.9
2025Q4,281.15,465.43,365.49,48722.18,21,11760.0,61.9
2025Q4,280.79,429.99,363.86,48299.25,21,11760.0,61.9
2025Q4,280.79,390.36,363.69,48253.65,21,11760.0,61.9
2025Q4,280.26,399.04,360.8,47502.55,21,11760.0,61.9
2025Q4,279.51,369.03,359.79,47239.43,21,11760.0,61.9
2025Q4,276.52,377.91,397.19,5360.97,18,17550.0,44.4
2025Q4,269.25,297.86,434.74,3053.6,17,17237.11,41.2
2025Q4,300.52,390.21,363.14,43296.14,21,12085.0,61.9
2025Q4,295.95,363.91,361.18,42906.85,21,12800.0,61.9
2025Q4,455.87,524.81,361.56,22807.43,17,18680.0,64.7
2025Q4,300.74,402.61,385.19,20538.43,19,19265.0,52.6
2025Q4,277.55,354.1,360.75,46876.27,21,11550.0,61.9
2025Q4,261.71,341.28,404.05,8763.43,18,16705.0,44.4
2025Q4,279.5,390.42,321.59,37337.91,21,11760.0,61.9
2025Q4,271.42,407.88,375.91,29939.55,20,17550.0,55.0
2025Q4,258.63,299.23,418.41,2928.22,17,16574.66,41.2
2025Q4,289.59,441.57,461.87,15321.43,15,15287.65,46.7
2025Q4,251.77,344.32,311.15,14048.47,23,20980.0,52.2
2025Q4,305.58,432.11,356.57,46004.2,20,12465.0,65.0
2025Q4,324.54,444.83,358.99,44596.68,20,13675.0,65.0
2025Q4,345.71,472.47,389.77,3053.21,18,23160.0,50.0
2025Q4,307.06,421.9,360.12,46766.72,20,12625.0,65.0
2025Q4,326.61,438.28,358.95,44587.64,20,13675.0,65.0
2025Q4,325.77,440.69,358.25,44403.75,20,13680.1,65.0
2025Q4,337.07,394.45,378.71,17408.91,20,22723.94,55.0
2025Q4,307.8,460.7,404.17,-712.96,18,19940.0,44.4
2025Q4,322.41,446.54,390.26,16617.46,19,20795.0,52.6
2025Q4,331.73,437.11,360.64,44741.81,20,14035.0,65.0
2025Q4,312.71,449.38,323.58,37185.74,20,13073.4,65.0
2025Q4,330.26,440.92,373.12,26528.99,21,21450.0,57.1
2025Q4,345.36,415.87,362.91,35554.36,19,14565.0,63.2
2025Q4,363.73,492.62,331.94,25521.64,19,16401.11,63.2
2025Q4,323.42,423.9,353.31,43151.17,20,13748.76,65.0
2025Q4,306.24,388.15,382.04,24477.72,20,19825.0,55.0
2025Q4,285.33,397.62,333.16,39135.49,21,12625.0,61.9
2025Q4,349.93,497.88,354.63,32610.26,19,15637.48,63.2
2025Q4,316.58,478.69,307.32,25338.54,21,14083.57,61.9
2025Q4,337.76,389.66,370.09,23069.94,21,22628.15,57.1
2025Q4,294.82,394.11,395.54,886.65,18,18550.0,44.4
2025Q4,326.97,440.29,357.16,44121.43,20,13701.81,65.0
2025Q4,331.05,463.51,343.31,40265.01,20,14308.85,65.0
2025Q4,319.0,398.01,368.67,26914.72,21,20795.0,57.1
2025Q4,304.25,422.67,353.4,45208.81,20,12465.0,65.0
2025Q4,284.68,403.52,332.15,39758.14,21,11760.0,61.9
2025Q4,305.75,452.77,381.77,24418.49,20,19825.0,55.0
2025Q4,293.85,389.45,406.88,2701.39,18,18550.0,44.4
2025Q4,281.04,416.79,350.33,44809.87,21,11760.0,61.9
2025Q4,269.02,441.64,318.39,35907.16,21,12132.14,61.9
2025Q4,279.33,416.13,339.26,41933.7,21,11760.0,61.9
2025Q4,299.95,425.56,350.87,40212.02,21,12085.0,61.9
2025Q4,311.29,418.9,367.37,28209.99,21,19945.0,57.1
2025Q4,277.95,436.14,386.37,24803.65,19,17550.0,52.6
2025Q4,290.32,376.53,354.59,42483.71,21,12800.0,61.9
2025Q4,301.03,422.53,373.24,32253.51,21,19250.0,57.1
2025Q4,286.39,427.71,338.84,40282.71,21,12625.0,61.9
2025Q4,266.48,329.92,360.16,29464.03,22,21765.0,54.5
2025Q4,314.28,416.02,398.72,-2200.5,18,19635.0,44.4
2025Q4,334.63,416.07,323.37,34052.07,20,14832.53,65.0
2025Q4,274.46,403.78,418.57,809.55,17,17550.0,41.2
2025Q4,323.55,442.44,351.54,42689.75,20,13784.25,65.0
2025Q4,338.69,450.94,370.92,23466.38,21,22665.0,57.1
2025Q4,326.55,426.12,358.94,44583.38,20,13675.0,65.0
2025Q4,356.69,449.02,384.49,8347.57,19,22945.0,52.6
2025Q4,303.71,643.22,346.39,43386.65,20,12465.0,65.0
2025Q4,288.77,364.55,366.19,47388.37,21,12625.0,61.9
2025Q4,279.46,348.04,703.65,-10151.09,12,22940.0,25.0
2025Q4,286.85,333.31,375.43,27838.25,20,17990.0,55.0
2025Q4,292.76,436.27,332.3,35596.75,21,13074.1,61.9
2025Q4,256.26,439.84,390.94,27752.65,19,16570.0,52.6
2025Q4,319.6,349.53,366.05,47148.78,20,13405.62,65.0
2025Q4,309.03,341.13,368.46,28380.96,21,19802.67,57.1
2025Q4,297.98,373.15,344.88,37979.77,21,12822.33,61.9
2025Q4,316.85,329.52,361.06,47918.3,20,13005.37,65.0
2025Q4,267.56,293.19,379.17,31698.61,20,17143.79,55.0
2025Q4,316.08,316.43,344.25,45204.38,20,12657.19,65.0
2025Q4,315.2,318.63,335.74,42683.9,20,12745.21,65.0
2025Q4,280.44,299.08,310.53,27768.78,22,11963.31,59.1
2025Q4,294.45,295.93,348.08,43153.02,21,11837.06,61.9
2025Q4,302.89,310.46,366.69,45666.39,21,12418.31,61.9
2025Q4,304.62,320.65,366.51,50673.42,20,12553.0,65.0
2025Q4,303.42,317.07,381.13,27219.75,20,18782.6,55.0
2025Q4,287.44,323.86,369.49,34299.09,21,17990.0,57.1
2025Q4,310.36,325.41,396.22,-1283.9,18,19331.2,44.4
2025Q4,274.5,279.48,347.35,45595.2,21,11179.2,61.9
2025Q4,296.93,296.94,328.67,37944.24,21,11877.72,61.9
2025Q4,272.99,296.63,365.74,48837.29,21,11865.11,61.9
2025Q4,262.88,291.31,389.92,27247.96,19,16776.26,52.6
2025Q4,273.6,315.78,369.74,36282.31,21,17600.59,57.1
2025Q4,270.89,320.2,410.67,-469.6,17,17688.92,41.2
2025Q4,290.13,315.3,344.15,40501.59,21,12275.92,61.9
2025Q4,316.35,329.04,361.68,48137.39,20,12995.77,65.0
2025Q4,302.32,314.18,365.81,44841.26,21,12567.21,61.9
2025Q4,284.88,300.14,377.22,29135.14,20,17835.64,55.0
2025Q4,276.23,291.28,358.49,46919.7,21,11651.12,61.9
2025Q4,259.15,281.02,363.21,32423.8,22,21690.39,54.5
2025Q4,275.3,312.53,385.27,24476.25,19,17535.59,52.6
2025Q4,266.19,277.66,398.59,8644.89,18,16659.45,44.4
2025Q4,250.44,285.2,360.86,32299.88,22,21548.9,54.5
2025Q4,292.34,314.53,376.86,27766.09,20,18486.03,55.0
2025Q4,278.86,288.69,353.29,45664.2,21,11547.51,61.9
2025Q4,282.27,292.83,351.79,44886.26,21,11713.0,61.9
2025Q4,276.17,286.56,335.5,41537.32,21,11462.29,61.9
2025Q4,270.07,320.4,364.41,48404.24,21,11550.0,61.9
2025Q4,268.19,307.39,371.76,36335.33,21,17427.9,57.1
2025Q4,280.74,335.6,353.78,44744.89,21,11760.0,61.9
2025Q4,262.11,288.83,326.3,23070.02,22,21480.0,54.5
2025Q4,290.02,291.64,385.23,24550.14,19,17498.4,52.6
2025Q4,274.92,332.74,342.31,42401.95,21,11550.0,61.9
2025Q4,295.58,315.49,122.76,21073.23,33,12229.76,78.8
2025Q4,283.91,327.52,362.81,47185.79,21,11760.0,61.9
2025Q4,285.16,331.61,364.76,46668.19,21,12427.29,61.9
2025Q4,283.02,335.5,363.82,47289.16,21,11760.0,61.9
2025Q4,288.64,336.73,369.59,33807.13,21,17990.0,57.1
2025Q4,301.32,359.33,364.67,43458.35,21,12085.0,61.9
2025Q4,284.4,325.3,380.18,29949.3,20,17790.0,55.0
2025Q4,292.83,356.59,394.1,22629.35,19,18550.0,52.6
2025Q4,310.29,358.81,363.05,46886.16,20,12625.0,65.0
2025Q4,309.54,356.61,358.02,45665.33,20,12625.0,65.0
2025Q4,267.87,339.88,379.87,30578.05,20,17355.0,55.0
2025Q4,310.75,363.81,367.17,28161.1,21,19945.0,57.1
2025Q4,298.08,332.32,361.62,43371.19,21,12616.49,61.9
2025Q4,286.9,315.18,376.37,28252.65,20,18028.68,55.0
2025Q4,318.95,406.38,339.51,40642.62,20,13439.8,65.0
2025Q4,307.45,349.07,353.53,44277.46,20,13281.4,65.0
2025Q4,280.4,340.14,390.57,25288.43,19,17630.0,52.6
2025Q4,298.32,368.7,369.74,31472.3,21,19265.0,57.1
2025Q4,269.88,298.64,361.52,47589.09,21,11945.63,61.9
2025Q4,255.75,284.85,348.3,29362.1,22,21542.02,54.5
2025Q4,270.3,317.17,333.19,40350.48,21,11550.0,61.9
2025Q4,283.53,304.85,365.73,47757.99,21,11891.92,61.9
2025Q4,274.47,296.72,360.02,46964.06,21,11868.66,61.9
2025Q4,263.11,296.07,378.7,32100.82,20,16871.44,55.0
2025Q4,274.42,302.53,357.25,46657.75,21,11635.58,61.9
2025Q4,274.25,296.13,354.66,45627.93,21,11845.24,61.9
2025Q4,282.22,303.23,375.22,29355.09,20,17429.67,55.0
2025Q4,269.6,307.97,342.65,42200.0,21,12054.31,61.9
2025Q4,248.1,307.03,362.94,33054.79,22,20420.0,54.5
2025Q4,282.07,311.92,387.79,23874.07,19,17603.44,52.6
2025Q4,260.25,306.19,354.69,29703.97,22,21385.0,54.5
2025Q4,274.49,294.68,338.29,41517.38,21,11787.33,61.9
2025Q4,286.29,324.68,374.04,35357.14,21,17990.0,57.1
2025Q4,264.65,342.96,400.43,7194.27,18,17025.0,44.4
2025Q4,276.23,294.13,360.19,47221.34,21,11765.23,61.9
2025Q4,288.76,307.97,360.69,45616.46,21,11954.39,61.9
2025Q4,274.48,305.94,386.55,24869.52,19,17403.83,52.6
2025Q4,281.28,336.59,348.24,43284.93,21,11760.0,61.9
2025Q4,292.15,308.27,321.92,34783.22,21,12330.69,61.9
2025Q4,257.69,304.7,64.1,12471.22,41,16653.91,85.4
2025Q4,272.93,300.72,370.37,36831.83,21,17299.49,57.1
2025Q4,283.8,296.48,338.98,41337.19,21,11859.21,61.9
2025Q4,266.94,335.62,360.04,46889.11,21,11860.0,61.9
2025Q4,264.97,327.77,380.34,31718.66,20,17025.0,55.0
2025Q4,249.68,331.93,366.52,33301.64,22,20710.0,54.5
2025Q4,292.71,368.49,347.31,39500.1,21,12800.0,61.9
2025Q4,267.42,335.69,400.63,6426.45,18,17355.0,44.4
2025Q4,281.68,374.4,380.97,31317.8,20,17630.0,55.0
2025Q4,46.64,96.1,366.36,13458.92,39,10870.0,17.9
2025Q4,293.8,294.22,329.81,38675.97,21,11768.75,61.9
2025Q4,256.73,298.83,351.99,29673.37,22,20980.0,54.5
2025Q4,278.76,292.29,392.6,26313.83,19,17130.77,52.6
2025Q4,269.46,331.39,371.69,36193.83,21,17545.0,57.1
2025Q4,289.74,329.01,359.27,44463.87,21,12375.11,61.9
2025Q4,298.14,350.76,337.1,35760.46,21,13073.24,61.9
2025Q4,279.61,363.9,385.19,24292.26,19,17550.0,52.6
2025Q4,288.14,313.91,348.21,42314.46,21,12073.22,61.9
2025Q4,262.34,333.6,371.92,37148.16,21,17025.0,57.1
2025Q4,270.23,286.16,409.04,567.19,17,17051.32,41.2
2025Q4,314.57,350.39,321.34,35601.54,20,13889.02,65.0
2025Q4,303.69,398.63,360.45,47012.8,20,12465.0,65.0
2025Q4,305.35,400.16,345.93,43266.82,20,12466.4,65.0
2025Q4,299.14,401.07,358.34,42148.67,21,12085.0,61.9
2025Q4,319.54,406.31,381.34,22328.88,20,20795.0,55.0
2025Q4,309.64,320.83,194.29,11264.26,24,12631.58,66.7
2025Q4,243.51,315.73,339.14,28102.49,22,20420.0,54.5
2025Q4,276.71,371.82,360.71,46863.61,21,11550.0,61.9
2025Q4,277.49,369.62,653.35,-13163.78,12,23000.0,25.0
2025Q4,264.55,325.86,373.75,37782.54,21,17025.0,57.1
2025Q4,273.63,356.8,389.68,25736.36,19,17550.0,52.6
2025Q4,252.2,279.9,355.44,31092.35,22,21443.05,54.5
2025Q4,289.58,291.62,332.02,39666.59,21,11664.91,61.9
2025Q4,281.06,301.24,364.01,47668.45,21,11819.86,61.9
2025Q4,286.66,307.29,378.13,28985.44,20,17870.77,55.0
2025Q4,296.59,333.32,347.4,39733.66,21,12636.35,61.9
2025Q4,259.47,278.13,395.05,29709.15,19,16152.67,52.6
2025Q4,269.48,301.23,369.17,36207.59,21,17304.62,57.1
2025Q4,282.29,283.07,363.51,49220.08,21,11322.88,61.9
2025Q4,284.51,287.66,376.92,31143.83,20,17259.36,55.0
2025Q4,297.15,306.12,348.18,41868.74,21,12244.78,61.9
2025Q4,282.13,302.03,403.96,5814.74,18,17405.62,44.4
2025Q4,291.94,307.9,365.86,46251.5,21,12315.81,61.9
2025Q4,271.49,273.08,330.18,24627.78,22,21846.15,54.5
2025Q4,302.83,336.79,388.66,19487.54,19,19100.88,52.6
2025Q4,263.86,313.46,353.31,28674.75,22,21435.0,54.5
2025Q4,318.12,343.3,369.68,27940.78,21,20247.08,57.1
2025Q4,280.17,289.95,340.37,42103.37,21,11598.02,61.9
2025Q4,289.9,330.57,379.65,28126.15,20,18565.0,55.0
2025Q4,273.04,295.67,357.64,46806.48,21,11826.88,61.9
2025Q4,296.11,348.43,551.49,-23184.13,12,27138.74,25.0
2025Q4,256.46,270.82,315.12,16311.27,23,21402.91,52.2
2025Q4,282.05,316.29,366.96,47986.95,21,11760.0,61.9
2025Q4,282.04,450.46,391.59,25422.57,19,17630.0,52.6
2025Q4,268.45,268.72,417.18,4660.4,17,16123.42,41.2
2025Q4,276.2,308.53,341.63,41541.44,21,11755.63,61.9
2025Q4,286.75,311.19,376.21,28534.74,20,17948.88,55.0
2025Q4,265.12,279.11,354.8,30048.13,22,21859.23,54.5
2025Q4,278.81,317.32,367.21,34756.56,21,17631.39,57.1
2025Q4,290.32,318.71,324.53,35124.86,21,12344.2,61.9
2025Q4,272.89,331.67,385.62,24923.93,19,17550.0,52.6
2025Q4,99.16,111.94,344.39,20627.58,32,17414.16,31.2
2025Q4,255.81,297.16,401.34,9320.33,18,16438.2,44.4
2025Q4,283.1,303.49,363.85,47376.79,21,11864.7,61.9
2025Q4,300.7,301.87,375.89,28359.78,20,18112.3,55.0
2025Q4,285.5,308.51,364.4,46837.27,21,11965.15,61.9
2025Q4,292.45,306.9,350.3,42324.76,21,12276.01,61.9
2025Q4,281.06,311.98,334.99,39644.39,21,12034.54,61.9
2025Q4,300.71,300.88,388.77,23595.43,19,18053.06,52.6
2025Q4,283.95,305.5,372.57,35851.32,21,17619.97,57.1
2025Q4,293.93,331.06,355.93,42372.34,21,12591.29,61.9
2025Q4,276.91,288.46,379.93,32019.53,20,17143.36,55.0
2025Q4,309.01,335.13,348.12,43994.95,20,13002.64,65.0
2025Q4,285.61,330.34,363.83,46473.35,21,12401.83,61.9
2025Q4,274.54,381.55,391.68,26171.79,19,17550.0,52.6
2025Q4,293.33,743.26,331.68,35266.37,21,13086.43,61.9
2025Q4,267.52,281.88,367.07,37468.97,21,16875.2,57.1
2025Q4,319.45,350.45,407.34,-2420.61,18,20553.01,44.4
2025Q4,299.77,347.54,346.82,38190.68,21,13009.98,61.9
2025Q4,281.79,702.94,378.15,30697.77,20,17630.0,55.0
2025Q4,258.3,412.37,357.67,30131.85,22,21285.0,54.5
2025Q4,245.44,262.69,339.1,29374.94,22,20487.55,54.5
2025Q4,287.54,318.13,372.1,34518.29,21,18087.6,57.1
2025Q4,275.57,277.25,319.06,21124.52,22,22180.17,54.5
2025Q4,263.49,317.13,397.86,6474.16,18,17292.67,44.4
2025Q4,302.2,340.77,354.34,39235.67,21,12860.48,61.9
2025Q4,391.06,401.6,299.85,7888.39,20,18025.84,60.0
2025Q4,272.77,297.8,381.46,31726.16,20,17241.02,55.0
2025Q4,292.23,309.81,362.44,45468.08,21,12392.51,61.9
2025Q4,306.45,347.68,604.06,-22248.83,12,27066.1,25.0
2025Q4,281.12,281.13,344.34,44546.82,21,11245.1,61.9
2025Q4,287.31,346.35,387.73,23180.1,19,17990.0,52.6
2025Q4,271.49,483.97,368.92,35780.27,21,17550.0,57.1
2025Q4,234.81,408.8,329.61,27517.39,22,19505.0,54.5
2025Q4,313.12,337.11,354.28,45359.35,20,13042.11,65.0
2025Q4,297.3,489.69,371.46,31285.6,21,19215.0,57.1
2025Q4,324.92,427.2,341.84,40168.61,20,13978.18,65.0
2025Q4,261.93,296.95,384.84,26686.62,19,16568.99,52.6
2025Q4,281.11,407.52,358.58,46924.55,21,11760.0,61.9
2025Q4,294.52,400.3,400.5,1680.25,18,18550.0,44.4
2025Q4,282.2,416.09,367.83,35714.33,21,17630.0,57.1
2025Q4,288.06,407.11,351.79,43119.45,21,12625.0,61.9
2025Q4,310.02,440.21,376.61,22894.24,20,19945.0,55.0
2025Q4,273.41,389.6,332.97,39997.98,21,11550.0,61.9
2025Q4,251.34,404.93,360.85,31695.07,22,20980.0,54.5
2025Q4,304.18,438.85,388.99,19068.46,19,19825.0,52.6
2025Q4,436.71,519.29,423.4,-14189.22,15,19904.06,46.7
2025Q4,140.99,263.31,346.0,25283.06,27,21230.0,40.7
2025Q4,279.51,805.49,366.72,49041.84,21,11760.0,61.9
2025Q4,266.38,868.44,381.36,31264.46,20,17355.0,55.0
2025Q4,290.19,343.34,409.79,-3820.69,17,18565.0,41.2
2025Q4,296.71,368.82,370.64,31089.52,21,19215.0,57.1
2025Q4,279.15,777.88,317.9,36588.23,21,11550.0,61.9
2025Q4,316.09,381.56,397.91,-2645.08,18,19835.0,44.4
2025Q4,72.54,542.56,364.27,22588.26,33,14595.0,27.3
2025Q4,334.16,373.39,340.3,38531.25,20,14494.09,65.0
2025Q4,268.98,292.43,378.8,31694.3,20,17128.53,55.0
2025Q4,288.56,337.7,351.37,42637.12,21,12549.0,61.9
2025Q4,276.79,286.72,368.59,37139.8,21,17073.96,57.1
2025Q4,259.11,284.06,384.22,35318.76,20,16271.19,55.0
2025Q4,299.92,391.84,333.33,35650.41,21,12338.43,61.9
2025Q4,284.28,640.11,356.41,46035.39,21,11760.0,61.9
2025Q4,267.74,839.89,372.11,36440.53,21,17355.0,57.1
2025Q4,322.02,705.75,392.44,17053.12,19,20795.0,52.6
2025Q4,305.59,844.14,347.22,43601.2,20,12465.0,65.0
2025Q4,290.47,325.67,361.36,44966.99,21,12483.48,61.9
2025Q4,274.64,289.12,379.83,31907.16,20,17169.69,55.0
2025Q4,281.98,341.62,339.17,40827.8,21,11809.01,61.9
2025Q4,297.5,297.89,359.72,45865.63,21,11915.69,61.9
2025Q4,255.94,286.63,371.06,40065.37,21,16227.61,57.1
2025Q4,266.27,668.71,325.35,21068.38,22,21765.0,54.5
2025Q4,278.27,322.53,349.61,44134.1,21,11550.0,61.9
2025Q4,289.08,363.76,393.54,24343.33,19,17990.0,52.6
2025Q4,314.35,839.81,363.43,47167.31,20,12975.0,65.0
2025Q4,329.04,917.52,407.49,-4402.37,18,21450.0,44.4
2025Q4,320.19,799.81,376.46,21255.38,20,20795.0,55.0
2025Q4,317.01,881.74,350.34,43459.2,20,13223.14,65.0
2025Q4,309.11,487.28,385.99,17682.25,19,19940.0,52.6
2025Q4,303.66,397.02,364.33,48020.16,20,12465.0,65.0
2025Q4,311.54,862.16,370.69,29006.35,21,19945.0,57.1
2025Q4,346.32,871.59,309.96,14715.13,20,16620.82,60.0
2026Q1,187.55,769.39,526.83,-12447.21,21,25005.0,23.8
2026Q1,284.82,380.3,137.45,-22710.34,25,25459.38,60.0
2026Q1,50.21,580.31,438.35,-10258.78,30,17610.0,10.0
2026Q1,332.3,344.9,687.66,224.58,12,20536.05,33.3
2026Q1,386.28,516.23,154.91,-37225.35,21,40323.62,57.1
2026Q1,104.6,290.79,386.74,-14057.34,25,24395.0,20.0
2026Q1,212.46,390.7,445.61,-33332.67,21,35967.17,23.8
2026Q1,85.54,264.33,279.66,8499.04,26,7345.0,30.8
2026Q1,222.93,703.46,166.98,-34719.52,25,39908.28,44.0
2026Q1,248.18,610.74,63.4,6718.25,31,7994.9,83.9
2026Q1,115.11,404.78,270.96,-5201.1,26,13970.76,30.8
2026Q1,429.61,821.35,58.18,13274.81,30,10195.0,93.3
2026Q1,449.31,812.78,260.69,-819.09,17,23193.84,64.7
2026Q1,457.17,698.6,40.76,13444.39,30,10195.0,96.7
2026Q1,448.09,727.51,43.43,14996.46,30,10195.0,96.7
2026Q1,366.16,627.55,37.29,15322.82,32,7795.0,96.9
2026Q1,367.07,800.68,220.28,-12251.86,20,25468.9,60.0
2026Q1,322.88,609.73,121.61,-18821.51,27,26870.75,66.7
2026Q1,394.01,639.45,567.83,-41305.44,12,37488.48,25.0
2026Q1,334.0,382.02,340.62,-23193.08,17,30138.02,41.2
2026Q1,403.32,741.62,198.28,-32253.89,21,36219.4,57.1
2026Q1,458.35,703.74,42.37,14380.13,30,10195.0,96.7
2026Q1,409.39,653.87,77.77,3368.04,30,15414.38,86.7
2026Q1,458.6,761.11,114.6,-23514.69,27,31545.81,74.1
2026Q1,289.96,513.3,96.35,-18751.44,29,21046.86,69.0
2026Q1,360.96,484.0,33.34,13672.57,33,7665.0,97.0
2026Q1,422.87,838.0,194.4,-22985.0,21,32120.38,61.9
2026Q1,377.01,706.99,116.34,-21391.96,27,26482.61,70.4
2026Q1,427.54,633.78,32.24,21281.1,33,0.0,100.0
2026Q1,150.88,351.61,539.67,-18236.07,22,32138.03,18.2
2026Q1,347.97,925.23,309.46,-17120.83,17,32742.19,47.1
2026Q1,431.62,699.06,35.1,22463.98,32,0.0,100.0
2026Q1,425.81,568.25,90.33,-27152.13,28,31299.65,75.0
2026Q1,297.3,573.96,150.69,-39557.43,22,42571.3,50.0
2026Q1,423.9,581.54,93.89,-25656.66,28,30373.89,75.0
2026Q1,394.32,486.33,661.34,-13779.24,12,24305.0,33.3
2026Q1,308.35,570.54,156.79,-39566.63,22,42702.39,50.0
2026Q1,249.83,453.33,211.99,-33457.34,22,36836.82,40.9
2026Q1,352.22,666.87,33.89,14025.11,33,7665.0,97.0
2026Q1,436.05,500.14,451.89,-28196.61,13,45589.98,38.5
2026Q1,380.07,590.06,131.55,-28628.45,26,33826.24,65.4
2026Q1,408.63,671.94,66.44,9057.34,30,10195.0,90.0
2026Q1,441.54,611.65,76.54,11721.46,30,10305.0,90.0
2026Q1,408.45,760.37,35.2,13551.78,32,8275.0,96.9
2026Q1,442.4,756.96,70.35,8380.45,30,10305.0,90.0
2026Q1,384.9,611.22,166.14,-34455.9,21,37778.74,57.1
2026Q1,51.69,432.88,106.87,-1357.8,33,6212.52,39.4
2026Q1,454.43,721.49,410.48,-19167.39,15,49910.68,46.7
2026Q1,420.83,604.32,235.37,-3239.79,20,25886.06,65.0
2026Q1,272.34,729.56,63.08,3121.12,31,11079.18,83.9
2026Q1,458.69,575.13,180.73,-31605.79,21,39373.57,61.9
2026Q1,339.72,654.17,41.9,1479.37,30,12574.12,90.0
2026Q1,370.31,658.62,34.45,13562.16,32,7795.0,96.9
2026Q1,352.88,584.84,128.26,-24426.56,26,29968.18,65.4
2026Q1,174.4,429.55,60.48,3456.46,33,7871.31,78.8
2026Q1,394.82,727.04,89.93,-31432.21,28,33230.85,71.4
2026Q1,430.53,729.85,32.15,21220.07,33,0.0,100.0
2026Q1,436.26,723.85,140.89,-40823.9,24,44607.6,62.5
2026Q1,407.51,780.97,54.54,2415.0,30,10195.0,90.0
2026Q1,442.45,844.22,103.34,-25030.15,27,31259.09,74.1
2026Q1,417.06,633.92,76.83,12049.76,30,10305.0,90.0
2026Q1,367.03,684.91,33.24,13479.85,33,7795.0,97.0
2026Q1,326.38,668.51,52.47,-35.64,30,11526.2,86.7
2026Q1,433.18,724.06,85.15,3961.38,29,13005.83,86.2
2026Q1,395.25,638.18,106.86,-26799.32,27,29828.59,70.4
2026Q1,447.41,644.06,56.67,12411.45,30,10195.0,93.3
2026Q1,314.69,612.51,51.1,-5878.08,31,15860.03,83.9
2026Q1,417.93,687.21,485.61,-32896.05,12,43182.76,33.3
2026Q1,357.43,513.16,130.64,-23761.97,26,29684.57,65.4
2026Q1,265.78,779.76,84.14,4106.75,30,9469.44,80.0
2026Q1,383.08,631.27,338.7,-26226.43,16,35277.76,43.8
2026Q1,361.59,480.5,35.36,14255.82,32,7665.0,96.9
2026Q1,207.95,241.19,34.68,12342.39,33,4823.83,93.9
2026Q1,346.81,705.8,612.56,-4323.86,14,21645.0,35.7
2026Q1,431.08,520.56,63.98,16524.67,30,10195.0,93.3
2026Q1,426.83,513.81,71.96,9197.14,30,10276.29,90.0
2026Q1,399.93,460.39,115.48,-23749.62,27,28330.35,70.4
2026Q1,445.07,555.36,96.14,-26489.89,28,31567.79,75.0
2026Q1,458.56,461.9,52.61,10983.82,30,9238.08,93.3
2026Q1,430.05,566.79,71.7,9107.52,30,10305.0,90.0
2026Q1,410.23,582.95,145.42,-42379.95,22,45288.41,59.1
2026Q1,378.32,408.24,32.18,12798.17,33,7795.0,97.0
2026Q1,415.08,688.8,51.1,748.18,30,10195.0,90.0
2026Q1,447.29,678.64,81.2,12592.4,29,10305.0,89.7
2026Q1,388.49,692.32,47.79,1622.87,30,8165.0,90.0
2026Q1,430.6,508.89,66.08,17718.85,30,10177.78,93.3
2026Q1,433.97,515.89,116.43,-18920.3,27,27745.52,74.1
2026Q1,403.49,506.35,97.7,-32277.41,28,35303.28,71.4
2026Q1,426.54,499.28,66.06,17896.83,30,9985.51,93.3
2026Q1,425.31,487.96,66.57,18411.03,30,9759.11,93.3
2026Q1,422.8,491.94,177.16,-26645.75,21,34523.06,61.9
2026Q1,450.26,479.5,65.03,17698.83,30,9590.02,93.3
2026Q1,437.63,467.58,75.74,12845.77,30,9351.63,90.0
2026Q1,450.67,495.57,62.89,16175.37,30,9911.31,93.3
2026Q1,452.26,506.2,66.79,18145.84,30,10123.92,93.3
2026Q1,451.53,497.71,64.78,17191.58,30,9954.25,93.3
2026Q1,427.41,476.88,116.06,-17344.56,27,26832.53,74.1
2026Q1,450.5,525.64,95.05,-28123.67,28,32818.16,75.0
2026Q1,414.79,430.61,64.55,9018.66,30,8612.23,90.0
2026Q1,442.35,457.27,135.3,-24456.07,26,29491.44,69.2
2026Q1,134.53,229.52,83.27,5433.62,32,6242.96,68.8
2026Q1,453.43,510.14,62.29,15552.06,30,10202.72,93.3
2026Q1,435.42,474.58,65.73,18207.07,30,9491.55,93.3
2026Q1,433.48,471.49,105.32,-22046.63,27,29467.95,74.1
2026Q1,422.24,498.28,53.39,10824.28,30,9965.52,93.3
2026Q1,402.71,404.5,158.99,-34651.93,21,37831.78,57.1
2026Q1,437.9,492.44,86.71,-5676.06,29,21840.75,82.8
2026Q1,414.54,438.05,71.2,1979.22,30,14673.92,86.7
2026Q1,427.43,531.19,44.02,15338.83,30,10195.0,96.7
2026Q1,392.09,435.32,125.25,-28550.86,27,35046.1,66.7
2026Q1,458.56,591.78,102.89,-28199.65,27,34356.79,74.1
2026Q1,448.89,511.68,66.4,17821.08,30,10233.67,93.3
2026Q1,441.49,511.74,46.12,16513.21,30,10234.8,96.7
2026Q1,433.01,526.32,65.19,17203.41,30,10195.0,93.3
2026Q1,444.46,505.14,87.1,-5810.28,29,21838.92,82.8
2026Q1,420.19,460.07,76.38,13901.32,30,9201.5,90.0
2026Q1,451.2,467.98,46.84,17807.3,30,9359.67,96.7
2026Q1,401.56,422.75,50.54,2323.37,30,8455.08,90.0
2026Q1,436.9,443.55,32.43,11883.43,33,8871.09,97.0
2026Q1,410.11,563.67,94.58,-34069.01,28,35960.56,71.4
2026Q1,60.59,128.09,263.98,-9668.76,30,14950.0,16.7
2026Q1,449.84,500.17,706.66,-34025.62,11,28393.38,27.3
2026Q1,453.25,537.78,64.02,16526.69,30,10195.0,93.3
2026Q1,427.75,451.52,50.8,10385.68,30,9030.37,93.3
2026Q1,458.44,555.51,74.32,10386.57,30,10305.0,90.0
2026Q1,441.49,478.66,46.02,17119.33,30,9573.2,96.7
2026Q1,421.99,538.9,103.74,-23519.73,27,29812.84,74.1
2026Q1,432.9,495.53,61.67,15516.13,30,9910.53,93.3
2026Q1,446.47,522.56,85.29,3493.57,29,13387.62,86.2
2026Q1,412.55,428.46,296.38,-35375.71,16,47875.73,43.8
2026Q1,436.07,486.49,237.34,1856.38,18,22354.52,66.7
2026Q1,442.48,482.73,42.52,15008.02,30,9654.51,96.7
2026Q1,446.94,477.3,45.05,16582.05,30,9546.1,96.7
2026Q1,428.8,430.55,64.42,8954.77,30,8610.96,90.0
2026Q1,418.26,503.58,74.04,10900.82,30,10071.56,90.0
2026Q1,452.16,485.49,54.26,11547.02,30,9709.75,93.3
2026Q1,441.86,498.24,34.62,22159.75,32,0.0,100.0
2026Q1,458.95,518.45,113.42,-23640.48,27,31418.49,74.1
2026Q1,432.51,503.07,381.65,-19736.9,15,47840.44,46.7
2026Q1,421.78,547.14,34.4,22013.78,32,0.0,100.0
2026Q1,26.85,155.2,35.19,-1240.21,35,6606.07,51.4
2026Q1,425.97,536.58,33.72,22253.32,33,0.0,100.0
2026Q1,421.88,529.8,41.56,13910.85,30,10195.0,96.7
2026Q1,404.53,1013.92,34.26,12748.75,32,8490.0,96.9
2026Q1,235.44,325.19,80.36,9360.24,31,8194.39,80.6
2026Q1,413.61,516.87,56.99,3973.16,30,10195.0,90.0
2026Q1,427.48,575.33,32.38,21369.53,33,0.0,100.0
2026Q1,423.79,589.92,32.91,21722.83,33,0.0,100.0
2026Q1,393.65,560.82,33.69,13399.64,33,8165.0,97.0
2026Q1,422.82,567.6,49.06,8169.82,30,10195.0,93.3
2026Q1,404.58,587.73,34.01,12596.39,32,8490.0,96.9
2026Q1,438.54,584.59,56.37,12262.42,30,10195.0,93.3
2026Q1,423.55,548.58,73.3,9972.62,30,10305.0,90.0
2026Q1,442.83,560.0,49.36,8336.72,30,10195.0,93.3
2026Q1,416.18,578.9,90.08,-26179.54,28,30343.05,75.0
2026Q1,427.05,563.41,61.17,14948.91,30,10195.0,93.3
2026Q1,432.91,510.94,33.59,22168.76,33,0.0,100.0
2026Q1,409.17,606.87,44.85,6643.93,30,10195.0,93.3
2026Q1,434.01,511.89,33.55,22143.02,33,0.0,100.0
2026Q1,437.97,760.93,32.83,21667.06,33,0.0,100.0
2026Q1,399.22,588.94,34.18,12702.57,32,8490.0,96.9
2026Q1,436.79,757.73,53.37,10579.97,30,10195.0,93.3
2026Q1,442.12,742.62,33.69,22232.78,33,0.0,100.0
2026Q1,431.22,779.31,34.54,22106.44,32,0.0,100.0
2026Q1,417.91,768.26,33.66,22215.92,33,0.0,100.0
2026Q1,416.91,764.03,42.23,14300.59,30,10195.0,96.7
2026Q1,437.55,802.57,42.39,14393.49,30,10195.0,96.7
2026Q1,429.69,758.84,32.04,21149.35,33,0.0,100.0
2026Q1,411.59,746.95,35.73,13877.8,32,8275.0,96.9
2026Q1,427.87,751.29,32.29,21312.16,33,0.0,100.0
2026Q1,427.97,733.22,46.57,16813.02,30,10195.0,96.7
2026Q1,421.49,748.5,34.36,21993.29,32,0.0,100.0
2026Q1,415.62,741.02,32.16,12232.8,33,8350.0,97.0
2026Q1,423.81,804.18,32.88,21698.53,33,0.0,100.0
2026Q1,388.07,795.5,33.85,13497.71,33,8165.0,97.0
2026Q1,189.64,570.44,51.77,6393.15,32,5904.03,84.4
2026Q1,408.49,747.06,34.19,12920.17,32,8275.0,96.9
2026Q1,423.46,784.03,52.3,9981.19,30,10195.0,93.3
2026Q1,398.34,694.44,34.55,12933.74,32,8490.0,96.9
2026Q1,432.9,781.61,468.46,-36053.32,12,45100.83,33.3
2026Q1,441.75,753.04,51.63,9609.58,30,10195.0,93.3
2026Q1,420.85,748.01,33.71,22250.72,33,0.0,100.0
2026Q1,421.74,704.99,33.42,22057.8,33,0.0,100.0
2026Q1,421.51,814.1,46.5,16774.03,30,10195.0,96.7
2026Q1,418.66,704.43,32.98,21768.93,33,0.0,100.0
2026Q1,407.37,693.78,53.66,1943.87,30,10195.0,90.0
2026Q1,417.15,694.1,32.06,21158.85,33,0.0,100.0
2026Q1,418.26,741.87,55.23,11791.44,30,10195.0,93.3
2026Q1,100.62,410.12,46.51,-3851.53,33,9644.55,69.7
2026Q1,439.44,871.07,414.14,-15975.18,15,47084.34,46.7
2026Q1,400.23,655.56,32.96,12604.97,33,8490.0,97.0
2026Q1,429.13,723.42,42.92,14700.7,30,10195.0,96.7
2026Q1,430.95,711.8,602.5,-58425.09,11,49670.09,18.2
2026Q1,410.99,751.43,57.95,4472.89,30,10195.0,90.0
2026Q1,424.17,789.79,32.23,21270.75,33,0.0,100.0
2026Q1,421.03,797.15,45.76,16343.92,30,10195.0,96.7
2026Q1,441.92,828.29,74.15,10432.4,30,10305.0,90.0
2026Q1,424.17,781.81,58.6,13512.95,30,10195.0,93.3
2026Q1,434.9,807.8,32.88,21698.26,33,0.0,100.0
2026Q1,438.31,757.68,523.4,-32163.31,12,44372.08,33.3
2026Q1,432.65,647.88,46.33,16673.83,30,10195.0,96.7
2026Q1,415.18,784.62,32.35,12383.73,33,8320.0,97.0
2026Q1,426.22,773.79,32.5,21451.54,33,0.0,100.0
2026Q1,442.35,798.33,46.78,16935.34,30,10195.0,96.7
2026Q1,431.34,766.83,57.64,12971.45,30,10195.0,93.3
2026Q1,406.74,672.34,32.42,12260.0,33,8490.0,97.0
2026Q1,418.46,767.09,44.48,15602.17,30,10195.0,96.7
2026Q1,448.61,777.9,60.58,14601.53,30,10195.0,93.3
2026Q1,434.37,740.73,76.88,11902.58,30,10305.0,90.0
2026Q1,425.18,763.94,340.48,-25162.42,15,48905.69,46.7
2026Q1,445.47,765.62,32.32,21328.77,33,0.0,100.0
2026Q1,442.96,764.18,32.08,21171.0,33,0.0,100.0
2026Q1,430.51,724.76,45.11,15968.01,30,10195.0,96.7
2026Q1,445.44,753.11,46.5,16773.93,30,10195.0,96.7
2026Q1,413.55,764.24,32.52,12540.55,33,8275.0,97.0
2026Q1,435.92,753.74,58.22,13297.47,30,10195.0,93.3
2026Q1,423.77,575.95,44.39,15549.42,30,10195.0,96.7
2026Q1,435.85,765.73,59.08,13780.49,30,10195.0,93.3
2026Q1,408.03,806.96,45.61,6856.14,30,10195.0,93.3
2026Q1,448.08,821.92,71.18,8807.08,30,10305.0,90.0
2026Q1,420.46,658.44,32.62,21532.5,33,0.0,100.0
2026Q1,419.69,656.51,32.07,21165.96,33,0.0,100.0
2026Q1,426.93,676.02,46.25,16629.43,30,10195.0,96.7
2026Q1,294.09,560.53,32.41,8518.98,34,6165.0,94.1
2026Q1,416.96,625.15,57.35,12981.1,30,10195.0,93.3
2026Q1,436.47,718.96,45.38,16125.61,30,10195.0,96.7
2026Q1,427.73,658.1,32.23,21274.9,33,0.0,100.0
2026Q1,442.67,736.44,55.3,11665.21,30,10195.0,93.3
2026Q1,410.43,758.42,44.36,6371.28,30,10195.0,93.3
2026Q1,428.02,742.15,66.03,17674.54,30,10195.0,93.3
2026Q1,419.38,595.88,45.1,15962.7,30,10195.0,96.7
2026Q1,426.86,650.68,43.26,14893.14,30,10195.0,96.7
2026Q1,431.58,660.06,33.28,21962.13,33,0.0,100.0
2026Q1,435.04,689.93,32.37,21362.59,33,0.0,100.0
2026Q1,434.84,697.26,32.85,21678.56,33,0.0,100.0
2026Q1,437.58,700.22,56.95,12586.52,30,10195.0,93.3
2026Q1,277.57,553.28,45.85,1747.23,31,11523.39,87.1
2026Q1,448.08,692.02,33.46,22084.48,33,0.0,100.0
2026Q1,458.32,723.41,55.34,11552.17,30,10195.0,93.3
2026Q1,435.62,676.89,43.2,14858.88,30,10195.0,96.7
2026Q1,451.3,694.93,70.63,8512.59,30,10305.0,90.0
2026Q1,445.21,697.77,32.76,21621.47,33,0.0,100.0
2026Q1,440.47,694.81,32.86,21686.31,33,0.0,100.0
2026Q1,445.09,692.97,49.27,8288.04,30,10195.0,93.3
2026Q1,440.57,716.99,33.12,21856.13,33,0.0,100.0
2026Q1,450.84,724.95,44.54,15640.66,30,10195.0,96.7
2026Q1,440.66,696.06,57.65,12976.36,30,10195.0,93.3
2026Q1,442.53,675.27,32.6,21514.96,33,0.0,100.0
2026Q1,446.89,688.52,45.65,16284.34,30,10195.0,96.7
2026Q1,453.32,679.19,57.88,13087.63,30,10195.0,93.3
2026Q1,439.17,699.23,32.22,21264.75,33,0.0,100.0
2026Q1,436.18,719.69,44.72,15742.79,30,10195.0,96.7
2026Q1,453.6,688.94,63.32,16132.73,30,10195.0,93.3
2026Q1,440.89,693.6,47.88,7506.69,30,10195.0,93.3
2026Q1,420.97,690.66,32.35,21348.76,33,0.0,100.0
2026Q1,458.28,739.32,45.24,16043.93,30,10195.0,96.7
2026Q1,431.72,655.7,66.08,17702.43,30,10195.0,93.3
2026Q1,444.06,739.54,32.55,21482.3,33,0.0,100.0
2026Q1,433.26,704.45,54.42,11170.02,30,10195.0,93.3
2026Q1,418.0,630.35,43.24,14887.07,30,10195.0,96.7
2026Q1,442.03,703.79,76.35,11618.54,30,10305.0,90.0
2026Q1,410.36,665.0,32.42,12476.13,33,8275.0,97.0
2026Q1,307.06,546.27,55.67,-3132.89,31,14576.5,83.9
2026Q1,432.58,711.64,45.0,15904.11,30,10195.0,96.7
2026Q1,421.12,720.05,64.68,17083.34,30,10195.0,93.3
2026Q1,448.13,666.45,44.86,15821.49,30,10195.0,96.7
2026Q1,400.7,634.03,55.13,5178.31,30,8490.0,90.0
2026Q1,427.35,816.35,43.72,15162.19,30,10195.0,96.7
2026Q1,414.99,663.01,32.43,12437.81,33,8320.0,97.0
2026Q1,435.05,723.88,32.6,21517.58,33,0.0,100.0
2026Q1,433.36,719.44,358.08,-23524.41,15,49026.98,46.7
2026Q1,142.95,447.06,73.24,4001.57,33,6490.86,72.7
2026Q1,423.17,788.57,55.77,11926.02,30,10195.0,93.3
2026Q1,431.76,722.41,44.83,15806.5,30,10195.0,96.7
2026Q1,415.82,690.23,32.21,12267.36,33,8350.0,97.0
2026Q1,260.03,563.3,55.49,2155.33,31,10026.8,83.9
2026Q1,446.53,545.84,65.48,17363.24,30,10195.0,93.3
2026Q1,424.17,685.18,44.11,15391.37,30,10195.0,96.7
2026Q1,405.81,820.72,45.55,6820.5,30,10195.0,93.3
2026Q1,437.21,775.28,79.89,11930.32,29,10305.0,89.7
2026Q1,430.56,809.18,32.14,21209.29,33,0.0,100.0
2026Q1,458.75,539.25,59.66,13967.36,30,10195.0,93.3
2026Q1,448.97,734.81,44.95,15876.56,30,10195.0,96.7
2026Q1,414.78,771.72,32.13,12240.48,33,8320.0,97.0
2026Q1,437.42,709.29,55.4,11720.09,30,10195.0,93.3
2026Q1,420.33,727.88,32.02,21134.21,33,0.0,100.0
2026Q1,426.93,547.58,69.56,7954.83,30,10305.0,90.0
2026Q1,443.68,701.99,653.35,-36168.78,11,28100.0,27.3
2026Q1,394.04,726.16,244.88,-18328.11,18,23225.8,55.6
2026Q1,436.88,730.52,46.88,16993.56,30,10195.0,96.7
2026Q1,409.57,676.93,55.41,3101.7,30,10195.0,90.0
2026Q1,452.35,736.72,44.05,15352.53,30,10195.0,96.7
2026Q1,425.15,738.75,32.64,21539.4,33,0.0,100.0
2026Q1,422.35,739.14,196.7,-22387.83,21,31752.89,61.9
2026Q1,412.92,752.51,310.38,-36566.97,16,49079.85,43.8
2026Q1,403.41,599.74,65.53,8349.04,30,10195.0,90.0
2026Q1,426.71,898.6,44.54,15636.7,30,10195.0,96.7
2026Q1,419.98,746.91,56.08,12268.07,30,10195.0,93.3
2026Q1,442.45,532.47,43.43,14994.7,30,10195.0,96.7
2026Q1,432.1,538.01,84.19,14167.48,29,10305.0,89.7
2026Q1,426.51,795.88,55.31,11671.11,30,10195.0,93.3
2026Q1,414.71,661.33,32.55,12510.13,33,8320.0,97.0
2026Q1,213.9,525.1,70.46,8137.72,32,7796.71,81.2
2026Q1,450.0,801.83,44.24,15462.88,30,10195.0,96.7
2026Q1,441.45,514.92,44.76,15659.78,30,10298.36,96.7
2026Q1,164.7,413.54,32.25,7378.12,34,6595.24,91.2
2026Q1,431.13,957.0,58.62,13524.39,30,10195.0,93.3
2026Q1,404.66,539.1,44.66,6323.22,30,10195.0,93.3
2026Q1,420.85,730.36,32.53,21471.4,33,0.0,100.0
2026Q1,438.54,713.75,67.55,6867.91,30,10305.0,90.0
2026Q1,449.05,835.11,55.76,11900.06,30,10195.0,93.3
2026Q1,430.01,759.15,44.98,15891.47,30,10195.0,96.7
2026Q1,415.23,715.75,218.13,-19842.72,20,32930.79,60.0
2026Q1,458.98,727.22,79.95,11828.79,29,10305.0,89.7
2026Q1,439.6,692.62,55.5,11773.69,30,10195.0,93.3
2026Q1,423.7,786.33,514.57,-31429.44,12,43513.61,33.3
2026Q1,432.82,773.74,32.07,21163.94,33,0.0,100.0
2026Q1,409.69,639.06,49.06,-327.41,30,10195.0,90.0
2026Q1,444.82,765.29,64.59,16866.33,30,10195.0,93.3
2026Q1,74.72,473.66,32.31,987.94,35,6821.34,77.1
2026Q1,424.0,539.57,43.97,15309.4,30,10195.0,96.7
2026Q1,436.73,596.07,44.74,15754.05,30,10195.0,96.7
2026Q1,374.19,611.67,32.52,13016.58,33,7795.0,97.0
2026Q1,399.83,661.27,55.4,5327.78,30,8490.0,90.0
2026Q1,450.22,747.96,71.35,8899.36,30,10305.0,90.0
2026Q1,417.76,696.82,45.45,16166.58,30,10195.0,96.7
2026Q1,427.69,493.1,57.88,13439.91,30,9861.95,93.3
2026Q1,439.9,524.62,42.52,14467.61,30,10195.0,96.7
2026Q1,431.09,807.39,32.57,21493.54,33,0.0,100.0
2026Q1,413.13,769.61,410.17,-30799.69,15,45088.23,40.0
2026Q1,386.95,731.45,32.27,12484.77,33,8165.0,97.0
2026Q1,343.24,553.7,83.57,3387.29,29,11972.31,82.8
2026Q1,445.7,691.1,64.0,16536.06,30,10195.0,93.3
2026Q1,422.0,741.48,54.56,11248.46,30,10195.0,93.3
2026Q1,432.88,529.42,43.84,15234.63,30,10195.0,96.7
2026Q1,452.55,712.59,54.25,11055.67,30,10195.0,93.3
2026Q1,405.15,690.58,32.32,12197.95,33,8490.0,97.0
2026Q1,439.78,773.35,71.44,8965.77,30,10305.0,90.0
2026Q1,425.5,695.98,46.2,16599.92,30,10195.0,96.7
2026Q1,416.23,471.87,45.08,16708.77,30,9437.47,96.7
2026Q1,432.79,736.05,62.05,15444.04,30,10195.0,93.3
2026Q1,448.04,617.67,44.98,15891.64,30,10195.0,96.7
2026Q1,458.98,586.14,33.18,21898.14,33,0.0,100.0
2026Q1,453.75,578.99,579.7,-62776.98,11,53466.98,18.2
2026Q1,457.85,569.99,58.08,13087.57,30,10195.0,93.3
2026Q1,445.88,586.64,32.13,21207.7,33,0.0,100.0
2026Q1,457.75,560.44,77.16,11920.44,30,10305.0,90.0
2026Q1,442.49,574.24,32.13,21203.45,33,0.0,100.0
2026Q1,327.11,448.81,51.52,-647.89,30,11684.07,86.7
2026Q1,436.49,731.37,44.82,15799.42,30,10195.0,96.7
2026Q1,448.71,597.43,66.7,18025.28,30,10195.0,93.3
2026Q1,429.53,740.68,32.13,21208.95,33,0.0,100.0
2026Q1,439.27,811.36,54.54,11239.66,30,10195.0,93.3
2026Q1,448.87,777.61,44.63,15691.36,30,10195.0,96.7
2026Q1,426.1,507.83,44.61,15715.62,30,10156.61,96.7
2026Q1,438.89,623.5,66.5,17932.26,30,10195.0,93.3
2026Q1,411.98,701.12,95.48,-33884.28,28,35793.82,71.4
2026Q1,239.72,587.44,56.46,3949.0,31,8543.08,83.9
2026Q1,431.92,795.04,44.8,15786.41,30,10195.0,96.7
2026Q1,420.84,696.66,32.82,21663.41,33,0.0,100.0
2026Q1,397.95,667.57,54.76,5303.5,30,8165.0,90.0
2026Q1,452.61,732.19,80.34,12147.22,29,10305.0,89.7
2026Q1,458.64,724.29,32.02,21133.26,33,0.0,100.0
2026Q1,191.23,620.13,45.62,8027.42,32,6470.55,87.5
2026Q1,420.66,672.53,64.84,17174.29,30,10195.0,93.3
2026Q1,442.21,827.51,44.55,15643.82,30,10195.0,96.7
2026Q1,412.78,522.75,56.63,3790.25,30,10195.0,90.0
2026Q1,433.37,709.71,32.12,21198.76,33,0.0,100.0
2026Q1,445.11,535.96,46.94,17031.77,30,10195.0,96.7
2026Q1,405.91,661.84,70.76,-489.58,30,15909.58,86.7
2026Q1,420.28,487.4,44.29,15940.36,30,9748.01,96.7
2026Q1,434.61,566.54,32.41,21391.12,33,0.0,100.0
2026Q1,429.03,716.75,56.5,12335.01,30,10195.0,93.3
2026Q1,127.95,403.23,43.86,-3281.9,33,11176.01,75.8
2026Q1,443.64,489.79,32.26,21289.32,33,0.0,100.0
2026Q1,424.04,780.22,63.47,16236.27,30,10195.0,93.3
2026Q1,414.87,674.26,53.56,2076.86,30,10195.0,90.0
2026Q1,437.41,512.97,32.28,21303.98,33,0.0,100.0
2026Q1,445.37,740.25,279.23,-30932.65,16,54135.66,50.0
2026Q1,452.75,790.1,88.36,-19544.43,28,25145.12,78.6
2026Q1,427.46,674.22,44.98,15891.41,30,10195.0,96.7
2026Q1,406.5,551.71,68.52,-1655.83,30,15999.29,86.7
2026Q1,420.66,700.58,32.04,21144.59,33,0.0,100.0
2026Q1,431.3,653.44,54.73,11341.74,30,10195.0,93.3
2026Q1,393.35,555.3,43.42,8092.47,30,8165.0,93.3
2026Q1,458.54,1040.7,54.65,11162.46,30,10195.0,93.3
2026Q1,438.67,833.13,32.09,21179.13,33,0.0,100.0
2026Q1,417.28,719.34,76.33,11776.94,30,10305.0,90.0
2026Q1,436.22,701.12,45.13,15980.56,30,10195.0,96.7
2026Q1,447.83,561.05,170.89,-32318.35,21,39102.45,61.9
2026Q1,426.72,526.36,61.68,15234.75,30,10195.0,93.3
2026Q1,410.26,731.02,43.98,6161.02,30,10195.0,93.3
2026Q1,440.85,813.56,44.48,15604.12,30,10195.0,96.7
2026Q1,429.56,486.98,56.56,12824.22,30,9739.52,93.3
2026Q1,449.55,690.58,72.81,9687.74,30,10305.0,90.0
2026Q1,419.44,772.54,43.29,14910.4,30,10195.0,96.7
2026Q1,437.85,849.9,32.84,21675.11,33,0.0,100.0
2026Q1,433.41,775.27,57.49,12891.77,30,10195.0,93.3
2026Q1,423.62,549.94,43.67,15133.13,30,10195.0,96.7
2026Q1,414.3,805.23,32.64,12568.74,33,8320.0,97.0
