layer,entry_time,exit_time,direction,entry_price,exit_price,exit_reason,pnl
L1,1735777440,1735777800,short,29.74,29.755176250338998,STOP_LOSS_HARD,-75.88
L1,1735778520,1735780380,short,29.74,29.6953059464152,TAKE_PROFIT_HARD,223.47
L1,1735782120,1735782360,short,29.745,29.760176250339,STOP_LOSS_HARD,-75.88
L1,1735787280,1735787820,short,29.745,29.700305946415202,TAKE_PROFIT_HARD,223.47
L1,1735788480,1735788660,long,29.615,29.599823749661,STOP_LOSS_HARD,-75.88
L1,1735788720,1735789140,long,29.595,29.639694053584797,TAKE_PROFIT_HARD,223.47
L1,1735790640,1735791540,short,29.74,29.755176250338998,STOP_LOSS_HARD,-75.88
L1,1735791960,1735792080,short,29.745,29.760176250339,STOP_LOSS_HARD,-75.88
L1,1735806360,1735806420,long,29.62,29.6646940535848,TAKE_PROFIT_HARD,223.47
L1,1735807200,1735807560,long,29.615,29.659694053584797,TAKE_PROFIT_HARD,223.47
L1,1735809240,1735809240,short,29.74,29.755176250338998,STOP_LOSS_HARD,-75.88
L1,1735896240,1735896600,long,30.29,30.334694053584798,TAKE_PROFIT_HARD,223.47
L1,1736144280,1736144280,short,30.54,30.555176250339,STOP_LOSS_HARD,-75.88
L1,1736145240,1736145240,short,30.855,30.870176250339,STOP_LOSS_HARD,-75.88
L1,1736148000,1736148060,long,30.795,30.775,STOP_LOSS_HARD,-100.0
L1,1736151600,1736151600,short,30.835,30.850176250339,STOP_LOSS_HARD,-75.88
L1,1736152680,1736152680,long,30.625,30.609823749661,STOP_LOSS_HARD,-75.88
L1,1736154720,1736154720,short,30.555,30.570176250339,STOP_LOSS_HARD,-75.88
L1,1736156040,1736156040,long,30.335,30.319823749661,STOP_LOSS_HARD,-75.88
L1,1736156160,1736156160,long,30.315,30.299823749661,STOP_LOSS_HARD,-75.88
L1,1736163360,1736163600,long,30.675,30.659823749661,STOP_LOSS_HARD,-75.88
L1,1736171040,1736171220,short,30.545,30.500305946415203,TAKE_PROFIT_HARD,223.47
L1,1736198040,1736199660,short,30.525,30.4803059464152,TAKE_PROFIT_HARD,223.47
L1,1736200200,1736200800,short,30.525,30.4803059464152,TAKE_PROFIT_HARD,223.47
L1,1736213160,1736213940,long,30.68,30.66,STOP_LOSS_HARD,-100.0
L1,1736216040,1736218620,long,30.68,30.7246940535848,TAKE_PROFIT_HARD,223.47
L1,1736220840,1736222700,short,30.8,30.815176250339,STOP_LOSS_HARD,-75.88
L1,1736223120,1736224140,short,30.8,30.815176250339,STOP_LOSS_HARD,-75.88
L1,1736224440,1736225220,long,30.8,30.784823749661,STOP_LOSS_HARD,-75.88
L1,1736226240,1736226720,long,30.78,30.8246940535848,TAKE_PROFIT_HARD,223.47
L1,1736228880,1736230140,long,30.8,30.8446940535848,TAKE_PROFIT_HARD,223.47
L1,1736230560,1736230560,long,30.785,30.769823749661,STOP_LOSS_HARD,-75.88
L1,1736242440,1736242620,long,30.94,30.924823749661,STOP_LOSS_HARD,-75.88
L1,1736245560,1736245560,short,30.825,30.840176250339,STOP_LOSS_HARD,-75.88
L1,1736245800,1736245920,short,30.825,30.7803059464152,TAKE_PROFIT_HARD,223.47
L1,1736246040,1736246040,long,30.77,30.754823749661,STOP_LOSS_HARD,-75.88
L1,1736246400,1736246460,long,30.65,30.694694053584797,TAKE_PROFIT_HARD,223.47
L1,1736246760,1736246820,long,30.675,30.659823749661,STOP_LOSS_HARD,-75.88
L1,1736246880,1736246940,long,30.66,30.7046940535848,TAKE_PROFIT_HARD,223.47
L1,1736251680,1736252340,long,30.68,30.725,TAKE_PROFIT_HARD,225.0
L1,1736253360,1736253780,long,30.66,30.644823749661,STOP_LOSS_HARD,-75.88
L1,1736254920,1736255040,long,30.675,30.659823749661,STOP_LOSS_HARD,-75.88
L1,1736255400,1736255460,long,30.67,30.654823749661002,STOP_LOSS_HARD,-75.88
L1,1736256360,1736256900,long,30.665,30.649823749661,STOP_LOSS_HARD,-75.88
L1,1736262240,1736262540,long,30.68,30.664823749661,STOP_LOSS_HARD,-75.88
L1,1736265600,1736268300,long,30.655,30.67,END_OF_DAY,75.0
L1,1736275320,1736277120,long,30.675,30.7196940535848,TAKE_PROFIT_HARD,223.47
L1,1736281440,1736281500,long,30.675,30.659823749661,STOP_LOSS_HARD,-75.88
L1,1736282160,1736282460,long,30.68,30.725,TAKE_PROFIT_HARD,225.0
L1,1736284320,1736285460,long,30.675,30.659823749661,STOP_LOSS_HARD,-75.88
L1,1736288040,1736288940,long,30.68,30.66,STOP_LOSS_HARD,-100.0
L1,1736303160,1736303400,long,30.68,30.664823749661,STOP_LOSS_HARD,-75.88
L1,1736307240,1736307360,long,30.675,30.7196940535848,TAKE_PROFIT_HARD,223.47
L1,1736311320,1736312400,short,30.805,30.820176250339,STOP_LOSS_HARD,-75.88
L1,1736313600,1736314200,long,30.795,30.8396940535848,TAKE_PROFIT_HARD,223.47
L1,1736316480,1736317500,short,30.795,30.750305946415203,TAKE_PROFIT_HARD,223.47
L1,1736320800,1736320800,long,30.665,30.649823749661,STOP_LOSS_HARD,-75.88
L1,1736323200,1736323260,long,30.67,30.7146940535848,TAKE_PROFIT_HARD,223.47
L1,1736329200,1736329200,long,30.97,30.954823749661,STOP_LOSS_HARD,-75.88
L1,1736334480,1736335440,long,30.795,30.8396940535848,TAKE_PROFIT_HARD,223.47
L1,1736336160,1736336400,long,30.785,30.8296940535848,TAKE_PROFIT_HARD,223.47
L1,1736341560,1736341860,long,30.68,30.7246940535848,TAKE_PROFIT_HARD,223.47
L1,1736344200,1736344260,long,30.665,30.649823749661,STOP_LOSS_HARD,-75.88
L1,1736347680,1736348040,long,30.68,30.664823749661,STOP_LOSS_HARD,-75.88
L1,1736364840,1736364960,long,30.68,30.665,STOP_LOSS_SOFT,-75.0
L1,1736365800,1736366400,long,30.68,30.7246940535848,TAKE_PROFIT_HARD,223.47
L1,1736371080,1736372400,long,30.665,30.709694053584798,TAKE_PROFIT_HARD,223.47
L1,1736373120,1736373360,long,30.675,30.7196940535848,TAKE_PROFIT_HARD,223.47
L1,1736374320,1736374560,short,30.805,30.7603059464152,TAKE_PROFIT_HARD,223.47
L1,1736375760,1736376840,short,30.795,30.750305946415203,TAKE_PROFIT_HARD,223.47
L1,1736386680,1736386980,short,30.795,30.810176250339,STOP_LOSS_HARD,-75.88
L1,1736387040,1736389200,short,30.81,30.765,TAKE_PROFIT_HARD,225.0
L1,1736390280,1736390340,short,30.795,30.81,STOP_LOSS_SOFT,-75.0
L1,1736390760,1736391120,short,30.795,30.750305946415203,TAKE_PROFIT_HARD,223.47
L1,1736406120,1736406300,long,30.975,31.0196940535848,TAKE_PROFIT_HARD,223.47
L1,1736412240,1736412300,short,31.235,31.250176250339,STOP_LOSS_HARD,-75.88
L1,1736423640,1736423880,long,31.0,30.98,STOP_LOSS_HARD,-100.0
L1,1736430480,1736431560,long,31.0,30.984823749661,STOP_LOSS_HARD,-75.88
L1,1736438520,1736441100,long,31.0,31.035,END_OF_DAY,175.0
L1,1736480280,1736480280,short,31.24,31.255176250338998,STOP_LOSS_HARD,-75.88
L1,1736489280,1736489520,short,31.235,31.250176250339,STOP_LOSS_HARD,-75.88
L1,1736491560,1736492460,short,31.225,31.180305946415203,TAKE_PROFIT_HARD,223.47
L1,1736498040,1736498040,long,30.745,30.7896940535848,TAKE_PROFIT_HARD,223.47
L1,1736507880,1736507940,short,31.36,31.3153059464152,TAKE_PROFIT_HARD,223.47
L1,1736508120,1736508300,short,31.345,31.360176250339,STOP_LOSS_HARD,-75.88
L1,1736509200,1736509260,short,31.33,31.345176250338998,STOP_LOSS_HARD,-75.88
L1,1736517480,1736517480,short,31.33,31.345176250338998,STOP_LOSS_HARD,-75.88
L1,1736520000,1736520360,short,31.335,31.29,TAKE_PROFIT_HARD,225.0
L1,1736520960,1736521980,short,31.33,31.2853059464152,TAKE_PROFIT_HARD,223.47
L1,1736525400,1736526960,short,31.325,31.28,TAKE_PROFIT_HARD,225.0
L1,1736527800,1736528340,short,31.315,31.3,END_OF_DAY,75.0
L1,1736705400,1736706120,short,31.33,31.2853059464152,TAKE_PROFIT_HARD,223.47
L1,1736706960,1736706960,short,31.33,31.345176250338998,STOP_LOSS_HARD,-75.88
L1,1736707200,1736707440,short,31.32,31.34,STOP_LOSS_HARD,-100.0
L1,1736716080,1736716860,short,31.33,31.2853059464152,TAKE_PROFIT_HARD,223.47
L1,1736743800,1736743860,long,30.93,30.914823749661,STOP_LOSS_HARD,-75.88
L1,1736743920,1736743920,long,30.92,30.904823749661002,STOP_LOSS_HARD,-75.88
L1,1736744400,1736744400,long,30.88,30.864823749661,STOP_LOSS_HARD,-75.88
L1,1736744640,1736744640,long,30.79,30.774823749661,STOP_LOSS_HARD,-75.88
L1,1736744760,1736744940,long,30.77,30.814694053584798,TAKE_PROFIT_HARD,223.47
L1,1736751480,1736751480,long,30.775,30.759823749661,STOP_LOSS_HARD,-75.88
L1,1736755560,1736755560,short,30.525,30.4803059464152,TAKE_PROFIT_HARD,223.47
L1,1736757960,1736758020,long,30.315,30.3596940535848,TAKE_PROFIT_HARD,223.47
L1,1736760120,1736760120,long,30.31,30.294823749661,STOP_LOSS_HARD,-75.88
L1,1736761200,1736761200,long,30.33,30.314823749661,STOP_LOSS_HARD,-75.88
L1,1736761320,1736761320,long,30.325,30.309823749661,STOP_LOSS_HARD,-75.88
L1,1736765760,1736765820,long,30.32,30.304823749661,STOP_LOSS_HARD,-75.88
L1,1736765880,1736765880,long,30.3,30.284823749661,STOP_LOSS_HARD,-75.88
L1,1736768040,1736768580,long,30.325,30.309823749661,STOP_LOSS_HARD,-75.88
L1,1736768640,1736768700,long,30.315,30.299823749661,STOP_LOSS_HARD,-75.88
L1,1736771400,1736771400,long,30.33,30.314823749661,STOP_LOSS_HARD,-75.88
L1,1736773320,1736773500,long,30.335,30.319823749661,STOP_LOSS_HARD,-75.88
L1,1736774400,1736774580,long,30.335,30.319823749661,STOP_LOSS_HARD,-75.88
L1,1736774640,1736774640,long,30.32,30.304823749661,STOP_LOSS_HARD,-75.88
L1,1736775480,1736776440,long,30.33,30.31,STOP_LOSS_HARD,-100.0
L1,1736792280,1736793060,long,30.33,30.374694053584797,TAKE_PROFIT_HARD,223.47
L1,1736797800,1736798040,long,30.335,30.315,STOP_LOSS_HARD,-100.0
L1,1736798520,1736798520,long,30.32,30.304823749661,STOP_LOSS_HARD,-75.88
L1,1736813040,1736813220,long,30.33,30.314823749661,STOP_LOSS_HARD,-75.88
L1,1736827680,1736828580,long,30.335,30.319823749661,STOP_LOSS_HARD,-75.88
L1,1736843880,1736843880,long,30.33,30.314823749661,STOP_LOSS_HARD,-75.88
L1,1736844240,1736844240,long,30.32,30.304823749661,STOP_LOSS_HARD,-75.88
L1,1736845200,1736845260,long,30.335,30.319823749661,STOP_LOSS_HARD,-75.88
L1,1736845320,1736845500,long,30.29,30.274823749661,STOP_LOSS_HARD,-75.88
L1,1736852160,1736852520,short,30.525,30.545,STOP_LOSS_HARD,-100.0
L1,1736853000,1736853240,short,30.525,30.540176250338998,STOP_LOSS_HARD,-75.88
L1,1736861040,1736861100,long,30.33,30.374694053584797,TAKE_PROFIT_HARD,223.47
L1,1736906280,1736908020,short,30.525,30.540176250338998,STOP_LOSS_HARD,-75.88
L1,1736930040,1736930040,long,30.86,30.844823749661,STOP_LOSS_HARD,-75.88
L1,1736931480,1736931600,short,31.075,31.090176250339,STOP_LOSS_HARD,-75.88
L1,1736932320,1736932680,short,31.05,31.065176250339,STOP_LOSS_HARD,-75.88
L1,1736934000,1736934000,short,31.095,31.110176250339,STOP_LOSS_HARD,-75.88
L1,1736935920,1736935920,short,31.085,31.040305946415202,TAKE_PROFIT_HARD,223.47
L1,1736936160,1736936160,short,31.095,31.110176250339,STOP_LOSS_HARD,-75.88
L1,1736938440,1736938740,short,31.06,31.075176250339,STOP_LOSS_HARD,-75.88
L1,1736942160,1736942160,short,31.325,31.340176250339,STOP_LOSS_HARD,-75.88
L1,1737008760,1737009120,long,31.9,31.944694053584797,TAKE_PROFIT_HARD,223.47
L1,1737094440,1737094560,short,31.315,31.330176250339,STOP_LOSS_HARD,-75.88
L1,1737103440,1737103440,short,31.095,31.110176250339,STOP_LOSS_HARD,-75.88
L1,1737106920,1737106920,short,31.105,31.120176250339,STOP_LOSS_HARD,-75.88
L1,1737398160,1737398640,short,31.325,31.340176250339,STOP_LOSS_HARD,-75.88
L1,1737407880,1737407940,short,31.315,31.330176250339,STOP_LOSS_HARD,-75.88
L1,1737408000,1737408180,short,31.34,31.355176250339,STOP_LOSS_HARD,-75.88
L1,1737427200,1737427260,short,31.32,31.335176250339,STOP_LOSS_HARD,-75.88
L1,1737427320,1737427800,short,31.33,31.2853059464152,TAKE_PROFIT_HARD,223.47
L1,1737451200,1737451860,short,31.315,31.330176250339,STOP_LOSS_HARD,-75.88
L1,1737452160,1737452640,short,31.315,31.330176250339,STOP_LOSS_HARD,-75.88
L1,1737456480,1737456480,short,31.34,31.355176250339,STOP_LOSS_HARD,-75.88
L1,1737507120,1737507600,long,31.68,31.664823749661,STOP_LOSS_HARD,-75.88
L1,1737542760,1737543000,short,31.315,31.330176250339,STOP_LOSS_HARD,-75.88
L1,1737543240,1737543600,short,31.33,31.2853059464152,TAKE_PROFIT_HARD,223.47
L1,1737545640,1737545760,short,31.37,31.385176250339,STOP_LOSS_HARD,-75.88
L1,1737573360,1737574740,short,31.33,31.345176250338998,STOP_LOSS_HARD,-75.88
L1,1737577560,1737578220,short,31.325,31.340176250339,STOP_LOSS_HARD,-75.88
L1,1737618000,1737618000,long,30.77,30.754823749661,STOP_LOSS_HARD,-75.88
L1,1737618240,1737618240,long,30.77,30.754823749661,STOP_LOSS_HARD,-75.88
L1,1737619320,1737619320,long,30.795,30.779823749661002,STOP_LOSS_HARD,-75.88
L1,1737619440,1737619500,long,30.755,30.739823749661,STOP_LOSS_HARD,-75.88
L1,1737619800,1737619800,long,30.71,30.694823749661,STOP_LOSS_HARD,-75.88
L1,1737628320,1737628440,short,30.535,30.550176250339,STOP_LOSS_HARD,-75.88
L1,1737633120,1737633120,long,30.725,30.709823749661002,STOP_LOSS_HARD,-75.88
L1,1737637680,1737638460,long,30.8,30.8446940535848,TAKE_PROFIT_HARD,223.47
L1,1737638520,1737638940,short,30.85,30.87,STOP_LOSS_HARD,-100.0
L1,1737639960,1737641940,short,30.85,30.805305946415203,TAKE_PROFIT_HARD,223.47
L1,1737642240,1737642720,short,30.835,30.850176250339,STOP_LOSS_HARD,-75.88
L1,1737643920,1737644520,short,30.84,30.7953059464152,TAKE_PROFIT_HARD,223.47
L1,1737645000,1737645240,short,30.845,30.865,STOP_LOSS_HARD,-100.0
L1,1737648720,1737650700,short,30.84,30.84,END_OF_DAY,0.0
L1,1737655680,1737656040,short,30.835,30.855,STOP_LOSS_HARD,-100.0
L1,1737681960,1737683160,short,31.33,31.285,TAKE_PROFIT_HARD,225.0
L1,1737693600,1737694980,short,31.33,31.345176250338998,STOP_LOSS_HARD,-75.88
L1,1737695760,1737695820,short,31.32,31.34,STOP_LOSS_HARD,-100.0
L1,1737710880,1737710880,short,31.32,31.2753059464152,TAKE_PROFIT_HARD,223.47
L1,1737711960,1737711960,short,31.34,31.355176250339,STOP_LOSS_HARD,-75.88
L1,1737923640,1737924120,long,30.8,30.784823749661,STOP_LOSS_HARD,-75.88
L1,1737926760,1737926880,long,30.62,30.6646940535848,TAKE_PROFIT_HARD,223.47
L1,1737929760,1737929940,short,30.755,30.7103059464152,TAKE_PROFIT_HARD,223.47
L1,1737930360,1737930420,short,30.745,30.760176250339,STOP_LOSS_HARD,-75.88
L1,1737932760,1737934260,short,30.75,30.7053059464152,TAKE_PROFIT_HARD,223.47
L1,1737940800,1737940920,long,30.625,30.609823749661,STOP_LOSS_HARD,-75.88
L1,1737941640,1737942480,long,30.625,30.6696940535848,TAKE_PROFIT_HARD,223.47
L1,1737945960,1737946080,long,30.625,30.609823749661,STOP_LOSS_HARD,-75.88
L1,1737947520,1737947520,short,30.535,30.550176250339,STOP_LOSS_HARD,-75.88
L1,1737952320,1737952500,short,30.755,30.770176250339,STOP_LOSS_HARD,-75.88
L1,1737952560,1737952560,short,30.775,30.790176250338998,STOP_LOSS_HARD,-75.88
L1,1737953280,1737953580,long,30.8,30.8446940535848,TAKE_PROFIT_HARD,223.47
L1,1737953760,1737954000,long,30.8,30.8446940535848,TAKE_PROFIT_HARD,223.47
L1,1737967080,1737967080,long,30.8,30.784823749661,STOP_LOSS_HARD,-75.88
L1,1737967200,1737967380,long,30.77,30.754823749661,STOP_LOSS_HARD,-75.88
L1,1737968760,1737968760,long,30.785,30.769823749661,STOP_LOSS_HARD,-75.88
L1,1737970080,1737970080,long,30.59,30.574823749661,STOP_LOSS_HARD,-75.88
L1,1737971280,1737971280,long,30.785,30.769823749661,STOP_LOSS_HARD,-75.88
L1,1737971520,1737971580,short,30.795,30.810176250339,STOP_LOSS_HARD,-75.88
L1,1737972360,1737972360,long,30.585,30.6296940535848,TAKE_PROFIT_HARD,223.47
L1,1737972720,1737972780,long,30.62,30.604823749661,STOP_LOSS_HARD,-75.88
L1,1737972960,1737973080,long,30.625,30.6696940535848,TAKE_PROFIT_HARD,223.47
L1,1737973440,1737973440,short,30.755,30.7103059464152,TAKE_PROFIT_HARD,223.47
L1,1737973680,1737973680,short,30.75,30.765176250339,STOP_LOSS_HARD,-75.88
L1,1737974880,1737975000,short,30.77,30.785176250339,STOP_LOSS_HARD,-75.88
L1,1737975600,1737975600,short,30.75,30.7053059464152,TAKE_PROFIT_HARD,223.47
L1,1737976920,1737977040,long,30.59,30.574823749661,STOP_LOSS_HARD,-75.88
L1,1737978000,1737978000,long,30.595,30.579823749661,STOP_LOSS_HARD,-75.88
L1,1737978840,1737978840,long,30.325,30.309823749661,STOP_LOSS_HARD,-75.88
L1,1737980640,1737980760,short,30.28,30.295176250339,STOP_LOSS_HARD,-75.88
L1,1737981720,1737981900,long,30.335,30.3796940535848,TAKE_PROFIT_HARD,223.47
L1,1737987480,1737987780,short,30.525,30.540176250338998,STOP_LOSS_HARD,-75.88
L1,1737989640,1737989700,short,30.525,30.540176250338998,STOP_LOSS_HARD,-75.88
L1,1737990240,1737990480,short,30.525,30.540176250338998,STOP_LOSS_HARD,-75.88
L1,1737991440,1737992220,short,30.53,30.545176250339,STOP_LOSS_HARD,-75.88
L1,1737993360,1737993780,short,30.545,30.560176250339,STOP_LOSS_HARD,-75.88
L1,1738022520,1738022520,short,30.525,30.540176250338998,STOP_LOSS_HARD,-75.88
L1,1738022760,1738022760,short,30.53,30.545176250339,STOP_LOSS_HARD,-75.88
L1,1738027080,1738027440,short,30.525,30.48,TAKE_PROFIT_HARD,225.0
L1,1738032720,1738032780,long,30.335,30.319823749661,STOP_LOSS_HARD,-75.88
L1,1738032840,1738033200,long,30.325,30.309823749661,STOP_LOSS_HARD,-75.88
L1,1738033320,1738034040,long,30.31,30.29,STOP_LOSS_HARD,-100.0
L1,1738040520,1738041060,short,30.545,30.560176250339,STOP_LOSS_HARD,-75.88
L1,1738049880,1738050480,short,30.53,30.55,STOP_LOSS_HARD,-100.0
L1,1738059360,1738059420,long,30.61,30.654694053584798,TAKE_PROFIT_HARD,223.47
L1,1738061160,1738061160,long,30.785,30.769823749661,STOP_LOSS_HARD,-75.88
L1,1738063200,1738063320,long,30.795,30.779823749661002,STOP_LOSS_HARD,-75.88
L1,1738063680,1738063800,short,30.745,30.760176250339,STOP_LOSS_HARD,-75.88
L1,1738063920,1738063980,short,30.79,30.7453059464152,TAKE_PROFIT_HARD,223.47
L1,1738064400,1738064460,short,30.76,30.715305946415203,TAKE_PROFIT_HARD,223.47
L1,1738117320,1738117380,long,30.795,30.779823749661002,STOP_LOSS_HARD,-75.88
L1,1738142400,1738142400,short,31.325,31.340176250339,STOP_LOSS_HARD,-75.88
L1,1738148640,1738148760,short,31.72,31.6753059464152,TAKE_PROFIT_HARD,223.47
L1,1738182240,1738184400,long,31.595,31.639694053584797,TAKE_PROFIT_HARD,223.47
L1,1738188360,1738189020,long,31.59,31.6346940535848,TAKE_PROFIT_HARD,223.47
L1,1738203120,1738203120,short,31.75,31.765176250339,STOP_LOSS_HARD,-75.88
L1,1738224720,1738224720,short,32.185,32.200176250339005,STOP_LOSS_HARD,-75.88
L1,1738225080,1738225200,short,32.16,32.1153059464152,TAKE_PROFIT_HARD,223.47
L1,1738225920,1738225920,short,32.165,32.180176250339,STOP_LOSS_HARD,-75.88
L1,1738226280,1738226340,short,32.165,32.180176250339,STOP_LOSS_HARD,-75.88
L1,1738231800,1738231800,long,32.53,32.5746940535848,TAKE_PROFIT_HARD,223.47
L1,1738252440,1738252500,long,32.515,32.5596940535848,TAKE_PROFIT_HARD,223.47
L1,1738316880,1738316880,long,32.495,32.479823749660994,STOP_LOSS_HARD,-75.88
L1,1738321320,1738321380,long,32.53,32.5746940535848,TAKE_PROFIT_HARD,223.47
L1,1738321560,1738321800,long,32.53,32.5746940535848,TAKE_PROFIT_HARD,223.47
L1,1738321920,1738322100,long,32.525,32.509823749660995,STOP_LOSS_HARD,-75.88
L1,1738322160,1738322160,long,32.5,32.484823749661,STOP_LOSS_HARD,-75.88
L1,1738336320,1738336320,short,32.19,32.1453059464152,TAKE_PROFIT_HARD,223.47
L1,1738528560,1738529340,short,32.05,32.0053059464152,TAKE_PROFIT_HARD,223.47
L1,1738530240,1738530240,long,31.92,31.904823749661002,STOP_LOSS_HARD,-75.88
L1,1738533240,1738533360,short,31.755,31.770176250339,STOP_LOSS_HARD,-75.88
L1,1738548120,1738548600,short,32.05,32.0053059464152,TAKE_PROFIT_HARD,223.47
L1,1738550160,1738550340,long,31.94,31.9846940535848,TAKE_PROFIT_HARD,223.47
L1,1738550880,1738551120,long,31.94,31.924823749661,STOP_LOSS_HARD,-75.88
L1,1738552920,1738552920,short,32.06,32.075176250339005,STOP_LOSS_HARD,-75.88
L1,1738554120,1738554120,long,32.065,32.049823749660995,STOP_LOSS_HARD,-75.88
L1,1738555800,1738556580,short,32.035,32.050176250339,STOP_LOSS_HARD,-75.88
L1,1738558680,1738558860,long,32.07,32.054823749661,STOP_LOSS_HARD,-75.88
L1,1738562520,1738562940,short,32.195,32.210176250339,STOP_LOSS_HARD,-75.88
L1,1738565160,1738565820,short,32.195,32.210176250339,STOP_LOSS_HARD,-75.88
L1,1738572120,1738572360,short,32.225,32.240176250339005,STOP_LOSS_HARD,-75.88
L1,1738580040,1738580040,short,32.235,32.250176250339,STOP_LOSS_HARD,-75.88
L1,1738728480,1738729440,long,33.07,33.115,TAKE_PROFIT_HARD,225.0
L1,1738836360,1738836360,short,32.215,32.23017625033901,STOP_LOSS_HARD,-75.88
L1,1738925400,1738925400,long,33.08,33.064823749660995,STOP_LOSS_HARD,-75.88
L1,1739124240,1739124300,short,32.115,32.130176250339005,STOP_LOSS_HARD,-75.88
L1,1739263320,1739263320,long,31.865,31.909694053584797,TAKE_PROFIT_HARD,223.47
L1,1739264160,1739264280,short,31.93,31.945176250339,STOP_LOSS_HARD,-75.88
L1,1739264400,1739264460,short,31.96,31.975176250339,STOP_LOSS_HARD,-75.88
L1,1739268360,1739268360,short,32.15,32.165176250339,STOP_LOSS_HARD,-75.88
L1,1739414040,1739414160,short,32.93,32.945176250339,STOP_LOSS_HARD,-75.88
L1,1739414760,1739414760,short,32.93,32.945176250339,STOP_LOSS_HARD,-75.88
L1,1739414880,1739415420,short,32.97,32.9253059464152,TAKE_PROFIT_HARD,223.47
L1,1739421240,1739422080,long,32.795,32.84,TAKE_PROFIT_HARD,225.0
L1,1739429280,1739429280,long,32.8,32.784823749660994,STOP_LOSS_HARD,-75.88
L1,1739430240,1739430420,long,32.8,32.784823749660994,STOP_LOSS_HARD,-75.88
L1,1739433240,1739433600,long,32.805,32.789823749661,STOP_LOSS_HARD,-75.88
L1,1739434920,1739435280,long,32.795,32.779823749661,STOP_LOSS_HARD,-75.88
L1,1739435520,1739435520,long,32.71,32.7546940535848,TAKE_PROFIT_HARD,223.47
L1,1739435760,1739435820,long,32.76,32.744823749660995,STOP_LOSS_HARD,-75.88
L1,1739460120,1739460240,short,32.94,32.96,STOP_LOSS_HARD,-100.0
L1,1739493960,1739493960,short,33.42,33.435176250339005,STOP_LOSS_HARD,-75.88
L1,1739497440,1739497500,short,33.825,33.780305946415204,TAKE_PROFIT_HARD,223.47
L1,1739497680,1739497680,short,33.805,33.820176250339,STOP_LOSS_HARD,-75.88
L1,1739502360,1739502360,short,33.805,33.820176250339,STOP_LOSS_HARD,-75.88
L1,1739511600,1739511780,long,34.115,34.099823749661,STOP_LOSS_HARD,-75.88
L1,1739522400,1739522400,long,34.065,34.049823749660995,STOP_LOSS_HARD,-75.88
L1,1739524200,1739524260,long,33.54,33.524823749660996,STOP_LOSS_HARD,-75.88
L1,1739524920,1739524920,short,33.84,33.85517625033901,STOP_LOSS_HARD,-75.88
L1,1739526240,1739526240,short,33.89,33.8453059464152,TAKE_PROFIT_HARD,223.47
L1,1739526600,1739526960,short,33.885,33.900176250339,STOP_LOSS_HARD,-75.88
L1,1739528280,1739528280,long,33.59,33.574823749661,STOP_LOSS_HARD,-75.88
L1,1739531040,1739531100,long,33.1,33.084823749661,STOP_LOSS_HARD,-75.88
L1,1739531400,1739531580,long,33.14,33.124823749661,STOP_LOSS_HARD,-75.88
L1,1739531640,1739531640,long,33.115,33.099823749661,STOP_LOSS_HARD,-75.88
L1,1739532840,1739532840,short,32.935,32.950176250339005,STOP_LOSS_HARD,-75.88
L1,1739533200,1739533260,short,32.935,32.950176250339005,STOP_LOSS_HARD,-75.88
L1,1739539920,1739540100,long,32.755,32.739823749661,STOP_LOSS_HARD,-75.88
L1,1739541840,1739543220,long,32.795,32.779823749661,STOP_LOSS_HARD,-75.88
L1,1739877840,1739877900,short,33.445,33.4003059464152,TAKE_PROFIT_HARD,223.47
L1,1739880000,1739880000,short,33.44,33.455176250339,STOP_LOSS_HARD,-75.88
L1,1739886960,1739886960,short,33.45,33.465176250339006,STOP_LOSS_HARD,-75.88
L1,1739887320,1739887620,short,33.44,33.3953059464152,TAKE_PROFIT_HARD,223.47
L1,1739892120,1739893620,short,33.44,33.3953059464152,TAKE_PROFIT_HARD,223.47
L1,1739894640,1739897100,short,33.44,33.445,END_OF_DAY,-25.0
L1,1739906760,1739906820,short,33.44,33.455176250339,STOP_LOSS_HARD,-75.88
L1,1739910240,1739910600,long,33.305,33.289823749661,STOP_LOSS_HARD,-75.88
L1,1739934840,1739934900,short,33.445,33.460176250339,STOP_LOSS_HARD,-75.88
L1,1739949120,1739949300,short,33.44,33.46,STOP_LOSS_HARD,-100.0
L1,1739949600,1739951160,short,33.445,33.4003059464152,TAKE_PROFIT_HARD,223.47
L1,1739953320,1739953440,short,33.465,33.420305946415205,TAKE_PROFIT_HARD,223.47
L1,1739953560,1739953560,short,33.475,33.490176250339005,STOP_LOSS_HARD,-75.88
L1,1740015120,1740015360,short,33.44,33.395,TAKE_PROFIT_HARD,225.0
L1,1740018480,1740018660,short,33.46,33.475176250339004,STOP_LOSS_HARD,-75.88
L1,1740034200,1740034260,long,33.58,33.6246940535848,TAKE_PROFIT_HARD,223.47
L1,1740036240,1740036240,long,33.59,33.574823749661,STOP_LOSS_HARD,-75.88
L1,1740040920,1740040920,long,33.585,33.569823749661,STOP_LOSS_HARD,-75.88
L1,1740043080,1740043260,short,33.44,33.3953059464152,TAKE_PROFIT_HARD,223.47
L1,1740046080,1740046080,short,33.485,33.4403059464152,TAKE_PROFIT_HARD,223.47
L1,1740047040,1740047040,short,33.465,33.48017625033901,STOP_LOSS_HARD,-75.88
L1,1740048240,1740048360,short,33.44,33.455176250339,STOP_LOSS_HARD,-75.88
L1,1740048840,1740049260,short,33.44,33.3953059464152,TAKE_PROFIT_HARD,223.47
L1,1740049920,1740050520,short,33.465,33.48017625033901,STOP_LOSS_HARD,-75.88
L1,1740054120,1740054360,short,33.44,33.455176250339,STOP_LOSS_HARD,-75.88
L1,1740076440,1740079260,short,33.45,33.405305946415204,TAKE_PROFIT_HARD,223.47
L1,1740084600,1740084600,long,33.315,33.299823749660995,STOP_LOSS_HARD,-75.88
L1,1740085080,1740085080,long,33.315,33.299823749660995,STOP_LOSS_HARD,-75.88
L1,1740086400,1740086880,short,33.445,33.4,TAKE_PROFIT_HARD,225.0
L1,1740088560,1740088620,short,33.46,33.475176250339004,STOP_LOSS_HARD,-75.88
L1,1740091560,1740091860,long,33.31,33.294823749661,STOP_LOSS_HARD,-75.88
L1,1740092760,1740092820,long,33.315,33.295,STOP_LOSS_HARD,-100.0
L1,1740092880,1740094680,long,33.29,33.275,STOP_LOSS_SOFT,-75.0
L1,1740099600,1740099780,long,33.275,33.25,STOP_LOSS_HARD,-125.0
L1,1740127800,1740127860,long,33.31,33.3546940535848,TAKE_PROFIT_HARD,223.47
L1,1740129600,1740129600,short,33.445,33.460176250339,STOP_LOSS_HARD,-75.88
L1,1740129960,1740130200,short,33.44,33.3953059464152,TAKE_PROFIT_HARD,223.47
L1,1740131520,1740131520,long,33.29,33.274823749660996,STOP_LOSS_HARD,-75.88
L1,1740391680,1740391740,long,32.45,32.434823749661,STOP_LOSS_HARD,-75.88
L1,1740391800,1740391800,long,32.435,32.4796940535848,TAKE_PROFIT_HARD,223.47
L1,1740392040,1740392040,short,32.59,32.60517625033901,STOP_LOSS_HARD,-75.88
L1,1740392760,1740392760,long,32.455,32.439823749660995,STOP_LOSS_HARD,-75.88
L1,1740393480,1740393600,long,32.455,32.4996940535848,TAKE_PROFIT_HARD,223.47
L1,1740395280,1740395340,short,32.63,32.585305946415204,TAKE_PROFIT_HARD,223.47
L1,1740395520,1740395820,short,32.63,32.585305946415204,TAKE_PROFIT_HARD,223.47
L1,1740396360,1740396720,short,32.6,32.615176250339005,STOP_LOSS_HARD,-75.88
L1,1740397560,1740397620,short,32.625,32.5803059464152,TAKE_PROFIT_HARD,223.47
L1,1740397920,1740398640,short,32.59,32.61,STOP_LOSS_HARD,-100.0
L1,1740398880,1740399120,short,32.6,32.5553059464152,TAKE_PROFIT_HARD,223.47
L1,1740399360,1740399660,short,32.595,32.610176250339,STOP_LOSS_HARD,-75.88
L1,1740449400,1740449460,short,32.61,32.625176250339,STOP_LOSS_HARD,-75.88
L1,1740451920,1740451920,long,32.455,32.439823749660995,STOP_LOSS_HARD,-75.88
L1,1740452040,1740452280,long,32.44,32.42,STOP_LOSS_HARD,-100.0
L1,1740454440,1740454680,long,32.455,32.4996940535848,TAKE_PROFIT_HARD,223.47
L1,1740460800,1740460920,short,32.59,32.545305946415205,TAKE_PROFIT_HARD,223.47
L1,1740461520,1740461880,short,32.595,32.5503059464152,TAKE_PROFIT_HARD,223.47
L1,1740476040,1740476040,long,32.45,32.434823749661,STOP_LOSS_HARD,-75.88
L1,1740476520,1740476520,long,32.45,32.4946940535848,TAKE_PROFIT_HARD,223.47
L1,1740476760,1740476760,long,32.445,32.429823749661,STOP_LOSS_HARD,-75.88
L1,1740476880,1740476880,long,32.415,32.4596940535848,TAKE_PROFIT_HARD,223.47
L1,1740481200,1740481200,long,31.855,31.839823749661,STOP_LOSS_HARD,-75.88
L1,1740499800,1740499800,short,32.065,32.080176250339,STOP_LOSS_HARD,-75.88
L1,1740499920,1740500100,short,32.085,32.100176250339004,STOP_LOSS_HARD,-75.88
L1,1740500160,1740500820,short,32.105,32.06,TAKE_PROFIT_HARD,225.0
L1,1740501360,1740501420,short,32.065,32.080176250339,STOP_LOSS_HARD,-75.88
L1,1740543360,1740543360,long,32.455,32.439823749660995,STOP_LOSS_HARD,-75.88
L1,1740547320,1740547320,long,32.45,32.434823749661,STOP_LOSS_HARD,-75.88
L1,1740573960,1740574320,short,32.59,32.545305946415205,TAKE_PROFIT_HARD,223.47
L1,1740578040,1740578040,long,32.445,32.429823749661,STOP_LOSS_HARD,-75.88
L1,1740579960,1740580200,long,32.46,32.435,STOP_LOSS_HARD,-125.0
L1,1740581280,1740581340,long,32.455,32.439823749660995,STOP_LOSS_HARD,-75.88
L1,1740606000,1740606420,long,32.455,32.435,STOP_LOSS_HARD,-100.0
L1,1740645000,1740645000,long,32.45,32.434823749661,STOP_LOSS_HARD,-75.88
L1,1740646440,1740646440,long,32.44,32.424823749660995,STOP_LOSS_HARD,-75.88
L1,1740647160,1740647220,long,32.415,32.399823749660996,STOP_LOSS_HARD,-75.88
L1,1740651600,1740651600,short,32.07,32.085176250339,STOP_LOSS_HARD,-75.88
L1,1740651720,1740651720,short,32.115,32.130176250339005,STOP_LOSS_HARD,-75.88
L1,1740654720,1740654900,short,32.08,32.0353059464152,TAKE_PROFIT_HARD,223.47
L1,1740655200,1740655440,short,32.07,32.0253059464152,TAKE_PROFIT_HARD,223.47
L1,1740657840,1740658560,short,32.08,32.0353059464152,TAKE_PROFIT_HARD,223.47
L1,1740658920,1740658920,short,32.065,32.080176250339,STOP_LOSS_HARD,-75.88
L1,1740659160,1740659760,short,32.105,32.0603059464152,TAKE_PROFIT_HARD,223.47
L1,1740660000,1740660600,short,32.08,32.0353059464152,TAKE_PROFIT_HARD,223.47
L1,1740660840,1740661620,short,32.08,32.095176250339,STOP_LOSS_HARD,-75.88
L1,1740661680,1740661860,short,32.095,32.110176250339,STOP_LOSS_HARD,-75.88
L1,1740661920,1740661980,short,32.13,32.145176250339006,STOP_LOSS_HARD,-75.88
L1,1740662520,1740662640,short,32.11,32.125176250339,STOP_LOSS_HARD,-75.88
L1,1740663600,1740664200,short,32.1,32.0553059464152,TAKE_PROFIT_HARD,223.47
L1,1740664680,1740665580,short,32.105,32.0603059464152,TAKE_PROFIT_HARD,223.47
L1,1740667680,1740667920,long,31.87,31.9146940535848,TAKE_PROFIT_HARD,223.47
L1,1740668520,1740668520,long,31.87,31.854823749661,STOP_LOSS_HARD,-75.88
L1,1740691800,1740692280,long,31.885,31.869823749661002,STOP_LOSS_HARD,-75.88
L1,1740693240,1740693300,long,31.875,31.855,STOP_LOSS_HARD,-100.0
L1,1740694680,1740694860,long,31.88,31.864823749661,STOP_LOSS_HARD,-75.88
L1,1740694920,1740694980,long,31.86,31.844823749661,STOP_LOSS_HARD,-75.88
L1,1740712560,1740712560,long,31.59,31.574823749661,STOP_LOSS_HARD,-75.88
L1,1740713520,1740713820,long,31.62,31.6646940535848,TAKE_PROFIT_HARD,223.47
L1,1740714240,1740714240,long,31.59,31.574823749661,STOP_LOSS_HARD,-75.88
L1,1740719760,1740720900,long,31.62,31.6646940535848,TAKE_PROFIT_HARD,223.47
L1,1740728400,1740729060,long,31.62,31.6646940535848,TAKE_PROFIT_HARD,223.47
L1,1740733200,1740733260,long,31.575,31.559823749661,STOP_LOSS_HARD,-75.88
L1,1740734640,1740734700,long,31.62,31.604823749661,STOP_LOSS_HARD,-75.88
L1,1740739080,1740739080,long,31.6,31.584823749661002,STOP_LOSS_HARD,-75.88
L1,1740742080,1740742080,long,31.615,31.599823749661,STOP_LOSS_HARD,-75.88
L1,1740743880,1740743880,long,31.615,31.599823749661,STOP_LOSS_HARD,-75.88
L1,1740746520,1740746520,long,31.605,31.589823749661,STOP_LOSS_HARD,-75.88
L1,1740993120,1740993120,long,32.32,32.304823749661,STOP_LOSS_HARD,-75.88
L1,1740993720,1740994020,long,32.32,32.304823749661,STOP_LOSS_HARD,-75.88
L1,1740996480,1740996480,long,32.29,32.274823749660996,STOP_LOSS_HARD,-75.88
L1,1740996840,1740997020,long,32.3,32.344694053584796,TAKE_PROFIT_HARD,223.47
L1,1740997800,1740997800,short,32.455,32.470176250339,STOP_LOSS_HARD,-75.88
L1,1740998280,1740998340,long,32.32,32.304823749661,STOP_LOSS_HARD,-75.88
L1,1741007160,1741007400,long,32.315,32.299823749660995,STOP_LOSS_HARD,-75.88
L1,1741059600,1741059600,short,32.475,32.4303059464152,TAKE_PROFIT_HARD,223.47
L1,1741063200,1741063200,short,32.46,32.475176250339004,STOP_LOSS_HARD,-75.88
L1,1741063440,1741063440,short,32.48,32.495176250339,STOP_LOSS_HARD,-75.88
L1,1741065840,1741065900,short,32.465,32.420305946415205,TAKE_PROFIT_HARD,223.47
L1,1741067520,1741067520,short,32.46,32.475176250339004,STOP_LOSS_HARD,-75.88
L1,1741068000,1741068540,short,32.46,32.475176250339004,STOP_LOSS_HARD,-75.88
L1,1741069440,1741070340,short,32.455,32.470176250339,STOP_LOSS_HARD,-75.88
L1,1741076760,1741076820,short,32.475,32.4303059464152,TAKE_PROFIT_HARD,223.47
L1,1741077120,1741077120,short,32.465,32.48017625033901,STOP_LOSS_HARD,-75.88
L1,1741077360,1741077780,short,32.465,32.420305946415205,TAKE_PROFIT_HARD,223.47
L1,1741078920,1741078920,short,32.455,32.470176250339,STOP_LOSS_HARD,-75.88
L1,1741079040,1741079040,short,32.465,32.48017625033901,STOP_LOSS_HARD,-75.88
L1,1741080480,1741080540,short,32.455,32.470176250339,STOP_LOSS_HARD,-75.88
L1,1741080600,1741080600,short,32.47,32.485176250339,STOP_LOSS_HARD,-75.88
L1,1741081440,1741081440,long,32.27,32.3146940535848,TAKE_PROFIT_HARD,223.47
L1,1741082040,1741082160,long,32.295,32.275,STOP_LOSS_HARD,-100.0
L1,1741089600,1741089780,long,32.31,32.3546940535848,TAKE_PROFIT_HARD,223.47
L1,1741090680,1741091640,long,32.33,32.375,TAKE_PROFIT_HARD,225.0
L1,1741103640,1741103640,short,32.485,32.500176250339,STOP_LOSS_HARD,-75.88
L1,1741120200,1741120200,short,32.46,32.475176250339004,STOP_LOSS_HARD,-75.88
L1,1741120560,1741120920,short,32.48,32.495176250339,STOP_LOSS_HARD,-75.88
L1,1741122240,1741122420,short,32.455,32.470176250339,STOP_LOSS_HARD,-75.88
L1,1741122480,1741122480,short,32.475,32.490176250339005,STOP_LOSS_HARD,-75.88
L1,1741124400,1741125420,short,32.475,32.4303059464152,TAKE_PROFIT_HARD,223.47
L1,1741142640,1741143000,long,32.81,32.794823749661,STOP_LOSS_HARD,-75.88
L1,1741145280,1741145340,short,32.905,32.920176250339004,STOP_LOSS_HARD,-75.88
L1,1741145640,1741145880,short,32.925,32.940176250339,STOP_LOSS_HARD,-75.88
L1,1741154280,1741154460,long,32.825,32.88,TAKE_PROFIT_HARD,275.0
L1,1741155600,1741156440,long,32.825,32.809823749661,STOP_LOSS_HARD,-75.88
L1,1741156680,1741156740,long,32.81,32.8546940535848,TAKE_PROFIT_HARD,223.47
L1,1741165200,1741165200,long,32.66,32.64482374966099,STOP_LOSS_HARD,-75.88
L1,1741165320,1741165320,long,32.65,32.6946940535848,TAKE_PROFIT_HARD,223.47
L1,1741165800,1741165800,long,32.605,32.649694053584795,TAKE_PROFIT_HARD,223.47
L1,1741168680,1741168740,short,32.91,32.925176250339,STOP_LOSS_HARD,-75.88
L1,1741169280,1741169340,short,33.05,33.0053059464152,TAKE_PROFIT_HARD,223.47
L1,1741170240,1741170240,short,33.03,32.9853059464152,TAKE_PROFIT_HARD,223.47
L1,1741170720,1741170720,short,33.05,33.065176250339,STOP_LOSS_HARD,-75.88
L1,1741171560,1741171980,short,33.04,33.055176250339,STOP_LOSS_HARD,-75.88
L1,1741172040,1741172220,short,33.04,33.055176250339,STOP_LOSS_HARD,-75.88
L1,1741172280,1741172340,short,33.07,33.0253059464152,TAKE_PROFIT_HARD,223.47
L1,1741172640,1741172700,short,33.03,33.045176250339004,STOP_LOSS_HARD,-75.88
L1,1741176360,1741176600,short,33.05,33.0053059464152,TAKE_PROFIT_HARD,223.47
L1,1741176840,1741177200,short,33.06,33.075176250339005,STOP_LOSS_HARD,-75.88
L1,1741179000,1741179060,short,33.06,33.075176250339005,STOP_LOSS_HARD,-75.88
L1,1741180200,1741180200,short,33.07,33.085176250339,STOP_LOSS_HARD,-75.88
L1,1741238160,1741238220,short,32.915,32.930176250339,STOP_LOSS_HARD,-75.88
L1,1741239480,1741239600,short,33.03,32.9853059464152,TAKE_PROFIT_HARD,223.47
L1,1741243440,1741245900,short,33.035,33.055,STOP_LOSS_HARD,-100.0
L1,1741250040,1741250040,short,32.945,32.960176250339,STOP_LOSS_HARD,-75.88
L1,1741251840,1741251840,short,33.035,33.050176250339,STOP_LOSS_HARD,-75.88
L1,1741252080,1741252260,short,33.065,33.0203059464152,TAKE_PROFIT_HARD,223.47
L1,1741252680,1741253040,short,33.03,32.9853059464152,TAKE_PROFIT_HARD,223.47
L1,1741267800,1741268520,long,33.3,33.284823749660994,STOP_LOSS_HARD,-75.88
L1,1741336920,1741336920,short,33.085,33.100176250339004,STOP_LOSS_HARD,-75.88
L1,1741339320,1741339440,long,32.82,32.8646940535848,TAKE_PROFIT_HARD,223.47
L1,1741344840,1741344840,long,32.81,32.8546940535848,TAKE_PROFIT_HARD,223.47
L1,1741346040,1741346220,long,32.82,32.804823749661,STOP_LOSS_HARD,-75.88
L1,1741350600,1741350720,short,32.69,32.705176250339,STOP_LOSS_HARD,-75.88
L1,1741549560,1741550460,short,33.03,32.9853059464152,TAKE_PROFIT_HARD,223.47
L1,1741550880,1741551960,short,33.055,33.0103059464152,TAKE_PROFIT_HARD,223.47
L1,1741552440,1741554060,short,33.04,33.055176250339,STOP_LOSS_HARD,-75.88
L1,1741554120,1741554120,short,33.06,33.075176250339005,STOP_LOSS_HARD,-75.88
L1,1741555920,1741556040,short,33.07,33.085176250339,STOP_LOSS_HARD,-75.88
L1,1741576200,1741576260,short,33.035,33.050176250339,STOP_LOSS_HARD,-75.88
L1,1741584360,1741584420,short,33.03,33.045176250339004,STOP_LOSS_HARD,-75.88
L1,1741584720,1741584960,short,33.03,33.045176250339004,STOP_LOSS_HARD,-75.88
L1,1741586760,1741587240,short,33.035,33.050176250339,STOP_LOSS_HARD,-75.88
L1,1741603200,1741603500,short,32.685,32.640305946415204,TAKE_PROFIT_HARD,223.47
L1,1741604520,1741604520,short,32.695,32.710176250339,STOP_LOSS_HARD,-75.88
L1,1741610760,1741610820,long,32.535,32.51982374966099,STOP_LOSS_HARD,-75.88
L1,1741649280,1741651380,long,32.55,32.534823749660994,STOP_LOSS_HARD,-75.88
L1,1741659120,1741659180,long,32.55,32.53,STOP_LOSS_HARD,-100.0
L1,1741659600,1741659660,long,32.545,32.5896940535848,TAKE_PROFIT_HARD,223.47
L1,1741723440,1741723740,long,33.32,33.304823749661,STOP_LOSS_HARD,-75.88
L1,1741736640,1741737000,long,33.325,33.309823749661,STOP_LOSS_HARD,-75.88
L1,1741745640,1741745700,long,33.33,33.314823749660995,STOP_LOSS_HARD,-75.88
L1,1741769040,1741769100,short,33.73,33.6853059464152,TAKE_PROFIT_HARD,223.47
L1,1741769520,1741769520,short,33.715,33.73017625033901,STOP_LOSS_HARD,-75.88
L1,1741769640,1741769700,short,33.73,33.745176250339,STOP_LOSS_HARD,-75.88
L1,1741770120,1741770180,long,33.575,33.6196940535848,TAKE_PROFIT_HARD,223.47
L1,1741770480,1741770480,long,33.55,33.534823749660994,STOP_LOSS_HARD,-75.88
L1,1741774080,1741774200,long,33.56,33.544823749661,STOP_LOSS_HARD,-75.88
L1,1741778520,1741778820,long,33.555,33.5996940535848,TAKE_PROFIT_HARD,223.47
L1,1741779000,1741779120,long,33.575,33.559823749661,STOP_LOSS_HARD,-75.88
L1,1741782480,1741782660,short,33.735,33.6903059464152,TAKE_PROFIT_HARD,223.47
L1,1741785120,1741785120,short,33.71,33.725176250339004,STOP_LOSS_HARD,-75.88
L1,1741816440,1741816560,short,33.725,33.745,STOP_LOSS_HARD,-100.0
L1,1741829400,1741830720,long,33.57,33.55,STOP_LOSS_HARD,-100.0
L1,1741836000,1741836300,long,33.565,33.549823749660995,STOP_LOSS_HARD,-75.88
L1,1741843680,1741843740,long,33.585,33.6296940535848,TAKE_PROFIT_HARD,223.47
L1,1741850640,1741850700,short,33.715,33.73017625033901,STOP_LOSS_HARD,-75.88
L1,1741852920,1741853100,short,33.715,33.73017625033901,STOP_LOSS_HARD,-75.88
L1,1741853160,1741853400,short,33.735,33.6903059464152,TAKE_PROFIT_HARD,223.47
L1,1741856280,1741856280,long,33.585,33.569823749661,STOP_LOSS_HARD,-75.88
L1,1741856400,1741856400,long,33.56,33.544823749661,STOP_LOSS_HARD,-75.88
L1,1741856880,1741857420,long,33.565,33.609694053584796,TAKE_PROFIT_HARD,223.47
L1,1741859520,1741859520,short,33.715,33.670305946415205,TAKE_PROFIT_HARD,223.47
L1,1741859760,1741859820,short,33.715,33.670305946415205,TAKE_PROFIT_HARD,223.47
L1,1741860120,1741860180,short,33.715,33.73017625033901,STOP_LOSS_HARD,-75.88
L1,1741860240,1741860300,short,33.74,33.755176250339005,STOP_LOSS_HARD,-75.88
L1,1741864440,1741864800,short,34.215,34.170305946415205,TAKE_PROFIT_HARD,223.47
L1,1741864920,1741865040,short,34.22,34.235176250339,STOP_LOSS_HARD,-75.88
L1,1742202120,1742202120,short,34.17,34.185176250339005,STOP_LOSS_HARD,-75.88
L1,1742202720,1742202720,short,34.145,34.160176250339006,STOP_LOSS_HARD,-75.88
L1,1742203800,1742203800,long,33.97,34.0146940535848,TAKE_PROFIT_HARD,223.47
L1,1742204640,1742204640,short,34.15,34.165176250339,STOP_LOSS_HARD,-75.88
L1,1742448960,1742449020,short,34.14,34.155176250339004,STOP_LOSS_HARD,-75.88
L1,1742451360,1742451360,long,33.99,33.974823749661,STOP_LOSS_HARD,-75.88
L1,1742456400,1742456400,short,33.885,33.900176250339,STOP_LOSS_HARD,-75.88
L1,1742456640,1742457000,short,33.895,33.910176250339006,STOP_LOSS_HARD,-75.88
L1,1742463240,1742463240,short,33.915,33.930176250339,STOP_LOSS_HARD,-75.88
L1,1742463600,1742463660,short,33.915,33.8703059464152,TAKE_PROFIT_HARD,223.47
L1,1742464920,1742464920,short,33.955,33.970176250339,STOP_LOSS_HARD,-75.88
L1,1742469960,1742470260,long,33.985,33.965,STOP_LOSS_HARD,-100.0
L1,1742470320,1742470380,long,33.965,33.949823749661,STOP_LOSS_HARD,-75.88
L1,1742471520,1742471640,long,33.995,34.039694053584796,TAKE_PROFIT_HARD,223.47
L1,1742476080,1742476260,long,33.995,33.979823749660994,STOP_LOSS_HARD,-75.88
L1,1742551560,1742551560,long,33.275,33.259823749660995,STOP_LOSS_HARD,-75.88
L1,1742885520,1742887020,short,33.88,33.895176250339006,STOP_LOSS_HARD,-75.88
L1,1742896320,1742896320,short,34.33,34.345176250339,STOP_LOSS_HARD,-75.88
L1,1742898480,1742898600,long,34.19,34.174823749660995,STOP_LOSS_HARD,-75.88
L1,1742901240,1742901360,long,34.17,34.154823749661,STOP_LOSS_HARD,-75.88
L1,1742902320,1742903700,long,34.16,34.204694053584795,TAKE_PROFIT_HARD,223.47
L1,1742939280,1742939820,short,34.32,34.335176250339,STOP_LOSS_HARD,-75.88
L1,1742939880,1742940060,short,34.345,34.3003059464152,TAKE_PROFIT_HARD,223.47
L1,1742943600,1742944320,short,34.32,34.2753059464152,TAKE_PROFIT_HARD,223.47
L1,1742962560,1742962560,long,34.19,34.174823749660995,STOP_LOSS_HARD,-75.88
L1,1742974800,1742975100,short,34.325,34.340176250339006,STOP_LOSS_HARD,-75.88
L1,1742975160,1742976360,short,34.34,34.295305946415205,TAKE_PROFIT_HARD,223.47
L1,1742981520,1742981520,short,34.34,34.35517625033901,STOP_LOSS_HARD,-75.88
L1,1742982960,1742982960,long,34.19,34.174823749660995,STOP_LOSS_HARD,-75.88
L1,1742984400,1742984400,long,34.18,34.164823749661,STOP_LOSS_HARD,-75.88
L1,1742990040,1742990160,long,34.185,34.169823749661,STOP_LOSS_HARD,-75.88
L1,1742990640,1742991840,long,34.18,34.2246940535848,TAKE_PROFIT_HARD,223.47
L1,1742997240,1742997540,long,34.185,34.2296940535848,TAKE_PROFIT_HARD,223.47
L1,1743000480,1743000540,long,34.19,34.175,STOP_LOSS_SOFT,-75.0
L1,1743012960,1743015900,long,34.165,34.149823749660996,STOP_LOSS_HARD,-75.88
L1,1743029040,1743029040,short,34.33,34.345176250339,STOP_LOSS_HARD,-75.88
L1,1743030240,1743033180,short,34.325,34.340176250339006,STOP_LOSS_HARD,-75.88
L1,1743038160,1743038280,short,34.33,34.345176250339,STOP_LOSS_HARD,-75.88
L1,1743042120,1743042960,short,34.325,34.280305946415204,TAKE_PROFIT_HARD,223.47
L1,1743044760,1743045960,short,34.335,34.2903059464152,TAKE_PROFIT_HARD,223.47
L1,1743048600,1743048660,short,34.345,34.3003059464152,TAKE_PROFIT_HARD,223.47
L1,1743062040,1743062400,short,34.8,34.815176250339,STOP_LOSS_HARD,-75.88
L1,1743062760,1743062820,short,34.81,34.825176250339005,STOP_LOSS_HARD,-75.88
L1,1743062880,1743063000,short,34.83,34.845176250339,STOP_LOSS_HARD,-75.88
L1,1743063600,1743063780,short,34.8,34.7553059464152,TAKE_PROFIT_HARD,223.47
L1,1743064800,1743064800,short,34.81,34.765305946415204,TAKE_PROFIT_HARD,223.47
L1,1743066000,1743066000,short,34.805,34.7603059464152,TAKE_PROFIT_HARD,223.47
L1,1743067320,1743067320,long,34.54,34.524823749660996,STOP_LOSS_HARD,-75.88
L1,1743068040,1743068040,long,34.52,34.504823749661,STOP_LOSS_HARD,-75.88
L1,1743068880,1743068880,long,34.53,34.514823749661,STOP_LOSS_HARD,-75.88
L1,1743157560,1743157560,long,35.2,35.184823749661,STOP_LOSS_HARD,-75.88
L1,1743159960,1743159960,short,34.83,34.845176250339,STOP_LOSS_HARD,-75.88
L1,1743177000,1743179220,short,34.805,34.820176250339,STOP_LOSS_HARD,-75.88
L1,1743413760,1743413760,long,34.335,34.3796940535848,TAKE_PROFIT_HARD,223.47
L1,1743414000,1743414000,long,34.365,34.349823749661,STOP_LOSS_HARD,-75.88
L1,1743415320,1743415380,short,34.59,34.60517625033901,STOP_LOSS_HARD,-75.88
L1,1743417240,1743417240,short,34.565,34.580176250339,STOP_LOSS_HARD,-75.88
L1,1743423600,1743424080,short,34.55,34.565176250339,STOP_LOSS_HARD,-75.88
L1,1743502560,1743502560,long,34.365,34.4096940535848,TAKE_PROFIT_HARD,223.47
L1,1743502920,1743503040,long,34.385,34.4296940535848,TAKE_PROFIT_HARD,223.47
L1,1743503640,1743503700,short,34.55,34.575,STOP_LOSS_HARD,-125.0
L1,1743508440,1743508440,long,34.375,34.359823749661,STOP_LOSS_HARD,-75.88
L1,1743514200,1743514260,short,34.33,34.345176250339,STOP_LOSS_HARD,-75.88
L1,1743516360,1743516660,short,34.33,34.2853059464152,TAKE_PROFIT_HARD,223.47
L1,1743521160,1743521580,short,34.335,34.350176250339004,STOP_LOSS_HARD,-75.88
L1,1743530520,1743531000,short,34.38,34.4,STOP_LOSS_HARD,-100.0
L1,1743531720,1743532620,short,34.38,34.4,STOP_LOSS_HARD,-100.0
L1,1743547560,1743547740,short,34.555,34.5103059464152,TAKE_PROFIT_HARD,223.47
L1,1743548880,1743548880,short,34.56,34.575176250339005,STOP_LOSS_HARD,-75.88
L1,1743552840,1743553200,short,34.545,34.560176250339005,STOP_LOSS_HARD,-75.88
L1,1743554880,1743555660,short,34.545,34.560176250339005,STOP_LOSS_HARD,-75.88
L1,1743555720,1743556140,short,34.58,34.5353059464152,TAKE_PROFIT_HARD,223.47
L1,1743559080,1743559440,short,34.545,34.5003059464152,TAKE_PROFIT_HARD,223.47
L1,1743562680,1743562980,long,34.41,34.39,STOP_LOSS_HARD,-100.0
L1,1743564000,1743564060,short,34.385,34.400176250339,STOP_LOSS_HARD,-75.88
L1,1743564240,1743564300,long,34.39,34.374823749661,STOP_LOSS_HARD,-75.88
L1,1743565320,1743565560,short,34.385,34.400176250339,STOP_LOSS_HARD,-75.88
L1,1743582840,1743582960,short,34.555,34.5103059464152,TAKE_PROFIT_HARD,223.47
L1,1743584520,1743584820,short,34.6,34.615176250339005,STOP_LOSS_HARD,-75.88
L1,1743588840,1743588900,short,34.57,34.585176250339,STOP_LOSS_HARD,-75.88
L1,1743626040,1743626040,short,34.005,34.020176250339006,STOP_LOSS_HARD,-75.88
L1,1743631080,1743631080,long,34.135,34.119823749660995,STOP_LOSS_HARD,-75.88
L1,1743631440,1743631440,long,34.14,34.124823749661,STOP_LOSS_HARD,-75.88
L1,1743643680,1743643800,long,33.515,33.5596940535848,TAKE_PROFIT_HARD,223.47
L1,1743649200,1743649200,long,33.46,33.444823749661,STOP_LOSS_HARD,-75.88
L1,1743655440,1743655440,short,33.385,33.400176250339,STOP_LOSS_HARD,-75.88
L1,1743658320,1743658500,short,33.055,33.07,STOP_LOSS_SOFT,-75.0
L1,1743659880,1743659880,long,32.9,32.884823749660995,STOP_LOSS_HARD,-75.88
L1,1743668040,1743668160,short,32.445,32.4003059464152,TAKE_PROFIT_HARD,223.47
L1,1743677520,1743677520,short,32.455,32.470176250339,STOP_LOSS_HARD,-75.88
L1,1743719880,1743719940,long,31.605,31.589823749661,STOP_LOSS_HARD,-75.88
L1,1743720000,1743720000,long,31.595,31.579823749661,STOP_LOSS_HARD,-75.88
L1,1743728040,1743728100,long,31.615,31.599823749661,STOP_LOSS_HARD,-75.88
L1,1743730200,1743730380,short,31.78,31.735,TAKE_PROFIT_HARD,225.0
L1,1743731280,1743731760,short,31.775,31.7303059464152,TAKE_PROFIT_HARD,223.47
L1,1743732720,1743732780,short,31.785,31.7403059464152,TAKE_PROFIT_HARD,223.47
L1,1743734040,1743734160,long,31.605,31.589823749661,STOP_LOSS_HARD,-75.88
L1,1743741000,1743741300,short,31.385,31.400176250339,STOP_LOSS_HARD,-75.88
L1,1743750240,1743750240,short,31.415,31.430176250339,STOP_LOSS_HARD,-75.88
L1,1743762120,1743762120,long,30.15,30.134823749661,STOP_LOSS_HARD,-75.88
L1,1743762360,1743762360,long,30.105,30.1496940535848,TAKE_PROFIT_HARD,223.47
L1,1743773040,1743773040,long,29.14,29.1846940535848,TAKE_PROFIT_HARD,223.47
L1,1743966240,1743966240,long,28.875,28.855,STOP_LOSS_HARD,-100.0
L1,1743968640,1743968640,short,28.55,28.505305946415202,TAKE_PROFIT_HARD,223.47
L1,1743969360,1743969360,short,28.545,28.500305946415203,TAKE_PROFIT_HARD,223.47
L1,1743969720,1743969720,short,28.575,28.590176250339,STOP_LOSS_HARD,-75.88
L1,1743978000,1743978000,long,30.55,30.5946940535848,TAKE_PROFIT_HARD,223.47
L1,1743980040,1743980100,short,30.375,30.390176250339,STOP_LOSS_HARD,-75.88
L1,1743982440,1743982500,long,30.055,30.0996940535848,TAKE_PROFIT_HARD,223.47
L1,1743983040,1743983040,long,30.08,30.064823749661,STOP_LOSS_HARD,-75.88
L1,1743986760,1743986820,short,29.975,29.990176250339,STOP_LOSS_HARD,-75.88
L1,1743987720,1743987840,long,30.095,30.079823749661,STOP_LOSS_HARD,-75.88
L1,1743987960,1743988200,long,29.99,29.974823749661,STOP_LOSS_HARD,-75.88
L1,1743989280,1743989280,long,30.095,30.079823749661,STOP_LOSS_HARD,-75.88
L1,1743991800,1743991920,long,29.765,29.749823749661,STOP_LOSS_HARD,-75.88
L1,1743993840,1743993840,long,29.79,29.774823749661,STOP_LOSS_HARD,-75.88
L1,1743995640,1743995640,long,29.765,29.749823749661,STOP_LOSS_HARD,-75.88
L1,1743995880,1743995880,long,29.755,29.739823749661,STOP_LOSS_HARD,-75.88
L1,1743996480,1743996540,long,29.78,29.764823749661,STOP_LOSS_HARD,-75.88
L1,1743996840,1743996900,short,29.925,29.88,TAKE_PROFIT_HARD,225.0
L1,1743997080,1743997260,short,29.93,29.95,STOP_LOSS_HARD,-100.0
L1,1743997680,1743997680,short,29.965,29.980176250339,STOP_LOSS_HARD,-75.88
L1,1743998520,1743998520,short,29.935,29.950176250339,STOP_LOSS_HARD,-75.88
L1,1744002960,1744003020,long,30.055,30.039823749661,STOP_LOSS_HARD,-75.88
L1,1744007640,1744007640,short,30.365,30.380176250338998,STOP_LOSS_HARD,-75.88
L1,1744007880,1744008000,short,30.38,30.3353059464152,TAKE_PROFIT_HARD,223.47
L1,1744008240,1744008240,short,30.335,30.350176250339,STOP_LOSS_HARD,-75.88
L1,1744008600,1744008600,short,30.335,30.350176250339,STOP_LOSS_HARD,-75.88
L1,1744009440,1744009440,short,30.415,30.430176250339,STOP_LOSS_HARD,-75.88
L1,1744011840,1744011840,short,30.35,30.365176250339,STOP_LOSS_HARD,-75.88
L1,1744013880,1744013880,long,30.035,30.019823749661,STOP_LOSS_HARD,-75.88
L1,1744014720,1744014720,long,30.06,30.044823749661,STOP_LOSS_HARD,-75.88
L1,1744017840,1744017900,long,30.09,30.074823749661,STOP_LOSS_HARD,-75.88
L1,1744017960,1744017960,long,30.065,30.049823749661,STOP_LOSS_HARD,-75.88
L1,1744022160,1744022160,long,30.03,30.014823749661,STOP_LOSS_HARD,-75.88
L1,1744025520,1744025520,short,29.915,29.8703059464152,TAKE_PROFIT_HARD,223.47
L1,1744025880,1744025880,short,29.925,29.940176250339,STOP_LOSS_HARD,-75.88
L1,1744026120,1744026120,short,29.945,29.960176250339,STOP_LOSS_HARD,-75.88
L1,1744026480,1744026480,short,29.91,29.925176250339,STOP_LOSS_HARD,-75.88
L1,1744028280,1744028280,long,29.785,29.769823749661,STOP_LOSS_HARD,-75.88
L1,1744031040,1744031040,long,29.78,29.764823749661,STOP_LOSS_HARD,-75.88
L1,1744032000,1744032000,long,29.79,29.774823749661,STOP_LOSS_HARD,-75.88
L1,1744035000,1744035000,long,29.77,29.814694053584798,TAKE_PROFIT_HARD,223.47
L1,1744036080,1744036080,long,29.775,29.759823749661,STOP_LOSS_HARD,-75.88
L1,1744037400,1744037400,long,29.79,29.774823749661,STOP_LOSS_HARD,-75.88
L1,1744038960,1744038960,long,29.78,29.8246940535848,TAKE_PROFIT_HARD,223.47
L1,1744049640,1744049880,long,30.09,30.074823749661,STOP_LOSS_HARD,-75.88
L1,1744053000,1744053300,long,30.095,30.079823749661,STOP_LOSS_HARD,-75.88
L1,1744056960,1744056960,long,30.09,30.074823749661,STOP_LOSS_HARD,-75.88
L1,1744059960,1744059960,short,29.94,29.895305946415203,TAKE_PROFIT_HARD,223.47
L1,1744060200,1744060200,short,29.96,29.975176250339,STOP_LOSS_HARD,-75.88
L1,1744061280,1744061280,short,29.93,29.8853059464152,TAKE_PROFIT_HARD,223.47
L1,1744066080,1744066500,long,30.1,30.084823749661002,STOP_LOSS_HARD,-75.88
L1,1744074240,1744074240,long,30.07,30.054823749661,STOP_LOSS_HARD,-75.88
L1,1744083480,1744083540,long,30.075,30.059823749661,STOP_LOSS_HARD,-75.88
L1,1744096920,1744097220,short,30.33,30.2853059464152,TAKE_PROFIT_HARD,223.47
L1,1744097880,1744097940,short,30.34,30.2953059464152,TAKE_PROFIT_HARD,223.47
L1,1744098960,1744099200,short,30.36,30.3153059464152,TAKE_PROFIT_HARD,223.47
L1,1744099800,1744099800,short,30.355,30.370176250339,STOP_LOSS_HARD,-75.88
L1,1744104600,1744104600,short,30.355,30.370176250339,STOP_LOSS_HARD,-75.88
L1,1744105200,1744105200,short,30.375,30.3303059464152,TAKE_PROFIT_HARD,223.47
L1,1744105440,1744105440,short,30.38,30.3353059464152,TAKE_PROFIT_HARD,223.47
L1,1744105680,1744105740,short,30.35,30.305,TAKE_PROFIT_HARD,225.0
L1,1744105920,1744105920,short,30.39,30.405176250339,STOP_LOSS_HARD,-75.88
L1,1744107240,1744107300,short,30.375,30.390176250339,STOP_LOSS_HARD,-75.88
L1,1744108800,1744108860,short,30.34,30.2953059464152,TAKE_PROFIT_HARD,223.47
L1,1744110000,1744110000,long,30.105,30.089823749661,STOP_LOSS_HARD,-75.88
L1,1744110360,1744110360,long,30.105,30.089823749661,STOP_LOSS_HARD,-75.88
L1,1744110720,1744110720,long,30.095,30.079823749661,STOP_LOSS_HARD,-75.88
L1,1744112040,1744112280,long,30.085,30.1296940535848,TAKE_PROFIT_HARD,223.47
L1,1744112520,1744112640,long,30.095,30.079823749661,STOP_LOSS_HARD,-75.88
L1,1744118400,1744118400,long,29.78,29.764823749661,STOP_LOSS_HARD,-75.88
L1,1744121760,1744121820,long,29.785,29.8296940535848,TAKE_PROFIT_HARD,223.47
L1,1744124160,1744124160,long,29.775,29.759823749661,STOP_LOSS_HARD,-75.88
L1,1744128120,1744128300,long,29.76,29.8046940535848,TAKE_PROFIT_HARD,223.47
L1,1744128480,1744128780,long,29.775,29.759823749661,STOP_LOSS_HARD,-75.88
L1,1744135320,1744135320,long,29.755,29.739823749661,STOP_LOSS_HARD,-75.88
L1,1744149360,1744149420,long,29.74,29.784694053584797,TAKE_PROFIT_HARD,223.47
L1,1744149840,1744149840,long,29.795,29.779823749661002,STOP_LOSS_HARD,-75.88
L1,1744150200,1744150260,long,29.755,29.8,TAKE_PROFIT_HARD,225.0
L1,1744151280,1744151280,long,29.78,29.8246940535848,TAKE_PROFIT_HARD,223.47
L1,1744151520,1744151940,long,29.79,29.765,STOP_LOSS_HARD,-125.0
L1,1744154400,1744154400,long,29.795,29.779823749661002,STOP_LOSS_HARD,-75.88
L1,1744158360,1744158360,long,29.775,29.759823749661,STOP_LOSS_HARD,-75.88
L1,1744160520,1744160580,long,29.77,29.754823749661,STOP_LOSS_HARD,-75.88
L1,1744164120,1744164420,short,29.925,29.945,STOP_LOSS_HARD,-100.0
L1,1744167720,1744167720,long,30.105,30.1496940535848,TAKE_PROFIT_HARD,223.47
L1,1744169520,1744169700,short,30.36,30.375176250339,STOP_LOSS_HARD,-75.88
L1,1744170600,1744170600,short,30.38,30.3353059464152,TAKE_PROFIT_HARD,223.47
L1,1744171080,1744171140,short,30.35,30.305305946415203,TAKE_PROFIT_HARD,223.47
L1,1744175760,1744176660,short,30.345,30.3003059464152,TAKE_PROFIT_HARD,223.47
L1,1744178040,1744178400,short,30.34,30.29,TAKE_PROFIT_HARD,250.0
L1,1744190280,1744190460,short,30.375,30.390176250339,STOP_LOSS_HARD,-75.88
L1,1744190760,1744190880,short,30.365,30.3203059464152,TAKE_PROFIT_HARD,223.47
L1,1744192200,1744192200,short,30.345,30.360176250339,STOP_LOSS_HARD,-75.88
L1,1744193400,1744193400,short,30.345,30.360176250339,STOP_LOSS_HARD,-75.88
L1,1744193520,1744193520,short,30.375,30.390176250339,STOP_LOSS_HARD,-75.88
L1,1744193760,1744193760,short,30.36,30.375176250339,STOP_LOSS_HARD,-75.88
L1,1744197600,1744197600,short,30.34,30.355176250339,STOP_LOSS_HARD,-75.88
L1,1744200840,1744200840,short,30.33,30.345176250338998,STOP_LOSS_HARD,-75.88
L1,1744201920,1744201980,short,30.35,30.365176250339,STOP_LOSS_HARD,-75.88
L1,1744210440,1744210500,long,30.61,30.654694053584798,TAKE_PROFIT_HARD,223.47
L1,1744243440,1744243680,long,31.095,31.079823749661,STOP_LOSS_HARD,-75.88
L1,1744244880,1744244880,long,31.095,31.079823749661,STOP_LOSS_HARD,-75.88
L1,1744246320,1744246380,long,31.105,31.1496940535848,TAKE_PROFIT_HARD,223.47
L1,1744255320,1744255440,long,31.1,31.084823749661002,STOP_LOSS_HARD,-75.88
L1,1744284600,1744284660,long,31.08,31.064823749661,STOP_LOSS_HARD,-75.88
L1,1744284720,1744284720,long,31.025,31.009823749661,STOP_LOSS_HARD,-75.88
L1,1744298880,1744298880,long,31.07,31.054823749661,STOP_LOSS_HARD,-75.88
L1,1744301640,1744302360,long,31.1,31.084823749661002,STOP_LOSS_HARD,-75.88
L1,1744302840,1744302840,long,31.105,31.089823749661,STOP_LOSS_HARD,-75.88
L1,1744310040,1744310340,long,31.105,31.1496940535848,TAKE_PROFIT_HARD,223.47
L1,1744312560,1744312620,long,31.105,31.085,STOP_LOSS_HARD,-100.0
L1,1744313640,1744313760,long,31.085,31.1296940535848,TAKE_PROFIT_HARD,223.47
L1,1744314360,1744315080,long,31.1,31.1446940535848,TAKE_PROFIT_HARD,223.47
L1,1744317000,1744317060,long,31.105,31.1496940535848,TAKE_PROFIT_HARD,223.47
L1,1744319280,1744319280,long,31.09,31.074823749661,STOP_LOSS_HARD,-75.88
L1,1744319400,1744319580,long,31.045,31.029823749661002,STOP_LOSS_HARD,-75.88
L1,1744339800,1744339800,long,31.245,31.229823749661,STOP_LOSS_HARD,-75.88
L1,1744342560,1744342560,short,31.39,31.405176250339,STOP_LOSS_HARD,-75.88
L1,1744344120,1744344120,long,31.27,31.254823749661,STOP_LOSS_HARD,-75.88
L1,1744344240,1744344240,long,31.195,31.2396940535848,TAKE_PROFIT_HARD,223.47
L1,1744344600,1744344600,short,31.365,31.380176250338998,STOP_LOSS_HARD,-75.88
L1,1744344720,1744344720,short,31.395,31.3503059464152,TAKE_PROFIT_HARD,223.47
L1,1744344840,1744344840,short,31.395,31.410176250339,STOP_LOSS_HARD,-75.88
L1,1744345080,1744345140,short,31.365,31.380176250338998,STOP_LOSS_HARD,-75.88
L1,1744345320,1744345380,short,31.385,31.400176250339,STOP_LOSS_HARD,-75.88
L1,1744345680,1744346040,short,31.39,31.345305946415202,TAKE_PROFIT_HARD,223.47
L1,1744346640,1744346700,short,31.37,31.385176250339,STOP_LOSS_HARD,-75.88
L1,1744348200,1744348200,long,31.265,31.249823749661,STOP_LOSS_HARD,-75.88
L1,1744348560,1744348560,long,31.25,31.234823749661,STOP_LOSS_HARD,-75.88
L1,1744355640,1744355640,short,31.385,31.340305946415203,TAKE_PROFIT_HARD,223.47
L1,1744356960,1744356960,short,31.375,31.390176250339,STOP_LOSS_HARD,-75.88
L1,1744357320,1744357440,short,31.37,31.325305946415202,TAKE_PROFIT_HARD,223.47
L1,1744357680,1744357800,short,31.405,31.420176250339,STOP_LOSS_HARD,-75.88
L1,1744367640,1744367640,short,31.79,31.805176250339,STOP_LOSS_HARD,-75.88
L1,1744369320,1744369320,short,32.07,32.085176250339,STOP_LOSS_HARD,-75.88
L1,1744371600,1744371720,short,31.99,32.005176250339,STOP_LOSS_HARD,-75.88
L1,1744374720,1744374840,short,32.02,31.975305946415205,TAKE_PROFIT_HARD,223.47
L1,1744374960,1744374960,short,31.985,32.000176250339,STOP_LOSS_HARD,-75.88
L1,1744375440,1744375560,short,31.96,31.975176250339,STOP_LOSS_HARD,-75.88
L1,1744376280,1744376280,short,31.81,31.825176250339,STOP_LOSS_HARD,-75.88
L1,1744377840,1744377840,short,31.965,31.9203059464152,TAKE_PROFIT_HARD,223.47
L1,1744378560,1744378560,short,31.95,31.965176250339,STOP_LOSS_HARD,-75.88
L1,1744378680,1744378740,short,31.99,32.005176250339,STOP_LOSS_HARD,-75.88
L1,1744379520,1744379580,short,31.98,31.995176250339,STOP_LOSS_HARD,-75.88
L1,1744379640,1744379760,short,32.01,31.9653059464152,TAKE_PROFIT_HARD,223.47
L1,1744380000,1744380120,short,31.995,32.010176250339,STOP_LOSS_HARD,-75.88
L1,1744381200,1744381200,short,32.03,32.045176250339004,STOP_LOSS_HARD,-75.88
L1,1744578240,1744578240,long,31.805,31.789823749661,STOP_LOSS_HARD,-75.88
L1,1744578720,1744578900,short,31.915,31.8703059464152,TAKE_PROFIT_HARD,223.47
L1,1744579440,1744579500,short,31.935,31.950176250339,STOP_LOSS_HARD,-75.88
L1,1744583760,1744584480,long,31.83,31.874694053584797,TAKE_PROFIT_HARD,223.47
L1,1744589760,1744590540,long,31.835,31.8796940535848,TAKE_PROFIT_HARD,223.47
L1,1744622160,1744622160,long,31.84,31.8846940535848,TAKE_PROFIT_HARD,223.47
L1,1744622520,1744622520,long,31.79,31.834694053584798,TAKE_PROFIT_HARD,223.47
L1,1744623000,1744623000,short,31.905,31.860305946415203,TAKE_PROFIT_HARD,223.47
L1,1744623360,1744623360,long,31.795,31.779823749661002,STOP_LOSS_HARD,-75.88
L1,1744624200,1744624500,short,31.955,31.9103059464152,TAKE_PROFIT_HARD,223.47
L1,1744625280,1744625280,short,31.92,31.935176250339,STOP_LOSS_HARD,-75.88
L1,1744776240,1744776240,short,32.955,32.970176250339,STOP_LOSS_HARD,-75.88
L1,1744776360,1744776420,short,32.965,32.98017625033901,STOP_LOSS_HARD,-75.88
L1,1744778400,1744778400,long,32.87,32.854823749660994,STOP_LOSS_HARD,-75.88
L1,1744778640,1744778760,long,32.87,32.914694053584796,TAKE_PROFIT_HARD,223.47
L1,1744779240,1744779480,short,32.955,32.970176250339,STOP_LOSS_HARD,-75.88
L1,1744779720,1744779780,short,32.96,32.975176250339004,STOP_LOSS_HARD,-75.88
L1,1744779840,1744779900,short,32.985,33.000176250339,STOP_LOSS_HARD,-75.88
L1,1744782720,1744782780,short,32.96,32.975176250339004,STOP_LOSS_HARD,-75.88
L1,1744786680,1744786800,short,32.95,32.965176250339006,STOP_LOSS_HARD,-75.88
L1,1744786920,1744787520,short,32.955,32.9103059464152,TAKE_PROFIT_HARD,223.47
L1,1744789440,1744789440,short,32.945,32.960176250339,STOP_LOSS_HARD,-75.88
L1,1744794960,1744794960,long,32.81,32.794823749661,STOP_LOSS_HARD,-75.88
L1,1744795440,1744795500,long,32.775,32.759823749660995,STOP_LOSS_HARD,-75.88
L1,1744795920,1744795920,long,32.785,32.76982374966099,STOP_LOSS_HARD,-75.88
L1,1744797360,1744797360,short,32.945,32.960176250339,STOP_LOSS_HARD,-75.88
L1,1744797480,1744797540,short,32.97,32.92,TAKE_PROFIT_HARD,250.0
L1,1744797600,1744797600,long,32.9,32.884823749660995,STOP_LOSS_HARD,-75.88
L1,1744797840,1744797840,long,32.915,32.899823749660996,STOP_LOSS_HARD,-75.88
L1,1744798200,1744798200,long,32.8,32.784823749660994,STOP_LOSS_HARD,-75.88
L1,1744799640,1744799640,long,32.795,32.779823749661,STOP_LOSS_HARD,-75.88
L1,1744799880,1744800000,long,32.8,32.844694053584796,TAKE_PROFIT_HARD,223.47
L1,1744800360,1744800360,long,32.795,32.779823749661,STOP_LOSS_HARD,-75.88
L1,1744801680,1744801680,long,32.8,32.784823749660994,STOP_LOSS_HARD,-75.88
L1,1744810680,1744810740,short,32.96,32.9153059464152,TAKE_PROFIT_HARD,223.47
L1,1744811880,1744811880,long,32.8,32.784823749660994,STOP_LOSS_HARD,-75.88
L1,1744813200,1744813320,long,32.815,32.859694053584796,TAKE_PROFIT_HARD,223.47
L1,1744818120,1744818120,long,32.82,32.804823749661,STOP_LOSS_HARD,-75.88
L1,1744826640,1744827180,long,32.805,32.8496940535848,TAKE_PROFIT_HARD,223.47
L1,1744838160,1744838160,long,32.82,32.804823749661,STOP_LOSS_HARD,-75.88
L1,1745227440,1745227440,long,32.93,32.914823749661,STOP_LOSS_HARD,-75.88
L1,1745319960,1745319960,long,32.92,32.904823749661,STOP_LOSS_HARD,-75.88
L1,1745320680,1745320740,long,32.915,32.899823749660996,STOP_LOSS_HARD,-75.88
L1,1745328600,1745328600,long,32.925,32.909823749660994,STOP_LOSS_HARD,-75.88
L1,1745330400,1745330460,long,32.925,32.909823749660994,STOP_LOSS_HARD,-75.88
L1,1745386920,1745386980,long,32.925,32.909823749660994,STOP_LOSS_HARD,-75.88
L1,1745391840,1745392380,long,32.93,32.98,TAKE_PROFIT_HARD,250.0
L1,1745394720,1745394720,long,32.935,32.919823749661,STOP_LOSS_HARD,-75.88
L1,1745404800,1745404800,short,33.26,33.275176250339,STOP_LOSS_HARD,-75.88
L1,1745406960,1745407020,long,33.38,33.364823749661,STOP_LOSS_HARD,-75.88
L1,1745407440,1745407440,short,33.435,33.450176250339005,STOP_LOSS_HARD,-75.88
L1,1745408040,1745408040,long,33.4,33.384823749660995,STOP_LOSS_HARD,-75.88
L1,1745408520,1745408520,short,33.41,33.425176250339,STOP_LOSS_HARD,-75.88
L1,1745446920,1745447220,long,33.385,33.4296940535848,TAKE_PROFIT_HARD,223.47
L1,1745447520,1745447760,long,33.41,33.39482374966099,STOP_LOSS_HARD,-75.88
L1,1745449200,1745449200,long,33.41,33.39482374966099,STOP_LOSS_HARD,-75.88
L1,1745449560,1745449740,long,33.41,33.39482374966099,STOP_LOSS_HARD,-75.88
L1,1745455920,1745456100,short,33.375,33.390176250339,STOP_LOSS_HARD,-75.88
L1,1745457360,1745458200,short,33.38,33.335305946415204,TAKE_PROFIT_HARD,223.47
L1,1745464560,1745464620,long,33.41,33.39,STOP_LOSS_HARD,-100.0
L1,1745464800,1745464800,short,33.375,33.390176250339,STOP_LOSS_HARD,-75.88
L1,1745464920,1745464920,short,33.38,33.395176250339006,STOP_LOSS_HARD,-75.88
L1,1745470080,1745470680,short,33.375,33.3303059464152,TAKE_PROFIT_HARD,223.47
L1,1745477280,1745477280,short,33.375,33.390176250339,STOP_LOSS_HARD,-75.88
L1,1745477640,1745477700,short,33.38,33.395176250339006,STOP_LOSS_HARD,-75.88
L1,1745478720,1745478960,long,33.4,33.4446940535848,TAKE_PROFIT_HARD,223.47
L1,1745485440,1745485440,short,33.4,33.415176250339,STOP_LOSS_HARD,-75.88
L1,1745487960,1745487960,short,33.25,33.2053059464152,TAKE_PROFIT_HARD,223.47
L1,1745490720,1745490780,short,33.38,33.335305946415204,TAKE_PROFIT_HARD,223.47
L1,1745491320,1745491500,short,33.375,33.390176250339,STOP_LOSS_HARD,-75.88
L1,1745491920,1745492040,short,33.375,33.390176250339,STOP_LOSS_HARD,-75.88
L1,1745492280,1745492460,short,33.4,33.355,TAKE_PROFIT_HARD,225.0
L1,1745493000,1745493000,short,33.38,33.395176250339006,STOP_LOSS_HARD,-75.88
L1,1745539200,1745539260,long,33.41,33.39482374966099,STOP_LOSS_HARD,-75.88
L1,1745541120,1745541120,long,33.405,33.389823749661,STOP_LOSS_HARD,-75.88
L1,1745544960,1745545080,short,33.4,33.42,STOP_LOSS_HARD,-100.0
L1,1745545200,1745545320,long,33.39,33.365,STOP_LOSS_HARD,-125.0
L1,1745548920,1745549220,short,33.38,33.335305946415204,TAKE_PROFIT_HARD,223.47
L1,1745550960,1745551020,short,33.395,33.415,STOP_LOSS_HARD,-100.0
L1,1745551440,1745552520,short,33.38,33.335305946415204,TAKE_PROFIT_HARD,223.47
L1,1745557080,1745557260,short,33.38,33.395176250339006,STOP_LOSS_HARD,-75.88
L1,1745557800,1745557980,short,33.38,33.335305946415204,TAKE_PROFIT_HARD,223.47
L1,1745559840,1745560500,short,33.375,33.3303059464152,TAKE_PROFIT_HARD,223.47
L1,1745562360,1745562420,short,33.385,33.400176250339,STOP_LOSS_HARD,-75.88
L1,1745563320,1745563620,short,33.38,33.335305946415204,TAKE_PROFIT_HARD,223.47
L1,1745567520,1745567640,short,33.23,33.245176250339,STOP_LOSS_HARD,-75.88
L1,1745568120,1745568120,short,33.25,33.265176250339,STOP_LOSS_HARD,-75.88
L1,1745572800,1745572800,long,33.07,33.054823749661,STOP_LOSS_HARD,-75.88
L1,1745572920,1745572980,long,33.04,33.024823749660996,STOP_LOSS_HARD,-75.88
L1,1745575680,1745575680,long,32.92,32.904823749661,STOP_LOSS_HARD,-75.88
L1,1745575920,1745575920,long,32.935,32.919823749661,STOP_LOSS_HARD,-75.88
L1,1745576040,1745576100,long,32.91,32.89482374966099,STOP_LOSS_HARD,-75.88
L1,1745578080,1745578140,long,32.93,32.91,STOP_LOSS_HARD,-100.0
L1,1745584560,1745584860,long,32.93,32.9746940535848,TAKE_PROFIT_HARD,223.47
L1,1745589360,1745589420,long,32.92,32.904823749661,STOP_LOSS_HARD,-75.88
L1,1745591280,1745591820,long,32.925,32.909823749660994,STOP_LOSS_HARD,-75.88
L1,1745778000,1745778240,short,33.38,33.335305946415204,TAKE_PROFIT_HARD,223.47
L1,1745837280,1745837460,short,33.405,33.3603059464152,TAKE_PROFIT_HARD,223.47
L1,1745838960,1745839080,short,33.375,33.390176250339,STOP_LOSS_HARD,-75.88
L1,1745840160,1745840220,short,33.38,33.395176250339006,STOP_LOSS_HARD,-75.88
L1,1745840640,1745840700,short,33.375,33.390176250339,STOP_LOSS_HARD,-75.88
L1,1745842800,1745842860,short,33.4,33.3553059464152,TAKE_PROFIT_HARD,223.47
L1,1745843760,1745843940,short,33.385,33.3403059464152,TAKE_PROFIT_HARD,223.47
L1,1745844240,1745846280,short,33.38,33.335305946415204,TAKE_PROFIT_HARD,223.47
L1,1745850360,1745850420,short,33.385,33.400176250339,STOP_LOSS_HARD,-75.88
L1,1745864880,1745865720,short,33.39,33.345,TAKE_PROFIT_HARD,225.0
L1,1745875080,1745875620,short,33.385,33.34,TAKE_PROFIT_HARD,225.0
L1,1745898120,1745898120,short,33.395,33.410176250339006,STOP_LOSS_HARD,-75.88
L1,1745917320,1745917320,long,33.57,33.554823749661,STOP_LOSS_HARD,-75.88
L1,1745919840,1745919840,long,33.59,33.574823749661,STOP_LOSS_HARD,-75.88
L1,1745985600,1745985600,long,32.88,32.864823749661,STOP_LOSS_HARD,-75.88
L1,1745986440,1745986440,long,32.62,32.604823749660994,STOP_LOSS_HARD,-75.88
L1,1745987760,1745988420,long,32.62,32.664694053584796,TAKE_PROFIT_HARD,223.47
L1,1745988840,1745988900,long,32.63,32.614823749661,STOP_LOSS_HARD,-75.88
L1,1745989560,1745989620,long,32.59,32.574823749661,STOP_LOSS_HARD,-75.88
L1,1746003360,1746003360,short,32.8,32.815176250339,STOP_LOSS_HARD,-75.88
L1,1746005280,1746005280,short,32.8,32.815176250339,STOP_LOSS_HARD,-75.88
L1,1746006120,1746006120,long,32.85,32.8946940535848,TAKE_PROFIT_HARD,223.47
L1,1746007320,1746007380,long,32.63,32.6746940535848,TAKE_PROFIT_HARD,223.47
L1,1746007800,1746007800,short,32.83,32.845176250339,STOP_LOSS_HARD,-75.88
L1,1746009120,1746009120,short,32.82,32.7753059464152,TAKE_PROFIT_HARD,223.47
L1,1746014520,1746015000,long,32.925,32.909823749660994,STOP_LOSS_HARD,-75.88
L1,1746015240,1746015420,long,32.91,32.89482374966099,STOP_LOSS_HARD,-75.88
L1,1746045240,1746045240,long,32.61,32.594823749660996,STOP_LOSS_HARD,-75.88
L1,1746056520,1746056700,long,32.19,32.234694053584796,TAKE_PROFIT_HARD,223.47
L1,1746057120,1746057180,long,32.22,32.2646940535848,TAKE_PROFIT_HARD,223.47
L1,1746061320,1746061560,short,32.235,32.1903059464152,TAKE_PROFIT_HARD,223.47
L1,1746061920,1746062340,short,32.25,32.2053059464152,TAKE_PROFIT_HARD,223.47
L1,1746062400,1746062640,long,32.2,32.2446940535848,TAKE_PROFIT_HARD,223.47
L1,1746062760,1746062820,long,32.2,32.245,TAKE_PROFIT_HARD,225.0
L1,1746062880,1746063180,short,32.24,32.255176250339005,STOP_LOSS_HARD,-75.88
L1,1746069000,1746069240,short,32.25,32.265176250339,STOP_LOSS_HARD,-75.88
L1,1746073200,1746073260,short,32.44,32.455176250339,STOP_LOSS_HARD,-75.88
L1,1746073320,1746074160,short,32.465,32.420305946415205,TAKE_PROFIT_HARD,223.47
L1,1746074880,1746075600,short,32.445,32.460176250339,STOP_LOSS_HARD,-75.88
L1,1746079560,1746079740,long,32.22,32.2,STOP_LOSS_HARD,-100.0
L1,1746080400,1746080580,short,32.235,32.250176250339,STOP_LOSS_HARD,-75.88
L1,1746085080,1746085080,long,32.23,32.214823749660994,STOP_LOSS_HARD,-75.88
L1,1746088560,1746088560,short,32.45,32.465176250339006,STOP_LOSS_HARD,-75.88
L1,1746092880,1746092880,long,32.575,32.559823749661,STOP_LOSS_HARD,-75.88
L1,1746093120,1746093120,long,32.565,32.609694053584796,TAKE_PROFIT_HARD,223.47
L1,1746093360,1746093600,long,32.57,32.554823749661,STOP_LOSS_HARD,-75.88
L1,1746094560,1746094560,long,32.565,32.549823749660995,STOP_LOSS_HARD,-75.88
L1,1746095640,1746095640,short,32.48,32.495176250339,STOP_LOSS_HARD,-75.88
L1,1746096840,1746096840,long,32.595,32.579823749660996,STOP_LOSS_HARD,-75.88
L1,1746098160,1746098160,long,32.615,32.599823749661,STOP_LOSS_HARD,-75.88
L1,1746099000,1746099000,long,32.585,32.569823749661,STOP_LOSS_HARD,-75.88
L1,1746105840,1746105840,short,32.465,32.48017625033901,STOP_LOSS_HARD,-75.88
L1,1746107400,1746107400,short,32.44,32.455176250339,STOP_LOSS_HARD,-75.88
L1,1746123000,1746124320,long,32.63,32.615,STOP_LOSS_SOFT,-75.0
L1,1746124680,1746128760,long,32.625,32.6696940535848,TAKE_PROFIT_HARD,223.47
L1,1746136560,1746136800,short,32.77,32.785176250339006,STOP_LOSS_HARD,-75.88
L1,1746167040,1746167040,long,32.63,32.614823749661,STOP_LOSS_HARD,-75.88
L1,1746167520,1746167520,long,32.63,32.614823749661,STOP_LOSS_HARD,-75.88
L1,1746176520,1746176580,long,32.59,32.574823749661,STOP_LOSS_HARD,-75.88
L1,1746177120,1746177120,long,32.585,32.6296940535848,TAKE_PROFIT_HARD,223.47
L1,1746183120,1746183120,short,32.44,32.455176250339,STOP_LOSS_HARD,-75.88
L1,1746185520,1746185520,long,32.215,32.199823749661,STOP_LOSS_HARD,-75.88
L1,1746186720,1746186780,long,32.21,32.2546940535848,TAKE_PROFIT_HARD,223.47
L1,1746187200,1746187260,long,32.215,32.199823749661,STOP_LOSS_HARD,-75.88
L1,1746187920,1746187920,long,32.22,32.204823749660996,STOP_LOSS_HARD,-75.88
L1,1746190800,1746190860,long,32.21,32.194823749661,STOP_LOSS_HARD,-75.88
L1,1746192480,1746192840,short,32.25,32.265,STOP_LOSS_SOFT,-75.0
L1,1746193920,1746195180,short,32.23,32.1853059464152,TAKE_PROFIT_HARD,223.47
L1,1746198240,1746198900,short,32.23,32.1853059464152,TAKE_PROFIT_HARD,223.47
L1,1746199920,1746201060,short,32.23,32.1853059464152,TAKE_PROFIT_HARD,223.47
L1,1746388800,1746388920,long,32.225,32.209823749661,STOP_LOSS_HARD,-75.88
L1,1746393120,1746393360,long,32.22,32.265,TAKE_PROFIT_HARD,225.0
L1,1746394680,1746394860,long,32.225,32.209823749661,STOP_LOSS_HARD,-75.88
L1,1746396480,1746396540,long,32.22,32.204823749660996,STOP_LOSS_HARD,-75.88
L1,1746407280,1746407400,short,32.445,32.460176250339,STOP_LOSS_HARD,-75.88
L1,1746407760,1746408060,short,32.445,32.465,STOP_LOSS_HARD,-100.0
L1,1746443880,1746444000,short,32.45,32.405305946415204,TAKE_PROFIT_HARD,223.47
L1,1746444120,1746444180,short,32.445,32.460176250339,STOP_LOSS_HARD,-75.88
L1,1746444240,1746444540,short,32.465,32.420305946415205,TAKE_PROFIT_HARD,223.47
L1,1746444600,1746444660,short,32.44,32.455176250339,STOP_LOSS_HARD,-75.88
L1,1746444720,1746444780,short,32.455,32.475,STOP_LOSS_HARD,-100.0
L1,1746498240,1746498780,long,33.19,33.174823749660995,STOP_LOSS_HARD,-75.88
L1,1746499680,1746500100,long,33.22,33.204823749660996,STOP_LOSS_HARD,-75.88
L1,1746500160,1746500460,long,33.21,33.26,TAKE_PROFIT_HARD,250.0
L1,1746504240,1746504240,long,33.2,33.184823749661,STOP_LOSS_HARD,-75.88
L1,1746505560,1746505920,long,33.22,33.204823749660996,STOP_LOSS_HARD,-75.88
L1,1746507000,1746507600,long,33.215,33.199823749661,STOP_LOSS_HARD,-75.88
L1,1746508560,1746508620,long,33.215,33.199823749661,STOP_LOSS_HARD,-75.88
L1,1746511560,1746512100,long,33.22,33.2646940535848,TAKE_PROFIT_HARD,223.47
L1,1746512400,1746512460,long,33.215,33.199823749661,STOP_LOSS_HARD,-75.88
L1,1746546120,1746548520,short,33.46,33.415,TAKE_PROFIT_HARD,225.0
L1,1746573840,1746574200,long,33.22,33.204823749660996,STOP_LOSS_HARD,-75.88
L1,1746578280,1746578400,long,33.22,33.204823749660996,STOP_LOSS_HARD,-75.88
L1,1746588000,1746588660,long,33.205,33.189823749660995,STOP_LOSS_HARD,-75.88
L1,1746589200,1746590640,long,33.205,33.19,STOP_LOSS_SOFT,-75.0
L1,1746596280,1746596580,short,33.015,33.030176250339004,STOP_LOSS_HARD,-75.88
L1,1746599760,1746600180,short,33.005,33.020176250339006,STOP_LOSS_HARD,-75.88
L1,1746611880,1746611880,short,33.0,33.015176250339,STOP_LOSS_HARD,-75.88
L1,1746612240,1746612420,short,33.03,32.9853059464152,TAKE_PROFIT_HARD,223.47
L1,1746612840,1746612840,long,32.86,32.844823749660996,STOP_LOSS_HARD,-75.88
L1,1746655080,1746655080,short,33.0,33.015176250339,STOP_LOSS_HARD,-75.88
L1,1746659400,1746659400,short,33.0,33.015176250339,STOP_LOSS_HARD,-75.88
L1,1746659760,1746659760,short,33.0,33.015176250339,STOP_LOSS_HARD,-75.88
L1,1746661080,1746661560,short,33.0,33.02,STOP_LOSS_HARD,-100.0
L1,1746664680,1746664740,short,33.02,33.04,STOP_LOSS_HARD,-100.0
L1,1746668640,1746668880,long,32.86,32.844823749660996,STOP_LOSS_HARD,-75.88
L1,1746742800,1746742860,short,32.445,32.465,STOP_LOSS_HARD,-100.0
L1,1746743280,1746743460,short,32.45,32.465176250339006,STOP_LOSS_HARD,-75.88
L1,1746785520,1746785520,long,32.855,32.839823749660994,STOP_LOSS_HARD,-75.88
L1,1746789120,1746789840,long,32.87,32.854823749660994,STOP_LOSS_HARD,-75.88
L1,1746796320,1746796980,long,32.875,32.9196940535848,TAKE_PROFIT_HARD,223.47
L1,1747021800,1747021800,long,32.17,32.154823749661,STOP_LOSS_HARD,-75.88
L1,1747022880,1747022940,long,32.21,32.194823749661,STOP_LOSS_HARD,-75.88
L1,1747023000,1747023000,long,32.195,32.179823749661,STOP_LOSS_HARD,-75.88
L1,1747024680,1747024680,short,32.355,32.370176250339,STOP_LOSS_HARD,-75.88
L1,1747024920,1747024980,short,32.47,32.4253059464152,TAKE_PROFIT_HARD,223.47
L1,1747025760,1747025760,short,32.455,32.470176250339,STOP_LOSS_HARD,-75.88
L1,1747027560,1747027860,short,32.45,32.4,TAKE_PROFIT_HARD,250.0
L1,1747028640,1747028700,short,32.48,32.495176250339,STOP_LOSS_HARD,-75.88
L1,1747029000,1747029060,short,32.46,32.4153059464152,TAKE_PROFIT_HARD,223.47
L1,1747030560,1747030680,long,32.225,32.2696940535848,TAKE_PROFIT_HARD,223.47
L1,1747031160,1747031400,long,32.215,32.2596940535848,TAKE_PROFIT_HARD,223.47
L1,1747032000,1747032000,long,32.185,32.169823749661,STOP_LOSS_HARD,-75.88
L1,1747033320,1747033320,long,32.18,32.164823749661,STOP_LOSS_HARD,-75.88
L1,1747033680,1747033740,short,32.365,32.380176250339005,STOP_LOSS_HARD,-75.88
L1,1747034400,1747034640,short,32.37,32.385176250339,STOP_LOSS_HARD,-75.88
L1,1747036200,1747036260,short,32.48,32.495176250339,STOP_LOSS_HARD,-75.88
L1,1747038000,1747038060,short,32.465,32.48017625033901,STOP_LOSS_HARD,-75.88
L1,1747039320,1747039320,short,32.46,32.475176250339004,STOP_LOSS_HARD,-75.88
L1,1747098960,1747099800,long,33.21,33.2546940535848,TAKE_PROFIT_HARD,223.47
L1,1747101840,1747101900,long,33.2,33.184823749661,STOP_LOSS_HARD,-75.88
L1,1747107960,1747108080,short,33.365,33.380176250339005,STOP_LOSS_HARD,-75.88
L1,1747109520,1747109580,short,33.375,33.390176250339,STOP_LOSS_HARD,-75.88
L1,1747114680,1747116060,long,33.22,33.204823749660996,STOP_LOSS_HARD,-75.88
L1,1747117560,1747119300,long,33.225,33.209823749661,STOP_LOSS_HARD,-75.88
L1,1747122120,1747122300,long,33.205,33.189823749660995,STOP_LOSS_HARD,-75.88
L1,1747214160,1747214160,short,32.365,32.380176250339005,STOP_LOSS_HARD,-75.88
L1,1747214280,1747214280,short,32.485,32.500176250339,STOP_LOSS_HARD,-75.88
L1,1747217880,1747217880,short,32.48,32.4353059464152,TAKE_PROFIT_HARD,223.47
L1,1747220760,1747220760,short,32.35,32.365176250339005,STOP_LOSS_HARD,-75.88
L1,1747228920,1747228980,short,32.44,32.455176250339,STOP_LOSS_HARD,-75.88
L1,1747229880,1747231380,short,32.45,32.405305946415204,TAKE_PROFIT_HARD,223.47
L1,1747239480,1747240320,short,32.34,32.36,STOP_LOSS_HARD,-100.0
L1,1747260360,1747260660,long,32.225,32.2696940535848,TAKE_PROFIT_HARD,223.47
L1,1747261320,1747261440,long,32.22,32.204823749660996,STOP_LOSS_HARD,-75.88
L1,1747261560,1747261620,long,32.185,32.169823749661,STOP_LOSS_HARD,-75.88
L1,1747293000,1747293240,long,32.23,32.274694053584795,TAKE_PROFIT_HARD,223.47
L1,1747293720,1747294260,long,32.225,32.2696940535848,TAKE_PROFIT_HARD,223.47
L1,1747295520,1747295760,short,32.34,32.35517625033901,STOP_LOSS_HARD,-75.88
L1,1747296000,1747296000,short,32.335,32.350176250339004,STOP_LOSS_HARD,-75.88
L1,1747299840,1747299960,short,32.39,32.3453059464152,TAKE_PROFIT_HARD,223.47
L1,1747300200,1747300260,short,32.355,32.3103059464152,TAKE_PROFIT_HARD,223.47
L1,1747301040,1747301280,short,32.375,32.33,TAKE_PROFIT_HARD,225.0
L1,1747301400,1747301400,short,32.345,32.360176250339,STOP_LOSS_HARD,-75.88
L1,1747301520,1747301520,short,32.375,32.3303059464152,TAKE_PROFIT_HARD,223.47
L1,1747301760,1747301880,short,32.335,32.350176250339004,STOP_LOSS_HARD,-75.88
L1,1747302000,1747302360,short,32.335,32.2903059464152,TAKE_PROFIT_HARD,223.47
L1,1747302840,1747303020,short,32.38,32.395176250339006,STOP_LOSS_HARD,-75.88
L1,1747365840,1747366140,short,32.455,32.470176250339,STOP_LOSS_HARD,-75.88
L1,1747373640,1747373940,short,32.44,32.395,TAKE_PROFIT_HARD,225.0
L1,1747374720,1747375620,short,32.44,32.3953059464152,TAKE_PROFIT_HARD,223.47
L1,1747379160,1747379520,long,32.205,32.189823749660995,STOP_LOSS_HARD,-75.88
L1,1747381080,1747381200,long,32.19,32.174823749660995,STOP_LOSS_HARD,-75.88
L1,1747386600,1747386720,long,32.19,32.174823749660995,STOP_LOSS_HARD,-75.88
L1,1747387080,1747387200,long,32.19,32.234694053584796,TAKE_PROFIT_HARD,223.47
L1,1747389720,1747389720,short,32.455,32.4103059464152,TAKE_PROFIT_HARD,223.47
L1,1747391040,1747391460,short,32.345,32.3003059464152,TAKE_PROFIT_HARD,223.47
L1,1747392480,1747392660,long,32.175,32.219694053584796,TAKE_PROFIT_HARD,223.47
L1,1747393800,1747393860,long,32.17,32.2146940535848,TAKE_PROFIT_HARD,223.47
L1,1747394040,1747394160,long,32.185,32.169823749661,STOP_LOSS_HARD,-75.88
L1,1747395120,1747395300,long,32.19,32.234694053584796,TAKE_PROFIT_HARD,223.47
L1,1747395960,1747396140,long,32.23,32.275,TAKE_PROFIT_HARD,225.0
L1,1747396680,1747396800,short,32.335,32.350176250339004,STOP_LOSS_HARD,-75.88
L1,1747397520,1747397580,short,32.34,32.35517625033901,STOP_LOSS_HARD,-75.88
L1,1747403040,1747403100,short,32.335,32.350176250339004,STOP_LOSS_HARD,-75.88
L1,1747411800,1747413900,short,32.445,32.44,END_OF_DAY,25.0
L1,1747591440,1747591440,short,32.48,32.495176250339,STOP_LOSS_HARD,-75.88
L1,1747648440,1747648860,short,32.495,32.4503059464152,TAKE_PROFIT_HARD,223.47
L1,1747701720,1747702140,short,32.29,32.31,STOP_LOSS_HARD,-100.0
L1,1747711680,1747712220,short,32.29,32.305176250339,STOP_LOSS_HARD,-75.88
L1,1747715160,1747715460,short,32.44,32.455176250339,STOP_LOSS_HARD,-75.88
L1,1747764720,1747764720,short,33.31,33.325176250339005,STOP_LOSS_HARD,-75.88
L1,1747765080,1747768500,short,33.32,33.335176250339,STOP_LOSS_HARD,-75.88
L1,1747770600,1747772640,short,33.32,33.335176250339,STOP_LOSS_HARD,-75.88
L1,1747778640,1747779240,long,33.175,33.219694053584796,TAKE_PROFIT_HARD,223.47
L1,1747791600,1747791660,short,33.31,33.325176250339005,STOP_LOSS_HARD,-75.88
L1,1747793640,1747794120,short,33.32,33.335176250339,STOP_LOSS_HARD,-75.88
L1,1747797720,1747797840,short,33.32,33.335176250339,STOP_LOSS_HARD,-75.88
L1,1747801080,1747801140,short,33.325,33.340176250339006,STOP_LOSS_HARD,-75.88
L1,1747815840,1747815840,short,33.33,33.345176250339,STOP_LOSS_HARD,-75.88
L1,1747821240,1747821540,short,33.345,33.360176250339,STOP_LOSS_HARD,-75.88
L1,1747834560,1747834560,long,33.51,33.494823749660995,STOP_LOSS_HARD,-75.88
L1,1747835040,1747835280,long,33.525,33.5696940535848,TAKE_PROFIT_HARD,223.47
L1,1747836240,1747836300,long,33.525,33.509823749660995,STOP_LOSS_HARD,-75.88
L1,1747836360,1747836360,long,33.52,33.504823749661,STOP_LOSS_HARD,-75.88
L1,1747866360,1747867080,short,33.77,33.725305946415205,TAKE_PROFIT_HARD,223.47
L1,1747867320,1747867380,short,33.77,33.785176250339006,STOP_LOSS_HARD,-75.88
L1,1747868040,1747868700,short,33.785,33.800176250339,STOP_LOSS_HARD,-75.88
L1,1747889880,1747890000,long,33.515,33.499823749661,STOP_LOSS_HARD,-75.88
L1,1747906440,1747906440,long,33.155,33.139823749661,STOP_LOSS_HARD,-75.88
L1,1747907160,1747907160,long,33.13,33.114823749661,STOP_LOSS_HARD,-75.88
L1,1747920000,1747920000,long,33.18,33.2246940535848,TAKE_PROFIT_HARD,223.47
L1,1747920840,1747921680,long,33.175,33.219694053584796,TAKE_PROFIT_HARD,223.47
L1,1747928520,1747929360,long,33.18,33.164823749661,STOP_LOSS_HARD,-75.88
L1,1747938720,1747938780,long,33.175,33.159823749660994,STOP_LOSS_HARD,-75.88
L1,1747939800,1747944720,long,33.18,33.2246940535848,TAKE_PROFIT_HARD,223.47
L1,1747953240,1747953480,long,33.17,33.2146940535848,TAKE_PROFIT_HARD,223.47
L1,1747958640,1747959360,short,33.31,33.325176250339005,STOP_LOSS_HARD,-75.88
L1,1747978680,1747979220,short,33.325,33.280305946415204,TAKE_PROFIT_HARD,223.47
L1,1747982400,1747982940,short,33.325,33.280305946415204,TAKE_PROFIT_HARD,223.47
L1,1747983120,1747983300,short,33.31,33.265305946415204,TAKE_PROFIT_HARD,223.47
L1,1747983960,1747984200,short,33.31,33.265,TAKE_PROFIT_HARD,225.0
L1,1747987800,1747987800,long,33.1,33.084823749661,STOP_LOSS_HARD,-75.88
L1,1747989120,1747989120,short,33.31,33.325176250339005,STOP_LOSS_HARD,-75.88
L1,1747990800,1747990800,short,33.325,33.340176250339006,STOP_LOSS_HARD,-75.88
L1,1747992000,1747992060,short,33.32,33.2753059464152,TAKE_PROFIT_HARD,223.47
L1,1747992600,1747992600,short,33.34,33.35517625033901,STOP_LOSS_HARD,-75.88
L1,1747993080,1747993140,short,33.35,33.3053059464152,TAKE_PROFIT_HARD,223.47
L1,1747993440,1747993500,short,33.315,33.2703059464152,TAKE_PROFIT_HARD,223.47
L1,1748310840,1748311200,short,33.355,33.370176250339,STOP_LOSS_HARD,-75.88
L1,1748316000,1748316060,long,33.2,33.18,STOP_LOSS_HARD,-100.0
L1,1748316480,1748316540,long,33.19,33.174823749660995,STOP_LOSS_HARD,-75.88
L1,1748318760,1748319240,long,33.2,33.184823749661,STOP_LOSS_HARD,-75.88
L1,1748323440,1748323620,long,33.205,33.19,STOP_LOSS_SOFT,-75.0
L1,1748341800,1748341800,long,33.205,33.189823749660995,STOP_LOSS_HARD,-75.88
L1,1748344440,1748344800,long,33.18,33.164823749661,STOP_LOSS_HARD,-75.88
L1,1748353560,1748356260,short,33.34,33.35517625033901,STOP_LOSS_HARD,-75.88
L1,1748358960,1748360280,short,33.34,33.36,STOP_LOSS_HARD,-100.0
L1,1748389080,1748389260,short,33.35,33.365176250339005,STOP_LOSS_HARD,-75.88
L1,1748417040,1748417340,short,33.365,33.380176250339005,STOP_LOSS_HARD,-75.88
L1,1748429160,1748430000,long,33.2,33.2446940535848,TAKE_PROFIT_HARD,223.47
L1,1748430840,1748430900,long,33.2,33.184823749661,STOP_LOSS_HARD,-75.88
L1,1748470200,1748470620,long,33.205,33.185,STOP_LOSS_HARD,-100.0
L1,1748470680,1748470860,long,33.185,33.2296940535848,TAKE_PROFIT_HARD,223.47
L1,1748471040,1748471460,long,33.2,33.184823749661,STOP_LOSS_HARD,-75.88
L1,1748471520,1748472060,long,33.18,33.2246940535848,TAKE_PROFIT_HARD,223.47
L1,1748479200,1748482080,short,33.345,33.360176250339,STOP_LOSS_HARD,-75.88
L1,1748482920,1748483820,short,33.345,33.360176250339,STOP_LOSS_HARD,-75.88
L1,1748483880,1748483940,short,33.355,33.370176250339,STOP_LOSS_HARD,-75.88
L1,1748488320,1748488440,short,33.34,33.35517625033901,STOP_LOSS_HARD,-75.88
L1,1748514600,1748514780,long,33.205,33.2496940535848,TAKE_PROFIT_HARD,223.47
L1,1748516760,1748516820,short,33.37,33.385176250339,STOP_LOSS_HARD,-75.88
L1,1748519280,1748519640,short,33.355,33.370176250339,STOP_LOSS_HARD,-75.88
L1,1748554560,1748554920,short,33.345,33.3003059464152,TAKE_PROFIT_HARD,223.47
L1,1748569560,1748570100,long,33.2,33.2446940535848,TAKE_PROFIT_HARD,223.47
L1,1748570760,1748570820,long,33.2,33.184823749661,STOP_LOSS_HARD,-75.88
L1,1748574600,1748574720,long,33.19,33.174823749660995,STOP_LOSS_HARD,-75.88
L1,1748592240,1748592540,long,33.19,33.174823749660995,STOP_LOSS_HARD,-75.88
L1,1748596680,1748596680,long,33.125,33.1696940535848,TAKE_PROFIT_HARD,223.47
L1,1748598360,1748598420,long,33.15,33.134823749660995,STOP_LOSS_HARD,-75.88
L1,1748600400,1748600760,long,33.19,33.174823749660995,STOP_LOSS_HARD,-75.88
L1,1748856360,1748856360,long,34.015,34.0596940535848,TAKE_PROFIT_HARD,223.47
L1,1748859240,1748859240,short,34.375,34.390176250339,STOP_LOSS_HARD,-75.88
L1,1748859360,1748859360,short,34.485,34.4403059464152,TAKE_PROFIT_HARD,223.47
L1,1748859600,1748859660,short,34.51,34.525176250339,STOP_LOSS_HARD,-75.88
L1,1748860560,1748860560,short,34.525,34.540176250339,STOP_LOSS_HARD,-75.88
L1,1748862120,1748862180,short,34.515,34.530176250339004,STOP_LOSS_HARD,-75.88
L1,1748896080,1748896800,long,34.81,34.794823749661,STOP_LOSS_HARD,-75.88
L1,1748900520,1748900580,short,34.405,34.420176250339004,STOP_LOSS_HARD,-75.88
L1,1748901600,1748901600,short,34.39,34.405176250339004,STOP_LOSS_HARD,-75.88
L1,1748903040,1748903040,short,34.385,34.3403059464152,TAKE_PROFIT_HARD,223.47
L1,1748903520,1748903700,long,34.285,34.26982374966099,STOP_LOSS_HARD,-75.88
L1,1748904120,1748904660,long,34.285,34.26982374966099,STOP_LOSS_HARD,-75.88
L1,1748904840,1748904900,long,34.265,34.249823749661,STOP_LOSS_HARD,-75.88
L1,1748905080,1748905140,long,34.255,34.239823749661,STOP_LOSS_HARD,-75.88
L1,1748909280,1748909460,long,34.285,34.265,STOP_LOSS_HARD,-100.0
L1,1748911080,1748911620,long,34.285,34.329694053584795,TAKE_PROFIT_HARD,223.47
L1,1748913000,1748914080,short,34.375,34.3303059464152,TAKE_PROFIT_HARD,223.47
L1,1748916720,1748917140,long,34.285,34.329694053584795,TAKE_PROFIT_HARD,223.47
L1,1748917560,1748917860,short,34.375,34.390176250339,STOP_LOSS_HARD,-75.88
L1,1748918640,1748918700,long,34.285,34.329694053584795,TAKE_PROFIT_HARD,223.47
L1,1748919240,1748919660,short,34.38,34.395176250339006,STOP_LOSS_HARD,-75.88
L1,1748920080,1748921340,long,34.285,34.26982374966099,STOP_LOSS_HARD,-75.88
L1,1748921400,1748921400,long,34.26,34.244823749660995,STOP_LOSS_HARD,-75.88
L1,1748922720,1748922780,short,34.375,34.390176250339,STOP_LOSS_HARD,-75.88
L1,1748927760,1748928000,short,34.385,34.400176250339,STOP_LOSS_HARD,-75.88
L1,1748928840,1748928840,short,34.395,34.410176250339006,STOP_LOSS_HARD,-75.88
L1,1748939160,1748939460,short,34.5,34.4553059464152,TAKE_PROFIT_HARD,223.47
L1,1748939880,1748939880,short,34.52,34.535176250339006,STOP_LOSS_HARD,-75.88
L1,1748943240,1748943360,short,34.54,34.555176250339,STOP_LOSS_HARD,-75.88
L1,1748988240,1748988540,long,34.805,34.789823749661,STOP_LOSS_HARD,-75.88
L1,1749020400,1749020400,short,34.515,34.530176250339004,STOP_LOSS_HARD,-75.88
L1,1749021000,1749021720,short,34.51,34.4653059464152,TAKE_PROFIT_HARD,223.47
L1,1749027600,1749027600,short,34.51,34.525176250339,STOP_LOSS_HARD,-75.88
L1,1749113160,1749113220,short,36.215,36.170305946415205,TAKE_PROFIT_HARD,223.47
L1,1749163920,1749163920,short,36.21,36.225176250339004,STOP_LOSS_HARD,-75.88
L1,1749166920,1749167760,short,36.22,36.235176250339,STOP_LOSS_HARD,-75.88
L1,1749168240,1749169020,short,36.21,36.225176250339004,STOP_LOSS_HARD,-75.88
L1,1749169560,1749170820,short,36.25,36.265176250339,STOP_LOSS_HARD,-75.88
L1,1749170880,1749171000,short,36.3,36.315176250339,STOP_LOSS_HARD,-75.88
L1,1749173520,1749173580,short,36.235,36.19,TAKE_PROFIT_HARD,225.0
L1,1749175080,1749175260,short,36.23,36.1853059464152,TAKE_PROFIT_HARD,223.47
L1,1749175440,1749175500,short,36.22,36.235176250339,STOP_LOSS_HARD,-75.88
L1,1749175560,1749175800,short,36.225,36.18,TAKE_PROFIT_HARD,225.0
L1,1749176280,1749176940,short,36.275,36.290176250339,STOP_LOSS_HARD,-75.88
L1,1749178080,1749178080,short,36.28,36.295176250339004,STOP_LOSS_HARD,-75.88
L1,1749182160,1749182160,short,36.28,36.295176250339004,STOP_LOSS_HARD,-75.88
L1,1749188160,1749188400,short,36.265,36.22,TAKE_PROFIT_HARD,225.0
L1,1749189000,1749189000,short,36.215,36.23017625033901,STOP_LOSS_HARD,-75.88
L1,1749189120,1749189600,short,36.27,36.285176250339006,STOP_LOSS_HARD,-75.88
L1,1749197040,1749197100,short,36.28,36.295176250339004,STOP_LOSS_HARD,-75.88
L1,1749197760,1749197760,short,36.26,36.275176250339,STOP_LOSS_HARD,-75.88
L1,1749198600,1749198600,short,36.33,36.2853059464152,TAKE_PROFIT_HARD,223.47
L1,1749199440,1749199440,short,36.29,36.305176250339,STOP_LOSS_HARD,-75.88
L1,1749210360,1749211080,short,36.225,36.240176250339005,STOP_LOSS_HARD,-75.88
L1,1749465720,1749465780,long,36.72,36.765,TAKE_PROFIT_HARD,225.0
L1,1749468120,1749468480,long,36.775,36.8196940535848,TAKE_PROFIT_HARD,223.47
L1,1749470280,1749470400,long,36.775,36.759823749660995,STOP_LOSS_HARD,-75.88
L1,1749470640,1749471300,long,36.77,36.8146940535848,TAKE_PROFIT_HARD,223.47
L1,1749479880,1749480180,short,37.005,37.020176250339006,STOP_LOSS_HARD,-75.88
L1,1749481080,1749482040,short,37.01,36.9653059464152,TAKE_PROFIT_HARD,223.47
L1,1749500880,1749501240,long,36.86,36.844823749660996,STOP_LOSS_HARD,-75.88
L1,1749542040,1749542100,long,36.855,36.839823749660994,STOP_LOSS_HARD,-75.88
L1,1749542760,1749542880,long,36.845,36.829823749660996,STOP_LOSS_HARD,-75.88
L1,1749544080,1749544080,long,36.85,36.834823749661,STOP_LOSS_HARD,-75.88
L1,1749544680,1749544680,long,36.76,36.744823749660995,STOP_LOSS_HARD,-75.88
L1,1749545400,1749545460,long,36.775,36.759823749660995,STOP_LOSS_HARD,-75.88
L1,1749545520,1749545640,long,36.735,36.719823749660996,STOP_LOSS_HARD,-75.88
L1,1749547080,1749547260,long,36.75,36.734823749661,STOP_LOSS_HARD,-75.88
L1,1749547560,1749547560,long,36.73,36.714823749660994,STOP_LOSS_HARD,-75.88
L1,1749547920,1749547920,long,36.755,36.739823749661,STOP_LOSS_HARD,-75.88
L1,1749549360,1749549420,long,36.745,36.729823749660994,STOP_LOSS_HARD,-75.88
L1,1749701400,1749701460,short,35.885,35.84,TAKE_PROFIT_HARD,225.0
L1,1750144680,1750144680,long,37.215,37.2596940535848,TAKE_PROFIT_HARD,223.47
L1,1750145160,1750145160,long,37.215,37.199823749661,STOP_LOSS_HARD,-75.88
L1,1750145760,1750145760,long,37.215,37.199823749661,STOP_LOSS_HARD,-75.88
L1,1750158960,1750159200,short,37.315,37.2703059464152,TAKE_PROFIT_HARD,223.47
L1,1750161000,1750161180,long,37.18,37.225,TAKE_PROFIT_HARD,225.0
L1,1750163280,1750164480,short,37.31,37.265305946415204,TAKE_PROFIT_HARD,223.47
L1,1750165320,1750165440,long,37.15,37.134823749660995,STOP_LOSS_HARD,-75.88
L1,1750165800,1750165800,long,37.15,37.134823749660995,STOP_LOSS_HARD,-75.88
L1,1750166520,1750166640,long,37.12,37.164694053584796,TAKE_PROFIT_HARD,223.47
L1,1750169640,1750170540,long,37.15,37.134823749660995,STOP_LOSS_HARD,-75.88
L1,1750171200,1750171200,long,37.155,37.139823749661,STOP_LOSS_HARD,-75.88
L1,1750175640,1750178700,long,37.155,37.175,END_OF_DAY,100.0
L1,1750190760,1750191360,long,37.15,37.134823749660995,STOP_LOSS_HARD,-75.88
L1,1750192080,1750192260,long,37.145,37.1896940535848,TAKE_PROFIT_HARD,223.47
L1,1750196640,1750196880,long,37.205,37.2496940535848,TAKE_PROFIT_HARD,223.47
L1,1750197840,1750199160,long,37.15,37.1946940535848,TAKE_PROFIT_HARD,223.47
L1,1750210560,1750211100,short,37.345,37.360176250339,STOP_LOSS_HARD,-75.88
L1,1750214160,1750214340,short,37.325,37.280305946415204,TAKE_PROFIT_HARD,223.47
L1,1750216200,1750216380,short,37.34,37.295305946415205,TAKE_PROFIT_HARD,223.47
L1,1750218720,1750219320,short,37.3,37.315176250339,STOP_LOSS_HARD,-75.88
L1,1750222920,1750223160,short,37.3,37.315176250339,STOP_LOSS_HARD,-75.88
L1,1750226760,1750226760,short,37.3,37.315176250339,STOP_LOSS_HARD,-75.88
L1,1750230480,1750230600,long,37.21,37.194823749661,STOP_LOSS_HARD,-75.88
L1,1750232520,1750232700,long,37.21,37.185,STOP_LOSS_HARD,-125.0
L1,1750233360,1750233420,long,37.19,37.174823749660995,STOP_LOSS_HARD,-75.88
L1,1750234440,1750234620,long,37.21,37.194823749661,STOP_LOSS_HARD,-75.88
L1,1750234680,1750234740,long,37.18,37.164823749661,STOP_LOSS_HARD,-75.88
L1,1750235280,1750235400,long,37.15,37.134823749660995,STOP_LOSS_HARD,-75.88
L1,1750238880,1750239060,long,37.15,37.134823749660995,STOP_LOSS_HARD,-75.88
L1,1750242240,1750242240,long,36.73,36.714823749660994,STOP_LOSS_HARD,-75.88
L1,1750258560,1750258560,long,36.765,36.749823749661,STOP_LOSS_HARD,-75.88
L1,1750265640,1750265940,long,36.765,36.76,END_OF_DAY,-25.0
L1,1750270320,1750270440,long,36.775,36.759823749660995,STOP_LOSS_HARD,-75.88
L1,1750270560,1750271160,long,36.77,36.754823749661,STOP_LOSS_HARD,-75.88
L1,1750276320,1750277760,long,36.77,36.754823749661,STOP_LOSS_HARD,-75.88
L1,1750281480,1750281480,long,36.76,36.744823749660995,STOP_LOSS_HARD,-75.88
L1,1750288800,1750289220,long,36.77,36.745,STOP_LOSS_HARD,-125.0
L1,1750291680,1750292220,long,36.77,36.754823749661,STOP_LOSS_HARD,-75.88
L1,1750387080,1750387140,short,35.59,35.60517625033901,STOP_LOSS_HARD,-75.88
L1,1750394520,1750394820,long,36.015,35.999823749661,STOP_LOSS_HARD,-75.88
L1,1750394880,1750395660,long,36.005,35.989823749661,STOP_LOSS_HARD,-75.88
L1,1750395720,1750395720,long,35.92,35.904823749661,STOP_LOSS_HARD,-75.88
L1,1750405560,1750405740,long,36.01,35.994823749660995,STOP_LOSS_HARD,-75.88
L1,1750405800,1750405860,long,35.99,35.974823749661,STOP_LOSS_HARD,-75.88
L1,1750406880,1750406940,long,35.99,35.974823749661,STOP_LOSS_HARD,-75.88
L1,1750408080,1750408200,long,36.015,35.999823749661,STOP_LOSS_HARD,-75.88
L1,1750408320,1750408320,long,36.005,35.989823749661,STOP_LOSS_HARD,-75.88
L1,1750428720,1750428960,long,36.005,35.989823749661,STOP_LOSS_HARD,-75.88
L1,1750430520,1750433700,long,36.01,35.994823749660995,STOP_LOSS_HARD,-75.88
L1,1750755120,1750755120,short,35.715,35.73017625033901,STOP_LOSS_HARD,-75.88
L1,1750760280,1750760400,short,35.41,35.3653059464152,TAKE_PROFIT_HARD,223.47
L1,1750761240,1750761360,short,35.395,35.350305946415205,TAKE_PROFIT_HARD,223.47
L1,1750761840,1750761840,short,35.435,35.450176250339005,STOP_LOSS_HARD,-75.88
L1,1750770120,1750771440,short,35.72,35.735176250339,STOP_LOSS_HARD,-75.88
L1,1750830000,1750830360,short,35.72,35.6753059464152,TAKE_PROFIT_HARD,223.47
L1,1750834320,1750836120,short,35.71,35.6653059464152,TAKE_PROFIT_HARD,223.47
L1,1750836720,1750836900,short,35.725,35.68,TAKE_PROFIT_HARD,225.0
L1,1750838520,1750838640,short,35.745,35.760176250339,STOP_LOSS_HARD,-75.88
L1,1750840800,1750841100,short,35.73,35.6853059464152,TAKE_PROFIT_HARD,223.47
L1,1750920000,1750920000,short,36.84,36.85517625033901,STOP_LOSS_HARD,-75.88
L1,1750920480,1750921080,short,36.85,36.865176250339005,STOP_LOSS_HARD,-75.88
L1,1750921800,1750922100,short,36.845,36.860176250339,STOP_LOSS_HARD,-75.88
L1,1750923360,1750923540,long,36.775,36.759823749660995,STOP_LOSS_HARD,-75.88
L1,1750923840,1750923960,long,36.7,36.7446940535848,TAKE_PROFIT_HARD,223.47
L1,1750924680,1750924680,short,36.845,36.860176250339,STOP_LOSS_HARD,-75.88
L1,1750927200,1750927200,long,36.775,36.759823749660995,STOP_LOSS_HARD,-75.88
L1,1750929840,1750929840,long,36.695,36.679823749661,STOP_LOSS_HARD,-75.88
L1,1750930200,1750930320,long,36.69,36.674823749660995,STOP_LOSS_HARD,-75.88
L1,1750934400,1750934460,long,36.7,36.7446940535848,TAKE_PROFIT_HARD,223.47
L1,1750935360,1750935780,long,36.76,36.8046940535848,TAKE_PROFIT_HARD,223.47
L1,1750936560,1750937820,short,36.84,36.85517625033901,STOP_LOSS_HARD,-75.88
L1,1750948680,1750949280,short,36.845,36.860176250339,STOP_LOSS_HARD,-75.88
L1,1750951560,1750951620,short,36.84,36.85517625033901,STOP_LOSS_HARD,-75.88
L1,1750972080,1750972620,long,36.755,36.7996940535848,TAKE_PROFIT_HARD,223.47
L1,1750972800,1750973160,long,36.765,36.8096940535848,TAKE_PROFIT_HARD,223.47
L1,1750973400,1750973820,short,36.84,36.795305946415205,TAKE_PROFIT_HARD,223.47
L1,1750974720,1750974780,short,36.85,36.865176250339005,STOP_LOSS_HARD,-75.88
L1,1750980360,1750981020,long,36.765,36.749823749661,STOP_LOSS_HARD,-75.88
L1,1750981800,1750981860,long,36.695,36.679823749661,STOP_LOSS_HARD,-75.88
L1,1750986000,1750986060,long,36.695,36.7396940535848,TAKE_PROFIT_HARD,223.47
L1,1750992000,1750992060,long,36.675,36.659823749660994,STOP_LOSS_HARD,-75.88
L1,1751222040,1751222040,long,35.665,35.7096940535848,TAKE_PROFIT_HARD,223.47
L1,1751222640,1751222640,short,35.875,35.890176250339,STOP_LOSS_HARD,-75.88
L1,1751519760,1751519760,long,37.235,37.219823749660996,STOP_LOSS_HARD,-75.88
L1,1751531640,1751531640,long,36.81,36.8546940535848,TAKE_PROFIT_HARD,223.47
L1,1751531760,1751531760,long,36.765,36.749823749661,STOP_LOSS_HARD,-75.88
L1,1751533200,1751533200,long,36.84,36.824823749661,STOP_LOSS_HARD,-75.88
L1,1751533320,1751533320,long,36.755,36.739823749661,STOP_LOSS_HARD,-75.88
L1,1751541960,1751542020,short,36.995,37.010176250339,STOP_LOSS_HARD,-75.88
L1,1751577240,1751577300,short,36.99,37.005176250339005,STOP_LOSS_HARD,-75.88
L1,1751580120,1751580720,short,36.99,36.9453059464152,TAKE_PROFIT_HARD,223.47
L1,1751586000,1751586840,short,37.0,37.02,STOP_LOSS_HARD,-100.0
L1,1751600040,1751600040,short,36.99,37.005176250339005,STOP_LOSS_HARD,-75.88
L1,1751600160,1751600340,short,37.02,37.035176250339006,STOP_LOSS_HARD,-75.88
L1,1751604840,1751605140,short,37.025,37.040176250339,STOP_LOSS_HARD,-75.88
L1,1751609160,1751609520,short,37.0,37.02,STOP_LOSS_HARD,-100.0
L1,1751848680,1751848680,long,36.68,36.664823749661,STOP_LOSS_HARD,-75.88
L1,1751850480,1751850960,long,36.705,36.7496940535848,TAKE_PROFIT_HARD,223.47
L1,1751857680,1751857920,long,36.69,36.734694053584796,TAKE_PROFIT_HARD,223.47
L1,1751860440,1751860560,long,36.7,36.684823749661,STOP_LOSS_HARD,-75.88
L1,1751866560,1751866860,long,36.705,36.7496940535848,TAKE_PROFIT_HARD,223.47
L1,1751888520,1751889120,short,36.85,36.865176250339005,STOP_LOSS_HARD,-75.88
L1,1751891040,1751892060,short,36.855,36.870176250339,STOP_LOSS_HARD,-75.88
L1,1751892840,1751893560,short,36.855,36.870176250339,STOP_LOSS_HARD,-75.88
L1,1751899080,1751899380,short,36.855,36.870176250339,STOP_LOSS_HARD,-75.88
L1,1751963520,1751963820,short,36.87,36.885176250339,STOP_LOSS_HARD,-75.88
L1,1751967000,1751967240,short,36.85,36.8053059464152,TAKE_PROFIT_HARD,223.47
L1,1751968440,1751968860,long,36.695,36.7396940535848,TAKE_PROFIT_HARD,223.47
L1,1751969040,1751969040,long,36.69,36.674823749660995,STOP_LOSS_HARD,-75.88
L1,1751979600,1751979600,long,36.695,36.679823749661,STOP_LOSS_HARD,-75.88
L1,1751979720,1751979840,long,36.69,36.734694053584796,TAKE_PROFIT_HARD,223.47
L1,1751980440,1751980560,long,36.695,36.7396940535848,TAKE_PROFIT_HARD,223.47
L1,1751983440,1751984100,short,36.855,36.8103059464152,TAKE_PROFIT_HARD,223.47
L1,1751986080,1751986320,short,36.87,36.885176250339,STOP_LOSS_HARD,-75.88
L1,1751988840,1751990520,short,36.875,36.8303059464152,TAKE_PROFIT_HARD,223.47
L1,1752008880,1752009660,short,36.85,36.865176250339005,STOP_LOSS_HARD,-75.88
L1,1752011040,1752011100,short,36.86,36.8153059464152,TAKE_PROFIT_HARD,223.47
L1,1752015000,1752015120,long,36.685,36.73,TAKE_PROFIT_HARD,225.0
L1,1752018000,1752018180,long,36.7,36.7446940535848,TAKE_PROFIT_HARD,223.47
L1,1752024600,1752024660,short,36.85,36.8053059464152,TAKE_PROFIT_HARD,223.47
L1,1752025320,1752025320,short,36.86,36.875176250339,STOP_LOSS_HARD,-75.88
L1,1752027000,1752027120,short,36.86,36.8153059464152,TAKE_PROFIT_HARD,223.47
L1,1752031920,1752032040,long,36.69,36.734694053584796,TAKE_PROFIT_HARD,223.47
L1,1752032280,1752032400,long,36.695,36.7396940535848,TAKE_PROFIT_HARD,223.47
L1,1752035880,1752036060,long,36.63,36.6746940535848,TAKE_PROFIT_HARD,223.47
L1,1752048840,1752049020,long,36.7,36.684823749661,STOP_LOSS_HARD,-75.88
L1,1752096120,1752096900,long,36.69,36.674823749660995,STOP_LOSS_HARD,-75.88
L1,1752100800,1752101040,long,36.705,36.689823749660995,STOP_LOSS_HARD,-75.88
L1,1752105240,1752106740,long,36.695,36.68,STOP_LOSS_SOFT,-75.0
L1,1752112200,1752112380,long,36.7,36.684823749661,STOP_LOSS_HARD,-75.88
L1,1752123000,1752123120,short,36.86,36.875176250339,STOP_LOSS_HARD,-75.88
L1,1752123840,1752123840,short,36.86,36.875176250339,STOP_LOSS_HARD,-75.88
L1,1752126480,1752127020,short,36.85,36.865176250339005,STOP_LOSS_HARD,-75.88
L1,1752127800,1752128280,short,36.85,36.865176250339005,STOP_LOSS_HARD,-75.88
L1,1752171360,1752171720,short,37.84,37.795305946415205,TAKE_PROFIT_HARD,223.47
L1,1752181440,1752181620,long,37.56,37.544823749661,STOP_LOSS_HARD,-75.88
L1,1752187320,1752187680,short,37.85,37.8053059464152,TAKE_PROFIT_HARD,223.47
L1,1752188040,1752188220,short,37.835,37.7903059464152,TAKE_PROFIT_HARD,223.47
L1,1752198600,1752198660,long,38.14,38.1846940535848,TAKE_PROFIT_HARD,223.47
L1,1752203040,1752203040,short,38.025,38.040176250339,STOP_LOSS_HARD,-75.88
L1,1752206160,1752206160,long,38.175,38.159823749660994,STOP_LOSS_HARD,-75.88
L1,1752207000,1752207060,long,38.24,38.224823749661,STOP_LOSS_HARD,-75.88
L1,1752223200,1752223200,short,38.605,38.620176250339,STOP_LOSS_HARD,-75.88
L1,1752224640,1752224640,short,38.545,38.560176250339005,STOP_LOSS_HARD,-75.88
L1,1752224880,1752225060,short,38.56,38.515305946415204,TAKE_PROFIT_HARD,223.47
L1,1752226440,1752226500,short,38.55,38.5053059464152,TAKE_PROFIT_HARD,223.47
L1,1752226800,1752226800,short,38.565,38.580176250339,STOP_LOSS_HARD,-75.88
L1,1752228240,1752228240,short,38.55,38.565176250339,STOP_LOSS_HARD,-75.88
L1,1752229560,1752229560,short,38.81,38.825176250339005,STOP_LOSS_HARD,-75.88
L1,1752229680,1752229680,short,38.84,38.85517625033901,STOP_LOSS_HARD,-75.88
L1,1752232680,1752232860,short,38.87,38.885176250339,STOP_LOSS_HARD,-75.88
L1,1752235200,1752235260,short,38.815,38.830176250339,STOP_LOSS_HARD,-75.88
L1,1752236400,1752236700,short,38.815,38.830176250339,STOP_LOSS_HARD,-75.88
L1,1752490680,1752490680,long,38.655,38.639823749661,STOP_LOSS_HARD,-75.88
L1,1752492240,1752492240,long,38.645,38.629823749661,STOP_LOSS_HARD,-75.88
L1,1752492720,1752492960,long,38.65,38.6946940535848,TAKE_PROFIT_HARD,223.47
L1,1752501240,1752501600,long,38.66,38.64482374966099,STOP_LOSS_HARD,-75.88
L1,1752502800,1752503400,long,38.655,38.639823749661,STOP_LOSS_HARD,-75.88
L1,1752504480,1752504900,long,38.66,38.64482374966099,STOP_LOSS_HARD,-75.88
L1,1752504960,1752506580,long,38.64,38.624823749661,STOP_LOSS_HARD,-75.88
L1,1752552120,1752552120,long,38.65,38.634823749660995,STOP_LOSS_HARD,-75.88
L1,1752568320,1752568320,long,38.51,38.5546940535848,TAKE_PROFIT_HARD,223.47
L1,1752633960,1752635760,short,38.19,38.205176250339,STOP_LOSS_HARD,-75.88
L1,1752636720,1752637860,short,38.2,38.215176250339006,STOP_LOSS_HARD,-75.88
L1,1752651120,1752651120,short,38.19,38.205176250339,STOP_LOSS_HARD,-75.88
L1,1752651720,1752651780,short,38.21,38.225176250339004,STOP_LOSS_HARD,-75.88
L1,1752655320,1752655440,short,38.185,38.140305946415204,TAKE_PROFIT_HARD,223.47
L1,1752656640,1752656640,short,38.205,38.220176250339,STOP_LOSS_HARD,-75.88
L1,1752657120,1752657240,long,38.155,38.139823749661,STOP_LOSS_HARD,-75.88
L1,1752657720,1752658020,long,38.155,38.139823749661,STOP_LOSS_HARD,-75.88
L1,1752662640,1752662820,short,37.85,37.865176250339005,STOP_LOSS_HARD,-75.88
L1,1752673800,1752674580,short,38.185,38.140305946415204,TAKE_PROFIT_HARD,223.47
L1,1752703080,1752703260,short,38.205,38.220176250339,STOP_LOSS_HARD,-75.88
L1,1752703680,1752703680,long,38.17,38.154823749661,STOP_LOSS_HARD,-75.88
L1,1752708360,1752709020,short,38.195,38.210176250339,STOP_LOSS_HARD,-75.88
L1,1752743640,1752743760,short,37.885,37.900176250339,STOP_LOSS_HARD,-75.88
L1,1752749880,1752750540,short,38.195,38.1503059464152,TAKE_PROFIT_HARD,223.47
L1,1752750600,1752750720,long,38.16,38.204694053584795,TAKE_PROFIT_HARD,223.47
L1,1752750840,1752751680,long,38.175,38.219694053584796,TAKE_PROFIT_HARD,223.47
L1,1752807960,1752808020,short,38.81,38.765305946415204,TAKE_PROFIT_HARD,223.47
L1,1752808800,1752809160,long,38.655,38.639823749661,STOP_LOSS_HARD,-75.88
L1,1752810360,1752810960,long,38.645,38.6896940535848,TAKE_PROFIT_HARD,223.47
L1,1752812160,1752812640,long,38.66,38.705,TAKE_PROFIT_HARD,225.0
L1,1752813600,1752815040,long,38.65,38.6946940535848,TAKE_PROFIT_HARD,223.47
L1,1752819960,1752820260,long,38.65,38.6946940535848,TAKE_PROFIT_HARD,223.47
L1,1752822720,1752822900,long,38.625,38.6696940535848,TAKE_PROFIT_HARD,223.47
L1,1752823320,1752823980,long,38.655,38.6996940535848,TAKE_PROFIT_HARD,223.47
L1,1752829920,1752829920,long,38.65,38.634823749660995,STOP_LOSS_HARD,-75.88
L1,1752830400,1752830400,long,38.645,38.629823749661,STOP_LOSS_HARD,-75.88
L1,1752834600,1752834780,long,38.625,38.609823749661,STOP_LOSS_HARD,-75.88
L1,1753069800,1753069800,short,38.82,38.7753059464152,TAKE_PROFIT_HARD,223.47
L1,1753071240,1753071540,short,38.81,38.825176250339005,STOP_LOSS_HARD,-75.88
L1,1753074240,1753074660,short,38.815,38.77,TAKE_PROFIT_HARD,225.0
L1,1753085880,1753085880,short,38.835,38.850176250339004,STOP_LOSS_HARD,-75.88
L1,1753092480,1753093080,short,39.365,39.3203059464152,TAKE_PROFIT_HARD,223.47
L1,1753094040,1753094400,short,39.32,39.335176250339,STOP_LOSS_HARD,-75.88
L1,1753108800,1753109460,short,39.32,39.335,STOP_LOSS_SOFT,-75.0
L1,1753110240,1753110360,short,39.315,39.330176250339,STOP_LOSS_HARD,-75.88
L1,1753112400,1753113000,short,39.315,39.2703059464152,TAKE_PROFIT_HARD,223.47
L1,1753133040,1753133160,long,39.115,39.1596940535848,TAKE_PROFIT_HARD,223.47
L1,1753133280,1753133280,long,39.135,39.119823749660995,STOP_LOSS_HARD,-75.88
L1,1753138920,1753140060,long,39.155,39.139823749661,STOP_LOSS_HARD,-75.88
L1,1753142520,1753142820,long,39.145,39.125,STOP_LOSS_HARD,-100.0
L1,1753153440,1753153620,long,39.165,39.149823749660996,STOP_LOSS_HARD,-75.88
L1,1753154880,1753155180,long,39.165,39.2096940535848,TAKE_PROFIT_HARD,223.47
L1,1753156320,1753156620,long,39.165,39.149823749660996,STOP_LOSS_HARD,-75.88
L1,1753157160,1753157640,long,39.155,39.1996940535848,TAKE_PROFIT_HARD,223.47
L1,1753160160,1753161420,long,39.165,39.149823749660996,STOP_LOSS_HARD,-75.88
L1,1753165800,1753165800,long,39.135,39.119823749660995,STOP_LOSS_HARD,-75.88
L1,1753173360,1753173420,short,39.355,39.375,STOP_LOSS_HARD,-100.0
L1,1753176000,1753176060,long,39.55,39.594694053584796,TAKE_PROFIT_HARD,223.47
L1,1753176720,1753176780,long,39.53,39.514823749661,STOP_LOSS_HARD,-75.88
L1,1753179000,1753179000,long,39.165,39.149823749660996,STOP_LOSS_HARD,-75.88
L1,1753179720,1753179780,short,39.325,39.340176250339006,STOP_LOSS_HARD,-75.88
L1,1753179840,1753179900,short,39.355,39.3103059464152,TAKE_PROFIT_HARD,223.47
L1,1753180080,1753180080,short,39.345,39.360176250339,STOP_LOSS_HARD,-75.88
L1,1753189200,1753189620,long,39.57,39.554823749661,STOP_LOSS_HARD,-75.88
L1,1753198560,1753199160,long,39.575,39.6196940535848,TAKE_PROFIT_HARD,223.47
L1,1753218240,1753218600,long,39.54,39.5846940535848,TAKE_PROFIT_HARD,223.47
L1,1753218960,1753219020,long,39.57,39.6146940535848,TAKE_PROFIT_HARD,223.47
L1,1753219320,1753219320,long,39.565,39.549823749660995,STOP_LOSS_HARD,-75.88
L1,1753221360,1753221840,long,39.55,39.594694053584796,TAKE_PROFIT_HARD,223.47
L1,1753243320,1753243800,long,39.54,39.5846940535848,TAKE_PROFIT_HARD,223.47
L1,1753269240,1753269540,short,39.895,39.850305946415205,TAKE_PROFIT_HARD,223.47
L1,1753269720,1753269960,short,39.88,39.895176250339006,STOP_LOSS_HARD,-75.88
L1,1753272840,1753272840,long,39.49,39.474823749661,STOP_LOSS_HARD,-75.88
L1,1753281840,1753282260,long,39.55,39.594694053584796,TAKE_PROFIT_HARD,223.47
L1,1753286640,1753286700,long,39.57,39.554823749661,STOP_LOSS_HARD,-75.88
L1,1753287120,1753287660,long,39.57,39.554823749661,STOP_LOSS_HARD,-75.88
L1,1753308960,1753309320,short,39.355,39.3103059464152,TAKE_PROFIT_HARD,223.47
L1,1753324800,1753324860,short,39.33,39.345176250339,STOP_LOSS_HARD,-75.88
L1,1753329840,1753329840,short,39.325,39.340176250339006,STOP_LOSS_HARD,-75.88
L1,1753330560,1753330740,short,39.345,39.295,TAKE_PROFIT_HARD,250.0
L1,1753331760,1753333440,short,39.345,39.3,TAKE_PROFIT_HARD,225.0
L1,1753336560,1753336680,short,39.355,39.31,TAKE_PROFIT_HARD,225.0
L1,1753336800,1753336920,short,39.33,39.345176250339,STOP_LOSS_HARD,-75.88
L1,1753338000,1753338300,short,39.315,39.330176250339,STOP_LOSS_HARD,-75.88
L1,1753340520,1753340520,short,39.33,39.345176250339,STOP_LOSS_HARD,-75.88
L1,1753342080,1753342140,short,39.32,39.335176250339,STOP_LOSS_HARD,-75.88
L1,1753342920,1753343100,short,39.315,39.2703059464152,TAKE_PROFIT_HARD,223.47
L1,1753344360,1753344360,short,39.315,39.330176250339,STOP_LOSS_HARD,-75.88
L1,1753344720,1753344900,short,39.33,39.345176250339,STOP_LOSS_HARD,-75.88
L1,1753347000,1753347000,long,39.075,39.059823749661,STOP_LOSS_HARD,-75.88
L1,1753348560,1753348680,long,39.155,39.2,TAKE_PROFIT_HARD,225.0
L1,1753348800,1753348860,long,39.155,39.1996940535848,TAKE_PROFIT_HARD,223.47
L1,1753349520,1753349520,long,39.165,39.149823749660996,STOP_LOSS_HARD,-75.88
L1,1753352280,1753353060,short,39.32,39.335176250339,STOP_LOSS_HARD,-75.88
L1,1753353120,1753353720,short,39.335,39.2903059464152,TAKE_PROFIT_HARD,223.47
L1,1753361640,1753362000,long,39.165,39.149823749660996,STOP_LOSS_HARD,-75.88
L1,1753369080,1753369440,short,39.315,39.330176250339,STOP_LOSS_HARD,-75.88
L1,1753381920,1753382160,short,39.315,39.335,STOP_LOSS_HARD,-100.0
L1,1753399560,1753400220,short,39.32,39.2753059464152,TAKE_PROFIT_HARD,223.47
L1,1753400880,1753401480,short,39.32,39.2753059464152,TAKE_PROFIT_HARD,223.47
L1,1753413600,1753413660,short,39.315,39.335,STOP_LOSS_HARD,-100.0
L1,1753417200,1753417200,long,39.145,39.129823749661,STOP_LOSS_HARD,-75.88
L1,1753418160,1753418460,long,39.145,39.1896940535848,TAKE_PROFIT_HARD,223.47
L1,1753443840,1753443840,long,38.145,38.129823749661,STOP_LOSS_HARD,-75.88
L1,1753691280,1753691340,long,38.145,38.1896940535848,TAKE_PROFIT_HARD,223.47
L1,1753696440,1753696440,long,38.135,38.119823749660995,STOP_LOSS_HARD,-75.88
L1,1753758360,1753758360,long,38.175,38.159823749660994,STOP_LOSS_HARD,-75.88
L1,1753760280,1753760580,long,38.17,38.15,STOP_LOSS_HARD,-100.0
L1,1753783560,1753783800,long,38.165,38.21,TAKE_PROFIT_HARD,225.0
L1,1753841400,1753841400,long,38.175,38.159823749660994,STOP_LOSS_HARD,-75.88
L1,1753841520,1753841640,long,38.17,38.154823749661,STOP_LOSS_HARD,-75.88
L1,1753844520,1753844580,long,38.155,38.1996940535848,TAKE_PROFIT_HARD,223.47
L1,1753845600,1753846020,long,38.165,38.149823749660996,STOP_LOSS_HARD,-75.88
L1,1753846440,1753848840,long,38.17,38.154823749661,STOP_LOSS_HARD,-75.88
L1,1753855800,1753857240,long,38.175,38.159823749660994,STOP_LOSS_HARD,-75.88
L1,1753859880,1753859880,short,38.005,38.020176250339006,STOP_LOSS_HARD,-75.88
L1,1753869720,1753869840,short,37.845,37.8003059464152,TAKE_PROFIT_HARD,223.47
L1,1753870440,1753870620,short,37.83,37.7853059464152,TAKE_PROFIT_HARD,223.47
L1,1753875240,1753875420,long,37.59,37.574823749661,STOP_LOSS_HARD,-75.88
L1,1753875480,1753875480,long,37.58,37.6246940535848,TAKE_PROFIT_HARD,223.47
L1,1753885200,1753885200,long,37.585,37.6296940535848,TAKE_PROFIT_HARD,223.47
L1,1753885560,1753885560,long,37.555,37.5996940535848,TAKE_PROFIT_HARD,223.47
L1,1753885920,1753885920,long,37.55,37.534823749660994,STOP_LOSS_HARD,-75.88
L1,1753941840,1753941900,long,36.84,36.82,STOP_LOSS_HARD,-100.0
L1,1754051280,1754051400,long,36.84,36.824823749661,STOP_LOSS_HARD,-75.88
L1,1754051880,1754051880,long,36.84,36.824823749661,STOP_LOSS_HARD,-75.88
L1,1754391600,1754391660,long,37.81,37.79,STOP_LOSS_HARD,-100.0
L1,1754392920,1754393280,long,37.79,37.8346940535848,TAKE_PROFIT_HARD,223.47
L1,1754396040,1754396220,long,37.8,37.784823749660994,STOP_LOSS_HARD,-75.88
L1,1754397120,1754397360,long,37.795,37.779823749661,STOP_LOSS_HARD,-75.88
L1,1754398560,1754400600,long,37.805,37.8496940535848,TAKE_PROFIT_HARD,223.47
L1,1754417880,1754424960,long,37.81,37.83,TIME_CAP,100.0
L1,1754427840,1754429880,long,37.81,37.855,TAKE_PROFIT_HARD,225.0
L1,1754434080,1754434860,long,37.805,37.8496940535848,TAKE_PROFIT_HARD,223.47
L1,1754442480,1754442600,long,37.81,37.794823749661,STOP_LOSS_HARD,-75.88
L1,1754442960,1754443020,long,37.795,37.779823749661,STOP_LOSS_HARD,-75.88
L1,1754443440,1754443800,long,37.805,37.789823749661,STOP_LOSS_HARD,-75.88
L1,1754454360,1754454720,long,37.81,37.794823749661,STOP_LOSS_HARD,-75.88
L1,1754468760,1754468880,long,37.79,37.774823749660996,STOP_LOSS_HARD,-75.88
L1,1754475960,1754476200,short,37.955,37.970176250339,STOP_LOSS_HARD,-75.88
L1,1754476680,1754476980,short,37.975,37.9303059464152,TAKE_PROFIT_HARD,223.47
L1,1754477760,1754477880,short,37.965,37.98017625033901,STOP_LOSS_HARD,-75.88
L1,1754478600,1754478960,short,37.955,37.9103059464152,TAKE_PROFIT_HARD,223.47
L1,1754481720,1754482440,short,37.96,37.9153059464152,TAKE_PROFIT_HARD,223.47
L1,1754491680,1754492280,short,37.96,37.9153059464152,TAKE_PROFIT_HARD,223.47
L1,1754494320,1754495640,short,37.96,37.9153059464152,TAKE_PROFIT_HARD,223.47
L1,1754518920,1754518980,long,38.05,38.034823749660994,STOP_LOSS_HARD,-75.88
L1,1754535120,1754535180,short,38.3,38.315176250339,STOP_LOSS_HARD,-75.88
L1,1754536200,1754536320,short,38.315,38.330176250339,STOP_LOSS_HARD,-75.88
L1,1754540280,1754540280,short,38.31,38.325176250339005,STOP_LOSS_HARD,-75.88
L1,1754541360,1754541840,short,38.335,38.350176250339004,STOP_LOSS_HARD,-75.88
L1,1754546760,1754546820,short,38.485,38.500176250339,STOP_LOSS_HARD,-75.88
L1,1754546880,1754547060,short,38.5,38.4553059464152,TAKE_PROFIT_HARD,223.47
L1,1754548320,1754548320,short,38.495,38.510176250339,STOP_LOSS_HARD,-75.88
L1,1754550120,1754550540,long,38.625,38.6696940535848,TAKE_PROFIT_HARD,223.47
L1,1754551440,1754551500,long,38.65,38.634823749660995,STOP_LOSS_HARD,-75.88
L1,1754552280,1754552280,long,38.64,38.624823749661,STOP_LOSS_HARD,-75.88
L1,1754556000,1754556120,long,38.62,38.604823749660994,STOP_LOSS_HARD,-75.88
L1,1754559600,1754559600,long,38.615,38.6596940535848,TAKE_PROFIT_HARD,223.47
L1,1754560200,1754560320,long,38.61,38.6546940535848,TAKE_PROFIT_HARD,223.47
L1,1754561160,1754561160,short,38.52,38.535176250339006,STOP_LOSS_HARD,-75.88
L1,1754566800,1754566920,short,38.305,38.325,STOP_LOSS_HARD,-100.0
L1,1754572920,1754572980,short,38.305,38.320176250339,STOP_LOSS_HARD,-75.88
L1,1754574120,1754575080,short,38.31,38.265,TAKE_PROFIT_HARD,225.0
L1,1754577360,1754577840,long,38.205,38.189823749660995,STOP_LOSS_HARD,-75.88
L1,1754578920,1754579820,long,38.205,38.2496940535848,TAKE_PROFIT_HARD,223.47
L1,1754583720,1754584860,short,38.5,38.515176250339,STOP_LOSS_HARD,-75.88
L1,1754597640,1754597820,long,38.63,38.614823749661,STOP_LOSS_HARD,-75.88
L1,1754601840,1754602080,short,38.5,38.515176250339,STOP_LOSS_HARD,-75.88
L1,1754603760,1754603880,short,38.485,38.500176250339,STOP_LOSS_HARD,-75.88
L1,1754610000,1754611320,short,38.5,38.4553059464152,TAKE_PROFIT_HARD,223.47
L1,1754611920,1754615100,short,38.495,38.510176250339,STOP_LOSS_HARD,-75.88
L1,1754616600,1754616660,short,38.495,38.510176250339,STOP_LOSS_HARD,-75.88
L1,1754627520,1754627580,long,38.62,38.604823749660994,STOP_LOSS_HARD,-75.88
L1,1754631120,1754631240,long,38.655,38.639823749661,STOP_LOSS_HARD,-75.88
L1,1754641560,1754641560,short,38.505,38.520176250339006,STOP_LOSS_HARD,-75.88
L1,1754643960,1754644200,short,38.53,38.545176250339004,STOP_LOSS_HARD,-75.88
L1,1754667720,1754668380,short,38.49,38.505176250339005,STOP_LOSS_HARD,-75.88
L1,1754856960,1754856960,short,38.32,38.335176250339,STOP_LOSS_HARD,-75.88
L1,1754862600,1754862600,short,38.31,38.325176250339005,STOP_LOSS_HARD,-75.88
L1,1754866440,1754869320,short,38.245,38.2003059464152,TAKE_PROFIT_HARD,223.47
L1,1754877360,1754878380,short,38.32,38.2753059464152,TAKE_PROFIT_HARD,223.47
L1,1754881800,1754881860,long,38.06,38.044823749661,STOP_LOSS_HARD,-75.88
L1,1754881920,1754881980,long,38.05,38.094694053584796,TAKE_PROFIT_HARD,223.47
L1,1754882880,1754882940,long,38.065,38.049823749660995,STOP_LOSS_HARD,-75.88
L1,1754883000,1754883000,long,38.055,38.039823749661,STOP_LOSS_HARD,-75.88
L1,1754935920,1754938500,short,37.625,37.64,STOP_LOSS_SOFT,-75.0
L1,1755043560,1755046740,short,38.24,38.255176250339005,STOP_LOSS_HARD,-75.88
L1,1755075120,1755075600,long,38.625,38.609823749661,STOP_LOSS_HARD,-75.88
L1,1755128040,1755128040,long,38.645,38.629823749661,STOP_LOSS_HARD,-75.88
L1,1755147720,1755147900,short,38.31,38.325176250339005,STOP_LOSS_HARD,-75.88
L1,1755159840,1755160020,short,38.34,38.295305946415205,TAKE_PROFIT_HARD,223.47
L1,1755160560,1755160740,short,38.28,38.2353059464152,TAKE_PROFIT_HARD,223.47
L1,1755161040,1755161040,short,38.315,38.330176250339,STOP_LOSS_HARD,-75.88
L1,1755164280,1755164580,short,38.315,38.2703059464152,TAKE_PROFIT_HARD,223.47
L1,1755167040,1755167220,long,38.055,38.0996940535848,TAKE_PROFIT_HARD,223.47
L1,1755168600,1755168780,long,38.045,38.029823749661,STOP_LOSS_HARD,-75.88
L1,1755177960,1755178200,long,38.06,38.044823749661,STOP_LOSS_HARD,-75.88
L1,1755182760,1755183720,long,38.08,38.1246940535848,TAKE_PROFIT_HARD,223.47
L1,1755185880,1755186360,long,38.08,38.06,STOP_LOSS_HARD,-100.0
L1,1755215520,1755215940,long,38.06,38.045,STOP_LOSS_SOFT,-75.0
L1,1755216360,1755218400,long,38.055,38.039823749661,STOP_LOSS_HARD,-75.88
L1,1755223560,1755223680,long,38.06,38.044823749661,STOP_LOSS_HARD,-75.88
L1,1755231360,1755231480,long,38.05,38.03,STOP_LOSS_HARD,-100.0
L1,1755469320,1755469440,long,38.065,38.049823749660995,STOP_LOSS_HARD,-75.88
L1,1755470880,1755471360,long,38.06,38.044823749661,STOP_LOSS_HARD,-75.88
L1,1755472200,1755473160,long,38.06,38.1046940535848,TAKE_PROFIT_HARD,223.47
L1,1755490440,1755490920,long,38.055,38.0996940535848,TAKE_PROFIT_HARD,223.47
L1,1755511320,1755511380,long,38.05,38.094694053584796,TAKE_PROFIT_HARD,223.47
L1,1755511800,1755511920,long,38.065,38.049823749660995,STOP_LOSS_HARD,-75.88
L1,1755514080,1755514620,long,38.055,38.0996940535848,TAKE_PROFIT_HARD,223.47
L1,1755515040,1755515100,long,38.065,38.049823749660995,STOP_LOSS_HARD,-75.88
L1,1755516000,1755516120,long,38.055,38.1,TAKE_PROFIT_HARD,225.0
L1,1755524520,1755526740,long,38.06,38.045,STOP_LOSS_SOFT,-75.0
L1,1755594120,1755594300,long,38.055,38.039823749661,STOP_LOSS_HARD,-75.88
L1,1755594360,1755594360,long,38.04,38.024823749660996,STOP_LOSS_HARD,-75.88
L1,1755600240,1755600300,long,37.56,37.6046940535848,TAKE_PROFIT_HARD,223.47
L1,1755600480,1755600600,long,37.58,37.564823749660995,STOP_LOSS_HARD,-75.88
L1,1755600720,1755600780,long,37.535,37.579694053584795,TAKE_PROFIT_HARD,223.47
L1,1755654840,1755655080,short,37.145,37.160176250339006,STOP_LOSS_HARD,-75.88
L1,1755658800,1755659040,short,37.135,37.09,TAKE_PROFIT_HARD,225.0
L1,1755659160,1755659280,short,37.14,37.155176250339004,STOP_LOSS_HARD,-75.88
L1,1755682320,1755682320,short,37.74,37.755176250339005,STOP_LOSS_HARD,-75.88
L1,1755683880,1755683880,short,37.745,37.760176250339,STOP_LOSS_HARD,-75.88
L1,1755686040,1755686040,short,37.74,37.755176250339005,STOP_LOSS_HARD,-75.88
L1,1755688680,1755688680,short,37.75,37.765176250339,STOP_LOSS_HARD,-75.88
L1,1755759120,1755759300,long,37.575,37.559823749661,STOP_LOSS_HARD,-75.88
L1,1755760200,1755760440,long,37.585,37.6296940535848,TAKE_PROFIT_HARD,223.47
L1,1755762720,1755763440,short,37.73,37.745176250339,STOP_LOSS_HARD,-75.88
L1,1755774480,1755774780,long,38.06,38.044823749661,STOP_LOSS_HARD,-75.88
L1,1755779880,1755780300,long,38.06,38.1046940535848,TAKE_PROFIT_HARD,223.47
L1,1755787080,1755789180,long,38.065,38.109694053584796,TAKE_PROFIT_HARD,223.47
L1,1755808080,1755808980,long,38.06,38.044823749661,STOP_LOSS_HARD,-75.88
L1,1755817320,1755817320,long,38.06,38.044823749661,STOP_LOSS_HARD,-75.88
L1,1755818520,1755818640,long,38.06,38.044823749661,STOP_LOSS_HARD,-75.88
L1,1755859680,1755859680,short,38.93,38.945176250339,STOP_LOSS_HARD,-75.88
L1,1755860640,1755860760,short,38.995,39.010176250339,STOP_LOSS_HARD,-75.88
L1,1755863640,1755863640,short,38.945,38.960176250339,STOP_LOSS_HARD,-75.88
L1,1755879960,1755880500,short,38.93,38.8853059464152,TAKE_PROFIT_HARD,223.47
L1,1756110720,1756110840,long,38.635,38.619823749660995,STOP_LOSS_HARD,-75.88
L1,1756111920,1756111980,short,38.645,38.66,STOP_LOSS_SOFT,-75.0
L1,1756112160,1756112580,long,38.655,38.639823749661,STOP_LOSS_HARD,-75.88
L1,1756112640,1756112640,long,38.63,38.614823749661,STOP_LOSS_HARD,-75.88
L1,1756114800,1756115100,short,38.64,38.655176250339004,STOP_LOSS_HARD,-75.88
L1,1756133160,1756133280,long,38.645,38.629823749661,STOP_LOSS_HARD,-75.88
L1,1756149240,1756149240,long,38.49,38.474823749661,STOP_LOSS_HARD,-75.88
L1,1756153320,1756153380,short,38.665,38.680176250339,STOP_LOSS_HARD,-75.88
L1,1756153560,1756153560,short,38.67,38.6253059464152,TAKE_PROFIT_HARD,223.47
L1,1756179000,1756179840,short,38.64,38.66,STOP_LOSS_HARD,-100.0
L1,1756184280,1756184340,long,38.655,38.639823749661,STOP_LOSS_HARD,-75.88
L1,1756184400,1756184400,long,38.63,38.614823749661,STOP_LOSS_HARD,-75.88
L1,1756184880,1756185180,short,38.645,38.660176250339006,STOP_LOSS_HARD,-75.88
L1,1756187400,1756187400,long,38.425,38.409823749660994,STOP_LOSS_HARD,-75.88
L1,1756188480,1756188480,long,38.475,38.459823749661,STOP_LOSS_HARD,-75.88
L1,1756189440,1756189740,long,38.47,38.454823749660996,STOP_LOSS_HARD,-75.88
L1,1756192920,1756193460,long,38.47,38.5146940535848,TAKE_PROFIT_HARD,223.47
L1,1756197120,1756197180,long,38.485,38.469823749660996,STOP_LOSS_HARD,-75.88
L1,1756199040,1756199640,long,38.415,38.399823749660996,STOP_LOSS_HARD,-75.88
L1,1756201800,1756202040,long,38.48,38.525,TAKE_PROFIT_HARD,225.0
L1,1756202280,1756202460,long,38.49,38.5346940535848,TAKE_PROFIT_HARD,223.47
L1,1756203360,1756203480,long,38.49,38.5346940535848,TAKE_PROFIT_HARD,223.47
L1,1756205760,1756206060,short,38.64,38.5953059464152,TAKE_PROFIT_HARD,223.47
L1,1756208760,1756208760,short,38.65,38.665176250339,STOP_LOSS_HARD,-75.88
L1,1756209240,1756209240,short,38.645,38.660176250339006,STOP_LOSS_HARD,-75.88
L1,1756210200,1756210260,long,38.645,38.629823749661,STOP_LOSS_HARD,-75.88
L1,1756373160,1756373160,long,39.66,39.64482374966099,STOP_LOSS_HARD,-75.88
L1,1756386000,1756386360,long,39.71,39.7546940535848,TAKE_PROFIT_HARD,223.47
L1,1756386960,1756387260,long,39.71,39.694823749661,STOP_LOSS_HARD,-75.88
L1,1756392600,1756395000,long,39.705,39.689823749660995,STOP_LOSS_HARD,-75.88
L1,1756396920,1756399500,long,39.705,39.705,END_OF_DAY,0.0
L1,1756463400,1756463400,short,39.86,39.875176250339,STOP_LOSS_HARD,-75.88
L1,1756468800,1756468800,short,40.425,40.440176250339,STOP_LOSS_HARD,-75.88
L1,1756722480,1756722780,long,41.57,41.554823749661,STOP_LOSS_HARD,-75.88
L1,1756722840,1756723380,long,41.565,41.549823749660995,STOP_LOSS_HARD,-75.88
L1,1756723440,1756723560,long,41.545,41.529823749661,STOP_LOSS_HARD,-75.88
L1,1756725720,1756725840,long,41.57,41.554823749661,STOP_LOSS_HARD,-75.88
L1,1756727760,1756728000,long,41.58,41.564823749660995,STOP_LOSS_HARD,-75.88
L1,1756736640,1756736640,short,41.74,41.755176250339005,STOP_LOSS_HARD,-75.88
L1,1756750680,1756751580,short,41.74,41.6953059464152,TAKE_PROFIT_HARD,223.47
L1,1756753200,1756753800,long,41.575,41.559823749661,STOP_LOSS_HARD,-75.88
L1,1756758600,1756758780,short,41.745,41.760176250339,STOP_LOSS_HARD,-75.88
L1,1756759560,1756760340,short,41.76,41.775176250339,STOP_LOSS_HARD,-75.88
L1,1756766280,1756766280,short,41.745,41.760176250339,STOP_LOSS_HARD,-75.88
L1,1756773000,1756773120,short,41.74,41.76,STOP_LOSS_HARD,-100.0
L1,1756776720,1756776780,short,41.74,41.755176250339005,STOP_LOSS_HARD,-75.88
L1,1756776840,1756776840,short,41.755,41.770176250339006,STOP_LOSS_HARD,-75.88
L1,1756778520,1756778580,short,41.74,41.76,STOP_LOSS_HARD,-100.0
L1,1756778760,1756779000,short,41.74,41.6953059464152,TAKE_PROFIT_HARD,223.47
L1,1756780200,1756780260,long,41.575,41.6196940535848,TAKE_PROFIT_HARD,223.47
L1,1756782240,1756782300,short,41.755,41.770176250339006,STOP_LOSS_HARD,-75.88
L1,1756785120,1756785180,long,41.57,41.554823749661,STOP_LOSS_HARD,-75.88
L1,1756812960,1756812960,long,41.57,41.554823749661,STOP_LOSS_HARD,-75.88
L1,1756815480,1756815540,long,41.58,41.564823749660995,STOP_LOSS_HARD,-75.88
L1,1756815960,1756816800,long,41.58,41.6246940535848,TAKE_PROFIT_HARD,223.47
L1,1756831200,1756831500,short,41.74,41.745,END_OF_DAY,-25.0
L1,1756831560,1756831680,short,41.745,41.76,STOP_LOSS_SOFT,-75.0
L1,1756832160,1756832340,short,41.74,41.73,END_OF_DAY,50.0
L1,1756844280,1756844460,short,41.75,41.765176250339,STOP_LOSS_HARD,-75.88
L1,1756845960,1756845960,short,41.755,41.770176250339006,STOP_LOSS_HARD,-75.88
L1,1756849440,1756849500,short,41.745,41.76,STOP_LOSS_SOFT,-75.0
L1,1756853640,1756853820,long,41.57,41.6146940535848,TAKE_PROFIT_HARD,223.47
L1,1756854000,1756854600,long,41.58,41.564823749660995,STOP_LOSS_HARD,-75.88
L1,1756855560,1756855620,long,41.575,41.559823749661,STOP_LOSS_HARD,-75.88
L1,1756856280,1756858620,long,41.58,41.6246940535848,TAKE_PROFIT_HARD,223.47
L1,1756863720,1756863840,long,41.57,41.55,STOP_LOSS_HARD,-100.0
L1,1756871040,1756872180,long,41.57,41.6146940535848,TAKE_PROFIT_HARD,223.47
L1,1756874160,1756875000,long,41.58,41.56,STOP_LOSS_HARD,-100.0
L1,1756875480,1756876020,long,41.57,41.6146940535848,TAKE_PROFIT_HARD,223.47
L1,1756885320,1756885320,short,41.755,41.770176250339006,STOP_LOSS_HARD,-75.88
L1,1756886280,1756886460,short,41.745,41.7003059464152,TAKE_PROFIT_HARD,223.47
L1,1756888680,1756888740,short,41.745,41.760176250339,STOP_LOSS_HARD,-75.88
L1,1756889280,1756889400,short,41.75,41.7053059464152,TAKE_PROFIT_HARD,223.47
L1,1756889640,1756889640,short,41.74,41.755176250339005,STOP_LOSS_HARD,-75.88
L1,1756889760,1756890000,short,41.775,41.790176250339,STOP_LOSS_HARD,-75.88
L1,1756914120,1756914300,short,41.745,41.7003059464152,TAKE_PROFIT_HARD,223.47
L1,1756927920,1756928160,long,41.565,41.609694053584796,TAKE_PROFIT_HARD,223.47
L1,1756932000,1756932000,short,41.745,41.760176250339,STOP_LOSS_HARD,-75.88
L1,1756933680,1756933740,short,41.775,41.7303059464152,TAKE_PROFIT_HARD,223.47
L1,1756933920,1756933980,short,41.745,41.760176250339,STOP_LOSS_HARD,-75.88
L1,1756934040,1756934040,short,41.76,41.775176250339,STOP_LOSS_HARD,-75.88
L1,1756936200,1756936260,long,41.555,41.539823749661,STOP_LOSS_HARD,-75.88
L1,1756936320,1756936680,long,41.53,41.514823749661,STOP_LOSS_HARD,-75.88
L1,1756937040,1756937040,long,41.56,41.544823749661,STOP_LOSS_HARD,-75.88
L1,1756967520,1756968060,long,41.58,41.6246940535848,TAKE_PROFIT_HARD,223.47
L1,1756968840,1756969080,long,41.575,41.559823749661,STOP_LOSS_HARD,-75.88
L1,1756969320,1756969560,long,41.56,41.544823749661,STOP_LOSS_HARD,-75.88
L1,1756978920,1756978920,long,41.535,41.51982374966099,STOP_LOSS_HARD,-75.88
L1,1757061360,1757061360,short,41.755,41.770176250339006,STOP_LOSS_HARD,-75.88
L1,1757063400,1757063460,short,41.765,41.780176250339004,STOP_LOSS_HARD,-75.88
L1,1757063520,1757063520,short,41.805,41.820176250339,STOP_LOSS_HARD,-75.88
L1,1757067480,1757067480,long,41.97,41.954823749660996,STOP_LOSS_HARD,-75.88
L1,1757070480,1757070480,long,41.535,41.51982374966099,STOP_LOSS_HARD,-75.88
L1,1757073480,1757074020,long,41.57,41.6146940535848,TAKE_PROFIT_HARD,223.47
L1,1757075880,1757075940,long,41.57,41.554823749661,STOP_LOSS_HARD,-75.88
L1,1757076480,1757076720,long,41.555,41.5996940535848,TAKE_PROFIT_HARD,223.47
L1,1757330160,1757330160,long,42.25,42.234823749661,STOP_LOSS_HARD,-75.88
L1,1757330280,1757330280,long,42.16,42.204694053584795,TAKE_PROFIT_HARD,223.47
L1,1757593800,1757593860,long,42.255,42.239823749661,STOP_LOSS_HARD,-75.88
L1,1757593920,1757593980,long,42.215,42.199823749661,STOP_LOSS_HARD,-75.88
L1,1757594040,1757594040,long,42.21,42.194823749661,STOP_LOSS_HARD,-75.88
L1,1757594760,1757594820,long,42.2,42.184823749661,STOP_LOSS_HARD,-75.88
L1,1757627040,1757627040,short,42.435,42.450176250339005,STOP_LOSS_HARD,-75.88
L1,1757631960,1757631960,short,42.45,42.465176250339006,STOP_LOSS_HARD,-75.88
L1,1757632080,1757632080,short,42.485,42.500176250339,STOP_LOSS_HARD,-75.88
L1,1757632200,1757632380,short,42.485,42.51,STOP_LOSS_HARD,-125.0
L1,1757632440,1757632620,short,42.515,42.530176250339004,STOP_LOSS_HARD,-75.88
L1,1757640360,1757640420,long,42.71,42.694823749661,STOP_LOSS_HARD,-75.88
L1,1757641440,1757641560,long,42.67,42.654823749661,STOP_LOSS_HARD,-75.88
L1,1757651040,1757651040,long,42.705,42.7496940535848,TAKE_PROFIT_HARD,223.47
L1,1757652840,1757652840,short,43.025,42.9803059464152,TAKE_PROFIT_HARD,223.47
L1,1757653560,1757653560,long,42.8,42.844694053584796,TAKE_PROFIT_HARD,223.47
L1,1757655360,1757655540,long,42.86,42.844823749660996,STOP_LOSS_HARD,-75.88
L1,1757656080,1757656260,long,42.87,42.854823749660994,STOP_LOSS_HARD,-75.88
L1,1757658240,1757659080,long,42.87,42.854823749660994,STOP_LOSS_HARD,-75.88
L1,1757660400,1757660400,long,42.855,42.839823749660994,STOP_LOSS_HARD,-75.88
L1,1757667120,1757667120,short,42.505,42.520176250339006,STOP_LOSS_HARD,-75.88
L1,1757667360,1757667420,short,42.52,42.535176250339006,STOP_LOSS_HARD,-75.88
L1,1757674080,1757674080,long,42.7,42.684823749661,STOP_LOSS_HARD,-75.88
L1,1757675040,1757675100,long,42.69,42.674823749660995,STOP_LOSS_HARD,-75.88
L1,1757675160,1757675160,long,42.675,42.659823749660994,STOP_LOSS_HARD,-75.88
L1,1757677200,1757677500,long,42.705,42.7496940535848,TAKE_PROFIT_HARD,223.47
L1,1757677680,1757678160,long,42.71,42.694823749661,STOP_LOSS_HARD,-75.88
L1,1757696160,1757696340,long,42.685,42.68,END_OF_DAY,-25.0
L1,1757977200,1757977380,long,42.865,42.9096940535848,TAKE_PROFIT_HARD,223.47
L1,1758021240,1758021360,long,42.86,42.9046940535848,TAKE_PROFIT_HARD,223.47
L1,1758021480,1758021540,long,42.855,42.899694053584795,TAKE_PROFIT_HARD,223.47
L1,1758021840,1758022140,long,42.86,42.844823749660996,STOP_LOSS_HARD,-75.88
L1,1758035400,1758038340,long,42.86,42.844823749660996,STOP_LOSS_HARD,-75.88
L1,1758056880,1758057120,long,42.85,42.834823749661,STOP_LOSS_HARD,-75.88
L1,1758059880,1758060060,short,42.48,42.4353059464152,TAKE_PROFIT_HARD,223.47
L1,1758063000,1758063180,short,42.41,42.425176250339,STOP_LOSS_HARD,-75.88
L1,1758064320,1758064380,short,42.39,42.3453059464152,TAKE_PROFIT_HARD,223.47
L1,1758072240,1758072300,long,42.185,42.169823749661,STOP_LOSS_HARD,-75.88
L1,1758077160,1758077280,long,42.19,42.174823749660995,STOP_LOSS_HARD,-75.88
L1,1758079440,1758079500,long,42.195,42.179823749661,STOP_LOSS_HARD,-75.88
L1,1758092760,1758092820,short,41.725,41.740176250339005,STOP_LOSS_HARD,-75.88
L1,1758103800,1758104400,short,42.38,42.335305946415204,TAKE_PROFIT_HARD,223.47
L1,1758114960,1758114960,long,42.21,42.194823749661,STOP_LOSS_HARD,-75.88
L1,1758143040,1758143040,long,42.165,42.149823749660996,STOP_LOSS_HARD,-75.88
L1,1758163560,1758163980,short,41.705,41.720176250339,STOP_LOSS_HARD,-75.88
L1,1758173760,1758173880,long,42.195,42.2396940535848,TAKE_PROFIT_HARD,223.47
L1,1758174960,1758175620,long,42.185,42.169823749661,STOP_LOSS_HARD,-75.88
L1,1758235320,1758235500,short,42.435,42.450176250339005,STOP_LOSS_HARD,-75.88
L1,1758235680,1758235680,short,42.49,42.505176250339005,STOP_LOSS_HARD,-75.88
L1,1758236400,1758236400,short,42.39,42.405176250339004,STOP_LOSS_HARD,-75.88
L1,1758236760,1758237000,short,42.385,42.3403059464152,TAKE_PROFIT_HARD,223.47
L1,1758238320,1758238620,short,42.51,42.525176250339,STOP_LOSS_HARD,-75.88
L1,1758246240,1758246240,short,42.495,42.510176250339,STOP_LOSS_HARD,-75.88
L1,1758253920,1758253980,short,42.385,42.3403059464152,TAKE_PROFIT_HARD,223.47
L1,1758255720,1758255960,short,42.395,42.350305946415205,TAKE_PROFIT_HARD,223.47
L1,1758256320,1758256800,short,42.42,42.3753059464152,TAKE_PROFIT_HARD,223.47
L1,1758258360,1758258480,short,42.495,42.4503059464152,TAKE_PROFIT_HARD,223.47
L1,1758261000,1758262260,short,42.485,42.500176250339,STOP_LOSS_HARD,-75.88
L1,1758263520,1758265200,short,42.49,42.4453059464152,TAKE_PROFIT_HARD,223.47
L1,1758270960,1758271680,long,42.215,42.199823749661,STOP_LOSS_HARD,-75.88
L1,1758271800,1758271980,long,42.2,42.2446940535848,TAKE_PROFIT_HARD,223.47
L1,1758273240,1758273240,short,42.39,42.405176250339004,STOP_LOSS_HARD,-75.88
L1,1758273600,1758273780,short,42.385,42.34,TAKE_PROFIT_HARD,225.0
L1,1758274560,1758274560,short,42.38,42.395176250339006,STOP_LOSS_HARD,-75.88
L1,1758275400,1758275400,short,42.38,42.395176250339006,STOP_LOSS_HARD,-75.88
L1,1758485640,1758487920,short,43.585,43.5403059464152,TAKE_PROFIT_HARD,223.47
L1,1758488400,1758488400,short,43.61,43.625176250339,STOP_LOSS_HARD,-75.88
L1,1758491040,1758491580,short,43.585,43.5403059464152,TAKE_PROFIT_HARD,223.47
L1,1758492120,1758492120,short,43.585,43.600176250339004,STOP_LOSS_HARD,-75.88
L1,1758545400,1758545400,long,44.23,44.214823749660994,STOP_LOSS_HARD,-75.88
L1,1758566040,1758567900,long,44.235,44.2796940535848,TAKE_PROFIT_HARD,223.47
L1,1758572160,1758572220,long,44.23,44.214823749660994,STOP_LOSS_HARD,-75.88
L1,1758574320,1758574380,long,44.225,44.209823749661,STOP_LOSS_HARD,-75.88
L1,1758578040,1758578400,long,44.24,44.224823749661,STOP_LOSS_HARD,-75.88
L1,1758593520,1758593520,long,44.2,44.184823749661,STOP_LOSS_HARD,-75.88
L1,1758603000,1758603120,short,44.43,44.3853059464152,TAKE_PROFIT_HARD,223.47
L1,1758603240,1758603240,short,44.43,44.445176250339,STOP_LOSS_HARD,-75.88
L1,1758603600,1758603780,short,44.425,44.440176250339,STOP_LOSS_HARD,-75.88
L1,1758603840,1758603900,short,44.47,44.4253059464152,TAKE_PROFIT_HARD,223.47
L1,1758606480,1758606540,short,44.43,44.445176250339,STOP_LOSS_HARD,-75.88
L1,1758618720,1758618720,long,44.685,44.669823749661,STOP_LOSS_HARD,-75.88
L1,1758631560,1758631560,short,44.47,44.485176250339,STOP_LOSS_HARD,-75.88
L1,1758658680,1758658860,long,44.225,44.2696940535848,TAKE_PROFIT_HARD,223.47
L1,1758659280,1758660060,long,44.23,44.274694053584795,TAKE_PROFIT_HARD,223.47
L1,1758668880,1758669180,long,44.24,44.2846940535848,TAKE_PROFIT_HARD,223.47
L1,1758671040,1758672960,short,44.43,44.445176250339,STOP_LOSS_HARD,-75.88
L1,1758673920,1758674040,short,44.415,44.3703059464152,TAKE_PROFIT_HARD,223.47
L1,1758681960,1758682200,short,44.43,44.445176250339,STOP_LOSS_HARD,-75.88
L1,1758682440,1758682500,short,44.42,44.3753059464152,TAKE_PROFIT_HARD,223.47
L1,1758684000,1758684060,short,44.42,44.435176250339005,STOP_LOSS_HARD,-75.88
L1,1758684960,1758685020,short,44.415,44.430176250339,STOP_LOSS_HARD,-75.88
L1,1758689760,1758690180,short,44.42,44.435176250339005,STOP_LOSS_HARD,-75.88
L1,1758693120,1758693180,short,44.41,44.425176250339,STOP_LOSS_HARD,-75.88
L1,1758696480,1758696480,long,44.225,44.209823749661,STOP_LOSS_HARD,-75.88
L1,1758698400,1758698580,long,44.205,44.2496940535848,TAKE_PROFIT_HARD,223.47
L1,1758702600,1758702600,short,44.44,44.3953059464152,TAKE_PROFIT_HARD,223.47
L1,1758704760,1758704760,short,44.42,44.435176250339005,STOP_LOSS_HARD,-75.88
L1,1758706560,1758706560,short,44.415,44.430176250339,STOP_LOSS_HARD,-75.88
L1,1758706680,1758706740,short,44.435,44.450176250339005,STOP_LOSS_HARD,-75.88
L1,1758711360,1758711600,long,44.235,44.2796940535848,TAKE_PROFIT_HARD,223.47
L1,1758712680,1758712740,short,44.41,44.425176250339,STOP_LOSS_HARD,-75.88
L1,1758712800,1758712980,short,44.435,44.450176250339005,STOP_LOSS_HARD,-75.88
L1,1758749400,1758749400,long,44.23,44.214823749660994,STOP_LOSS_HARD,-75.88
L1,1758749880,1758749880,long,44.235,44.219823749660996,STOP_LOSS_HARD,-75.88
L1,1758758640,1758759300,long,44.235,44.22,STOP_LOSS_SOFT,-75.0
L1,1758760200,1758761100,long,44.235,44.28,TAKE_PROFIT_HARD,225.0
L1,1758761640,1758762060,long,44.24,44.224823749661,STOP_LOSS_HARD,-75.88
L1,1758765600,1758766260,long,44.225,44.2696940535848,TAKE_PROFIT_HARD,223.47
L1,1758771360,1758771420,short,44.435,44.450176250339005,STOP_LOSS_HARD,-75.88
L1,1758773400,1758773400,short,45.095,45.110176250339,STOP_LOSS_HARD,-75.88
L1,1758774720,1758774720,short,45.08,45.0353059464152,TAKE_PROFIT_HARD,223.47
L1,1758775560,1758775800,short,45.03,45.045176250339004,STOP_LOSS_HARD,-75.88
L1,1758775920,1758775920,short,45.075,45.090176250339006,STOP_LOSS_HARD,-75.88
L1,1758776400,1758776520,short,45.085,45.105,STOP_LOSS_HARD,-100.0
L1,1758783480,1758783660,long,45.27,45.254823749661,STOP_LOSS_HARD,-75.88
L1,1758783720,1758783720,long,45.27,45.254823749661,STOP_LOSS_HARD,-75.88
L1,1758791760,1758791760,long,44.705,44.689823749660995,STOP_LOSS_HARD,-75.88
L1,1758791880,1758791880,long,44.69,44.734694053584796,TAKE_PROFIT_HARD,223.47
L1,1758798960,1758798960,short,45.055,45.070176250339,STOP_LOSS_HARD,-75.88
L1,1758799920,1758799980,short,45.045,45.060176250339005,STOP_LOSS_HARD,-75.88
L1,1758802080,1758802560,short,45.04,44.9953059464152,TAKE_PROFIT_HARD,223.47
L1,1758803520,1758803520,short,45.045,45.060176250339005,STOP_LOSS_HARD,-75.88
L1,1758828480,1758828480,short,45.03,45.045176250339004,STOP_LOSS_HARD,-75.88
L1,1758839520,1758839520,short,45.04,45.055176250339,STOP_LOSS_HARD,-75.88
L1,1758842880,1758843120,short,45.04,45.055176250339,STOP_LOSS_HARD,-75.88
L1,1758849000,1758849720,short,45.03,45.045176250339004,STOP_LOSS_HARD,-75.88
L1,1758851640,1758852000,short,45.05,45.065176250339,STOP_LOSS_HARD,-75.88
L1,1758852120,1758852120,short,45.065,45.080176250339,STOP_LOSS_HARD,-75.88
L1,1758856920,1758856920,long,45.24,45.224823749661,STOP_LOSS_HARD,-75.88
L1,1758857880,1758857940,long,45.28,45.3246940535848,TAKE_PROFIT_HARD,223.47
L1,1758869280,1758869280,long,45.255,45.239823749661,STOP_LOSS_HARD,-75.88
L1,1758869520,1758869760,long,45.265,45.3096940535848,TAKE_PROFIT_HARD,223.47
L1,1758900960,1758900960,long,46.43,46.414823749661,STOP_LOSS_HARD,-75.88
L1,1758901080,1758901080,long,46.41,46.39482374966099,STOP_LOSS_HARD,-75.88
L1,1758901320,1758901320,long,46.43,46.414823749661,STOP_LOSS_HARD,-75.88
L1,1758901920,1758901920,long,46.395,46.379823749661,STOP_LOSS_HARD,-75.88
L1,1759106520,1759106580,long,47.29,47.274823749660996,STOP_LOSS_HARD,-75.88
L1,1759194000,1759194000,long,47.305,47.289823749661,STOP_LOSS_HARD,-75.88
L1,1759195920,1759195980,long,47.3,47.284823749660994,STOP_LOSS_HARD,-75.88
L1,1759197720,1759197960,long,47.315,47.299823749660995,STOP_LOSS_HARD,-75.88
L1,1759200360,1759200360,long,47.28,47.264823749661,STOP_LOSS_HARD,-75.88
L1,1759269720,1759269720,short,47.51,47.525176250339,STOP_LOSS_HARD,-75.88
L1,1759273200,1759273200,short,47.575,47.590176250339006,STOP_LOSS_HARD,-75.88
L1,1759275240,1759275240,long,47.275,47.259823749660995,STOP_LOSS_HARD,-75.88
L1,1759276800,1759276800,long,47.31,47.3546940535848,TAKE_PROFIT_HARD,223.47
L1,1759277280,1759277340,long,47.305,47.289823749661,STOP_LOSS_HARD,-75.88
L1,1759277400,1759277400,long,47.275,47.259823749660995,STOP_LOSS_HARD,-75.88
L1,1759278240,1759278240,long,47.315,47.299823749660995,STOP_LOSS_HARD,-75.88
L1,1759291440,1759291440,short,47.515,47.530176250339004,STOP_LOSS_HARD,-75.88
L1,1759300320,1759300320,long,47.315,47.299823749660995,STOP_LOSS_HARD,-75.88
L1,1759306080,1759306500,short,47.545,47.560176250339005,STOP_LOSS_HARD,-75.88
L1,1759306800,1759306800,short,47.545,47.560176250339005,STOP_LOSS_HARD,-75.88
L1,1759308000,1759308060,short,47.545,47.5003059464152,TAKE_PROFIT_HARD,223.47
L1,1759309080,1759309080,long,47.275,47.259823749660995,STOP_LOSS_HARD,-75.88
L1,1759310640,1759310700,short,47.555,47.5103059464152,TAKE_PROFIT_HARD,223.47
L1,1759315560,1759315560,long,47.79,47.774823749660996,STOP_LOSS_HARD,-75.88
L1,1759315920,1759315920,short,47.61,47.625176250339,STOP_LOSS_HARD,-75.88
L1,1759318920,1759318920,short,47.51,47.525176250339,STOP_LOSS_HARD,-75.88
L1,1759328160,1759328160,short,47.515,47.530176250339004,STOP_LOSS_HARD,-75.88
L1,1759335720,1759335720,long,47.32,47.3646940535848,TAKE_PROFIT_HARD,223.47
L1,1759343280,1759343400,long,47.32,47.304823749661,STOP_LOSS_HARD,-75.88
L1,1759344840,1759345320,long,47.32,47.3646940535848,TAKE_PROFIT_HARD,223.47
L1,1759347480,1759347540,long,47.3,47.284823749660994,STOP_LOSS_HARD,-75.88
L1,1759348560,1759348560,long,47.31,47.294823749661,STOP_LOSS_HARD,-75.88
L1,1759354080,1759354320,long,47.295,47.3396940535848,TAKE_PROFIT_HARD,223.47
L1,1759355160,1759355340,long,47.315,47.359694053584796,TAKE_PROFIT_HARD,223.47
L1,1759357440,1759357500,long,47.31,47.3546940535848,TAKE_PROFIT_HARD,223.47
L1,1759359960,1759360140,long,47.295,47.3396940535848,TAKE_PROFIT_HARD,223.47
L1,1759360440,1759360980,long,47.32,47.3646940535848,TAKE_PROFIT_HARD,223.47
L1,1759362960,1759365060,long,47.32,47.304823749661,STOP_LOSS_HARD,-75.88
L1,1759367160,1759367220,long,47.315,47.359694053584796,TAKE_PROFIT_HARD,223.47
L1,1759368480,1759368780,short,47.5,47.4553059464152,TAKE_PROFIT_HARD,223.47
L1,1759370040,1759370040,short,47.515,47.530176250339004,STOP_LOSS_HARD,-75.88
L1,1759372560,1759372560,short,47.5,47.515176250339,STOP_LOSS_HARD,-75.88
L1,1759372680,1759372800,short,47.5,47.4553059464152,TAKE_PROFIT_HARD,223.47
L1,1759388400,1759388400,short,47.51,47.4653059464152,TAKE_PROFIT_HARD,223.47
L1,1759397760,1759397760,long,47.785,47.76982374966099,STOP_LOSS_HARD,-75.88
L1,1759399920,1759399920,long,47.265,47.249823749661,STOP_LOSS_HARD,-75.88
L1,1759404120,1759404120,long,45.995,45.979823749660994,STOP_LOSS_HARD,-75.88
L1,1759406040,1759406040,long,45.99,45.974823749661,STOP_LOSS_HARD,-75.88
L1,1759406400,1759406400,long,46.005,45.989823749661,STOP_LOSS_HARD,-75.88
L1,1759407120,1759407120,short,46.08,46.095176250339,STOP_LOSS_HARD,-75.88
L1,1759409280,1759409280,short,46.38,46.335305946415204,TAKE_PROFIT_HARD,223.47
L1,1759410480,1759410480,short,46.32,46.2753059464152,TAKE_PROFIT_HARD,223.47
L1,1759410720,1759410960,short,46.325,46.280305946415204,TAKE_PROFIT_HARD,223.47
L1,1759411200,1759411320,short,46.32,46.335176250339,STOP_LOSS_HARD,-75.88
L1,1759412040,1759412160,short,46.38,46.335305946415204,TAKE_PROFIT_HARD,223.47
L1,1759412880,1759412880,short,46.36,46.375176250339,STOP_LOSS_HARD,-75.88
L1,1759471920,1759472700,long,47.31,47.295,STOP_LOSS_SOFT,-75.0
L1,1759474920,1759474920,short,47.505,47.520176250339006,STOP_LOSS_HARD,-75.88
L1,1759475400,1759475460,short,47.5,47.4553059464152,TAKE_PROFIT_HARD,223.47
L1,1759476600,1759476600,long,47.285,47.26982374966099,STOP_LOSS_HARD,-75.88
L1,1759479240,1759479240,short,47.515,47.530176250339004,STOP_LOSS_HARD,-75.88
L1,1759479960,1759480020,short,47.565,47.5203059464152,TAKE_PROFIT_HARD,223.47
L1,1759484760,1759484760,long,47.74,47.724823749661,STOP_LOSS_HARD,-75.88
L1,1759487160,1759487160,short,47.57,47.585176250339,STOP_LOSS_HARD,-75.88
L1,1759493160,1759493520,short,48.185,48.140305946415204,TAKE_PROFIT_HARD,223.47
L1,1759499520,1759499580,long,47.77,47.754823749661,STOP_LOSS_HARD,-75.88
L1,1759500480,1759500480,long,47.765,47.749823749661,STOP_LOSS_HARD,-75.88
L1,1759725840,1759726020,long,48.45,48.4946940535848,TAKE_PROFIT_HARD,223.47
L1,1759728840,1759728840,long,48.47,48.454823749660996,STOP_LOSS_HARD,-75.88
L1,1759729200,1759729260,long,48.465,48.445,STOP_LOSS_HARD,-100.0
L1,1759744920,1759744920,long,48.46,48.444823749661,STOP_LOSS_HARD,-75.88
L1,1759746120,1759746120,long,48.465,48.449823749661,STOP_LOSS_HARD,-75.88
L1,1759749120,1759749120,long,48.45,48.4946940535848,TAKE_PROFIT_HARD,223.47
L1,1759749600,1759749660,long,48.425,48.409823749660994,STOP_LOSS_HARD,-75.88
L1,1759752360,1759752420,long,48.465,48.5096940535848,TAKE_PROFIT_HARD,223.47
L1,1759757160,1759757160,long,48.435,48.419823749661,STOP_LOSS_HARD,-75.88
L1,1759759800,1759760160,long,48.45,48.4946940535848,TAKE_PROFIT_HARD,223.47
L1,1759761600,1759762080,long,48.475,48.5196940535848,TAKE_PROFIT_HARD,223.47
L1,1759824240,1759824300,long,48.435,48.419823749661,STOP_LOSS_HARD,-75.88
L1,1759842840,1759842840,long,47.48,47.464823749660994,STOP_LOSS_HARD,-75.88
L1,1759848480,1759848600,long,47.485,47.469823749660996,STOP_LOSS_HARD,-75.88
L1,1759848720,1759848780,long,47.45,47.4946940535848,TAKE_PROFIT_HARD,223.47
L1,1759851600,1759851720,long,47.455,47.5,TAKE_PROFIT_HARD,225.0
L1,1759851840,1759852260,long,47.485,47.5296940535848,TAKE_PROFIT_HARD,223.47
L1,1759860480,1759860600,short,47.68,47.695176250339,STOP_LOSS_HARD,-75.88
L1,1759861680,1759861860,short,47.675,47.690176250339,STOP_LOSS_HARD,-75.88
L1,1759872360,1759872420,short,47.69,47.705176250339,STOP_LOSS_HARD,-75.88
L1,1759873560,1759873560,short,47.675,47.6303059464152,TAKE_PROFIT_HARD,223.47
L1,1759874160,1759874400,short,47.685,47.640305946415204,TAKE_PROFIT_HARD,223.47
L1,1759874640,1759874700,short,47.705,47.720176250339,STOP_LOSS_HARD,-75.88
L1,1759888800,1759888800,long,48.465,48.449823749661,STOP_LOSS_HARD,-75.88
L1,1759889640,1759889700,long,48.415,48.399823749660996,STOP_LOSS_HARD,-75.88
L1,1759891920,1759891920,long,48.445,48.429823749661,STOP_LOSS_HARD,-75.88
L1,1759892520,1759892580,long,48.425,48.409823749660994,STOP_LOSS_HARD,-75.88
L1,1759893360,1759893420,long,48.465,48.5096940535848,TAKE_PROFIT_HARD,223.47
L1,1759902360,1759902360,short,48.79,48.805176250339,STOP_LOSS_HARD,-75.88
L1,1759902840,1759903020,short,48.785,48.7403059464152,TAKE_PROFIT_HARD,223.47
L1,1759903200,1759903320,short,48.78,48.795176250339004,STOP_LOSS_HARD,-75.88
L1,1759911120,1759911120,short,48.775,48.790176250339,STOP_LOSS_HARD,-75.88
L1,1759911240,1759911300,short,48.785,48.7403059464152,TAKE_PROFIT_HARD,223.47
L1,1759915920,1759915920,long,48.46,48.5046940535848,TAKE_PROFIT_HARD,223.47
L1,1759917960,1759917960,long,48.465,48.449823749661,STOP_LOSS_HARD,-75.88
L1,1759922760,1759922760,short,48.78,48.795176250339004,STOP_LOSS_HARD,-75.88
L1,1759927320,1759927380,long,48.985,49.0296940535848,TAKE_PROFIT_HARD,223.47
L1,1759927560,1759927560,long,48.98,48.964823749660994,STOP_LOSS_HARD,-75.88
L1,1759929720,1759929720,long,48.945,48.9896940535848,TAKE_PROFIT_HARD,223.47
L1,1759930320,1759930320,long,48.925,48.969694053584796,TAKE_PROFIT_HARD,223.47
L1,1759933200,1759933200,short,48.815,48.830176250339,STOP_LOSS_HARD,-75.88
L1,1759936800,1759936800,short,48.775,48.790176250339,STOP_LOSS_HARD,-75.88
L1,1759936920,1759936980,short,48.83,48.845176250339,STOP_LOSS_HARD,-75.88
L1,1759937880,1759937880,short,48.775,48.7303059464152,TAKE_PROFIT_HARD,223.47
L1,1759941120,1759941120,long,48.46,48.444823749661,STOP_LOSS_HARD,-75.88
L1,1759977600,1759977600,long,48.375,48.4196940535848,TAKE_PROFIT_HARD,223.47
L1,1759987200,1759987200,short,48.785,48.7403059464152,TAKE_PROFIT_HARD,223.47
L1,1759987440,1759987440,short,48.8,48.815176250339,STOP_LOSS_HARD,-75.88
L1,1759987560,1759987740,short,48.8,48.815176250339,STOP_LOSS_HARD,-75.88
L1,1759988160,1759988280,short,48.795,48.810176250339005,STOP_LOSS_HARD,-75.88
L1,1759988880,1759988940,short,48.775,48.790176250339,STOP_LOSS_HARD,-75.88
L1,1759989480,1759990080,short,48.775,48.7303059464152,TAKE_PROFIT_HARD,223.47
L1,1759998240,1759998240,short,48.775,48.790176250339,STOP_LOSS_HARD,-75.88
L1,1760007960,1760007960,long,48.435,48.419823749661,STOP_LOSS_HARD,-75.88
L1,1760019000,1760019000,long,47.45,47.4946940535848,TAKE_PROFIT_HARD,223.47
L1,1760019960,1760020320,long,47.47,47.454823749660996,STOP_LOSS_HARD,-75.88
L1,1760037960,1760038020,short,47.715,47.670305946415205,TAKE_PROFIT_HARD,223.47
L1,1760038560,1760038560,short,47.705,47.720176250339,STOP_LOSS_HARD,-75.88
L1,1760040480,1760040540,short,47.685,47.705,STOP_LOSS_HARD,-100.0
L1,1760041080,1760041140,short,47.715,47.670305946415205,TAKE_PROFIT_HARD,223.47
L1,1760043600,1760043600,short,47.72,47.735176250339,STOP_LOSS_HARD,-75.88
L1,1760047200,1760047320,long,47.455,47.4996940535848,TAKE_PROFIT_HARD,223.47
L1,1760047560,1760047560,long,47.48,47.464823749660994,STOP_LOSS_HARD,-75.88
L1,1760050440,1760050500,long,47.46,47.444823749661,STOP_LOSS_HARD,-75.88
L1,1760065800,1760065800,long,47.41,47.454694053584795,TAKE_PROFIT_HARD,223.47
L1,1760093880,1760093880,long,48.385,48.369823749660995,STOP_LOSS_HARD,-75.88
L1,1760100360,1760100360,long,47.45,47.434823749661,STOP_LOSS_HARD,-75.88
L1,1760106960,1760107080,long,47.43,47.414823749661,STOP_LOSS_HARD,-75.88
L1,1760110200,1760110200,long,47.42,47.4646940535848,TAKE_PROFIT_HARD,223.47
L1,1760111280,1760111280,short,47.72,47.735176250339,STOP_LOSS_HARD,-75.88
L1,1760111640,1760111640,short,47.69,47.705176250339,STOP_LOSS_HARD,-75.88
L1,1760114280,1760114280,short,47.675,47.690176250339,STOP_LOSS_HARD,-75.88
L1,1760304000,1760304060,short,48.635,48.650176250339,STOP_LOSS_HARD,-75.88
L1,1760304480,1760304480,short,48.63,48.585305946415204,TAKE_PROFIT_HARD,223.47
L1,1760304600,1760304600,short,48.67,48.685176250339005,STOP_LOSS_HARD,-75.88
L1,1760305440,1760305440,short,48.795,48.810176250339005,STOP_LOSS_HARD,-75.88
L1,1760312520,1760312520,short,49.38,49.395176250339006,STOP_LOSS_HARD,-75.88
L1,1760314680,1760314680,short,49.335,49.350176250339004,STOP_LOSS_HARD,-75.88
L1,1760315640,1760315640,short,49.33,49.345176250339,STOP_LOSS_HARD,-75.88
L1,1760321880,1760321880,short,49.37,49.385176250339,STOP_LOSS_HARD,-75.88
L1,1760344560,1760344560,short,50.08,50.0353059464152,TAKE_PROFIT_HARD,223.47
L1,1760366400,1760366580,long,50.55,50.534823749660994,STOP_LOSS_HARD,-75.88
L1,1760366640,1760366640,long,50.555,50.539823749661,STOP_LOSS_HARD,-75.88
L1,1760398080,1760398080,short,51.935,51.950176250339005,STOP_LOSS_HARD,-75.88
L1,1760398200,1760398200,short,51.985,52.000176250339,STOP_LOSS_HARD,-75.88
L1,1760398440,1760398440,short,52.04,52.055176250339,STOP_LOSS_HARD,-75.88
L1,1760420280,1760420280,long,50.54,50.524823749660996,STOP_LOSS_HARD,-75.88
L1,1760425680,1760425680,long,50.465,50.5096940535848,TAKE_PROFIT_HARD,223.47
L1,1760427120,1760427120,long,50.55,50.594694053584796,TAKE_PROFIT_HARD,223.47
L1,1760427480,1760427480,long,50.54,50.524823749660996,STOP_LOSS_HARD,-75.88
L1,1760442480,1760442540,long,50.545,50.5896940535848,TAKE_PROFIT_HARD,223.47
L1,1760442720,1760442780,long,50.54,50.524823749660996,STOP_LOSS_HARD,-75.88
L1,1760442840,1760442840,long,50.52,50.504823749661,STOP_LOSS_HARD,-75.88
L1,1760448600,1760448600,long,50.545,50.5896940535848,TAKE_PROFIT_HARD,223.47
L1,1760456040,1760456040,long,50.54,50.524823749660996,STOP_LOSS_HARD,-75.88
L1,1760473920,1760473920,long,50.55,50.534823749660994,STOP_LOSS_HARD,-75.88
L1,1760551800,1760551860,long,52.545,52.529823749661,STOP_LOSS_HARD,-75.88
L1,1760554080,1760554080,long,52.605,52.589823749660994,STOP_LOSS_HARD,-75.88
L1,1760555280,1760555280,long,52.59,52.57,STOP_LOSS_HARD,-100.0
L1,1760570880,1760570940,long,52.555,52.53,STOP_LOSS_HARD,-125.0
L1,1760577600,1760577600,long,51.955,51.939823749660995,STOP_LOSS_HARD,-75.88
L1,1760581920,1760581920,short,51.975,51.9303059464152,TAKE_PROFIT_HARD,223.47
L1,1760582160,1760582220,short,51.95,51.905305946415204,TAKE_PROFIT_HARD,223.47
L1,1760582400,1760582400,short,51.955,51.9103059464152,TAKE_PROFIT_HARD,223.47
L1,1760584080,1760584200,short,51.935,51.950176250339005,STOP_LOSS_HARD,-75.88
L1,1760584680,1760584680,short,51.955,51.970176250339,STOP_LOSS_HARD,-75.88
L1,1760585040,1760585040,long,51.95,51.934823749661,STOP_LOSS_HARD,-75.88
L1,1760585280,1760585280,short,51.945,51.960176250339,STOP_LOSS_HARD,-75.88
L1,1760587200,1760587200,short,51.98,51.995176250339,STOP_LOSS_HARD,-75.88
L1,1760587680,1760587680,short,51.945,51.960176250339,STOP_LOSS_HARD,-75.88
L1,1760587800,1760587920,short,51.995,52.010176250339,STOP_LOSS_HARD,-75.88
L1,1760588040,1760588100,short,52.005,52.020176250339006,STOP_LOSS_HARD,-75.88
L1,1760589120,1760589240,short,52.03,52.045176250339004,STOP_LOSS_HARD,-75.88
L1,1760591640,1760591700,long,51.985,51.969823749660996,STOP_LOSS_HARD,-75.88
L1,1760592360,1760592480,short,51.99,51.9453059464152,TAKE_PROFIT_HARD,223.47
L1,1760593200,1760593200,short,51.95,51.905305946415204,TAKE_PROFIT_HARD,223.47
L1,1760593560,1760593860,short,51.965,51.98017625033901,STOP_LOSS_HARD,-75.88
L1,1760594040,1760594040,short,52.01,52.025176250339,STOP_LOSS_HARD,-75.88
L1,1760605200,1760605200,short,52.015,52.030176250339004,STOP_LOSS_HARD,-75.88
L1,1760651040,1760651040,long,52.61,52.594823749660996,STOP_LOSS_HARD,-75.88
L1,1760676240,1760676300,long,52.61,52.6546940535848,TAKE_PROFIT_HARD,223.47
L1,1760683440,1760683440,long,52.53,52.5746940535848,TAKE_PROFIT_HARD,223.47
L1,1760683920,1760683920,long,52.6,52.584823749661,STOP_LOSS_HARD,-75.88
L1,1760684160,1760684160,long,52.58,52.564823749660995,STOP_LOSS_HARD,-75.88
L1,1760692200,1760692200,long,51.9,51.884823749660995,STOP_LOSS_HARD,-75.88
L1,1760700840,1760700900,long,50.795,50.8396940535848,TAKE_PROFIT_HARD,223.47
L1,1760701680,1760701680,long,50.795,50.779823749661,STOP_LOSS_HARD,-75.88
L1,1760708160,1760708160,short,50.12,50.135176250339,STOP_LOSS_HARD,-75.88
L1,1760711040,1760711100,long,50.55,50.534823749660994,STOP_LOSS_HARD,-75.88
L1,1760711160,1760711160,long,50.53,50.5746940535848,TAKE_PROFIT_HARD,223.47
L1,1760711640,1760711700,long,50.52,50.5646940535848,TAKE_PROFIT_HARD,223.47
L1,1760712120,1760712120,long,50.555,50.539823749661,STOP_LOSS_HARD,-75.88
L1,1760712960,1760712960,long,50.56,50.544823749661,STOP_LOSS_HARD,-75.88
L1,1760713680,1760713680,long,50.56,50.544823749661,STOP_LOSS_HARD,-75.88
L1,1760719320,1760719320,long,50.565,50.549823749660995,STOP_LOSS_HARD,-75.88
L1,1760906040,1760906040,short,50.325,50.340176250339006,STOP_LOSS_HARD,-75.88
L1,1760906160,1760906160,short,50.37,50.385176250339,STOP_LOSS_HARD,-75.88
L1,1761022560,1761022560,short,48.775,48.790176250339,STOP_LOSS_HARD,-75.88
L1,1761022680,1761022680,short,48.8,48.815176250339,STOP_LOSS_HARD,-75.88
L1,1761036480,1761036480,short,48.865,48.880176250339005,STOP_LOSS_HARD,-75.88
L1,1761038160,1761038160,short,48.845,48.860176250339,STOP_LOSS_HARD,-75.88
L1,1761047640,1761047640,short,48.065,48.080176250339,STOP_LOSS_HARD,-75.88
L1,1761057600,1761057600,short,48.06,48.015305946415204,TAKE_PROFIT_HARD,223.47
L1,1761070560,1761070560,short,48.045,48.060176250339005,STOP_LOSS_HARD,-75.88
L1,1761070680,1761070740,short,48.095,48.110176250339,STOP_LOSS_HARD,-75.88
L1,1761070920,1761070920,short,48.095,48.110176250339,STOP_LOSS_HARD,-75.88
L1,1761075360,1761075840,short,48.06,48.015305946415204,TAKE_PROFIT_HARD,223.47
L1,1761081120,1761081120,short,48.045,48.0003059464152,TAKE_PROFIT_HARD,223.47
L1,1761081360,1761081360,short,48.085,48.0403059464152,TAKE_PROFIT_HARD,223.47
L1,1761084480,1761084480,short,48.1,48.115176250339005,STOP_LOSS_HARD,-75.88
L1,1761137880,1761137880,short,48.055,48.0103059464152,TAKE_PROFIT_HARD,223.47
L1,1761156960,1761156960,short,48.17,48.2,STOP_LOSS_HARD,-150.0
L1,1761160440,1761160560,short,48.115,48.0703059464152,TAKE_PROFIT_HARD,223.47
L1,1761163440,1761163440,short,48.125,48.0803059464152,TAKE_PROFIT_HARD,223.47
L1,1761166320,1761166320,short,48.06,48.075176250339005,STOP_LOSS_HARD,-75.88
L1,1761168360,1761168600,short,48.075,48.030305946415204,TAKE_PROFIT_HARD,223.47
L1,1761168720,1761168720,short,48.07,48.085176250339,STOP_LOSS_HARD,-75.88
L1,1761189600,1761189600,short,48.795,48.7503059464152,TAKE_PROFIT_HARD,223.47
L1,1761190680,1761190680,long,48.405,48.4496940535848,TAKE_PROFIT_HARD,223.47
L1,1761191880,1761191880,long,48.47,48.5146940535848,TAKE_PROFIT_HARD,223.47
L1,1761192000,1761192000,long,48.45,48.4946940535848,TAKE_PROFIT_HARD,223.47
L1,1761196920,1761196920,long,48.785,48.829694053584795,TAKE_PROFIT_HARD,223.47
L1,1761197040,1761197040,short,48.815,48.830176250339,STOP_LOSS_HARD,-75.88
L1,1761197520,1761197520,short,48.82,48.835176250339,STOP_LOSS_HARD,-75.88
L1,1761197640,1761197760,long,48.785,48.76982374966099,STOP_LOSS_HARD,-75.88
L1,1761201480,1761201780,short,48.775,48.7303059464152,TAKE_PROFIT_HARD,223.47
L1,1761206400,1761206400,long,48.76,48.8046940535848,TAKE_PROFIT_HARD,223.47
L1,1761206520,1761206520,short,48.855,48.870176250339,STOP_LOSS_HARD,-75.88
L1,1761207120,1761207120,long,48.735,48.719823749660996,STOP_LOSS_HARD,-75.88
L1,1761208320,1761208320,short,48.785,48.800176250339,STOP_LOSS_HARD,-75.88
L1,1761208680,1761208680,short,48.775,48.790176250339,STOP_LOSS_HARD,-75.88
L1,1761209160,1761209160,short,48.785,48.800176250339,STOP_LOSS_HARD,-75.88
L1,1761210120,1761210120,long,48.81,48.794823749661,STOP_LOSS_HARD,-75.88
L1,1761210240,1761210240,short,48.815,48.830176250339,STOP_LOSS_HARD,-75.88
L1,1761214920,1761214920,short,48.835,48.850176250339004,STOP_LOSS_HARD,-75.88
L1,1761222240,1761222240,long,48.805,48.8496940535848,TAKE_PROFIT_HARD,223.47
L1,1761222960,1761222960,long,48.82,48.804823749661,STOP_LOSS_HARD,-75.88
L1,1761223080,1761223200,long,48.81,48.794823749661,STOP_LOSS_HARD,-75.88
L1,1761223920,1761223920,short,48.775,48.790176250339,STOP_LOSS_HARD,-75.88
L1,1761224880,1761224880,long,48.81,48.794823749661,STOP_LOSS_HARD,-75.88
L1,1761232200,1761232320,short,48.815,48.830176250339,STOP_LOSS_HARD,-75.88
L1,1761232440,1761232800,long,48.805,48.789823749661,STOP_LOSS_HARD,-75.88
L1,1761247080,1761247380,long,48.475,48.459823749661,STOP_LOSS_HARD,-75.88
L1,1761247440,1761247860,long,48.475,48.459823749661,STOP_LOSS_HARD,-75.88
L1,1761254520,1761254520,long,48.44,48.424823749660995,STOP_LOSS_HARD,-75.88
L1,1761277680,1761277740,short,47.945,47.9003059464152,TAKE_PROFIT_HARD,223.47
L1,1761278160,1761278160,long,47.725,47.7696940535848,TAKE_PROFIT_HARD,223.47
L1,1761278520,1761278520,long,47.705,47.689823749660995,STOP_LOSS_HARD,-75.88
L1,1761278640,1761278640,long,47.66,47.64482374966099,STOP_LOSS_HARD,-75.88
L1,1761282120,1761282300,long,47.705,47.7496940535848,TAKE_PROFIT_HARD,223.47
L1,1761287760,1761287880,long,47.725,47.77,TAKE_PROFIT_HARD,225.0
L1,1761290040,1761290100,long,47.715,47.7596940535848,TAKE_PROFIT_HARD,223.47
L1,1761292440,1761292440,long,47.715,47.699823749661,STOP_LOSS_HARD,-75.88
L1,1761294480,1761294480,long,47.685,47.669823749661,STOP_LOSS_HARD,-75.88
L1,1761295920,1761295920,short,47.94,47.955176250339,STOP_LOSS_HARD,-75.88
L1,1761302160,1761302160,long,48.465,48.449823749661,STOP_LOSS_HARD,-75.88
L1,1761302880,1761302880,long,48.47,48.454823749660996,STOP_LOSS_HARD,-75.88
L1,1761303120,1761303120,long,48.47,48.454823749660996,STOP_LOSS_HARD,-75.88
L1,1761316680,1761316680,long,48.44,48.424823749660995,STOP_LOSS_HARD,-75.88
L1,1761319800,1761319920,long,48.46,48.444823749661,STOP_LOSS_HARD,-75.88
L1,1761524760,1761525060,short,47.945,47.895,TAKE_PROFIT_HARD,250.0
L1,1761525240,1761525540,short,47.95,47.905305946415204,TAKE_PROFIT_HARD,223.47
L1,1761541680,1761541680,long,47.655,47.639823749661,STOP_LOSS_HARD,-75.88
L1,1761544080,1761544080,long,47.72,47.704823749660996,STOP_LOSS_HARD,-75.88
L1,1761544200,1761544200,long,47.71,47.694823749661,STOP_LOSS_HARD,-75.88
L1,1761545520,1761545640,long,47.715,47.699823749661,STOP_LOSS_HARD,-75.88
L1,1761546240,1761546300,long,47.71,47.694823749661,STOP_LOSS_HARD,-75.88
L1,1761564000,1761564000,short,46.31,46.325176250339005,STOP_LOSS_HARD,-75.88
L1,1761564120,1761564120,short,46.35,46.3053059464152,TAKE_PROFIT_HARD,223.47
L1,1761564480,1761564480,short,46.355,46.370176250339,STOP_LOSS_HARD,-75.88
L1,1761599640,1761599880,short,47.15,47.165176250339,STOP_LOSS_HARD,-75.88
L1,1761615840,1761615840,long,46.455,46.439823749660995,STOP_LOSS_HARD,-75.88
L1,1761621480,1761621480,long,46.47,46.5146940535848,TAKE_PROFIT_HARD,223.47
L1,1761621600,1761621600,long,46.45,46.434823749661,STOP_LOSS_HARD,-75.88
L1,1761630600,1761630600,long,45.935,45.9796940535848,TAKE_PROFIT_HARD,223.47
L1,1761630840,1761630840,long,45.94,45.924823749660995,STOP_LOSS_HARD,-75.88
L1,1761634440,1761634500,short,46.345,46.3003059464152,TAKE_PROFIT_HARD,223.47
L1,1761636000,1761636060,short,46.31,46.325176250339005,STOP_LOSS_HARD,-75.88
L1,1761636120,1761636120,short,46.345,46.3003059464152,TAKE_PROFIT_HARD,223.47
L1,1761636240,1761636240,short,46.335,46.2903059464152,TAKE_PROFIT_HARD,223.47
L1,1761636720,1761636720,short,46.32,46.335176250339,STOP_LOSS_HARD,-75.88
L1,1761636840,1761636840,short,46.35,46.3053059464152,TAKE_PROFIT_HARD,223.47
L1,1761638280,1761638280,long,46.43,46.414823749661,STOP_LOSS_HARD,-75.88
L1,1761640800,1761640800,long,46.47,46.454823749660996,STOP_LOSS_HARD,-75.88
L1,1761653280,1761653280,short,47.18,47.195176250339,STOP_LOSS_HARD,-75.88
L1,1761653520,1761653880,short,47.185,47.140305946415204,TAKE_PROFIT_HARD,223.47
L1,1761654360,1761654480,short,47.16,47.18,STOP_LOSS_HARD,-100.0
L1,1761655200,1761655680,short,47.14,47.155176250339004,STOP_LOSS_HARD,-75.88
L1,1761655920,1761655980,short,47.175,47.190176250339,STOP_LOSS_HARD,-75.88
L1,1761660600,1761660600,short,47.15,47.165176250339,STOP_LOSS_HARD,-75.88
L1,1761668280,1761668460,short,47.15,47.165176250339,STOP_LOSS_HARD,-75.88
L1,1761669000,1761669180,short,47.14,47.155176250339004,STOP_LOSS_HARD,-75.88
L1,1761670200,1761670740,short,47.155,47.14,END_OF_DAY,75.0
L1,1761674520,1761674520,short,47.15,47.165176250339,STOP_LOSS_HARD,-75.88
L1,1761679800,1761679800,short,47.15,47.165176250339,STOP_LOSS_HARD,-75.88
L1,1761691080,1761691080,short,47.21,47.225176250339004,STOP_LOSS_HARD,-75.88
L1,1761747960,1761747960,long,47.71,47.694823749661,STOP_LOSS_HARD,-75.88
L1,1761772200,1761772200,long,47.63,47.614823749661,STOP_LOSS_HARD,-75.88
L1,1761803520,1761803520,short,47.96,47.975176250339004,STOP_LOSS_HARD,-75.88
L1,1761804480,1761804480,short,47.95,47.905305946415204,TAKE_PROFIT_HARD,223.47
L1,1761805320,1761805320,long,47.68,47.7246940535848,TAKE_PROFIT_HARD,223.47
L1,1761806160,1761806220,long,47.705,47.7496940535848,TAKE_PROFIT_HARD,223.47
L1,1761810720,1761810720,short,47.925,47.8803059464152,TAKE_PROFIT_HARD,223.47
L1,1761810960,1761811140,short,47.925,47.8803059464152,TAKE_PROFIT_HARD,223.47
L1,1761813120,1761813120,long,47.715,47.699823749661,STOP_LOSS_HARD,-75.88
L1,1761814080,1761814200,long,47.695,47.67,STOP_LOSS_HARD,-125.0
L1,1761814560,1761814560,long,47.7,47.684823749661,STOP_LOSS_HARD,-75.88
L1,1761816600,1761816600,short,47.945,47.9003059464152,TAKE_PROFIT_HARD,223.47
L1,1761819840,1761819840,long,48.425,48.409823749660994,STOP_LOSS_HARD,-75.88
L1,1761820800,1761820800,long,48.435,48.419823749661,STOP_LOSS_HARD,-75.88
L1,1761821160,1761821160,long,48.405,48.389823749661,STOP_LOSS_HARD,-75.88
L1,1761836640,1761837240,short,48.78,48.795176250339004,STOP_LOSS_HARD,-75.88
L1,1761838320,1761838320,short,48.795,48.810176250339005,STOP_LOSS_HARD,-75.88
L1,1761843000,1761843420,short,48.79,48.7453059464152,TAKE_PROFIT_HARD,223.47
L1,1761851880,1761852000,short,48.78,48.795176250339004,STOP_LOSS_HARD,-75.88
L1,1761852120,1761852240,short,48.78,48.795176250339004,STOP_LOSS_HARD,-75.88
L1,1761870840,1761870960,long,48.4,48.38,STOP_LOSS_HARD,-100.0
L1,1761878040,1761878100,short,48.785,48.800176250339,STOP_LOSS_HARD,-75.88
L1,1761878160,1761878160,short,48.805,48.820176250339,STOP_LOSS_HARD,-75.88
L1,1761878400,1761878520,short,48.81,48.765305946415204,TAKE_PROFIT_HARD,223.47
L1,1761880920,1761881520,short,48.81,48.765305946415204,TAKE_PROFIT_HARD,223.47
L1,1761887280,1761887280,long,48.475,48.459823749661,STOP_LOSS_HARD,-75.88
L1,1761887640,1761887640,long,48.465,48.449823749661,STOP_LOSS_HARD,-75.88
L1,1761887880,1761887940,long,48.46,48.444823749661,STOP_LOSS_HARD,-75.88
L1,1761888000,1761888000,long,48.44,48.424823749660995,STOP_LOSS_HARD,-75.88
L1,1761890520,1761890580,long,48.445,48.4896940535848,TAKE_PROFIT_HARD,223.47
L1,1761890760,1761891360,long,48.47,48.454823749660996,STOP_LOSS_HARD,-75.88
L1,1761892200,1761892200,long,48.475,48.455,STOP_LOSS_HARD,-100.0
L1,1761896160,1761896220,long,48.47,48.5146940535848,TAKE_PROFIT_HARD,223.47
L1,1761903480,1761903480,long,48.445,48.4896940535848,TAKE_PROFIT_HARD,223.47
L1,1761903720,1761903720,long,48.42,48.404823749661,STOP_LOSS_HARD,-75.88
L1,1761904200,1761904200,long,48.405,48.4496940535848,TAKE_PROFIT_HARD,223.47
L1,1761907200,1761907320,long,48.46,48.5046940535848,TAKE_PROFIT_HARD,223.47
L1,1761907560,1761907740,long,48.44,48.424823749660995,STOP_LOSS_HARD,-75.88
L1,1762197840,1762198260,short,47.865,47.8203059464152,TAKE_PROFIT_HARD,223.47
L1,1762200960,1762201020,short,47.86,47.875176250339,STOP_LOSS_HARD,-75.88
L1,1762202520,1762202520,short,47.87,47.885176250339,STOP_LOSS_HARD,-75.88
L1,1762205640,1762205700,long,47.64,47.6846940535848,TAKE_PROFIT_HARD,223.47
L1,1762205880,1762205880,long,47.635,47.619823749660995,STOP_LOSS_HARD,-75.88
L1,1762209120,1762209120,short,47.745,47.760176250339,STOP_LOSS_HARD,-75.88
L1,1762209480,1762209480,short,47.87,47.885176250339,STOP_LOSS_HARD,-75.88
L1,1762210080,1762210200,short,47.885,47.8403059464152,TAKE_PROFIT_HARD,223.47
L1,1762215840,1762215960,long,47.665,47.7096940535848,TAKE_PROFIT_HARD,223.47
L1,1762226880,1762226880,short,47.72,47.735176250339,STOP_LOSS_HARD,-75.88
L1,1762227240,1762227240,short,47.73,47.745176250339,STOP_LOSS_HARD,-75.88
L1,1762228800,1762228800,long,47.67,47.654823749661,STOP_LOSS_HARD,-75.88
L1,1762229040,1762229280,long,47.675,47.655,STOP_LOSS_HARD,-100.0
L1,1762243200,1762243200,long,47.385,47.4296940535848,TAKE_PROFIT_HARD,223.47
L1,1762244520,1762244520,long,47.38,47.364823749661,STOP_LOSS_HARD,-75.88
L1,1762245240,1762245240,long,47.35,47.334823749661,STOP_LOSS_HARD,-75.88
L1,1762247760,1762248000,long,47.39,47.365,STOP_LOSS_HARD,-125.0
L1,1762252440,1762252440,short,47.085,47.100176250339004,STOP_LOSS_HARD,-75.88
L1,1762252560,1762252560,short,47.135,47.150176250339,STOP_LOSS_HARD,-75.88
L1,1762265760,1762266000,short,47.105,47.0603059464152,TAKE_PROFIT_HARD,223.47
L1,1762266360,1762266420,short,47.095,47.0503059464152,TAKE_PROFIT_HARD,223.47
L1,1762308120,1762308240,long,47.395,47.379823749661,STOP_LOSS_HARD,-75.88
L1,1762312200,1762312200,short,47.73,47.75,STOP_LOSS_HARD,-100.0
L1,1762312560,1762312560,long,47.635,47.619823749660995,STOP_LOSS_HARD,-75.88
L1,1762314480,1762314600,long,47.675,47.719694053584796,TAKE_PROFIT_HARD,223.47
L1,1762314720,1762314780,short,47.715,47.73017625033901,STOP_LOSS_HARD,-75.88
L1,1762314960,1762315140,short,47.715,47.670305946415205,TAKE_PROFIT_HARD,223.47
L1,1762315200,1762315200,long,47.665,47.649823749660996,STOP_LOSS_HARD,-75.88
L1,1762322880,1762322940,long,47.37,47.35,STOP_LOSS_HARD,-100.0
L1,1762329720,1762329720,long,47.39,47.365,STOP_LOSS_HARD,-125.0
L1,1762332120,1762332120,short,47.705,47.720176250339,STOP_LOSS_HARD,-75.88
L1,1762332240,1762332240,short,47.72,47.735176250339,STOP_LOSS_HARD,-75.88
L1,1762332720,1762332720,short,47.75,47.765176250339,STOP_LOSS_HARD,-75.88
L1,1762335240,1762335240,short,47.77,47.785176250339006,STOP_LOSS_HARD,-75.88
L1,1762335840,1762335960,short,47.745,47.760176250339,STOP_LOSS_HARD,-75.88
L1,1762336320,1762336320,short,47.725,47.740176250339005,STOP_LOSS_HARD,-75.88
L1,1762336440,1762336440,short,47.74,47.755176250339005,STOP_LOSS_HARD,-75.88
L1,1762336920,1762336920,long,47.63,47.6746940535848,TAKE_PROFIT_HARD,223.47
L1,1762337520,1762337520,long,47.675,47.719694053584796,TAKE_PROFIT_HARD,223.47
L1,1762337640,1762337640,short,47.705,47.6603059464152,TAKE_PROFIT_HARD,223.47
L1,1762338240,1762338240,short,47.745,47.760176250339,STOP_LOSS_HARD,-75.88
L1,1762341840,1762341960,short,47.895,47.910176250339006,STOP_LOSS_HARD,-75.88
L1,1762342680,1762342680,short,47.885,47.900176250339,STOP_LOSS_HARD,-75.88
L1,1762361880,1762361940,short,47.875,47.86,END_OF_DAY,75.0
L1,1762368360,1762368480,short,47.86,47.88,STOP_LOSS_HARD,-100.0
L1,1762370760,1762370760,short,47.89,47.905176250339004,STOP_LOSS_HARD,-75.88
L1,1762371840,1762371900,short,47.86,47.875176250339,STOP_LOSS_HARD,-75.88
L1,1762373640,1762373700,long,47.665,47.7096940535848,TAKE_PROFIT_HARD,223.47
L1,1762373880,1762374060,long,47.66,47.704694053584795,TAKE_PROFIT_HARD,223.47
L1,1762374120,1762374180,short,47.74,47.755176250339005,STOP_LOSS_HARD,-75.88
L1,1762374600,1762374600,long,47.625,47.6696940535848,TAKE_PROFIT_HARD,223.47
L1,1762375320,1762376040,long,47.67,47.7146940535848,TAKE_PROFIT_HARD,223.47
L1,1762376520,1762376520,long,47.635,47.6796940535848,TAKE_PROFIT_HARD,223.47
L1,1762376760,1762376760,long,47.67,47.654823749661,STOP_LOSS_HARD,-75.88
L1,1762377240,1762378080,long,47.665,47.7096940535848,TAKE_PROFIT_HARD,223.47
L1,1762379640,1762380180,short,47.865,47.8203059464152,TAKE_PROFIT_HARD,223.47
L1,1762381440,1762381500,short,47.88,47.895176250339006,STOP_LOSS_HARD,-75.88
L1,1762426440,1762426440,long,47.665,47.7096940535848,TAKE_PROFIT_HARD,223.47
L1,1762426800,1762426860,long,47.665,47.7096940535848,TAKE_PROFIT_HARD,223.47
L1,1762426920,1762426920,short,47.745,47.760176250339,STOP_LOSS_HARD,-75.88
L1,1762427160,1762427160,short,47.73,47.745176250339,STOP_LOSS_HARD,-75.88
L1,1762427400,1762427520,short,47.745,47.7003059464152,TAKE_PROFIT_HARD,223.47
L1,1762428840,1762428900,short,47.71,47.6653059464152,TAKE_PROFIT_HARD,223.47
L1,1762429320,1762429440,long,47.65,47.6946940535848,TAKE_PROFIT_HARD,223.47
L1,1762429560,1762429560,short,47.715,47.73017625033901,STOP_LOSS_HARD,-75.88
L1,1762429920,1762429920,short,47.73,47.745176250339,STOP_LOSS_HARD,-75.88
L1,1762431600,1762431600,short,47.715,47.670305946415205,TAKE_PROFIT_HARD,223.47
L1,1762435080,1762435200,short,47.885,47.900176250339,STOP_LOSS_HARD,-75.88
L1,1762445040,1762445160,short,47.87,47.82,TAKE_PROFIT_HARD,250.0
L1,1762453080,1762453500,short,47.915,47.930176250339,STOP_LOSS_HARD,-75.88
L1,1762721160,1762721160,long,49.18,49.164823749661,STOP_LOSS_HARD,-75.88
L1,1762735200,1762735200,short,49.435,49.450176250339005,STOP_LOSS_HARD,-75.88
L1,1762743120,1762743120,long,49.71,49.694823749661,STOP_LOSS_HARD,-75.88
L1,1762748040,1762748040,long,49.74,49.724823749661,STOP_LOSS_HARD,-75.88
L1,1762748520,1762748520,long,49.705,49.689823749660995,STOP_LOSS_HARD,-75.88
L1,1762763880,1762763880,long,49.905,49.889823749661,STOP_LOSS_HARD,-75.88
L1,1762764840,1762764840,long,49.7,49.684823749661,STOP_LOSS_HARD,-75.88
L1,1762765080,1762765260,long,49.725,49.709823749661,STOP_LOSS_HARD,-75.88
L1,1762765320,1762765320,long,49.73,49.714823749660994,STOP_LOSS_HARD,-75.88
L1,1762765440,1762765500,long,49.71,49.694823749661,STOP_LOSS_HARD,-75.88
L1,1762765800,1762765920,long,49.73,49.714823749660994,STOP_LOSS_HARD,-75.88
L1,1762768200,1762768200,long,49.73,49.714823749660994,STOP_LOSS_HARD,-75.88
L1,1762768440,1762768500,long,49.73,49.774694053584795,TAKE_PROFIT_HARD,223.47
L1,1762771920,1762771980,long,49.685,49.7296940535848,TAKE_PROFIT_HARD,223.47
L1,1762772160,1762772220,long,49.7,49.7446940535848,TAKE_PROFIT_HARD,223.47
L1,1762778760,1762778760,short,50.155,50.170176250339004,STOP_LOSS_HARD,-75.88
L1,1762779600,1762780020,short,50.255,50.210305946415204,TAKE_PROFIT_HARD,223.47
L1,1762780920,1762780920,short,50.29,50.305176250339,STOP_LOSS_HARD,-75.88
L1,1762821120,1762821120,long,50.67,50.7146940535848,TAKE_PROFIT_HARD,223.47
L1,1762821240,1762821240,long,50.655,50.639823749661,STOP_LOSS_HARD,-75.88
L1,1762822680,1762822680,long,50.675,50.659823749660994,STOP_LOSS_HARD,-75.88
L1,1762839240,1762839360,long,50.69,50.734694053584796,TAKE_PROFIT_HARD,223.47
L1,1762854840,1762854840,long,50.65,50.634823749660995,STOP_LOSS_HARD,-75.88
L1,1762855200,1762855200,long,50.7,50.684823749661,STOP_LOSS_HARD,-75.88
L1,1762863720,1762863960,long,50.655,50.639823749661,STOP_LOSS_HARD,-75.88
L1,1762913520,1762913640,short,51.6,51.615176250339005,STOP_LOSS_HARD,-75.88
L1,1762914240,1762914420,short,51.545,51.5003059464152,TAKE_PROFIT_HARD,223.47
L1,1762914600,1762914600,short,51.55,51.5053059464152,TAKE_PROFIT_HARD,223.47
L1,1762916640,1762916640,short,51.545,51.560176250339005,STOP_LOSS_HARD,-75.88
L1,1762917360,1762917540,short,51.555,51.5103059464152,TAKE_PROFIT_HARD,223.47
L1,1762917720,1762917720,short,51.565,51.580176250339,STOP_LOSS_HARD,-75.88
L1,1762919040,1762919460,long,51.655,51.6996940535848,TAKE_PROFIT_HARD,223.47
L1,1762919640,1762919640,long,51.655,51.639823749661,STOP_LOSS_HARD,-75.88
L1,1762920360,1762920360,long,51.65,51.634823749660995,STOP_LOSS_HARD,-75.88
L1,1762923120,1762923120,long,51.63,51.614823749661,STOP_LOSS_HARD,-75.88
L1,1762923480,1762923660,long,51.65,51.634823749660995,STOP_LOSS_HARD,-75.88
L1,1762924200,1762924200,long,51.655,51.639823749661,STOP_LOSS_HARD,-75.88
L1,1762924680,1762924800,long,51.66,51.64482374966099,STOP_LOSS_HARD,-75.88
L1,1762925280,1762925400,short,51.58,51.5353059464152,TAKE_PROFIT_HARD,223.47
L1,1762925520,1762925520,short,51.57,51.585176250339,STOP_LOSS_HARD,-75.88
L1,1762927200,1762927440,long,51.66,51.64482374966099,STOP_LOSS_HARD,-75.88
L1,1762931880,1762931880,short,51.565,51.580176250339,STOP_LOSS_HARD,-75.88
L1,1762934640,1762934640,short,51.55,51.565176250339,STOP_LOSS_HARD,-75.88
L1,1762934760,1762934880,short,51.545,51.5003059464152,TAKE_PROFIT_HARD,223.47
L1,1762946760,1762946760,short,52.865,52.880176250339005,STOP_LOSS_HARD,-75.88
L1,1762954560,1762954620,long,53.55,53.534823749660994,STOP_LOSS_HARD,-75.88
L1,1762954680,1762954680,long,53.535,53.51982374966099,STOP_LOSS_HARD,-75.88
L1,1762955160,1762955220,long,53.54,53.524823749660996,STOP_LOSS_HARD,-75.88
L1,1762955280,1762955280,long,53.535,53.51982374966099,STOP_LOSS_HARD,-75.88
L1,1762956480,1762956480,long,53.55,53.534823749660994,STOP_LOSS_HARD,-75.88
L1,1762989480,1762989480,long,54.19,54.174823749660995,STOP_LOSS_HARD,-75.88
L1,1762993800,1762993800,long,54.185,54.169823749661,STOP_LOSS_HARD,-75.88
L1,1762994880,1762994880,long,54.2,54.184823749661,STOP_LOSS_HARD,-75.88
L1,1763000880,1763001060,long,54.155,54.1996940535848,TAKE_PROFIT_HARD,223.47
L1,1763006640,1763006640,long,54.155,54.139823749661,STOP_LOSS_HARD,-75.88
L1,1763006880,1763007000,long,54.195,54.179823749661,STOP_LOSS_HARD,-75.88
L1,1763007120,1763007180,long,54.165,54.2096940535848,TAKE_PROFIT_HARD,223.47
L1,1763007720,1763007840,long,54.2,54.18,STOP_LOSS_HARD,-100.0
L1,1763014920,1763014920,long,53.545,53.529823749661,STOP_LOSS_HARD,-75.88
L1,1763015520,1763015520,long,53.525,53.509823749660995,STOP_LOSS_HARD,-75.88
L1,1763015880,1763015880,long,53.55,53.594694053584796,TAKE_PROFIT_HARD,223.47
L1,1763021640,1763021640,long,53.555,53.539823749661,STOP_LOSS_HARD,-75.88
L1,1763064240,1763064240,short,52.85,52.8053059464152,TAKE_PROFIT_HARD,223.47
L1,1763064480,1763064480,short,52.835,52.850176250339004,STOP_LOSS_HARD,-75.88
L1,1763066880,1763067000,short,52.82,52.835176250339,STOP_LOSS_HARD,-75.88
L1,1763067720,1763067720,short,52.875,52.8303059464152,TAKE_PROFIT_HARD,223.47
L1,1763080440,1763080440,short,52.79,52.805176250339,STOP_LOSS_HARD,-75.88
L1,1763080680,1763080740,short,52.815,52.830176250339,STOP_LOSS_HARD,-75.88
L1,1763080920,1763080980,short,52.88,52.835305946415204,TAKE_PROFIT_HARD,223.47
L1,1763081400,1763081400,short,52.81,52.84,STOP_LOSS_HARD,-150.0
L1,1763082000,1763082060,short,52.865,52.8203059464152,TAKE_PROFIT_HARD,223.47
L1,1763082360,1763082480,short,52.915,52.8703059464152,TAKE_PROFIT_HARD,223.47
L1,1763089080,1763089140,short,52.815,52.830176250339,STOP_LOSS_HARD,-75.88
L1,1763089320,1763089320,short,52.87,52.8253059464152,TAKE_PROFIT_HARD,223.47
L1,1763090640,1763090640,short,52.78,52.795176250339004,STOP_LOSS_HARD,-75.88
L1,1763091240,1763091240,short,52.82,52.835176250339,STOP_LOSS_HARD,-75.88
L1,1763091360,1763091360,short,52.9,52.915176250339,STOP_LOSS_HARD,-75.88
L1,1763091840,1763091840,short,52.86,52.875176250339,STOP_LOSS_HARD,-75.88
L1,1763092080,1763092140,short,52.86,52.8153059464152,TAKE_PROFIT_HARD,223.47
L1,1763106360,1763106360,short,51.59,51.60517625033901,STOP_LOSS_HARD,-75.88
L1,1763106960,1763107020,long,51.6,51.6446940535848,TAKE_PROFIT_HARD,223.47
L1,1763131800,1763131920,long,50.69,50.735,TAKE_PROFIT_HARD,225.0
L1,1763319000,1763319180,long,50.685,50.7296940535848,TAKE_PROFIT_HARD,223.47
L1,1763319720,1763319900,long,50.66,50.64482374966099,STOP_LOSS_HARD,-75.88
L1,1763326680,1763326740,long,50.7,50.684823749661,STOP_LOSS_HARD,-75.88
L1,1763327880,1763327880,long,50.705,50.689823749660995,STOP_LOSS_HARD,-75.88
L1,1763330400,1763330400,long,50.71,50.685,STOP_LOSS_HARD,-125.0
L1,1763331120,1763331120,long,50.705,50.7496940535848,TAKE_PROFIT_HARD,223.47
L1,1763332920,1763332920,long,50.695,50.679823749661,STOP_LOSS_HARD,-75.88
L1,1763335560,1763335980,long,50.67,50.654823749661,STOP_LOSS_HARD,-75.88
L1,1763340240,1763340300,short,50.28,50.295176250339004,STOP_LOSS_HARD,-75.88
L1,1763358840,1763358840,long,50.655,50.639823749661,STOP_LOSS_HARD,-75.88
L1,1763359320,1763359380,long,50.66,50.62,STOP_LOSS_HARD,-200.0
L1,1763359920,1763359980,long,50.68,50.655,STOP_LOSS_HARD,-125.0
L1,1763361600,1763361660,long,50.705,50.7496940535848,TAKE_PROFIT_HARD,223.47
L1,1763365920,1763365920,long,50.68,50.664823749661,STOP_LOSS_HARD,-75.88
L1,1763366280,1763366340,long,50.685,50.669823749661,STOP_LOSS_HARD,-75.88
L1,1763368440,1763368440,long,50.655,50.639823749661,STOP_LOSS_HARD,-75.88
L1,1763376600,1763376600,long,50.705,50.689823749660995,STOP_LOSS_HARD,-75.88
L1,1763380080,1763380140,long,50.645,50.629823749661,STOP_LOSS_HARD,-75.88
L1,1763385120,1763385120,long,50.68,50.664823749661,STOP_LOSS_HARD,-75.88
L1,1763385360,1763385480,long,50.655,50.6996940535848,TAKE_PROFIT_HARD,223.47
L1,1763385960,1763385960,long,50.66,50.64482374966099,STOP_LOSS_HARD,-75.88
L1,1763393520,1763393520,long,49.785,49.765,STOP_LOSS_HARD,-100.0
L1,1763394000,1763394120,long,49.79,49.8346940535848,TAKE_PROFIT_HARD,223.47
L1,1763395320,1763395320,short,50.015,50.030176250339004,STOP_LOSS_HARD,-75.88
L1,1763395800,1763396460,short,50.03,50.045176250339004,STOP_LOSS_HARD,-75.88
L1,1763409720,1763409720,long,49.865,49.849823749661,STOP_LOSS_HARD,-75.88
L1,1763410800,1763410800,long,49.91,49.954694053584795,TAKE_PROFIT_HARD,223.47
L1,1763411280,1763411280,long,49.8,49.784823749660994,STOP_LOSS_HARD,-75.88
L1,1763411640,1763411640,long,49.8,49.784823749660994,STOP_LOSS_HARD,-75.88
L1,1763411880,1763411880,long,49.775,49.8196940535848,TAKE_PROFIT_HARD,223.47
L1,1763412120,1763412120,long,49.775,49.759823749660995,STOP_LOSS_HARD,-75.88
L1,1763415480,1763415540,long,49.8,49.844694053584796,TAKE_PROFIT_HARD,223.47
L1,1763415840,1763416020,long,49.8,49.784823749660994,STOP_LOSS_HARD,-75.88
L1,1763416080,1763416200,long,49.775,49.759823749660995,STOP_LOSS_HARD,-75.88
L1,1763432760,1763432820,short,49.26,49.2153059464152,TAKE_PROFIT_HARD,223.47
L1,1763437800,1763437800,short,50.02,50.035176250339006,STOP_LOSS_HARD,-75.88
L1,1763437920,1763437920,short,50.09,50.10517625033901,STOP_LOSS_HARD,-75.88
L1,1763442120,1763442240,short,50.255,50.270176250339006,STOP_LOSS_HARD,-75.88
L1,1763444280,1763444700,short,50.275,50.290176250339,STOP_LOSS_HARD,-75.88
L1,1763450760,1763450760,long,49.845,49.829823749660996,STOP_LOSS_HARD,-75.88
L1,1763457240,1763457240,short,50.27,50.285176250339006,STOP_LOSS_HARD,-75.88
L1,1763460480,1763460480,short,50.3,50.2553059464152,TAKE_PROFIT_HARD,223.47
L1,1763479680,1763479740,long,50.7,50.7446940535848,TAKE_PROFIT_HARD,223.47
L1,1763480760,1763480760,long,50.69,50.674823749660995,STOP_LOSS_HARD,-75.88
L1,1763481000,1763481420,long,50.69,50.674823749660995,STOP_LOSS_HARD,-75.88
L1,1763504520,1763504520,long,50.695,50.679823749661,STOP_LOSS_HARD,-75.88
L1,1763504880,1763504880,long,50.69,50.734694053584796,TAKE_PROFIT_HARD,223.47
L1,1763509320,1763509440,long,50.685,50.73,TAKE_PROFIT_HARD,225.0
L1,1763509800,1763510280,long,50.71,50.694823749661,STOP_LOSS_HARD,-75.88
L1,1763510400,1763510580,long,50.695,50.7396940535848,TAKE_PROFIT_HARD,223.47
L1,1763534640,1763534640,long,51.91,51.89482374966099,STOP_LOSS_HARD,-75.88
L1,1763535600,1763535600,long,51.915,51.899823749660996,STOP_LOSS_HARD,-75.88
L1,1763539320,1763539320,long,51.89,51.9346940535848,TAKE_PROFIT_HARD,223.47
L1,1763539560,1763539560,long,51.895,51.879823749661,STOP_LOSS_HARD,-75.88
L1,1763562840,1763562900,long,50.69,50.734694053584796,TAKE_PROFIT_HARD,223.47
L1,1763563200,1763563500,long,50.71,50.765,TAKE_PROFIT_HARD,275.0
L1,1763579280,1763579340,short,51.565,51.51,TAKE_PROFIT_HARD,275.0
L1,1763581800,1763581800,long,51.385,51.369823749660995,STOP_LOSS_HARD,-75.88
L1,1763582640,1763582640,long,51.29,51.274823749660996,STOP_LOSS_HARD,-75.88
L1,1763586960,1763586960,long,50.655,50.6996940535848,TAKE_PROFIT_HARD,223.47
L1,1763588400,1763588400,long,50.71,50.7546940535848,TAKE_PROFIT_HARD,223.47
L1,1763607480,1763607480,long,50.695,50.679823749661,STOP_LOSS_HARD,-75.88
L1,1763610840,1763610840,short,50.255,50.295,STOP_LOSS_HARD,-200.0
L1,1763613960,1763613960,long,50.655,50.639823749661,STOP_LOSS_HARD,-75.88
L1,1763615520,1763615520,long,50.67,50.654823749661,STOP_LOSS_HARD,-75.88
L1,1763631360,1763631360,long,50.68,50.664823749661,STOP_LOSS_HARD,-75.88
L1,1763636880,1763636880,long,50.7,50.7446940535848,TAKE_PROFIT_HARD,223.47
L1,1763637240,1763637240,long,50.685,50.669823749661,STOP_LOSS_HARD,-75.88
L1,1763643600,1763643600,short,50.275,50.290176250339,STOP_LOSS_HARD,-75.88
L1,1763645520,1763645520,short,50.265,50.285,STOP_LOSS_HARD,-100.0
L1,1763647800,1763647800,short,50.08,50.095176250339,STOP_LOSS_HARD,-75.88
L1,1763669640,1763669640,long,49.865,49.9096940535848,TAKE_PROFIT_HARD,223.47
L1,1763670720,1763670720,long,49.905,49.889823749661,STOP_LOSS_HARD,-75.88
L1,1763675640,1763675640,long,49.735,49.7796940535848,TAKE_PROFIT_HARD,223.47
L1,1763705520,1763705580,long,48.495,48.539694053584796,TAKE_PROFIT_HARD,223.47
L1,1763705760,1763705760,long,48.5,48.5446940535848,TAKE_PROFIT_HARD,223.47
L1,1763709000,1763709000,long,48.51,48.49,STOP_LOSS_HARD,-100.0
L1,1763709360,1763709420,long,48.5,48.484823749661,STOP_LOSS_HARD,-75.88
L1,1763717880,1763717880,short,49.245,49.260176250339,STOP_LOSS_HARD,-75.88
L1,1763727360,1763727360,long,49.905,49.889823749661,STOP_LOSS_HARD,-75.88
L1,1763727960,1763728020,short,49.995,49.9503059464152,TAKE_PROFIT_HARD,223.47
L1,1763728440,1763728440,short,50.03,50.045176250339004,STOP_LOSS_HARD,-75.88
L1,1763728800,1763728800,short,50.015,50.035,STOP_LOSS_HARD,-100.0
L1,1763729040,1763729040,short,50.005,50.020176250339006,STOP_LOSS_HARD,-75.88
L1,1763730000,1763730120,short,50.005,50.020176250339006,STOP_LOSS_HARD,-75.88
L1,1763730360,1763730360,long,49.925,49.969694053584796,TAKE_PROFIT_HARD,223.47
L1,1763730720,1763730780,long,49.935,49.919823749661,STOP_LOSS_HARD,-75.88
L1,1763731560,1763731560,long,49.92,49.904823749661,STOP_LOSS_HARD,-75.88
L1,1763732520,1763732580,long,49.94,49.924823749660995,STOP_LOSS_HARD,-75.88
L1,1763732760,1763732820,short,50.0,50.015176250339,STOP_LOSS_HARD,-75.88
L1,1763732880,1763732880,short,50.025,50.040176250339,STOP_LOSS_HARD,-75.88
L1,1763736960,1763737020,short,50.05,50.0053059464152,TAKE_PROFIT_HARD,223.47
L1,1763737200,1763737200,short,50.015,50.030176250339004,STOP_LOSS_HARD,-75.88
L1,1763737800,1763737920,short,50.0,49.9553059464152,TAKE_PROFIT_HARD,223.47
L1,1763738040,1763738040,long,49.94,49.924823749660995,STOP_LOSS_HARD,-75.88
L1,1763738880,1763738880,long,49.79,49.774823749660996,STOP_LOSS_HARD,-75.88
L1,1763984880,1763985300,short,50.25,50.2053059464152,TAKE_PROFIT_HARD,223.47
L1,1763985600,1763985600,short,50.275,50.290176250339,STOP_LOSS_HARD,-75.88
L1,1763987400,1763987940,short,50.25,50.265176250339,STOP_LOSS_HARD,-75.88
L1,1763989680,1763989680,short,50.25,50.265176250339,STOP_LOSS_HARD,-75.88
L1,1763997120,1763997480,short,51.02,51.035176250339006,STOP_LOSS_HARD,-75.88
L1,1763997600,1763997660,short,51.04,51.055176250339,STOP_LOSS_HARD,-75.88
L1,1764009360,1764009360,short,51.735,51.750176250339,STOP_LOSS_HARD,-75.88
L1,1764009600,1764009780,short,51.735,51.750176250339,STOP_LOSS_HARD,-75.88
L1,1764011880,1764011880,short,51.735,51.6903059464152,TAKE_PROFIT_HARD,223.47
L1,1764012240,1764012420,short,51.735,51.6903059464152,TAKE_PROFIT_HARD,223.47
L1,1764014640,1764014640,short,51.635,51.655,STOP_LOSS_HARD,-100.0
L1,1764015360,1764015540,short,51.56,51.515305946415204,TAKE_PROFIT_HARD,223.47
L1,1764015720,1764015720,short,51.63,51.585305946415204,TAKE_PROFIT_HARD,223.47
L1,1764035880,1764036000,short,51.76,51.775176250339,STOP_LOSS_HARD,-75.88
L1,1764038520,1764038580,short,51.78,51.795176250339004,STOP_LOSS_HARD,-75.88
L1,1764040680,1764040680,short,51.74,51.755176250339005,STOP_LOSS_HARD,-75.88
L1,1764042720,1764042720,long,51.325,51.309823749661,STOP_LOSS_HARD,-75.88
L1,1764044040,1764044040,short,51.545,51.5003059464152,TAKE_PROFIT_HARD,223.47
L1,1764044160,1764044160,short,51.545,51.5003059464152,TAKE_PROFIT_HARD,223.47
L1,1764046320,1764046320,long,51.35,51.334823749661,STOP_LOSS_HARD,-75.88
L1,1764046440,1764046920,long,51.325,51.3696940535848,TAKE_PROFIT_HARD,223.47
L1,1764047640,1764047700,short,51.545,51.5003059464152,TAKE_PROFIT_HARD,223.47
L1,1764048000,1764048060,short,51.55,51.5053059464152,TAKE_PROFIT_HARD,223.47
L1,1764051240,1764051240,short,51.575,51.590176250339006,STOP_LOSS_HARD,-75.88
L1,1764053040,1764053040,short,51.565,51.580176250339,STOP_LOSS_HARD,-75.88
L1,1764054240,1764054240,short,51.6,51.615176250339005,STOP_LOSS_HARD,-75.88
L1,1764057600,1764057600,short,51.56,51.575176250339005,STOP_LOSS_HARD,-75.88
L1,1764058080,1764058140,short,51.725,51.740176250339005,STOP_LOSS_HARD,-75.88
L1,1764058200,1764058200,short,51.75,51.765176250339,STOP_LOSS_HARD,-75.88
L1,1764063240,1764063240,short,51.735,51.750176250339,STOP_LOSS_HARD,-75.88
L1,1764064920,1764064920,long,51.275,51.259823749660995,STOP_LOSS_HARD,-75.88
L1,1764066120,1764066120,long,51.355,51.339823749660994,STOP_LOSS_HARD,-75.88
L1,1764066240,1764066240,long,51.275,51.259823749660995,STOP_LOSS_HARD,-75.88
L1,1764066960,1764066960,long,51.345,51.329823749660996,STOP_LOSS_HARD,-75.88
L1,1764067200,1764067200,long,51.34,51.324823749661,STOP_LOSS_HARD,-75.88
L1,1764067440,1764067500,long,51.33,51.314823749660995,STOP_LOSS_HARD,-75.88
L1,1764072240,1764072240,short,51.63,51.645176250339006,STOP_LOSS_HARD,-75.88
L1,1764075000,1764075000,short,51.76,51.7153059464152,TAKE_PROFIT_HARD,223.47
L1,1764080040,1764080040,short,51.545,51.560176250339005,STOP_LOSS_HARD,-75.88
L1,1764083040,1764083220,short,51.585,51.600176250339004,STOP_LOSS_HARD,-75.88
L1,1764093720,1764093960,short,51.755,51.770176250339006,STOP_LOSS_HARD,-75.88
L1,1764094560,1764094620,short,51.74,51.6953059464152,TAKE_PROFIT_HARD,223.47
L1,1764100680,1764100680,short,51.75,51.765176250339,STOP_LOSS_HARD,-75.88
L1,1764101040,1764101100,short,51.745,51.760176250339,STOP_LOSS_HARD,-75.88
L1,1764159000,1764159000,long,53.305,53.3496940535848,TAKE_PROFIT_HARD,223.47
L1,1764159240,1764159240,long,53.31,53.294823749661,STOP_LOSS_HARD,-75.88
L1,1764159600,1764159600,long,53.31,53.3546940535848,TAKE_PROFIT_HARD,223.47
L1,1764188280,1764188340,long,53.475,53.459823749661,STOP_LOSS_HARD,-75.88
L1,1764189000,1764189000,long,53.51,53.494823749660995,STOP_LOSS_HARD,-75.88
L1,1764194160,1764194160,long,53.325,53.309823749661,STOP_LOSS_HARD,-75.88
L1,1764198360,1764198420,long,53.33,53.31,STOP_LOSS_HARD,-100.0
L1,1764211560,1764211680,long,54.195,54.24,TAKE_PROFIT_HARD,225.0
L1,1764216480,1764216720,long,54.175,54.159823749660994,STOP_LOSS_HARD,-75.88
L1,1764217080,1764217080,long,54.1,54.084823749661,STOP_LOSS_HARD,-75.88
L1,1764231000,1764231000,long,53.505,53.5496940535848,TAKE_PROFIT_HARD,223.47
L1,1764233400,1764233400,long,53.545,53.529823749661,STOP_LOSS_HARD,-75.88
L1,1764233880,1764234000,long,53.535,53.51982374966099,STOP_LOSS_HARD,-75.88
L1,1764237120,1764237120,long,53.54,53.524823749660996,STOP_LOSS_HARD,-75.88
L1,1764237600,1764237600,long,53.54,53.524823749660996,STOP_LOSS_HARD,-75.88
L1,1764239520,1764239580,long,53.55,53.534823749660994,STOP_LOSS_HARD,-75.88
L1,1764239640,1764239700,long,53.525,53.509823749660995,STOP_LOSS_HARD,-75.88
L1,1764276000,1764276000,short,54.535,54.4903059464152,TAKE_PROFIT_HARD,223.47
L1,1764276120,1764276300,short,54.515,54.4703059464152,TAKE_PROFIT_HARD,223.47
L1,1764276720,1764276720,short,54.51,54.525176250339,STOP_LOSS_HARD,-75.88
L1,1764276840,1764276900,short,54.6,54.55,TAKE_PROFIT_HARD,250.0
L1,1764277560,1764277620,short,54.49,54.4453059464152,TAKE_PROFIT_HARD,223.47
L1,1764278640,1764278640,short,54.49,54.505176250339005,STOP_LOSS_HARD,-75.88
L1,1764278880,1764278940,short,54.555,54.570176250339,STOP_LOSS_HARD,-75.88
L1,1764279600,1764279600,short,54.515,54.530176250339004,STOP_LOSS_HARD,-75.88
L1,1764279720,1764279780,short,54.57,54.585176250339,STOP_LOSS_HARD,-75.88
L1,1764318600,1764318600,short,54.65,54.495,TAKE_PROFIT_HARD,775.0
L1,1764318840,1764318840,short,54.5,54.515176250339,STOP_LOSS_HARD,-75.88
L1,1764318960,1764318960,short,54.535,54.550176250339,STOP_LOSS_HARD,-75.88
L1,1764319440,1764319440,short,54.61,54.625176250339,STOP_LOSS_HARD,-75.88
L1,1764327720,1764327720,short,56.225,56.240176250339005,STOP_LOSS_HARD,-75.88
L1,1764328800,1764328800,short,56.32,56.335176250339,STOP_LOSS_HARD,-75.88
L1,1764329160,1764329160,short,56.27,56.285176250339006,STOP_LOSS_HARD,-75.88
L1,1764330240,1764330240,short,56.27,56.285176250339006,STOP_LOSS_HARD,-75.88
L1,1764331320,1764331320,short,56.525,56.540176250339,STOP_LOSS_HARD,-75.88
L1,1764535800,1764535800,short,58.33,58.345176250339,STOP_LOSS_HARD,-75.88
L1,1764539160,1764539160,long,58.04,58.0846940535848,TAKE_PROFIT_HARD,223.47
L1,1764569280,1764569340,long,58.095,58.1396940535848,TAKE_PROFIT_HARD,223.47
L1,1764569640,1764569640,long,58.08,58.064823749660995,STOP_LOSS_HARD,-75.88
L1,1764570000,1764570000,long,58.07,58.05,STOP_LOSS_HARD,-100.0
L1,1764570480,1764570660,long,58.06,58.044823749661,STOP_LOSS_HARD,-75.88
L1,1764571560,1764571560,long,58.09,58.074823749661,STOP_LOSS_HARD,-75.88
L1,1764580800,1764580800,long,58.045,58.029823749661,STOP_LOSS_HARD,-75.88
L1,1764583560,1764583560,short,58.345,58.3003059464152,TAKE_PROFIT_HARD,223.47
L1,1764583920,1764583920,long,58.055,58.039823749661,STOP_LOSS_HARD,-75.88
L1,1764587160,1764587160,short,58.345,58.360176250339,STOP_LOSS_HARD,-75.88
L1,1764594600,1764594600,short,59.16,59.1153059464152,TAKE_PROFIT_HARD,223.47
L1,1764594720,1764594780,short,59.195,59.210176250339,STOP_LOSS_HARD,-75.88
L1,1764594960,1764595020,short,59.2,59.215176250339006,STOP_LOSS_HARD,-75.88
L1,1764595320,1764595320,short,59.19,59.205176250339,STOP_LOSS_HARD,-75.88
L1,1764596040,1764596040,short,59.17,59.185176250339005,STOP_LOSS_HARD,-75.88
L1,1764599400,1764599400,long,58.975,58.959823749661,STOP_LOSS_HARD,-75.88
L1,1764602400,1764602400,long,58.655,58.639823749661,STOP_LOSS_HARD,-75.88
L1,1764615000,1764615000,long,58.05,58.034823749660994,STOP_LOSS_HARD,-75.88
L1,1764616080,1764616080,long,58.08,58.064823749660995,STOP_LOSS_HARD,-75.88
L1,1764616800,1764616800,long,58.045,58.029823749661,STOP_LOSS_HARD,-75.88
L1,1764618600,1764618600,long,58.045,58.0896940535848,TAKE_PROFIT_HARD,223.47
L1,1764638160,1764638160,long,58.04,58.024823749660996,STOP_LOSS_HARD,-75.88
L1,1764663240,1764663240,long,58.035,58.079694053584795,TAKE_PROFIT_HARD,223.47
L1,1764663360,1764663360,long,58.03,58.0746940535848,TAKE_PROFIT_HARD,223.47
L1,1764663600,1764663600,long,58.055,58.039823749661,STOP_LOSS_HARD,-75.88
L1,1764672360,1764672360,long,58.085,58.069823749661,STOP_LOSS_HARD,-75.88
L1,1764675120,1764675120,long,58.035,58.079694053584795,TAKE_PROFIT_HARD,223.47
L1,1764681240,1764681300,long,58.715,58.699823749661,STOP_LOSS_HARD,-75.88
L1,1764684240,1764684300,long,58.705,58.7496940535848,TAKE_PROFIT_HARD,223.47
L1,1764685680,1764685680,long,58.63,58.6746940535848,TAKE_PROFIT_HARD,223.47
L1,1764686280,1764686340,long,58.675,58.719694053584796,TAKE_PROFIT_HARD,223.47
L1,1764689760,1764689760,short,59.155,59.170176250339004,STOP_LOSS_HARD,-75.88
L1,1764694320,1764694740,short,59.17,59.1253059464152,TAKE_PROFIT_HARD,223.47
L1,1764698640,1764698640,long,58.97,58.954823749660996,STOP_LOSS_HARD,-75.88
L1,1764701520,1764701520,short,59.42,59.3753059464152,TAKE_PROFIT_HARD,223.47
L1,1764703920,1764704280,short,59.14,59.0953059464152,TAKE_PROFIT_HARD,223.47
L1,1764704880,1764704880,long,58.995,58.979823749660994,STOP_LOSS_HARD,-75.88
L1,1764705000,1764705000,long,58.965,58.949823749661,STOP_LOSS_HARD,-75.88
L1,1764706320,1764706380,long,58.95,58.934823749661,STOP_LOSS_HARD,-75.88
L1,1764709680,1764709680,short,59.225,59.240176250339005,STOP_LOSS_HARD,-75.88
L1,1764710880,1764710880,short,59.18,59.195176250339,STOP_LOSS_HARD,-75.88
L1,1764712440,1764712500,short,59.36,59.385,STOP_LOSS_HARD,-125.0
L1,1764713640,1764713820,short,59.36,59.3153059464152,TAKE_PROFIT_HARD,223.47
L1,1764724440,1764724440,long,58.69,58.734694053584796,TAKE_PROFIT_HARD,223.47
L1,1764726120,1764726120,long,58.69,58.674823749660995,STOP_LOSS_HARD,-75.88
L1,1764727920,1764727920,long,58.705,58.689823749660995,STOP_LOSS_HARD,-75.88
L1,1764734640,1764734640,long,58.695,58.7396940535848,TAKE_PROFIT_HARD,223.47
L1,1764734880,1764734880,long,58.635,58.619823749660995,STOP_LOSS_HARD,-75.88
L1,1764735720,1764735780,long,58.705,58.689823749660995,STOP_LOSS_HARD,-75.88
L1,1764735840,1764736080,long,58.7,58.68,STOP_LOSS_HARD,-100.0
L1,1764736680,1764736920,long,58.71,58.694823749661,STOP_LOSS_HARD,-75.88
L1,1764737640,1764737820,long,58.715,58.7596940535848,TAKE_PROFIT_HARD,223.47
L1,1764740040,1764740160,long,58.7,58.684823749661,STOP_LOSS_HARD,-75.88
L1,1764740760,1764740880,long,58.675,58.659823749660994,STOP_LOSS_HARD,-75.88
L1,1764746400,1764746400,long,58.97,58.954823749660996,STOP_LOSS_HARD,-75.88
L1,1764747000,1764747060,long,58.99,59.0346940535848,TAKE_PROFIT_HARD,223.47
L1,1764747960,1764748020,short,59.14,59.0953059464152,TAKE_PROFIT_HARD,223.47
L1,1764748800,1764748800,short,59.155,59.170176250339004,STOP_LOSS_HARD,-75.88
L1,1764750840,1764750840,short,59.415,59.430176250339,STOP_LOSS_HARD,-75.88
L1,1764751680,1764751680,short,59.39,59.41,STOP_LOSS_HARD,-100.0
L1,1764756600,1764756660,long,58.92,58.904823749661,STOP_LOSS_HARD,-75.88
L1,1764758160,1764758160,short,59.19,59.205176250339,STOP_LOSS_HARD,-75.88
L1,1764760440,1764760440,short,59.14,59.155176250339004,STOP_LOSS_HARD,-75.88
L1,1764761160,1764761160,short,59.15,59.165176250339,STOP_LOSS_HARD,-75.88
L1,1764762480,1764762480,short,59.165,59.180176250339,STOP_LOSS_HARD,-75.88
L1,1764765600,1764765600,long,58.965,58.949823749661,STOP_LOSS_HARD,-75.88
L1,1764767280,1764767280,long,58.715,58.699823749661,STOP_LOSS_HARD,-75.88
L1,1764767880,1764767880,long,58.7,58.684823749661,STOP_LOSS_HARD,-75.88
L1,1764770160,1764770160,long,58.69,58.66,STOP_LOSS_HARD,-150.0
L1,1764792840,1764792900,long,58.955,59.0,TAKE_PROFIT_HARD,225.0
L1,1764793080,1764793140,long,58.99,58.97,STOP_LOSS_HARD,-100.0
L1,1764793200,1764793200,long,58.995,58.979823749660994,STOP_LOSS_HARD,-75.88
L1,1764796800,1764796980,long,58.97,59.0146940535848,TAKE_PROFIT_HARD,223.47
L1,1764798000,1764798000,long,58.935,58.919823749661,STOP_LOSS_HARD,-75.88
L1,1764798960,1764799020,long,58.99,58.974823749661,STOP_LOSS_HARD,-75.88
L1,1764799080,1764799080,long,58.92,58.904823749661,STOP_LOSS_HARD,-75.88
L1,1764801000,1764801000,long,58.695,58.679823749661,STOP_LOSS_HARD,-75.88
L1,1764802200,1764802260,long,58.695,58.679823749661,STOP_LOSS_HARD,-75.88
L1,1764803280,1764803340,long,58.7,58.684823749661,STOP_LOSS_HARD,-75.88
L1,1764804240,1764804300,long,58.715,58.7596940535848,TAKE_PROFIT_HARD,223.47
L1,1764806880,1764807240,long,58.71,58.694823749661,STOP_LOSS_HARD,-75.88
L1,1764840720,1764840720,long,58.025,58.0696940535848,TAKE_PROFIT_HARD,223.47
L1,1764894720,1764894720,short,58.385,58.3403059464152,TAKE_PROFIT_HARD,223.47
L1,1764895080,1764895140,short,58.37,58.385176250339,STOP_LOSS_HARD,-75.88
L1,1764902040,1764902040,long,58.705,58.689823749660995,STOP_LOSS_HARD,-75.88
L1,1764902640,1764902760,long,58.675,58.719694053584796,TAKE_PROFIT_HARD,223.47
L1,1764903720,1764903900,long,58.705,58.7496940535848,TAKE_PROFIT_HARD,223.47
L1,1764904080,1764904080,long,58.675,58.659823749660994,STOP_LOSS_HARD,-75.88
L1,1764904680,1764904680,long,58.69,58.734694053584796,TAKE_PROFIT_HARD,223.47
L1,1764905520,1764905580,long,58.67,58.7146940535848,TAKE_PROFIT_HARD,223.47
L1,1764906240,1764906300,long,58.705,58.7496940535848,TAKE_PROFIT_HARD,223.47
L1,1764906480,1764906480,long,58.71,58.694823749661,STOP_LOSS_HARD,-75.88
L1,1764906840,1764906960,long,58.675,58.719694053584796,TAKE_PROFIT_HARD,223.47
L1,1764907080,1764907140,long,58.67,58.654823749661,STOP_LOSS_HARD,-75.88
L1,1764910440,1764910440,long,58.7,58.684823749661,STOP_LOSS_HARD,-75.88
L1,1764918480,1764918720,long,58.7,58.684823749661,STOP_LOSS_HARD,-75.88
L1,1764924480,1764924480,long,58.66,58.64482374966099,STOP_LOSS_HARD,-75.88
L1,1764927000,1764927000,long,58.68,58.7246940535848,TAKE_PROFIT_HARD,223.47
L1,1764927240,1764927240,long,58.65,58.634823749660995,STOP_LOSS_HARD,-75.88
L1,1764927480,1764927480,long,58.68,58.664823749661,STOP_LOSS_HARD,-75.88
L1,1764928440,1764928440,short,59.185,59.200176250339005,STOP_LOSS_HARD,-75.88
L1,1764930240,1764930240,short,59.37,59.3253059464152,TAKE_PROFIT_HARD,223.47
L1,1764930600,1764930600,short,59.41,59.425176250339,STOP_LOSS_HARD,-75.88
L1,1764935280,1764935280,long,58.705,58.7496940535848,TAKE_PROFIT_HARD,223.47
L1,1764936720,1764936720,long,58.995,59.039694053584796,TAKE_PROFIT_HARD,223.47
L1,1764936840,1764936900,long,58.97,59.0146940535848,TAKE_PROFIT_HARD,223.47
L1,1764937800,1764937800,short,59.155,59.170176250339004,STOP_LOSS_HARD,-75.88
L1,1764939120,1764939120,short,59.155,59.170176250339004,STOP_LOSS_HARD,-75.88
L1,1764941520,1764941580,short,59.15,59.165176250339,STOP_LOSS_HARD,-75.88
L1,1764941640,1764941640,short,59.205,59.220176250339,STOP_LOSS_HARD,-75.88
L1,1764942840,1764942840,short,59.165,59.180176250339,STOP_LOSS_HARD,-75.88
L1,1764943320,1764943320,long,58.955,58.939823749660995,STOP_LOSS_HARD,-75.88
L1,1764944160,1764944160,long,58.99,58.974823749661,STOP_LOSS_HARD,-75.88
L1,1764944280,1764944280,long,58.915,58.899823749660996,STOP_LOSS_HARD,-75.88
L1,1764945480,1764945480,long,58.985,58.969823749660996,STOP_LOSS_HARD,-75.88
L1,1764945600,1764945600,long,58.965,58.949823749661,STOP_LOSS_HARD,-75.88
L1,1764946920,1764946920,long,58.955,58.939823749660995,STOP_LOSS_HARD,-75.88
L1,1764947880,1764947880,long,58.995,58.979823749660994,STOP_LOSS_HARD,-75.88
L1,1765142040,1765142040,short,58.3,58.2553059464152,TAKE_PROFIT_HARD,223.47
L1,1765142280,1765142460,short,58.335,58.2903059464152,TAKE_PROFIT_HARD,223.47
L1,1765142760,1765142940,short,58.305,58.320176250339,STOP_LOSS_HARD,-75.88
L1,1765145640,1765145640,short,58.295,58.310176250339005,STOP_LOSS_HARD,-75.88
L1,1765192920,1765192920,short,58.34,58.35517625033901,STOP_LOSS_HARD,-75.88
L1,1765195080,1765195080,short,58.345,58.360176250339,STOP_LOSS_HARD,-75.88
L1,1765242720,1765242720,long,58.065,58.049823749660995,STOP_LOSS_HARD,-75.88
L1,1765243440,1765243440,short,58.335,58.350176250339004,STOP_LOSS_HARD,-75.88
L1,1765243920,1765243920,short,58.37,58.385176250339,STOP_LOSS_HARD,-75.88
L1,1765256760,1765256760,long,58.99,58.974823749661,STOP_LOSS_HARD,-75.88
L1,1765257240,1765257360,long,58.975,59.0196940535848,TAKE_PROFIT_HARD,223.47
L1,1765267560,1765267560,short,59.375,59.3303059464152,TAKE_PROFIT_HARD,223.47
L1,1765268640,1765268640,short,59.4,59.415176250339,STOP_LOSS_HARD,-75.88
L1,1765270680,1765270680,short,59.38,59.395176250339006,STOP_LOSS_HARD,-75.88
L1,1765278240,1765278240,short,60.965,60.920305946415205,TAKE_PROFIT_HARD,223.47
L1,1765280280,1765280400,short,61.015,60.9703059464152,TAKE_PROFIT_HARD,223.47
L1,1765280640,1765280640,short,60.965,60.98017625033901,STOP_LOSS_HARD,-75.88
L1,1765280760,1765280760,short,61.025,60.9803059464152,TAKE_PROFIT_HARD,223.47
L1,1765281120,1765281120,short,60.985,61.000176250339,STOP_LOSS_HARD,-75.88
L1,1765286640,1765286640,short,60.91,60.8653059464152,TAKE_PROFIT_HARD,223.47
L1,1765286880,1765286880,short,60.895,60.910176250339006,STOP_LOSS_HARD,-75.88
L1,1765288200,1765288200,short,61.03,60.9853059464152,TAKE_PROFIT_HARD,223.47
L1,1765288440,1765288440,short,61.04,61.055176250339,STOP_LOSS_HARD,-75.88
L1,1765359960,1765359960,short,61.06,61.075176250339005,STOP_LOSS_HARD,-75.88
L1,1765364400,1765364400,short,61.0,61.015176250339,STOP_LOSS_HARD,-75.88
L1,1765374600,1765374600,short,60.9,60.915176250339,STOP_LOSS_HARD,-75.88
L1,1765403280,1765403280,long,62.865,62.849823749661,STOP_LOSS_HARD,-75.88
L1,1765403520,1765403520,long,62.83,62.814823749660995,STOP_LOSS_HARD,-75.88
L1,1765407120,1765407120,long,62.53,62.514823749661,STOP_LOSS_HARD,-75.88
L1,1765408080,1765408200,long,62.51,62.494823749660995,STOP_LOSS_HARD,-75.88
L1,1765431240,1765431300,long,62.53,62.505,STOP_LOSS_HARD,-125.0
L1,1765431360,1765431720,long,62.52,62.5646940535848,TAKE_PROFIT_HARD,223.47
L1,1765431960,1765432200,long,62.53,62.5746940535848,TAKE_PROFIT_HARD,223.47
L1,1765434840,1765434960,long,62.51,62.494823749660995,STOP_LOSS_HARD,-75.88
L1,1765439160,1765439220,long,62.505,62.489823749661,STOP_LOSS_HARD,-75.88
L1,1765453920,1765453920,short,64.27,64.28517625033899,STOP_LOSS_HARD,-75.88
L1,1765456680,1765456680,short,64.315,64.27030594641519,TAKE_PROFIT_HARD,223.47
L1,1765462800,1765462860,short,64.255,64.21030594641519,TAKE_PROFIT_HARD,223.47
L1,1765463400,1765463400,short,64.245,64.260176250339,STOP_LOSS_HARD,-75.88
L1,1765463520,1765463520,short,64.25,64.2053059464152,TAKE_PROFIT_HARD,223.47
L1,1765489320,1765489500,short,64.27,64.225,TAKE_PROFIT_HARD,225.0
L1,1765489680,1765489680,long,64.02,64.004823749661,STOP_LOSS_HARD,-75.88
L1,1765499760,1765499760,short,64.245,64.260176250339,STOP_LOSS_HARD,-75.88
L1,1765501320,1765501320,short,64.22,64.1753059464152,TAKE_PROFIT_HARD,223.47
L1,1765503000,1765503060,short,64.22,64.1753059464152,TAKE_PROFIT_HARD,223.47
L1,1765504800,1765504800,long,64.015,63.999823749661,STOP_LOSS_HARD,-75.88
L1,1765504920,1765504920,long,63.96,63.944823749661,STOP_LOSS_HARD,-75.88
L1,1765506120,1765506240,long,63.995,64.0396940535848,TAKE_PROFIT_HARD,223.47
L1,1765509960,1765509960,long,63.98,63.964823749660994,STOP_LOSS_HARD,-75.88
L1,1765511760,1765511820,short,64.23,64.245176250339,STOP_LOSS_HARD,-75.88
L1,1765515000,1765515000,short,64.26,64.275176250339,STOP_LOSS_HARD,-75.88
L1,1765515120,1765515180,short,64.305,64.320176250339,STOP_LOSS_HARD,-75.88
L1,1765515240,1765515240,short,64.35,64.36517625033899,STOP_LOSS_HARD,-75.88
L1,1765763280,1765763280,short,63.465,63.48017625033901,STOP_LOSS_HARD,-75.88
L1,1765763880,1765763880,short,63.47,63.485176250339,STOP_LOSS_HARD,-75.88
L1,1765764360,1765764360,short,63.5,63.4553059464152,TAKE_PROFIT_HARD,223.47
L1,1765764600,1765764780,short,63.505,63.520176250339006,STOP_LOSS_HARD,-75.88
L1,1765765680,1765765680,short,63.47,63.485176250339,STOP_LOSS_HARD,-75.88
L1,1765767960,1765767960,short,63.48,63.495176250339,STOP_LOSS_HARD,-75.88
L1,1765768440,1765768440,short,63.465,63.48017625033901,STOP_LOSS_HARD,-75.88
L1,1765768800,1765768860,short,63.48,63.495176250339,STOP_LOSS_HARD,-75.88
L1,1765768920,1765768920,short,63.48,63.495176250339,STOP_LOSS_HARD,-75.88
L1,1765785480,1765785540,long,63.96,64.0046940535848,TAKE_PROFIT_HARD,223.47
L1,1765808160,1765808160,long,63.855,63.899694053584795,TAKE_PROFIT_HARD,223.47
L1,1765808520,1765808520,long,63.84,63.824823749661,STOP_LOSS_HARD,-75.88
L1,1765812480,1765812480,long,63.86,63.844823749660996,STOP_LOSS_HARD,-75.88
L1,1765814640,1765814820,long,64.02,64.004823749661,STOP_LOSS_HARD,-75.88
L1,1765814880,1765814880,long,64.015,63.999823749661,STOP_LOSS_HARD,-75.88
L1,1765815480,1765815600,long,63.975,64.0196940535848,TAKE_PROFIT_HARD,223.47
L1,1765815840,1765815960,long,64.01,63.994823749661,STOP_LOSS_HARD,-75.88
L1,1765816440,1765816560,long,64.015,63.999823749661,STOP_LOSS_HARD,-75.88
L1,1765825440,1765825440,long,63.985,63.969823749660996,STOP_LOSS_HARD,-75.88
L1,1765825920,1765826100,long,63.99,63.96,STOP_LOSS_HARD,-150.0
L1,1765826280,1765826280,long,63.855,63.839823749660994,STOP_LOSS_HARD,-75.88
L1,1765827120,1765827120,long,63.87,63.914694053584796,TAKE_PROFIT_HARD,223.47
L1,1765828200,1765828260,long,63.875,63.859823749661,STOP_LOSS_HARD,-75.88
L1,1765831320,1765831320,long,64.005,64.0496940535848,TAKE_PROFIT_HARD,223.47
L1,1765831560,1765831560,long,63.99,63.974823749661,STOP_LOSS_HARD,-75.88
L1,1765832280,1765832280,long,63.785,63.76982374966099,STOP_LOSS_HARD,-75.88
L1,1765833600,1765833600,long,63.815,63.799823749660995,STOP_LOSS_HARD,-75.88
L1,1765834320,1765834320,long,63.82,63.804823749661,STOP_LOSS_HARD,-75.88
L1,1765836240,1765836240,long,63.15,63.1946940535848,TAKE_PROFIT_HARD,223.47
L1,1765870320,1765870440,long,63.18,63.16,STOP_LOSS_HARD,-100.0
L1,1765881600,1765881600,short,63.465,63.48017625033901,STOP_LOSS_HARD,-75.88
L1,1765884240,1765884240,short,63.49,63.505176250339005,STOP_LOSS_HARD,-75.88
L1,1765886040,1765886040,long,63.245,63.229823749660994,STOP_LOSS_HARD,-75.88
L1,1765886160,1765886160,long,63.225,63.2696940535848,TAKE_PROFIT_HARD,223.47
L1,1765888200,1765888200,short,63.495,63.510176250339,STOP_LOSS_HARD,-75.88
L1,1765889160,1765889220,short,63.475,63.4303059464152,TAKE_PROFIT_HARD,223.47
L1,1765889280,1765889280,short,63.48,63.4353059464152,TAKE_PROFIT_HARD,223.47
L1,1765898520,1765898580,long,63.875,63.9196940535848,TAKE_PROFIT_HARD,223.47
L1,1765915200,1765915200,long,63.945,63.9896940535848,TAKE_PROFIT_HARD,223.47
L1,1765924200,1765924200,long,65.95,65.934823749661,STOP_LOSS_HARD,-75.88
L1,1765930800,1765930860,long,66.295,66.33969405358481,TAKE_PROFIT_HARD,223.47
L1,1765931160,1765931160,long,66.31,66.294823749661,STOP_LOSS_HARD,-75.88
L1,1765933680,1765933680,short,66.475,66.49017625033899,STOP_LOSS_HARD,-75.88
L1,1765934400,1765934400,long,66.345,66.329823749661,STOP_LOSS_HARD,-75.88
L1,1765938240,1765938240,long,65.95,65.934823749661,STOP_LOSS_HARD,-75.88
L1,1765938720,1765938720,long,65.97,66.0146940535848,TAKE_PROFIT_HARD,223.47
L1,1765950120,1765950300,long,65.985,65.969823749661,STOP_LOSS_HARD,-75.88
L1,1765954440,1765954440,long,65.995,66.03969405358481,TAKE_PROFIT_HARD,223.47
L1,1765955280,1765955340,long,65.99,65.974823749661,STOP_LOSS_HARD,-75.88
L1,1765957800,1765957800,long,65.975,65.959823749661,STOP_LOSS_HARD,-75.88
L1,1765959960,1765959960,long,65.99,65.974823749661,STOP_LOSS_HARD,-75.88
L1,1765974480,1765974480,short,66.81,66.825176250339,STOP_LOSS_HARD,-75.88
L1,1765978560,1765978560,short,66.77,66.72530594641519,TAKE_PROFIT_HARD,223.47
L1,1765980000,1765980000,short,66.445,66.40030594641519,TAKE_PROFIT_HARD,223.47
L1,1765980120,1765980120,short,66.445,66.40030594641519,TAKE_PROFIT_HARD,223.47
L1,1765984680,1765984680,short,66.785,66.80017625033899,STOP_LOSS_HARD,-75.88
L1,1765984800,1765984800,short,66.865,66.88017625033899,STOP_LOSS_HARD,-75.88
L1,1765994760,1765994820,long,66.345,66.3896940535848,TAKE_PROFIT_HARD,223.47
L1,1765994880,1765994880,long,66.33,66.3746940535848,TAKE_PROFIT_HARD,223.47
L1,1765995000,1765995000,long,66.33,66.314823749661,STOP_LOSS_HARD,-75.88
L1,1765995480,1765995480,short,66.415,66.430176250339,STOP_LOSS_HARD,-75.88
L1,1765996080,1765996500,short,66.435,66.450176250339,STOP_LOSS_HARD,-75.88
L1,1766003040,1766003040,long,66.285,66.269823749661,STOP_LOSS_HARD,-75.88
L1,1766006280,1766006280,short,66.435,66.450176250339,STOP_LOSS_HARD,-75.88
L1,1766006880,1766006940,short,66.46,66.47517625033899,STOP_LOSS_HARD,-75.88
L1,1766020080,1766020080,short,66.495,66.510176250339,STOP_LOSS_HARD,-75.88
L1,1766028840,1766028840,long,66.345,66.3896940535848,TAKE_PROFIT_HARD,223.47
L1,1766029080,1766029260,short,66.43,66.3853059464152,TAKE_PROFIT_HARD,223.47
L1,1766038680,1766038680,long,66.345,66.329823749661,STOP_LOSS_HARD,-75.88
L1,1766041800,1766041800,long,66.31,66.35469405358481,TAKE_PROFIT_HARD,223.47
L1,1766042040,1766042040,long,66.345,66.329823749661,STOP_LOSS_HARD,-75.88
L1,1766045520,1766045520,long,65.98,66.02469405358481,TAKE_PROFIT_HARD,223.47
L1,1766046000,1766046000,long,65.995,65.97982374966101,STOP_LOSS_HARD,-75.88
L1,1766049360,1766049360,long,66.335,66.319823749661,STOP_LOSS_HARD,-75.88
L1,1766057640,1766057640,long,65.935,65.919823749661,STOP_LOSS_HARD,-75.88
L1,1766116560,1766116560,long,65.99,65.974823749661,STOP_LOSS_HARD,-75.88
L1,1766118360,1766118540,long,65.965,65.94982374966101,STOP_LOSS_HARD,-75.88
L1,1766125440,1766125440,long,65.965,66.00969405358481,TAKE_PROFIT_HARD,223.47
L1,1766129520,1766129640,long,65.965,65.94982374966101,STOP_LOSS_HARD,-75.88
L1,1766134440,1766134440,long,65.955,65.939823749661,STOP_LOSS_HARD,-75.88
L1,1766135040,1766135040,long,65.955,65.9996940535848,TAKE_PROFIT_HARD,223.47
L1,1766354640,1766354640,short,69.145,69.16017625033899,STOP_LOSS_HARD,-75.88
L1,1766355480,1766355540,short,69.17,69.185176250339,STOP_LOSS_HARD,-75.88
L1,1766372640,1766372640,long,68.805,68.84969405358481,TAKE_PROFIT_HARD,223.47
L1,1766373240,1766373240,long,68.83,68.8746940535848,TAKE_PROFIT_HARD,223.47
L1,1766376480,1766376480,long,68.855,68.83982374966101,STOP_LOSS_HARD,-75.88
L1,1766376600,1766376600,long,68.835,68.819823749661,STOP_LOSS_HARD,-75.88
L1,1766386920,1766386920,short,69.18,69.195176250339,STOP_LOSS_HARD,-75.88
L1,1766389320,1766389320,long,68.845,68.829823749661,STOP_LOSS_HARD,-75.88
L1,1766389560,1766389620,long,68.85,68.8946940535848,TAKE_PROFIT_HARD,223.47
L1,1766390640,1766390640,short,69.125,69.140176250339,STOP_LOSS_HARD,-75.88
L1,1766390760,1766390760,short,69.155,69.170176250339,STOP_LOSS_HARD,-75.88
L1,1766393640,1766393640,long,68.83,68.814823749661,STOP_LOSS_HARD,-75.88
L1,1766401080,1766401080,long,68.83,68.814823749661,STOP_LOSS_HARD,-75.88
L1,1766401560,1766401560,long,68.86,68.844823749661,STOP_LOSS_HARD,-75.88
L1,1766426520,1766426520,short,69.12,69.15,STOP_LOSS_HARD,-150.0
L1,1766426640,1766427180,short,69.17,69.185176250339,STOP_LOSS_HARD,-75.88
L1,1766450520,1766450520,long,69.54,69.52482374966101,STOP_LOSS_HARD,-75.88
L1,1766450880,1766450880,long,69.54,69.52482374966101,STOP_LOSS_HARD,-75.88
L1,1766458800,1766458800,long,69.57,69.554823749661,STOP_LOSS_HARD,-75.88
L1,1766460000,1766460000,long,69.545,69.529823749661,STOP_LOSS_HARD,-75.88
L1,1766460480,1766460540,long,69.525,69.50982374966101,STOP_LOSS_HARD,-75.88
L1,1766461200,1766461260,long,69.56,69.54,STOP_LOSS_HARD,-100.0
L1,1766462040,1766462100,long,69.545,69.529823749661,STOP_LOSS_HARD,-75.88
L1,1766465400,1766465400,long,69.525,69.50982374966101,STOP_LOSS_HARD,-75.88
L1,1766471040,1766471040,long,69.58,69.564823749661,STOP_LOSS_HARD,-75.88
L1,1766471160,1766471520,long,69.575,69.61969405358481,TAKE_PROFIT_HARD,223.47
L1,1766520960,1766520960,long,71.88,71.864823749661,STOP_LOSS_HARD,-75.88
L1,1766529000,1766529000,long,72.24,72.224823749661,STOP_LOSS_HARD,-75.88
L1,1766529240,1766529300,long,72.22,72.2646940535848,TAKE_PROFIT_HARD,223.47
L1,1766534520,1766534520,long,72.25,72.234823749661,STOP_LOSS_HARD,-75.88
L1,1766545560,1766545560,long,71.855,71.89969405358481,TAKE_PROFIT_HARD,223.47
L1,1766545920,1766545920,long,71.88,71.864823749661,STOP_LOSS_HARD,-75.88
L1,1766546880,1766546880,long,71.83,71.8,STOP_LOSS_HARD,-150.0
L1,1766547840,1766547840,long,71.86,71.844823749661,STOP_LOSS_HARD,-75.88
L1,1766567760,1766567760,long,71.865,71.9096940535848,TAKE_PROFIT_HARD,223.47
L1,1766578560,1766578560,long,71.845,71.829823749661,STOP_LOSS_HARD,-75.88
L1,1766583000,1766583000,long,71.855,71.89969405358481,TAKE_PROFIT_HARD,223.47
L1,1766583360,1766583360,long,71.875,71.859823749661,STOP_LOSS_HARD,-75.88
L1,1766685600,1766685600,long,71.875,72.725,TAKE_PROFIT_HARD,4250.0
L1,1766690520,1766690520,short,73.86,73.88,STOP_LOSS_HARD,-100.0
L1,1767327600,1767327600,long,73.99,73.974823749661,STOP_LOSS_HARD,-75.88
L1,1767328800,1767328860,long,73.995,74.03969405358481,TAKE_PROFIT_HARD,223.47
L1,1767329880,1767329880,long,73.97,73.954823749661,STOP_LOSS_HARD,-75.88
L1,1767330240,1767330240,long,73.96,74.0046940535848,TAKE_PROFIT_HARD,223.47
L1,1767330480,1767330540,long,73.985,74.0296940535848,TAKE_PROFIT_HARD,223.47
L1,1767330840,1767331020,long,73.98,74.02469405358481,TAKE_PROFIT_HARD,223.47
L1,1767331560,1767331560,long,73.95,73.934823749661,STOP_LOSS_HARD,-75.88
L1,1767332400,1767332460,long,73.985,74.0296940535848,TAKE_PROFIT_HARD,223.47
L1,1767335880,1767336000,long,73.96,74.005,TAKE_PROFIT_HARD,225.0
L1,1767336480,1767336480,long,73.9,73.94469405358481,TAKE_PROFIT_HARD,223.47
L1,1767571680,1767571740,long,75.135,75.11982374966101,STOP_LOSS_HARD,-75.88
L1,1767577440,1767577440,long,75.21,75.194823749661,STOP_LOSS_HARD,-75.88
L1,1767581520,1767581640,long,75.275,75.25982374966101,STOP_LOSS_HARD,-75.88
L1,1767588120,1767588120,short,75.89,75.905176250339,STOP_LOSS_HARD,-75.88
L1,1767589680,1767589680,short,75.855,75.870176250339,STOP_LOSS_HARD,-75.88
L1,1767590400,1767590400,short,75.86,75.875176250339,STOP_LOSS_HARD,-75.88
L1,1767604440,1767604440,short,76.45,76.465176250339,STOP_LOSS_HARD,-75.88
L1,1767620880,1767620880,short,76.4,76.415176250339,STOP_LOSS_HARD,-75.88
L1,1767628080,1767628080,short,75.905,75.920176250339,STOP_LOSS_HARD,-75.88
L1,1767629520,1767629520,short,76.385,76.3403059464152,TAKE_PROFIT_HARD,223.47
L1,1767631080,1767631080,short,76.4,76.415176250339,STOP_LOSS_HARD,-75.88
L1,1767631320,1767631500,short,76.435,76.3903059464152,TAKE_PROFIT_HARD,223.47
L1,1767631800,1767632160,short,76.45,76.465176250339,STOP_LOSS_HARD,-75.88
L1,1767672360,1767672360,long,78.17,78.154823749661,STOP_LOSS_HARD,-75.88
L1,1767678000,1767678000,long,77.73,77.71482374966101,STOP_LOSS_HARD,-75.88
L1,1767680040,1767680160,long,77.745,77.72982374966101,STOP_LOSS_HARD,-75.88
L1,1767685440,1767685440,long,78.18,78.22469405358481,TAKE_PROFIT_HARD,223.47
L1,1767745440,1767745440,short,79.91,79.92517625033899,STOP_LOSS_HARD,-75.88
L1,1767757320,1767757320,short,79.905,79.920176250339,STOP_LOSS_HARD,-75.88
L1,1767763200,1767763200,long,79.365,79.4096940535848,TAKE_PROFIT_HARD,223.47
L1,1767764880,1767764880,long,79.33,79.314823749661,STOP_LOSS_HARD,-75.88
L1,1767801480,1767801480,long,78.14,78.124823749661,STOP_LOSS_HARD,-75.88
L1,1767815760,1767815760,long,77.76,77.80469405358481,TAKE_PROFIT_HARD,223.47
L1,1767826440,1767826500,long,77.72,77.704823749661,STOP_LOSS_HARD,-75.88
L1,1767848040,1767848040,short,75.86,75.875176250339,STOP_LOSS_HARD,-75.88
L1,1767876720,1767876720,short,75.84,75.855176250339,STOP_LOSS_HARD,-75.88
L1,1767884640,1767884640,short,75.86,75.875176250339,STOP_LOSS_HARD,-75.88
L1,1767885000,1767885000,short,75.88,75.89517625033899,STOP_LOSS_HARD,-75.88
L1,1767916440,1767916440,short,76.405,76.420176250339,STOP_LOSS_HARD,-75.88
L1,1767918000,1767918000,short,76.385,76.400176250339,STOP_LOSS_HARD,-75.88
L1,1767934680,1767934800,long,77.73,77.77469405358481,TAKE_PROFIT_HARD,223.47
L1,1767935640,1767935640,long,77.74,77.724823749661,STOP_LOSS_HARD,-75.88
L1,1767936480,1767936540,long,77.715,77.69982374966101,STOP_LOSS_HARD,-75.88
L1,1767936960,1767936960,long,77.725,77.709823749661,STOP_LOSS_HARD,-75.88
L1,1767939480,1767939480,long,77.76,77.80469405358481,TAKE_PROFIT_HARD,223.47
L1,1767939840,1767939900,long,77.76,77.74482374966101,STOP_LOSS_HARD,-75.88
L1,1767939960,1767939960,long,77.725,77.7696940535848,TAKE_PROFIT_HARD,223.47
L1,1767940080,1767940080,long,77.685,77.669823749661,STOP_LOSS_HARD,-75.88
L1,1767971520,1767971520,short,79.985,80.01,STOP_LOSS_HARD,-125.0
L1,1768170240,1768170240,short,83.55,83.565176250339,STOP_LOSS_HARD,-75.88
L1,1768171920,1768171920,short,83.35,83.30530594641519,TAKE_PROFIT_HARD,223.47
L1,1768178040,1768178040,short,83.77,83.795,STOP_LOSS_HARD,-125.0
L1,1768221720,1768221720,long,85.65,85.69469405358481,TAKE_PROFIT_HARD,223.47
L1,1768276200,1768276200,long,85.65,85.63,STOP_LOSS_HARD,-100.0
L1,1768283160,1768283160,long,85.63,85.614823749661,STOP_LOSS_HARD,-75.88
L1,1768286280,1768286280,long,85.645,85.6896940535848,TAKE_PROFIT_HARD,223.47
L1,1768334160,1768334160,short,88.065,88.080176250339,STOP_LOSS_HARD,-75.88
L1,1768334280,1768334280,short,88.135,88.150176250339,STOP_LOSS_HARD,-75.88
L1,1768775400,1768775400,long,93.265,93.3096940535848,TAKE_PROFIT_HARD,223.47
L1,1768812960,1768812960,long,93.24,93.224823749661,STOP_LOSS_HARD,-75.88
L1,1768817160,1768817160,short,94.065,94.080176250339,STOP_LOSS_HARD,-75.88
L1,1768851720,1768851720,long,93.29,93.27,STOP_LOSS_HARD,-100.0
L1,1768852080,1768852080,long,93.33,93.3746940535848,TAKE_PROFIT_HARD,223.47
L1,1768863840,1768863900,long,93.28,93.26,STOP_LOSS_HARD,-100.0
L1,1768866840,1768866840,short,94.07,94.09,STOP_LOSS_HARD,-100.0
L1,1768867920,1768867920,short,94.085,94.105,STOP_LOSS_HARD,-100.0
L1,1768951680,1768951680,short,94.065,94.080176250339,STOP_LOSS_HARD,-75.88
L1,1769040480,1769040540,long,93.285,93.26,STOP_LOSS_HARD,-125.0
L1,1769047320,1769047320,short,94.025,94.040176250339,STOP_LOSS_HARD,-75.88
L1,1769051880,1769051880,short,94.015,93.9703059464152,TAKE_PROFIT_HARD,223.47
L1,1769052120,1769052300,short,94.025,94.040176250339,STOP_LOSS_HARD,-75.88
L1,1769052360,1769052360,short,94.05,94.065176250339,STOP_LOSS_HARD,-75.88
L1,1769054520,1769054520,short,94.07,94.08517625033899,STOP_LOSS_HARD,-75.88
L1,1769066280,1769066280,long,93.275,93.31969405358481,TAKE_PROFIT_HARD,223.47
L1,1769073240,1769073240,long,93.285,93.3296940535848,TAKE_PROFIT_HARD,223.47
L1,1769118600,1769118600,short,99.02,99.03517625033899,STOP_LOSS_HARD,-75.88
L1,1769118720,1769118720,short,99.06,99.075176250339,STOP_LOSS_HARD,-75.88
L1,1769129280,1769129280,short,99.19,99.22,STOP_LOSS_HARD,-150.0
L1,1769131200,1769131200,short,99.02,99.03517625033899,STOP_LOSS_HARD,-75.88
L1,1769134080,1769134080,short,99.02,99.03517625033899,STOP_LOSS_HARD,-75.88
L1,1769383800,1769383800,long,107.695,107.679823749661,STOP_LOSS_HARD,-75.88
L1,1770622320,1770622320,long,79.77,79.745,STOP_LOSS_HARD,-125.0
L1,1770648840,1770648840,long,83.095,83.1396940535848,TAKE_PROFIT_HARD,223.47
L1,1770690720,1770690720,short,81.085,81.04030594641519,TAKE_PROFIT_HARD,223.47
L1,1770734880,1770734880,short,80.91,80.92517625033899,STOP_LOSS_HARD,-75.88
L1,1770777600,1770777600,short,83.37,83.415,STOP_LOSS_HARD,-225.0
L1,1770778080,1770778080,short,83.38,83.39517625033899,STOP_LOSS_HARD,-75.88
L1,1770864120,1770864120,long,83.075,83.04,STOP_LOSS_HARD,-175.0
L1,1770864360,1770864360,long,82.99,82.955,STOP_LOSS_HARD,-175.0
L1,1770867600,1770867600,long,83.105,83.14969405358481,TAKE_PROFIT_HARD,223.47
L1,1770873960,1770873960,short,83.35,83.375,STOP_LOSS_HARD,-125.0
L1,1770915480,1770915480,long,75.145,75.1896940535848,TAKE_PROFIT_HARD,223.47
L1,1770941640,1770941640,short,77.02,77.03517625033899,STOP_LOSS_HARD,-75.88
L1,1771188120,1771188120,short,77.05,77.065176250339,STOP_LOSS_HARD,-75.88
L1,1771210440,1771210500,short,76.92,76.8753059464152,TAKE_PROFIT_HARD,223.47
L1,1771215360,1771215360,short,77.14,77.18,STOP_LOSS_HARD,-200.0
L1,1771217520,1771217580,short,77.02,76.97530594641519,TAKE_PROFIT_HARD,223.47
L1,1771218120,1771218120,short,76.95,77.005,STOP_LOSS_HARD,-275.0
L1,1771221960,1771222080,short,77.015,76.9703059464152,TAKE_PROFIT_HARD,223.47
L1,1771222800,1771222800,short,76.93,76.96,STOP_LOSS_HARD,-150.0
L1,1771223520,1771223580,short,77.04,76.9953059464152,TAKE_PROFIT_HARD,223.47
L1,1771223880,1771223940,short,76.92,76.94,STOP_LOSS_HARD,-100.0
L1,1771224240,1771224420,short,77.06,77.0,TAKE_PROFIT_HARD,300.0
L1,1771225440,1771225560,short,77.05,77.0,TAKE_PROFIT_HARD,250.0
L1,1771227960,1771228320,short,76.92,76.835,TAKE_PROFIT_HARD,425.0
L1,1771229040,1771229100,short,76.935,76.985,STOP_LOSS_HARD,-250.0
L1,1771230480,1771230480,short,76.93,76.8853059464152,TAKE_PROFIT_HARD,223.47
L1,1771232880,1771233000,short,76.97,76.875,TAKE_PROFIT_HARD,475.0
L1,1771278960,1771279080,short,76.075,76.090176250339,STOP_LOSS_HARD,-75.88
L1,1771304880,1771304880,long,74.585,74.55,STOP_LOSS_HARD,-175.0
L1,1771310160,1771310220,long,74.21,74.194823749661,STOP_LOSS_HARD,-75.88
L1,1771310520,1771310520,long,74.225,74.27,TAKE_PROFIT_HARD,225.0
L1,1771311240,1771311240,long,74.19,74.17,STOP_LOSS_HARD,-100.0
L1,1771314360,1771314360,long,74.63,74.614823749661,STOP_LOSS_HARD,-75.88
L1,1771346520,1771346700,short,73.525,73.54,END_OF_DAY,-75.0
L1,1771365600,1771365600,short,73.485,73.56,STOP_LOSS_HARD,-375.0
L1,1771372440,1771372440,short,75.73,75.75,STOP_LOSS_HARD,-100.0
L1,1771381320,1771381380,short,75.71,75.66530594641519,TAKE_PROFIT_HARD,223.47
L1,1771381440,1771381560,short,75.72,75.675,TAKE_PROFIT_HARD,225.0
L1,1771395000,1771395000,short,75.685,75.700176250339,STOP_LOSS_HARD,-75.88
L1,1771428840,1771428840,short,77.025,77.040176250339,STOP_LOSS_HARD,-75.88
L1,1771447800,1771447860,short,76.925,76.940176250339,STOP_LOSS_HARD,-75.88
L1,1771447920,1771447920,short,76.975,76.99017625033899,STOP_LOSS_HARD,-75.88
L1,1771449720,1771449720,short,77.015,77.035,STOP_LOSS_HARD,-100.0
L1,1771453200,1771453260,short,77.09,77.14,STOP_LOSS_HARD,-250.0
L1,1771558920,1771558920,short,79.42,79.435176250339,STOP_LOSS_HARD,-75.88
L1,1771562880,1771562880,short,80.5,80.4553059464152,TAKE_PROFIT_HARD,223.47
L1,1771569000,1771569000,short,80.58,80.53530594641519,TAKE_PROFIT_HARD,223.47
L1,1771575960,1771575960,short,80.5,80.525,STOP_LOSS_HARD,-125.0
L1,1771592400,1771592400,long,82.76,82.80469405358481,TAKE_PROFIT_HARD,223.47
L1,1771823400,1771823400,short,86.58,86.595176250339,STOP_LOSS_HARD,-75.88
L1,1771823520,1771823640,short,86.625,86.5803059464152,TAKE_PROFIT_HARD,223.47
L1,1771823760,1771823760,short,86.62,86.5753059464152,TAKE_PROFIT_HARD,223.47
L1,1771824000,1771824060,short,86.62,86.5753059464152,TAKE_PROFIT_HARD,223.47
L1,1771832040,1771832040,short,86.6,86.64,STOP_LOSS_HARD,-200.0
L1,1771860120,1771860120,short,87.82,87.83517625033899,STOP_LOSS_HARD,-75.88
L1,1771906560,1771906560,short,87.895,87.91017625033899,STOP_LOSS_HARD,-75.88
L1,1771930560,1771930560,short,87.79,87.7453059464152,TAKE_PROFIT_HARD,223.47
L1,1771936680,1771936680,short,87.815,87.830176250339,STOP_LOSS_HARD,-75.88
L1,1771936800,1771936800,short,87.855,87.870176250339,STOP_LOSS_HARD,-75.88
L1,1771961040,1771961040,short,87.795,87.74,TAKE_PROFIT_HARD,275.0
L1,1771976640,1771976700,short,90.095,90.14,STOP_LOSS_HARD,-225.0
L1,1772061000,1772061000,short,90.16,90.17517625033899,STOP_LOSS_HARD,-75.88
L1,1772061480,1772061480,long,89.99,89.974823749661,STOP_LOSS_HARD,-75.88
L1,1772062080,1772062080,short,90.075,90.13,STOP_LOSS_HARD,-275.0
L1,1772062320,1772062320,short,90.075,90.03,TAKE_PROFIT_HARD,225.0
L1,1772084520,1772084520,short,87.815,87.77030594641519,TAKE_PROFIT_HARD,223.47
L1,1772108880,1772108880,long,87.21,87.194823749661,STOP_LOSS_HARD,-75.88
L1,1772116680,1772116680,long,88.555,88.53982374966101,STOP_LOSS_HARD,-75.88
L1,1772146800,1772146800,long,89.95,89.934823749661,STOP_LOSS_HARD,-75.88
L1,1772148120,1772148120,long,90.025,90.105,TAKE_PROFIT_HARD,400.0
L1,1772162520,1772162520,long,90.495,90.47982374966101,STOP_LOSS_HARD,-75.88
L1,1772171400,1772171520,short,90.1,90.15,STOP_LOSS_HARD,-250.0
L1,1772171760,1772171760,short,90.175,90.115,TAKE_PROFIT_HARD,300.0
L1,1772606280,1772606280,short,86.675,86.63030594641519,TAKE_PROFIT_HARD,223.47
L1,1772755800,1772755800,long,84.48,84.52469405358481,TAKE_PROFIT_HARD,223.47
L1,1772810160,1772810160,long,84.465,84.50969405358481,TAKE_PROFIT_HARD,223.47
L1,1773062400,1773062400,long,84.465,84.44982374966101,STOP_LOSS_HARD,-75.88
L1,1773063840,1773063900,long,84.47,84.5146940535848,TAKE_PROFIT_HARD,223.47
L1,1773089520,1773089520,short,87.715,87.730176250339,STOP_LOSS_HARD,-75.88
L1,1773277200,1773277200,long,84.515,84.5596940535848,TAKE_PROFIT_HARD,223.47
L1,1773294480,1773294480,long,87.135,87.11,STOP_LOSS_HARD,-125.0
L1,1773294840,1773294840,long,87.14,87.12,STOP_LOSS_HARD,-100.0
L1,1773299520,1773299580,long,87.08,87.125,TAKE_PROFIT_HARD,225.0
L1,1773300960,1773300960,long,87.1,87.1446940535848,TAKE_PROFIT_HARD,223.47
L1,1773301680,1773301740,long,87.165,87.14982374966101,STOP_LOSS_HARD,-75.88
L1,1773304200,1773304200,long,87.15,87.13482374966101,STOP_LOSS_HARD,-75.88
L1,1773357600,1773357600,long,84.43,84.36,STOP_LOSS_HARD,-350.0
L1,1773357840,1773357840,long,84.415,84.47,TAKE_PROFIT_HARD,275.0
L1,1773358440,1773358500,long,84.485,84.5296940535848,TAKE_PROFIT_HARD,223.47
L1,1773364920,1773364980,long,84.515,84.499823749661,STOP_LOSS_HARD,-75.88
L1,1773387600,1773387600,short,83.355,83.26,TAKE_PROFIT_HARD,475.0
L1,1773387720,1773387720,short,83.325,83.255,TAKE_PROFIT_HARD,350.0
L1,1773416160,1773416160,long,80.63,80.6746940535848,TAKE_PROFIT_HARD,223.47
L1,1773597600,1773597600,long,80.645,80.295,STOP_LOSS_HARD,-1750.0
L1,1773663600,1773663600,long,80.67,80.71469405358481,TAKE_PROFIT_HARD,223.47
L1,1773712080,1773712080,long,81.81,81.794823749661,STOP_LOSS_HARD,-75.88
L1,1773728880,1773728880,long,80.645,80.6,STOP_LOSS_HARD,-225.0
L1,1773732840,1773732840,long,80.615,80.599823749661,STOP_LOSS_HARD,-75.88
L1,1773753480,1773753480,short,79.68,79.695176250339,STOP_LOSS_HARD,-75.88
L1,1773763320,1773763440,long,79.31,79.294823749661,STOP_LOSS_HARD,-75.88
L1,1773763560,1773763560,long,79.29,79.33469405358481,TAKE_PROFIT_HARD,223.47
L1,1773764160,1773764220,long,79.3,79.284823749661,STOP_LOSS_HARD,-75.88
L1,1773810600,1773810600,short,79.71,79.66,TAKE_PROFIT_HARD,250.0
L1,1773811200,1773811200,short,79.65,79.735,STOP_LOSS_HARD,-425.0
L1,1773838920,1773838920,long,77.23,77.21482374966101,STOP_LOSS_HARD,-75.88
L1,1773839160,1773839160,long,77.25,77.234823749661,STOP_LOSS_HARD,-75.88
L1,1773842040,1773842100,long,77.175,77.159823749661,STOP_LOSS_HARD,-75.88
L1,1773883200,1773883260,short,76.05,76.00530594641519,TAKE_PROFIT_HARD,223.47
L1,1773984240,1773984240,short,73.06,73.0153059464152,TAKE_PROFIT_HARD,223.47
L1,1774422000,1774422000,short,73.13,73.14517625033899,STOP_LOSS_HARD,-75.88
L1,1774434960,1774434960,short,73.23,73.1853059464152,TAKE_PROFIT_HARD,223.47
L1,1774435200,1774435200,short,73.17,73.185176250339,STOP_LOSS_HARD,-75.88
L1,1774502880,1774502880,long,68.1,68.084823749661,STOP_LOSS_HARD,-75.88
L1,1774525320,1774525320,long,68.725,68.695,STOP_LOSS_HARD,-150.0
L1,1774530480,1774530480,long,68.15,68.13482374966101,STOP_LOSS_HARD,-75.88
L1,1774568880,1774568880,short,69.375,69.3303059464152,TAKE_PROFIT_HARD,223.47
L1,1774569000,1774569000,short,69.38,69.405,STOP_LOSS_HARD,-125.0
L1,1774569600,1774569600,short,69.395,69.455,STOP_LOSS_HARD,-300.0
L1,1774571040,1774571100,short,69.4,69.305,TAKE_PROFIT_HARD,475.0
L1,1774571280,1774571280,short,69.37,69.325,TAKE_PROFIT_HARD,225.0
L1,1774844280,1774844280,long,70.67,70.654823749661,STOP_LOSS_HARD,-75.88
L1,1774848720,1774848720,short,71.015,70.9703059464152,TAKE_PROFIT_HARD,223.47
L1,1774851480,1774851480,short,70.965,71.0,STOP_LOSS_HARD,-175.0
L1,1774851600,1774851600,short,71.015,71.04,STOP_LOSS_HARD,-125.0
L1,1774853160,1774853160,short,70.965,70.9203059464152,TAKE_PROFIT_HARD,223.47
L1,1774865040,1774865040,long,70.65,70.63482374966101,STOP_LOSS_HARD,-75.88
L1,1774870080,1774870080,short,71.035,71.05017625033899,STOP_LOSS_HARD,-75.88
L1,1774878480,1774878480,long,70.685,70.645,STOP_LOSS_HARD,-200.0
L1,1774956600,1774956600,long,73.795,73.779823749661,STOP_LOSS_HARD,-75.88
L1,1775000520,1775000640,long,74.3,74.36,TAKE_PROFIT_HARD,300.0
L1,1775002200,1775002200,long,74.1,74.084823749661,STOP_LOSS_HARD,-75.88
L1,1775003640,1775003640,long,74.19,74.145,STOP_LOSS_HARD,-225.0
L1,1775006040,1775006100,short,74.645,74.66017625033899,STOP_LOSS_HARD,-75.88
L1,1775006760,1775006760,short,74.64,74.655176250339,STOP_LOSS_HARD,-75.88
L1,1775022480,1775022480,short,74.62,74.695,STOP_LOSS_HARD,-375.0
L1,1775047080,1775047140,short,75.8,75.74,TAKE_PROFIT_HARD,300.0
L1,1775047320,1775047320,short,75.83,75.78530594641519,TAKE_PROFIT_HARD,223.47
L1,1775071200,1775071440,short,75.89,75.83,TAKE_PROFIT_HARD,300.0
L1,1775075160,1775075220,short,75.8,75.725,TAKE_PROFIT_HARD,375.0
L1,1775107440,1775107440,long,71.505,71.489823749661,STOP_LOSS_HARD,-75.88
L1,1775119440,1775119440,long,70.65,70.69469405358481,TAKE_PROFIT_HARD,223.47
L1,1775134200,1775134200,short,72.465,72.480176250339,STOP_LOSS_HARD,-75.88
L1,1775134920,1775134920,short,72.49,72.50517625033899,STOP_LOSS_HARD,-75.88
L1,1775138160,1775138160,short,72.455,72.48,STOP_LOSS_HARD,-125.0
L1,1775441640,1775441640,short,72.455,72.485,STOP_LOSS_HARD,-150.0
L1,1775446680,1775446680,short,72.22,72.1753059464152,TAKE_PROFIT_HARD,223.47
L1,1775514480,1775514480,short,72.16,72.195,STOP_LOSS_HARD,-175.0
L1,1775534760,1775534760,short,72.505,72.43,TAKE_PROFIT_HARD,375.0
L1,1775546520,1775546520,short,72.15,72.17,STOP_LOSS_HARD,-100.0
L1,1775553720,1775553720,short,72.15,72.19,STOP_LOSS_HARD,-200.0
L1,1775564040,1775564040,long,71.505,71.5496940535848,TAKE_PROFIT_HARD,223.47
L1,1775572080,1775572080,short,72.175,72.190176250339,STOP_LOSS_HARD,-75.88
L1,1775573640,1775573640,long,71.795,71.779823749661,STOP_LOSS_HARD,-75.88
L1,1775574120,1775574120,long,71.465,71.54,TAKE_PROFIT_HARD,375.0
L1,1775653680,1775653680,short,75.52,75.58,STOP_LOSS_HARD,-300.0
L1,1775654400,1775654400,short,75.47,75.485176250339,STOP_LOSS_HARD,-75.88
L1,1775654760,1775654760,short,75.47,75.4253059464152,TAKE_PROFIT_HARD,223.47
L1,1775657280,1775657280,short,75.46,75.41530594641519,TAKE_PROFIT_HARD,223.47
L1,1775694120,1775694240,long,74.105,74.085,STOP_LOSS_HARD,-100.0
L1,1775694480,1775694540,long,74.09,74.065,STOP_LOSS_HARD,-125.0
L1,1775696280,1775696400,long,74.135,74.11,STOP_LOSS_HARD,-125.0
L1,1775709360,1775709420,long,74.09,74.14,TAKE_PROFIT_HARD,250.0
L1,1775710920,1775710980,long,74.07,74.1146940535848,TAKE_PROFIT_HARD,223.47
L1,1775712720,1775712720,long,74.08,74.15,TAKE_PROFIT_HARD,350.0
L1,1775712840,1775712960,long,74.125,74.09,STOP_LOSS_HARD,-175.0
L1,1775714760,1775714820,long,74.035,74.019823749661,STOP_LOSS_HARD,-75.88
L1,1775716920,1775716920,long,74.14,74.124823749661,STOP_LOSS_HARD,-75.88
L1,1775718000,1775718000,long,74.1,74.084823749661,STOP_LOSS_HARD,-75.88
L1,1775718360,1775718420,long,74.125,74.17,TAKE_PROFIT_HARD,225.0
L1,1775718960,1775719020,long,74.145,74.1896940535848,TAKE_PROFIT_HARD,223.47
L1,1775759640,1775759700,short,75.46,75.41530594641519,TAKE_PROFIT_HARD,223.47
L1,1775761200,1775761320,short,75.505,75.405,TAKE_PROFIT_HARD,500.0
L1,1775800680,1775800680,short,75.5,75.515176250339,STOP_LOSS_HARD,-75.88
L1,1776047400,1776047460,short,74.63,74.64517625033899,STOP_LOSS_HARD,-75.88
L1,1776066840,1776066840,long,74.145,74.129823749661,STOP_LOSS_HARD,-75.88
L1,1776072600,1776072600,short,74.285,74.305,STOP_LOSS_HARD,-100.0
L1,1776074880,1776074880,short,74.335,74.29030594641519,TAKE_PROFIT_HARD,223.47
L1,1776076200,1776076200,long,74.11,74.094823749661,STOP_LOSS_HARD,-75.88
L1,1776079800,1776079800,long,73.955,73.92,STOP_LOSS_HARD,-175.0
L1,1776080760,1776080820,long,74.11,74.17,TAKE_PROFIT_HARD,300.0
L1,1776080880,1776080940,long,74.135,74.17969405358481,TAKE_PROFIT_HARD,223.47
L1,1776081360,1776081360,long,74.14,74.185,TAKE_PROFIT_HARD,225.0
L1,1776129120,1776129120,long,77.055,77.03982374966101,STOP_LOSS_HARD,-75.88
L1,1776129840,1776129840,long,77.1,77.084823749661,STOP_LOSS_HARD,-75.88
L1,1776129960,1776129960,long,77.045,77.029823749661,STOP_LOSS_HARD,-75.88
L1,1776137520,1776137520,short,77.67,77.685176250339,STOP_LOSS_HARD,-75.88
L1,1776151080,1776151140,short,77.665,77.69,STOP_LOSS_HARD,-125.0
L1,1776151560,1776151560,short,77.71,77.72517625033899,STOP_LOSS_HARD,-75.88
L1,1776155640,1776155640,short,77.705,77.720176250339,STOP_LOSS_HARD,-75.88
L1,1776156600,1776156600,short,77.72,77.735176250339,STOP_LOSS_HARD,-75.88
L1,1776168000,1776168000,long,79.31,79.294823749661,STOP_LOSS_HARD,-75.88
L1,1776169800,1776169800,long,79.625,79.6696940535848,TAKE_PROFIT_HARD,223.47
L1,1776174480,1776174480,long,79.62,79.60482374966101,STOP_LOSS_HARD,-75.88
L1,1776174720,1776174780,long,79.625,79.609823749661,STOP_LOSS_HARD,-75.88
L1,1776176400,1776176400,long,79.295,79.279823749661,STOP_LOSS_HARD,-75.88
L1,1776177840,1776177840,long,79.31,79.294823749661,STOP_LOSS_HARD,-75.88
L1,1776189600,1776189600,long,79.625,79.609823749661,STOP_LOSS_HARD,-75.88
L1,1776204000,1776204060,short,80.645,80.60030594641519,TAKE_PROFIT_HARD,223.47
L1,1776220080,1776220080,long,79.315,79.295,STOP_LOSS_HARD,-100.0
L1,1776220920,1776220920,long,79.3,79.284823749661,STOP_LOSS_HARD,-75.88
L1,1776235200,1776235200,short,78.62,78.645,STOP_LOSS_HARD,-125.0
L1,1776235440,1776235500,short,78.705,78.725,STOP_LOSS_HARD,-100.0
L1,1776252360,1776252360,long,79.58,79.564823749661,STOP_LOSS_HARD,-75.88
L1,1776253440,1776253440,long,79.56,79.53,STOP_LOSS_HARD,-150.0
L1,1776255960,1776255960,long,79.59,79.63469405358481,TAKE_PROFIT_HARD,223.47
L1,1776256320,1776256320,long,79.64,79.605,STOP_LOSS_HARD,-175.0
L1,1776257280,1776257280,long,79.325,79.309823749661,STOP_LOSS_HARD,-75.88
L1,1776258360,1776258420,long,79.305,79.28982374966101,STOP_LOSS_HARD,-75.88
L1,1776258720,1776258720,long,79.24,79.224823749661,STOP_LOSS_HARD,-75.88
L1,1776264120,1776264120,long,79.32,79.304823749661,STOP_LOSS_HARD,-75.88
L1,1776269160,1776269160,long,79.315,79.299823749661,STOP_LOSS_HARD,-75.88
L1,1776269520,1776269520,long,79.325,79.309823749661,STOP_LOSS_HARD,-75.88
L1,1776269640,1776269760,long,79.315,79.299823749661,STOP_LOSS_HARD,-75.88
L1,1776270000,1776270120,long,79.27,79.3146940535848,TAKE_PROFIT_HARD,223.47
L1,1776294840,1776294840,short,80.635,80.650176250339,STOP_LOSS_HARD,-75.88
L1,1776295320,1776295320,short,80.66,80.61530594641519,TAKE_PROFIT_HARD,223.47
L1,1776295560,1776295560,short,80.66,80.61530594641519,TAKE_PROFIT_HARD,223.47
L1,1776299760,1776299760,short,80.645,80.66017625033899,STOP_LOSS_HARD,-75.88
L1,1776319080,1776319140,long,79.64,79.695,TAKE_PROFIT_HARD,275.0
L1,1776320040,1776320040,long,79.625,79.609823749661,STOP_LOSS_HARD,-75.88
L1,1776321000,1776321240,long,79.65,79.69469405358481,TAKE_PROFIT_HARD,223.47
L1,1776325320,1776325320,long,79.65,79.63482374966101,STOP_LOSS_HARD,-75.88
L1,1776327480,1776327600,long,79.645,79.629823749661,STOP_LOSS_HARD,-75.88
L1,1776331800,1776331800,long,79.595,79.579823749661,STOP_LOSS_HARD,-75.88
L1,1776337200,1776337200,short,78.64,78.655176250339,STOP_LOSS_HARD,-75.88
L1,1776350760,1776350820,short,78.635,78.650176250339,STOP_LOSS_HARD,-75.88
L1,1776351240,1776351240,short,78.655,78.6103059464152,TAKE_PROFIT_HARD,223.47
L1,1776377280,1776377280,short,78.62,78.53,TAKE_PROFIT_HARD,450.0
L1,1776405720,1776405840,long,79.605,79.64969405358481,TAKE_PROFIT_HARD,223.47
L1,1776406800,1776406920,long,79.65,79.69469405358481,TAKE_PROFIT_HARD,223.47
L1,1776407040,1776407160,long,79.64,79.595,STOP_LOSS_HARD,-225.0
L1,1776409560,1776409620,long,79.25,79.234823749661,STOP_LOSS_HARD,-75.88
L1,1776410040,1776410040,long,79.26,79.30469405358481,TAKE_PROFIT_HARD,223.47
L1,1776433800,1776433800,short,81.83,81.845176250339,STOP_LOSS_HARD,-75.88
L1,1776433920,1776433920,short,81.9,81.915176250339,STOP_LOSS_HARD,-75.88
L1,1776434280,1776434280,short,81.95,81.9053059464152,TAKE_PROFIT_HARD,223.47
L1,1776435480,1776435480,short,81.9,81.945,STOP_LOSS_HARD,-225.0
L1,1776436920,1776436980,short,81.91,81.86530594641519,TAKE_PROFIT_HARD,223.47
L1,1776627360,1776627360,long,79.32,79.304823749661,STOP_LOSS_HARD,-75.88
L1,1776635760,1776635760,short,80.695,80.72,STOP_LOSS_HARD,-125.0
L1,1776636120,1776636120,short,80.655,80.670176250339,STOP_LOSS_HARD,-75.88
L1,1776660240,1776660240,long,79.325,79.36969405358481,TAKE_PROFIT_HARD,223.47
L1,1776661320,1776661320,short,79.585,79.60017625033899,STOP_LOSS_HARD,-75.88
L1,1776663480,1776663480,long,79.25,79.305,TAKE_PROFIT_HARD,275.0
L1,1776664800,1776664860,long,79.32,79.365,TAKE_PROFIT_HARD,225.0
L1,1776665880,1776665880,short,79.635,79.69,STOP_LOSS_HARD,-275.0
L1,1776668040,1776668040,long,79.32,79.3646940535848,TAKE_PROFIT_HARD,223.47
L1,1776669480,1776669480,long,79.255,79.239823749661,STOP_LOSS_HARD,-75.88
L1,1776669960,1776670140,long,79.32,79.3646940535848,TAKE_PROFIT_HARD,223.47
L1,1776674520,1776674520,short,79.635,79.650176250339,STOP_LOSS_HARD,-75.88
L1,1776725280,1776725280,long,79.205,79.2496940535848,TAKE_PROFIT_HARD,223.47
L1,1776758640,1776758700,long,79.225,79.209823749661,STOP_LOSS_HARD,-75.88
L1,1776799680,1776799800,long,77.2,77.184823749661,STOP_LOSS_HARD,-75.88
L1,1776823920,1776823920,short,78.32,78.33517625033899,STOP_LOSS_HARD,-75.88
L1,1776824040,1776824040,short,78.305,78.37,STOP_LOSS_HARD,-325.0
L1,1776831120,1776831120,short,78.315,78.27030594641519,TAKE_PROFIT_HARD,223.47
L1,1776831840,1776831900,long,78.04,78.08469405358481,TAKE_PROFIT_HARD,223.47
L1,1776832080,1776832080,long,78.095,78.079823749661,STOP_LOSS_HARD,-75.88
L1,1776832440,1776832440,long,78.04,78.02482374966101,STOP_LOSS_HARD,-75.88
L1,1776839880,1776839880,long,78.08,78.064823749661,STOP_LOSS_HARD,-75.88
L1,1776842760,1776842820,long,78.095,78.155,TAKE_PROFIT_HARD,300.0
L1,1776843720,1776843720,long,78.085,78.069823749661,STOP_LOSS_HARD,-75.88
L1,1776844440,1776844500,long,78.12,78.10482374966101,STOP_LOSS_HARD,-75.88
L1,1776844560,1776844620,long,78.095,78.1396940535848,TAKE_PROFIT_HARD,223.47
L1,1776844800,1776844800,long,78.065,78.1096940535848,TAKE_PROFIT_HARD,223.47
L1,1776845880,1776845880,long,78.1,78.07,STOP_LOSS_HARD,-150.0
L1,1776853560,1776853560,short,78.33,78.35,STOP_LOSS_HARD,-100.0
L1,1776853920,1776853920,long,78.075,78.059823749661,STOP_LOSS_HARD,-75.88
L1,1776891480,1776891540,long,78.12,78.16469405358481,TAKE_PROFIT_HARD,223.47
L1,1776905280,1776905340,short,76.02,76.03517625033899,STOP_LOSS_HARD,-75.88
L1,1776911520,1776911580,short,76.04,75.9953059464152,TAKE_PROFIT_HARD,223.47
L1,1776913440,1776913500,short,76.0,76.035,STOP_LOSS_HARD,-175.0
L1,1776913560,1776913560,short,76.05,75.97,TAKE_PROFIT_HARD,400.0
L1,1776928320,1776928320,short,74.65,74.665176250339,STOP_LOSS_HARD,-75.88
L1,1776929160,1776929280,short,74.76,74.775176250339,STOP_LOSS_HARD,-75.88
L1,1776939720,1776939780,short,76.0,76.015176250339,STOP_LOSS_HARD,-75.88
L1,1777000320,1777000440,short,74.64,74.5953059464152,TAKE_PROFIT_HARD,223.47
L1,1777000680,1777000680,short,74.68,74.6353059464152,TAKE_PROFIT_HARD,223.47
L1,1777001040,1777001040,short,74.64,74.5953059464152,TAKE_PROFIT_HARD,223.47
L1,1777002480,1777002540,short,74.675,74.7,STOP_LOSS_HARD,-125.0
L1,1777002840,1777002960,short,74.76,74.78,STOP_LOSS_HARD,-100.0
L1,1777004160,1777004160,short,74.665,74.695,STOP_LOSS_HARD,-150.0
L1,1777005480,1777005480,short,74.635,74.650176250339,STOP_LOSS_HARD,-75.88
L1,1777005960,1777005960,short,74.77,74.795,STOP_LOSS_HARD,-125.0
L1,1777008480,1777008480,short,74.775,74.790176250339,STOP_LOSS_HARD,-75.88
L1,1777008960,1777008960,short,74.805,74.7603059464152,TAKE_PROFIT_HARD,223.47
L1,1777011840,1777011900,short,74.75,74.775,STOP_LOSS_HARD,-125.0
L1,1777012560,1777012560,short,74.745,74.7003059464152,TAKE_PROFIT_HARD,223.47
L1,1777012680,1777012740,short,74.77,74.715,TAKE_PROFIT_HARD,275.0
L1,1777017840,1777017840,short,76.01,76.025176250339,STOP_LOSS_HARD,-75.88
L1,1777018320,1777018320,short,76.005,76.02017625033899,STOP_LOSS_HARD,-75.88
L1,1777019400,1777019400,short,76.065,76.080176250339,STOP_LOSS_HARD,-75.88
L1,1777046280,1777046340,short,76.03,75.9853059464152,TAKE_PROFIT_HARD,223.47
L1,1777233720,1777233720,short,74.93,74.885,TAKE_PROFIT_HARD,225.0
L1,1777233840,1777233840,short,74.945,75.0,STOP_LOSS_HARD,-275.0
L1,1777292160,1777292160,short,75.005,75.02017625033899,STOP_LOSS_HARD,-75.88
L1,1777347720,1777347720,short,73.72,73.735176250339,STOP_LOSS_HARD,-75.88
L1,1777350480,1777350480,short,73.675,73.690176250339,STOP_LOSS_HARD,-75.88
L1,1777357200,1777357200,short,73.755,73.77017625033899,STOP_LOSS_HARD,-75.88
L1,1777377600,1777377600,short,73.68,73.6353059464152,TAKE_PROFIT_HARD,223.47
L1,1777380360,1777380360,short,73.675,73.690176250339,STOP_LOSS_HARD,-75.88
L1,1777380600,1777380600,short,73.685,73.700176250339,STOP_LOSS_HARD,-75.88
L1,1777380720,1777380720,short,73.74,73.75517625033899,STOP_LOSS_HARD,-75.88
L1,1777388520,1777388640,short,73.705,73.66030594641519,TAKE_PROFIT_HARD,223.47
L1,1777390320,1777390380,short,73.68,73.695176250339,STOP_LOSS_HARD,-75.88
L1,1777391640,1777391640,short,73.705,73.66030594641519,TAKE_PROFIT_HARD,223.47
L1,1777400520,1777400520,short,73.695,73.65030594641519,TAKE_PROFIT_HARD,223.47
L1,1777400760,1777400760,short,73.695,73.65,TAKE_PROFIT_HARD,225.0
L1,1777419720,1777419780,long,74.115,74.085,STOP_LOSS_HARD,-150.0
L1,1777421280,1777421340,long,74.14,74.19,TAKE_PROFIT_HARD,250.0
L1,1777422000,1777422120,long,74.145,74.195,TAKE_PROFIT_HARD,250.0
L1,1777422360,1777422360,long,74.13,74.1746940535848,TAKE_PROFIT_HARD,223.47
L1,1777432920,1777433100,short,73.725,73.68030594641519,TAKE_PROFIT_HARD,223.47
L1,1777454040,1777454040,long,72.635,72.67969405358481,TAKE_PROFIT_HARD,223.47
L1,1777493760,1777493760,short,72.45,72.465176250339,STOP_LOSS_HARD,-75.88
L1,1777496160,1777496160,long,72.65,72.59,STOP_LOSS_HARD,-300.0
L1,1777505520,1777505580,long,72.635,72.61982374966101,STOP_LOSS_HARD,-75.88
L1,1777507680,1777507680,short,72.51,72.465,TAKE_PROFIT_HARD,225.0
L1,1777514280,1777514340,long,72.66,72.644823749661,STOP_LOSS_HARD,-75.88
L1,1777514400,1777514400,long,72.63,72.614823749661,STOP_LOSS_HARD,-75.88
L1,1777515000,1777515000,long,72.64,72.624823749661,STOP_LOSS_HARD,-75.88
L1,1777526640,1777526760,short,73.68,73.695176250339,STOP_LOSS_HARD,-75.88
L1,1777530360,1777530360,long,74.085,74.1296940535848,TAKE_PROFIT_HARD,223.47
L1,1777530720,1777530720,long,74.145,74.129823749661,STOP_LOSS_HARD,-75.88
L1,1777534440,1777534440,long,74.13,74.114823749661,STOP_LOSS_HARD,-75.88
L1,1777536960,1777536960,long,74.085,74.1296940535848,TAKE_PROFIT_HARD,223.47
L1,1777540920,1777540920,long,74.105,74.14969405358481,TAKE_PROFIT_HARD,223.47
L1,1777541040,1777541040,long,74.06,74.04,STOP_LOSS_HARD,-100.0
L1,1777541520,1777541520,long,74.105,74.08982374966101,STOP_LOSS_HARD,-75.88
L1,1777546920,1777546920,short,73.69,73.64530594641519,TAKE_PROFIT_HARD,223.47
L1,1777552800,1777552800,short,73.72,73.6753059464152,TAKE_PROFIT_HARD,223.47
L1,1777559160,1777559340,long,74.12,74.10482374966101,STOP_LOSS_HARD,-75.88
L1,1777562400,1777562400,long,74.1,74.084823749661,STOP_LOSS_HARD,-75.88
L1,1777564320,1777564320,long,74.13,74.114823749661,STOP_LOSS_HARD,-75.88
L1,1777564800,1777564800,long,74.13,74.1746940535848,TAKE_PROFIT_HARD,223.47
L1,1777566480,1777566600,long,74.13,74.11,STOP_LOSS_HARD,-100.0
L1,1777567560,1777567680,long,74.13,74.1746940535848,TAKE_PROFIT_HARD,223.47
L1,1777574040,1777574040,long,74.585,74.569823749661,STOP_LOSS_HARD,-75.88
L1,1777578000,1777578180,short,74.885,74.900176250339,STOP_LOSS_HARD,-75.88
L1,1777578240,1777578240,short,74.95,74.9053059464152,TAKE_PROFIT_HARD,223.47
L1,1777579320,1777579320,short,74.89,74.905176250339,STOP_LOSS_HARD,-75.88
L1,1777581360,1777581360,short,74.9,74.825,TAKE_PROFIT_HARD,375.0
L1,1777584000,1777584000,long,74.58,74.564823749661,STOP_LOSS_HARD,-75.88
L1,1777588680,1777588800,short,74.885,74.835,TAKE_PROFIT_HARD,250.0
L1,1777589760,1777589820,long,74.6,74.575,STOP_LOSS_HARD,-125.0
L1,1777591800,1777591800,short,74.885,74.925,STOP_LOSS_HARD,-200.0
L1,1777615440,1777615500,short,73.685,73.715,STOP_LOSS_HARD,-150.0
L1,1777615560,1777615680,short,73.715,73.74,STOP_LOSS_HARD,-125.0
L1,1777843920,1777843920,short,75.76,75.815,STOP_LOSS_HARD,-275.0
L1,1777859880,1777859880,short,75.785,75.74030594641519,TAKE_PROFIT_HARD,223.47
L1,1777860240,1777860240,long,75.575,75.559823749661,STOP_LOSS_HARD,-75.88
L1,1777898160,1777898160,long,73.525,73.56969405358481,TAKE_PROFIT_HARD,223.47
L1,1777898640,1777898640,short,73.48,73.4353059464152,TAKE_PROFIT_HARD,223.47
L1,1777908960,1777908960,short,73.48,73.495176250339,STOP_LOSS_HARD,-75.88
L1,1777933680,1777933680,short,73.485,73.51,STOP_LOSS_HARD,-125.0
L1,1777944720,1777944720,short,73.48,73.42,TAKE_PROFIT_HARD,300.0
L1,1777946400,1777946400,long,73.575,73.61969405358481,TAKE_PROFIT_HARD,223.47
L1,1777946760,1777946940,long,73.5,73.484823749661,STOP_LOSS_HARD,-75.88
L1,1777948680,1777948680,short,73.515,73.530176250339,STOP_LOSS_HARD,-75.88
L1,1777984080,1777984080,long,73.535,73.519823749661,STOP_LOSS_HARD,-75.88
L1,1777986000,1777986000,long,73.58,73.564823749661,STOP_LOSS_HARD,-75.88
L1,1777986240,1777986240,long,73.56,73.544823749661,STOP_LOSS_HARD,-75.88
L1,1777989240,1777989240,long,73.57,73.554823749661,STOP_LOSS_HARD,-75.88
L1,1778045520,1778045520,short,77.4,77.415176250339,STOP_LOSS_HARD,-75.88
L1,1778051280,1778051280,long,78.05,78.0946940535848,TAKE_PROFIT_HARD,223.47
L1,1778051760,1778051760,long,78.08,78.064823749661,STOP_LOSS_HARD,-75.88
L1,1778053080,1778053080,short,78.285,78.24030594641519,TAKE_PROFIT_HARD,223.47
L1,1778063280,1778063280,long,77.93,77.91482374966101,STOP_LOSS_HARD,-75.88
L1,1778066520,1778066520,long,77.935,77.919823749661,STOP_LOSS_HARD,-75.88
L1,1778073840,1778073840,short,77.43,77.445176250339,STOP_LOSS_HARD,-75.88
L1,1778082600,1778082600,long,77.905,77.9496940535848,TAKE_PROFIT_HARD,223.47
L1,1778093640,1778093640,long,77.94,77.89,STOP_LOSS_HARD,-250.0
L1,1778097360,1778097360,long,78.005,77.989823749661,STOP_LOSS_HARD,-75.88
L1,1778098440,1778098440,long,77.915,77.89982374966101,STOP_LOSS_HARD,-75.88
L1,1778112000,1778112000,long,78.09,78.07482374966101,STOP_LOSS_HARD,-75.88
L1,1778113920,1778113920,long,78.105,78.15,TAKE_PROFIT_HARD,225.0
L1,1778114040,1778114040,long,78.105,78.08982374966101,STOP_LOSS_HARD,-75.88
L1,1778115720,1778115720,short,78.235,78.27,STOP_LOSS_HARD,-175.0
L1,1778122680,1778122740,short,79.34,79.2953059464152,TAKE_PROFIT_HARD,223.47
L1,1778153760,1778153760,long,81.785,81.765,STOP_LOSS_HARD,-100.0
L1,1778153880,1778153880,long,81.755,81.735,STOP_LOSS_HARD,-100.0
L1,1778178360,1778178360,short,79.335,79.35017625033899,STOP_LOSS_HARD,-75.88
L1,1778181480,1778181480,short,79.33,79.28530594641519,TAKE_PROFIT_HARD,223.47
L1,1778235840,1778235840,long,81.345,81.329823749661,STOP_LOSS_HARD,-75.88
L1,1778500560,1778500560,short,86.685,86.6403059464152,TAKE_PROFIT_HARD,223.47
L1,1778501280,1778501280,short,86.65,86.6053059464152,TAKE_PROFIT_HARD,223.47
L1,1778509920,1778509920,short,86.62,86.635176250339,STOP_LOSS_HARD,-75.88
L1,1778510640,1778510640,short,86.6,86.62,STOP_LOSS_HARD,-100.0
L1,1778511720,1778511900,short,86.58,86.595176250339,STOP_LOSS_HARD,-75.88
L1,1778513760,1778513760,short,86.63,86.64517625033899,STOP_LOSS_HARD,-75.88
L1,1778516280,1778516280,short,86.585,86.60017625033899,STOP_LOSS_HARD,-75.88
L1,1778522760,1778522880,short,87.07,87.08517625033899,STOP_LOSS_HARD,-75.88
L1,1778523840,1778524020,short,87.065,87.080176250339,STOP_LOSS_HARD,-75.88
L1,1778526360,1778526360,short,87.645,87.66017625033899,STOP_LOSS_HARD,-75.88
L1,1778536800,1778536800,short,86.7,86.74,STOP_LOSS_HARD,-200.0
L1,1778542800,1778542800,short,87.06,87.075176250339,STOP_LOSS_HARD,-75.88
L1,1778544960,1778544960,short,87.08,87.12,STOP_LOSS_HARD,-200.0
L1,1778558040,1778558040,long,85.185,85.169823749661,STOP_LOSS_HARD,-75.88
L1,1778593920,1778593980,long,85.735,85.7796940535848,TAKE_PROFIT_HARD,223.47
L1,1778594400,1778594400,long,85.72,85.704823749661,STOP_LOSS_HARD,-75.88
L1,1778610600,1778610600,short,87.59,87.5453059464152,TAKE_PROFIT_HARD,223.47
L1,1778610840,1778610840,short,87.6,87.63,STOP_LOSS_HARD,-150.0
L1,1778629080,1778629080,short,87.615,87.63017625033899,STOP_LOSS_HARD,-75.88
L1,1778648040,1778648040,short,87.145,87.16017625033899,STOP_LOSS_HARD,-75.88
L1,1778652240,1778652240,short,87.61,87.645,STOP_LOSS_HARD,-175.0
L1,1778664120,1778664120,short,87.755,87.71030594641519,TAKE_PROFIT_HARD,223.47
L1,1778664600,1778664600,short,87.625,87.640176250339,STOP_LOSS_HARD,-75.88
L1,1778722440,1778722440,short,87.76,87.7153059464152,TAKE_PROFIT_HARD,223.47
L1,1778725920,1778725920,short,87.755,87.77017625033899,STOP_LOSS_HARD,-75.88
L1,1778733960,1778733960,short,87.72,87.755,STOP_LOSS_HARD,-175.0
L1,1778735280,1778735280,short,87.65,87.585,TAKE_PROFIT_HARD,325.0
L1,1778765400,1778765400,long,85.28,85.264823749661,STOP_LOSS_HARD,-75.88
L1,1778765520,1778765520,long,85.23,85.27469405358481,TAKE_PROFIT_HARD,223.47
L1,1778765640,1778765640,long,85.24,85.2846940535848,TAKE_PROFIT_HARD,223.47
L1,1778802840,1778802840,long,81.675,81.659823749661,STOP_LOSS_HARD,-75.88
L1,1778803440,1778803500,long,81.675,81.74,TAKE_PROFIT_HARD,325.0
L1,1778823720,1778823720,long,78.095,78.075,STOP_LOSS_HARD,-100.0
L1,1778829240,1778829240,long,79.165,79.14982374966101,STOP_LOSS_HARD,-75.88
L1,1778844840,1778844840,long,76.91,76.885,STOP_LOSS_HARD,-125.0
L1,1778845080,1778845080,long,76.835,76.819823749661,STOP_LOSS_HARD,-75.88
L1,1778858160,1778858160,long,76.9,76.88482374966101,STOP_LOSS_HARD,-75.88
L1,1778859960,1778859960,long,76.85,76.834823749661,STOP_LOSS_HARD,-75.88
L1,1779066600,1779066600,short,75.585,75.605,STOP_LOSS_HARD,-100.0
L1,1779096360,1779096360,short,78.035,78.05017625033899,STOP_LOSS_HARD,-75.88
L1,1779108960,1779108960,short,77.445,77.46017625033899,STOP_LOSS_HARD,-75.88
L1,1779111000,1779111120,short,77.405,77.3603059464152,TAKE_PROFIT_HARD,223.47
L1,1779111720,1779111780,short,77.425,77.440176250339,STOP_LOSS_HARD,-75.88
L1,1779112320,1779112380,short,77.41,77.36530594641519,TAKE_PROFIT_HARD,223.47
L1,1779121440,1779121620,short,78.02,78.03517625033899,STOP_LOSS_HARD,-75.88
L1,1779123240,1779123300,short,77.985,77.9403059464152,TAKE_PROFIT_HARD,223.47
L1,1779248880,1779249120,long,75.25,75.175,STOP_LOSS_HARD,-375.0
L1,1779249480,1779249480,long,75.29,75.27482374966101,STOP_LOSS_HARD,-75.88
L1,1779249600,1779249600,long,75.26,75.24482374966101,STOP_LOSS_HARD,-75.88
L1,1779252240,1779252240,short,75.67,75.685176250339,STOP_LOSS_HARD,-75.88
L1,1779333240,1779333240,long,75.285,75.269823749661,STOP_LOSS_HARD,-75.88
L1,1779334440,1779334500,long,75.26,75.24482374966101,STOP_LOSS_HARD,-75.88
L1,1779363000,1779363000,short,75.615,75.63017625033899,STOP_LOSS_HARD,-75.88
L1,1779363120,1779363120,short,75.645,75.66017625033899,STOP_LOSS_HARD,-75.88
L1,1779377400,1779377400,long,76.88,76.9246940535848,TAKE_PROFIT_HARD,223.47
L1,1779377640,1779377640,long,76.87,76.91469405358481,TAKE_PROFIT_HARD,223.47
L1,1779411840,1779411840,long,76.88,76.864823749661,STOP_LOSS_HARD,-75.88
L1,1779652080,1779652080,long,79.02,79.004823749661,STOP_LOSS_HARD,-75.88
L1,1779652200,1779652200,long,79.03,79.005,STOP_LOSS_HARD,-125.0
L1,1779660120,1779660120,long,78.185,78.25,TAKE_PROFIT_HARD,325.0
L1,1779672120,1779672120,long,78.005,77.989823749661,STOP_LOSS_HARD,-75.88
L1,1779681600,1779681600,long,78.235,78.219823749661,STOP_LOSS_HARD,-75.88
L1,1779687480,1779687480,long,78.23,78.27469405358481,TAKE_PROFIT_HARD,223.47
L1,1779689520,1779689580,short,78.55,78.50530594641519,TAKE_PROFIT_HARD,223.47
L1,1779690600,1779690600,short,78.54,78.555176250339,STOP_LOSS_HARD,-75.88
L1,1779691320,1779691560,short,78.54,78.495,TAKE_PROFIT_HARD,225.0
L1,1779693720,1779693840,short,78.565,78.5,TAKE_PROFIT_HARD,325.0
L1,1779694320,1779694320,short,78.57,78.5,TAKE_PROFIT_HARD,350.0
L1,1779694560,1779694740,short,78.55,78.57,STOP_LOSS_HARD,-100.0
L1,1779694800,1779694800,short,78.57,78.515,TAKE_PROFIT_HARD,275.0
L1,1779694920,1779695100,short,78.535,78.55017625033899,STOP_LOSS_HARD,-75.88
L1,1779695280,1779695280,short,78.535,78.45,TAKE_PROFIT_HARD,425.0
L1,1779697080,1779697200,long,78.09,78.07482374966101,STOP_LOSS_HARD,-75.88
L1,1779697560,1779697560,long,78.07,78.054823749661,STOP_LOSS_HARD,-75.88
L1,1779698160,1779698220,long,78.22,78.2646940535848,TAKE_PROFIT_HARD,223.47
L1,1779698400,1779698400,long,78.24,78.215,STOP_LOSS_HARD,-125.0
L1,1779704040,1779704040,long,78.08,78.064823749661,STOP_LOSS_HARD,-75.88
L1,1779705000,1779705000,long,78.09,78.07482374966101,STOP_LOSS_HARD,-75.88
L1,1779705840,1779705960,long,78.06,78.04,STOP_LOSS_HARD,-100.0
L1,1779711600,1779711720,long,78.035,78.095,TAKE_PROFIT_HARD,300.0
L1,1779736440,1779736440,short,78.555,78.58,STOP_LOSS_HARD,-125.0
L1,1779749400,1779749460,long,76.915,76.985,TAKE_PROFIT_HARD,350.0
L1,1779749640,1779749640,long,76.875,76.845,STOP_LOSS_HARD,-150.0
L1,1779755160,1779755400,long,76.9,76.88482374966101,STOP_LOSS_HARD,-75.88
L1,1779758400,1779758400,long,76.915,76.845,STOP_LOSS_HARD,-350.0
L1,1779774840,1779774840,short,76.15,76.165176250339,STOP_LOSS_HARD,-75.88
L1,1779818640,1779818640,short,77.4,77.42,STOP_LOSS_HARD,-100.0
L1,1779820200,1779820200,short,77.39,77.405176250339,STOP_LOSS_HARD,-75.88
L1,1779835200,1779835200,long,76.875,76.859823749661,STOP_LOSS_HARD,-75.88
L1,1779840000,1779840000,long,76.91,76.894823749661,STOP_LOSS_HARD,-75.88
L1,1779841800,1779841800,long,76.88,76.855,STOP_LOSS_HARD,-125.0
L1,1779884520,1779884520,short,74.935,74.950176250339,STOP_LOSS_HARD,-75.88
L1,1779887040,1779887160,short,74.93,74.8853059464152,TAKE_PROFIT_HARD,223.47
L1,1779891480,1779891540,short,74.91,74.92517625033899,STOP_LOSS_HARD,-75.88
L1,1779891600,1779891600,short,74.92,74.96,STOP_LOSS_HARD,-200.0
L1,1779897600,1779897660,short,74.9,74.915176250339,STOP_LOSS_HARD,-75.88
L1,1779900480,1779900540,short,74.91,74.92517625033899,STOP_LOSS_HARD,-75.88
L1,1779900600,1779900720,short,74.92,74.94,STOP_LOSS_HARD,-100.0
L1,1779914400,1779914400,short,74.9,74.915176250339,STOP_LOSS_HARD,-75.88
L1,1779914520,1779914700,short,74.94,74.99,STOP_LOSS_HARD,-250.0
L1,1779920760,1779920880,short,73.475,73.495,STOP_LOSS_HARD,-100.0
L1,1779975000,1779975000,long,75.825,75.86969405358481,TAKE_PROFIT_HARD,223.47
L1,1779976080,1779976080,short,76.15,76.165176250339,STOP_LOSS_HARD,-75.88
L1,1779977760,1779977760,short,76.155,76.170176250339,STOP_LOSS_HARD,-75.88
L1,1779978480,1779978480,short,76.135,76.0903059464152,TAKE_PROFIT_HARD,223.47
L1,1779981240,1779981420,long,75.8,75.8446940535848,TAKE_PROFIT_HARD,223.47
L1,1780010160,1780010160,long,75.81,75.794823749661,STOP_LOSS_HARD,-75.88
L1,1780010640,1780010640,long,75.79,75.77482374966101,STOP_LOSS_HARD,-75.88
L1,1780013400,1780013640,long,75.835,75.8,STOP_LOSS_HARD,-175.0
L1,1780016280,1780016460,short,76.21,76.155,TAKE_PROFIT_HARD,275.0
L1,1780019880,1780019940,long,75.815,75.8596940535848,TAKE_PROFIT_HARD,223.47
L1,1780023600,1780023600,short,76.13,76.08530594641519,TAKE_PROFIT_HARD,223.47
L1,1780034520,1780034820,long,75.76,75.825,TAKE_PROFIT_HARD,325.0
L1,1780038600,1780038600,long,75.83,75.8,STOP_LOSS_HARD,-150.0
L1,1780040040,1780040040,long,75.825,75.8,STOP_LOSS_HARD,-125.0
L1,1780041000,1780041000,long,75.805,75.84969405358481,TAKE_PROFIT_HARD,223.47
L1,1780046040,1780046040,long,75.76,75.80469405358481,TAKE_PROFIT_HARD,223.47
L1,1780057800,1780057800,long,75.835,75.819823749661,STOP_LOSS_HARD,-75.88
L1,1780059600,1780059600,short,76.125,76.140176250339,STOP_LOSS_HARD,-75.88
L1,1780061640,1780061640,long,75.82,75.8646940535848,TAKE_PROFIT_HARD,223.47
L1,1780061880,1780061880,long,75.815,75.8596940535848,TAKE_PROFIT_HARD,223.47
L1,1780066680,1780066740,long,75.825,75.809823749661,STOP_LOSS_HARD,-75.88
L1,1780069920,1780069920,long,75.83,75.814823749661,STOP_LOSS_HARD,-75.88
L1,1780070040,1780070100,long,75.81,75.85469405358481,TAKE_PROFIT_HARD,223.47
L1,1780070280,1780070280,long,75.805,75.78982374966101,STOP_LOSS_HARD,-75.88
L1,1780070640,1780070760,long,75.78,75.8246940535848,TAKE_PROFIT_HARD,223.47
L1,1780072080,1780072080,long,75.835,75.815,STOP_LOSS_HARD,-100.0
L1,1780316640,1780316640,short,74.975,74.99017625033899,STOP_LOSS_HARD,-75.88
L1,1780370160,1780370280,long,77.025,77.06969405358481,TAKE_PROFIT_HARD,223.47
L1,1780371600,1780371600,long,77.0,77.0446940535848,TAKE_PROFIT_HARD,223.47
L1,1780374960,1780374960,long,77.015,76.999823749661,STOP_LOSS_HARD,-75.88
L1,1780429080,1780429080,short,74.775,74.73,TAKE_PROFIT_HARD,225.0
L1,1780429440,1780429440,short,74.955,74.970176250339,STOP_LOSS_HARD,-75.88
L1,1780429800,1780429800,short,74.97,75.0,STOP_LOSS_HARD,-150.0
L1,1780439400,1780439400,short,74.96,74.91530594641519,TAKE_PROFIT_HARD,223.47
L1,1780439760,1780439760,short,74.985,75.000176250339,STOP_LOSS_HARD,-75.88
L1,1780466400,1780466460,long,74.225,74.209823749661,STOP_LOSS_HARD,-75.88
L1,1780468800,1780468800,long,74.645,74.629823749661,STOP_LOSS_HARD,-75.88
L1,1780470120,1780470180,long,74.62,74.7,TAKE_PROFIT_HARD,400.0
L1,1780472760,1780472760,short,74.73,74.745176250339,STOP_LOSS_HARD,-75.88
L1,1780472880,1780472880,short,74.825,74.7803059464152,TAKE_PROFIT_HARD,223.47
L1,1780473840,1780473900,short,74.78,74.795176250339,STOP_LOSS_HARD,-75.88
L1,1780488360,1780488420,short,73.74,73.69530594641519,TAKE_PROFIT_HARD,223.47
L1,1780492080,1780492080,short,73.795,73.810176250339,STOP_LOSS_HARD,-75.88
L1,1780492800,1780492860,short,73.755,73.77017625033899,STOP_LOSS_HARD,-75.88
L1,1780492920,1780492980,short,73.755,73.71030594641519,TAKE_PROFIT_HARD,223.47
L1,1780553640,1780553760,short,73.74,73.69,TAKE_PROFIT_HARD,250.0
L1,1780557000,1780557180,short,73.74,73.75517625033899,STOP_LOSS_HARD,-75.88
L1,1780557240,1780557240,short,73.765,73.69,TAKE_PROFIT_HARD,375.0
L1,1780557480,1780557540,short,73.8,73.815176250339,STOP_LOSS_HARD,-75.88
L1,1780563120,1780563180,short,74.765,74.780176250339,STOP_LOSS_HARD,-75.88
L1,1780564440,1780564440,short,74.99,75.00517625033899,STOP_LOSS_HARD,-75.88
L1,1780567080,1780567080,short,74.71,74.72517625033899,STOP_LOSS_HARD,-75.88
L1,1780583520,1780583580,long,74.18,74.16482374966101,STOP_LOSS_HARD,-75.88
L1,1780598760,1780599000,long,74.195,74.24,TAKE_PROFIT_HARD,225.0
L1,1780627560,1780627560,short,72.535,72.555,STOP_LOSS_HARD,-100.0
L1,1780634640,1780634700,long,72.725,72.7696940535848,TAKE_PROFIT_HARD,223.47
L1,1780667640,1780667640,short,69.04,69.055176250339,STOP_LOSS_HARD,-75.88
L1,1780667880,1780667940,short,69.075,69.0303059464152,TAKE_PROFIT_HARD,223.47
L1,1780675080,1780675140,short,68.2,68.1553059464152,TAKE_PROFIT_HARD,223.47
L1,1780893600,1780893600,long,67.0,66.984823749661,STOP_LOSS_HARD,-75.88
L1,1780893720,1780893780,long,66.94,67.01,TAKE_PROFIT_HARD,350.0
L1,1780899120,1780899120,short,67.355,67.3103059464152,TAKE_PROFIT_HARD,223.47
L1,1780901520,1780901520,short,67.405,67.420176250339,STOP_LOSS_HARD,-75.88
L1,1780901880,1780901880,short,67.325,67.2803059464152,TAKE_PROFIT_HARD,223.47
L1,1780914720,1780914720,short,68.18,68.195176250339,STOP_LOSS_HARD,-75.88
L1,1781010960,1781010960,long,65.205,65.189823749661,STOP_LOSS_HARD,-75.88
L1,1781030160,1781030280,long,65.29,65.245,STOP_LOSS_HARD,-225.0
L1,1781049840,1781049960,short,64.305,64.2603059464152,TAKE_PROFIT_HARD,223.47
L1,1781069760,1781069760,short,64.33,64.355,STOP_LOSS_HARD,-125.0
L1,1781075760,1781075760,short,64.3,64.25530594641519,TAKE_PROFIT_HARD,223.47
L1,1781076600,1781076600,short,64.27,64.29,STOP_LOSS_HARD,-100.0
L1,1781110560,1781110560,long,63.48,63.46,STOP_LOSS_HARD,-100.0
L1,1781114400,1781114400,long,63.5,63.484823749661,STOP_LOSS_HARD,-75.88
L1,1781142240,1781142300,short,64.28,64.2353059464152,TAKE_PROFIT_HARD,223.47
L1,1781147760,1781147760,short,64.315,64.330176250339,STOP_LOSS_HARD,-75.88
L1,1781157360,1781157360,short,64.295,64.32,STOP_LOSS_HARD,-125.0
L1,1781189880,1781189880,short,66.27,66.28517625033899,STOP_LOSS_HARD,-75.88
L1,1781196600,1781196600,short,67.305,67.320176250339,STOP_LOSS_HARD,-75.88
L1,1781196840,1781196840,short,67.315,67.330176250339,STOP_LOSS_HARD,-75.88
L1,1781214960,1781214960,long,66.96,67.0046940535848,TAKE_PROFIT_HARD,223.47
L1,1781217000,1781217000,long,67.02,67.004823749661,STOP_LOSS_HARD,-75.88
L1,1781222160,1781222160,short,67.35,67.295,TAKE_PROFIT_HARD,275.0
L1,1781226000,1781226000,long,67.015,67.0596940535848,TAKE_PROFIT_HARD,223.47
L1,1781241960,1781241960,short,67.36,67.375176250339,STOP_LOSS_HARD,-75.88
L1,1781248200,1781248200,long,67.025,67.06969405358481,TAKE_PROFIT_HARD,223.47
L1,1781249520,1781249520,long,67.02,67.004823749661,STOP_LOSS_HARD,-75.88
L1,1781249640,1781249760,long,66.965,67.045,TAKE_PROFIT_HARD,400.0
L1,1781272920,1781272920,short,68.19,68.14530594641519,TAKE_PROFIT_HARD,223.47
L1,1781273040,1781273040,short,68.195,68.15030594641519,TAKE_PROFIT_HARD,223.47
L1,1781273520,1781273520,short,68.225,68.24017625033899,STOP_LOSS_HARD,-75.88
L1,1781478840,1781478900,short,70.53,70.4853059464152,TAKE_PROFIT_HARD,223.47
L1,1781479080,1781479080,short,70.505,70.52017625033899,STOP_LOSS_HARD,-75.88
L1,1781479200,1781479320,short,70.525,70.46,TAKE_PROFIT_HARD,325.0
L1,1781486280,1781486460,short,70.51,70.525176250339,STOP_LOSS_HARD,-75.88
L1,1781487120,1781487120,short,70.54,70.4953059464152,TAKE_PROFIT_HARD,223.47
L1,1781490480,1781490480,long,70.24,70.224823749661,STOP_LOSS_HARD,-75.88
L1,1781490600,1781490600,long,70.175,70.145,STOP_LOSS_HARD,-150.0
L1,1781494680,1781494680,long,70.185,70.22969405358481,TAKE_PROFIT_HARD,223.47
L1,1781497440,1781497440,short,70.5,70.515176250339,STOP_LOSS_HARD,-75.88
L1,1781497560,1781497680,short,70.51,70.53,STOP_LOSS_HARD,-100.0
L1,1781497920,1781497920,short,70.5,70.515176250339,STOP_LOSS_HARD,-75.88
L1,1781508840,1781508840,long,71.005,71.0496940535848,TAKE_PROFIT_HARD,223.47
L1,1781508960,1781508960,long,71.025,71.0,STOP_LOSS_HARD,-125.0
L1,1781529000,1781529120,long,70.23,70.285,TAKE_PROFIT_HARD,275.0
L1,1781530200,1781530200,long,70.205,70.189823749661,STOP_LOSS_HARD,-75.88
L1,1781535600,1781535720,long,70.235,70.219823749661,STOP_LOSS_HARD,-75.88
L1,1781539080,1781539140,long,70.22,70.2646940535848,TAKE_PROFIT_HARD,223.47
L1,1781539440,1781539440,long,70.21,70.185,STOP_LOSS_HARD,-125.0
L1,1781585280,1781585460,short,70.505,70.435,TAKE_PROFIT_HARD,350.0
L1,1781585640,1781585640,short,70.53,70.55,STOP_LOSS_HARD,-100.0
L1,1781593560,1781593560,short,70.515,70.530176250339,STOP_LOSS_HARD,-75.88
L1,1781594400,1781594400,short,70.53,70.4853059464152,TAKE_PROFIT_HARD,223.47
L1,1781599800,1781599800,long,70.965,71.00969405358481,TAKE_PROFIT_HARD,223.47
L1,1781614440,1781614740,long,70.22,70.185,STOP_LOSS_HARD,-175.0
L1,1781617560,1781617560,long,70.21,70.194823749661,STOP_LOSS_HARD,-75.88
L1,1781620320,1781620380,short,70.52,70.46,TAKE_PROFIT_HARD,300.0
L1,1781625120,1781625120,long,70.24,70.224823749661,STOP_LOSS_HARD,-75.88
L1,1781653200,1781653260,long,70.21,70.2546940535848,TAKE_PROFIT_HARD,223.47
L1,1781666760,1781666760,long,70.23,70.21482374966101,STOP_LOSS_HARD,-75.88
L1,1781667240,1781667240,long,70.24,70.22,STOP_LOSS_HARD,-100.0
L1,1781667480,1781667480,long,70.235,70.219823749661,STOP_LOSS_HARD,-75.88
L1,1781719800,1781719800,short,68.16,68.115,TAKE_PROFIT_HARD,225.0
L1,1781722800,1781722800,long,68.04,68.02482374966101,STOP_LOSS_HARD,-75.88
L1,1781724720,1781724720,short,68.345,68.365,STOP_LOSS_HARD,-100.0
L1,1781724840,1781724840,short,68.385,68.400176250339,STOP_LOSS_HARD,-75.88
L1,1781725680,1781725920,short,68.355,68.4,STOP_LOSS_HARD,-225.0
L1,1781753040,1781753040,short,69.07,69.02530594641519,TAKE_PROFIT_HARD,223.47
L1,1781761320,1781761380,short,68.42,68.435176250339,STOP_LOSS_HARD,-75.88
L1,1781788080,1781788080,long,66.285,66.269823749661,STOP_LOSS_HARD,-75.88
L1,1781828520,1781828760,short,64.22,64.1753059464152,TAKE_PROFIT_HARD,223.47
L1,1781831760,1781831820,long,63.5,63.484823749661,STOP_LOSS_HARD,-75.88
L1,1781837280,1781837280,short,64.2,64.235,STOP_LOSS_HARD,-175.0
L1,1781843040,1781843040,short,65.265,65.280176250339,STOP_LOSS_HARD,-75.88
L1,1782082080,1782082080,long,65.7,65.684823749661,STOP_LOSS_HARD,-75.88
L1,1782083880,1782083880,long,65.69,65.674823749661,STOP_LOSS_HARD,-75.88
L1,1782104040,1782104040,short,66.245,66.260176250339,STOP_LOSS_HARD,-75.88
L1,1782104400,1782104400,short,66.285,66.30017625033899,STOP_LOSS_HARD,-75.88
L1,1782110040,1782110400,long,66.51,66.49,STOP_LOSS_HARD,-100.0
L1,1782110640,1782110700,long,66.475,66.5196940535848,TAKE_PROFIT_HARD,223.47
L1,1782111720,1782111720,long,66.445,66.4896940535848,TAKE_PROFIT_HARD,223.47
L1,1782115800,1782115800,long,66.525,66.50982374966101,STOP_LOSS_HARD,-75.88
L1,1782116880,1782116880,long,66.465,66.44982374966101,STOP_LOSS_HARD,-75.88
L1,1782136560,1782136560,short,65.365,65.38017625033899,STOP_LOSS_HARD,-75.88
L1,1782153480,1782153540,long,65.04,65.095,TAKE_PROFIT_HARD,275.0
L1,1782153720,1782153780,long,65.065,65.049823749661,STOP_LOSS_HARD,-75.88
L1,1782156360,1782156420,long,65.09,65.135,TAKE_PROFIT_HARD,225.0
L1,1782157800,1782157800,long,65.02,65.004823749661,STOP_LOSS_HARD,-75.88
L1,1782162000,1782162000,long,65.02,65.004823749661,STOP_LOSS_HARD,-75.88
L1,1782171480,1782171480,long,63.05,63.025,STOP_LOSS_HARD,-125.0
L1,1782173520,1782173760,long,63.06,63.044823749661,STOP_LOSS_HARD,-75.88
L1,1782173880,1782173880,long,63.075,63.055,STOP_LOSS_HARD,-100.0
L1,1782192120,1782192120,short,62.33,62.345176250339,STOP_LOSS_HARD,-75.88
L1,1782226080,1782226080,long,61.425,61.409823749660994,STOP_LOSS_HARD,-75.88
L1,1782226440,1782226620,long,61.385,61.4296940535848,TAKE_PROFIT_HARD,223.47
L1,1782241440,1782241440,long,61.435,61.419823749661,STOP_LOSS_HARD,-75.88
L1,1782242040,1782242100,long,61.44,61.484694053584796,TAKE_PROFIT_HARD,223.47
L1,1782242280,1782242280,long,61.43,61.365,STOP_LOSS_HARD,-325.0
L1,1782253320,1782253320,long,61.44,61.424823749660995,STOP_LOSS_HARD,-75.88
L1,1782259080,1782259260,long,61.4,61.384823749660995,STOP_LOSS_HARD,-75.88
L1,1782276120,1782276300,long,61.42,61.404823749661,STOP_LOSS_HARD,-75.88
L1,1782276360,1782276360,long,61.375,61.34,STOP_LOSS_HARD,-175.0
L1,1782403800,1782404460,long,57.91,57.954694053584795,TAKE_PROFIT_HARD,223.47
L1,1782404880,1782404880,long,57.96,57.94,STOP_LOSS_HARD,-100.0
L1,1782405120,1782405300,long,57.94,57.905,STOP_LOSS_HARD,-175.0
L1,1782419520,1782419520,long,57.9,57.9446940535848,TAKE_PROFIT_HARD,223.47
L1,1782420000,1782420000,long,57.95,58.005,TAKE_PROFIT_HARD,275.0
L1,1782422520,1782422520,long,57.96,58.005,TAKE_PROFIT_HARD,225.0
L1,1782470400,1782470400,short,59.52,59.475305946415205,TAKE_PROFIT_HARD,223.47
L1,1782480120,1782480120,short,59.54,59.555176250339,STOP_LOSS_HARD,-75.88
L1,1782481800,1782481800,short,59.485,59.51,STOP_LOSS_HARD,-125.0
L1,1782482640,1782482700,short,59.49,59.4453059464152,TAKE_PROFIT_HARD,223.47
L1,1782483960,1782483960,short,59.485,59.500176250339,STOP_LOSS_HARD,-75.88
L1,1782484080,1782484140,short,59.505,59.520176250339006,STOP_LOSS_HARD,-75.88
